mtllib archer.mtl
o body
g body_leather
usemtl leather
v 0.06230 0.14400 0.04500
v -0.06230 0.15200 0.04500
v 0.06230 0.15200 0.04500
v -0.06230 0.14400 0.04500
v 0.06630 0.14400 -0.04100
v 0.06630 0.15200 0.04100
v 0.06630 0.15200 -0.04100
v 0.06630 0.14400 0.04100
v 0.06230 0.15600 -0.04100
v -0.06230 0.15600 0.04100
v -0.06230 0.15600 -0.04100
v 0.06230 0.15600 0.04100
v -0.06630 0.14400 0.04100
v -0.06630 0.15200 -0.04100
v -0.06630 0.15200 0.04100
v -0.06630 0.14400 -0.04100
v -0.06230 0.14400 -0.04500
v 0.06230 0.15200 -0.04500
v -0.06230 0.15200 -0.04500
v 0.06230 0.14400 -0.04500
v -0.06230 0.14000 0.04100
v -0.06630 0.14400 0.04100
v -0.06230 0.14400 0.04500
v -0.06230 0.15200 0.04500
v -0.06630 0.15200 0.04100
v -0.06230 0.15600 0.04100
v -0.06230 0.14000 -0.04100
v -0.06230 0.14400 -0.04500
v -0.06630 0.14400 -0.04100
v -0.06230 0.15600 -0.04100
v -0.06630 0.15200 -0.04100
v -0.06230 0.15200 -0.04500
v 0.06230 0.14000 0.04100
v 0.06230 0.14400 0.04500
v 0.06630 0.14400 0.04100
v 0.06230 0.15600 0.04100
v 0.06630 0.15200 0.04100
v 0.06230 0.15200 0.04500
v 0.06230 0.14000 -0.04100
v 0.06630 0.14400 -0.04100
v 0.06230 0.14400 -0.04500
v 0.06230 0.15600 -0.04100
v 0.06230 0.15200 -0.04500
v 0.06630 0.15200 -0.04100
v -0.06230 0.14000 -0.04100
v -0.06630 0.14400 0.04100
v -0.06230 0.14000 0.04100
v -0.06630 0.14400 -0.04100
v -0.06230 0.14400 0.04500
v -0.06630 0.15200 0.04100
v -0.06230 0.15200 0.04500
v -0.06630 0.14400 0.04100
v -0.06230 0.15600 0.04100
v -0.06630 0.15200 -0.04100
v -0.06230 0.15600 -0.04100
v -0.06630 0.15200 0.04100
v -0.06230 0.15200 -0.04500
v -0.06630 0.14400 -0.04100
v -0.06230 0.14400 -0.04500
v -0.06630 0.15200 -0.04100
v 0.06230 0.14000 -0.04100
v -0.06230 0.14400 -0.04500
v -0.06230 0.14000 -0.04100
v 0.06230 0.14400 -0.04500
v -0.06230 0.15600 -0.04100
v 0.06230 0.15200 -0.04500
v 0.06230 0.15600 -0.04100
v -0.06230 0.15200 -0.04500
v 0.06630 0.15200 -0.04100
v 0.06230 0.14400 -0.04500
v 0.06630 0.14400 -0.04100
v 0.06230 0.15200 -0.04500
v 0.06230 0.14000 0.04100
v 0.06630 0.14400 -0.04100
v 0.06230 0.14000 -0.04100
v 0.06630 0.14400 0.04100
v 0.06230 0.15600 -0.04100
v 0.06630 0.15200 0.04100
v 0.06230 0.15600 0.04100
v 0.06630 0.15200 -0.04100
v 0.06230 0.15200 0.04500
v 0.06630 0.14400 0.04100
v 0.06230 0.14400 0.04500
v 0.06630 0.15200 0.04100
v -0.06230 0.14000 0.04100
v 0.06230 0.14400 0.04500
v 0.06230 0.14000 0.04100
v -0.06230 0.14400 0.04500
v 0.06230 0.15600 0.04100
v -0.06230 0.15200 0.04500
v -0.06230 0.15600 0.04100
v 0.06230 0.15200 0.04500
v -0.06230 0.14000 -0.04100
v 0.06230 0.14000 0.04100
v 0.06230 0.14000 -0.04100
v -0.06230 0.14000 0.04100
v 0.06000 0.13000 -0.08800
v 0.03490 0.26985 -0.07400
v 0.01212 0.26156 -0.08800
v 0.08279 0.13829 -0.07400
v 0.08279 0.13829 -0.07400
v 0.03490 0.26985 -0.04600
v 0.03490 0.26985 -0.07400
v 0.08279 0.13829 -0.04600
v 0.08279 0.13829 -0.04600
v 0.01212 0.26156 -0.03200
v 0.03490 0.26985 -0.04600
v 0.06000 0.13000 -0.03200
v 0.06000 0.13000 -0.03200
v -0.01067 0.25326 -0.04600
v 0.01212 0.26156 -0.03200
v 0.03721 0.12171 -0.04600
v 0.03490 0.26985 -0.04600
v 0.01212 0.26156 -0.08800
v 0.03490 0.26985 -0.07400
v -0.01067 0.25326 -0.04600
v 0.01212 0.26156 -0.03200
v -0.01067 0.25326 -0.07400
v 0.03721 0.12171 -0.04600
v -0.01067 0.25326 -0.07400
v -0.01067 0.25326 -0.04600
v 0.03721 0.12171 -0.07400
v 0.03721 0.12171 -0.07400
v 0.01212 0.26156 -0.08800
v -0.01067 0.25326 -0.07400
v 0.06000 0.13000 -0.08800
v 0.03721 0.12171 -0.07400
v 0.08279 0.13829 -0.07400
v 0.06000 0.13000 -0.08800
v 0.06000 0.13000 -0.03200
v 0.03721 0.12171 -0.04600
v 0.08279 0.13829 -0.04600
v 0.00000 0.14420 0.03800
v 0.04560 0.24100 0.03800
v -0.04560 0.24100 0.03800
v -0.04560 0.24100 0.04800
v 0.04560 0.24100 0.04800
v 0.00000 0.14420 0.04800
v -0.04560 0.24100 0.03800
v -0.04560 0.24100 0.04800
v 0.00000 0.14420 0.03800
v 0.00000 0.14420 0.04800
v 0.00000 0.14420 0.03800
v 0.04560 0.24100 0.04800
v 0.04560 0.24100 0.03800
v 0.00000 0.14420 0.04800
v 0.04560 0.24100 0.03800
v -0.04560 0.24100 0.04800
v -0.04560 0.24100 0.03800
v 0.04560 0.24100 0.04800
v -0.01800 0.00800 0.04050
v -0.05200 0.02200 0.04050
v -0.01800 0.02200 0.04050
v -0.05200 0.00800 0.04050
v -0.01000 0.00800 -0.01650
v -0.01000 0.02200 0.03250
v -0.01000 0.02200 -0.01650
v -0.01000 0.00800 0.03250
v -0.01800 0.03000 -0.01650
v -0.05200 0.03000 0.03250
v -0.05200 0.03000 -0.01650
v -0.01800 0.03000 0.03250
v -0.06000 0.00800 0.03250
v -0.06000 0.02200 -0.01650
v -0.06000 0.02200 0.03250
v -0.06000 0.00800 -0.01650
v -0.05200 0.00800 -0.02450
v -0.01800 0.02200 -0.02450
v -0.05200 0.02200 -0.02450
v -0.01800 0.00800 -0.02450
v -0.05200 0.00000 0.03250
v -0.06000 0.00800 0.03250
v -0.05200 0.00800 0.04050
v -0.05200 0.02200 0.04050
v -0.06000 0.02200 0.03250
v -0.05200 0.03000 0.03250
v -0.05200 0.00000 -0.01650
v -0.05200 0.00800 -0.02450
v -0.06000 0.00800 -0.01650
v -0.05200 0.03000 -0.01650
v -0.06000 0.02200 -0.01650
v -0.05200 0.02200 -0.02450
v -0.01800 0.00000 0.03250
v -0.01800 0.00800 0.04050
v -0.01000 0.00800 0.03250
v -0.01800 0.03000 0.03250
v -0.01000 0.02200 0.03250
v -0.01800 0.02200 0.04050
v -0.01800 0.00000 -0.01650
v -0.01000 0.00800 -0.01650
v -0.01800 0.00800 -0.02450
v -0.01800 0.03000 -0.01650
v -0.01800 0.02200 -0.02450
v -0.01000 0.02200 -0.01650
v -0.05200 0.00000 -0.01650
v -0.06000 0.00800 0.03250
v -0.05200 0.00000 0.03250
v -0.06000 0.00800 -0.01650
v -0.05200 0.00800 0.04050
v -0.06000 0.02200 0.03250
v -0.05200 0.02200 0.04050
v -0.06000 0.00800 0.03250
v -0.05200 0.03000 0.03250
v -0.06000 0.02200 -0.01650
v -0.05200 0.03000 -0.01650
v -0.06000 0.02200 0.03250
v -0.05200 0.02200 -0.02450
v -0.06000 0.00800 -0.01650
v -0.05200 0.00800 -0.02450
v -0.06000 0.02200 -0.01650
v -0.01800 0.00000 -0.01650
v -0.05200 0.00800 -0.02450
v -0.05200 0.00000 -0.01650
v -0.01800 0.00800 -0.02450
v -0.05200 0.03000 -0.01650
v -0.01800 0.02200 -0.02450
v -0.01800 0.03000 -0.01650
v -0.05200 0.02200 -0.02450
v -0.01000 0.02200 -0.01650
v -0.01800 0.00800 -0.02450
v -0.01000 0.00800 -0.01650
v -0.01800 0.02200 -0.02450
v -0.01800 0.00000 0.03250
v -0.01000 0.00800 -0.01650
v -0.01800 0.00000 -0.01650
v -0.01000 0.00800 0.03250
v -0.01800 0.03000 -0.01650
v -0.01000 0.02200 0.03250
v -0.01800 0.03000 0.03250
v -0.01000 0.02200 -0.01650
v -0.01800 0.02200 0.04050
v -0.01000 0.00800 0.03250
v -0.01800 0.00800 0.04050
v -0.01000 0.02200 0.03250
v -0.05200 0.00000 0.03250
v -0.01800 0.00800 0.04050
v -0.01800 0.00000 0.03250
v -0.05200 0.00800 0.04050
v -0.01800 0.03000 0.03250
v -0.05200 0.02200 0.04050
v -0.05200 0.03000 0.03250
v -0.01800 0.02200 0.04050
v -0.05200 0.00000 -0.01650
v -0.01800 0.00000 0.03250
v -0.01800 0.00000 -0.01650
v -0.05200 0.00000 0.03250
v 0.05200 0.00800 0.04050
v 0.01800 0.02200 0.04050
v 0.05200 0.02200 0.04050
v 0.01800 0.00800 0.04050
v 0.06000 0.00800 -0.01650
v 0.06000 0.02200 0.03250
v 0.06000 0.02200 -0.01650
v 0.06000 0.00800 0.03250
v 0.05200 0.03000 -0.01650
v 0.01800 0.03000 0.03250
v 0.01800 0.03000 -0.01650
v 0.05200 0.03000 0.03250
v 0.01000 0.00800 0.03250
v 0.01000 0.02200 -0.01650
v 0.01000 0.02200 0.03250
v 0.01000 0.00800 -0.01650
v 0.01800 0.00800 -0.02450
v 0.05200 0.02200 -0.02450
v 0.01800 0.02200 -0.02450
v 0.05200 0.00800 -0.02450
v 0.01800 0.00000 0.03250
v 0.01000 0.00800 0.03250
v 0.01800 0.00800 0.04050
v 0.01800 0.02200 0.04050
v 0.01000 0.02200 0.03250
v 0.01800 0.03000 0.03250
v 0.01800 0.00000 -0.01650
v 0.01800 0.00800 -0.02450
v 0.01000 0.00800 -0.01650
v 0.01800 0.03000 -0.01650
v 0.01000 0.02200 -0.01650
v 0.01800 0.02200 -0.02450
v 0.05200 0.00000 0.03250
v 0.05200 0.00800 0.04050
v 0.06000 0.00800 0.03250
v 0.05200 0.03000 0.03250
v 0.06000 0.02200 0.03250
v 0.05200 0.02200 0.04050
v 0.05200 0.00000 -0.01650
v 0.06000 0.00800 -0.01650
v 0.05200 0.00800 -0.02450
v 0.05200 0.03000 -0.01650
v 0.05200 0.02200 -0.02450
v 0.06000 0.02200 -0.01650
v 0.01800 0.00000 -0.01650
v 0.01000 0.00800 0.03250
v 0.01800 0.00000 0.03250
v 0.01000 0.00800 -0.01650
v 0.01800 0.00800 0.04050
v 0.01000 0.02200 0.03250
v 0.01800 0.02200 0.04050
v 0.01000 0.00800 0.03250
v 0.01800 0.03000 0.03250
v 0.01000 0.02200 -0.01650
v 0.01800 0.03000 -0.01650
v 0.01000 0.02200 0.03250
v 0.01800 0.02200 -0.02450
v 0.01000 0.00800 -0.01650
v 0.01800 0.00800 -0.02450
v 0.01000 0.02200 -0.01650
v 0.05200 0.00000 -0.01650
v 0.01800 0.00800 -0.02450
v 0.01800 0.00000 -0.01650
v 0.05200 0.00800 -0.02450
v 0.01800 0.03000 -0.01650
v 0.05200 0.02200 -0.02450
v 0.05200 0.03000 -0.01650
v 0.01800 0.02200 -0.02450
v 0.06000 0.02200 -0.01650
v 0.05200 0.00800 -0.02450
v 0.06000 0.00800 -0.01650
v 0.05200 0.02200 -0.02450
v 0.05200 0.00000 0.03250
v 0.06000 0.00800 -0.01650
v 0.05200 0.00000 -0.01650
v 0.06000 0.00800 0.03250
v 0.05200 0.03000 -0.01650
v 0.06000 0.02200 0.03250
v 0.05200 0.03000 0.03250
v 0.06000 0.02200 -0.01650
v 0.05200 0.02200 0.04050
v 0.06000 0.00800 0.03250
v 0.05200 0.00800 0.04050
v 0.06000 0.02200 0.03250
v 0.01800 0.00000 0.03250
v 0.05200 0.00800 0.04050
v 0.05200 0.00000 0.03250
v 0.01800 0.00800 0.04050
v 0.05200 0.03000 0.03250
v 0.01800 0.02200 0.04050
v 0.01800 0.03000 0.03250
v 0.05200 0.02200 0.04050
v 0.01800 0.00000 -0.01650
v 0.05200 0.00000 0.03250
v 0.05200 0.00000 -0.01650
v 0.01800 0.00000 0.03250
v -0.04560 0.20580 0.03800
v -0.04195 0.18380 0.03800
v 0.04195 0.18380 0.03800
v 0.04560 0.20580 0.03800
v 0.01733 0.15168 0.03800
v 0.03192 0.16488 0.03800
v -0.01733 0.15168 0.03800
v -0.03192 0.16488 0.03800
v -0.04560 0.20580 0.04800
v 0.04560 0.20580 0.04800
v -0.03192 0.16488 0.04800
v -0.04195 0.18380 0.04800
v -0.01733 0.15168 0.04800
v 0.03192 0.16488 0.04800
v 0.04195 0.18380 0.04800
v 0.01733 0.15168 0.04800
v -0.04560 0.20580 0.04800
v -0.04560 0.20580 0.03800
v -0.04560 0.20580 0.03800
v -0.04195 0.18380 0.04800
v -0.04195 0.18380 0.03800
v -0.04560 0.20580 0.04800
v -0.04195 0.18380 0.03800
v -0.03192 0.16488 0.04800
v -0.03192 0.16488 0.03800
v -0.04195 0.18380 0.04800
v -0.03192 0.16488 0.03800
v -0.01733 0.15168 0.04800
v -0.01733 0.15168 0.03800
v -0.03192 0.16488 0.04800
v -0.01733 0.15168 0.03800
v -0.01733 0.15168 0.04800
v 0.01733 0.15168 0.04800
v 0.01733 0.15168 0.03800
v 0.01733 0.15168 0.03800
v 0.03192 0.16488 0.04800
v 0.03192 0.16488 0.03800
v 0.01733 0.15168 0.04800
v 0.03192 0.16488 0.03800
v 0.04195 0.18380 0.04800
v 0.04195 0.18380 0.03800
v 0.03192 0.16488 0.04800
v 0.04195 0.18380 0.03800
v 0.04560 0.20580 0.04800
v 0.04560 0.20580 0.03800
v 0.04195 0.18380 0.04800
v 0.04560 0.20580 0.03800
v 0.04560 0.20580 0.04800
vn -0.0000 -0.0000 1.0000
vn -0.0000 -0.0000 1.0000
vn -0.0000 -0.0000 1.0000
vn -0.0000 -0.0000 1.0000
vn 1.0000 0.0000 -0.0000
vn 1.0000 0.0000 -0.0000
vn 1.0000 0.0000 -0.0000
vn 1.0000 0.0000 -0.0000
vn 0.0000 1.0000 -0.0000
vn 0.0000 1.0000 -0.0000
vn 0.0000 1.0000 -0.0000
vn 0.0000 1.0000 -0.0000
vn -1.0000 0.0000 -0.0000
vn -1.0000 0.0000 -0.0000
vn -1.0000 0.0000 -0.0000
vn -1.0000 0.0000 -0.0000
vn 0.0000 0.0000 -1.0000
vn 0.0000 0.0000 -1.0000
vn 0.0000 0.0000 -1.0000
vn 0.0000 0.0000 -1.0000
vn -0.5774 -0.5774 0.5772
vn -0.5774 -0.5774 0.5772
vn -0.5774 -0.5774 0.5772
vn -0.5774 0.5773 0.5774
vn -0.5774 0.5773 0.5774
vn -0.5774 0.5773 0.5774
vn -0.5773 -0.5773 -0.5774
vn -0.5773 -0.5773 -0.5774
vn -0.5773 -0.5773 -0.5774
vn -0.5773 0.5773 -0.5775
vn -0.5773 0.5773 -0.5775
vn -0.5773 0.5773 -0.5775
vn 0.5774 -0.5774 0.5773
vn 0.5774 -0.5774 0.5773
vn 0.5774 -0.5774 0.5773
vn 0.5773 0.5773 0.5775
vn 0.5773 0.5773 0.5775
vn 0.5773 0.5773 0.5775
vn 0.5773 -0.5774 -0.5774
vn 0.5773 -0.5774 -0.5774
vn 0.5773 -0.5774 -0.5774
vn 0.5773 0.5773 -0.5774
vn 0.5773 0.5773 -0.5774
vn 0.5773 0.5773 -0.5774
vn -0.7071 -0.7071 -0.0001
vn -0.7071 -0.7071 -0.0001
vn -0.7071 -0.7071 -0.0001
vn -0.7071 -0.7071 -0.0001
vn -0.7071 -0.0000 0.7071
vn -0.7071 -0.0000 0.7071
vn -0.7071 -0.0000 0.7071
vn -0.7071 -0.0000 0.7071
vn -0.7071 0.7071 -0.0000
vn -0.7071 0.7071 -0.0000
vn -0.7071 0.7071 -0.0000
vn -0.7071 0.7071 -0.0000
vn -0.7071 0.0000 -0.7071
vn -0.7071 0.0000 -0.7071
vn -0.7071 0.0000 -0.7071
vn -0.7071 0.0000 -0.7071
vn 0.0000 -0.7071 -0.7071
vn 0.0000 -0.7071 -0.7071
vn 0.0000 -0.7071 -0.7071
vn 0.0000 -0.7071 -0.7071
vn 0.0000 0.7071 -0.7071
vn 0.0000 0.7071 -0.7071
vn 0.0000 0.7071 -0.7071
vn 0.0000 0.7071 -0.7071
vn 0.7071 0.0000 -0.7071
vn 0.7071 0.0000 -0.7071
vn 0.7071 0.0000 -0.7071
vn 0.7071 0.0000 -0.7071
vn 0.7071 -0.7071 -0.0000
vn 0.7071 -0.7071 -0.0000
vn 0.7071 -0.7071 -0.0000
vn 0.7071 -0.7071 -0.0000
vn 0.7071 0.7071 0.0000
vn 0.7071 0.7071 0.0000
vn 0.7071 0.7071 0.0000
vn 0.7071 0.7071 0.0000
vn 0.7071 -0.0000 0.7071
vn 0.7071 -0.0000 0.7071
vn 0.7071 -0.0000 0.7071
vn 0.7071 -0.0000 0.7071
vn -0.0000 -0.7071 0.7071
vn -0.0000 -0.7071 0.7071
vn -0.0000 -0.7071 0.7071
vn -0.0000 -0.7071 0.7071
vn -0.0000 0.7071 0.7071
vn -0.0000 0.7071 0.7071
vn -0.0000 0.7071 0.7071
vn -0.0000 0.7071 0.7071
vn 0.0000 -1.0000 -0.0000
vn 0.0000 -1.0000 -0.0000
vn 0.0000 -1.0000 -0.0000
vn 0.0000 -1.0000 -0.0000
vn 0.4699 0.1710 -0.8660
vn 0.4699 0.1710 -0.8660
vn 0.4699 0.1710 -0.8660
vn 0.4699 0.1710 -0.8660
vn 0.9397 0.3420 0.0001
vn 0.9397 0.3420 0.0001
vn 0.9397 0.3420 0.0001
vn 0.9397 0.3420 0.0001
vn 0.4698 0.1710 0.8661
vn 0.4698 0.1710 0.8661
vn 0.4698 0.1710 0.8661
vn 0.4698 0.1710 0.8661
vn -0.4698 -0.1711 0.8660
vn -0.4698 -0.1711 0.8660
vn -0.4698 -0.1711 0.8660
vn -0.4698 -0.1711 0.8660
vn -0.3420 0.9397 0.0000
vn -0.3420 0.9397 0.0000
vn -0.3420 0.9397 0.0000
vn -0.3420 0.9397 0.0000
vn -0.3420 0.9397 0.0000
vn -0.3420 0.9397 0.0000
vn -0.9397 -0.3420 -0.0000
vn -0.9397 -0.3420 -0.0000
vn -0.9397 -0.3420 -0.0000
vn -0.9397 -0.3420 -0.0000
vn -0.4698 -0.1710 -0.8661
vn -0.4698 -0.1710 -0.8661
vn -0.4698 -0.1710 -0.8661
vn -0.4698 -0.1710 -0.8661
vn 0.3420 -0.9397 0.0000
vn 0.3420 -0.9397 0.0000
vn 0.3420 -0.9397 0.0000
vn 0.3420 -0.9397 0.0000
vn 0.3420 -0.9397 0.0000
vn 0.3420 -0.9397 0.0000
vn 0.0000 0.0000 -1.0000
vn 0.0000 0.0000 -1.0000
vn 0.0000 0.0000 -1.0000
vn -0.0000 -0.0000 1.0000
vn -0.0000 -0.0000 1.0000
vn -0.0000 -0.0000 1.0000
vn -1.0000 0.0000 -0.0000
vn -1.0000 0.0000 -0.0000
vn -0.3963 -0.9181 -0.0001
vn -0.3963 -0.9181 -0.0001
vn 0.3963 -0.9181 -0.0000
vn 1.0000 0.0000 -0.0000
vn 1.0000 0.0000 -0.0000
vn 0.3963 -0.9181 -0.0000
vn 0.0000 1.0000 -0.0000
vn 0.0000 1.0000 -0.0000
vn 0.0000 1.0000 -0.0000
vn 0.0000 1.0000 -0.0000
vn -0.0000 -0.0000 1.0000
vn -0.0000 -0.0000 1.0000
vn -0.0000 -0.0000 1.0000
vn -0.0000 -0.0000 1.0000
vn 1.0000 0.0000 -0.0000
vn 1.0000 0.0000 -0.0000
vn 1.0000 0.0000 -0.0000
vn 1.0000 0.0000 -0.0000
vn 0.0000 1.0000 -0.0000
vn 0.0000 1.0000 -0.0000
vn 0.0000 1.0000 -0.0000
vn 0.0000 1.0000 -0.0000
vn -1.0000 0.0000 -0.0000
vn -1.0000 0.0000 -0.0000
vn -1.0000 0.0000 -0.0000
vn -1.0000 0.0000 -0.0000
vn 0.0000 0.0000 -1.0000
vn 0.0000 0.0000 -1.0000
vn 0.0000 0.0000 -1.0000
vn 0.0000 0.0000 -1.0000
vn -0.5774 -0.5774 0.5772
vn -0.5774 -0.5774 0.5772
vn -0.5774 -0.5774 0.5772
vn -0.5774 0.5774 0.5773
vn -0.5774 0.5774 0.5773
vn -0.5774 0.5774 0.5773
vn -0.5773 -0.5773 -0.5774
vn -0.5773 -0.5773 -0.5774
vn -0.5773 -0.5773 -0.5774
vn -0.5774 0.5773 -0.5774
vn -0.5774 0.5773 -0.5774
vn -0.5774 0.5773 -0.5774
vn 0.5774 -0.5774 0.5773
vn 0.5774 -0.5774 0.5773
vn 0.5774 -0.5774 0.5773
vn 0.5774 0.5774 0.5774
vn 0.5774 0.5774 0.5774
vn 0.5774 0.5774 0.5774
vn 0.5773 -0.5774 -0.5774
vn 0.5773 -0.5774 -0.5774
vn 0.5773 -0.5774 -0.5774
vn 0.5774 0.5774 -0.5773
vn 0.5774 0.5774 -0.5773
vn 0.5774 0.5774 -0.5773
vn -0.7071 -0.7071 -0.0001
vn -0.7071 -0.7071 -0.0001
vn -0.7071 -0.7071 -0.0001
vn -0.7071 -0.7071 -0.0001
vn -0.7071 -0.0000 0.7071
vn -0.7071 -0.0000 0.7071
vn -0.7071 -0.0000 0.7071
vn -0.7071 -0.0000 0.7071
vn -0.7071 0.7071 -0.0000
vn -0.7071 0.7071 -0.0000
vn -0.7071 0.7071 -0.0000
vn -0.7071 0.7071 -0.0000
vn -0.7071 0.0000 -0.7071
vn -0.7071 0.0000 -0.7071
vn -0.7071 0.0000 -0.7071
vn -0.7071 0.0000 -0.7071
vn 0.0000 -0.7071 -0.7071
vn 0.0000 -0.7071 -0.7071
vn 0.0000 -0.7071 -0.7071
vn 0.0000 -0.7071 -0.7071
vn 0.0000 0.7071 -0.7071
vn 0.0000 0.7071 -0.7071
vn 0.0000 0.7071 -0.7071
vn 0.0000 0.7071 -0.7071
vn 0.7071 0.0000 -0.7071
vn 0.7071 0.0000 -0.7071
vn 0.7071 0.0000 -0.7071
vn 0.7071 0.0000 -0.7071
vn 0.7071 -0.7071 -0.0000
vn 0.7071 -0.7071 -0.0000
vn 0.7071 -0.7071 -0.0000
vn 0.7071 -0.7071 -0.0000
vn 0.7071 0.7071 0.0000
vn 0.7071 0.7071 0.0000
vn 0.7071 0.7071 0.0000
vn 0.7071 0.7071 0.0000
vn 0.7071 -0.0000 0.7071
vn 0.7071 -0.0000 0.7071
vn 0.7071 -0.0000 0.7071
vn 0.7071 -0.0000 0.7071
vn -0.0000 -0.7071 0.7071
vn -0.0000 -0.7071 0.7071
vn -0.0000 -0.7071 0.7071
vn -0.0000 -0.7071 0.7071
vn -0.0000 0.7071 0.7071
vn -0.0000 0.7071 0.7071
vn -0.0000 0.7071 0.7071
vn -0.0000 0.7071 0.7071
vn 0.0000 -1.0000 -0.0000
vn 0.0000 -1.0000 -0.0000
vn 0.0000 -1.0000 -0.0000
vn 0.0000 -1.0000 -0.0000
vn -0.0000 -0.0000 1.0000
vn -0.0000 -0.0000 1.0000
vn -0.0000 -0.0000 1.0000
vn -0.0000 -0.0000 1.0000
vn 1.0000 0.0000 -0.0000
vn 1.0000 0.0000 -0.0000
vn 1.0000 0.0000 -0.0000
vn 1.0000 0.0000 -0.0000
vn 0.0000 1.0000 -0.0000
vn 0.0000 1.0000 -0.0000
vn 0.0000 1.0000 -0.0000
vn 0.0000 1.0000 -0.0000
vn -1.0000 0.0000 -0.0000
vn -1.0000 0.0000 -0.0000
vn -1.0000 0.0000 -0.0000
vn -1.0000 0.0000 -0.0000
vn 0.0000 0.0000 -1.0000
vn 0.0000 0.0000 -1.0000
vn 0.0000 0.0000 -1.0000
vn 0.0000 0.0000 -1.0000
vn -0.5774 -0.5774 0.5772
vn -0.5774 -0.5774 0.5772
vn -0.5774 -0.5774 0.5772
vn -0.5774 0.5774 0.5773
vn -0.5774 0.5774 0.5773
vn -0.5774 0.5774 0.5773
vn -0.5773 -0.5773 -0.5774
vn -0.5773 -0.5773 -0.5774
vn -0.5773 -0.5773 -0.5774
vn -0.5774 0.5773 -0.5774
vn -0.5774 0.5773 -0.5774
vn -0.5774 0.5773 -0.5774
vn 0.5774 -0.5774 0.5773
vn 0.5774 -0.5774 0.5773
vn 0.5774 -0.5774 0.5773
vn 0.5774 0.5774 0.5774
vn 0.5774 0.5774 0.5774
vn 0.5774 0.5774 0.5774
vn 0.5773 -0.5774 -0.5774
vn 0.5773 -0.5774 -0.5774
vn 0.5773 -0.5774 -0.5774
vn 0.5774 0.5774 -0.5773
vn 0.5774 0.5774 -0.5773
vn 0.5774 0.5774 -0.5773
vn -0.7071 -0.7071 -0.0001
vn -0.7071 -0.7071 -0.0001
vn -0.7071 -0.7071 -0.0001
vn -0.7071 -0.7071 -0.0001
vn -0.7071 -0.0000 0.7071
vn -0.7071 -0.0000 0.7071
vn -0.7071 -0.0000 0.7071
vn -0.7071 -0.0000 0.7071
vn -0.7071 0.7071 -0.0000
vn -0.7071 0.7071 -0.0000
vn -0.7071 0.7071 -0.0000
vn -0.7071 0.7071 -0.0000
vn -0.7071 0.0000 -0.7071
vn -0.7071 0.0000 -0.7071
vn -0.7071 0.0000 -0.7071
vn -0.7071 0.0000 -0.7071
vn 0.0000 -0.7071 -0.7071
vn 0.0000 -0.7071 -0.7071
vn 0.0000 -0.7071 -0.7071
vn 0.0000 -0.7071 -0.7071
vn 0.0000 0.7071 -0.7071
vn 0.0000 0.7071 -0.7071
vn 0.0000 0.7071 -0.7071
vn 0.0000 0.7071 -0.7071
vn 0.7071 0.0000 -0.7071
vn 0.7071 0.0000 -0.7071
vn 0.7071 0.0000 -0.7071
vn 0.7071 0.0000 -0.7071
vn 0.7071 -0.7071 -0.0000
vn 0.7071 -0.7071 -0.0000
vn 0.7071 -0.7071 -0.0000
vn 0.7071 -0.7071 -0.0000
vn 0.7071 0.7071 0.0000
vn 0.7071 0.7071 0.0000
vn 0.7071 0.7071 0.0000
vn 0.7071 0.7071 0.0000
vn 0.7071 -0.0000 0.7071
vn 0.7071 -0.0000 0.7071
vn 0.7071 -0.0000 0.7071
vn 0.7071 -0.0000 0.7071
vn -0.0000 -0.7071 0.7071
vn -0.0000 -0.7071 0.7071
vn -0.0000 -0.7071 0.7071
vn -0.0000 -0.7071 0.7071
vn -0.0000 0.7071 0.7071
vn -0.0000 0.7071 0.7071
vn -0.0000 0.7071 0.7071
vn -0.0000 0.7071 0.7071
vn 0.0000 -1.0000 -0.0000
vn 0.0000 -1.0000 -0.0000
vn 0.0000 -1.0000 -0.0000
vn 0.0000 -1.0000 -0.0000
vn 0.0000 0.0000 -1.0000
vn 0.0000 0.0000 -1.0000
vn 0.0000 0.0000 -1.0000
vn 0.0000 0.0000 -1.0000
vn 0.0000 0.0000 -1.0000
vn 0.0000 0.0000 -1.0000
vn 0.0000 0.0000 -1.0000
vn 0.0000 0.0000 -1.0000
vn -0.0000 -0.0000 1.0000
vn -0.0000 -0.0000 1.0000
vn -0.0000 -0.0000 1.0000
vn -0.0000 -0.0000 1.0000
vn -0.0000 -0.0000 1.0000
vn -0.0000 -0.0000 1.0000
vn -0.0000 -0.0000 1.0000
vn -0.0000 -0.0000 1.0000
vn -1.0000 0.0000 -0.0000
vn -1.0000 0.0000 -0.0000
vn -0.9865 -0.1636 -0.0000
vn -0.9865 -0.1636 -0.0000
vn -0.9865 -0.1636 -0.0000
vn -0.9865 -0.1636 -0.0000
vn -0.8835 -0.4685 -0.0001
vn -0.8835 -0.4685 -0.0001
vn -0.8835 -0.4685 -0.0001
vn -0.8835 -0.4685 -0.0001
vn -0.6708 -0.7416 -0.0000
vn -0.6708 -0.7416 -0.0000
vn -0.6708 -0.7416 -0.0000
vn -0.6708 -0.7416 -0.0000
vn -0.3963 -0.9181 -0.0001
vn -0.3963 -0.9181 -0.0001
vn 0.3963 -0.9181 -0.0000
vn 0.3963 -0.9181 -0.0000
vn 0.6708 -0.7417 0.0000
vn 0.6708 -0.7417 0.0000
vn 0.6708 -0.7417 0.0000
vn 0.6708 -0.7417 0.0000
vn 0.8835 -0.4685 -0.0000
vn 0.8835 -0.4685 -0.0000
vn 0.8835 -0.4685 -0.0000
vn 0.8835 -0.4685 -0.0000
vn 0.9865 -0.1636 0.0000
vn 0.9865 -0.1636 0.0000
vn 0.9865 -0.1636 0.0000
vn 0.9865 -0.1636 0.0000
vn 1.0000 0.0000 -0.0000
vn 1.0000 0.0000 -0.0000
f 151//151 153//153 152//152
f 151//151 152//152 154//154
f 155//155 157//157 156//156
f 155//155 156//156 158//158
f 159//159 161//161 160//160
f 159//159 160//160 162//162
f 163//163 165//165 164//164
f 163//163 164//164 166//166
f 167//167 169//169 168//168
f 167//167 168//168 170//170
f 171//171 173//173 172//172
f 174//174 176//176 175//175
f 177//177 179//179 178//178
f 180//180 182//182 181//181
f 183//183 185//185 184//184
f 186//186 188//188 187//187
f 189//189 191//191 190//190
f 192//192 194//194 193//193
f 195//195 197//197 196//196
f 195//195 196//196 198//198
f 199//199 201//201 200//200
f 199//199 200//200 202//202
f 203//203 205//205 204//204
f 203//203 204//204 206//206
f 207//207 209//209 208//208
f 207//207 208//208 210//210
f 211//211 213//213 212//212
f 211//211 212//212 214//214
f 215//215 217//217 216//216
f 215//215 216//216 218//218
f 219//219 221//221 220//220
f 219//219 220//220 222//222
f 223//223 225//225 224//224
f 223//223 224//224 226//226
f 227//227 229//229 228//228
f 227//227 228//228 230//230
f 231//231 233//233 232//232
f 231//231 232//232 234//234
f 235//235 237//237 236//236
f 235//235 236//236 238//238
f 239//239 241//241 240//240
f 239//239 240//240 242//242
f 243//243 245//245 244//244
f 243//243 244//244 246//246
f 247//247 249//249 248//248
f 247//247 248//248 250//250
f 251//251 253//253 252//252
f 251//251 252//252 254//254
f 255//255 257//257 256//256
f 255//255 256//256 258//258
f 259//259 261//261 260//260
f 259//259 260//260 262//262
f 263//263 265//265 264//264
f 263//263 264//264 266//266
f 267//267 269//269 268//268
f 270//270 272//272 271//271
f 273//273 275//275 274//274
f 276//276 278//278 277//277
f 279//279 281//281 280//280
f 282//282 284//284 283//283
f 285//285 287//287 286//286
f 288//288 290//290 289//289
f 291//291 293//293 292//292
f 291//291 292//292 294//294
f 295//295 297//297 296//296
f 295//295 296//296 298//298
f 299//299 301//301 300//300
f 299//299 300//300 302//302
f 303//303 305//305 304//304
f 303//303 304//304 306//306
f 307//307 309//309 308//308
f 307//307 308//308 310//310
f 311//311 313//313 312//312
f 311//311 312//312 314//314
f 315//315 317//317 316//316
f 315//315 316//316 318//318
f 319//319 321//321 320//320
f 319//319 320//320 322//322
f 323//323 325//325 324//324
f 323//323 324//324 326//326
f 327//327 329//329 328//328
f 327//327 328//328 330//330
f 331//331 333//333 332//332
f 331//331 332//332 334//334
f 335//335 337//337 336//336
f 335//335 336//336 338//338
f 339//339 341//341 340//340
f 339//339 340//340 342//342
f 1//1 3//3 2//2
f 1//1 2//2 4//4
f 5//5 7//7 6//6
f 5//5 6//6 8//8
f 9//9 11//11 10//10
f 9//9 10//10 12//12
f 13//13 15//15 14//14
f 13//13 14//14 16//16
f 17//17 19//19 18//18
f 17//17 18//18 20//20
f 21//21 23//23 22//22
f 24//24 26//26 25//25
f 27//27 29//29 28//28
f 30//30 32//32 31//31
f 33//33 35//35 34//34
f 36//36 38//38 37//37
f 39//39 41//41 40//40
f 42//42 44//44 43//43
f 45//45 47//47 46//46
f 45//45 46//46 48//48
f 49//49 51//51 50//50
f 49//49 50//50 52//52
f 53//53 55//55 54//54
f 53//53 54//54 56//56
f 57//57 59//59 58//58
f 57//57 58//58 60//60
f 61//61 63//63 62//62
f 61//61 62//62 64//64
f 65//65 67//67 66//66
f 65//65 66//66 68//68
f 69//69 71//71 70//70
f 69//69 70//70 72//72
f 73//73 75//75 74//74
f 73//73 74//74 76//76
f 77//77 79//79 78//78
f 77//77 78//78 80//80
f 81//81 83//83 82//82
f 81//81 82//82 84//84
f 85//85 87//87 86//86
f 85//85 86//86 88//88
f 89//89 91//91 90//90
f 89//89 90//90 92//92
f 93//93 95//95 94//94
f 93//93 94//94 96//96
f 97//97 99//99 98//98
f 97//97 98//98 100//100
f 101//101 103//103 102//102
f 101//101 102//102 104//104
f 105//105 107//107 106//106
f 105//105 106//106 108//108
f 109//109 111//111 110//110
f 109//109 110//110 112//112
f 113//113 115//115 114//114
f 114//114 116//116 113//113
f 116//116 117//117 113//113
f 114//114 118//118 116//116
f 119//119 121//121 120//120
f 119//119 120//120 122//122
f 123//123 125//125 124//124
f 123//123 124//124 126//126
f 127//127 129//129 128//128
f 128//128 130//130 127//127
f 130//130 131//131 127//127
f 128//128 132//132 130//130
f 343//343 135//135 134//134
f 344//344 343//343 134//134
f 134//134 346//346 345//345
f 134//134 345//345 347//347
f 134//134 347//347 344//344
f 345//345 348//348 347//347
f 347//347 349//349 344//344
f 349//349 350//350 344//344
f 347//347 133//133 349//349
f 137//137 136//136 351//351
f 352//352 137//137 351//351
f 351//351 354//354 353//353
f 351//351 353//353 138//138
f 351//351 138//138 352//352
f 353//353 355//355 138//138
f 138//138 356//356 352//352
f 356//356 357//357 352//352
f 138//138 358//358 356//356
f 139//139 360//360 359//359
f 139//139 359//359 140//140
f 361//361 363//363 362//362
f 361//361 362//362 364//364
f 365//365 367//367 366//366
f 365//365 366//366 368//368
f 369//369 371//371 370//370
f 369//369 370//370 372//372
f 373//373 141//141 142//142
f 373//373 142//142 374//374
f 143//143 376//376 375//375
f 143//143 375//375 146//146
f 377//377 379//379 378//378
f 377//377 378//378 380//380
f 381//381 383//383 382//382
f 381//381 382//382 384//384
f 385//385 387//387 386//386
f 385//385 386//386 388//388
f 389//389 145//145 144//144
f 389//389 144//144 390//390
f 147//147 149//149 148//148
f 147//147 148//148 150//150
g body_cloth_dark
usemtl cloth_dark
v -0.01900 0.03100 0.02300
v -0.04900 0.12900 0.02300
v -0.01900 0.12900 0.02300
v -0.04900 0.03100 0.02300
v -0.01300 0.03100 -0.01700
v -0.01300 0.12900 0.01700
v -0.01300 0.12900 -0.01700
v -0.01300 0.03100 0.01700
v -0.01900 0.13500 -0.01700
v -0.04900 0.13500 0.01700
v -0.04900 0.13500 -0.01700
v -0.01900 0.13500 0.01700
v -0.05500 0.03100 0.01700
v -0.05500 0.12900 -0.01700
v -0.05500 0.12900 0.01700
v -0.05500 0.03100 -0.01700
v -0.04900 0.03100 -0.02300
v -0.01900 0.12900 -0.02300
v -0.04900 0.12900 -0.02300
v -0.01900 0.03100 -0.02300
v -0.04900 0.02500 0.01700
v -0.05500 0.03100 0.01700
v -0.04900 0.03100 0.02300
v -0.04900 0.12900 0.02300
v -0.05500 0.12900 0.01700
v -0.04900 0.13500 0.01700
v -0.04900 0.02500 -0.01700
v -0.04900 0.03100 -0.02300
v -0.05500 0.03100 -0.01700
v -0.04900 0.13500 -0.01700
v -0.05500 0.12900 -0.01700
v -0.04900 0.12900 -0.02300
v -0.01900 0.02500 0.01700
v -0.01900 0.03100 0.02300
v -0.01300 0.03100 0.01700
v -0.01900 0.13500 0.01700
v -0.01300 0.12900 0.01700
v -0.01900 0.12900 0.02300
v -0.01900 0.02500 -0.01700
v -0.01300 0.03100 -0.01700
v -0.01900 0.03100 -0.02300
v -0.01900 0.13500 -0.01700
v -0.01900 0.12900 -0.02300
v -0.01300 0.12900 -0.01700
v -0.04900 0.02500 -0.01700
v -0.05500 0.03100 0.01700
v -0.04900 0.02500 0.01700
v -0.05500 0.03100 -0.01700
v -0.04900 0.03100 0.02300
v -0.05500 0.12900 0.01700
v -0.04900 0.12900 0.02300
v -0.05500 0.03100 0.01700
v -0.04900 0.13500 0.01700
v -0.05500 0.12900 -0.01700
v -0.04900 0.13500 -0.01700
v -0.05500 0.12900 0.01700
v -0.04900 0.12900 -0.02300
v -0.05500 0.03100 -0.01700
v -0.04900 0.03100 -0.02300
v -0.05500 0.12900 -0.01700
v -0.01900 0.02500 -0.01700
v -0.04900 0.03100 -0.02300
v -0.04900 0.02500 -0.01700
v -0.01900 0.03100 -0.02300
v -0.04900 0.13500 -0.01700
v -0.01900 0.12900 -0.02300
v -0.01900 0.13500 -0.01700
v -0.04900 0.12900 -0.02300
v -0.01300 0.12900 -0.01700
v -0.01900 0.03100 -0.02300
v -0.01300 0.03100 -0.01700
v -0.01900 0.12900 -0.02300
v -0.01900 0.02500 0.01700
v -0.01300 0.03100 -0.01700
v -0.01900 0.02500 -0.01700
v -0.01300 0.03100 0.01700
v -0.01900 0.13500 -0.01700
v -0.01300 0.12900 0.01700
v -0.01900 0.13500 0.01700
v -0.01300 0.12900 -0.01700
v -0.01900 0.12900 0.02300
v -0.01300 0.03100 0.01700
v -0.01900 0.03100 0.02300
v -0.01300 0.12900 0.01700
v -0.04900 0.02500 0.01700
v -0.01900 0.03100 0.02300
v -0.01900 0.02500 0.01700
v -0.04900 0.03100 0.02300
v -0.01900 0.13500 0.01700
v -0.04900 0.12900 0.02300
v -0.04900 0.13500 0.01700
v -0.01900 0.12900 0.02300
v -0.04900 0.02500 -0.01700
v -0.01900 0.02500 0.01700
v -0.01900 0.02500 -0.01700
v -0.04900 0.02500 0.01700
v 0.04900 0.03100 0.02300
v 0.01900 0.12900 0.02300
v 0.04900 0.12900 0.02300
v 0.01900 0.03100 0.02300
v 0.05500 0.03100 -0.01700
v 0.05500 0.12900 0.01700
v 0.05500 0.12900 -0.01700
v 0.05500 0.03100 0.01700
v 0.04900 0.13500 -0.01700
v 0.01900 0.13500 0.01700
v 0.01900 0.13500 -0.01700
v 0.04900 0.13500 0.01700
v 0.01300 0.03100 0.01700
v 0.01300 0.12900 -0.01700
v 0.01300 0.12900 0.01700
v 0.01300 0.03100 -0.01700
v 0.01900 0.03100 -0.02300
v 0.04900 0.12900 -0.02300
v 0.01900 0.12900 -0.02300
v 0.04900 0.03100 -0.02300
v 0.01900 0.02500 0.01700
v 0.01300 0.03100 0.01700
v 0.01900 0.03100 0.02300
v 0.01900 0.12900 0.02300
v 0.01300 0.12900 0.01700
v 0.01900 0.13500 0.01700
v 0.01900 0.02500 -0.01700
v 0.01900 0.03100 -0.02300
v 0.01300 0.03100 -0.01700
v 0.01900 0.13500 -0.01700
v 0.01300 0.12900 -0.01700
v 0.01900 0.12900 -0.02300
v 0.04900 0.02500 0.01700
v 0.04900 0.03100 0.02300
v 0.05500 0.03100 0.01700
v 0.04900 0.13500 0.01700
v 0.05500 0.12900 0.01700
v 0.04900 0.12900 0.02300
v 0.04900 0.02500 -0.01700
v 0.05500 0.03100 -0.01700
v 0.04900 0.03100 -0.02300
v 0.04900 0.13500 -0.01700
v 0.04900 0.12900 -0.02300
v 0.05500 0.12900 -0.01700
v 0.01900 0.02500 -0.01700
v 0.01300 0.03100 0.01700
v 0.01900 0.02500 0.01700
v 0.01300 0.03100 -0.01700
v 0.01900 0.03100 0.02300
v 0.01300 0.12900 0.01700
v 0.01900 0.12900 0.02300
v 0.01300 0.03100 0.01700
v 0.01900 0.13500 0.01700
v 0.01300 0.12900 -0.01700
v 0.01900 0.13500 -0.01700
v 0.01300 0.12900 0.01700
v 0.01900 0.12900 -0.02300
v 0.01300 0.03100 -0.01700
v 0.01900 0.03100 -0.02300
v 0.01300 0.12900 -0.01700
v 0.04900 0.02500 -0.01700
v 0.01900 0.03100 -0.02300
v 0.01900 0.02500 -0.01700
v 0.04900 0.03100 -0.02300
v 0.01900 0.13500 -0.01700
v 0.04900 0.12900 -0.02300
v 0.04900 0.13500 -0.01700
v 0.01900 0.12900 -0.02300
v 0.05500 0.12900 -0.01700
v 0.04900 0.03100 -0.02300
v 0.05500 0.03100 -0.01700
v 0.04900 0.12900 -0.02300
v 0.04900 0.02500 0.01700
v 0.05500 0.03100 -0.01700
v 0.04900 0.02500 -0.01700
v 0.05500 0.03100 0.01700
v 0.04900 0.13500 -0.01700
v 0.05500 0.12900 0.01700
v 0.04900 0.13500 0.01700
v 0.05500 0.12900 -0.01700
v 0.04900 0.12900 0.02300
v 0.05500 0.03100 0.01700
v 0.04900 0.03100 0.02300
v 0.05500 0.12900 0.01700
v 0.01900 0.02500 0.01700
v 0.04900 0.03100 0.02300
v 0.04900 0.02500 0.01700
v 0.01900 0.03100 0.02300
v 0.04900 0.13500 0.01700
v 0.01900 0.12900 0.02300
v 0.01900 0.13500 0.01700
v 0.04900 0.12900 0.02300
v 0.01900 0.02500 -0.01700
v 0.04900 0.02500 0.01700
v 0.04900 0.02500 -0.01700
v 0.01900 0.02500 0.01700
vn -0.0000 -0.0000 1.0000
vn -0.0000 -0.0000 1.0000
vn -0.0000 -0.0000 1.0000
vn -0.0000 -0.0000 1.0000
vn 1.0000 0.0000 -0.0000
vn 1.0000 0.0000 -0.0000
vn 1.0000 0.0000 -0.0000
vn 1.0000 0.0000 -0.0000
vn 0.0000 1.0000 -0.0000
vn 0.0000 1.0000 -0.0000
vn 0.0000 1.0000 -0.0000
vn 0.0000 1.0000 -0.0000
vn -1.0000 0.0000 -0.0000
vn -1.0000 0.0000 -0.0000
vn -1.0000 0.0000 -0.0000
vn -1.0000 0.0000 -0.0000
vn 0.0000 0.0000 -1.0000
vn 0.0000 0.0000 -1.0000
vn 0.0000 0.0000 -1.0000
vn 0.0000 0.0000 -1.0000
vn -0.5774 -0.5774 0.5772
vn -0.5774 -0.5774 0.5772
vn -0.5774 -0.5774 0.5772
vn -0.5773 0.5774 0.5774
vn -0.5773 0.5774 0.5774
vn -0.5773 0.5774 0.5774
vn -0.5773 -0.5773 -0.5774
vn -0.5773 -0.5773 -0.5774
vn -0.5773 -0.5773 -0.5774
vn -0.5773 0.5774 -0.5774
vn -0.5773 0.5774 -0.5774
vn -0.5773 0.5774 -0.5774
vn 0.5774 -0.5774 0.5773
vn 0.5774 -0.5774 0.5773
vn 0.5774 -0.5774 0.5773
vn 0.5772 0.5774 0.5775
vn 0.5772 0.5774 0.5775
vn 0.5772 0.5774 0.5775
vn 0.5773 -0.5774 -0.5774
vn 0.5773 -0.5774 -0.5774
vn 0.5773 -0.5774 -0.5774
vn 0.5773 0.5774 -0.5773
vn 0.5773 0.5774 -0.5773
vn 0.5773 0.5774 -0.5773
vn -0.7071 -0.7071 -0.0001
vn -0.7071 -0.7071 -0.0001
vn -0.7071 -0.7071 -0.0001
vn -0.7071 -0.7071 -0.0001
vn -0.7071 -0.0000 0.7071
vn -0.7071 -0.0000 0.7071
vn -0.7071 -0.0000 0.7071
vn -0.7071 -0.0000 0.7071
vn -0.7071 0.7071 -0.0000
vn -0.7071 0.7071 -0.0000
vn -0.7071 0.7071 -0.0000
vn -0.7071 0.7071 -0.0000
vn -0.7071 0.0000 -0.7071
vn -0.7071 0.0000 -0.7071
vn -0.7071 0.0000 -0.7071
vn -0.7071 0.0000 -0.7071
vn 0.0000 -0.7071 -0.7071
vn 0.0000 -0.7071 -0.7071
vn 0.0000 -0.7071 -0.7071
vn 0.0000 -0.7071 -0.7071
vn 0.0000 0.7071 -0.7071
vn 0.0000 0.7071 -0.7071
vn 0.0000 0.7071 -0.7071
vn 0.0000 0.7071 -0.7071
vn 0.7071 0.0000 -0.7071
vn 0.7071 0.0000 -0.7071
vn 0.7071 0.0000 -0.7071
vn 0.7071 0.0000 -0.7071
vn 0.7071 -0.7071 -0.0000
vn 0.7071 -0.7071 -0.0000
vn 0.7071 -0.7071 -0.0000
vn 0.7071 -0.7071 -0.0000
vn 0.7071 0.7071 0.0000
vn 0.7071 0.7071 0.0000
vn 0.7071 0.7071 0.0000
vn 0.7071 0.7071 0.0000
vn 0.7071 -0.0000 0.7071
vn 0.7071 -0.0000 0.7071
vn 0.7071 -0.0000 0.7071
vn 0.7071 -0.0000 0.7071
vn -0.0000 -0.7071 0.7071
vn -0.0000 -0.7071 0.7071
vn -0.0000 -0.7071 0.7071
vn -0.0000 -0.7071 0.7071
vn -0.0000 0.7071 0.7071
vn -0.0000 0.7071 0.7071
vn -0.0000 0.7071 0.7071
vn -0.0000 0.7071 0.7071
vn 0.0000 -1.0000 -0.0000
vn 0.0000 -1.0000 -0.0000
vn 0.0000 -1.0000 -0.0000
vn 0.0000 -1.0000 -0.0000
vn -0.0000 -0.0000 1.0000
vn -0.0000 -0.0000 1.0000
vn -0.0000 -0.0000 1.0000
vn -0.0000 -0.0000 1.0000
vn 1.0000 0.0000 -0.0000
vn 1.0000 0.0000 -0.0000
vn 1.0000 0.0000 -0.0000
vn 1.0000 0.0000 -0.0000
vn 0.0000 1.0000 -0.0000
vn 0.0000 1.0000 -0.0000
vn 0.0000 1.0000 -0.0000
vn 0.0000 1.0000 -0.0000
vn -1.0000 0.0000 -0.0000
vn -1.0000 0.0000 -0.0000
vn -1.0000 0.0000 -0.0000
vn -1.0000 0.0000 -0.0000
vn 0.0000 0.0000 -1.0000
vn 0.0000 0.0000 -1.0000
vn 0.0000 0.0000 -1.0000
vn 0.0000 0.0000 -1.0000
vn -0.5774 -0.5774 0.5772
vn -0.5774 -0.5774 0.5772
vn -0.5774 -0.5774 0.5772
vn -0.5773 0.5774 0.5774
vn -0.5773 0.5774 0.5774
vn -0.5773 0.5774 0.5774
vn -0.5773 -0.5773 -0.5774
vn -0.5773 -0.5773 -0.5774
vn -0.5773 -0.5773 -0.5774
vn -0.5773 0.5774 -0.5774
vn -0.5773 0.5774 -0.5774
vn -0.5773 0.5774 -0.5774
vn 0.5774 -0.5774 0.5773
vn 0.5774 -0.5774 0.5773
vn 0.5774 -0.5774 0.5773
vn 0.5772 0.5774 0.5775
vn 0.5772 0.5774 0.5775
vn 0.5772 0.5774 0.5775
vn 0.5773 -0.5774 -0.5774
vn 0.5773 -0.5774 -0.5774
vn 0.5773 -0.5774 -0.5774
vn 0.5773 0.5774 -0.5773
vn 0.5773 0.5774 -0.5773
vn 0.5773 0.5774 -0.5773
vn -0.7071 -0.7071 -0.0001
vn -0.7071 -0.7071 -0.0001
vn -0.7071 -0.7071 -0.0001
vn -0.7071 -0.7071 -0.0001
vn -0.7071 -0.0000 0.7071
vn -0.7071 -0.0000 0.7071
vn -0.7071 -0.0000 0.7071
vn -0.7071 -0.0000 0.7071
vn -0.7071 0.7071 -0.0000
vn -0.7071 0.7071 -0.0000
vn -0.7071 0.7071 -0.0000
vn -0.7071 0.7071 -0.0000
vn -0.7071 0.0000 -0.7071
vn -0.7071 0.0000 -0.7071
vn -0.7071 0.0000 -0.7071
vn -0.7071 0.0000 -0.7071
vn 0.0000 -0.7071 -0.7071
vn 0.0000 -0.7071 -0.7071
vn 0.0000 -0.7071 -0.7071
vn 0.0000 -0.7071 -0.7071
vn 0.0000 0.7071 -0.7071
vn 0.0000 0.7071 -0.7071
vn 0.0000 0.7071 -0.7071
vn 0.0000 0.7071 -0.7071
vn 0.7071 0.0000 -0.7071
vn 0.7071 0.0000 -0.7071
vn 0.7071 0.0000 -0.7071
vn 0.7071 0.0000 -0.7071
vn 0.7071 -0.7071 -0.0000
vn 0.7071 -0.7071 -0.0000
vn 0.7071 -0.7071 -0.0000
vn 0.7071 -0.7071 -0.0000
vn 0.7071 0.7071 0.0000
vn 0.7071 0.7071 0.0000
vn 0.7071 0.7071 0.0000
vn 0.7071 0.7071 0.0000
vn 0.7071 -0.0000 0.7071
vn 0.7071 -0.0000 0.7071
vn 0.7071 -0.0000 0.7071
vn 0.7071 -0.0000 0.7071
vn -0.0000 -0.7071 0.7071
vn -0.0000 -0.7071 0.7071
vn -0.0000 -0.7071 0.7071
vn -0.0000 -0.7071 0.7071
vn -0.0000 0.7071 0.7071
vn -0.0000 0.7071 0.7071
vn -0.0000 0.7071 0.7071
vn -0.0000 0.7071 0.7071
vn 0.0000 -1.0000 -0.0000
vn 0.0000 -1.0000 -0.0000
vn 0.0000 -1.0000 -0.0000
vn 0.0000 -1.0000 -0.0000
f 391//391 393//393 392//392
f 391//391 392//392 394//394
f 395//395 397//397 396//396
f 395//395 396//396 398//398
f 399//399 401//401 400//400
f 399//399 400//400 402//402
f 403//403 405//405 404//404
f 403//403 404//404 406//406
f 407//407 409//409 408//408
f 407//407 408//408 410//410
f 411//411 413//413 412//412
f 414//414 416//416 415//415
f 417//417 419//419 418//418
f 420//420 422//422 421//421
f 423//423 425//425 424//424
f 426//426 428//428 427//427
f 429//429 431//431 430//430
f 432//432 434//434 433//433
f 435//435 437//437 436//436
f 435//435 436//436 438//438
f 439//439 441//441 440//440
f 439//439 440//440 442//442
f 443//443 445//445 444//444
f 443//443 444//444 446//446
f 447//447 449//449 448//448
f 447//447 448//448 450//450
f 451//451 453//453 452//452
f 451//451 452//452 454//454
f 455//455 457//457 456//456
f 455//455 456//456 458//458
f 459//459 461//461 460//460
f 459//459 460//460 462//462
f 463//463 465//465 464//464
f 463//463 464//464 466//466
f 467//467 469//469 468//468
f 467//467 468//468 470//470
f 471//471 473//473 472//472
f 471//471 472//472 474//474
f 475//475 477//477 476//476
f 475//475 476//476 478//478
f 479//479 481//481 480//480
f 479//479 480//480 482//482
f 483//483 485//485 484//484
f 483//483 484//484 486//486
f 487//487 489//489 488//488
f 487//487 488//488 490//490
f 491//491 493//493 492//492
f 491//491 492//492 494//494
f 495//495 497//497 496//496
f 495//495 496//496 498//498
f 499//499 501//501 500//500
f 499//499 500//500 502//502
f 503//503 505//505 504//504
f 503//503 504//504 506//506
f 507//507 509//509 508//508
f 510//510 512//512 511//511
f 513//513 515//515 514//514
f 516//516 518//518 517//517
f 519//519 521//521 520//520
f 522//522 524//524 523//523
f 525//525 527//527 526//526
f 528//528 530//530 529//529
f 531//531 533//533 532//532
f 531//531 532//532 534//534
f 535//535 537//537 536//536
f 535//535 536//536 538//538
f 539//539 541//541 540//540
f 539//539 540//540 542//542
f 543//543 545//545 544//544
f 543//543 544//544 546//546
f 547//547 549//549 548//548
f 547//547 548//548 550//550
f 551//551 553//553 552//552
f 551//551 552//552 554//554
f 555//555 557//557 556//556
f 555//555 556//556 558//558
f 559//559 561//561 560//560
f 559//559 560//560 562//562
f 563//563 565//565 564//564
f 563//563 564//564 566//566
f 567//567 569//569 568//568
f 567//567 568//568 570//570
f 571//571 573//573 572//572
f 571//571 572//572 574//574
f 575//575 577//577 576//576
f 575//575 576//576 578//578
f 579//579 581//581 580//580
f 579//579 580//580 582//582
g body_team
usemtl team
v 0.05373 0.14200 0.04270
v -0.06003 0.24300 0.04442
v 0.06003 0.24300 0.04442
v -0.05373 0.14200 0.04270
v 0.06575 0.14198 -0.03070
v 0.07205 0.24302 0.03242
v 0.07205 0.24302 -0.03242
v 0.06575 0.14198 0.03070
v 0.06080 0.25500 -0.03262
v -0.06080 0.25500 0.03262
v -0.06080 0.25500 -0.03262
v 0.06080 0.25500 0.03262
v -0.06575 0.14198 0.03070
v -0.07205 0.24302 -0.03242
v -0.07205 0.24302 0.03242
v -0.06575 0.14198 -0.03070
v -0.05373 0.14200 -0.04270
v 0.06003 0.24300 -0.04442
v -0.06003 0.24300 -0.04442
v 0.05373 0.14200 -0.04270
v -0.05300 0.13000 0.03050
v -0.06575 0.14198 0.03070
v -0.05373 0.14200 0.04270
v -0.06003 0.24300 0.04442
v -0.07205 0.24302 0.03242
v -0.06080 0.25500 0.03262
v -0.05300 0.13000 -0.03050
v -0.05373 0.14200 -0.04270
v -0.06575 0.14198 -0.03070
v -0.06080 0.25500 -0.03262
v -0.07205 0.24302 -0.03242
v -0.06003 0.24300 -0.04442
v 0.05300 0.13000 0.03050
v 0.05373 0.14200 0.04270
v 0.06575 0.14198 0.03070
v 0.06080 0.25500 0.03262
v 0.07205 0.24302 0.03242
v 0.06003 0.24300 0.04442
v 0.05300 0.13000 -0.03050
v 0.06575 0.14198 -0.03070
v 0.05373 0.14200 -0.04270
v 0.06080 0.25500 -0.03262
v 0.06003 0.24300 -0.04442
v 0.07205 0.24302 -0.03242
v -0.05300 0.13000 -0.03050
v -0.06575 0.14198 0.03070
v -0.05300 0.13000 0.03050
v -0.06575 0.14198 -0.03070
v -0.05373 0.14200 0.04270
v -0.07205 0.24302 0.03242
v -0.06003 0.24300 0.04442
v -0.06575 0.14198 0.03070
v -0.06080 0.25500 0.03262
v -0.07205 0.24302 -0.03242
v -0.06080 0.25500 -0.03262
v -0.07205 0.24302 0.03242
v -0.06003 0.24300 -0.04442
v -0.06575 0.14198 -0.03070
v -0.05373 0.14200 -0.04270
v -0.07205 0.24302 -0.03242
v 0.05300 0.13000 -0.03050
v -0.05373 0.14200 -0.04270
v -0.05300 0.13000 -0.03050
v 0.05373 0.14200 -0.04270
v -0.06080 0.25500 -0.03262
v 0.06003 0.24300 -0.04442
v 0.06080 0.25500 -0.03262
v -0.06003 0.24300 -0.04442
v 0.07205 0.24302 -0.03242
v 0.05373 0.14200 -0.04270
v 0.06575 0.14198 -0.03070
v 0.06003 0.24300 -0.04442
v 0.05300 0.13000 0.03050
v 0.06575 0.14198 -0.03070
v 0.05300 0.13000 -0.03050
v 0.06575 0.14198 0.03070
v 0.06080 0.25500 -0.03262
v 0.07205 0.24302 0.03242
v 0.06080 0.25500 0.03262
v 0.07205 0.24302 -0.03242
v 0.06003 0.24300 0.04442
v 0.06575 0.14198 0.03070
v 0.05373 0.14200 0.04270
v 0.07205 0.24302 0.03242
v -0.05300 0.13000 0.03050
v 0.05373 0.14200 0.04270
v 0.05300 0.13000 0.03050
v -0.05373 0.14200 0.04270
v 0.06080 0.25500 0.03262
v -0.06003 0.24300 0.04442
v -0.06080 0.25500 0.03262
v 0.06003 0.24300 0.04442
v -0.05300 0.13000 -0.03050
v 0.05300 0.13000 0.03050
v 0.05300 0.13000 -0.03050
v -0.05300 0.13000 0.03050
v 0.06134 0.10798 0.04695
v -0.05736 0.14702 0.04425
v 0.05736 0.14702 0.04425
v -0.06134 0.10798 0.04695
v 0.06939 0.10796 -0.03893
v 0.06540 0.14704 0.03623
v 0.06540 0.14704 -0.03623
v 0.06939 0.10796 0.03893
v 0.05658 0.15500 -0.03570
v -0.05658 0.15500 0.03570
v -0.05658 0.15500 -0.03570
v 0.05658 0.15500 0.03570
v -0.06939 0.10796 0.03893
v -0.06540 0.14704 -0.03623
v -0.06540 0.14704 0.03623
v -0.06939 0.10796 -0.03893
v -0.06134 0.10798 -0.04695
v 0.05736 0.14702 -0.04425
v -0.05736 0.14702 -0.04425
v 0.06134 0.10798 -0.04695
v -0.06220 0.10000 0.03950
v -0.06939 0.10796 0.03893
v -0.06134 0.10798 0.04695
v -0.05736 0.14702 0.04425
v -0.06540 0.14704 0.03623
v -0.05658 0.15500 0.03570
v -0.06220 0.10000 -0.03950
v -0.06134 0.10798 -0.04695
v -0.06939 0.10796 -0.03893
v -0.05658 0.15500 -0.03570
v -0.06540 0.14704 -0.03623
v -0.05736 0.14702 -0.04425
v 0.06220 0.10000 0.03950
v 0.06134 0.10798 0.04695
v 0.06939 0.10796 0.03893
v 0.05658 0.15500 0.03570
v 0.06540 0.14704 0.03623
v 0.05736 0.14702 0.04425
v 0.06220 0.10000 -0.03950
v 0.06939 0.10796 -0.03893
v 0.06134 0.10798 -0.04695
v 0.05658 0.15500 -0.03570
v 0.05736 0.14702 -0.04425
v 0.06540 0.14704 -0.03623
v -0.06220 0.10000 -0.03950
v -0.06939 0.10796 0.03893
v -0.06220 0.10000 0.03950
v -0.06939 0.10796 -0.03893
v -0.06134 0.10798 0.04695
v -0.06540 0.14704 0.03623
v -0.05736 0.14702 0.04425
v -0.06939 0.10796 0.03893
v -0.05658 0.15500 0.03570
v -0.06540 0.14704 -0.03623
v -0.05658 0.15500 -0.03570
v -0.06540 0.14704 0.03623
v -0.05736 0.14702 -0.04425
v -0.06939 0.10796 -0.03893
v -0.06134 0.10798 -0.04695
v -0.06540 0.14704 -0.03623
v 0.06220 0.10000 -0.03950
v -0.06134 0.10798 -0.04695
v -0.06220 0.10000 -0.03950
v 0.06134 0.10798 -0.04695
v -0.05658 0.15500 -0.03570
v 0.05736 0.14702 -0.04425
v 0.05658 0.15500 -0.03570
v -0.05736 0.14702 -0.04425
v 0.06540 0.14704 -0.03623
v 0.06134 0.10798 -0.04695
v 0.06939 0.10796 -0.03893
v 0.05736 0.14702 -0.04425
v 0.06220 0.10000 0.03950
v 0.06939 0.10796 -0.03893
v 0.06220 0.10000 -0.03950
v 0.06939 0.10796 0.03893
v 0.05658 0.15500 -0.03570
v 0.06540 0.14704 0.03623
v 0.05658 0.15500 0.03570
v 0.06540 0.14704 -0.03623
v 0.05736 0.14702 0.04425
v 0.06939 0.10796 0.03893
v 0.06134 0.10798 0.04695
v 0.06540 0.14704 0.03623
v -0.06220 0.10000 0.03950
v 0.06134 0.10798 0.04695
v 0.06220 0.10000 0.03950
v -0.06134 0.10798 0.04695
v 0.05658 0.15500 0.03570
v -0.05736 0.14702 0.04425
v -0.05658 0.15500 0.03570
v 0.05736 0.14702 0.04425
v -0.06220 0.10000 -0.03950
v 0.06220 0.10000 0.03950
v 0.06220 0.10000 -0.03950
v -0.06220 0.10000 0.03950
vn -0.0000 -0.0170 0.9999
vn -0.0000 -0.0170 0.9999
vn -0.0000 -0.0170 0.9999
vn -0.0000 -0.0170 0.9999
vn 0.9981 -0.0623 0.0000
vn 0.9981 -0.0623 0.0000
vn 0.9981 -0.0623 0.0000
vn 0.9981 -0.0623 0.0000
vn 0.0000 1.0000 -0.0000
vn 0.0000 1.0000 -0.0000
vn 0.0000 1.0000 -0.0000
vn 0.0000 1.0000 -0.0000
vn -0.9981 -0.0623 -0.0000
vn -0.9981 -0.0623 -0.0000
vn -0.9981 -0.0623 -0.0000
vn -0.9981 -0.0623 -0.0000
vn 0.0000 -0.0170 -0.9999
vn 0.0000 -0.0170 -0.9999
vn 0.0000 -0.0170 -0.9999
vn 0.0000 -0.0170 -0.9999
vn -0.5611 -0.6067 0.5631
vn -0.5611 -0.6067 0.5631
vn -0.5611 -0.6067 0.5631
vn -0.5915 0.5455 0.5937
vn -0.5915 0.5455 0.5937
vn -0.5915 0.5455 0.5937
vn -0.5611 -0.6067 -0.5631
vn -0.5611 -0.6067 -0.5631
vn -0.5611 -0.6067 -0.5631
vn -0.5915 0.5456 -0.5937
vn -0.5915 0.5456 -0.5937
vn -0.5915 0.5456 -0.5937
vn 0.5611 -0.6067 0.5631
vn 0.5611 -0.6067 0.5631
vn 0.5611 -0.6067 0.5631
vn 0.5914 0.5455 0.5938
vn 0.5914 0.5455 0.5938
vn 0.5914 0.5455 0.5938
vn 0.5611 -0.6067 -0.5631
vn 0.5611 -0.6067 -0.5631
vn 0.5611 -0.6067 -0.5631
vn 0.5915 0.5456 -0.5936
vn 0.5915 0.5456 -0.5936
vn 0.5915 0.5456 -0.5936
vn -0.6847 -0.7288 -0.0001
vn -0.6847 -0.7288 -0.0001
vn -0.6847 -0.7288 -0.0001
vn -0.6847 -0.7288 -0.0001
vn -0.7054 -0.0560 0.7066
vn -0.7054 -0.0560 0.7066
vn -0.7054 -0.0560 0.7066
vn -0.7054 -0.0560 0.7066
vn -0.7288 0.6847 -0.0000
vn -0.7288 0.6847 -0.0000
vn -0.7288 0.6847 -0.0000
vn -0.7288 0.6847 -0.0000
vn -0.7054 -0.0560 -0.7066
vn -0.7054 -0.0560 -0.7066
vn -0.7054 -0.0560 -0.7066
vn -0.7054 -0.0560 -0.7066
vn 0.0000 -0.7131 -0.7011
vn 0.0000 -0.7131 -0.7011
vn 0.0000 -0.7131 -0.7011
vn 0.0000 -0.7131 -0.7011
vn 0.0000 0.7011 -0.7131
vn 0.0000 0.7011 -0.7131
vn 0.0000 0.7011 -0.7131
vn 0.0000 0.7011 -0.7131
vn 0.7054 -0.0560 -0.7066
vn 0.7054 -0.0560 -0.7066
vn 0.7054 -0.0560 -0.7066
vn 0.7054 -0.0560 -0.7066
vn 0.6847 -0.7288 -0.0000
vn 0.6847 -0.7288 -0.0000
vn 0.6847 -0.7288 -0.0000
vn 0.6847 -0.7288 -0.0000
vn 0.7288 0.6847 0.0000
vn 0.7288 0.6847 0.0000
vn 0.7288 0.6847 0.0000
vn 0.7288 0.6847 0.0000
vn 0.7054 -0.0560 0.7066
vn 0.7054 -0.0560 0.7066
vn 0.7054 -0.0560 0.7066
vn 0.7054 -0.0560 0.7066
vn -0.0000 -0.7131 0.7010
vn -0.0000 -0.7131 0.7010
vn -0.0000 -0.7131 0.7010
vn -0.0000 -0.7131 0.7010
vn -0.0000 0.7011 0.7131
vn -0.0000 0.7011 0.7131
vn -0.0000 0.7011 0.7131
vn -0.0000 0.7011 0.7131
vn 0.0000 -1.0000 -0.0000
vn 0.0000 -1.0000 -0.0000
vn 0.0000 -1.0000 -0.0000
vn 0.0000 -1.0000 -0.0000
vn -0.0000 0.0689 0.9976
vn -0.0000 0.0689 0.9976
vn -0.0000 0.0689 0.9976
vn -0.0000 0.0689 0.9976
vn 0.9948 0.1016 0.0001
vn 0.9948 0.1016 0.0001
vn 0.9948 0.1016 0.0001
vn 0.9948 0.1016 0.0001
vn 0.0000 1.0000 -0.0000
vn 0.0000 1.0000 -0.0000
vn 0.0000 1.0000 -0.0000
vn 0.0000 1.0000 -0.0000
vn -0.9948 0.1016 0.0000
vn -0.9948 0.1016 0.0000
vn -0.9948 0.1016 0.0000
vn -0.9948 0.1016 0.0000
vn 0.0000 0.0689 -0.9976
vn 0.0000 0.0689 -0.9976
vn 0.0000 0.0689 -0.9976
vn 0.0000 0.0689 -0.9976
vn -0.6083 -0.5057 0.6117
vn -0.6083 -0.5057 0.6117
vn -0.6083 -0.5057 0.6117
vn -0.5432 0.6378 0.5461
vn -0.5432 0.6378 0.5461
vn -0.5432 0.6378 0.5461
vn -0.6083 -0.5057 -0.6117
vn -0.6083 -0.5057 -0.6117
vn -0.6083 -0.5057 -0.6117
vn -0.5431 0.6378 -0.5461
vn -0.5431 0.6378 -0.5461
vn -0.5431 0.6378 -0.5461
vn 0.6083 -0.5057 0.6118
vn 0.6083 -0.5057 0.6118
vn 0.6083 -0.5057 0.6118
vn 0.5431 0.6378 0.5462
vn 0.5431 0.6378 0.5462
vn 0.5431 0.6378 0.5462
vn 0.6083 -0.5058 -0.6117
vn 0.6083 -0.5058 -0.6117
vn 0.6083 -0.5058 -0.6117
vn 0.5431 0.6378 -0.5461
vn 0.5431 0.6378 -0.5461
vn 0.5431 0.6378 -0.5461
vn -0.7422 -0.6702 -0.0001
vn -0.7422 -0.6702 -0.0001
vn -0.7422 -0.6702 -0.0001
vn -0.7422 -0.6702 -0.0001
vn -0.7010 0.1201 0.7030
vn -0.7010 0.1201 0.7030
vn -0.7010 0.1201 0.7030
vn -0.7010 0.1201 0.7030
vn -0.6702 0.7422 -0.0000
vn -0.6702 0.7422 -0.0000
vn -0.6702 0.7422 -0.0000
vn -0.6702 0.7422 -0.0000
vn -0.7010 0.1201 -0.7030
vn -0.7010 0.1201 -0.7030
vn -0.7010 0.1201 -0.7030
vn -0.7010 0.1201 -0.7030
vn 0.0000 -0.6823 -0.7310
vn 0.0000 -0.6823 -0.7310
vn 0.0000 -0.6823 -0.7310
vn 0.0000 -0.6823 -0.7310
vn 0.0000 0.7311 -0.6823
vn 0.0000 0.7311 -0.6823
vn 0.0000 0.7311 -0.6823
vn 0.0000 0.7311 -0.6823
vn 0.7010 0.1201 -0.7029
vn 0.7010 0.1201 -0.7029
vn 0.7010 0.1201 -0.7029
vn 0.7010 0.1201 -0.7029
vn 0.7422 -0.6702 -0.0000
vn 0.7422 -0.6702 -0.0000
vn 0.7422 -0.6702 -0.0000
vn 0.7422 -0.6702 -0.0000
vn 0.6702 0.7422 0.0000
vn 0.6702 0.7422 0.0000
vn 0.6702 0.7422 0.0000
vn 0.6702 0.7422 0.0000
vn 0.7009 0.1201 0.7030
vn 0.7009 0.1201 0.7030
vn 0.7009 0.1201 0.7030
vn 0.7009 0.1201 0.7030
vn -0.0000 -0.6823 0.7311
vn -0.0000 -0.6823 0.7311
vn -0.0000 -0.6823 0.7311
vn -0.0000 -0.6823 0.7311
vn -0.0000 0.7311 0.6823
vn -0.0000 0.7311 0.6823
vn -0.0000 0.7311 0.6823
vn -0.0000 0.7311 0.6823
vn 0.0000 -1.0000 -0.0000
vn 0.0000 -1.0000 -0.0000
vn 0.0000 -1.0000 -0.0000
vn 0.0000 -1.0000 -0.0000
f 583//583 585//585 584//584
f 583//583 584//584 586//586
f 587//587 589//589 588//588
f 587//587 588//588 590//590
f 591//591 593//593 592//592
f 591//591 592//592 594//594
f 595//595 597//597 596//596
f 595//595 596//596 598//598
f 599//599 601//601 600//600
f 599//599 600//600 602//602
f 603//603 605//605 604//604
f 606//606 608//608 607//607
f 609//609 611//611 610//610
f 612//612 614//614 613//613
f 615//615 617//617 616//616
f 618//618 620//620 619//619
f 621//621 623//623 622//622
f 624//624 626//626 625//625
f 627//627 629//629 628//628
f 627//627 628//628 630//630
f 631//631 633//633 632//632
f 631//631 632//632 634//634
f 635//635 637//637 636//636
f 635//635 636//636 638//638
f 639//639 641//641 640//640
f 639//639 640//640 642//642
f 643//643 645//645 644//644
f 643//643 644//644 646//646
f 647//647 649//649 648//648
f 647//647 648//648 650//650
f 651//651 653//653 652//652
f 651//651 652//652 654//654
f 655//655 657//657 656//656
f 655//655 656//656 658//658
f 659//659 661//661 660//660
f 659//659 660//660 662//662
f 663//663 665//665 664//664
f 663//663 664//664 666//666
f 667//667 669//669 668//668
f 667//667 668//668 670//670
f 671//671 673//673 672//672
f 671//671 672//672 674//674
f 675//675 677//677 676//676
f 675//675 676//676 678//678
f 679//679 681//681 680//680
f 679//679 680//680 682//682
f 683//683 685//685 684//684
f 683//683 684//684 686//686
f 687//687 689//689 688//688
f 687//687 688//688 690//690
f 691//691 693//693 692//692
f 691//691 692//692 694//694
f 695//695 697//697 696//696
f 695//695 696//696 698//698
f 699//699 701//701 700//700
f 702//702 704//704 703//703
f 705//705 707//707 706//706
f 708//708 710//710 709//709
f 711//711 713//713 712//712
f 714//714 716//716 715//715
f 717//717 719//719 718//718
f 720//720 722//722 721//721
f 723//723 725//725 724//724
f 723//723 724//724 726//726
f 727//727 729//729 728//728
f 727//727 728//728 730//730
f 731//731 733//733 732//732
f 731//731 732//732 734//734
f 735//735 737//737 736//736
f 735//735 736//736 738//738
f 739//739 741//741 740//740
f 739//739 740//740 742//742
f 743//743 745//745 744//744
f 743//743 744//744 746//746
f 747//747 749//749 748//748
f 747//747 748//748 750//750
f 751//751 753//753 752//752
f 751//751 752//752 754//754
f 755//755 757//757 756//756
f 755//755 756//756 758//758
f 759//759 761//761 760//760
f 759//759 760//760 762//762
f 763//763 765//765 764//764
f 763//763 764//764 766//766
f 767//767 769//769 768//768
f 767//767 768//768 770//770
f 771//771 773//773 772//772
f 771//771 772//772 774//774
g body_wool
usemtl wool
v -0.07501 0.15337 0.02000
v -0.07811 0.25422 0.02000
v -0.05464 0.24923 0.02000
v -0.09849 0.15836 0.02000
v -0.06915 0.15213 -0.01400
v -0.04877 0.24798 0.01400
v -0.04877 0.24798 -0.01400
v -0.06915 0.15213 0.01400
v -0.05339 0.25510 -0.01400
v -0.07687 0.26009 0.01400
v -0.07687 0.26009 -0.01400
v -0.05339 0.25510 0.01400
v -0.10436 0.15961 0.01400
v -0.08398 0.25547 -0.01400
v -0.08398 0.25547 0.01400
v -0.10436 0.15961 -0.01400
v -0.09849 0.15836 -0.02000
v -0.05464 0.24923 -0.02000
v -0.07811 0.25422 -0.02000
v -0.07501 0.15337 -0.02000
v -0.09974 0.15249 0.01400
v -0.10436 0.15961 0.01400
v -0.09849 0.15836 0.02000
v -0.07811 0.25422 0.02000
v -0.08398 0.25547 0.01400
v -0.07687 0.26009 0.01400
v -0.09974 0.15249 -0.01400
v -0.09849 0.15836 -0.02000
v -0.10436 0.15961 -0.01400
v -0.07687 0.26009 -0.01400
v -0.08398 0.25547 -0.01400
v -0.07811 0.25422 -0.02000
v -0.07626 0.14751 0.01400
v -0.07501 0.15337 0.02000
v -0.06915 0.15213 0.01400
v -0.05339 0.25510 0.01400
v -0.04877 0.24798 0.01400
v -0.05464 0.24923 0.02000
v -0.07626 0.14751 -0.01400
v -0.06915 0.15213 -0.01400
v -0.07501 0.15337 -0.02000
v -0.05339 0.25510 -0.01400
v -0.05464 0.24923 -0.02000
v -0.04877 0.24798 -0.01400
v -0.09974 0.15249 -0.01400
v -0.10436 0.15961 0.01400
v -0.09974 0.15249 0.01400
v -0.10436 0.15961 -0.01400
v -0.09849 0.15836 0.02000
v -0.08398 0.25547 0.01400
v -0.07811 0.25422 0.02000
v -0.10436 0.15961 0.01400
v -0.07687 0.26009 0.01400
v -0.08398 0.25547 -0.01400
v -0.07687 0.26009 -0.01400
v -0.08398 0.25547 0.01400
v -0.07811 0.25422 -0.02000
v -0.10436 0.15961 -0.01400
v -0.09849 0.15836 -0.02000
v -0.08398 0.25547 -0.01400
v -0.07626 0.14751 -0.01400
v -0.09849 0.15836 -0.02000
v -0.09974 0.15249 -0.01400
v -0.07501 0.15337 -0.02000
v -0.07687 0.26009 -0.01400
v -0.05464 0.24923 -0.02000
v -0.05339 0.25510 -0.01400
v -0.07811 0.25422 -0.02000
v -0.04877 0.24798 -0.01400
v -0.07501 0.15337 -0.02000
v -0.06915 0.15213 -0.01400
v -0.05464 0.24923 -0.02000
v -0.07626 0.14751 0.01400
v -0.06915 0.15213 -0.01400
v -0.07626 0.14751 -0.01400
v -0.06915 0.15213 0.01400
v -0.05339 0.25510 -0.01400
v -0.04877 0.24798 0.01400
v -0.05339 0.25510 0.01400
v -0.04877 0.24798 -0.01400
v -0.05464 0.24923 0.02000
v -0.06915 0.15213 0.01400
v -0.07501 0.15337 0.02000
v -0.04877 0.24798 0.01400
v -0.09974 0.15249 0.01400
v -0.07501 0.15337 0.02000
v -0.07626 0.14751 0.01400
v -0.09849 0.15836 0.02000
v -0.05339 0.25510 0.01400
v -0.07811 0.25422 0.02000
v -0.07687 0.26009 0.01400
v -0.05464 0.24923 0.02000
v -0.09974 0.15249 -0.01400
v -0.07626 0.14751 0.01400
v -0.07626 0.14751 -0.01400
v -0.09974 0.15249 0.01400
v 0.09849 0.15836 0.02000
v 0.05464 0.24923 0.02000
v 0.07811 0.25422 0.02000
v 0.07501 0.15337 0.02000
v 0.10436 0.15961 -0.01400
v 0.08398 0.25547 0.01400
v 0.08398 0.25547 -0.01400
v 0.10436 0.15961 0.01400
v 0.07687 0.26009 -0.01400
v 0.05339 0.25510 0.01400
v 0.05339 0.25510 -0.01400
v 0.07687 0.26009 0.01400
v 0.06915 0.15213 0.01400
v 0.04877 0.24798 -0.01400
v 0.04877 0.24798 0.01400
v 0.06915 0.15213 -0.01400
v 0.07501 0.15337 -0.02000
v 0.07811 0.25422 -0.02000
v 0.05464 0.24923 -0.02000
v 0.09849 0.15836 -0.02000
v 0.07626 0.14751 0.01400
v 0.06915 0.15213 0.01400
v 0.07501 0.15337 0.02000
v 0.05464 0.24923 0.02000
v 0.04877 0.24798 0.01400
v 0.05339 0.25510 0.01400
v 0.07626 0.14751 -0.01400
v 0.07501 0.15337 -0.02000
v 0.06915 0.15213 -0.01400
v 0.05339 0.25510 -0.01400
v 0.04877 0.24798 -0.01400
v 0.05464 0.24923 -0.02000
v 0.09974 0.15249 0.01400
v 0.09849 0.15836 0.02000
v 0.10436 0.15961 0.01400
v 0.07687 0.26009 0.01400
v 0.08398 0.25547 0.01400
v 0.07811 0.25422 0.02000
v 0.09974 0.15249 -0.01400
v 0.10436 0.15961 -0.01400
v 0.09849 0.15836 -0.02000
v 0.07687 0.26009 -0.01400
v 0.07811 0.25422 -0.02000
v 0.08398 0.25547 -0.01400
v 0.07626 0.14751 -0.01400
v 0.06915 0.15213 0.01400
v 0.07626 0.14751 0.01400
v 0.06915 0.15213 -0.01400
v 0.07501 0.15337 0.02000
v 0.04877 0.24798 0.01400
v 0.05464 0.24923 0.02000
v 0.06915 0.15213 0.01400
v 0.05339 0.25510 0.01400
v 0.04877 0.24798 -0.01400
v 0.05339 0.25510 -0.01400
v 0.04877 0.24798 0.01400
v 0.05464 0.24923 -0.02000
v 0.06915 0.15213 -0.01400
v 0.07501 0.15337 -0.02000
v 0.04877 0.24798 -0.01400
v 0.09974 0.15249 -0.01400
v 0.07501 0.15337 -0.02000
v 0.07626 0.14751 -0.01400
v 0.09849 0.15836 -0.02000
v 0.05339 0.25510 -0.01400
v 0.07811 0.25422 -0.02000
v 0.07687 0.26009 -0.01400
v 0.05464 0.24923 -0.02000
v 0.08398 0.25547 -0.01400
v 0.09849 0.15836 -0.02000
v 0.10436 0.15961 -0.01400
v 0.07811 0.25422 -0.02000
v 0.09974 0.15249 0.01400
v 0.10436 0.15961 -0.01400
v 0.09974 0.15249 -0.01400
v 0.10436 0.15961 0.01400
v 0.07687 0.26009 -0.01400
v 0.08398 0.25547 0.01400
v 0.07687 0.26009 0.01400
v 0.08398 0.25547 -0.01400
v 0.07811 0.25422 0.02000
v 0.10436 0.15961 0.01400
v 0.09849 0.15836 0.02000
v 0.08398 0.25547 0.01400
v 0.07626 0.14751 0.01400
v 0.09849 0.15836 0.02000
v 0.09974 0.15249 0.01400
v 0.07501 0.15337 0.02000
v 0.07687 0.26009 0.01400
v 0.05464 0.24923 0.02000
v 0.05339 0.25510 0.01400
v 0.07811 0.25422 0.02000
v 0.07626 0.14751 -0.01400
v 0.09974 0.15249 0.01400
v 0.09974 0.15249 -0.01400
v 0.07626 0.14751 0.01400
vn -0.0000 -0.0000 1.0000
vn -0.0000 -0.0000 1.0000
vn -0.0000 -0.0000 1.0000
vn -0.0000 -0.0000 1.0000
vn 0.9781 -0.2079 -0.0000
vn 0.9781 -0.2079 -0.0000
vn 0.9781 -0.2079 -0.0000
vn 0.9781 -0.2079 -0.0000
vn 0.2079 0.9782 0.0000
vn 0.2079 0.9782 0.0000
vn 0.2079 0.9782 0.0000
vn 0.2079 0.9782 0.0000
vn -0.9782 0.2079 -0.0000
vn -0.9782 0.2079 -0.0000
vn -0.9782 0.2079 -0.0000
vn -0.9782 0.2079 -0.0000
vn 0.0000 0.0000 -1.0000
vn 0.0000 0.0000 -1.0000
vn 0.0000 0.0000 -1.0000
vn 0.0000 0.0000 -1.0000
vn -0.6848 -0.4447 0.5773
vn -0.6848 -0.4447 0.5773
vn -0.6848 -0.4447 0.5773
vn -0.4447 0.6847 0.5774
vn -0.4447 0.6847 0.5774
vn -0.4447 0.6847 0.5774
vn -0.6848 -0.4446 -0.5774
vn -0.6848 -0.4446 -0.5774
vn -0.6848 -0.4446 -0.5774
vn -0.4447 0.6848 -0.5774
vn -0.4447 0.6848 -0.5774
vn -0.4447 0.6848 -0.5774
vn 0.4447 -0.6848 0.5774
vn 0.4447 -0.6848 0.5774
vn 0.4447 -0.6848 0.5774
vn 0.6847 0.4447 0.5774
vn 0.6847 0.4447 0.5774
vn 0.6847 0.4447 0.5774
vn 0.4446 -0.6848 -0.5774
vn 0.4446 -0.6848 -0.5774
vn 0.4446 -0.6848 -0.5774
vn 0.6848 0.4447 -0.5773
vn 0.6848 0.4447 -0.5773
vn 0.6848 0.4447 -0.5773
vn -0.8387 -0.5446 -0.0000
vn -0.8387 -0.5446 -0.0000
vn -0.8387 -0.5446 -0.0000
vn -0.8387 -0.5446 -0.0000
vn -0.6917 0.1470 0.7071
vn -0.6917 0.1470 0.7071
vn -0.6917 0.1470 0.7071
vn -0.6917 0.1470 0.7071
vn -0.5446 0.8387 0.0000
vn -0.5446 0.8387 0.0000
vn -0.5446 0.8387 0.0000
vn -0.5446 0.8387 0.0000
vn -0.6917 0.1470 -0.7071
vn -0.6917 0.1470 -0.7071
vn -0.6917 0.1470 -0.7071
vn -0.6917 0.1470 -0.7071
vn -0.1470 -0.6917 -0.7071
vn -0.1470 -0.6917 -0.7071
vn -0.1470 -0.6917 -0.7071
vn -0.1470 -0.6917 -0.7071
vn 0.1470 0.6917 -0.7070
vn 0.1470 0.6917 -0.7070
vn 0.1470 0.6917 -0.7070
vn 0.1470 0.6917 -0.7070
vn 0.6917 -0.1470 -0.7071
vn 0.6917 -0.1470 -0.7071
vn 0.6917 -0.1470 -0.7071
vn 0.6917 -0.1470 -0.7071
vn 0.5446 -0.8387 0.0000
vn 0.5446 -0.8387 0.0000
vn 0.5446 -0.8387 0.0000
vn 0.5446 -0.8387 0.0000
vn 0.8387 0.5446 0.0001
vn 0.8387 0.5446 0.0001
vn 0.8387 0.5446 0.0001
vn 0.8387 0.5446 0.0001
vn 0.6916 -0.1470 0.7071
vn 0.6916 -0.1470 0.7071
vn 0.6916 -0.1470 0.7071
vn 0.6916 -0.1470 0.7071
vn -0.1470 -0.6917 0.7071
vn -0.1470 -0.6917 0.7071
vn -0.1470 -0.6917 0.7071
vn -0.1470 -0.6917 0.7071
vn 0.1470 0.6916 0.7071
vn 0.1470 0.6916 0.7071
vn 0.1470 0.6916 0.7071
vn 0.1470 0.6916 0.7071
vn -0.2079 -0.9782 -0.0001
vn -0.2079 -0.9782 -0.0001
vn -0.2079 -0.9782 -0.0001
vn -0.2079 -0.9782 -0.0001
vn -0.0000 -0.0000 1.0000
vn -0.0000 -0.0000 1.0000
vn -0.0000 -0.0000 1.0000
vn -0.0000 -0.0000 1.0000
vn 0.9782 0.2079 0.0000
vn 0.9782 0.2079 0.0000
vn 0.9782 0.2079 0.0000
vn 0.9782 0.2079 0.0000
vn -0.2079 0.9781 -0.0000
vn -0.2079 0.9781 -0.0000
vn -0.2079 0.9781 -0.0000
vn -0.2079 0.9781 -0.0000
vn -0.9782 -0.2079 -0.0001
vn -0.9782 -0.2079 -0.0001
vn -0.9782 -0.2079 -0.0001
vn -0.9782 -0.2079 -0.0001
vn 0.0000 0.0000 -1.0000
vn 0.0000 0.0000 -1.0000
vn 0.0000 0.0000 -1.0000
vn 0.0000 0.0000 -1.0000
vn -0.4447 -0.6848 0.5773
vn -0.4447 -0.6848 0.5773
vn -0.4447 -0.6848 0.5773
vn -0.6848 0.4447 0.5774
vn -0.6848 0.4447 0.5774
vn -0.6848 0.4447 0.5774
vn -0.4446 -0.6848 -0.5774
vn -0.4446 -0.6848 -0.5774
vn -0.4446 -0.6848 -0.5774
vn -0.6848 0.4446 -0.5774
vn -0.6848 0.4446 -0.5774
vn -0.6848 0.4446 -0.5774
vn 0.6847 -0.4447 0.5774
vn 0.6847 -0.4447 0.5774
vn 0.6847 -0.4447 0.5774
vn 0.4447 0.6847 0.5774
vn 0.4447 0.6847 0.5774
vn 0.4447 0.6847 0.5774
vn 0.6848 -0.4447 -0.5774
vn 0.6848 -0.4447 -0.5774
vn 0.6848 -0.4447 -0.5774
vn 0.4447 0.6848 -0.5773
vn 0.4447 0.6848 -0.5773
vn 0.4447 0.6848 -0.5773
vn -0.5446 -0.8387 -0.0000
vn -0.5446 -0.8387 -0.0000
vn -0.5446 -0.8387 -0.0000
vn -0.5446 -0.8387 -0.0000
vn -0.6917 -0.1470 0.7071
vn -0.6917 -0.1470 0.7071
vn -0.6917 -0.1470 0.7071
vn -0.6917 -0.1470 0.7071
vn -0.8387 0.5446 0.0000
vn -0.8387 0.5446 0.0000
vn -0.8387 0.5446 0.0000
vn -0.8387 0.5446 0.0000
vn -0.6917 -0.1470 -0.7071
vn -0.6917 -0.1470 -0.7071
vn -0.6917 -0.1470 -0.7071
vn -0.6917 -0.1470 -0.7071
vn 0.1470 -0.6917 -0.7071
vn 0.1470 -0.6917 -0.7071
vn 0.1470 -0.6917 -0.7071
vn 0.1470 -0.6917 -0.7071
vn -0.1470 0.6917 -0.7071
vn -0.1470 0.6917 -0.7071
vn -0.1470 0.6917 -0.7071
vn -0.1470 0.6917 -0.7071
vn 0.6917 0.1470 -0.7070
vn 0.6917 0.1470 -0.7070
vn 0.6917 0.1470 -0.7070
vn 0.6917 0.1470 -0.7070
vn 0.8387 -0.5446 0.0000
vn 0.8387 -0.5446 0.0000
vn 0.8387 -0.5446 0.0000
vn 0.8387 -0.5446 0.0000
vn 0.5446 0.8387 0.0001
vn 0.5446 0.8387 0.0001
vn 0.5446 0.8387 0.0001
vn 0.5446 0.8387 0.0001
vn 0.6916 0.1470 0.7071
vn 0.6916 0.1470 0.7071
vn 0.6916 0.1470 0.7071
vn 0.6916 0.1470 0.7071
vn 0.1470 -0.6917 0.7071
vn 0.1470 -0.6917 0.7071
vn 0.1470 -0.6917 0.7071
vn 0.1470 -0.6917 0.7071
vn -0.1470 0.6916 0.7071
vn -0.1470 0.6916 0.7071
vn -0.1470 0.6916 0.7071
vn -0.1470 0.6916 0.7071
vn 0.2079 -0.9782 -0.0000
vn 0.2079 -0.9782 -0.0000
vn 0.2079 -0.9782 -0.0000
vn 0.2079 -0.9782 -0.0000
f 775//775 777//777 776//776
f 775//775 776//776 778//778
f 779//779 781//781 780//780
f 779//779 780//780 782//782
f 783//783 785//785 784//784
f 783//783 784//784 786//786
f 787//787 789//789 788//788
f 787//787 788//788 790//790
f 791//791 793//793 792//792
f 791//791 792//792 794//794
f 795//795 797//797 796//796
f 798//798 800//800 799//799
f 801//801 803//803 802//802
f 804//804 806//806 805//805
f 807//807 809//809 808//808
f 810//810 812//812 811//811
f 813//813 815//815 814//814
f 816//816 818//818 817//817
f 819//819 821//821 820//820
f 819//819 820//820 822//822
f 823//823 825//825 824//824
f 823//823 824//824 826//826
f 827//827 829//829 828//828
f 827//827 828//828 830//830
f 831//831 833//833 832//832
f 831//831 832//832 834//834
f 835//835 837//837 836//836
f 835//835 836//836 838//838
f 839//839 841//841 840//840
f 839//839 840//840 842//842
f 843//843 845//845 844//844
f 843//843 844//844 846//846
f 847//847 849//849 848//848
f 847//847 848//848 850//850
f 851//851 853//853 852//852
f 851//851 852//852 854//854
f 855//855 857//857 856//856
f 855//855 856//856 858//858
f 859//859 861//861 860//860
f 859//859 860//860 862//862
f 863//863 865//865 864//864
f 863//863 864//864 866//866
f 867//867 869//869 868//868
f 867//867 868//868 870//870
f 871//871 873//873 872//872
f 871//871 872//872 874//874
f 875//875 877//877 876//876
f 875//875 876//876 878//878
f 879//879 881//881 880//880
f 879//879 880//880 882//882
f 883//883 885//885 884//884
f 883//883 884//884 886//886
f 887//887 889//889 888//888
f 887//887 888//888 890//890
f 891//891 893//893 892//892
f 894//894 896//896 895//895
f 897//897 899//899 898//898
f 900//900 902//902 901//901
f 903//903 905//905 904//904
f 906//906 908//908 907//907
f 909//909 911//911 910//910
f 912//912 914//914 913//913
f 915//915 917//917 916//916
f 915//915 916//916 918//918
f 919//919 921//921 920//920
f 919//919 920//920 922//922
f 923//923 925//925 924//924
f 923//923 924//924 926//926
f 927//927 929//929 928//928
f 927//927 928//928 930//930
f 931//931 933//933 932//932
f 931//931 932//932 934//934
f 935//935 937//937 936//936
f 935//935 936//936 938//938
f 939//939 941//941 940//940
f 939//939 940//940 942//942
f 943//943 945//945 944//944
f 943//943 944//944 946//946
f 947//947 949//949 948//948
f 947//947 948//948 950//950
f 951//951 953//953 952//952
f 951//951 952//952 954//954
f 955//955 957//957 956//956
f 955//955 956//956 958//958
f 959//959 961//961 960//960
f 959//959 960//960 962//962
f 963//963 965//965 964//964
f 963//963 964//964 966//966
g body_skin
usemtl skin
v 0.00000 0.24757 0.00000
v -0.01426 0.27666 0.04170
v 0.03734 0.27666 0.02577
v 0.03734 0.27666 0.02577
v 0.03734 0.27666 -0.02577
v 0.00000 0.24757 0.00000
v 0.00000 0.24757 0.00000
v -0.04615 0.27666 0.00000
v -0.01426 0.27666 0.04170
v 0.00000 0.24757 0.00000
v -0.01426 0.27666 -0.04170
v -0.04615 0.27666 0.00000
v 0.00000 0.24757 0.00000
v 0.03734 0.27666 -0.02577
v -0.01426 0.27666 -0.04170
v 0.03734 0.27666 0.02577
v 0.04615 0.32374 0.00000
v 0.03734 0.27666 -0.02577
v -0.01426 0.27666 0.04170
v 0.01426 0.32374 0.04170
v 0.03734 0.27666 0.02577
v -0.04615 0.27666 0.00000
v -0.03734 0.32374 0.02577
v -0.01426 0.27666 0.04170
v -0.01426 0.27666 -0.04170
v -0.03734 0.32374 -0.02577
v -0.04615 0.27666 0.00000
v 0.03734 0.27666 -0.02577
v 0.01426 0.32374 -0.04170
v -0.01426 0.27666 -0.04170
v 0.03734 0.27666 0.02577
v 0.01426 0.32374 0.04170
v 0.04615 0.32374 0.00000
v -0.01426 0.27666 0.04170
v -0.03734 0.32374 0.02577
v 0.01426 0.32374 0.04170
v -0.04615 0.27666 0.00000
v -0.03734 0.32374 -0.02577
v -0.03734 0.32374 0.02577
v -0.01426 0.27666 -0.04170
v 0.01426 0.32374 -0.04170
v -0.03734 0.32374 -0.02577
v 0.03734 0.27666 -0.02577
v 0.04615 0.32374 0.00000
v 0.01426 0.32374 -0.04170
v 0.01426 0.32374 0.04170
v 0.00000 0.35283 0.00000
v 0.04615 0.32374 0.00000
v -0.03734 0.32374 0.02577
v 0.00000 0.35283 0.00000
v 0.01426 0.32374 0.04170
v -0.03734 0.32374 -0.02577
v 0.00000 0.35283 0.00000
v -0.03734 0.32374 0.02577
v 0.01426 0.32374 -0.04170
v 0.00000 0.35283 0.00000
v -0.03734 0.32374 -0.02577
v 0.04615 0.32374 0.00000
v 0.00000 0.35283 0.00000
v 0.01426 0.32374 -0.04170
v 0.00000 0.25204 0.02580
v -0.01188 0.27581 0.05506
v 0.03111 0.27581 0.04388
v 0.03111 0.27581 0.04388
v 0.03111 0.27581 0.00772
v 0.00000 0.25204 0.02580
v 0.00000 0.25204 0.02580
v -0.03846 0.27581 0.02580
v -0.01188 0.27581 0.05506
v 0.00000 0.25204 0.02580
v -0.01188 0.27581 -0.00346
v -0.03846 0.27581 0.02580
v 0.00000 0.25204 0.02580
v 0.03111 0.27581 0.00772
v -0.01188 0.27581 -0.00346
v 0.03111 0.27581 0.04388
v 0.03846 0.31427 0.02580
v 0.03111 0.27581 0.00772
v -0.01188 0.27581 0.05506
v 0.01188 0.31427 0.05506
v 0.03111 0.27581 0.04388
v -0.03846 0.27581 0.02580
v -0.03111 0.31427 0.04388
v -0.01188 0.27581 0.05506
v -0.01188 0.27581 -0.00346
v -0.03111 0.31427 0.00772
v -0.03846 0.27581 0.02580
v 0.03111 0.27581 0.00772
v 0.01188 0.31427 -0.00346
v -0.01188 0.27581 -0.00346
v 0.03111 0.27581 0.04388
v 0.01188 0.31427 0.05506
v 0.03846 0.31427 0.02580
v -0.01188 0.27581 0.05506
v -0.03111 0.31427 0.04388
v 0.01188 0.31427 0.05506
v -0.03846 0.27581 0.02580
v -0.03111 0.31427 0.00772
v -0.03111 0.31427 0.04388
v -0.01188 0.27581 -0.00346
v 0.01188 0.31427 -0.00346
v -0.03111 0.31427 0.00772
v 0.03111 0.27581 0.00772
v 0.03846 0.31427 0.02580
v 0.01188 0.31427 -0.00346
v 0.01188 0.31427 0.05506
v 0.00000 0.33804 0.02580
v 0.03846 0.31427 0.02580
v -0.03111 0.31427 0.04388
v 0.00000 0.33804 0.02580
v 0.01188 0.31427 0.05506
v -0.03111 0.31427 0.00772
v 0.00000 0.33804 0.02580
v -0.03111 0.31427 0.04388
v 0.01188 0.31427 -0.00346
v 0.00000 0.33804 0.02580
v -0.03111 0.31427 0.00772
v 0.03846 0.31427 0.02580
v 0.00000 0.33804 0.02580
v 0.01188 0.31427 -0.00346
v -0.10000 0.12800 0.01000
v -0.10608 0.14016 0.02871
v -0.08408 0.14016 0.02157
v -0.08408 0.14016 0.02157
v -0.08408 0.14016 -0.00157
v -0.10000 0.12800 0.01000
v -0.10000 0.12800 0.01000
v -0.11968 0.14016 0.01000
v -0.10608 0.14016 0.02871
v -0.10000 0.12800 0.01000
v -0.10608 0.14016 -0.00871
v -0.11968 0.14016 0.01000
v -0.10000 0.12800 0.01000
v -0.08408 0.14016 -0.00157
v -0.10608 0.14016 -0.00871
v -0.08408 0.14016 0.02157
v -0.08032 0.15984 0.01000
v -0.08408 0.14016 -0.00157
v -0.10608 0.14016 0.02871
v -0.09392 0.15984 0.02871
v -0.08408 0.14016 0.02157
v -0.11968 0.14016 0.01000
v -0.11592 0.15984 0.02157
v -0.10608 0.14016 0.02871
v -0.10608 0.14016 -0.00871
v -0.11592 0.15984 -0.00157
v -0.11968 0.14016 0.01000
v -0.08408 0.14016 -0.00157
v -0.09392 0.15984 -0.00871
v -0.10608 0.14016 -0.00871
v -0.08408 0.14016 0.02157
v -0.09392 0.15984 0.02871
v -0.08032 0.15984 0.01000
v -0.10608 0.14016 0.02871
v -0.11592 0.15984 0.02157
v -0.09392 0.15984 0.02871
v -0.11968 0.14016 0.01000
v -0.11592 0.15984 -0.00157
v -0.11592 0.15984 0.02157
v -0.10608 0.14016 -0.00871
v -0.09392 0.15984 -0.00871
v -0.11592 0.15984 -0.00157
v -0.08408 0.14016 -0.00157
v -0.08032 0.15984 0.01000
v -0.09392 0.15984 -0.00871
v -0.09392 0.15984 0.02871
v -0.10000 0.17200 0.01000
v -0.08032 0.15984 0.01000
v -0.11592 0.15984 0.02157
v -0.10000 0.17200 0.01000
v -0.09392 0.15984 0.02871
v -0.11592 0.15984 -0.00157
v -0.10000 0.17200 0.01000
v -0.11592 0.15984 0.02157
v -0.09392 0.15984 -0.00871
v -0.10000 0.17200 0.01000
v -0.11592 0.15984 -0.00157
v -0.08032 0.15984 0.01000
v -0.10000 0.17200 0.01000
v -0.09392 0.15984 -0.00871
v 0.10000 0.12800 0.01000
v 0.09392 0.14016 0.02871
v 0.11592 0.14016 0.02157
v 0.11592 0.14016 0.02157
v 0.11592 0.14016 -0.00157
v 0.10000 0.12800 0.01000
v 0.10000 0.12800 0.01000
v 0.08032 0.14016 0.01000
v 0.09392 0.14016 0.02871
v 0.10000 0.12800 0.01000
v 0.09392 0.14016 -0.00871
v 0.08032 0.14016 0.01000
v 0.10000 0.12800 0.01000
v 0.11592 0.14016 -0.00157
v 0.09392 0.14016 -0.00871
v 0.11592 0.14016 0.02157
v 0.11968 0.15984 0.01000
v 0.11592 0.14016 -0.00157
v 0.09392 0.14016 0.02871
v 0.10608 0.15984 0.02871
v 0.11592 0.14016 0.02157
v 0.08032 0.14016 0.01000
v 0.08408 0.15984 0.02157
v 0.09392 0.14016 0.02871
v 0.09392 0.14016 -0.00871
v 0.08408 0.15984 -0.00157
v 0.08032 0.14016 0.01000
v 0.11592 0.14016 -0.00157
v 0.10608 0.15984 -0.00871
v 0.09392 0.14016 -0.00871
v 0.11592 0.14016 0.02157
v 0.10608 0.15984 0.02871
v 0.11968 0.15984 0.01000
v 0.09392 0.14016 0.02871
v 0.08408 0.15984 0.02157
v 0.10608 0.15984 0.02871
v 0.08032 0.14016 0.01000
v 0.08408 0.15984 -0.00157
v 0.08408 0.15984 0.02157
v 0.09392 0.14016 -0.00871
v 0.10608 0.15984 -0.00871
v 0.08408 0.15984 -0.00157
v 0.11592 0.14016 -0.00157
v 0.11968 0.15984 0.01000
v 0.10608 0.15984 -0.00871
v 0.10608 0.15984 0.02871
v 0.10000 0.17200 0.01000
v 0.11968 0.15984 0.01000
v 0.08408 0.15984 0.02157
v 0.10000 0.17200 0.01000
v 0.10608 0.15984 0.02871
v 0.08408 0.15984 -0.00157
v 0.10000 0.17200 0.01000
v 0.08408 0.15984 0.02157
v 0.10608 0.15984 -0.00871
v 0.10000 0.17200 0.01000
v 0.08408 0.15984 -0.00157
v 0.11968 0.15984 0.01000
v 0.10000 0.17200 0.01000
v 0.10608 0.15984 -0.00871
v 0.00000 0.24430 -0.02150
v 0.01862 0.27010 -0.01075
v 0.00000 0.27010 -0.02150
v 0.01862 0.24430 -0.01075
v 0.01862 0.24430 -0.01075
v 0.01862 0.27010 0.01075
v 0.01862 0.27010 -0.01075
v 0.01862 0.24430 0.01075
v 0.01862 0.24430 0.01075
v 0.00000 0.27010 0.02150
v 0.01862 0.27010 0.01075
v 0.00000 0.24430 0.02150
v 0.00000 0.24430 0.02150
v -0.01862 0.27010 0.01075
v 0.00000 0.27010 0.02150
v -0.01862 0.24430 0.01075
v 0.01862 0.27010 0.01075
v 0.00000 0.27010 -0.02150
v 0.01862 0.27010 -0.01075
v -0.01862 0.27010 0.01075
v 0.00000 0.27010 0.02150
v -0.01862 0.27010 -0.01075
v -0.01862 0.24430 0.01075
v -0.01862 0.27010 -0.01075
v -0.01862 0.27010 0.01075
v -0.01862 0.24430 -0.01075
v -0.01862 0.24430 -0.01075
v 0.00000 0.27010 -0.02150
v -0.01862 0.27010 -0.01075
v 0.00000 0.24430 -0.02150
v -0.01862 0.24430 -0.01075
v 0.01862 0.24430 -0.01075
v 0.00000 0.24430 -0.02150
v 0.00000 0.24430 0.02150
v -0.01862 0.24430 0.01075
v 0.01862 0.24430 0.01075
vn 0.1865 -0.7746 0.6043
vn 0.1865 -0.7746 0.6043
vn 0.1865 -0.7746 0.6043
vn 0.6146 -0.7888 0.0000
vn 0.6146 -0.7888 0.0000
vn 0.6146 -0.7888 0.0000
vn -0.4938 -0.7833 0.3776
vn -0.4938 -0.7833 0.3776
vn -0.4938 -0.7833 0.3776
vn -0.4938 -0.7833 -0.3777
vn -0.4938 -0.7833 -0.3777
vn -0.4938 -0.7833 -0.3777
vn 0.1865 -0.7746 -0.6043
vn 0.1865 -0.7746 -0.6043
vn 0.1865 -0.7746 -0.6043
vn 0.9829 -0.1840 -0.0000
vn 0.9829 -0.1840 -0.0000
vn 0.9829 -0.1840 -0.0000
vn 0.2903 -0.1759 0.9406
vn 0.2903 -0.1759 0.9406
vn 0.2903 -0.1759 0.9406
vn -0.7812 -0.1808 0.5975
vn -0.7812 -0.1808 0.5975
vn -0.7812 -0.1808 0.5975
vn -0.7812 -0.1808 -0.5976
vn -0.7812 -0.1808 -0.5976
vn -0.7812 -0.1808 -0.5976
vn 0.2903 -0.1759 -0.9406
vn 0.2903 -0.1759 -0.9406
vn 0.2903 -0.1759 -0.9406
vn 0.7812 0.1808 0.5976
vn 0.7812 0.1808 0.5976
vn 0.7812 0.1808 0.5976
vn -0.2903 0.1759 0.9406
vn -0.2903 0.1759 0.9406
vn -0.2903 0.1759 0.9406
vn -0.9829 0.1840 -0.0000
vn -0.9829 0.1840 -0.0000
vn -0.9829 0.1840 -0.0000
vn -0.2903 0.1759 -0.9406
vn -0.2903 0.1759 -0.9406
vn -0.2903 0.1759 -0.9406
vn 0.7812 0.1808 -0.5975
vn 0.7812 0.1808 -0.5975
vn 0.7812 0.1808 -0.5975
vn 0.4938 0.7833 0.3777
vn 0.4938 0.7833 0.3777
vn 0.4938 0.7833 0.3777
vn -0.1865 0.7746 0.6043
vn -0.1865 0.7746 0.6043
vn -0.1865 0.7746 0.6043
vn -0.6146 0.7888 0.0000
vn -0.6146 0.7888 0.0000
vn -0.6146 0.7888 0.0000
vn -0.1865 0.7746 -0.6043
vn -0.1865 0.7746 -0.6043
vn -0.1865 0.7746 -0.6043
vn 0.4938 0.7833 -0.3775
vn 0.4938 0.7833 -0.3775
vn 0.4938 0.7833 -0.3775
vn 0.1721 -0.7292 0.6623
vn 0.1721 -0.7292 0.6623
vn 0.1721 -0.7292 0.6623
vn 0.6070 -0.7947 0.0000
vn 0.6070 -0.7947 0.0000
vn 0.6070 -0.7947 0.0000
vn -0.4744 -0.7676 0.4309
vn -0.4744 -0.7676 0.4309
vn -0.4744 -0.7676 0.4309
vn -0.4744 -0.7676 -0.4309
vn -0.4744 -0.7676 -0.4309
vn -0.4744 -0.7676 -0.4309
vn 0.1722 -0.7292 -0.6623
vn 0.1722 -0.7292 -0.6623
vn 0.1722 -0.7292 -0.6623
vn 0.9822 -0.1876 -0.0000
vn 0.9822 -0.1876 -0.0000
vn 0.9822 -0.1876 -0.0000
vn 0.2486 -0.1536 0.9564
vn 0.2486 -0.1536 0.9564
vn 0.2486 -0.1536 0.9564
vn -0.7292 -0.1721 0.6623
vn -0.7292 -0.1721 0.6623
vn -0.7292 -0.1721 0.6623
vn -0.7292 -0.1721 -0.6623
vn -0.7292 -0.1721 -0.6623
vn -0.7292 -0.1721 -0.6623
vn 0.2486 -0.1536 -0.9563
vn 0.2486 -0.1536 -0.9563
vn 0.2486 -0.1536 -0.9563
vn 0.7292 0.1721 0.6624
vn 0.7292 0.1721 0.6624
vn 0.7292 0.1721 0.6624
vn -0.2486 0.1536 0.9563
vn -0.2486 0.1536 0.9563
vn -0.2486 0.1536 0.9563
vn -0.9823 0.1876 -0.0000
vn -0.9823 0.1876 -0.0000
vn -0.9823 0.1876 -0.0000
vn -0.2486 0.1536 -0.9563
vn -0.2486 0.1536 -0.9563
vn -0.2486 0.1536 -0.9563
vn 0.7292 0.1721 -0.6623
vn 0.7292 0.1721 -0.6623
vn 0.7292 0.1721 -0.6623
vn 0.4744 0.7676 0.4310
vn 0.4744 0.7676 0.4310
vn 0.4744 0.7676 0.4310
vn -0.1722 0.7291 0.6623
vn -0.1722 0.7291 0.6623
vn -0.1722 0.7291 0.6623
vn -0.6071 0.7946 0.0000
vn -0.6071 0.7946 0.0000
vn -0.6071 0.7946 0.0000
vn -0.1722 0.7292 -0.6623
vn -0.1722 0.7292 -0.6623
vn -0.1722 0.7292 -0.6623
vn 0.4744 0.7677 -0.4308
vn 0.4744 0.7677 -0.4308
vn 0.4744 0.7677 -0.4308
vn 0.1875 -0.7947 0.5773
vn 0.1875 -0.7947 0.5773
vn 0.1875 -0.7947 0.5773
vn 0.6070 -0.7947 0.0000
vn 0.6070 -0.7947 0.0000
vn 0.6070 -0.7947 0.0000
vn -0.4911 -0.7947 0.3567
vn -0.4911 -0.7947 0.3567
vn -0.4911 -0.7947 0.3567
vn -0.4911 -0.7947 -0.3568
vn -0.4911 -0.7947 -0.3568
vn -0.4911 -0.7947 -0.3568
vn 0.1876 -0.7947 -0.5774
vn 0.1876 -0.7947 -0.5774
vn 0.1876 -0.7947 -0.5774
vn 0.9822 -0.1876 -0.0000
vn 0.9822 -0.1876 -0.0000
vn 0.9822 -0.1876 -0.0000
vn 0.3035 -0.1876 0.9342
vn 0.3035 -0.1876 0.9342
vn 0.3035 -0.1876 0.9342
vn -0.7947 -0.1877 0.5773
vn -0.7947 -0.1877 0.5773
vn -0.7947 -0.1877 0.5773
vn -0.7946 -0.1876 -0.5775
vn -0.7946 -0.1876 -0.5775
vn -0.7946 -0.1876 -0.5775
vn 0.3035 -0.1876 -0.9342
vn 0.3035 -0.1876 -0.9342
vn 0.3035 -0.1876 -0.9342
vn 0.7946 0.1876 0.5774
vn 0.7946 0.1876 0.5774
vn 0.7946 0.1876 0.5774
vn -0.3035 0.1876 0.9342
vn -0.3035 0.1876 0.9342
vn -0.3035 0.1876 0.9342
vn -0.9823 0.1876 -0.0000
vn -0.9823 0.1876 -0.0000
vn -0.9823 0.1876 -0.0000
vn -0.3035 0.1876 -0.9342
vn -0.3035 0.1876 -0.9342
vn -0.3035 0.1876 -0.9342
vn 0.7946 0.1876 -0.5774
vn 0.7946 0.1876 -0.5774
vn 0.7946 0.1876 -0.5774
vn 0.4911 0.7947 0.3568
vn 0.4911 0.7947 0.3568
vn 0.4911 0.7947 0.3568
vn -0.1876 0.7946 0.5774
vn -0.1876 0.7946 0.5774
vn -0.1876 0.7946 0.5774
vn -0.6071 0.7946 0.0000
vn -0.6071 0.7946 0.0000
vn -0.6071 0.7946 0.0000
vn -0.1876 0.7946 -0.5774
vn -0.1876 0.7946 -0.5774
vn -0.1876 0.7946 -0.5774
vn 0.4911 0.7947 -0.3567
vn 0.4911 0.7947 -0.3567
vn 0.4911 0.7947 -0.3567
vn 0.1875 -0.7947 0.5773
vn 0.1875 -0.7947 0.5773
vn 0.1875 -0.7947 0.5773
vn 0.6070 -0.7947 0.0000
vn 0.6070 -0.7947 0.0000
vn 0.6070 -0.7947 0.0000
vn -0.4911 -0.7947 0.3567
vn -0.4911 -0.7947 0.3567
vn -0.4911 -0.7947 0.3567
vn -0.4911 -0.7947 -0.3568
vn -0.4911 -0.7947 -0.3568
vn -0.4911 -0.7947 -0.3568
vn 0.1876 -0.7947 -0.5774
vn 0.1876 -0.7947 -0.5774
vn 0.1876 -0.7947 -0.5774
vn 0.9822 -0.1876 -0.0000
vn 0.9822 -0.1876 -0.0000
vn 0.9822 -0.1876 -0.0000
vn 0.3035 -0.1876 0.9342
vn 0.3035 -0.1876 0.9342
vn 0.3035 -0.1876 0.9342
vn -0.7947 -0.1877 0.5773
vn -0.7947 -0.1877 0.5773
vn -0.7947 -0.1877 0.5773
vn -0.7946 -0.1876 -0.5775
vn -0.7946 -0.1876 -0.5775
vn -0.7946 -0.1876 -0.5775
vn 0.3035 -0.1876 -0.9342
vn 0.3035 -0.1876 -0.9342
vn 0.3035 -0.1876 -0.9342
vn 0.7946 0.1876 0.5774
vn 0.7946 0.1876 0.5774
vn 0.7946 0.1876 0.5774
vn -0.3035 0.1876 0.9342
vn -0.3035 0.1876 0.9342
vn -0.3035 0.1876 0.9342
vn -0.9823 0.1876 -0.0000
vn -0.9823 0.1876 -0.0000
vn -0.9823 0.1876 -0.0000
vn -0.3035 0.1876 -0.9342
vn -0.3035 0.1876 -0.9342
vn -0.3035 0.1876 -0.9342
vn 0.7946 0.1876 -0.5774
vn 0.7946 0.1876 -0.5774
vn 0.7946 0.1876 -0.5774
vn 0.4911 0.7947 0.3568
vn 0.4911 0.7947 0.3568
vn 0.4911 0.7947 0.3568
vn -0.1876 0.7946 0.5774
vn -0.1876 0.7946 0.5774
vn -0.1876 0.7946 0.5774
vn -0.6071 0.7946 0.0000
vn -0.6071 0.7946 0.0000
vn -0.6071 0.7946 0.0000
vn -0.1876 0.7946 -0.5774
vn -0.1876 0.7946 -0.5774
vn -0.1876 0.7946 -0.5774
vn 0.4911 0.7947 -0.3567
vn 0.4911 0.7947 -0.3567
vn 0.4911 0.7947 -0.3567
vn 0.5000 0.0000 -0.8660
vn 0.5000 0.0000 -0.8660
vn 0.5000 0.0000 -0.8660
vn 0.5000 0.0000 -0.8660
vn 1.0000 0.0000 -0.0000
vn 1.0000 0.0000 -0.0000
vn 1.0000 0.0000 -0.0000
vn 1.0000 0.0000 -0.0000
vn 0.5000 -0.0000 0.8660
vn 0.5000 -0.0000 0.8660
vn 0.5000 -0.0000 0.8660
vn 0.5000 -0.0000 0.8660
vn -0.5000 -0.0000 0.8660
vn -0.5000 -0.0000 0.8660
vn -0.5000 -0.0000 0.8660
vn -0.5000 -0.0000 0.8660
vn 0.0000 1.0000 -0.0000
vn 0.0000 1.0000 -0.0000
vn 0.0000 1.0000 -0.0000
vn 0.0000 1.0000 -0.0000
vn 0.0000 1.0000 -0.0000
vn 0.0000 1.0000 -0.0000
vn -1.0000 0.0000 -0.0000
vn -1.0000 0.0000 -0.0000
vn -1.0000 0.0000 -0.0000
vn -1.0000 0.0000 -0.0000
vn -0.5000 0.0000 -0.8660
vn -0.5000 0.0000 -0.8660
vn -0.5000 0.0000 -0.8660
vn -0.5000 0.0000 -0.8660
vn 0.0000 -1.0000 -0.0000
vn 0.0000 -1.0000 -0.0000
vn 0.0000 -1.0000 -0.0000
vn 0.0000 -1.0000 -0.0000
vn 0.0000 -1.0000 -0.0000
vn 0.0000 -1.0000 -0.0000
f 1087//1087 1089//1089 1088//1088
f 1090//1090 1092//1092 1091//1091
f 1093//1093 1095//1095 1094//1094
f 1096//1096 1098//1098 1097//1097
f 1099//1099 1101//1101 1100//1100
f 1102//1102 1104//1104 1103//1103
f 1105//1105 1107//1107 1106//1106
f 1108//1108 1110//1110 1109//1109
f 1111//1111 1113//1113 1112//1112
f 1114//1114 1116//1116 1115//1115
f 1117//1117 1119//1119 1118//1118
f 1120//1120 1122//1122 1121//1121
f 1123//1123 1125//1125 1124//1124
f 1126//1126 1128//1128 1127//1127
f 1129//1129 1131//1131 1130//1130
f 1132//1132 1134//1134 1133//1133
f 1135//1135 1137//1137 1136//1136
f 1138//1138 1140//1140 1139//1139
f 1141//1141 1143//1143 1142//1142
f 1144//1144 1146//1146 1145//1145
f 1147//1147 1149//1149 1148//1148
f 1150//1150 1152//1152 1151//1151
f 1153//1153 1155//1155 1154//1154
f 1156//1156 1158//1158 1157//1157
f 1159//1159 1161//1161 1160//1160
f 1162//1162 1164//1164 1163//1163
f 1165//1165 1167//1167 1166//1166
f 1168//1168 1170//1170 1169//1169
f 1171//1171 1173//1173 1172//1172
f 1174//1174 1176//1176 1175//1175
f 1177//1177 1179//1179 1178//1178
f 1180//1180 1182//1182 1181//1181
f 1183//1183 1185//1185 1184//1184
f 1186//1186 1188//1188 1187//1187
f 1189//1189 1191//1191 1190//1190
f 1192//1192 1194//1194 1193//1193
f 1195//1195 1197//1197 1196//1196
f 1198//1198 1200//1200 1199//1199
f 1201//1201 1203//1203 1202//1202
f 1204//1204 1206//1206 1205//1205
f 1207//1207 1209//1209 1208//1208
f 1207//1207 1208//1208 1210//1210
f 1211//1211 1213//1213 1212//1212
f 1211//1211 1212//1212 1214//1214
f 1215//1215 1217//1217 1216//1216
f 1215//1215 1216//1216 1218//1218
f 1219//1219 1221//1221 1220//1220
f 1219//1219 1220//1220 1222//1222
f 1223//1223 1225//1225 1224//1224
f 1224//1224 1226//1226 1223//1223
f 1226//1226 1227//1227 1223//1223
f 1224//1224 1228//1228 1226//1226
f 1229//1229 1231//1231 1230//1230
f 1229//1229 1230//1230 1232//1232
f 1233//1233 1235//1235 1234//1234
f 1233//1233 1234//1234 1236//1236
f 1237//1237 1239//1239 1238//1238
f 1238//1238 1240//1240 1237//1237
f 1240//1240 1241//1241 1237//1237
f 1238//1238 1242//1242 1240//1240
f 967//967 969//969 968//968
f 970//970 972//972 971//971
f 973//973 975//975 974//974
f 976//976 978//978 977//977
f 979//979 981//981 980//980
f 982//982 984//984 983//983
f 985//985 987//987 986//986
f 988//988 990//990 989//989
f 991//991 993//993 992//992
f 994//994 996//996 995//995
f 997//997 999//999 998//998
f 1000//1000 1002//1002 1001//1001
f 1003//1003 1005//1005 1004//1004
f 1006//1006 1008//1008 1007//1007
f 1009//1009 1011//1011 1010//1010
f 1012//1012 1014//1014 1013//1013
f 1015//1015 1017//1017 1016//1016
f 1018//1018 1020//1020 1019//1019
f 1021//1021 1023//1023 1022//1022
f 1024//1024 1026//1026 1025//1025
f 1027//1027 1029//1029 1028//1028
f 1030//1030 1032//1032 1031//1031
f 1033//1033 1035//1035 1034//1034
f 1036//1036 1038//1038 1037//1037
f 1039//1039 1041//1041 1040//1040
f 1042//1042 1044//1044 1043//1043
f 1045//1045 1047//1047 1046//1046
f 1048//1048 1050//1050 1049//1049
f 1051//1051 1053//1053 1052//1052
f 1054//1054 1056//1056 1055//1055
f 1057//1057 1059//1059 1058//1058
f 1060//1060 1062//1062 1061//1061
f 1063//1063 1065//1065 1064//1064
f 1066//1066 1068//1068 1067//1067
f 1069//1069 1071//1071 1070//1070
f 1072//1072 1074//1074 1073//1073
f 1075//1075 1077//1077 1076//1076
f 1078//1078 1080//1080 1079//1079
f 1081//1081 1083//1083 1082//1082
f 1084//1084 1086//1086 1085//1085
g body_black
usemtl black
v -0.02451 0.29676 0.05074
v -0.02451 0.31052 0.04558
v -0.02451 0.31052 0.05074
v -0.02451 0.29676 0.04558
v -0.02451 0.29676 0.04558
v -0.01333 0.31052 0.04558
v -0.02451 0.31052 0.04558
v -0.01333 0.29676 0.04558
v -0.01333 0.29676 0.04558
v -0.01333 0.31052 0.05074
v -0.01333 0.31052 0.04558
v -0.01333 0.29676 0.05074
v -0.01333 0.29676 0.05074
v -0.02451 0.31052 0.05074
v -0.01333 0.31052 0.05074
v -0.02451 0.29676 0.05074
v -0.02451 0.29676 0.04558
v -0.01333 0.29676 0.05074
v -0.01333 0.29676 0.04558
v -0.02451 0.29676 0.05074
v -0.01333 0.31052 0.04558
v -0.02451 0.31052 0.05074
v -0.02451 0.31052 0.04558
v -0.01333 0.31052 0.05074
v 0.01333 0.29676 0.05074
v 0.01333 0.31052 0.04558
v 0.01333 0.31052 0.05074
v 0.01333 0.29676 0.04558
v 0.01333 0.29676 0.04558
v 0.02451 0.31052 0.04558
v 0.01333 0.31052 0.04558
v 0.02451 0.29676 0.04558
v 0.02451 0.29676 0.04558
v 0.02451 0.31052 0.05074
v 0.02451 0.31052 0.04558
v 0.02451 0.29676 0.05074
v 0.02451 0.29676 0.05074
v 0.01333 0.31052 0.05074
v 0.02451 0.31052 0.05074
v 0.01333 0.29676 0.05074
v 0.01333 0.29676 0.04558
v 0.02451 0.29676 0.05074
v 0.02451 0.29676 0.04558
v 0.01333 0.29676 0.05074
v 0.02451 0.31052 0.04558
v 0.01333 0.31052 0.05074
v 0.01333 0.31052 0.04558
v 0.02451 0.31052 0.05074
v -0.02279 0.29504 0.06278
v -0.02279 0.30880 0.05762
v -0.02279 0.30880 0.06278
v -0.02279 0.29504 0.05762
v -0.02279 0.29504 0.05762
v -0.01161 0.30880 0.05762
v -0.02279 0.30880 0.05762
v -0.01161 0.29504 0.05762
v -0.01161 0.29504 0.05762
v -0.01161 0.30880 0.06278
v -0.01161 0.30880 0.05762
v -0.01161 0.29504 0.06278
v -0.01161 0.29504 0.06278
v -0.02279 0.30880 0.06278
v -0.01161 0.30880 0.06278
v -0.02279 0.29504 0.06278
v -0.02279 0.29504 0.05762
v -0.01161 0.29504 0.06278
v -0.01161 0.29504 0.05762
v -0.02279 0.29504 0.06278
v -0.01161 0.30880 0.05762
v -0.02279 0.30880 0.06278
v -0.02279 0.30880 0.05762
v -0.01161 0.30880 0.06278
v 0.01161 0.29504 0.06278
v 0.01161 0.30880 0.05762
v 0.01161 0.30880 0.06278
v 0.01161 0.29504 0.05762
v 0.01161 0.29504 0.05762
v 0.02279 0.30880 0.05762
v 0.01161 0.30880 0.05762
v 0.02279 0.29504 0.05762
v 0.02279 0.29504 0.05762
v 0.02279 0.30880 0.06278
v 0.02279 0.30880 0.05762
v 0.02279 0.29504 0.06278
v 0.02279 0.29504 0.06278
v 0.01161 0.30880 0.06278
v 0.02279 0.30880 0.06278
v 0.01161 0.29504 0.06278
v 0.01161 0.29504 0.05762
v 0.02279 0.29504 0.06278
v 0.02279 0.29504 0.05762
v 0.01161 0.29504 0.06278
v 0.02279 0.30880 0.05762
v 0.01161 0.30880 0.06278
v 0.01161 0.30880 0.05762
v 0.02279 0.30880 0.06278
vn -1.0000 0.0000 -0.0000
vn -1.0000 0.0000 -0.0000
vn -1.0000 0.0000 -0.0000
vn -1.0000 0.0000 -0.0000
vn 0.0000 0.0000 -1.0000
vn 0.0000 0.0000 -1.0000
vn 0.0000 0.0000 -1.0000
vn 0.0000 0.0000 -1.0000
vn 1.0000 0.0000 -0.0000
vn 1.0000 0.0000 -0.0000
vn 1.0000 0.0000 -0.0000
vn 1.0000 0.0000 -0.0000
vn -0.0000 -0.0000 1.0000
vn -0.0000 -0.0000 1.0000
vn -0.0000 -0.0000 1.0000
vn -0.0000 -0.0000 1.0000
vn 0.0000 -1.0000 -0.0000
vn 0.0000 -1.0000 -0.0000
vn 0.0000 -1.0000 -0.0000
vn 0.0000 -1.0000 -0.0000
vn 0.0000 1.0000 -0.0000
vn 0.0000 1.0000 -0.0000
vn 0.0000 1.0000 -0.0000
vn 0.0000 1.0000 -0.0000
vn -1.0000 0.0000 -0.0000
vn -1.0000 0.0000 -0.0000
vn -1.0000 0.0000 -0.0000
vn -1.0000 0.0000 -0.0000
vn 0.0000 0.0000 -1.0000
vn 0.0000 0.0000 -1.0000
vn 0.0000 0.0000 -1.0000
vn 0.0000 0.0000 -1.0000
vn 1.0000 0.0000 -0.0000
vn 1.0000 0.0000 -0.0000
vn 1.0000 0.0000 -0.0000
vn 1.0000 0.0000 -0.0000
vn -0.0000 -0.0000 1.0000
vn -0.0000 -0.0000 1.0000
vn -0.0000 -0.0000 1.0000
vn -0.0000 -0.0000 1.0000
vn 0.0000 -1.0000 -0.0000
vn 0.0000 -1.0000 -0.0000
vn 0.0000 -1.0000 -0.0000
vn 0.0000 -1.0000 -0.0000
vn 0.0000 1.0000 -0.0000
vn 0.0000 1.0000 -0.0000
vn 0.0000 1.0000 -0.0000
vn 0.0000 1.0000 -0.0000
vn -1.0000 0.0000 -0.0000
vn -1.0000 0.0000 -0.0000
vn -1.0000 0.0000 -0.0000
vn -1.0000 0.0000 -0.0000
vn 0.0000 0.0000 -1.0000
vn 0.0000 0.0000 -1.0000
vn 0.0000 0.0000 -1.0000
vn 0.0000 0.0000 -1.0000
vn 1.0000 0.0000 -0.0000
vn 1.0000 0.0000 -0.0000
vn 1.0000 0.0000 -0.0000
vn 1.0000 0.0000 -0.0000
vn -0.0000 -0.0000 1.0000
vn -0.0000 -0.0000 1.0000
vn -0.0000 -0.0000 1.0000
vn -0.0000 -0.0000 1.0000
vn 0.0000 -1.0000 -0.0000
vn 0.0000 -1.0000 -0.0000
vn 0.0000 -1.0000 -0.0000
vn 0.0000 -1.0000 -0.0000
vn 0.0000 1.0000 -0.0000
vn 0.0000 1.0000 -0.0000
vn 0.0000 1.0000 -0.0000
vn 0.0000 1.0000 -0.0000
vn -1.0000 0.0000 -0.0000
vn -1.0000 0.0000 -0.0000
vn -1.0000 0.0000 -0.0000
vn -1.0000 0.0000 -0.0000
vn 0.0000 0.0000 -1.0000
vn 0.0000 0.0000 -1.0000
vn 0.0000 0.0000 -1.0000
vn 0.0000 0.0000 -1.0000
vn 1.0000 0.0000 -0.0000
vn 1.0000 0.0000 -0.0000
vn 1.0000 0.0000 -0.0000
vn 1.0000 0.0000 -0.0000
vn -0.0000 -0.0000 1.0000
vn -0.0000 -0.0000 1.0000
vn -0.0000 -0.0000 1.0000
vn -0.0000 -0.0000 1.0000
vn 0.0000 -1.0000 -0.0000
vn 0.0000 -1.0000 -0.0000
vn 0.0000 -1.0000 -0.0000
vn 0.0000 -1.0000 -0.0000
vn 0.0000 1.0000 -0.0000
vn 0.0000 1.0000 -0.0000
vn 0.0000 1.0000 -0.0000
vn 0.0000 1.0000 -0.0000
f 1243//1243 1245//1245 1244//1244
f 1243//1243 1244//1244 1246//1246
f 1247//1247 1249//1249 1248//1248
f 1247//1247 1248//1248 1250//1250
f 1251//1251 1253//1253 1252//1252
f 1251//1251 1252//1252 1254//1254
f 1255//1255 1257//1257 1256//1256
f 1255//1255 1256//1256 1258//1258
f 1259//1259 1261//1261 1260//1260
f 1259//1259 1260//1260 1262//1262
f 1263//1263 1265//1265 1264//1264
f 1263//1263 1264//1264 1266//1266
f 1267//1267 1269//1269 1268//1268
f 1267//1267 1268//1268 1270//1270
f 1271//1271 1273//1273 1272//1272
f 1271//1271 1272//1272 1274//1274
f 1275//1275 1277//1277 1276//1276
f 1275//1275 1276//1276 1278//1278
f 1279//1279 1281//1281 1280//1280
f 1279//1279 1280//1280 1282//1282
f 1283//1283 1285//1285 1284//1284
f 1283//1283 1284//1284 1286//1286
f 1287//1287 1289//1289 1288//1288
f 1287//1287 1288//1288 1290//1290
f 1291//1291 1293//1293 1292//1292
f 1291//1291 1292//1292 1294//1294
f 1295//1295 1297//1297 1296//1296
f 1295//1295 1296//1296 1298//1298
f 1299//1299 1301//1301 1300//1300
f 1299//1299 1300//1300 1302//1302
f 1303//1303 1305//1305 1304//1304
f 1303//1303 1304//1304 1306//1306
f 1307//1307 1309//1309 1308//1308
f 1307//1307 1308//1308 1310//1310
f 1311//1311 1313//1313 1312//1312
f 1311//1311 1312//1312 1314//1314
f 1315//1315 1317//1317 1316//1316
f 1315//1315 1316//1316 1318//1318
f 1319//1319 1321//1321 1320//1320
f 1319//1319 1320//1320 1322//1322
f 1323//1323 1325//1325 1324//1324
f 1323//1323 1324//1324 1326//1326
f 1327//1327 1329//1329 1328//1328
f 1327//1327 1328//1328 1330//1330
f 1331//1331 1333//1333 1332//1332
f 1331//1331 1332//1332 1334//1334
f 1335//1335 1337//1337 1336//1336
f 1335//1335 1336//1336 1338//1338
g body_team_dark
usemtl team_dark
v 0.00000 0.24516 -0.01032
v -0.01711 0.27939 0.04499
v 0.04481 0.27939 0.02386
v 0.04481 0.27939 0.02386
v 0.04481 0.27939 -0.04450
v 0.00000 0.24516 -0.01032
v 0.00000 0.24516 -0.01032
v -0.05538 0.27939 -0.01032
v -0.01711 0.27939 0.04499
v 0.00000 0.24516 -0.01032
v -0.01711 0.27939 -0.06563
v -0.05538 0.27939 -0.01032
v 0.00000 0.24516 -0.01032
v 0.04481 0.27939 -0.04450
v -0.01711 0.27939 -0.06563
v 0.04481 0.27939 0.02386
v 0.05538 0.33477 -0.01032
v 0.04481 0.27939 -0.04450
v -0.01711 0.27939 0.04499
v 0.01711 0.33477 0.04499
v 0.04481 0.27939 0.02386
v -0.05538 0.27939 -0.01032
v -0.04481 0.33477 0.02386
v -0.01711 0.27939 0.04499
v -0.01711 0.27939 -0.06563
v -0.04481 0.33477 -0.04450
v -0.05538 0.27939 -0.01032
v 0.04481 0.27939 -0.04450
v 0.01711 0.33477 -0.06563
v -0.01711 0.27939 -0.06563
v 0.04481 0.27939 0.02386
v 0.01711 0.33477 0.04499
v 0.05538 0.33477 -0.01032
v -0.01711 0.27939 0.04499
v -0.04481 0.33477 0.02386
v 0.01711 0.33477 0.04499
v -0.05538 0.27939 -0.01032
v -0.04481 0.33477 -0.04450
v -0.04481 0.33477 0.02386
v -0.01711 0.27939 -0.06563
v 0.01711 0.33477 -0.06563
v -0.04481 0.33477 -0.04450
v 0.04481 0.27939 -0.04450
v 0.05538 0.33477 -0.01032
v 0.01711 0.33477 -0.06563
v 0.01711 0.33477 0.04499
v 0.00000 0.36900 -0.01032
v 0.05538 0.33477 -0.01032
v -0.04481 0.33477 0.02386
v 0.00000 0.36900 -0.01032
v 0.01711 0.33477 0.04499
v -0.04481 0.33477 -0.04450
v 0.00000 0.36900 -0.01032
v -0.04481 0.33477 0.02386
v 0.01711 0.33477 -0.06563
v 0.00000 0.36900 -0.01032
v -0.04481 0.33477 -0.04450
v 0.05538 0.33477 -0.01032
v 0.00000 0.36900 -0.01032
v 0.01711 0.33477 -0.06563
v 0.00000 0.33030 -0.04300
v 0.02830 0.34445 -0.05117
v 0.00000 0.35860 -0.05934
v 0.02830 0.31615 -0.03483
v -0.02830 0.34445 -0.05117
v 0.00000 0.30200 -0.02666
v -0.02830 0.31615 -0.03483
v 0.00000 0.35860 -0.05934
v 0.02830 0.34445 -0.05117
v 0.00000 0.35395 -0.00204
v 0.02830 0.34445 -0.05117
v 0.02830 0.31615 -0.03483
v 0.00000 0.35395 -0.00204
v 0.02830 0.31615 -0.03483
v 0.00000 0.30200 -0.02666
v 0.00000 0.35395 -0.00204
v 0.00000 0.30200 -0.02666
v -0.02830 0.31615 -0.03483
v 0.00000 0.35395 -0.00204
v -0.02830 0.31615 -0.03483
v -0.02830 0.34445 -0.05117
v 0.00000 0.35395 -0.00204
v -0.02830 0.34445 -0.05117
v 0.00000 0.35860 -0.05934
v 0.00000 0.35395 -0.00204
vn 0.1906 -0.8073 0.5586
vn 0.1906 -0.8073 0.5586
vn 0.1906 -0.8073 0.5586
vn 0.6070 -0.7947 0.0000
vn 0.6070 -0.7947 0.0000
vn 0.6070 -0.7947 0.0000
vn -0.4941 -0.7994 0.3418
vn -0.4941 -0.7994 0.3418
vn -0.4941 -0.7994 0.3418
vn -0.4940 -0.7994 -0.3419
vn -0.4940 -0.7994 -0.3419
vn -0.4940 -0.7994 -0.3419
vn 0.1906 -0.8073 -0.5586
vn 0.1906 -0.8073 -0.5586
vn 0.1906 -0.8073 -0.5586
vn 0.9822 -0.1876 -0.0000
vn 0.9822 -0.1876 -0.0000
vn 0.9822 -0.1876 -0.0000
vn 0.3167 -0.1957 0.9281
vn 0.3167 -0.1957 0.9281
vn 0.3167 -0.1957 0.9281
vn -0.8073 -0.1906 0.5585
vn -0.8073 -0.1906 0.5585
vn -0.8073 -0.1906 0.5585
vn -0.8072 -0.1906 -0.5586
vn -0.8072 -0.1906 -0.5586
vn -0.8072 -0.1906 -0.5586
vn 0.3167 -0.1957 -0.9281
vn 0.3167 -0.1957 -0.9281
vn 0.3167 -0.1957 -0.9281
vn 0.8072 0.1906 0.5586
vn 0.8072 0.1906 0.5586
vn 0.8072 0.1906 0.5586
vn -0.3167 0.1957 0.9281
vn -0.3167 0.1957 0.9281
vn -0.3167 0.1957 0.9281
vn -0.9823 0.1876 -0.0000
vn -0.9823 0.1876 -0.0000
vn -0.9823 0.1876 -0.0000
vn -0.3167 0.1957 -0.9281
vn -0.3167 0.1957 -0.9281
vn -0.3167 0.1957 -0.9281
vn 0.8073 0.1906 -0.5585
vn 0.8073 0.1906 -0.5585
vn 0.8073 0.1906 -0.5585
vn 0.4941 0.7994 0.3419
vn 0.4941 0.7994 0.3419
vn 0.4941 0.7994 0.3419
vn -0.1906 0.8072 0.5586
vn -0.1906 0.8072 0.5586
vn -0.1906 0.8072 0.5586
vn -0.6071 0.7946 0.0000
vn -0.6071 0.7946 0.0000
vn -0.6071 0.7946 0.0000
vn -0.1906 0.8073 -0.5586
vn -0.1906 0.8073 -0.5586
vn -0.1906 0.8073 -0.5586
vn 0.4941 0.7994 -0.3418
vn 0.4941 0.7994 -0.3418
vn 0.4941 0.7994 -0.3418
vn 0.0000 -0.5000 -0.8660
vn 0.0000 -0.5000 -0.8660
vn 0.0000 -0.5000 -0.8660
vn 0.0000 -0.5000 -0.8660
vn 0.0000 -0.5000 -0.8660
vn 0.0000 -0.5000 -0.8660
vn 0.0000 -0.5000 -0.8660
vn 0.4291 0.9003 0.0732
vn 0.4291 0.9003 0.0732
vn 0.4291 0.9003 0.0732
vn 0.8581 0.2567 0.4447
vn 0.8581 0.2567 0.4447
vn 0.8581 0.2567 0.4447
vn 0.4290 -0.3869 0.8162
vn 0.4290 -0.3869 0.8162
vn 0.4290 -0.3869 0.8162
vn -0.4291 -0.3869 0.8162
vn -0.4291 -0.3869 0.8162
vn -0.4291 -0.3869 0.8162
vn -0.8581 0.2567 0.4447
vn -0.8581 0.2567 0.4447
vn -0.8581 0.2567 0.4447
vn -0.4291 0.9003 0.0731
vn -0.4291 0.9003 0.0731
vn -0.4291 0.9003 0.0731
f 1339//1339 1341//1341 1340//1340
f 1342//1342 1344//1344 1343//1343
f 1345//1345 1347//1347 1346//1346
f 1348//1348 1350//1350 1349//1349
f 1351//1351 1353//1353 1352//1352
f 1354//1354 1356//1356 1355//1355
f 1357//1357 1359//1359 1358//1358
f 1360//1360 1362//1362 1361//1361
f 1363//1363 1365//1365 1364//1364
f 1366//1366 1368//1368 1367//1367
f 1369//1369 1371//1371 1370//1370
f 1372//1372 1374//1374 1373//1373
f 1375//1375 1377//1377 1376//1376
f 1378//1378 1380//1380 1379//1379
f 1381//1381 1383//1383 1382//1382
f 1384//1384 1386//1386 1385//1385
f 1387//1387 1389//1389 1388//1388
f 1390//1390 1392//1392 1391//1391
f 1393//1393 1395//1395 1394//1394
f 1396//1396 1398//1398 1397//1397
f 1399//1399 1401//1401 1400//1400
f 1399//1399 1400//1400 1402//1402
f 1399//1399 1403//1403 1401//1401
f 1399//1399 1402//1402 1404//1404
f 1399//1399 1405//1405 1403//1403
f 1399//1399 1404//1404 1405//1405
f 1406//1406 1408//1408 1407//1407
f 1409//1409 1411//1411 1410//1410
f 1412//1412 1414//1414 1413//1413
f 1415//1415 1417//1417 1416//1416
f 1418//1418 1420//1420 1419//1419
f 1421//1421 1423//1423 1422//1422
g body_white
usemtl white
v 0.08500 0.27000 -0.07300
v 0.09626 0.27000 -0.05350
v 0.08500 0.30000 -0.06000
v 0.08500 0.27000 -0.07300
v 0.07374 0.27000 -0.05350
v 0.09626 0.27000 -0.05350
v 0.09626 0.27000 -0.05350
v 0.07374 0.27000 -0.05350
v 0.08500 0.30000 -0.06000
v 0.07374 0.27000 -0.05350
v 0.08500 0.27000 -0.07300
v 0.08500 0.30000 -0.06000
v 0.09700 0.27400 -0.07300
v 0.10826 0.27400 -0.05350
v 0.09700 0.30400 -0.06000
v 0.09700 0.27400 -0.07300
v 0.08574 0.27400 -0.05350
v 0.10826 0.27400 -0.05350
v 0.10826 0.27400 -0.05350
v 0.08574 0.27400 -0.05350
v 0.09700 0.30400 -0.06000
v 0.08574 0.27400 -0.05350
v 0.09700 0.27400 -0.07300
v 0.09700 0.30400 -0.06000
v 0.10900 0.27800 -0.07300
v 0.12026 0.27800 -0.05350
v 0.10900 0.30800 -0.06000
v 0.12026 0.27800 -0.05350
v 0.09774 0.27800 -0.05350
v 0.10900 0.30800 -0.06000
v 0.12026 0.27800 -0.05350
v 0.10900 0.27800 -0.07300
v 0.09774 0.27800 -0.05350
v 0.09774 0.27800 -0.05350
v 0.10900 0.27800 -0.07300
v 0.10900 0.30800 -0.06000
v 0.08500 0.27000 -0.06000
v 0.09700 0.27400 -0.06000
v 0.10900 0.27800 -0.06000
vn 0.8464 0.2118 -0.4886
vn 0.8464 0.2118 -0.4886
vn 0.8464 0.2118 -0.4886
vn 0.0000 -1.0000 -0.0000
vn 0.0000 -1.0000 -0.0000
vn 0.0000 -1.0000 -0.0000
vn -0.0000 0.2118 0.9773
vn -0.0000 0.2118 0.9773
vn -0.0000 0.2118 0.9773
vn -0.8464 0.2118 -0.4886
vn -0.8464 0.2118 -0.4886
vn -0.8464 0.2118 -0.4886
vn 0.8464 0.2118 -0.4886
vn 0.8464 0.2118 -0.4886
vn 0.8464 0.2118 -0.4886
vn 0.0000 -1.0000 -0.0000
vn 0.0000 -1.0000 -0.0000
vn 0.0000 -1.0000 -0.0000
vn -0.0000 0.2118 0.9773
vn -0.0000 0.2118 0.9773
vn -0.0000 0.2118 0.9773
vn -0.8464 0.2118 -0.4886
vn -0.8464 0.2118 -0.4886
vn -0.8464 0.2118 -0.4886
vn 0.8464 0.2118 -0.4886
vn 0.8464 0.2118 -0.4886
vn 0.8464 0.2118 -0.4886
vn -0.0000 0.2118 0.9773
vn -0.0000 0.2118 0.9773
vn -0.0000 0.2118 0.9773
vn 0.0000 -1.0000 -0.0000
vn 0.0000 -1.0000 -0.0000
vn 0.0000 -1.0000 -0.0000
vn -0.8464 0.2118 -0.4886
vn -0.8464 0.2118 -0.4886
vn -0.8464 0.2118 -0.4886
vn 0.0000 -1.0000 -0.0000
vn 0.0000 -1.0000 -0.0000
vn 0.0000 -1.0000 -0.0000
f 1460//1460 1427//1427 1429//1429
f 1460//1460 1429//1429 1428//1428
f 1460//1460 1428//1428 1427//1427
f 1424//1424 1426//1426 1425//1425
f 1430//1430 1432//1432 1431//1431
f 1433//1433 1435//1435 1434//1434
f 1461//1461 1439//1439 1441//1441
f 1461//1461 1441//1441 1440//1440
f 1461//1461 1440//1440 1439//1439
f 1436//1436 1438//1438 1437//1437
f 1442//1442 1444//1444 1443//1443
f 1445//1445 1447//1447 1446//1446
f 1462//1462 1455//1455 1454//1454
f 1462//1462 1454//1454 1456//1456
f 1462//1462 1456//1456 1455//1455
f 1448//1448 1450//1450 1449//1449
f 1451//1451 1453//1453 1452//1452
f 1457//1457 1459//1459 1458//1458
g body_blazon
usemtl blazon
v 0.00000 0.15000 0.04400
v 0.04000 0.23800 0.04400
v -0.04000 0.23800 0.04400
v -0.04000 0.23800 0.05800
v 0.00000 0.15000 0.05800
v -0.03680 0.18600 0.05800
v 0.04000 0.23800 0.05800
v -0.04000 0.23800 0.04400
v -0.03680 0.18600 0.05800
v 0.00000 0.15000 0.04400
v 0.00000 0.15000 0.05800
v -0.04000 0.23800 0.05800
v 0.00000 0.15000 0.04400
v 0.04000 0.23800 0.05800
v 0.04000 0.23800 0.04400
v 0.00000 0.15000 0.05800
v 0.04000 0.23800 0.04400
v -0.04000 0.23800 0.05800
v -0.04000 0.23800 0.04400
v 0.04000 0.23800 0.05800
v -0.02800 0.16880 0.04400
v 0.02800 0.16880 0.04400
v 0.04000 0.20600 0.04400
v 0.03680 0.18600 0.05800
v 0.01520 0.15680 0.05800
v -0.02800 0.16880 0.04400
v 0.01520 0.15680 0.05800
v 0.02800 0.16880 0.04400
v 0.03680 0.18600 0.05800
v 0.04000 0.20600 0.04400
v -0.04000 0.20600 0.04400
v -0.03680 0.18600 0.04400
v 0.03680 0.18600 0.04400
v 0.01520 0.15680 0.04400
v -0.01520 0.15680 0.04400
v -0.04000 0.20600 0.05800
v 0.04000 0.20600 0.05800
v -0.02800 0.16880 0.05800
v -0.01520 0.15680 0.05800
v 0.02800 0.16880 0.05800
v -0.04000 0.20600 0.05800
v -0.04000 0.20600 0.04400
v -0.04000 0.20600 0.04400
v -0.03680 0.18600 0.05800
v -0.03680 0.18600 0.04400
v -0.04000 0.20600 0.05800
v -0.03680 0.18600 0.04400
v -0.02800 0.16880 0.05800
v -0.02800 0.16880 0.04400
v -0.01520 0.15680 0.05800
v -0.01520 0.15680 0.04400
v -0.02800 0.16880 0.05800
v -0.01520 0.15680 0.04400
v -0.01520 0.15680 0.05800
v 0.01520 0.15680 0.04400
v 0.01520 0.15680 0.04400
v 0.02800 0.16880 0.05800
v 0.01520 0.15680 0.05800
v 0.02800 0.16880 0.04400
v 0.03680 0.18600 0.04400
v 0.02800 0.16880 0.05800
v 0.03680 0.18600 0.04400
v 0.04000 0.20600 0.05800
v 0.03680 0.18600 0.05800
v 0.04000 0.20600 0.04400
v 0.04000 0.20600 0.05800
vn 0.0000 0.0000 -1.0000
vn 0.0000 0.0000 -1.0000
vn 0.0000 0.0000 -1.0000
vn -0.0000 -0.0000 1.0000
vn -0.0000 -0.0000 1.0000
vn -0.0000 -0.0000 1.0000
vn -0.0000 -0.0000 1.0000
vn -1.0000 0.0000 -0.0000
vn -0.8902 -0.4555 -0.0000
vn -0.4084 -0.9128 -0.0001
vn -0.4084 -0.9128 -0.0001
vn -1.0000 0.0000 -0.0000
vn 0.4084 -0.9128 -0.0000
vn 1.0000 0.0000 -0.0000
vn 1.0000 0.0000 -0.0000
vn 0.4084 -0.9128 -0.0000
vn 0.0000 1.0000 -0.0000
vn 0.0000 1.0000 -0.0000
vn 0.0000 1.0000 -0.0000
vn 0.0000 1.0000 -0.0000
vn 0.0000 0.0000 -1.0000
vn 0.0000 0.0000 -1.0000
vn 0.0000 0.0000 -1.0000
vn -0.0000 -0.0000 1.0000
vn -0.0000 -0.0000 1.0000
vn -0.6839 -0.7295 -0.0000
vn 0.4084 -0.9128 -0.0000
vn 0.6839 -0.7296 0.0000
vn 0.8902 -0.4555 0.0000
vn 0.9874 -0.1580 0.0000
vn 0.0000 0.0000 -1.0000
vn 0.0000 0.0000 -1.0000
vn 0.0000 0.0000 -1.0000
vn 0.0000 0.0000 -1.0000
vn 0.0000 0.0000 -1.0000
vn -0.0000 -0.0000 1.0000
vn -0.0000 -0.0000 1.0000
vn -0.0000 -0.0000 1.0000
vn -0.0000 -0.0000 1.0000
vn -0.0000 -0.0000 1.0000
vn -1.0000 0.0000 -0.0000
vn -1.0000 0.0000 -0.0000
vn -0.9874 -0.1580 -0.0000
vn -0.9874 -0.1580 -0.0000
vn -0.9874 -0.1580 -0.0000
vn -0.9874 -0.1580 -0.0000
vn -0.8902 -0.4555 -0.0000
vn -0.8902 -0.4555 -0.0000
vn -0.8902 -0.4555 -0.0000
vn -0.6839 -0.7295 -0.0000
vn -0.6839 -0.7295 -0.0000
vn -0.6839 -0.7295 -0.0000
vn -0.4084 -0.9128 -0.0001
vn -0.4084 -0.9128 -0.0001
vn 0.4084 -0.9128 -0.0000
vn 0.6839 -0.7296 0.0000
vn 0.6839 -0.7296 0.0000
vn 0.6839 -0.7296 0.0000
vn 0.8902 -0.4555 0.0000
vn 0.8902 -0.4555 0.0000
vn 0.8902 -0.4555 0.0000
vn 0.9874 -0.1580 0.0000
vn 0.9874 -0.1580 0.0000
vn 0.9874 -0.1580 0.0000
vn 1.0000 0.0000 -0.0000
vn 1.0000 0.0000 -0.0000
f 1493//1493 1465//1465 1464//1464
f 1494//1494 1493//1493 1464//1464
f 1464//1464 1485//1485 1495//1495
f 1464//1464 1495//1495 1496//1496
f 1464//1464 1496//1496 1494//1494
f 1495//1495 1484//1484 1496//1496
f 1496//1496 1497//1497 1494//1494
f 1497//1497 1483//1483 1494//1494
f 1496//1496 1463//1463 1497//1497
f 1469//1469 1466//1466 1498//1498
f 1499//1499 1469//1469 1498//1498
f 1498//1498 1468//1468 1500//1500
f 1498//1498 1500//1500 1467//1467
f 1498//1498 1467//1467 1499//1499
f 1500//1500 1501//1501 1467//1467
f 1467//1467 1502//1502 1499//1499
f 1502//1502 1486//1486 1499//1499
f 1467//1467 1487//1487 1502//1502
f 1470//1470 1504//1504 1503//1503
f 1470//1470 1503//1503 1474//1474
f 1505//1505 1507//1507 1506//1506
f 1505//1505 1506//1506 1508//1508
f 1509//1509 1511//1511 1510//1510
f 1509//1509 1510//1510 1471//1471
f 1488//1488 1513//1513 1512//1512
f 1488//1488 1512//1512 1514//1514
f 1515//1515 1472//1472 1473//1473
f 1515//1515 1473//1473 1516//1516
f 1475//1475 1517//1517 1489//1489
f 1475//1475 1489//1489 1478//1478
f 1518//1518 1490//1490 1519//1519
f 1518//1518 1519//1519 1520//1520
f 1521//1521 1522//1522 1491//1491
f 1521//1521 1491//1491 1523//1523
f 1524//1524 1492//1492 1525//1525
f 1524//1524 1525//1525 1526//1526
f 1527//1527 1477//1477 1476//1476
f 1527//1527 1476//1476 1528//1528
f 1479//1479 1481//1481 1480//1480
f 1479//1479 1480//1480 1482//1482
o tool
g tool_wood_dark
usemtl wood_dark
v -0.11755 0.15735 0.03200
v -0.13745 0.26264 0.03200
v -0.15255 0.25736 0.03200
v -0.10245 0.16264 0.03200
v -0.10245 0.16264 0.03200
v -0.13745 0.26264 0.04800
v -0.13745 0.26264 0.03200
v -0.10245 0.16264 0.04800
v -0.10245 0.16264 0.04800
v -0.15255 0.25736 0.04800
v -0.13745 0.26264 0.04800
v -0.11755 0.15735 0.04800
v -0.11755 0.15735 0.04800
v -0.15255 0.25736 0.03200
v -0.15255 0.25736 0.04800
v -0.11755 0.15735 0.03200
v -0.10245 0.16264 0.03200
v -0.11755 0.15735 0.04800
v -0.10245 0.16264 0.04800
v -0.11755 0.15735 0.03200
v -0.13745 0.26264 0.04800
v -0.15255 0.25736 0.03200
v -0.13745 0.26264 0.03200
v -0.15255 0.25736 0.04800
v -0.10245 0.15735 0.03200
v -0.15255 0.06264 0.03200
v -0.13745 0.05735 0.03200
v -0.11755 0.16264 0.03200
v -0.11755 0.16264 0.03200
v -0.15255 0.06264 0.04800
v -0.15255 0.06264 0.03200
v -0.11755 0.16264 0.04800
v -0.11755 0.16264 0.04800
v -0.13745 0.05735 0.04800
v -0.15255 0.06264 0.04800
v -0.10245 0.15735 0.04800
v -0.10245 0.15735 0.04800
v -0.13745 0.05735 0.03200
v -0.13745 0.05735 0.04800
v -0.10245 0.15735 0.03200
v -0.11755 0.16264 0.03200
v -0.10245 0.15735 0.04800
v -0.11755 0.16264 0.04800
v -0.10245 0.15735 0.03200
v -0.15255 0.06264 0.04800
v -0.13745 0.05735 0.03200
v -0.15255 0.06264 0.03200
v -0.13745 0.05735 0.04800
v -0.13919 0.25709 0.04650
v -0.12081 0.32291 0.04650
v -0.10919 0.31709 0.04650
v -0.15081 0.26290 0.04650
v -0.15081 0.26290 0.04650
v -0.12081 0.32291 0.03350
v -0.12081 0.32291 0.04650
v -0.15081 0.26290 0.03350
v -0.15081 0.26290 0.03350
v -0.10919 0.31709 0.03350
v -0.12081 0.32291 0.03350
v -0.13919 0.25709 0.03350
v -0.13919 0.25709 0.03350
v -0.10919 0.31709 0.04650
v -0.10919 0.31709 0.03350
v -0.13919 0.25709 0.04650
v -0.15081 0.26290 0.04650
v -0.13919 0.25709 0.03350
v -0.15081 0.26290 0.03350
v -0.13919 0.25709 0.04650
v -0.12081 0.32291 0.03350
v -0.10919 0.31709 0.04650
v -0.12081 0.32291 0.04650
v -0.10919 0.31709 0.03350
v -0.15081 0.05709 0.04650
v -0.10919 0.00290 0.04650
v -0.12081 -0.00291 0.04650
v -0.13919 0.06290 0.04650
v -0.13919 0.06290 0.04650
v -0.10919 0.00290 0.03350
v -0.10919 0.00290 0.04650
v -0.13919 0.06290 0.03350
v -0.13919 0.06290 0.03350
v -0.12081 -0.00291 0.03350
v -0.10919 0.00290 0.03350
v -0.15081 0.05709 0.03350
v -0.15081 0.05709 0.03350
v -0.12081 -0.00291 0.04650
v -0.12081 -0.00291 0.03350
v -0.15081 0.05709 0.04650
v -0.13919 0.06290 0.04650
v -0.15081 0.05709 0.03350
v -0.13919 0.06290 0.03350
v -0.15081 0.05709 0.04650
v -0.10919 0.00290 0.03350
v -0.12081 -0.00291 0.04650
v -0.10919 0.00290 0.04650
v -0.12081 -0.00291 0.03350
vn -0.7071 0.7071 -0.0000
vn -0.7071 0.7071 -0.0000
vn -0.7071 0.7071 -0.0000
vn -0.7071 0.7071 -0.0000
vn -0.6652 -0.2397 -0.7071
vn -0.6652 -0.2397 -0.7071
vn -0.6652 -0.2397 -0.7071
vn -0.6652 -0.2397 -0.7071
vn -0.0000 -0.0000 1.0000
vn -0.0000 -0.0000 1.0000
vn -0.0000 -0.0000 1.0000
vn -0.0000 -0.0000 1.0000
vn 0.0087 0.9470 -0.3211
vn 0.0087 0.9470 -0.3211
vn 0.0087 0.9470 -0.3211
vn 0.0087 0.9470 -0.3211
vn 0.1589 -0.6913 0.7049
vn 0.1589 -0.6913 0.7049
vn 0.1589 -0.6913 0.7049
vn 0.1589 -0.6913 0.7049
vn -0.0792 0.7117 0.6980
vn -0.0792 0.7117 0.6980
vn -0.0792 0.7117 0.6980
vn -0.0792 0.7117 0.6980
vn -0.7071 0.7071 -0.0000
vn -0.7071 0.7071 -0.0000
vn -0.7071 0.7071 -0.0000
vn -0.7071 0.7071 -0.0000
vn -0.0087 0.9470 0.3211
vn -0.0087 0.9470 0.3211
vn -0.0087 0.9470 0.3211
vn -0.0087 0.9470 0.3211
vn -0.0000 -0.0000 1.0000
vn -0.0000 -0.0000 1.0000
vn -0.0000 -0.0000 1.0000
vn -0.0000 -0.0000 1.0000
vn 0.6652 -0.2398 0.7071
vn 0.6652 -0.2398 0.7071
vn 0.6652 -0.2398 0.7071
vn 0.6652 -0.2398 0.7071
vn -0.1588 -0.6912 -0.7050
vn -0.1588 -0.6912 -0.7050
vn -0.1588 -0.6912 -0.7050
vn -0.1588 -0.6912 -0.7050
vn 0.0792 0.7118 -0.6979
vn 0.0792 0.7118 -0.6979
vn 0.0792 0.7118 -0.6979
vn 0.0792 0.7118 -0.6979
vn -0.0000 -0.0000 1.0000
vn -0.0000 -0.0000 1.0000
vn -0.0000 -0.0000 1.0000
vn -0.0000 -0.0000 1.0000
vn -0.0209 0.9056 0.4236
vn -0.0209 0.9056 0.4236
vn -0.0209 0.9056 0.4236
vn -0.0209 0.9056 0.4236
vn -0.7071 0.7071 -0.0000
vn -0.7071 0.7071 -0.0000
vn -0.7071 0.7071 -0.0000
vn -0.7071 0.7071 -0.0000
vn 0.6251 -0.3308 0.7070
vn 0.6251 -0.3308 0.7070
vn 0.6251 -0.3308 0.7070
vn 0.6251 -0.3308 0.7070
vn 0.0885 0.7225 -0.6857
vn 0.0885 0.7225 -0.6857
vn 0.0885 0.7225 -0.6857
vn 0.0885 0.7225 -0.6857
vn -0.2379 -0.6686 -0.7045
vn -0.2379 -0.6686 -0.7045
vn -0.2379 -0.6686 -0.7045
vn -0.2379 -0.6686 -0.7045
vn -0.0000 -0.0000 1.0000
vn -0.0000 -0.0000 1.0000
vn -0.0000 -0.0000 1.0000
vn -0.0000 -0.0000 1.0000
vn -0.6250 -0.3307 -0.7071
vn -0.6250 -0.3307 -0.7071
vn -0.6250 -0.3307 -0.7071
vn -0.6250 -0.3307 -0.7071
vn -0.7071 0.7071 -0.0000
vn -0.7071 0.7071 -0.0000
vn -0.7071 0.7071 -0.0000
vn -0.7071 0.7071 -0.0000
vn 0.0209 0.9056 -0.4236
vn 0.0209 0.9056 -0.4236
vn 0.0209 0.9056 -0.4236
vn 0.0209 0.9056 -0.4236
vn -0.0885 0.7224 0.6858
vn -0.0885 0.7224 0.6858
vn -0.0885 0.7224 0.6858
vn -0.0885 0.7224 0.6858
vn 0.2379 -0.6687 0.7045
vn 0.2379 -0.6687 0.7045
vn 0.2379 -0.6687 0.7045
vn 0.2379 -0.6687 0.7045
f 1529//1529 1531//1531 1530//1530
f 1529//1529 1530//1530 1532//1532
f 1533//1533 1535//1535 1534//1534
f 1533//1533 1534//1534 1536//1536
f 1537//1537 1539//1539 1538//1538
f 1537//1537 1538//1538 1540//1540
f 1541//1541 1543//1543 1542//1542
f 1541//1541 1542//1542 1544//1544
f 1545//1545 1547//1547 1546//1546
f 1545//1545 1546//1546 1548//1548
f 1549//1549 1551//1551 1550//1550
f 1549//1549 1550//1550 1552//1552
f 1553//1553 1555//1555 1554//1554
f 1553//1553 1554//1554 1556//1556
f 1557//1557 1559//1559 1558//1558
f 1557//1557 1558//1558 1560//1560
f 1561//1561 1563//1563 1562//1562
f 1561//1561 1562//1562 1564//1564
f 1565//1565 1567//1567 1566//1566
f 1565//1565 1566//1566 1568//1568
f 1569//1569 1571//1571 1570//1570
f 1569//1569 1570//1570 1572//1572
f 1573//1573 1575//1575 1574//1574
f 1573//1573 1574//1574 1576//1576
f 1577//1577 1579//1579 1578//1578
f 1577//1577 1578//1578 1580//1580
f 1581//1581 1583//1583 1582//1582
f 1581//1581 1582//1582 1584//1584
f 1585//1585 1587//1587 1586//1586
f 1585//1585 1586//1586 1588//1588
f 1589//1589 1591//1591 1590//1590
f 1589//1589 1590//1590 1592//1592
f 1593//1593 1595//1595 1594//1594
f 1593//1593 1594//1594 1596//1596
f 1597//1597 1599//1599 1598//1598
f 1597//1597 1598//1598 1600//1600
f 1601//1601 1603//1603 1602//1602
f 1601//1601 1602//1602 1604//1604
f 1605//1605 1607//1607 1606//1606
f 1605//1605 1606//1606 1608//1608
f 1609//1609 1611//1611 1610//1610
f 1609//1609 1610//1610 1612//1612
f 1613//1613 1615//1615 1614//1614
f 1613//1613 1614//1614 1616//1616
f 1617//1617 1619//1619 1618//1618
f 1617//1617 1618//1618 1620//1620
f 1621//1621 1623//1623 1622//1622
f 1621//1621 1622//1622 1624//1624
g tool_white
usemtl white
v -0.11500 0.32000 0.03700
v -0.11760 0.00000 0.04150
v -0.11500 0.00000 0.03700
v -0.11760 0.32000 0.04150
v -0.11760 0.32000 0.04150
v -0.11240 0.00000 0.04150
v -0.11760 0.00000 0.04150
v -0.11240 0.32000 0.04150
v -0.11760 0.00000 0.04150
v -0.11240 0.00000 0.04150
v -0.11500 0.00000 0.03700
v -0.11240 0.32000 0.04150
v -0.11500 0.00000 0.03700
v -0.11240 0.00000 0.04150
v -0.11500 0.32000 0.03700
v -0.11500 0.32000 0.03700
v -0.11240 0.32000 0.04150
v -0.11760 0.32000 0.04150
vn -0.1396 0.9869 0.0806
vn -0.1396 0.9869 0.0806
vn -0.1396 0.9869 0.0806
vn -0.1396 0.9869 0.0806
vn -0.0000 -0.0000 1.0000
vn -0.0000 -0.0000 1.0000
vn -0.0000 -0.0000 1.0000
vn -0.0000 -0.0000 1.0000
vn -0.0000 -0.7071 0.7071
vn -0.0000 -0.7071 0.7071
vn -0.0000 -0.7071 0.7071
vn 0.8596 -0.1216 0.4963
vn 0.8596 -0.1216 0.4963
vn 0.8596 -0.1216 0.4963
vn 0.8596 -0.1216 0.4963
vn -0.0000 0.7071 0.7071
vn -0.0000 0.7071 0.7071
vn -0.0000 0.7071 0.7071
f 1625//1625 1627//1627 1626//1626
f 1625//1625 1626//1626 1628//1628
f 1629//1629 1631//1631 1630//1630
f 1629//1629 1630//1630 1632//1632
f 1633//1633 1635//1635 1634//1634
f 1636//1636 1638//1638 1637//1637
f 1636//1636 1637//1637 1639//1639
f 1640//1640 1642//1642 1641//1641
