mtllib capital.mtl
o core
g core_stone
usemtl stone
v 0.09500 0.00500 -0.06000
v -0.09500 0.39500 -0.06000
v 0.09500 0.39500 -0.06000
v -0.09500 0.00500 -0.06000
v 0.10000 0.00500 -0.23500
v 0.10000 0.39500 -0.06500
v 0.10000 0.39500 -0.23500
v 0.10000 0.00500 -0.06500
v 0.09500 0.40000 -0.23500
v -0.09500 0.40000 -0.06500
v -0.09500 0.40000 -0.23500
v 0.09500 0.40000 -0.06500
v -0.10000 0.00500 -0.06500
v -0.10000 0.39500 -0.23500
v -0.10000 0.39500 -0.06500
v -0.10000 0.00500 -0.23500
v -0.09500 0.00500 -0.24000
v 0.09500 0.39500 -0.24000
v -0.09500 0.39500 -0.24000
v 0.09500 0.00500 -0.24000
v -0.09500 0.00000 -0.06500
v -0.10000 0.00500 -0.06500
v -0.09500 0.00500 -0.06000
v -0.09500 0.39500 -0.06000
v -0.10000 0.39500 -0.06500
v -0.09500 0.40000 -0.06500
v -0.09500 0.00000 -0.23500
v -0.09500 0.00500 -0.24000
v -0.10000 0.00500 -0.23500
v -0.09500 0.40000 -0.23500
v -0.10000 0.39500 -0.23500
v -0.09500 0.39500 -0.24000
v 0.09500 0.00000 -0.06500
v 0.09500 0.00500 -0.06000
v 0.10000 0.00500 -0.06500
v 0.09500 0.40000 -0.06500
v 0.10000 0.39500 -0.06500
v 0.09500 0.39500 -0.06000
v 0.09500 0.00000 -0.23500
v 0.10000 0.00500 -0.23500
v 0.09500 0.00500 -0.24000
v 0.09500 0.40000 -0.23500
v 0.09500 0.39500 -0.24000
v 0.10000 0.39500 -0.23500
v -0.09500 0.00000 -0.23500
v -0.10000 0.00500 -0.06500
v -0.09500 0.00000 -0.06500
v -0.10000 0.00500 -0.23500
v -0.09500 0.00500 -0.06000
v -0.10000 0.39500 -0.06500
v -0.09500 0.39500 -0.06000
v -0.10000 0.00500 -0.06500
v -0.09500 0.40000 -0.06500
v -0.10000 0.39500 -0.23500
v -0.09500 0.40000 -0.23500
v -0.10000 0.39500 -0.06500
v -0.09500 0.39500 -0.24000
v -0.10000 0.00500 -0.23500
v -0.09500 0.00500 -0.24000
v -0.10000 0.39500 -0.23500
v 0.09500 0.00000 -0.23500
v -0.09500 0.00500 -0.24000
v -0.09500 0.00000 -0.23500
v 0.09500 0.00500 -0.24000
v -0.09500 0.40000 -0.23500
v 0.09500 0.39500 -0.24000
v 0.09500 0.40000 -0.23500
v -0.09500 0.39500 -0.24000
v 0.10000 0.39500 -0.23500
v 0.09500 0.00500 -0.24000
v 0.10000 0.00500 -0.23500
v 0.09500 0.39500 -0.24000
v 0.09500 0.00000 -0.06500
v 0.10000 0.00500 -0.23500
v 0.09500 0.00000 -0.23500
v 0.10000 0.00500 -0.06500
v 0.09500 0.40000 -0.23500
v 0.10000 0.39500 -0.06500
v 0.09500 0.40000 -0.06500
v 0.10000 0.39500 -0.23500
v 0.09500 0.39500 -0.06000
v 0.10000 0.00500 -0.06500
v 0.09500 0.00500 -0.06000
v 0.10000 0.39500 -0.06500
v -0.09500 0.00000 -0.06500
v 0.09500 0.00500 -0.06000
v 0.09500 0.00000 -0.06500
v -0.09500 0.00500 -0.06000
v 0.09500 0.40000 -0.06500
v -0.09500 0.39500 -0.06000
v -0.09500 0.40000 -0.06500
v 0.09500 0.39500 -0.06000
v -0.09500 0.00000 -0.23500
v 0.09500 0.00000 -0.06500
v 0.09500 0.00000 -0.23500
v -0.09500 0.00000 -0.06500
v 0.10900 0.39800 -0.04800
v -0.10900 0.42200 -0.04800
v 0.10900 0.42200 -0.04800
v -0.10900 0.39800 -0.04800
v 0.11200 0.39800 -0.24900
v 0.11200 0.42200 -0.05100
v 0.11200 0.42200 -0.24900
v 0.11200 0.39800 -0.05100
v 0.10900 0.42500 -0.24900
v -0.10900 0.42500 -0.05100
v -0.10900 0.42500 -0.24900
v 0.10900 0.42500 -0.05100
v -0.11200 0.39800 -0.05100
v -0.11200 0.42200 -0.24900
v -0.11200 0.42200 -0.05100
v -0.11200 0.39800 -0.24900
v -0.10900 0.39800 -0.25200
v 0.10900 0.42200 -0.25200
v -0.10900 0.42200 -0.25200
v 0.10900 0.39800 -0.25200
v -0.10900 0.39500 -0.05100
v -0.11200 0.39800 -0.05100
v -0.10900 0.39800 -0.04800
v -0.10900 0.42200 -0.04800
v -0.11200 0.42200 -0.05100
v -0.10900 0.42500 -0.05100
v -0.10900 0.39500 -0.24900
v -0.10900 0.39800 -0.25200
v -0.11200 0.39800 -0.24900
v -0.10900 0.42500 -0.24900
v -0.11200 0.42200 -0.24900
v -0.10900 0.42200 -0.25200
v 0.10900 0.39500 -0.05100
v 0.10900 0.39800 -0.04800
v 0.11200 0.39800 -0.05100
v 0.10900 0.42500 -0.05100
v 0.11200 0.42200 -0.05100
v 0.10900 0.42200 -0.04800
v 0.10900 0.39500 -0.24900
v 0.11200 0.39800 -0.24900
v 0.10900 0.39800 -0.25200
v 0.10900 0.42500 -0.24900
v 0.10900 0.42200 -0.25200
v 0.11200 0.42200 -0.24900
v -0.10900 0.39500 -0.24900
v -0.11200 0.39800 -0.05100
v -0.10900 0.39500 -0.05100
v -0.11200 0.39800 -0.24900
v -0.10900 0.39800 -0.04800
v -0.11200 0.42200 -0.05100
v -0.10900 0.42200 -0.04800
v -0.11200 0.39800 -0.05100
v -0.10900 0.42500 -0.05100
v -0.11200 0.42200 -0.24900
v -0.10900 0.42500 -0.24900
v -0.11200 0.42200 -0.05100
v -0.10900 0.42200 -0.25200
v -0.11200 0.39800 -0.24900
v -0.10900 0.39800 -0.25200
v -0.11200 0.42200 -0.24900
v 0.10900 0.39500 -0.24900
v -0.10900 0.39800 -0.25200
v -0.10900 0.39500 -0.24900
v 0.10900 0.39800 -0.25200
v -0.10900 0.42500 -0.24900
v 0.10900 0.42200 -0.25200
v 0.10900 0.42500 -0.24900
v -0.10900 0.42200 -0.25200
v 0.11200 0.42200 -0.24900
v 0.10900 0.39800 -0.25200
v 0.11200 0.39800 -0.24900
v 0.10900 0.42200 -0.25200
v 0.10900 0.39500 -0.05100
v 0.11200 0.39800 -0.24900
v 0.10900 0.39500 -0.24900
v 0.11200 0.39800 -0.05100
v 0.10900 0.42500 -0.24900
v 0.11200 0.42200 -0.05100
v 0.10900 0.42500 -0.05100
v 0.11200 0.42200 -0.24900
v 0.10900 0.42200 -0.04800
v 0.11200 0.39800 -0.05100
v 0.10900 0.39800 -0.04800
v 0.11200 0.42200 -0.05100
v -0.10900 0.39500 -0.05100
v 0.10900 0.39800 -0.04800
v 0.10900 0.39500 -0.05100
v -0.10900 0.39800 -0.04800
v 0.10900 0.42500 -0.05100
v -0.10900 0.42200 -0.04800
v -0.10900 0.42500 -0.05100
v 0.10900 0.42200 -0.04800
v -0.10900 0.39500 -0.24900
v 0.10900 0.39500 -0.05100
v 0.10900 0.39500 -0.24900
v -0.10900 0.39500 -0.05100
v -0.13386 0.00200 -0.08636
v -0.08214 0.00200 -0.08636
v -0.13386 0.44800 -0.08636
v -0.14794 0.00200 -0.06498
v -0.08214 0.44800 -0.08636
v -0.14794 0.44800 -0.06498
v -0.06806 0.44800 -0.06498
v -0.14794 0.00200 -0.04302
v -0.06806 0.00200 -0.06498
v -0.14794 0.44800 -0.04302
v -0.06806 0.44800 -0.04302
v -0.13386 0.00200 -0.02164
v -0.06806 0.00200 -0.04302
v -0.13386 0.44800 -0.02164
v -0.08214 0.44800 -0.02164
v -0.08214 0.00200 -0.02164
v -0.08455 0.45000 -0.08628
v -0.14594 0.45000 -0.06633
v -0.13145 0.45000 -0.08628
v -0.07006 0.45000 -0.06633
v -0.08455 0.45000 -0.02172
v -0.07006 0.45000 -0.04167
v -0.13145 0.45000 -0.02172
v -0.14594 0.45000 -0.04167
v -0.08214 0.00200 -0.08636
v -0.13145 0.00000 -0.08628
v -0.08455 0.00000 -0.08628
v -0.13386 0.00200 -0.08636
v -0.08455 0.00000 -0.08628
v -0.07006 0.00000 -0.06633
v -0.06806 0.00200 -0.06498
v -0.07006 0.00000 -0.06633
v -0.07006 0.00000 -0.04167
v -0.06806 0.00200 -0.04302
v -0.07006 0.00000 -0.04167
v -0.08455 0.00000 -0.02172
v -0.08214 0.00200 -0.02164
v -0.08455 0.00000 -0.02172
v -0.13386 0.00200 -0.02164
v -0.13145 0.00000 -0.02172
v -0.13145 0.00000 -0.02172
v -0.14594 0.00000 -0.04167
v -0.14794 0.00200 -0.04302
v -0.14594 0.00000 -0.04167
v -0.14594 0.00000 -0.06633
v -0.14794 0.00200 -0.06498
v -0.14594 0.00000 -0.06633
v -0.13145 0.00000 -0.08628
v -0.08214 0.44800 -0.08636
v -0.08455 0.45000 -0.08628
v -0.13386 0.44800 -0.08636
v -0.13145 0.45000 -0.08628
v -0.13145 0.45000 -0.08628
v -0.14594 0.45000 -0.06633
v -0.14794 0.44800 -0.06498
v -0.14594 0.45000 -0.06633
v -0.14594 0.45000 -0.04167
v -0.14794 0.44800 -0.04302
v -0.14594 0.45000 -0.04167
v -0.13145 0.45000 -0.02172
v -0.13386 0.44800 -0.02164
v -0.13145 0.45000 -0.02172
v -0.08214 0.44800 -0.02164
v -0.08455 0.45000 -0.02172
v -0.08455 0.45000 -0.02172
v -0.07006 0.45000 -0.04167
v -0.06806 0.44800 -0.04302
v -0.07006 0.45000 -0.04167
v -0.07006 0.45000 -0.06633
v -0.06806 0.44800 -0.06498
v -0.07006 0.45000 -0.06633
v -0.08455 0.45000 -0.08628
v -0.08455 0.00000 -0.08628
v -0.07006 0.00000 -0.04167
v -0.07006 0.00000 -0.06633
v -0.13145 0.00000 -0.08628
v -0.14594 0.00000 -0.04167
v -0.14594 0.00000 -0.06633
v -0.08455 0.00000 -0.02172
v -0.13145 0.00000 -0.02172
v 0.08214 0.00200 -0.08636
v 0.13386 0.00200 -0.08636
v 0.08214 0.44800 -0.08636
v 0.06806 0.00200 -0.06498
v 0.13386 0.44800 -0.08636
v 0.06806 0.44800 -0.06498
v 0.14794 0.44800 -0.06498
v 0.06806 0.00200 -0.04302
v 0.14794 0.00200 -0.06498
v 0.06806 0.44800 -0.04302
v 0.14794 0.44800 -0.04302
v 0.08214 0.00200 -0.02164
v 0.14794 0.00200 -0.04302
v 0.08214 0.44800 -0.02164
v 0.13386 0.44800 -0.02164
v 0.13386 0.00200 -0.02164
v 0.13145 0.45000 -0.08628
v 0.07006 0.45000 -0.06633
v 0.08455 0.45000 -0.08628
v 0.14594 0.45000 -0.06633
v 0.13145 0.45000 -0.02172
v 0.14594 0.45000 -0.04167
v 0.08455 0.45000 -0.02172
v 0.07006 0.45000 -0.04167
v 0.13386 0.00200 -0.08636
v 0.08455 0.00000 -0.08628
v 0.13145 0.00000 -0.08628
v 0.08214 0.00200 -0.08636
v 0.13145 0.00000 -0.08628
v 0.14594 0.00000 -0.06633
v 0.14794 0.00200 -0.06498
v 0.14594 0.00000 -0.06633
v 0.14594 0.00000 -0.04167
v 0.14794 0.00200 -0.04302
v 0.14594 0.00000 -0.04167
v 0.13145 0.00000 -0.02172
v 0.13386 0.00200 -0.02164
v 0.13145 0.00000 -0.02172
v 0.08214 0.00200 -0.02164
v 0.08455 0.00000 -0.02172
v 0.08455 0.00000 -0.02172
v 0.07006 0.00000 -0.04167
v 0.06806 0.00200 -0.04302
v 0.07006 0.00000 -0.04167
v 0.07006 0.00000 -0.06633
v 0.06806 0.00200 -0.06498
v 0.07006 0.00000 -0.06633
v 0.08455 0.00000 -0.08628
v 0.13386 0.44800 -0.08636
v 0.13145 0.45000 -0.08628
v 0.08214 0.44800 -0.08636
v 0.08455 0.45000 -0.08628
v 0.08455 0.45000 -0.08628
v 0.07006 0.45000 -0.06633
v 0.06806 0.44800 -0.06498
v 0.07006 0.45000 -0.06633
v 0.07006 0.45000 -0.04167
v 0.06806 0.44800 -0.04302
v 0.07006 0.45000 -0.04167
v 0.08455 0.45000 -0.02172
v 0.08214 0.44800 -0.02164
v 0.08455 0.45000 -0.02172
v 0.13386 0.44800 -0.02164
v 0.13145 0.45000 -0.02172
v 0.13145 0.45000 -0.02172
v 0.14594 0.45000 -0.04167
v 0.14794 0.44800 -0.04302
v 0.14594 0.45000 -0.04167
v 0.14594 0.45000 -0.06633
v 0.14794 0.44800 -0.06498
v 0.14594 0.45000 -0.06633
v 0.13145 0.45000 -0.08628
v 0.13145 0.00000 -0.08628
v 0.14594 0.00000 -0.04167
v 0.14594 0.00000 -0.06633
v 0.08455 0.00000 -0.08628
v 0.07006 0.00000 -0.04167
v 0.07006 0.00000 -0.06633
v 0.13145 0.00000 -0.02172
v 0.08455 0.00000 -0.02172
v -0.13386 0.00200 -0.27836
v -0.08214 0.00200 -0.27836
v -0.13386 0.48800 -0.27836
v -0.14794 0.00200 -0.25698
v -0.08214 0.48800 -0.27836
v -0.14794 0.48800 -0.25698
v -0.06806 0.48800 -0.25698
v -0.14794 0.00200 -0.23502
v -0.06806 0.00200 -0.25698
v -0.14794 0.48800 -0.23502
v -0.06806 0.48800 -0.23502
v -0.13386 0.00200 -0.21364
v -0.06806 0.00200 -0.23502
v -0.13386 0.48800 -0.21364
v -0.08214 0.48800 -0.21364
v -0.08214 0.00200 -0.21364
v -0.08455 0.49000 -0.27828
v -0.14594 0.49000 -0.25833
v -0.13145 0.49000 -0.27828
v -0.07006 0.49000 -0.25833
v -0.08455 0.49000 -0.21372
v -0.07006 0.49000 -0.23367
v -0.13145 0.49000 -0.21372
v -0.14594 0.49000 -0.23367
v -0.08214 0.00200 -0.27836
v -0.13145 0.00000 -0.27828
v -0.08455 0.00000 -0.27828
v -0.13386 0.00200 -0.27836
v -0.08455 0.00000 -0.27828
v -0.07006 0.00000 -0.25833
v -0.06806 0.00200 -0.25698
v -0.07006 0.00000 -0.25833
v -0.07006 0.00000 -0.23367
v -0.06806 0.00200 -0.23502
v -0.07006 0.00000 -0.23367
v -0.08455 0.00000 -0.21372
v -0.08214 0.00200 -0.21364
v -0.08455 0.00000 -0.21372
v -0.13386 0.00200 -0.21364
v -0.13145 0.00000 -0.21372
v -0.13145 0.00000 -0.21372
v -0.14594 0.00000 -0.23367
v -0.14794 0.00200 -0.23502
v -0.14594 0.00000 -0.23367
v -0.14594 0.00000 -0.25833
v -0.14794 0.00200 -0.25698
v -0.14594 0.00000 -0.25833
v -0.13145 0.00000 -0.27828
v -0.08214 0.48800 -0.27836
v -0.08455 0.49000 -0.27828
v -0.13386 0.48800 -0.27836
v -0.13145 0.49000 -0.27828
v -0.13145 0.49000 -0.27828
v -0.14594 0.49000 -0.25833
v -0.14794 0.48800 -0.25698
v -0.14594 0.49000 -0.25833
v -0.14594 0.49000 -0.23367
v -0.14794 0.48800 -0.23502
v -0.14594 0.49000 -0.23367
v -0.13145 0.49000 -0.21372
v -0.13386 0.48800 -0.21364
v -0.13145 0.49000 -0.21372
v -0.08214 0.48800 -0.21364
v -0.08455 0.49000 -0.21372
v -0.08455 0.49000 -0.21372
v -0.07006 0.49000 -0.23367
v -0.06806 0.48800 -0.23502
v -0.07006 0.49000 -0.23367
v -0.07006 0.49000 -0.25833
v -0.06806 0.48800 -0.25698
v -0.07006 0.49000 -0.25833
v -0.08455 0.49000 -0.27828
v -0.08455 0.00000 -0.27828
v -0.07006 0.00000 -0.23367
v -0.07006 0.00000 -0.25833
v -0.13145 0.00000 -0.27828
v -0.14594 0.00000 -0.23367
v -0.14594 0.00000 -0.25833
v -0.08455 0.00000 -0.21372
v -0.13145 0.00000 -0.21372
v 0.08214 0.00200 -0.27836
v 0.13386 0.00200 -0.27836
v 0.08214 0.48800 -0.27836
v 0.06806 0.00200 -0.25698
v 0.13386 0.48800 -0.27836
v 0.06806 0.48800 -0.25698
v 0.14794 0.48800 -0.25698
v 0.06806 0.00200 -0.23502
v 0.14794 0.00200 -0.25698
v 0.06806 0.48800 -0.23502
v 0.14794 0.48800 -0.23502
v 0.08214 0.00200 -0.21364
v 0.14794 0.00200 -0.23502
v 0.08214 0.48800 -0.21364
v 0.13386 0.48800 -0.21364
v 0.13386 0.00200 -0.21364
v 0.13145 0.49000 -0.27828
v 0.07006 0.49000 -0.25833
v 0.08455 0.49000 -0.27828
v 0.14594 0.49000 -0.25833
v 0.13145 0.49000 -0.21372
v 0.14594 0.49000 -0.23367
v 0.08455 0.49000 -0.21372
v 0.07006 0.49000 -0.23367
v 0.13386 0.00200 -0.27836
v 0.08455 0.00000 -0.27828
v 0.13145 0.00000 -0.27828
v 0.08214 0.00200 -0.27836
v 0.13145 0.00000 -0.27828
v 0.14594 0.00000 -0.25833
v 0.14794 0.00200 -0.25698
v 0.14594 0.00000 -0.25833
v 0.14594 0.00000 -0.23367
v 0.14794 0.00200 -0.23502
v 0.14594 0.00000 -0.23367
v 0.13145 0.00000 -0.21372
v 0.13386 0.00200 -0.21364
v 0.13145 0.00000 -0.21372
v 0.08214 0.00200 -0.21364
v 0.08455 0.00000 -0.21372
v 0.08455 0.00000 -0.21372
v 0.07006 0.00000 -0.23367
v 0.06806 0.00200 -0.23502
v 0.07006 0.00000 -0.23367
v 0.07006 0.00000 -0.25833
v 0.06806 0.00200 -0.25698
v 0.07006 0.00000 -0.25833
v 0.08455 0.00000 -0.27828
v 0.13386 0.48800 -0.27836
v 0.13145 0.49000 -0.27828
v 0.08214 0.48800 -0.27836
v 0.08455 0.49000 -0.27828
v 0.08455 0.49000 -0.27828
v 0.07006 0.49000 -0.25833
v 0.06806 0.48800 -0.25698
v 0.07006 0.49000 -0.25833
v 0.07006 0.49000 -0.23367
v 0.06806 0.48800 -0.23502
v 0.07006 0.49000 -0.23367
v 0.08455 0.49000 -0.21372
v 0.08214 0.48800 -0.21364
v 0.08455 0.49000 -0.21372
v 0.13386 0.48800 -0.21364
v 0.13145 0.49000 -0.21372
v 0.13145 0.49000 -0.21372
v 0.14594 0.49000 -0.23367
v 0.14794 0.48800 -0.23502
v 0.14594 0.49000 -0.23367
v 0.14594 0.49000 -0.25833
v 0.14794 0.48800 -0.25698
v 0.14594 0.49000 -0.25833
v 0.13145 0.49000 -0.27828
v 0.13145 0.00000 -0.27828
v 0.14594 0.00000 -0.23367
v 0.14594 0.00000 -0.25833
v 0.08455 0.00000 -0.27828
v 0.07006 0.00000 -0.23367
v 0.07006 0.00000 -0.25833
v 0.13145 0.00000 -0.21372
v 0.08455 0.00000 -0.21372
v 0.08900 0.42500 -0.09100
v 0.08900 0.45500 -0.12100
v 0.08900 0.45500 -0.09100
v 0.08900 0.42500 -0.12100
v 0.08900 0.42500 -0.12100
v 0.12300 0.45500 -0.12100
v 0.08900 0.45500 -0.12100
v 0.12300 0.42500 -0.12100
v 0.12300 0.42500 -0.12100
v 0.12300 0.45500 -0.09100
v 0.12300 0.45500 -0.12100
v 0.12300 0.42500 -0.09100
v 0.12300 0.42500 -0.09100
v 0.08900 0.45500 -0.09100
v 0.12300 0.45500 -0.09100
v 0.08900 0.42500 -0.09100
v 0.08900 0.42500 -0.12100
v 0.12300 0.42500 -0.09100
v 0.12300 0.42500 -0.12100
v 0.08900 0.42500 -0.09100
v 0.12300 0.45500 -0.12100
v 0.08900 0.45500 -0.09100
v 0.08900 0.45500 -0.12100
v 0.12300 0.45500 -0.09100
v 0.08900 0.42500 -0.17900
v 0.08900 0.45500 -0.20900
v 0.08900 0.45500 -0.17900
v 0.08900 0.42500 -0.20900
v 0.08900 0.42500 -0.20900
v 0.12300 0.45500 -0.20900
v 0.08900 0.45500 -0.20900
v 0.12300 0.42500 -0.20900
v 0.12300 0.42500 -0.20900
v 0.12300 0.45500 -0.17900
v 0.12300 0.45500 -0.20900
v 0.12300 0.42500 -0.17900
v 0.12300 0.42500 -0.17900
v 0.08900 0.45500 -0.17900
v 0.12300 0.45500 -0.17900
v 0.08900 0.42500 -0.17900
v 0.08900 0.42500 -0.20900
v 0.12300 0.42500 -0.17900
v 0.12300 0.42500 -0.20900
v 0.08900 0.42500 -0.17900
v 0.12300 0.45500 -0.20900
v 0.08900 0.45500 -0.17900
v 0.08900 0.45500 -0.20900
v 0.12300 0.45500 -0.17900
v 0.05900 0.42500 -0.22900
v 0.02900 0.45500 -0.22900
v 0.05900 0.45500 -0.22900
v 0.02900 0.42500 -0.22900
v 0.02900 0.42500 -0.22900
v 0.02900 0.45500 -0.26300
v 0.02900 0.45500 -0.22900
v 0.02900 0.42500 -0.26300
v 0.02900 0.42500 -0.26300
v 0.05900 0.45500 -0.26300
v 0.02900 0.45500 -0.26300
v 0.05900 0.42500 -0.26300
v 0.05900 0.42500 -0.26300
v 0.05900 0.45500 -0.22900
v 0.05900 0.45500 -0.26300
v 0.05900 0.42500 -0.22900
v 0.02900 0.42500 -0.22900
v 0.05900 0.42500 -0.26300
v 0.02900 0.42500 -0.26300
v 0.05900 0.42500 -0.22900
v 0.02900 0.45500 -0.26300
v 0.05900 0.45500 -0.22900
v 0.02900 0.45500 -0.22900
v 0.05900 0.45500 -0.26300
v -0.02900 0.42500 -0.22900
v -0.05900 0.45500 -0.22900
v -0.02900 0.45500 -0.22900
v -0.05900 0.42500 -0.22900
v -0.05900 0.42500 -0.22900
v -0.05900 0.45500 -0.26300
v -0.05900 0.45500 -0.22900
v -0.05900 0.42500 -0.26300
v -0.05900 0.42500 -0.26300
v -0.02900 0.45500 -0.26300
v -0.05900 0.45500 -0.26300
v -0.02900 0.42500 -0.26300
v -0.02900 0.42500 -0.26300
v -0.02900 0.45500 -0.22900
v -0.02900 0.45500 -0.26300
v -0.02900 0.42500 -0.22900
v -0.05900 0.42500 -0.22900
v -0.02900 0.42500 -0.26300
v -0.05900 0.42500 -0.26300
v -0.02900 0.42500 -0.22900
v -0.05900 0.45500 -0.26300
v -0.02900 0.45500 -0.22900
v -0.05900 0.45500 -0.22900
v -0.02900 0.45500 -0.26300
v -0.08900 0.42500 -0.20900
v -0.08900 0.45500 -0.17900
v -0.08900 0.45500 -0.20900
v -0.08900 0.42500 -0.17900
v -0.08900 0.42500 -0.17900
v -0.12300 0.45500 -0.17900
v -0.08900 0.45500 -0.17900
v -0.12300 0.42500 -0.17900
v -0.12300 0.42500 -0.17900
v -0.12300 0.45500 -0.20900
v -0.12300 0.45500 -0.17900
v -0.12300 0.42500 -0.20900
v -0.12300 0.42500 -0.20900
v -0.08900 0.45500 -0.20900
v -0.12300 0.45500 -0.20900
v -0.08900 0.42500 -0.20900
v -0.08900 0.42500 -0.17900
v -0.12300 0.42500 -0.20900
v -0.12300 0.42500 -0.17900
v -0.08900 0.42500 -0.20900
v -0.12300 0.45500 -0.17900
v -0.08900 0.45500 -0.20900
v -0.08900 0.45500 -0.17900
v -0.12300 0.45500 -0.20900
v -0.08900 0.42500 -0.12100
v -0.08900 0.45500 -0.09100
v -0.08900 0.45500 -0.12100
v -0.08900 0.42500 -0.09100
v -0.08900 0.42500 -0.09100
v -0.12300 0.45500 -0.09100
v -0.08900 0.45500 -0.09100
v -0.12300 0.42500 -0.09100
v -0.12300 0.42500 -0.09100
v -0.12300 0.45500 -0.12100
v -0.12300 0.45500 -0.09100
v -0.12300 0.42500 -0.12100
v -0.12300 0.42500 -0.12100
v -0.08900 0.45500 -0.12100
v -0.12300 0.45500 -0.12100
v -0.08900 0.42500 -0.12100
v -0.08900 0.42500 -0.09100
v -0.12300 0.42500 -0.12100
v -0.12300 0.42500 -0.09100
v -0.08900 0.42500 -0.12100
v -0.12300 0.45500 -0.09100
v -0.08900 0.45500 -0.12100
v -0.08900 0.45500 -0.09100
v -0.12300 0.45500 -0.12100
v -0.05900 0.42500 -0.07100
v -0.02900 0.45500 -0.07100
v -0.05900 0.45500 -0.07100
v -0.02900 0.42500 -0.07100
v -0.02900 0.42500 -0.07100
v -0.02900 0.45500 -0.03700
v -0.02900 0.45500 -0.07100
v -0.02900 0.42500 -0.03700
v -0.02900 0.42500 -0.03700
v -0.05900 0.45500 -0.03700
v -0.02900 0.45500 -0.03700
v -0.05900 0.42500 -0.03700
v -0.05900 0.42500 -0.03700
v -0.05900 0.45500 -0.07100
v -0.05900 0.45500 -0.03700
v -0.05900 0.42500 -0.07100
v -0.02900 0.42500 -0.07100
v -0.05900 0.42500 -0.03700
v -0.02900 0.42500 -0.03700
v -0.05900 0.42500 -0.07100
v -0.02900 0.45500 -0.03700
v -0.05900 0.45500 -0.07100
v -0.02900 0.45500 -0.07100
v -0.05900 0.45500 -0.03700
v 0.02900 0.42500 -0.07100
v 0.05900 0.45500 -0.07100
v 0.02900 0.45500 -0.07100
v 0.05900 0.42500 -0.07100
v 0.05900 0.42500 -0.07100
v 0.05900 0.45500 -0.03700
v 0.05900 0.45500 -0.07100
v 0.05900 0.42500 -0.03700
v 0.05900 0.42500 -0.03700
v 0.02900 0.45500 -0.03700
v 0.05900 0.45500 -0.03700
v 0.02900 0.42500 -0.03700
v 0.02900 0.42500 -0.03700
v 0.02900 0.45500 -0.07100
v 0.02900 0.45500 -0.03700
v 0.02900 0.42500 -0.07100
v 0.05900 0.42500 -0.07100
v 0.02900 0.42500 -0.03700
v 0.05900 0.42500 -0.03700
v 0.02900 0.42500 -0.07100
v 0.05900 0.45500 -0.03700
v 0.02900 0.45500 -0.07100
v 0.05900 0.45500 -0.07100
v 0.02900 0.45500 -0.03700
v -0.14594 0.45000 -0.06633
v -0.14794 0.44800 -0.06498
v -0.14677 0.44800 -0.06860
v -0.08455 0.00000 -0.02172
v -0.08522 0.00200 -0.01940
v -0.13078 0.00200 -0.08860
v -0.10990 0.44800 -0.09538
v -0.13078 0.44800 -0.08860
v -0.10990 0.00200 -0.09538
v -0.13145 0.00000 -0.08628
v -0.13078 0.00200 -0.08860
v -0.07006 0.45000 -0.04167
v -0.06806 0.44800 -0.04302
v -0.06923 0.44800 -0.03940
v -0.06806 0.00200 -0.06498
v -0.06806 0.44800 -0.04302
v -0.06806 0.44800 -0.06498
v -0.06806 0.00200 -0.04302
v -0.14594 0.45000 -0.04167
v -0.14677 0.44800 -0.03940
v -0.14794 0.44800 -0.04302
v -0.07006 0.00000 -0.04167
v -0.06923 0.00200 -0.03940
v -0.06806 0.00200 -0.04302
v -0.06923 0.00200 -0.03940
v -0.08214 0.44800 -0.02164
v -0.06923 0.44800 -0.03940
v -0.08214 0.00200 -0.02164
v -0.14594 0.00000 -0.04167
v -0.14794 0.00200 -0.04302
v -0.14677 0.00200 -0.03940
v -0.07006 0.45000 -0.06633
v -0.06923 0.44800 -0.06860
v -0.06806 0.44800 -0.06498
v -0.08522 0.00200 -0.01940
v -0.10610 0.44800 -0.01262
v -0.08522 0.44800 -0.01940
v -0.10610 0.00200 -0.01262
v -0.13145 0.45000 -0.02172
v -0.13078 0.44800 -0.01940
v -0.07006 0.00000 -0.06633
v -0.06806 0.00200 -0.06498
v -0.06923 0.00200 -0.06860
v -0.10990 0.00200 -0.01262
v -0.13078 0.44800 -0.01940
v -0.10990 0.44800 -0.01262
v -0.13078 0.00200 -0.01940
v -0.13145 0.00000 -0.02172
v -0.13078 0.00200 -0.01940
v -0.08455 0.45000 -0.08628
v -0.08522 0.44800 -0.08860
v -0.13386 0.00200 -0.02164
v -0.14677 0.44800 -0.03940
v -0.13386 0.44800 -0.02164
v -0.14677 0.00200 -0.03940
v -0.10800 0.45000 -0.01410
v -0.10610 0.44800 -0.01262
v -0.10990 0.44800 -0.01262
v -0.08455 0.00000 -0.08628
v -0.08522 0.00200 -0.08860
v -0.14794 0.00200 -0.04302
v -0.14794 0.44800 -0.06498
v -0.14794 0.44800 -0.04302
v -0.14794 0.00200 -0.06498
v -0.10800 0.00000 -0.01410
v -0.10990 0.00200 -0.01262
v -0.10610 0.00200 -0.01262
v -0.10800 0.45000 -0.09390
v -0.10990 0.44800 -0.09538
v -0.10610 0.44800 -0.09538
v -0.14677 0.00200 -0.06860
v -0.13386 0.44800 -0.08636
v -0.14677 0.44800 -0.06860
v -0.13386 0.00200 -0.08636
v -0.08214 0.00200 -0.08636
v -0.06923 0.44800 -0.06860
v -0.08214 0.44800 -0.08636
v -0.06923 0.00200 -0.06860
v -0.10800 0.00000 -0.09390
v -0.10610 0.00200 -0.09538
v -0.10990 0.00200 -0.09538
v -0.14594 0.00000 -0.06633
v -0.14677 0.00200 -0.06860
v -0.14794 0.00200 -0.06498
v -0.08455 0.45000 -0.02172
v -0.08522 0.44800 -0.01940
v -0.10800 0.45000 -0.09390
v -0.10800 0.45000 -0.01410
v -0.10610 0.00200 -0.09538
v -0.08522 0.44800 -0.08860
v -0.10610 0.44800 -0.09538
v -0.08522 0.00200 -0.08860
v -0.13145 0.45000 -0.08628
v -0.13078 0.44800 -0.08860
v -0.10610 0.00200 -0.09538
v -0.08522 0.00200 -0.08860
v -0.10800 0.00000 -0.09390
v -0.08522 0.44800 -0.08860
v -0.10800 0.45000 -0.09390
v -0.10610 0.44800 -0.09538
v -0.10990 0.00200 -0.09538
v -0.10610 0.44800 -0.09538
v -0.10990 0.44800 -0.09538
v -0.10610 0.00200 -0.09538
v -0.08522 0.00200 -0.08860
v -0.08522 0.44800 -0.08860
v -0.08214 0.00200 -0.08636
v -0.06923 0.00200 -0.06860
v -0.06923 0.44800 -0.06860
v -0.08214 0.44800 -0.08636
v -0.06923 0.00200 -0.06860
v -0.06923 0.44800 -0.06860
v -0.06923 0.44800 -0.03940
v -0.06923 0.00200 -0.03940
v -0.06923 0.00200 -0.03940
v -0.08214 0.00200 -0.02164
v -0.08214 0.44800 -0.02164
v -0.06923 0.44800 -0.03940
v -0.08522 0.44800 -0.01940
v -0.08522 0.00200 -0.01940
v -0.08522 0.00200 -0.01940
v -0.10800 0.00000 -0.01410
v -0.10610 0.00200 -0.01262
v -0.10610 0.44800 -0.01262
v -0.08522 0.44800 -0.01940
v -0.10800 0.45000 -0.01410
v -0.10990 0.44800 -0.01262
v -0.10610 0.00200 -0.01262
v -0.10990 0.00200 -0.01262
v -0.10610 0.44800 -0.01262
v -0.10990 0.00200 -0.01262
v -0.13078 0.00200 -0.01940
v -0.10800 0.00000 -0.01410
v -0.13078 0.44800 -0.01940
v -0.10800 0.45000 -0.01410
v -0.10990 0.44800 -0.01262
v -0.13078 0.00200 -0.01940
v -0.13078 0.44800 -0.01940
v -0.13386 0.00200 -0.02164
v -0.14677 0.00200 -0.03940
v -0.14677 0.44800 -0.03940
v -0.13386 0.44800 -0.02164
v -0.14677 0.00200 -0.03940
v -0.14677 0.44800 -0.03940
v -0.14677 0.44800 -0.06860
v -0.14677 0.00200 -0.06860
v -0.14677 0.00200 -0.06860
v -0.13386 0.00200 -0.08636
v -0.13386 0.44800 -0.08636
v -0.14677 0.44800 -0.06860
v -0.13078 0.44800 -0.08860
v -0.13078 0.00200 -0.08860
v -0.13078 0.00200 -0.08860
v -0.10800 0.00000 -0.09390
v -0.10990 0.00200 -0.09538
v -0.10990 0.44800 -0.09538
v -0.13078 0.44800 -0.08860
v -0.10800 0.45000 -0.09390
v -0.10800 0.00000 -0.09390
v -0.10800 0.00000 -0.01410
v -0.10800 0.44000 -0.10300
v -0.07920 0.46500 -0.09364
v -0.10800 0.46500 -0.10300
v -0.07920 0.44000 -0.09364
v -0.07920 0.44000 -0.09364
v -0.06140 0.46500 -0.06914
v -0.07920 0.46500 -0.09364
v -0.06140 0.44000 -0.06914
v -0.06140 0.44000 -0.06914
v -0.06140 0.46500 -0.03886
v -0.06140 0.46500 -0.06914
v -0.06140 0.44000 -0.03886
v -0.06140 0.44000 -0.03886
v -0.07920 0.46500 -0.01436
v -0.06140 0.46500 -0.03886
v -0.07920 0.44000 -0.01436
v -0.07920 0.44000 -0.01436
v -0.10800 0.46500 -0.00500
v -0.07920 0.46500 -0.01436
v -0.10800 0.44000 -0.00500
v -0.10800 0.44000 -0.00500
v -0.13680 0.46500 -0.01436
v -0.10800 0.46500 -0.00500
v -0.13680 0.44000 -0.01436
v -0.13680 0.44000 -0.01436
v -0.15460 0.46500 -0.03886
v -0.13680 0.46500 -0.01436
v -0.15460 0.44000 -0.03886
v -0.15460 0.44000 -0.03886
v -0.15460 0.46500 -0.06914
v -0.15460 0.46500 -0.03886
v -0.15460 0.44000 -0.06914
v -0.06140 0.46500 -0.06914
v -0.10800 0.46500 -0.10300
v -0.07920 0.46500 -0.09364
v -0.15460 0.46500 -0.06914
v -0.13680 0.46500 -0.09364
v -0.07920 0.46500 -0.01436
v -0.06140 0.46500 -0.03886
v -0.13680 0.46500 -0.01436
v -0.10800 0.46500 -0.00500
v -0.15460 0.46500 -0.03886
v -0.15460 0.44000 -0.06914
v -0.13680 0.46500 -0.09364
v -0.15460 0.46500 -0.06914
v -0.13680 0.44000 -0.09364
v -0.13680 0.44000 -0.09364
v -0.10800 0.46500 -0.10300
v -0.13680 0.46500 -0.09364
v -0.10800 0.44000 -0.10300
v -0.13680 0.44000 -0.09364
v -0.07920 0.44000 -0.09364
v -0.10800 0.44000 -0.10300
v -0.06140 0.44000 -0.03886
v -0.06140 0.44000 -0.06914
v -0.15460 0.44000 -0.03886
v -0.15460 0.44000 -0.06914
v -0.10800 0.44000 -0.00500
v -0.13680 0.44000 -0.01436
v -0.07920 0.44000 -0.01436
v 0.07006 0.45000 -0.06633
v 0.06806 0.44800 -0.06498
v 0.06923 0.44800 -0.06860
v 0.13145 0.00000 -0.02172
v 0.13078 0.00200 -0.01940
v 0.08522 0.00200 -0.08860
v 0.10610 0.44800 -0.09538
v 0.08522 0.44800 -0.08860
v 0.10610 0.00200 -0.09538
v 0.08455 0.00000 -0.08628
v 0.08522 0.00200 -0.08860
v 0.14594 0.45000 -0.04167
v 0.14794 0.44800 -0.04302
v 0.14677 0.44800 -0.03940
v 0.14794 0.00200 -0.06498
v 0.14794 0.44800 -0.04302
v 0.14794 0.44800 -0.06498
v 0.14794 0.00200 -0.04302
v 0.07006 0.45000 -0.04167
v 0.06923 0.44800 -0.03940
v 0.06806 0.44800 -0.04302
v 0.14594 0.00000 -0.04167
v 0.14677 0.00200 -0.03940
v 0.14794 0.00200 -0.04302
v 0.14677 0.00200 -0.03940
v 0.13386 0.44800 -0.02164
v 0.14677 0.44800 -0.03940
v 0.13386 0.00200 -0.02164
v 0.07006 0.00000 -0.04167
v 0.06806 0.00200 -0.04302
v 0.06923 0.00200 -0.03940
v 0.14594 0.45000 -0.06633
v 0.14677 0.44800 -0.06860
v 0.14794 0.44800 -0.06498
v 0.13078 0.00200 -0.01940
v 0.10990 0.44800 -0.01262
v 0.13078 0.44800 -0.01940
v 0.10990 0.00200 -0.01262
v 0.08455 0.45000 -0.02172
v 0.08522 0.44800 -0.01940
v 0.14594 0.00000 -0.06633
v 0.14794 0.00200 -0.06498
v 0.14677 0.00200 -0.06860
v 0.10610 0.00200 -0.01262
v 0.08522 0.44800 -0.01940
v 0.10610 0.44800 -0.01262
v 0.08522 0.00200 -0.01940
v 0.08455 0.00000 -0.02172
v 0.08522 0.00200 -0.01940
v 0.13145 0.45000 -0.08628
v 0.13078 0.44800 -0.08860
v 0.08214 0.00200 -0.02164
v 0.06923 0.44800 -0.03940
v 0.08214 0.44800 -0.02164
v 0.06923 0.00200 -0.03940
v 0.10800 0.45000 -0.01410
v 0.10990 0.44800 -0.01262
v 0.10610 0.44800 -0.01262
v 0.13145 0.00000 -0.08628
v 0.13078 0.00200 -0.08860
v 0.06806 0.00200 -0.04302
v 0.06806 0.44800 -0.06498
v 0.06806 0.44800 -0.04302
v 0.06806 0.00200 -0.06498
v 0.10800 0.00000 -0.01410
v 0.10610 0.00200 -0.01262
v 0.10990 0.00200 -0.01262
v 0.10800 0.45000 -0.09390
v 0.10610 0.44800 -0.09538
v 0.10990 0.44800 -0.09538
v 0.06923 0.00200 -0.06860
v 0.08214 0.44800 -0.08636
v 0.06923 0.44800 -0.06860
v 0.08214 0.00200 -0.08636
v 0.13386 0.00200 -0.08636
v 0.14677 0.44800 -0.06860
v 0.13386 0.44800 -0.08636
v 0.14677 0.00200 -0.06860
v 0.10800 0.00000 -0.09390
v 0.10990 0.00200 -0.09538
v 0.10610 0.00200 -0.09538
v 0.07006 0.00000 -0.06633
v 0.06923 0.00200 -0.06860
v 0.06806 0.00200 -0.06498
v 0.13145 0.45000 -0.02172
v 0.13078 0.44800 -0.01940
v 0.10800 0.45000 -0.09390
v 0.10800 0.45000 -0.01410
v 0.10990 0.00200 -0.09538
v 0.13078 0.44800 -0.08860
v 0.10990 0.44800 -0.09538
v 0.13078 0.00200 -0.08860
v 0.08455 0.45000 -0.08628
v 0.08522 0.44800 -0.08860
v 0.10990 0.00200 -0.09538
v 0.13078 0.00200 -0.08860
v 0.10800 0.00000 -0.09390
v 0.13078 0.44800 -0.08860
v 0.10800 0.45000 -0.09390
v 0.10990 0.44800 -0.09538
v 0.10610 0.00200 -0.09538
v 0.10990 0.44800 -0.09538
v 0.10610 0.44800 -0.09538
v 0.10990 0.00200 -0.09538
v 0.13078 0.00200 -0.08860
v 0.13078 0.44800 -0.08860
v 0.13386 0.00200 -0.08636
v 0.14677 0.00200 -0.06860
v 0.14677 0.44800 -0.06860
v 0.13386 0.44800 -0.08636
v 0.14677 0.00200 -0.06860
v 0.14677 0.44800 -0.06860
v 0.14677 0.44800 -0.03940
v 0.14677 0.00200 -0.03940
v 0.14677 0.00200 -0.03940
v 0.13386 0.00200 -0.02164
v 0.13386 0.44800 -0.02164
v 0.14677 0.44800 -0.03940
v 0.13078 0.44800 -0.01940
v 0.13078 0.00200 -0.01940
v 0.13078 0.00200 -0.01940
v 0.10800 0.00000 -0.01410
v 0.10990 0.00200 -0.01262
v 0.10990 0.44800 -0.01262
v 0.13078 0.44800 -0.01940
v 0.10800 0.45000 -0.01410
v 0.10610 0.44800 -0.01262
v 0.10990 0.00200 -0.01262
v 0.10610 0.00200 -0.01262
v 0.10990 0.44800 -0.01262
v 0.10610 0.00200 -0.01262
v 0.08522 0.00200 -0.01940
v 0.10800 0.00000 -0.01410
v 0.08522 0.44800 -0.01940
v 0.10800 0.45000 -0.01410
v 0.10610 0.44800 -0.01262
v 0.08522 0.00200 -0.01940
v 0.08522 0.44800 -0.01940
v 0.08214 0.00200 -0.02164
v 0.06923 0.00200 -0.03940
v 0.06923 0.44800 -0.03940
v 0.08214 0.44800 -0.02164
v 0.06923 0.00200 -0.03940
v 0.06923 0.44800 -0.03940
v 0.06923 0.44800 -0.06860
v 0.06923 0.00200 -0.06860
v 0.06923 0.00200 -0.06860
v 0.08214 0.00200 -0.08636
v 0.08214 0.44800 -0.08636
v 0.06923 0.44800 -0.06860
v 0.08522 0.44800 -0.08860
v 0.08522 0.00200 -0.08860
v 0.08522 0.00200 -0.08860
v 0.10800 0.00000 -0.09390
v 0.10610 0.00200 -0.09538
v 0.10610 0.44800 -0.09538
v 0.08522 0.44800 -0.08860
v 0.10800 0.45000 -0.09390
v 0.10800 0.00000 -0.09390
v 0.10800 0.00000 -0.01410
v 0.10800 0.44000 -0.10300
v 0.13680 0.46500 -0.09364
v 0.10800 0.46500 -0.10300
v 0.13680 0.44000 -0.09364
v 0.13680 0.44000 -0.09364
v 0.15460 0.46500 -0.06914
v 0.13680 0.46500 -0.09364
v 0.15460 0.44000 -0.06914
v 0.15460 0.44000 -0.06914
v 0.15460 0.46500 -0.03886
v 0.15460 0.46500 -0.06914
v 0.15460 0.44000 -0.03886
v 0.15460 0.44000 -0.03886
v 0.13680 0.46500 -0.01436
v 0.15460 0.46500 -0.03886
v 0.13680 0.44000 -0.01436
v 0.13680 0.44000 -0.01436
v 0.10800 0.46500 -0.00500
v 0.13680 0.46500 -0.01436
v 0.10800 0.44000 -0.00500
v 0.10800 0.44000 -0.00500
v 0.07920 0.46500 -0.01436
v 0.10800 0.46500 -0.00500
v 0.07920 0.44000 -0.01436
v 0.07920 0.44000 -0.01436
v 0.06140 0.46500 -0.03886
v 0.07920 0.46500 -0.01436
v 0.06140 0.44000 -0.03886
v 0.06140 0.44000 -0.03886
v 0.06140 0.46500 -0.06914
v 0.06140 0.46500 -0.03886
v 0.06140 0.44000 -0.06914
v 0.15460 0.46500 -0.06914
v 0.10800 0.46500 -0.10300
v 0.13680 0.46500 -0.09364
v 0.06140 0.46500 -0.06914
v 0.07920 0.46500 -0.09364
v 0.13680 0.46500 -0.01436
v 0.15460 0.46500 -0.03886
v 0.07920 0.46500 -0.01436
v 0.10800 0.46500 -0.00500
v 0.06140 0.46500 -0.03886
v 0.06140 0.44000 -0.06914
v 0.07920 0.46500 -0.09364
v 0.06140 0.46500 -0.06914
v 0.07920 0.44000 -0.09364
v 0.07920 0.44000 -0.09364
v 0.10800 0.46500 -0.10300
v 0.07920 0.46500 -0.09364
v 0.10800 0.44000 -0.10300
v 0.07920 0.44000 -0.09364
v 0.13680 0.44000 -0.09364
v 0.10800 0.44000 -0.10300
v 0.15460 0.44000 -0.03886
v 0.15460 0.44000 -0.06914
v 0.06140 0.44000 -0.03886
v 0.06140 0.44000 -0.06914
v 0.10800 0.44000 -0.00500
v 0.07920 0.44000 -0.01436
v 0.13680 0.44000 -0.01436
v -0.14594 0.49000 -0.25833
v -0.14794 0.48800 -0.25698
v -0.14677 0.48800 -0.26060
v -0.08455 0.00000 -0.21372
v -0.08522 0.00200 -0.21140
v -0.13078 0.00200 -0.28060
v -0.10990 0.48800 -0.28738
v -0.13078 0.48800 -0.28060
v -0.10990 0.00200 -0.28738
v -0.13145 0.00000 -0.27828
v -0.13078 0.00200 -0.28060
v -0.07006 0.49000 -0.23367
v -0.06806 0.48800 -0.23502
v -0.06923 0.48800 -0.23140
v -0.06806 0.00200 -0.25698
v -0.06806 0.48800 -0.23502
v -0.06806 0.48800 -0.25698
v -0.06806 0.00200 -0.23502
v -0.14594 0.49000 -0.23367
v -0.14677 0.48800 -0.23140
v -0.14794 0.48800 -0.23502
v -0.07006 0.00000 -0.23367
v -0.06923 0.00200 -0.23140
v -0.06806 0.00200 -0.23502
v -0.06923 0.00200 -0.23140
v -0.08214 0.48800 -0.21364
v -0.06923 0.48800 -0.23140
v -0.08214 0.00200 -0.21364
v -0.14594 0.00000 -0.23367
v -0.14794 0.00200 -0.23502
v -0.14677 0.00200 -0.23140
v -0.07006 0.49000 -0.25833
v -0.06923 0.48800 -0.26060
v -0.06806 0.48800 -0.25698
v -0.08522 0.00200 -0.21140
v -0.10610 0.48800 -0.20462
v -0.08522 0.48800 -0.21140
v -0.10610 0.00200 -0.20462
v -0.13145 0.49000 -0.21372
v -0.13078 0.48800 -0.21140
v -0.07006 0.00000 -0.25833
v -0.06806 0.00200 -0.25698
v -0.06923 0.00200 -0.26060
v -0.10990 0.00200 -0.20462
v -0.13078 0.48800 -0.21140
v -0.10990 0.48800 -0.20462
v -0.13078 0.00200 -0.21140
v -0.13145 0.00000 -0.21372
v -0.13078 0.00200 -0.21140
v -0.08455 0.49000 -0.27828
v -0.08522 0.48800 -0.28060
v -0.13386 0.00200 -0.21364
v -0.14677 0.48800 -0.23140
v -0.13386 0.48800 -0.21364
v -0.14677 0.00200 -0.23140
v -0.10800 0.49000 -0.20610
v -0.10610 0.48800 -0.20462
v -0.10990 0.48800 -0.20462
v -0.08455 0.00000 -0.27828
v -0.08522 0.00200 -0.28060
v -0.14794 0.00200 -0.23502
v -0.14794 0.48800 -0.25698
v -0.14794 0.48800 -0.23502
v -0.14794 0.00200 -0.25698
v -0.10800 0.00000 -0.20610
v -0.10990 0.00200 -0.20462
v -0.10610 0.00200 -0.20462
v -0.10800 0.49000 -0.28590
v -0.10990 0.48800 -0.28738
v -0.10610 0.48800 -0.28738
v -0.14677 0.00200 -0.26060
v -0.13386 0.48800 -0.27836
v -0.14677 0.48800 -0.26060
v -0.13386 0.00200 -0.27836
v -0.08214 0.00200 -0.27836
v -0.06923 0.48800 -0.26060
v -0.08214 0.48800 -0.27836
v -0.06923 0.00200 -0.26060
v -0.10800 0.00000 -0.28590
v -0.10610 0.00200 -0.28738
v -0.10990 0.00200 -0.28738
v -0.14594 0.00000 -0.25833
v -0.14677 0.00200 -0.26060
v -0.14794 0.00200 -0.25698
v -0.08455 0.49000 -0.21372
v -0.08522 0.48800 -0.21140
v -0.10800 0.49000 -0.28590
v -0.10800 0.49000 -0.20610
v -0.10610 0.00200 -0.28738
v -0.08522 0.48800 -0.28060
v -0.10610 0.48800 -0.28738
v -0.08522 0.00200 -0.28060
v -0.13145 0.49000 -0.27828
v -0.13078 0.48800 -0.28060
v -0.10610 0.00200 -0.28738
v -0.08522 0.00200 -0.28060
v -0.10800 0.00000 -0.28590
v -0.08522 0.48800 -0.28060
v -0.10800 0.49000 -0.28590
v -0.10610 0.48800 -0.28738
v -0.10990 0.00200 -0.28738
v -0.10610 0.48800 -0.28738
v -0.10990 0.48800 -0.28738
v -0.10610 0.00200 -0.28738
v -0.08522 0.00200 -0.28060
v -0.08522 0.48800 -0.28060
v -0.08214 0.00200 -0.27836
v -0.06923 0.00200 -0.26060
v -0.06923 0.48800 -0.26060
v -0.08214 0.48800 -0.27836
v -0.06923 0.00200 -0.26060
v -0.06923 0.48800 -0.26060
v -0.06923 0.48800 -0.23140
v -0.06923 0.00200 -0.23140
v -0.06923 0.00200 -0.23140
v -0.08214 0.00200 -0.21364
v -0.08214 0.48800 -0.21364
v -0.06923 0.48800 -0.23140
v -0.08522 0.48800 -0.21140
v -0.08522 0.00200 -0.21140
v -0.08522 0.00200 -0.21140
v -0.10800 0.00000 -0.20610
v -0.10610 0.00200 -0.20462
v -0.10610 0.48800 -0.20462
v -0.08522 0.48800 -0.21140
v -0.10800 0.49000 -0.20610
v -0.10990 0.48800 -0.20462
v -0.10610 0.00200 -0.20462
v -0.10990 0.00200 -0.20462
v -0.10610 0.48800 -0.20462
v -0.10990 0.00200 -0.20462
v -0.13078 0.00200 -0.21140
v -0.10800 0.00000 -0.20610
v -0.13078 0.48800 -0.21140
v -0.10800 0.49000 -0.20610
v -0.10990 0.48800 -0.20462
v -0.13078 0.00200 -0.21140
v -0.13078 0.48800 -0.21140
v -0.13386 0.00200 -0.21364
v -0.14677 0.00200 -0.23140
v -0.14677 0.48800 -0.23140
v -0.13386 0.48800 -0.21364
v -0.14677 0.00200 -0.23140
v -0.14677 0.48800 -0.23140
v -0.14677 0.48800 -0.26060
v -0.14677 0.00200 -0.26060
v -0.14677 0.00200 -0.26060
v -0.13386 0.00200 -0.27836
v -0.13386 0.48800 -0.27836
v -0.14677 0.48800 -0.26060
v -0.13078 0.48800 -0.28060
v -0.13078 0.00200 -0.28060
v -0.13078 0.00200 -0.28060
v -0.10800 0.00000 -0.28590
v -0.10990 0.00200 -0.28738
v -0.10990 0.48800 -0.28738
v -0.13078 0.48800 -0.28060
v -0.10800 0.49000 -0.28590
v -0.10800 0.00000 -0.28590
v -0.10800 0.00000 -0.20610
v -0.10800 0.48000 -0.29500
v -0.07920 0.50500 -0.28564
v -0.10800 0.50500 -0.29500
v -0.07920 0.48000 -0.28564
v -0.07920 0.48000 -0.28564
v -0.06140 0.50500 -0.26114
v -0.07920 0.50500 -0.28564
v -0.06140 0.48000 -0.26114
v -0.06140 0.48000 -0.26114
v -0.06140 0.50500 -0.23086
v -0.06140 0.50500 -0.26114
v -0.06140 0.48000 -0.23086
v -0.06140 0.48000 -0.23086
v -0.07920 0.50500 -0.20636
v -0.06140 0.50500 -0.23086
v -0.07920 0.48000 -0.20636
v -0.07920 0.48000 -0.20636
v -0.10800 0.50500 -0.19700
v -0.07920 0.50500 -0.20636
v -0.10800 0.48000 -0.19700
v -0.10800 0.48000 -0.19700
v -0.13680 0.50500 -0.20636
v -0.10800 0.50500 -0.19700
v -0.13680 0.48000 -0.20636
v -0.13680 0.48000 -0.20636
v -0.15460 0.50500 -0.23086
v -0.13680 0.50500 -0.20636
v -0.15460 0.48000 -0.23086
v -0.15460 0.48000 -0.23086
v -0.15460 0.50500 -0.26114
v -0.15460 0.50500 -0.23086
v -0.15460 0.48000 -0.26114
v -0.06140 0.50500 -0.26114
v -0.10800 0.50500 -0.29500
v -0.07920 0.50500 -0.28564
v -0.15460 0.50500 -0.26114
v -0.13680 0.50500 -0.28564
v -0.07920 0.50500 -0.20636
v -0.06140 0.50500 -0.23086
v -0.13680 0.50500 -0.20636
v -0.10800 0.50500 -0.19700
v -0.15460 0.50500 -0.23086
v -0.15460 0.48000 -0.26114
v -0.13680 0.50500 -0.28564
v -0.15460 0.50500 -0.26114
v -0.13680 0.48000 -0.28564
v -0.13680 0.48000 -0.28564
v -0.10800 0.50500 -0.29500
v -0.13680 0.50500 -0.28564
v -0.10800 0.48000 -0.29500
v -0.13680 0.48000 -0.28564
v -0.07920 0.48000 -0.28564
v -0.10800 0.48000 -0.29500
v -0.06140 0.48000 -0.23086
v -0.06140 0.48000 -0.26114
v -0.15460 0.48000 -0.23086
v -0.15460 0.48000 -0.26114
v -0.10800 0.48000 -0.19700
v -0.13680 0.48000 -0.20636
v -0.07920 0.48000 -0.20636
v 0.07006 0.49000 -0.25833
v 0.06806 0.48800 -0.25698
v 0.06923 0.48800 -0.26060
v 0.13145 0.00000 -0.21372
v 0.13078 0.00200 -0.21140
v 0.08522 0.00200 -0.28060
v 0.10610 0.48800 -0.28738
v 0.08522 0.48800 -0.28060
v 0.10610 0.00200 -0.28738
v 0.08455 0.00000 -0.27828
v 0.08522 0.00200 -0.28060
v 0.14594 0.49000 -0.23367
v 0.14794 0.48800 -0.23502
v 0.14677 0.48800 -0.23140
v 0.14794 0.00200 -0.25698
v 0.14794 0.48800 -0.23502
v 0.14794 0.48800 -0.25698
v 0.14794 0.00200 -0.23502
v 0.07006 0.49000 -0.23367
v 0.06923 0.48800 -0.23140
v 0.06806 0.48800 -0.23502
v 0.14594 0.00000 -0.23367
v 0.14677 0.00200 -0.23140
v 0.14794 0.00200 -0.23502
v 0.14677 0.00200 -0.23140
v 0.13386 0.48800 -0.21364
v 0.14677 0.48800 -0.23140
v 0.13386 0.00200 -0.21364
v 0.07006 0.00000 -0.23367
v 0.06806 0.00200 -0.23502
v 0.06923 0.00200 -0.23140
v 0.14594 0.49000 -0.25833
v 0.14677 0.48800 -0.26060
v 0.14794 0.48800 -0.25698
v 0.13078 0.00200 -0.21140
v 0.10990 0.48800 -0.20462
v 0.13078 0.48800 -0.21140
v 0.10990 0.00200 -0.20462
v 0.08455 0.49000 -0.21372
v 0.08522 0.48800 -0.21140
v 0.14594 0.00000 -0.25833
v 0.14794 0.00200 -0.25698
v 0.14677 0.00200 -0.26060
v 0.10610 0.00200 -0.20462
v 0.08522 0.48800 -0.21140
v 0.10610 0.48800 -0.20462
v 0.08522 0.00200 -0.21140
v 0.08455 0.00000 -0.21372
v 0.08522 0.00200 -0.21140
v 0.13145 0.49000 -0.27828
v 0.13078 0.48800 -0.28060
v 0.08214 0.00200 -0.21364
v 0.06923 0.48800 -0.23140
v 0.08214 0.48800 -0.21364
v 0.06923 0.00200 -0.23140
v 0.10800 0.49000 -0.20610
v 0.10990 0.48800 -0.20462
v 0.10610 0.48800 -0.20462
v 0.13145 0.00000 -0.27828
v 0.13078 0.00200 -0.28060
v 0.06806 0.00200 -0.23502
v 0.06806 0.48800 -0.25698
v 0.06806 0.48800 -0.23502
v 0.06806 0.00200 -0.25698
v 0.10800 0.00000 -0.20610
v 0.10610 0.00200 -0.20462
v 0.10990 0.00200 -0.20462
v 0.10800 0.49000 -0.28590
v 0.10610 0.48800 -0.28738
v 0.10990 0.48800 -0.28738
v 0.06923 0.00200 -0.26060
v 0.08214 0.48800 -0.27836
v 0.06923 0.48800 -0.26060
v 0.08214 0.00200 -0.27836
v 0.13386 0.00200 -0.27836
v 0.14677 0.48800 -0.26060
v 0.13386 0.48800 -0.27836
v 0.14677 0.00200 -0.26060
v 0.10800 0.00000 -0.28590
v 0.10990 0.00200 -0.28738
v 0.10610 0.00200 -0.28738
v 0.07006 0.00000 -0.25833
v 0.06923 0.00200 -0.26060
v 0.06806 0.00200 -0.25698
v 0.13145 0.49000 -0.21372
v 0.13078 0.48800 -0.21140
v 0.10800 0.49000 -0.28590
v 0.10800 0.49000 -0.20610
v 0.10990 0.00200 -0.28738
v 0.13078 0.48800 -0.28060
v 0.10990 0.48800 -0.28738
v 0.13078 0.00200 -0.28060
v 0.08455 0.49000 -0.27828
v 0.08522 0.48800 -0.28060
v 0.10990 0.00200 -0.28738
v 0.13078 0.00200 -0.28060
v 0.10800 0.00000 -0.28590
v 0.13078 0.48800 -0.28060
v 0.10800 0.49000 -0.28590
v 0.10990 0.48800 -0.28738
v 0.10610 0.00200 -0.28738
v 0.10990 0.48800 -0.28738
v 0.10610 0.48800 -0.28738
v 0.10990 0.00200 -0.28738
v 0.13078 0.00200 -0.28060
v 0.13078 0.48800 -0.28060
v 0.13386 0.00200 -0.27836
v 0.14677 0.00200 -0.26060
v 0.14677 0.48800 -0.26060
v 0.13386 0.48800 -0.27836
v 0.14677 0.00200 -0.26060
v 0.14677 0.48800 -0.26060
v 0.14677 0.48800 -0.23140
v 0.14677 0.00200 -0.23140
v 0.14677 0.00200 -0.23140
v 0.13386 0.00200 -0.21364
v 0.13386 0.48800 -0.21364
v 0.14677 0.48800 -0.23140
v 0.13078 0.48800 -0.21140
v 0.13078 0.00200 -0.21140
v 0.13078 0.00200 -0.21140
v 0.10800 0.00000 -0.20610
v 0.10990 0.00200 -0.20462
v 0.10990 0.48800 -0.20462
v 0.13078 0.48800 -0.21140
v 0.10800 0.49000 -0.20610
v 0.10610 0.48800 -0.20462
v 0.10990 0.00200 -0.20462
v 0.10610 0.00200 -0.20462
v 0.10990 0.48800 -0.20462
v 0.10610 0.00200 -0.20462
v 0.08522 0.00200 -0.21140
v 0.10800 0.00000 -0.20610
v 0.08522 0.48800 -0.21140
v 0.10800 0.49000 -0.20610
v 0.10610 0.48800 -0.20462
v 0.08522 0.00200 -0.21140
v 0.08522 0.48800 -0.21140
v 0.08214 0.00200 -0.21364
v 0.06923 0.00200 -0.23140
v 0.06923 0.48800 -0.23140
v 0.08214 0.48800 -0.21364
v 0.06923 0.00200 -0.23140
v 0.06923 0.48800 -0.23140
v 0.06923 0.48800 -0.26060
v 0.06923 0.00200 -0.26060
v 0.06923 0.00200 -0.26060
v 0.08214 0.00200 -0.27836
v 0.08214 0.48800 -0.27836
v 0.06923 0.48800 -0.26060
v 0.08522 0.48800 -0.28060
v 0.08522 0.00200 -0.28060
v 0.08522 0.00200 -0.28060
v 0.10800 0.00000 -0.28590
v 0.10610 0.00200 -0.28738
v 0.10610 0.48800 -0.28738
v 0.08522 0.48800 -0.28060
v 0.10800 0.49000 -0.28590
v 0.10800 0.00000 -0.28590
v 0.10800 0.00000 -0.20610
v 0.10800 0.48000 -0.29500
v 0.13680 0.50500 -0.28564
v 0.10800 0.50500 -0.29500
v 0.13680 0.48000 -0.28564
v 0.13680 0.48000 -0.28564
v 0.15460 0.50500 -0.26114
v 0.13680 0.50500 -0.28564
v 0.15460 0.48000 -0.26114
v 0.15460 0.48000 -0.26114
v 0.15460 0.50500 -0.23086
v 0.15460 0.50500 -0.26114
v 0.15460 0.48000 -0.23086
v 0.15460 0.48000 -0.23086
v 0.13680 0.50500 -0.20636
v 0.15460 0.50500 -0.23086
v 0.13680 0.48000 -0.20636
v 0.13680 0.48000 -0.20636
v 0.10800 0.50500 -0.19700
v 0.13680 0.50500 -0.20636
v 0.10800 0.48000 -0.19700
v 0.10800 0.48000 -0.19700
v 0.07920 0.50500 -0.20636
v 0.10800 0.50500 -0.19700
v 0.07920 0.48000 -0.20636
v 0.07920 0.48000 -0.20636
v 0.06140 0.50500 -0.23086
v 0.07920 0.50500 -0.20636
v 0.06140 0.48000 -0.23086
v 0.06140 0.48000 -0.23086
v 0.06140 0.50500 -0.26114
v 0.06140 0.50500 -0.23086
v 0.06140 0.48000 -0.26114
v 0.15460 0.50500 -0.26114
v 0.10800 0.50500 -0.29500
v 0.13680 0.50500 -0.28564
v 0.06140 0.50500 -0.26114
v 0.07920 0.50500 -0.28564
v 0.13680 0.50500 -0.20636
v 0.15460 0.50500 -0.23086
v 0.07920 0.50500 -0.20636
v 0.10800 0.50500 -0.19700
v 0.06140 0.50500 -0.23086
v 0.06140 0.48000 -0.26114
v 0.07920 0.50500 -0.28564
v 0.06140 0.50500 -0.26114
v 0.07920 0.48000 -0.28564
v 0.07920 0.48000 -0.28564
v 0.10800 0.50500 -0.29500
v 0.07920 0.50500 -0.28564
v 0.10800 0.48000 -0.29500
v 0.07920 0.48000 -0.28564
v 0.13680 0.48000 -0.28564
v 0.10800 0.48000 -0.29500
v 0.15460 0.48000 -0.23086
v 0.15460 0.48000 -0.26114
v 0.06140 0.48000 -0.23086
v 0.06140 0.48000 -0.26114
v 0.10800 0.48000 -0.19700
v 0.07920 0.48000 -0.20636
v 0.13680 0.48000 -0.20636
vn -0.0000 -0.0000 1.0000
vn -0.0000 -0.0000 1.0000
vn -0.0000 -0.0000 1.0000
vn -0.0000 -0.0000 1.0000
vn 1.0000 0.0000 -0.0000
vn 1.0000 0.0000 -0.0000
vn 1.0000 0.0000 -0.0000
vn 1.0000 0.0000 -0.0000
vn 0.0000 1.0000 -0.0000
vn 0.0000 1.0000 -0.0000
vn 0.0000 1.0000 -0.0000
vn 0.0000 1.0000 -0.0000
vn -1.0000 0.0000 -0.0000
vn -1.0000 0.0000 -0.0000
vn -1.0000 0.0000 -0.0000
vn -1.0000 0.0000 -0.0000
vn 0.0000 0.0000 -1.0000
vn 0.0000 0.0000 -1.0000
vn 0.0000 0.0000 -1.0000
vn 0.0000 0.0000 -1.0000
vn -0.5774 -0.5774 0.5772
vn -0.5774 -0.5774 0.5772
vn -0.5774 -0.5774 0.5772
vn -0.5774 0.5774 0.5773
vn -0.5774 0.5774 0.5773
vn -0.5774 0.5774 0.5773
vn -0.5774 -0.5774 -0.5773
vn -0.5774 -0.5774 -0.5773
vn -0.5774 -0.5774 -0.5773
vn -0.5774 0.5773 -0.5774
vn -0.5774 0.5773 -0.5774
vn -0.5774 0.5773 -0.5774
vn 0.5774 -0.5774 0.5773
vn 0.5774 -0.5774 0.5773
vn 0.5774 -0.5774 0.5773
vn 0.5773 0.5774 0.5774
vn 0.5773 0.5774 0.5774
vn 0.5773 0.5774 0.5774
vn 0.5773 -0.5774 -0.5774
vn 0.5773 -0.5774 -0.5774
vn 0.5773 -0.5774 -0.5774
vn 0.5774 0.5774 -0.5773
vn 0.5774 0.5774 -0.5773
vn 0.5774 0.5774 -0.5773
vn -0.7071 -0.7071 -0.0001
vn -0.7071 -0.7071 -0.0001
vn -0.7071 -0.7071 -0.0001
vn -0.7071 -0.7071 -0.0001
vn -0.7071 -0.0000 0.7071
vn -0.7071 -0.0000 0.7071
vn -0.7071 -0.0000 0.7071
vn -0.7071 -0.0000 0.7071
vn -0.7071 0.7071 -0.0000
vn -0.7071 0.7071 -0.0000
vn -0.7071 0.7071 -0.0000
vn -0.7071 0.7071 -0.0000
vn -0.7071 0.0000 -0.7071
vn -0.7071 0.0000 -0.7071
vn -0.7071 0.0000 -0.7071
vn -0.7071 0.0000 -0.7071
vn 0.0000 -0.7071 -0.7071
vn 0.0000 -0.7071 -0.7071
vn 0.0000 -0.7071 -0.7071
vn 0.0000 -0.7071 -0.7071
vn 0.0000 0.7071 -0.7071
vn 0.0000 0.7071 -0.7071
vn 0.0000 0.7071 -0.7071
vn 0.0000 0.7071 -0.7071
vn 0.7071 0.0000 -0.7071
vn 0.7071 0.0000 -0.7071
vn 0.7071 0.0000 -0.7071
vn 0.7071 0.0000 -0.7071
vn 0.7071 -0.7071 -0.0000
vn 0.7071 -0.7071 -0.0000
vn 0.7071 -0.7071 -0.0000
vn 0.7071 -0.7071 -0.0000
vn 0.7071 0.7071 0.0000
vn 0.7071 0.7071 0.0000
vn 0.7071 0.7071 0.0000
vn 0.7071 0.7071 0.0000
vn 0.7071 -0.0000 0.7071
vn 0.7071 -0.0000 0.7071
vn 0.7071 -0.0000 0.7071
vn 0.7071 -0.0000 0.7071
vn -0.0000 -0.7071 0.7071
vn -0.0000 -0.7071 0.7071
vn -0.0000 -0.7071 0.7071
vn -0.0000 -0.7071 0.7071
vn -0.0000 0.7071 0.7071
vn -0.0000 0.7071 0.7071
vn -0.0000 0.7071 0.7071
vn -0.0000 0.7071 0.7071
vn 0.0000 -1.0000 -0.0000
vn 0.0000 -1.0000 -0.0000
vn 0.0000 -1.0000 -0.0000
vn 0.0000 -1.0000 -0.0000
vn -0.0000 -0.0000 1.0000
vn -0.0000 -0.0000 1.0000
vn -0.0000 -0.0000 1.0000
vn -0.0000 -0.0000 1.0000
vn 1.0000 0.0000 -0.0000
vn 1.0000 0.0000 -0.0000
vn 1.0000 0.0000 -0.0000
vn 1.0000 0.0000 -0.0000
vn 0.0000 1.0000 -0.0000
vn 0.0000 1.0000 -0.0000
vn 0.0000 1.0000 -0.0000
vn 0.0000 1.0000 -0.0000
vn -1.0000 0.0000 -0.0000
vn -1.0000 0.0000 -0.0000
vn -1.0000 0.0000 -0.0000
vn -1.0000 0.0000 -0.0000
vn 0.0000 0.0000 -1.0000
vn 0.0000 0.0000 -1.0000
vn 0.0000 0.0000 -1.0000
vn 0.0000 0.0000 -1.0000
vn -0.5775 -0.5774 0.5772
vn -0.5775 -0.5774 0.5772
vn -0.5775 -0.5774 0.5772
vn -0.5773 0.5774 0.5774
vn -0.5773 0.5774 0.5774
vn -0.5773 0.5774 0.5774
vn -0.5774 -0.5774 -0.5773
vn -0.5774 -0.5774 -0.5773
vn -0.5774 -0.5774 -0.5773
vn -0.5773 0.5774 -0.5774
vn -0.5773 0.5774 -0.5774
vn -0.5773 0.5774 -0.5774
vn 0.5774 -0.5774 0.5773
vn 0.5774 -0.5774 0.5773
vn 0.5774 -0.5774 0.5773
vn 0.5772 0.5774 0.5775
vn 0.5772 0.5774 0.5775
vn 0.5772 0.5774 0.5775
vn 0.5774 -0.5774 -0.5772
vn 0.5774 -0.5774 -0.5772
vn 0.5774 -0.5774 -0.5772
vn 0.5773 0.5774 -0.5773
vn 0.5773 0.5774 -0.5773
vn 0.5773 0.5774 -0.5773
vn -0.7071 -0.7071 -0.0001
vn -0.7071 -0.7071 -0.0001
vn -0.7071 -0.7071 -0.0001
vn -0.7071 -0.7071 -0.0001
vn -0.7071 -0.0000 0.7071
vn -0.7071 -0.0000 0.7071
vn -0.7071 -0.0000 0.7071
vn -0.7071 -0.0000 0.7071
vn -0.7071 0.7071 -0.0000
vn -0.7071 0.7071 -0.0000
vn -0.7071 0.7071 -0.0000
vn -0.7071 0.7071 -0.0000
vn -0.7071 0.0000 -0.7071
vn -0.7071 0.0000 -0.7071
vn -0.7071 0.0000 -0.7071
vn -0.7071 0.0000 -0.7071
vn 0.0000 -0.7071 -0.7071
vn 0.0000 -0.7071 -0.7071
vn 0.0000 -0.7071 -0.7071
vn 0.0000 -0.7071 -0.7071
vn 0.0000 0.7071 -0.7071
vn 0.0000 0.7071 -0.7071
vn 0.0000 0.7071 -0.7071
vn 0.0000 0.7071 -0.7071
vn 0.7071 0.0000 -0.7071
vn 0.7071 0.0000 -0.7071
vn 0.7071 0.0000 -0.7071
vn 0.7071 0.0000 -0.7071
vn 0.7071 -0.7071 -0.0000
vn 0.7071 -0.7071 -0.0000
vn 0.7071 -0.7071 -0.0000
vn 0.7071 -0.7071 -0.0000
vn 0.7071 0.7071 0.0000
vn 0.7071 0.7071 0.0000
vn 0.7071 0.7071 0.0000
vn 0.7071 0.7071 0.0000
vn 0.7071 -0.0000 0.7071
vn 0.7071 -0.0000 0.7071
vn 0.7071 -0.0000 0.7071
vn 0.7071 -0.0000 0.7071
vn -0.0000 -0.7071 0.7071
vn -0.0000 -0.7071 0.7071
vn -0.0000 -0.7071 0.7071
vn -0.0000 -0.7071 0.7071
vn -0.0000 0.7071 0.7071
vn -0.0000 0.7071 0.7071
vn -0.0000 0.7071 0.7071
vn -0.0000 0.7071 0.7071
vn 0.0000 -1.0000 -0.0000
vn 0.0000 -1.0000 -0.0000
vn 0.0000 -1.0000 -0.0000
vn 0.0000 -1.0000 -0.0000
vn -0.5878 0.0000 -0.8090
vn 0.5878 0.0000 -0.8090
vn -0.5878 0.0000 -0.8090
vn -0.9511 0.0000 -0.3090
vn 0.5878 0.0000 -0.8090
vn -0.9511 0.0000 -0.3090
vn 0.9511 0.0000 -0.3090
vn -0.9511 -0.0000 0.3090
vn 0.9511 0.0000 -0.3090
vn -0.9511 -0.0000 0.3090
vn 0.9511 -0.0000 0.3090
vn -0.5878 -0.0000 0.8090
vn 0.9511 -0.0000 0.3090
vn -0.5878 -0.0000 0.8090
vn 0.5878 -0.0000 0.8090
vn 0.5878 -0.0000 0.8090
vn 0.0000 1.0000 -0.0000
vn 0.0000 1.0000 -0.0000
vn 0.0000 1.0000 -0.0000
vn 0.0000 1.0000 -0.0000
vn 0.0000 1.0000 -0.0000
vn 0.0000 1.0000 -0.0000
vn 0.0000 1.0000 -0.0000
vn 0.0000 1.0000 -0.0000
vn 0.4719 -0.5961 -0.6496
vn -0.2185 -0.7071 -0.6725
vn 0.2185 -0.7071 -0.6725
vn -0.4719 -0.5961 -0.6496
vn 0.5721 -0.7071 -0.4156
vn 0.5721 -0.7071 -0.4156
vn 0.7071 -0.7071 -0.0000
vn 0.7071 -0.7071 -0.0000
vn 0.7071 -0.7071 -0.0000
vn 0.7071 -0.7071 -0.0000
vn 0.5721 -0.7071 0.4156
vn 0.5721 -0.7071 0.4156
vn 0.4719 -0.5961 0.6496
vn 0.2185 -0.7071 0.6725
vn -0.4719 -0.5961 0.6495
vn -0.2185 -0.7071 0.6725
vn -0.5721 -0.7071 0.4156
vn -0.5721 -0.7071 0.4156
vn -0.7071 -0.7071 -0.0001
vn -0.7071 -0.7071 -0.0001
vn -0.7071 -0.7071 -0.0001
vn -0.7071 -0.7071 -0.0001
vn -0.5721 -0.7071 -0.4156
vn -0.5721 -0.7071 -0.4156
vn 0.4719 0.5961 -0.6495
vn 0.2185 0.7071 -0.6724
vn -0.4719 0.5961 -0.6496
vn -0.2185 0.7071 -0.6725
vn -0.5721 0.7071 -0.4156
vn -0.5721 0.7071 -0.4156
vn -0.7071 0.7071 -0.0000
vn -0.7071 0.7071 -0.0000
vn -0.7071 0.7071 -0.0000
vn -0.7071 0.7071 -0.0000
vn -0.5721 0.7071 0.4156
vn -0.5721 0.7071 0.4156
vn -0.4719 0.5961 0.6496
vn -0.2185 0.7071 0.6725
vn 0.4719 0.5961 0.6496
vn 0.2185 0.7071 0.6726
vn 0.5721 0.7071 0.4157
vn 0.5721 0.7071 0.4157
vn 0.7071 0.7071 0.0000
vn 0.7071 0.7071 0.0000
vn 0.7071 0.7071 0.0000
vn 0.7071 0.7071 0.0000
vn 0.5721 0.7071 -0.4155
vn 0.5721 0.7071 -0.4155
vn 0.0000 -1.0000 -0.0000
vn 0.0000 -1.0000 -0.0000
vn 0.0000 -1.0000 -0.0000
vn 0.0000 -1.0000 -0.0000
vn 0.0000 -1.0000 -0.0000
vn 0.0000 -1.0000 -0.0000
vn 0.0000 -1.0000 -0.0000
vn 0.0000 -1.0000 -0.0000
vn -0.5878 0.0000 -0.8090
vn 0.5878 0.0000 -0.8090
vn -0.5878 0.0000 -0.8090
vn -0.9511 0.0000 -0.3090
vn 0.5878 0.0000 -0.8090
vn -0.9511 0.0000 -0.3090
vn 0.9511 0.0000 -0.3090
vn -0.9511 -0.0000 0.3090
vn 0.9511 0.0000 -0.3090
vn -0.9511 -0.0000 0.3090
vn 0.9511 -0.0000 0.3090
vn -0.5878 -0.0000 0.8090
vn 0.9511 -0.0000 0.3090
vn -0.5878 -0.0000 0.8090
vn 0.5878 -0.0000 0.8090
vn 0.5878 -0.0000 0.8090
vn 0.0000 1.0000 -0.0000
vn 0.0000 1.0000 -0.0000
vn 0.0000 1.0000 -0.0000
vn 0.0000 1.0000 -0.0000
vn 0.0000 1.0000 -0.0000
vn 0.0000 1.0000 -0.0000
vn 0.0000 1.0000 -0.0000
vn 0.0000 1.0000 -0.0000
vn 0.4719 -0.5961 -0.6496
vn -0.2185 -0.7071 -0.6725
vn 0.2185 -0.7071 -0.6725
vn -0.4719 -0.5961 -0.6496
vn 0.5721 -0.7071 -0.4156
vn 0.5721 -0.7071 -0.4156
vn 0.7071 -0.7071 -0.0000
vn 0.7071 -0.7071 -0.0000
vn 0.7071 -0.7071 -0.0000
vn 0.7071 -0.7071 -0.0000
vn 0.5721 -0.7071 0.4156
vn 0.5721 -0.7071 0.4156
vn 0.4719 -0.5961 0.6496
vn 0.2185 -0.7071 0.6725
vn -0.4719 -0.5961 0.6495
vn -0.2185 -0.7071 0.6725
vn -0.5721 -0.7071 0.4156
vn -0.5721 -0.7071 0.4156
vn -0.7071 -0.7071 -0.0001
vn -0.7071 -0.7071 -0.0001
vn -0.7071 -0.7071 -0.0001
vn -0.7071 -0.7071 -0.0001
vn -0.5721 -0.7071 -0.4156
vn -0.5721 -0.7071 -0.4156
vn 0.4719 0.5961 -0.6495
vn 0.2185 0.7071 -0.6724
vn -0.4719 0.5961 -0.6496
vn -0.2185 0.7071 -0.6725
vn -0.5721 0.7071 -0.4156
vn -0.5721 0.7071 -0.4156
vn -0.7071 0.7071 -0.0000
vn -0.7071 0.7071 -0.0000
vn -0.7071 0.7071 -0.0000
vn -0.7071 0.7071 -0.0000
vn -0.5721 0.7071 0.4156
vn -0.5721 0.7071 0.4156
vn -0.4719 0.5961 0.6496
vn -0.2185 0.7071 0.6725
vn 0.4719 0.5961 0.6496
vn 0.2185 0.7071 0.6726
vn 0.5721 0.7071 0.4157
vn 0.5721 0.7071 0.4157
vn 0.7071 0.7071 0.0000
vn 0.7071 0.7071 0.0000
vn 0.7071 0.7071 0.0000
vn 0.7071 0.7071 0.0000
vn 0.5721 0.7071 -0.4155
vn 0.5721 0.7071 -0.4155
vn 0.0000 -1.0000 -0.0000
vn 0.0000 -1.0000 -0.0000
vn 0.0000 -1.0000 -0.0000
vn 0.0000 -1.0000 -0.0000
vn 0.0000 -1.0000 -0.0000
vn 0.0000 -1.0000 -0.0000
vn 0.0000 -1.0000 -0.0000
vn 0.0000 -1.0000 -0.0000
vn -0.5878 0.0000 -0.8090
vn 0.5878 0.0000 -0.8090
vn -0.5878 0.0000 -0.8090
vn -0.9511 0.0000 -0.3090
vn 0.5878 0.0000 -0.8090
vn -0.9511 0.0000 -0.3090
vn 0.9511 0.0000 -0.3090
vn -0.9511 -0.0000 0.3090
vn 0.9511 0.0000 -0.3090
vn -0.9511 -0.0000 0.3090
vn 0.9511 -0.0000 0.3090
vn -0.5878 -0.0000 0.8090
vn 0.9511 -0.0000 0.3090
vn -0.5878 -0.0000 0.8090
vn 0.5878 -0.0000 0.8090
vn 0.5878 -0.0000 0.8090
vn 0.0000 1.0000 -0.0000
vn 0.0000 1.0000 -0.0000
vn 0.0000 1.0000 -0.0000
vn 0.0000 1.0000 -0.0000
vn 0.0000 1.0000 -0.0000
vn 0.0000 1.0000 -0.0000
vn 0.0000 1.0000 -0.0000
vn 0.0000 1.0000 -0.0000
vn 0.4719 -0.5961 -0.6496
vn -0.2185 -0.7071 -0.6725
vn 0.2185 -0.7071 -0.6725
vn -0.4719 -0.5961 -0.6496
vn 0.5721 -0.7071 -0.4156
vn 0.5721 -0.7071 -0.4156
vn 0.7071 -0.7071 -0.0000
vn 0.7071 -0.7071 -0.0000
vn 0.7071 -0.7071 -0.0000
vn 0.7071 -0.7071 -0.0000
vn 0.5721 -0.7071 0.4156
vn 0.5721 -0.7071 0.4156
vn 0.4719 -0.5961 0.6496
vn 0.2185 -0.7071 0.6725
vn -0.4719 -0.5961 0.6495
vn -0.2185 -0.7071 0.6725
vn -0.5721 -0.7071 0.4156
vn -0.5721 -0.7071 0.4156
vn -0.7071 -0.7071 -0.0001
vn -0.7071 -0.7071 -0.0001
vn -0.7071 -0.7071 -0.0001
vn -0.7071 -0.7071 -0.0001
vn -0.5721 -0.7071 -0.4156
vn -0.5721 -0.7071 -0.4156
vn 0.4719 0.5961 -0.6495
vn 0.2185 0.7071 -0.6724
vn -0.4719 0.5961 -0.6496
vn -0.2185 0.7071 -0.6725
vn -0.5721 0.7071 -0.4156
vn -0.5721 0.7071 -0.4156
vn -0.7071 0.7071 -0.0000
vn -0.7071 0.7071 -0.0000
vn -0.7071 0.7071 -0.0000
vn -0.7071 0.7071 -0.0000
vn -0.5721 0.7071 0.4156
vn -0.5721 0.7071 0.4156
vn -0.4719 0.5961 0.6496
vn -0.2185 0.7071 0.6725
vn 0.4719 0.5961 0.6496
vn 0.2185 0.7071 0.6726
vn 0.5721 0.7071 0.4157
vn 0.5721 0.7071 0.4157
vn 0.7071 0.7071 0.0000
vn 0.7071 0.7071 0.0000
vn 0.7071 0.7071 0.0000
vn 0.7071 0.7071 0.0000
vn 0.5721 0.7071 -0.4155
vn 0.5721 0.7071 -0.4155
vn 0.0000 -1.0000 -0.0000
vn 0.0000 -1.0000 -0.0000
vn 0.0000 -1.0000 -0.0000
vn 0.0000 -1.0000 -0.0000
vn 0.0000 -1.0000 -0.0000
vn 0.0000 -1.0000 -0.0000
vn 0.0000 -1.0000 -0.0000
vn 0.0000 -1.0000 -0.0000
vn -0.5878 0.0000 -0.8090
vn 0.5878 0.0000 -0.8090
vn -0.5878 0.0000 -0.8090
vn -0.9511 0.0000 -0.3090
vn 0.5878 0.0000 -0.8090
vn -0.9511 0.0000 -0.3090
vn 0.9511 0.0000 -0.3090
vn -0.9511 -0.0000 0.3090
vn 0.9511 0.0000 -0.3090
vn -0.9511 -0.0000 0.3090
vn 0.9511 -0.0000 0.3090
vn -0.5878 -0.0000 0.8090
vn 0.9511 -0.0000 0.3090
vn -0.5878 -0.0000 0.8090
vn 0.5878 -0.0000 0.8090
vn 0.5878 -0.0000 0.8090
vn 0.0000 1.0000 -0.0000
vn 0.0000 1.0000 -0.0000
vn 0.0000 1.0000 -0.0000
vn 0.0000 1.0000 -0.0000
vn 0.0000 1.0000 -0.0000
vn 0.0000 1.0000 -0.0000
vn 0.0000 1.0000 -0.0000
vn 0.0000 1.0000 -0.0000
vn 0.4719 -0.5961 -0.6496
vn -0.2185 -0.7071 -0.6725
vn 0.2185 -0.7071 -0.6725
vn -0.4719 -0.5961 -0.6496
vn 0.5721 -0.7071 -0.4156
vn 0.5721 -0.7071 -0.4156
vn 0.7071 -0.7071 -0.0000
vn 0.7071 -0.7071 -0.0000
vn 0.7071 -0.7071 -0.0000
vn 0.7071 -0.7071 -0.0000
vn 0.5721 -0.7071 0.4156
vn 0.5721 -0.7071 0.4156
vn 0.4719 -0.5961 0.6496
vn 0.2185 -0.7071 0.6725
vn -0.4719 -0.5961 0.6495
vn -0.2185 -0.7071 0.6725
vn -0.5721 -0.7071 0.4156
vn -0.5721 -0.7071 0.4156
vn -0.7071 -0.7071 -0.0001
vn -0.7071 -0.7071 -0.0001
vn -0.7071 -0.7071 -0.0001
vn -0.7071 -0.7071 -0.0001
vn -0.5721 -0.7071 -0.4156
vn -0.5721 -0.7071 -0.4156
vn 0.4719 0.5961 -0.6495
vn 0.2185 0.7071 -0.6724
vn -0.4719 0.5961 -0.6496
vn -0.2185 0.7071 -0.6725
vn -0.5721 0.7071 -0.4156
vn -0.5721 0.7071 -0.4156
vn -0.7071 0.7071 -0.0000
vn -0.7071 0.7071 -0.0000
vn -0.7071 0.7071 -0.0000
vn -0.7071 0.7071 -0.0000
vn -0.5721 0.7071 0.4156
vn -0.5721 0.7071 0.4156
vn -0.4719 0.5961 0.6496
vn -0.2185 0.7071 0.6725
vn 0.4719 0.5961 0.6496
vn 0.2185 0.7071 0.6726
vn 0.5721 0.7071 0.4157
vn 0.5721 0.7071 0.4157
vn 0.7071 0.7071 0.0000
vn 0.7071 0.7071 0.0000
vn 0.7071 0.7071 0.0000
vn 0.7071 0.7071 0.0000
vn 0.5721 0.7071 -0.4155
vn 0.5721 0.7071 -0.4155
vn 0.0000 -1.0000 -0.0000
vn 0.0000 -1.0000 -0.0000
vn 0.0000 -1.0000 -0.0000
vn 0.0000 -1.0000 -0.0000
vn 0.0000 -1.0000 -0.0000
vn 0.0000 -1.0000 -0.0000
vn 0.0000 -1.0000 -0.0000
vn 0.0000 -1.0000 -0.0000
vn -1.0000 0.0000 -0.0000
vn -1.0000 0.0000 -0.0000
vn -1.0000 0.0000 -0.0000
vn -1.0000 0.0000 -0.0000
vn 0.0000 0.0000 -1.0000
vn 0.0000 0.0000 -1.0000
vn 0.0000 0.0000 -1.0000
vn 0.0000 0.0000 -1.0000
vn 1.0000 0.0000 -0.0000
vn 1.0000 0.0000 -0.0000
vn 1.0000 0.0000 -0.0000
vn 1.0000 0.0000 -0.0000
vn -0.0000 -0.0000 1.0000
vn -0.0000 -0.0000 1.0000
vn -0.0000 -0.0000 1.0000
vn -0.0000 -0.0000 1.0000
vn 0.0000 -1.0000 -0.0000
vn 0.0000 -1.0000 -0.0000
vn 0.0000 -1.0000 -0.0000
vn 0.0000 -1.0000 -0.0000
vn 0.0000 1.0000 -0.0000
vn 0.0000 1.0000 -0.0000
vn 0.0000 1.0000 -0.0000
vn 0.0000 1.0000 -0.0000
vn -1.0000 0.0000 -0.0000
vn -1.0000 0.0000 -0.0000
vn -1.0000 0.0000 -0.0000
vn -1.0000 0.0000 -0.0000
vn 0.0000 0.0000 -1.0000
vn 0.0000 0.0000 -1.0000
vn 0.0000 0.0000 -1.0000
vn 0.0000 0.0000 -1.0000
vn 1.0000 0.0000 -0.0000
vn 1.0000 0.0000 -0.0000
vn 1.0000 0.0000 -0.0000
vn 1.0000 0.0000 -0.0000
vn -0.0000 -0.0000 1.0000
vn -0.0000 -0.0000 1.0000
vn -0.0000 -0.0000 1.0000
vn -0.0000 -0.0000 1.0000
vn 0.0000 -1.0000 -0.0000
vn 0.0000 -1.0000 -0.0000
vn 0.0000 -1.0000 -0.0000
vn 0.0000 -1.0000 -0.0000
vn 0.0000 1.0000 -0.0000
vn 0.0000 1.0000 -0.0000
vn 0.0000 1.0000 -0.0000
vn 0.0000 1.0000 -0.0000
vn -0.0000 -0.0000 1.0000
vn -0.0000 -0.0000 1.0000
vn -0.0000 -0.0000 1.0000
vn -0.0000 -0.0000 1.0000
vn -1.0000 0.0000 -0.0000
vn -1.0000 0.0000 -0.0000
vn -1.0000 0.0000 -0.0000
vn -1.0000 0.0000 -0.0000
vn 0.0000 0.0000 -1.0000
vn 0.0000 0.0000 -1.0000
vn 0.0000 0.0000 -1.0000
vn 0.0000 0.0000 -1.0000
vn 1.0000 0.0000 -0.0000
vn 1.0000 0.0000 -0.0000
vn 1.0000 0.0000 -0.0000
vn 1.0000 0.0000 -0.0000
vn 0.0000 -1.0000 -0.0000
vn 0.0000 -1.0000 -0.0000
vn 0.0000 -1.0000 -0.0000
vn 0.0000 -1.0000 -0.0000
vn 0.0000 1.0000 -0.0000
vn 0.0000 1.0000 -0.0000
vn 0.0000 1.0000 -0.0000
vn 0.0000 1.0000 -0.0000
vn -0.0000 -0.0000 1.0000
vn -0.0000 -0.0000 1.0000
vn -0.0000 -0.0000 1.0000
vn -0.0000 -0.0000 1.0000
vn -1.0000 0.0000 -0.0000
vn -1.0000 0.0000 -0.0000
vn -1.0000 0.0000 -0.0000
vn -1.0000 0.0000 -0.0000
vn 0.0000 0.0000 -1.0000
vn 0.0000 0.0000 -1.0000
vn 0.0000 0.0000 -1.0000
vn 0.0000 0.0000 -1.0000
vn 1.0000 0.0000 -0.0000
vn 1.0000 0.0000 -0.0000
vn 1.0000 0.0000 -0.0000
vn 1.0000 0.0000 -0.0000
vn 0.0000 -1.0000 -0.0000
vn 0.0000 -1.0000 -0.0000
vn 0.0000 -1.0000 -0.0000
vn 0.0000 -1.0000 -0.0000
vn 0.0000 1.0000 -0.0000
vn 0.0000 1.0000 -0.0000
vn 0.0000 1.0000 -0.0000
vn 0.0000 1.0000 -0.0000
vn 1.0000 0.0000 -0.0000
vn 1.0000 0.0000 -0.0000
vn 1.0000 0.0000 -0.0000
vn 1.0000 0.0000 -0.0000
vn -0.0000 -0.0000 1.0000
vn -0.0000 -0.0000 1.0000
vn -0.0000 -0.0000 1.0000
vn -0.0000 -0.0000 1.0000
vn -1.0000 0.0000 -0.0000
vn -1.0000 0.0000 -0.0000
vn -1.0000 0.0000 -0.0000
vn -1.0000 0.0000 -0.0000
vn 0.0000 0.0000 -1.0000
vn 0.0000 0.0000 -1.0000
vn 0.0000 0.0000 -1.0000
vn 0.0000 0.0000 -1.0000
vn 0.0000 -1.0000 -0.0000
vn 0.0000 -1.0000 -0.0000
vn 0.0000 -1.0000 -0.0000
vn 0.0000 -1.0000 -0.0000
vn 0.0000 1.0000 -0.0000
vn 0.0000 1.0000 -0.0000
vn 0.0000 1.0000 -0.0000
vn 0.0000 1.0000 -0.0000
vn 1.0000 0.0000 -0.0000
vn 1.0000 0.0000 -0.0000
vn 1.0000 0.0000 -0.0000
vn 1.0000 0.0000 -0.0000
vn -0.0000 -0.0000 1.0000
vn -0.0000 -0.0000 1.0000
vn -0.0000 -0.0000 1.0000
vn -0.0000 -0.0000 1.0000
vn -1.0000 0.0000 -0.0000
vn -1.0000 0.0000 -0.0000
vn -1.0000 0.0000 -0.0000
vn -1.0000 0.0000 -0.0000
vn 0.0000 0.0000 -1.0000
vn 0.0000 0.0000 -1.0000
vn 0.0000 0.0000 -1.0000
vn 0.0000 0.0000 -1.0000
vn 0.0000 -1.0000 -0.0000
vn 0.0000 -1.0000 -0.0000
vn 0.0000 -1.0000 -0.0000
vn 0.0000 -1.0000 -0.0000
vn 0.0000 1.0000 -0.0000
vn 0.0000 1.0000 -0.0000
vn 0.0000 1.0000 -0.0000
vn 0.0000 1.0000 -0.0000
vn 0.0000 0.0000 -1.0000
vn 0.0000 0.0000 -1.0000
vn 0.0000 0.0000 -1.0000
vn 0.0000 0.0000 -1.0000
vn 1.0000 0.0000 -0.0000
vn 1.0000 0.0000 -0.0000
vn 1.0000 0.0000 -0.0000
vn 1.0000 0.0000 -0.0000
vn -0.0000 -0.0000 1.0000
vn -0.0000 -0.0000 1.0000
vn -0.0000 -0.0000 1.0000
vn -0.0000 -0.0000 1.0000
vn -1.0000 0.0000 -0.0000
vn -1.0000 0.0000 -0.0000
vn -1.0000 0.0000 -0.0000
vn -1.0000 0.0000 -0.0000
vn 0.0000 -1.0000 -0.0000
vn 0.0000 -1.0000 -0.0000
vn 0.0000 -1.0000 -0.0000
vn 0.0000 -1.0000 -0.0000
vn 0.0000 1.0000 -0.0000
vn 0.0000 1.0000 -0.0000
vn 0.0000 1.0000 -0.0000
vn 0.0000 1.0000 -0.0000
vn 0.0000 0.0000 -1.0000
vn 0.0000 0.0000 -1.0000
vn 0.0000 0.0000 -1.0000
vn 0.0000 0.0000 -1.0000
vn 1.0000 0.0000 -0.0000
vn 1.0000 0.0000 -0.0000
vn 1.0000 0.0000 -0.0000
vn 1.0000 0.0000 -0.0000
vn -0.0000 -0.0000 1.0000
vn -0.0000 -0.0000 1.0000
vn -0.0000 -0.0000 1.0000
vn -0.0000 -0.0000 1.0000
vn -1.0000 0.0000 -0.0000
vn -1.0000 0.0000 -0.0000
vn -1.0000 0.0000 -0.0000
vn -1.0000 0.0000 -0.0000
vn 0.0000 -1.0000 -0.0000
vn 0.0000 -1.0000 -0.0000
vn 0.0000 -1.0000 -0.0000
vn 0.0000 -1.0000 -0.0000
vn 0.0000 1.0000 -0.0000
vn 0.0000 1.0000 -0.0000
vn 0.0000 1.0000 -0.0000
vn 0.0000 1.0000 -0.0000
vn -0.7636 0.5961 -0.2481
vn -0.7636 0.5961 -0.2481
vn -0.7636 0.5961 -0.2481
vn 0.4719 -0.5961 0.6496
vn 0.4719 -0.5961 0.6496
vn -0.3090 0.0000 -0.9511
vn -0.3090 0.0000 -0.9511
vn -0.3090 0.0000 -0.9511
vn -0.3090 0.0000 -0.9511
vn -0.4719 -0.5961 -0.6496
vn -0.4719 -0.5961 -0.6496
vn 0.7636 0.5961 0.2482
vn 0.7636 0.5961 0.2482
vn 0.7636 0.5961 0.2482
vn 1.0000 0.0000 -0.0000
vn 1.0000 0.0000 -0.0000
vn 1.0000 0.0000 -0.0000
vn 1.0000 0.0000 -0.0000
vn -0.7636 0.5961 0.2481
vn -0.7636 0.5961 0.2481
vn -0.7636 0.5961 0.2481
vn 0.7636 -0.5962 0.2481
vn 0.7636 -0.5962 0.2481
vn 0.7636 -0.5962 0.2481
vn 0.8090 -0.0000 0.5878
vn 0.8090 -0.0000 0.5878
vn 0.8090 -0.0000 0.5878
vn 0.8090 -0.0000 0.5878
vn -0.7636 -0.5961 0.2481
vn -0.7636 -0.5961 0.2481
vn -0.7636 -0.5961 0.2481
vn 0.7636 0.5961 -0.2481
vn 0.7636 0.5961 -0.2481
vn 0.7636 0.5961 -0.2481
vn 0.3090 -0.0000 0.9511
vn 0.3090 -0.0000 0.9511
vn 0.3090 -0.0000 0.9511
vn 0.3090 -0.0000 0.9511
vn -0.4719 0.5961 0.6496
vn -0.4719 0.5961 0.6496
vn 0.7636 -0.5961 -0.2481
vn 0.7636 -0.5961 -0.2481
vn 0.7636 -0.5961 -0.2481
vn -0.3090 -0.0000 0.9511
vn -0.3090 -0.0000 0.9511
vn -0.3090 -0.0000 0.9511
vn -0.3090 -0.0000 0.9511
vn -0.4719 -0.5961 0.6495
vn -0.4719 -0.5961 0.6495
vn 0.4719 0.5961 -0.6495
vn 0.4719 0.5961 -0.6495
vn -0.8090 -0.0000 0.5878
vn -0.8090 -0.0000 0.5878
vn -0.8090 -0.0000 0.5878
vn -0.8090 -0.0000 0.5878
vn -0.0000 0.5961 0.8029
vn -0.0000 0.5961 0.8029
vn -0.0000 0.5961 0.8029
vn 0.4719 -0.5961 -0.6496
vn 0.4719 -0.5961 -0.6496
vn -1.0000 0.0000 -0.0000
vn -1.0000 0.0000 -0.0000
vn -1.0000 0.0000 -0.0000
vn -1.0000 0.0000 -0.0000
vn -0.0000 -0.5961 0.8029
vn -0.0000 -0.5961 0.8029
vn -0.0000 -0.5961 0.8029
vn 0.0000 0.5961 -0.8029
vn 0.0000 0.5961 -0.8029
vn 0.0000 0.5961 -0.8029
vn -0.8090 0.0000 -0.5878
vn -0.8090 0.0000 -0.5878
vn -0.8090 0.0000 -0.5878
vn -0.8090 0.0000 -0.5878
vn 0.8090 0.0000 -0.5878
vn 0.8090 0.0000 -0.5878
vn 0.8090 0.0000 -0.5878
vn 0.8090 0.0000 -0.5878
vn 0.0000 -0.5961 -0.8029
vn 0.0000 -0.5961 -0.8029
vn 0.0000 -0.5961 -0.8029
vn -0.7636 -0.5961 -0.2482
vn -0.7636 -0.5961 -0.2482
vn -0.7636 -0.5961 -0.2482
vn 0.4719 0.5961 0.6496
vn 0.4719 0.5961 0.6496
vn 0.0000 1.0000 -0.0000
vn 0.0000 1.0000 -0.0000
vn 0.3090 0.0000 -0.9511
vn 0.3090 0.0000 -0.9511
vn 0.3090 0.0000 -0.9511
vn 0.3090 0.0000 -0.9511
vn -0.4719 0.5961 -0.6496
vn -0.4719 0.5961 -0.6496
vn 0.2185 -0.7071 -0.6725
vn 0.2185 -0.7071 -0.6725
vn 0.2185 -0.7071 -0.6725
vn 0.2185 0.7071 -0.6724
vn 0.2185 0.7071 -0.6724
vn 0.2185 0.7071 -0.6724
vn 0.0000 0.0000 -1.0000
vn 0.0000 0.0000 -1.0000
vn 0.0000 0.0000 -1.0000
vn 0.0000 0.0000 -1.0000
vn 0.5878 0.0000 -0.8090
vn 0.5878 0.0000 -0.8090
vn 0.5721 -0.7071 -0.4156
vn 0.5721 -0.7071 -0.4156
vn 0.5721 0.7071 -0.4155
vn 0.5721 0.7071 -0.4155
vn 0.9511 0.0000 -0.3090
vn 0.9511 0.0000 -0.3090
vn 0.9511 -0.0000 0.3090
vn 0.9511 -0.0000 0.3090
vn 0.5721 -0.7071 0.4156
vn 0.5721 -0.7071 0.4156
vn 0.5721 0.7071 0.4157
vn 0.5721 0.7071 0.4157
vn 0.5878 -0.0000 0.8090
vn 0.5878 -0.0000 0.8090
vn 0.2185 -0.7071 0.6725
vn 0.2185 -0.7071 0.6725
vn 0.2185 -0.7071 0.6725
vn 0.2185 0.7071 0.6726
vn 0.2185 0.7071 0.6726
vn 0.2185 0.7071 0.6726
vn -0.0000 -0.0000 1.0000
vn -0.0000 -0.0000 1.0000
vn -0.0000 -0.0000 1.0000
vn -0.0000 -0.0000 1.0000
vn -0.2185 -0.7071 0.6725
vn -0.2185 -0.7071 0.6725
vn -0.2185 -0.7071 0.6725
vn -0.2185 0.7071 0.6725
vn -0.2185 0.7071 0.6725
vn -0.2185 0.7071 0.6725
vn -0.5878 -0.0000 0.8090
vn -0.5878 -0.0000 0.8090
vn -0.5721 -0.7071 0.4156
vn -0.5721 -0.7071 0.4156
vn -0.5721 0.7071 0.4156
vn -0.5721 0.7071 0.4156
vn -0.9511 -0.0000 0.3090
vn -0.9511 -0.0000 0.3090
vn -0.9511 0.0000 -0.3090
vn -0.9511 0.0000 -0.3090
vn -0.5721 -0.7071 -0.4156
vn -0.5721 -0.7071 -0.4156
vn -0.5721 0.7071 -0.4156
vn -0.5721 0.7071 -0.4156
vn -0.5878 0.0000 -0.8090
vn -0.5878 0.0000 -0.8090
vn -0.2185 -0.7071 -0.6725
vn -0.2185 -0.7071 -0.6725
vn -0.2185 -0.7071 -0.6725
vn -0.2185 0.7071 -0.6725
vn -0.2185 0.7071 -0.6725
vn -0.2185 0.7071 -0.6725
vn 0.0000 -1.0000 -0.0000
vn 0.0000 -1.0000 -0.0000
vn 0.3090 0.0000 -0.9511
vn 0.3090 0.0000 -0.9511
vn 0.3090 0.0000 -0.9511
vn 0.3090 0.0000 -0.9511
vn 0.8090 0.0000 -0.5878
vn 0.8090 0.0000 -0.5878
vn 0.8090 0.0000 -0.5878
vn 0.8090 0.0000 -0.5878
vn 1.0000 0.0000 -0.0000
vn 1.0000 0.0000 -0.0000
vn 1.0000 0.0000 -0.0000
vn 1.0000 0.0000 -0.0000
vn 0.8090 -0.0000 0.5878
vn 0.8090 -0.0000 0.5878
vn 0.8090 -0.0000 0.5878
vn 0.8090 -0.0000 0.5878
vn 0.3090 -0.0000 0.9511
vn 0.3090 -0.0000 0.9511
vn 0.3090 -0.0000 0.9511
vn 0.3090 -0.0000 0.9511
vn -0.3090 -0.0000 0.9511
vn -0.3090 -0.0000 0.9511
vn -0.3090 -0.0000 0.9511
vn -0.3090 -0.0000 0.9511
vn -0.8090 -0.0000 0.5878
vn -0.8090 -0.0000 0.5878
vn -0.8090 -0.0000 0.5878
vn -0.8090 -0.0000 0.5878
vn -1.0000 0.0000 -0.0000
vn -1.0000 0.0000 -0.0000
vn -1.0000 0.0000 -0.0000
vn -1.0000 0.0000 -0.0000
vn 0.0000 1.0000 -0.0000
vn 0.0000 1.0000 -0.0000
vn 0.0000 1.0000 -0.0000
vn 0.0000 1.0000 -0.0000
vn 0.0000 1.0000 -0.0000
vn 0.0000 1.0000 -0.0000
vn 0.0000 1.0000 -0.0000
vn 0.0000 1.0000 -0.0000
vn 0.0000 1.0000 -0.0000
vn 0.0000 1.0000 -0.0000
vn -0.8090 0.0000 -0.5878
vn -0.8090 0.0000 -0.5878
vn -0.8090 0.0000 -0.5878
vn -0.8090 0.0000 -0.5878
vn -0.3090 0.0000 -0.9511
vn -0.3090 0.0000 -0.9511
vn -0.3090 0.0000 -0.9511
vn -0.3090 0.0000 -0.9511
vn 0.0000 -1.0000 -0.0000
vn 0.0000 -1.0000 -0.0000
vn 0.0000 -1.0000 -0.0000
vn 0.0000 -1.0000 -0.0000
vn 0.0000 -1.0000 -0.0000
vn 0.0000 -1.0000 -0.0000
vn 0.0000 -1.0000 -0.0000
vn 0.0000 -1.0000 -0.0000
vn 0.0000 -1.0000 -0.0000
vn 0.0000 -1.0000 -0.0000
vn -0.7636 0.5961 -0.2481
vn -0.7636 0.5961 -0.2481
vn -0.7636 0.5961 -0.2481
vn 0.4719 -0.5961 0.6496
vn 0.4719 -0.5961 0.6496
vn -0.3090 0.0000 -0.9511
vn -0.3090 0.0000 -0.9511
vn -0.3090 0.0000 -0.9511
vn -0.3090 0.0000 -0.9511
vn -0.4719 -0.5961 -0.6496
vn -0.4719 -0.5961 -0.6496
vn 0.7636 0.5961 0.2482
vn 0.7636 0.5961 0.2482
vn 0.7636 0.5961 0.2482
vn 1.0000 0.0000 -0.0000
vn 1.0000 0.0000 -0.0000
vn 1.0000 0.0000 -0.0000
vn 1.0000 0.0000 -0.0000
vn -0.7636 0.5961 0.2481
vn -0.7636 0.5961 0.2481
vn -0.7636 0.5961 0.2481
vn 0.7636 -0.5962 0.2481
vn 0.7636 -0.5962 0.2481
vn 0.7636 -0.5962 0.2481
vn 0.8090 -0.0000 0.5878
vn 0.8090 -0.0000 0.5878
vn 0.8090 -0.0000 0.5878
vn 0.8090 -0.0000 0.5878
vn -0.7636 -0.5961 0.2481
vn -0.7636 -0.5961 0.2481
vn -0.7636 -0.5961 0.2481
vn 0.7636 0.5961 -0.2481
vn 0.7636 0.5961 -0.2481
vn 0.7636 0.5961 -0.2481
vn 0.3090 -0.0000 0.9511
vn 0.3090 -0.0000 0.9511
vn 0.3090 -0.0000 0.9511
vn 0.3090 -0.0000 0.9511
vn -0.4719 0.5961 0.6496
vn -0.4719 0.5961 0.6496
vn 0.7636 -0.5961 -0.2481
vn 0.7636 -0.5961 -0.2481
vn 0.7636 -0.5961 -0.2481
vn -0.3090 -0.0000 0.9511
vn -0.3090 -0.0000 0.9511
vn -0.3090 -0.0000 0.9511
vn -0.3090 -0.0000 0.9511
vn -0.4719 -0.5961 0.6495
vn -0.4719 -0.5961 0.6495
vn 0.4719 0.5961 -0.6495
vn 0.4719 0.5961 -0.6495
vn -0.8090 -0.0000 0.5878
vn -0.8090 -0.0000 0.5878
vn -0.8090 -0.0000 0.5878
vn -0.8090 -0.0000 0.5878
vn -0.0000 0.5961 0.8029
vn -0.0000 0.5961 0.8029
vn -0.0000 0.5961 0.8029
vn 0.4719 -0.5961 -0.6496
vn 0.4719 -0.5961 -0.6496
vn -1.0000 0.0000 -0.0000
vn -1.0000 0.0000 -0.0000
vn -1.0000 0.0000 -0.0000
vn -1.0000 0.0000 -0.0000
vn -0.0000 -0.5961 0.8029
vn -0.0000 -0.5961 0.8029
vn -0.0000 -0.5961 0.8029
vn 0.0000 0.5961 -0.8029
vn 0.0000 0.5961 -0.8029
vn 0.0000 0.5961 -0.8029
vn -0.8090 0.0000 -0.5878
vn -0.8090 0.0000 -0.5878
vn -0.8090 0.0000 -0.5878
vn -0.8090 0.0000 -0.5878
vn 0.8090 0.0000 -0.5878
vn 0.8090 0.0000 -0.5878
vn 0.8090 0.0000 -0.5878
vn 0.8090 0.0000 -0.5878
vn 0.0000 -0.5961 -0.8029
vn 0.0000 -0.5961 -0.8029
vn 0.0000 -0.5961 -0.8029
vn -0.7636 -0.5961 -0.2482
vn -0.7636 -0.5961 -0.2482
vn -0.7636 -0.5961 -0.2482
vn 0.4719 0.5961 0.6496
vn 0.4719 0.5961 0.6496
vn 0.0000 1.0000 -0.0000
vn 0.0000 1.0000 -0.0000
vn 0.3090 0.0000 -0.9511
vn 0.3090 0.0000 -0.9511
vn 0.3090 0.0000 -0.9511
vn 0.3090 0.0000 -0.9511
vn -0.4719 0.5961 -0.6496
vn -0.4719 0.5961 -0.6496
vn 0.2185 -0.7071 -0.6725
vn 0.2185 -0.7071 -0.6725
vn 0.2185 -0.7071 -0.6725
vn 0.2185 0.7071 -0.6724
vn 0.2185 0.7071 -0.6724
vn 0.2185 0.7071 -0.6724
vn 0.0000 0.0000 -1.0000
vn 0.0000 0.0000 -1.0000
vn 0.0000 0.0000 -1.0000
vn 0.0000 0.0000 -1.0000
vn 0.5878 0.0000 -0.8090
vn 0.5878 0.0000 -0.8090
vn 0.5721 -0.7071 -0.4156
vn 0.5721 -0.7071 -0.4156
vn 0.5721 0.7071 -0.4155
vn 0.5721 0.7071 -0.4155
vn 0.9511 0.0000 -0.3090
vn 0.9511 0.0000 -0.3090
vn 0.9511 -0.0000 0.3090
vn 0.9511 -0.0000 0.3090
vn 0.5721 -0.7071 0.4156
vn 0.5721 -0.7071 0.4156
vn 0.5721 0.7071 0.4157
vn 0.5721 0.7071 0.4157
vn 0.5878 -0.0000 0.8090
vn 0.5878 -0.0000 0.8090
vn 0.2185 -0.7071 0.6725
vn 0.2185 -0.7071 0.6725
vn 0.2185 -0.7071 0.6725
vn 0.2185 0.7071 0.6726
vn 0.2185 0.7071 0.6726
vn 0.2185 0.7071 0.6726
vn -0.0000 -0.0000 1.0000
vn -0.0000 -0.0000 1.0000
vn -0.0000 -0.0000 1.0000
vn -0.0000 -0.0000 1.0000
vn -0.2185 -0.7071 0.6725
vn -0.2185 -0.7071 0.6725
vn -0.2185 -0.7071 0.6725
vn -0.2185 0.7071 0.6725
vn -0.2185 0.7071 0.6725
vn -0.2185 0.7071 0.6725
vn -0.5878 -0.0000 0.8090
vn -0.5878 -0.0000 0.8090
vn -0.5721 -0.7071 0.4156
vn -0.5721 -0.7071 0.4156
vn -0.5721 0.7071 0.4156
vn -0.5721 0.7071 0.4156
vn -0.9511 -0.0000 0.3090
vn -0.9511 -0.0000 0.3090
vn -0.9511 0.0000 -0.3090
vn -0.9511 0.0000 -0.3090
vn -0.5721 -0.7071 -0.4156
vn -0.5721 -0.7071 -0.4156
vn -0.5721 0.7071 -0.4156
vn -0.5721 0.7071 -0.4156
vn -0.5878 0.0000 -0.8090
vn -0.5878 0.0000 -0.8090
vn -0.2185 -0.7071 -0.6725
vn -0.2185 -0.7071 -0.6725
vn -0.2185 -0.7071 -0.6725
vn -0.2185 0.7071 -0.6725
vn -0.2185 0.7071 -0.6725
vn -0.2185 0.7071 -0.6725
vn 0.0000 -1.0000 -0.0000
vn 0.0000 -1.0000 -0.0000
vn 0.3090 0.0000 -0.9511
vn 0.3090 0.0000 -0.9511
vn 0.3090 0.0000 -0.9511
vn 0.3090 0.0000 -0.9511
vn 0.8090 0.0000 -0.5878
vn 0.8090 0.0000 -0.5878
vn 0.8090 0.0000 -0.5878
vn 0.8090 0.0000 -0.5878
vn 1.0000 0.0000 -0.0000
vn 1.0000 0.0000 -0.0000
vn 1.0000 0.0000 -0.0000
vn 1.0000 0.0000 -0.0000
vn 0.8090 -0.0000 0.5878
vn 0.8090 -0.0000 0.5878
vn 0.8090 -0.0000 0.5878
vn 0.8090 -0.0000 0.5878
vn 0.3090 -0.0000 0.9511
vn 0.3090 -0.0000 0.9511
vn 0.3090 -0.0000 0.9511
vn 0.3090 -0.0000 0.9511
vn -0.3090 -0.0000 0.9511
vn -0.3090 -0.0000 0.9511
vn -0.3090 -0.0000 0.9511
vn -0.3090 -0.0000 0.9511
vn -0.8090 -0.0000 0.5878
vn -0.8090 -0.0000 0.5878
vn -0.8090 -0.0000 0.5878
vn -0.8090 -0.0000 0.5878
vn -1.0000 0.0000 -0.0000
vn -1.0000 0.0000 -0.0000
vn -1.0000 0.0000 -0.0000
vn -1.0000 0.0000 -0.0000
vn 0.0000 1.0000 -0.0000
vn 0.0000 1.0000 -0.0000
vn 0.0000 1.0000 -0.0000
vn 0.0000 1.0000 -0.0000
vn 0.0000 1.0000 -0.0000
vn 0.0000 1.0000 -0.0000
vn 0.0000 1.0000 -0.0000
vn 0.0000 1.0000 -0.0000
vn 0.0000 1.0000 -0.0000
vn 0.0000 1.0000 -0.0000
vn -0.8090 0.0000 -0.5878
vn -0.8090 0.0000 -0.5878
vn -0.8090 0.0000 -0.5878
vn -0.8090 0.0000 -0.5878
vn -0.3090 0.0000 -0.9511
vn -0.3090 0.0000 -0.9511
vn -0.3090 0.0000 -0.9511
vn -0.3090 0.0000 -0.9511
vn 0.0000 -1.0000 -0.0000
vn 0.0000 -1.0000 -0.0000
vn 0.0000 -1.0000 -0.0000
vn 0.0000 -1.0000 -0.0000
vn 0.0000 -1.0000 -0.0000
vn 0.0000 -1.0000 -0.0000
vn 0.0000 -1.0000 -0.0000
vn 0.0000 -1.0000 -0.0000
vn 0.0000 -1.0000 -0.0000
vn 0.0000 -1.0000 -0.0000
vn -0.7636 0.5961 -0.2481
vn -0.7636 0.5961 -0.2481
vn -0.7636 0.5961 -0.2481
vn 0.4719 -0.5961 0.6496
vn 0.4719 -0.5961 0.6496
vn -0.3090 0.0000 -0.9511
vn -0.3090 0.0000 -0.9511
vn -0.3090 0.0000 -0.9511
vn -0.3090 0.0000 -0.9511
vn -0.4719 -0.5961 -0.6496
vn -0.4719 -0.5961 -0.6496
vn 0.7636 0.5961 0.2482
vn 0.7636 0.5961 0.2482
vn 0.7636 0.5961 0.2482
vn 1.0000 0.0000 -0.0000
vn 1.0000 0.0000 -0.0000
vn 1.0000 0.0000 -0.0000
vn 1.0000 0.0000 -0.0000
vn -0.7636 0.5961 0.2481
vn -0.7636 0.5961 0.2481
vn -0.7636 0.5961 0.2481
vn 0.7636 -0.5962 0.2481
vn 0.7636 -0.5962 0.2481
vn 0.7636 -0.5962 0.2481
vn 0.8090 -0.0000 0.5878
vn 0.8090 -0.0000 0.5878
vn 0.8090 -0.0000 0.5878
vn 0.8090 -0.0000 0.5878
vn -0.7636 -0.5961 0.2481
vn -0.7636 -0.5961 0.2481
vn -0.7636 -0.5961 0.2481
vn 0.7636 0.5961 -0.2481
vn 0.7636 0.5961 -0.2481
vn 0.7636 0.5961 -0.2481
vn 0.3090 -0.0000 0.9511
vn 0.3090 -0.0000 0.9511
vn 0.3090 -0.0000 0.9511
vn 0.3090 -0.0000 0.9511
vn -0.4719 0.5961 0.6496
vn -0.4719 0.5961 0.6496
vn 0.7636 -0.5961 -0.2481
vn 0.7636 -0.5961 -0.2481
vn 0.7636 -0.5961 -0.2481
vn -0.3090 -0.0000 0.9511
vn -0.3090 -0.0000 0.9511
vn -0.3090 -0.0000 0.9511
vn -0.3090 -0.0000 0.9511
vn -0.4719 -0.5961 0.6495
vn -0.4719 -0.5961 0.6495
vn 0.4719 0.5961 -0.6495
vn 0.4719 0.5961 -0.6495
vn -0.8090 -0.0000 0.5878
vn -0.8090 -0.0000 0.5878
vn -0.8090 -0.0000 0.5878
vn -0.8090 -0.0000 0.5878
vn -0.0000 0.5961 0.8029
vn -0.0000 0.5961 0.8029
vn -0.0000 0.5961 0.8029
vn 0.4719 -0.5961 -0.6496
vn 0.4719 -0.5961 -0.6496
vn -1.0000 0.0000 -0.0000
vn -1.0000 0.0000 -0.0000
vn -1.0000 0.0000 -0.0000
vn -1.0000 0.0000 -0.0000
vn -0.0000 -0.5961 0.8029
vn -0.0000 -0.5961 0.8029
vn -0.0000 -0.5961 0.8029
vn 0.0000 0.5961 -0.8029
vn 0.0000 0.5961 -0.8029
vn 0.0000 0.5961 -0.8029
vn -0.8090 0.0000 -0.5878
vn -0.8090 0.0000 -0.5878
vn -0.8090 0.0000 -0.5878
vn -0.8090 0.0000 -0.5878
vn 0.8090 0.0000 -0.5878
vn 0.8090 0.0000 -0.5878
vn 0.8090 0.0000 -0.5878
vn 0.8090 0.0000 -0.5878
vn 0.0000 -0.5961 -0.8029
vn 0.0000 -0.5961 -0.8029
vn 0.0000 -0.5961 -0.8029
vn -0.7636 -0.5961 -0.2482
vn -0.7636 -0.5961 -0.2482
vn -0.7636 -0.5961 -0.2482
vn 0.4719 0.5961 0.6496
vn 0.4719 0.5961 0.6496
vn 0.0000 1.0000 -0.0000
vn 0.0000 1.0000 -0.0000
vn 0.3090 0.0000 -0.9511
vn 0.3090 0.0000 -0.9511
vn 0.3090 0.0000 -0.9511
vn 0.3090 0.0000 -0.9511
vn -0.4719 0.5961 -0.6496
vn -0.4719 0.5961 -0.6496
vn 0.2185 -0.7071 -0.6725
vn 0.2185 -0.7071 -0.6725
vn 0.2185 -0.7071 -0.6725
vn 0.2185 0.7071 -0.6724
vn 0.2185 0.7071 -0.6724
vn 0.2185 0.7071 -0.6724
vn 0.0000 0.0000 -1.0000
vn 0.0000 0.0000 -1.0000
vn 0.0000 0.0000 -1.0000
vn 0.0000 0.0000 -1.0000
vn 0.5878 0.0000 -0.8090
vn 0.5878 0.0000 -0.8090
vn 0.5721 -0.7071 -0.4156
vn 0.5721 -0.7071 -0.4156
vn 0.5721 0.7071 -0.4155
vn 0.5721 0.7071 -0.4155
vn 0.9511 0.0000 -0.3090
vn 0.9511 0.0000 -0.3090
vn 0.9511 -0.0000 0.3090
vn 0.9511 -0.0000 0.3090
vn 0.5721 -0.7071 0.4156
vn 0.5721 -0.7071 0.4156
vn 0.5721 0.7071 0.4157
vn 0.5721 0.7071 0.4157
vn 0.5878 -0.0000 0.8090
vn 0.5878 -0.0000 0.8090
vn 0.2185 -0.7071 0.6725
vn 0.2185 -0.7071 0.6725
vn 0.2185 -0.7071 0.6725
vn 0.2185 0.7071 0.6726
vn 0.2185 0.7071 0.6726
vn 0.2185 0.7071 0.6726
vn -0.0000 -0.0000 1.0000
vn -0.0000 -0.0000 1.0000
vn -0.0000 -0.0000 1.0000
vn -0.0000 -0.0000 1.0000
vn -0.2185 -0.7071 0.6725
vn -0.2185 -0.7071 0.6725
vn -0.2185 -0.7071 0.6725
vn -0.2185 0.7071 0.6725
vn -0.2185 0.7071 0.6725
vn -0.2185 0.7071 0.6725
vn -0.5878 -0.0000 0.8090
vn -0.5878 -0.0000 0.8090
vn -0.5721 -0.7071 0.4156
vn -0.5721 -0.7071 0.4156
vn -0.5721 0.7071 0.4156
vn -0.5721 0.7071 0.4156
vn -0.9511 -0.0000 0.3090
vn -0.9511 -0.0000 0.3090
vn -0.9511 0.0000 -0.3090
vn -0.9511 0.0000 -0.3090
vn -0.5721 -0.7071 -0.4156
vn -0.5721 -0.7071 -0.4156
vn -0.5721 0.7071 -0.4156
vn -0.5721 0.7071 -0.4156
vn -0.5878 0.0000 -0.8090
vn -0.5878 0.0000 -0.8090
vn -0.2185 -0.7071 -0.6725
vn -0.2185 -0.7071 -0.6725
vn -0.2185 -0.7071 -0.6725
vn -0.2185 0.7071 -0.6725
vn -0.2185 0.7071 -0.6725
vn -0.2185 0.7071 -0.6725
vn 0.0000 -1.0000 -0.0000
vn 0.0000 -1.0000 -0.0000
vn 0.3090 0.0000 -0.9511
vn 0.3090 0.0000 -0.9511
vn 0.3090 0.0000 -0.9511
vn 0.3090 0.0000 -0.9511
vn 0.8090 0.0000 -0.5878
vn 0.8090 0.0000 -0.5878
vn 0.8090 0.0000 -0.5878
vn 0.8090 0.0000 -0.5878
vn 1.0000 0.0000 -0.0000
vn 1.0000 0.0000 -0.0000
vn 1.0000 0.0000 -0.0000
vn 1.0000 0.0000 -0.0000
vn 0.8090 -0.0000 0.5878
vn 0.8090 -0.0000 0.5878
vn 0.8090 -0.0000 0.5878
vn 0.8090 -0.0000 0.5878
vn 0.3090 -0.0000 0.9511
vn 0.3090 -0.0000 0.9511
vn 0.3090 -0.0000 0.9511
vn 0.3090 -0.0000 0.9511
vn -0.3090 -0.0000 0.9511
vn -0.3090 -0.0000 0.9511
vn -0.3090 -0.0000 0.9511
vn -0.3090 -0.0000 0.9511
vn -0.8090 -0.0000 0.5878
vn -0.8090 -0.0000 0.5878
vn -0.8090 -0.0000 0.5878
vn -0.8090 -0.0000 0.5878
vn -1.0000 0.0000 -0.0000
vn -1.0000 0.0000 -0.0000
vn -1.0000 0.0000 -0.0000
vn -1.0000 0.0000 -0.0000
vn 0.0000 1.0000 -0.0000
vn 0.0000 1.0000 -0.0000
vn 0.0000 1.0000 -0.0000
vn 0.0000 1.0000 -0.0000
vn 0.0000 1.0000 -0.0000
vn 0.0000 1.0000 -0.0000
vn 0.0000 1.0000 -0.0000
vn 0.0000 1.0000 -0.0000
vn 0.0000 1.0000 -0.0000
vn 0.0000 1.0000 -0.0000
vn -0.8090 0.0000 -0.5878
vn -0.8090 0.0000 -0.5878
vn -0.8090 0.0000 -0.5878
vn -0.8090 0.0000 -0.5878
vn -0.3090 0.0000 -0.9511
vn -0.3090 0.0000 -0.9511
vn -0.3090 0.0000 -0.9511
vn -0.3090 0.0000 -0.9511
vn 0.0000 -1.0000 -0.0000
vn 0.0000 -1.0000 -0.0000
vn 0.0000 -1.0000 -0.0000
vn 0.0000 -1.0000 -0.0000
vn 0.0000 -1.0000 -0.0000
vn 0.0000 -1.0000 -0.0000
vn 0.0000 -1.0000 -0.0000
vn 0.0000 -1.0000 -0.0000
vn 0.0000 -1.0000 -0.0000
vn 0.0000 -1.0000 -0.0000
vn -0.7636 0.5961 -0.2481
vn -0.7636 0.5961 -0.2481
vn -0.7636 0.5961 -0.2481
vn 0.4719 -0.5961 0.6496
vn 0.4719 -0.5961 0.6496
vn -0.3090 0.0000 -0.9511
vn -0.3090 0.0000 -0.9511
vn -0.3090 0.0000 -0.9511
vn -0.3090 0.0000 -0.9511
vn -0.4719 -0.5961 -0.6496
vn -0.4719 -0.5961 -0.6496
vn 0.7636 0.5961 0.2482
vn 0.7636 0.5961 0.2482
vn 0.7636 0.5961 0.2482
vn 1.0000 0.0000 -0.0000
vn 1.0000 0.0000 -0.0000
vn 1.0000 0.0000 -0.0000
vn 1.0000 0.0000 -0.0000
vn -0.7636 0.5961 0.2481
vn -0.7636 0.5961 0.2481
vn -0.7636 0.5961 0.2481
vn 0.7636 -0.5962 0.2481
vn 0.7636 -0.5962 0.2481
vn 0.7636 -0.5962 0.2481
vn 0.8090 -0.0000 0.5878
vn 0.8090 -0.0000 0.5878
vn 0.8090 -0.0000 0.5878
vn 0.8090 -0.0000 0.5878
vn -0.7636 -0.5961 0.2481
vn -0.7636 -0.5961 0.2481
vn -0.7636 -0.5961 0.2481
vn 0.7636 0.5961 -0.2481
vn 0.7636 0.5961 -0.2481
vn 0.7636 0.5961 -0.2481
vn 0.3090 -0.0000 0.9511
vn 0.3090 -0.0000 0.9511
vn 0.3090 -0.0000 0.9511
vn 0.3090 -0.0000 0.9511
vn -0.4719 0.5961 0.6496
vn -0.4719 0.5961 0.6496
vn 0.7636 -0.5961 -0.2481
vn 0.7636 -0.5961 -0.2481
vn 0.7636 -0.5961 -0.2481
vn -0.3090 -0.0000 0.9511
vn -0.3090 -0.0000 0.9511
vn -0.3090 -0.0000 0.9511
vn -0.3090 -0.0000 0.9511
vn -0.4719 -0.5961 0.6495
vn -0.4719 -0.5961 0.6495
vn 0.4719 0.5961 -0.6495
vn 0.4719 0.5961 -0.6495
vn -0.8090 -0.0000 0.5878
vn -0.8090 -0.0000 0.5878
vn -0.8090 -0.0000 0.5878
vn -0.8090 -0.0000 0.5878
vn -0.0000 0.5961 0.8029
vn -0.0000 0.5961 0.8029
vn -0.0000 0.5961 0.8029
vn 0.4719 -0.5961 -0.6496
vn 0.4719 -0.5961 -0.6496
vn -1.0000 0.0000 -0.0000
vn -1.0000 0.0000 -0.0000
vn -1.0000 0.0000 -0.0000
vn -1.0000 0.0000 -0.0000
vn -0.0000 -0.5961 0.8029
vn -0.0000 -0.5961 0.8029
vn -0.0000 -0.5961 0.8029
vn 0.0000 0.5961 -0.8029
vn 0.0000 0.5961 -0.8029
vn 0.0000 0.5961 -0.8029
vn -0.8090 0.0000 -0.5878
vn -0.8090 0.0000 -0.5878
vn -0.8090 0.0000 -0.5878
vn -0.8090 0.0000 -0.5878
vn 0.8090 0.0000 -0.5878
vn 0.8090 0.0000 -0.5878
vn 0.8090 0.0000 -0.5878
vn 0.8090 0.0000 -0.5878
vn 0.0000 -0.5961 -0.8029
vn 0.0000 -0.5961 -0.8029
vn 0.0000 -0.5961 -0.8029
vn -0.7636 -0.5961 -0.2482
vn -0.7636 -0.5961 -0.2482
vn -0.7636 -0.5961 -0.2482
vn 0.4719 0.5961 0.6496
vn 0.4719 0.5961 0.6496
vn 0.0000 1.0000 -0.0000
vn 0.0000 1.0000 -0.0000
vn 0.3090 0.0000 -0.9511
vn 0.3090 0.0000 -0.9511
vn 0.3090 0.0000 -0.9511
vn 0.3090 0.0000 -0.9511
vn -0.4719 0.5961 -0.6496
vn -0.4719 0.5961 -0.6496
vn 0.2185 -0.7071 -0.6725
vn 0.2185 -0.7071 -0.6725
vn 0.2185 -0.7071 -0.6725
vn 0.2185 0.7071 -0.6724
vn 0.2185 0.7071 -0.6724
vn 0.2185 0.7071 -0.6724
vn 0.0000 0.0000 -1.0000
vn 0.0000 0.0000 -1.0000
vn 0.0000 0.0000 -1.0000
vn 0.0000 0.0000 -1.0000
vn 0.5878 0.0000 -0.8090
vn 0.5878 0.0000 -0.8090
vn 0.5721 -0.7071 -0.4156
vn 0.5721 -0.7071 -0.4156
vn 0.5721 0.7071 -0.4155
vn 0.5721 0.7071 -0.4155
vn 0.9511 0.0000 -0.3090
vn 0.9511 0.0000 -0.3090
vn 0.9511 -0.0000 0.3090
vn 0.9511 -0.0000 0.3090
vn 0.5721 -0.7071 0.4156
vn 0.5721 -0.7071 0.4156
vn 0.5721 0.7071 0.4157
vn 0.5721 0.7071 0.4157
vn 0.5878 -0.0000 0.8090
vn 0.5878 -0.0000 0.8090
vn 0.2185 -0.7071 0.6725
vn 0.2185 -0.7071 0.6725
vn 0.2185 -0.7071 0.6725
vn 0.2185 0.7071 0.6726
vn 0.2185 0.7071 0.6726
vn 0.2185 0.7071 0.6726
vn -0.0000 -0.0000 1.0000
vn -0.0000 -0.0000 1.0000
vn -0.0000 -0.0000 1.0000
vn -0.0000 -0.0000 1.0000
vn -0.2185 -0.7071 0.6725
vn -0.2185 -0.7071 0.6725
vn -0.2185 -0.7071 0.6725
vn -0.2185 0.7071 0.6725
vn -0.2185 0.7071 0.6725
vn -0.2185 0.7071 0.6725
vn -0.5878 -0.0000 0.8090
vn -0.5878 -0.0000 0.8090
vn -0.5721 -0.7071 0.4156
vn -0.5721 -0.7071 0.4156
vn -0.5721 0.7071 0.4156
vn -0.5721 0.7071 0.4156
vn -0.9511 -0.0000 0.3090
vn -0.9511 -0.0000 0.3090
vn -0.9511 0.0000 -0.3090
vn -0.9511 0.0000 -0.3090
vn -0.5721 -0.7071 -0.4156
vn -0.5721 -0.7071 -0.4156
vn -0.5721 0.7071 -0.4156
vn -0.5721 0.7071 -0.4156
vn -0.5878 0.0000 -0.8090
vn -0.5878 0.0000 -0.8090
vn -0.2185 -0.7071 -0.6725
vn -0.2185 -0.7071 -0.6725
vn -0.2185 -0.7071 -0.6725
vn -0.2185 0.7071 -0.6725
vn -0.2185 0.7071 -0.6725
vn -0.2185 0.7071 -0.6725
vn 0.0000 -1.0000 -0.0000
vn 0.0000 -1.0000 -0.0000
vn 0.3090 0.0000 -0.9511
vn 0.3090 0.0000 -0.9511
vn 0.3090 0.0000 -0.9511
vn 0.3090 0.0000 -0.9511
vn 0.8090 0.0000 -0.5878
vn 0.8090 0.0000 -0.5878
vn 0.8090 0.0000 -0.5878
vn 0.8090 0.0000 -0.5878
vn 1.0000 0.0000 -0.0000
vn 1.0000 0.0000 -0.0000
vn 1.0000 0.0000 -0.0000
vn 1.0000 0.0000 -0.0000
vn 0.8090 -0.0000 0.5878
vn 0.8090 -0.0000 0.5878
vn 0.8090 -0.0000 0.5878
vn 0.8090 -0.0000 0.5878
vn 0.3090 -0.0000 0.9511
vn 0.3090 -0.0000 0.9511
vn 0.3090 -0.0000 0.9511
vn 0.3090 -0.0000 0.9511
vn -0.3090 -0.0000 0.9511
vn -0.3090 -0.0000 0.9511
vn -0.3090 -0.0000 0.9511
vn -0.3090 -0.0000 0.9511
vn -0.8090 -0.0000 0.5878
vn -0.8090 -0.0000 0.5878
vn -0.8090 -0.0000 0.5878
vn -0.8090 -0.0000 0.5878
vn -1.0000 0.0000 -0.0000
vn -1.0000 0.0000 -0.0000
vn -1.0000 0.0000 -0.0000
vn -1.0000 0.0000 -0.0000
vn 0.0000 1.0000 -0.0000
vn 0.0000 1.0000 -0.0000
vn 0.0000 1.0000 -0.0000
vn 0.0000 1.0000 -0.0000
vn 0.0000 1.0000 -0.0000
vn 0.0000 1.0000 -0.0000
vn 0.0000 1.0000 -0.0000
vn 0.0000 1.0000 -0.0000
vn 0.0000 1.0000 -0.0000
vn 0.0000 1.0000 -0.0000
vn -0.8090 0.0000 -0.5878
vn -0.8090 0.0000 -0.5878
vn -0.8090 0.0000 -0.5878
vn -0.8090 0.0000 -0.5878
vn -0.3090 0.0000 -0.9511
vn -0.3090 0.0000 -0.9511
vn -0.3090 0.0000 -0.9511
vn -0.3090 0.0000 -0.9511
vn 0.0000 -1.0000 -0.0000
vn 0.0000 -1.0000 -0.0000
vn 0.0000 -1.0000 -0.0000
vn 0.0000 -1.0000 -0.0000
vn 0.0000 -1.0000 -0.0000
vn 0.0000 -1.0000 -0.0000
vn 0.0000 -1.0000 -0.0000
vn 0.0000 -1.0000 -0.0000
vn 0.0000 -1.0000 -0.0000
vn 0.0000 -1.0000 -0.0000
f 1//1 3//3 2//2
f 1//1 2//2 4//4
f 5//5 7//7 6//6
f 5//5 6//6 8//8
f 9//9 11//11 10//10
f 9//9 10//10 12//12
f 13//13 15//15 14//14
f 13//13 14//14 16//16
f 17//17 19//19 18//18
f 17//17 18//18 20//20
f 21//21 23//23 22//22
f 24//24 26//26 25//25
f 27//27 29//29 28//28
f 30//30 32//32 31//31
f 33//33 35//35 34//34
f 36//36 38//38 37//37
f 39//39 41//41 40//40
f 42//42 44//44 43//43
f 45//45 47//47 46//46
f 45//45 46//46 48//48
f 49//49 51//51 50//50
f 49//49 50//50 52//52
f 53//53 55//55 54//54
f 53//53 54//54 56//56
f 57//57 59//59 58//58
f 57//57 58//58 60//60
f 61//61 63//63 62//62
f 61//61 62//62 64//64
f 65//65 67//67 66//66
f 65//65 66//66 68//68
f 69//69 71//71 70//70
f 69//69 70//70 72//72
f 73//73 75//75 74//74
f 73//73 74//74 76//76
f 77//77 79//79 78//78
f 77//77 78//78 80//80
f 81//81 83//83 82//82
f 81//81 82//82 84//84
f 85//85 87//87 86//86
f 85//85 86//86 88//88
f 89//89 91//91 90//90
f 89//89 90//90 92//92
f 93//93 95//95 94//94
f 93//93 94//94 96//96
f 97//97 99//99 98//98
f 97//97 98//98 100//100
f 101//101 103//103 102//102
f 101//101 102//102 104//104
f 105//105 107//107 106//106
f 105//105 106//106 108//108
f 109//109 111//111 110//110
f 109//109 110//110 112//112
f 113//113 115//115 114//114
f 113//113 114//114 116//116
f 117//117 119//119 118//118
f 120//120 122//122 121//121
f 123//123 125//125 124//124
f 126//126 128//128 127//127
f 129//129 131//131 130//130
f 132//132 134//134 133//133
f 135//135 137//137 136//136
f 138//138 140//140 139//139
f 141//141 143//143 142//142
f 141//141 142//142 144//144
f 145//145 147//147 146//146
f 145//145 146//146 148//148
f 149//149 151//151 150//150
f 149//149 150//150 152//152
f 153//153 155//155 154//154
f 153//153 154//154 156//156
f 157//157 159//159 158//158
f 157//157 158//158 160//160
f 161//161 163//163 162//162
f 161//161 162//162 164//164
f 165//165 167//167 166//166
f 165//165 166//166 168//168
f 169//169 171//171 170//170
f 169//169 170//170 172//172
f 173//173 175//175 174//174
f 173//173 174//174 176//176
f 177//177 179//179 178//178
f 177//177 178//178 180//180
f 181//181 183//183 182//182
f 181//181 182//182 184//184
f 185//185 187//187 186//186
f 185//185 186//186 188//188
f 189//189 191//191 190//190
f 189//189 190//190 192//192
f 513//513 515//515 514//514
f 513//513 514//514 516//516
f 517//517 519//519 518//518
f 517//517 518//518 520//520
f 521//521 523//523 522//522
f 521//521 522//522 524//524
f 525//525 527//527 526//526
f 525//525 526//526 528//528
f 529//529 531//531 530//530
f 529//529 530//530 532//532
f 533//533 535//535 534//534
f 533//533 534//534 536//536
f 537//537 539//539 538//538
f 537//537 538//538 540//540
f 541//541 543//543 542//542
f 541//541 542//542 544//544
f 545//545 547//547 546//546
f 545//545 546//546 548//548
f 549//549 551//551 550//550
f 549//549 550//550 552//552
f 553//553 555//555 554//554
f 553//553 554//554 556//556
f 557//557 559//559 558//558
f 557//557 558//558 560//560
f 561//561 563//563 562//562
f 561//561 562//562 564//564
f 565//565 567//567 566//566
f 565//565 566//566 568//568
f 569//569 571//571 570//570
f 569//569 570//570 572//572
f 573//573 575//575 574//574
f 573//573 574//574 576//576
f 577//577 579//579 578//578
f 577//577 578//578 580//580
f 581//581 583//583 582//582
f 581//581 582//582 584//584
f 585//585 587//587 586//586
f 585//585 586//586 588//588
f 589//589 591//591 590//590
f 589//589 590//590 592//592
f 593//593 595//595 594//594
f 593//593 594//594 596//596
f 597//597 599//599 598//598
f 597//597 598//598 600//600
f 601//601 603//603 602//602
f 601//601 602//602 604//604
f 605//605 607//607 606//606
f 605//605 606//606 608//608
f 609//609 611//611 610//610
f 609//609 610//610 612//612
f 613//613 615//615 614//614
f 613//613 614//614 616//616
f 617//617 619//619 618//618
f 617//617 618//618 620//620
f 621//621 623//623 622//622
f 621//621 622//622 624//624
f 625//625 627//627 626//626
f 625//625 626//626 628//628
f 629//629 631//631 630//630
f 629//629 630//630 632//632
f 633//633 635//635 634//634
f 633//633 634//634 636//636
f 637//637 639//639 638//638
f 637//637 638//638 640//640
f 641//641 643//643 642//642
f 641//641 642//642 644//644
f 645//645 647//647 646//646
f 645//645 646//646 648//648
f 649//649 651//651 650//650
f 649//649 650//650 652//652
f 653//653 655//655 654//654
f 653//653 654//654 656//656
f 657//657 659//659 658//658
f 657//657 658//658 660//660
f 661//661 663//663 662//662
f 661//661 662//662 664//664
f 665//665 667//667 666//666
f 665//665 666//666 668//668
f 669//669 671//671 670//670
f 669//669 670//670 672//672
f 673//673 675//675 674//674
f 673//673 674//674 676//676
f 677//677 679//679 678//678
f 677//677 678//678 680//680
f 681//681 683//683 682//682
f 681//681 682//682 684//684
f 685//685 687//687 686//686
f 685//685 686//686 688//688
f 689//689 691//691 690//690
f 689//689 690//690 692//692
f 693//693 695//695 694//694
f 693//693 694//694 696//696
f 697//697 699//699 698//698
f 697//697 698//698 700//700
f 701//701 703//703 702//702
f 701//701 702//702 704//704
f 705//705 707//707 706//706
f 708//708 229//229 709//709
f 710//710 712//712 711//711
f 710//710 711//711 713//713
f 714//714 220//220 715//715
f 716//716 718//718 717//717
f 719//719 721//721 720//720
f 719//719 720//720 722//722
f 723//723 725//725 724//724
f 726//726 728//728 727//727
f 729//729 731//731 730//730
f 729//729 730//730 732//732
f 733//733 735//735 734//734
f 736//736 738//738 737//737
f 739//739 741//741 740//740
f 739//739 740//740 742//742
f 743//743 253//253 744//744
f 745//745 747//747 746//746
f 748//748 750//750 749//749
f 748//748 749//749 751//751
f 752//752 753//753 231//231
f 754//754 241//241 755//755
f 756//756 758//758 757//757
f 756//756 757//757 759//759
f 760//760 762//762 761//761
f 763//763 764//764 217//217
f 765//765 767//767 766//766
f 765//765 766//766 768//768
f 769//769 771//771 770//770
f 772//772 774//774 773//773
f 775//775 777//777 776//776
f 775//775 776//776 778//778
f 779//779 781//781 780//780
f 779//779 780//780 782//782
f 783//783 785//785 784//784
f 786//786 788//788 787//787
f 789//789 790//790 255//255
f 212//212 209//209 791//791
f 212//212 791//791 210//210
f 791//791 211//211 210//210
f 210//210 213//213 212//212
f 213//213 214//214 212//212
f 210//210 215//215 213//213
f 215//215 792//792 213//213
f 210//210 216//216 215//215
f 793//793 795//795 794//794
f 793//793 794//794 796//796
f 797//797 798//798 243//243
f 799//799 800//800 219//219
f 799//799 219//219 801//801
f 802//802 804//804 803//803
f 802//802 803//803 242//242
f 805//805 807//807 806//806
f 805//805 806//806 808//808
f 197//197 194//194 809//809
f 197//197 809//809 810//810
f 811//811 812//812 222//222
f 811//811 222//222 221//221
f 813//813 814//814 264//264
f 813//813 264//264 263//263
f 199//199 201//201 815//815
f 199//199 815//815 816//816
f 223//223 226//226 225//225
f 223//223 225//225 224//224
f 259//259 262//262 261//261
f 259//259 261//261 260//260
f 817//817 818//818 205//205
f 817//817 205//205 203//203
f 819//819 820//820 228//228
f 819//819 228//228 227//227
f 821//821 822//822 258//258
f 821//821 258//258 257//257
f 823//823 824//824 208//208
f 823//823 208//208 207//207
f 825//825 827//827 826//826
f 825//825 826//826 230//230
f 828//828 829//829 256//256
f 828//828 256//256 830//830
f 831//831 833//833 832//832
f 831//831 832//832 834//834
f 835//835 836//836 232//232
f 835//835 232//232 837//837
f 838//838 840//840 839//839
f 838//838 839//839 254//254
f 206//206 204//204 841//841
f 206//206 841//841 842//842
f 843//843 844//844 234//234
f 843//843 234//234 233//233
f 845//845 846//846 252//252
f 845//845 252//252 251//251
f 202//202 200//200 847//847
f 202//202 847//847 848//848
f 235//235 238//238 237//237
f 235//235 237//237 236//236
f 247//247 250//250 249//249
f 247//247 249//249 248//248
f 849//849 850//850 196//196
f 849//849 196//196 198//198
f 851//851 852//852 240//240
f 851//851 240//240 239//239
f 853//853 854//854 246//246
f 853//853 246//246 245//245
f 855//855 856//856 193//193
f 855//855 193//193 195//195
f 857//857 859//859 858//858
f 857//857 858//858 218//218
f 860//860 861//861 244//244
f 860//860 244//244 862//862
f 268//268 863//863 265//265
f 268//268 265//265 266//266
f 265//265 267//267 266//266
f 266//266 269//269 268//268
f 269//269 270//270 268//268
f 266//266 864//864 269//269
f 864//864 272//272 269//269
f 266//266 271//271 864//864
f 865//865 867//867 866//866
f 865//865 866//866 868//868
f 869//869 871//871 870//870
f 869//869 870//870 872//872
f 873//873 875//875 874//874
f 873//873 874//874 876//876
f 877//877 879//879 878//878
f 877//877 878//878 880//880
f 881//881 883//883 882//882
f 881//881 882//882 884//884
f 885//885 887//887 886//886
f 885//885 886//886 888//888
f 889//889 891//891 890//890
f 889//889 890//890 892//892
f 893//893 895//895 894//894
f 893//893 894//894 896//896
f 897//897 899//899 898//898
f 897//897 898//898 900//900
f 898//898 901//901 900//900
f 900//900 902//902 897//897
f 902//902 903//903 897//897
f 900//900 904//904 902//902
f 904//904 905//905 902//902
f 900//900 906//906 904//904
f 907//907 909//909 908//908
f 907//907 908//908 910//910
f 911//911 913//913 912//912
f 911//911 912//912 914//914
f 915//915 917//917 916//916
f 915//915 916//916 918//918
f 916//916 919//919 918//918
f 918//918 920//920 915//915
f 920//920 921//921 915//915
f 918//918 922//922 920//920
f 922//922 923//923 920//920
f 918//918 924//924 922//922
f 925//925 927//927 926//926
f 928//928 309//309 929//929
f 930//930 932//932 931//931
f 930//930 931//931 933//933
f 934//934 300//300 935//935
f 936//936 938//938 937//937
f 939//939 941//941 940//940
f 939//939 940//940 942//942
f 943//943 945//945 944//944
f 946//946 948//948 947//947
f 949//949 951//951 950//950
f 949//949 950//950 952//952
f 953//953 955//955 954//954
f 956//956 958//958 957//957
f 959//959 961//961 960//960
f 959//959 960//960 962//962
f 963//963 333//333 964//964
f 965//965 967//967 966//966
f 968//968 970//970 969//969
f 968//968 969//969 971//971
f 972//972 973//973 311//311
f 974//974 321//321 975//975
f 976//976 978//978 977//977
f 976//976 977//977 979//979
f 980//980 982//982 981//981
f 983//983 984//984 297//297
f 985//985 987//987 986//986
f 985//985 986//986 988//988
f 989//989 991//991 990//990
f 992//992 994//994 993//993
f 995//995 997//997 996//996
f 995//995 996//996 998//998
f 999//999 1001//1001 1000//1000
f 999//999 1000//1000 1002//1002
f 1003//1003 1005//1005 1004//1004
f 1006//1006 1008//1008 1007//1007
f 1009//1009 1010//1010 335//335
f 292//292 289//289 1011//1011
f 292//292 1011//1011 290//290
f 1011//1011 291//291 290//290
f 290//290 293//293 292//292
f 293//293 294//294 292//292
f 290//290 295//295 293//293
f 295//295 1012//1012 293//293
f 290//290 296//296 295//295
f 1013//1013 1015//1015 1014//1014
f 1013//1013 1014//1014 1016//1016
f 1017//1017 1018//1018 323//323
f 1019//1019 1020//1020 299//299
f 1019//1019 299//299 1021//1021
f 1022//1022 1024//1024 1023//1023
f 1022//1022 1023//1023 322//322
f 1025//1025 1027//1027 1026//1026
f 1025//1025 1026//1026 1028//1028
f 277//277 274//274 1029//1029
f 277//277 1029//1029 1030//1030
f 1031//1031 1032//1032 302//302
f 1031//1031 302//302 301//301
f 1033//1033 1034//1034 344//344
f 1033//1033 344//344 343//343
f 279//279 281//281 1035//1035
f 279//279 1035//1035 1036//1036
f 303//303 306//306 305//305
f 303//303 305//305 304//304
f 339//339 342//342 341//341
f 339//339 341//341 340//340
f 1037//1037 1038//1038 285//285
f 1037//1037 285//285 283//283
f 1039//1039 1040//1040 308//308
f 1039//1039 308//308 307//307
f 1041//1041 1042//1042 338//338
f 1041//1041 338//338 337//337
f 1043//1043 1044//1044 288//288
f 1043//1043 288//288 287//287
f 1045//1045 1047//1047 1046//1046
f 1045//1045 1046//1046 310//310
f 1048//1048 1049//1049 336//336
f 1048//1048 336//336 1050//1050
f 1051//1051 1053//1053 1052//1052
f 1051//1051 1052//1052 1054//1054
f 1055//1055 1056//1056 312//312
f 1055//1055 312//312 1057//1057
f 1058//1058 1060//1060 1059//1059
f 1058//1058 1059//1059 334//334
f 286//286 284//284 1061//1061
f 286//286 1061//1061 1062//1062
f 1063//1063 1064//1064 314//314
f 1063//1063 314//314 313//313
f 1065//1065 1066//1066 332//332
f 1065//1065 332//332 331//331
f 282//282 280//280 1067//1067
f 282//282 1067//1067 1068//1068
f 315//315 318//318 317//317
f 315//315 317//317 316//316
f 327//327 330//330 329//329
f 327//327 329//329 328//328
f 1069//1069 1070//1070 276//276
f 1069//1069 276//276 278//278
f 1071//1071 1072//1072 320//320
f 1071//1071 320//320 319//319
f 1073//1073 1074//1074 326//326
f 1073//1073 326//326 325//325
f 1075//1075 1076//1076 273//273
f 1075//1075 273//273 275//275
f 1077//1077 1079//1079 1078//1078
f 1077//1077 1078//1078 298//298
f 1080//1080 1081//1081 324//324
f 1080//1080 324//324 1082//1082
f 348//348 1083//1083 345//345
f 348//348 345//345 346//346
f 345//345 347//347 346//346
f 346//346 349//349 348//348
f 349//349 350//350 348//348
f 346//346 1084//1084 349//349
f 1084//1084 352//352 349//349
f 346//346 351//351 1084//1084
f 1085//1085 1087//1087 1086//1086
f 1085//1085 1086//1086 1088//1088
f 1089//1089 1091//1091 1090//1090
f 1089//1089 1090//1090 1092//1092
f 1093//1093 1095//1095 1094//1094
f 1093//1093 1094//1094 1096//1096
f 1097//1097 1099//1099 1098//1098
f 1097//1097 1098//1098 1100//1100
f 1101//1101 1103//1103 1102//1102
f 1101//1101 1102//1102 1104//1104
f 1105//1105 1107//1107 1106//1106
f 1105//1105 1106//1106 1108//1108
f 1109//1109 1111//1111 1110//1110
f 1109//1109 1110//1110 1112//1112
f 1113//1113 1115//1115 1114//1114
f 1113//1113 1114//1114 1116//1116
f 1117//1117 1119//1119 1118//1118
f 1117//1117 1118//1118 1120//1120
f 1118//1118 1121//1121 1120//1120
f 1120//1120 1122//1122 1117//1117
f 1122//1122 1123//1123 1117//1117
f 1120//1120 1124//1124 1122//1122
f 1124//1124 1125//1125 1122//1122
f 1120//1120 1126//1126 1124//1124
f 1127//1127 1129//1129 1128//1128
f 1127//1127 1128//1128 1130//1130
f 1131//1131 1133//1133 1132//1132
f 1131//1131 1132//1132 1134//1134
f 1135//1135 1137//1137 1136//1136
f 1135//1135 1136//1136 1138//1138
f 1136//1136 1139//1139 1138//1138
f 1138//1138 1140//1140 1135//1135
f 1140//1140 1141//1141 1135//1135
f 1138//1138 1142//1142 1140//1140
f 1142//1142 1143//1143 1140//1140
f 1138//1138 1144//1144 1142//1142
f 1145//1145 1147//1147 1146//1146
f 1148//1148 389//389 1149//1149
f 1150//1150 1152//1152 1151//1151
f 1150//1150 1151//1151 1153//1153
f 1154//1154 380//380 1155//1155
f 1156//1156 1158//1158 1157//1157
f 1159//1159 1161//1161 1160//1160
f 1159//1159 1160//1160 1162//1162
f 1163//1163 1165//1165 1164//1164
f 1166//1166 1168//1168 1167//1167
f 1169//1169 1171//1171 1170//1170
f 1169//1169 1170//1170 1172//1172
f 1173//1173 1175//1175 1174//1174
f 1176//1176 1178//1178 1177//1177
f 1179//1179 1181//1181 1180//1180
f 1179//1179 1180//1180 1182//1182
f 1183//1183 413//413 1184//1184
f 1185//1185 1187//1187 1186//1186
f 1188//1188 1190//1190 1189//1189
f 1188//1188 1189//1189 1191//1191
f 1192//1192 1193//1193 391//391
f 1194//1194 401//401 1195//1195
f 1196//1196 1198//1198 1197//1197
f 1196//1196 1197//1197 1199//1199
f 1200//1200 1202//1202 1201//1201
f 1203//1203 1204//1204 377//377
f 1205//1205 1207//1207 1206//1206
f 1205//1205 1206//1206 1208//1208
f 1209//1209 1211//1211 1210//1210
f 1212//1212 1214//1214 1213//1213
f 1215//1215 1217//1217 1216//1216
f 1215//1215 1216//1216 1218//1218
f 1219//1219 1221//1221 1220//1220
f 1219//1219 1220//1220 1222//1222
f 1223//1223 1225//1225 1224//1224
f 1226//1226 1228//1228 1227//1227
f 1229//1229 1230//1230 415//415
f 372//372 369//369 1231//1231
f 372//372 1231//1231 370//370
f 1231//1231 371//371 370//370
f 370//370 373//373 372//372
f 373//373 374//374 372//372
f 370//370 375//375 373//373
f 375//375 1232//1232 373//373
f 370//370 376//376 375//375
f 1233//1233 1235//1235 1234//1234
f 1233//1233 1234//1234 1236//1236
f 1237//1237 1238//1238 403//403
f 1239//1239 1240//1240 379//379
f 1239//1239 379//379 1241//1241
f 1242//1242 1244//1244 1243//1243
f 1242//1242 1243//1243 402//402
f 1245//1245 1247//1247 1246//1246
f 1245//1245 1246//1246 1248//1248
f 357//357 354//354 1249//1249
f 357//357 1249//1249 1250//1250
f 1251//1251 1252//1252 382//382
f 1251//1251 382//382 381//381
f 1253//1253 1254//1254 424//424
f 1253//1253 424//424 423//423
f 359//359 361//361 1255//1255
f 359//359 1255//1255 1256//1256
f 383//383 386//386 385//385
f 383//383 385//385 384//384
f 419//419 422//422 421//421
f 419//419 421//421 420//420
f 1257//1257 1258//1258 365//365
f 1257//1257 365//365 363//363
f 1259//1259 1260//1260 388//388
f 1259//1259 388//388 387//387
f 1261//1261 1262//1262 418//418
f 1261//1261 418//418 417//417
f 1263//1263 1264//1264 368//368
f 1263//1263 368//368 367//367
f 1265//1265 1267//1267 1266//1266
f 1265//1265 1266//1266 390//390
f 1268//1268 1269//1269 416//416
f 1268//1268 416//416 1270//1270
f 1271//1271 1273//1273 1272//1272
f 1271//1271 1272//1272 1274//1274
f 1275//1275 1276//1276 392//392
f 1275//1275 392//392 1277//1277
f 1278//1278 1280//1280 1279//1279
f 1278//1278 1279//1279 414//414
f 366//366 364//364 1281//1281
f 366//366 1281//1281 1282//1282
f 1283//1283 1284//1284 394//394
f 1283//1283 394//394 393//393
f 1285//1285 1286//1286 412//412
f 1285//1285 412//412 411//411
f 362//362 360//360 1287//1287
f 362//362 1287//1287 1288//1288
f 395//395 398//398 397//397
f 395//395 397//397 396//396
f 407//407 410//410 409//409
f 407//407 409//409 408//408
f 1289//1289 1290//1290 356//356
f 1289//1289 356//356 358//358
f 1291//1291 1292//1292 400//400
f 1291//1291 400//400 399//399
f 1293//1293 1294//1294 406//406
f 1293//1293 406//406 405//405
f 1295//1295 1296//1296 353//353
f 1295//1295 353//353 355//355
f 1297//1297 1299//1299 1298//1298
f 1297//1297 1298//1298 378//378
f 1300//1300 1301//1301 404//404
f 1300//1300 404//404 1302//1302
f 428//428 1303//1303 425//425
f 428//428 425//425 426//426
f 425//425 427//427 426//426
f 426//426 429//429 428//428
f 429//429 430//430 428//428
f 426//426 1304//1304 429//429
f 1304//1304 432//432 429//429
f 426//426 431//431 1304//1304
f 1305//1305 1307//1307 1306//1306
f 1305//1305 1306//1306 1308//1308
f 1309//1309 1311//1311 1310//1310
f 1309//1309 1310//1310 1312//1312
f 1313//1313 1315//1315 1314//1314
f 1313//1313 1314//1314 1316//1316
f 1317//1317 1319//1319 1318//1318
f 1317//1317 1318//1318 1320//1320
f 1321//1321 1323//1323 1322//1322
f 1321//1321 1322//1322 1324//1324
f 1325//1325 1327//1327 1326//1326
f 1325//1325 1326//1326 1328//1328
f 1329//1329 1331//1331 1330//1330
f 1329//1329 1330//1330 1332//1332
f 1333//1333 1335//1335 1334//1334
f 1333//1333 1334//1334 1336//1336
f 1337//1337 1339//1339 1338//1338
f 1337//1337 1338//1338 1340//1340
f 1338//1338 1341//1341 1340//1340
f 1340//1340 1342//1342 1337//1337
f 1342//1342 1343//1343 1337//1337
f 1340//1340 1344//1344 1342//1342
f 1344//1344 1345//1345 1342//1342
f 1340//1340 1346//1346 1344//1344
f 1347//1347 1349//1349 1348//1348
f 1347//1347 1348//1348 1350//1350
f 1351//1351 1353//1353 1352//1352
f 1351//1351 1352//1352 1354//1354
f 1355//1355 1357//1357 1356//1356
f 1355//1355 1356//1356 1358//1358
f 1356//1356 1359//1359 1358//1358
f 1358//1358 1360//1360 1355//1355
f 1360//1360 1361//1361 1355//1355
f 1358//1358 1362//1362 1360//1360
f 1362//1362 1363//1363 1360//1360
f 1358//1358 1364//1364 1362//1362
f 1365//1365 1367//1367 1366//1366
f 1368//1368 469//469 1369//1369
f 1370//1370 1372//1372 1371//1371
f 1370//1370 1371//1371 1373//1373
f 1374//1374 460//460 1375//1375
f 1376//1376 1378//1378 1377//1377
f 1379//1379 1381//1381 1380//1380
f 1379//1379 1380//1380 1382//1382
f 1383//1383 1385//1385 1384//1384
f 1386//1386 1388//1388 1387//1387
f 1389//1389 1391//1391 1390//1390
f 1389//1389 1390//1390 1392//1392
f 1393//1393 1395//1395 1394//1394
f 1396//1396 1398//1398 1397//1397
f 1399//1399 1401//1401 1400//1400
f 1399//1399 1400//1400 1402//1402
f 1403//1403 493//493 1404//1404
f 1405//1405 1407//1407 1406//1406
f 1408//1408 1410//1410 1409//1409
f 1408//1408 1409//1409 1411//1411
f 1412//1412 1413//1413 471//471
f 1414//1414 481//481 1415//1415
f 1416//1416 1418//1418 1417//1417
f 1416//1416 1417//1417 1419//1419
f 1420//1420 1422//1422 1421//1421
f 1423//1423 1424//1424 457//457
f 1425//1425 1427//1427 1426//1426
f 1425//1425 1426//1426 1428//1428
f 1429//1429 1431//1431 1430//1430
f 1432//1432 1434//1434 1433//1433
f 1435//1435 1437//1437 1436//1436
f 1435//1435 1436//1436 1438//1438
f 1439//1439 1441//1441 1440//1440
f 1439//1439 1440//1440 1442//1442
f 1443//1443 1445//1445 1444//1444
f 1446//1446 1448//1448 1447//1447
f 1449//1449 1450//1450 495//495
f 452//452 449//449 1451//1451
f 452//452 1451//1451 450//450
f 1451//1451 451//451 450//450
f 450//450 453//453 452//452
f 453//453 454//454 452//452
f 450//450 455//455 453//453
f 455//455 1452//1452 453//453
f 450//450 456//456 455//455
f 1453//1453 1455//1455 1454//1454
f 1453//1453 1454//1454 1456//1456
f 1457//1457 1458//1458 483//483
f 1459//1459 1460//1460 459//459
f 1459//1459 459//459 1461//1461
f 1462//1462 1464//1464 1463//1463
f 1462//1462 1463//1463 482//482
f 1465//1465 1467//1467 1466//1466
f 1465//1465 1466//1466 1468//1468
f 437//437 434//434 1469//1469
f 437//437 1469//1469 1470//1470
f 1471//1471 1472//1472 462//462
f 1471//1471 462//462 461//461
f 1473//1473 1474//1474 504//504
f 1473//1473 504//504 503//503
f 439//439 441//441 1475//1475
f 439//439 1475//1475 1476//1476
f 463//463 466//466 465//465
f 463//463 465//465 464//464
f 499//499 502//502 501//501
f 499//499 501//501 500//500
f 1477//1477 1478//1478 445//445
f 1477//1477 445//445 443//443
f 1479//1479 1480//1480 468//468
f 1479//1479 468//468 467//467
f 1481//1481 1482//1482 498//498
f 1481//1481 498//498 497//497
f 1483//1483 1484//1484 448//448
f 1483//1483 448//448 447//447
f 1485//1485 1487//1487 1486//1486
f 1485//1485 1486//1486 470//470
f 1488//1488 1489//1489 496//496
f 1488//1488 496//496 1490//1490
f 1491//1491 1493//1493 1492//1492
f 1491//1491 1492//1492 1494//1494
f 1495//1495 1496//1496 472//472
f 1495//1495 472//472 1497//1497
f 1498//1498 1500//1500 1499//1499
f 1498//1498 1499//1499 494//494
f 446//446 444//444 1501//1501
f 446//446 1501//1501 1502//1502
f 1503//1503 1504//1504 474//474
f 1503//1503 474//474 473//473
f 1505//1505 1506//1506 492//492
f 1505//1505 492//492 491//491
f 442//442 440//440 1507//1507
f 442//442 1507//1507 1508//1508
f 475//475 478//478 477//477
f 475//475 477//477 476//476
f 487//487 490//490 489//489
f 487//487 489//489 488//488
f 1509//1509 1510//1510 436//436
f 1509//1509 436//436 438//438
f 1511//1511 1512//1512 480//480
f 1511//1511 480//480 479//479
f 1513//1513 1514//1514 486//486
f 1513//1513 486//486 485//485
f 1515//1515 1516//1516 433//433
f 1515//1515 433//433 435//435
f 1517//1517 1519//1519 1518//1518
f 1517//1517 1518//1518 458//458
f 1520//1520 1521//1521 484//484
f 1520//1520 484//484 1522//1522
f 508//508 1523//1523 505//505
f 508//508 505//505 506//506
f 505//505 507//507 506//506
f 506//506 509//509 508//508
f 509//509 510//510 508//508
f 506//506 1524//1524 509//509
f 1524//1524 512//512 509//509
f 506//506 511//511 1524//1524
f 1525//1525 1527//1527 1526//1526
f 1525//1525 1526//1526 1528//1528
f 1529//1529 1531//1531 1530//1530
f 1529//1529 1530//1530 1532//1532
f 1533//1533 1535//1535 1534//1534
f 1533//1533 1534//1534 1536//1536
f 1537//1537 1539//1539 1538//1538
f 1537//1537 1538//1538 1540//1540
f 1541//1541 1543//1543 1542//1542
f 1541//1541 1542//1542 1544//1544
f 1545//1545 1547//1547 1546//1546
f 1545//1545 1546//1546 1548//1548
f 1549//1549 1551//1551 1550//1550
f 1549//1549 1550//1550 1552//1552
f 1553//1553 1555//1555 1554//1554
f 1553//1553 1554//1554 1556//1556
f 1557//1557 1559//1559 1558//1558
f 1557//1557 1558//1558 1560//1560
f 1558//1558 1561//1561 1560//1560
f 1560//1560 1562//1562 1557//1557
f 1562//1562 1563//1563 1557//1557
f 1560//1560 1564//1564 1562//1562
f 1564//1564 1565//1565 1562//1562
f 1560//1560 1566//1566 1564//1564
f 1567//1567 1569//1569 1568//1568
f 1567//1567 1568//1568 1570//1570
f 1571//1571 1573//1573 1572//1572
f 1571//1571 1572//1572 1574//1574
f 1575//1575 1577//1577 1576//1576
f 1575//1575 1576//1576 1578//1578
f 1576//1576 1579//1579 1578//1578
f 1578//1578 1580//1580 1575//1575
f 1580//1580 1581//1581 1575//1575
f 1578//1578 1582//1582 1580//1580
f 1582//1582 1583//1583 1580//1580
f 1578//1578 1584//1584 1582//1582
g core_team
usemtl team
v -0.10800 0.46500 -0.05400
v -0.07391 0.46500 -0.10093
v -0.10800 0.46500 -0.11200
v -0.05284 0.46500 -0.07192
v -0.14209 0.46500 -0.10093
v -0.05284 0.46500 -0.03608
v -0.16316 0.46500 -0.07192
v -0.07391 0.46500 -0.00708
v -0.16316 0.46500 -0.03608
v -0.10800 0.46500 0.00400
v -0.14209 0.46500 -0.00708
v -0.10800 0.46500 -0.11200
v -0.07391 0.46500 -0.10093
v -0.10800 0.59500 -0.05400
v -0.07391 0.46500 -0.10093
v -0.05284 0.46500 -0.07192
v -0.10800 0.59500 -0.05400
v -0.05284 0.46500 -0.07192
v -0.05284 0.46500 -0.03608
v -0.10800 0.59500 -0.05400
v -0.05284 0.46500 -0.03608
v -0.07391 0.46500 -0.00708
v -0.10800 0.59500 -0.05400
v -0.07391 0.46500 -0.00708
v -0.10800 0.46500 0.00400
v -0.10800 0.59500 -0.05400
v -0.10800 0.46500 0.00400
v -0.14209 0.46500 -0.00708
v -0.10800 0.59500 -0.05400
v -0.14209 0.46500 -0.00708
v -0.16316 0.46500 -0.03608
v -0.10800 0.59500 -0.05400
v -0.16316 0.46500 -0.03608
v -0.16316 0.46500 -0.07192
v -0.10800 0.59500 -0.05400
v -0.16316 0.46500 -0.07192
v -0.14209 0.46500 -0.10093
v -0.10800 0.59500 -0.05400
v -0.14209 0.46500 -0.10093
v -0.10800 0.46500 -0.11200
v -0.10800 0.59500 -0.05400
v 0.10800 0.46500 -0.05400
v 0.14209 0.46500 -0.10093
v 0.10800 0.46500 -0.11200
v 0.16316 0.46500 -0.07192
v 0.07391 0.46500 -0.10093
v 0.16316 0.46500 -0.03608
v 0.05284 0.46500 -0.07192
v 0.14209 0.46500 -0.00708
v 0.05284 0.46500 -0.03608
v 0.10800 0.46500 0.00400
v 0.07391 0.46500 -0.00708
v 0.10800 0.46500 -0.11200
v 0.14209 0.46500 -0.10093
v 0.10800 0.59500 -0.05400
v 0.14209 0.46500 -0.10093
v 0.16316 0.46500 -0.07192
v 0.10800 0.59500 -0.05400
v 0.16316 0.46500 -0.07192
v 0.16316 0.46500 -0.03608
v 0.10800 0.59500 -0.05400
v 0.16316 0.46500 -0.03608
v 0.14209 0.46500 -0.00708
v 0.10800 0.59500 -0.05400
v 0.14209 0.46500 -0.00708
v 0.10800 0.46500 0.00400
v 0.10800 0.59500 -0.05400
v 0.10800 0.46500 0.00400
v 0.07391 0.46500 -0.00708
v 0.10800 0.59500 -0.05400
v 0.07391 0.46500 -0.00708
v 0.05284 0.46500 -0.03608
v 0.10800 0.59500 -0.05400
v 0.05284 0.46500 -0.03608
v 0.05284 0.46500 -0.07192
v 0.10800 0.59500 -0.05400
v 0.05284 0.46500 -0.07192
v 0.07391 0.46500 -0.10093
v 0.10800 0.59500 -0.05400
v 0.07391 0.46500 -0.10093
v 0.10800 0.46500 -0.11200
v 0.10800 0.59500 -0.05400
v -0.10800 0.50500 -0.24600
v -0.07391 0.50500 -0.29293
v -0.10800 0.50500 -0.30400
v -0.05284 0.50500 -0.26393
v -0.14209 0.50500 -0.29293
v -0.05284 0.50500 -0.22808
v -0.16316 0.50500 -0.26393
v -0.07391 0.50500 -0.19908
v -0.16316 0.50500 -0.22808
v -0.10800 0.50500 -0.18800
v -0.14209 0.50500 -0.19908
v -0.10800 0.50500 -0.30400
v -0.07391 0.50500 -0.29293
v -0.10800 0.63500 -0.24600
v -0.07391 0.50500 -0.29293
v -0.05284 0.50500 -0.26393
v -0.10800 0.63500 -0.24600
v -0.05284 0.50500 -0.26393
v -0.05284 0.50500 -0.22808
v -0.10800 0.63500 -0.24600
v -0.05284 0.50500 -0.22808
v -0.07391 0.50500 -0.19908
v -0.10800 0.63500 -0.24600
v -0.07391 0.50500 -0.19908
v -0.10800 0.50500 -0.18800
v -0.10800 0.63500 -0.24600
v -0.10800 0.50500 -0.18800
v -0.14209 0.50500 -0.19908
v -0.10800 0.63500 -0.24600
v -0.14209 0.50500 -0.19908
v -0.16316 0.50500 -0.22808
v -0.10800 0.63500 -0.24600
v -0.16316 0.50500 -0.22808
v -0.16316 0.50500 -0.26393
v -0.10800 0.63500 -0.24600
v -0.16316 0.50500 -0.26393
v -0.14209 0.50500 -0.29293
v -0.10800 0.63500 -0.24600
v -0.14209 0.50500 -0.29293
v -0.10800 0.50500 -0.30400
v -0.10800 0.63500 -0.24600
v 0.10800 0.50500 -0.24600
v 0.14209 0.50500 -0.29293
v 0.10800 0.50500 -0.30400
v 0.16316 0.50500 -0.26393
v 0.07391 0.50500 -0.29293
v 0.16316 0.50500 -0.22808
v 0.05284 0.50500 -0.26393
v 0.14209 0.50500 -0.19908
v 0.05284 0.50500 -0.22808
v 0.10800 0.50500 -0.18800
v 0.07391 0.50500 -0.19908
v 0.10800 0.50500 -0.30400
v 0.14209 0.50500 -0.29293
v 0.10800 0.63500 -0.24600
v 0.14209 0.50500 -0.29293
v 0.16316 0.50500 -0.26393
v 0.10800 0.63500 -0.24600
v 0.16316 0.50500 -0.26393
v 0.16316 0.50500 -0.22808
v 0.10800 0.63500 -0.24600
v 0.16316 0.50500 -0.22808
v 0.14209 0.50500 -0.19908
v 0.10800 0.63500 -0.24600
v 0.14209 0.50500 -0.19908
v 0.10800 0.50500 -0.18800
v 0.10800 0.63500 -0.24600
v 0.10800 0.50500 -0.18800
v 0.07391 0.50500 -0.19908
v 0.10800 0.63500 -0.24600
v 0.07391 0.50500 -0.19908
v 0.05284 0.50500 -0.22808
v 0.10800 0.63500 -0.24600
v 0.05284 0.50500 -0.22808
v 0.05284 0.50500 -0.26393
v 0.10800 0.63500 -0.24600
v 0.05284 0.50500 -0.26393
v 0.07391 0.50500 -0.29293
v 0.10800 0.63500 -0.24600
v 0.07391 0.50500 -0.29293
v 0.10800 0.50500 -0.30400
v 0.10800 0.63500 -0.24600
vn -0.0000 -0.7071 0.7071
vn -0.0000 -0.7071 0.7071
vn -0.0000 -0.7071 0.7071
vn -0.0000 -0.7071 0.7071
vn -0.0000 -0.7071 0.7071
vn -0.0000 -0.7071 0.7071
vn -0.0000 -0.7071 0.7071
vn -0.0000 -0.7071 0.7071
vn -0.0000 -0.7071 0.7071
vn -0.0000 -0.7071 0.7071
vn -0.0000 -0.7071 0.7071
vn 0.7345 -0.6780 -0.0298
vn 0.7345 -0.6780 -0.0298
vn 0.7345 -0.6780 -0.0298
vn 0.8876 0.0898 0.4517
vn 0.8876 0.0898 0.4517
vn 0.8876 0.0898 0.4517
vn -0.6466 -0.2861 -0.7071
vn -0.6466 -0.2861 -0.7071
vn -0.6466 -0.2861 -0.7071
vn 0.4469 0.1778 0.8767
vn 0.4469 0.1778 0.8767
vn 0.4469 0.1778 0.8767
vn 0.2561 0.1192 0.9593
vn 0.2561 0.1192 0.9593
vn 0.2561 0.1192 0.9593
vn 0.0874 0.3597 0.9289
vn 0.0874 0.3597 0.9289
vn 0.0874 0.3597 0.9289
vn 0.0268 0.7823 0.6223
vn 0.0268 0.7823 0.6223
vn 0.0268 0.7823 0.6223
vn -0.0142 0.9269 0.3751
vn -0.0142 0.9269 0.3751
vn -0.0142 0.9269 0.3751
vn -0.2771 0.8910 0.3597
vn -0.2771 0.8910 0.3597
vn -0.2771 0.8910 0.3597
vn -0.5469 0.7992 0.2494
vn -0.5469 0.7992 0.2494
vn -0.5469 0.7992 0.2494
vn -0.0000 -0.7071 0.7071
vn -0.0000 -0.7071 0.7071
vn -0.0000 -0.7071 0.7071
vn -0.0000 -0.7071 0.7071
vn -0.0000 -0.7071 0.7071
vn -0.0000 -0.7071 0.7071
vn -0.0000 -0.7071 0.7071
vn -0.0000 -0.7071 0.7071
vn -0.0000 -0.7071 0.7071
vn -0.0000 -0.7071 0.7071
vn -0.0000 -0.7071 0.7071
vn 0.7345 -0.6780 -0.0298
vn 0.7345 -0.6780 -0.0298
vn 0.7345 -0.6780 -0.0298
vn 0.8876 0.0898 0.4517
vn 0.8876 0.0898 0.4517
vn 0.8876 0.0898 0.4517
vn -0.6466 -0.2861 -0.7071
vn -0.6466 -0.2861 -0.7071
vn -0.6466 -0.2861 -0.7071
vn 0.4469 0.1778 0.8767
vn 0.4469 0.1778 0.8767
vn 0.4469 0.1778 0.8767
vn 0.2561 0.1192 0.9593
vn 0.2561 0.1192 0.9593
vn 0.2561 0.1192 0.9593
vn 0.0874 0.3597 0.9289
vn 0.0874 0.3597 0.9289
vn 0.0874 0.3597 0.9289
vn 0.0268 0.7823 0.6223
vn 0.0268 0.7823 0.6223
vn 0.0268 0.7823 0.6223
vn -0.0142 0.9269 0.3751
vn -0.0142 0.9269 0.3751
vn -0.0142 0.9269 0.3751
vn -0.2771 0.8910 0.3597
vn -0.2771 0.8910 0.3597
vn -0.2771 0.8910 0.3597
vn -0.5469 0.7992 0.2494
vn -0.5469 0.7992 0.2494
vn -0.5469 0.7992 0.2494
vn -0.0000 -0.7071 0.7071
vn -0.0000 -0.7071 0.7071
vn -0.0000 -0.7071 0.7071
vn -0.0000 -0.7071 0.7071
vn -0.0000 -0.7071 0.7071
vn -0.0000 -0.7071 0.7071
vn -0.0000 -0.7071 0.7071
vn -0.0000 -0.7071 0.7071
vn -0.0000 -0.7071 0.7071
vn -0.0000 -0.7071 0.7071
vn -0.0000 -0.7071 0.7071
vn 0.7345 -0.6780 -0.0298
vn 0.7345 -0.6780 -0.0298
vn 0.7345 -0.6780 -0.0298
vn 0.8876 0.0898 0.4517
vn 0.8876 0.0898 0.4517
vn 0.8876 0.0898 0.4517
vn -0.6466 -0.2861 -0.7071
vn -0.6466 -0.2861 -0.7071
vn -0.6466 -0.2861 -0.7071
vn 0.4469 0.1778 0.8767
vn 0.4469 0.1778 0.8767
vn 0.4469 0.1778 0.8767
vn 0.2561 0.1192 0.9593
vn 0.2561 0.1192 0.9593
vn 0.2561 0.1192 0.9593
vn 0.0874 0.3597 0.9289
vn 0.0874 0.3597 0.9289
vn 0.0874 0.3597 0.9289
vn 0.0268 0.7823 0.6223
vn 0.0268 0.7823 0.6223
vn 0.0268 0.7823 0.6223
vn -0.0142 0.9269 0.3751
vn -0.0142 0.9269 0.3751
vn -0.0142 0.9269 0.3751
vn -0.2771 0.8910 0.3597
vn -0.2771 0.8910 0.3597
vn -0.2771 0.8910 0.3597
vn -0.5469 0.7992 0.2494
vn -0.5469 0.7992 0.2494
vn -0.5469 0.7992 0.2494
vn -0.0000 -0.7071 0.7071
vn -0.0000 -0.7071 0.7071
vn -0.0000 -0.7071 0.7071
vn -0.0000 -0.7071 0.7071
vn -0.0000 -0.7071 0.7071
vn -0.0000 -0.7071 0.7071
vn -0.0000 -0.7071 0.7071
vn -0.0000 -0.7071 0.7071
vn -0.0000 -0.7071 0.7071
vn -0.0000 -0.7071 0.7071
vn -0.0000 -0.7071 0.7071
vn 0.7345 -0.6780 -0.0298
vn 0.7345 -0.6780 -0.0298
vn 0.7345 -0.6780 -0.0298
vn 0.8876 0.0898 0.4517
vn 0.8876 0.0898 0.4517
vn 0.8876 0.0898 0.4517
vn -0.6466 -0.2861 -0.7071
vn -0.6466 -0.2861 -0.7071
vn -0.6466 -0.2861 -0.7071
vn 0.4469 0.1778 0.8767
vn 0.4469 0.1778 0.8767
vn 0.4469 0.1778 0.8767
vn 0.2561 0.1192 0.9593
vn 0.2561 0.1192 0.9593
vn 0.2561 0.1192 0.9593
vn 0.0874 0.3597 0.9289
vn 0.0874 0.3597 0.9289
vn 0.0874 0.3597 0.9289
vn 0.0268 0.7823 0.6223
vn 0.0268 0.7823 0.6223
vn 0.0268 0.7823 0.6223
vn -0.0142 0.9269 0.3751
vn -0.0142 0.9269 0.3751
vn -0.0142 0.9269 0.3751
vn -0.2771 0.8910 0.3597
vn -0.2771 0.8910 0.3597
vn -0.2771 0.8910 0.3597
vn -0.5469 0.7992 0.2494
vn -0.5469 0.7992 0.2494
vn -0.5469 0.7992 0.2494
f 1585//1585 1587//1587 1586//1586
f 1585//1585 1586//1586 1588//1588
f 1585//1585 1589//1589 1587//1587
f 1585//1585 1588//1588 1590//1590
f 1585//1585 1591//1591 1589//1589
f 1585//1585 1590//1590 1592//1592
f 1585//1585 1593//1593 1591//1591
f 1585//1585 1592//1592 1594//1594
f 1585//1585 1595//1595 1593//1593
f 1585//1585 1594//1594 1595//1595
f 1596//1596 1598//1598 1597//1597
f 1599//1599 1601//1601 1600//1600
f 1602//1602 1604//1604 1603//1603
f 1605//1605 1607//1607 1606//1606
f 1608//1608 1610//1610 1609//1609
f 1611//1611 1613//1613 1612//1612
f 1614//1614 1616//1616 1615//1615
f 1617//1617 1619//1619 1618//1618
f 1620//1620 1622//1622 1621//1621
f 1623//1623 1625//1625 1624//1624
f 1626//1626 1628//1628 1627//1627
f 1626//1626 1627//1627 1629//1629
f 1626//1626 1630//1630 1628//1628
f 1626//1626 1629//1629 1631//1631
f 1626//1626 1632//1632 1630//1630
f 1626//1626 1631//1631 1633//1633
f 1626//1626 1634//1634 1632//1632
f 1626//1626 1633//1633 1635//1635
f 1626//1626 1636//1636 1634//1634
f 1626//1626 1635//1635 1636//1636
f 1637//1637 1639//1639 1638//1638
f 1640//1640 1642//1642 1641//1641
f 1643//1643 1645//1645 1644//1644
f 1646//1646 1648//1648 1647//1647
f 1649//1649 1651//1651 1650//1650
f 1652//1652 1654//1654 1653//1653
f 1655//1655 1657//1657 1656//1656
f 1658//1658 1660//1660 1659//1659
f 1661//1661 1663//1663 1662//1662
f 1664//1664 1666//1666 1665//1665
f 1667//1667 1669//1669 1668//1668
f 1667//1667 1668//1668 1670//1670
f 1667//1667 1671//1671 1669//1669
f 1667//1667 1670//1670 1672//1672
f 1667//1667 1673//1673 1671//1671
f 1667//1667 1672//1672 1674//1674
f 1667//1667 1675//1675 1673//1673
f 1667//1667 1674//1674 1676//1676
f 1667//1667 1677//1677 1675//1675
f 1667//1667 1676//1676 1677//1677
f 1678//1678 1680//1680 1679//1679
f 1681//1681 1683//1683 1682//1682
f 1684//1684 1686//1686 1685//1685
f 1687//1687 1689//1689 1688//1688
f 1690//1690 1692//1692 1691//1691
f 1693//1693 1695//1695 1694//1694
f 1696//1696 1698//1698 1697//1697
f 1699//1699 1701//1701 1700//1700
f 1702//1702 1704//1704 1703//1703
f 1705//1705 1707//1707 1706//1706
f 1708//1708 1710//1710 1709//1709
f 1708//1708 1709//1709 1711//1711
f 1708//1708 1712//1712 1710//1710
f 1708//1708 1711//1711 1713//1713
f 1708//1708 1714//1714 1712//1712
f 1708//1708 1713//1713 1715//1715
f 1708//1708 1716//1716 1714//1714
f 1708//1708 1715//1715 1717//1717
f 1708//1708 1718//1718 1716//1716
f 1708//1708 1717//1717 1718//1718
f 1719//1719 1721//1721 1720//1720
f 1722//1722 1724//1724 1723//1723
f 1725//1725 1727//1727 1726//1726
f 1728//1728 1730//1730 1729//1729
f 1731//1731 1733//1733 1732//1732
f 1734//1734 1736//1736 1735//1735
f 1737//1737 1739//1739 1738//1738
f 1740//1740 1742//1742 1741//1741
f 1743//1743 1745//1745 1744//1744
f 1746//1746 1748//1748 1747//1747
g core_gold
usemtl gold
v -0.10800 0.58700 -0.05400
v -0.11160 0.59419 -0.04294
v -0.09860 0.59419 -0.04717
v -0.09860 0.59419 -0.04717
v -0.09860 0.59419 -0.06084
v -0.10800 0.58700 -0.05400
v -0.10800 0.58700 -0.05400
v -0.11963 0.59419 -0.05400
v -0.11160 0.59419 -0.04294
v -0.10800 0.58700 -0.05400
v -0.11160 0.59419 -0.06506
v -0.11963 0.59419 -0.05400
v -0.10800 0.58700 -0.05400
v -0.09860 0.59419 -0.06084
v -0.11160 0.59419 -0.06506
v -0.09860 0.59419 -0.04717
v -0.09638 0.60581 -0.05400
v -0.09860 0.59419 -0.06084
v -0.11160 0.59419 -0.04294
v -0.10441 0.60581 -0.04294
v -0.09860 0.59419 -0.04717
v -0.11963 0.59419 -0.05400
v -0.11741 0.60581 -0.04717
v -0.11160 0.59419 -0.04294
v -0.11160 0.59419 -0.06506
v -0.11741 0.60581 -0.06084
v -0.11963 0.59419 -0.05400
v -0.09860 0.59419 -0.06084
v -0.10441 0.60581 -0.06506
v -0.11160 0.59419 -0.06506
v -0.09860 0.59419 -0.04717
v -0.10441 0.60581 -0.04294
v -0.09638 0.60581 -0.05400
v -0.11160 0.59419 -0.04294
v -0.11741 0.60581 -0.04717
v -0.10441 0.60581 -0.04294
v -0.11963 0.59419 -0.05400
v -0.11741 0.60581 -0.06084
v -0.11741 0.60581 -0.04717
v -0.11160 0.59419 -0.06506
v -0.10441 0.60581 -0.06506
v -0.11741 0.60581 -0.06084
v -0.09860 0.59419 -0.06084
v -0.09638 0.60581 -0.05400
v -0.10441 0.60581 -0.06506
v -0.10441 0.60581 -0.04294
v -0.10800 0.61300 -0.05400
v -0.09638 0.60581 -0.05400
v -0.11741 0.60581 -0.04717
v -0.10800 0.61300 -0.05400
v -0.10441 0.60581 -0.04294
v -0.11741 0.60581 -0.06084
v -0.10800 0.61300 -0.05400
v -0.11741 0.60581 -0.04717
v -0.10441 0.60581 -0.06506
v -0.10800 0.61300 -0.05400
v -0.11741 0.60581 -0.06084
v -0.09638 0.60581 -0.05400
v -0.10800 0.61300 -0.05400
v -0.10441 0.60581 -0.06506
v 0.10800 0.58700 -0.05400
v 0.10440 0.59419 -0.04294
v 0.11740 0.59419 -0.04717
v 0.11740 0.59419 -0.04717
v 0.11740 0.59419 -0.06084
v 0.10800 0.58700 -0.05400
v 0.10800 0.58700 -0.05400
v 0.09637 0.59419 -0.05400
v 0.10440 0.59419 -0.04294
v 0.10800 0.58700 -0.05400
v 0.10440 0.59419 -0.06506
v 0.09637 0.59419 -0.05400
v 0.10800 0.58700 -0.05400
v 0.11740 0.59419 -0.06084
v 0.10440 0.59419 -0.06506
v 0.11740 0.59419 -0.04717
v 0.11963 0.60581 -0.05400
v 0.11740 0.59419 -0.06084
v 0.10440 0.59419 -0.04294
v 0.11159 0.60581 -0.04294
v 0.11740 0.59419 -0.04717
v 0.09637 0.59419 -0.05400
v 0.09859 0.60581 -0.04717
v 0.10440 0.59419 -0.04294
v 0.10440 0.59419 -0.06506
v 0.09859 0.60581 -0.06084
v 0.09637 0.59419 -0.05400
v 0.11740 0.59419 -0.06084
v 0.11159 0.60581 -0.06506
v 0.10440 0.59419 -0.06506
v 0.11740 0.59419 -0.04717
v 0.11159 0.60581 -0.04294
v 0.11963 0.60581 -0.05400
v 0.10440 0.59419 -0.04294
v 0.09859 0.60581 -0.04717
v 0.11159 0.60581 -0.04294
v 0.09637 0.59419 -0.05400
v 0.09859 0.60581 -0.06084
v 0.09859 0.60581 -0.04717
v 0.10440 0.59419 -0.06506
v 0.11159 0.60581 -0.06506
v 0.09859 0.60581 -0.06084
v 0.11740 0.59419 -0.06084
v 0.11963 0.60581 -0.05400
v 0.11159 0.60581 -0.06506
v 0.11159 0.60581 -0.04294
v 0.10800 0.61300 -0.05400
v 0.11963 0.60581 -0.05400
v 0.09859 0.60581 -0.04717
v 0.10800 0.61300 -0.05400
v 0.11159 0.60581 -0.04294
v 0.09859 0.60581 -0.06084
v 0.10800 0.61300 -0.05400
v 0.09859 0.60581 -0.04717
v 0.11159 0.60581 -0.06506
v 0.10800 0.61300 -0.05400
v 0.09859 0.60581 -0.06084
v 0.11963 0.60581 -0.05400
v 0.10800 0.61300 -0.05400
v 0.11159 0.60581 -0.06506
v -0.10800 0.62700 -0.24600
v -0.11160 0.63419 -0.23494
v -0.09860 0.63419 -0.23917
v -0.09860 0.63419 -0.23917
v -0.09860 0.63419 -0.25284
v -0.10800 0.62700 -0.24600
v -0.10800 0.62700 -0.24600
v -0.11963 0.63419 -0.24600
v -0.11160 0.63419 -0.23494
v -0.10800 0.62700 -0.24600
v -0.11160 0.63419 -0.25706
v -0.11963 0.63419 -0.24600
v -0.10800 0.62700 -0.24600
v -0.09860 0.63419 -0.25284
v -0.11160 0.63419 -0.25706
v -0.09860 0.63419 -0.23917
v -0.09638 0.64581 -0.24600
v -0.09860 0.63419 -0.25284
v -0.11160 0.63419 -0.23494
v -0.10441 0.64581 -0.23494
v -0.09860 0.63419 -0.23917
v -0.11963 0.63419 -0.24600
v -0.11741 0.64581 -0.23917
v -0.11160 0.63419 -0.23494
v -0.11160 0.63419 -0.25706
v -0.11741 0.64581 -0.25284
v -0.11963 0.63419 -0.24600
v -0.09860 0.63419 -0.25284
v -0.10441 0.64581 -0.25706
v -0.11160 0.63419 -0.25706
v -0.09860 0.63419 -0.23917
v -0.10441 0.64581 -0.23494
v -0.09638 0.64581 -0.24600
v -0.11160 0.63419 -0.23494
v -0.11741 0.64581 -0.23917
v -0.10441 0.64581 -0.23494
v -0.11963 0.63419 -0.24600
v -0.11741 0.64581 -0.25284
v -0.11741 0.64581 -0.23917
v -0.11160 0.63419 -0.25706
v -0.10441 0.64581 -0.25706
v -0.11741 0.64581 -0.25284
v -0.09860 0.63419 -0.25284
v -0.09638 0.64581 -0.24600
v -0.10441 0.64581 -0.25706
v -0.10441 0.64581 -0.23494
v -0.10800 0.65300 -0.24600
v -0.09638 0.64581 -0.24600
v -0.11741 0.64581 -0.23917
v -0.10800 0.65300 -0.24600
v -0.10441 0.64581 -0.23494
v -0.11741 0.64581 -0.25284
v -0.10800 0.65300 -0.24600
v -0.11741 0.64581 -0.23917
v -0.10441 0.64581 -0.25706
v -0.10800 0.65300 -0.24600
v -0.11741 0.64581 -0.25284
v -0.09638 0.64581 -0.24600
v -0.10800 0.65300 -0.24600
v -0.10441 0.64581 -0.25706
v 0.10800 0.62700 -0.24600
v 0.10440 0.63419 -0.23494
v 0.11740 0.63419 -0.23917
v 0.11740 0.63419 -0.23917
v 0.11740 0.63419 -0.25284
v 0.10800 0.62700 -0.24600
v 0.10800 0.62700 -0.24600
v 0.09637 0.63419 -0.24600
v 0.10440 0.63419 -0.23494
v 0.10800 0.62700 -0.24600
v 0.10440 0.63419 -0.25706
v 0.09637 0.63419 -0.24600
v 0.10800 0.62700 -0.24600
v 0.11740 0.63419 -0.25284
v 0.10440 0.63419 -0.25706
v 0.11740 0.63419 -0.23917
v 0.11963 0.64581 -0.24600
v 0.11740 0.63419 -0.25284
v 0.10440 0.63419 -0.23494
v 0.11159 0.64581 -0.23494
v 0.11740 0.63419 -0.23917
v 0.09637 0.63419 -0.24600
v 0.09859 0.64581 -0.23917
v 0.10440 0.63419 -0.23494
v 0.10440 0.63419 -0.25706
v 0.09859 0.64581 -0.25284
v 0.09637 0.63419 -0.24600
v 0.11740 0.63419 -0.25284
v 0.11159 0.64581 -0.25706
v 0.10440 0.63419 -0.25706
v 0.11740 0.63419 -0.23917
v 0.11159 0.64581 -0.23494
v 0.11963 0.64581 -0.24600
v 0.10440 0.63419 -0.23494
v 0.09859 0.64581 -0.23917
v 0.11159 0.64581 -0.23494
v 0.09637 0.63419 -0.24600
v 0.09859 0.64581 -0.25284
v 0.09859 0.64581 -0.23917
v 0.10440 0.63419 -0.25706
v 0.11159 0.64581 -0.25706
v 0.09859 0.64581 -0.25284
v 0.11740 0.63419 -0.25284
v 0.11963 0.64581 -0.24600
v 0.11159 0.64581 -0.25706
v 0.11159 0.64581 -0.23494
v 0.10800 0.65300 -0.24600
v 0.11963 0.64581 -0.24600
v 0.09859 0.64581 -0.23917
v 0.10800 0.65300 -0.24600
v 0.11159 0.64581 -0.23494
v 0.09859 0.64581 -0.25284
v 0.10800 0.65300 -0.24600
v 0.09859 0.64581 -0.23917
v 0.11159 0.64581 -0.25706
v 0.10800 0.65300 -0.24600
v 0.09859 0.64581 -0.25284
v 0.11963 0.64581 -0.24600
v 0.10800 0.65300 -0.24600
v 0.11159 0.64581 -0.25706
vn -0.0795 -0.4827 0.8722
vn -0.0795 -0.4827 0.8722
vn -0.0795 -0.4827 0.8722
vn 0.3666 -0.6071 0.7050
vn 0.3666 -0.6071 0.7050
vn 0.3666 -0.6071 0.7050
vn 0.1816 0.5484 -0.8162
vn 0.1816 0.5484 -0.8162
vn 0.1816 0.5484 -0.8162
vn -0.0193 0.8658 -0.5001
vn -0.0193 0.8658 -0.5001
vn -0.0193 0.8658 -0.5001
vn -0.4311 0.7842 -0.4463
vn -0.4311 0.7842 -0.4463
vn -0.4311 0.7842 -0.4463
vn 0.6943 -0.1338 0.7071
vn 0.6943 -0.1338 0.7071
vn 0.6943 -0.1338 0.7071
vn 0.0843 -0.2056 0.9750
vn 0.0843 -0.2056 0.9750
vn 0.0843 -0.2056 0.9750
vn -0.3100 0.9359 0.1673
vn -0.3100 0.9359 0.1673
vn -0.3100 0.9359 0.1673
vn -0.1515 0.9876 -0.0411
vn -0.1515 0.9876 -0.0411
vn -0.1515 0.9876 -0.0411
vn 0.7901 -0.5858 0.1808
vn 0.7901 -0.5858 0.1808
vn 0.7901 -0.5858 0.1808
vn 0.4624 0.0369 0.8859
vn 0.4624 0.0369 0.8859
vn 0.4624 0.0369 0.8859
vn -0.0249 0.2948 0.9552
vn -0.0249 0.2948 0.9552
vn -0.0249 0.2948 0.9552
vn -0.0017 0.9826 0.1859
vn -0.0017 0.9826 0.1859
vn -0.0017 0.9826 0.1859
vn -0.5790 0.7977 0.1683
vn -0.5790 0.7977 0.1683
vn -0.5790 0.7977 0.1683
vn 0.8940 -0.0788 0.4410
vn 0.8940 -0.0788 0.4410
vn 0.8940 -0.0788 0.4410
vn 0.3088 0.4757 0.8236
vn 0.3088 0.4757 0.8236
vn 0.3088 0.4757 0.8236
vn 0.1359 0.4900 0.8611
vn 0.1359 0.4900 0.8611
vn 0.1359 0.4900 0.8611
vn -0.0827 0.7552 0.6503
vn -0.0827 0.7552 0.6503
vn -0.0827 0.7552 0.6503
vn 0.3427 -0.8220 -0.4548
vn 0.3427 -0.8220 -0.4548
vn 0.3427 -0.8220 -0.4548
vn -0.1939 -0.8143 -0.5472
vn -0.1939 -0.8143 -0.5472
vn -0.1939 -0.8143 -0.5472
vn -0.0795 -0.4827 0.8722
vn -0.0795 -0.4827 0.8722
vn -0.0795 -0.4827 0.8722
vn 0.3666 -0.6071 0.7050
vn 0.3666 -0.6071 0.7050
vn 0.3666 -0.6071 0.7050
vn 0.1816 0.5484 -0.8162
vn 0.1816 0.5484 -0.8162
vn 0.1816 0.5484 -0.8162
vn -0.0193 0.8658 -0.5001
vn -0.0193 0.8658 -0.5001
vn -0.0193 0.8658 -0.5001
vn -0.4311 0.7842 -0.4463
vn -0.4311 0.7842 -0.4463
vn -0.4311 0.7842 -0.4463
vn 0.6943 -0.1338 0.7071
vn 0.6943 -0.1338 0.7071
vn 0.6943 -0.1338 0.7071
vn 0.0843 -0.2056 0.9750
vn 0.0843 -0.2056 0.9750
vn 0.0843 -0.2056 0.9750
vn -0.3100 0.9359 0.1673
vn -0.3100 0.9359 0.1673
vn -0.3100 0.9359 0.1673
vn -0.1515 0.9876 -0.0411
vn -0.1515 0.9876 -0.0411
vn -0.1515 0.9876 -0.0411
vn 0.7901 -0.5858 0.1808
vn 0.7901 -0.5858 0.1808
vn 0.7901 -0.5858 0.1808
vn 0.4624 0.0369 0.8859
vn 0.4624 0.0369 0.8859
vn 0.4624 0.0369 0.8859
vn -0.0249 0.2948 0.9552
vn -0.0249 0.2948 0.9552
vn -0.0249 0.2948 0.9552
vn -0.0017 0.9826 0.1859
vn -0.0017 0.9826 0.1859
vn -0.0017 0.9826 0.1859
vn -0.5790 0.7977 0.1683
vn -0.5790 0.7977 0.1683
vn -0.5790 0.7977 0.1683
vn 0.8940 -0.0788 0.4410
vn 0.8940 -0.0788 0.4410
vn 0.8940 -0.0788 0.4410
vn 0.3088 0.4757 0.8236
vn 0.3088 0.4757 0.8236
vn 0.3088 0.4757 0.8236
vn 0.1359 0.4900 0.8611
vn 0.1359 0.4900 0.8611
vn 0.1359 0.4900 0.8611
vn -0.0827 0.7552 0.6503
vn -0.0827 0.7552 0.6503
vn -0.0827 0.7552 0.6503
vn 0.3427 -0.8220 -0.4548
vn 0.3427 -0.8220 -0.4548
vn 0.3427 -0.8220 -0.4548
vn -0.1939 -0.8143 -0.5472
vn -0.1939 -0.8143 -0.5472
vn -0.1939 -0.8143 -0.5472
vn -0.0795 -0.4827 0.8722
vn -0.0795 -0.4827 0.8722
vn -0.0795 -0.4827 0.8722
vn 0.3666 -0.6071 0.7050
vn 0.3666 -0.6071 0.7050
vn 0.3666 -0.6071 0.7050
vn 0.1816 0.5484 -0.8162
vn 0.1816 0.5484 -0.8162
vn 0.1816 0.5484 -0.8162
vn -0.0193 0.8657 -0.5001
vn -0.0193 0.8657 -0.5001
vn -0.0193 0.8657 -0.5001
vn -0.4310 0.7842 -0.4464
vn -0.4310 0.7842 -0.4464
vn -0.4310 0.7842 -0.4464
vn 0.6943 -0.1338 0.7071
vn 0.6943 -0.1338 0.7071
vn 0.6943 -0.1338 0.7071
vn 0.0843 -0.2056 0.9750
vn 0.0843 -0.2056 0.9750
vn 0.0843 -0.2056 0.9750
vn -0.3100 0.9359 0.1673
vn -0.3100 0.9359 0.1673
vn -0.3100 0.9359 0.1673
vn -0.1515 0.9876 -0.0411
vn -0.1515 0.9876 -0.0411
vn -0.1515 0.9876 -0.0411
vn 0.7901 -0.5858 0.1808
vn 0.7901 -0.5858 0.1808
vn 0.7901 -0.5858 0.1808
vn 0.4624 0.0369 0.8859
vn 0.4624 0.0369 0.8859
vn 0.4624 0.0369 0.8859
vn -0.0249 0.2948 0.9552
vn -0.0249 0.2948 0.9552
vn -0.0249 0.2948 0.9552
vn -0.0017 0.9826 0.1859
vn -0.0017 0.9826 0.1859
vn -0.0017 0.9826 0.1859
vn -0.5790 0.7977 0.1683
vn -0.5790 0.7977 0.1683
vn -0.5790 0.7977 0.1683
vn 0.8940 -0.0788 0.4410
vn 0.8940 -0.0788 0.4410
vn 0.8940 -0.0788 0.4410
vn 0.3088 0.4757 0.8236
vn 0.3088 0.4757 0.8236
vn 0.3088 0.4757 0.8236
vn 0.1360 0.4900 0.8610
vn 0.1360 0.4900 0.8610
vn 0.1360 0.4900 0.8610
vn -0.0827 0.7552 0.6503
vn -0.0827 0.7552 0.6503
vn -0.0827 0.7552 0.6503
vn 0.3427 -0.8220 -0.4548
vn 0.3427 -0.8220 -0.4548
vn 0.3427 -0.8220 -0.4548
vn -0.1939 -0.8142 -0.5472
vn -0.1939 -0.8142 -0.5472
vn -0.1939 -0.8142 -0.5472
vn -0.0795 -0.4827 0.8722
vn -0.0795 -0.4827 0.8722
vn -0.0795 -0.4827 0.8722
vn 0.3666 -0.6071 0.7050
vn 0.3666 -0.6071 0.7050
vn 0.3666 -0.6071 0.7050
vn 0.1816 0.5484 -0.8162
vn 0.1816 0.5484 -0.8162
vn 0.1816 0.5484 -0.8162
vn -0.0193 0.8657 -0.5001
vn -0.0193 0.8657 -0.5001
vn -0.0193 0.8657 -0.5001
vn -0.4310 0.7842 -0.4464
vn -0.4310 0.7842 -0.4464
vn -0.4310 0.7842 -0.4464
vn 0.6943 -0.1338 0.7071
vn 0.6943 -0.1338 0.7071
vn 0.6943 -0.1338 0.7071
vn 0.0843 -0.2056 0.9750
vn 0.0843 -0.2056 0.9750
vn 0.0843 -0.2056 0.9750
vn -0.3100 0.9359 0.1673
vn -0.3100 0.9359 0.1673
vn -0.3100 0.9359 0.1673
vn -0.1515 0.9876 -0.0411
vn -0.1515 0.9876 -0.0411
vn -0.1515 0.9876 -0.0411
vn 0.7901 -0.5858 0.1808
vn 0.7901 -0.5858 0.1808
vn 0.7901 -0.5858 0.1808
vn 0.4624 0.0369 0.8859
vn 0.4624 0.0369 0.8859
vn 0.4624 0.0369 0.8859
vn -0.0249 0.2948 0.9552
vn -0.0249 0.2948 0.9552
vn -0.0249 0.2948 0.9552
vn -0.0017 0.9826 0.1859
vn -0.0017 0.9826 0.1859
vn -0.0017 0.9826 0.1859
vn -0.5790 0.7977 0.1683
vn -0.5790 0.7977 0.1683
vn -0.5790 0.7977 0.1683
vn 0.8940 -0.0788 0.4410
vn 0.8940 -0.0788 0.4410
vn 0.8940 -0.0788 0.4410
vn 0.3088 0.4757 0.8236
vn 0.3088 0.4757 0.8236
vn 0.3088 0.4757 0.8236
vn 0.1360 0.4900 0.8610
vn 0.1360 0.4900 0.8610
vn 0.1360 0.4900 0.8610
vn -0.0827 0.7552 0.6503
vn -0.0827 0.7552 0.6503
vn -0.0827 0.7552 0.6503
vn 0.3427 -0.8220 -0.4548
vn 0.3427 -0.8220 -0.4548
vn 0.3427 -0.8220 -0.4548
vn -0.1939 -0.8142 -0.5472
vn -0.1939 -0.8142 -0.5472
vn -0.1939 -0.8142 -0.5472
f 1749//1749 1751//1751 1750//1750
f 1752//1752 1754//1754 1753//1753
f 1755//1755 1757//1757 1756//1756
f 1758//1758 1760//1760 1759//1759
f 1761//1761 1763//1763 1762//1762
f 1764//1764 1766//1766 1765//1765
f 1767//1767 1769//1769 1768//1768
f 1770//1770 1772//1772 1771//1771
f 1773//1773 1775//1775 1774//1774
f 1776//1776 1778//1778 1777//1777
f 1779//1779 1781//1781 1780//1780
f 1782//1782 1784//1784 1783//1783
f 1785//1785 1787//1787 1786//1786
f 1788//1788 1790//1790 1789//1789
f 1791//1791 1793//1793 1792//1792
f 1794//1794 1796//1796 1795//1795
f 1797//1797 1799//1799 1798//1798
f 1800//1800 1802//1802 1801//1801
f 1803//1803 1805//1805 1804//1804
f 1806//1806 1808//1808 1807//1807
f 1809//1809 1811//1811 1810//1810
f 1812//1812 1814//1814 1813//1813
f 1815//1815 1817//1817 1816//1816
f 1818//1818 1820//1820 1819//1819
f 1821//1821 1823//1823 1822//1822
f 1824//1824 1826//1826 1825//1825
f 1827//1827 1829//1829 1828//1828
f 1830//1830 1832//1832 1831//1831
f 1833//1833 1835//1835 1834//1834
f 1836//1836 1838//1838 1837//1837
f 1839//1839 1841//1841 1840//1840
f 1842//1842 1844//1844 1843//1843
f 1845//1845 1847//1847 1846//1846
f 1848//1848 1850//1850 1849//1849
f 1851//1851 1853//1853 1852//1852
f 1854//1854 1856//1856 1855//1855
f 1857//1857 1859//1859 1858//1858
f 1860//1860 1862//1862 1861//1861
f 1863//1863 1865//1865 1864//1864
f 1866//1866 1868//1868 1867//1867
f 1869//1869 1871//1871 1870//1870
f 1872//1872 1874//1874 1873//1873
f 1875//1875 1877//1877 1876//1876
f 1878//1878 1880//1880 1879//1879
f 1881//1881 1883//1883 1882//1882
f 1884//1884 1886//1886 1885//1885
f 1887//1887 1889//1889 1888//1888
f 1890//1890 1892//1892 1891//1891
f 1893//1893 1895//1895 1894//1894
f 1896//1896 1898//1898 1897//1897
f 1899//1899 1901//1901 1900//1900
f 1902//1902 1904//1904 1903//1903
f 1905//1905 1907//1907 1906//1906
f 1908//1908 1910//1910 1909//1909
f 1911//1911 1913//1913 1912//1912
f 1914//1914 1916//1916 1915//1915
f 1917//1917 1919//1919 1918//1918
f 1920//1920 1922//1922 1921//1921
f 1923//1923 1925//1925 1924//1924
f 1926//1926 1928//1928 1927//1927
f 1929//1929 1931//1931 1930//1930
f 1932//1932 1934//1934 1933//1933
f 1935//1935 1937//1937 1936//1936
f 1938//1938 1940//1940 1939//1939
f 1941//1941 1943//1943 1942//1942
f 1944//1944 1946//1946 1945//1945
f 1947//1947 1949//1949 1948//1948
f 1950//1950 1952//1952 1951//1951
f 1953//1953 1955//1955 1954//1954
f 1956//1956 1958//1958 1957//1957
f 1959//1959 1961//1961 1960//1960
f 1962//1962 1964//1964 1963//1963
f 1965//1965 1967//1967 1966//1966
f 1968//1968 1970//1970 1969//1969
f 1971//1971 1973//1973 1972//1972
f 1974//1974 1976//1976 1975//1975
f 1977//1977 1979//1979 1978//1978
f 1980//1980 1982//1982 1981//1981
f 1983//1983 1985//1985 1984//1984
f 1986//1986 1988//1988 1987//1987
g core_wood_dark
usemtl wood_dark
v -0.02250 0.00000 -0.05300
v -0.02250 0.07500 -0.06100
v -0.02250 0.07500 -0.05300
v -0.02250 0.00000 -0.06100
v -0.02250 0.00000 -0.06100
v 0.02250 0.07500 -0.06100
v -0.02250 0.07500 -0.06100
v 0.02250 0.00000 -0.06100
v 0.02250 0.00000 -0.06100
v 0.02250 0.07500 -0.05300
v 0.02250 0.07500 -0.06100
v 0.02250 0.00000 -0.05300
v 0.02250 0.00000 -0.05300
v -0.02250 0.07500 -0.05300
v 0.02250 0.07500 -0.05300
v -0.02250 0.00000 -0.05300
v -0.02250 0.00000 -0.06100
v 0.02250 0.00000 -0.05300
v 0.02250 0.00000 -0.06100
v -0.02250 0.00000 -0.05300
v 0.02250 0.07500 -0.06100
v -0.02250 0.07500 -0.05300
v -0.02250 0.07500 -0.06100
v 0.02250 0.07500 -0.05300
vn 0.0000 1.0000 -0.0000
vn 0.0000 1.0000 -0.0000
vn 0.0000 1.0000 -0.0000
vn 0.0000 1.0000 -0.0000
vn -0.7071 0.7071 -0.0000
vn -0.7071 0.7071 -0.0000
vn -0.7071 0.7071 -0.0000
vn -0.7071 0.7071 -0.0000
vn 0.7071 -0.0000 0.7071
vn 0.7071 -0.0000 0.7071
vn 0.7071 -0.0000 0.7071
vn 0.7071 -0.0000 0.7071
vn -0.0000 -0.0000 1.0000
vn -0.0000 -0.0000 1.0000
vn -0.0000 -0.0000 1.0000
vn -0.0000 -0.0000 1.0000
vn -0.0000 -0.7071 0.7071
vn -0.0000 -0.7071 0.7071
vn -0.0000 -0.7071 0.7071
vn -0.0000 -0.7071 0.7071
vn -0.0000 0.7071 0.7071
vn -0.0000 0.7071 0.7071
vn -0.0000 0.7071 0.7071
vn -0.0000 0.7071 0.7071
f 1989//1989 1991//1991 1990//1990
f 1989//1989 1990//1990 1992//1992
f 1993//1993 1995//1995 1994//1994
f 1993//1993 1994//1994 1996//1996
f 1997//1997 1999//1999 1998//1998
f 1997//1997 1998//1998 2000//2000
f 2001//2001 2003//2003 2002//2002
f 2001//2001 2002//2002 2004//2004
f 2005//2005 2007//2007 2006//2006
f 2005//2005 2006//2006 2008//2008
f 2009//2009 2011//2011 2010//2010
f 2009//2009 2010//2010 2012//2012
g core_window
usemtl window
v -0.05500 0.24800 -0.05300
v -0.05500 0.28300 -0.06100
v -0.05500 0.28300 -0.05300
v -0.05500 0.24800 -0.06100
v -0.05500 0.24800 -0.06100
v -0.03500 0.28300 -0.06100
v -0.05500 0.28300 -0.06100
v -0.03500 0.24800 -0.06100
v -0.03500 0.24800 -0.06100
v -0.03500 0.28300 -0.05300
v -0.03500 0.28300 -0.06100
v -0.03500 0.24800 -0.05300
v -0.03500 0.24800 -0.05300
v -0.05500 0.28300 -0.05300
v -0.03500 0.28300 -0.05300
v -0.05500 0.24800 -0.05300
v -0.05500 0.24800 -0.06100
v -0.03500 0.24800 -0.05300
v -0.03500 0.24800 -0.06100
v -0.05500 0.24800 -0.05300
v -0.03500 0.28300 -0.06100
v -0.05500 0.28300 -0.05300
v -0.05500 0.28300 -0.06100
v -0.03500 0.28300 -0.05300
v 0.03500 0.24800 -0.05300
v 0.03500 0.28300 -0.06100
v 0.03500 0.28300 -0.05300
v 0.03500 0.24800 -0.06100
v 0.03500 0.24800 -0.06100
v 0.05500 0.28300 -0.06100
v 0.03500 0.28300 -0.06100
v 0.05500 0.24800 -0.06100
v 0.05500 0.24800 -0.06100
v 0.05500 0.28300 -0.05300
v 0.05500 0.28300 -0.06100
v 0.05500 0.24800 -0.05300
v 0.05500 0.24800 -0.05300
v 0.03500 0.28300 -0.05300
v 0.05500 0.28300 -0.05300
v 0.03500 0.24800 -0.05300
v 0.03500 0.24800 -0.06100
v 0.05500 0.24800 -0.05300
v 0.05500 0.24800 -0.06100
v 0.03500 0.24800 -0.05300
v 0.05500 0.28300 -0.06100
v 0.03500 0.28300 -0.05300
v 0.03500 0.28300 -0.06100
v 0.05500 0.28300 -0.05300
v -0.01200 0.16000 -0.05300
v -0.01200 0.19500 -0.06100
v -0.01200 0.19500 -0.05300
v -0.01200 0.16000 -0.06100
v -0.01200 0.16000 -0.06100
v 0.01200 0.19500 -0.06100
v -0.01200 0.19500 -0.06100
v 0.01200 0.16000 -0.06100
v 0.01200 0.16000 -0.06100
v 0.01200 0.19500 -0.05300
v 0.01200 0.19500 -0.06100
v 0.01200 0.16000 -0.05300
v 0.01200 0.16000 -0.05300
v -0.01200 0.19500 -0.05300
v 0.01200 0.19500 -0.05300
v -0.01200 0.16000 -0.05300
v -0.01200 0.16000 -0.06100
v 0.01200 0.16000 -0.05300
v 0.01200 0.16000 -0.06100
v -0.01200 0.16000 -0.05300
v 0.01200 0.19500 -0.06100
v -0.01200 0.19500 -0.05300
v -0.01200 0.19500 -0.06100
v 0.01200 0.19500 -0.05300
vn 0.0000 1.0000 -0.0000
vn 0.0000 1.0000 -0.0000
vn 0.0000 1.0000 -0.0000
vn 0.0000 1.0000 -0.0000
vn -0.7071 0.7071 -0.0000
vn -0.7071 0.7071 -0.0000
vn -0.7071 0.7071 -0.0000
vn -0.7071 0.7071 -0.0000
vn 0.7071 -0.0000 0.7071
vn 0.7071 -0.0000 0.7071
vn 0.7071 -0.0000 0.7071
vn 0.7071 -0.0000 0.7071
vn -0.0000 -0.0000 1.0000
vn -0.0000 -0.0000 1.0000
vn -0.0000 -0.0000 1.0000
vn -0.0000 -0.0000 1.0000
vn -0.0000 -0.7071 0.7071
vn -0.0000 -0.7071 0.7071
vn -0.0000 -0.7071 0.7071
vn -0.0000 -0.7071 0.7071
vn -0.0000 0.7071 0.7071
vn -0.0000 0.7071 0.7071
vn -0.0000 0.7071 0.7071
vn -0.0000 0.7071 0.7071
vn 0.0000 1.0000 -0.0000
vn 0.0000 1.0000 -0.0000
vn 0.0000 1.0000 -0.0000
vn 0.0000 1.0000 -0.0000
vn -0.7071 0.7071 -0.0000
vn -0.7071 0.7071 -0.0000
vn -0.7071 0.7071 -0.0000
vn -0.7071 0.7071 -0.0000
vn 0.7071 -0.0000 0.7071
vn 0.7071 -0.0000 0.7071
vn 0.7071 -0.0000 0.7071
vn 0.7071 -0.0000 0.7071
vn -0.0000 -0.0000 1.0000
vn -0.0000 -0.0000 1.0000
vn -0.0000 -0.0000 1.0000
vn -0.0000 -0.0000 1.0000
vn -0.0000 -0.7071 0.7071
vn -0.0000 -0.7071 0.7071
vn -0.0000 -0.7071 0.7071
vn -0.0000 -0.7071 0.7071
vn -0.0000 0.7071 0.7071
vn -0.0000 0.7071 0.7071
vn -0.0000 0.7071 0.7071
vn -0.0000 0.7071 0.7071
vn 0.0000 1.0000 -0.0000
vn 0.0000 1.0000 -0.0000
vn 0.0000 1.0000 -0.0000
vn 0.0000 1.0000 -0.0000
vn -0.7071 0.7071 -0.0000
vn -0.7071 0.7071 -0.0000
vn -0.7071 0.7071 -0.0000
vn -0.7071 0.7071 -0.0000
vn 0.7071 -0.0000 0.7071
vn 0.7071 -0.0000 0.7071
vn 0.7071 -0.0000 0.7071
vn 0.7071 -0.0000 0.7071
vn -0.0000 -0.0000 1.0000
vn -0.0000 -0.0000 1.0000
vn -0.0000 -0.0000 1.0000
vn -0.0000 -0.0000 1.0000
vn -0.0000 -0.7071 0.7071
vn -0.0000 -0.7071 0.7071
vn -0.0000 -0.7071 0.7071
vn -0.0000 -0.7071 0.7071
vn -0.0000 0.7071 0.7071
vn -0.0000 0.7071 0.7071
vn -0.0000 0.7071 0.7071
vn -0.0000 0.7071 0.7071
f 2013//2013 2015//2015 2014//2014
f 2013//2013 2014//2014 2016//2016
f 2017//2017 2019//2019 2018//2018
f 2017//2017 2018//2018 2020//2020
f 2021//2021 2023//2023 2022//2022
f 2021//2021 2022//2022 2024//2024
f 2025//2025 2027//2027 2026//2026
f 2025//2025 2026//2026 2028//2028
f 2029//2029 2031//2031 2030//2030
f 2029//2029 2030//2030 2032//2032
f 2033//2033 2035//2035 2034//2034
f 2033//2033 2034//2034 2036//2036
f 2037//2037 2039//2039 2038//2038
f 2037//2037 2038//2038 2040//2040
f 2041//2041 2043//2043 2042//2042
f 2041//2041 2042//2042 2044//2044
f 2045//2045 2047//2047 2046//2046
f 2045//2045 2046//2046 2048//2048
f 2049//2049 2051//2051 2050//2050
f 2049//2049 2050//2050 2052//2052
f 2053//2053 2055//2055 2054//2054
f 2053//2053 2054//2054 2056//2056
f 2057//2057 2059//2059 2058//2058
f 2057//2057 2058//2058 2060//2060
f 2061//2061 2063//2063 2062//2062
f 2061//2061 2062//2062 2064//2064
f 2065//2065 2067//2067 2066//2066
f 2065//2065 2066//2066 2068//2068
f 2069//2069 2071//2071 2070//2070
f 2069//2069 2070//2070 2072//2072
f 2073//2073 2075//2075 2074//2074
f 2073//2073 2074//2074 2076//2076
f 2077//2077 2079//2079 2078//2078
f 2077//2077 2078//2078 2080//2080
f 2081//2081 2083//2083 2082//2082
f 2081//2081 2082//2082 2084//2084
