mtllib catapult.mtl
o arm
g arm_wood
usemtl wood
v 0.01100 0.22559 -0.05727
v -0.01100 0.39308 0.18192
v 0.01100 0.39308 0.18192
v -0.01100 0.22559 -0.05727
v 0.01500 0.24689 -0.07219
v 0.01500 0.39635 0.17963
v 0.01500 0.41437 0.16701
v 0.01500 0.22887 -0.05957
v 0.01100 0.41667 0.17029
v -0.01100 0.39865 0.18291
v -0.01100 0.41667 0.17029
v 0.01100 0.39865 0.18291
v -0.01500 0.22887 -0.05957
v -0.01500 0.41437 0.16701
v -0.01500 0.39635 0.17963
v -0.01500 0.24689 -0.07219
v -0.01100 0.25016 -0.07448
v 0.01100 0.41765 0.16472
v -0.01100 0.41765 0.16472
v 0.01100 0.25016 -0.07448
v -0.01100 0.22657 -0.06284
v -0.01500 0.22887 -0.05957
v -0.01100 0.22559 -0.05727
v -0.01100 0.39308 0.18192
v -0.01500 0.39635 0.17963
v -0.01100 0.39865 0.18291
v -0.01100 0.24460 -0.07546
v -0.01100 0.25016 -0.07448
v -0.01500 0.24689 -0.07219
v -0.01100 0.41667 0.17029
v -0.01500 0.41437 0.16701
v -0.01100 0.41765 0.16472
v 0.01100 0.22657 -0.06284
v 0.01100 0.22559 -0.05727
v 0.01500 0.22887 -0.05957
v 0.01100 0.39865 0.18291
v 0.01500 0.39635 0.17963
v 0.01100 0.39308 0.18192
v 0.01100 0.24460 -0.07546
v 0.01500 0.24689 -0.07219
v 0.01100 0.25016 -0.07448
v 0.01100 0.41667 0.17029
v 0.01100 0.41765 0.16472
v 0.01500 0.41437 0.16701
v -0.01100 0.24460 -0.07546
v -0.01500 0.22887 -0.05957
v -0.01100 0.22657 -0.06284
v -0.01500 0.24689 -0.07219
v -0.01100 0.22559 -0.05727
v -0.01500 0.39635 0.17963
v -0.01100 0.39308 0.18192
v -0.01500 0.22887 -0.05957
v -0.01100 0.39865 0.18291
v -0.01500 0.41437 0.16701
v -0.01100 0.41667 0.17029
v -0.01500 0.39635 0.17963
v -0.01100 0.41765 0.16472
v -0.01500 0.24689 -0.07219
v -0.01100 0.25016 -0.07448
v -0.01500 0.41437 0.16701
v 0.01100 0.24460 -0.07546
v -0.01100 0.25016 -0.07448
v -0.01100 0.24460 -0.07546
v 0.01100 0.25016 -0.07448
v -0.01100 0.41667 0.17029
v 0.01100 0.41765 0.16472
v 0.01100 0.41667 0.17029
v -0.01100 0.41765 0.16472
v 0.01500 0.41437 0.16701
v 0.01100 0.25016 -0.07448
v 0.01500 0.24689 -0.07219
v 0.01100 0.41765 0.16472
v 0.01100 0.22657 -0.06284
v 0.01500 0.24689 -0.07219
v 0.01100 0.24460 -0.07546
v 0.01500 0.22887 -0.05957
v 0.01100 0.41667 0.17029
v 0.01500 0.39635 0.17963
v 0.01100 0.39865 0.18291
v 0.01500 0.41437 0.16701
v 0.01100 0.39308 0.18192
v 0.01500 0.22887 -0.05957
v 0.01100 0.22559 -0.05727
v 0.01500 0.39635 0.17963
v -0.01100 0.22657 -0.06284
v 0.01100 0.22559 -0.05727
v 0.01100 0.22657 -0.06284
v -0.01100 0.22559 -0.05727
v 0.01100 0.39865 0.18291
v -0.01100 0.39308 0.18192
v -0.01100 0.39865 0.18291
v 0.01100 0.39308 0.18192
v -0.01100 0.24460 -0.07546
v 0.01100 0.22657 -0.06284
v 0.01100 0.24460 -0.07546
v -0.01100 0.22657 -0.06284
vn -0.0000 -0.8192 0.5736
vn -0.0000 -0.8192 0.5736
vn -0.0000 -0.8192 0.5736
vn -0.0000 -0.8192 0.5736
vn 0.7071 -0.5792 0.4056
vn 0.7071 -0.5792 0.4056
vn 0.7071 -0.5792 0.4056
vn 0.7071 -0.5792 0.4056
vn -0.0000 -0.1736 0.9848
vn -0.0000 -0.1736 0.9848
vn -0.0000 -0.1736 0.9848
vn -0.0000 -0.1736 0.9848
vn 0.0000 0.5736 0.8191
vn 0.0000 0.5736 0.8191
vn 0.0000 0.5736 0.8191
vn 0.0000 0.5736 0.8191
vn -0.7071 0.4056 0.5792
vn -0.7071 0.4056 0.5792
vn -0.7071 0.4056 0.5792
vn -0.7071 0.4056 0.5792
vn -0.7071 0.4056 0.5792
vn -0.7071 0.4056 0.5792
vn -0.7071 0.4056 0.5792
vn 0.0845 -0.2557 0.9631
vn 0.0845 -0.2557 0.9631
vn 0.0845 -0.2557 0.9631
vn -0.1245 0.7886 0.6022
vn -0.1245 0.7886 0.6022
vn -0.1245 0.7886 0.6022
vn -0.3452 0.1246 0.9302
vn -0.3452 0.1246 0.9302
vn -0.3452 0.1246 0.9302
vn 0.1870 -0.9737 0.1304
vn 0.1870 -0.9737 0.1304
vn 0.1870 -0.9737 0.1304
vn 0.3672 -0.5646 0.7392
vn 0.3672 -0.5646 0.7392
vn 0.3672 -0.5646 0.7392
vn -0.7058 0.6847 0.1817
vn -0.7058 0.6847 0.1817
vn -0.7058 0.6847 0.1817
vn 0.8335 -0.1555 0.5303
vn 0.8335 -0.1555 0.5303
vn 0.8335 -0.1555 0.5303
vn 0.0674 0.9515 0.3001
vn 0.0674 0.9515 0.3001
vn 0.0674 0.9515 0.3001
vn 0.0674 0.9515 0.3001
vn -0.2445 -0.0423 0.9687
vn -0.2445 -0.0423 0.9687
vn -0.2445 -0.0423 0.9687
vn -0.2445 -0.0423 0.9687
vn -0.0674 -0.0436 0.9968
vn -0.0674 -0.0436 0.9968
vn -0.0674 -0.0436 0.9968
vn -0.0674 -0.0436 0.9968
vn -0.3006 0.4404 0.8460
vn -0.3006 0.4404 0.8460
vn -0.3006 0.4404 0.8460
vn -0.3006 0.4404 0.8460
vn -0.4315 0.7608 0.4847
vn -0.4315 0.7608 0.4847
vn -0.4315 0.7608 0.4847
vn -0.4315 0.7608 0.4847
vn 0.4314 -0.1953 -0.8808
vn 0.4314 -0.1953 -0.8808
vn 0.4314 -0.1953 -0.8808
vn 0.4314 -0.1953 -0.8808
vn 0.8864 -0.4624 -0.0202
vn 0.8864 -0.4624 -0.0202
vn 0.8864 -0.4624 -0.0202
vn 0.8864 -0.4624 -0.0202
vn 0.4566 -0.8888 -0.0388
vn 0.4566 -0.8888 -0.0388
vn 0.4566 -0.8888 -0.0388
vn 0.4566 -0.8888 -0.0388
vn -0.4566 0.2676 -0.8485
vn -0.4566 0.2676 -0.8485
vn -0.4566 0.2676 -0.8485
vn -0.4566 0.2676 -0.8485
vn 0.3799 -0.8205 0.4271
vn 0.3799 -0.8205 0.4271
vn 0.3799 -0.8205 0.4271
vn 0.3799 -0.8205 0.4271
vn -0.1943 -0.9577 0.2123
vn -0.1943 -0.9577 0.2123
vn -0.1943 -0.9577 0.2123
vn -0.1943 -0.9577 0.2123
vn 0.1943 -0.5271 0.8273
vn 0.1943 -0.5271 0.8273
vn 0.1943 -0.5271 0.8273
vn 0.1943 -0.5271 0.8273
vn -0.0000 -0.9848 -0.1737
vn -0.0000 -0.9848 -0.1737
vn -0.0000 -0.9848 -0.1737
vn -0.0000 -0.9848 -0.1737
f 1//1 3//3 2//2
f 1//1 2//2 4//4
f 5//5 7//7 6//6
f 5//5 6//6 8//8
f 9//9 11//11 10//10
f 9//9 10//10 12//12
f 13//13 15//15 14//14
f 13//13 14//14 16//16
f 17//17 19//19 18//18
f 17//17 18//18 20//20
f 21//21 23//23 22//22
f 24//24 26//26 25//25
f 27//27 29//29 28//28
f 30//30 32//32 31//31
f 33//33 35//35 34//34
f 36//36 38//38 37//37
f 39//39 41//41 40//40
f 42//42 44//44 43//43
f 45//45 47//47 46//46
f 45//45 46//46 48//48
f 49//49 51//51 50//50
f 49//49 50//50 52//52
f 53//53 55//55 54//54
f 53//53 54//54 56//56
f 57//57 59//59 58//58
f 57//57 58//58 60//60
f 61//61 63//63 62//62
f 61//61 62//62 64//64
f 65//65 67//67 66//66
f 65//65 66//66 68//68
f 69//69 71//71 70//70
f 69//69 70//70 72//72
f 73//73 75//75 74//74
f 73//73 74//74 76//76
f 77//77 79//79 78//78
f 77//77 78//78 80//80
f 81//81 83//83 82//82
f 81//81 82//82 84//84
f 85//85 87//87 86//86
f 85//85 86//86 88//88
f 89//89 91//91 90//90
f 89//89 90//90 92//92
f 93//93 95//95 94//94
f 93//93 94//94 96//96
g arm_wood_dark
usemtl wood_dark
v -0.00000 0.43879 0.14259
v 0.03889 0.45099 0.17067
v -0.00000 0.46418 0.16143
v 0.03182 0.42799 0.15015
v 0.03182 0.42799 0.15015
v 0.05500 0.41913 0.19298
v 0.03889 0.45099 0.17067
v 0.04500 0.40192 0.16840
v 0.04500 0.40192 0.16840
v 0.03889 0.38727 0.21529
v 0.05500 0.41913 0.19298
v 0.03182 0.37586 0.18666
v 0.03182 0.37586 0.18666
v -0.00000 0.37408 0.22453
v 0.03889 0.38727 0.21529
v -0.00000 0.36506 0.19422
v -0.00000 0.36506 0.19422
v -0.03889 0.38727 0.21529
v -0.00000 0.37408 0.22453
v -0.03182 0.37586 0.18666
v -0.03182 0.37586 0.18666
v -0.05500 0.41913 0.19298
v -0.03889 0.38727 0.21529
v -0.04500 0.40192 0.16840
v 0.05500 0.41913 0.19298
v -0.00000 0.46418 0.16143
v 0.03889 0.45099 0.17067
v -0.05500 0.41913 0.19298
v -0.03889 0.45099 0.17067
v -0.00000 0.37408 0.22453
v 0.03889 0.38727 0.21529
v -0.03889 0.38727 0.21529
v -0.04500 0.40192 0.16840
v -0.03889 0.45099 0.17067
v -0.05500 0.41913 0.19298
v -0.03182 0.42799 0.15015
v -0.03182 0.42799 0.15015
v -0.00000 0.46418 0.16143
v -0.03889 0.45099 0.17067
v -0.00000 0.43879 0.14259
v -0.03182 0.42799 0.15015
v 0.03182 0.42799 0.15015
v -0.00000 0.43879 0.14259
v 0.03182 0.37586 0.18666
v 0.04500 0.40192 0.16840
v -0.03182 0.37586 0.18666
v -0.04500 0.40192 0.16840
v -0.00000 0.36506 0.19422
vn -0.7863 0.5240 0.3273
vn -0.7863 0.5240 0.3273
vn -0.7863 0.5240 0.3273
vn -0.7863 0.5240 0.3273
vn -0.7863 0.6071 -0.1148
vn -0.7863 0.6071 -0.1148
vn -0.7863 0.6071 -0.1148
vn -0.7863 0.6071 -0.1148
vn 0.5069 -0.8206 0.2641
vn 0.5069 -0.8206 0.2641
vn 0.5069 -0.8206 0.2641
vn 0.5069 -0.8206 0.2641
vn 0.0869 -0.9414 0.3260
vn 0.0869 -0.9414 0.3260
vn 0.0869 -0.9414 0.3260
vn 0.0869 -0.9414 0.3260
vn -0.3740 -0.6992 0.6093
vn -0.3740 -0.6992 0.6093
vn -0.3740 -0.6992 0.6093
vn -0.3740 -0.6992 0.6093
vn -0.1247 0.7685 0.6276
vn -0.1247 0.7685 0.6276
vn -0.1247 0.7685 0.6276
vn -0.1247 0.7685 0.6276
vn -0.0000 -0.1736 0.9848
vn -0.0000 -0.1736 0.9848
vn -0.0000 -0.1736 0.9848
vn -0.0000 -0.1736 0.9848
vn -0.0000 -0.1736 0.9848
vn -0.0000 -0.1736 0.9848
vn -0.0000 -0.1736 0.9848
vn -0.0000 -0.1736 0.9848
vn -0.0324 0.7188 0.6945
vn -0.0324 0.7188 0.6945
vn -0.0324 0.7188 0.6945
vn -0.0324 0.7188 0.6945
vn -0.4727 0.5423 0.6946
vn -0.4727 0.5423 0.6946
vn -0.4727 0.5423 0.6946
vn -0.4727 0.5423 0.6946
vn -0.0000 -0.9848 -0.1737
vn -0.0000 -0.9848 -0.1737
vn -0.0000 -0.9848 -0.1737
vn -0.0000 -0.9848 -0.1737
vn -0.0000 -0.9848 -0.1737
vn -0.0000 -0.9848 -0.1737
vn -0.0000 -0.9848 -0.1737
vn -0.0000 -0.9848 -0.1737
f 97//97 99//99 98//98
f 97//97 98//98 100//100
f 101//101 103//103 102//102
f 101//101 102//102 104//104
f 105//105 107//107 106//106
f 105//105 106//106 108//108
f 109//109 111//111 110//110
f 109//109 110//110 112//112
f 113//113 115//115 114//114
f 113//113 114//114 116//116
f 117//117 119//119 118//118
f 117//117 118//118 120//120
f 121//121 123//123 122//122
f 121//121 122//122 124//124
f 122//122 125//125 124//124
f 124//124 126//126 121//121
f 126//126 127//127 121//121
f 124//124 128//128 126//126
f 129//129 131//131 130//130
f 129//129 130//130 132//132
f 133//133 135//135 134//134
f 133//133 134//134 136//136
f 137//137 139//139 138//138
f 137//137 138//138 140//140
f 138//138 141//141 140//140
f 140//140 142//142 137//137
f 142//142 143//143 137//137
f 140//140 144//144 142//142
g arm_stone
usemtl stone
v -0.00000 0.40766 0.17660
v -0.00829 0.39627 0.20482
v 0.02171 0.40425 0.19923
v 0.02171 0.40425 0.19923
v 0.02171 0.43009 0.18113
v -0.00000 0.40766 0.17660
v -0.00000 0.40766 0.17660
v -0.02683 0.41717 0.19018
v -0.00829 0.39627 0.20482
v -0.00000 0.40766 0.17660
v -0.00829 0.43807 0.17554
v -0.02683 0.41717 0.19018
v -0.00000 0.40766 0.17660
v 0.02171 0.43009 0.18113
v -0.00829 0.43807 0.17554
v 0.02171 0.40425 0.19923
v 0.02683 0.43256 0.21216
v 0.02171 0.43009 0.18113
v -0.00829 0.39627 0.20482
v 0.00829 0.41166 0.22680
v 0.02171 0.40425 0.19923
v -0.02683 0.41717 0.19018
v -0.02171 0.41964 0.22121
v -0.00829 0.39627 0.20482
v -0.00829 0.43807 0.17554
v -0.02171 0.44548 0.20311
v -0.02683 0.41717 0.19018
v 0.02171 0.43009 0.18113
v 0.00829 0.45346 0.19752
v -0.00829 0.43807 0.17554
v 0.02171 0.40425 0.19923
v 0.00829 0.41166 0.22680
v 0.02683 0.43256 0.21216
v -0.00829 0.39627 0.20482
v -0.02171 0.41964 0.22121
v 0.00829 0.41166 0.22680
v -0.02683 0.41717 0.19018
v -0.02171 0.44548 0.20311
v -0.02171 0.41964 0.22121
v -0.00829 0.43807 0.17554
v 0.00829 0.45346 0.19752
v -0.02171 0.44548 0.20311
v 0.02171 0.43009 0.18113
v 0.02683 0.43256 0.21216
v 0.00829 0.45346 0.19752
v 0.00829 0.41166 0.22680
v -0.00000 0.44207 0.22575
v 0.02683 0.43256 0.21216
v -0.02171 0.41964 0.22121
v -0.00000 0.44207 0.22575
v 0.00829 0.41166 0.22680
v -0.02171 0.44548 0.20311
v -0.00000 0.44207 0.22575
v -0.02171 0.41964 0.22121
v 0.00829 0.45346 0.19752
v -0.00000 0.44207 0.22575
v -0.02171 0.44548 0.20311
v 0.02683 0.43256 0.21216
v -0.00000 0.44207 0.22575
v 0.00829 0.45346 0.19752
vn -0.0795 -0.9913 0.1049
vn -0.0795 -0.9913 0.1049
vn -0.0795 -0.9913 0.1049
vn 0.3666 -0.9257 -0.0929
vn 0.3666 -0.9257 -0.0929
vn 0.3666 -0.9257 -0.0929
vn 0.1816 0.9832 -0.0188
vn 0.1816 0.9832 -0.0188
vn 0.1816 0.9832 -0.0188
vn -0.0193 0.9063 0.4223
vn -0.0193 0.9063 0.4223
vn -0.0193 0.9063 0.4223
vn -0.4310 0.8154 0.3864
vn -0.4310 0.8154 0.3864
vn -0.4310 0.8154 0.3864
vn 0.6943 -0.6560 0.2960
vn 0.6943 -0.6560 0.2960
vn 0.6943 -0.6560 0.2960
vn 0.0843 -0.9166 0.3908
vn 0.0843 -0.9166 0.3908
vn 0.0843 -0.9166 0.3908
vn -0.3100 0.3998 0.8626
vn -0.3100 0.3998 0.8626
vn -0.3100 0.3998 0.8626
vn -0.1515 0.6001 0.7854
vn -0.1515 0.6001 0.7854
vn -0.1515 0.6001 0.7854
vn 0.7901 -0.4841 -0.3761
vn 0.7901 -0.4841 -0.3761
vn 0.7901 -0.4841 -0.3761
vn 0.4624 -0.7045 0.5383
vn 0.4624 -0.7045 0.5383
vn 0.4624 -0.7045 0.5383
vn -0.0249 -0.6134 0.7894
vn -0.0249 -0.6134 0.7894
vn -0.0249 -0.6134 0.7894
vn -0.0017 0.4113 0.9115
vn -0.0017 0.4113 0.9115
vn -0.0017 0.4113 0.9115
vn -0.5790 0.3197 0.7500
vn -0.5790 0.3197 0.7500
vn -0.5790 0.3197 0.7500
vn 0.8940 -0.4065 0.1884
vn 0.8940 -0.4065 0.1884
vn 0.8940 -0.4065 0.1884
vn 0.3088 -0.4018 0.8621
vn 0.3088 -0.4018 0.8621
vn 0.3088 -0.4018 0.8621
vn 0.1359 -0.4243 0.8953
vn 0.1359 -0.4243 0.8953
vn 0.1359 -0.4243 0.8953
vn -0.0827 -0.0995 0.9916
vn -0.0827 -0.0995 0.9916
vn -0.0827 -0.0995 0.9916
vn 0.3427 -0.0989 -0.9342
vn 0.3427 -0.0989 -0.9342
vn 0.3427 -0.0989 -0.9342
vn -0.1939 -0.0188 -0.9808
vn -0.1939 -0.0188 -0.9808
vn -0.1939 -0.0188 -0.9808
f 145//145 147//147 146//146
f 148//148 150//150 149//149
f 151//151 153//153 152//152
f 154//154 156//156 155//155
f 157//157 159//159 158//158
f 160//160 162//162 161//161
f 163//163 165//165 164//164
f 166//166 168//168 167//167
f 169//169 171//171 170//170
f 172//172 174//174 173//173
f 175//175 177//177 176//176
f 178//178 180//180 179//179
f 181//181 183//183 182//182
f 184//184 186//186 185//185
f 187//187 189//189 188//188
f 190//190 192//192 191//191
f 193//193 195//195 194//194
f 196//196 198//198 197//197
f 199//199 201//201 200//200
f 202//202 204//204 203//203
o body
g body_wood
usemtl wood
v -0.08500 0.07500 0.20000
v -0.11500 0.10500 0.20000
v -0.08500 0.10500 0.20000
v -0.11500 0.07500 0.20000
v -0.08000 0.07500 -0.19500
v -0.08000 0.10500 0.19500
v -0.08000 0.10500 -0.19500
v -0.08000 0.07500 0.19500
v -0.08500 0.11000 -0.19500
v -0.11500 0.11000 0.19500
v -0.11500 0.11000 -0.19500
v -0.08500 0.11000 0.19500
v -0.12000 0.07500 0.19500
v -0.12000 0.10500 -0.19500
v -0.12000 0.10500 0.19500
v -0.12000 0.07500 -0.19500
v -0.11500 0.07500 -0.20000
v -0.08500 0.10500 -0.20000
v -0.11500 0.10500 -0.20000
v -0.08500 0.07500 -0.20000
v -0.11500 0.07000 0.19500
v -0.12000 0.07500 0.19500
v -0.11500 0.07500 0.20000
v -0.11500 0.10500 0.20000
v -0.12000 0.10500 0.19500
v -0.11500 0.11000 0.19500
v -0.11500 0.07000 -0.19500
v -0.11500 0.07500 -0.20000
v -0.12000 0.07500 -0.19500
v -0.11500 0.11000 -0.19500
v -0.12000 0.10500 -0.19500
v -0.11500 0.10500 -0.20000
v -0.08500 0.07000 0.19500
v -0.08500 0.07500 0.20000
v -0.08000 0.07500 0.19500
v -0.08500 0.11000 0.19500
v -0.08000 0.10500 0.19500
v -0.08500 0.10500 0.20000
v -0.08500 0.07000 -0.19500
v -0.08000 0.07500 -0.19500
v -0.08500 0.07500 -0.20000
v -0.08500 0.11000 -0.19500
v -0.08500 0.10500 -0.20000
v -0.08000 0.10500 -0.19500
v -0.11500 0.07000 -0.19500
v -0.12000 0.07500 0.19500
v -0.11500 0.07000 0.19500
v -0.12000 0.07500 -0.19500
v -0.11500 0.07500 0.20000
v -0.12000 0.10500 0.19500
v -0.11500 0.10500 0.20000
v -0.12000 0.07500 0.19500
v -0.11500 0.11000 0.19500
v -0.12000 0.10500 -0.19500
v -0.11500 0.11000 -0.19500
v -0.12000 0.10500 0.19500
v -0.11500 0.10500 -0.20000
v -0.12000 0.07500 -0.19500
v -0.11500 0.07500 -0.20000
v -0.12000 0.10500 -0.19500
v -0.08500 0.07000 -0.19500
v -0.11500 0.07500 -0.20000
v -0.11500 0.07000 -0.19500
v -0.08500 0.07500 -0.20000
v -0.11500 0.11000 -0.19500
v -0.08500 0.10500 -0.20000
v -0.08500 0.11000 -0.19500
v -0.11500 0.10500 -0.20000
v -0.08000 0.10500 -0.19500
v -0.08500 0.07500 -0.20000
v -0.08000 0.07500 -0.19500
v -0.08500 0.10500 -0.20000
v -0.08500 0.07000 0.19500
v -0.08000 0.07500 -0.19500
v -0.08500 0.07000 -0.19500
v -0.08000 0.07500 0.19500
v -0.08500 0.11000 -0.19500
v -0.08000 0.10500 0.19500
v -0.08500 0.11000 0.19500
v -0.08000 0.10500 -0.19500
v -0.08500 0.10500 0.20000
v -0.08000 0.07500 0.19500
v -0.08500 0.07500 0.20000
v -0.08000 0.10500 0.19500
v -0.11500 0.07000 0.19500
v -0.08500 0.07500 0.20000
v -0.08500 0.07000 0.19500
v -0.11500 0.07500 0.20000
v -0.08500 0.11000 0.19500
v -0.11500 0.10500 0.20000
v -0.11500 0.11000 0.19500
v -0.08500 0.10500 0.20000
v -0.11500 0.07000 -0.19500
v -0.08500 0.07000 0.19500
v -0.08500 0.07000 -0.19500
v -0.11500 0.07000 0.19500
v -0.08500 0.09429 0.03613
v -0.08500 0.27571 -0.00613
v -0.08500 0.26429 -0.03387
v -0.08500 0.10571 0.06387
v -0.08500 0.10571 0.06387
v -0.11500 0.27571 -0.00613
v -0.08500 0.27571 -0.00613
v -0.11500 0.10571 0.06387
v -0.11500 0.10571 0.06387
v -0.11500 0.26429 -0.03387
v -0.11500 0.27571 -0.00613
v -0.11500 0.09429 0.03613
v -0.11500 0.09429 0.03613
v -0.08500 0.26429 -0.03387
v -0.11500 0.26429 -0.03387
v -0.08500 0.09429 0.03613
v -0.08500 0.10571 0.06387
v -0.11500 0.09429 0.03613
v -0.11500 0.10571 0.06387
v -0.08500 0.09429 0.03613
v -0.11500 0.27571 -0.00613
v -0.08500 0.26429 -0.03387
v -0.08500 0.27571 -0.00613
v -0.11500 0.26429 -0.03387
v -0.11500 0.09361 -0.08643
v -0.11500 0.27639 -0.03357
v -0.11500 0.26361 -0.00643
v -0.11500 0.10639 -0.11357
v -0.11500 0.10639 -0.11357
v -0.08500 0.27639 -0.03357
v -0.11500 0.27639 -0.03357
v -0.08500 0.10639 -0.11357
v -0.08500 0.10639 -0.11357
v -0.08500 0.26361 -0.00643
v -0.08500 0.27639 -0.03357
v -0.08500 0.09361 -0.08643
v -0.08500 0.09361 -0.08643
v -0.11500 0.26361 -0.00643
v -0.08500 0.26361 -0.00643
v -0.11500 0.09361 -0.08643
v -0.11500 0.10639 -0.11357
v -0.08500 0.09361 -0.08643
v -0.08500 0.10639 -0.11357
v -0.11500 0.09361 -0.08643
v -0.08500 0.27639 -0.03357
v -0.11500 0.26361 -0.00643
v -0.11500 0.27639 -0.03357
v -0.08500 0.26361 -0.00643
v 0.11500 0.07500 0.20000
v 0.08500 0.10500 0.20000
v 0.11500 0.10500 0.20000
v 0.08500 0.07500 0.20000
v 0.12000 0.07500 -0.19500
v 0.12000 0.10500 0.19500
v 0.12000 0.10500 -0.19500
v 0.12000 0.07500 0.19500
v 0.11500 0.11000 -0.19500
v 0.08500 0.11000 0.19500
v 0.08500 0.11000 -0.19500
v 0.11500 0.11000 0.19500
v 0.08000 0.07500 0.19500
v 0.08000 0.10500 -0.19500
v 0.08000 0.10500 0.19500
v 0.08000 0.07500 -0.19500
v 0.08500 0.07500 -0.20000
v 0.11500 0.10500 -0.20000
v 0.08500 0.10500 -0.20000
v 0.11500 0.07500 -0.20000
v 0.08500 0.07000 0.19500
v 0.08000 0.07500 0.19500
v 0.08500 0.07500 0.20000
v 0.08500 0.10500 0.20000
v 0.08000 0.10500 0.19500
v 0.08500 0.11000 0.19500
v 0.08500 0.07000 -0.19500
v 0.08500 0.07500 -0.20000
v 0.08000 0.07500 -0.19500
v 0.08500 0.11000 -0.19500
v 0.08000 0.10500 -0.19500
v 0.08500 0.10500 -0.20000
v 0.11500 0.07000 0.19500
v 0.11500 0.07500 0.20000
v 0.12000 0.07500 0.19500
v 0.11500 0.11000 0.19500
v 0.12000 0.10500 0.19500
v 0.11500 0.10500 0.20000
v 0.11500 0.07000 -0.19500
v 0.12000 0.07500 -0.19500
v 0.11500 0.07500 -0.20000
v 0.11500 0.11000 -0.19500
v 0.11500 0.10500 -0.20000
v 0.12000 0.10500 -0.19500
v 0.08500 0.07000 -0.19500
v 0.08000 0.07500 0.19500
v 0.08500 0.07000 0.19500
v 0.08000 0.07500 -0.19500
v 0.08500 0.07500 0.20000
v 0.08000 0.10500 0.19500
v 0.08500 0.10500 0.20000
v 0.08000 0.07500 0.19500
v 0.08500 0.11000 0.19500
v 0.08000 0.10500 -0.19500
v 0.08500 0.11000 -0.19500
v 0.08000 0.10500 0.19500
v 0.08500 0.10500 -0.20000
v 0.08000 0.07500 -0.19500
v 0.08500 0.07500 -0.20000
v 0.08000 0.10500 -0.19500
v 0.11500 0.07000 -0.19500
v 0.08500 0.07500 -0.20000
v 0.08500 0.07000 -0.19500
v 0.11500 0.07500 -0.20000
v 0.08500 0.11000 -0.19500
v 0.11500 0.10500 -0.20000
v 0.11500 0.11000 -0.19500
v 0.08500 0.10500 -0.20000
v 0.12000 0.10500 -0.19500
v 0.11500 0.07500 -0.20000
v 0.12000 0.07500 -0.19500
v 0.11500 0.10500 -0.20000
v 0.11500 0.07000 0.19500
v 0.12000 0.07500 -0.19500
v 0.11500 0.07000 -0.19500
v 0.12000 0.07500 0.19500
v 0.11500 0.11000 -0.19500
v 0.12000 0.10500 0.19500
v 0.11500 0.11000 0.19500
v 0.12000 0.10500 -0.19500
v 0.11500 0.10500 0.20000
v 0.12000 0.07500 0.19500
v 0.11500 0.07500 0.20000
v 0.12000 0.10500 0.19500
v 0.08500 0.07000 0.19500
v 0.11500 0.07500 0.20000
v 0.11500 0.07000 0.19500
v 0.08500 0.07500 0.20000
v 0.11500 0.11000 0.19500
v 0.08500 0.10500 0.20000
v 0.08500 0.11000 0.19500
v 0.11500 0.10500 0.20000
v 0.08500 0.07000 -0.19500
v 0.11500 0.07000 0.19500
v 0.11500 0.07000 -0.19500
v 0.08500 0.07000 0.19500
v 0.11500 0.09429 0.03613
v 0.11500 0.27571 -0.00613
v 0.11500 0.26429 -0.03387
v 0.11500 0.10571 0.06387
v 0.11500 0.10571 0.06387
v 0.08500 0.27571 -0.00613
v 0.11500 0.27571 -0.00613
v 0.08500 0.10571 0.06387
v 0.08500 0.10571 0.06387
v 0.08500 0.26429 -0.03387
v 0.08500 0.27571 -0.00613
v 0.08500 0.09429 0.03613
v 0.08500 0.09429 0.03613
v 0.11500 0.26429 -0.03387
v 0.08500 0.26429 -0.03387
v 0.11500 0.09429 0.03613
v 0.11500 0.10571 0.06387
v 0.08500 0.09429 0.03613
v 0.08500 0.10571 0.06387
v 0.11500 0.09429 0.03613
v 0.08500 0.27571 -0.00613
v 0.11500 0.26429 -0.03387
v 0.11500 0.27571 -0.00613
v 0.08500 0.26429 -0.03387
v 0.08500 0.09361 -0.08643
v 0.08500 0.27639 -0.03357
v 0.08500 0.26361 -0.00643
v 0.08500 0.10639 -0.11357
v 0.08500 0.10639 -0.11357
v 0.11500 0.27639 -0.03357
v 0.08500 0.27639 -0.03357
v 0.11500 0.10639 -0.11357
v 0.11500 0.10639 -0.11357
v 0.11500 0.26361 -0.00643
v 0.11500 0.27639 -0.03357
v 0.11500 0.09361 -0.08643
v 0.11500 0.09361 -0.08643
v 0.08500 0.26361 -0.00643
v 0.11500 0.26361 -0.00643
v 0.08500 0.09361 -0.08643
v 0.08500 0.10639 -0.11357
v 0.11500 0.09361 -0.08643
v 0.11500 0.10639 -0.11357
v 0.08500 0.09361 -0.08643
v 0.11500 0.27639 -0.03357
v 0.08500 0.26361 -0.00643
v 0.08500 0.27639 -0.03357
v 0.11500 0.26361 -0.00643
v -0.13500 0.07200 0.05800
v -0.10500 0.02968 0.07175
v -0.10500 0.07200 0.05800
v -0.13500 0.02968 0.07175
v -0.13500 0.02968 0.07175
v -0.10500 0.00352 0.10775
v -0.10500 0.02968 0.07175
v -0.13500 0.00352 0.10775
v -0.13500 0.00352 0.10775
v -0.10500 0.00352 0.15225
v -0.10500 0.00352 0.10775
v -0.13500 0.00352 0.15225
v -0.13500 0.00352 0.15225
v -0.10500 0.02968 0.18825
v -0.10500 0.00352 0.15225
v -0.13500 0.02968 0.18825
v -0.13500 0.02968 0.18825
v -0.10500 0.07200 0.20200
v -0.10500 0.02968 0.18825
v -0.13500 0.07200 0.20200
v -0.13500 0.07200 0.20200
v -0.10500 0.11432 0.18825
v -0.10500 0.07200 0.20200
v -0.13500 0.11432 0.18825
v -0.13500 0.11432 0.18825
v -0.10500 0.14048 0.15225
v -0.10500 0.11432 0.18825
v -0.13500 0.14048 0.15225
v -0.13500 0.14048 0.15225
v -0.10500 0.14048 0.10775
v -0.10500 0.14048 0.15225
v -0.13500 0.14048 0.10775
v -0.10500 0.00352 0.10775
v -0.10500 0.07200 0.05800
v -0.10500 0.02968 0.07175
v -0.10500 0.14048 0.10775
v -0.10500 0.11432 0.07175
v -0.10500 0.02968 0.18825
v -0.10500 0.00352 0.15225
v -0.10500 0.11432 0.18825
v -0.10500 0.07200 0.20200
v -0.10500 0.14048 0.15225
v -0.13500 0.14048 0.10775
v -0.10500 0.11432 0.07175
v -0.10500 0.14048 0.10775
v -0.13500 0.11432 0.07175
v -0.13500 0.11432 0.07175
v -0.10500 0.07200 0.05800
v -0.10500 0.11432 0.07175
v -0.13500 0.07200 0.05800
v -0.13500 0.11432 0.07175
v -0.13500 0.02968 0.07175
v -0.13500 0.07200 0.05800
v -0.13500 0.00352 0.15225
v -0.13500 0.00352 0.10775
v -0.13500 0.14048 0.15225
v -0.13500 0.14048 0.10775
v -0.13500 0.07200 0.20200
v -0.13500 0.11432 0.18825
v -0.13500 0.02968 0.18825
v -0.13500 0.07200 -0.20200
v -0.10500 0.02968 -0.18825
v -0.10500 0.07200 -0.20200
v -0.13500 0.02968 -0.18825
v -0.13500 0.02968 -0.18825
v -0.10500 0.00352 -0.15225
v -0.10500 0.02968 -0.18825
v -0.13500 0.00352 -0.15225
v -0.13500 0.00352 -0.15225
v -0.10500 0.00352 -0.10775
v -0.10500 0.00352 -0.15225
v -0.13500 0.00352 -0.10775
v -0.13500 0.00352 -0.10775
v -0.10500 0.02968 -0.07175
v -0.10500 0.00352 -0.10775
v -0.13500 0.02968 -0.07175
v -0.13500 0.02968 -0.07175
v -0.10500 0.07200 -0.05800
v -0.10500 0.02968 -0.07175
v -0.13500 0.07200 -0.05800
v -0.13500 0.07200 -0.05800
v -0.10500 0.11432 -0.07175
v -0.10500 0.07200 -0.05800
v -0.13500 0.11432 -0.07175
v -0.13500 0.11432 -0.07175
v -0.10500 0.14048 -0.10775
v -0.10500 0.11432 -0.07175
v -0.13500 0.14048 -0.10775
v -0.13500 0.14048 -0.10775
v -0.10500 0.14048 -0.15225
v -0.10500 0.14048 -0.10775
v -0.13500 0.14048 -0.15225
v -0.10500 0.00352 -0.15225
v -0.10500 0.07200 -0.20200
v -0.10500 0.02968 -0.18825
v -0.10500 0.14048 -0.15225
v -0.10500 0.11432 -0.18825
v -0.10500 0.02968 -0.07175
v -0.10500 0.00352 -0.10775
v -0.10500 0.11432 -0.07175
v -0.10500 0.07200 -0.05800
v -0.10500 0.14048 -0.10775
v -0.13500 0.14048 -0.15225
v -0.10500 0.11432 -0.18825
v -0.10500 0.14048 -0.15225
v -0.13500 0.11432 -0.18825
v -0.13500 0.11432 -0.18825
v -0.10500 0.07200 -0.20200
v -0.10500 0.11432 -0.18825
v -0.13500 0.07200 -0.20200
v -0.13500 0.11432 -0.18825
v -0.13500 0.02968 -0.18825
v -0.13500 0.07200 -0.20200
v -0.13500 0.00352 -0.10775
v -0.13500 0.00352 -0.15225
v -0.13500 0.14048 -0.10775
v -0.13500 0.14048 -0.15225
v -0.13500 0.07200 -0.05800
v -0.13500 0.11432 -0.07175
v -0.13500 0.02968 -0.07175
v 0.13500 0.07200 0.05800
v 0.16500 0.02968 0.07175
v 0.16500 0.07200 0.05800
v 0.13500 0.02968 0.07175
v 0.13500 0.02968 0.07175
v 0.16500 0.00352 0.10775
v 0.16500 0.02968 0.07175
v 0.13500 0.00352 0.10775
v 0.13500 0.00352 0.10775
v 0.16500 0.00352 0.15225
v 0.16500 0.00352 0.10775
v 0.13500 0.00352 0.15225
v 0.13500 0.00352 0.15225
v 0.16500 0.02968 0.18825
v 0.16500 0.00352 0.15225
v 0.13500 0.02968 0.18825
v 0.13500 0.02968 0.18825
v 0.16500 0.07200 0.20200
v 0.16500 0.02968 0.18825
v 0.13500 0.07200 0.20200
v 0.13500 0.07200 0.20200
v 0.16500 0.11432 0.18825
v 0.16500 0.07200 0.20200
v 0.13500 0.11432 0.18825
v 0.13500 0.11432 0.18825
v 0.16500 0.14048 0.15225
v 0.16500 0.11432 0.18825
v 0.13500 0.14048 0.15225
v 0.13500 0.14048 0.15225
v 0.16500 0.14048 0.10775
v 0.16500 0.14048 0.15225
v 0.13500 0.14048 0.10775
v 0.16500 0.00352 0.10775
v 0.16500 0.07200 0.05800
v 0.16500 0.02968 0.07175
v 0.16500 0.14048 0.10775
v 0.16500 0.11432 0.07175
v 0.16500 0.02968 0.18825
v 0.16500 0.00352 0.15225
v 0.16500 0.11432 0.18825
v 0.16500 0.07200 0.20200
v 0.16500 0.14048 0.15225
v 0.13500 0.14048 0.10775
v 0.16500 0.11432 0.07175
v 0.16500 0.14048 0.10775
v 0.13500 0.11432 0.07175
v 0.13500 0.11432 0.07175
v 0.16500 0.07200 0.05800
v 0.16500 0.11432 0.07175
v 0.13500 0.07200 0.05800
v 0.13500 0.11432 0.07175
v 0.13500 0.02968 0.07175
v 0.13500 0.07200 0.05800
v 0.13500 0.00352 0.15225
v 0.13500 0.00352 0.10775
v 0.13500 0.14048 0.15225
v 0.13500 0.14048 0.10775
v 0.13500 0.07200 0.20200
v 0.13500 0.11432 0.18825
v 0.13500 0.02968 0.18825
v 0.13500 0.07200 -0.20200
v 0.16500 0.02968 -0.18825
v 0.16500 0.07200 -0.20200
v 0.13500 0.02968 -0.18825
v 0.13500 0.02968 -0.18825
v 0.16500 0.00352 -0.15225
v 0.16500 0.02968 -0.18825
v 0.13500 0.00352 -0.15225
v 0.13500 0.00352 -0.15225
v 0.16500 0.00352 -0.10775
v 0.16500 0.00352 -0.15225
v 0.13500 0.00352 -0.10775
v 0.13500 0.00352 -0.10775
v 0.16500 0.02968 -0.07175
v 0.16500 0.00352 -0.10775
v 0.13500 0.02968 -0.07175
v 0.13500 0.02968 -0.07175
v 0.16500 0.07200 -0.05800
v 0.16500 0.02968 -0.07175
v 0.13500 0.07200 -0.05800
v 0.13500 0.07200 -0.05800
v 0.16500 0.11432 -0.07175
v 0.16500 0.07200 -0.05800
v 0.13500 0.11432 -0.07175
v 0.13500 0.11432 -0.07175
v 0.16500 0.14048 -0.10775
v 0.16500 0.11432 -0.07175
v 0.13500 0.14048 -0.10775
v 0.13500 0.14048 -0.10775
v 0.16500 0.14048 -0.15225
v 0.16500 0.14048 -0.10775
v 0.13500 0.14048 -0.15225
v 0.16500 0.00352 -0.15225
v 0.16500 0.07200 -0.20200
v 0.16500 0.02968 -0.18825
v 0.16500 0.14048 -0.15225
v 0.16500 0.11432 -0.18825
v 0.16500 0.02968 -0.07175
v 0.16500 0.00352 -0.10775
v 0.16500 0.11432 -0.07175
v 0.16500 0.07200 -0.05800
v 0.16500 0.14048 -0.10775
v 0.13500 0.14048 -0.15225
v 0.16500 0.11432 -0.18825
v 0.16500 0.14048 -0.15225
v 0.13500 0.11432 -0.18825
v 0.13500 0.11432 -0.18825
v 0.16500 0.07200 -0.20200
v 0.16500 0.11432 -0.18825
v 0.13500 0.07200 -0.20200
v 0.13500 0.11432 -0.18825
v 0.13500 0.02968 -0.18825
v 0.13500 0.07200 -0.20200
v 0.13500 0.00352 -0.10775
v 0.13500 0.00352 -0.15225
v 0.13500 0.14048 -0.10775
v 0.13500 0.14048 -0.15225
v 0.13500 0.07200 -0.05800
v 0.13500 0.11432 -0.07175
v 0.13500 0.02968 -0.07175
vn -0.0000 -0.0000 1.0000
vn -0.0000 -0.0000 1.0000
vn -0.0000 -0.0000 1.0000
vn -0.0000 -0.0000 1.0000
vn 1.0000 0.0000 -0.0000
vn 1.0000 0.0000 -0.0000
vn 1.0000 0.0000 -0.0000
vn 1.0000 0.0000 -0.0000
vn 0.0000 1.0000 -0.0000
vn 0.0000 1.0000 -0.0000
vn 0.0000 1.0000 -0.0000
vn 0.0000 1.0000 -0.0000
vn -1.0000 0.0000 -0.0000
vn -1.0000 0.0000 -0.0000
vn -1.0000 0.0000 -0.0000
vn -1.0000 0.0000 -0.0000
vn 0.0000 0.0000 -1.0000
vn 0.0000 0.0000 -1.0000
vn 0.0000 0.0000 -1.0000
vn 0.0000 0.0000 -1.0000
vn -0.5774 -0.5774 0.5774
vn -0.5774 -0.5774 0.5774
vn -0.5774 -0.5774 0.5774
vn -0.5774 0.5774 0.5773
vn -0.5774 0.5774 0.5773
vn -0.5774 0.5774 0.5773
vn -0.5773 -0.5773 -0.5775
vn -0.5773 -0.5773 -0.5775
vn -0.5773 -0.5773 -0.5775
vn -0.5774 0.5773 -0.5774
vn -0.5774 0.5773 -0.5774
vn -0.5774 0.5773 -0.5774
vn 0.5773 -0.5774 0.5774
vn 0.5773 -0.5774 0.5774
vn 0.5773 -0.5774 0.5774
vn 0.5773 0.5773 0.5775
vn 0.5773 0.5773 0.5775
vn 0.5773 0.5773 0.5775
vn 0.5773 -0.5773 -0.5775
vn 0.5773 -0.5773 -0.5775
vn 0.5773 -0.5773 -0.5775
vn 0.5773 0.5773 -0.5774
vn 0.5773 0.5773 -0.5774
vn 0.5773 0.5773 -0.5774
vn -0.7071 -0.7071 -0.0001
vn -0.7071 -0.7071 -0.0001
vn -0.7071 -0.7071 -0.0001
vn -0.7071 -0.7071 -0.0001
vn -0.7071 -0.0000 0.7071
vn -0.7071 -0.0000 0.7071
vn -0.7071 -0.0000 0.7071
vn -0.7071 -0.0000 0.7071
vn -0.7071 0.7071 -0.0000
vn -0.7071 0.7071 -0.0000
vn -0.7071 0.7071 -0.0000
vn -0.7071 0.7071 -0.0000
vn -0.7071 0.0000 -0.7071
vn -0.7071 0.0000 -0.7071
vn -0.7071 0.0000 -0.7071
vn -0.7071 0.0000 -0.7071
vn 0.0000 -0.7071 -0.7071
vn 0.0000 -0.7071 -0.7071
vn 0.0000 -0.7071 -0.7071
vn 0.0000 -0.7071 -0.7071
vn 0.0000 0.7071 -0.7071
vn 0.0000 0.7071 -0.7071
vn 0.0000 0.7071 -0.7071
vn 0.0000 0.7071 -0.7071
vn 0.7071 0.0000 -0.7071
vn 0.7071 0.0000 -0.7071
vn 0.7071 0.0000 -0.7071
vn 0.7071 0.0000 -0.7071
vn 0.7071 -0.7071 -0.0000
vn 0.7071 -0.7071 -0.0000
vn 0.7071 -0.7071 -0.0000
vn 0.7071 -0.7071 -0.0000
vn 0.7071 0.7071 0.0000
vn 0.7071 0.7071 0.0000
vn 0.7071 0.7071 0.0000
vn 0.7071 0.7071 0.0000
vn 0.7071 -0.0000 0.7071
vn 0.7071 -0.0000 0.7071
vn 0.7071 -0.0000 0.7071
vn 0.7071 -0.0000 0.7071
vn -0.0000 -0.7071 0.7071
vn -0.0000 -0.7071 0.7071
vn -0.0000 -0.7071 0.7071
vn -0.0000 -0.7071 0.7071
vn -0.0000 0.7071 0.7071
vn -0.0000 0.7071 0.7071
vn -0.0000 0.7071 0.7071
vn -0.0000 0.7071 0.7071
vn 0.0000 -1.0000 -0.0000
vn 0.0000 -1.0000 -0.0000
vn 0.0000 -1.0000 -0.0000
vn 0.0000 -1.0000 -0.0000
vn 1.0000 0.0000 -0.0000
vn 1.0000 0.0000 -0.0000
vn 1.0000 0.0000 -0.0000
vn 1.0000 0.0000 -0.0000
vn -0.0000 0.3807 0.9247
vn -0.0000 0.3807 0.9247
vn -0.0000 0.3807 0.9247
vn -0.0000 0.3807 0.9247
vn -1.0000 0.0000 -0.0000
vn -1.0000 0.0000 -0.0000
vn -1.0000 0.0000 -0.0000
vn -1.0000 0.0000 -0.0000
vn 0.0000 -0.3807 -0.9247
vn 0.0000 -0.3807 -0.9247
vn 0.0000 -0.3807 -0.9247
vn 0.0000 -0.3807 -0.9247
vn -0.0000 -0.9247 0.3807
vn -0.0000 -0.9247 0.3807
vn -0.0000 -0.9247 0.3807
vn -0.0000 -0.9247 0.3807
vn 0.0000 0.9247 -0.3807
vn 0.0000 0.9247 -0.3807
vn 0.0000 0.9247 -0.3807
vn 0.0000 0.9247 -0.3807
vn -1.0000 0.0000 -0.0000
vn -1.0000 0.0000 -0.0000
vn -1.0000 0.0000 -0.0000
vn -1.0000 0.0000 -0.0000
vn 0.0000 0.4258 -0.9048
vn 0.0000 0.4258 -0.9048
vn 0.0000 0.4258 -0.9048
vn 0.0000 0.4258 -0.9048
vn 1.0000 0.0000 -0.0000
vn 1.0000 0.0000 -0.0000
vn 1.0000 0.0000 -0.0000
vn 1.0000 0.0000 -0.0000
vn -0.0000 -0.4258 0.9048
vn -0.0000 -0.4258 0.9048
vn -0.0000 -0.4258 0.9048
vn -0.0000 -0.4258 0.9048
vn 0.0000 -0.9048 -0.4258
vn 0.0000 -0.9048 -0.4258
vn 0.0000 -0.9048 -0.4258
vn 0.0000 -0.9048 -0.4258
vn -0.0000 0.9048 0.4258
vn -0.0000 0.9048 0.4258
vn -0.0000 0.9048 0.4258
vn -0.0000 0.9048 0.4258
vn -0.0000 -0.0000 1.0000
vn -0.0000 -0.0000 1.0000
vn -0.0000 -0.0000 1.0000
vn -0.0000 -0.0000 1.0000
vn 1.0000 0.0000 -0.0000
vn 1.0000 0.0000 -0.0000
vn 1.0000 0.0000 -0.0000
vn 1.0000 0.0000 -0.0000
vn 0.0000 1.0000 -0.0000
vn 0.0000 1.0000 -0.0000
vn 0.0000 1.0000 -0.0000
vn 0.0000 1.0000 -0.0000
vn -1.0000 0.0000 -0.0000
vn -1.0000 0.0000 -0.0000
vn -1.0000 0.0000 -0.0000
vn -1.0000 0.0000 -0.0000
vn 0.0000 0.0000 -1.0000
vn 0.0000 0.0000 -1.0000
vn 0.0000 0.0000 -1.0000
vn 0.0000 0.0000 -1.0000
vn -0.5774 -0.5774 0.5774
vn -0.5774 -0.5774 0.5774
vn -0.5774 -0.5774 0.5774
vn -0.5774 0.5773 0.5774
vn -0.5774 0.5773 0.5774
vn -0.5774 0.5773 0.5774
vn -0.5773 -0.5773 -0.5775
vn -0.5773 -0.5773 -0.5775
vn -0.5773 -0.5773 -0.5775
vn -0.5773 0.5773 -0.5775
vn -0.5773 0.5773 -0.5775
vn -0.5773 0.5773 -0.5775
vn 0.5773 -0.5774 0.5774
vn 0.5773 -0.5774 0.5774
vn 0.5773 -0.5774 0.5774
vn 0.5774 0.5774 0.5774
vn 0.5774 0.5774 0.5774
vn 0.5774 0.5774 0.5774
vn 0.5773 -0.5773 -0.5775
vn 0.5773 -0.5773 -0.5775
vn 0.5773 -0.5773 -0.5775
vn 0.5774 0.5774 -0.5773
vn 0.5774 0.5774 -0.5773
vn 0.5774 0.5774 -0.5773
vn -0.7071 -0.7071 -0.0001
vn -0.7071 -0.7071 -0.0001
vn -0.7071 -0.7071 -0.0001
vn -0.7071 -0.7071 -0.0001
vn -0.7071 -0.0000 0.7071
vn -0.7071 -0.0000 0.7071
vn -0.7071 -0.0000 0.7071
vn -0.7071 -0.0000 0.7071
vn -0.7071 0.7071 -0.0000
vn -0.7071 0.7071 -0.0000
vn -0.7071 0.7071 -0.0000
vn -0.7071 0.7071 -0.0000
vn -0.7071 0.0000 -0.7071
vn -0.7071 0.0000 -0.7071
vn -0.7071 0.0000 -0.7071
vn -0.7071 0.0000 -0.7071
vn 0.0000 -0.7071 -0.7071
vn 0.0000 -0.7071 -0.7071
vn 0.0000 -0.7071 -0.7071
vn 0.0000 -0.7071 -0.7071
vn 0.0000 0.7071 -0.7071
vn 0.0000 0.7071 -0.7071
vn 0.0000 0.7071 -0.7071
vn 0.0000 0.7071 -0.7071
vn 0.7071 0.0000 -0.7071
vn 0.7071 0.0000 -0.7071
vn 0.7071 0.0000 -0.7071
vn 0.7071 0.0000 -0.7071
vn 0.7071 -0.7071 -0.0000
vn 0.7071 -0.7071 -0.0000
vn 0.7071 -0.7071 -0.0000
vn 0.7071 -0.7071 -0.0000
vn 0.7071 0.7071 0.0000
vn 0.7071 0.7071 0.0000
vn 0.7071 0.7071 0.0000
vn 0.7071 0.7071 0.0000
vn 0.7071 -0.0000 0.7071
vn 0.7071 -0.0000 0.7071
vn 0.7071 -0.0000 0.7071
vn 0.7071 -0.0000 0.7071
vn -0.0000 -0.7071 0.7071
vn -0.0000 -0.7071 0.7071
vn -0.0000 -0.7071 0.7071
vn -0.0000 -0.7071 0.7071
vn -0.0000 0.7071 0.7071
vn -0.0000 0.7071 0.7071
vn -0.0000 0.7071 0.7071
vn -0.0000 0.7071 0.7071
vn 0.0000 -1.0000 -0.0000
vn 0.0000 -1.0000 -0.0000
vn 0.0000 -1.0000 -0.0000
vn 0.0000 -1.0000 -0.0000
vn 1.0000 0.0000 -0.0000
vn 1.0000 0.0000 -0.0000
vn 1.0000 0.0000 -0.0000
vn 1.0000 0.0000 -0.0000
vn -0.0000 0.3807 0.9247
vn -0.0000 0.3807 0.9247
vn -0.0000 0.3807 0.9247
vn -0.0000 0.3807 0.9247
vn -1.0000 0.0000 -0.0000
vn -1.0000 0.0000 -0.0000
vn -1.0000 0.0000 -0.0000
vn -1.0000 0.0000 -0.0000
vn 0.0000 -0.3807 -0.9247
vn 0.0000 -0.3807 -0.9247
vn 0.0000 -0.3807 -0.9247
vn 0.0000 -0.3807 -0.9247
vn -0.0000 -0.9247 0.3807
vn -0.0000 -0.9247 0.3807
vn -0.0000 -0.9247 0.3807
vn -0.0000 -0.9247 0.3807
vn 0.0000 0.9247 -0.3807
vn 0.0000 0.9247 -0.3807
vn 0.0000 0.9247 -0.3807
vn 0.0000 0.9247 -0.3807
vn -1.0000 0.0000 -0.0000
vn -1.0000 0.0000 -0.0000
vn -1.0000 0.0000 -0.0000
vn -1.0000 0.0000 -0.0000
vn 0.0000 0.4258 -0.9048
vn 0.0000 0.4258 -0.9048
vn 0.0000 0.4258 -0.9048
vn 0.0000 0.4258 -0.9048
vn 1.0000 0.0000 -0.0000
vn 1.0000 0.0000 -0.0000
vn 1.0000 0.0000 -0.0000
vn 1.0000 0.0000 -0.0000
vn -0.0000 -0.4258 0.9048
vn -0.0000 -0.4258 0.9048
vn -0.0000 -0.4258 0.9048
vn -0.0000 -0.4258 0.9048
vn 0.0000 -0.9048 -0.4258
vn 0.0000 -0.9048 -0.4258
vn 0.0000 -0.9048 -0.4258
vn 0.0000 -0.9048 -0.4258
vn -0.0000 0.9048 0.4258
vn -0.0000 0.9048 0.4258
vn -0.0000 0.9048 0.4258
vn -0.0000 0.9048 0.4258
vn 0.0000 -0.3090 -0.9511
vn 0.0000 -0.3090 -0.9511
vn 0.0000 -0.3090 -0.9511
vn 0.0000 -0.3090 -0.9511
vn 0.0000 -0.8090 -0.5878
vn 0.0000 -0.8090 -0.5878
vn 0.0000 -0.8090 -0.5878
vn 0.0000 -0.8090 -0.5878
vn 0.0000 -1.0000 -0.0000
vn 0.0000 -1.0000 -0.0000
vn 0.0000 -1.0000 -0.0000
vn 0.0000 -1.0000 -0.0000
vn -0.0000 -0.8090 0.5878
vn -0.0000 -0.8090 0.5878
vn -0.0000 -0.8090 0.5878
vn -0.0000 -0.8090 0.5878
vn -0.0000 -0.3090 0.9511
vn -0.0000 -0.3090 0.9511
vn -0.0000 -0.3090 0.9511
vn -0.0000 -0.3090 0.9511
vn -0.0000 0.3090 0.9511
vn -0.0000 0.3090 0.9511
vn -0.0000 0.3090 0.9511
vn -0.0000 0.3090 0.9511
vn -0.0000 0.8090 0.5878
vn -0.0000 0.8090 0.5878
vn -0.0000 0.8090 0.5878
vn -0.0000 0.8090 0.5878
vn 0.0000 1.0000 -0.0000
vn 0.0000 1.0000 -0.0000
vn 0.0000 1.0000 -0.0000
vn 0.0000 1.0000 -0.0000
vn 1.0000 0.0000 -0.0000
vn 1.0000 0.0000 -0.0000
vn 1.0000 0.0000 -0.0000
vn 1.0000 0.0000 -0.0000
vn 1.0000 0.0000 -0.0000
vn 1.0000 0.0000 -0.0000
vn 1.0000 0.0000 -0.0000
vn 1.0000 0.0000 -0.0000
vn 1.0000 0.0000 -0.0000
vn 1.0000 0.0000 -0.0000
vn 0.0000 0.8090 -0.5878
vn 0.0000 0.8090 -0.5878
vn 0.0000 0.8090 -0.5878
vn 0.0000 0.8090 -0.5878
vn 0.0000 0.3090 -0.9511
vn 0.0000 0.3090 -0.9511
vn 0.0000 0.3090 -0.9511
vn 0.0000 0.3090 -0.9511
vn -1.0000 0.0000 -0.0000
vn -1.0000 0.0000 -0.0000
vn -1.0000 0.0000 -0.0000
vn -1.0000 0.0000 -0.0000
vn -1.0000 0.0000 -0.0000
vn -1.0000 0.0000 -0.0000
vn -1.0000 0.0000 -0.0000
vn -1.0000 0.0000 -0.0000
vn -1.0000 0.0000 -0.0000
vn -1.0000 0.0000 -0.0000
vn 0.0000 -0.3090 -0.9511
vn 0.0000 -0.3090 -0.9511
vn 0.0000 -0.3090 -0.9511
vn 0.0000 -0.3090 -0.9511
vn 0.0000 -0.8090 -0.5878
vn 0.0000 -0.8090 -0.5878
vn 0.0000 -0.8090 -0.5878
vn 0.0000 -0.8090 -0.5878
vn 0.0000 -1.0000 -0.0000
vn 0.0000 -1.0000 -0.0000
vn 0.0000 -1.0000 -0.0000
vn 0.0000 -1.0000 -0.0000
vn -0.0000 -0.8090 0.5878
vn -0.0000 -0.8090 0.5878
vn -0.0000 -0.8090 0.5878
vn -0.0000 -0.8090 0.5878
vn -0.0000 -0.3090 0.9511
vn -0.0000 -0.3090 0.9511
vn -0.0000 -0.3090 0.9511
vn -0.0000 -0.3090 0.9511
vn -0.0000 0.3090 0.9511
vn -0.0000 0.3090 0.9511
vn -0.0000 0.3090 0.9511
vn -0.0000 0.3090 0.9511
vn -0.0000 0.8090 0.5878
vn -0.0000 0.8090 0.5878
vn -0.0000 0.8090 0.5878
vn -0.0000 0.8090 0.5878
vn 0.0000 1.0000 -0.0000
vn 0.0000 1.0000 -0.0000
vn 0.0000 1.0000 -0.0000
vn 0.0000 1.0000 -0.0000
vn 1.0000 0.0000 -0.0000
vn 1.0000 0.0000 -0.0000
vn 1.0000 0.0000 -0.0000
vn 1.0000 0.0000 -0.0000
vn 1.0000 0.0000 -0.0000
vn 1.0000 0.0000 -0.0000
vn 1.0000 0.0000 -0.0000
vn 1.0000 0.0000 -0.0000
vn 1.0000 0.0000 -0.0000
vn 1.0000 0.0000 -0.0000
vn 0.0000 0.8090 -0.5878
vn 0.0000 0.8090 -0.5878
vn 0.0000 0.8090 -0.5878
vn 0.0000 0.8090 -0.5878
vn 0.0000 0.3090 -0.9511
vn 0.0000 0.3090 -0.9511
vn 0.0000 0.3090 -0.9511
vn 0.0000 0.3090 -0.9511
vn -1.0000 0.0000 -0.0000
vn -1.0000 0.0000 -0.0000
vn -1.0000 0.0000 -0.0000
vn -1.0000 0.0000 -0.0000
vn -1.0000 0.0000 -0.0000
vn -1.0000 0.0000 -0.0000
vn -1.0000 0.0000 -0.0000
vn -1.0000 0.0000 -0.0000
vn -1.0000 0.0000 -0.0000
vn -1.0000 0.0000 -0.0000
vn 0.0000 -0.3090 -0.9511
vn 0.0000 -0.3090 -0.9511
vn 0.0000 -0.3090 -0.9511
vn 0.0000 -0.3090 -0.9511
vn 0.0000 -0.8090 -0.5878
vn 0.0000 -0.8090 -0.5878
vn 0.0000 -0.8090 -0.5878
vn 0.0000 -0.8090 -0.5878
vn 0.0000 -1.0000 -0.0000
vn 0.0000 -1.0000 -0.0000
vn 0.0000 -1.0000 -0.0000
vn 0.0000 -1.0000 -0.0000
vn -0.0000 -0.8090 0.5878
vn -0.0000 -0.8090 0.5878
vn -0.0000 -0.8090 0.5878
vn -0.0000 -0.8090 0.5878
vn -0.0000 -0.3090 0.9511
vn -0.0000 -0.3090 0.9511
vn -0.0000 -0.3090 0.9511
vn -0.0000 -0.3090 0.9511
vn -0.0000 0.3090 0.9511
vn -0.0000 0.3090 0.9511
vn -0.0000 0.3090 0.9511
vn -0.0000 0.3090 0.9511
vn -0.0000 0.8090 0.5878
vn -0.0000 0.8090 0.5878
vn -0.0000 0.8090 0.5878
vn -0.0000 0.8090 0.5878
vn 0.0000 1.0000 -0.0000
vn 0.0000 1.0000 -0.0000
vn 0.0000 1.0000 -0.0000
vn 0.0000 1.0000 -0.0000
vn 1.0000 0.0000 -0.0000
vn 1.0000 0.0000 -0.0000
vn 1.0000 0.0000 -0.0000
vn 1.0000 0.0000 -0.0000
vn 1.0000 0.0000 -0.0000
vn 1.0000 0.0000 -0.0000
vn 1.0000 0.0000 -0.0000
vn 1.0000 0.0000 -0.0000
vn 1.0000 0.0000 -0.0000
vn 1.0000 0.0000 -0.0000
vn 0.0000 0.8090 -0.5878
vn 0.0000 0.8090 -0.5878
vn 0.0000 0.8090 -0.5878
vn 0.0000 0.8090 -0.5878
vn 0.0000 0.3090 -0.9511
vn 0.0000 0.3090 -0.9511
vn 0.0000 0.3090 -0.9511
vn 0.0000 0.3090 -0.9511
vn -1.0000 0.0000 -0.0000
vn -1.0000 0.0000 -0.0000
vn -1.0000 0.0000 -0.0000
vn -1.0000 0.0000 -0.0000
vn -1.0000 0.0000 -0.0000
vn -1.0000 0.0000 -0.0000
vn -1.0000 0.0000 -0.0000
vn -1.0000 0.0000 -0.0000
vn -1.0000 0.0000 -0.0000
vn -1.0000 0.0000 -0.0000
vn 0.0000 -0.3090 -0.9511
vn 0.0000 -0.3090 -0.9511
vn 0.0000 -0.3090 -0.9511
vn 0.0000 -0.3090 -0.9511
vn 0.0000 -0.8090 -0.5878
vn 0.0000 -0.8090 -0.5878
vn 0.0000 -0.8090 -0.5878
vn 0.0000 -0.8090 -0.5878
vn 0.0000 -1.0000 -0.0000
vn 0.0000 -1.0000 -0.0000
vn 0.0000 -1.0000 -0.0000
vn 0.0000 -1.0000 -0.0000
vn -0.0000 -0.8090 0.5878
vn -0.0000 -0.8090 0.5878
vn -0.0000 -0.8090 0.5878
vn -0.0000 -0.8090 0.5878
vn -0.0000 -0.3090 0.9511
vn -0.0000 -0.3090 0.9511
vn -0.0000 -0.3090 0.9511
vn -0.0000 -0.3090 0.9511
vn -0.0000 0.3090 0.9511
vn -0.0000 0.3090 0.9511
vn -0.0000 0.3090 0.9511
vn -0.0000 0.3090 0.9511
vn -0.0000 0.8090 0.5878
vn -0.0000 0.8090 0.5878
vn -0.0000 0.8090 0.5878
vn -0.0000 0.8090 0.5878
vn 0.0000 1.0000 -0.0000
vn 0.0000 1.0000 -0.0000
vn 0.0000 1.0000 -0.0000
vn 0.0000 1.0000 -0.0000
vn 1.0000 0.0000 -0.0000
vn 1.0000 0.0000 -0.0000
vn 1.0000 0.0000 -0.0000
vn 1.0000 0.0000 -0.0000
vn 1.0000 0.0000 -0.0000
vn 1.0000 0.0000 -0.0000
vn 1.0000 0.0000 -0.0000
vn 1.0000 0.0000 -0.0000
vn 1.0000 0.0000 -0.0000
vn 1.0000 0.0000 -0.0000
vn 0.0000 0.8090 -0.5878
vn 0.0000 0.8090 -0.5878
vn 0.0000 0.8090 -0.5878
vn 0.0000 0.8090 -0.5878
vn 0.0000 0.3090 -0.9511
vn 0.0000 0.3090 -0.9511
vn 0.0000 0.3090 -0.9511
vn 0.0000 0.3090 -0.9511
vn -1.0000 0.0000 -0.0000
vn -1.0000 0.0000 -0.0000
vn -1.0000 0.0000 -0.0000
vn -1.0000 0.0000 -0.0000
vn -1.0000 0.0000 -0.0000
vn -1.0000 0.0000 -0.0000
vn -1.0000 0.0000 -0.0000
vn -1.0000 0.0000 -0.0000
vn -1.0000 0.0000 -0.0000
vn -1.0000 0.0000 -0.0000
f 205//205 207//207 206//206
f 205//205 206//206 208//208
f 209//209 211//211 210//210
f 209//209 210//210 212//212
f 213//213 215//215 214//214
f 213//213 214//214 216//216
f 217//217 219//219 218//218
f 217//217 218//218 220//220
f 221//221 223//223 222//222
f 221//221 222//222 224//224
f 225//225 227//227 226//226
f 228//228 230//230 229//229
f 231//231 233//233 232//232
f 234//234 236//236 235//235
f 237//237 239//239 238//238
f 240//240 242//242 241//241
f 243//243 245//245 244//244
f 246//246 248//248 247//247
f 249//249 251//251 250//250
f 249//249 250//250 252//252
f 253//253 255//255 254//254
f 253//253 254//254 256//256
f 257//257 259//259 258//258
f 257//257 258//258 260//260
f 261//261 263//263 262//262
f 261//261 262//262 264//264
f 265//265 267//267 266//266
f 265//265 266//266 268//268
f 269//269 271//271 270//270
f 269//269 270//270 272//272
f 273//273 275//275 274//274
f 273//273 274//274 276//276
f 277//277 279//279 278//278
f 277//277 278//278 280//280
f 281//281 283//283 282//282
f 281//281 282//282 284//284
f 285//285 287//287 286//286
f 285//285 286//286 288//288
f 289//289 291//291 290//290
f 289//289 290//290 292//292
f 293//293 295//295 294//294
f 293//293 294//294 296//296
f 297//297 299//299 298//298
f 297//297 298//298 300//300
f 493//493 495//495 494//494
f 493//493 494//494 496//496
f 497//497 499//499 498//498
f 497//497 498//498 500//500
f 501//501 503//503 502//502
f 501//501 502//502 504//504
f 505//505 507//507 506//506
f 505//505 506//506 508//508
f 509//509 511//511 510//510
f 509//509 510//510 512//512
f 513//513 515//515 514//514
f 513//513 514//514 516//516
f 517//517 519//519 518//518
f 517//517 518//518 520//520
f 521//521 523//523 522//522
f 521//521 522//522 524//524
f 525//525 527//527 526//526
f 525//525 526//526 528//528
f 526//526 529//529 528//528
f 528//528 530//530 525//525
f 530//530 531//531 525//525
f 528//528 532//532 530//530
f 532//532 533//533 530//530
f 528//528 534//534 532//532
f 535//535 537//537 536//536
f 535//535 536//536 538//538
f 539//539 541//541 540//540
f 539//539 540//540 542//542
f 543//543 545//545 544//544
f 543//543 544//544 546//546
f 544//544 547//547 546//546
f 546//546 548//548 543//543
f 548//548 549//549 543//543
f 546//546 550//550 548//548
f 550//550 551//551 548//548
f 546//546 552//552 550//550
f 553//553 555//555 554//554
f 553//553 554//554 556//556
f 557//557 559//559 558//558
f 557//557 558//558 560//560
f 561//561 563//563 562//562
f 561//561 562//562 564//564
f 565//565 567//567 566//566
f 565//565 566//566 568//568
f 569//569 571//571 570//570
f 569//569 570//570 572//572
f 573//573 575//575 574//574
f 573//573 574//574 576//576
f 577//577 579//579 578//578
f 577//577 578//578 580//580
f 581//581 583//583 582//582
f 581//581 582//582 584//584
f 585//585 587//587 586//586
f 585//585 586//586 588//588
f 586//586 589//589 588//588
f 588//588 590//590 585//585
f 590//590 591//591 585//585
f 588//588 592//592 590//590
f 592//592 593//593 590//590
f 588//588 594//594 592//592
f 595//595 597//597 596//596
f 595//595 596//596 598//598
f 599//599 601//601 600//600
f 599//599 600//600 602//602
f 603//603 605//605 604//604
f 603//603 604//604 606//606
f 604//604 607//607 606//606
f 606//606 608//608 603//603
f 608//608 609//609 603//603
f 606//606 610//610 608//608
f 610//610 611//611 608//608
f 606//606 612//612 610//610
f 301//301 303//303 302//302
f 301//301 302//302 304//304
f 305//305 307//307 306//306
f 305//305 306//306 308//308
f 309//309 311//311 310//310
f 309//309 310//310 312//312
f 313//313 315//315 314//314
f 313//313 314//314 316//316
f 317//317 319//319 318//318
f 317//317 318//318 320//320
f 321//321 323//323 322//322
f 321//321 322//322 324//324
f 325//325 327//327 326//326
f 325//325 326//326 328//328
f 329//329 331//331 330//330
f 329//329 330//330 332//332
f 333//333 335//335 334//334
f 333//333 334//334 336//336
f 337//337 339//339 338//338
f 337//337 338//338 340//340
f 341//341 343//343 342//342
f 341//341 342//342 344//344
f 345//345 347//347 346//346
f 345//345 346//346 348//348
f 349//349 351//351 350//350
f 349//349 350//350 352//352
f 353//353 355//355 354//354
f 353//353 354//354 356//356
f 357//357 359//359 358//358
f 357//357 358//358 360//360
f 361//361 363//363 362//362
f 361//361 362//362 364//364
f 365//365 367//367 366//366
f 365//365 366//366 368//368
f 369//369 371//371 370//370
f 372//372 374//374 373//373
f 375//375 377//377 376//376
f 378//378 380//380 379//379
f 381//381 383//383 382//382
f 384//384 386//386 385//385
f 387//387 389//389 388//388
f 390//390 392//392 391//391
f 393//393 395//395 394//394
f 393//393 394//394 396//396
f 397//397 399//399 398//398
f 397//397 398//398 400//400
f 401//401 403//403 402//402
f 401//401 402//402 404//404
f 405//405 407//407 406//406
f 405//405 406//406 408//408
f 409//409 411//411 410//410
f 409//409 410//410 412//412
f 413//413 415//415 414//414
f 413//413 414//414 416//416
f 417//417 419//419 418//418
f 417//417 418//418 420//420
f 421//421 423//423 422//422
f 421//421 422//422 424//424
f 425//425 427//427 426//426
f 425//425 426//426 428//428
f 429//429 431//431 430//430
f 429//429 430//430 432//432
f 433//433 435//435 434//434
f 433//433 434//434 436//436
f 437//437 439//439 438//438
f 437//437 438//438 440//440
f 441//441 443//443 442//442
f 441//441 442//442 444//444
f 613//613 615//615 614//614
f 613//613 614//614 616//616
f 617//617 619//619 618//618
f 617//617 618//618 620//620
f 621//621 623//623 622//622
f 621//621 622//622 624//624
f 625//625 627//627 626//626
f 625//625 626//626 628//628
f 629//629 631//631 630//630
f 629//629 630//630 632//632
f 633//633 635//635 634//634
f 633//633 634//634 636//636
f 637//637 639//639 638//638
f 637//637 638//638 640//640
f 641//641 643//643 642//642
f 641//641 642//642 644//644
f 645//645 647//647 646//646
f 645//645 646//646 648//648
f 646//646 649//649 648//648
f 648//648 650//650 645//645
f 650//650 651//651 645//645
f 648//648 652//652 650//650
f 652//652 653//653 650//650
f 648//648 654//654 652//652
f 655//655 657//657 656//656
f 655//655 656//656 658//658
f 659//659 661//661 660//660
f 659//659 660//660 662//662
f 663//663 665//665 664//664
f 663//663 664//664 666//666
f 664//664 667//667 666//666
f 666//666 668//668 663//663
f 668//668 669//669 663//663
f 666//666 670//670 668//668
f 670//670 671//671 668//668
f 666//666 672//672 670//670
f 673//673 675//675 674//674
f 673//673 674//674 676//676
f 677//677 679//679 678//678
f 677//677 678//678 680//680
f 681//681 683//683 682//682
f 681//681 682//682 684//684
f 685//685 687//687 686//686
f 685//685 686//686 688//688
f 689//689 691//691 690//690
f 689//689 690//690 692//692
f 693//693 695//695 694//694
f 693//693 694//694 696//696
f 697//697 699//699 698//698
f 697//697 698//698 700//700
f 701//701 703//703 702//702
f 701//701 702//702 704//704
f 705//705 707//707 706//706
f 705//705 706//706 708//708
f 706//706 709//709 708//708
f 708//708 710//710 705//705
f 710//710 711//711 705//705
f 708//708 712//712 710//710
f 712//712 713//713 710//710
f 708//708 714//714 712//712
f 715//715 717//717 716//716
f 715//715 716//716 718//718
f 719//719 721//721 720//720
f 719//719 720//720 722//722
f 723//723 725//725 724//724
f 723//723 724//724 726//726
f 724//724 727//727 726//726
f 726//726 728//728 723//723
f 728//728 729//729 723//723
f 726//726 730//730 728//728
f 730//730 731//731 728//728
f 726//726 732//732 730//730
f 445//445 447//447 446//446
f 445//445 446//446 448//448
f 449//449 451//451 450//450
f 449//449 450//450 452//452
f 453//453 455//455 454//454
f 453//453 454//454 456//456
f 457//457 459//459 458//458
f 457//457 458//458 460//460
f 461//461 463//463 462//462
f 461//461 462//462 464//464
f 465//465 467//467 466//466
f 465//465 466//466 468//468
f 469//469 471//471 470//470
f 469//469 470//470 472//472
f 473//473 475//475 474//474
f 473//473 474//474 476//476
f 477//477 479//479 478//478
f 477//477 478//478 480//480
f 481//481 483//483 482//482
f 481//481 482//482 484//484
f 485//485 487//487 486//486
f 485//485 486//486 488//488
f 489//489 491//491 490//490
f 489//489 490//490 492//492
g body_wood_dark
usemtl wood_dark
v -0.13900 0.07200 0.10400
v -0.10100 0.04948 0.11700
v -0.10100 0.07200 0.10400
v -0.13900 0.04948 0.11700
v -0.13900 0.04948 0.11700
v -0.10100 0.04948 0.14300
v -0.10100 0.04948 0.11700
v -0.13900 0.04948 0.14300
v -0.13900 0.04948 0.14300
v -0.10100 0.07200 0.15600
v -0.10100 0.04948 0.14300
v -0.13900 0.07200 0.15600
v -0.13900 0.07200 0.15600
v -0.10100 0.09452 0.14300
v -0.10100 0.07200 0.15600
v -0.13900 0.09452 0.14300
v -0.10100 0.04948 0.14300
v -0.10100 0.07200 0.10400
v -0.10100 0.04948 0.11700
v -0.10100 0.09452 0.14300
v -0.10100 0.07200 0.15600
v -0.10100 0.09452 0.11700
v -0.13900 0.09452 0.14300
v -0.10100 0.09452 0.11700
v -0.10100 0.09452 0.14300
v -0.13900 0.09452 0.11700
v -0.13900 0.09452 0.11700
v -0.10100 0.07200 0.10400
v -0.10100 0.09452 0.11700
v -0.13900 0.07200 0.10400
v -0.13900 0.09452 0.11700
v -0.13900 0.04948 0.11700
v -0.13900 0.07200 0.10400
v -0.13900 0.07200 0.15600
v -0.13900 0.09452 0.14300
v -0.13900 0.04948 0.14300
v -0.13900 0.07200 -0.15600
v -0.10100 0.04948 -0.14300
v -0.10100 0.07200 -0.15600
v -0.13900 0.04948 -0.14300
v -0.13900 0.04948 -0.14300
v -0.10100 0.04948 -0.11700
v -0.10100 0.04948 -0.14300
v -0.13900 0.04948 -0.11700
v -0.13900 0.04948 -0.11700
v -0.10100 0.07200 -0.10400
v -0.10100 0.04948 -0.11700
v -0.13900 0.07200 -0.10400
v -0.13900 0.07200 -0.10400
v -0.10100 0.09452 -0.11700
v -0.10100 0.07200 -0.10400
v -0.13900 0.09452 -0.11700
v -0.10100 0.04948 -0.11700
v -0.10100 0.07200 -0.15600
v -0.10100 0.04948 -0.14300
v -0.10100 0.09452 -0.11700
v -0.10100 0.07200 -0.10400
v -0.10100 0.09452 -0.14300
v -0.13900 0.09452 -0.11700
v -0.10100 0.09452 -0.14300
v -0.10100 0.09452 -0.11700
v -0.13900 0.09452 -0.14300
v -0.13900 0.09452 -0.14300
v -0.10100 0.07200 -0.15600
v -0.10100 0.09452 -0.14300
v -0.13900 0.07200 -0.15600
v -0.13900 0.09452 -0.14300
v -0.13900 0.04948 -0.14300
v -0.13900 0.07200 -0.15600
v -0.13900 0.07200 -0.10400
v -0.13900 0.09452 -0.11700
v -0.13900 0.04948 -0.11700
v 0.13100 0.07200 0.10400
v 0.16900 0.04948 0.11700
v 0.16900 0.07200 0.10400
v 0.13100 0.04948 0.11700
v 0.13100 0.04948 0.11700
v 0.16900 0.04948 0.14300
v 0.16900 0.04948 0.11700
v 0.13100 0.04948 0.14300
v 0.13100 0.04948 0.14300
v 0.16900 0.07200 0.15600
v 0.16900 0.04948 0.14300
v 0.13100 0.07200 0.15600
v 0.13100 0.07200 0.15600
v 0.16900 0.09452 0.14300
v 0.16900 0.07200 0.15600
v 0.13100 0.09452 0.14300
v 0.16900 0.04948 0.14300
v 0.16900 0.07200 0.10400
v 0.16900 0.04948 0.11700
v 0.16900 0.09452 0.14300
v 0.16900 0.07200 0.15600
v 0.16900 0.09452 0.11700
v 0.13100 0.09452 0.14300
v 0.16900 0.09452 0.11700
v 0.16900 0.09452 0.14300
v 0.13100 0.09452 0.11700
v 0.13100 0.09452 0.11700
v 0.16900 0.07200 0.10400
v 0.16900 0.09452 0.11700
v 0.13100 0.07200 0.10400
v 0.13100 0.09452 0.11700
v 0.13100 0.04948 0.11700
v 0.13100 0.07200 0.10400
v 0.13100 0.07200 0.15600
v 0.13100 0.09452 0.14300
v 0.13100 0.04948 0.14300
v 0.13100 0.07200 -0.15600
v 0.16900 0.04948 -0.14300
v 0.16900 0.07200 -0.15600
v 0.13100 0.04948 -0.14300
v 0.13100 0.04948 -0.14300
v 0.16900 0.04948 -0.11700
v 0.16900 0.04948 -0.14300
v 0.13100 0.04948 -0.11700
v 0.13100 0.04948 -0.11700
v 0.16900 0.07200 -0.10400
v 0.16900 0.04948 -0.11700
v 0.13100 0.07200 -0.10400
v 0.13100 0.07200 -0.10400
v 0.16900 0.09452 -0.11700
v 0.16900 0.07200 -0.10400
v 0.13100 0.09452 -0.11700
v 0.16900 0.04948 -0.11700
v 0.16900 0.07200 -0.15600
v 0.16900 0.04948 -0.14300
v 0.16900 0.09452 -0.11700
v 0.16900 0.07200 -0.10400
v 0.16900 0.09452 -0.14300
v 0.13100 0.09452 -0.11700
v 0.16900 0.09452 -0.14300
v 0.16900 0.09452 -0.11700
v 0.13100 0.09452 -0.14300
v 0.13100 0.09452 -0.14300
v 0.16900 0.07200 -0.15600
v 0.16900 0.09452 -0.14300
v 0.13100 0.07200 -0.15600
v 0.13100 0.09452 -0.14300
v 0.13100 0.04948 -0.14300
v 0.13100 0.07200 -0.15600
v 0.13100 0.07200 -0.10400
v 0.13100 0.09452 -0.11700
v 0.13100 0.04948 -0.11700
v 0.11600 0.09400 0.18000
v -0.11600 0.11600 0.18000
v 0.11600 0.11600 0.18000
v -0.11600 0.09400 0.18000
v 0.12000 0.09400 0.14400
v 0.12000 0.11600 0.17600
v 0.12000 0.11600 0.14400
v 0.12000 0.09400 0.17600
v 0.11600 0.12000 0.14400
v -0.11600 0.12000 0.17600
v -0.11600 0.12000 0.14400
v 0.11600 0.12000 0.17600
v -0.12000 0.09400 0.17600
v -0.12000 0.11600 0.14400
v -0.12000 0.11600 0.17600
v -0.12000 0.09400 0.14400
v -0.11600 0.09400 0.14000
v 0.11600 0.11600 0.14000
v -0.11600 0.11600 0.14000
v 0.11600 0.09400 0.14000
v -0.11600 0.09000 0.17600
v -0.12000 0.09400 0.17600
v -0.11600 0.09400 0.18000
v -0.11600 0.11600 0.18000
v -0.12000 0.11600 0.17600
v -0.11600 0.12000 0.17600
v -0.11600 0.09000 0.14400
v -0.11600 0.09400 0.14000
v -0.12000 0.09400 0.14400
v -0.11600 0.12000 0.14400
v -0.12000 0.11600 0.14400
v -0.11600 0.11600 0.14000
v 0.11600 0.09000 0.17600
v 0.11600 0.09400 0.18000
v 0.12000 0.09400 0.17600
v 0.11600 0.12000 0.17600
v 0.12000 0.11600 0.17600
v 0.11600 0.11600 0.18000
v 0.11600 0.09000 0.14400
v 0.12000 0.09400 0.14400
v 0.11600 0.09400 0.14000
v 0.11600 0.12000 0.14400
v 0.11600 0.11600 0.14000
v 0.12000 0.11600 0.14400
v -0.11600 0.09000 0.14400
v -0.12000 0.09400 0.17600
v -0.11600 0.09000 0.17600
v -0.12000 0.09400 0.14400
v -0.11600 0.09400 0.18000
v -0.12000 0.11600 0.17600
v -0.11600 0.11600 0.18000
v -0.12000 0.09400 0.17600
v -0.11600 0.12000 0.17600
v -0.12000 0.11600 0.14400
v -0.11600 0.12000 0.14400
v -0.12000 0.11600 0.17600
v -0.11600 0.11600 0.14000
v -0.12000 0.09400 0.14400
v -0.11600 0.09400 0.14000
v -0.12000 0.11600 0.14400
v 0.11600 0.09000 0.14400
v -0.11600 0.09400 0.14000
v -0.11600 0.09000 0.14400
v 0.11600 0.09400 0.14000
v -0.11600 0.12000 0.14400
v 0.11600 0.11600 0.14000
v 0.11600 0.12000 0.14400
v -0.11600 0.11600 0.14000
v 0.12000 0.11600 0.14400
v 0.11600 0.09400 0.14000
v 0.12000 0.09400 0.14400
v 0.11600 0.11600 0.14000
v 0.11600 0.09000 0.17600
v 0.12000 0.09400 0.14400
v 0.11600 0.09000 0.14400
v 0.12000 0.09400 0.17600
v 0.11600 0.12000 0.14400
v 0.12000 0.11600 0.17600
v 0.11600 0.12000 0.17600
v 0.12000 0.11600 0.14400
v 0.11600 0.11600 0.18000
v 0.12000 0.09400 0.17600
v 0.11600 0.09400 0.18000
v 0.12000 0.11600 0.17600
v -0.11600 0.09000 0.17600
v 0.11600 0.09400 0.18000
v 0.11600 0.09000 0.17600
v -0.11600 0.09400 0.18000
v 0.11600 0.12000 0.17600
v -0.11600 0.11600 0.18000
v -0.11600 0.12000 0.17600
v 0.11600 0.11600 0.18000
v -0.11600 0.09000 0.14400
v 0.11600 0.09000 0.17600
v 0.11600 0.09000 0.14400
v -0.11600 0.09000 0.17600
v 0.11600 0.09400 0.02000
v -0.11600 0.11600 0.02000
v 0.11600 0.11600 0.02000
v -0.11600 0.09400 0.02000
v 0.12000 0.09400 -0.01600
v 0.12000 0.11600 0.01600
v 0.12000 0.11600 -0.01600
v 0.12000 0.09400 0.01600
v 0.11600 0.12000 -0.01600
v -0.11600 0.12000 0.01600
v -0.11600 0.12000 -0.01600
v 0.11600 0.12000 0.01600
v -0.12000 0.09400 0.01600
v -0.12000 0.11600 -0.01600
v -0.12000 0.11600 0.01600
v -0.12000 0.09400 -0.01600
v -0.11600 0.09400 -0.02000
v 0.11600 0.11600 -0.02000
v -0.11600 0.11600 -0.02000
v 0.11600 0.09400 -0.02000
v -0.11600 0.09000 0.01600
v -0.12000 0.09400 0.01600
v -0.11600 0.09400 0.02000
v -0.11600 0.11600 0.02000
v -0.12000 0.11600 0.01600
v -0.11600 0.12000 0.01600
v -0.11600 0.09000 -0.01600
v -0.11600 0.09400 -0.02000
v -0.12000 0.09400 -0.01600
v -0.11600 0.12000 -0.01600
v -0.12000 0.11600 -0.01600
v -0.11600 0.11600 -0.02000
v 0.11600 0.09000 0.01600
v 0.11600 0.09400 0.02000
v 0.12000 0.09400 0.01600
v 0.11600 0.12000 0.01600
v 0.12000 0.11600 0.01600
v 0.11600 0.11600 0.02000
v 0.11600 0.09000 -0.01600
v 0.12000 0.09400 -0.01600
v 0.11600 0.09400 -0.02000
v 0.11600 0.12000 -0.01600
v 0.11600 0.11600 -0.02000
v 0.12000 0.11600 -0.01600
v -0.11600 0.09000 -0.01600
v -0.12000 0.09400 0.01600
v -0.11600 0.09000 0.01600
v -0.12000 0.09400 -0.01600
v -0.11600 0.09400 0.02000
v -0.12000 0.11600 0.01600
v -0.11600 0.11600 0.02000
v -0.12000 0.09400 0.01600
v -0.11600 0.12000 0.01600
v -0.12000 0.11600 -0.01600
v -0.11600 0.12000 -0.01600
v -0.12000 0.11600 0.01600
v -0.11600 0.11600 -0.02000
v -0.12000 0.09400 -0.01600
v -0.11600 0.09400 -0.02000
v -0.12000 0.11600 -0.01600
v 0.11600 0.09000 -0.01600
v -0.11600 0.09400 -0.02000
v -0.11600 0.09000 -0.01600
v 0.11600 0.09400 -0.02000
v -0.11600 0.12000 -0.01600
v 0.11600 0.11600 -0.02000
v 0.11600 0.12000 -0.01600
v -0.11600 0.11600 -0.02000
v 0.12000 0.11600 -0.01600
v 0.11600 0.09400 -0.02000
v 0.12000 0.09400 -0.01600
v 0.11600 0.11600 -0.02000
v 0.11600 0.09000 0.01600
v 0.12000 0.09400 -0.01600
v 0.11600 0.09000 -0.01600
v 0.12000 0.09400 0.01600
v 0.11600 0.12000 -0.01600
v 0.12000 0.11600 0.01600
v 0.11600 0.12000 0.01600
v 0.12000 0.11600 -0.01600
v 0.11600 0.11600 0.02000
v 0.12000 0.09400 0.01600
v 0.11600 0.09400 0.02000
v 0.12000 0.11600 0.01600
v -0.11600 0.09000 0.01600
v 0.11600 0.09400 0.02000
v 0.11600 0.09000 0.01600
v -0.11600 0.09400 0.02000
v 0.11600 0.12000 0.01600
v -0.11600 0.11600 0.02000
v -0.11600 0.12000 0.01600
v 0.11600 0.11600 0.02000
v -0.11600 0.09000 -0.01600
v 0.11600 0.09000 0.01600
v 0.11600 0.09000 -0.01600
v -0.11600 0.09000 0.01600
v 0.11600 0.09400 -0.14000
v -0.11600 0.11600 -0.14000
v 0.11600 0.11600 -0.14000
v -0.11600 0.09400 -0.14000
v 0.12000 0.09400 -0.17600
v 0.12000 0.11600 -0.14400
v 0.12000 0.11600 -0.17600
v 0.12000 0.09400 -0.14400
v 0.11600 0.12000 -0.17600
v -0.11600 0.12000 -0.14400
v -0.11600 0.12000 -0.17600
v 0.11600 0.12000 -0.14400
v -0.12000 0.09400 -0.14400
v -0.12000 0.11600 -0.17600
v -0.12000 0.11600 -0.14400
v -0.12000 0.09400 -0.17600
v -0.11600 0.09400 -0.18000
v 0.11600 0.11600 -0.18000
v -0.11600 0.11600 -0.18000
v 0.11600 0.09400 -0.18000
v -0.11600 0.09000 -0.14400
v -0.12000 0.09400 -0.14400
v -0.11600 0.09400 -0.14000
v -0.11600 0.11600 -0.14000
v -0.12000 0.11600 -0.14400
v -0.11600 0.12000 -0.14400
v -0.11600 0.09000 -0.17600
v -0.11600 0.09400 -0.18000
v -0.12000 0.09400 -0.17600
v -0.11600 0.12000 -0.17600
v -0.12000 0.11600 -0.17600
v -0.11600 0.11600 -0.18000
v 0.11600 0.09000 -0.14400
v 0.11600 0.09400 -0.14000
v 0.12000 0.09400 -0.14400
v 0.11600 0.12000 -0.14400
v 0.12000 0.11600 -0.14400
v 0.11600 0.11600 -0.14000
v 0.11600 0.09000 -0.17600
v 0.12000 0.09400 -0.17600
v 0.11600 0.09400 -0.18000
v 0.11600 0.12000 -0.17600
v 0.11600 0.11600 -0.18000
v 0.12000 0.11600 -0.17600
v -0.11600 0.09000 -0.17600
v -0.12000 0.09400 -0.14400
v -0.11600 0.09000 -0.14400
v -0.12000 0.09400 -0.17600
v -0.11600 0.09400 -0.14000
v -0.12000 0.11600 -0.14400
v -0.11600 0.11600 -0.14000
v -0.12000 0.09400 -0.14400
v -0.11600 0.12000 -0.14400
v -0.12000 0.11600 -0.17600
v -0.11600 0.12000 -0.17600
v -0.12000 0.11600 -0.14400
v -0.11600 0.11600 -0.18000
v -0.12000 0.09400 -0.17600
v -0.11600 0.09400 -0.18000
v -0.12000 0.11600 -0.17600
v 0.11600 0.09000 -0.17600
v -0.11600 0.09400 -0.18000
v -0.11600 0.09000 -0.17600
v 0.11600 0.09400 -0.18000
v -0.11600 0.12000 -0.17600
v 0.11600 0.11600 -0.18000
v 0.11600 0.12000 -0.17600
v -0.11600 0.11600 -0.18000
v 0.12000 0.11600 -0.17600
v 0.11600 0.09400 -0.18000
v 0.12000 0.09400 -0.17600
v 0.11600 0.11600 -0.18000
v 0.11600 0.09000 -0.14400
v 0.12000 0.09400 -0.17600
v 0.11600 0.09000 -0.17600
v 0.12000 0.09400 -0.14400
v 0.11600 0.12000 -0.17600
v 0.12000 0.11600 -0.14400
v 0.11600 0.12000 -0.14400
v 0.12000 0.11600 -0.17600
v 0.11600 0.11600 -0.14000
v 0.12000 0.09400 -0.14400
v 0.11600 0.09400 -0.14000
v 0.12000 0.11600 -0.14400
v -0.11600 0.09000 -0.14400
v 0.11600 0.09400 -0.14000
v 0.11600 0.09000 -0.14400
v -0.11600 0.09400 -0.14000
v 0.11600 0.12000 -0.14400
v -0.11600 0.11600 -0.14000
v -0.11600 0.12000 -0.14400
v 0.11600 0.11600 -0.14000
v -0.11600 0.09000 -0.17600
v 0.11600 0.09000 -0.14400
v 0.11600 0.09000 -0.17600
v -0.11600 0.09000 -0.14400
v -0.12000 0.26000 -0.00500
v -0.12000 0.29000 -0.03500
v -0.12000 0.29000 -0.00500
v -0.12000 0.26000 -0.03500
v -0.12000 0.26000 -0.03500
v 0.12000 0.29000 -0.03500
v -0.12000 0.29000 -0.03500
v 0.12000 0.26000 -0.03500
v 0.12000 0.26000 -0.03500
v 0.12000 0.29000 -0.00500
v 0.12000 0.29000 -0.03500
v 0.12000 0.26000 -0.00500
v 0.12000 0.26000 -0.00500
v -0.12000 0.29000 -0.00500
v 0.12000 0.29000 -0.00500
v -0.12000 0.26000 -0.00500
v -0.12000 0.26000 -0.03500
v 0.12000 0.26000 -0.00500
v 0.12000 0.26000 -0.03500
v -0.12000 0.26000 -0.00500
v 0.12000 0.29000 -0.03500
v -0.12000 0.29000 -0.00500
v -0.12000 0.29000 -0.03500
v 0.12000 0.29000 -0.00500
v 0.10000 0.10000 -0.17300
v 0.09394 0.36000 -0.17650
v 0.10000 0.36000 -0.17300
v 0.09394 0.10000 -0.17650
v 0.09394 0.10000 -0.17650
v 0.09394 0.36000 -0.18350
v 0.09394 0.36000 -0.17650
v 0.09394 0.10000 -0.18350
v 0.09394 0.10000 -0.18350
v 0.10000 0.36000 -0.18700
v 0.09394 0.36000 -0.18350
v 0.10000 0.10000 -0.18700
v 0.10000 0.10000 -0.18700
v 0.10606 0.36000 -0.18350
v 0.10000 0.36000 -0.18700
v 0.10606 0.10000 -0.18350
v 0.09394 0.36000 -0.18350
v 0.10000 0.36000 -0.17300
v 0.09394 0.36000 -0.17650
v 0.10606 0.36000 -0.18350
v 0.10000 0.36000 -0.18700
v 0.10606 0.36000 -0.17650
v 0.10606 0.10000 -0.18350
v 0.10606 0.36000 -0.17650
v 0.10606 0.36000 -0.18350
v 0.10606 0.10000 -0.17650
v 0.10606 0.10000 -0.17650
v 0.10000 0.36000 -0.17300
v 0.10606 0.36000 -0.17650
v 0.10000 0.10000 -0.17300
v 0.10606 0.10000 -0.17650
v 0.09394 0.10000 -0.17650
v 0.10000 0.10000 -0.17300
v 0.10000 0.10000 -0.18700
v 0.10606 0.10000 -0.18350
v 0.09394 0.10000 -0.18350
vn 0.0000 -0.5000 -0.8660
vn 0.0000 -0.5000 -0.8660
vn 0.0000 -0.5000 -0.8660
vn 0.0000 -0.5000 -0.8660
vn 0.0000 -1.0000 -0.0000
vn 0.0000 -1.0000 -0.0000
vn 0.0000 -1.0000 -0.0000
vn 0.0000 -1.0000 -0.0000
vn -0.0000 -0.5000 0.8660
vn -0.0000 -0.5000 0.8660
vn -0.0000 -0.5000 0.8660
vn -0.0000 -0.5000 0.8660
vn -0.0000 0.5000 0.8660
vn -0.0000 0.5000 0.8660
vn -0.0000 0.5000 0.8660
vn -0.0000 0.5000 0.8660
vn 1.0000 0.0000 -0.0000
vn 1.0000 0.0000 -0.0000
vn 1.0000 0.0000 -0.0000
vn 1.0000 0.0000 -0.0000
vn 1.0000 0.0000 -0.0000
vn 1.0000 0.0000 -0.0000
vn 0.0000 1.0000 -0.0000
vn 0.0000 1.0000 -0.0000
vn 0.0000 1.0000 -0.0000
vn 0.0000 1.0000 -0.0000
vn 0.0000 0.5000 -0.8660
vn 0.0000 0.5000 -0.8660
vn 0.0000 0.5000 -0.8660
vn 0.0000 0.5000 -0.8660
vn -1.0000 0.0000 -0.0000
vn -1.0000 0.0000 -0.0000
vn -1.0000 0.0000 -0.0000
vn -1.0000 0.0000 -0.0000
vn -1.0000 0.0000 -0.0000
vn -1.0000 0.0000 -0.0000
vn 0.0000 -0.5000 -0.8660
vn 0.0000 -0.5000 -0.8660
vn 0.0000 -0.5000 -0.8660
vn 0.0000 -0.5000 -0.8660
vn 0.0000 -1.0000 -0.0000
vn 0.0000 -1.0000 -0.0000
vn 0.0000 -1.0000 -0.0000
vn 0.0000 -1.0000 -0.0000
vn -0.0000 -0.5000 0.8660
vn -0.0000 -0.5000 0.8660
vn -0.0000 -0.5000 0.8660
vn -0.0000 -0.5000 0.8660
vn -0.0000 0.5000 0.8660
vn -0.0000 0.5000 0.8660
vn -0.0000 0.5000 0.8660
vn -0.0000 0.5000 0.8660
vn 1.0000 0.0000 -0.0000
vn 1.0000 0.0000 -0.0000
vn 1.0000 0.0000 -0.0000
vn 1.0000 0.0000 -0.0000
vn 1.0000 0.0000 -0.0000
vn 1.0000 0.0000 -0.0000
vn 0.0000 1.0000 -0.0000
vn 0.0000 1.0000 -0.0000
vn 0.0000 1.0000 -0.0000
vn 0.0000 1.0000 -0.0000
vn 0.0000 0.5000 -0.8660
vn 0.0000 0.5000 -0.8660
vn 0.0000 0.5000 -0.8660
vn 0.0000 0.5000 -0.8660
vn -1.0000 0.0000 -0.0000
vn -1.0000 0.0000 -0.0000
vn -1.0000 0.0000 -0.0000
vn -1.0000 0.0000 -0.0000
vn -1.0000 0.0000 -0.0000
vn -1.0000 0.0000 -0.0000
vn 0.0000 -0.5000 -0.8660
vn 0.0000 -0.5000 -0.8660
vn 0.0000 -0.5000 -0.8660
vn 0.0000 -0.5000 -0.8660
vn 0.0000 -1.0000 -0.0000
vn 0.0000 -1.0000 -0.0000
vn 0.0000 -1.0000 -0.0000
vn 0.0000 -1.0000 -0.0000
vn -0.0000 -0.5000 0.8660
vn -0.0000 -0.5000 0.8660
vn -0.0000 -0.5000 0.8660
vn -0.0000 -0.5000 0.8660
vn -0.0000 0.5000 0.8660
vn -0.0000 0.5000 0.8660
vn -0.0000 0.5000 0.8660
vn -0.0000 0.5000 0.8660
vn 1.0000 0.0000 -0.0000
vn 1.0000 0.0000 -0.0000
vn 1.0000 0.0000 -0.0000
vn 1.0000 0.0000 -0.0000
vn 1.0000 0.0000 -0.0000
vn 1.0000 0.0000 -0.0000
vn 0.0000 1.0000 -0.0000
vn 0.0000 1.0000 -0.0000
vn 0.0000 1.0000 -0.0000
vn 0.0000 1.0000 -0.0000
vn 0.0000 0.5000 -0.8660
vn 0.0000 0.5000 -0.8660
vn 0.0000 0.5000 -0.8660
vn 0.0000 0.5000 -0.8660
vn -1.0000 0.0000 -0.0000
vn -1.0000 0.0000 -0.0000
vn -1.0000 0.0000 -0.0000
vn -1.0000 0.0000 -0.0000
vn -1.0000 0.0000 -0.0000
vn -1.0000 0.0000 -0.0000
vn 0.0000 -0.5000 -0.8660
vn 0.0000 -0.5000 -0.8660
vn 0.0000 -0.5000 -0.8660
vn 0.0000 -0.5000 -0.8660
vn 0.0000 -1.0000 -0.0000
vn 0.0000 -1.0000 -0.0000
vn 0.0000 -1.0000 -0.0000
vn 0.0000 -1.0000 -0.0000
vn -0.0000 -0.5000 0.8660
vn -0.0000 -0.5000 0.8660
vn -0.0000 -0.5000 0.8660
vn -0.0000 -0.5000 0.8660
vn -0.0000 0.5000 0.8660
vn -0.0000 0.5000 0.8660
vn -0.0000 0.5000 0.8660
vn -0.0000 0.5000 0.8660
vn 1.0000 0.0000 -0.0000
vn 1.0000 0.0000 -0.0000
vn 1.0000 0.0000 -0.0000
vn 1.0000 0.0000 -0.0000
vn 1.0000 0.0000 -0.0000
vn 1.0000 0.0000 -0.0000
vn 0.0000 1.0000 -0.0000
vn 0.0000 1.0000 -0.0000
vn 0.0000 1.0000 -0.0000
vn 0.0000 1.0000 -0.0000
vn 0.0000 0.5000 -0.8660
vn 0.0000 0.5000 -0.8660
vn 0.0000 0.5000 -0.8660
vn 0.0000 0.5000 -0.8660
vn -1.0000 0.0000 -0.0000
vn -1.0000 0.0000 -0.0000
vn -1.0000 0.0000 -0.0000
vn -1.0000 0.0000 -0.0000
vn -1.0000 0.0000 -0.0000
vn -1.0000 0.0000 -0.0000
vn -0.0000 -0.0000 1.0000
vn -0.0000 -0.0000 1.0000
vn -0.0000 -0.0000 1.0000
vn -0.0000 -0.0000 1.0000
vn 1.0000 0.0000 -0.0000
vn 1.0000 0.0000 -0.0000
vn 1.0000 0.0000 -0.0000
vn 1.0000 0.0000 -0.0000
vn 0.0000 1.0000 -0.0000
vn 0.0000 1.0000 -0.0000
vn 0.0000 1.0000 -0.0000
vn 0.0000 1.0000 -0.0000
vn -1.0000 0.0000 -0.0000
vn -1.0000 0.0000 -0.0000
vn -1.0000 0.0000 -0.0000
vn -1.0000 0.0000 -0.0000
vn 0.0000 0.0000 -1.0000
vn 0.0000 0.0000 -1.0000
vn 0.0000 0.0000 -1.0000
vn 0.0000 0.0000 -1.0000
vn -0.5773 -0.5774 0.5774
vn -0.5773 -0.5774 0.5774
vn -0.5773 -0.5774 0.5774
vn -0.5773 0.5774 0.5774
vn -0.5773 0.5774 0.5774
vn -0.5773 0.5774 0.5774
vn -0.5773 -0.5774 -0.5774
vn -0.5773 -0.5774 -0.5774
vn -0.5773 -0.5774 -0.5774
vn -0.5773 0.5774 -0.5774
vn -0.5773 0.5774 -0.5774
vn -0.5773 0.5774 -0.5774
vn 0.5772 -0.5774 0.5774
vn 0.5772 -0.5774 0.5774
vn 0.5772 -0.5774 0.5774
vn 0.5772 0.5774 0.5775
vn 0.5772 0.5774 0.5775
vn 0.5772 0.5774 0.5775
vn 0.5773 -0.5774 -0.5774
vn 0.5773 -0.5774 -0.5774
vn 0.5773 -0.5774 -0.5774
vn 0.5773 0.5774 -0.5773
vn 0.5773 0.5774 -0.5773
vn 0.5773 0.5774 -0.5773
vn -0.7071 -0.7071 -0.0001
vn -0.7071 -0.7071 -0.0001
vn -0.7071 -0.7071 -0.0001
vn -0.7071 -0.7071 -0.0001
vn -0.7071 -0.0000 0.7071
vn -0.7071 -0.0000 0.7071
vn -0.7071 -0.0000 0.7071
vn -0.7071 -0.0000 0.7071
vn -0.7071 0.7071 -0.0000
vn -0.7071 0.7071 -0.0000
vn -0.7071 0.7071 -0.0000
vn -0.7071 0.7071 -0.0000
vn -0.7071 0.0000 -0.7071
vn -0.7071 0.0000 -0.7071
vn -0.7071 0.0000 -0.7071
vn -0.7071 0.0000 -0.7071
vn 0.0000 -0.7071 -0.7071
vn 0.0000 -0.7071 -0.7071
vn 0.0000 -0.7071 -0.7071
vn 0.0000 -0.7071 -0.7071
vn 0.0000 0.7071 -0.7071
vn 0.0000 0.7071 -0.7071
vn 0.0000 0.7071 -0.7071
vn 0.0000 0.7071 -0.7071
vn 0.7071 0.0000 -0.7071
vn 0.7071 0.0000 -0.7071
vn 0.7071 0.0000 -0.7071
vn 0.7071 0.0000 -0.7071
vn 0.7071 -0.7071 -0.0000
vn 0.7071 -0.7071 -0.0000
vn 0.7071 -0.7071 -0.0000
vn 0.7071 -0.7071 -0.0000
vn 0.7071 0.7071 0.0000
vn 0.7071 0.7071 0.0000
vn 0.7071 0.7071 0.0000
vn 0.7071 0.7071 0.0000
vn 0.7071 -0.0000 0.7071
vn 0.7071 -0.0000 0.7071
vn 0.7071 -0.0000 0.7071
vn 0.7071 -0.0000 0.7071
vn -0.0000 -0.7071 0.7071
vn -0.0000 -0.7071 0.7071
vn -0.0000 -0.7071 0.7071
vn -0.0000 -0.7071 0.7071
vn -0.0000 0.7071 0.7071
vn -0.0000 0.7071 0.7071
vn -0.0000 0.7071 0.7071
vn -0.0000 0.7071 0.7071
vn 0.0000 -1.0000 -0.0000
vn 0.0000 -1.0000 -0.0000
vn 0.0000 -1.0000 -0.0000
vn 0.0000 -1.0000 -0.0000
vn -0.0000 -0.0000 1.0000
vn -0.0000 -0.0000 1.0000
vn -0.0000 -0.0000 1.0000
vn -0.0000 -0.0000 1.0000
vn 1.0000 0.0000 -0.0000
vn 1.0000 0.0000 -0.0000
vn 1.0000 0.0000 -0.0000
vn 1.0000 0.0000 -0.0000
vn 0.0000 1.0000 -0.0000
vn 0.0000 1.0000 -0.0000
vn 0.0000 1.0000 -0.0000
vn 0.0000 1.0000 -0.0000
vn -1.0000 0.0000 -0.0000
vn -1.0000 0.0000 -0.0000
vn -1.0000 0.0000 -0.0000
vn -1.0000 0.0000 -0.0000
vn 0.0000 0.0000 -1.0000
vn 0.0000 0.0000 -1.0000
vn 0.0000 0.0000 -1.0000
vn 0.0000 0.0000 -1.0000
vn -0.5773 -0.5774 0.5774
vn -0.5773 -0.5774 0.5774
vn -0.5773 -0.5774 0.5774
vn -0.5773 0.5774 0.5774
vn -0.5773 0.5774 0.5774
vn -0.5773 0.5774 0.5774
vn -0.5773 -0.5774 -0.5774
vn -0.5773 -0.5774 -0.5774
vn -0.5773 -0.5774 -0.5774
vn -0.5773 0.5774 -0.5774
vn -0.5773 0.5774 -0.5774
vn -0.5773 0.5774 -0.5774
vn 0.5772 -0.5774 0.5774
vn 0.5772 -0.5774 0.5774
vn 0.5772 -0.5774 0.5774
vn 0.5772 0.5774 0.5775
vn 0.5772 0.5774 0.5775
vn 0.5772 0.5774 0.5775
vn 0.5773 -0.5774 -0.5774
vn 0.5773 -0.5774 -0.5774
vn 0.5773 -0.5774 -0.5774
vn 0.5773 0.5774 -0.5773
vn 0.5773 0.5774 -0.5773
vn 0.5773 0.5774 -0.5773
vn -0.7071 -0.7071 -0.0001
vn -0.7071 -0.7071 -0.0001
vn -0.7071 -0.7071 -0.0001
vn -0.7071 -0.7071 -0.0001
vn -0.7071 -0.0000 0.7071
vn -0.7071 -0.0000 0.7071
vn -0.7071 -0.0000 0.7071
vn -0.7071 -0.0000 0.7071
vn -0.7071 0.7071 -0.0000
vn -0.7071 0.7071 -0.0000
vn -0.7071 0.7071 -0.0000
vn -0.7071 0.7071 -0.0000
vn -0.7071 0.0000 -0.7071
vn -0.7071 0.0000 -0.7071
vn -0.7071 0.0000 -0.7071
vn -0.7071 0.0000 -0.7071
vn 0.0000 -0.7071 -0.7071
vn 0.0000 -0.7071 -0.7071
vn 0.0000 -0.7071 -0.7071
vn 0.0000 -0.7071 -0.7071
vn 0.0000 0.7071 -0.7071
vn 0.0000 0.7071 -0.7071
vn 0.0000 0.7071 -0.7071
vn 0.0000 0.7071 -0.7071
vn 0.7071 0.0000 -0.7071
vn 0.7071 0.0000 -0.7071
vn 0.7071 0.0000 -0.7071
vn 0.7071 0.0000 -0.7071
vn 0.7071 -0.7071 -0.0000
vn 0.7071 -0.7071 -0.0000
vn 0.7071 -0.7071 -0.0000
vn 0.7071 -0.7071 -0.0000
vn 0.7071 0.7071 0.0000
vn 0.7071 0.7071 0.0000
vn 0.7071 0.7071 0.0000
vn 0.7071 0.7071 0.0000
vn 0.7071 -0.0000 0.7071
vn 0.7071 -0.0000 0.7071
vn 0.7071 -0.0000 0.7071
vn 0.7071 -0.0000 0.7071
vn -0.0000 -0.7071 0.7071
vn -0.0000 -0.7071 0.7071
vn -0.0000 -0.7071 0.7071
vn -0.0000 -0.7071 0.7071
vn -0.0000 0.7071 0.7071
vn -0.0000 0.7071 0.7071
vn -0.0000 0.7071 0.7071
vn -0.0000 0.7071 0.7071
vn 0.0000 -1.0000 -0.0000
vn 0.0000 -1.0000 -0.0000
vn 0.0000 -1.0000 -0.0000
vn 0.0000 -1.0000 -0.0000
vn -0.0000 -0.0000 1.0000
vn -0.0000 -0.0000 1.0000
vn -0.0000 -0.0000 1.0000
vn -0.0000 -0.0000 1.0000
vn 1.0000 0.0000 -0.0000
vn 1.0000 0.0000 -0.0000
vn 1.0000 0.0000 -0.0000
vn 1.0000 0.0000 -0.0000
vn 0.0000 1.0000 -0.0000
vn 0.0000 1.0000 -0.0000
vn 0.0000 1.0000 -0.0000
vn 0.0000 1.0000 -0.0000
vn -1.0000 0.0000 -0.0000
vn -1.0000 0.0000 -0.0000
vn -1.0000 0.0000 -0.0000
vn -1.0000 0.0000 -0.0000
vn 0.0000 0.0000 -1.0000
vn 0.0000 0.0000 -1.0000
vn 0.0000 0.0000 -1.0000
vn 0.0000 0.0000 -1.0000
vn -0.5773 -0.5774 0.5774
vn -0.5773 -0.5774 0.5774
vn -0.5773 -0.5774 0.5774
vn -0.5773 0.5774 0.5774
vn -0.5773 0.5774 0.5774
vn -0.5773 0.5774 0.5774
vn -0.5773 -0.5774 -0.5774
vn -0.5773 -0.5774 -0.5774
vn -0.5773 -0.5774 -0.5774
vn -0.5773 0.5774 -0.5774
vn -0.5773 0.5774 -0.5774
vn -0.5773 0.5774 -0.5774
vn 0.5772 -0.5774 0.5774
vn 0.5772 -0.5774 0.5774
vn 0.5772 -0.5774 0.5774
vn 0.5772 0.5774 0.5775
vn 0.5772 0.5774 0.5775
vn 0.5772 0.5774 0.5775
vn 0.5773 -0.5774 -0.5774
vn 0.5773 -0.5774 -0.5774
vn 0.5773 -0.5774 -0.5774
vn 0.5773 0.5774 -0.5773
vn 0.5773 0.5774 -0.5773
vn 0.5773 0.5774 -0.5773
vn -0.7071 -0.7071 -0.0001
vn -0.7071 -0.7071 -0.0001
vn -0.7071 -0.7071 -0.0001
vn -0.7071 -0.7071 -0.0001
vn -0.7071 -0.0000 0.7071
vn -0.7071 -0.0000 0.7071
vn -0.7071 -0.0000 0.7071
vn -0.7071 -0.0000 0.7071
vn -0.7071 0.7071 -0.0000
vn -0.7071 0.7071 -0.0000
vn -0.7071 0.7071 -0.0000
vn -0.7071 0.7071 -0.0000
vn -0.7071 0.0000 -0.7071
vn -0.7071 0.0000 -0.7071
vn -0.7071 0.0000 -0.7071
vn -0.7071 0.0000 -0.7071
vn 0.0000 -0.7071 -0.7071
vn 0.0000 -0.7071 -0.7071
vn 0.0000 -0.7071 -0.7071
vn 0.0000 -0.7071 -0.7071
vn 0.0000 0.7071 -0.7071
vn 0.0000 0.7071 -0.7071
vn 0.0000 0.7071 -0.7071
vn 0.0000 0.7071 -0.7071
vn 0.7071 0.0000 -0.7071
vn 0.7071 0.0000 -0.7071
vn 0.7071 0.0000 -0.7071
vn 0.7071 0.0000 -0.7071
vn 0.7071 -0.7071 -0.0000
vn 0.7071 -0.7071 -0.0000
vn 0.7071 -0.7071 -0.0000
vn 0.7071 -0.7071 -0.0000
vn 0.7071 0.7071 0.0000
vn 0.7071 0.7071 0.0000
vn 0.7071 0.7071 0.0000
vn 0.7071 0.7071 0.0000
vn 0.7071 -0.0000 0.7071
vn 0.7071 -0.0000 0.7071
vn 0.7071 -0.0000 0.7071
vn 0.7071 -0.0000 0.7071
vn -0.0000 -0.7071 0.7071
vn -0.0000 -0.7071 0.7071
vn -0.0000 -0.7071 0.7071
vn -0.0000 -0.7071 0.7071
vn -0.0000 0.7071 0.7071
vn -0.0000 0.7071 0.7071
vn -0.0000 0.7071 0.7071
vn -0.0000 0.7071 0.7071
vn 0.0000 -1.0000 -0.0000
vn 0.0000 -1.0000 -0.0000
vn 0.0000 -1.0000 -0.0000
vn 0.0000 -1.0000 -0.0000
vn -1.0000 0.0000 -0.0000
vn -1.0000 0.0000 -0.0000
vn -1.0000 0.0000 -0.0000
vn -1.0000 0.0000 -0.0000
vn 0.0000 0.0000 -1.0000
vn 0.0000 0.0000 -1.0000
vn 0.0000 0.0000 -1.0000
vn 0.0000 0.0000 -1.0000
vn 1.0000 0.0000 -0.0000
vn 1.0000 0.0000 -0.0000
vn 1.0000 0.0000 -0.0000
vn 1.0000 0.0000 -0.0000
vn -0.0000 -0.0000 1.0000
vn -0.0000 -0.0000 1.0000
vn -0.0000 -0.0000 1.0000
vn -0.0000 -0.0000 1.0000
vn 0.0000 -1.0000 -0.0000
vn 0.0000 -1.0000 -0.0000
vn 0.0000 -1.0000 -0.0000
vn 0.0000 -1.0000 -0.0000
vn 0.0000 1.0000 -0.0000
vn 0.0000 1.0000 -0.0000
vn 0.0000 1.0000 -0.0000
vn 0.0000 1.0000 -0.0000
vn -0.5000 -0.0000 0.8660
vn -0.5000 -0.0000 0.8660
vn -0.5000 -0.0000 0.8660
vn -0.5000 -0.0000 0.8660
vn -1.0000 0.0000 -0.0000
vn -1.0000 0.0000 -0.0000
vn -1.0000 0.0000 -0.0000
vn -1.0000 0.0000 -0.0000
vn -0.5000 0.0000 -0.8660
vn -0.5000 0.0000 -0.8660
vn -0.5000 0.0000 -0.8660
vn -0.5000 0.0000 -0.8660
vn 0.5000 0.0000 -0.8660
vn 0.5000 0.0000 -0.8660
vn 0.5000 0.0000 -0.8660
vn 0.5000 0.0000 -0.8660
vn 0.0000 1.0000 -0.0000
vn 0.0000 1.0000 -0.0000
vn 0.0000 1.0000 -0.0000
vn 0.0000 1.0000 -0.0000
vn 0.0000 1.0000 -0.0000
vn 0.0000 1.0000 -0.0000
vn 1.0000 0.0000 -0.0000
vn 1.0000 0.0000 -0.0000
vn 1.0000 0.0000 -0.0000
vn 1.0000 0.0000 -0.0000
vn 0.5000 -0.0000 0.8660
vn 0.5000 -0.0000 0.8660
vn 0.5000 -0.0000 0.8660
vn 0.5000 -0.0000 0.8660
vn 0.0000 -1.0000 -0.0000
vn 0.0000 -1.0000 -0.0000
vn 0.0000 -1.0000 -0.0000
vn 0.0000 -1.0000 -0.0000
vn 0.0000 -1.0000 -0.0000
vn 0.0000 -1.0000 -0.0000
f 733//733 735//735 734//734
f 733//733 734//734 736//736
f 737//737 739//739 738//738
f 737//737 738//738 740//740
f 741//741 743//743 742//742
f 741//741 742//742 744//744
f 745//745 747//747 746//746
f 745//745 746//746 748//748
f 749//749 751//751 750//750
f 750//750 752//752 749//749
f 752//752 753//753 749//749
f 750//750 754//754 752//752
f 755//755 757//757 756//756
f 755//755 756//756 758//758
f 759//759 761//761 760//760
f 759//759 760//760 762//762
f 763//763 765//765 764//764
f 764//764 766//766 763//763
f 766//766 767//767 763//763
f 764//764 768//768 766//766
f 769//769 771//771 770//770
f 769//769 770//770 772//772
f 773//773 775//775 774//774
f 773//773 774//774 776//776
f 777//777 779//779 778//778
f 777//777 778//778 780//780
f 781//781 783//783 782//782
f 781//781 782//782 784//784
f 785//785 787//787 786//786
f 786//786 788//788 785//785
f 788//788 789//789 785//785
f 786//786 790//790 788//788
f 791//791 793//793 792//792
f 791//791 792//792 794//794
f 795//795 797//797 796//796
f 795//795 796//796 798//798
f 799//799 801//801 800//800
f 800//800 802//802 799//799
f 802//802 803//803 799//799
f 800//800 804//804 802//802
f 805//805 807//807 806//806
f 805//805 806//806 808//808
f 809//809 811//811 810//810
f 809//809 810//810 812//812
f 813//813 815//815 814//814
f 813//813 814//814 816//816
f 817//817 819//819 818//818
f 817//817 818//818 820//820
f 821//821 823//823 822//822
f 822//822 824//824 821//821
f 824//824 825//825 821//821
f 822//822 826//826 824//824
f 827//827 829//829 828//828
f 827//827 828//828 830//830
f 831//831 833//833 832//832
f 831//831 832//832 834//834
f 835//835 837//837 836//836
f 836//836 838//838 835//835
f 838//838 839//839 835//835
f 836//836 840//840 838//838
f 841//841 843//843 842//842
f 841//841 842//842 844//844
f 845//845 847//847 846//846
f 845//845 846//846 848//848
f 849//849 851//851 850//850
f 849//849 850//850 852//852
f 853//853 855//855 854//854
f 853//853 854//854 856//856
f 857//857 859//859 858//858
f 858//858 860//860 857//857
f 860//860 861//861 857//857
f 858//858 862//862 860//860
f 863//863 865//865 864//864
f 863//863 864//864 866//866
f 867//867 869//869 868//868
f 867//867 868//868 870//870
f 871//871 873//873 872//872
f 872//872 874//874 871//871
f 874//874 875//875 871//871
f 872//872 876//876 874//874
f 877//877 879//879 878//878
f 877//877 878//878 880//880
f 881//881 883//883 882//882
f 881//881 882//882 884//884
f 885//885 887//887 886//886
f 885//885 886//886 888//888
f 889//889 891//891 890//890
f 889//889 890//890 892//892
f 893//893 895//895 894//894
f 893//893 894//894 896//896
f 897//897 899//899 898//898
f 900//900 902//902 901//901
f 903//903 905//905 904//904
f 906//906 908//908 907//907
f 909//909 911//911 910//910
f 912//912 914//914 913//913
f 915//915 917//917 916//916
f 918//918 920//920 919//919
f 921//921 923//923 922//922
f 921//921 922//922 924//924
f 925//925 927//927 926//926
f 925//925 926//926 928//928
f 929//929 931//931 930//930
f 929//929 930//930 932//932
f 933//933 935//935 934//934
f 933//933 934//934 936//936
f 937//937 939//939 938//938
f 937//937 938//938 940//940
f 941//941 943//943 942//942
f 941//941 942//942 944//944
f 945//945 947//947 946//946
f 945//945 946//946 948//948
f 949//949 951//951 950//950
f 949//949 950//950 952//952
f 953//953 955//955 954//954
f 953//953 954//954 956//956
f 957//957 959//959 958//958
f 957//957 958//958 960//960
f 961//961 963//963 962//962
f 961//961 962//962 964//964
f 965//965 967//967 966//966
f 965//965 966//966 968//968
f 969//969 971//971 970//970
f 969//969 970//970 972//972
f 973//973 975//975 974//974
f 973//973 974//974 976//976
f 977//977 979//979 978//978
f 977//977 978//978 980//980
f 981//981 983//983 982//982
f 981//981 982//982 984//984
f 985//985 987//987 986//986
f 985//985 986//986 988//988
f 989//989 991//991 990//990
f 989//989 990//990 992//992
f 993//993 995//995 994//994
f 996//996 998//998 997//997
f 999//999 1001//1001 1000//1000
f 1002//1002 1004//1004 1003//1003
f 1005//1005 1007//1007 1006//1006
f 1008//1008 1010//1010 1009//1009
f 1011//1011 1013//1013 1012//1012
f 1014//1014 1016//1016 1015//1015
f 1017//1017 1019//1019 1018//1018
f 1017//1017 1018//1018 1020//1020
f 1021//1021 1023//1023 1022//1022
f 1021//1021 1022//1022 1024//1024
f 1025//1025 1027//1027 1026//1026
f 1025//1025 1026//1026 1028//1028
f 1029//1029 1031//1031 1030//1030
f 1029//1029 1030//1030 1032//1032
f 1033//1033 1035//1035 1034//1034
f 1033//1033 1034//1034 1036//1036
f 1037//1037 1039//1039 1038//1038
f 1037//1037 1038//1038 1040//1040
f 1041//1041 1043//1043 1042//1042
f 1041//1041 1042//1042 1044//1044
f 1045//1045 1047//1047 1046//1046
f 1045//1045 1046//1046 1048//1048
f 1049//1049 1051//1051 1050//1050
f 1049//1049 1050//1050 1052//1052
f 1053//1053 1055//1055 1054//1054
f 1053//1053 1054//1054 1056//1056
f 1057//1057 1059//1059 1058//1058
f 1057//1057 1058//1058 1060//1060
f 1061//1061 1063//1063 1062//1062
f 1061//1061 1062//1062 1064//1064
f 1065//1065 1067//1067 1066//1066
f 1065//1065 1066//1066 1068//1068
f 1069//1069 1071//1071 1070//1070
f 1069//1069 1070//1070 1072//1072
f 1073//1073 1075//1075 1074//1074
f 1073//1073 1074//1074 1076//1076
f 1077//1077 1079//1079 1078//1078
f 1077//1077 1078//1078 1080//1080
f 1081//1081 1083//1083 1082//1082
f 1081//1081 1082//1082 1084//1084
f 1085//1085 1087//1087 1086//1086
f 1085//1085 1086//1086 1088//1088
f 1089//1089 1091//1091 1090//1090
f 1092//1092 1094//1094 1093//1093
f 1095//1095 1097//1097 1096//1096
f 1098//1098 1100//1100 1099//1099
f 1101//1101 1103//1103 1102//1102
f 1104//1104 1106//1106 1105//1105
f 1107//1107 1109//1109 1108//1108
f 1110//1110 1112//1112 1111//1111
f 1113//1113 1115//1115 1114//1114
f 1113//1113 1114//1114 1116//1116
f 1117//1117 1119//1119 1118//1118
f 1117//1117 1118//1118 1120//1120
f 1121//1121 1123//1123 1122//1122
f 1121//1121 1122//1122 1124//1124
f 1125//1125 1127//1127 1126//1126
f 1125//1125 1126//1126 1128//1128
f 1129//1129 1131//1131 1130//1130
f 1129//1129 1130//1130 1132//1132
f 1133//1133 1135//1135 1134//1134
f 1133//1133 1134//1134 1136//1136
f 1137//1137 1139//1139 1138//1138
f 1137//1137 1138//1138 1140//1140
f 1141//1141 1143//1143 1142//1142
f 1141//1141 1142//1142 1144//1144
f 1145//1145 1147//1147 1146//1146
f 1145//1145 1146//1146 1148//1148
f 1149//1149 1151//1151 1150//1150
f 1149//1149 1150//1150 1152//1152
f 1153//1153 1155//1155 1154//1154
f 1153//1153 1154//1154 1156//1156
f 1157//1157 1159//1159 1158//1158
f 1157//1157 1158//1158 1160//1160
f 1161//1161 1163//1163 1162//1162
f 1161//1161 1162//1162 1164//1164
f 1165//1165 1167//1167 1166//1166
f 1165//1165 1166//1166 1168//1168
f 1169//1169 1171//1171 1170//1170
f 1169//1169 1170//1170 1172//1172
f 1173//1173 1175//1175 1174//1174
f 1173//1173 1174//1174 1176//1176
f 1177//1177 1179//1179 1178//1178
f 1177//1177 1178//1178 1180//1180
f 1181//1181 1183//1183 1182//1182
f 1181//1181 1182//1182 1184//1184
f 1185//1185 1187//1187 1186//1186
f 1185//1185 1186//1186 1188//1188
f 1189//1189 1191//1191 1190//1190
f 1189//1189 1190//1190 1192//1192
f 1193//1193 1195//1195 1194//1194
f 1193//1193 1194//1194 1196//1196
f 1197//1197 1199//1199 1198//1198
f 1197//1197 1198//1198 1200//1200
f 1201//1201 1203//1203 1202//1202
f 1201//1201 1202//1202 1204//1204
f 1205//1205 1207//1207 1206//1206
f 1206//1206 1208//1208 1205//1205
f 1208//1208 1209//1209 1205//1205
f 1206//1206 1210//1210 1208//1208
f 1211//1211 1213//1213 1212//1212
f 1211//1211 1212//1212 1214//1214
f 1215//1215 1217//1217 1216//1216
f 1215//1215 1216//1216 1218//1218
f 1219//1219 1221//1221 1220//1220
f 1220//1220 1222//1222 1219//1219
f 1222//1222 1223//1223 1219//1219
f 1220//1220 1224//1224 1222//1222
g body_stone_dark
usemtl stone_dark
v 0.04000 0.12000 0.20000
v -0.04000 0.16000 0.20000
v 0.04000 0.16000 0.20000
v -0.04000 0.12000 0.20000
v 0.05000 0.12000 0.13000
v 0.05000 0.16000 0.19000
v 0.05000 0.16000 0.13000
v 0.05000 0.12000 0.19000
v 0.04000 0.17000 0.13000
v -0.04000 0.17000 0.19000
v -0.04000 0.17000 0.13000
v 0.04000 0.17000 0.19000
v -0.05000 0.12000 0.19000
v -0.05000 0.16000 0.13000
v -0.05000 0.16000 0.19000
v -0.05000 0.12000 0.13000
v -0.04000 0.12000 0.12000
v 0.04000 0.16000 0.12000
v -0.04000 0.16000 0.12000
v 0.04000 0.12000 0.12000
v -0.04000 0.11000 0.19000
v -0.05000 0.12000 0.19000
v -0.04000 0.12000 0.20000
v -0.04000 0.16000 0.20000
v -0.05000 0.16000 0.19000
v -0.04000 0.17000 0.19000
v -0.04000 0.11000 0.13000
v -0.04000 0.12000 0.12000
v -0.05000 0.12000 0.13000
v -0.04000 0.17000 0.13000
v -0.05000 0.16000 0.13000
v -0.04000 0.16000 0.12000
v 0.04000 0.11000 0.19000
v 0.04000 0.12000 0.20000
v 0.05000 0.12000 0.19000
v 0.04000 0.17000 0.19000
v 0.05000 0.16000 0.19000
v 0.04000 0.16000 0.20000
v 0.04000 0.11000 0.13000
v 0.05000 0.12000 0.13000
v 0.04000 0.12000 0.12000
v 0.04000 0.17000 0.13000
v 0.04000 0.16000 0.12000
v 0.05000 0.16000 0.13000
v -0.04000 0.11000 0.13000
v -0.05000 0.12000 0.19000
v -0.04000 0.11000 0.19000
v -0.05000 0.12000 0.13000
v -0.04000 0.12000 0.20000
v -0.05000 0.16000 0.19000
v -0.04000 0.16000 0.20000
v -0.05000 0.12000 0.19000
v -0.04000 0.17000 0.19000
v -0.05000 0.16000 0.13000
v -0.04000 0.17000 0.13000
v -0.05000 0.16000 0.19000
v -0.04000 0.16000 0.12000
v -0.05000 0.12000 0.13000
v -0.04000 0.12000 0.12000
v -0.05000 0.16000 0.13000
v 0.04000 0.11000 0.13000
v -0.04000 0.12000 0.12000
v -0.04000 0.11000 0.13000
v 0.04000 0.12000 0.12000
v -0.04000 0.17000 0.13000
v 0.04000 0.16000 0.12000
v 0.04000 0.17000 0.13000
v -0.04000 0.16000 0.12000
v 0.05000 0.16000 0.13000
v 0.04000 0.12000 0.12000
v 0.05000 0.12000 0.13000
v 0.04000 0.16000 0.12000
v 0.04000 0.11000 0.19000
v 0.05000 0.12000 0.13000
v 0.04000 0.11000 0.13000
v 0.05000 0.12000 0.19000
v 0.04000 0.17000 0.13000
v 0.05000 0.16000 0.19000
v 0.04000 0.17000 0.19000
v 0.05000 0.16000 0.13000
v 0.04000 0.16000 0.20000
v 0.05000 0.12000 0.19000
v 0.04000 0.12000 0.20000
v 0.05000 0.16000 0.19000
v -0.04000 0.11000 0.19000
v 0.04000 0.12000 0.20000
v 0.04000 0.11000 0.19000
v -0.04000 0.12000 0.20000
v 0.04000 0.17000 0.19000
v -0.04000 0.16000 0.20000
v -0.04000 0.17000 0.19000
v 0.04000 0.16000 0.20000
v -0.04000 0.11000 0.13000
v 0.04000 0.11000 0.19000
v 0.04000 0.11000 0.13000
v -0.04000 0.11000 0.19000
vn -0.0000 -0.0000 1.0000
vn -0.0000 -0.0000 1.0000
vn -0.0000 -0.0000 1.0000
vn -0.0000 -0.0000 1.0000
vn 1.0000 0.0000 -0.0000
vn 1.0000 0.0000 -0.0000
vn 1.0000 0.0000 -0.0000
vn 1.0000 0.0000 -0.0000
vn 0.0000 1.0000 -0.0000
vn 0.0000 1.0000 -0.0000
vn 0.0000 1.0000 -0.0000
vn 0.0000 1.0000 -0.0000
vn -1.0000 0.0000 -0.0000
vn -1.0000 0.0000 -0.0000
vn -1.0000 0.0000 -0.0000
vn -1.0000 0.0000 -0.0000
vn 0.0000 0.0000 -1.0000
vn 0.0000 0.0000 -1.0000
vn 0.0000 0.0000 -1.0000
vn 0.0000 0.0000 -1.0000
vn -0.5773 -0.5774 0.5774
vn -0.5773 -0.5774 0.5774
vn -0.5773 -0.5774 0.5774
vn -0.5773 0.5774 0.5774
vn -0.5773 0.5774 0.5774
vn -0.5773 0.5774 0.5774
vn -0.5774 -0.5773 -0.5774
vn -0.5774 -0.5773 -0.5774
vn -0.5774 -0.5773 -0.5774
vn -0.5773 0.5773 -0.5775
vn -0.5773 0.5773 -0.5775
vn -0.5773 0.5773 -0.5775
vn 0.5772 -0.5774 0.5774
vn 0.5772 -0.5774 0.5774
vn 0.5772 -0.5774 0.5774
vn 0.5772 0.5774 0.5775
vn 0.5772 0.5774 0.5775
vn 0.5772 0.5774 0.5775
vn 0.5774 -0.5773 -0.5774
vn 0.5774 -0.5773 -0.5774
vn 0.5774 -0.5773 -0.5774
vn 0.5773 0.5773 -0.5774
vn 0.5773 0.5773 -0.5774
vn 0.5773 0.5773 -0.5774
vn -0.7071 -0.7071 -0.0001
vn -0.7071 -0.7071 -0.0001
vn -0.7071 -0.7071 -0.0001
vn -0.7071 -0.7071 -0.0001
vn -0.7071 -0.0000 0.7071
vn -0.7071 -0.0000 0.7071
vn -0.7071 -0.0000 0.7071
vn -0.7071 -0.0000 0.7071
vn -0.7071 0.7071 -0.0000
vn -0.7071 0.7071 -0.0000
vn -0.7071 0.7071 -0.0000
vn -0.7071 0.7071 -0.0000
vn -0.7071 0.0000 -0.7071
vn -0.7071 0.0000 -0.7071
vn -0.7071 0.0000 -0.7071
vn -0.7071 0.0000 -0.7071
vn 0.0000 -0.7071 -0.7071
vn 0.0000 -0.7071 -0.7071
vn 0.0000 -0.7071 -0.7071
vn 0.0000 -0.7071 -0.7071
vn 0.0000 0.7071 -0.7071
vn 0.0000 0.7071 -0.7071
vn 0.0000 0.7071 -0.7071
vn 0.0000 0.7071 -0.7071
vn 0.7071 0.0000 -0.7071
vn 0.7071 0.0000 -0.7071
vn 0.7071 0.0000 -0.7071
vn 0.7071 0.0000 -0.7071
vn 0.7071 -0.7071 -0.0000
vn 0.7071 -0.7071 -0.0000
vn 0.7071 -0.7071 -0.0000
vn 0.7071 -0.7071 -0.0000
vn 0.7071 0.7071 0.0000
vn 0.7071 0.7071 0.0000
vn 0.7071 0.7071 0.0000
vn 0.7071 0.7071 0.0000
vn 0.7071 -0.0000 0.7071
vn 0.7071 -0.0000 0.7071
vn 0.7071 -0.0000 0.7071
vn 0.7071 -0.0000 0.7071
vn -0.0000 -0.7071 0.7071
vn -0.0000 -0.7071 0.7071
vn -0.0000 -0.7071 0.7071
vn -0.0000 -0.7071 0.7071
vn -0.0000 0.7071 0.7071
vn -0.0000 0.7071 0.7071
vn -0.0000 0.7071 0.7071
vn -0.0000 0.7071 0.7071
vn 0.0000 -1.0000 -0.0000
vn 0.0000 -1.0000 -0.0000
vn 0.0000 -1.0000 -0.0000
vn 0.0000 -1.0000 -0.0000
f 1225//1225 1227//1227 1226//1226
f 1225//1225 1226//1226 1228//1228
f 1229//1229 1231//1231 1230//1230
f 1229//1229 1230//1230 1232//1232
f 1233//1233 1235//1235 1234//1234
f 1233//1233 1234//1234 1236//1236
f 1237//1237 1239//1239 1238//1238
f 1237//1237 1238//1238 1240//1240
f 1241//1241 1243//1243 1242//1242
f 1241//1241 1242//1242 1244//1244
f 1245//1245 1247//1247 1246//1246
f 1248//1248 1250//1250 1249//1249
f 1251//1251 1253//1253 1252//1252
f 1254//1254 1256//1256 1255//1255
f 1257//1257 1259//1259 1258//1258
f 1260//1260 1262//1262 1261//1261
f 1263//1263 1265//1265 1264//1264
f 1266//1266 1268//1268 1267//1267
f 1269//1269 1271//1271 1270//1270
f 1269//1269 1270//1270 1272//1272
f 1273//1273 1275//1275 1274//1274
f 1273//1273 1274//1274 1276//1276
f 1277//1277 1279//1279 1278//1278
f 1277//1277 1278//1278 1280//1280
f 1281//1281 1283//1283 1282//1282
f 1281//1281 1282//1282 1284//1284
f 1285//1285 1287//1287 1286//1286
f 1285//1285 1286//1286 1288//1288
f 1289//1289 1291//1291 1290//1290
f 1289//1289 1290//1290 1292//1292
f 1293//1293 1295//1295 1294//1294
f 1293//1293 1294//1294 1296//1296
f 1297//1297 1299//1299 1298//1298
f 1297//1297 1298//1298 1300//1300
f 1301//1301 1303//1303 1302//1302
f 1301//1301 1302//1302 1304//1304
f 1305//1305 1307//1307 1306//1306
f 1305//1305 1306//1306 1308//1308
f 1309//1309 1311//1311 1310//1310
f 1309//1309 1310//1310 1312//1312
f 1313//1313 1315//1315 1314//1314
f 1313//1313 1314//1314 1316//1316
f 1317//1317 1319//1319 1318//1318
f 1317//1317 1318//1318 1320//1320
g body_team
usemtl team
v 0.09800 0.30000 -0.18000
v 0.09800 0.36000 -0.23850
v 0.09800 0.36000 -0.21150
v 0.09800 0.30000 -0.27000
v 0.09800 0.30000 -0.27000
v 0.10200 0.36000 -0.23850
v 0.09800 0.36000 -0.23850
v 0.10200 0.30000 -0.27000
v 0.10200 0.30000 -0.27000
v 0.10200 0.36000 -0.21150
v 0.10200 0.36000 -0.23850
v 0.10200 0.30000 -0.18000
v 0.10200 0.30000 -0.18000
v 0.09800 0.36000 -0.21150
v 0.10200 0.36000 -0.21150
v 0.09800 0.30000 -0.18000
v 0.09800 0.30000 -0.27000
v 0.10200 0.30000 -0.18000
v 0.10200 0.30000 -0.27000
v 0.09800 0.30000 -0.18000
v 0.10200 0.36000 -0.23850
v 0.09800 0.36000 -0.21150
v 0.09800 0.36000 -0.23850
v 0.10200 0.36000 -0.21150
vn -1.0000 0.0000 -0.0000
vn -1.0000 0.0000 -0.0000
vn -1.0000 0.0000 -0.0000
vn -1.0000 0.0000 -0.0000
vn 0.0000 0.4649 -0.8854
vn 0.0000 0.4649 -0.8854
vn 0.0000 0.4649 -0.8854
vn 0.0000 0.4649 -0.8854
vn 1.0000 0.0000 -0.0000
vn 1.0000 0.0000 -0.0000
vn 1.0000 0.0000 -0.0000
vn 1.0000 0.0000 -0.0000
vn -0.0000 0.4648 0.8854
vn -0.0000 0.4648 0.8854
vn -0.0000 0.4648 0.8854
vn -0.0000 0.4648 0.8854
vn 0.0000 -1.0000 -0.0000
vn 0.0000 -1.0000 -0.0000
vn 0.0000 -1.0000 -0.0000
vn 0.0000 -1.0000 -0.0000
vn 0.0000 1.0000 -0.0000
vn 0.0000 1.0000 -0.0000
vn 0.0000 1.0000 -0.0000
vn 0.0000 1.0000 -0.0000
f 1321//1321 1323//1323 1322//1322
f 1321//1321 1322//1322 1324//1324
f 1325//1325 1327//1327 1326//1326
f 1325//1325 1326//1326 1328//1328
f 1329//1329 1331//1331 1330//1330
f 1329//1329 1330//1330 1332//1332
f 1333//1333 1335//1335 1334//1334
f 1333//1333 1334//1334 1336//1336
f 1337//1337 1339//1339 1338//1338
f 1337//1337 1338//1338 1340//1340
f 1341//1341 1343//1343 1342//1342
f 1341//1341 1342//1342 1344//1344
g body_iron
usemtl iron
v -0.12400 0.12165 -0.07342
v -0.12400 0.22175 0.07980
v -0.12400 0.22175 -0.07980
v -0.12400 0.05235 0.00000
v -0.13400 0.22175 -0.07980
v -0.13400 0.05235 -0.00000
v -0.13400 0.12165 -0.07342
v -0.13400 0.22175 0.07980
v -0.12400 0.22175 -0.07980
v -0.13400 0.22175 -0.07980
v -0.12400 0.12165 -0.07342
v -0.13400 0.12165 -0.07342
v -0.13400 0.05235 -0.00000
v -0.12400 0.05235 0.00000
v -0.12400 0.05235 0.00000
v -0.13400 0.22175 0.07980
v -0.12400 0.22175 0.07980
v -0.13400 0.05235 -0.00000
v -0.12400 0.22175 0.07980
v -0.13400 0.22175 -0.07980
v -0.12400 0.22175 -0.07980
v -0.13400 0.22175 0.07980
v -0.12400 0.08854 0.05586
v -0.12400 0.16015 0.07980
v -0.13400 0.12165 0.07342
v -0.13400 0.06544 0.03032
v -0.13400 0.06544 0.03032
v -0.12400 0.08854 0.05586
v -0.13400 0.12165 0.07342
v -0.12400 0.16015 0.07980
v -0.12400 0.16015 -0.07980
v -0.12400 0.12165 0.07342
v -0.12400 0.06544 0.03032
v -0.12400 0.06544 -0.03032
v -0.12400 0.08854 -0.05586
v -0.13400 0.16015 -0.07980
v -0.13400 0.16015 0.07980
v -0.13400 0.08854 -0.05586
v -0.13400 0.06544 -0.03032
v -0.13400 0.08854 0.05586
v -0.13400 0.16015 -0.07980
v -0.12400 0.16015 -0.07980
v -0.12400 0.16015 -0.07980
v -0.13400 0.16015 -0.07980
v -0.12400 0.12165 -0.07342
v -0.13400 0.08854 -0.05586
v -0.12400 0.08854 -0.05586
v -0.13400 0.12165 -0.07342
v -0.12400 0.08854 -0.05586
v -0.13400 0.06544 -0.03032
v -0.12400 0.06544 -0.03032
v -0.13400 0.08854 -0.05586
v -0.12400 0.06544 -0.03032
v -0.13400 0.06544 -0.03032
v -0.13400 0.06544 0.03032
v -0.12400 0.06544 0.03032
v -0.12400 0.06544 0.03032
v -0.13400 0.08854 0.05586
v -0.12400 0.08854 0.05586
v -0.13400 0.12165 0.07342
v -0.12400 0.12165 0.07342
v -0.13400 0.08854 0.05586
v -0.12400 0.12165 0.07342
v -0.13400 0.16015 0.07980
v -0.12400 0.16015 0.07980
v -0.13400 0.16015 0.07980
vn 1.0000 0.0000 -0.0000
vn 1.0000 0.0000 -0.0000
vn 1.0000 0.0000 -0.0000
vn 1.0000 0.0000 -0.0000
vn -1.0000 0.0000 -0.0000
vn -1.0000 0.0000 -0.0000
vn -1.0000 0.0000 -0.0000
vn -1.0000 0.0000 -0.0000
vn 0.0000 0.0000 -1.0000
vn 0.0000 0.0000 -1.0000
vn 0.0000 -0.1636 -0.9865
vn 0.0000 -0.1636 -0.9865
vn 0.0000 -0.9181 -0.3963
vn 0.0000 -0.9181 -0.3963
vn -0.0000 -0.9181 0.3963
vn -0.0000 -0.0000 1.0000
vn -0.0000 -0.0000 1.0000
vn -0.0000 -0.9181 0.3963
vn 0.0000 1.0000 -0.0000
vn 0.0000 1.0000 -0.0000
vn 0.0000 1.0000 -0.0000
vn 0.0000 1.0000 -0.0000
vn 1.0000 0.0000 -0.0000
vn 1.0000 0.0000 -0.0000
vn -1.0000 0.0000 -0.0000
vn -1.0000 0.0000 -0.0000
vn -0.0000 -0.7417 0.6708
vn -0.0000 -0.4685 0.8834
vn -0.0000 -0.1636 0.9865
vn -0.0000 -0.0000 1.0000
vn 1.0000 0.0000 -0.0000
vn 1.0000 0.0000 -0.0000
vn 1.0000 0.0000 -0.0000
vn 1.0000 0.0000 -0.0000
vn 1.0000 0.0000 -0.0000
vn -1.0000 0.0000 -0.0000
vn -1.0000 0.0000 -0.0000
vn -1.0000 0.0000 -0.0000
vn -1.0000 0.0000 -0.0000
vn -1.0000 0.0000 -0.0000
vn 0.0000 0.0000 -1.0000
vn 0.0000 0.0000 -1.0000
vn 0.0000 -0.1636 -0.9865
vn 0.0000 -0.1636 -0.9865
vn 0.0000 -0.4685 -0.8835
vn 0.0000 -0.4685 -0.8835
vn 0.0000 -0.4685 -0.8835
vn 0.0000 -0.4685 -0.8835
vn 0.0000 -0.7417 -0.6708
vn 0.0000 -0.7417 -0.6708
vn 0.0000 -0.7417 -0.6708
vn 0.0000 -0.7417 -0.6708
vn 0.0000 -0.9181 -0.3963
vn 0.0000 -0.9181 -0.3963
vn -0.0000 -0.9181 0.3963
vn -0.0000 -0.9181 0.3963
vn -0.0000 -0.7417 0.6708
vn -0.0000 -0.7417 0.6708
vn -0.0000 -0.7417 0.6708
vn -0.0000 -0.4685 0.8834
vn -0.0000 -0.4685 0.8834
vn -0.0000 -0.4685 0.8834
vn -0.0000 -0.1636 0.9865
vn -0.0000 -0.1636 0.9865
vn -0.0000 -0.1636 0.9865
vn -0.0000 -0.0000 1.0000
f 1375//1375 1347//1347 1346//1346
f 1345//1345 1375//1375 1346//1346
f 1346//1346 1368//1368 1376//1376
f 1346//1346 1376//1376 1377//1377
f 1346//1346 1377//1377 1345//1345
f 1376//1376 1367//1367 1377//1377
f 1377//1377 1378//1378 1345//1345
f 1378//1378 1379//1379 1345//1345
f 1377//1377 1348//1348 1378//1378
f 1352//1352 1349//1349 1380//1380
f 1381//1381 1352//1352 1380//1380
f 1380//1380 1351//1351 1382//1382
f 1380//1380 1382//1382 1350//1350
f 1380//1380 1350//1350 1381//1381
f 1382//1382 1383//1383 1350//1350
f 1350//1350 1384//1384 1381//1381
f 1384//1384 1369//1369 1381//1381
f 1350//1350 1370//1370 1384//1384
f 1353//1353 1386//1386 1385//1385
f 1353//1353 1385//1385 1354//1354
f 1387//1387 1355//1355 1356//1356
f 1387//1387 1356//1356 1388//1388
f 1389//1389 1391//1391 1390//1390
f 1389//1389 1390//1390 1392//1392
f 1393//1393 1395//1395 1394//1394
f 1393//1393 1394//1394 1396//1396
f 1397//1397 1358//1358 1357//1357
f 1397//1397 1357//1357 1398//1398
f 1359//1359 1400//1400 1399//1399
f 1359//1359 1399//1399 1362//1362
f 1401//1401 1403//1403 1402//1402
f 1401//1401 1402//1402 1371//1371
f 1372//1372 1405//1405 1404//1404
f 1372//1372 1404//1404 1406//1406
f 1407//1407 1409//1409 1408//1408
f 1407//1407 1408//1408 1373//1373
f 1374//1374 1361//1361 1360//1360
f 1374//1374 1360//1360 1410//1410
f 1363//1363 1365//1365 1364//1364
f 1363//1363 1364//1364 1366//1366
g body_blazon
usemtl blazon
v -0.13000 0.12550 -0.06440
v -0.13000 0.21650 0.07000
v -0.13000 0.21650 -0.07000
v -0.13000 0.06250 0.00000
v -0.14400 0.21650 -0.07000
v -0.14400 0.21650 0.07000
v -0.14400 0.06250 -0.00000
v -0.13000 0.21650 -0.07000
v -0.14400 0.21650 -0.07000
v -0.13000 0.12550 -0.06440
v -0.14400 0.06250 -0.00000
v -0.13000 0.06250 0.00000
v -0.13000 0.06250 0.00000
v -0.14400 0.21650 0.07000
v -0.13000 0.21650 0.07000
v -0.14400 0.06250 -0.00000
v -0.13000 0.21650 0.07000
v -0.14400 0.21650 -0.07000
v -0.13000 0.21650 -0.07000
v -0.14400 0.21650 0.07000
v -0.13000 0.09540 0.04900
v -0.13000 0.16050 0.07000
v -0.14400 0.12550 0.06440
v -0.14400 0.07440 0.02660
v -0.14400 0.12550 -0.06440
v -0.14400 0.12550 -0.06440
v -0.14400 0.07440 0.02660
v -0.13000 0.09540 0.04900
v -0.14400 0.12550 0.06440
v -0.13000 0.16050 0.07000
v -0.13000 0.16050 -0.07000
v -0.13000 0.12550 0.06440
v -0.13000 0.07440 0.02660
v -0.13000 0.07440 -0.02660
v -0.13000 0.09540 -0.04900
v -0.14400 0.16050 -0.07000
v -0.14400 0.16050 0.07000
v -0.14400 0.09540 -0.04900
v -0.14400 0.07440 -0.02660
v -0.14400 0.09540 0.04900
v -0.14400 0.16050 -0.07000
v -0.13000 0.16050 -0.07000
v -0.13000 0.16050 -0.07000
v -0.14400 0.16050 -0.07000
v -0.13000 0.12550 -0.06440
v -0.14400 0.09540 -0.04900
v -0.13000 0.09540 -0.04900
v -0.14400 0.12550 -0.06440
v -0.13000 0.09540 -0.04900
v -0.14400 0.07440 -0.02660
v -0.13000 0.07440 -0.02660
v -0.14400 0.09540 -0.04900
v -0.13000 0.07440 -0.02660
v -0.14400 0.07440 -0.02660
v -0.14400 0.07440 0.02660
v -0.13000 0.07440 0.02660
v -0.13000 0.07440 0.02660
v -0.14400 0.09540 0.04900
v -0.13000 0.09540 0.04900
v -0.14400 0.12550 0.06440
v -0.13000 0.12550 0.06440
v -0.14400 0.09540 0.04900
v -0.13000 0.12550 0.06440
v -0.14400 0.16050 0.07000
v -0.13000 0.16050 0.07000
v -0.14400 0.16050 0.07000
vn 1.0000 0.0000 -0.0000
vn 1.0000 0.0000 -0.0000
vn 1.0000 0.0000 -0.0000
vn 1.0000 0.0000 -0.0000
vn -1.0000 0.0000 -0.0000
vn -1.0000 0.0000 -0.0000
vn -1.0000 0.0000 -0.0000
vn 0.0000 0.0000 -1.0000
vn 0.0000 0.0000 -1.0000
vn 0.0000 -0.1580 -0.9874
vn 0.0000 -0.9128 -0.4084
vn 0.0000 -0.9128 -0.4084
vn -0.0000 -0.9128 0.4083
vn -0.0000 -0.0000 1.0000
vn -0.0000 -0.0000 1.0000
vn -0.0000 -0.9128 0.4083
vn 0.0000 1.0000 -0.0000
vn 0.0000 1.0000 -0.0000
vn 0.0000 1.0000 -0.0000
vn 0.0000 1.0000 -0.0000
vn 1.0000 0.0000 -0.0000
vn 1.0000 0.0000 -0.0000
vn -1.0000 0.0000 -0.0000
vn -1.0000 0.0000 -0.0000
vn -1.0000 0.0000 -0.0000
vn 0.0000 -0.1580 -0.9874
vn -0.0000 -0.7296 0.6839
vn -0.0000 -0.4555 0.8902
vn -0.0000 -0.1580 0.9874
vn -0.0000 -0.0000 1.0000
vn 1.0000 0.0000 -0.0000
vn 1.0000 0.0000 -0.0000
vn 1.0000 0.0000 -0.0000
vn 1.0000 0.0000 -0.0000
vn 1.0000 0.0000 -0.0000
vn -1.0000 0.0000 -0.0000
vn -1.0000 0.0000 -0.0000
vn -1.0000 0.0000 -0.0000
vn -1.0000 0.0000 -0.0000
vn -1.0000 0.0000 -0.0000
vn 0.0000 0.0000 -1.0000
vn 0.0000 0.0000 -1.0000
vn 0.0000 -0.1580 -0.9874
vn 0.0000 -0.1580 -0.9874
vn 0.0000 -0.4555 -0.8902
vn 0.0000 -0.4555 -0.8902
vn 0.0000 -0.4555 -0.8902
vn 0.0000 -0.4555 -0.8902
vn 0.0000 -0.7296 -0.6839
vn 0.0000 -0.7296 -0.6839
vn 0.0000 -0.7296 -0.6839
vn 0.0000 -0.7296 -0.6839
vn 0.0000 -0.9128 -0.4084
vn 0.0000 -0.9128 -0.4084
vn -0.0000 -0.9128 0.4083
vn -0.0000 -0.9128 0.4083
vn -0.0000 -0.7296 0.6839
vn -0.0000 -0.7296 0.6839
vn -0.0000 -0.7296 0.6839
vn -0.0000 -0.4555 0.8902
vn -0.0000 -0.4555 0.8902
vn -0.0000 -0.4555 0.8902
vn -0.0000 -0.1580 0.9874
vn -0.0000 -0.1580 0.9874
vn -0.0000 -0.1580 0.9874
vn -0.0000 -0.0000 1.0000
f 1441//1441 1413//1413 1412//1412
f 1411//1411 1441//1441 1412//1412
f 1412//1412 1432//1432 1442//1442
f 1412//1412 1442//1442 1443//1443
f 1412//1412 1443//1443 1411//1411
f 1442//1442 1431//1431 1443//1443
f 1443//1443 1444//1444 1411//1411
f 1444//1444 1445//1445 1411//1411
f 1443//1443 1414//1414 1444//1444
f 1416//1416 1415//1415 1446//1446
f 1447//1447 1416//1416 1446//1446
f 1446//1446 1435//1435 1448//1448
f 1446//1446 1448//1448 1417//1417
f 1446//1446 1417//1417 1447//1447
f 1448//1448 1449//1449 1417//1417
f 1417//1417 1450//1450 1447//1447
f 1450//1450 1433//1433 1447//1447
f 1417//1417 1434//1434 1450//1450
f 1418//1418 1452//1452 1451//1451
f 1418//1418 1451//1451 1419//1419
f 1453//1453 1420//1420 1436//1436
f 1453//1453 1436//1436 1454//1454
f 1455//1455 1457//1457 1456//1456
f 1455//1455 1456//1456 1458//1458
f 1459//1459 1461//1461 1460//1460
f 1459//1459 1460//1460 1462//1462
f 1463//1463 1422//1422 1421//1421
f 1463//1463 1421//1421 1464//1464
f 1423//1423 1466//1466 1465//1465
f 1423//1423 1465//1465 1426//1426
f 1467//1467 1469//1469 1468//1468
f 1467//1467 1468//1468 1437//1437
f 1438//1438 1471//1471 1470//1470
f 1438//1438 1470//1470 1472//1472
f 1473//1473 1475//1475 1474//1474
f 1473//1473 1474//1474 1439//1439
f 1440//1440 1425//1425 1424//1424
f 1440//1440 1424//1424 1476//1476
f 1427//1427 1429//1429 1428//1428
f 1427//1427 1428//1428 1430//1430
o crew
g crew_leather
usemtl leather
v -0.18098 0.14400 -0.19607
v -0.22359 0.15200 -0.31315
v -0.18098 0.15200 -0.19607
v -0.22359 0.14400 -0.31315
v -0.09880 0.14400 -0.22172
v -0.17585 0.15200 -0.19368
v -0.09880 0.15200 -0.22172
v -0.17585 0.14400 -0.19368
v -0.10016 0.15600 -0.22548
v -0.21984 0.15600 -0.31452
v -0.14278 0.15600 -0.34257
v -0.17722 0.15600 -0.19743
v -0.22120 0.14400 -0.31828
v -0.14415 0.15200 -0.34632
v -0.22120 0.15200 -0.31828
v -0.14415 0.14400 -0.34632
v -0.13902 0.14400 -0.34394
v -0.09641 0.15200 -0.22685
v -0.13902 0.15200 -0.34394
v -0.09641 0.14400 -0.22685
v -0.21984 0.14000 -0.31452
v -0.22120 0.14400 -0.31828
v -0.22359 0.14400 -0.31315
v -0.22359 0.15200 -0.31315
v -0.22120 0.15200 -0.31828
v -0.21984 0.15600 -0.31452
v -0.14278 0.14000 -0.34257
v -0.13902 0.14400 -0.34394
v -0.14415 0.14400 -0.34632
v -0.14278 0.15600 -0.34257
v -0.14415 0.15200 -0.34632
v -0.13902 0.15200 -0.34394
v -0.17722 0.14000 -0.19743
v -0.18098 0.14400 -0.19607
v -0.17585 0.14400 -0.19368
v -0.17722 0.15600 -0.19743
v -0.17585 0.15200 -0.19368
v -0.18098 0.15200 -0.19607
v -0.10016 0.14000 -0.22548
v -0.09880 0.14400 -0.22172
v -0.09641 0.14400 -0.22685
v -0.10016 0.15600 -0.22548
v -0.09641 0.15200 -0.22685
v -0.09880 0.15200 -0.22172
v -0.14278 0.14000 -0.34257
v -0.22120 0.14400 -0.31828
v -0.21984 0.14000 -0.31452
v -0.14415 0.14400 -0.34632
v -0.22359 0.14400 -0.31315
v -0.22120 0.15200 -0.31828
v -0.22359 0.15200 -0.31315
v -0.22120 0.14400 -0.31828
v -0.21984 0.15600 -0.31452
v -0.14415 0.15200 -0.34632
v -0.14278 0.15600 -0.34257
v -0.22120 0.15200 -0.31828
v -0.13902 0.15200 -0.34394
v -0.14415 0.14400 -0.34632
v -0.13902 0.14400 -0.34394
v -0.14415 0.15200 -0.34632
v -0.10016 0.14000 -0.22548
v -0.13902 0.14400 -0.34394
v -0.14278 0.14000 -0.34257
v -0.09641 0.14400 -0.22685
v -0.14278 0.15600 -0.34257
v -0.09641 0.15200 -0.22685
v -0.10016 0.15600 -0.22548
v -0.13902 0.15200 -0.34394
v -0.09880 0.15200 -0.22172
v -0.09641 0.14400 -0.22685
v -0.09880 0.14400 -0.22172
v -0.09641 0.15200 -0.22685
v -0.17722 0.14000 -0.19743
v -0.09880 0.14400 -0.22172
v -0.10016 0.14000 -0.22548
v -0.17585 0.14400 -0.19368
v -0.10016 0.15600 -0.22548
v -0.17585 0.15200 -0.19368
v -0.17722 0.15600 -0.19743
v -0.09880 0.15200 -0.22172
v -0.18098 0.15200 -0.19607
v -0.17585 0.14400 -0.19368
v -0.18098 0.14400 -0.19607
v -0.17585 0.15200 -0.19368
v -0.21984 0.14000 -0.31452
v -0.18098 0.14400 -0.19607
v -0.17722 0.14000 -0.19743
v -0.22359 0.14400 -0.31315
v -0.17722 0.15600 -0.19743
v -0.22359 0.15200 -0.31315
v -0.21984 0.15600 -0.31452
v -0.18098 0.15200 -0.19607
v -0.14278 0.14000 -0.34257
v -0.17722 0.14000 -0.19743
v -0.10016 0.14000 -0.22548
v -0.21984 0.14000 -0.31452
v -0.20421 0.00800 -0.27306
v -0.21584 0.02200 -0.30501
v -0.20421 0.02200 -0.27306
v -0.21584 0.00800 -0.30501
v -0.14791 0.00800 -0.28504
v -0.19396 0.02200 -0.26828
v -0.14791 0.02200 -0.28504
v -0.19396 0.00800 -0.26828
v -0.15065 0.03000 -0.29256
v -0.20832 0.03000 -0.30775
v -0.16228 0.03000 -0.32451
v -0.19670 0.03000 -0.27580
v -0.21106 0.00800 -0.31527
v -0.16502 0.02200 -0.33203
v -0.21106 0.02200 -0.31527
v -0.16502 0.00800 -0.33203
v -0.15476 0.00800 -0.32724
v -0.14313 0.02200 -0.29529
v -0.15476 0.02200 -0.32724
v -0.14313 0.00800 -0.29529
v -0.20832 0.00000 -0.30775
v -0.21106 0.00800 -0.31527
v -0.21584 0.00800 -0.30501
v -0.21584 0.02200 -0.30501
v -0.21106 0.02200 -0.31527
v -0.20832 0.03000 -0.30775
v -0.16228 0.00000 -0.32451
v -0.15476 0.00800 -0.32724
v -0.16502 0.00800 -0.33203
v -0.16228 0.03000 -0.32451
v -0.16502 0.02200 -0.33203
v -0.15476 0.02200 -0.32724
v -0.19670 0.00000 -0.27580
v -0.20421 0.00800 -0.27306
v -0.19396 0.00800 -0.26828
v -0.19670 0.03000 -0.27580
v -0.19396 0.02200 -0.26828
v -0.20421 0.02200 -0.27306
v -0.15065 0.00000 -0.29256
v -0.14791 0.00800 -0.28504
v -0.14313 0.00800 -0.29529
v -0.15065 0.03000 -0.29256
v -0.14313 0.02200 -0.29529
v -0.14791 0.02200 -0.28504
v -0.16228 0.00000 -0.32451
v -0.21106 0.00800 -0.31527
v -0.20832 0.00000 -0.30775
v -0.16502 0.00800 -0.33203
v -0.21584 0.00800 -0.30501
v -0.21106 0.02200 -0.31527
v -0.21584 0.02200 -0.30501
v -0.21106 0.00800 -0.31527
v -0.20832 0.03000 -0.30775
v -0.16502 0.02200 -0.33203
v -0.16228 0.03000 -0.32451
v -0.21106 0.02200 -0.31527
v -0.15476 0.02200 -0.32724
v -0.16502 0.00800 -0.33203
v -0.15476 0.00800 -0.32724
v -0.16502 0.02200 -0.33203
v -0.15065 0.00000 -0.29256
v -0.15476 0.00800 -0.32724
v -0.16228 0.00000 -0.32451
v -0.14313 0.00800 -0.29529
v -0.16228 0.03000 -0.32451
v -0.14313 0.02200 -0.29529
v -0.15065 0.03000 -0.29256
v -0.15476 0.02200 -0.32724
v -0.14791 0.02200 -0.28504
v -0.14313 0.00800 -0.29529
v -0.14791 0.00800 -0.28504
v -0.14313 0.02200 -0.29529
v -0.19670 0.00000 -0.27580
v -0.14791 0.00800 -0.28504
v -0.15065 0.00000 -0.29256
v -0.19396 0.00800 -0.26828
v -0.15065 0.03000 -0.29256
v -0.19396 0.02200 -0.26828
v -0.19670 0.03000 -0.27580
v -0.14791 0.02200 -0.28504
v -0.20421 0.02200 -0.27306
v -0.19396 0.00800 -0.26828
v -0.20421 0.00800 -0.27306
v -0.19396 0.02200 -0.26828
v -0.20832 0.00000 -0.30775
v -0.20421 0.00800 -0.27306
v -0.19670 0.00000 -0.27580
v -0.21584 0.00800 -0.30501
v -0.19670 0.03000 -0.27580
v -0.21584 0.02200 -0.30501
v -0.20832 0.03000 -0.30775
v -0.20421 0.02200 -0.27306
v -0.16228 0.00000 -0.32451
v -0.19670 0.00000 -0.27580
v -0.15065 0.00000 -0.29256
v -0.20832 0.00000 -0.30775
v -0.18027 0.00800 -0.20729
v -0.19190 0.02200 -0.23924
v -0.18027 0.02200 -0.20729
v -0.19190 0.00800 -0.23924
v -0.12397 0.00800 -0.21926
v -0.17002 0.02200 -0.20250
v -0.12397 0.02200 -0.21926
v -0.17002 0.00800 -0.20250
v -0.12671 0.03000 -0.22678
v -0.18438 0.03000 -0.24197
v -0.13834 0.03000 -0.25873
v -0.17275 0.03000 -0.21002
v -0.18712 0.00800 -0.24949
v -0.14107 0.02200 -0.26625
v -0.18712 0.02200 -0.24949
v -0.14107 0.00800 -0.26625
v -0.13082 0.00800 -0.26147
v -0.11919 0.02200 -0.22952
v -0.13082 0.02200 -0.26147
v -0.11919 0.00800 -0.22952
v -0.18438 0.00000 -0.24197
v -0.18712 0.00800 -0.24949
v -0.19190 0.00800 -0.23924
v -0.19190 0.02200 -0.23924
v -0.18712 0.02200 -0.24949
v -0.18438 0.03000 -0.24197
v -0.13834 0.00000 -0.25873
v -0.13082 0.00800 -0.26147
v -0.14107 0.00800 -0.26625
v -0.13834 0.03000 -0.25873
v -0.14107 0.02200 -0.26625
v -0.13082 0.02200 -0.26147
v -0.17275 0.00000 -0.21002
v -0.18027 0.00800 -0.20729
v -0.17002 0.00800 -0.20250
v -0.17275 0.03000 -0.21002
v -0.17002 0.02200 -0.20250
v -0.18027 0.02200 -0.20729
v -0.12671 0.00000 -0.22678
v -0.12397 0.00800 -0.21926
v -0.11919 0.00800 -0.22952
v -0.12671 0.03000 -0.22678
v -0.11919 0.02200 -0.22952
v -0.12397 0.02200 -0.21926
v -0.13834 0.00000 -0.25873
v -0.18712 0.00800 -0.24949
v -0.18438 0.00000 -0.24197
v -0.14107 0.00800 -0.26625
v -0.19190 0.00800 -0.23924
v -0.18712 0.02200 -0.24949
v -0.19190 0.02200 -0.23924
v -0.18712 0.00800 -0.24949
v -0.18438 0.03000 -0.24197
v -0.14107 0.02200 -0.26625
v -0.13834 0.03000 -0.25873
v -0.18712 0.02200 -0.24949
v -0.13082 0.02200 -0.26147
v -0.14107 0.00800 -0.26625
v -0.13082 0.00800 -0.26147
v -0.14107 0.02200 -0.26625
v -0.12671 0.00000 -0.22678
v -0.13082 0.00800 -0.26147
v -0.13834 0.00000 -0.25873
v -0.11919 0.00800 -0.22952
v -0.13834 0.03000 -0.25873
v -0.11919 0.02200 -0.22952
v -0.12671 0.03000 -0.22678
v -0.13082 0.02200 -0.26147
v -0.12397 0.02200 -0.21926
v -0.11919 0.00800 -0.22952
v -0.12397 0.00800 -0.21926
v -0.11919 0.02200 -0.22952
v -0.17275 0.00000 -0.21002
v -0.12397 0.00800 -0.21926
v -0.12671 0.00000 -0.22678
v -0.17002 0.00800 -0.20250
v -0.12671 0.03000 -0.22678
v -0.17002 0.02200 -0.20250
v -0.17275 0.03000 -0.21002
v -0.12397 0.02200 -0.21926
v -0.18027 0.02200 -0.20729
v -0.17002 0.00800 -0.20250
v -0.18027 0.00800 -0.20729
v -0.17002 0.02200 -0.20250
v -0.18438 0.00000 -0.24197
v -0.18027 0.00800 -0.20729
v -0.17275 0.00000 -0.21002
v -0.19190 0.00800 -0.23924
v -0.17275 0.03000 -0.21002
v -0.19190 0.02200 -0.23924
v -0.18438 0.03000 -0.24197
v -0.18027 0.02200 -0.20729
v -0.13834 0.00000 -0.25873
v -0.17275 0.00000 -0.21002
v -0.12671 0.00000 -0.22678
v -0.18438 0.00000 -0.24197
vn -0.9397 -0.0000 0.3420
vn -0.9397 -0.0000 0.3420
vn -0.9397 -0.0000 0.3420
vn -0.9397 -0.0000 0.3420
vn -0.4226 -0.0000 0.9063
vn -0.4226 -0.0000 0.9063
vn -0.4226 -0.0000 0.9063
vn -0.4226 -0.0000 0.9063
vn -0.6645 0.7071 0.2418
vn -0.6645 0.7071 0.2418
vn -0.6645 0.7071 0.2418
vn -0.6645 0.7071 0.2418
vn 0.0000 1.0000 -0.0000
vn 0.0000 1.0000 -0.0000
vn 0.0000 1.0000 -0.0000
vn 0.0000 1.0000 -0.0000
vn -0.2418 0.7071 -0.6645
vn -0.2418 0.7071 -0.6645
vn -0.2418 0.7071 -0.6645
vn -0.2418 0.7071 -0.6645
vn -0.2418 0.7071 -0.6645
vn -0.2418 0.7071 -0.6645
vn -0.2418 0.7071 -0.6645
vn -0.6870 0.6422 0.3400
vn -0.6870 0.6422 0.3400
vn -0.6870 0.6422 0.3400
vn 0.2398 0.9456 -0.2198
vn 0.2398 0.9456 -0.2198
vn 0.2398 0.9456 -0.2198
vn -0.5235 0.8335 -0.1769
vn -0.5235 0.8335 -0.1769
vn -0.5235 0.8335 -0.1769
vn -0.7558 -0.4516 0.4741
vn -0.7558 -0.4516 0.4741
vn -0.7558 -0.4516 0.4741
vn -0.7075 0.2817 0.6482
vn -0.7075 0.2817 0.6482
vn -0.7075 0.2817 0.6482
vn 0.1877 0.5416 -0.8194
vn 0.1877 0.5416 -0.8194
vn 0.1877 0.5416 -0.8194
vn 0.2074 -0.6074 0.7668
vn 0.2074 -0.6074 0.7668
vn 0.2074 -0.6074 0.7668
vn 0.5938 0.7916 -0.1443
vn 0.5938 0.7916 -0.1443
vn 0.5938 0.7916 -0.1443
vn 0.5938 0.7916 -0.1443
vn -0.6383 0.7693 -0.0279
vn -0.6383 0.7693 -0.0279
vn -0.6383 0.7693 -0.0279
vn -0.6383 0.7693 -0.0279
vn -0.5938 0.7915 0.1444
vn -0.5938 0.7915 0.1444
vn -0.5938 0.7915 0.1444
vn -0.5938 0.7915 0.1444
vn -0.2198 0.9456 -0.2399
vn -0.2198 0.9456 -0.2399
vn -0.2198 0.9456 -0.2399
vn -0.2198 0.9456 -0.2399
vn 0.1768 0.8334 -0.5235
vn 0.1768 0.8334 -0.5235
vn 0.1768 0.8334 -0.5235
vn 0.1768 0.8334 -0.5235
vn 0.4720 -0.8335 0.2873
vn 0.4720 -0.8335 0.2873
vn 0.4720 -0.8335 0.2873
vn 0.4720 -0.8335 0.2873
vn -0.0419 -0.2818 0.9586
vn -0.0419 -0.2818 0.9586
vn -0.0419 -0.2818 0.9586
vn -0.0419 -0.2818 0.9586
vn -0.5071 -0.5416 0.6704
vn -0.5071 -0.5416 0.6704
vn -0.5071 -0.5416 0.6704
vn -0.5071 -0.5416 0.6704
vn 0.5071 -0.5416 -0.6705
vn 0.5071 -0.5416 -0.6705
vn 0.5071 -0.5416 -0.6705
vn 0.5071 -0.5416 -0.6705
vn -0.7319 -0.1208 0.6706
vn -0.7319 -0.1208 0.6706
vn -0.7319 -0.1208 0.6706
vn -0.7319 -0.1208 0.6706
vn -0.9181 -0.3754 0.1273
vn -0.9181 -0.3754 0.1273
vn -0.9181 -0.3754 0.1273
vn -0.9181 -0.3754 0.1273
vn -0.7852 0.3754 0.4925
vn -0.7852 0.3754 0.4925
vn -0.7852 0.3754 0.4925
vn -0.7852 0.3754 0.4925
vn -0.6644 -0.7071 0.2418
vn -0.6644 -0.7071 0.2418
vn -0.6644 -0.7071 0.2418
vn -0.6644 -0.7071 0.2418
vn -0.9397 -0.0000 0.3420
vn -0.9397 -0.0000 0.3420
vn -0.9397 -0.0000 0.3420
vn -0.9397 -0.0000 0.3420
vn -0.4226 -0.0000 0.9063
vn -0.4226 -0.0000 0.9063
vn -0.4226 -0.0000 0.9063
vn -0.4226 -0.0000 0.9063
vn -0.6645 0.7071 0.2418
vn -0.6645 0.7071 0.2418
vn -0.6645 0.7071 0.2418
vn -0.6645 0.7071 0.2418
vn 0.0000 1.0000 -0.0000
vn 0.0000 1.0000 -0.0000
vn 0.0000 1.0000 -0.0000
vn 0.0000 1.0000 -0.0000
vn -0.2418 0.7071 -0.6645
vn -0.2418 0.7071 -0.6645
vn -0.2418 0.7071 -0.6645
vn -0.2418 0.7071 -0.6645
vn -0.2418 0.7071 -0.6645
vn -0.2418 0.7071 -0.6645
vn -0.2418 0.7071 -0.6645
vn -0.6870 0.6422 0.3400
vn -0.6870 0.6422 0.3400
vn -0.6870 0.6422 0.3400
vn 0.2398 0.9456 -0.2198
vn 0.2398 0.9456 -0.2198
vn 0.2398 0.9456 -0.2198
vn -0.5235 0.8335 -0.1769
vn -0.5235 0.8335 -0.1769
vn -0.5235 0.8335 -0.1769
vn -0.7558 -0.4516 0.4741
vn -0.7558 -0.4516 0.4741
vn -0.7558 -0.4516 0.4741
vn -0.7075 0.2817 0.6482
vn -0.7075 0.2817 0.6482
vn -0.7075 0.2817 0.6482
vn 0.1877 0.5416 -0.8194
vn 0.1877 0.5416 -0.8194
vn 0.1877 0.5416 -0.8194
vn 0.2419 -0.7071 0.6644
vn 0.2419 -0.7071 0.6644
vn 0.2419 -0.7071 0.6644
vn 0.5938 0.7916 -0.1443
vn 0.5938 0.7916 -0.1443
vn 0.5938 0.7916 -0.1443
vn 0.5938 0.7916 -0.1443
vn -0.6383 0.7693 -0.0279
vn -0.6383 0.7693 -0.0279
vn -0.6383 0.7693 -0.0279
vn -0.6383 0.7693 -0.0279
vn -0.5938 0.7915 0.1444
vn -0.5938 0.7915 0.1444
vn -0.5938 0.7915 0.1444
vn -0.5938 0.7915 0.1444
vn -0.2198 0.9456 -0.2399
vn -0.2198 0.9456 -0.2399
vn -0.2198 0.9456 -0.2399
vn -0.2198 0.9456 -0.2399
vn 0.1768 0.8334 -0.5235
vn 0.1768 0.8334 -0.5235
vn 0.1768 0.8334 -0.5235
vn 0.1768 0.8334 -0.5235
vn 0.4720 -0.8335 0.2873
vn 0.4720 -0.8335 0.2873
vn 0.4720 -0.8335 0.2873
vn 0.4720 -0.8335 0.2873
vn -0.0419 -0.2818 0.9586
vn -0.0419 -0.2818 0.9586
vn -0.0419 -0.2818 0.9586
vn -0.0419 -0.2818 0.9586
vn -0.5071 -0.5416 0.6704
vn -0.5071 -0.5416 0.6704
vn -0.5071 -0.5416 0.6704
vn -0.5071 -0.5416 0.6704
vn 0.5071 -0.5416 -0.6705
vn 0.5071 -0.5416 -0.6705
vn 0.5071 -0.5416 -0.6705
vn 0.5071 -0.5416 -0.6705
vn -0.7319 -0.1208 0.6706
vn -0.7319 -0.1208 0.6706
vn -0.7319 -0.1208 0.6706
vn -0.7319 -0.1208 0.6706
vn -0.9181 -0.3754 0.1273
vn -0.9181 -0.3754 0.1273
vn -0.9181 -0.3754 0.1273
vn -0.9181 -0.3754 0.1273
vn -0.7852 0.3754 0.4925
vn -0.7852 0.3754 0.4925
vn -0.7852 0.3754 0.4925
vn -0.7852 0.3754 0.4925
vn -0.6644 -0.7071 0.2418
vn -0.6644 -0.7071 0.2418
vn -0.6644 -0.7071 0.2418
vn -0.6644 -0.7071 0.2418
vn -0.9397 -0.0000 0.3420
vn -0.9397 -0.0000 0.3420
vn -0.9397 -0.0000 0.3420
vn -0.9397 -0.0000 0.3420
vn -0.4226 -0.0000 0.9063
vn -0.4226 -0.0000 0.9063
vn -0.4226 -0.0000 0.9063
vn -0.4226 -0.0000 0.9063
vn -0.6645 0.7071 0.2418
vn -0.6645 0.7071 0.2418
vn -0.6645 0.7071 0.2418
vn -0.6645 0.7071 0.2418
vn 0.0000 1.0000 -0.0000
vn 0.0000 1.0000 -0.0000
vn 0.0000 1.0000 -0.0000
vn 0.0000 1.0000 -0.0000
vn -0.2418 0.7071 -0.6645
vn -0.2418 0.7071 -0.6645
vn -0.2418 0.7071 -0.6645
vn -0.2418 0.7071 -0.6645
vn -0.2418 0.7071 -0.6645
vn -0.2418 0.7071 -0.6645
vn -0.2418 0.7071 -0.6645
vn -0.6870 0.6422 0.3400
vn -0.6870 0.6422 0.3400
vn -0.6870 0.6422 0.3400
vn 0.2398 0.9456 -0.2198
vn 0.2398 0.9456 -0.2198
vn 0.2398 0.9456 -0.2198
vn -0.5235 0.8335 -0.1769
vn -0.5235 0.8335 -0.1769
vn -0.5235 0.8335 -0.1769
vn -0.7558 -0.4516 0.4741
vn -0.7558 -0.4516 0.4741
vn -0.7558 -0.4516 0.4741
vn -0.7075 0.2817 0.6482
vn -0.7075 0.2817 0.6482
vn -0.7075 0.2817 0.6482
vn 0.1877 0.5416 -0.8194
vn 0.1877 0.5416 -0.8194
vn 0.1877 0.5416 -0.8194
vn 0.2419 -0.7071 0.6644
vn 0.2419 -0.7071 0.6644
vn 0.2419 -0.7071 0.6644
vn 0.5938 0.7916 -0.1443
vn 0.5938 0.7916 -0.1443
vn 0.5938 0.7916 -0.1443
vn 0.5938 0.7916 -0.1443
vn -0.6383 0.7693 -0.0279
vn -0.6383 0.7693 -0.0279
vn -0.6383 0.7693 -0.0279
vn -0.6383 0.7693 -0.0279
vn -0.5938 0.7915 0.1444
vn -0.5938 0.7915 0.1444
vn -0.5938 0.7915 0.1444
vn -0.5938 0.7915 0.1444
vn -0.2198 0.9456 -0.2399
vn -0.2198 0.9456 -0.2399
vn -0.2198 0.9456 -0.2399
vn -0.2198 0.9456 -0.2399
vn 0.1768 0.8334 -0.5235
vn 0.1768 0.8334 -0.5235
vn 0.1768 0.8334 -0.5235
vn 0.1768 0.8334 -0.5235
vn 0.4720 -0.8335 0.2873
vn 0.4720 -0.8335 0.2873
vn 0.4720 -0.8335 0.2873
vn 0.4720 -0.8335 0.2873
vn -0.0419 -0.2818 0.9586
vn -0.0419 -0.2818 0.9586
vn -0.0419 -0.2818 0.9586
vn -0.0419 -0.2818 0.9586
vn -0.5071 -0.5416 0.6704
vn -0.5071 -0.5416 0.6704
vn -0.5071 -0.5416 0.6704
vn -0.5071 -0.5416 0.6704
vn 0.5071 -0.5416 -0.6705
vn 0.5071 -0.5416 -0.6705
vn 0.5071 -0.5416 -0.6705
vn 0.5071 -0.5416 -0.6705
vn -0.7319 -0.1208 0.6706
vn -0.7319 -0.1208 0.6706
vn -0.7319 -0.1208 0.6706
vn -0.7319 -0.1208 0.6706
vn -0.9181 -0.3754 0.1273
vn -0.9181 -0.3754 0.1273
vn -0.9181 -0.3754 0.1273
vn -0.9181 -0.3754 0.1273
vn -0.7852 0.3754 0.4925
vn -0.7852 0.3754 0.4925
vn -0.7852 0.3754 0.4925
vn -0.7852 0.3754 0.4925
vn -0.6644 -0.7071 0.2418
vn -0.6644 -0.7071 0.2418
vn -0.6644 -0.7071 0.2418
vn -0.6644 -0.7071 0.2418
f 1573//1573 1575//1575 1574//1574
f 1573//1573 1574//1574 1576//1576
f 1577//1577 1579//1579 1578//1578
f 1577//1577 1578//1578 1580//1580
f 1581//1581 1583//1583 1582//1582
f 1581//1581 1582//1582 1584//1584
f 1585//1585 1587//1587 1586//1586
f 1585//1585 1586//1586 1588//1588
f 1589//1589 1591//1591 1590//1590
f 1589//1589 1590//1590 1592//1592
f 1593//1593 1595//1595 1594//1594
f 1596//1596 1598//1598 1597//1597
f 1599//1599 1601//1601 1600//1600
f 1602//1602 1604//1604 1603//1603
f 1605//1605 1607//1607 1606//1606
f 1608//1608 1610//1610 1609//1609
f 1611//1611 1613//1613 1612//1612
f 1614//1614 1616//1616 1615//1615
f 1617//1617 1619//1619 1618//1618
f 1617//1617 1618//1618 1620//1620
f 1621//1621 1623//1623 1622//1622
f 1621//1621 1622//1622 1624//1624
f 1625//1625 1627//1627 1626//1626
f 1625//1625 1626//1626 1628//1628
f 1629//1629 1631//1631 1630//1630
f 1629//1629 1630//1630 1632//1632
f 1633//1633 1635//1635 1634//1634
f 1633//1633 1634//1634 1636//1636
f 1637//1637 1639//1639 1638//1638
f 1637//1637 1638//1638 1640//1640
f 1641//1641 1643//1643 1642//1642
f 1641//1641 1642//1642 1644//1644
f 1645//1645 1647//1647 1646//1646
f 1645//1645 1646//1646 1648//1648
f 1649//1649 1651//1651 1650//1650
f 1649//1649 1650//1650 1652//1652
f 1653//1653 1655//1655 1654//1654
f 1653//1653 1654//1654 1656//1656
f 1657//1657 1659//1659 1658//1658
f 1657//1657 1658//1658 1660//1660
f 1661//1661 1663//1663 1662//1662
f 1661//1661 1662//1662 1664//1664
f 1665//1665 1667//1667 1666//1666
f 1665//1665 1666//1666 1668//1668
f 1669//1669 1671//1671 1670//1670
f 1669//1669 1670//1670 1672//1672
f 1673//1673 1675//1675 1674//1674
f 1673//1673 1674//1674 1676//1676
f 1677//1677 1679//1679 1678//1678
f 1677//1677 1678//1678 1680//1680
f 1681//1681 1683//1683 1682//1682
f 1681//1681 1682//1682 1684//1684
f 1685//1685 1687//1687 1686//1686
f 1685//1685 1686//1686 1688//1688
f 1689//1689 1691//1691 1690//1690
f 1692//1692 1694//1694 1693//1693
f 1695//1695 1697//1697 1696//1696
f 1698//1698 1700//1700 1699//1699
f 1701//1701 1703//1703 1702//1702
f 1704//1704 1706//1706 1705//1705
f 1707//1707 1709//1709 1708//1708
f 1710//1710 1712//1712 1711//1711
f 1713//1713 1715//1715 1714//1714
f 1713//1713 1714//1714 1716//1716
f 1717//1717 1719//1719 1718//1718
f 1717//1717 1718//1718 1720//1720
f 1721//1721 1723//1723 1722//1722
f 1721//1721 1722//1722 1724//1724
f 1725//1725 1727//1727 1726//1726
f 1725//1725 1726//1726 1728//1728
f 1729//1729 1731//1731 1730//1730
f 1729//1729 1730//1730 1732//1732
f 1733//1733 1735//1735 1734//1734
f 1733//1733 1734//1734 1736//1736
f 1737//1737 1739//1739 1738//1738
f 1737//1737 1738//1738 1740//1740
f 1741//1741 1743//1743 1742//1742
f 1741//1741 1742//1742 1744//1744
f 1745//1745 1747//1747 1746//1746
f 1745//1745 1746//1746 1748//1748
f 1749//1749 1751//1751 1750//1750
f 1749//1749 1750//1750 1752//1752
f 1753//1753 1755//1755 1754//1754
f 1753//1753 1754//1754 1756//1756
f 1757//1757 1759//1759 1758//1758
f 1757//1757 1758//1758 1760//1760
f 1761//1761 1763//1763 1762//1762
f 1761//1761 1762//1762 1764//1764
f 1477//1477 1479//1479 1478//1478
f 1477//1477 1478//1478 1480//1480
f 1481//1481 1483//1483 1482//1482
f 1481//1481 1482//1482 1484//1484
f 1485//1485 1487//1487 1486//1486
f 1485//1485 1486//1486 1488//1488
f 1489//1489 1491//1491 1490//1490
f 1489//1489 1490//1490 1492//1492
f 1493//1493 1495//1495 1494//1494
f 1493//1493 1494//1494 1496//1496
f 1497//1497 1499//1499 1498//1498
f 1500//1500 1502//1502 1501//1501
f 1503//1503 1505//1505 1504//1504
f 1506//1506 1508//1508 1507//1507
f 1509//1509 1511//1511 1510//1510
f 1512//1512 1514//1514 1513//1513
f 1515//1515 1517//1517 1516//1516
f 1518//1518 1520//1520 1519//1519
f 1521//1521 1523//1523 1522//1522
f 1521//1521 1522//1522 1524//1524
f 1525//1525 1527//1527 1526//1526
f 1525//1525 1526//1526 1528//1528
f 1529//1529 1531//1531 1530//1530
f 1529//1529 1530//1530 1532//1532
f 1533//1533 1535//1535 1534//1534
f 1533//1533 1534//1534 1536//1536
f 1537//1537 1539//1539 1538//1538
f 1537//1537 1538//1538 1540//1540
f 1541//1541 1543//1543 1542//1542
f 1541//1541 1542//1542 1544//1544
f 1545//1545 1547//1547 1546//1546
f 1545//1545 1546//1546 1548//1548
f 1549//1549 1551//1551 1550//1550
f 1549//1549 1550//1550 1552//1552
f 1553//1553 1555//1555 1554//1554
f 1553//1553 1554//1554 1556//1556
f 1557//1557 1559//1559 1558//1558
f 1557//1557 1558//1558 1560//1560
f 1561//1561 1563//1563 1562//1562
f 1561//1561 1562//1562 1564//1564
f 1565//1565 1567//1567 1566//1566
f 1565//1565 1566//1566 1568//1568
f 1569//1569 1571//1571 1570//1570
f 1569//1569 1570//1570 1572//1572
g crew_cloth
usemtl cloth
v -0.18811 0.03100 -0.27999
v -0.19837 0.12900 -0.30818
v -0.18811 0.12900 -0.27999
v -0.19837 0.03100 -0.30818
v -0.14847 0.03100 -0.28803
v -0.18042 0.12900 -0.27640
v -0.14847 0.12900 -0.28803
v -0.18042 0.03100 -0.27640
v -0.15052 0.13500 -0.29367
v -0.19273 0.13500 -0.31023
v -0.16078 0.13500 -0.32186
v -0.18247 0.13500 -0.28204
v -0.19479 0.03100 -0.31587
v -0.16284 0.12900 -0.32750
v -0.19479 0.12900 -0.31587
v -0.16284 0.03100 -0.32750
v -0.15515 0.03100 -0.32391
v -0.14489 0.12900 -0.29572
v -0.15515 0.12900 -0.32391
v -0.14489 0.03100 -0.29572
v -0.19273 0.02500 -0.31023
v -0.19479 0.03100 -0.31587
v -0.19837 0.03100 -0.30818
v -0.19837 0.12900 -0.30818
v -0.19479 0.12900 -0.31587
v -0.19273 0.13500 -0.31023
v -0.16078 0.02500 -0.32186
v -0.15515 0.03100 -0.32391
v -0.16284 0.03100 -0.32750
v -0.16078 0.13500 -0.32186
v -0.16284 0.12900 -0.32750
v -0.15515 0.12900 -0.32391
v -0.18247 0.02500 -0.28204
v -0.18811 0.03100 -0.27999
v -0.18042 0.03100 -0.27640
v -0.18247 0.13500 -0.28204
v -0.18042 0.12900 -0.27640
v -0.18811 0.12900 -0.27999
v -0.15052 0.02500 -0.29367
v -0.14847 0.03100 -0.28803
v -0.14489 0.03100 -0.29572
v -0.15052 0.13500 -0.29367
v -0.14489 0.12900 -0.29572
v -0.14847 0.12900 -0.28803
v -0.16078 0.02500 -0.32186
v -0.19479 0.03100 -0.31587
v -0.19273 0.02500 -0.31023
v -0.16284 0.03100 -0.32750
v -0.19837 0.03100 -0.30818
v -0.19479 0.12900 -0.31587
v -0.19837 0.12900 -0.30818
v -0.19479 0.03100 -0.31587
v -0.19273 0.13500 -0.31023
v -0.16284 0.12900 -0.32750
v -0.16078 0.13500 -0.32186
v -0.19479 0.12900 -0.31587
v -0.15515 0.12900 -0.32391
v -0.16284 0.03100 -0.32750
v -0.15515 0.03100 -0.32391
v -0.16284 0.12900 -0.32750
v -0.15052 0.02500 -0.29367
v -0.15515 0.03100 -0.32391
v -0.16078 0.02500 -0.32186
v -0.14489 0.03100 -0.29572
v -0.16078 0.13500 -0.32186
v -0.14489 0.12900 -0.29572
v -0.15052 0.13500 -0.29367
v -0.15515 0.12900 -0.32391
v -0.14847 0.12900 -0.28803
v -0.14489 0.03100 -0.29572
v -0.14847 0.03100 -0.28803
v -0.14489 0.12900 -0.29572
v -0.18247 0.02500 -0.28204
v -0.14847 0.03100 -0.28803
v -0.15052 0.02500 -0.29367
v -0.18042 0.03100 -0.27640
v -0.15052 0.13500 -0.29367
v -0.18042 0.12900 -0.27640
v -0.18247 0.13500 -0.28204
v -0.14847 0.12900 -0.28803
v -0.18811 0.12900 -0.27999
v -0.18042 0.03100 -0.27640
v -0.18811 0.03100 -0.27999
v -0.18042 0.12900 -0.27640
v -0.19273 0.02500 -0.31023
v -0.18811 0.03100 -0.27999
v -0.18247 0.02500 -0.28204
v -0.19837 0.03100 -0.30818
v -0.18247 0.13500 -0.28204
v -0.19837 0.12900 -0.30818
v -0.19273 0.13500 -0.31023
v -0.18811 0.12900 -0.27999
v -0.16078 0.02500 -0.32186
v -0.18247 0.02500 -0.28204
v -0.15052 0.02500 -0.29367
v -0.19273 0.02500 -0.31023
v -0.16485 0.03100 -0.21609
v -0.17511 0.12900 -0.24428
v -0.16485 0.12900 -0.21609
v -0.17511 0.03100 -0.24428
v -0.12521 0.03100 -0.22413
v -0.15716 0.12900 -0.21250
v -0.12521 0.12900 -0.22413
v -0.15716 0.03100 -0.21250
v -0.12727 0.13500 -0.22977
v -0.16948 0.13500 -0.24633
v -0.13753 0.13500 -0.25796
v -0.15922 0.13500 -0.21814
v -0.17153 0.03100 -0.25197
v -0.13958 0.12900 -0.26360
v -0.17153 0.12900 -0.25197
v -0.13958 0.03100 -0.26360
v -0.13189 0.03100 -0.26001
v -0.12163 0.12900 -0.23182
v -0.13189 0.12900 -0.26001
v -0.12163 0.03100 -0.23182
v -0.16948 0.02500 -0.24633
v -0.17153 0.03100 -0.25197
v -0.17511 0.03100 -0.24428
v -0.17511 0.12900 -0.24428
v -0.17153 0.12900 -0.25197
v -0.16948 0.13500 -0.24633
v -0.13753 0.02500 -0.25796
v -0.13189 0.03100 -0.26001
v -0.13958 0.03100 -0.26360
v -0.13753 0.13500 -0.25796
v -0.13958 0.12900 -0.26360
v -0.13189 0.12900 -0.26001
v -0.15922 0.02500 -0.21814
v -0.16485 0.03100 -0.21609
v -0.15716 0.03100 -0.21250
v -0.15922 0.13500 -0.21814
v -0.15716 0.12900 -0.21250
v -0.16485 0.12900 -0.21609
v -0.12727 0.02500 -0.22977
v -0.12521 0.03100 -0.22413
v -0.12163 0.03100 -0.23182
v -0.12727 0.13500 -0.22977
v -0.12163 0.12900 -0.23182
v -0.12521 0.12900 -0.22413
v -0.13753 0.02500 -0.25796
v -0.17153 0.03100 -0.25197
v -0.16948 0.02500 -0.24633
v -0.13958 0.03100 -0.26360
v -0.17511 0.03100 -0.24428
v -0.17153 0.12900 -0.25197
v -0.17511 0.12900 -0.24428
v -0.17153 0.03100 -0.25197
v -0.16948 0.13500 -0.24633
v -0.13958 0.12900 -0.26360
v -0.13753 0.13500 -0.25796
v -0.17153 0.12900 -0.25197
v -0.13189 0.12900 -0.26001
v -0.13958 0.03100 -0.26360
v -0.13189 0.03100 -0.26001
v -0.13958 0.12900 -0.26360
v -0.12727 0.02500 -0.22977
v -0.13189 0.03100 -0.26001
v -0.13753 0.02500 -0.25796
v -0.12163 0.03100 -0.23182
v -0.13753 0.13500 -0.25796
v -0.12163 0.12900 -0.23182
v -0.12727 0.13500 -0.22977
v -0.13189 0.12900 -0.26001
v -0.12521 0.12900 -0.22413
v -0.12163 0.03100 -0.23182
v -0.12521 0.03100 -0.22413
v -0.12163 0.12900 -0.23182
v -0.15922 0.02500 -0.21814
v -0.12521 0.03100 -0.22413
v -0.12727 0.02500 -0.22977
v -0.15716 0.03100 -0.21250
v -0.12727 0.13500 -0.22977
v -0.15716 0.12900 -0.21250
v -0.15922 0.13500 -0.21814
v -0.12521 0.12900 -0.22413
v -0.16485 0.12900 -0.21609
v -0.15716 0.03100 -0.21250
v -0.16485 0.03100 -0.21609
v -0.15716 0.12900 -0.21250
v -0.16948 0.02500 -0.24633
v -0.16485 0.03100 -0.21609
v -0.15922 0.02500 -0.21814
v -0.17511 0.03100 -0.24428
v -0.15922 0.13500 -0.21814
v -0.17511 0.12900 -0.24428
v -0.16948 0.13500 -0.24633
v -0.16485 0.12900 -0.21609
v -0.13753 0.02500 -0.25796
v -0.15922 0.02500 -0.21814
v -0.12727 0.02500 -0.22977
v -0.16948 0.02500 -0.24633
vn -0.9397 -0.0000 0.3420
vn -0.9397 -0.0000 0.3420
vn -0.9397 -0.0000 0.3420
vn -0.9397 -0.0000 0.3420
vn 0.3420 0.0000 0.9397
vn 0.3420 0.0000 0.9397
vn 0.3420 0.0000 0.9397
vn 0.3420 0.0000 0.9397
vn 0.0000 1.0000 -0.0000
vn 0.0000 1.0000 -0.0000
vn 0.0000 1.0000 -0.0000
vn 0.0000 1.0000 -0.0000
vn -0.3420 0.0000 -0.9397
vn -0.3420 0.0000 -0.9397
vn -0.3420 0.0000 -0.9397
vn -0.3420 0.0000 -0.9397
vn 0.9397 0.0000 -0.3420
vn 0.9397 0.0000 -0.3420
vn 0.9397 0.0000 -0.3420
vn 0.9397 0.0000 -0.3420
vn -0.7399 -0.5774 -0.3452
vn -0.7399 -0.5774 -0.3452
vn -0.7399 -0.5774 -0.3452
vn -0.7400 0.5774 -0.3450
vn -0.7400 0.5774 -0.3450
vn -0.7400 0.5774 -0.3450
vn 0.3451 -0.5773 -0.7400
vn 0.3451 -0.5773 -0.7400
vn 0.3451 -0.5773 -0.7400
vn 0.3451 0.5774 -0.7400
vn 0.3451 0.5774 -0.7400
vn 0.3451 0.5774 -0.7400
vn -0.3450 -0.5774 0.7400
vn -0.3450 -0.5774 0.7400
vn -0.3450 -0.5774 0.7400
vn -0.3452 0.5774 0.7399
vn -0.3452 0.5774 0.7399
vn -0.3452 0.5774 0.7399
vn 0.7400 -0.5774 0.3450
vn 0.7400 -0.5774 0.3450
vn 0.7400 -0.5774 0.3450
vn 0.7399 0.5774 0.3451
vn 0.7399 0.5774 0.3451
vn 0.7399 0.5774 0.3451
vn -0.2418 -0.7071 -0.6645
vn -0.2418 -0.7071 -0.6645
vn -0.2418 -0.7071 -0.6645
vn -0.2418 -0.7071 -0.6645
vn -0.9063 -0.0000 -0.4227
vn -0.9063 -0.0000 -0.4227
vn -0.9063 -0.0000 -0.4227
vn -0.9063 -0.0000 -0.4227
vn -0.2418 0.7071 -0.6645
vn -0.2418 0.7071 -0.6645
vn -0.2418 0.7071 -0.6645
vn -0.2418 0.7071 -0.6645
vn 0.4226 0.0000 -0.9063
vn 0.4226 0.0000 -0.9063
vn 0.4226 0.0000 -0.9063
vn 0.4226 0.0000 -0.9063
vn 0.6645 -0.7071 -0.2418
vn 0.6645 -0.7071 -0.2418
vn 0.6645 -0.7071 -0.2418
vn 0.6645 -0.7071 -0.2418
vn 0.6645 0.7071 -0.2418
vn 0.6645 0.7071 -0.2418
vn 0.6645 0.7071 -0.2418
vn 0.6645 0.7071 -0.2418
vn 0.9063 0.0000 0.4226
vn 0.9063 0.0000 0.4226
vn 0.9063 0.0000 0.4226
vn 0.9063 0.0000 0.4226
vn 0.2419 -0.7071 0.6644
vn 0.2419 -0.7071 0.6644
vn 0.2419 -0.7071 0.6644
vn 0.2419 -0.7071 0.6644
vn 0.2418 0.7071 0.6645
vn 0.2418 0.7071 0.6645
vn 0.2418 0.7071 0.6645
vn 0.2418 0.7071 0.6645
vn -0.4226 -0.0000 0.9063
vn -0.4226 -0.0000 0.9063
vn -0.4226 -0.0000 0.9063
vn -0.4226 -0.0000 0.9063
vn -0.6644 -0.7071 0.2418
vn -0.6644 -0.7071 0.2418
vn -0.6644 -0.7071 0.2418
vn -0.6644 -0.7071 0.2418
vn -0.6645 0.7071 0.2418
vn -0.6645 0.7071 0.2418
vn -0.6645 0.7071 0.2418
vn -0.6645 0.7071 0.2418
vn 0.0000 -1.0000 -0.0000
vn 0.0000 -1.0000 -0.0000
vn 0.0000 -1.0000 -0.0000
vn 0.0000 -1.0000 -0.0000
vn -0.9397 -0.0000 0.3420
vn -0.9397 -0.0000 0.3420
vn -0.9397 -0.0000 0.3420
vn -0.9397 -0.0000 0.3420
vn 0.3420 0.0000 0.9397
vn 0.3420 0.0000 0.9397
vn 0.3420 0.0000 0.9397
vn 0.3420 0.0000 0.9397
vn 0.0000 1.0000 -0.0000
vn 0.0000 1.0000 -0.0000
vn 0.0000 1.0000 -0.0000
vn 0.0000 1.0000 -0.0000
vn -0.3420 0.0000 -0.9397
vn -0.3420 0.0000 -0.9397
vn -0.3420 0.0000 -0.9397
vn -0.3420 0.0000 -0.9397
vn 0.9397 0.0000 -0.3420
vn 0.9397 0.0000 -0.3420
vn 0.9397 0.0000 -0.3420
vn 0.9397 0.0000 -0.3420
vn -0.7399 -0.5774 -0.3452
vn -0.7399 -0.5774 -0.3452
vn -0.7399 -0.5774 -0.3452
vn -0.7400 0.5774 -0.3450
vn -0.7400 0.5774 -0.3450
vn -0.7400 0.5774 -0.3450
vn 0.3451 -0.5773 -0.7400
vn 0.3451 -0.5773 -0.7400
vn 0.3451 -0.5773 -0.7400
vn 0.3451 0.5774 -0.7400
vn 0.3451 0.5774 -0.7400
vn 0.3451 0.5774 -0.7400
vn -0.3450 -0.5774 0.7400
vn -0.3450 -0.5774 0.7400
vn -0.3450 -0.5774 0.7400
vn -0.3452 0.5774 0.7399
vn -0.3452 0.5774 0.7399
vn -0.3452 0.5774 0.7399
vn 0.7400 -0.5774 0.3450
vn 0.7400 -0.5774 0.3450
vn 0.7400 -0.5774 0.3450
vn 0.7399 0.5774 0.3451
vn 0.7399 0.5774 0.3451
vn 0.7399 0.5774 0.3451
vn -0.2418 -0.7071 -0.6645
vn -0.2418 -0.7071 -0.6645
vn -0.2418 -0.7071 -0.6645
vn -0.2418 -0.7071 -0.6645
vn -0.9063 -0.0000 -0.4227
vn -0.9063 -0.0000 -0.4227
vn -0.9063 -0.0000 -0.4227
vn -0.9063 -0.0000 -0.4227
vn -0.2418 0.7071 -0.6645
vn -0.2418 0.7071 -0.6645
vn -0.2418 0.7071 -0.6645
vn -0.2418 0.7071 -0.6645
vn 0.4226 0.0000 -0.9063
vn 0.4226 0.0000 -0.9063
vn 0.4226 0.0000 -0.9063
vn 0.4226 0.0000 -0.9063
vn 0.6645 -0.7071 -0.2418
vn 0.6645 -0.7071 -0.2418
vn 0.6645 -0.7071 -0.2418
vn 0.6645 -0.7071 -0.2418
vn 0.6645 0.7071 -0.2418
vn 0.6645 0.7071 -0.2418
vn 0.6645 0.7071 -0.2418
vn 0.6645 0.7071 -0.2418
vn 0.9063 0.0000 0.4226
vn 0.9063 0.0000 0.4226
vn 0.9063 0.0000 0.4226
vn 0.9063 0.0000 0.4226
vn 0.2419 -0.7071 0.6644
vn 0.2419 -0.7071 0.6644
vn 0.2419 -0.7071 0.6644
vn 0.2419 -0.7071 0.6644
vn 0.2418 0.7071 0.6645
vn 0.2418 0.7071 0.6645
vn 0.2418 0.7071 0.6645
vn 0.2418 0.7071 0.6645
vn -0.4226 -0.0000 0.9063
vn -0.4226 -0.0000 0.9063
vn -0.4226 -0.0000 0.9063
vn -0.4226 -0.0000 0.9063
vn -0.6644 -0.7071 0.2418
vn -0.6644 -0.7071 0.2418
vn -0.6644 -0.7071 0.2418
vn -0.6644 -0.7071 0.2418
vn -0.6645 0.7071 0.2418
vn -0.6645 0.7071 0.2418
vn -0.6645 0.7071 0.2418
vn -0.6645 0.7071 0.2418
vn 0.0000 -1.0000 -0.0000
vn 0.0000 -1.0000 -0.0000
vn 0.0000 -1.0000 -0.0000
vn 0.0000 -1.0000 -0.0000
f 1765//1765 1767//1767 1766//1766
f 1765//1765 1766//1766 1768//1768
f 1769//1769 1771//1771 1770//1770
f 1769//1769 1770//1770 1772//1772
f 1773//1773 1775//1775 1774//1774
f 1773//1773 1774//1774 1776//1776
f 1777//1777 1779//1779 1778//1778
f 1777//1777 1778//1778 1780//1780
f 1781//1781 1783//1783 1782//1782
f 1781//1781 1782//1782 1784//1784
f 1785//1785 1787//1787 1786//1786
f 1788//1788 1790//1790 1789//1789
f 1791//1791 1793//1793 1792//1792
f 1794//1794 1796//1796 1795//1795
f 1797//1797 1799//1799 1798//1798
f 1800//1800 1802//1802 1801//1801
f 1803//1803 1805//1805 1804//1804
f 1806//1806 1808//1808 1807//1807
f 1809//1809 1811//1811 1810//1810
f 1809//1809 1810//1810 1812//1812
f 1813//1813 1815//1815 1814//1814
f 1813//1813 1814//1814 1816//1816
f 1817//1817 1819//1819 1818//1818
f 1817//1817 1818//1818 1820//1820
f 1821//1821 1823//1823 1822//1822
f 1821//1821 1822//1822 1824//1824
f 1825//1825 1827//1827 1826//1826
f 1825//1825 1826//1826 1828//1828
f 1829//1829 1831//1831 1830//1830
f 1829//1829 1830//1830 1832//1832
f 1833//1833 1835//1835 1834//1834
f 1833//1833 1834//1834 1836//1836
f 1837//1837 1839//1839 1838//1838
f 1837//1837 1838//1838 1840//1840
f 1841//1841 1843//1843 1842//1842
f 1841//1841 1842//1842 1844//1844
f 1845//1845 1847//1847 1846//1846
f 1845//1845 1846//1846 1848//1848
f 1849//1849 1851//1851 1850//1850
f 1849//1849 1850//1850 1852//1852
f 1853//1853 1855//1855 1854//1854
f 1853//1853 1854//1854 1856//1856
f 1857//1857 1859//1859 1858//1858
f 1857//1857 1858//1858 1860//1860
f 1861//1861 1863//1863 1862//1862
f 1861//1861 1862//1862 1864//1864
f 1865//1865 1867//1867 1866//1866
f 1865//1865 1866//1866 1868//1868
f 1869//1869 1871//1871 1870//1870
f 1869//1869 1870//1870 1872//1872
f 1873//1873 1875//1875 1874//1874
f 1873//1873 1874//1874 1876//1876
f 1877//1877 1879//1879 1878//1878
f 1877//1877 1878//1878 1880//1880
f 1881//1881 1883//1883 1882//1882
f 1884//1884 1886//1886 1885//1885
f 1887//1887 1889//1889 1888//1888
f 1890//1890 1892//1892 1891//1891
f 1893//1893 1895//1895 1894//1894
f 1896//1896 1898//1898 1897//1897
f 1899//1899 1901//1901 1900//1900
f 1902//1902 1904//1904 1903//1903
f 1905//1905 1907//1907 1906//1906
f 1905//1905 1906//1906 1908//1908
f 1909//1909 1911//1911 1910//1910
f 1909//1909 1910//1910 1912//1912
f 1913//1913 1915//1915 1914//1914
f 1913//1913 1914//1914 1916//1916
f 1917//1917 1919//1919 1918//1918
f 1917//1917 1918//1918 1920//1920
f 1921//1921 1923//1923 1922//1922
f 1921//1921 1922//1922 1924//1924
f 1925//1925 1927//1927 1926//1926
f 1925//1925 1926//1926 1928//1928
f 1929//1929 1931//1931 1930//1930
f 1929//1929 1930//1930 1932//1932
f 1933//1933 1935//1935 1934//1934
f 1933//1933 1934//1934 1936//1936
f 1937//1937 1939//1939 1938//1938
f 1937//1937 1938//1938 1940//1940
f 1941//1941 1943//1943 1942//1942
f 1941//1941 1942//1942 1944//1944
f 1945//1945 1947//1947 1946//1946
f 1945//1945 1946//1946 1948//1948
f 1949//1949 1951//1951 1950//1950
f 1949//1949 1950//1950 1952//1952
f 1953//1953 1955//1955 1954//1954
f 1953//1953 1954//1954 1956//1956
g crew_team
usemtl team
v -0.18175 0.14200 -0.20491
v -0.22227 0.24300 -0.31122
v -0.18121 0.24300 -0.19840
v -0.21850 0.14200 -0.30588
v -0.10866 0.14198 -0.21872
v -0.16582 0.24302 -0.19120
v -0.10489 0.24302 -0.21338
v -0.16636 0.14198 -0.19772
v -0.10855 0.25500 -0.22403
v -0.21145 0.25500 -0.31598
v -0.15014 0.25500 -0.33829
v -0.16986 0.25500 -0.20171
v -0.21134 0.14198 -0.32128
v -0.15418 0.24302 -0.34880
v -0.21511 0.24302 -0.32662
v -0.15364 0.14198 -0.34229
v -0.13825 0.14200 -0.33509
v -0.09773 0.24300 -0.22879
v -0.13879 0.24300 -0.34160
v -0.10150 0.14200 -0.23412
v -0.20679 0.13000 -0.30937
v -0.21134 0.14198 -0.32128
v -0.21850 0.14200 -0.30588
v -0.22227 0.24300 -0.31122
v -0.21511 0.24302 -0.32662
v -0.21145 0.25500 -0.31598
v -0.14947 0.13000 -0.33024
v -0.13825 0.14200 -0.33509
v -0.15364 0.14198 -0.34229
v -0.15014 0.25500 -0.33829
v -0.15418 0.24302 -0.34880
v -0.13879 0.24300 -0.34160
v -0.17053 0.13000 -0.20977
v -0.18175 0.14200 -0.20491
v -0.16636 0.14198 -0.19772
v -0.16986 0.25500 -0.20171
v -0.16582 0.24302 -0.19120
v -0.18121 0.24300 -0.19840
v -0.11321 0.13000 -0.23063
v -0.10866 0.14198 -0.21872
v -0.10150 0.14200 -0.23412
v -0.10855 0.25500 -0.22403
v -0.09773 0.24300 -0.22879
v -0.10489 0.24302 -0.21338
v -0.14947 0.13000 -0.33024
v -0.21134 0.14198 -0.32128
v -0.20679 0.13000 -0.30937
v -0.15364 0.14198 -0.34229
v -0.21850 0.14200 -0.30588
v -0.21511 0.24302 -0.32662
v -0.22227 0.24300 -0.31122
v -0.21134 0.14198 -0.32128
v -0.21145 0.25500 -0.31598
v -0.15418 0.24302 -0.34880
v -0.15014 0.25500 -0.33829
v -0.21511 0.24302 -0.32662
v -0.13879 0.24300 -0.34160
v -0.15364 0.14198 -0.34229
v -0.13825 0.14200 -0.33509
v -0.15418 0.24302 -0.34880
v -0.11321 0.13000 -0.23063
v -0.13825 0.14200 -0.33509
v -0.14947 0.13000 -0.33024
v -0.10150 0.14200 -0.23412
v -0.15014 0.25500 -0.33829
v -0.09773 0.24300 -0.22879
v -0.10855 0.25500 -0.22403
v -0.13879 0.24300 -0.34160
v -0.10489 0.24302 -0.21338
v -0.10150 0.14200 -0.23412
v -0.10866 0.14198 -0.21872
v -0.09773 0.24300 -0.22879
v -0.17053 0.13000 -0.20977
v -0.10866 0.14198 -0.21872
v -0.11321 0.13000 -0.23063
v -0.16636 0.14198 -0.19772
v -0.10855 0.25500 -0.22403
v -0.16582 0.24302 -0.19120
v -0.16986 0.25500 -0.20171
v -0.10489 0.24302 -0.21338
v -0.18121 0.24300 -0.19840
v -0.16636 0.14198 -0.19772
v -0.18175 0.14200 -0.20491
v -0.16582 0.24302 -0.19120
v -0.20679 0.13000 -0.30937
v -0.18175 0.14200 -0.20491
v -0.17053 0.13000 -0.20977
v -0.21850 0.14200 -0.30588
v -0.16986 0.25500 -0.20171
v -0.22227 0.24300 -0.31122
v -0.21145 0.25500 -0.31598
v -0.18121 0.24300 -0.19840
v -0.14947 0.13000 -0.33024
v -0.17053 0.13000 -0.20977
v -0.11321 0.13000 -0.23063
v -0.20679 0.13000 -0.30937
v -0.18314 0.10798 -0.19630
v -0.22120 0.14702 -0.30877
v -0.18196 0.14702 -0.20097
v -0.22510 0.10798 -0.31159
v -0.09968 0.10796 -0.21811
v -0.17168 0.14704 -0.19616
v -0.10359 0.14704 -0.22094
v -0.17285 0.10796 -0.19148
v -0.10710 0.15500 -0.22904
v -0.21290 0.15500 -0.31096
v -0.14581 0.15500 -0.33538
v -0.17419 0.15500 -0.20462
v -0.22032 0.10796 -0.32189
v -0.14832 0.14704 -0.34385
v -0.21641 0.14704 -0.31906
v -0.14715 0.10796 -0.34852
v -0.13686 0.10798 -0.34370
v -0.09880 0.14702 -0.23124
v -0.13803 0.14702 -0.33904
v -0.09490 0.10798 -0.22842
v -0.21839 0.10000 -0.31494
v -0.22032 0.10796 -0.32189
v -0.22510 0.10798 -0.31159
v -0.22120 0.14702 -0.30877
v -0.21641 0.14704 -0.31906
v -0.21290 0.15500 -0.31096
v -0.14416 0.10000 -0.34196
v -0.13686 0.10798 -0.34370
v -0.14715 0.10796 -0.34852
v -0.14581 0.15500 -0.33538
v -0.14832 0.14704 -0.34385
v -0.13803 0.14702 -0.33904
v -0.17584 0.10000 -0.19804
v -0.18314 0.10798 -0.19630
v -0.17285 0.10796 -0.19148
v -0.17419 0.15500 -0.20462
v -0.17168 0.14704 -0.19616
v -0.18196 0.14702 -0.20097
v -0.10161 0.10000 -0.22506
v -0.09968 0.10796 -0.21811
v -0.09490 0.10798 -0.22842
v -0.10710 0.15500 -0.22904
v -0.09880 0.14702 -0.23124
v -0.10359 0.14704 -0.22094
v -0.14416 0.10000 -0.34196
v -0.22032 0.10796 -0.32189
v -0.21839 0.10000 -0.31494
v -0.14715 0.10796 -0.34852
v -0.22510 0.10798 -0.31159
v -0.21641 0.14704 -0.31906
v -0.22120 0.14702 -0.30877
v -0.22032 0.10796 -0.32189
v -0.21290 0.15500 -0.31096
v -0.14832 0.14704 -0.34385
v -0.14581 0.15500 -0.33538
v -0.21641 0.14704 -0.31906
v -0.13803 0.14702 -0.33904
v -0.14715 0.10796 -0.34852
v -0.13686 0.10798 -0.34370
v -0.14832 0.14704 -0.34385
v -0.10161 0.10000 -0.22506
v -0.13686 0.10798 -0.34370
v -0.14416 0.10000 -0.34196
v -0.09490 0.10798 -0.22842
v -0.14581 0.15500 -0.33538
v -0.09880 0.14702 -0.23124
v -0.10710 0.15500 -0.22904
v -0.13803 0.14702 -0.33904
v -0.10359 0.14704 -0.22094
v -0.09490 0.10798 -0.22842
v -0.09968 0.10796 -0.21811
v -0.09880 0.14702 -0.23124
v -0.17584 0.10000 -0.19804
v -0.09968 0.10796 -0.21811
v -0.10161 0.10000 -0.22506
v -0.17285 0.10796 -0.19148
v -0.10710 0.15500 -0.22904
v -0.17168 0.14704 -0.19616
v -0.17419 0.15500 -0.20462
v -0.10359 0.14704 -0.22094
v -0.18196 0.14702 -0.20097
v -0.17285 0.10796 -0.19148
v -0.18314 0.10798 -0.19630
v -0.17168 0.14704 -0.19616
v -0.21839 0.10000 -0.31494
v -0.18314 0.10798 -0.19630
v -0.17584 0.10000 -0.19804
v -0.22510 0.10798 -0.31159
v -0.17419 0.15500 -0.20462
v -0.22120 0.14702 -0.30877
v -0.21290 0.15500 -0.31096
v -0.18196 0.14702 -0.20097
v -0.14416 0.10000 -0.34196
v -0.17584 0.10000 -0.19804
v -0.10161 0.10000 -0.22506
v -0.21839 0.10000 -0.31494
v -0.20445 0.15337 -0.33365
v -0.20551 0.25422 -0.33656
v -0.19748 0.24923 -0.31451
v -0.21248 0.15836 -0.35571
v -0.17049 0.15212 -0.33977
v -0.18984 0.24798 -0.31104
v -0.16352 0.24798 -0.32062
v -0.19681 0.15212 -0.33019
v -0.16510 0.25510 -0.32496
v -0.19945 0.26009 -0.33744
v -0.17313 0.26009 -0.34702
v -0.19142 0.25510 -0.31538
v -0.20885 0.15961 -0.36328
v -0.17557 0.25547 -0.35371
v -0.20188 0.25547 -0.34413
v -0.18254 0.15961 -0.37285
v -0.17489 0.15836 -0.36939
v -0.15989 0.24923 -0.32819
v -0.16792 0.25422 -0.35025
v -0.16686 0.15337 -0.34733
v -0.20727 0.15249 -0.35893
v -0.20885 0.15961 -0.36328
v -0.21248 0.15836 -0.35571
v -0.20551 0.25422 -0.33656
v -0.20188 0.25547 -0.34413
v -0.19945 0.26009 -0.33744
v -0.18096 0.15249 -0.36851
v -0.17489 0.15836 -0.36939
v -0.18254 0.15961 -0.37285
v -0.17313 0.26009 -0.34702
v -0.17557 0.25547 -0.35371
v -0.16792 0.25422 -0.35025
v -0.19924 0.14750 -0.33688
v -0.20445 0.15337 -0.33365
v -0.19681 0.15212 -0.33019
v -0.19142 0.25510 -0.31538
v -0.18984 0.24798 -0.31104
v -0.19748 0.24923 -0.31451
v -0.17293 0.14750 -0.34645
v -0.17049 0.15212 -0.33977
v -0.16686 0.15337 -0.34733
v -0.16510 0.25510 -0.32496
v -0.15989 0.24923 -0.32819
v -0.16352 0.24798 -0.32062
v -0.18096 0.15249 -0.36851
v -0.20885 0.15961 -0.36328
v -0.20727 0.15249 -0.35893
v -0.18254 0.15961 -0.37285
v -0.21248 0.15836 -0.35571
v -0.20188 0.25547 -0.34413
v -0.20551 0.25422 -0.33656
v -0.20885 0.15961 -0.36328
v -0.19945 0.26009 -0.33744
v -0.17557 0.25547 -0.35371
v -0.17313 0.26009 -0.34702
v -0.20188 0.25547 -0.34413
v -0.16792 0.25422 -0.35025
v -0.18254 0.15961 -0.37285
v -0.17489 0.15836 -0.36939
v -0.17557 0.25547 -0.35371
v -0.17293 0.14750 -0.34645
v -0.17489 0.15836 -0.36939
v -0.18096 0.15249 -0.36851
v -0.16686 0.15337 -0.34733
v -0.17313 0.26009 -0.34702
v -0.15989 0.24923 -0.32819
v -0.16510 0.25510 -0.32496
v -0.16792 0.25422 -0.35025
v -0.16352 0.24798 -0.32062
v -0.16686 0.15337 -0.34733
v -0.17049 0.15212 -0.33977
v -0.15989 0.24923 -0.32819
v -0.19924 0.14750 -0.33688
v -0.17049 0.15212 -0.33977
v -0.17293 0.14750 -0.34645
v -0.19681 0.15212 -0.33019
v -0.16510 0.25510 -0.32496
v -0.18984 0.24798 -0.31104
v -0.19142 0.25510 -0.31538
v -0.16352 0.24798 -0.32062
v -0.19748 0.24923 -0.31451
v -0.19681 0.15212 -0.33019
v -0.20445 0.15337 -0.33365
v -0.18984 0.24798 -0.31104
v -0.20727 0.15249 -0.35893
v -0.20445 0.15337 -0.33365
v -0.19924 0.14750 -0.33688
v -0.21248 0.15836 -0.35571
v -0.19142 0.25510 -0.31538
v -0.20551 0.25422 -0.33656
v -0.19945 0.26009 -0.33744
v -0.19748 0.24923 -0.31451
v -0.18096 0.15249 -0.36851
v -0.19924 0.14750 -0.33688
v -0.17293 0.14750 -0.34645
v -0.20727 0.15249 -0.35893
v -0.14511 0.15836 -0.17061
v -0.16011 0.24923 -0.21182
v -0.15208 0.25422 -0.18976
v -0.15314 0.15337 -0.19267
v -0.11115 0.15961 -0.17672
v -0.14443 0.25547 -0.18629
v -0.11812 0.25547 -0.19587
v -0.13746 0.15961 -0.16715
v -0.12055 0.26009 -0.20256
v -0.15490 0.25510 -0.21504
v -0.12858 0.25510 -0.22462
v -0.14687 0.26009 -0.19298
v -0.14951 0.15212 -0.20024
v -0.13016 0.24798 -0.22896
v -0.15648 0.24798 -0.21939
v -0.12319 0.15212 -0.20981
v -0.11555 0.15337 -0.20635
v -0.11449 0.25422 -0.20344
v -0.12252 0.24923 -0.22550
v -0.10752 0.15836 -0.18429
v -0.14707 0.14750 -0.19355
v -0.14951 0.15212 -0.20024
v -0.15314 0.15337 -0.19267
v -0.16011 0.24923 -0.21182
v -0.15648 0.24798 -0.21939
v -0.15490 0.25510 -0.21504
v -0.12076 0.14750 -0.20313
v -0.11555 0.15337 -0.20635
v -0.12319 0.15212 -0.20981
v -0.12858 0.25510 -0.22462
v -0.13016 0.24798 -0.22896
v -0.12252 0.24923 -0.22550
v -0.13904 0.15249 -0.17149
v -0.14511 0.15836 -0.17061
v -0.13746 0.15961 -0.16715
v -0.14687 0.26009 -0.19298
v -0.14443 0.25547 -0.18629
v -0.15208 0.25422 -0.18976
v -0.11273 0.15249 -0.18107
v -0.11115 0.15961 -0.17672
v -0.10752 0.15836 -0.18429
v -0.12055 0.26009 -0.20256
v -0.11449 0.25422 -0.20344
v -0.11812 0.25547 -0.19587
v -0.12076 0.14750 -0.20313
v -0.14951 0.15212 -0.20024
v -0.14707 0.14750 -0.19355
v -0.12319 0.15212 -0.20981
v -0.15314 0.15337 -0.19267
v -0.15648 0.24798 -0.21939
v -0.16011 0.24923 -0.21182
v -0.14951 0.15212 -0.20024
v -0.15490 0.25510 -0.21504
v -0.13016 0.24798 -0.22896
v -0.12858 0.25510 -0.22462
v -0.15648 0.24798 -0.21939
v -0.12252 0.24923 -0.22550
v -0.12319 0.15212 -0.20981
v -0.11555 0.15337 -0.20635
v -0.13016 0.24798 -0.22896
v -0.11273 0.15249 -0.18107
v -0.11555 0.15337 -0.20635
v -0.12076 0.14750 -0.20313
v -0.10752 0.15836 -0.18429
v -0.12858 0.25510 -0.22462
v -0.11449 0.25422 -0.20344
v -0.12055 0.26009 -0.20256
v -0.12252 0.24923 -0.22550
v -0.11812 0.25547 -0.19587
v -0.10752 0.15836 -0.18429
v -0.11115 0.15961 -0.17672
v -0.11449 0.25422 -0.20344
v -0.13904 0.15249 -0.17149
v -0.11115 0.15961 -0.17672
v -0.11273 0.15249 -0.18107
v -0.13746 0.15961 -0.16715
v -0.12055 0.26009 -0.20256
v -0.14443 0.25547 -0.18629
v -0.14687 0.26009 -0.19298
v -0.11812 0.25547 -0.19587
v -0.15208 0.25422 -0.18976
v -0.13746 0.15961 -0.16715
v -0.14511 0.15836 -0.17061
v -0.14443 0.25547 -0.18629
v -0.14707 0.14750 -0.19355
v -0.14511 0.15836 -0.17061
v -0.13904 0.15249 -0.17149
v -0.15314 0.15337 -0.19267
v -0.14687 0.26009 -0.19298
v -0.16011 0.24923 -0.21182
v -0.15490 0.25510 -0.21504
v -0.15208 0.25422 -0.18976
v -0.12076 0.14750 -0.20313
v -0.13904 0.15249 -0.17149
v -0.11273 0.15249 -0.18107
v -0.14707 0.14750 -0.19355
v -0.10181 0.31568 -0.29118
v -0.11618 0.34492 -0.25359
v -0.11474 0.34492 -0.28647
v -0.10371 0.31568 -0.24778
v -0.10371 0.31568 -0.24778
v -0.14045 0.34492 -0.23136
v -0.11618 0.34492 -0.25359
v -0.13574 0.31568 -0.21843
v -0.13574 0.31568 -0.21843
v -0.17332 0.34492 -0.23280
v -0.14045 0.34492 -0.23136
v -0.17914 0.31568 -0.22032
v -0.17914 0.31568 -0.22032
v -0.19556 0.34492 -0.25706
v -0.17332 0.34492 -0.23280
v -0.20849 0.31568 -0.25235
v -0.20849 0.31568 -0.25235
v -0.19412 0.34492 -0.28994
v -0.19556 0.34492 -0.25706
v -0.20659 0.31568 -0.29575
v -0.20659 0.31568 -0.29575
v -0.16986 0.34492 -0.31217
v -0.19412 0.34492 -0.28994
v -0.17456 0.31568 -0.32510
v -0.14045 0.34492 -0.23136
v -0.11474 0.34492 -0.28647
v -0.11618 0.34492 -0.25359
v -0.16986 0.34492 -0.31217
v -0.13698 0.34492 -0.31074
v -0.19556 0.34492 -0.25706
v -0.17332 0.34492 -0.23280
v -0.19412 0.34492 -0.28994
v -0.17456 0.31568 -0.32510
v -0.13698 0.34492 -0.31074
v -0.16986 0.34492 -0.31217
v -0.13116 0.31568 -0.32321
v -0.13116 0.31568 -0.32321
v -0.11474 0.34492 -0.28647
v -0.13698 0.34492 -0.31074
v -0.10181 0.31568 -0.29118
v -0.13116 0.31568 -0.32321
v -0.10371 0.31568 -0.24778
v -0.10181 0.31568 -0.29118
v -0.17914 0.31568 -0.22032
v -0.13574 0.31568 -0.21843
v -0.20659 0.31568 -0.29575
v -0.17456 0.31568 -0.32510
v -0.20849 0.31568 -0.25235
v -0.23129 0.32208 -0.28524
v -0.19404 0.32106 -0.29879
v -0.22933 0.33042 -0.28595
v -0.19600 0.31272 -0.29808
v -0.19600 0.31272 -0.29808
v -0.16757 0.32106 -0.22606
v -0.19404 0.32106 -0.29879
v -0.16953 0.31272 -0.22535
v -0.16953 0.31272 -0.22535
v -0.20286 0.33042 -0.21322
v -0.16757 0.32106 -0.22606
v -0.20481 0.32208 -0.21251
v -0.20481 0.32208 -0.21251
v -0.22933 0.33042 -0.28595
v -0.20286 0.33042 -0.21322
v -0.23129 0.32208 -0.28524
v -0.19600 0.31272 -0.29808
v -0.20481 0.32208 -0.21251
v -0.16953 0.31272 -0.22535
v -0.23129 0.32208 -0.28524
v -0.16757 0.32106 -0.22606
v -0.22933 0.33042 -0.28595
v -0.19404 0.32106 -0.29879
v -0.20286 0.33042 -0.21322
vn -0.9425 -0.0085 0.3340
vn -0.9425 -0.0085 0.3340
vn -0.9425 -0.0085 0.3340
vn -0.9425 -0.0085 0.3340
vn -0.4231 -0.0443 0.9050
vn -0.4231 -0.0443 0.9050
vn -0.4231 -0.0443 0.9050
vn -0.4231 -0.0443 0.9050
vn -0.6645 0.7071 0.2418
vn -0.6645 0.7071 0.2418
vn -0.6645 0.7071 0.2418
vn -0.6645 0.7071 0.2418
vn 0.0585 0.9981 -0.0212
vn 0.0585 0.9981 -0.0212
vn 0.0585 0.9981 -0.0212
vn 0.0585 0.9981 -0.0212
vn -0.2362 0.7072 -0.6664
vn -0.2362 0.7072 -0.6664
vn -0.2362 0.7072 -0.6664
vn -0.2362 0.7072 -0.6664
vn 0.9260 0.3756 -0.0375
vn 0.9260 0.3756 -0.0375
vn 0.9260 0.3756 -0.0375
vn -0.6838 0.6491 0.3331
vn -0.6838 0.6491 0.3331
vn -0.6838 0.6491 0.3331
vn 0.2635 0.9393 -0.2198
vn 0.2635 0.9393 -0.2198
vn 0.2635 0.9393 -0.2198
vn -0.5117 0.8386 -0.1865
vn -0.5117 0.8386 -0.1865
vn -0.5117 0.8386 -0.1865
vn -0.7566 -0.4652 0.4595
vn -0.7566 -0.4652 0.4595
vn -0.7566 -0.4652 0.4595
vn -0.7092 0.2580 0.6560
vn -0.7092 0.2580 0.6560
vn -0.7092 0.2580 0.6560
vn 0.2015 0.5612 -0.8028
vn 0.2015 0.5612 -0.8028
vn 0.2015 0.5612 -0.8028
vn 0.0425 -0.1518 0.9875
vn 0.0425 -0.1518 0.9875
vn 0.0425 -0.1518 0.9875
vn 0.6062 0.7821 -0.1444
vn 0.6062 0.7821 -0.1444
vn 0.6062 0.7821 -0.1444
vn 0.6062 0.7821 -0.1444
vn -0.6324 0.7699 -0.0851
vn -0.6324 0.7699 -0.0851
vn -0.6324 0.7699 -0.0851
vn -0.6324 0.7699 -0.0851
vn -0.5804 0.8015 0.1442
vn -0.5804 0.8015 0.1442
vn -0.5804 0.8015 0.1442
vn -0.5804 0.8015 0.1442
vn -0.1798 0.9541 -0.2394
vn -0.1798 0.9541 -0.2394
vn -0.1798 0.9541 -0.2394
vn -0.1798 0.9541 -0.2394
vn 0.1832 0.8345 -0.5196
vn 0.1832 0.8345 -0.5196
vn 0.1832 0.8345 -0.5196
vn 0.1832 0.8345 -0.5196
vn 0.4696 -0.8324 0.2943
vn 0.4696 -0.8324 0.2943
vn 0.4696 -0.8324 0.2943
vn 0.4696 -0.8324 0.2943
vn -0.0500 -0.3006 0.9524
vn -0.0500 -0.3006 0.9524
vn -0.0500 -0.3006 0.9524
vn -0.0500 -0.3006 0.9524
vn -0.5139 -0.5585 0.6511
vn -0.5139 -0.5585 0.6511
vn -0.5139 -0.5585 0.6511
vn -0.5139 -0.5585 0.6511
vn 0.5005 -0.5238 -0.6893
vn 0.5005 -0.5238 -0.6893
vn 0.5005 -0.5238 -0.6893
vn 0.5005 -0.5238 -0.6893
vn -0.7349 -0.1574 0.6597
vn -0.7349 -0.1574 0.6597
vn -0.7349 -0.1574 0.6597
vn -0.7349 -0.1574 0.6597
vn -0.9164 -0.3793 0.1277
vn -0.9164 -0.3793 0.1277
vn -0.9164 -0.3793 0.1277
vn -0.9164 -0.3793 0.1277
vn -0.7863 0.3714 0.4938
vn -0.7863 0.3714 0.4938
vn -0.7863 0.3714 0.4938
vn -0.7863 0.3714 0.4938
vn -0.6644 -0.7071 0.2418
vn -0.6644 -0.7071 0.2418
vn -0.6644 -0.7071 0.2418
vn -0.6644 -0.7071 0.2418
vn -0.9269 0.0344 0.3738
vn -0.9269 0.0344 0.3738
vn -0.9269 0.0344 0.3738
vn -0.9269 0.0344 0.3738
vn 0.4239 -0.0720 -0.9028
vn 0.4239 -0.0720 -0.9028
vn 0.4239 -0.0720 -0.9028
vn 0.4239 -0.0720 -0.9028
vn -0.6645 0.7071 0.2418
vn -0.6645 0.7071 0.2418
vn -0.6645 0.7071 0.2418
vn -0.6645 0.7071 0.2418
vn -0.0953 0.9949 0.0344
vn -0.0953 0.9949 0.0344
vn -0.0953 0.9949 0.0344
vn -0.0953 0.9949 0.0344
vn 0.2641 -0.7086 0.6543
vn 0.2641 -0.7086 0.6543
vn 0.2641 -0.7086 0.6543
vn 0.2641 -0.7086 0.6543
vn -0.5427 0.6204 -0.5662
vn -0.5427 0.6204 -0.5662
vn -0.5427 0.6204 -0.5662
vn -0.6958 0.6274 0.3496
vn -0.6958 0.6274 0.3496
vn -0.6958 0.6274 0.3496
vn 0.1794 0.9582 -0.2228
vn 0.1794 0.9582 -0.2228
vn 0.1794 0.9582 -0.2228
vn -0.5444 0.8238 -0.1582
vn -0.5444 0.8238 -0.1582
vn -0.5444 0.8238 -0.1582
vn -0.7553 -0.4168 0.5058
vn -0.7553 -0.4168 0.5058
vn -0.7553 -0.4168 0.5058
vn -0.7052 0.3266 0.6293
vn -0.7052 0.3266 0.6293
vn -0.7052 0.3266 0.6293
vn 0.1564 0.4985 -0.8527
vn 0.1564 0.4985 -0.8527
vn 0.1564 0.4985 -0.8527
vn 0.3513 -0.9088 -0.2250
vn 0.3513 -0.9088 -0.2250
vn 0.3513 -0.9088 -0.2250
vn 0.5713 0.8080 -0.1440
vn 0.5713 0.8080 -0.1440
vn 0.5713 0.8080 -0.1440
vn 0.5713 0.8080 -0.1440
vn -0.6515 0.7539 0.0853
vn -0.6515 0.7539 0.0853
vn -0.6515 0.7539 0.0853
vn -0.6515 0.7539 0.0853
vn -0.6135 0.7764 0.1444
vn -0.6135 0.7764 0.1444
vn -0.6135 0.7764 0.1444
vn -0.6135 0.7764 0.1444
vn -0.3005 0.9231 -0.2401
vn -0.3005 0.9231 -0.2401
vn -0.3005 0.9231 -0.2401
vn -0.3005 0.9231 -0.2401
vn 0.1513 0.8286 -0.5390
vn 0.1513 0.8286 -0.5390
vn 0.1513 0.8286 -0.5390
vn 0.1513 0.8286 -0.5390
vn 0.4814 -0.8375 0.2587
vn 0.4814 -0.8375 0.2587
vn 0.4814 -0.8375 0.2587
vn 0.4814 -0.8375 0.2587
vn -0.0241 -0.2465 0.9689
vn -0.0241 -0.2465 0.9689
vn -0.0241 -0.2465 0.9689
vn -0.0241 -0.2465 0.9689
vn -0.4963 -0.5122 0.7009
vn -0.4963 -0.5122 0.7009
vn -0.4963 -0.5122 0.7009
vn -0.4963 -0.5122 0.7009
vn 0.5184 -0.5687 -0.6386
vn 0.5184 -0.5687 -0.6386
vn 0.5184 -0.5687 -0.6386
vn 0.5184 -0.5687 -0.6386
vn -0.7268 -0.0407 0.6856
vn -0.7268 -0.0407 0.6856
vn -0.7268 -0.0407 0.6856
vn -0.7268 -0.0407 0.6856
vn -0.9245 -0.3595 0.1265
vn -0.9245 -0.3595 0.1265
vn -0.9245 -0.3595 0.1265
vn -0.9245 -0.3595 0.1265
vn -0.7809 0.3912 0.4869
vn -0.7809 0.3912 0.4869
vn -0.7809 0.3912 0.4869
vn -0.7809 0.3912 0.4869
vn -0.6644 -0.7071 0.2418
vn -0.6644 -0.7071 0.2418
vn -0.6644 -0.7071 0.2418
vn -0.6644 -0.7071 0.2418
vn -0.9397 -0.0000 0.3420
vn -0.9397 -0.0000 0.3420
vn -0.9397 -0.0000 0.3420
vn -0.9397 -0.0000 0.3420
vn -0.4280 -0.1486 0.8915
vn -0.4280 -0.1486 0.8915
vn -0.4280 -0.1486 0.8915
vn -0.4280 -0.1486 0.8915
vn 0.6327 -0.7026 -0.3256
vn 0.6327 -0.7026 -0.3256
vn 0.6327 -0.7026 -0.3256
vn 0.6327 -0.7026 -0.3256
vn -0.1940 0.9786 0.0682
vn -0.1940 0.9786 0.0682
vn -0.1940 0.9786 0.0682
vn -0.1940 0.9786 0.0682
vn -0.2418 0.7071 -0.6645
vn -0.2418 0.7071 -0.6645
vn -0.2418 0.7071 -0.6645
vn -0.2418 0.7071 -0.6645
vn -0.0738 0.8619 -0.5017
vn -0.0738 0.8619 -0.5017
vn -0.0738 0.8619 -0.5017
vn -0.7282 0.5714 0.3784
vn -0.7282 0.5714 0.3784
vn -0.7282 0.5714 0.3784
vn 0.1646 0.9678 -0.1902
vn 0.1646 0.9678 -0.1902
vn 0.1646 0.9678 -0.1902
vn -0.5493 0.8161 -0.1796
vn -0.5493 0.8161 -0.1796
vn -0.5493 0.8161 -0.1796
vn -0.7907 -0.4853 0.3732
vn -0.7907 -0.4853 0.3732
vn -0.7907 -0.4853 0.3732
vn -0.6907 0.2012 0.6946
vn -0.6907 0.2012 0.6946
vn -0.6907 0.2012 0.6946
vn 0.2161 0.6458 -0.7323
vn 0.2161 0.6458 -0.7323
vn 0.2161 0.6458 -0.7323
vn -0.0730 0.0485 0.9962
vn -0.0730 0.0485 0.9962
vn -0.0730 0.0485 0.9962
vn 0.4830 0.8647 -0.1376
vn 0.4830 0.8647 -0.1376
vn 0.4830 0.8647 -0.1376
vn 0.4830 0.8647 -0.1376
vn -0.6632 0.7402 0.1108
vn -0.6632 0.7402 0.1108
vn -0.6632 0.7402 0.1108
vn -0.6632 0.7402 0.1108
vn -0.6574 0.7392 0.1460
vn -0.6574 0.7392 0.1460
vn -0.6574 0.7392 0.1460
vn -0.6574 0.7392 0.1460
vn -0.3194 0.9154 -0.2449
vn -0.3194 0.9154 -0.2449
vn -0.3194 0.9154 -0.2449
vn -0.3194 0.9154 -0.2449
vn 0.1840 0.8768 -0.4442
vn 0.1840 0.8768 -0.4442
vn 0.1840 0.8768 -0.4442
vn 0.1840 0.8768 -0.4442
vn 0.4364 -0.8456 0.3075
vn 0.4364 -0.8456 0.3075
vn 0.4364 -0.8456 0.3075
vn 0.4364 -0.8456 0.3075
vn -0.0607 -0.3379 0.9392
vn -0.0607 -0.3379 0.9392
vn -0.0607 -0.3379 0.9392
vn -0.0607 -0.3379 0.9392
vn -0.5549 -0.6365 0.5357
vn -0.5549 -0.6365 0.5357
vn -0.5549 -0.6365 0.5357
vn -0.5549 -0.6365 0.5357
vn 0.4669 -0.4095 -0.7838
vn 0.4669 -0.4095 -0.7838
vn 0.4669 -0.4095 -0.7838
vn 0.4669 -0.4095 -0.7838
vn -0.7428 -0.2162 0.6337
vn -0.7428 -0.2162 0.6337
vn -0.7428 -0.2162 0.6337
vn -0.7428 -0.2162 0.6337
vn -0.9433 -0.3268 0.0578
vn -0.9433 -0.3268 0.0578
vn -0.9433 -0.3268 0.0578
vn -0.9433 -0.3268 0.0578
vn -0.7799 0.3381 0.5267
vn -0.7799 0.3381 0.5267
vn -0.7799 0.3381 0.5267
vn -0.7799 0.3381 0.5267
vn 0.6818 0.7076 -0.1858
vn 0.6818 0.7076 -0.1858
vn 0.6818 0.7076 -0.1858
vn 0.6818 0.7076 -0.1858
vn -0.9397 -0.0000 0.3420
vn -0.9397 -0.0000 0.3420
vn -0.9397 -0.0000 0.3420
vn -0.9397 -0.0000 0.3420
vn 0.4280 -0.1486 -0.8915
vn 0.4280 -0.1486 -0.8915
vn 0.4280 -0.1486 -0.8915
vn 0.4280 -0.1486 -0.8915
vn -0.6819 0.7075 0.1858
vn -0.6819 0.7075 0.1858
vn -0.6819 0.7075 0.1858
vn -0.6819 0.7075 0.1858
vn 0.1940 0.9786 -0.0682
vn 0.1940 0.9786 -0.0682
vn 0.1940 0.9786 -0.0682
vn 0.1940 0.9786 -0.0682
vn -0.2418 0.7071 -0.6645
vn -0.2418 0.7071 -0.6645
vn -0.2418 0.7071 -0.6645
vn -0.2418 0.7071 -0.6645
vn -0.9430 -0.3328 -0.0058
vn -0.9430 -0.3328 -0.0058
vn -0.9430 -0.3328 -0.0058
vn -0.6302 0.7247 0.2787
vn -0.6302 0.7247 0.2787
vn -0.6302 0.7247 0.2787
vn 0.2886 0.9219 -0.2585
vn 0.2886 0.9219 -0.2585
vn 0.2886 0.9219 -0.2585
vn -0.4678 0.8679 -0.1673
vn -0.4678 0.8679 -0.1673
vn -0.4678 0.8679 -0.1673
vn -0.7238 -0.3859 0.5720
vn -0.7238 -0.3859 0.5720
vn -0.7238 -0.3859 0.5720
vn -0.7264 0.3455 0.5941
vn -0.7264 0.3455 0.5941
vn -0.7264 0.3455 0.5941
vn 0.1664 0.4353 -0.8848
vn 0.1664 0.4353 -0.8848
vn 0.1664 0.4353 -0.8848
vn 0.3895 -0.9192 0.0588
vn 0.3895 -0.9192 0.0588
vn 0.3895 -0.9192 0.0588
vn 0.6574 0.7392 -0.1460
vn 0.6574 0.7392 -0.1460
vn 0.6574 0.7392 -0.1460
vn 0.6574 0.7392 -0.1460
vn -0.6371 0.7496 -0.1798
vn -0.6371 0.7496 -0.1798
vn -0.6371 0.7496 -0.1798
vn -0.6371 0.7496 -0.1798
vn -0.4831 0.8647 0.1376
vn -0.4831 0.8647 0.1376
vn -0.4831 0.8647 0.1376
vn -0.4831 0.8647 0.1376
vn -0.1151 0.9633 -0.2423
vn -0.1151 0.9633 -0.2423
vn -0.1151 0.9633 -0.2423
vn -0.1151 0.9633 -0.2423
vn 0.1592 0.7749 -0.6117
vn 0.1592 0.7749 -0.6117
vn 0.1592 0.7749 -0.6117
vn 0.1592 0.7749 -0.6117
vn 0.4960 -0.8218 0.2803
vn 0.4960 -0.8218 0.2803
vn 0.4960 -0.8218 0.2803
vn 0.4960 -0.8218 0.2803
vn -0.0150 -0.2476 0.9688
vn -0.0150 -0.2476 0.9688
vn -0.0150 -0.2476 0.9688
vn -0.0150 -0.2476 0.9688
vn -0.4669 -0.4095 0.7837
vn -0.4669 -0.4095 0.7837
vn -0.4669 -0.4095 0.7837
vn -0.4669 -0.4095 0.7837
vn 0.5549 -0.6365 -0.5357
vn 0.5549 -0.6365 -0.5357
vn 0.5549 -0.6365 -0.5357
vn 0.5549 -0.6365 -0.5357
vn -0.7285 -0.0241 0.6846
vn -0.7285 -0.0241 0.6846
vn -0.7285 -0.0241 0.6846
vn -0.7285 -0.0241 0.6846
vn -0.8905 -0.4081 0.2013
vn -0.8905 -0.4081 0.2013
vn -0.8905 -0.4081 0.2013
vn -0.8905 -0.4081 0.2013
vn -0.7839 0.4143 0.4624
vn -0.7839 0.4143 0.4624
vn -0.7839 0.4143 0.4624
vn -0.7839 0.4143 0.4624
vn -0.6327 -0.7026 0.3256
vn -0.6327 -0.7026 0.3256
vn -0.6327 -0.7026 0.3256
vn -0.6327 -0.7026 0.3256
vn 0.2561 -0.6502 0.7152
vn 0.2561 -0.6502 0.7152
vn 0.2561 -0.6502 0.7152
vn 0.2561 -0.6502 0.7152
vn -0.2665 0.2652 0.9267
vn -0.2665 0.2652 0.9267
vn -0.2665 0.2652 0.9267
vn -0.2665 0.2652 0.9267
vn -0.5944 0.2325 0.7698
vn -0.5944 0.2325 0.7698
vn -0.5944 0.2325 0.7698
vn -0.5944 0.2325 0.7698
vn -0.7997 0.1188 0.5886
vn -0.7997 0.1188 0.5886
vn -0.7997 0.1188 0.5886
vn -0.7997 0.1188 0.5886
vn -0.8270 0.4136 0.3809
vn -0.8270 0.4136 0.3809
vn -0.8270 0.4136 0.3809
vn -0.8270 0.4136 0.3809
vn -0.4555 0.8682 0.1968
vn -0.4555 0.8682 0.1968
vn -0.4555 0.8682 0.1968
vn -0.4555 0.8682 0.1968
vn -0.6645 0.7071 0.2418
vn -0.6645 0.7071 0.2418
vn -0.6645 0.7071 0.2418
vn -0.6645 0.7071 0.2418
vn -0.6645 0.7071 0.2418
vn -0.6645 0.7071 0.2418
vn -0.6645 0.7071 0.2418
vn -0.6645 0.7071 0.2418
vn -0.4008 0.9159 -0.0218
vn -0.4008 0.9159 -0.0218
vn -0.4008 0.9159 -0.0218
vn -0.4008 0.9159 -0.0218
vn -0.4344 0.8098 -0.3943
vn -0.4344 0.8098 -0.3943
vn -0.4344 0.8098 -0.3943
vn -0.4344 0.8098 -0.3943
vn -0.6644 -0.7071 0.2418
vn -0.6644 -0.7071 0.2418
vn -0.6644 -0.7071 0.2418
vn -0.6644 -0.7071 0.2418
vn -0.6644 -0.7071 0.2418
vn -0.6644 -0.7071 0.2418
vn -0.6644 -0.7071 0.2418
vn -0.6644 -0.7071 0.2418
vn 0.0000 1.0000 -0.0000
vn 0.0000 1.0000 -0.0000
vn 0.0000 1.0000 -0.0000
vn 0.0000 1.0000 -0.0000
vn -0.1499 0.7252 -0.6721
vn -0.1499 0.7252 -0.6721
vn -0.1499 0.7252 -0.6721
vn -0.1499 0.7252 -0.6721
vn -0.4226 -0.0000 0.9063
vn -0.4226 -0.0000 0.9063
vn -0.4226 -0.0000 0.9063
vn -0.4226 -0.0000 0.9063
vn -0.8876 0.1211 0.4444
vn -0.8876 0.1211 0.4444
vn -0.8876 0.1211 0.4444
vn -0.8876 0.1211 0.4444
vn -0.7648 -0.6138 0.1958
vn -0.7648 -0.6138 0.1958
vn -0.7648 -0.6138 0.1958
vn -0.7648 -0.6138 0.1958
vn 0.6096 -0.7841 -0.1164
vn 0.6096 -0.7841 -0.1164
vn 0.6096 -0.7841 -0.1164
vn 0.6096 -0.7841 -0.1164
f 1957//1957 1959//1959 1958//1958
f 1957//1957 1958//1958 1960//1960
f 1961//1961 1963//1963 1962//1962
f 1961//1961 1962//1962 1964//1964
f 1965//1965 1967//1967 1966//1966
f 1965//1965 1966//1966 1968//1968
f 1969//1969 1971//1971 1970//1970
f 1969//1969 1970//1970 1972//1972
f 1973//1973 1975//1975 1974//1974
f 1973//1973 1974//1974 1976//1976
f 1977//1977 1979//1979 1978//1978
f 1980//1980 1982//1982 1981//1981
f 1983//1983 1985//1985 1984//1984
f 1986//1986 1988//1988 1987//1987
f 1989//1989 1991//1991 1990//1990
f 1992//1992 1994//1994 1993//1993
f 1995//1995 1997//1997 1996//1996
f 1998//1998 2000//2000 1999//1999
f 2001//2001 2003//2003 2002//2002
f 2001//2001 2002//2002 2004//2004
f 2005//2005 2007//2007 2006//2006
f 2005//2005 2006//2006 2008//2008
f 2009//2009 2011//2011 2010//2010
f 2009//2009 2010//2010 2012//2012
f 2013//2013 2015//2015 2014//2014
f 2013//2013 2014//2014 2016//2016
f 2017//2017 2019//2019 2018//2018
f 2017//2017 2018//2018 2020//2020
f 2021//2021 2023//2023 2022//2022
f 2021//2021 2022//2022 2024//2024
f 2025//2025 2027//2027 2026//2026
f 2025//2025 2026//2026 2028//2028
f 2029//2029 2031//2031 2030//2030
f 2029//2029 2030//2030 2032//2032
f 2033//2033 2035//2035 2034//2034
f 2033//2033 2034//2034 2036//2036
f 2037//2037 2039//2039 2038//2038
f 2037//2037 2038//2038 2040//2040
f 2041//2041 2043//2043 2042//2042
f 2041//2041 2042//2042 2044//2044
f 2045//2045 2047//2047 2046//2046
f 2045//2045 2046//2046 2048//2048
f 2049//2049 2051//2051 2050//2050
f 2049//2049 2050//2050 2052//2052
f 2053//2053 2055//2055 2054//2054
f 2053//2053 2054//2054 2056//2056
f 2057//2057 2059//2059 2058//2058
f 2057//2057 2058//2058 2060//2060
f 2061//2061 2063//2063 2062//2062
f 2061//2061 2062//2062 2064//2064
f 2065//2065 2067//2067 2066//2066
f 2065//2065 2066//2066 2068//2068
f 2069//2069 2071//2071 2070//2070
f 2069//2069 2070//2070 2072//2072
f 2073//2073 2075//2075 2074//2074
f 2076//2076 2078//2078 2077//2077
f 2079//2079 2081//2081 2080//2080
f 2082//2082 2084//2084 2083//2083
f 2085//2085 2087//2087 2086//2086
f 2088//2088 2090//2090 2089//2089
f 2091//2091 2093//2093 2092//2092
f 2094//2094 2096//2096 2095//2095
f 2097//2097 2099//2099 2098//2098
f 2097//2097 2098//2098 2100//2100
f 2101//2101 2103//2103 2102//2102
f 2101//2101 2102//2102 2104//2104
f 2105//2105 2107//2107 2106//2106
f 2105//2105 2106//2106 2108//2108
f 2109//2109 2111//2111 2110//2110
f 2109//2109 2110//2110 2112//2112
f 2113//2113 2115//2115 2114//2114
f 2113//2113 2114//2114 2116//2116
f 2117//2117 2119//2119 2118//2118
f 2117//2117 2118//2118 2120//2120
f 2121//2121 2123//2123 2122//2122
f 2121//2121 2122//2122 2124//2124
f 2125//2125 2127//2127 2126//2126
f 2125//2125 2126//2126 2128//2128
f 2129//2129 2131//2131 2130//2130
f 2129//2129 2130//2130 2132//2132
f 2133//2133 2135//2135 2134//2134
f 2133//2133 2134//2134 2136//2136
f 2137//2137 2139//2139 2138//2138
f 2137//2137 2138//2138 2140//2140
f 2141//2141 2143//2143 2142//2142
f 2141//2141 2142//2142 2144//2144
f 2145//2145 2147//2147 2146//2146
f 2145//2145 2146//2146 2148//2148
f 2149//2149 2151//2151 2150//2150
f 2149//2149 2150//2150 2152//2152
f 2153//2153 2155//2155 2154//2154
f 2153//2153 2154//2154 2156//2156
f 2157//2157 2159//2159 2158//2158
f 2157//2157 2158//2158 2160//2160
f 2161//2161 2163//2163 2162//2162
f 2161//2161 2162//2162 2164//2164
f 2165//2165 2167//2167 2166//2166
f 2165//2165 2166//2166 2168//2168
f 2169//2169 2171//2171 2170//2170
f 2172//2172 2174//2174 2173//2173
f 2175//2175 2177//2177 2176//2176
f 2178//2178 2180//2180 2179//2179
f 2181//2181 2183//2183 2182//2182
f 2184//2184 2186//2186 2185//2185
f 2187//2187 2189//2189 2188//2188
f 2190//2190 2192//2192 2191//2191
f 2193//2193 2195//2195 2194//2194
f 2193//2193 2194//2194 2196//2196
f 2197//2197 2199//2199 2198//2198
f 2197//2197 2198//2198 2200//2200
f 2201//2201 2203//2203 2202//2202
f 2201//2201 2202//2202 2204//2204
f 2205//2205 2207//2207 2206//2206
f 2205//2205 2206//2206 2208//2208
f 2209//2209 2211//2211 2210//2210
f 2209//2209 2210//2210 2212//2212
f 2213//2213 2215//2215 2214//2214
f 2213//2213 2214//2214 2216//2216
f 2217//2217 2219//2219 2218//2218
f 2217//2217 2218//2218 2220//2220
f 2221//2221 2223//2223 2222//2222
f 2221//2221 2222//2222 2224//2224
f 2225//2225 2227//2227 2226//2226
f 2225//2225 2226//2226 2228//2228
f 2229//2229 2231//2231 2230//2230
f 2229//2229 2230//2230 2232//2232
f 2233//2233 2235//2235 2234//2234
f 2233//2233 2234//2234 2236//2236
f 2237//2237 2239//2239 2238//2238
f 2237//2237 2238//2238 2240//2240
f 2241//2241 2243//2243 2242//2242
f 2241//2241 2242//2242 2244//2244
f 2245//2245 2247//2247 2246//2246
f 2245//2245 2246//2246 2248//2248
f 2249//2249 2251//2251 2250//2250
f 2249//2249 2250//2250 2252//2252
f 2253//2253 2255//2255 2254//2254
f 2253//2253 2254//2254 2256//2256
f 2257//2257 2259//2259 2258//2258
f 2257//2257 2258//2258 2260//2260
f 2261//2261 2263//2263 2262//2262
f 2261//2261 2262//2262 2264//2264
f 2265//2265 2267//2267 2266//2266
f 2268//2268 2270//2270 2269//2269
f 2271//2271 2273//2273 2272//2272
f 2274//2274 2276//2276 2275//2275
f 2277//2277 2279//2279 2278//2278
f 2280//2280 2282//2282 2281//2281
f 2283//2283 2285//2285 2284//2284
f 2286//2286 2288//2288 2287//2287
f 2289//2289 2291//2291 2290//2290
f 2289//2289 2290//2290 2292//2292
f 2293//2293 2295//2295 2294//2294
f 2293//2293 2294//2294 2296//2296
f 2297//2297 2299//2299 2298//2298
f 2297//2297 2298//2298 2300//2300
f 2301//2301 2303//2303 2302//2302
f 2301//2301 2302//2302 2304//2304
f 2305//2305 2307//2307 2306//2306
f 2305//2305 2306//2306 2308//2308
f 2309//2309 2311//2311 2310//2310
f 2309//2309 2310//2310 2312//2312
f 2313//2313 2315//2315 2314//2314
f 2313//2313 2314//2314 2316//2316
f 2317//2317 2319//2319 2318//2318
f 2317//2317 2318//2318 2320//2320
f 2321//2321 2323//2323 2322//2322
f 2321//2321 2322//2322 2324//2324
f 2325//2325 2327//2327 2326//2326
f 2325//2325 2326//2326 2328//2328
f 2329//2329 2331//2331 2330//2330
f 2329//2329 2330//2330 2332//2332
f 2333//2333 2335//2335 2334//2334
f 2333//2333 2334//2334 2336//2336
f 2337//2337 2339//2339 2338//2338
f 2337//2337 2338//2338 2340//2340
f 2341//2341 2343//2343 2342//2342
f 2341//2341 2342//2342 2344//2344
f 2345//2345 2347//2347 2346//2346
f 2345//2345 2346//2346 2348//2348
f 2349//2349 2351//2351 2350//2350
f 2349//2349 2350//2350 2352//2352
f 2353//2353 2355//2355 2354//2354
f 2353//2353 2354//2354 2356//2356
f 2357//2357 2359//2359 2358//2358
f 2357//2357 2358//2358 2360//2360
f 2361//2361 2363//2363 2362//2362
f 2361//2361 2362//2362 2364//2364
f 2365//2365 2367//2367 2366//2366
f 2365//2365 2366//2366 2368//2368
f 2366//2366 2369//2369 2368//2368
f 2368//2368 2370//2370 2365//2365
f 2370//2370 2371//2371 2365//2365
f 2368//2368 2372//2372 2370//2370
f 2373//2373 2375//2375 2374//2374
f 2373//2373 2374//2374 2376//2376
f 2377//2377 2379//2379 2378//2378
f 2377//2377 2378//2378 2380//2380
f 2381//2381 2383//2383 2382//2382
f 2381//2381 2382//2382 2384//2384
f 2382//2382 2385//2385 2384//2384
f 2384//2384 2386//2386 2381//2381
f 2386//2386 2387//2387 2381//2381
f 2384//2384 2388//2388 2386//2386
f 2389//2389 2391//2391 2390//2390
f 2389//2389 2390//2390 2392//2392
f 2393//2393 2395//2395 2394//2394
f 2393//2393 2394//2394 2396//2396
f 2397//2397 2399//2399 2398//2398
f 2397//2397 2398//2398 2400//2400
f 2401//2401 2403//2403 2402//2402
f 2401//2401 2402//2402 2404//2404
f 2405//2405 2407//2407 2406//2406
f 2405//2405 2406//2406 2408//2408
f 2409//2409 2411//2411 2410//2410
f 2409//2409 2410//2410 2412//2412
g crew_skin
usemtl skin
v -0.16000 0.24757 -0.27000
v -0.20406 0.27666 -0.26914
v -0.17145 0.27666 -0.22610
v -0.17145 0.27666 -0.22610
v -0.12301 0.27666 -0.24373
v -0.16000 0.24757 -0.27000
v -0.16000 0.24757 -0.27000
v -0.17578 0.27666 -0.31337
v -0.20406 0.27666 -0.26914
v -0.16000 0.24757 -0.27000
v -0.12569 0.27666 -0.29767
v -0.17578 0.27666 -0.31337
v -0.16000 0.24757 -0.27000
v -0.12301 0.27666 -0.24373
v -0.12569 0.27666 -0.29767
v -0.17145 0.27666 -0.22610
v -0.14422 0.32374 -0.22663
v -0.12301 0.27666 -0.24373
v -0.20406 0.27666 -0.26914
v -0.19431 0.32374 -0.24234
v -0.17145 0.27666 -0.22610
v -0.17578 0.27666 -0.31337
v -0.19699 0.32374 -0.29627
v -0.20406 0.27666 -0.26914
v -0.12569 0.27666 -0.29767
v -0.14855 0.32374 -0.31390
v -0.17578 0.27666 -0.31337
v -0.12301 0.27666 -0.24373
v -0.11594 0.32374 -0.27086
v -0.12569 0.27666 -0.29767
v -0.17145 0.27666 -0.22610
v -0.19431 0.32374 -0.24234
v -0.14422 0.32374 -0.22663
v -0.20406 0.27666 -0.26914
v -0.19699 0.32374 -0.29627
v -0.19431 0.32374 -0.24234
v -0.17578 0.27666 -0.31337
v -0.14855 0.32374 -0.31390
v -0.19699 0.32374 -0.29627
v -0.12569 0.27666 -0.29767
v -0.11594 0.32374 -0.27086
v -0.14855 0.32374 -0.31390
v -0.12301 0.27666 -0.24373
v -0.14422 0.32374 -0.22663
v -0.11594 0.32374 -0.27086
v -0.19431 0.32374 -0.24234
v -0.16000 0.35283 -0.27000
v -0.14422 0.32374 -0.22663
v -0.19699 0.32374 -0.29627
v -0.16000 0.35283 -0.27000
v -0.19431 0.32374 -0.24234
v -0.14855 0.32374 -0.31390
v -0.16000 0.35283 -0.27000
v -0.19699 0.32374 -0.29627
v -0.11594 0.32374 -0.27086
v -0.16000 0.35283 -0.27000
v -0.14855 0.32374 -0.31390
v -0.14422 0.32374 -0.22663
v -0.16000 0.35283 -0.27000
v -0.11594 0.32374 -0.27086
v -0.20360 0.12800 -0.36055
v -0.22326 0.14016 -0.35987
v -0.20902 0.14016 -0.34164
v -0.20902 0.14016 -0.34164
v -0.18729 0.14016 -0.34955
v -0.20360 0.12800 -0.36055
v -0.20360 0.12800 -0.36055
v -0.21033 0.14016 -0.37904
v -0.22326 0.14016 -0.35987
v -0.20360 0.12800 -0.36055
v -0.18809 0.14016 -0.37267
v -0.21033 0.14016 -0.37904
v -0.20360 0.12800 -0.36055
v -0.18729 0.14016 -0.34955
v -0.18809 0.14016 -0.37267
v -0.20902 0.14016 -0.34164
v -0.19687 0.15984 -0.34206
v -0.18729 0.14016 -0.34955
v -0.22326 0.14016 -0.35987
v -0.21910 0.15984 -0.34844
v -0.20902 0.14016 -0.34164
v -0.21033 0.14016 -0.37904
v -0.21991 0.15984 -0.37156
v -0.22326 0.14016 -0.35987
v -0.18809 0.14016 -0.37267
v -0.19818 0.15984 -0.37947
v -0.21033 0.14016 -0.37904
v -0.18729 0.14016 -0.34955
v -0.18393 0.15984 -0.36124
v -0.18809 0.14016 -0.37267
v -0.20902 0.14016 -0.34164
v -0.21910 0.15984 -0.34844
v -0.19687 0.15984 -0.34206
v -0.22326 0.14016 -0.35987
v -0.21991 0.15984 -0.37156
v -0.21910 0.15984 -0.34844
v -0.21033 0.14016 -0.37904
v -0.19818 0.15984 -0.37947
v -0.21991 0.15984 -0.37156
v -0.18809 0.14016 -0.37267
v -0.18393 0.15984 -0.36124
v -0.19818 0.15984 -0.37947
v -0.18729 0.14016 -0.34955
v -0.19687 0.15984 -0.34206
v -0.18393 0.15984 -0.36124
v -0.21910 0.15984 -0.34844
v -0.20360 0.17200 -0.36055
v -0.19687 0.15984 -0.34206
v -0.21991 0.15984 -0.37156
v -0.20360 0.17200 -0.36055
v -0.21910 0.15984 -0.34844
v -0.19818 0.15984 -0.37947
v -0.20360 0.17200 -0.36055
v -0.21991 0.15984 -0.37156
v -0.18393 0.15984 -0.36124
v -0.20360 0.17200 -0.36055
v -0.19818 0.15984 -0.37947
v -0.19687 0.15984 -0.34206
v -0.20360 0.17200 -0.36055
v -0.18393 0.15984 -0.36124
v -0.13519 0.12800 -0.17261
v -0.15486 0.14016 -0.17193
v -0.14062 0.14016 -0.15370
v -0.14062 0.14016 -0.15370
v -0.11888 0.14016 -0.16161
v -0.13519 0.12800 -0.17261
v -0.13519 0.12800 -0.17261
v -0.14193 0.14016 -0.19110
v -0.15486 0.14016 -0.17193
v -0.13519 0.12800 -0.17261
v -0.11969 0.14016 -0.18473
v -0.14193 0.14016 -0.19110
v -0.13519 0.12800 -0.17261
v -0.11888 0.14016 -0.16161
v -0.11969 0.14016 -0.18473
v -0.14062 0.14016 -0.15370
v -0.12846 0.15984 -0.15412
v -0.11888 0.14016 -0.16161
v -0.15486 0.14016 -0.17193
v -0.15070 0.15984 -0.16050
v -0.14062 0.14016 -0.15370
v -0.14193 0.14016 -0.19110
v -0.15151 0.15984 -0.18362
v -0.15486 0.14016 -0.17193
v -0.11969 0.14016 -0.18473
v -0.12977 0.15984 -0.19153
v -0.14193 0.14016 -0.19110
v -0.11888 0.14016 -0.16161
v -0.11553 0.15984 -0.17330
v -0.11969 0.14016 -0.18473
v -0.14062 0.14016 -0.15370
v -0.15070 0.15984 -0.16050
v -0.12846 0.15984 -0.15412
v -0.15486 0.14016 -0.17193
v -0.15151 0.15984 -0.18362
v -0.15070 0.15984 -0.16050
v -0.14193 0.14016 -0.19110
v -0.12977 0.15984 -0.19153
v -0.15151 0.15984 -0.18362
v -0.11969 0.14016 -0.18473
v -0.11553 0.15984 -0.17330
v -0.12977 0.15984 -0.19153
v -0.11888 0.14016 -0.16161
v -0.12846 0.15984 -0.15412
v -0.11553 0.15984 -0.17330
v -0.15070 0.15984 -0.16050
v -0.13519 0.17200 -0.17261
v -0.12846 0.15984 -0.15412
v -0.15151 0.15984 -0.18362
v -0.13519 0.17200 -0.17261
v -0.15070 0.15984 -0.16050
v -0.12977 0.15984 -0.19153
v -0.13519 0.17200 -0.17261
v -0.15151 0.15984 -0.18362
v -0.11553 0.15984 -0.17330
v -0.13519 0.17200 -0.17261
v -0.12977 0.15984 -0.19153
v -0.12846 0.15984 -0.15412
v -0.13519 0.17200 -0.17261
v -0.11553 0.15984 -0.17330
v -0.13980 0.24430 -0.27736
v -0.14353 0.27010 -0.25618
v -0.13980 0.27010 -0.27736
v -0.14353 0.24430 -0.25618
v -0.14353 0.24430 -0.25618
v -0.16373 0.27010 -0.24883
v -0.14353 0.27010 -0.25618
v -0.16373 0.24430 -0.24883
v -0.16373 0.24430 -0.24883
v -0.18020 0.27010 -0.26265
v -0.16373 0.27010 -0.24883
v -0.18020 0.24430 -0.26265
v -0.18020 0.24430 -0.26265
v -0.17647 0.27010 -0.28382
v -0.18020 0.27010 -0.26265
v -0.17647 0.24430 -0.28382
v -0.16373 0.27010 -0.24883
v -0.13980 0.27010 -0.27736
v -0.14353 0.27010 -0.25618
v -0.17647 0.27010 -0.28382
v -0.18020 0.27010 -0.26265
v -0.15627 0.27010 -0.29118
v -0.17647 0.24430 -0.28382
v -0.15627 0.27010 -0.29118
v -0.17647 0.27010 -0.28382
v -0.15627 0.24430 -0.29118
v -0.15627 0.24430 -0.29118
v -0.13980 0.27010 -0.27736
v -0.15627 0.27010 -0.29118
v -0.13980 0.24430 -0.27736
v -0.15627 0.24430 -0.29118
v -0.14353 0.24430 -0.25618
v -0.13980 0.24430 -0.27736
v -0.18020 0.24430 -0.26265
v -0.17647 0.24430 -0.28382
v -0.16373 0.24430 -0.24883
vn -0.8547 -0.4693 0.2218
vn -0.8547 -0.4693 0.2218
vn -0.8547 -0.4693 0.2218
vn -0.5349 -0.6030 0.5918
vn -0.5349 -0.6030 0.5918
vn -0.5349 -0.6030 0.5918
vn 0.8380 0.5355 -0.1046
vn 0.8380 0.5355 -0.1046
vn 0.8380 0.5355 -0.1046
vn 0.4479 0.8732 -0.1923
vn 0.4479 0.8732 -0.1923
vn 0.4479 0.8732 -0.1923
vn 0.2486 0.7807 -0.5733
vn 0.2486 0.7807 -0.5733
vn 0.2486 0.7807 -0.5733
vn -0.4269 -0.1312 0.8947
vn -0.4269 -0.1312 0.8947
vn -0.4269 -0.1312 0.8947
vn -0.8906 -0.1964 0.4102
vn -0.8906 -0.1964 0.4102
vn -0.8906 -0.1964 0.4102
vn -0.3211 0.9184 -0.2314
vn -0.3211 0.9184 -0.2314
vn -0.3211 0.9184 -0.2314
vn -0.0292 0.9855 -0.1673
vn -0.0292 0.9855 -0.1673
vn -0.0292 0.9855 -0.1673
vn 0.1084 -0.5912 0.7992
vn 0.1084 -0.5912 0.7992
vn 0.1084 -0.5912 0.7992
vn -0.6826 0.0269 0.7303
vn -0.6826 0.0269 0.7303
vn -0.6826 0.0269 0.7303
vn -0.9116 0.2785 0.3024
vn -0.9116 0.2785 0.3024
vn -0.9116 0.2785 0.3024
vn -0.1720 0.9832 0.0609
vn -0.1720 0.9832 0.0609
vn -0.1720 0.9832 0.0609
vn -0.3504 0.7945 -0.4959
vn -0.3504 0.7945 -0.4959
vn -0.3504 0.7945 -0.4959
vn -0.0946 -0.1036 0.9901
vn -0.0946 -0.1036 0.9901
vn -0.0946 -0.1036 0.9901
vn -0.6730 0.4624 0.5773
vn -0.6730 0.4624 0.5773
vn -0.6730 0.4624 0.5773
vn -0.7661 0.4772 0.4304
vn -0.7661 0.4772 0.4304
vn -0.7661 0.4772 0.4304
vn -0.6367 0.7574 0.1446
vn -0.6367 0.7574 0.1446
vn -0.6367 0.7574 0.1446
vn 0.5361 -0.8228 0.1887
vn 0.5361 -0.8228 0.1887
vn 0.5361 -0.8228 0.1887
vn 0.4390 -0.8233 -0.3598
vn 0.4390 -0.8233 -0.3598
vn 0.4390 -0.8233 -0.3598
vn -0.8468 -0.4827 0.2236
vn -0.8468 -0.4827 0.2236
vn -0.8468 -0.4827 0.2236
vn -0.5371 -0.6071 0.5856
vn -0.5371 -0.6071 0.5856
vn -0.5371 -0.6071 0.5856
vn 0.8291 0.5485 -0.1085
vn 0.8291 0.5485 -0.1085
vn 0.8291 0.5485 -0.1085
vn 0.4634 0.8657 -0.1892
vn 0.4634 0.8657 -0.1892
vn 0.4634 0.8657 -0.1892
vn 0.2720 0.7842 -0.5577
vn 0.2720 0.7842 -0.5577
vn 0.2720 0.7842 -0.5577
vn -0.4270 -0.1338 0.8943
vn -0.4270 -0.1338 0.8943
vn -0.4270 -0.1338 0.8943
vn -0.8873 -0.2056 0.4127
vn -0.8873 -0.2056 0.4127
vn -0.8873 -0.2056 0.4127
vn -0.2632 0.9359 -0.2341
vn -0.2632 0.9359 -0.2341
vn -0.2632 0.9359 -0.2341
vn -0.0132 0.9876 -0.1565
vn -0.0132 0.9876 -0.1565
vn -0.0132 0.9876 -0.1565
vn 0.1003 -0.5858 0.8043
vn 0.1003 -0.5858 0.8043
vn 0.1003 -0.5858 0.8043
vn -0.6743 0.0369 0.7375
vn -0.6743 0.0369 0.7375
vn -0.6743 0.0369 0.7375
vn -0.9062 0.2948 0.3033
vn -0.9062 0.2948 0.3033
vn -0.9062 0.2948 0.3033
vn -0.1753 0.9826 0.0620
vn -0.1753 0.9826 0.0620
vn -0.1753 0.9826 0.0620
vn -0.3562 0.7977 -0.4866
vn -0.3562 0.7977 -0.4866
vn -0.3562 0.7977 -0.4866
vn -0.1086 -0.0789 0.9909
vn -0.1086 -0.0789 0.9909
vn -0.1086 -0.0789 0.9909
vn -0.6683 0.4757 0.5719
vn -0.6683 0.4757 0.5719
vn -0.6683 0.4757 0.5719
vn -0.7626 0.4900 0.4222
vn -0.7626 0.4900 0.4222
vn -0.7626 0.4900 0.4222
vn -0.6394 0.7552 0.1447
vn -0.6394 0.7552 0.1447
vn -0.6394 0.7552 0.1447
vn 0.5446 -0.8220 0.1664
vn 0.5446 -0.8220 0.1664
vn 0.5446 -0.8220 0.1664
vn 0.4478 -0.8143 -0.3693
vn 0.4478 -0.8143 -0.3693
vn 0.4478 -0.8143 -0.3693
vn -0.8468 -0.4827 0.2236
vn -0.8468 -0.4827 0.2236
vn -0.8468 -0.4827 0.2236
vn -0.5371 -0.6071 0.5856
vn -0.5371 -0.6071 0.5856
vn -0.5371 -0.6071 0.5856
vn 0.8291 0.5485 -0.1085
vn 0.8291 0.5485 -0.1085
vn 0.8291 0.5485 -0.1085
vn 0.4634 0.8657 -0.1892
vn 0.4634 0.8657 -0.1892
vn 0.4634 0.8657 -0.1892
vn 0.2720 0.7842 -0.5577
vn 0.2720 0.7842 -0.5577
vn 0.2720 0.7842 -0.5577
vn -0.4270 -0.1338 0.8943
vn -0.4270 -0.1338 0.8943
vn -0.4270 -0.1338 0.8943
vn -0.8873 -0.2056 0.4127
vn -0.8873 -0.2056 0.4127
vn -0.8873 -0.2056 0.4127
vn -0.2632 0.9359 -0.2341
vn -0.2632 0.9359 -0.2341
vn -0.2632 0.9359 -0.2341
vn -0.0132 0.9876 -0.1565
vn -0.0132 0.9876 -0.1565
vn -0.0132 0.9876 -0.1565
vn 0.1003 -0.5858 0.8043
vn 0.1003 -0.5858 0.8043
vn 0.1003 -0.5858 0.8043
vn -0.6743 0.0369 0.7375
vn -0.6743 0.0369 0.7375
vn -0.6743 0.0369 0.7375
vn -0.9062 0.2948 0.3033
vn -0.9062 0.2948 0.3033
vn -0.9062 0.2948 0.3033
vn -0.1753 0.9826 0.0620
vn -0.1753 0.9826 0.0620
vn -0.1753 0.9826 0.0620
vn -0.3562 0.7977 -0.4866
vn -0.3562 0.7977 -0.4866
vn -0.3562 0.7977 -0.4866
vn -0.1086 -0.0789 0.9909
vn -0.1086 -0.0789 0.9909
vn -0.1086 -0.0789 0.9909
vn -0.6683 0.4757 0.5719
vn -0.6683 0.4757 0.5719
vn -0.6683 0.4757 0.5719
vn -0.7626 0.4900 0.4222
vn -0.7626 0.4900 0.4222
vn -0.7626 0.4900 0.4222
vn -0.6394 0.7552 0.1447
vn -0.6394 0.7552 0.1447
vn -0.6394 0.7552 0.1447
vn 0.5446 -0.8220 0.1664
vn 0.5446 -0.8220 0.1664
vn 0.5446 -0.8220 0.1664
vn 0.4478 -0.8143 -0.3693
vn 0.4478 -0.8143 -0.3693
vn 0.4478 -0.8143 -0.3693
vn 0.0774 -0.4592 0.8849
vn 0.0774 -0.4592 0.8849
vn 0.0774 -0.4592 0.8849
vn 0.0774 -0.4592 0.8849
vn -0.4226 -0.0000 0.9063
vn -0.4226 -0.0000 0.9063
vn -0.4226 -0.0000 0.9063
vn -0.4226 -0.0000 0.9063
vn -0.8114 -0.1372 0.5681
vn -0.8114 -0.1372 0.5681
vn -0.8114 -0.1372 0.5681
vn -0.8114 -0.1372 0.5681
vn -0.8968 0.4353 0.0785
vn -0.8968 0.4353 0.0785
vn -0.8968 0.4353 0.0785
vn -0.8968 0.4353 0.0785
vn -0.6645 0.7071 0.2418
vn -0.6645 0.7071 0.2418
vn -0.6645 0.7071 0.2418
vn -0.6645 0.7071 0.2418
vn -0.6645 0.7071 0.2418
vn -0.6645 0.7071 0.2418
vn 0.0000 1.0000 -0.0000
vn 0.0000 1.0000 -0.0000
vn 0.0000 1.0000 -0.0000
vn 0.0000 1.0000 -0.0000
vn -0.2780 0.8747 -0.3970
vn -0.2780 0.8747 -0.3970
vn -0.2780 0.8747 -0.3970
vn -0.2780 0.8747 -0.3970
vn -0.6644 -0.7071 0.2418
vn -0.6644 -0.7071 0.2418
vn -0.6644 -0.7071 0.2418
vn -0.6644 -0.7071 0.2418
vn -0.6644 -0.7071 0.2418
vn -0.6644 -0.7071 0.2418
f 2473//2473 2475//2475 2474//2474
f 2476//2476 2478//2478 2477//2477
f 2479//2479 2481//2481 2480//2480
f 2482//2482 2484//2484 2483//2483
f 2485//2485 2487//2487 2486//2486
f 2488//2488 2490//2490 2489//2489
f 2491//2491 2493//2493 2492//2492
f 2494//2494 2496//2496 2495//2495
f 2497//2497 2499//2499 2498//2498
f 2500//2500 2502//2502 2501//2501
f 2503//2503 2505//2505 2504//2504
f 2506//2506 2508//2508 2507//2507
f 2509//2509 2511//2511 2510//2510
f 2512//2512 2514//2514 2513//2513
f 2515//2515 2517//2517 2516//2516
f 2518//2518 2520//2520 2519//2519
f 2521//2521 2523//2523 2522//2522
f 2524//2524 2526//2526 2525//2525
f 2527//2527 2529//2529 2528//2528
f 2530//2530 2532//2532 2531//2531
f 2533//2533 2535//2535 2534//2534
f 2536//2536 2538//2538 2537//2537
f 2539//2539 2541//2541 2540//2540
f 2542//2542 2544//2544 2543//2543
f 2545//2545 2547//2547 2546//2546
f 2548//2548 2550//2550 2549//2549
f 2551//2551 2553//2553 2552//2552
f 2554//2554 2556//2556 2555//2555
f 2557//2557 2559//2559 2558//2558
f 2560//2560 2562//2562 2561//2561
f 2563//2563 2565//2565 2564//2564
f 2566//2566 2568//2568 2567//2567
f 2569//2569 2571//2571 2570//2570
f 2572//2572 2574//2574 2573//2573
f 2575//2575 2577//2577 2576//2576
f 2578//2578 2580//2580 2579//2579
f 2581//2581 2583//2583 2582//2582
f 2584//2584 2586//2586 2585//2585
f 2587//2587 2589//2589 2588//2588
f 2590//2590 2592//2592 2591//2591
f 2593//2593 2595//2595 2594//2594
f 2593//2593 2594//2594 2596//2596
f 2597//2597 2599//2599 2598//2598
f 2597//2597 2598//2598 2600//2600
f 2601//2601 2603//2603 2602//2602
f 2601//2601 2602//2602 2604//2604
f 2605//2605 2607//2607 2606//2606
f 2605//2605 2606//2606 2608//2608
f 2609//2609 2611//2611 2610//2610
f 2610//2610 2612//2612 2609//2609
f 2612//2612 2613//2613 2609//2609
f 2610//2610 2614//2614 2612//2612
f 2615//2615 2617//2617 2616//2616
f 2615//2615 2616//2616 2618//2618
f 2619//2619 2621//2621 2620//2620
f 2619//2619 2620//2620 2622//2622
f 2623//2623 2625//2625 2624//2624
f 2624//2624 2626//2626 2623//2623
f 2626//2626 2627//2627 2623//2623
f 2624//2624 2628//2628 2626//2626
f 2413//2413 2415//2415 2414//2414
f 2416//2416 2418//2418 2417//2417
f 2419//2419 2421//2421 2420//2420
f 2422//2422 2424//2424 2423//2423
f 2425//2425 2427//2427 2426//2426
f 2428//2428 2430//2430 2429//2429
f 2431//2431 2433//2433 2432//2432
f 2434//2434 2436//2436 2435//2435
f 2437//2437 2439//2439 2438//2438
f 2440//2440 2442//2442 2441//2441
f 2443//2443 2445//2445 2444//2444
f 2446//2446 2448//2448 2447//2447
f 2449//2449 2451//2451 2450//2450
f 2452//2452 2454//2454 2453//2453
f 2455//2455 2457//2457 2456//2456
f 2458//2458 2460//2460 2459//2459
f 2461//2461 2463//2463 2462//2462
f 2464//2464 2466//2466 2465//2465
f 2467//2467 2469//2469 2468//2468
f 2470//2470 2472//2472 2471//2471
g crew_black
usemtl black
v -0.21606 0.29676 -0.27568
v -0.21121 0.31052 -0.27744
v -0.21606 0.31052 -0.27568
v -0.21121 0.29676 -0.27744
v -0.21121 0.29676 -0.27744
v -0.20739 0.31052 -0.26694
v -0.21121 0.31052 -0.27744
v -0.20739 0.29676 -0.26694
v -0.20739 0.29676 -0.26694
v -0.21224 0.31052 -0.26517
v -0.20739 0.31052 -0.26694
v -0.21224 0.29676 -0.26517
v -0.21224 0.29676 -0.26517
v -0.21606 0.31052 -0.27568
v -0.21224 0.31052 -0.26517
v -0.21606 0.29676 -0.27568
v -0.21121 0.29676 -0.27744
v -0.21224 0.29676 -0.26517
v -0.20739 0.29676 -0.26694
v -0.21606 0.29676 -0.27568
v -0.20739 0.31052 -0.26694
v -0.21606 0.31052 -0.27568
v -0.21121 0.31052 -0.27744
v -0.21224 0.31052 -0.26517
v -0.20312 0.29676 -0.24012
v -0.19827 0.31052 -0.24188
v -0.20312 0.31052 -0.24012
v -0.19827 0.29676 -0.24188
v -0.19827 0.29676 -0.24188
v -0.19445 0.31052 -0.23138
v -0.19827 0.31052 -0.24188
v -0.19445 0.29676 -0.23138
v -0.19445 0.29676 -0.23138
v -0.19930 0.31052 -0.22961
v -0.19445 0.31052 -0.23138
v -0.19930 0.29676 -0.22961
v -0.19930 0.29676 -0.22961
v -0.20312 0.31052 -0.24012
v -0.19930 0.31052 -0.22961
v -0.20312 0.29676 -0.24012
v -0.19827 0.29676 -0.24188
v -0.19930 0.29676 -0.22961
v -0.19445 0.29676 -0.23138
v -0.20312 0.29676 -0.24012
v -0.19445 0.31052 -0.23138
v -0.20312 0.31052 -0.24012
v -0.19827 0.31052 -0.24188
v -0.19930 0.31052 -0.22961
vn 0.0000 1.0000 -0.0000
vn 0.0000 1.0000 -0.0000
vn 0.0000 1.0000 -0.0000
vn 0.0000 1.0000 -0.0000
vn -0.2418 0.7071 -0.6645
vn -0.2418 0.7071 -0.6645
vn -0.2418 0.7071 -0.6645
vn -0.2418 0.7071 -0.6645
vn -0.4226 -0.0000 0.9063
vn -0.4226 -0.0000 0.9063
vn -0.4226 -0.0000 0.9063
vn -0.4226 -0.0000 0.9063
vn -0.9397 -0.0000 0.3420
vn -0.9397 -0.0000 0.3420
vn -0.9397 -0.0000 0.3420
vn -0.9397 -0.0000 0.3420
vn -0.6644 -0.7071 0.2418
vn -0.6644 -0.7071 0.2418
vn -0.6644 -0.7071 0.2418
vn -0.6644 -0.7071 0.2418
vn -0.6645 0.7071 0.2418
vn -0.6645 0.7071 0.2418
vn -0.6645 0.7071 0.2418
vn -0.6645 0.7071 0.2418
vn 0.0000 1.0000 -0.0000
vn 0.0000 1.0000 -0.0000
vn 0.0000 1.0000 -0.0000
vn 0.0000 1.0000 -0.0000
vn -0.2418 0.7071 -0.6645
vn -0.2418 0.7071 -0.6645
vn -0.2418 0.7071 -0.6645
vn -0.2418 0.7071 -0.6645
vn -0.4226 -0.0000 0.9063
vn -0.4226 -0.0000 0.9063
vn -0.4226 -0.0000 0.9063
vn -0.4226 -0.0000 0.9063
vn -0.9397 -0.0000 0.3420
vn -0.9397 -0.0000 0.3420
vn -0.9397 -0.0000 0.3420
vn -0.9397 -0.0000 0.3420
vn -0.6644 -0.7071 0.2418
vn -0.6644 -0.7071 0.2418
vn -0.6644 -0.7071 0.2418
vn -0.6644 -0.7071 0.2418
vn -0.6645 0.7071 0.2418
vn -0.6645 0.7071 0.2418
vn -0.6645 0.7071 0.2418
vn -0.6645 0.7071 0.2418
f 2629//2629 2631//2631 2630//2630
f 2629//2629 2630//2630 2632//2632
f 2633//2633 2635//2635 2634//2634
f 2633//2633 2634//2634 2636//2636
f 2637//2637 2639//2639 2638//2638
f 2637//2637 2638//2638 2640//2640
f 2641//2641 2643//2643 2642//2642
f 2641//2641 2642//2642 2644//2644
f 2645//2645 2647//2647 2646//2646
f 2645//2645 2646//2646 2648//2648
f 2649//2649 2651//2651 2650//2650
f 2649//2649 2650//2650 2652//2652
f 2653//2653 2655//2655 2654//2654
f 2653//2653 2654//2654 2656//2656
f 2657//2657 2659//2659 2658//2658
f 2657//2657 2658//2658 2660//2660
f 2661//2661 2663//2663 2662//2662
f 2661//2661 2662//2662 2664//2664
f 2665//2665 2667//2667 2666//2666
f 2665//2665 2666//2666 2668//2668
f 2669//2669 2671//2671 2670//2670
f 2669//2669 2670//2670 2672//2672
f 2673//2673 2675//2675 2674//2674
f 2673//2673 2674//2674 2676//2676
