mtllib engineer.mtl
o body
g body_leather
usemtl leather
v 0.07798 0.06416 -0.06000
v -0.04601 0.29208 -0.05221
v -0.04202 0.29416 -0.06000
v 0.07399 0.06208 -0.05221
v 0.07399 0.06208 -0.05221
v -0.05399 0.28792 -0.05221
v -0.04601 0.29208 -0.05221
v 0.06601 0.05792 -0.05221
v 0.06601 0.05792 -0.05221
v -0.05798 0.28584 -0.06000
v -0.05399 0.28792 -0.05221
v 0.06202 0.05584 -0.06000
v 0.06202 0.05584 -0.06000
v -0.05399 0.28792 -0.06779
v -0.05798 0.28584 -0.06000
v 0.06601 0.05792 -0.06779
v -0.05399 0.28792 -0.05221
v -0.04202 0.29416 -0.06000
v -0.04601 0.29208 -0.05221
v -0.05399 0.28792 -0.06779
v -0.05798 0.28584 -0.06000
v -0.04601 0.29208 -0.06779
v 0.06601 0.05792 -0.06779
v -0.04601 0.29208 -0.06779
v -0.05399 0.28792 -0.06779
v 0.07399 0.06208 -0.06779
v 0.07399 0.06208 -0.06779
v -0.04202 0.29416 -0.06000
v -0.04601 0.29208 -0.06779
v 0.07798 0.06416 -0.06000
v 0.07399 0.06208 -0.06779
v 0.07399 0.06208 -0.05221
v 0.07798 0.06416 -0.06000
v 0.06202 0.05584 -0.06000
v 0.06601 0.05792 -0.06779
v 0.06601 0.05792 -0.05221
v 0.06230 0.14400 0.04500
v -0.06230 0.15200 0.04500
v 0.06230 0.15200 0.04500
v -0.06230 0.14400 0.04500
v 0.06630 0.14400 -0.04100
v 0.06630 0.15200 0.04100
v 0.06630 0.15200 -0.04100
v 0.06630 0.14400 0.04100
v 0.06230 0.15600 -0.04100
v -0.06230 0.15600 0.04100
v -0.06230 0.15600 -0.04100
v 0.06230 0.15600 0.04100
v -0.06630 0.14400 0.04100
v -0.06630 0.15200 -0.04100
v -0.06630 0.15200 0.04100
v -0.06630 0.14400 -0.04100
v -0.06230 0.14400 -0.04500
v 0.06230 0.15200 -0.04500
v -0.06230 0.15200 -0.04500
v 0.06230 0.14400 -0.04500
v -0.06230 0.14000 0.04100
v -0.06630 0.14400 0.04100
v -0.06230 0.14400 0.04500
v -0.06230 0.15200 0.04500
v -0.06630 0.15200 0.04100
v -0.06230 0.15600 0.04100
v -0.06230 0.14000 -0.04100
v -0.06230 0.14400 -0.04500
v -0.06630 0.14400 -0.04100
v -0.06230 0.15600 -0.04100
v -0.06630 0.15200 -0.04100
v -0.06230 0.15200 -0.04500
v 0.06230 0.14000 0.04100
v 0.06230 0.14400 0.04500
v 0.06630 0.14400 0.04100
v 0.06230 0.15600 0.04100
v 0.06630 0.15200 0.04100
v 0.06230 0.15200 0.04500
v 0.06230 0.14000 -0.04100
v 0.06630 0.14400 -0.04100
v 0.06230 0.14400 -0.04500
v 0.06230 0.15600 -0.04100
v 0.06230 0.15200 -0.04500
v 0.06630 0.15200 -0.04100
v -0.06230 0.14000 -0.04100
v -0.06630 0.14400 0.04100
v -0.06230 0.14000 0.04100
v -0.06630 0.14400 -0.04100
v -0.06230 0.14400 0.04500
v -0.06630 0.15200 0.04100
v -0.06230 0.15200 0.04500
v -0.06630 0.14400 0.04100
v -0.06230 0.15600 0.04100
v -0.06630 0.15200 -0.04100
v -0.06230 0.15600 -0.04100
v -0.06630 0.15200 0.04100
v -0.06230 0.15200 -0.04500
v -0.06630 0.14400 -0.04100
v -0.06230 0.14400 -0.04500
v -0.06630 0.15200 -0.04100
v 0.06230 0.14000 -0.04100
v -0.06230 0.14400 -0.04500
v -0.06230 0.14000 -0.04100
v 0.06230 0.14400 -0.04500
v -0.06230 0.15600 -0.04100
v 0.06230 0.15200 -0.04500
v 0.06230 0.15600 -0.04100
v -0.06230 0.15200 -0.04500
v 0.06630 0.15200 -0.04100
v 0.06230 0.14400 -0.04500
v 0.06630 0.14400 -0.04100
v 0.06230 0.15200 -0.04500
v 0.06230 0.14000 0.04100
v 0.06630 0.14400 -0.04100
v 0.06230 0.14000 -0.04100
v 0.06630 0.14400 0.04100
v 0.06230 0.15600 -0.04100
v 0.06630 0.15200 0.04100
v 0.06230 0.15600 0.04100
v 0.06630 0.15200 -0.04100
v 0.06230 0.15200 0.04500
v 0.06630 0.14400 0.04100
v 0.06230 0.14400 0.04500
v 0.06630 0.15200 0.04100
v -0.06230 0.14000 0.04100
v 0.06230 0.14400 0.04500
v 0.06230 0.14000 0.04100
v -0.06230 0.14400 0.04500
v 0.06230 0.15600 0.04100
v -0.06230 0.15200 0.04500
v -0.06230 0.15600 0.04100
v 0.06230 0.15200 0.04500
v -0.06230 0.14000 -0.04100
v 0.06230 0.14000 0.04100
v 0.06230 0.14000 -0.04100
v -0.06230 0.14000 0.04100
v 0.04600 0.09400 0.05600
v -0.04600 0.14600 0.05600
v 0.04600 0.14600 0.05600
v -0.04600 0.09400 0.05600
v 0.05000 0.09400 0.04800
v 0.05000 0.14600 0.05200
v 0.05000 0.14600 0.04800
v 0.05000 0.09400 0.05200
v 0.04600 0.15000 0.04800
v -0.04600 0.15000 0.05200
v -0.04600 0.15000 0.04800
v 0.04600 0.15000 0.05200
v -0.05000 0.09400 0.05200
v -0.05000 0.14600 0.04800
v -0.05000 0.14600 0.05200
v -0.05000 0.09400 0.04800
v -0.04600 0.09400 0.04400
v 0.04600 0.14600 0.04400
v -0.04600 0.14600 0.04400
v 0.04600 0.09400 0.04400
v -0.04600 0.09000 0.05200
v -0.05000 0.09400 0.05200
v -0.04600 0.09400 0.05600
v -0.04600 0.14600 0.05600
v -0.05000 0.14600 0.05200
v -0.04600 0.15000 0.05200
v -0.04600 0.09000 0.04800
v -0.04600 0.09400 0.04400
v -0.05000 0.09400 0.04800
v -0.04600 0.15000 0.04800
v -0.05000 0.14600 0.04800
v -0.04600 0.14600 0.04400
v 0.04600 0.09000 0.05200
v 0.04600 0.09400 0.05600
v 0.05000 0.09400 0.05200
v 0.04600 0.15000 0.05200
v 0.05000 0.14600 0.05200
v 0.04600 0.14600 0.05600
v 0.04600 0.09000 0.04800
v 0.05000 0.09400 0.04800
v 0.04600 0.09400 0.04400
v 0.04600 0.15000 0.04800
v 0.04600 0.14600 0.04400
v 0.05000 0.14600 0.04800
v -0.04600 0.09000 0.04800
v -0.05000 0.09400 0.05200
v -0.04600 0.09000 0.05200
v -0.05000 0.09400 0.04800
v -0.04600 0.09400 0.05600
v -0.05000 0.14600 0.05200
v -0.04600 0.14600 0.05600
v -0.05000 0.09400 0.05200
v -0.04600 0.15000 0.05200
v -0.05000 0.14600 0.04800
v -0.04600 0.15000 0.04800
v -0.05000 0.14600 0.05200
v -0.04600 0.14600 0.04400
v -0.05000 0.09400 0.04800
v -0.04600 0.09400 0.04400
v -0.05000 0.14600 0.04800
v 0.04600 0.09000 0.04800
v -0.04600 0.09400 0.04400
v -0.04600 0.09000 0.04800
v 0.04600 0.09400 0.04400
v -0.04600 0.15000 0.04800
v 0.04600 0.14600 0.04400
v 0.04600 0.15000 0.04800
v -0.04600 0.14600 0.04400
v 0.05000 0.14600 0.04800
v 0.04600 0.09400 0.04400
v 0.05000 0.09400 0.04800
v 0.04600 0.14600 0.04400
v 0.04600 0.09000 0.05200
v 0.05000 0.09400 0.04800
v 0.04600 0.09000 0.04800
v 0.05000 0.09400 0.05200
v 0.04600 0.15000 0.04800
v 0.05000 0.14600 0.05200
v 0.04600 0.15000 0.05200
v 0.05000 0.14600 0.04800
v 0.04600 0.14600 0.05600
v 0.05000 0.09400 0.05200
v 0.04600 0.09400 0.05600
v 0.05000 0.14600 0.05200
v -0.04600 0.09000 0.05200
v 0.04600 0.09400 0.05600
v 0.04600 0.09000 0.05200
v -0.04600 0.09400 0.05600
v 0.04600 0.15000 0.05200
v -0.04600 0.14600 0.05600
v -0.04600 0.15000 0.05200
v 0.04600 0.14600 0.05600
v -0.04600 0.09000 0.04800
v 0.04600 0.09000 0.05200
v 0.04600 0.09000 0.04800
v -0.04600 0.09000 0.05200
v 0.00000 0.14420 0.03800
v 0.04560 0.24100 0.03800
v -0.04560 0.24100 0.03800
v -0.04560 0.24100 0.04800
v 0.04560 0.24100 0.04800
v 0.00000 0.14420 0.04800
v -0.04560 0.24100 0.03800
v -0.04560 0.24100 0.04800
v 0.00000 0.14420 0.03800
v 0.00000 0.14420 0.04800
v 0.00000 0.14420 0.03800
v 0.04560 0.24100 0.04800
v 0.04560 0.24100 0.03800
v 0.00000 0.14420 0.04800
v 0.04560 0.24100 0.03800
v -0.04560 0.24100 0.04800
v -0.04560 0.24100 0.03800
v 0.04560 0.24100 0.04800
v -0.01800 0.00800 0.04050
v -0.05200 0.02200 0.04050
v -0.01800 0.02200 0.04050
v -0.05200 0.00800 0.04050
v -0.01000 0.00800 -0.01650
v -0.01000 0.02200 0.03250
v -0.01000 0.02200 -0.01650
v -0.01000 0.00800 0.03250
v -0.01800 0.03000 -0.01650
v -0.05200 0.03000 0.03250
v -0.05200 0.03000 -0.01650
v -0.01800 0.03000 0.03250
v -0.06000 0.00800 0.03250
v -0.06000 0.02200 -0.01650
v -0.06000 0.02200 0.03250
v -0.06000 0.00800 -0.01650
v -0.05200 0.00800 -0.02450
v -0.01800 0.02200 -0.02450
v -0.05200 0.02200 -0.02450
v -0.01800 0.00800 -0.02450
v -0.05200 0.00000 0.03250
v -0.06000 0.00800 0.03250
v -0.05200 0.00800 0.04050
v -0.05200 0.02200 0.04050
v -0.06000 0.02200 0.03250
v -0.05200 0.03000 0.03250
v -0.05200 0.00000 -0.01650
v -0.05200 0.00800 -0.02450
v -0.06000 0.00800 -0.01650
v -0.05200 0.03000 -0.01650
v -0.06000 0.02200 -0.01650
v -0.05200 0.02200 -0.02450
v -0.01800 0.00000 0.03250
v -0.01800 0.00800 0.04050
v -0.01000 0.00800 0.03250
v -0.01800 0.03000 0.03250
v -0.01000 0.02200 0.03250
v -0.01800 0.02200 0.04050
v -0.01800 0.00000 -0.01650
v -0.01000 0.00800 -0.01650
v -0.01800 0.00800 -0.02450
v -0.01800 0.03000 -0.01650
v -0.01800 0.02200 -0.02450
v -0.01000 0.02200 -0.01650
v -0.05200 0.00000 -0.01650
v -0.06000 0.00800 0.03250
v -0.05200 0.00000 0.03250
v -0.06000 0.00800 -0.01650
v -0.05200 0.00800 0.04050
v -0.06000 0.02200 0.03250
v -0.05200 0.02200 0.04050
v -0.06000 0.00800 0.03250
v -0.05200 0.03000 0.03250
v -0.06000 0.02200 -0.01650
v -0.05200 0.03000 -0.01650
v -0.06000 0.02200 0.03250
v -0.05200 0.02200 -0.02450
v -0.06000 0.00800 -0.01650
v -0.05200 0.00800 -0.02450
v -0.06000 0.02200 -0.01650
v -0.01800 0.00000 -0.01650
v -0.05200 0.00800 -0.02450
v -0.05200 0.00000 -0.01650
v -0.01800 0.00800 -0.02450
v -0.05200 0.03000 -0.01650
v -0.01800 0.02200 -0.02450
v -0.01800 0.03000 -0.01650
v -0.05200 0.02200 -0.02450
v -0.01000 0.02200 -0.01650
v -0.01800 0.00800 -0.02450
v -0.01000 0.00800 -0.01650
v -0.01800 0.02200 -0.02450
v -0.01800 0.00000 0.03250
v -0.01000 0.00800 -0.01650
v -0.01800 0.00000 -0.01650
v -0.01000 0.00800 0.03250
v -0.01800 0.03000 -0.01650
v -0.01000 0.02200 0.03250
v -0.01800 0.03000 0.03250
v -0.01000 0.02200 -0.01650
v -0.01800 0.02200 0.04050
v -0.01000 0.00800 0.03250
v -0.01800 0.00800 0.04050
v -0.01000 0.02200 0.03250
v -0.05200 0.00000 0.03250
v -0.01800 0.00800 0.04050
v -0.01800 0.00000 0.03250
v -0.05200 0.00800 0.04050
v -0.01800 0.03000 0.03250
v -0.05200 0.02200 0.04050
v -0.05200 0.03000 0.03250
v -0.01800 0.02200 0.04050
v -0.05200 0.00000 -0.01650
v -0.01800 0.00000 0.03250
v -0.01800 0.00000 -0.01650
v -0.05200 0.00000 0.03250
v 0.05200 0.00800 0.04050
v 0.01800 0.02200 0.04050
v 0.05200 0.02200 0.04050
v 0.01800 0.00800 0.04050
v 0.06000 0.00800 -0.01650
v 0.06000 0.02200 0.03250
v 0.06000 0.02200 -0.01650
v 0.06000 0.00800 0.03250
v 0.05200 0.03000 -0.01650
v 0.01800 0.03000 0.03250
v 0.01800 0.03000 -0.01650
v 0.05200 0.03000 0.03250
v 0.01000 0.00800 0.03250
v 0.01000 0.02200 -0.01650
v 0.01000 0.02200 0.03250
v 0.01000 0.00800 -0.01650
v 0.01800 0.00800 -0.02450
v 0.05200 0.02200 -0.02450
v 0.01800 0.02200 -0.02450
v 0.05200 0.00800 -0.02450
v 0.01800 0.00000 0.03250
v 0.01000 0.00800 0.03250
v 0.01800 0.00800 0.04050
v 0.01800 0.02200 0.04050
v 0.01000 0.02200 0.03250
v 0.01800 0.03000 0.03250
v 0.01800 0.00000 -0.01650
v 0.01800 0.00800 -0.02450
v 0.01000 0.00800 -0.01650
v 0.01800 0.03000 -0.01650
v 0.01000 0.02200 -0.01650
v 0.01800 0.02200 -0.02450
v 0.05200 0.00000 0.03250
v 0.05200 0.00800 0.04050
v 0.06000 0.00800 0.03250
v 0.05200 0.03000 0.03250
v 0.06000 0.02200 0.03250
v 0.05200 0.02200 0.04050
v 0.05200 0.00000 -0.01650
v 0.06000 0.00800 -0.01650
v 0.05200 0.00800 -0.02450
v 0.05200 0.03000 -0.01650
v 0.05200 0.02200 -0.02450
v 0.06000 0.02200 -0.01650
v 0.01800 0.00000 -0.01650
v 0.01000 0.00800 0.03250
v 0.01800 0.00000 0.03250
v 0.01000 0.00800 -0.01650
v 0.01800 0.00800 0.04050
v 0.01000 0.02200 0.03250
v 0.01800 0.02200 0.04050
v 0.01000 0.00800 0.03250
v 0.01800 0.03000 0.03250
v 0.01000 0.02200 -0.01650
v 0.01800 0.03000 -0.01650
v 0.01000 0.02200 0.03250
v 0.01800 0.02200 -0.02450
v 0.01000 0.00800 -0.01650
v 0.01800 0.00800 -0.02450
v 0.01000 0.02200 -0.01650
v 0.05200 0.00000 -0.01650
v 0.01800 0.00800 -0.02450
v 0.01800 0.00000 -0.01650
v 0.05200 0.00800 -0.02450
v 0.01800 0.03000 -0.01650
v 0.05200 0.02200 -0.02450
v 0.05200 0.03000 -0.01650
v 0.01800 0.02200 -0.02450
v 0.06000 0.02200 -0.01650
v 0.05200 0.00800 -0.02450
v 0.06000 0.00800 -0.01650
v 0.05200 0.02200 -0.02450
v 0.05200 0.00000 0.03250
v 0.06000 0.00800 -0.01650
v 0.05200 0.00000 -0.01650
v 0.06000 0.00800 0.03250
v 0.05200 0.03000 -0.01650
v 0.06000 0.02200 0.03250
v 0.05200 0.03000 0.03250
v 0.06000 0.02200 -0.01650
v 0.05200 0.02200 0.04050
v 0.06000 0.00800 0.03250
v 0.05200 0.00800 0.04050
v 0.06000 0.02200 0.03250
v 0.01800 0.00000 0.03250
v 0.05200 0.00800 0.04050
v 0.05200 0.00000 0.03250
v 0.01800 0.00800 0.04050
v 0.05200 0.03000 0.03250
v 0.01800 0.02200 0.04050
v 0.01800 0.03000 0.03250
v 0.05200 0.02200 0.04050
v 0.01800 0.00000 -0.01650
v 0.05200 0.00000 0.03250
v 0.05200 0.00000 -0.01650
v 0.01800 0.00000 0.03250
v -0.05600 0.10600 -0.01000
v -0.09400 0.14400 -0.01000
v -0.05600 0.14400 -0.01000
v -0.09400 0.10600 -0.01000
v -0.05000 0.10600 -0.04400
v -0.05000 0.14400 -0.01600
v -0.05000 0.14400 -0.04400
v -0.05000 0.10600 -0.01600
v -0.05600 0.15000 -0.04400
v -0.09400 0.15000 -0.01600
v -0.09400 0.15000 -0.04400
v -0.05600 0.15000 -0.01600
v -0.10000 0.10600 -0.01600
v -0.10000 0.14400 -0.04400
v -0.10000 0.14400 -0.01600
v -0.10000 0.10600 -0.04400
v -0.09400 0.10600 -0.05000
v -0.05600 0.14400 -0.05000
v -0.09400 0.14400 -0.05000
v -0.05600 0.10600 -0.05000
v -0.09400 0.10000 -0.01600
v -0.10000 0.10600 -0.01600
v -0.09400 0.10600 -0.01000
v -0.09400 0.14400 -0.01000
v -0.10000 0.14400 -0.01600
v -0.09400 0.15000 -0.01600
v -0.09400 0.10000 -0.04400
v -0.09400 0.10600 -0.05000
v -0.10000 0.10600 -0.04400
v -0.09400 0.15000 -0.04400
v -0.10000 0.14400 -0.04400
v -0.09400 0.14400 -0.05000
v -0.05600 0.10000 -0.01600
v -0.05600 0.10600 -0.01000
v -0.05000 0.10600 -0.01600
v -0.05600 0.15000 -0.01600
v -0.05000 0.14400 -0.01600
v -0.05600 0.14400 -0.01000
v -0.05600 0.10000 -0.04400
v -0.05000 0.10600 -0.04400
v -0.05600 0.10600 -0.05000
v -0.05600 0.15000 -0.04400
v -0.05600 0.14400 -0.05000
v -0.05000 0.14400 -0.04400
v -0.09400 0.10000 -0.04400
v -0.10000 0.10600 -0.01600
v -0.09400 0.10000 -0.01600
v -0.10000 0.10600 -0.04400
v -0.09400 0.10600 -0.01000
v -0.10000 0.14400 -0.01600
v -0.09400 0.14400 -0.01000
v -0.10000 0.10600 -0.01600
v -0.09400 0.15000 -0.01600
v -0.10000 0.14400 -0.04400
v -0.09400 0.15000 -0.04400
v -0.10000 0.14400 -0.01600
v -0.09400 0.14400 -0.05000
v -0.10000 0.10600 -0.04400
v -0.09400 0.10600 -0.05000
v -0.10000 0.14400 -0.04400
v -0.05600 0.10000 -0.04400
v -0.09400 0.10600 -0.05000
v -0.09400 0.10000 -0.04400
v -0.05600 0.10600 -0.05000
v -0.09400 0.15000 -0.04400
v -0.05600 0.14400 -0.05000
v -0.05600 0.15000 -0.04400
v -0.09400 0.14400 -0.05000
v -0.05000 0.14400 -0.04400
v -0.05600 0.10600 -0.05000
v -0.05000 0.10600 -0.04400
v -0.05600 0.14400 -0.05000
v -0.05600 0.10000 -0.01600
v -0.05000 0.10600 -0.04400
v -0.05600 0.10000 -0.04400
v -0.05000 0.10600 -0.01600
v -0.05600 0.15000 -0.04400
v -0.05000 0.14400 -0.01600
v -0.05600 0.15000 -0.01600
v -0.05000 0.14400 -0.04400
v -0.05600 0.14400 -0.01000
v -0.05000 0.10600 -0.01600
v -0.05600 0.10600 -0.01000
v -0.05000 0.14400 -0.01600
v -0.09400 0.10000 -0.01600
v -0.05600 0.10600 -0.01000
v -0.05600 0.10000 -0.01600
v -0.09400 0.10600 -0.01000
v -0.05600 0.15000 -0.01600
v -0.09400 0.14400 -0.01000
v -0.09400 0.15000 -0.01600
v -0.05600 0.14400 -0.01000
v -0.09400 0.10000 -0.04400
v -0.05600 0.10000 -0.01600
v -0.05600 0.10000 -0.04400
v -0.09400 0.10000 -0.01600
v -0.04560 0.20580 0.03800
v -0.04195 0.18380 0.03800
v 0.04195 0.18380 0.03800
v 0.04560 0.20580 0.03800
v 0.01733 0.15168 0.03800
v 0.03192 0.16488 0.03800
v -0.01733 0.15168 0.03800
v -0.03192 0.16488 0.03800
v -0.04560 0.20580 0.04800
v 0.04560 0.20580 0.04800
v -0.03192 0.16488 0.04800
v -0.04195 0.18380 0.04800
v -0.01733 0.15168 0.04800
v 0.03192 0.16488 0.04800
v 0.04195 0.18380 0.04800
v 0.01733 0.15168 0.04800
v -0.04560 0.20580 0.04800
v -0.04560 0.20580 0.03800
v -0.04560 0.20580 0.03800
v -0.04195 0.18380 0.04800
v -0.04195 0.18380 0.03800
v -0.04560 0.20580 0.04800
v -0.04195 0.18380 0.03800
v -0.03192 0.16488 0.04800
v -0.03192 0.16488 0.03800
v -0.04195 0.18380 0.04800
v -0.03192 0.16488 0.03800
v -0.01733 0.15168 0.04800
v -0.01733 0.15168 0.03800
v -0.03192 0.16488 0.04800
v -0.01733 0.15168 0.03800
v -0.01733 0.15168 0.04800
v 0.01733 0.15168 0.04800
v 0.01733 0.15168 0.03800
v 0.01733 0.15168 0.03800
v 0.03192 0.16488 0.04800
v 0.03192 0.16488 0.03800
v 0.01733 0.15168 0.04800
v 0.03192 0.16488 0.03800
v 0.04195 0.18380 0.04800
v 0.04195 0.18380 0.03800
v 0.03192 0.16488 0.04800
v 0.04195 0.18380 0.03800
v 0.04560 0.20580 0.04800
v 0.04560 0.20580 0.03800
v 0.04195 0.18380 0.04800
v 0.04560 0.20580 0.03800
v 0.04560 0.20580 0.04800
vn 0.7678 0.4006 0.5000
vn 0.7678 0.4006 0.5000
vn 0.7678 0.4006 0.5000
vn 0.7678 0.4006 0.5000
vn -0.0000 -0.0000 1.0000
vn -0.0000 -0.0000 1.0000
vn -0.0000 -0.0000 1.0000
vn -0.0000 -0.0000 1.0000
vn -0.7678 -0.4006 0.4999
vn -0.7678 -0.4006 0.4999
vn -0.7678 -0.4006 0.4999
vn -0.7678 -0.4006 0.4999
vn -0.7678 -0.4006 -0.5001
vn -0.7678 -0.4006 -0.5001
vn -0.7678 -0.4006 -0.5001
vn -0.7678 -0.4006 -0.5001
vn -0.4626 0.8866 -0.0000
vn -0.4626 0.8866 -0.0000
vn -0.4626 0.8866 -0.0000
vn -0.4626 0.8866 -0.0000
vn -0.4626 0.8866 -0.0000
vn -0.4626 0.8866 -0.0000
vn 0.0000 0.0000 -1.0000
vn 0.0000 0.0000 -1.0000
vn 0.0000 0.0000 -1.0000
vn 0.0000 0.0000 -1.0000
vn 0.7678 0.4006 -0.5000
vn 0.7678 0.4006 -0.5000
vn 0.7678 0.4006 -0.5000
vn 0.7678 0.4006 -0.5000
vn 0.4625 -0.8866 -0.0000
vn 0.4625 -0.8866 -0.0000
vn 0.4625 -0.8866 -0.0000
vn 0.4625 -0.8866 -0.0000
vn 0.4625 -0.8866 -0.0000
vn 0.4625 -0.8866 -0.0000
vn -0.0000 -0.0000 1.0000
vn -0.0000 -0.0000 1.0000
vn -0.0000 -0.0000 1.0000
vn -0.0000 -0.0000 1.0000
vn 1.0000 0.0000 -0.0000
vn 1.0000 0.0000 -0.0000
vn 1.0000 0.0000 -0.0000
vn 1.0000 0.0000 -0.0000
vn 0.0000 1.0000 -0.0000
vn 0.0000 1.0000 -0.0000
vn 0.0000 1.0000 -0.0000
vn 0.0000 1.0000 -0.0000
vn -1.0000 0.0000 -0.0000
vn -1.0000 0.0000 -0.0000
vn -1.0000 0.0000 -0.0000
vn -1.0000 0.0000 -0.0000
vn 0.0000 0.0000 -1.0000
vn 0.0000 0.0000 -1.0000
vn 0.0000 0.0000 -1.0000
vn 0.0000 0.0000 -1.0000
vn -0.5774 -0.5774 0.5772
vn -0.5774 -0.5774 0.5772
vn -0.5774 -0.5774 0.5772
vn -0.5774 0.5773 0.5774
vn -0.5774 0.5773 0.5774
vn -0.5774 0.5773 0.5774
vn -0.5773 -0.5773 -0.5774
vn -0.5773 -0.5773 -0.5774
vn -0.5773 -0.5773 -0.5774
vn -0.5773 0.5773 -0.5775
vn -0.5773 0.5773 -0.5775
vn -0.5773 0.5773 -0.5775
vn 0.5774 -0.5774 0.5773
vn 0.5774 -0.5774 0.5773
vn 0.5774 -0.5774 0.5773
vn 0.5773 0.5773 0.5775
vn 0.5773 0.5773 0.5775
vn 0.5773 0.5773 0.5775
vn 0.5773 -0.5774 -0.5774
vn 0.5773 -0.5774 -0.5774
vn 0.5773 -0.5774 -0.5774
vn 0.5773 0.5773 -0.5774
vn 0.5773 0.5773 -0.5774
vn 0.5773 0.5773 -0.5774
vn -0.7071 -0.7071 -0.0001
vn -0.7071 -0.7071 -0.0001
vn -0.7071 -0.7071 -0.0001
vn -0.7071 -0.7071 -0.0001
vn -0.7071 -0.0000 0.7071
vn -0.7071 -0.0000 0.7071
vn -0.7071 -0.0000 0.7071
vn -0.7071 -0.0000 0.7071
vn -0.7071 0.7071 -0.0000
vn -0.7071 0.7071 -0.0000
vn -0.7071 0.7071 -0.0000
vn -0.7071 0.7071 -0.0000
vn -0.7071 0.0000 -0.7071
vn -0.7071 0.0000 -0.7071
vn -0.7071 0.0000 -0.7071
vn -0.7071 0.0000 -0.7071
vn 0.0000 -0.7071 -0.7071
vn 0.0000 -0.7071 -0.7071
vn 0.0000 -0.7071 -0.7071
vn 0.0000 -0.7071 -0.7071
vn 0.0000 0.7071 -0.7071
vn 0.0000 0.7071 -0.7071
vn 0.0000 0.7071 -0.7071
vn 0.0000 0.7071 -0.7071
vn 0.7071 0.0000 -0.7071
vn 0.7071 0.0000 -0.7071
vn 0.7071 0.0000 -0.7071
vn 0.7071 0.0000 -0.7071
vn 0.7071 -0.7071 -0.0000
vn 0.7071 -0.7071 -0.0000
vn 0.7071 -0.7071 -0.0000
vn 0.7071 -0.7071 -0.0000
vn 0.7071 0.7071 0.0000
vn 0.7071 0.7071 0.0000
vn 0.7071 0.7071 0.0000
vn 0.7071 0.7071 0.0000
vn 0.7071 -0.0000 0.7071
vn 0.7071 -0.0000 0.7071
vn 0.7071 -0.0000 0.7071
vn 0.7071 -0.0000 0.7071
vn -0.0000 -0.7071 0.7071
vn -0.0000 -0.7071 0.7071
vn -0.0000 -0.7071 0.7071
vn -0.0000 -0.7071 0.7071
vn -0.0000 0.7071 0.7071
vn -0.0000 0.7071 0.7071
vn -0.0000 0.7071 0.7071
vn -0.0000 0.7071 0.7071
vn 0.0000 -1.0000 -0.0000
vn 0.0000 -1.0000 -0.0000
vn 0.0000 -1.0000 -0.0000
vn 0.0000 -1.0000 -0.0000
vn -0.0000 -0.0000 1.0000
vn -0.0000 -0.0000 1.0000
vn -0.0000 -0.0000 1.0000
vn -0.0000 -0.0000 1.0000
vn 1.0000 0.0000 -0.0000
vn 1.0000 0.0000 -0.0000
vn 1.0000 0.0000 -0.0000
vn 1.0000 0.0000 -0.0000
vn 0.0000 1.0000 -0.0000
vn 0.0000 1.0000 -0.0000
vn 0.0000 1.0000 -0.0000
vn 0.0000 1.0000 -0.0000
vn -1.0000 0.0000 -0.0000
vn -1.0000 0.0000 -0.0000
vn -1.0000 0.0000 -0.0000
vn -1.0000 0.0000 -0.0000
vn 0.0000 0.0000 -1.0000
vn 0.0000 0.0000 -1.0000
vn 0.0000 0.0000 -1.0000
vn 0.0000 0.0000 -1.0000
vn -0.5773 -0.5774 0.5774
vn -0.5773 -0.5774 0.5774
vn -0.5773 -0.5774 0.5774
vn -0.5774 0.5773 0.5774
vn -0.5774 0.5773 0.5774
vn -0.5774 0.5773 0.5774
vn -0.5773 -0.5774 -0.5774
vn -0.5773 -0.5774 -0.5774
vn -0.5773 -0.5774 -0.5774
vn -0.5773 0.5773 -0.5775
vn -0.5773 0.5773 -0.5775
vn -0.5773 0.5773 -0.5775
vn 0.5772 -0.5774 0.5774
vn 0.5772 -0.5774 0.5774
vn 0.5772 -0.5774 0.5774
vn 0.5773 0.5773 0.5775
vn 0.5773 0.5773 0.5775
vn 0.5773 0.5773 0.5775
vn 0.5773 -0.5774 -0.5774
vn 0.5773 -0.5774 -0.5774
vn 0.5773 -0.5774 -0.5774
vn 0.5773 0.5773 -0.5774
vn 0.5773 0.5773 -0.5774
vn 0.5773 0.5773 -0.5774
vn -0.7071 -0.7071 -0.0001
vn -0.7071 -0.7071 -0.0001
vn -0.7071 -0.7071 -0.0001
vn -0.7071 -0.7071 -0.0001
vn -0.7071 -0.0000 0.7071
vn -0.7071 -0.0000 0.7071
vn -0.7071 -0.0000 0.7071
vn -0.7071 -0.0000 0.7071
vn -0.7071 0.7071 -0.0000
vn -0.7071 0.7071 -0.0000
vn -0.7071 0.7071 -0.0000
vn -0.7071 0.7071 -0.0000
vn -0.7071 0.0000 -0.7071
vn -0.7071 0.0000 -0.7071
vn -0.7071 0.0000 -0.7071
vn -0.7071 0.0000 -0.7071
vn 0.0000 -0.7071 -0.7071
vn 0.0000 -0.7071 -0.7071
vn 0.0000 -0.7071 -0.7071
vn 0.0000 -0.7071 -0.7071
vn 0.0000 0.7071 -0.7071
vn 0.0000 0.7071 -0.7071
vn 0.0000 0.7071 -0.7071
vn 0.0000 0.7071 -0.7071
vn 0.7071 0.0000 -0.7071
vn 0.7071 0.0000 -0.7071
vn 0.7071 0.0000 -0.7071
vn 0.7071 0.0000 -0.7071
vn 0.7071 -0.7071 -0.0000
vn 0.7071 -0.7071 -0.0000
vn 0.7071 -0.7071 -0.0000
vn 0.7071 -0.7071 -0.0000
vn 0.7071 0.7071 0.0000
vn 0.7071 0.7071 0.0000
vn 0.7071 0.7071 0.0000
vn 0.7071 0.7071 0.0000
vn 0.7071 -0.0000 0.7071
vn 0.7071 -0.0000 0.7071
vn 0.7071 -0.0000 0.7071
vn 0.7071 -0.0000 0.7071
vn -0.0000 -0.7071 0.7071
vn -0.0000 -0.7071 0.7071
vn -0.0000 -0.7071 0.7071
vn -0.0000 -0.7071 0.7071
vn -0.0000 0.7071 0.7071
vn -0.0000 0.7071 0.7071
vn -0.0000 0.7071 0.7071
vn -0.0000 0.7071 0.7071
vn 0.0000 -1.0000 -0.0000
vn 0.0000 -1.0000 -0.0000
vn 0.0000 -1.0000 -0.0000
vn 0.0000 -1.0000 -0.0000
vn 0.0000 0.0000 -1.0000
vn 0.0000 0.0000 -1.0000
vn 0.0000 0.0000 -1.0000
vn -0.0000 -0.0000 1.0000
vn -0.0000 -0.0000 1.0000
vn -0.0000 -0.0000 1.0000
vn -1.0000 0.0000 -0.0000
vn -1.0000 0.0000 -0.0000
vn -0.3963 -0.9181 -0.0001
vn -0.3963 -0.9181 -0.0001
vn 0.3963 -0.9181 -0.0000
vn 1.0000 0.0000 -0.0000
vn 1.0000 0.0000 -0.0000
vn 0.3963 -0.9181 -0.0000
vn 0.0000 1.0000 -0.0000
vn 0.0000 1.0000 -0.0000
vn 0.0000 1.0000 -0.0000
vn 0.0000 1.0000 -0.0000
vn -0.0000 -0.0000 1.0000
vn -0.0000 -0.0000 1.0000
vn -0.0000 -0.0000 1.0000
vn -0.0000 -0.0000 1.0000
vn 1.0000 0.0000 -0.0000
vn 1.0000 0.0000 -0.0000
vn 1.0000 0.0000 -0.0000
vn 1.0000 0.0000 -0.0000
vn 0.0000 1.0000 -0.0000
vn 0.0000 1.0000 -0.0000
vn 0.0000 1.0000 -0.0000
vn 0.0000 1.0000 -0.0000
vn -1.0000 0.0000 -0.0000
vn -1.0000 0.0000 -0.0000
vn -1.0000 0.0000 -0.0000
vn -1.0000 0.0000 -0.0000
vn 0.0000 0.0000 -1.0000
vn 0.0000 0.0000 -1.0000
vn 0.0000 0.0000 -1.0000
vn 0.0000 0.0000 -1.0000
vn -0.5774 -0.5774 0.5772
vn -0.5774 -0.5774 0.5772
vn -0.5774 -0.5774 0.5772
vn -0.5774 0.5774 0.5773
vn -0.5774 0.5774 0.5773
vn -0.5774 0.5774 0.5773
vn -0.5773 -0.5773 -0.5774
vn -0.5773 -0.5773 -0.5774
vn -0.5773 -0.5773 -0.5774
vn -0.5774 0.5773 -0.5774
vn -0.5774 0.5773 -0.5774
vn -0.5774 0.5773 -0.5774
vn 0.5774 -0.5774 0.5773
vn 0.5774 -0.5774 0.5773
vn 0.5774 -0.5774 0.5773
vn 0.5774 0.5774 0.5774
vn 0.5774 0.5774 0.5774
vn 0.5774 0.5774 0.5774
vn 0.5773 -0.5774 -0.5774
vn 0.5773 -0.5774 -0.5774
vn 0.5773 -0.5774 -0.5774
vn 0.5774 0.5774 -0.5773
vn 0.5774 0.5774 -0.5773
vn 0.5774 0.5774 -0.5773
vn -0.7071 -0.7071 -0.0001
vn -0.7071 -0.7071 -0.0001
vn -0.7071 -0.7071 -0.0001
vn -0.7071 -0.7071 -0.0001
vn -0.7071 -0.0000 0.7071
vn -0.7071 -0.0000 0.7071
vn -0.7071 -0.0000 0.7071
vn -0.7071 -0.0000 0.7071
vn -0.7071 0.7071 -0.0000
vn -0.7071 0.7071 -0.0000
vn -0.7071 0.7071 -0.0000
vn -0.7071 0.7071 -0.0000
vn -0.7071 0.0000 -0.7071
vn -0.7071 0.0000 -0.7071
vn -0.7071 0.0000 -0.7071
vn -0.7071 0.0000 -0.7071
vn 0.0000 -0.7071 -0.7071
vn 0.0000 -0.7071 -0.7071
vn 0.0000 -0.7071 -0.7071
vn 0.0000 -0.7071 -0.7071
vn 0.0000 0.7071 -0.7071
vn 0.0000 0.7071 -0.7071
vn 0.0000 0.7071 -0.7071
vn 0.0000 0.7071 -0.7071
vn 0.7071 0.0000 -0.7071
vn 0.7071 0.0000 -0.7071
vn 0.7071 0.0000 -0.7071
vn 0.7071 0.0000 -0.7071
vn 0.7071 -0.7071 -0.0000
vn 0.7071 -0.7071 -0.0000
vn 0.7071 -0.7071 -0.0000
vn 0.7071 -0.7071 -0.0000
vn 0.7071 0.7071 0.0000
vn 0.7071 0.7071 0.0000
vn 0.7071 0.7071 0.0000
vn 0.7071 0.7071 0.0000
vn 0.7071 -0.0000 0.7071
vn 0.7071 -0.0000 0.7071
vn 0.7071 -0.0000 0.7071
vn 0.7071 -0.0000 0.7071
vn -0.0000 -0.7071 0.7071
vn -0.0000 -0.7071 0.7071
vn -0.0000 -0.7071 0.7071
vn -0.0000 -0.7071 0.7071
vn -0.0000 0.7071 0.7071
vn -0.0000 0.7071 0.7071
vn -0.0000 0.7071 0.7071
vn -0.0000 0.7071 0.7071
vn 0.0000 -1.0000 -0.0000
vn 0.0000 -1.0000 -0.0000
vn 0.0000 -1.0000 -0.0000
vn 0.0000 -1.0000 -0.0000
vn -0.0000 -0.0000 1.0000
vn -0.0000 -0.0000 1.0000
vn -0.0000 -0.0000 1.0000
vn -0.0000 -0.0000 1.0000
vn 1.0000 0.0000 -0.0000
vn 1.0000 0.0000 -0.0000
vn 1.0000 0.0000 -0.0000
vn 1.0000 0.0000 -0.0000
vn 0.0000 1.0000 -0.0000
vn 0.0000 1.0000 -0.0000
vn 0.0000 1.0000 -0.0000
vn 0.0000 1.0000 -0.0000
vn -1.0000 0.0000 -0.0000
vn -1.0000 0.0000 -0.0000
vn -1.0000 0.0000 -0.0000
vn -1.0000 0.0000 -0.0000
vn 0.0000 0.0000 -1.0000
vn 0.0000 0.0000 -1.0000
vn 0.0000 0.0000 -1.0000
vn 0.0000 0.0000 -1.0000
vn -0.5774 -0.5774 0.5772
vn -0.5774 -0.5774 0.5772
vn -0.5774 -0.5774 0.5772
vn -0.5774 0.5774 0.5773
vn -0.5774 0.5774 0.5773
vn -0.5774 0.5774 0.5773
vn -0.5773 -0.5773 -0.5774
vn -0.5773 -0.5773 -0.5774
vn -0.5773 -0.5773 -0.5774
vn -0.5774 0.5773 -0.5774
vn -0.5774 0.5773 -0.5774
vn -0.5774 0.5773 -0.5774
vn 0.5774 -0.5774 0.5773
vn 0.5774 -0.5774 0.5773
vn 0.5774 -0.5774 0.5773
vn 0.5774 0.5774 0.5774
vn 0.5774 0.5774 0.5774
vn 0.5774 0.5774 0.5774
vn 0.5773 -0.5774 -0.5774
vn 0.5773 -0.5774 -0.5774
vn 0.5773 -0.5774 -0.5774
vn 0.5774 0.5774 -0.5773
vn 0.5774 0.5774 -0.5773
vn 0.5774 0.5774 -0.5773
vn -0.7071 -0.7071 -0.0001
vn -0.7071 -0.7071 -0.0001
vn -0.7071 -0.7071 -0.0001
vn -0.7071 -0.7071 -0.0001
vn -0.7071 -0.0000 0.7071
vn -0.7071 -0.0000 0.7071
vn -0.7071 -0.0000 0.7071
vn -0.7071 -0.0000 0.7071
vn -0.7071 0.7071 -0.0000
vn -0.7071 0.7071 -0.0000
vn -0.7071 0.7071 -0.0000
vn -0.7071 0.7071 -0.0000
vn -0.7071 0.0000 -0.7071
vn -0.7071 0.0000 -0.7071
vn -0.7071 0.0000 -0.7071
vn -0.7071 0.0000 -0.7071
vn 0.0000 -0.7071 -0.7071
vn 0.0000 -0.7071 -0.7071
vn 0.0000 -0.7071 -0.7071
vn 0.0000 -0.7071 -0.7071
vn 0.0000 0.7071 -0.7071
vn 0.0000 0.7071 -0.7071
vn 0.0000 0.7071 -0.7071
vn 0.0000 0.7071 -0.7071
vn 0.7071 0.0000 -0.7071
vn 0.7071 0.0000 -0.7071
vn 0.7071 0.0000 -0.7071
vn 0.7071 0.0000 -0.7071
vn 0.7071 -0.7071 -0.0000
vn 0.7071 -0.7071 -0.0000
vn 0.7071 -0.7071 -0.0000
vn 0.7071 -0.7071 -0.0000
vn 0.7071 0.7071 0.0000
vn 0.7071 0.7071 0.0000
vn 0.7071 0.7071 0.0000
vn 0.7071 0.7071 0.0000
vn 0.7071 -0.0000 0.7071
vn 0.7071 -0.0000 0.7071
vn 0.7071 -0.0000 0.7071
vn 0.7071 -0.0000 0.7071
vn -0.0000 -0.7071 0.7071
vn -0.0000 -0.7071 0.7071
vn -0.0000 -0.7071 0.7071
vn -0.0000 -0.7071 0.7071
vn -0.0000 0.7071 0.7071
vn -0.0000 0.7071 0.7071
vn -0.0000 0.7071 0.7071
vn -0.0000 0.7071 0.7071
vn 0.0000 -1.0000 -0.0000
vn 0.0000 -1.0000 -0.0000
vn 0.0000 -1.0000 -0.0000
vn 0.0000 -1.0000 -0.0000
vn -0.0000 -0.0000 1.0000
vn -0.0000 -0.0000 1.0000
vn -0.0000 -0.0000 1.0000
vn -0.0000 -0.0000 1.0000
vn 1.0000 0.0000 -0.0000
vn 1.0000 0.0000 -0.0000
vn 1.0000 0.0000 -0.0000
vn 1.0000 0.0000 -0.0000
vn 0.0000 1.0000 -0.0000
vn 0.0000 1.0000 -0.0000
vn 0.0000 1.0000 -0.0000
vn 0.0000 1.0000 -0.0000
vn -1.0000 0.0000 -0.0000
vn -1.0000 0.0000 -0.0000
vn -1.0000 0.0000 -0.0000
vn -1.0000 0.0000 -0.0000
vn 0.0000 0.0000 -1.0000
vn 0.0000 0.0000 -1.0000
vn 0.0000 0.0000 -1.0000
vn 0.0000 0.0000 -1.0000
vn -0.5773 -0.5774 0.5774
vn -0.5773 -0.5774 0.5774
vn -0.5773 -0.5774 0.5774
vn -0.5774 0.5772 0.5774
vn -0.5774 0.5772 0.5774
vn -0.5774 0.5772 0.5774
vn -0.5774 -0.5773 -0.5774
vn -0.5774 -0.5773 -0.5774
vn -0.5774 -0.5773 -0.5774
vn -0.5774 0.5773 -0.5774
vn -0.5774 0.5773 -0.5774
vn -0.5774 0.5773 -0.5774
vn 0.5772 -0.5774 0.5774
vn 0.5772 -0.5774 0.5774
vn 0.5772 -0.5774 0.5774
vn 0.5774 0.5772 0.5775
vn 0.5774 0.5772 0.5775
vn 0.5774 0.5772 0.5775
vn 0.5774 -0.5773 -0.5774
vn 0.5774 -0.5773 -0.5774
vn 0.5774 -0.5773 -0.5774
vn 0.5774 0.5773 -0.5773
vn 0.5774 0.5773 -0.5773
vn 0.5774 0.5773 -0.5773
vn -0.7071 -0.7071 -0.0001
vn -0.7071 -0.7071 -0.0001
vn -0.7071 -0.7071 -0.0001
vn -0.7071 -0.7071 -0.0001
vn -0.7071 -0.0000 0.7071
vn -0.7071 -0.0000 0.7071
vn -0.7071 -0.0000 0.7071
vn -0.7071 -0.0000 0.7071
vn -0.7071 0.7071 -0.0000
vn -0.7071 0.7071 -0.0000
vn -0.7071 0.7071 -0.0000
vn -0.7071 0.7071 -0.0000
vn -0.7071 0.0000 -0.7071
vn -0.7071 0.0000 -0.7071
vn -0.7071 0.0000 -0.7071
vn -0.7071 0.0000 -0.7071
vn 0.0000 -0.7071 -0.7071
vn 0.0000 -0.7071 -0.7071
vn 0.0000 -0.7071 -0.7071
vn 0.0000 -0.7071 -0.7071
vn 0.0000 0.7071 -0.7071
vn 0.0000 0.7071 -0.7071
vn 0.0000 0.7071 -0.7071
vn 0.0000 0.7071 -0.7071
vn 0.7071 0.0000 -0.7071
vn 0.7071 0.0000 -0.7071
vn 0.7071 0.0000 -0.7071
vn 0.7071 0.0000 -0.7071
vn 0.7071 -0.7071 -0.0000
vn 0.7071 -0.7071 -0.0000
vn 0.7071 -0.7071 -0.0000
vn 0.7071 -0.7071 -0.0000
vn 0.7071 0.7071 0.0000
vn 0.7071 0.7071 0.0000
vn 0.7071 0.7071 0.0000
vn 0.7071 0.7071 0.0000
vn 0.7071 -0.0000 0.7071
vn 0.7071 -0.0000 0.7071
vn 0.7071 -0.0000 0.7071
vn 0.7071 -0.0000 0.7071
vn -0.0000 -0.7071 0.7071
vn -0.0000 -0.7071 0.7071
vn -0.0000 -0.7071 0.7071
vn -0.0000 -0.7071 0.7071
vn -0.0000 0.7071 0.7071
vn -0.0000 0.7071 0.7071
vn -0.0000 0.7071 0.7071
vn -0.0000 0.7071 0.7071
vn 0.0000 -1.0000 -0.0000
vn 0.0000 -1.0000 -0.0000
vn 0.0000 -1.0000 -0.0000
vn 0.0000 -1.0000 -0.0000
vn 0.0000 0.0000 -1.0000
vn 0.0000 0.0000 -1.0000
vn 0.0000 0.0000 -1.0000
vn 0.0000 0.0000 -1.0000
vn 0.0000 0.0000 -1.0000
vn 0.0000 0.0000 -1.0000
vn 0.0000 0.0000 -1.0000
vn 0.0000 0.0000 -1.0000
vn -0.0000 -0.0000 1.0000
vn -0.0000 -0.0000 1.0000
vn -0.0000 -0.0000 1.0000
vn -0.0000 -0.0000 1.0000
vn -0.0000 -0.0000 1.0000
vn -0.0000 -0.0000 1.0000
vn -0.0000 -0.0000 1.0000
vn -0.0000 -0.0000 1.0000
vn -1.0000 0.0000 -0.0000
vn -1.0000 0.0000 -0.0000
vn -0.9865 -0.1636 -0.0000
vn -0.9865 -0.1636 -0.0000
vn -0.9865 -0.1636 -0.0000
vn -0.9865 -0.1636 -0.0000
vn -0.8835 -0.4685 -0.0001
vn -0.8835 -0.4685 -0.0001
vn -0.8835 -0.4685 -0.0001
vn -0.8835 -0.4685 -0.0001
vn -0.6708 -0.7416 -0.0000
vn -0.6708 -0.7416 -0.0000
vn -0.6708 -0.7416 -0.0000
vn -0.6708 -0.7416 -0.0000
vn -0.3963 -0.9181 -0.0001
vn -0.3963 -0.9181 -0.0001
vn 0.3963 -0.9181 -0.0000
vn 0.3963 -0.9181 -0.0000
vn 0.6708 -0.7417 0.0000
vn 0.6708 -0.7417 0.0000
vn 0.6708 -0.7417 0.0000
vn 0.6708 -0.7417 0.0000
vn 0.8835 -0.4685 -0.0000
vn 0.8835 -0.4685 -0.0000
vn 0.8835 -0.4685 -0.0000
vn 0.8835 -0.4685 -0.0000
vn 0.9865 -0.1636 0.0000
vn 0.9865 -0.1636 0.0000
vn 0.9865 -0.1636 0.0000
vn 0.9865 -0.1636 0.0000
vn 1.0000 0.0000 -0.0000
vn 1.0000 0.0000 -0.0000
f 247//247 249//249 248//248
f 247//247 248//248 250//250
f 251//251 253//253 252//252
f 251//251 252//252 254//254
f 255//255 257//257 256//256
f 255//255 256//256 258//258
f 259//259 261//261 260//260
f 259//259 260//260 262//262
f 263//263 265//265 264//264
f 263//263 264//264 266//266
f 267//267 269//269 268//268
f 270//270 272//272 271//271
f 273//273 275//275 274//274
f 276//276 278//278 277//277
f 279//279 281//281 280//280
f 282//282 284//284 283//283
f 285//285 287//287 286//286
f 288//288 290//290 289//289
f 291//291 293//293 292//292
f 291//291 292//292 294//294
f 295//295 297//297 296//296
f 295//295 296//296 298//298
f 299//299 301//301 300//300
f 299//299 300//300 302//302
f 303//303 305//305 304//304
f 303//303 304//304 306//306
f 307//307 309//309 308//308
f 307//307 308//308 310//310
f 311//311 313//313 312//312
f 311//311 312//312 314//314
f 315//315 317//317 316//316
f 315//315 316//316 318//318
f 319//319 321//321 320//320
f 319//319 320//320 322//322
f 323//323 325//325 324//324
f 323//323 324//324 326//326
f 327//327 329//329 328//328
f 327//327 328//328 330//330
f 331//331 333//333 332//332
f 331//331 332//332 334//334
f 335//335 337//337 336//336
f 335//335 336//336 338//338
f 339//339 341//341 340//340
f 339//339 340//340 342//342
f 343//343 345//345 344//344
f 343//343 344//344 346//346
f 347//347 349//349 348//348
f 347//347 348//348 350//350
f 351//351 353//353 352//352
f 351//351 352//352 354//354
f 355//355 357//357 356//356
f 355//355 356//356 358//358
f 359//359 361//361 360//360
f 359//359 360//360 362//362
f 363//363 365//365 364//364
f 366//366 368//368 367//367
f 369//369 371//371 370//370
f 372//372 374//374 373//373
f 375//375 377//377 376//376
f 378//378 380//380 379//379
f 381//381 383//383 382//382
f 384//384 386//386 385//385
f 387//387 389//389 388//388
f 387//387 388//388 390//390
f 391//391 393//393 392//392
f 391//391 392//392 394//394
f 395//395 397//397 396//396
f 395//395 396//396 398//398
f 399//399 401//401 400//400
f 399//399 400//400 402//402
f 403//403 405//405 404//404
f 403//403 404//404 406//406
f 407//407 409//409 408//408
f 407//407 408//408 410//410
f 411//411 413//413 412//412
f 411//411 412//412 414//414
f 415//415 417//417 416//416
f 415//415 416//416 418//418
f 419//419 421//421 420//420
f 419//419 420//420 422//422
f 423//423 425//425 424//424
f 423//423 424//424 426//426
f 427//427 429//429 428//428
f 427//427 428//428 430//430
f 431//431 433//433 432//432
f 431//431 432//432 434//434
f 435//435 437//437 436//436
f 435//435 436//436 438//438
f 37//37 39//39 38//38
f 37//37 38//38 40//40
f 41//41 43//43 42//42
f 41//41 42//42 44//44
f 45//45 47//47 46//46
f 45//45 46//46 48//48
f 49//49 51//51 50//50
f 49//49 50//50 52//52
f 53//53 55//55 54//54
f 53//53 54//54 56//56
f 57//57 59//59 58//58
f 60//60 62//62 61//61
f 63//63 65//65 64//64
f 66//66 68//68 67//67
f 69//69 71//71 70//70
f 72//72 74//74 73//73
f 75//75 77//77 76//76
f 78//78 80//80 79//79
f 81//81 83//83 82//82
f 81//81 82//82 84//84
f 85//85 87//87 86//86
f 85//85 86//86 88//88
f 89//89 91//91 90//90
f 89//89 90//90 92//92
f 93//93 95//95 94//94
f 93//93 94//94 96//96
f 97//97 99//99 98//98
f 97//97 98//98 100//100
f 101//101 103//103 102//102
f 101//101 102//102 104//104
f 105//105 107//107 106//106
f 105//105 106//106 108//108
f 109//109 111//111 110//110
f 109//109 110//110 112//112
f 113//113 115//115 114//114
f 113//113 114//114 116//116
f 117//117 119//119 118//118
f 117//117 118//118 120//120
f 121//121 123//123 122//122
f 121//121 122//122 124//124
f 125//125 127//127 126//126
f 125//125 126//126 128//128
f 129//129 131//131 130//130
f 129//129 130//130 132//132
f 133//133 135//135 134//134
f 133//133 134//134 136//136
f 137//137 139//139 138//138
f 137//137 138//138 140//140
f 141//141 143//143 142//142
f 141//141 142//142 144//144
f 145//145 147//147 146//146
f 145//145 146//146 148//148
f 149//149 151//151 150//150
f 149//149 150//150 152//152
f 153//153 155//155 154//154
f 156//156 158//158 157//157
f 159//159 161//161 160//160
f 162//162 164//164 163//163
f 165//165 167//167 166//166
f 168//168 170//170 169//169
f 171//171 173//173 172//172
f 174//174 176//176 175//175
f 177//177 179//179 178//178
f 177//177 178//178 180//180
f 181//181 183//183 182//182
f 181//181 182//182 184//184
f 185//185 187//187 186//186
f 185//185 186//186 188//188
f 189//189 191//191 190//190
f 189//189 190//190 192//192
f 193//193 195//195 194//194
f 193//193 194//194 196//196
f 197//197 199//199 198//198
f 197//197 198//198 200//200
f 201//201 203//203 202//202
f 201//201 202//202 204//204
f 205//205 207//207 206//206
f 205//205 206//206 208//208
f 209//209 211//211 210//210
f 209//209 210//210 212//212
f 213//213 215//215 214//214
f 213//213 214//214 216//216
f 217//217 219//219 218//218
f 217//217 218//218 220//220
f 221//221 223//223 222//222
f 221//221 222//222 224//224
f 225//225 227//227 226//226
f 225//225 226//226 228//228
f 439//439 441//441 440//440
f 439//439 440//440 442//442
f 443//443 445//445 444//444
f 443//443 444//444 446//446
f 447//447 449//449 448//448
f 447//447 448//448 450//450
f 451//451 453//453 452//452
f 451//451 452//452 454//454
f 455//455 457//457 456//456
f 455//455 456//456 458//458
f 459//459 461//461 460//460
f 462//462 464//464 463//463
f 465//465 467//467 466//466
f 468//468 470//470 469//469
f 471//471 473//473 472//472
f 474//474 476//476 475//475
f 477//477 479//479 478//478
f 480//480 482//482 481//481
f 483//483 485//485 484//484
f 483//483 484//484 486//486
f 487//487 489//489 488//488
f 487//487 488//488 490//490
f 491//491 493//493 492//492
f 491//491 492//492 494//494
f 495//495 497//497 496//496
f 495//495 496//496 498//498
f 499//499 501//501 500//500
f 499//499 500//500 502//502
f 503//503 505//505 504//504
f 503//503 504//504 506//506
f 507//507 509//509 508//508
f 507//507 508//508 510//510
f 511//511 513//513 512//512
f 511//511 512//512 514//514
f 515//515 517//517 516//516
f 515//515 516//516 518//518
f 519//519 521//521 520//520
f 519//519 520//520 522//522
f 523//523 525//525 524//524
f 523//523 524//524 526//526
f 527//527 529//529 528//528
f 527//527 528//528 530//530
f 531//531 533//533 532//532
f 531//531 532//532 534//534
f 535//535 231//231 230//230
f 536//536 535//535 230//230
f 230//230 538//538 537//537
f 230//230 537//537 539//539
f 230//230 539//539 536//536
f 537//537 540//540 539//539
f 539//539 541//541 536//536
f 541//541 542//542 536//536
f 539//539 229//229 541//541
f 233//233 232//232 543//543
f 544//544 233//233 543//543
f 543//543 546//546 545//545
f 543//543 545//545 234//234
f 543//543 234//234 544//544
f 545//545 547//547 234//234
f 234//234 548//548 544//544
f 548//548 549//549 544//544
f 234//234 550//550 548//548
f 235//235 552//552 551//551
f 235//235 551//551 236//236
f 553//553 555//555 554//554
f 553//553 554//554 556//556
f 557//557 559//559 558//558
f 557//557 558//558 560//560
f 561//561 563//563 562//562
f 561//561 562//562 564//564
f 565//565 237//237 238//238
f 565//565 238//238 566//566
f 239//239 568//568 567//567
f 239//239 567//567 242//242
f 569//569 571//571 570//570
f 569//569 570//570 572//572
f 573//573 575//575 574//574
f 573//573 574//574 576//576
f 577//577 579//579 578//578
f 577//577 578//578 580//580
f 581//581 241//241 240//240
f 581//581 240//240 582//582
f 243//243 245//245 244//244
f 243//243 244//244 246//246
f 1//1 3//3 2//2
f 1//1 2//2 4//4
f 5//5 7//7 6//6
f 5//5 6//6 8//8
f 9//9 11//11 10//10
f 9//9 10//10 12//12
f 13//13 15//15 14//14
f 13//13 14//14 16//16
f 17//17 19//19 18//18
f 18//18 20//20 17//17
f 20//20 21//21 17//17
f 18//18 22//22 20//20
f 23//23 25//25 24//24
f 23//23 24//24 26//26
f 27//27 29//29 28//28
f 27//27 28//28 30//30
f 31//31 33//33 32//32
f 32//32 34//34 31//31
f 34//34 35//35 31//31
f 32//32 36//36 34//34
g body_cloth_dark
usemtl cloth_dark
v -0.01900 0.03100 0.02300
v -0.04900 0.12900 0.02300
v -0.01900 0.12900 0.02300
v -0.04900 0.03100 0.02300
v -0.01300 0.03100 -0.01700
v -0.01300 0.12900 0.01700
v -0.01300 0.12900 -0.01700
v -0.01300 0.03100 0.01700
v -0.01900 0.13500 -0.01700
v -0.04900 0.13500 0.01700
v -0.04900 0.13500 -0.01700
v -0.01900 0.13500 0.01700
v -0.05500 0.03100 0.01700
v -0.05500 0.12900 -0.01700
v -0.05500 0.12900 0.01700
v -0.05500 0.03100 -0.01700
v -0.04900 0.03100 -0.02300
v -0.01900 0.12900 -0.02300
v -0.04900 0.12900 -0.02300
v -0.01900 0.03100 -0.02300
v -0.04900 0.02500 0.01700
v -0.05500 0.03100 0.01700
v -0.04900 0.03100 0.02300
v -0.04900 0.12900 0.02300
v -0.05500 0.12900 0.01700
v -0.04900 0.13500 0.01700
v -0.04900 0.02500 -0.01700
v -0.04900 0.03100 -0.02300
v -0.05500 0.03100 -0.01700
v -0.04900 0.13500 -0.01700
v -0.05500 0.12900 -0.01700
v -0.04900 0.12900 -0.02300
v -0.01900 0.02500 0.01700
v -0.01900 0.03100 0.02300
v -0.01300 0.03100 0.01700
v -0.01900 0.13500 0.01700
v -0.01300 0.12900 0.01700
v -0.01900 0.12900 0.02300
v -0.01900 0.02500 -0.01700
v -0.01300 0.03100 -0.01700
v -0.01900 0.03100 -0.02300
v -0.01900 0.13500 -0.01700
v -0.01900 0.12900 -0.02300
v -0.01300 0.12900 -0.01700
v -0.04900 0.02500 -0.01700
v -0.05500 0.03100 0.01700
v -0.04900 0.02500 0.01700
v -0.05500 0.03100 -0.01700
v -0.04900 0.03100 0.02300
v -0.05500 0.12900 0.01700
v -0.04900 0.12900 0.02300
v -0.05500 0.03100 0.01700
v -0.04900 0.13500 0.01700
v -0.05500 0.12900 -0.01700
v -0.04900 0.13500 -0.01700
v -0.05500 0.12900 0.01700
v -0.04900 0.12900 -0.02300
v -0.05500 0.03100 -0.01700
v -0.04900 0.03100 -0.02300
v -0.05500 0.12900 -0.01700
v -0.01900 0.02500 -0.01700
v -0.04900 0.03100 -0.02300
v -0.04900 0.02500 -0.01700
v -0.01900 0.03100 -0.02300
v -0.04900 0.13500 -0.01700
v -0.01900 0.12900 -0.02300
v -0.01900 0.13500 -0.01700
v -0.04900 0.12900 -0.02300
v -0.01300 0.12900 -0.01700
v -0.01900 0.03100 -0.02300
v -0.01300 0.03100 -0.01700
v -0.01900 0.12900 -0.02300
v -0.01900 0.02500 0.01700
v -0.01300 0.03100 -0.01700
v -0.01900 0.02500 -0.01700
v -0.01300 0.03100 0.01700
v -0.01900 0.13500 -0.01700
v -0.01300 0.12900 0.01700
v -0.01900 0.13500 0.01700
v -0.01300 0.12900 -0.01700
v -0.01900 0.12900 0.02300
v -0.01300 0.03100 0.01700
v -0.01900 0.03100 0.02300
v -0.01300 0.12900 0.01700
v -0.04900 0.02500 0.01700
v -0.01900 0.03100 0.02300
v -0.01900 0.02500 0.01700
v -0.04900 0.03100 0.02300
v -0.01900 0.13500 0.01700
v -0.04900 0.12900 0.02300
v -0.04900 0.13500 0.01700
v -0.01900 0.12900 0.02300
v -0.04900 0.02500 -0.01700
v -0.01900 0.02500 0.01700
v -0.01900 0.02500 -0.01700
v -0.04900 0.02500 0.01700
v 0.04900 0.03100 0.02300
v 0.01900 0.12900 0.02300
v 0.04900 0.12900 0.02300
v 0.01900 0.03100 0.02300
v 0.05500 0.03100 -0.01700
v 0.05500 0.12900 0.01700
v 0.05500 0.12900 -0.01700
v 0.05500 0.03100 0.01700
v 0.04900 0.13500 -0.01700
v 0.01900 0.13500 0.01700
v 0.01900 0.13500 -0.01700
v 0.04900 0.13500 0.01700
v 0.01300 0.03100 0.01700
v 0.01300 0.12900 -0.01700
v 0.01300 0.12900 0.01700
v 0.01300 0.03100 -0.01700
v 0.01900 0.03100 -0.02300
v 0.04900 0.12900 -0.02300
v 0.01900 0.12900 -0.02300
v 0.04900 0.03100 -0.02300
v 0.01900 0.02500 0.01700
v 0.01300 0.03100 0.01700
v 0.01900 0.03100 0.02300
v 0.01900 0.12900 0.02300
v 0.01300 0.12900 0.01700
v 0.01900 0.13500 0.01700
v 0.01900 0.02500 -0.01700
v 0.01900 0.03100 -0.02300
v 0.01300 0.03100 -0.01700
v 0.01900 0.13500 -0.01700
v 0.01300 0.12900 -0.01700
v 0.01900 0.12900 -0.02300
v 0.04900 0.02500 0.01700
v 0.04900 0.03100 0.02300
v 0.05500 0.03100 0.01700
v 0.04900 0.13500 0.01700
v 0.05500 0.12900 0.01700
v 0.04900 0.12900 0.02300
v 0.04900 0.02500 -0.01700
v 0.05500 0.03100 -0.01700
v 0.04900 0.03100 -0.02300
v 0.04900 0.13500 -0.01700
v 0.04900 0.12900 -0.02300
v 0.05500 0.12900 -0.01700
v 0.01900 0.02500 -0.01700
v 0.01300 0.03100 0.01700
v 0.01900 0.02500 0.01700
v 0.01300 0.03100 -0.01700
v 0.01900 0.03100 0.02300
v 0.01300 0.12900 0.01700
v 0.01900 0.12900 0.02300
v 0.01300 0.03100 0.01700
v 0.01900 0.13500 0.01700
v 0.01300 0.12900 -0.01700
v 0.01900 0.13500 -0.01700
v 0.01300 0.12900 0.01700
v 0.01900 0.12900 -0.02300
v 0.01300 0.03100 -0.01700
v 0.01900 0.03100 -0.02300
v 0.01300 0.12900 -0.01700
v 0.04900 0.02500 -0.01700
v 0.01900 0.03100 -0.02300
v 0.01900 0.02500 -0.01700
v 0.04900 0.03100 -0.02300
v 0.01900 0.13500 -0.01700
v 0.04900 0.12900 -0.02300
v 0.04900 0.13500 -0.01700
v 0.01900 0.12900 -0.02300
v 0.05500 0.12900 -0.01700
v 0.04900 0.03100 -0.02300
v 0.05500 0.03100 -0.01700
v 0.04900 0.12900 -0.02300
v 0.04900 0.02500 0.01700
v 0.05500 0.03100 -0.01700
v 0.04900 0.02500 -0.01700
v 0.05500 0.03100 0.01700
v 0.04900 0.13500 -0.01700
v 0.05500 0.12900 0.01700
v 0.04900 0.13500 0.01700
v 0.05500 0.12900 -0.01700
v 0.04900 0.12900 0.02300
v 0.05500 0.03100 0.01700
v 0.04900 0.03100 0.02300
v 0.05500 0.12900 0.01700
v 0.01900 0.02500 0.01700
v 0.04900 0.03100 0.02300
v 0.04900 0.02500 0.01700
v 0.01900 0.03100 0.02300
v 0.04900 0.13500 0.01700
v 0.01900 0.12900 0.02300
v 0.01900 0.13500 0.01700
v 0.04900 0.12900 0.02300
v 0.01900 0.02500 -0.01700
v 0.04900 0.02500 0.01700
v 0.04900 0.02500 -0.01700
v 0.01900 0.02500 0.01700
v -0.04000 0.28700 -0.05400
v 0.09000 0.28700 -0.07000
v 0.09000 0.28700 -0.05400
v -0.04000 0.28700 -0.07000
v -0.04000 0.28700 -0.07000
v 0.09000 0.27300 -0.07000
v 0.09000 0.28700 -0.07000
v -0.04000 0.27300 -0.07000
v -0.04000 0.27300 -0.07000
v 0.09000 0.27300 -0.05400
v 0.09000 0.27300 -0.07000
v -0.04000 0.27300 -0.05400
v -0.04000 0.27300 -0.05400
v 0.09000 0.28700 -0.05400
v 0.09000 0.27300 -0.05400
v -0.04000 0.28700 -0.05400
v -0.04000 0.28700 -0.07000
v -0.04000 0.27300 -0.05400
v -0.04000 0.27300 -0.07000
v -0.04000 0.28700 -0.05400
v 0.09000 0.27300 -0.07000
v 0.09000 0.28700 -0.05400
v 0.09000 0.28700 -0.07000
v 0.09000 0.27300 -0.05400
vn -0.0000 -0.0000 1.0000
vn -0.0000 -0.0000 1.0000
vn -0.0000 -0.0000 1.0000
vn -0.0000 -0.0000 1.0000
vn 1.0000 0.0000 -0.0000
vn 1.0000 0.0000 -0.0000
vn 1.0000 0.0000 -0.0000
vn 1.0000 0.0000 -0.0000
vn 0.0000 1.0000 -0.0000
vn 0.0000 1.0000 -0.0000
vn 0.0000 1.0000 -0.0000
vn 0.0000 1.0000 -0.0000
vn -1.0000 0.0000 -0.0000
vn -1.0000 0.0000 -0.0000
vn -1.0000 0.0000 -0.0000
vn -1.0000 0.0000 -0.0000
vn 0.0000 0.0000 -1.0000
vn 0.0000 0.0000 -1.0000
vn 0.0000 0.0000 -1.0000
vn 0.0000 0.0000 -1.0000
vn -0.5774 -0.5774 0.5772
vn -0.5774 -0.5774 0.5772
vn -0.5774 -0.5774 0.5772
vn -0.5773 0.5774 0.5774
vn -0.5773 0.5774 0.5774
vn -0.5773 0.5774 0.5774
vn -0.5773 -0.5773 -0.5774
vn -0.5773 -0.5773 -0.5774
vn -0.5773 -0.5773 -0.5774
vn -0.5773 0.5774 -0.5774
vn -0.5773 0.5774 -0.5774
vn -0.5773 0.5774 -0.5774
vn 0.5774 -0.5774 0.5773
vn 0.5774 -0.5774 0.5773
vn 0.5774 -0.5774 0.5773
vn 0.5772 0.5774 0.5775
vn 0.5772 0.5774 0.5775
vn 0.5772 0.5774 0.5775
vn 0.5773 -0.5774 -0.5774
vn 0.5773 -0.5774 -0.5774
vn 0.5773 -0.5774 -0.5774
vn 0.5773 0.5774 -0.5773
vn 0.5773 0.5774 -0.5773
vn 0.5773 0.5774 -0.5773
vn -0.7071 -0.7071 -0.0001
vn -0.7071 -0.7071 -0.0001
vn -0.7071 -0.7071 -0.0001
vn -0.7071 -0.7071 -0.0001
vn -0.7071 -0.0000 0.7071
vn -0.7071 -0.0000 0.7071
vn -0.7071 -0.0000 0.7071
vn -0.7071 -0.0000 0.7071
vn -0.7071 0.7071 -0.0000
vn -0.7071 0.7071 -0.0000
vn -0.7071 0.7071 -0.0000
vn -0.7071 0.7071 -0.0000
vn -0.7071 0.0000 -0.7071
vn -0.7071 0.0000 -0.7071
vn -0.7071 0.0000 -0.7071
vn -0.7071 0.0000 -0.7071
vn 0.0000 -0.7071 -0.7071
vn 0.0000 -0.7071 -0.7071
vn 0.0000 -0.7071 -0.7071
vn 0.0000 -0.7071 -0.7071
vn 0.0000 0.7071 -0.7071
vn 0.0000 0.7071 -0.7071
vn 0.0000 0.7071 -0.7071
vn 0.0000 0.7071 -0.7071
vn 0.7071 0.0000 -0.7071
vn 0.7071 0.0000 -0.7071
vn 0.7071 0.0000 -0.7071
vn 0.7071 0.0000 -0.7071
vn 0.7071 -0.7071 -0.0000
vn 0.7071 -0.7071 -0.0000
vn 0.7071 -0.7071 -0.0000
vn 0.7071 -0.7071 -0.0000
vn 0.7071 0.7071 0.0000
vn 0.7071 0.7071 0.0000
vn 0.7071 0.7071 0.0000
vn 0.7071 0.7071 0.0000
vn 0.7071 -0.0000 0.7071
vn 0.7071 -0.0000 0.7071
vn 0.7071 -0.0000 0.7071
vn 0.7071 -0.0000 0.7071
vn -0.0000 -0.7071 0.7071
vn -0.0000 -0.7071 0.7071
vn -0.0000 -0.7071 0.7071
vn -0.0000 -0.7071 0.7071
vn -0.0000 0.7071 0.7071
vn -0.0000 0.7071 0.7071
vn -0.0000 0.7071 0.7071
vn -0.0000 0.7071 0.7071
vn 0.0000 -1.0000 -0.0000
vn 0.0000 -1.0000 -0.0000
vn 0.0000 -1.0000 -0.0000
vn 0.0000 -1.0000 -0.0000
vn -0.0000 -0.0000 1.0000
vn -0.0000 -0.0000 1.0000
vn -0.0000 -0.0000 1.0000
vn -0.0000 -0.0000 1.0000
vn 1.0000 0.0000 -0.0000
vn 1.0000 0.0000 -0.0000
vn 1.0000 0.0000 -0.0000
vn 1.0000 0.0000 -0.0000
vn 0.0000 1.0000 -0.0000
vn 0.0000 1.0000 -0.0000
vn 0.0000 1.0000 -0.0000
vn 0.0000 1.0000 -0.0000
vn -1.0000 0.0000 -0.0000
vn -1.0000 0.0000 -0.0000
vn -1.0000 0.0000 -0.0000
vn -1.0000 0.0000 -0.0000
vn 0.0000 0.0000 -1.0000
vn 0.0000 0.0000 -1.0000
vn 0.0000 0.0000 -1.0000
vn 0.0000 0.0000 -1.0000
vn -0.5774 -0.5774 0.5772
vn -0.5774 -0.5774 0.5772
vn -0.5774 -0.5774 0.5772
vn -0.5773 0.5774 0.5774
vn -0.5773 0.5774 0.5774
vn -0.5773 0.5774 0.5774
vn -0.5773 -0.5773 -0.5774
vn -0.5773 -0.5773 -0.5774
vn -0.5773 -0.5773 -0.5774
vn -0.5773 0.5774 -0.5774
vn -0.5773 0.5774 -0.5774
vn -0.5773 0.5774 -0.5774
vn 0.5774 -0.5774 0.5773
vn 0.5774 -0.5774 0.5773
vn 0.5774 -0.5774 0.5773
vn 0.5772 0.5774 0.5775
vn 0.5772 0.5774 0.5775
vn 0.5772 0.5774 0.5775
vn 0.5773 -0.5774 -0.5774
vn 0.5773 -0.5774 -0.5774
vn 0.5773 -0.5774 -0.5774
vn 0.5773 0.5774 -0.5773
vn 0.5773 0.5774 -0.5773
vn 0.5773 0.5774 -0.5773
vn -0.7071 -0.7071 -0.0001
vn -0.7071 -0.7071 -0.0001
vn -0.7071 -0.7071 -0.0001
vn -0.7071 -0.7071 -0.0001
vn -0.7071 -0.0000 0.7071
vn -0.7071 -0.0000 0.7071
vn -0.7071 -0.0000 0.7071
vn -0.7071 -0.0000 0.7071
vn -0.7071 0.7071 -0.0000
vn -0.7071 0.7071 -0.0000
vn -0.7071 0.7071 -0.0000
vn -0.7071 0.7071 -0.0000
vn -0.7071 0.0000 -0.7071
vn -0.7071 0.0000 -0.7071
vn -0.7071 0.0000 -0.7071
vn -0.7071 0.0000 -0.7071
vn 0.0000 -0.7071 -0.7071
vn 0.0000 -0.7071 -0.7071
vn 0.0000 -0.7071 -0.7071
vn 0.0000 -0.7071 -0.7071
vn 0.0000 0.7071 -0.7071
vn 0.0000 0.7071 -0.7071
vn 0.0000 0.7071 -0.7071
vn 0.0000 0.7071 -0.7071
vn 0.7071 0.0000 -0.7071
vn 0.7071 0.0000 -0.7071
vn 0.7071 0.0000 -0.7071
vn 0.7071 0.0000 -0.7071
vn 0.7071 -0.7071 -0.0000
vn 0.7071 -0.7071 -0.0000
vn 0.7071 -0.7071 -0.0000
vn 0.7071 -0.7071 -0.0000
vn 0.7071 0.7071 0.0000
vn 0.7071 0.7071 0.0000
vn 0.7071 0.7071 0.0000
vn 0.7071 0.7071 0.0000
vn 0.7071 -0.0000 0.7071
vn 0.7071 -0.0000 0.7071
vn 0.7071 -0.0000 0.7071
vn 0.7071 -0.0000 0.7071
vn -0.0000 -0.7071 0.7071
vn -0.0000 -0.7071 0.7071
vn -0.0000 -0.7071 0.7071
vn -0.0000 -0.7071 0.7071
vn -0.0000 0.7071 0.7071
vn -0.0000 0.7071 0.7071
vn -0.0000 0.7071 0.7071
vn -0.0000 0.7071 0.7071
vn 0.0000 -1.0000 -0.0000
vn 0.0000 -1.0000 -0.0000
vn 0.0000 -1.0000 -0.0000
vn 0.0000 -1.0000 -0.0000
vn 0.0000 1.0000 -0.0000
vn 0.0000 1.0000 -0.0000
vn 0.0000 1.0000 -0.0000
vn 0.0000 1.0000 -0.0000
vn 0.0000 0.0000 -1.0000
vn 0.0000 0.0000 -1.0000
vn 0.0000 0.0000 -1.0000
vn 0.0000 0.0000 -1.0000
vn 0.0000 -1.0000 -0.0000
vn 0.0000 -1.0000 -0.0000
vn 0.0000 -1.0000 -0.0000
vn 0.0000 -1.0000 -0.0000
vn -0.0000 -0.0000 1.0000
vn -0.0000 -0.0000 1.0000
vn -0.0000 -0.0000 1.0000
vn -0.0000 -0.0000 1.0000
vn -1.0000 0.0000 -0.0000
vn -1.0000 0.0000 -0.0000
vn -1.0000 0.0000 -0.0000
vn -1.0000 0.0000 -0.0000
vn 1.0000 0.0000 -0.0000
vn 1.0000 0.0000 -0.0000
vn 1.0000 0.0000 -0.0000
vn 1.0000 0.0000 -0.0000
f 583//583 585//585 584//584
f 583//583 584//584 586//586
f 587//587 589//589 588//588
f 587//587 588//588 590//590
f 591//591 593//593 592//592
f 591//591 592//592 594//594
f 595//595 597//597 596//596
f 595//595 596//596 598//598
f 599//599 601//601 600//600
f 599//599 600//600 602//602
f 603//603 605//605 604//604
f 606//606 608//608 607//607
f 609//609 611//611 610//610
f 612//612 614//614 613//613
f 615//615 617//617 616//616
f 618//618 620//620 619//619
f 621//621 623//623 622//622
f 624//624 626//626 625//625
f 627//627 629//629 628//628
f 627//627 628//628 630//630
f 631//631 633//633 632//632
f 631//631 632//632 634//634
f 635//635 637//637 636//636
f 635//635 636//636 638//638
f 639//639 641//641 640//640
f 639//639 640//640 642//642
f 643//643 645//645 644//644
f 643//643 644//644 646//646
f 647//647 649//649 648//648
f 647//647 648//648 650//650
f 651//651 653//653 652//652
f 651//651 652//652 654//654
f 655//655 657//657 656//656
f 655//655 656//656 658//658
f 659//659 661//661 660//660
f 659//659 660//660 662//662
f 663//663 665//665 664//664
f 663//663 664//664 666//666
f 667//667 669//669 668//668
f 667//667 668//668 670//670
f 671//671 673//673 672//672
f 671//671 672//672 674//674
f 675//675 677//677 676//676
f 675//675 676//676 678//678
f 679//679 681//681 680//680
f 679//679 680//680 682//682
f 683//683 685//685 684//684
f 683//683 684//684 686//686
f 687//687 689//689 688//688
f 687//687 688//688 690//690
f 691//691 693//693 692//692
f 691//691 692//692 694//694
f 695//695 697//697 696//696
f 695//695 696//696 698//698
f 699//699 701//701 700//700
f 702//702 704//704 703//703
f 705//705 707//707 706//706
f 708//708 710//710 709//709
f 711//711 713//713 712//712
f 714//714 716//716 715//715
f 717//717 719//719 718//718
f 720//720 722//722 721//721
f 723//723 725//725 724//724
f 723//723 724//724 726//726
f 727//727 729//729 728//728
f 727//727 728//728 730//730
f 731//731 733//733 732//732
f 731//731 732//732 734//734
f 735//735 737//737 736//736
f 735//735 736//736 738//738
f 739//739 741//741 740//740
f 739//739 740//740 742//742
f 743//743 745//745 744//744
f 743//743 744//744 746//746
f 747//747 749//749 748//748
f 747//747 748//748 750//750
f 751//751 753//753 752//752
f 751//751 752//752 754//754
f 755//755 757//757 756//756
f 755//755 756//756 758//758
f 759//759 761//761 760//760
f 759//759 760//760 762//762
f 763//763 765//765 764//764
f 763//763 764//764 766//766
f 767//767 769//769 768//768
f 767//767 768//768 770//770
f 771//771 773//773 772//772
f 771//771 772//772 774//774
f 775//775 777//777 776//776
f 775//775 776//776 778//778
f 779//779 781//781 780//780
f 779//779 780//780 782//782
f 783//783 785//785 784//784
f 783//783 784//784 786//786
f 787//787 789//789 788//788
f 787//787 788//788 790//790
f 791//791 793//793 792//792
f 791//791 792//792 794//794
f 795//795 797//797 796//796
f 795//795 796//796 798//798
g body_team
usemtl team
v 0.05373 0.14200 0.04270
v -0.06003 0.24300 0.04442
v 0.06003 0.24300 0.04442
v -0.05373 0.14200 0.04270
v 0.06575 0.14198 -0.03070
v 0.07205 0.24302 0.03242
v 0.07205 0.24302 -0.03242
v 0.06575 0.14198 0.03070
v 0.06080 0.25500 -0.03262
v -0.06080 0.25500 0.03262
v -0.06080 0.25500 -0.03262
v 0.06080 0.25500 0.03262
v -0.06575 0.14198 0.03070
v -0.07205 0.24302 -0.03242
v -0.07205 0.24302 0.03242
v -0.06575 0.14198 -0.03070
v -0.05373 0.14200 -0.04270
v 0.06003 0.24300 -0.04442
v -0.06003 0.24300 -0.04442
v 0.05373 0.14200 -0.04270
v -0.05300 0.13000 0.03050
v -0.06575 0.14198 0.03070
v -0.05373 0.14200 0.04270
v -0.06003 0.24300 0.04442
v -0.07205 0.24302 0.03242
v -0.06080 0.25500 0.03262
v -0.05300 0.13000 -0.03050
v -0.05373 0.14200 -0.04270
v -0.06575 0.14198 -0.03070
v -0.06080 0.25500 -0.03262
v -0.07205 0.24302 -0.03242
v -0.06003 0.24300 -0.04442
v 0.05300 0.13000 0.03050
v 0.05373 0.14200 0.04270
v 0.06575 0.14198 0.03070
v 0.06080 0.25500 0.03262
v 0.07205 0.24302 0.03242
v 0.06003 0.24300 0.04442
v 0.05300 0.13000 -0.03050
v 0.06575 0.14198 -0.03070
v 0.05373 0.14200 -0.04270
v 0.06080 0.25500 -0.03262
v 0.06003 0.24300 -0.04442
v 0.07205 0.24302 -0.03242
v -0.05300 0.13000 -0.03050
v -0.06575 0.14198 0.03070
v -0.05300 0.13000 0.03050
v -0.06575 0.14198 -0.03070
v -0.05373 0.14200 0.04270
v -0.07205 0.24302 0.03242
v -0.06003 0.24300 0.04442
v -0.06575 0.14198 0.03070
v -0.06080 0.25500 0.03262
v -0.07205 0.24302 -0.03242
v -0.06080 0.25500 -0.03262
v -0.07205 0.24302 0.03242
v -0.06003 0.24300 -0.04442
v -0.06575 0.14198 -0.03070
v -0.05373 0.14200 -0.04270
v -0.07205 0.24302 -0.03242
v 0.05300 0.13000 -0.03050
v -0.05373 0.14200 -0.04270
v -0.05300 0.13000 -0.03050
v 0.05373 0.14200 -0.04270
v -0.06080 0.25500 -0.03262
v 0.06003 0.24300 -0.04442
v 0.06080 0.25500 -0.03262
v -0.06003 0.24300 -0.04442
v 0.07205 0.24302 -0.03242
v 0.05373 0.14200 -0.04270
v 0.06575 0.14198 -0.03070
v 0.06003 0.24300 -0.04442
v 0.05300 0.13000 0.03050
v 0.06575 0.14198 -0.03070
v 0.05300 0.13000 -0.03050
v 0.06575 0.14198 0.03070
v 0.06080 0.25500 -0.03262
v 0.07205 0.24302 0.03242
v 0.06080 0.25500 0.03262
v 0.07205 0.24302 -0.03242
v 0.06003 0.24300 0.04442
v 0.06575 0.14198 0.03070
v 0.05373 0.14200 0.04270
v 0.07205 0.24302 0.03242
v -0.05300 0.13000 0.03050
v 0.05373 0.14200 0.04270
v 0.05300 0.13000 0.03050
v -0.05373 0.14200 0.04270
v 0.06080 0.25500 0.03262
v -0.06003 0.24300 0.04442
v -0.06080 0.25500 0.03262
v 0.06003 0.24300 0.04442
v -0.05300 0.13000 -0.03050
v 0.05300 0.13000 0.03050
v 0.05300 0.13000 -0.03050
v -0.05300 0.13000 0.03050
v 0.06134 0.10798 0.04695
v -0.05736 0.14702 0.04425
v 0.05736 0.14702 0.04425
v -0.06134 0.10798 0.04695
v 0.06939 0.10796 -0.03893
v 0.06540 0.14704 0.03623
v 0.06540 0.14704 -0.03623
v 0.06939 0.10796 0.03893
v 0.05658 0.15500 -0.03570
v -0.05658 0.15500 0.03570
v -0.05658 0.15500 -0.03570
v 0.05658 0.15500 0.03570
v -0.06939 0.10796 0.03893
v -0.06540 0.14704 -0.03623
v -0.06540 0.14704 0.03623
v -0.06939 0.10796 -0.03893
v -0.06134 0.10798 -0.04695
v 0.05736 0.14702 -0.04425
v -0.05736 0.14702 -0.04425
v 0.06134 0.10798 -0.04695
v -0.06220 0.10000 0.03950
v -0.06939 0.10796 0.03893
v -0.06134 0.10798 0.04695
v -0.05736 0.14702 0.04425
v -0.06540 0.14704 0.03623
v -0.05658 0.15500 0.03570
v -0.06220 0.10000 -0.03950
v -0.06134 0.10798 -0.04695
v -0.06939 0.10796 -0.03893
v -0.05658 0.15500 -0.03570
v -0.06540 0.14704 -0.03623
v -0.05736 0.14702 -0.04425
v 0.06220 0.10000 0.03950
v 0.06134 0.10798 0.04695
v 0.06939 0.10796 0.03893
v 0.05658 0.15500 0.03570
v 0.06540 0.14704 0.03623
v 0.05736 0.14702 0.04425
v 0.06220 0.10000 -0.03950
v 0.06939 0.10796 -0.03893
v 0.06134 0.10798 -0.04695
v 0.05658 0.15500 -0.03570
v 0.05736 0.14702 -0.04425
v 0.06540 0.14704 -0.03623
v -0.06220 0.10000 -0.03950
v -0.06939 0.10796 0.03893
v -0.06220 0.10000 0.03950
v -0.06939 0.10796 -0.03893
v -0.06134 0.10798 0.04695
v -0.06540 0.14704 0.03623
v -0.05736 0.14702 0.04425
v -0.06939 0.10796 0.03893
v -0.05658 0.15500 0.03570
v -0.06540 0.14704 -0.03623
v -0.05658 0.15500 -0.03570
v -0.06540 0.14704 0.03623
v -0.05736 0.14702 -0.04425
v -0.06939 0.10796 -0.03893
v -0.06134 0.10798 -0.04695
v -0.06540 0.14704 -0.03623
v 0.06220 0.10000 -0.03950
v -0.06134 0.10798 -0.04695
v -0.06220 0.10000 -0.03950
v 0.06134 0.10798 -0.04695
v -0.05658 0.15500 -0.03570
v 0.05736 0.14702 -0.04425
v 0.05658 0.15500 -0.03570
v -0.05736 0.14702 -0.04425
v 0.06540 0.14704 -0.03623
v 0.06134 0.10798 -0.04695
v 0.06939 0.10796 -0.03893
v 0.05736 0.14702 -0.04425
v 0.06220 0.10000 0.03950
v 0.06939 0.10796 -0.03893
v 0.06220 0.10000 -0.03950
v 0.06939 0.10796 0.03893
v 0.05658 0.15500 -0.03570
v 0.06540 0.14704 0.03623
v 0.05658 0.15500 0.03570
v 0.06540 0.14704 -0.03623
v 0.05736 0.14702 0.04425
v 0.06939 0.10796 0.03893
v 0.06134 0.10798 0.04695
v 0.06540 0.14704 0.03623
v -0.06220 0.10000 0.03950
v 0.06134 0.10798 0.04695
v 0.06220 0.10000 0.03950
v -0.06134 0.10798 0.04695
v 0.05658 0.15500 0.03570
v -0.05736 0.14702 0.04425
v -0.05658 0.15500 0.03570
v 0.05736 0.14702 0.04425
v -0.06220 0.10000 -0.03950
v 0.06220 0.10000 0.03950
v 0.06220 0.10000 -0.03950
v -0.06220 0.10000 0.03950
v 0.00000 0.29188 -0.01032
v -0.01552 0.31074 0.03650
v 0.04062 0.31074 0.01862
v 0.04062 0.31074 0.01862
v 0.04062 0.31074 -0.03926
v 0.00000 0.29188 -0.01032
v 0.00000 0.29188 -0.01032
v -0.05021 0.31074 -0.01032
v -0.01552 0.31074 0.03650
v 0.00000 0.29188 -0.01032
v -0.01552 0.31074 -0.05714
v -0.05021 0.31074 -0.01032
v 0.00000 0.29188 -0.01032
v 0.04062 0.31074 -0.03926
v -0.01552 0.31074 -0.05714
v 0.04062 0.31074 0.01862
v 0.05021 0.34126 -0.01032
v 0.04062 0.31074 -0.03926
v -0.01552 0.31074 0.03650
v 0.01552 0.34126 0.03650
v 0.04062 0.31074 0.01862
v -0.05021 0.31074 -0.01032
v -0.04062 0.34126 0.01862
v -0.01552 0.31074 0.03650
v -0.01552 0.31074 -0.05714
v -0.04062 0.34126 -0.03926
v -0.05021 0.31074 -0.01032
v 0.04062 0.31074 -0.03926
v 0.01552 0.34126 -0.05714
v -0.01552 0.31074 -0.05714
v 0.04062 0.31074 0.01862
v 0.01552 0.34126 0.03650
v 0.05021 0.34126 -0.01032
v -0.01552 0.31074 0.03650
v -0.04062 0.34126 0.01862
v 0.01552 0.34126 0.03650
v -0.05021 0.31074 -0.01032
v -0.04062 0.34126 -0.03926
v -0.04062 0.34126 0.01862
v -0.01552 0.31074 -0.05714
v 0.01552 0.34126 -0.05714
v -0.04062 0.34126 -0.03926
v 0.04062 0.31074 -0.03926
v 0.05021 0.34126 -0.01032
v 0.01552 0.34126 -0.05714
v 0.01552 0.34126 0.03650
v 0.00000 0.36012 -0.01032
v 0.05021 0.34126 -0.01032
v -0.04062 0.34126 0.01862
v 0.00000 0.36012 -0.01032
v 0.01552 0.34126 0.03650
v -0.04062 0.34126 -0.03926
v 0.00000 0.36012 -0.01032
v -0.04062 0.34126 0.01862
v 0.01552 0.34126 -0.05714
v 0.00000 0.36012 -0.01032
v -0.04062 0.34126 -0.03926
v 0.05021 0.34126 -0.01032
v 0.00000 0.36012 -0.01032
v 0.01552 0.34126 -0.05714
v 0.00000 0.34750 -0.02580
v 0.01282 0.32920 -0.03870
v 0.00000 0.34750 -0.05160
v 0.01282 0.32920 -0.01290
v -0.01282 0.36580 -0.03870
v 0.00000 0.34750 0.00000
v -0.01282 0.36580 -0.01290
v 0.00000 0.34750 -0.05160
v 0.01282 0.32920 -0.03870
v 0.03522 0.37216 -0.02580
v 0.01282 0.32920 -0.03870
v 0.01282 0.32920 -0.01290
v 0.03522 0.37216 -0.02580
v 0.01282 0.32920 -0.01290
v 0.00000 0.34750 0.00000
v 0.03522 0.37216 -0.02580
v 0.00000 0.34750 0.00000
v -0.01282 0.36580 -0.01290
v 0.03522 0.37216 -0.02580
v -0.01282 0.36580 -0.01290
v -0.01282 0.36580 -0.03870
v 0.03522 0.37216 -0.02580
v -0.01282 0.36580 -0.03870
v 0.00000 0.34750 -0.05160
v 0.03522 0.37216 -0.02580
vn -0.0000 -0.0170 0.9999
vn -0.0000 -0.0170 0.9999
vn -0.0000 -0.0170 0.9999
vn -0.0000 -0.0170 0.9999
vn 0.9981 -0.0623 0.0000
vn 0.9981 -0.0623 0.0000
vn 0.9981 -0.0623 0.0000
vn 0.9981 -0.0623 0.0000
vn 0.0000 1.0000 -0.0000
vn 0.0000 1.0000 -0.0000
vn 0.0000 1.0000 -0.0000
vn 0.0000 1.0000 -0.0000
vn -0.9981 -0.0623 -0.0000
vn -0.9981 -0.0623 -0.0000
vn -0.9981 -0.0623 -0.0000
vn -0.9981 -0.0623 -0.0000
vn 0.0000 -0.0170 -0.9999
vn 0.0000 -0.0170 -0.9999
vn 0.0000 -0.0170 -0.9999
vn 0.0000 -0.0170 -0.9999
vn -0.5611 -0.6067 0.5631
vn -0.5611 -0.6067 0.5631
vn -0.5611 -0.6067 0.5631
vn -0.5915 0.5455 0.5937
vn -0.5915 0.5455 0.5937
vn -0.5915 0.5455 0.5937
vn -0.5611 -0.6067 -0.5631
vn -0.5611 -0.6067 -0.5631
vn -0.5611 -0.6067 -0.5631
vn -0.5915 0.5456 -0.5937
vn -0.5915 0.5456 -0.5937
vn -0.5915 0.5456 -0.5937
vn 0.5611 -0.6067 0.5631
vn 0.5611 -0.6067 0.5631
vn 0.5611 -0.6067 0.5631
vn 0.5914 0.5455 0.5938
vn 0.5914 0.5455 0.5938
vn 0.5914 0.5455 0.5938
vn 0.5611 -0.6067 -0.5631
vn 0.5611 -0.6067 -0.5631
vn 0.5611 -0.6067 -0.5631
vn 0.5915 0.5456 -0.5936
vn 0.5915 0.5456 -0.5936
vn 0.5915 0.5456 -0.5936
vn -0.6847 -0.7288 -0.0001
vn -0.6847 -0.7288 -0.0001
vn -0.6847 -0.7288 -0.0001
vn -0.6847 -0.7288 -0.0001
vn -0.7054 -0.0560 0.7066
vn -0.7054 -0.0560 0.7066
vn -0.7054 -0.0560 0.7066
vn -0.7054 -0.0560 0.7066
vn -0.7288 0.6847 -0.0000
vn -0.7288 0.6847 -0.0000
vn -0.7288 0.6847 -0.0000
vn -0.7288 0.6847 -0.0000
vn -0.7054 -0.0560 -0.7066
vn -0.7054 -0.0560 -0.7066
vn -0.7054 -0.0560 -0.7066
vn -0.7054 -0.0560 -0.7066
vn 0.0000 -0.7131 -0.7011
vn 0.0000 -0.7131 -0.7011
vn 0.0000 -0.7131 -0.7011
vn 0.0000 -0.7131 -0.7011
vn 0.0000 0.7011 -0.7131
vn 0.0000 0.7011 -0.7131
vn 0.0000 0.7011 -0.7131
vn 0.0000 0.7011 -0.7131
vn 0.7054 -0.0560 -0.7066
vn 0.7054 -0.0560 -0.7066
vn 0.7054 -0.0560 -0.7066
vn 0.7054 -0.0560 -0.7066
vn 0.6847 -0.7288 -0.0000
vn 0.6847 -0.7288 -0.0000
vn 0.6847 -0.7288 -0.0000
vn 0.6847 -0.7288 -0.0000
vn 0.7288 0.6847 0.0000
vn 0.7288 0.6847 0.0000
vn 0.7288 0.6847 0.0000
vn 0.7288 0.6847 0.0000
vn 0.7054 -0.0560 0.7066
vn 0.7054 -0.0560 0.7066
vn 0.7054 -0.0560 0.7066
vn 0.7054 -0.0560 0.7066
vn -0.0000 -0.7131 0.7010
vn -0.0000 -0.7131 0.7010
vn -0.0000 -0.7131 0.7010
vn -0.0000 -0.7131 0.7010
vn -0.0000 0.7011 0.7131
vn -0.0000 0.7011 0.7131
vn -0.0000 0.7011 0.7131
vn -0.0000 0.7011 0.7131
vn 0.0000 -1.0000 -0.0000
vn 0.0000 -1.0000 -0.0000
vn 0.0000 -1.0000 -0.0000
vn 0.0000 -1.0000 -0.0000
vn -0.0000 0.0689 0.9976
vn -0.0000 0.0689 0.9976
vn -0.0000 0.0689 0.9976
vn -0.0000 0.0689 0.9976
vn 0.9948 0.1016 0.0001
vn 0.9948 0.1016 0.0001
vn 0.9948 0.1016 0.0001
vn 0.9948 0.1016 0.0001
vn 0.0000 1.0000 -0.0000
vn 0.0000 1.0000 -0.0000
vn 0.0000 1.0000 -0.0000
vn 0.0000 1.0000 -0.0000
vn -0.9948 0.1016 0.0000
vn -0.9948 0.1016 0.0000
vn -0.9948 0.1016 0.0000
vn -0.9948 0.1016 0.0000
vn 0.0000 0.0689 -0.9976
vn 0.0000 0.0689 -0.9976
vn 0.0000 0.0689 -0.9976
vn 0.0000 0.0689 -0.9976
vn -0.6083 -0.5057 0.6117
vn -0.6083 -0.5057 0.6117
vn -0.6083 -0.5057 0.6117
vn -0.5432 0.6378 0.5461
vn -0.5432 0.6378 0.5461
vn -0.5432 0.6378 0.5461
vn -0.6083 -0.5057 -0.6117
vn -0.6083 -0.5057 -0.6117
vn -0.6083 -0.5057 -0.6117
vn -0.5431 0.6378 -0.5461
vn -0.5431 0.6378 -0.5461
vn -0.5431 0.6378 -0.5461
vn 0.6083 -0.5057 0.6118
vn 0.6083 -0.5057 0.6118
vn 0.6083 -0.5057 0.6118
vn 0.5431 0.6378 0.5462
vn 0.5431 0.6378 0.5462
vn 0.5431 0.6378 0.5462
vn 0.6083 -0.5058 -0.6117
vn 0.6083 -0.5058 -0.6117
vn 0.6083 -0.5058 -0.6117
vn 0.5431 0.6378 -0.5461
vn 0.5431 0.6378 -0.5461
vn 0.5431 0.6378 -0.5461
vn -0.7422 -0.6702 -0.0001
vn -0.7422 -0.6702 -0.0001
vn -0.7422 -0.6702 -0.0001
vn -0.7422 -0.6702 -0.0001
vn -0.7010 0.1201 0.7030
vn -0.7010 0.1201 0.7030
vn -0.7010 0.1201 0.7030
vn -0.7010 0.1201 0.7030
vn -0.6702 0.7422 -0.0000
vn -0.6702 0.7422 -0.0000
vn -0.6702 0.7422 -0.0000
vn -0.6702 0.7422 -0.0000
vn -0.7010 0.1201 -0.7030
vn -0.7010 0.1201 -0.7030
vn -0.7010 0.1201 -0.7030
vn -0.7010 0.1201 -0.7030
vn 0.0000 -0.6823 -0.7310
vn 0.0000 -0.6823 -0.7310
vn 0.0000 -0.6823 -0.7310
vn 0.0000 -0.6823 -0.7310
vn 0.0000 0.7311 -0.6823
vn 0.0000 0.7311 -0.6823
vn 0.0000 0.7311 -0.6823
vn 0.0000 0.7311 -0.6823
vn 0.7010 0.1201 -0.7029
vn 0.7010 0.1201 -0.7029
vn 0.7010 0.1201 -0.7029
vn 0.7010 0.1201 -0.7029
vn 0.7422 -0.6702 -0.0000
vn 0.7422 -0.6702 -0.0000
vn 0.7422 -0.6702 -0.0000
vn 0.7422 -0.6702 -0.0000
vn 0.6702 0.7422 0.0000
vn 0.6702 0.7422 0.0000
vn 0.6702 0.7422 0.0000
vn 0.6702 0.7422 0.0000
vn 0.7009 0.1201 0.7030
vn 0.7009 0.1201 0.7030
vn 0.7009 0.1201 0.7030
vn 0.7009 0.1201 0.7030
vn -0.0000 -0.6823 0.7311
vn -0.0000 -0.6823 0.7311
vn -0.0000 -0.6823 0.7311
vn -0.0000 -0.6823 0.7311
vn -0.0000 0.7311 0.6823
vn -0.0000 0.7311 0.6823
vn -0.0000 0.7311 0.6823
vn -0.0000 0.7311 0.6823
vn 0.0000 -1.0000 -0.0000
vn 0.0000 -1.0000 -0.0000
vn 0.0000 -1.0000 -0.0000
vn 0.0000 -1.0000 -0.0000
vn 0.1297 -0.9041 0.4072
vn 0.1297 -0.9041 0.4072
vn 0.1297 -0.9041 0.4072
vn 0.4212 -0.9070 0.0000
vn 0.4212 -0.9070 0.0000
vn 0.4212 -0.9070 0.0000
vn -0.3403 -0.9059 0.2521
vn -0.3403 -0.9059 0.2521
vn -0.3403 -0.9059 0.2521
vn -0.3403 -0.9059 -0.2523
vn -0.3403 -0.9059 -0.2523
vn -0.3403 -0.9059 -0.2523
vn 0.1297 -0.9041 -0.4072
vn 0.1297 -0.9041 -0.4072
vn 0.1297 -0.9041 -0.4072
vn 0.9540 -0.2998 0.0000
vn 0.9540 -0.2998 0.0000
vn 0.9540 -0.2998 0.0000
vn 0.2900 -0.2949 0.9105
vn 0.2900 -0.2949 0.9105
vn 0.2900 -0.2949 0.9105
vn -0.7670 -0.2979 0.5683
vn -0.7670 -0.2979 0.5683
vn -0.7670 -0.2979 0.5683
vn -0.7669 -0.2979 -0.5684
vn -0.7669 -0.2979 -0.5684
vn -0.7669 -0.2979 -0.5684
vn 0.2900 -0.2949 -0.9105
vn 0.2900 -0.2949 -0.9105
vn 0.2900 -0.2949 -0.9105
vn 0.7670 0.2979 0.5684
vn 0.7670 0.2979 0.5684
vn 0.7670 0.2979 0.5684
vn -0.2900 0.2949 0.9105
vn -0.2900 0.2949 0.9105
vn -0.2900 0.2949 0.9105
vn -0.9540 0.2998 0.0000
vn -0.9540 0.2998 0.0000
vn -0.9540 0.2998 0.0000
vn -0.2900 0.2948 -0.9105
vn -0.2900 0.2948 -0.9105
vn -0.2900 0.2948 -0.9105
vn 0.7670 0.2979 -0.5683
vn 0.7670 0.2979 -0.5683
vn 0.7670 0.2979 -0.5683
vn 0.3403 0.9059 0.2522
vn 0.3403 0.9059 0.2522
vn 0.3403 0.9059 0.2522
vn -0.1297 0.9041 0.4072
vn -0.1297 0.9041 0.4072
vn -0.1297 0.9041 0.4072
vn -0.4212 0.9070 0.0000
vn -0.4212 0.9070 0.0000
vn -0.4212 0.9070 0.0000
vn -0.1297 0.9041 -0.4072
vn -0.1297 0.9041 -0.4072
vn -0.1297 0.9041 -0.4072
vn 0.3403 0.9059 -0.2522
vn 0.3403 0.9059 -0.2522
vn 0.3403 0.9059 -0.2522
vn -0.8192 -0.5736 -0.0001
vn -0.8192 -0.5736 -0.0001
vn -0.8192 -0.5736 -0.0001
vn -0.8192 -0.5736 -0.0001
vn -0.8192 -0.5736 -0.0001
vn -0.8192 -0.5736 -0.0001
vn -0.8192 -0.5736 -0.0001
vn 0.6322 -0.0990 -0.7685
vn 0.6322 -0.0990 -0.7685
vn 0.6322 -0.0990 -0.7685
vn 0.8867 -0.4624 -0.0000
vn 0.8867 -0.4624 -0.0000
vn 0.8867 -0.4624 -0.0000
vn 0.6322 -0.0990 0.7685
vn 0.6322 -0.0990 0.7685
vn 0.6322 -0.0990 0.7685
vn 0.1232 0.6279 0.7685
vn 0.1232 0.6279 0.7685
vn 0.1232 0.6279 0.7685
vn -0.1313 0.9913 -0.0000
vn -0.1313 0.9913 -0.0000
vn -0.1313 0.9913 -0.0000
vn 0.1232 0.6279 -0.7685
vn 0.1232 0.6279 -0.7685
vn 0.1232 0.6279 -0.7685
f 799//799 801//801 800//800
f 799//799 800//800 802//802
f 803//803 805//805 804//804
f 803//803 804//804 806//806
f 807//807 809//809 808//808
f 807//807 808//808 810//810
f 811//811 813//813 812//812
f 811//811 812//812 814//814
f 815//815 817//817 816//816
f 815//815 816//816 818//818
f 819//819 821//821 820//820
f 822//822 824//824 823//823
f 825//825 827//827 826//826
f 828//828 830//830 829//829
f 831//831 833//833 832//832
f 834//834 836//836 835//835
f 837//837 839//839 838//838
f 840//840 842//842 841//841
f 843//843 845//845 844//844
f 843//843 844//844 846//846
f 847//847 849//849 848//848
f 847//847 848//848 850//850
f 851//851 853//853 852//852
f 851//851 852//852 854//854
f 855//855 857//857 856//856
f 855//855 856//856 858//858
f 859//859 861//861 860//860
f 859//859 860//860 862//862
f 863//863 865//865 864//864
f 863//863 864//864 866//866
f 867//867 869//869 868//868
f 867//867 868//868 870//870
f 871//871 873//873 872//872
f 871//871 872//872 874//874
f 875//875 877//877 876//876
f 875//875 876//876 878//878
f 879//879 881//881 880//880
f 879//879 880//880 882//882
f 883//883 885//885 884//884
f 883//883 884//884 886//886
f 887//887 889//889 888//888
f 887//887 888//888 890//890
f 891//891 893//893 892//892
f 891//891 892//892 894//894
f 895//895 897//897 896//896
f 895//895 896//896 898//898
f 899//899 901//901 900//900
f 899//899 900//900 902//902
f 903//903 905//905 904//904
f 903//903 904//904 906//906
f 907//907 909//909 908//908
f 907//907 908//908 910//910
f 911//911 913//913 912//912
f 911//911 912//912 914//914
f 915//915 917//917 916//916
f 918//918 920//920 919//919
f 921//921 923//923 922//922
f 924//924 926//926 925//925
f 927//927 929//929 928//928
f 930//930 932//932 931//931
f 933//933 935//935 934//934
f 936//936 938//938 937//937
f 939//939 941//941 940//940
f 939//939 940//940 942//942
f 943//943 945//945 944//944
f 943//943 944//944 946//946
f 947//947 949//949 948//948
f 947//947 948//948 950//950
f 951//951 953//953 952//952
f 951//951 952//952 954//954
f 955//955 957//957 956//956
f 955//955 956//956 958//958
f 959//959 961//961 960//960
f 959//959 960//960 962//962
f 963//963 965//965 964//964
f 963//963 964//964 966//966
f 967//967 969//969 968//968
f 967//967 968//968 970//970
f 971//971 973//973 972//972
f 971//971 972//972 974//974
f 975//975 977//977 976//976
f 975//975 976//976 978//978
f 979//979 981//981 980//980
f 979//979 980//980 982//982
f 983//983 985//985 984//984
f 983//983 984//984 986//986
f 987//987 989//989 988//988
f 987//987 988//988 990//990
f 991//991 993//993 992//992
f 994//994 996//996 995//995
f 997//997 999//999 998//998
f 1000//1000 1002//1002 1001//1001
f 1003//1003 1005//1005 1004//1004
f 1006//1006 1008//1008 1007//1007
f 1009//1009 1011//1011 1010//1010
f 1012//1012 1014//1014 1013//1013
f 1015//1015 1017//1017 1016//1016
f 1018//1018 1020//1020 1019//1019
f 1021//1021 1023//1023 1022//1022
f 1024//1024 1026//1026 1025//1025
f 1027//1027 1029//1029 1028//1028
f 1030//1030 1032//1032 1031//1031
f 1033//1033 1035//1035 1034//1034
f 1036//1036 1038//1038 1037//1037
f 1039//1039 1041//1041 1040//1040
f 1042//1042 1044//1044 1043//1043
f 1045//1045 1047//1047 1046//1046
f 1048//1048 1050//1050 1049//1049
f 1051//1051 1053//1053 1052//1052
f 1051//1051 1052//1052 1054//1054
f 1051//1051 1055//1055 1053//1053
f 1051//1051 1054//1054 1056//1056
f 1051//1051 1057//1057 1055//1055
f 1051//1051 1056//1056 1057//1057
f 1058//1058 1060//1060 1059//1059
f 1061//1061 1063//1063 1062//1062
f 1064//1064 1066//1066 1065//1065
f 1067//1067 1069//1069 1068//1068
f 1070//1070 1072//1072 1071//1071
f 1073//1073 1075//1075 1074//1074
g body_wool
usemtl wool
v -0.07501 0.15337 0.02000
v -0.07811 0.25422 0.02000
v -0.05464 0.24923 0.02000
v -0.09849 0.15836 0.02000
v -0.06915 0.15213 -0.01400
v -0.04877 0.24798 0.01400
v -0.04877 0.24798 -0.01400
v -0.06915 0.15213 0.01400
v -0.05339 0.25510 -0.01400
v -0.07687 0.26009 0.01400
v -0.07687 0.26009 -0.01400
v -0.05339 0.25510 0.01400
v -0.10436 0.15961 0.01400
v -0.08398 0.25547 -0.01400
v -0.08398 0.25547 0.01400
v -0.10436 0.15961 -0.01400
v -0.09849 0.15836 -0.02000
v -0.05464 0.24923 -0.02000
v -0.07811 0.25422 -0.02000
v -0.07501 0.15337 -0.02000
v -0.09974 0.15249 0.01400
v -0.10436 0.15961 0.01400
v -0.09849 0.15836 0.02000
v -0.07811 0.25422 0.02000
v -0.08398 0.25547 0.01400
v -0.07687 0.26009 0.01400
v -0.09974 0.15249 -0.01400
v -0.09849 0.15836 -0.02000
v -0.10436 0.15961 -0.01400
v -0.07687 0.26009 -0.01400
v -0.08398 0.25547 -0.01400
v -0.07811 0.25422 -0.02000
v -0.07626 0.14751 0.01400
v -0.07501 0.15337 0.02000
v -0.06915 0.15213 0.01400
v -0.05339 0.25510 0.01400
v -0.04877 0.24798 0.01400
v -0.05464 0.24923 0.02000
v -0.07626 0.14751 -0.01400
v -0.06915 0.15213 -0.01400
v -0.07501 0.15337 -0.02000
v -0.05339 0.25510 -0.01400
v -0.05464 0.24923 -0.02000
v -0.04877 0.24798 -0.01400
v -0.09974 0.15249 -0.01400
v -0.10436 0.15961 0.01400
v -0.09974 0.15249 0.01400
v -0.10436 0.15961 -0.01400
v -0.09849 0.15836 0.02000
v -0.08398 0.25547 0.01400
v -0.07811 0.25422 0.02000
v -0.10436 0.15961 0.01400
v -0.07687 0.26009 0.01400
v -0.08398 0.25547 -0.01400
v -0.07687 0.26009 -0.01400
v -0.08398 0.25547 0.01400
v -0.07811 0.25422 -0.02000
v -0.10436 0.15961 -0.01400
v -0.09849 0.15836 -0.02000
v -0.08398 0.25547 -0.01400
v -0.07626 0.14751 -0.01400
v -0.09849 0.15836 -0.02000
v -0.09974 0.15249 -0.01400
v -0.07501 0.15337 -0.02000
v -0.07687 0.26009 -0.01400
v -0.05464 0.24923 -0.02000
v -0.05339 0.25510 -0.01400
v -0.07811 0.25422 -0.02000
v -0.04877 0.24798 -0.01400
v -0.07501 0.15337 -0.02000
v -0.06915 0.15213 -0.01400
v -0.05464 0.24923 -0.02000
v -0.07626 0.14751 0.01400
v -0.06915 0.15213 -0.01400
v -0.07626 0.14751 -0.01400
v -0.06915 0.15213 0.01400
v -0.05339 0.25510 -0.01400
v -0.04877 0.24798 0.01400
v -0.05339 0.25510 0.01400
v -0.04877 0.24798 -0.01400
v -0.05464 0.24923 0.02000
v -0.06915 0.15213 0.01400
v -0.07501 0.15337 0.02000
v -0.04877 0.24798 0.01400
v -0.09974 0.15249 0.01400
v -0.07501 0.15337 0.02000
v -0.07626 0.14751 0.01400
v -0.09849 0.15836 0.02000
v -0.05339 0.25510 0.01400
v -0.07811 0.25422 0.02000
v -0.07687 0.26009 0.01400
v -0.05464 0.24923 0.02000
v -0.09974 0.15249 -0.01400
v -0.07626 0.14751 0.01400
v -0.07626 0.14751 -0.01400
v -0.09974 0.15249 0.01400
v 0.09849 0.15836 0.02000
v 0.05464 0.24923 0.02000
v 0.07811 0.25422 0.02000
v 0.07501 0.15337 0.02000
v 0.10436 0.15961 -0.01400
v 0.08398 0.25547 0.01400
v 0.08398 0.25547 -0.01400
v 0.10436 0.15961 0.01400
v 0.07687 0.26009 -0.01400
v 0.05339 0.25510 0.01400
v 0.05339 0.25510 -0.01400
v 0.07687 0.26009 0.01400
v 0.06915 0.15213 0.01400
v 0.04877 0.24798 -0.01400
v 0.04877 0.24798 0.01400
v 0.06915 0.15213 -0.01400
v 0.07501 0.15337 -0.02000
v 0.07811 0.25422 -0.02000
v 0.05464 0.24923 -0.02000
v 0.09849 0.15836 -0.02000
v 0.07626 0.14751 0.01400
v 0.06915 0.15213 0.01400
v 0.07501 0.15337 0.02000
v 0.05464 0.24923 0.02000
v 0.04877 0.24798 0.01400
v 0.05339 0.25510 0.01400
v 0.07626 0.14751 -0.01400
v 0.07501 0.15337 -0.02000
v 0.06915 0.15213 -0.01400
v 0.05339 0.25510 -0.01400
v 0.04877 0.24798 -0.01400
v 0.05464 0.24923 -0.02000
v 0.09974 0.15249 0.01400
v 0.09849 0.15836 0.02000
v 0.10436 0.15961 0.01400
v 0.07687 0.26009 0.01400
v 0.08398 0.25547 0.01400
v 0.07811 0.25422 0.02000
v 0.09974 0.15249 -0.01400
v 0.10436 0.15961 -0.01400
v 0.09849 0.15836 -0.02000
v 0.07687 0.26009 -0.01400
v 0.07811 0.25422 -0.02000
v 0.08398 0.25547 -0.01400
v 0.07626 0.14751 -0.01400
v 0.06915 0.15213 0.01400
v 0.07626 0.14751 0.01400
v 0.06915 0.15213 -0.01400
v 0.07501 0.15337 0.02000
v 0.04877 0.24798 0.01400
v 0.05464 0.24923 0.02000
v 0.06915 0.15213 0.01400
v 0.05339 0.25510 0.01400
v 0.04877 0.24798 -0.01400
v 0.05339 0.25510 -0.01400
v 0.04877 0.24798 0.01400
v 0.05464 0.24923 -0.02000
v 0.06915 0.15213 -0.01400
v 0.07501 0.15337 -0.02000
v 0.04877 0.24798 -0.01400
v 0.09974 0.15249 -0.01400
v 0.07501 0.15337 -0.02000
v 0.07626 0.14751 -0.01400
v 0.09849 0.15836 -0.02000
v 0.05339 0.25510 -0.01400
v 0.07811 0.25422 -0.02000
v 0.07687 0.26009 -0.01400
v 0.05464 0.24923 -0.02000
v 0.08398 0.25547 -0.01400
v 0.09849 0.15836 -0.02000
v 0.10436 0.15961 -0.01400
v 0.07811 0.25422 -0.02000
v 0.09974 0.15249 0.01400
v 0.10436 0.15961 -0.01400
v 0.09974 0.15249 -0.01400
v 0.10436 0.15961 0.01400
v 0.07687 0.26009 -0.01400
v 0.08398 0.25547 0.01400
v 0.07687 0.26009 0.01400
v 0.08398 0.25547 -0.01400
v 0.07811 0.25422 0.02000
v 0.10436 0.15961 0.01400
v 0.09849 0.15836 0.02000
v 0.08398 0.25547 0.01400
v 0.07626 0.14751 0.01400
v 0.09849 0.15836 0.02000
v 0.09974 0.15249 0.01400
v 0.07501 0.15337 0.02000
v 0.07687 0.26009 0.01400
v 0.05464 0.24923 0.02000
v 0.05339 0.25510 0.01400
v 0.07811 0.25422 0.02000
v 0.07626 0.14751 -0.01400
v 0.09974 0.15249 0.01400
v 0.09974 0.15249 -0.01400
v 0.07626 0.14751 0.01400
vn -0.0000 -0.0000 1.0000
vn -0.0000 -0.0000 1.0000
vn -0.0000 -0.0000 1.0000
vn -0.0000 -0.0000 1.0000
vn 0.9781 -0.2079 -0.0000
vn 0.9781 -0.2079 -0.0000
vn 0.9781 -0.2079 -0.0000
vn 0.9781 -0.2079 -0.0000
vn 0.2079 0.9782 0.0000
vn 0.2079 0.9782 0.0000
vn 0.2079 0.9782 0.0000
vn 0.2079 0.9782 0.0000
vn -0.9782 0.2079 -0.0000
vn -0.9782 0.2079 -0.0000
vn -0.9782 0.2079 -0.0000
vn -0.9782 0.2079 -0.0000
vn 0.0000 0.0000 -1.0000
vn 0.0000 0.0000 -1.0000
vn 0.0000 0.0000 -1.0000
vn 0.0000 0.0000 -1.0000
vn -0.6848 -0.4447 0.5773
vn -0.6848 -0.4447 0.5773
vn -0.6848 -0.4447 0.5773
vn -0.4447 0.6847 0.5774
vn -0.4447 0.6847 0.5774
vn -0.4447 0.6847 0.5774
vn -0.6848 -0.4446 -0.5774
vn -0.6848 -0.4446 -0.5774
vn -0.6848 -0.4446 -0.5774
vn -0.4447 0.6848 -0.5774
vn -0.4447 0.6848 -0.5774
vn -0.4447 0.6848 -0.5774
vn 0.4447 -0.6848 0.5774
vn 0.4447 -0.6848 0.5774
vn 0.4447 -0.6848 0.5774
vn 0.6847 0.4447 0.5774
vn 0.6847 0.4447 0.5774
vn 0.6847 0.4447 0.5774
vn 0.4446 -0.6848 -0.5774
vn 0.4446 -0.6848 -0.5774
vn 0.4446 -0.6848 -0.5774
vn 0.6848 0.4447 -0.5773
vn 0.6848 0.4447 -0.5773
vn 0.6848 0.4447 -0.5773
vn -0.8387 -0.5446 -0.0000
vn -0.8387 -0.5446 -0.0000
vn -0.8387 -0.5446 -0.0000
vn -0.8387 -0.5446 -0.0000
vn -0.6917 0.1470 0.7071
vn -0.6917 0.1470 0.7071
vn -0.6917 0.1470 0.7071
vn -0.6917 0.1470 0.7071
vn -0.5446 0.8387 0.0000
vn -0.5446 0.8387 0.0000
vn -0.5446 0.8387 0.0000
vn -0.5446 0.8387 0.0000
vn -0.6917 0.1470 -0.7071
vn -0.6917 0.1470 -0.7071
vn -0.6917 0.1470 -0.7071
vn -0.6917 0.1470 -0.7071
vn -0.1470 -0.6917 -0.7071
vn -0.1470 -0.6917 -0.7071
vn -0.1470 -0.6917 -0.7071
vn -0.1470 -0.6917 -0.7071
vn 0.1470 0.6917 -0.7070
vn 0.1470 0.6917 -0.7070
vn 0.1470 0.6917 -0.7070
vn 0.1470 0.6917 -0.7070
vn 0.6917 -0.1470 -0.7071
vn 0.6917 -0.1470 -0.7071
vn 0.6917 -0.1470 -0.7071
vn 0.6917 -0.1470 -0.7071
vn 0.5446 -0.8387 0.0000
vn 0.5446 -0.8387 0.0000
vn 0.5446 -0.8387 0.0000
vn 0.5446 -0.8387 0.0000
vn 0.8387 0.5446 0.0001
vn 0.8387 0.5446 0.0001
vn 0.8387 0.5446 0.0001
vn 0.8387 0.5446 0.0001
vn 0.6916 -0.1470 0.7071
vn 0.6916 -0.1470 0.7071
vn 0.6916 -0.1470 0.7071
vn 0.6916 -0.1470 0.7071
vn -0.1470 -0.6917 0.7071
vn -0.1470 -0.6917 0.7071
vn -0.1470 -0.6917 0.7071
vn -0.1470 -0.6917 0.7071
vn 0.1470 0.6916 0.7071
vn 0.1470 0.6916 0.7071
vn 0.1470 0.6916 0.7071
vn 0.1470 0.6916 0.7071
vn -0.2079 -0.9782 -0.0001
vn -0.2079 -0.9782 -0.0001
vn -0.2079 -0.9782 -0.0001
vn -0.2079 -0.9782 -0.0001
vn -0.0000 -0.0000 1.0000
vn -0.0000 -0.0000 1.0000
vn -0.0000 -0.0000 1.0000
vn -0.0000 -0.0000 1.0000
vn 0.9782 0.2079 0.0000
vn 0.9782 0.2079 0.0000
vn 0.9782 0.2079 0.0000
vn 0.9782 0.2079 0.0000
vn -0.2079 0.9781 -0.0000
vn -0.2079 0.9781 -0.0000
vn -0.2079 0.9781 -0.0000
vn -0.2079 0.9781 -0.0000
vn -0.9782 -0.2079 -0.0001
vn -0.9782 -0.2079 -0.0001
vn -0.9782 -0.2079 -0.0001
vn -0.9782 -0.2079 -0.0001
vn 0.0000 0.0000 -1.0000
vn 0.0000 0.0000 -1.0000
vn 0.0000 0.0000 -1.0000
vn 0.0000 0.0000 -1.0000
vn -0.4447 -0.6848 0.5773
vn -0.4447 -0.6848 0.5773
vn -0.4447 -0.6848 0.5773
vn -0.6848 0.4447 0.5774
vn -0.6848 0.4447 0.5774
vn -0.6848 0.4447 0.5774
vn -0.4446 -0.6848 -0.5774
vn -0.4446 -0.6848 -0.5774
vn -0.4446 -0.6848 -0.5774
vn -0.6848 0.4446 -0.5774
vn -0.6848 0.4446 -0.5774
vn -0.6848 0.4446 -0.5774
vn 0.6847 -0.4447 0.5774
vn 0.6847 -0.4447 0.5774
vn 0.6847 -0.4447 0.5774
vn 0.4447 0.6847 0.5774
vn 0.4447 0.6847 0.5774
vn 0.4447 0.6847 0.5774
vn 0.6848 -0.4447 -0.5774
vn 0.6848 -0.4447 -0.5774
vn 0.6848 -0.4447 -0.5774
vn 0.4447 0.6848 -0.5773
vn 0.4447 0.6848 -0.5773
vn 0.4447 0.6848 -0.5773
vn -0.5446 -0.8387 -0.0000
vn -0.5446 -0.8387 -0.0000
vn -0.5446 -0.8387 -0.0000
vn -0.5446 -0.8387 -0.0000
vn -0.6917 -0.1470 0.7071
vn -0.6917 -0.1470 0.7071
vn -0.6917 -0.1470 0.7071
vn -0.6917 -0.1470 0.7071
vn -0.8387 0.5446 0.0000
vn -0.8387 0.5446 0.0000
vn -0.8387 0.5446 0.0000
vn -0.8387 0.5446 0.0000
vn -0.6917 -0.1470 -0.7071
vn -0.6917 -0.1470 -0.7071
vn -0.6917 -0.1470 -0.7071
vn -0.6917 -0.1470 -0.7071
vn 0.1470 -0.6917 -0.7071
vn 0.1470 -0.6917 -0.7071
vn 0.1470 -0.6917 -0.7071
vn 0.1470 -0.6917 -0.7071
vn -0.1470 0.6917 -0.7071
vn -0.1470 0.6917 -0.7071
vn -0.1470 0.6917 -0.7071
vn -0.1470 0.6917 -0.7071
vn 0.6917 0.1470 -0.7070
vn 0.6917 0.1470 -0.7070
vn 0.6917 0.1470 -0.7070
vn 0.6917 0.1470 -0.7070
vn 0.8387 -0.5446 0.0000
vn 0.8387 -0.5446 0.0000
vn 0.8387 -0.5446 0.0000
vn 0.8387 -0.5446 0.0000
vn 0.5446 0.8387 0.0001
vn 0.5446 0.8387 0.0001
vn 0.5446 0.8387 0.0001
vn 0.5446 0.8387 0.0001
vn 0.6916 0.1470 0.7071
vn 0.6916 0.1470 0.7071
vn 0.6916 0.1470 0.7071
vn 0.6916 0.1470 0.7071
vn 0.1470 -0.6917 0.7071
vn 0.1470 -0.6917 0.7071
vn 0.1470 -0.6917 0.7071
vn 0.1470 -0.6917 0.7071
vn -0.1470 0.6916 0.7071
vn -0.1470 0.6916 0.7071
vn -0.1470 0.6916 0.7071
vn -0.1470 0.6916 0.7071
vn 0.2079 -0.9782 -0.0000
vn 0.2079 -0.9782 -0.0000
vn 0.2079 -0.9782 -0.0000
vn 0.2079 -0.9782 -0.0000
f 1076//1076 1078//1078 1077//1077
f 1076//1076 1077//1077 1079//1079
f 1080//1080 1082//1082 1081//1081
f 1080//1080 1081//1081 1083//1083
f 1084//1084 1086//1086 1085//1085
f 1084//1084 1085//1085 1087//1087
f 1088//1088 1090//1090 1089//1089
f 1088//1088 1089//1089 1091//1091
f 1092//1092 1094//1094 1093//1093
f 1092//1092 1093//1093 1095//1095
f 1096//1096 1098//1098 1097//1097
f 1099//1099 1101//1101 1100//1100
f 1102//1102 1104//1104 1103//1103
f 1105//1105 1107//1107 1106//1106
f 1108//1108 1110//1110 1109//1109
f 1111//1111 1113//1113 1112//1112
f 1114//1114 1116//1116 1115//1115
f 1117//1117 1119//1119 1118//1118
f 1120//1120 1122//1122 1121//1121
f 1120//1120 1121//1121 1123//1123
f 1124//1124 1126//1126 1125//1125
f 1124//1124 1125//1125 1127//1127
f 1128//1128 1130//1130 1129//1129
f 1128//1128 1129//1129 1131//1131
f 1132//1132 1134//1134 1133//1133
f 1132//1132 1133//1133 1135//1135
f 1136//1136 1138//1138 1137//1137
f 1136//1136 1137//1137 1139//1139
f 1140//1140 1142//1142 1141//1141
f 1140//1140 1141//1141 1143//1143
f 1144//1144 1146//1146 1145//1145
f 1144//1144 1145//1145 1147//1147
f 1148//1148 1150//1150 1149//1149
f 1148//1148 1149//1149 1151//1151
f 1152//1152 1154//1154 1153//1153
f 1152//1152 1153//1153 1155//1155
f 1156//1156 1158//1158 1157//1157
f 1156//1156 1157//1157 1159//1159
f 1160//1160 1162//1162 1161//1161
f 1160//1160 1161//1161 1163//1163
f 1164//1164 1166//1166 1165//1165
f 1164//1164 1165//1165 1167//1167
f 1168//1168 1170//1170 1169//1169
f 1168//1168 1169//1169 1171//1171
f 1172//1172 1174//1174 1173//1173
f 1172//1172 1173//1173 1175//1175
f 1176//1176 1178//1178 1177//1177
f 1176//1176 1177//1177 1179//1179
f 1180//1180 1182//1182 1181//1181
f 1180//1180 1181//1181 1183//1183
f 1184//1184 1186//1186 1185//1185
f 1184//1184 1185//1185 1187//1187
f 1188//1188 1190//1190 1189//1189
f 1188//1188 1189//1189 1191//1191
f 1192//1192 1194//1194 1193//1193
f 1195//1195 1197//1197 1196//1196
f 1198//1198 1200//1200 1199//1199
f 1201//1201 1203//1203 1202//1202
f 1204//1204 1206//1206 1205//1205
f 1207//1207 1209//1209 1208//1208
f 1210//1210 1212//1212 1211//1211
f 1213//1213 1215//1215 1214//1214
f 1216//1216 1218//1218 1217//1217
f 1216//1216 1217//1217 1219//1219
f 1220//1220 1222//1222 1221//1221
f 1220//1220 1221//1221 1223//1223
f 1224//1224 1226//1226 1225//1225
f 1224//1224 1225//1225 1227//1227
f 1228//1228 1230//1230 1229//1229
f 1228//1228 1229//1229 1231//1231
f 1232//1232 1234//1234 1233//1233
f 1232//1232 1233//1233 1235//1235
f 1236//1236 1238//1238 1237//1237
f 1236//1236 1237//1237 1239//1239
f 1240//1240 1242//1242 1241//1241
f 1240//1240 1241//1241 1243//1243
f 1244//1244 1246//1246 1245//1245
f 1244//1244 1245//1245 1247//1247
f 1248//1248 1250//1250 1249//1249
f 1248//1248 1249//1249 1251//1251
f 1252//1252 1254//1254 1253//1253
f 1252//1252 1253//1253 1255//1255
f 1256//1256 1258//1258 1257//1257
f 1256//1256 1257//1257 1259//1259
f 1260//1260 1262//1262 1261//1261
f 1260//1260 1261//1261 1263//1263
f 1264//1264 1266//1266 1265//1265
f 1264//1264 1265//1265 1267//1267
g body_skin
usemtl skin
v 0.00000 0.24757 0.00000
v -0.01426 0.27666 0.04170
v 0.03734 0.27666 0.02577
v 0.03734 0.27666 0.02577
v 0.03734 0.27666 -0.02577
v 0.00000 0.24757 0.00000
v 0.00000 0.24757 0.00000
v -0.04615 0.27666 0.00000
v -0.01426 0.27666 0.04170
v 0.00000 0.24757 0.00000
v -0.01426 0.27666 -0.04170
v -0.04615 0.27666 0.00000
v 0.00000 0.24757 0.00000
v 0.03734 0.27666 -0.02577
v -0.01426 0.27666 -0.04170
v 0.03734 0.27666 0.02577
v 0.04615 0.32374 0.00000
v 0.03734 0.27666 -0.02577
v -0.01426 0.27666 0.04170
v 0.01426 0.32374 0.04170
v 0.03734 0.27666 0.02577
v -0.04615 0.27666 0.00000
v -0.03734 0.32374 0.02577
v -0.01426 0.27666 0.04170
v -0.01426 0.27666 -0.04170
v -0.03734 0.32374 -0.02577
v -0.04615 0.27666 0.00000
v 0.03734 0.27666 -0.02577
v 0.01426 0.32374 -0.04170
v -0.01426 0.27666 -0.04170
v 0.03734 0.27666 0.02577
v 0.01426 0.32374 0.04170
v 0.04615 0.32374 0.00000
v -0.01426 0.27666 0.04170
v -0.03734 0.32374 0.02577
v 0.01426 0.32374 0.04170
v -0.04615 0.27666 0.00000
v -0.03734 0.32374 -0.02577
v -0.03734 0.32374 0.02577
v -0.01426 0.27666 -0.04170
v 0.01426 0.32374 -0.04170
v -0.03734 0.32374 -0.02577
v 0.03734 0.27666 -0.02577
v 0.04615 0.32374 0.00000
v 0.01426 0.32374 -0.04170
v 0.01426 0.32374 0.04170
v 0.00000 0.35283 0.00000
v 0.04615 0.32374 0.00000
v -0.03734 0.32374 0.02577
v 0.00000 0.35283 0.00000
v 0.01426 0.32374 0.04170
v -0.03734 0.32374 -0.02577
v 0.00000 0.35283 0.00000
v -0.03734 0.32374 0.02577
v 0.01426 0.32374 -0.04170
v 0.00000 0.35283 0.00000
v -0.03734 0.32374 -0.02577
v 0.04615 0.32374 0.00000
v 0.00000 0.35283 0.00000
v 0.01426 0.32374 -0.04170
v -0.10000 0.12800 0.01000
v -0.10608 0.14016 0.02871
v -0.08408 0.14016 0.02157
v -0.08408 0.14016 0.02157
v -0.08408 0.14016 -0.00157
v -0.10000 0.12800 0.01000
v -0.10000 0.12800 0.01000
v -0.11968 0.14016 0.01000
v -0.10608 0.14016 0.02871
v -0.10000 0.12800 0.01000
v -0.10608 0.14016 -0.00871
v -0.11968 0.14016 0.01000
v -0.10000 0.12800 0.01000
v -0.08408 0.14016 -0.00157
v -0.10608 0.14016 -0.00871
v -0.08408 0.14016 0.02157
v -0.08032 0.15984 0.01000
v -0.08408 0.14016 -0.00157
v -0.10608 0.14016 0.02871
v -0.09392 0.15984 0.02871
v -0.08408 0.14016 0.02157
v -0.11968 0.14016 0.01000
v -0.11592 0.15984 0.02157
v -0.10608 0.14016 0.02871
v -0.10608 0.14016 -0.00871
v -0.11592 0.15984 -0.00157
v -0.11968 0.14016 0.01000
v -0.08408 0.14016 -0.00157
v -0.09392 0.15984 -0.00871
v -0.10608 0.14016 -0.00871
v -0.08408 0.14016 0.02157
v -0.09392 0.15984 0.02871
v -0.08032 0.15984 0.01000
v -0.10608 0.14016 0.02871
v -0.11592 0.15984 0.02157
v -0.09392 0.15984 0.02871
v -0.11968 0.14016 0.01000
v -0.11592 0.15984 -0.00157
v -0.11592 0.15984 0.02157
v -0.10608 0.14016 -0.00871
v -0.09392 0.15984 -0.00871
v -0.11592 0.15984 -0.00157
v -0.08408 0.14016 -0.00157
v -0.08032 0.15984 0.01000
v -0.09392 0.15984 -0.00871
v -0.09392 0.15984 0.02871
v -0.10000 0.17200 0.01000
v -0.08032 0.15984 0.01000
v -0.11592 0.15984 0.02157
v -0.10000 0.17200 0.01000
v -0.09392 0.15984 0.02871
v -0.11592 0.15984 -0.00157
v -0.10000 0.17200 0.01000
v -0.11592 0.15984 0.02157
v -0.09392 0.15984 -0.00871
v -0.10000 0.17200 0.01000
v -0.11592 0.15984 -0.00157
v -0.08032 0.15984 0.01000
v -0.10000 0.17200 0.01000
v -0.09392 0.15984 -0.00871
v 0.10000 0.12800 0.01000
v 0.09392 0.14016 0.02871
v 0.11592 0.14016 0.02157
v 0.11592 0.14016 0.02157
v 0.11592 0.14016 -0.00157
v 0.10000 0.12800 0.01000
v 0.10000 0.12800 0.01000
v 0.08032 0.14016 0.01000
v 0.09392 0.14016 0.02871
v 0.10000 0.12800 0.01000
v 0.09392 0.14016 -0.00871
v 0.08032 0.14016 0.01000
v 0.10000 0.12800 0.01000
v 0.11592 0.14016 -0.00157
v 0.09392 0.14016 -0.00871
v 0.11592 0.14016 0.02157
v 0.11968 0.15984 0.01000
v 0.11592 0.14016 -0.00157
v 0.09392 0.14016 0.02871
v 0.10608 0.15984 0.02871
v 0.11592 0.14016 0.02157
v 0.08032 0.14016 0.01000
v 0.08408 0.15984 0.02157
v 0.09392 0.14016 0.02871
v 0.09392 0.14016 -0.00871
v 0.08408 0.15984 -0.00157
v 0.08032 0.14016 0.01000
v 0.11592 0.14016 -0.00157
v 0.10608 0.15984 -0.00871
v 0.09392 0.14016 -0.00871
v 0.11592 0.14016 0.02157
v 0.10608 0.15984 0.02871
v 0.11968 0.15984 0.01000
v 0.09392 0.14016 0.02871
v 0.08408 0.15984 0.02157
v 0.10608 0.15984 0.02871
v 0.08032 0.14016 0.01000
v 0.08408 0.15984 -0.00157
v 0.08408 0.15984 0.02157
v 0.09392 0.14016 -0.00871
v 0.10608 0.15984 -0.00871
v 0.08408 0.15984 -0.00157
v 0.11592 0.14016 -0.00157
v 0.11968 0.15984 0.01000
v 0.10608 0.15984 -0.00871
v 0.10608 0.15984 0.02871
v 0.10000 0.17200 0.01000
v 0.11968 0.15984 0.01000
v 0.08408 0.15984 0.02157
v 0.10000 0.17200 0.01000
v 0.10608 0.15984 0.02871
v 0.08408 0.15984 -0.00157
v 0.10000 0.17200 0.01000
v 0.08408 0.15984 0.02157
v 0.10608 0.15984 -0.00871
v 0.10000 0.17200 0.01000
v 0.08408 0.15984 -0.00157
v 0.11968 0.15984 0.01000
v 0.10000 0.17200 0.01000
v 0.10608 0.15984 -0.00871
v 0.00000 0.24430 -0.02150
v 0.01862 0.27010 -0.01075
v 0.00000 0.27010 -0.02150
v 0.01862 0.24430 -0.01075
v 0.01862 0.24430 -0.01075
v 0.01862 0.27010 0.01075
v 0.01862 0.27010 -0.01075
v 0.01862 0.24430 0.01075
v 0.01862 0.24430 0.01075
v 0.00000 0.27010 0.02150
v 0.01862 0.27010 0.01075
v 0.00000 0.24430 0.02150
v 0.00000 0.24430 0.02150
v -0.01862 0.27010 0.01075
v 0.00000 0.27010 0.02150
v -0.01862 0.24430 0.01075
v 0.01862 0.27010 0.01075
v 0.00000 0.27010 -0.02150
v 0.01862 0.27010 -0.01075
v -0.01862 0.27010 0.01075
v 0.00000 0.27010 0.02150
v -0.01862 0.27010 -0.01075
v -0.01862 0.24430 0.01075
v -0.01862 0.27010 -0.01075
v -0.01862 0.27010 0.01075
v -0.01862 0.24430 -0.01075
v -0.01862 0.24430 -0.01075
v 0.00000 0.27010 -0.02150
v -0.01862 0.27010 -0.01075
v 0.00000 0.24430 -0.02150
v -0.01862 0.24430 -0.01075
v 0.01862 0.24430 -0.01075
v 0.00000 0.24430 -0.02150
v 0.00000 0.24430 0.02150
v -0.01862 0.24430 0.01075
v 0.01862 0.24430 0.01075
vn 0.1865 -0.7746 0.6043
vn 0.1865 -0.7746 0.6043
vn 0.1865 -0.7746 0.6043
vn 0.6146 -0.7888 0.0000
vn 0.6146 -0.7888 0.0000
vn 0.6146 -0.7888 0.0000
vn -0.4938 -0.7833 0.3776
vn -0.4938 -0.7833 0.3776
vn -0.4938 -0.7833 0.3776
vn -0.4938 -0.7833 -0.3777
vn -0.4938 -0.7833 -0.3777
vn -0.4938 -0.7833 -0.3777
vn 0.1865 -0.7746 -0.6043
vn 0.1865 -0.7746 -0.6043
vn 0.1865 -0.7746 -0.6043
vn 0.9829 -0.1840 -0.0000
vn 0.9829 -0.1840 -0.0000
vn 0.9829 -0.1840 -0.0000
vn 0.2903 -0.1759 0.9406
vn 0.2903 -0.1759 0.9406
vn 0.2903 -0.1759 0.9406
vn -0.7812 -0.1808 0.5975
vn -0.7812 -0.1808 0.5975
vn -0.7812 -0.1808 0.5975
vn -0.7812 -0.1808 -0.5976
vn -0.7812 -0.1808 -0.5976
vn -0.7812 -0.1808 -0.5976
vn 0.2903 -0.1759 -0.9406
vn 0.2903 -0.1759 -0.9406
vn 0.2903 -0.1759 -0.9406
vn 0.7812 0.1808 0.5976
vn 0.7812 0.1808 0.5976
vn 0.7812 0.1808 0.5976
vn -0.2903 0.1759 0.9406
vn -0.2903 0.1759 0.9406
vn -0.2903 0.1759 0.9406
vn -0.9829 0.1840 -0.0000
vn -0.9829 0.1840 -0.0000
vn -0.9829 0.1840 -0.0000
vn -0.2903 0.1759 -0.9406
vn -0.2903 0.1759 -0.9406
vn -0.2903 0.1759 -0.9406
vn 0.7812 0.1808 -0.5975
vn 0.7812 0.1808 -0.5975
vn 0.7812 0.1808 -0.5975
vn 0.4938 0.7833 0.3777
vn 0.4938 0.7833 0.3777
vn 0.4938 0.7833 0.3777
vn -0.1865 0.7746 0.6043
vn -0.1865 0.7746 0.6043
vn -0.1865 0.7746 0.6043
vn -0.6146 0.7888 0.0000
vn -0.6146 0.7888 0.0000
vn -0.6146 0.7888 0.0000
vn -0.1865 0.7746 -0.6043
vn -0.1865 0.7746 -0.6043
vn -0.1865 0.7746 -0.6043
vn 0.4938 0.7833 -0.3775
vn 0.4938 0.7833 -0.3775
vn 0.4938 0.7833 -0.3775
vn 0.1875 -0.7947 0.5773
vn 0.1875 -0.7947 0.5773
vn 0.1875 -0.7947 0.5773
vn 0.6070 -0.7947 0.0000
vn 0.6070 -0.7947 0.0000
vn 0.6070 -0.7947 0.0000
vn -0.4911 -0.7947 0.3567
vn -0.4911 -0.7947 0.3567
vn -0.4911 -0.7947 0.3567
vn -0.4911 -0.7947 -0.3568
vn -0.4911 -0.7947 -0.3568
vn -0.4911 -0.7947 -0.3568
vn 0.1876 -0.7947 -0.5774
vn 0.1876 -0.7947 -0.5774
vn 0.1876 -0.7947 -0.5774
vn 0.9822 -0.1876 -0.0000
vn 0.9822 -0.1876 -0.0000
vn 0.9822 -0.1876 -0.0000
vn 0.3035 -0.1876 0.9342
vn 0.3035 -0.1876 0.9342
vn 0.3035 -0.1876 0.9342
vn -0.7947 -0.1877 0.5773
vn -0.7947 -0.1877 0.5773
vn -0.7947 -0.1877 0.5773
vn -0.7946 -0.1876 -0.5775
vn -0.7946 -0.1876 -0.5775
vn -0.7946 -0.1876 -0.5775
vn 0.3035 -0.1876 -0.9342
vn 0.3035 -0.1876 -0.9342
vn 0.3035 -0.1876 -0.9342
vn 0.7946 0.1876 0.5774
vn 0.7946 0.1876 0.5774
vn 0.7946 0.1876 0.5774
vn -0.3035 0.1876 0.9342
vn -0.3035 0.1876 0.9342
vn -0.3035 0.1876 0.9342
vn -0.9823 0.1876 -0.0000
vn -0.9823 0.1876 -0.0000
vn -0.9823 0.1876 -0.0000
vn -0.3035 0.1876 -0.9342
vn -0.3035 0.1876 -0.9342
vn -0.3035 0.1876 -0.9342
vn 0.7946 0.1876 -0.5774
vn 0.7946 0.1876 -0.5774
vn 0.7946 0.1876 -0.5774
vn 0.4911 0.7947 0.3568
vn 0.4911 0.7947 0.3568
vn 0.4911 0.7947 0.3568
vn -0.1876 0.7946 0.5774
vn -0.1876 0.7946 0.5774
vn -0.1876 0.7946 0.5774
vn -0.6071 0.7946 0.0000
vn -0.6071 0.7946 0.0000
vn -0.6071 0.7946 0.0000
vn -0.1876 0.7946 -0.5774
vn -0.1876 0.7946 -0.5774
vn -0.1876 0.7946 -0.5774
vn 0.4911 0.7947 -0.3567
vn 0.4911 0.7947 -0.3567
vn 0.4911 0.7947 -0.3567
vn 0.1875 -0.7947 0.5773
vn 0.1875 -0.7947 0.5773
vn 0.1875 -0.7947 0.5773
vn 0.6070 -0.7947 0.0000
vn 0.6070 -0.7947 0.0000
vn 0.6070 -0.7947 0.0000
vn -0.4911 -0.7947 0.3567
vn -0.4911 -0.7947 0.3567
vn -0.4911 -0.7947 0.3567
vn -0.4911 -0.7947 -0.3568
vn -0.4911 -0.7947 -0.3568
vn -0.4911 -0.7947 -0.3568
vn 0.1876 -0.7947 -0.5774
vn 0.1876 -0.7947 -0.5774
vn 0.1876 -0.7947 -0.5774
vn 0.9822 -0.1876 -0.0000
vn 0.9822 -0.1876 -0.0000
vn 0.9822 -0.1876 -0.0000
vn 0.3035 -0.1876 0.9342
vn 0.3035 -0.1876 0.9342
vn 0.3035 -0.1876 0.9342
vn -0.7947 -0.1877 0.5773
vn -0.7947 -0.1877 0.5773
vn -0.7947 -0.1877 0.5773
vn -0.7946 -0.1876 -0.5775
vn -0.7946 -0.1876 -0.5775
vn -0.7946 -0.1876 -0.5775
vn 0.3035 -0.1876 -0.9342
vn 0.3035 -0.1876 -0.9342
vn 0.3035 -0.1876 -0.9342
vn 0.7946 0.1876 0.5774
vn 0.7946 0.1876 0.5774
vn 0.7946 0.1876 0.5774
vn -0.3035 0.1876 0.9342
vn -0.3035 0.1876 0.9342
vn -0.3035 0.1876 0.9342
vn -0.9823 0.1876 -0.0000
vn -0.9823 0.1876 -0.0000
vn -0.9823 0.1876 -0.0000
vn -0.3035 0.1876 -0.9342
vn -0.3035 0.1876 -0.9342
vn -0.3035 0.1876 -0.9342
vn 0.7946 0.1876 -0.5774
vn 0.7946 0.1876 -0.5774
vn 0.7946 0.1876 -0.5774
vn 0.4911 0.7947 0.3568
vn 0.4911 0.7947 0.3568
vn 0.4911 0.7947 0.3568
vn -0.1876 0.7946 0.5774
vn -0.1876 0.7946 0.5774
vn -0.1876 0.7946 0.5774
vn -0.6071 0.7946 0.0000
vn -0.6071 0.7946 0.0000
vn -0.6071 0.7946 0.0000
vn -0.1876 0.7946 -0.5774
vn -0.1876 0.7946 -0.5774
vn -0.1876 0.7946 -0.5774
vn 0.4911 0.7947 -0.3567
vn 0.4911 0.7947 -0.3567
vn 0.4911 0.7947 -0.3567
vn 0.5000 0.0000 -0.8660
vn 0.5000 0.0000 -0.8660
vn 0.5000 0.0000 -0.8660
vn 0.5000 0.0000 -0.8660
vn 1.0000 0.0000 -0.0000
vn 1.0000 0.0000 -0.0000
vn 1.0000 0.0000 -0.0000
vn 1.0000 0.0000 -0.0000
vn 0.5000 -0.0000 0.8660
vn 0.5000 -0.0000 0.8660
vn 0.5000 -0.0000 0.8660
vn 0.5000 -0.0000 0.8660
vn -0.5000 -0.0000 0.8660
vn -0.5000 -0.0000 0.8660
vn -0.5000 -0.0000 0.8660
vn -0.5000 -0.0000 0.8660
vn 0.0000 1.0000 -0.0000
vn 0.0000 1.0000 -0.0000
vn 0.0000 1.0000 -0.0000
vn 0.0000 1.0000 -0.0000
vn 0.0000 1.0000 -0.0000
vn 0.0000 1.0000 -0.0000
vn -1.0000 0.0000 -0.0000
vn -1.0000 0.0000 -0.0000
vn -1.0000 0.0000 -0.0000
vn -1.0000 0.0000 -0.0000
vn -0.5000 0.0000 -0.8660
vn -0.5000 0.0000 -0.8660
vn -0.5000 0.0000 -0.8660
vn -0.5000 0.0000 -0.8660
vn 0.0000 -1.0000 -0.0000
vn 0.0000 -1.0000 -0.0000
vn 0.0000 -1.0000 -0.0000
vn 0.0000 -1.0000 -0.0000
vn 0.0000 -1.0000 -0.0000
vn 0.0000 -1.0000 -0.0000
f 1328//1328 1330//1330 1329//1329
f 1331//1331 1333//1333 1332//1332
f 1334//1334 1336//1336 1335//1335
f 1337//1337 1339//1339 1338//1338
f 1340//1340 1342//1342 1341//1341
f 1343//1343 1345//1345 1344//1344
f 1346//1346 1348//1348 1347//1347
f 1349//1349 1351//1351 1350//1350
f 1352//1352 1354//1354 1353//1353
f 1355//1355 1357//1357 1356//1356
f 1358//1358 1360//1360 1359//1359
f 1361//1361 1363//1363 1362//1362
f 1364//1364 1366//1366 1365//1365
f 1367//1367 1369//1369 1368//1368
f 1370//1370 1372//1372 1371//1371
f 1373//1373 1375//1375 1374//1374
f 1376//1376 1378//1378 1377//1377
f 1379//1379 1381//1381 1380//1380
f 1382//1382 1384//1384 1383//1383
f 1385//1385 1387//1387 1386//1386
f 1388//1388 1390//1390 1389//1389
f 1391//1391 1393//1393 1392//1392
f 1394//1394 1396//1396 1395//1395
f 1397//1397 1399//1399 1398//1398
f 1400//1400 1402//1402 1401//1401
f 1403//1403 1405//1405 1404//1404
f 1406//1406 1408//1408 1407//1407
f 1409//1409 1411//1411 1410//1410
f 1412//1412 1414//1414 1413//1413
f 1415//1415 1417//1417 1416//1416
f 1418//1418 1420//1420 1419//1419
f 1421//1421 1423//1423 1422//1422
f 1424//1424 1426//1426 1425//1425
f 1427//1427 1429//1429 1428//1428
f 1430//1430 1432//1432 1431//1431
f 1433//1433 1435//1435 1434//1434
f 1436//1436 1438//1438 1437//1437
f 1439//1439 1441//1441 1440//1440
f 1442//1442 1444//1444 1443//1443
f 1445//1445 1447//1447 1446//1446
f 1448//1448 1450//1450 1449//1449
f 1448//1448 1449//1449 1451//1451
f 1452//1452 1454//1454 1453//1453
f 1452//1452 1453//1453 1455//1455
f 1456//1456 1458//1458 1457//1457
f 1456//1456 1457//1457 1459//1459
f 1460//1460 1462//1462 1461//1461
f 1460//1460 1461//1461 1463//1463
f 1464//1464 1466//1466 1465//1465
f 1465//1465 1467//1467 1464//1464
f 1467//1467 1468//1468 1464//1464
f 1465//1465 1469//1469 1467//1467
f 1470//1470 1472//1472 1471//1471
f 1470//1470 1471//1471 1473//1473
f 1474//1474 1476//1476 1475//1475
f 1474//1474 1475//1475 1477//1477
f 1478//1478 1480//1480 1479//1479
f 1479//1479 1481//1481 1478//1478
f 1481//1481 1482//1482 1478//1478
f 1479//1479 1483//1483 1481//1481
f 1268//1268 1270//1270 1269//1269
f 1271//1271 1273//1273 1272//1272
f 1274//1274 1276//1276 1275//1275
f 1277//1277 1279//1279 1278//1278
f 1280//1280 1282//1282 1281//1281
f 1283//1283 1285//1285 1284//1284
f 1286//1286 1288//1288 1287//1287
f 1289//1289 1291//1291 1290//1290
f 1292//1292 1294//1294 1293//1293
f 1295//1295 1297//1297 1296//1296
f 1298//1298 1300//1300 1299//1299
f 1301//1301 1303//1303 1302//1302
f 1304//1304 1306//1306 1305//1305
f 1307//1307 1309//1309 1308//1308
f 1310//1310 1312//1312 1311//1311
f 1313//1313 1315//1315 1314//1314
f 1316//1316 1318//1318 1317//1317
f 1319//1319 1321//1321 1320//1320
f 1322//1322 1324//1324 1323//1323
f 1325//1325 1327//1327 1326//1326
g body_black
usemtl black
v -0.02451 0.29676 0.05074
v -0.02451 0.31052 0.04558
v -0.02451 0.31052 0.05074
v -0.02451 0.29676 0.04558
v -0.02451 0.29676 0.04558
v -0.01333 0.31052 0.04558
v -0.02451 0.31052 0.04558
v -0.01333 0.29676 0.04558
v -0.01333 0.29676 0.04558
v -0.01333 0.31052 0.05074
v -0.01333 0.31052 0.04558
v -0.01333 0.29676 0.05074
v -0.01333 0.29676 0.05074
v -0.02451 0.31052 0.05074
v -0.01333 0.31052 0.05074
v -0.02451 0.29676 0.05074
v -0.02451 0.29676 0.04558
v -0.01333 0.29676 0.05074
v -0.01333 0.29676 0.04558
v -0.02451 0.29676 0.05074
v -0.01333 0.31052 0.04558
v -0.02451 0.31052 0.05074
v -0.02451 0.31052 0.04558
v -0.01333 0.31052 0.05074
v 0.01333 0.29676 0.05074
v 0.01333 0.31052 0.04558
v 0.01333 0.31052 0.05074
v 0.01333 0.29676 0.04558
v 0.01333 0.29676 0.04558
v 0.02451 0.31052 0.04558
v 0.01333 0.31052 0.04558
v 0.02451 0.29676 0.04558
v 0.02451 0.29676 0.04558
v 0.02451 0.31052 0.05074
v 0.02451 0.31052 0.04558
v 0.02451 0.29676 0.05074
v 0.02451 0.29676 0.05074
v 0.01333 0.31052 0.05074
v 0.02451 0.31052 0.05074
v 0.01333 0.29676 0.05074
v 0.01333 0.29676 0.04558
v 0.02451 0.29676 0.05074
v 0.02451 0.29676 0.04558
v 0.01333 0.29676 0.05074
v 0.02451 0.31052 0.04558
v 0.01333 0.31052 0.05074
v 0.01333 0.31052 0.04558
v 0.02451 0.31052 0.05074
vn -1.0000 0.0000 -0.0000
vn -1.0000 0.0000 -0.0000
vn -1.0000 0.0000 -0.0000
vn -1.0000 0.0000 -0.0000
vn 0.0000 0.0000 -1.0000
vn 0.0000 0.0000 -1.0000
vn 0.0000 0.0000 -1.0000
vn 0.0000 0.0000 -1.0000
vn 1.0000 0.0000 -0.0000
vn 1.0000 0.0000 -0.0000
vn 1.0000 0.0000 -0.0000
vn 1.0000 0.0000 -0.0000
vn -0.0000 -0.0000 1.0000
vn -0.0000 -0.0000 1.0000
vn -0.0000 -0.0000 1.0000
vn -0.0000 -0.0000 1.0000
vn 0.0000 -1.0000 -0.0000
vn 0.0000 -1.0000 -0.0000
vn 0.0000 -1.0000 -0.0000
vn 0.0000 -1.0000 -0.0000
vn 0.0000 1.0000 -0.0000
vn 0.0000 1.0000 -0.0000
vn 0.0000 1.0000 -0.0000
vn 0.0000 1.0000 -0.0000
vn -1.0000 0.0000 -0.0000
vn -1.0000 0.0000 -0.0000
vn -1.0000 0.0000 -0.0000
vn -1.0000 0.0000 -0.0000
vn 0.0000 0.0000 -1.0000
vn 0.0000 0.0000 -1.0000
vn 0.0000 0.0000 -1.0000
vn 0.0000 0.0000 -1.0000
vn 1.0000 0.0000 -0.0000
vn 1.0000 0.0000 -0.0000
vn 1.0000 0.0000 -0.0000
vn 1.0000 0.0000 -0.0000
vn -0.0000 -0.0000 1.0000
vn -0.0000 -0.0000 1.0000
vn -0.0000 -0.0000 1.0000
vn -0.0000 -0.0000 1.0000
vn 0.0000 -1.0000 -0.0000
vn 0.0000 -1.0000 -0.0000
vn 0.0000 -1.0000 -0.0000
vn 0.0000 -1.0000 -0.0000
vn 0.0000 1.0000 -0.0000
vn 0.0000 1.0000 -0.0000
vn 0.0000 1.0000 -0.0000
vn 0.0000 1.0000 -0.0000
f 1484//1484 1486//1486 1485//1485
f 1484//1484 1485//1485 1487//1487
f 1488//1488 1490//1490 1489//1489
f 1488//1488 1489//1489 1491//1491
f 1492//1492 1494//1494 1493//1493
f 1492//1492 1493//1493 1495//1495
f 1496//1496 1498//1498 1497//1497
f 1496//1496 1497//1497 1499//1499
f 1500//1500 1502//1502 1501//1501
f 1500//1500 1501//1501 1503//1503
f 1504//1504 1506//1506 1505//1505
f 1504//1504 1505//1505 1507//1507
f 1508//1508 1510//1510 1509//1509
f 1508//1508 1509//1509 1511//1511
f 1512//1512 1514//1514 1513//1513
f 1512//1512 1513//1513 1515//1515
f 1516//1516 1518//1518 1517//1517
f 1516//1516 1517//1517 1519//1519
f 1520//1520 1522//1522 1521//1521
f 1520//1520 1521//1521 1523//1523
f 1524//1524 1526//1526 1525//1525
f 1524//1524 1525//1525 1527//1527
f 1528//1528 1530//1530 1529//1529
f 1528//1528 1529//1529 1531//1531
g body_hair
usemtl hair
v 0.00000 0.27065 -0.00860
v -0.01503 0.29364 0.03676
v 0.03935 0.29364 0.01943
v 0.03935 0.29364 0.01943
v 0.03935 0.29364 -0.03663
v 0.00000 0.27065 -0.00860
v 0.00000 0.27065 -0.00860
v -0.04864 0.29364 -0.00860
v -0.01503 0.29364 0.03676
v 0.00000 0.27065 -0.00860
v -0.01503 0.29364 -0.05396
v -0.04864 0.29364 -0.00860
v 0.00000 0.27065 -0.00860
v 0.03935 0.29364 -0.03663
v -0.01503 0.29364 -0.05396
v 0.03935 0.29364 0.01943
v 0.04864 0.33084 -0.00860
v 0.03935 0.29364 -0.03663
v -0.01503 0.29364 0.03676
v 0.01503 0.33084 0.03676
v 0.03935 0.29364 0.01943
v -0.04864 0.29364 -0.00860
v -0.03935 0.33084 0.01943
v -0.01503 0.29364 0.03676
v -0.01503 0.29364 -0.05396
v -0.03935 0.33084 -0.03663
v -0.04864 0.29364 -0.00860
v 0.03935 0.29364 -0.03663
v 0.01503 0.33084 -0.05396
v -0.01503 0.29364 -0.05396
v 0.03935 0.29364 0.01943
v 0.01503 0.33084 0.03676
v 0.04864 0.33084 -0.00860
v -0.01503 0.29364 0.03676
v -0.03935 0.33084 0.01943
v 0.01503 0.33084 0.03676
v -0.04864 0.29364 -0.00860
v -0.03935 0.33084 -0.03663
v -0.03935 0.33084 0.01943
v -0.01503 0.29364 -0.05396
v 0.01503 0.33084 -0.05396
v -0.03935 0.33084 -0.03663
v 0.03935 0.29364 -0.03663
v 0.04864 0.33084 -0.00860
v 0.01503 0.33084 -0.05396
v 0.01503 0.33084 0.03676
v 0.00000 0.35383 -0.00860
v 0.04864 0.33084 -0.00860
v -0.03935 0.33084 0.01943
v 0.00000 0.35383 -0.00860
v 0.01503 0.33084 0.03676
v -0.03935 0.33084 -0.03663
v 0.00000 0.35383 -0.00860
v -0.03935 0.33084 0.01943
v 0.01503 0.33084 -0.05396
v 0.00000 0.35383 -0.00860
v -0.03935 0.33084 -0.03663
v 0.04864 0.33084 -0.00860
v 0.00000 0.35383 -0.00860
v 0.01503 0.33084 -0.05396
v 0.02344 0.24858 0.04684
v -0.01720 0.27356 0.04518
v 0.01720 0.27356 0.04518
v -0.02344 0.24858 0.04684
v 0.03058 0.24839 0.02884
v 0.02424 0.27375 0.03827
v 0.02424 0.27375 0.03053
v 0.03058 0.24839 0.03996
v 0.01570 0.28042 0.03096
v -0.01570 0.28042 0.03784
v -0.01570 0.28042 0.03096
v 0.01570 0.28042 0.03784
v -0.03058 0.24839 0.03996
v -0.02424 0.27375 0.03053
v -0.02424 0.27375 0.03827
v -0.03058 0.24839 0.02884
v -0.02344 0.24858 0.02196
v 0.01720 0.27356 0.02362
v -0.01720 0.27356 0.02362
v 0.02344 0.24858 0.02196
v -0.02537 0.24172 0.04042
v -0.03058 0.24839 0.03996
v -0.02344 0.24858 0.04684
v -0.01720 0.27356 0.04518
v -0.02424 0.27375 0.03827
v -0.01570 0.28042 0.03784
v -0.02537 0.24172 0.02838
v -0.02344 0.24858 0.02196
v -0.03058 0.24839 0.02884
v -0.01570 0.28042 0.03096
v -0.02424 0.27375 0.03053
v -0.01720 0.27356 0.02362
v 0.02537 0.24172 0.04042
v 0.02344 0.24858 0.04684
v 0.03058 0.24839 0.03996
v 0.01570 0.28042 0.03784
v 0.02424 0.27375 0.03827
v 0.01720 0.27356 0.04518
v 0.02537 0.24172 0.02838
v 0.03058 0.24839 0.02884
v 0.02344 0.24858 0.02196
v 0.01570 0.28042 0.03096
v 0.01720 0.27356 0.02362
v 0.02424 0.27375 0.03053
v -0.02537 0.24172 0.02838
v -0.03058 0.24839 0.03996
v -0.02537 0.24172 0.04042
v -0.03058 0.24839 0.02884
v -0.02344 0.24858 0.04684
v -0.02424 0.27375 0.03827
v -0.01720 0.27356 0.04518
v -0.03058 0.24839 0.03996
v -0.01570 0.28042 0.03784
v -0.02424 0.27375 0.03053
v -0.01570 0.28042 0.03096
v -0.02424 0.27375 0.03827
v -0.01720 0.27356 0.02362
v -0.03058 0.24839 0.02884
v -0.02344 0.24858 0.02196
v -0.02424 0.27375 0.03053
v 0.02537 0.24172 0.02838
v -0.02344 0.24858 0.02196
v -0.02537 0.24172 0.02838
v 0.02344 0.24858 0.02196
v -0.01570 0.28042 0.03096
v 0.01720 0.27356 0.02362
v 0.01570 0.28042 0.03096
v -0.01720 0.27356 0.02362
v 0.02424 0.27375 0.03053
v 0.02344 0.24858 0.02196
v 0.03058 0.24839 0.02884
v 0.01720 0.27356 0.02362
v 0.02537 0.24172 0.04042
v 0.03058 0.24839 0.02884
v 0.02537 0.24172 0.02838
v 0.03058 0.24839 0.03996
v 0.01570 0.28042 0.03096
v 0.02424 0.27375 0.03827
v 0.01570 0.28042 0.03784
v 0.02424 0.27375 0.03053
v 0.01720 0.27356 0.04518
v 0.03058 0.24839 0.03996
v 0.02344 0.24858 0.04684
v 0.02424 0.27375 0.03827
v -0.02537 0.24172 0.04042
v 0.02344 0.24858 0.04684
v 0.02537 0.24172 0.04042
v -0.02344 0.24858 0.04684
v 0.01570 0.28042 0.03784
v -0.01720 0.27356 0.04518
v -0.01570 0.28042 0.03784
v 0.01720 0.27356 0.04518
v -0.02537 0.24172 0.02838
v 0.02537 0.24172 0.04042
v 0.02537 0.24172 0.02838
v -0.02537 0.24172 0.04042
vn 0.1552 -0.8595 0.4871
vn 0.1552 -0.8595 0.4871
vn 0.1552 -0.8595 0.4871
vn 0.5044 -0.8635 -0.0000
vn 0.5044 -0.8635 -0.0000
vn 0.5044 -0.8635 -0.0000
vn -0.4074 -0.8619 0.3019
vn -0.4074 -0.8619 0.3019
vn -0.4074 -0.8619 0.3019
vn -0.4074 -0.8619 -0.3020
vn -0.4074 -0.8619 -0.3020
vn -0.4074 -0.8619 -0.3020
vn 0.1552 -0.8595 -0.4870
vn 0.1552 -0.8595 -0.4870
vn 0.1552 -0.8595 -0.4870
vn 0.9702 -0.2423 0.0000
vn 0.9702 -0.2423 0.0000
vn 0.9702 -0.2423 0.0000
vn 0.2948 -0.2382 0.9254
vn 0.2948 -0.2382 0.9254
vn 0.2948 -0.2382 0.9254
vn -0.7798 -0.2407 0.5779
vn -0.7798 -0.2407 0.5779
vn -0.7798 -0.2407 0.5779
vn -0.7798 -0.2407 -0.5779
vn -0.7798 -0.2407 -0.5779
vn -0.7798 -0.2407 -0.5779
vn 0.2948 -0.2382 -0.9254
vn 0.2948 -0.2382 -0.9254
vn 0.2948 -0.2382 -0.9254
vn 0.7798 0.2407 0.5780
vn 0.7798 0.2407 0.5780
vn 0.7798 0.2407 0.5780
vn -0.2948 0.2382 0.9254
vn -0.2948 0.2382 0.9254
vn -0.2948 0.2382 0.9254
vn -0.9702 0.2423 0.0000
vn -0.9702 0.2423 0.0000
vn -0.9702 0.2423 0.0000
vn -0.2948 0.2382 -0.9254
vn -0.2948 0.2382 -0.9254
vn -0.2948 0.2382 -0.9254
vn 0.7798 0.2407 -0.5778
vn 0.7798 0.2407 -0.5778
vn 0.7798 0.2407 -0.5778
vn 0.4074 0.8619 0.3020
vn 0.4074 0.8619 0.3020
vn 0.4074 0.8619 0.3020
vn -0.1552 0.8594 0.4871
vn -0.1552 0.8594 0.4871
vn -0.1552 0.8594 0.4871
vn -0.5044 0.8635 -0.0000
vn -0.5044 0.8635 -0.0000
vn -0.5044 0.8635 -0.0000
vn -0.1552 0.8595 -0.4871
vn -0.1552 0.8595 -0.4871
vn -0.1552 0.8595 -0.4871
vn 0.4074 0.8619 -0.3019
vn 0.4074 0.8619 -0.3019
vn 0.4074 0.8619 -0.3019
vn -0.0000 0.0665 0.9978
vn -0.0000 0.0665 0.9978
vn -0.0000 0.0665 0.9978
vn -0.0000 0.0665 0.9978
vn 0.9702 0.2425 0.0000
vn 0.9702 0.2425 0.0000
vn 0.9702 0.2425 0.0000
vn 0.9702 0.2425 0.0000
vn 0.0000 1.0000 -0.0000
vn 0.0000 1.0000 -0.0000
vn 0.0000 1.0000 -0.0000
vn 0.0000 1.0000 -0.0000
vn -0.9702 0.2425 -0.0000
vn -0.9702 0.2425 -0.0000
vn -0.9702 0.2425 -0.0000
vn -0.9702 0.2425 -0.0000
vn 0.0000 0.0665 -0.9978
vn 0.0000 0.0665 -0.9978
vn 0.0000 0.0665 -0.9978
vn 0.0000 0.0665 -0.9978
vn -0.6180 -0.4376 0.6531
vn -0.6180 -0.4376 0.6531
vn -0.6180 -0.4376 0.6531
vn -0.5040 0.6798 0.5327
vn -0.5040 0.6798 0.5327
vn -0.5040 0.6798 0.5327
vn -0.6180 -0.4376 -0.6532
vn -0.6180 -0.4376 -0.6532
vn -0.6180 -0.4376 -0.6532
vn -0.5040 0.6799 -0.5327
vn -0.5040 0.6799 -0.5327
vn -0.5040 0.6799 -0.5327
vn 0.6180 -0.4376 0.6531
vn 0.6180 -0.4376 0.6531
vn 0.6180 -0.4376 0.6531
vn 0.5040 0.6798 0.5327
vn 0.5040 0.6798 0.5327
vn 0.5040 0.6798 0.5327
vn 0.6180 -0.4376 -0.6531
vn 0.6180 -0.4376 -0.6531
vn 0.6180 -0.4376 -0.6531
vn 0.5040 0.6799 -0.5326
vn 0.5040 0.6799 -0.5326
vn 0.5040 0.6799 -0.5326
vn -0.7882 -0.6154 -0.0001
vn -0.7882 -0.6154 -0.0001
vn -0.7882 -0.6154 -0.0001
vn -0.7882 -0.6154 -0.0001
vn -0.6805 0.2168 0.6999
vn -0.6805 0.2168 0.6999
vn -0.6805 0.2168 0.6999
vn -0.6805 0.2168 0.6999
vn -0.6154 0.7882 -0.0000
vn -0.6154 0.7882 -0.0000
vn -0.6154 0.7882 -0.0000
vn -0.6154 0.7882 -0.0000
vn -0.6805 0.2168 -0.6999
vn -0.6805 0.2168 -0.6999
vn -0.6805 0.2168 -0.6999
vn -0.6805 0.2168 -0.6999
vn 0.0000 -0.6832 -0.7302
vn 0.0000 -0.6832 -0.7302
vn 0.0000 -0.6832 -0.7302
vn 0.0000 -0.6832 -0.7302
vn 0.0000 0.7302 -0.6832
vn 0.0000 0.7302 -0.6832
vn 0.0000 0.7302 -0.6832
vn 0.0000 0.7302 -0.6832
vn 0.6805 0.2168 -0.6999
vn 0.6805 0.2168 -0.6999
vn 0.6805 0.2168 -0.6999
vn 0.6805 0.2168 -0.6999
vn 0.7882 -0.6154 -0.0000
vn 0.7882 -0.6154 -0.0000
vn 0.7882 -0.6154 -0.0000
vn 0.7882 -0.6154 -0.0000
vn 0.6154 0.7882 0.0000
vn 0.6154 0.7882 0.0000
vn 0.6154 0.7882 0.0000
vn 0.6154 0.7882 0.0000
vn 0.6805 0.2168 0.6999
vn 0.6805 0.2168 0.6999
vn 0.6805 0.2168 0.6999
vn 0.6805 0.2168 0.6999
vn -0.0000 -0.6833 0.7302
vn -0.0000 -0.6833 0.7302
vn -0.0000 -0.6833 0.7302
vn -0.0000 -0.6833 0.7302
vn -0.0000 0.7302 0.6832
vn -0.0000 0.7302 0.6832
vn -0.0000 0.7302 0.6832
vn -0.0000 0.7302 0.6832
vn 0.0000 -1.0000 -0.0000
vn 0.0000 -1.0000 -0.0000
vn 0.0000 -1.0000 -0.0000
vn 0.0000 -1.0000 -0.0000
f 1532//1532 1534//1534 1533//1533
f 1535//1535 1537//1537 1536//1536
f 1538//1538 1540//1540 1539//1539
f 1541//1541 1543//1543 1542//1542
f 1544//1544 1546//1546 1545//1545
f 1547//1547 1549//1549 1548//1548
f 1550//1550 1552//1552 1551//1551
f 1553//1553 1555//1555 1554//1554
f 1556//1556 1558//1558 1557//1557
f 1559//1559 1561//1561 1560//1560
f 1562//1562 1564//1564 1563//1563
f 1565//1565 1567//1567 1566//1566
f 1568//1568 1570//1570 1569//1569
f 1571//1571 1573//1573 1572//1572
f 1574//1574 1576//1576 1575//1575
f 1577//1577 1579//1579 1578//1578
f 1580//1580 1582//1582 1581//1581
f 1583//1583 1585//1585 1584//1584
f 1586//1586 1588//1588 1587//1587
f 1589//1589 1591//1591 1590//1590
f 1592//1592 1594//1594 1593//1593
f 1592//1592 1593//1593 1595//1595
f 1596//1596 1598//1598 1597//1597
f 1596//1596 1597//1597 1599//1599
f 1600//1600 1602//1602 1601//1601
f 1600//1600 1601//1601 1603//1603
f 1604//1604 1606//1606 1605//1605
f 1604//1604 1605//1605 1607//1607
f 1608//1608 1610//1610 1609//1609
f 1608//1608 1609//1609 1611//1611
f 1612//1612 1614//1614 1613//1613
f 1615//1615 1617//1617 1616//1616
f 1618//1618 1620//1620 1619//1619
f 1621//1621 1623//1623 1622//1622
f 1624//1624 1626//1626 1625//1625
f 1627//1627 1629//1629 1628//1628
f 1630//1630 1632//1632 1631//1631
f 1633//1633 1635//1635 1634//1634
f 1636//1636 1638//1638 1637//1637
f 1636//1636 1637//1637 1639//1639
f 1640//1640 1642//1642 1641//1641
f 1640//1640 1641//1641 1643//1643
f 1644//1644 1646//1646 1645//1645
f 1644//1644 1645//1645 1647//1647
f 1648//1648 1650//1650 1649//1649
f 1648//1648 1649//1649 1651//1651
f 1652//1652 1654//1654 1653//1653
f 1652//1652 1653//1653 1655//1655
f 1656//1656 1658//1658 1657//1657
f 1656//1656 1657//1657 1659//1659
f 1660//1660 1662//1662 1661//1661
f 1660//1660 1661//1661 1663//1663
f 1664//1664 1666//1666 1665//1665
f 1664//1664 1665//1665 1667//1667
f 1668//1668 1670//1670 1669//1669
f 1668//1668 1669//1669 1671//1671
f 1672//1672 1674//1674 1673//1673
f 1672//1672 1673//1673 1675//1675
f 1676//1676 1678//1678 1677//1677
f 1676//1676 1677//1677 1679//1679
f 1680//1680 1682//1682 1681//1681
f 1680//1680 1681//1681 1683//1683
f 1684//1684 1686//1686 1685//1685
f 1684//1684 1685//1685 1687//1687
g body_blazon
usemtl blazon
v 0.00000 0.15000 0.04400
v 0.04000 0.23800 0.04400
v -0.04000 0.23800 0.04400
v -0.04000 0.23800 0.05800
v 0.00000 0.15000 0.05800
v -0.03680 0.18600 0.05800
v 0.04000 0.23800 0.05800
v -0.04000 0.23800 0.04400
v -0.03680 0.18600 0.05800
v 0.00000 0.15000 0.04400
v 0.00000 0.15000 0.05800
v -0.04000 0.23800 0.05800
v 0.00000 0.15000 0.04400
v 0.04000 0.23800 0.05800
v 0.04000 0.23800 0.04400
v 0.00000 0.15000 0.05800
v 0.04000 0.23800 0.04400
v -0.04000 0.23800 0.05800
v -0.04000 0.23800 0.04400
v 0.04000 0.23800 0.05800
v -0.02800 0.16880 0.04400
v 0.02800 0.16880 0.04400
v 0.04000 0.20600 0.04400
v 0.03680 0.18600 0.05800
v 0.01520 0.15680 0.05800
v -0.02800 0.16880 0.04400
v 0.01520 0.15680 0.05800
v 0.02800 0.16880 0.04400
v 0.03680 0.18600 0.05800
v 0.04000 0.20600 0.04400
v -0.04000 0.20600 0.04400
v -0.03680 0.18600 0.04400
v 0.03680 0.18600 0.04400
v 0.01520 0.15680 0.04400
v -0.01520 0.15680 0.04400
v -0.04000 0.20600 0.05800
v 0.04000 0.20600 0.05800
v -0.02800 0.16880 0.05800
v -0.01520 0.15680 0.05800
v 0.02800 0.16880 0.05800
v -0.04000 0.20600 0.05800
v -0.04000 0.20600 0.04400
v -0.04000 0.20600 0.04400
v -0.03680 0.18600 0.05800
v -0.03680 0.18600 0.04400
v -0.04000 0.20600 0.05800
v -0.03680 0.18600 0.04400
v -0.02800 0.16880 0.05800
v -0.02800 0.16880 0.04400
v -0.01520 0.15680 0.05800
v -0.01520 0.15680 0.04400
v -0.02800 0.16880 0.05800
v -0.01520 0.15680 0.04400
v -0.01520 0.15680 0.05800
v 0.01520 0.15680 0.04400
v 0.01520 0.15680 0.04400
v 0.02800 0.16880 0.05800
v 0.01520 0.15680 0.05800
v 0.02800 0.16880 0.04400
v 0.03680 0.18600 0.04400
v 0.02800 0.16880 0.05800
v 0.03680 0.18600 0.04400
v 0.04000 0.20600 0.05800
v 0.03680 0.18600 0.05800
v 0.04000 0.20600 0.04400
v 0.04000 0.20600 0.05800
vn 0.0000 0.0000 -1.0000
vn 0.0000 0.0000 -1.0000
vn 0.0000 0.0000 -1.0000
vn -0.0000 -0.0000 1.0000
vn -0.0000 -0.0000 1.0000
vn -0.0000 -0.0000 1.0000
vn -0.0000 -0.0000 1.0000
vn -1.0000 0.0000 -0.0000
vn -0.8902 -0.4555 -0.0000
vn -0.4084 -0.9128 -0.0001
vn -0.4084 -0.9128 -0.0001
vn -1.0000 0.0000 -0.0000
vn 0.4084 -0.9128 -0.0000
vn 1.0000 0.0000 -0.0000
vn 1.0000 0.0000 -0.0000
vn 0.4084 -0.9128 -0.0000
vn 0.0000 1.0000 -0.0000
vn 0.0000 1.0000 -0.0000
vn 0.0000 1.0000 -0.0000
vn 0.0000 1.0000 -0.0000
vn 0.0000 0.0000 -1.0000
vn 0.0000 0.0000 -1.0000
vn 0.0000 0.0000 -1.0000
vn -0.0000 -0.0000 1.0000
vn -0.0000 -0.0000 1.0000
vn -0.6839 -0.7295 -0.0000
vn 0.4084 -0.9128 -0.0000
vn 0.6839 -0.7296 0.0000
vn 0.8902 -0.4555 0.0000
vn 0.9874 -0.1580 0.0000
vn 0.0000 0.0000 -1.0000
vn 0.0000 0.0000 -1.0000
vn 0.0000 0.0000 -1.0000
vn 0.0000 0.0000 -1.0000
vn 0.0000 0.0000 -1.0000
vn -0.0000 -0.0000 1.0000
vn -0.0000 -0.0000 1.0000
vn -0.0000 -0.0000 1.0000
vn -0.0000 -0.0000 1.0000
vn -0.0000 -0.0000 1.0000
vn -1.0000 0.0000 -0.0000
vn -1.0000 0.0000 -0.0000
vn -0.9874 -0.1580 -0.0000
vn -0.9874 -0.1580 -0.0000
vn -0.9874 -0.1580 -0.0000
vn -0.9874 -0.1580 -0.0000
vn -0.8902 -0.4555 -0.0000
vn -0.8902 -0.4555 -0.0000
vn -0.8902 -0.4555 -0.0000
vn -0.6839 -0.7295 -0.0000
vn -0.6839 -0.7295 -0.0000
vn -0.6839 -0.7295 -0.0000
vn -0.4084 -0.9128 -0.0001
vn -0.4084 -0.9128 -0.0001
vn 0.4084 -0.9128 -0.0000
vn 0.6839 -0.7296 0.0000
vn 0.6839 -0.7296 0.0000
vn 0.6839 -0.7296 0.0000
vn 0.8902 -0.4555 0.0000
vn 0.8902 -0.4555 0.0000
vn 0.8902 -0.4555 0.0000
vn 0.9874 -0.1580 0.0000
vn 0.9874 -0.1580 0.0000
vn 0.9874 -0.1580 0.0000
vn 1.0000 0.0000 -0.0000
vn 1.0000 0.0000 -0.0000
f 1718//1718 1690//1690 1689//1689
f 1719//1719 1718//1718 1689//1689
f 1689//1689 1710//1710 1720//1720
f 1689//1689 1720//1720 1721//1721
f 1689//1689 1721//1721 1719//1719
f 1720//1720 1709//1709 1721//1721
f 1721//1721 1722//1722 1719//1719
f 1722//1722 1708//1708 1719//1719
f 1721//1721 1688//1688 1722//1722
f 1694//1694 1691//1691 1723//1723
f 1724//1724 1694//1694 1723//1723
f 1723//1723 1693//1693 1725//1725
f 1723//1723 1725//1725 1692//1692
f 1723//1723 1692//1692 1724//1724
f 1725//1725 1726//1726 1692//1692
f 1692//1692 1727//1727 1724//1724
f 1727//1727 1711//1711 1724//1724
f 1692//1692 1712//1712 1727//1727
f 1695//1695 1729//1729 1728//1728
f 1695//1695 1728//1728 1699//1699
f 1730//1730 1732//1732 1731//1731
f 1730//1730 1731//1731 1733//1733
f 1734//1734 1736//1736 1735//1735
f 1734//1734 1735//1735 1696//1696
f 1713//1713 1738//1738 1737//1737
f 1713//1713 1737//1737 1739//1739
f 1740//1740 1697//1697 1698//1698
f 1740//1740 1698//1698 1741//1741
f 1700//1700 1742//1742 1714//1714
f 1700//1700 1714//1714 1703//1703
f 1743//1743 1715//1715 1744//1744
f 1743//1743 1744//1744 1745//1745
f 1746//1746 1747//1747 1716//1716
f 1746//1746 1716//1716 1748//1748
f 1749//1749 1717//1717 1750//1750
f 1749//1749 1750//1750 1751//1751
f 1752//1752 1702//1702 1701//1701
f 1752//1752 1701//1701 1753//1753
f 1704//1704 1706//1706 1705//1705
f 1704//1704 1705//1705 1707//1707
o tool
g tool_wood_dark
usemtl wood_dark
v 0.10000 0.11855 0.02438
v 0.10953 0.24753 0.00722
v 0.10000 0.24657 0.00180
v 0.10953 0.11950 0.02979
v 0.10953 0.11950 0.02979
v 0.10953 0.24944 0.01805
v 0.10953 0.24753 0.00722
v 0.10953 0.12141 0.04063
v 0.10953 0.12141 0.04063
v 0.10000 0.25039 0.02347
v 0.10953 0.24944 0.01805
v 0.10000 0.12237 0.04604
v 0.10000 0.12237 0.04604
v 0.09047 0.24944 0.01805
v 0.10000 0.25039 0.02347
v 0.09047 0.12141 0.04063
v 0.10953 0.24944 0.01805
v 0.10000 0.24657 0.00180
v 0.10953 0.24753 0.00722
v 0.09047 0.24944 0.01805
v 0.10000 0.25039 0.02347
v 0.09047 0.24753 0.00722
v 0.09047 0.12141 0.04063
v 0.09047 0.24753 0.00722
v 0.09047 0.24944 0.01805
v 0.09047 0.11950 0.02979
v 0.09047 0.11950 0.02979
v 0.10000 0.24657 0.00180
v 0.09047 0.24753 0.00722
v 0.10000 0.11855 0.02438
v 0.09047 0.11950 0.02979
v 0.10953 0.11950 0.02979
v 0.10000 0.11855 0.02438
v 0.10000 0.12237 0.04604
v 0.09047 0.12141 0.04063
v 0.10953 0.12141 0.04063
vn 0.8581 -0.4123 0.3062
vn 0.8581 -0.4123 0.3062
vn 0.8581 -0.4123 0.3062
vn 0.8581 -0.4123 0.3062
vn 0.7071 0.1228 0.6964
vn 0.7071 0.1228 0.6964
vn 0.7071 0.1228 0.6964
vn 0.7071 0.1228 0.6964
vn 0.2563 0.0310 0.9661
vn 0.2563 0.0310 0.9661
vn 0.2563 0.0310 0.9661
vn 0.2563 0.0310 0.9661
vn -0.2330 0.5797 0.7808
vn -0.2330 0.5797 0.7808
vn -0.2330 0.5797 0.7808
vn -0.2330 0.5797 0.7808
vn -0.0000 0.8192 0.5736
vn -0.0000 0.8192 0.5736
vn -0.0000 0.8192 0.5736
vn -0.0000 0.8192 0.5736
vn -0.0000 0.8192 0.5736
vn -0.0000 0.8192 0.5736
vn 0.0000 0.9848 -0.1737
vn 0.0000 0.9848 -0.1737
vn 0.0000 0.9848 -0.1737
vn 0.0000 0.9848 -0.1737
vn -0.4681 0.8832 -0.0284
vn -0.4681 0.8832 -0.0284
vn -0.4681 0.8832 -0.0284
vn -0.4681 0.8832 -0.0284
vn -0.0000 -0.5736 0.8191
vn -0.0000 -0.5736 0.8191
vn -0.0000 -0.5736 0.8191
vn -0.0000 -0.5736 0.8191
vn -0.0000 -0.5736 0.8191
vn -0.0000 -0.5736 0.8191
f 1754//1754 1756//1756 1755//1755
f 1754//1754 1755//1755 1757//1757
f 1758//1758 1760//1760 1759//1759
f 1758//1758 1759//1759 1761//1761
f 1762//1762 1764//1764 1763//1763
f 1762//1762 1763//1763 1765//1765
f 1766//1766 1768//1768 1767//1767
f 1766//1766 1767//1767 1769//1769
f 1770//1770 1772//1772 1771//1771
f 1771//1771 1773//1773 1770//1770
f 1773//1773 1774//1774 1770//1770
f 1771//1771 1775//1775 1773//1773
f 1776//1776 1778//1778 1777//1777
f 1776//1776 1777//1777 1779//1779
f 1780//1780 1782//1782 1781//1781
f 1780//1780 1781//1781 1783//1783
f 1784//1784 1786//1786 1785//1785
f 1785//1785 1787//1787 1784//1784
f 1787//1787 1788//1788 1784//1784
f 1785//1785 1789//1789 1787//1787
g tool_metal_dark
usemtl metal_dark
v 0.13500 0.24668 0.03123
v 0.06500 0.27229 0.02672
v 0.13500 0.27229 0.02672
v 0.06500 0.24668 0.03123
v 0.14000 0.24130 0.00070
v 0.14000 0.27142 0.02179
v 0.14000 0.26690 -0.00381
v 0.14000 0.24581 0.02631
v 0.13500 0.27183 -0.00468
v 0.06500 0.27634 0.02092
v 0.06500 0.27183 -0.00468
v 0.13500 0.27634 0.02092
v 0.06000 0.24581 0.02631
v 0.06000 0.26690 -0.00381
v 0.06000 0.27142 0.02179
v 0.06000 0.24130 0.00070
v 0.06500 0.24043 -0.00422
v 0.13500 0.26604 -0.00874
v 0.06500 0.26604 -0.00874
v 0.13500 0.24043 -0.00422
v 0.06500 0.24089 0.02717
v 0.06000 0.24581 0.02631
v 0.06500 0.24668 0.03123
v 0.06500 0.27229 0.02672
v 0.06000 0.27142 0.02179
v 0.06500 0.27634 0.02092
v 0.06500 0.23638 0.00157
v 0.06500 0.24043 -0.00422
v 0.06000 0.24130 0.00070
v 0.06500 0.27183 -0.00468
v 0.06000 0.26690 -0.00381
v 0.06500 0.26604 -0.00874
v 0.13500 0.24089 0.02717
v 0.13500 0.24668 0.03123
v 0.14000 0.24581 0.02631
v 0.13500 0.27634 0.02092
v 0.14000 0.27142 0.02179
v 0.13500 0.27229 0.02672
v 0.13500 0.23638 0.00157
v 0.14000 0.24130 0.00070
v 0.13500 0.24043 -0.00422
v 0.13500 0.27183 -0.00468
v 0.13500 0.26604 -0.00874
v 0.14000 0.26690 -0.00381
v 0.06500 0.23638 0.00157
v 0.06000 0.24581 0.02631
v 0.06500 0.24089 0.02717
v 0.06000 0.24130 0.00070
v 0.06500 0.24668 0.03123
v 0.06000 0.27142 0.02179
v 0.06500 0.27229 0.02672
v 0.06000 0.24581 0.02631
v 0.06500 0.27634 0.02092
v 0.06000 0.26690 -0.00381
v 0.06500 0.27183 -0.00468
v 0.06000 0.27142 0.02179
v 0.06500 0.26604 -0.00874
v 0.06000 0.24130 0.00070
v 0.06500 0.24043 -0.00422
v 0.06000 0.26690 -0.00381
v 0.13500 0.23638 0.00157
v 0.06500 0.24043 -0.00422
v 0.06500 0.23638 0.00157
v 0.13500 0.24043 -0.00422
v 0.06500 0.27183 -0.00468
v 0.13500 0.26604 -0.00874
v 0.13500 0.27183 -0.00468
v 0.06500 0.26604 -0.00874
v 0.14000 0.26690 -0.00381
v 0.13500 0.24043 -0.00422
v 0.14000 0.24130 0.00070
v 0.13500 0.26604 -0.00874
v 0.13500 0.24089 0.02717
v 0.14000 0.24130 0.00070
v 0.13500 0.23638 0.00157
v 0.14000 0.24581 0.02631
v 0.13500 0.27183 -0.00468
v 0.14000 0.27142 0.02179
v 0.13500 0.27634 0.02092
v 0.14000 0.26690 -0.00381
v 0.13500 0.27229 0.02672
v 0.14000 0.24581 0.02631
v 0.13500 0.24668 0.03123
v 0.14000 0.27142 0.02179
v 0.06500 0.24089 0.02717
v 0.13500 0.24668 0.03123
v 0.13500 0.24089 0.02717
v 0.06500 0.24668 0.03123
v 0.13500 0.27634 0.02092
v 0.06500 0.27229 0.02672
v 0.06500 0.27634 0.02092
v 0.13500 0.27229 0.02672
v 0.06500 0.23638 0.00157
v 0.13500 0.24089 0.02717
v 0.13500 0.23638 0.00157
v 0.06500 0.24089 0.02717
vn -0.0000 0.1736 0.9848
vn -0.0000 0.1736 0.9848
vn -0.0000 0.1736 0.9848
vn -0.0000 0.1736 0.9848
vn 1.0000 -0.0000 -0.0000
vn 1.0000 -0.0000 -0.0000
vn 1.0000 -0.0000 -0.0000
vn 1.0000 -0.0000 -0.0000
vn 0.0000 0.9848 -0.1737
vn 0.0000 0.9848 -0.1737
vn 0.0000 0.9848 -0.1737
vn 0.0000 0.9848 -0.1737
vn -1.0000 -0.0000 -0.0000
vn -1.0000 -0.0000 -0.0000
vn -1.0000 -0.0000 -0.0000
vn -1.0000 -0.0000 -0.0000
vn 0.0000 -0.1736 -0.9848
vn 0.0000 -0.1736 -0.9848
vn 0.0000 -0.1736 -0.9848
vn 0.0000 -0.1736 -0.9848
vn -0.5774 -0.4683 0.6688
vn -0.5774 -0.4683 0.6688
vn -0.5774 -0.4683 0.6688
vn -0.5773 0.6688 0.4684
vn -0.5773 0.6688 0.4684
vn -0.5773 0.6688 0.4684
vn -0.5774 -0.6688 -0.4684
vn -0.5774 -0.6688 -0.4684
vn -0.5774 -0.6688 -0.4684
vn -0.5773 0.4683 -0.6688
vn -0.5773 0.4683 -0.6688
vn -0.5773 0.4683 -0.6688
vn 0.5774 -0.4683 0.6689
vn 0.5774 -0.4683 0.6689
vn 0.5774 -0.4683 0.6689
vn 0.5772 0.6689 0.4684
vn 0.5772 0.6689 0.4684
vn 0.5772 0.6689 0.4684
vn 0.5774 -0.6688 -0.4683
vn 0.5774 -0.6688 -0.4683
vn 0.5774 -0.6688 -0.4683
vn 0.5773 0.4684 -0.6688
vn 0.5773 0.4684 -0.6688
vn 0.5773 0.4684 -0.6688
vn -0.7071 -0.6964 0.1227
vn -0.7071 -0.6964 0.1227
vn -0.7071 -0.6964 0.1227
vn -0.7071 -0.6964 0.1227
vn -0.7071 0.1228 0.6963
vn -0.7071 0.1228 0.6963
vn -0.7071 0.1228 0.6963
vn -0.7071 0.1228 0.6963
vn -0.7071 0.6963 -0.1228
vn -0.7071 0.6963 -0.1228
vn -0.7071 0.6963 -0.1228
vn -0.7071 0.6963 -0.1228
vn -0.7071 -0.1228 -0.6964
vn -0.7071 -0.1228 -0.6964
vn -0.7071 -0.1228 -0.6964
vn -0.7071 -0.1228 -0.6964
vn 0.0000 -0.8192 -0.5736
vn 0.0000 -0.8192 -0.5736
vn 0.0000 -0.8192 -0.5736
vn 0.0000 -0.8192 -0.5736
vn 0.0000 0.5736 -0.8191
vn 0.0000 0.5736 -0.8191
vn 0.0000 0.5736 -0.8191
vn 0.0000 0.5736 -0.8191
vn 0.7071 -0.1228 -0.6964
vn 0.7071 -0.1228 -0.6964
vn 0.7071 -0.1228 -0.6964
vn 0.7071 -0.1228 -0.6964
vn 0.7071 -0.6964 0.1228
vn 0.7071 -0.6964 0.1228
vn 0.7071 -0.6964 0.1228
vn 0.7071 -0.6964 0.1228
vn 0.7071 0.6964 -0.1228
vn 0.7071 0.6964 -0.1228
vn 0.7071 0.6964 -0.1228
vn 0.7071 0.6964 -0.1228
vn 0.7071 0.1228 0.6964
vn 0.7071 0.1228 0.6964
vn 0.7071 0.1228 0.6964
vn 0.7071 0.1228 0.6964
vn -0.0000 -0.5736 0.8191
vn -0.0000 -0.5736 0.8191
vn -0.0000 -0.5736 0.8191
vn -0.0000 -0.5736 0.8191
vn -0.0000 0.8192 0.5736
vn -0.0000 0.8192 0.5736
vn -0.0000 0.8192 0.5736
vn -0.0000 0.8192 0.5736
vn 0.0000 -0.9848 0.1736
vn 0.0000 -0.9848 0.1736
vn 0.0000 -0.9848 0.1736
vn 0.0000 -0.9848 0.1736
f 1790//1790 1792//1792 1791//1791
f 1790//1790 1791//1791 1793//1793
f 1794//1794 1796//1796 1795//1795
f 1794//1794 1795//1795 1797//1797
f 1798//1798 1800//1800 1799//1799
f 1798//1798 1799//1799 1801//1801
f 1802//1802 1804//1804 1803//1803
f 1802//1802 1803//1803 1805//1805
f 1806//1806 1808//1808 1807//1807
f 1806//1806 1807//1807 1809//1809
f 1810//1810 1812//1812 1811//1811
f 1813//1813 1815//1815 1814//1814
f 1816//1816 1818//1818 1817//1817
f 1819//1819 1821//1821 1820//1820
f 1822//1822 1824//1824 1823//1823
f 1825//1825 1827//1827 1826//1826
f 1828//1828 1830//1830 1829//1829
f 1831//1831 1833//1833 1832//1832
f 1834//1834 1836//1836 1835//1835
f 1834//1834 1835//1835 1837//1837
f 1838//1838 1840//1840 1839//1839
f 1838//1838 1839//1839 1841//1841
f 1842//1842 1844//1844 1843//1843
f 1842//1842 1843//1843 1845//1845
f 1846//1846 1848//1848 1847//1847
f 1846//1846 1847//1847 1849//1849
f 1850//1850 1852//1852 1851//1851
f 1850//1850 1851//1851 1853//1853
f 1854//1854 1856//1856 1855//1855
f 1854//1854 1855//1855 1857//1857
f 1858//1858 1860//1860 1859//1859
f 1858//1858 1859//1859 1861//1861
f 1862//1862 1864//1864 1863//1863
f 1862//1862 1863//1863 1865//1865
f 1866//1866 1868//1868 1867//1867
f 1866//1866 1867//1867 1869//1869
f 1870//1870 1872//1872 1871//1871
f 1870//1870 1871//1871 1873//1873
f 1874//1874 1876//1876 1875//1875
f 1874//1874 1875//1875 1877//1877
f 1878//1878 1880//1880 1879//1879
f 1878//1878 1879//1879 1881//1881
f 1882//1882 1884//1884 1883//1883
f 1882//1882 1883//1883 1885//1885
