mtllib great_work_4.mtl
o core
g core_stone
usemtl stone
v -0.12351 0.04999 -0.00000
v -0.12770 0.04400 0.00554
v -0.12770 0.04400 -0.00554
v 0.08733 0.00000 0.08733
v 0.08638 0.00600 0.09422
v 0.09422 0.00600 0.08638
v -0.08733 0.00000 -0.08733
v -0.08638 0.00600 -0.09422
v -0.09422 0.00600 -0.08638
v 0.12350 0.04999 -0.00000
v 0.12770 0.04400 -0.00554
v 0.12770 0.04400 0.00554
v -0.08733 0.04999 0.08733
v -0.08638 0.04400 0.09422
v -0.09422 0.04400 0.08638
v 0.12350 0.00000 -0.00000
v 0.12770 0.00600 0.00554
v 0.12770 0.00600 -0.00554
v -0.08733 0.00000 0.08733
v -0.09422 0.00600 0.08638
v -0.08638 0.00600 0.09422
v 0.08733 0.04999 -0.08733
v 0.08638 0.04400 -0.09422
v 0.09422 0.04400 -0.08638
v -0.00000 0.04999 0.12350
v 0.00554 0.04400 0.12770
v -0.00554 0.04400 0.12770
v 0.08733 0.00000 -0.08733
v 0.09422 0.00600 -0.08638
v 0.08638 0.00600 -0.09422
v -0.00000 0.00000 0.12350
v -0.00554 0.00600 0.12770
v 0.00554 0.00600 0.12770
v -0.00000 0.04999 -0.12351
v -0.00554 0.04400 -0.12770
v 0.00554 0.04400 -0.12770
v -0.00000 0.00000 -0.12351
v 0.00554 0.00600 -0.12770
v -0.00554 0.00600 -0.12770
v -0.12351 0.00000 -0.00000
v -0.12770 0.00600 -0.00554
v -0.12770 0.00600 0.00554
v 0.08733 0.04999 0.08733
v 0.09422 0.04400 0.08638
v 0.08638 0.04400 0.09422
v -0.08733 0.04999 -0.08733
v -0.09422 0.04400 -0.08638
v -0.08638 0.04400 -0.09422
v 0.00554 0.00600 -0.12770
v 0.08733 0.00000 -0.08733
v 0.08638 0.00600 -0.09422
v -0.00000 0.00000 -0.12351
v 0.08638 0.04400 -0.09422
v -0.00000 0.04999 -0.12351
v 0.00554 0.04400 -0.12770
v 0.08733 0.04999 -0.08733
v -0.00554 0.00600 -0.12770
v 0.00554 0.04400 -0.12770
v -0.00554 0.04400 -0.12770
v 0.00554 0.00600 -0.12770
v 0.09422 0.04400 -0.08638
v 0.08638 0.00600 -0.09422
v 0.09422 0.00600 -0.08638
v 0.08638 0.04400 -0.09422
v 0.09422 0.00600 -0.08638
v 0.12350 0.00000 -0.00000
v 0.12770 0.00600 -0.00554
v 0.08733 0.00000 -0.08733
v 0.12770 0.04400 -0.00554
v 0.08733 0.04999 -0.08733
v 0.09422 0.04400 -0.08638
v 0.12350 0.04999 -0.00000
v 0.12770 0.04400 0.00554
v 0.12770 0.00600 -0.00554
v 0.12770 0.00600 0.00554
v 0.12770 0.04400 -0.00554
v 0.12770 0.00600 0.00554
v 0.08733 0.00000 0.08733
v 0.09422 0.00600 0.08638
v 0.12350 0.00000 -0.00000
v 0.09422 0.04400 0.08638
v 0.12350 0.04999 -0.00000
v 0.12770 0.04400 0.00554
v 0.08733 0.04999 0.08733
v 0.08638 0.04400 0.09422
v 0.09422 0.00600 0.08638
v 0.08638 0.00600 0.09422
v 0.09422 0.04400 0.08638
v 0.08638 0.00600 0.09422
v -0.00000 0.00000 0.12350
v 0.00554 0.00600 0.12770
v 0.08733 0.00000 0.08733
v 0.00554 0.04400 0.12770
v 0.08733 0.04999 0.08733
v 0.08638 0.04400 0.09422
v -0.00000 0.04999 0.12350
v -0.00554 0.04400 0.12770
v 0.00554 0.00600 0.12770
v -0.00554 0.00600 0.12770
v 0.00554 0.04400 0.12770
v -0.00554 0.00600 0.12770
v -0.08733 0.00000 0.08733
v -0.08638 0.00600 0.09422
v -0.00000 0.00000 0.12350
v -0.08638 0.04400 0.09422
v -0.00000 0.04999 0.12350
v -0.00554 0.04400 0.12770
v -0.08733 0.04999 0.08733
v -0.09422 0.04400 0.08638
v -0.08638 0.00600 0.09422
v -0.09422 0.00600 0.08638
v -0.08638 0.04400 0.09422
v -0.09422 0.00600 0.08638
v -0.12351 0.00000 -0.00000
v -0.12770 0.00600 0.00554
v -0.08733 0.00000 0.08733
v -0.12770 0.04400 0.00554
v -0.08733 0.04999 0.08733
v -0.09422 0.04400 0.08638
v -0.12351 0.04999 -0.00000
v -0.12770 0.04400 -0.00554
v -0.12770 0.00600 0.00554
v -0.12770 0.00600 -0.00554
v -0.12770 0.04400 0.00554
v -0.12770 0.00600 -0.00554
v -0.08733 0.00000 -0.08733
v -0.09422 0.00600 -0.08638
v -0.12351 0.00000 -0.00000
v -0.09422 0.04400 -0.08638
v -0.12351 0.04999 -0.00000
v -0.12770 0.04400 -0.00554
v -0.08733 0.04999 -0.08733
v -0.08638 0.04400 -0.09422
v -0.09422 0.00600 -0.08638
v -0.08638 0.00600 -0.09422
v -0.09422 0.04400 -0.08638
v -0.08638 0.00600 -0.09422
v -0.00000 0.00000 -0.12351
v -0.00554 0.00600 -0.12770
v -0.08733 0.00000 -0.08733
v -0.00554 0.04400 -0.12770
v -0.08733 0.04999 -0.08733
v -0.08638 0.04400 -0.09422
v -0.00000 0.04999 -0.12351
v -0.08733 0.00000 -0.08733
v 0.08733 0.00000 -0.08733
v -0.00000 0.00000 -0.12351
v 0.08733 0.00000 0.08733
v 0.12350 0.00000 -0.00000
v -0.08733 0.00000 0.08733
v -0.12351 0.00000 -0.00000
v -0.00000 0.00000 0.12350
v 0.00554 0.00600 -0.12770
v 0.08638 0.04400 -0.09422
v 0.00554 0.04400 -0.12770
v 0.08638 0.00600 -0.09422
v -0.08638 0.00600 -0.09422
v -0.00554 0.04400 -0.12770
v -0.08638 0.04400 -0.09422
v -0.00554 0.00600 -0.12770
v 0.12350 0.04999 -0.00000
v -0.00000 0.04999 -0.12351
v 0.08733 0.04999 -0.08733
v -0.12351 0.04999 -0.00000
v -0.08733 0.04999 -0.08733
v -0.00000 0.04999 0.12350
v 0.08733 0.04999 0.08733
v -0.08733 0.04999 0.08733
v 0.09422 0.00600 -0.08638
v 0.12770 0.04400 -0.00554
v 0.09422 0.04400 -0.08638
v 0.12770 0.00600 -0.00554
v 0.12770 0.00600 0.00554
v 0.09422 0.04400 0.08638
v 0.12770 0.04400 0.00554
v 0.09422 0.00600 0.08638
v 0.08638 0.00600 0.09422
v 0.00554 0.04400 0.12770
v 0.08638 0.04400 0.09422
v 0.00554 0.00600 0.12770
v -0.00554 0.00600 0.12770
v -0.08638 0.04400 0.09422
v -0.00554 0.04400 0.12770
v -0.08638 0.00600 0.09422
v -0.09422 0.00600 0.08638
v -0.12770 0.04400 0.00554
v -0.09422 0.04400 0.08638
v -0.12770 0.00600 0.00554
v -0.12770 0.00600 -0.00554
v -0.09422 0.04400 -0.08638
v -0.12770 0.04400 -0.00554
v -0.09422 0.00600 -0.08638
v -0.07067 0.26999 -0.00000
v -0.07367 0.26600 0.00369
v -0.07367 0.26600 -0.00370
v 0.05704 0.07000 0.05704
v 0.05626 0.07399 0.06149
v 0.06149 0.07399 0.05626
v -0.05705 0.07000 -0.05705
v -0.05627 0.07399 -0.06150
v -0.06150 0.07399 -0.05627
v 0.07067 0.26999 -0.00000
v 0.07367 0.26600 -0.00370
v 0.07367 0.26600 0.00369
v -0.04997 0.26999 0.04997
v -0.04948 0.26600 0.05470
v -0.05471 0.26600 0.04948
v 0.08067 0.07000 -0.00000
v 0.08327 0.07399 0.00369
v 0.08327 0.07399 -0.00370
v -0.05705 0.07000 0.05704
v -0.06150 0.07399 0.05626
v -0.05627 0.07399 0.06149
v 0.04997 0.26999 -0.04997
v 0.04948 0.26600 -0.05471
v 0.05470 0.26600 -0.04948
v -0.00000 0.26999 0.07067
v 0.00369 0.26600 0.07367
v -0.00370 0.26600 0.07367
v 0.05704 0.07000 -0.05705
v 0.06149 0.07399 -0.05627
v 0.05626 0.07399 -0.06150
v -0.00000 0.07000 0.08067
v -0.00370 0.07399 0.08327
v 0.00369 0.07399 0.08327
v -0.00000 0.26999 -0.07067
v -0.00370 0.26600 -0.07367
v 0.00369 0.26600 -0.07367
v -0.00000 0.07000 -0.08067
v 0.00369 0.07399 -0.08327
v -0.00370 0.07399 -0.08327
v -0.08067 0.07000 -0.00000
v -0.08327 0.07399 -0.00370
v -0.08327 0.07399 0.00369
v 0.04997 0.26999 0.04997
v 0.05470 0.26600 0.04948
v 0.04948 0.26600 0.05470
v -0.04997 0.26999 -0.04997
v -0.05471 0.26600 -0.04948
v -0.04948 0.26600 -0.05471
v 0.00369 0.07399 -0.08327
v 0.05704 0.07000 -0.05705
v 0.05626 0.07399 -0.06150
v -0.00000 0.07000 -0.08067
v 0.04948 0.26600 -0.05471
v -0.00000 0.26999 -0.07067
v 0.00369 0.26600 -0.07367
v 0.04997 0.26999 -0.04997
v -0.00370 0.07399 -0.08327
v 0.00369 0.26600 -0.07367
v -0.00370 0.26600 -0.07367
v 0.00369 0.07399 -0.08327
v 0.05470 0.26600 -0.04948
v 0.05626 0.07399 -0.06150
v 0.06149 0.07399 -0.05627
v 0.04948 0.26600 -0.05471
v 0.06149 0.07399 -0.05627
v 0.08067 0.07000 -0.00000
v 0.08327 0.07399 -0.00370
v 0.05704 0.07000 -0.05705
v 0.07367 0.26600 -0.00370
v 0.04997 0.26999 -0.04997
v 0.05470 0.26600 -0.04948
v 0.07067 0.26999 -0.00000
v 0.07367 0.26600 0.00369
v 0.08327 0.07399 -0.00370
v 0.08327 0.07399 0.00369
v 0.07367 0.26600 -0.00370
v 0.08327 0.07399 0.00369
v 0.05704 0.07000 0.05704
v 0.06149 0.07399 0.05626
v 0.08067 0.07000 -0.00000
v 0.05470 0.26600 0.04948
v 0.07067 0.26999 -0.00000
v 0.07367 0.26600 0.00369
v 0.04997 0.26999 0.04997
v 0.04948 0.26600 0.05470
v 0.06149 0.07399 0.05626
v 0.05626 0.07399 0.06149
v 0.05470 0.26600 0.04948
v 0.05626 0.07399 0.06149
v -0.00000 0.07000 0.08067
v 0.00369 0.07399 0.08327
v 0.05704 0.07000 0.05704
v 0.00369 0.26600 0.07367
v 0.04997 0.26999 0.04997
v 0.04948 0.26600 0.05470
v -0.00000 0.26999 0.07067
v -0.00370 0.26600 0.07367
v 0.00369 0.07399 0.08327
v -0.00370 0.07399 0.08327
v 0.00369 0.26600 0.07367
v -0.00370 0.07399 0.08327
v -0.05705 0.07000 0.05704
v -0.05627 0.07399 0.06149
v -0.00000 0.07000 0.08067
v -0.04948 0.26600 0.05470
v -0.00000 0.26999 0.07067
v -0.00370 0.26600 0.07367
v -0.04997 0.26999 0.04997
v -0.05471 0.26600 0.04948
v -0.05627 0.07399 0.06149
v -0.06150 0.07399 0.05626
v -0.04948 0.26600 0.05470
v -0.06150 0.07399 0.05626
v -0.08067 0.07000 -0.00000
v -0.08327 0.07399 0.00369
v -0.05705 0.07000 0.05704
v -0.07367 0.26600 0.00369
v -0.04997 0.26999 0.04997
v -0.05471 0.26600 0.04948
v -0.07067 0.26999 -0.00000
v -0.07367 0.26600 -0.00370
v -0.08327 0.07399 0.00369
v -0.08327 0.07399 -0.00370
v -0.07367 0.26600 0.00369
v -0.08327 0.07399 -0.00370
v -0.05705 0.07000 -0.05705
v -0.06150 0.07399 -0.05627
v -0.08067 0.07000 -0.00000
v -0.05471 0.26600 -0.04948
v -0.07067 0.26999 -0.00000
v -0.07367 0.26600 -0.00370
v -0.04997 0.26999 -0.04997
v -0.04948 0.26600 -0.05471
v -0.06150 0.07399 -0.05627
v -0.05627 0.07399 -0.06150
v -0.05471 0.26600 -0.04948
v -0.05627 0.07399 -0.06150
v -0.00000 0.07000 -0.08067
v -0.00370 0.07399 -0.08327
v -0.05705 0.07000 -0.05705
v -0.00370 0.26600 -0.07367
v -0.04997 0.26999 -0.04997
v -0.04948 0.26600 -0.05471
v -0.00000 0.26999 -0.07067
v -0.05705 0.07000 -0.05705
v 0.05704 0.07000 -0.05705
v -0.00000 0.07000 -0.08067
v 0.05704 0.07000 0.05704
v 0.08067 0.07000 -0.00000
v -0.05705 0.07000 0.05704
v -0.08067 0.07000 -0.00000
v -0.00000 0.07000 0.08067
v 0.00369 0.07399 -0.08327
v 0.04948 0.26600 -0.05471
v 0.00369 0.26600 -0.07367
v 0.05626 0.07399 -0.06150
v -0.05627 0.07399 -0.06150
v -0.00370 0.26600 -0.07367
v -0.04948 0.26600 -0.05471
v -0.00370 0.07399 -0.08327
v 0.07067 0.26999 -0.00000
v -0.00000 0.26999 -0.07067
v 0.04997 0.26999 -0.04997
v -0.07067 0.26999 -0.00000
v -0.04997 0.26999 -0.04997
v -0.00000 0.26999 0.07067
v 0.04997 0.26999 0.04997
v -0.04997 0.26999 0.04997
v 0.06149 0.07399 -0.05627
v 0.07367 0.26600 -0.00370
v 0.05470 0.26600 -0.04948
v 0.08327 0.07399 -0.00370
v 0.08327 0.07399 0.00369
v 0.05470 0.26600 0.04948
v 0.07367 0.26600 0.00369
v 0.06149 0.07399 0.05626
v 0.05626 0.07399 0.06149
v 0.00369 0.26600 0.07367
v 0.04948 0.26600 0.05470
v 0.00369 0.07399 0.08327
v -0.00370 0.07399 0.08327
v -0.04948 0.26600 0.05470
v -0.00370 0.26600 0.07367
v -0.05627 0.07399 0.06149
v -0.06150 0.07399 0.05626
v -0.07367 0.26600 0.00369
v -0.05471 0.26600 0.04948
v -0.08327 0.07399 0.00369
v -0.08327 0.07399 -0.00370
v -0.05471 0.26600 -0.04948
v -0.07367 0.26600 -0.00370
v -0.06150 0.07399 -0.05627
v -0.05067 0.47000 -0.00000
v -0.05369 0.46600 0.00369
v -0.05369 0.46600 -0.00370
v 0.04290 0.29000 0.04290
v 0.04211 0.29399 0.04733
v 0.04733 0.29399 0.04211
v -0.04290 0.29000 -0.04290
v -0.04211 0.29399 -0.04734
v -0.04734 0.29399 -0.04211
v 0.05067 0.47000 -0.00000
v 0.05369 0.46600 -0.00370
v 0.05369 0.46600 0.00369
v -0.03583 0.47000 0.03583
v -0.03535 0.46600 0.04058
v -0.04058 0.46600 0.03535
v 0.06067 0.29000 -0.00000
v 0.06325 0.29399 0.00369
v 0.06325 0.29399 -0.00370
v -0.04290 0.29000 0.04290
v -0.04734 0.29399 0.04211
v -0.04211 0.29399 0.04733
v 0.03583 0.47000 -0.03583
v 0.03535 0.46600 -0.04058
v 0.04058 0.46600 -0.03535
v -0.00000 0.47000 0.05067
v 0.00369 0.46600 0.05369
v -0.00370 0.46600 0.05369
v 0.04290 0.29000 -0.04290
v 0.04733 0.29399 -0.04211
v 0.04211 0.29399 -0.04734
v -0.00000 0.29000 0.06067
v -0.00370 0.29399 0.06325
v 0.00369 0.29399 0.06325
v -0.00000 0.47000 -0.05067
v -0.00370 0.46600 -0.05369
v 0.00369 0.46600 -0.05369
v -0.00000 0.29000 -0.06067
v 0.00369 0.29399 -0.06325
v -0.00370 0.29399 -0.06325
v -0.06067 0.29000 -0.00000
v -0.06325 0.29399 -0.00370
v -0.06325 0.29399 0.00369
v 0.03583 0.47000 0.03583
v 0.04058 0.46600 0.03535
v 0.03535 0.46600 0.04058
v -0.03583 0.47000 -0.03583
v -0.04058 0.46600 -0.03535
v -0.03535 0.46600 -0.04058
v 0.00369 0.29399 -0.06325
v 0.04290 0.29000 -0.04290
v 0.04211 0.29399 -0.04734
v -0.00000 0.29000 -0.06067
v 0.03535 0.46600 -0.04058
v -0.00000 0.47000 -0.05067
v 0.00369 0.46600 -0.05369
v 0.03583 0.47000 -0.03583
v -0.00370 0.29399 -0.06325
v 0.00369 0.46600 -0.05369
v -0.00370 0.46600 -0.05369
v 0.00369 0.29399 -0.06325
v 0.04058 0.46600 -0.03535
v 0.04211 0.29399 -0.04734
v 0.04733 0.29399 -0.04211
v 0.03535 0.46600 -0.04058
v 0.04733 0.29399 -0.04211
v 0.06067 0.29000 -0.00000
v 0.06325 0.29399 -0.00370
v 0.04290 0.29000 -0.04290
v 0.05369 0.46600 -0.00370
v 0.03583 0.47000 -0.03583
v 0.04058 0.46600 -0.03535
v 0.05067 0.47000 -0.00000
v 0.05369 0.46600 0.00369
v 0.06325 0.29399 -0.00370
v 0.06325 0.29399 0.00369
v 0.05369 0.46600 -0.00370
v 0.06325 0.29399 0.00369
v 0.04290 0.29000 0.04290
v 0.04733 0.29399 0.04211
v 0.06067 0.29000 -0.00000
v 0.04058 0.46600 0.03535
v 0.05067 0.47000 -0.00000
v 0.05369 0.46600 0.00369
v 0.03583 0.47000 0.03583
v 0.03535 0.46600 0.04058
v 0.04733 0.29399 0.04211
v 0.04211 0.29399 0.04733
v 0.04058 0.46600 0.03535
v 0.04211 0.29399 0.04733
v -0.00000 0.29000 0.06067
v 0.00369 0.29399 0.06325
v 0.04290 0.29000 0.04290
v 0.00369 0.46600 0.05369
v 0.03583 0.47000 0.03583
v 0.03535 0.46600 0.04058
v -0.00000 0.47000 0.05067
v -0.00370 0.46600 0.05369
v 0.00369 0.29399 0.06325
v -0.00370 0.29399 0.06325
v 0.00369 0.46600 0.05369
v -0.00370 0.29399 0.06325
v -0.04290 0.29000 0.04290
v -0.04211 0.29399 0.04733
v -0.00000 0.29000 0.06067
v -0.03535 0.46600 0.04058
v -0.00000 0.47000 0.05067
v -0.00370 0.46600 0.05369
v -0.03583 0.47000 0.03583
v -0.04058 0.46600 0.03535
v -0.04211 0.29399 0.04733
v -0.04734 0.29399 0.04211
v -0.03535 0.46600 0.04058
v -0.04734 0.29399 0.04211
v -0.06067 0.29000 -0.00000
v -0.06325 0.29399 0.00369
v -0.04290 0.29000 0.04290
v -0.05369 0.46600 0.00369
v -0.03583 0.47000 0.03583
v -0.04058 0.46600 0.03535
v -0.05067 0.47000 -0.00000
v -0.05369 0.46600 -0.00370
v -0.06325 0.29399 0.00369
v -0.06325 0.29399 -0.00370
v -0.05369 0.46600 0.00369
v -0.06325 0.29399 -0.00370
v -0.04290 0.29000 -0.04290
v -0.04734 0.29399 -0.04211
v -0.06067 0.29000 -0.00000
v -0.04058 0.46600 -0.03535
v -0.05067 0.47000 -0.00000
v -0.05369 0.46600 -0.00370
v -0.03583 0.47000 -0.03583
v -0.03535 0.46600 -0.04058
v -0.04734 0.29399 -0.04211
v -0.04211 0.29399 -0.04734
v -0.04058 0.46600 -0.03535
v -0.04211 0.29399 -0.04734
v -0.00000 0.29000 -0.06067
v -0.00370 0.29399 -0.06325
v -0.04290 0.29000 -0.04290
v -0.00370 0.46600 -0.05369
v -0.03583 0.47000 -0.03583
v -0.03535 0.46600 -0.04058
v -0.00000 0.47000 -0.05067
v -0.04290 0.29000 -0.04290
v 0.04290 0.29000 -0.04290
v -0.00000 0.29000 -0.06067
v 0.04290 0.29000 0.04290
v 0.06067 0.29000 -0.00000
v -0.04290 0.29000 0.04290
v -0.06067 0.29000 -0.00000
v -0.00000 0.29000 0.06067
v 0.00369 0.29399 -0.06325
v 0.03535 0.46600 -0.04058
v 0.00369 0.46600 -0.05369
v 0.04211 0.29399 -0.04734
v -0.04211 0.29399 -0.04734
v -0.00370 0.46600 -0.05369
v -0.03535 0.46600 -0.04058
v -0.00370 0.29399 -0.06325
v 0.05067 0.47000 -0.00000
v -0.00000 0.47000 -0.05067
v 0.03583 0.47000 -0.03583
v -0.05067 0.47000 -0.00000
v -0.03583 0.47000 -0.03583
v -0.00000 0.47000 0.05067
v 0.03583 0.47000 0.03583
v -0.03583 0.47000 0.03583
v 0.04733 0.29399 -0.04211
v 0.05369 0.46600 -0.00370
v 0.04058 0.46600 -0.03535
v 0.06325 0.29399 -0.00370
v 0.06325 0.29399 0.00369
v 0.04058 0.46600 0.03535
v 0.05369 0.46600 0.00369
v 0.04733 0.29399 0.04211
v 0.04211 0.29399 0.04733
v 0.00369 0.46600 0.05369
v 0.03535 0.46600 0.04058
v 0.00369 0.29399 0.06325
v -0.00370 0.29399 0.06325
v -0.03535 0.46600 0.04058
v -0.00370 0.46600 0.05369
v -0.04211 0.29399 0.04733
v -0.04734 0.29399 0.04211
v -0.05369 0.46600 0.00369
v -0.04058 0.46600 0.03535
v -0.06325 0.29399 0.00369
v -0.06325 0.29399 -0.00370
v -0.04058 0.46600 -0.03535
v -0.05369 0.46600 -0.00370
v -0.04734 0.29399 -0.04211
vn -0.0410 0.8519 0.5221
vn -0.0410 0.8519 0.5221
vn -0.0410 0.8519 0.5221
vn 0.1888 -0.4497 0.8730
vn 0.1888 -0.4497 0.8730
vn 0.1888 -0.4497 0.8730
vn -0.1258 0.9464 -0.2974
vn -0.1258 0.9464 -0.2974
vn -0.1258 0.9464 -0.2974
vn -0.5595 -0.4330 -0.7067
vn -0.5595 -0.4330 -0.7067
vn -0.5595 -0.4330 -0.7067
vn 0.0839 0.6432 0.7611
vn 0.0839 0.6432 0.7611
vn 0.0839 0.6432 0.7611
vn 0.5595 -0.4331 0.7067
vn 0.5595 -0.4331 0.7067
vn 0.5595 -0.4331 0.7067
vn -0.7663 0.5931 0.2472
vn -0.7663 0.5931 0.2472
vn -0.7663 0.5931 0.2472
vn 0.9453 -0.1256 0.3012
vn 0.9453 -0.1256 0.3012
vn 0.9453 -0.1256 0.3012
vn 0.1992 0.2945 0.9347
vn 0.1992 0.2945 0.9347
vn 0.1992 0.2945 0.9347
vn -0.7085 0.5390 -0.4556
vn -0.7085 0.5390 -0.4556
vn -0.7085 0.5390 -0.4556
vn -0.1992 -0.2946 0.9346
vn -0.1992 -0.2946 0.9346
vn -0.1992 -0.2946 0.9346
vn 0.5420 -0.8015 -0.2526
vn 0.5420 -0.8015 -0.2526
vn 0.5420 -0.8015 -0.2526
vn -0.5421 0.8015 -0.2526
vn -0.5421 0.8015 -0.2526
vn -0.5421 0.8015 -0.2526
vn 0.0411 0.8519 -0.5220
vn 0.0411 0.8519 -0.5220
vn 0.0411 0.8519 -0.5220
vn 0.3681 0.2787 0.8870
vn 0.3681 0.2787 0.8870
vn 0.3681 0.2787 0.8870
vn -0.3459 0.8341 0.4297
vn -0.3459 0.8341 0.4297
vn -0.3459 0.8341 0.4297
vn -0.5539 0.7289 -0.4024
vn -0.5539 0.7289 -0.4024
vn -0.5539 0.7289 -0.4024
vn -0.5539 0.7289 -0.4024
vn 0.3717 -0.8740 -0.3130
vn 0.3717 -0.8740 -0.3130
vn 0.3717 -0.8740 -0.3130
vn 0.3717 -0.8740 -0.3130
vn -0.7071 0.7071 -0.0000
vn -0.7071 0.7071 -0.0000
vn -0.7071 0.7071 -0.0000
vn -0.7071 0.7071 -0.0000
vn 0.8864 -0.2818 0.3672
vn 0.8864 -0.2818 0.3672
vn 0.8864 -0.2818 0.3672
vn 0.8864 -0.2818 0.3672
vn -0.5621 0.5654 -0.6036
vn -0.5621 0.5654 -0.6036
vn -0.5621 0.5654 -0.6036
vn -0.5621 0.5654 -0.6036
vn -0.4517 -0.6604 -0.5999
vn -0.4517 -0.6604 -0.5999
vn -0.4517 -0.6604 -0.5999
vn -0.4517 -0.6604 -0.5999
vn 0.7071 -0.0000 0.7071
vn 0.7071 -0.0000 0.7071
vn 0.7071 -0.0000 0.7071
vn 0.7071 -0.0000 0.7071
vn 0.3008 -0.5359 0.7889
vn 0.3008 -0.5359 0.7889
vn 0.3008 -0.5359 0.7889
vn 0.3008 -0.5359 0.7889
vn -0.3998 -0.4527 -0.7970
vn -0.3998 -0.4527 -0.7970
vn -0.3998 -0.4527 -0.7970
vn -0.3998 -0.4527 -0.7970
vn 0.3799 -0.1208 0.9171
vn 0.3799 -0.1208 0.9171
vn 0.3799 -0.1208 0.9171
vn 0.3799 -0.1208 0.9171
vn -0.0400 -0.4522 0.8910
vn -0.0400 -0.4522 0.8910
vn -0.0400 -0.4522 0.8910
vn -0.0400 -0.4522 0.8910
vn 0.2559 0.3448 0.9031
vn 0.2559 0.3448 0.9031
vn 0.2559 0.3448 0.9031
vn 0.2559 0.3448 0.9031
vn -0.0000 -0.0000 1.0000
vn -0.0000 -0.0000 1.0000
vn -0.0000 -0.0000 1.0000
vn -0.0000 -0.0000 1.0000
vn -0.3094 -0.3206 0.8952
vn -0.3094 -0.3206 0.8952
vn -0.3094 -0.3206 0.8952
vn -0.3094 -0.3206 0.8952
vn 0.1398 0.4785 0.8669
vn 0.1398 0.4785 0.8669
vn 0.1398 0.4785 0.8669
vn 0.1398 0.4785 0.8669
vn -0.2445 0.7693 0.5903
vn -0.2445 0.7693 0.5903
vn -0.2445 0.7693 0.5903
vn -0.2445 0.7693 0.5903
vn 0.0984 0.6691 -0.7366
vn 0.0984 0.6691 -0.7366
vn 0.0984 0.6691 -0.7366
vn 0.0984 0.6691 -0.7366
vn 0.0266 0.7295 0.6834
vn 0.0266 0.7295 0.6834
vn 0.0266 0.7295 0.6834
vn 0.0266 0.7295 0.6834
vn 0.0000 1.0000 -0.0000
vn 0.0000 1.0000 -0.0000
vn 0.0000 1.0000 -0.0000
vn 0.0000 1.0000 -0.0000
vn 0.0195 0.8693 -0.4938
vn 0.0195 0.8693 -0.4938
vn 0.0195 0.8693 -0.4938
vn 0.0195 0.8693 -0.4938
vn -0.1938 0.8115 0.5513
vn -0.1938 0.8115 0.5513
vn -0.1938 0.8115 0.5513
vn -0.1938 0.8115 0.5513
vn -0.3006 0.9456 0.1245
vn -0.3006 0.9456 0.1245
vn -0.3006 0.9456 0.1245
vn -0.3006 0.9456 0.1245
vn -0.2530 0.9038 -0.3452
vn -0.2530 0.9038 -0.3452
vn -0.2530 0.9038 -0.3452
vn -0.2530 0.9038 -0.3452
vn 0.3987 -0.8178 -0.4150
vn 0.3987 -0.8178 -0.4150
vn 0.3987 -0.8178 -0.4150
vn 0.3987 -0.8178 -0.4150
vn -0.0000 -0.7071 0.7071
vn -0.0000 -0.7071 0.7071
vn -0.0000 -0.7071 0.7071
vn -0.0000 -0.7071 0.7071
vn -0.0000 -0.7071 0.7071
vn -0.0000 -0.7071 0.7071
vn -0.0000 -0.7071 0.7071
vn -0.0000 -0.7071 0.7071
vn 0.8279 -0.5362 0.1647
vn 0.8279 -0.5362 0.1647
vn 0.8279 -0.5362 0.1647
vn 0.8279 -0.5362 0.1647
vn -0.5404 0.8345 0.1075
vn -0.5404 0.8345 0.1075
vn -0.5404 0.8345 0.1075
vn -0.5404 0.8345 0.1075
vn -0.0000 0.7071 0.7071
vn -0.0000 0.7071 0.7071
vn -0.0000 0.7071 0.7071
vn -0.0000 0.7071 0.7071
vn -0.0000 0.7071 0.7071
vn -0.0000 0.7071 0.7071
vn -0.0000 0.7071 0.7071
vn -0.0000 0.7071 0.7071
vn 0.8297 -0.0654 0.5544
vn 0.8297 -0.0654 0.5544
vn 0.8297 -0.0654 0.5544
vn 0.8297 -0.0654 0.5544
vn 0.5550 -0.0437 0.8307
vn 0.5550 -0.0437 0.8307
vn 0.5550 -0.0437 0.8307
vn 0.5550 -0.0437 0.8307
vn 0.1935 -0.1254 0.9731
vn 0.1935 -0.1254 0.9731
vn 0.1935 -0.1254 0.9731
vn 0.1935 -0.1254 0.9731
vn -0.1868 0.2884 0.9391
vn -0.1868 0.2884 0.9391
vn -0.1868 0.2884 0.9391
vn -0.1868 0.2884 0.9391
vn -0.0780 0.9901 0.1167
vn -0.0780 0.9901 0.1167
vn -0.0780 0.9901 0.1167
vn -0.0780 0.9901 0.1167
vn -0.0784 0.9955 0.0524
vn -0.0784 0.9955 0.0524
vn -0.0784 0.9955 0.0524
vn -0.0784 0.9955 0.0524
vn -0.0461 0.8398 0.5409
vn -0.0461 0.8398 0.5409
vn -0.0461 0.8398 0.5409
vn 0.2013 -0.4363 0.8770
vn 0.2013 -0.4363 0.8770
vn 0.2013 -0.4363 0.8770
vn -0.1343 0.9518 -0.2758
vn -0.1343 0.9518 -0.2758
vn -0.1343 0.9518 -0.2758
vn -0.5418 -0.4551 -0.7067
vn -0.5418 -0.4551 -0.7067
vn -0.5418 -0.4551 -0.7067
vn 0.0874 0.6368 0.7661
vn 0.0874 0.6368 0.7661
vn 0.0874 0.6368 0.7661
vn 0.5765 -0.4100 0.7068
vn 0.5765 -0.4100 0.7068
vn 0.5765 -0.4100 0.7068
vn -0.7451 0.6118 0.2656
vn -0.7451 0.6118 0.2656
vn -0.7451 0.6118 0.2656
vn -0.1144 -0.9131 -0.3914
vn -0.1144 -0.9131 -0.3914
vn -0.1144 -0.9131 -0.3914
vn 0.2003 0.3099 0.9294
vn 0.2003 0.3099 0.9294
vn 0.2003 0.3099 0.9294
vn -0.7260 0.5213 -0.4486
vn -0.7260 0.5213 -0.4486
vn -0.7260 0.5213 -0.4486
vn -0.1969 -0.2788 0.9399
vn -0.1969 -0.2788 0.9399
vn -0.1969 -0.2788 0.9399
vn 0.5227 -0.8087 -0.2696
vn 0.5227 -0.8087 -0.2696
vn 0.5227 -0.8087 -0.2696
vn -0.5608 0.7938 -0.2354
vn -0.5608 0.7938 -0.2354
vn -0.5608 0.7938 -0.2354
vn 0.0360 0.8645 -0.5014
vn 0.0360 0.8645 -0.5014
vn 0.0360 0.8645 -0.5014
vn 0.3614 0.2987 0.8833
vn 0.3614 0.2987 0.8833
vn 0.3614 0.2987 0.8833
vn -0.3415 0.8298 0.4414
vn -0.3415 0.8298 0.4414
vn -0.3415 0.8298 0.4414
vn -0.5708 0.7209 -0.3931
vn -0.5708 0.7209 -0.3931
vn -0.5708 0.7209 -0.3931
vn -0.5708 0.7209 -0.3931
vn 0.3453 -0.8779 -0.3318
vn 0.3453 -0.8779 -0.3318
vn 0.3453 -0.8779 -0.3318
vn 0.3453 -0.8779 -0.3318
vn 0.7061 -0.7079 -0.0177
vn 0.7061 -0.7079 -0.0177
vn 0.7061 -0.7079 -0.0177
vn 0.7061 -0.7079 -0.0177
vn 0.8934 -0.2662 0.3620
vn 0.8934 -0.2662 0.3620
vn 0.8934 -0.2662 0.3620
vn 0.8934 -0.2662 0.3620
vn -0.5783 0.5516 -0.6010
vn -0.5783 0.5516 -0.6010
vn -0.5783 0.5516 -0.6010
vn -0.5783 0.5516 -0.6010
vn -0.4263 -0.6755 -0.6017
vn -0.4263 -0.6755 -0.6017
vn -0.4263 -0.6755 -0.6017
vn -0.4263 -0.6755 -0.6017
vn -0.7062 -0.0359 -0.7071
vn -0.7062 -0.0359 -0.7071
vn -0.7062 -0.0359 -0.7071
vn -0.7062 -0.0359 -0.7071
vn 0.3124 -0.5260 0.7910
vn 0.3124 -0.5260 0.7910
vn 0.3124 -0.5260 0.7910
vn 0.3124 -0.5260 0.7910
vn -0.3898 -0.4647 -0.7950
vn -0.3898 -0.4647 -0.7950
vn -0.3898 -0.4647 -0.7950
vn -0.3898 -0.4647 -0.7950
vn 0.3878 -0.0877 0.9176
vn 0.3878 -0.0877 0.9176
vn 0.3878 -0.0877 0.9176
vn 0.3878 -0.0877 0.9176
vn -0.0367 -0.4447 0.8949
vn -0.0367 -0.4447 0.8949
vn -0.0367 -0.4447 0.8949
vn -0.0367 -0.4447 0.8949
vn 0.2518 0.3580 0.8992
vn 0.2518 0.3580 0.8992
vn 0.2518 0.3580 0.8992
vn 0.2518 0.3580 0.8992
vn 0.0249 0.0249 0.9994
vn 0.0249 0.0249 0.9994
vn 0.0249 0.0249 0.9994
vn 0.0249 0.0249 0.9994
vn -0.3198 -0.3032 0.8977
vn -0.3198 -0.3032 0.8977
vn -0.3198 -0.3032 0.8977
vn -0.3198 -0.3032 0.8977
vn 0.1384 0.4832 0.8645
vn 0.1384 0.4832 0.8645
vn 0.1384 0.4832 0.8645
vn 0.1384 0.4832 0.8645
vn -0.2005 0.7650 0.6120
vn -0.2005 0.7650 0.6120
vn -0.2005 0.7650 0.6120
vn -0.2005 0.7650 0.6120
vn 0.0890 0.6780 -0.7296
vn 0.0890 0.6780 -0.7296
vn 0.0890 0.6780 -0.7296
vn 0.0890 0.6780 -0.7296
vn 0.0235 0.7230 0.6904
vn 0.0235 0.7230 0.6904
vn 0.0235 0.7230 0.6904
vn 0.0235 0.7230 0.6904
vn -0.0000 0.9988 0.0499
vn -0.0000 0.9988 0.0499
vn -0.0000 0.9988 0.0499
vn -0.0000 0.9988 0.0499
vn 0.0176 0.8756 -0.4827
vn 0.0176 0.8756 -0.4827
vn 0.0176 0.8756 -0.4827
vn 0.0176 0.8756 -0.4827
vn -0.1935 0.8063 0.5589
vn -0.1935 0.8063 0.5589
vn -0.1935 0.8063 0.5589
vn -0.1935 0.8063 0.5589
vn -0.3126 0.9368 0.1568
vn -0.3126 0.9368 0.1568
vn -0.3126 0.9368 0.1568
vn -0.3126 0.9368 0.1568
vn -0.2639 0.9059 -0.3313
vn -0.2639 0.9059 -0.3313
vn -0.2639 0.9059 -0.3313
vn -0.2639 0.9059 -0.3313
vn 0.3886 -0.8181 -0.4239
vn 0.3886 -0.8181 -0.4239
vn 0.3886 -0.8181 -0.4239
vn 0.3886 -0.8181 -0.4239
vn -0.0000 -0.7071 0.7071
vn -0.0000 -0.7071 0.7071
vn -0.0000 -0.7071 0.7071
vn -0.0000 -0.7071 0.7071
vn -0.0000 -0.7071 0.7071
vn -0.0000 -0.7071 0.7071
vn -0.0000 -0.7071 0.7071
vn -0.0000 -0.7071 0.7071
vn 0.8292 -0.5379 0.1519
vn 0.8292 -0.5379 0.1519
vn 0.8292 -0.5379 0.1519
vn 0.8292 -0.5379 0.1519
vn -0.5443 0.8290 0.1281
vn -0.5443 0.8290 0.1281
vn -0.5443 0.8290 0.1281
vn -0.5443 0.8290 0.1281
vn -0.0000 0.7071 0.7071
vn -0.0000 0.7071 0.7071
vn -0.0000 0.7071 0.7071
vn -0.0000 0.7071 0.7071
vn -0.0000 0.7071 0.7071
vn -0.0000 0.7071 0.7071
vn -0.0000 0.7071 0.7071
vn -0.0000 0.7071 0.7071
vn 0.8317 -0.0347 0.5542
vn 0.8317 -0.0347 0.5542
vn 0.8317 -0.0347 0.5542
vn 0.8317 -0.0347 0.5542
vn 0.5566 -0.0114 0.8307
vn 0.5566 -0.0114 0.8307
vn 0.5566 -0.0114 0.8307
vn 0.5566 -0.0114 0.8307
vn 0.2083 -0.0997 0.9730
vn 0.2083 -0.0997 0.9730
vn 0.2083 -0.0997 0.9730
vn 0.2083 -0.0997 0.9730
vn -0.1520 0.3096 0.9386
vn -0.1520 0.3096 0.9386
vn -0.1520 0.3096 0.9386
vn -0.1520 0.3096 0.9386
vn -0.0640 0.9835 0.1689
vn -0.0640 0.9835 0.1689
vn -0.0640 0.9835 0.1689
vn -0.0640 0.9835 0.1689
vn -0.0869 0.9921 0.0911
vn -0.0869 0.9921 0.0911
vn -0.0869 0.9921 0.0911
vn -0.0869 0.9921 0.0911
vn -0.0467 0.8385 0.5429
vn -0.0467 0.8385 0.5429
vn -0.0467 0.8385 0.5429
vn 0.2026 -0.4347 0.8775
vn 0.2026 -0.4347 0.8775
vn 0.2026 -0.4347 0.8775
vn -0.1353 0.9523 -0.2734
vn -0.1353 0.9523 -0.2734
vn -0.1353 0.9523 -0.2734
vn -0.5399 -0.4574 -0.7066
vn -0.5399 -0.4574 -0.7066
vn -0.5399 -0.4574 -0.7066
vn 0.0878 0.6361 0.7666
vn 0.0878 0.6361 0.7666
vn 0.0878 0.6361 0.7666
vn 0.5783 -0.4074 0.7068
vn 0.5783 -0.4074 0.7068
vn 0.5783 -0.4074 0.7068
vn -0.7427 0.6138 0.2676
vn -0.7427 0.6138 0.2676
vn -0.7427 0.6138 0.2676
vn -0.1135 -0.9125 -0.3929
vn -0.1135 -0.9125 -0.3929
vn -0.1135 -0.9125 -0.3929
vn 0.2004 0.3116 0.9289
vn 0.2004 0.3116 0.9289
vn 0.2004 0.3116 0.9289
vn -0.7278 0.5194 -0.4479
vn -0.7278 0.5194 -0.4479
vn -0.7278 0.5194 -0.4479
vn -0.1967 -0.2770 0.9405
vn -0.1967 -0.2770 0.9405
vn -0.1967 -0.2770 0.9405
vn 0.5205 -0.8095 -0.2715
vn 0.5205 -0.8095 -0.2715
vn 0.5205 -0.8095 -0.2715
vn -0.5629 0.7929 -0.2335
vn -0.5629 0.7929 -0.2335
vn -0.5629 0.7929 -0.2335
vn 0.0354 0.8659 -0.4990
vn 0.0354 0.8659 -0.4990
vn 0.0354 0.8659 -0.4990
vn 0.3606 0.3009 0.8828
vn 0.3606 0.3009 0.8828
vn 0.3606 0.3009 0.8828
vn -0.3410 0.8293 0.4428
vn -0.3410 0.8293 0.4428
vn -0.3410 0.8293 0.4428
vn -0.5726 0.7199 -0.3921
vn -0.5726 0.7199 -0.3921
vn -0.5726 0.7199 -0.3921
vn -0.5726 0.7199 -0.3921
vn 0.3425 -0.8782 -0.3339
vn 0.3425 -0.8782 -0.3339
vn 0.3425 -0.8782 -0.3339
vn 0.3425 -0.8782 -0.3339
vn 0.7059 -0.7081 -0.0197
vn 0.7059 -0.7081 -0.0197
vn 0.7059 -0.7081 -0.0197
vn 0.7059 -0.7081 -0.0197
vn 0.8941 -0.2645 0.3614
vn 0.8941 -0.2645 0.3614
vn 0.8941 -0.2645 0.3614
vn 0.8941 -0.2645 0.3614
vn -0.5801 0.5501 -0.6007
vn -0.5801 0.5501 -0.6007
vn -0.5801 0.5501 -0.6007
vn -0.5801 0.5501 -0.6007
vn -0.4235 -0.6770 -0.6019
vn -0.4235 -0.6770 -0.6019
vn -0.4235 -0.6770 -0.6019
vn -0.4235 -0.6770 -0.6019
vn -0.7060 -0.0389 -0.7071
vn -0.7060 -0.0389 -0.7071
vn -0.7060 -0.0389 -0.7071
vn -0.7060 -0.0389 -0.7071
vn 0.3137 -0.5249 0.7912
vn 0.3137 -0.5249 0.7912
vn 0.3137 -0.5249 0.7912
vn 0.3137 -0.5249 0.7912
vn -0.3887 -0.4660 -0.7948
vn -0.3887 -0.4660 -0.7948
vn -0.3887 -0.4660 -0.7948
vn -0.3887 -0.4660 -0.7948
vn 0.3886 -0.0840 0.9176
vn 0.3886 -0.0840 0.9176
vn 0.3886 -0.0840 0.9176
vn 0.3886 -0.0840 0.9176
vn -0.0364 -0.4439 0.8953
vn -0.0364 -0.4439 0.8953
vn -0.0364 -0.4439 0.8953
vn -0.0364 -0.4439 0.8953
vn 0.2513 0.3594 0.8987
vn 0.2513 0.3594 0.8987
vn 0.2513 0.3594 0.8987
vn 0.2513 0.3594 0.8987
vn 0.0276 0.0277 0.9992
vn 0.0276 0.0277 0.9992
vn 0.0276 0.0277 0.9992
vn 0.0276 0.0277 0.9992
vn -0.3209 -0.3012 0.8979
vn -0.3209 -0.3012 0.8979
vn -0.3209 -0.3012 0.8979
vn -0.3209 -0.3012 0.8979
vn 0.1382 0.4837 0.8642
vn 0.1382 0.4837 0.8642
vn 0.1382 0.4837 0.8642
vn 0.1382 0.4837 0.8642
vn -0.1957 0.7643 0.6144
vn -0.1957 0.7643 0.6144
vn -0.1957 0.7643 0.6144
vn -0.1957 0.7643 0.6144
vn 0.0879 0.6791 -0.7288
vn 0.0879 0.6791 -0.7288
vn 0.0879 0.6791 -0.7288
vn 0.0879 0.6791 -0.7288
vn 0.0231 0.7223 0.6912
vn 0.0231 0.7223 0.6912
vn 0.0231 0.7223 0.6912
vn 0.0231 0.7223 0.6912
vn -0.0000 0.9985 0.0555
vn -0.0000 0.9985 0.0555
vn -0.0000 0.9985 0.0555
vn -0.0000 0.9985 0.0555
vn 0.0174 0.8763 -0.4815
vn 0.0174 0.8763 -0.4815
vn 0.0174 0.8763 -0.4815
vn 0.0174 0.8763 -0.4815
vn -0.1935 0.8057 0.5598
vn -0.1935 0.8057 0.5598
vn -0.1935 0.8057 0.5598
vn -0.1935 0.8057 0.5598
vn -0.3139 0.9358 0.1603
vn -0.3139 0.9358 0.1603
vn -0.3139 0.9358 0.1603
vn -0.3139 0.9358 0.1603
vn -0.2651 0.9061 -0.3297
vn -0.2651 0.9061 -0.3297
vn -0.2651 0.9061 -0.3297
vn -0.2651 0.9061 -0.3297
vn 0.3874 -0.8181 -0.4249
vn 0.3874 -0.8181 -0.4249
vn 0.3874 -0.8181 -0.4249
vn 0.3874 -0.8181 -0.4249
vn -0.0000 -0.7071 0.7071
vn -0.0000 -0.7071 0.7071
vn -0.0000 -0.7071 0.7071
vn -0.0000 -0.7071 0.7071
vn -0.0000 -0.7071 0.7071
vn -0.0000 -0.7071 0.7071
vn -0.0000 -0.7071 0.7071
vn -0.0000 -0.7071 0.7071
vn 0.8293 -0.5382 0.1505
vn 0.8293 -0.5382 0.1505
vn 0.8293 -0.5382 0.1505
vn 0.8293 -0.5382 0.1505
vn -0.5447 0.8284 0.1304
vn -0.5447 0.8284 0.1304
vn -0.5447 0.8284 0.1304
vn -0.5447 0.8284 0.1304
vn -0.0000 0.7071 0.7071
vn -0.0000 0.7071 0.7071
vn -0.0000 0.7071 0.7071
vn -0.0000 0.7071 0.7071
vn -0.0000 0.7071 0.7071
vn -0.0000 0.7071 0.7071
vn -0.0000 0.7071 0.7071
vn -0.0000 0.7071 0.7071
vn 0.8318 -0.0312 0.5542
vn 0.8318 -0.0312 0.5542
vn 0.8318 -0.0312 0.5542
vn 0.8318 -0.0312 0.5542
vn 0.5566 -0.0078 0.8307
vn 0.5566 -0.0078 0.8307
vn 0.5566 -0.0078 0.8307
vn 0.5566 -0.0078 0.8307
vn 0.2098 -0.0968 0.9729
vn 0.2098 -0.0968 0.9729
vn 0.2098 -0.0968 0.9729
vn 0.2098 -0.0968 0.9729
vn -0.1481 0.3118 0.9385
vn -0.1481 0.3118 0.9385
vn -0.1481 0.3118 0.9385
vn -0.1481 0.3118 0.9385
vn -0.0624 0.9827 0.1747
vn -0.0624 0.9827 0.1747
vn -0.0624 0.9827 0.1747
vn -0.0624 0.9827 0.1747
vn -0.0878 0.9916 0.0954
vn -0.0878 0.9916 0.0954
vn -0.0878 0.9916 0.0954
vn -0.0878 0.9916 0.0954
f 1//1 3//3 2//2
f 4//4 6//6 5//5
f 7//7 9//9 8//8
f 10//10 12//12 11//11
f 13//13 15//15 14//14
f 16//16 18//18 17//17
f 19//19 21//21 20//20
f 22//22 24//24 23//23
f 25//25 27//27 26//26
f 28//28 30//30 29//29
f 31//31 33//33 32//32
f 34//34 36//36 35//35
f 37//37 39//39 38//38
f 40//40 42//42 41//41
f 43//43 45//45 44//44
f 46//46 48//48 47//47
f 49//49 51//51 50//50
f 49//49 50//50 52//52
f 53//53 55//55 54//54
f 53//53 54//54 56//56
f 57//57 59//59 58//58
f 57//57 58//58 60//60
f 61//61 63//63 62//62
f 61//61 62//62 64//64
f 65//65 67//67 66//66
f 65//65 66//66 68//68
f 69//69 71//71 70//70
f 69//69 70//70 72//72
f 73//73 75//75 74//74
f 73//73 74//74 76//76
f 77//77 79//79 78//78
f 77//77 78//78 80//80
f 81//81 83//83 82//82
f 81//81 82//82 84//84
f 85//85 87//87 86//86
f 85//85 86//86 88//88
f 89//89 91//91 90//90
f 89//89 90//90 92//92
f 93//93 95//95 94//94
f 93//93 94//94 96//96
f 97//97 99//99 98//98
f 97//97 98//98 100//100
f 101//101 103//103 102//102
f 101//101 102//102 104//104
f 105//105 107//107 106//106
f 105//105 106//106 108//108
f 109//109 111//111 110//110
f 109//109 110//110 112//112
f 113//113 115//115 114//114
f 113//113 114//114 116//116
f 117//117 119//119 118//118
f 117//117 118//118 120//120
f 121//121 123//123 122//122
f 121//121 122//122 124//124
f 125//125 127//127 126//126
f 125//125 126//126 128//128
f 129//129 131//131 130//130
f 129//129 130//130 132//132
f 133//133 135//135 134//134
f 133//133 134//134 136//136
f 137//137 139//139 138//138
f 137//137 138//138 140//140
f 141//141 143//143 142//142
f 141//141 142//142 144//144
f 145//145 147//147 146//146
f 145//145 146//146 148//148
f 146//146 149//149 148//148
f 148//148 150//150 145//145
f 150//150 151//151 145//145
f 148//148 152//152 150//150
f 153//153 155//155 154//154
f 153//153 154//154 156//156
f 157//157 159//159 158//158
f 157//157 158//158 160//160
f 161//161 163//163 162//162
f 161//161 162//162 164//164
f 162//162 165//165 164//164
f 164//164 166//166 161//161
f 166//166 167//167 161//161
f 164//164 168//168 166//166
f 169//169 171//171 170//170
f 169//169 170//170 172//172
f 173//173 175//175 174//174
f 173//173 174//174 176//176
f 177//177 179//179 178//178
f 177//177 178//178 180//180
f 181//181 183//183 182//182
f 181//181 182//182 184//184
f 185//185 187//187 186//186
f 185//185 186//186 188//188
f 189//189 191//191 190//190
f 189//189 190//190 192//192
f 193//193 195//195 194//194
f 196//196 198//198 197//197
f 199//199 201//201 200//200
f 202//202 204//204 203//203
f 205//205 207//207 206//206
f 208//208 210//210 209//209
f 211//211 213//213 212//212
f 214//214 216//216 215//215
f 217//217 219//219 218//218
f 220//220 222//222 221//221
f 223//223 225//225 224//224
f 226//226 228//228 227//227
f 229//229 231//231 230//230
f 232//232 234//234 233//233
f 235//235 237//237 236//236
f 238//238 240//240 239//239
f 241//241 243//243 242//242
f 241//241 242//242 244//244
f 245//245 247//247 246//246
f 245//245 246//246 248//248
f 249//249 251//251 250//250
f 249//249 250//250 252//252
f 253//253 255//255 254//254
f 253//253 254//254 256//256
f 257//257 259//259 258//258
f 257//257 258//258 260//260
f 261//261 263//263 262//262
f 261//261 262//262 264//264
f 265//265 267//267 266//266
f 265//265 266//266 268//268
f 269//269 271//271 270//270
f 269//269 270//270 272//272
f 273//273 275//275 274//274
f 273//273 274//274 276//276
f 277//277 279//279 278//278
f 277//277 278//278 280//280
f 281//281 283//283 282//282
f 281//281 282//282 284//284
f 285//285 287//287 286//286
f 285//285 286//286 288//288
f 289//289 291//291 290//290
f 289//289 290//290 292//292
f 293//293 295//295 294//294
f 293//293 294//294 296//296
f 297//297 299//299 298//298
f 297//297 298//298 300//300
f 301//301 303//303 302//302
f 301//301 302//302 304//304
f 305//305 307//307 306//306
f 305//305 306//306 308//308
f 309//309 311//311 310//310
f 309//309 310//310 312//312
f 313//313 315//315 314//314
f 313//313 314//314 316//316
f 317//317 319//319 318//318
f 317//317 318//318 320//320
f 321//321 323//323 322//322
f 321//321 322//322 324//324
f 325//325 327//327 326//326
f 325//325 326//326 328//328
f 329//329 331//331 330//330
f 329//329 330//330 332//332
f 333//333 335//335 334//334
f 333//333 334//334 336//336
f 337//337 339//339 338//338
f 337//337 338//338 340//340
f 338//338 341//341 340//340
f 340//340 342//342 337//337
f 342//342 343//343 337//337
f 340//340 344//344 342//342
f 345//345 347//347 346//346
f 345//345 346//346 348//348
f 349//349 351//351 350//350
f 349//349 350//350 352//352
f 353//353 355//355 354//354
f 353//353 354//354 356//356
f 354//354 357//357 356//356
f 356//356 358//358 353//353
f 358//358 359//359 353//353
f 356//356 360//360 358//358
f 361//361 363//363 362//362
f 361//361 362//362 364//364
f 365//365 367//367 366//366
f 365//365 366//366 368//368
f 369//369 371//371 370//370
f 369//369 370//370 372//372
f 373//373 375//375 374//374
f 373//373 374//374 376//376
f 377//377 379//379 378//378
f 377//377 378//378 380//380
f 381//381 383//383 382//382
f 381//381 382//382 384//384
f 385//385 387//387 386//386
f 388//388 390//390 389//389
f 391//391 393//393 392//392
f 394//394 396//396 395//395
f 397//397 399//399 398//398
f 400//400 402//402 401//401
f 403//403 405//405 404//404
f 406//406 408//408 407//407
f 409//409 411//411 410//410
f 412//412 414//414 413//413
f 415//415 417//417 416//416
f 418//418 420//420 419//419
f 421//421 423//423 422//422
f 424//424 426//426 425//425
f 427//427 429//429 428//428
f 430//430 432//432 431//431
f 433//433 435//435 434//434
f 433//433 434//434 436//436
f 437//437 439//439 438//438
f 437//437 438//438 440//440
f 441//441 443//443 442//442
f 441//441 442//442 444//444
f 445//445 447//447 446//446
f 445//445 446//446 448//448
f 449//449 451//451 450//450
f 449//449 450//450 452//452
f 453//453 455//455 454//454
f 453//453 454//454 456//456
f 457//457 459//459 458//458
f 457//457 458//458 460//460
f 461//461 463//463 462//462
f 461//461 462//462 464//464
f 465//465 467//467 466//466
f 465//465 466//466 468//468
f 469//469 471//471 470//470
f 469//469 470//470 472//472
f 473//473 475//475 474//474
f 473//473 474//474 476//476
f 477//477 479//479 478//478
f 477//477 478//478 480//480
f 481//481 483//483 482//482
f 481//481 482//482 484//484
f 485//485 487//487 486//486
f 485//485 486//486 488//488
f 489//489 491//491 490//490
f 489//489 490//490 492//492
f 493//493 495//495 494//494
f 493//493 494//494 496//496
f 497//497 499//499 498//498
f 497//497 498//498 500//500
f 501//501 503//503 502//502
f 501//501 502//502 504//504
f 505//505 507//507 506//506
f 505//505 506//506 508//508
f 509//509 511//511 510//510
f 509//509 510//510 512//512
f 513//513 515//515 514//514
f 513//513 514//514 516//516
f 517//517 519//519 518//518
f 517//517 518//518 520//520
f 521//521 523//523 522//522
f 521//521 522//522 524//524
f 525//525 527//527 526//526
f 525//525 526//526 528//528
f 529//529 531//531 530//530
f 529//529 530//530 532//532
f 530//530 533//533 532//532
f 532//532 534//534 529//529
f 534//534 535//535 529//529
f 532//532 536//536 534//534
f 537//537 539//539 538//538
f 537//537 538//538 540//540
f 541//541 543//543 542//542
f 541//541 542//542 544//544
f 545//545 547//547 546//546
f 545//545 546//546 548//548
f 546//546 549//549 548//548
f 548//548 550//550 545//545
f 550//550 551//551 545//545
f 548//548 552//552 550//550
f 553//553 555//555 554//554
f 553//553 554//554 556//556
f 557//557 559//559 558//558
f 557//557 558//558 560//560
f 561//561 563//563 562//562
f 561//561 562//562 564//564
f 565//565 567//567 566//566
f 565//565 566//566 568//568
f 569//569 571//571 570//570
f 569//569 570//570 572//572
f 573//573 575//575 574//574
f 573//573 574//574 576//576
g core_stone_dark
usemtl stone_dark
v -0.00000 0.05000 -0.10000
v 0.07071 0.07000 -0.07071
v -0.00000 0.07000 -0.10000
v 0.07071 0.05000 -0.07071
v 0.07071 0.05000 -0.07071
v 0.10000 0.07000 -0.00000
v 0.07071 0.07000 -0.07071
v 0.10000 0.05000 -0.00000
v 0.10000 0.05000 -0.00000
v 0.07071 0.07000 0.07071
v 0.10000 0.07000 -0.00000
v 0.07071 0.05000 0.07071
v 0.07071 0.05000 0.07071
v -0.00000 0.07000 0.10000
v 0.07071 0.07000 0.07071
v -0.00000 0.05000 0.10000
v -0.00000 0.05000 0.10000
v -0.07071 0.07000 0.07071
v -0.00000 0.07000 0.10000
v -0.07071 0.05000 0.07071
v -0.07071 0.05000 0.07071
v -0.10000 0.07000 -0.00000
v -0.07071 0.07000 0.07071
v -0.10000 0.05000 -0.00000
v 0.10000 0.07000 -0.00000
v -0.00000 0.07000 -0.10000
v 0.07071 0.07000 -0.07071
v -0.10000 0.07000 -0.00000
v -0.07071 0.07000 -0.07071
v -0.00000 0.07000 0.10000
v 0.07071 0.07000 0.07071
v -0.07071 0.07000 0.07071
v -0.10000 0.05000 -0.00000
v -0.07071 0.07000 -0.07071
v -0.10000 0.07000 -0.00000
v -0.07071 0.05000 -0.07071
v -0.07071 0.05000 -0.07071
v -0.00000 0.07000 -0.10000
v -0.07071 0.07000 -0.07071
v -0.00000 0.05000 -0.10000
v -0.07071 0.05000 -0.07071
v 0.07071 0.05000 -0.07071
v -0.00000 0.05000 -0.10000
v 0.07071 0.05000 0.07071
v 0.10000 0.05000 -0.00000
v -0.07071 0.05000 0.07071
v -0.10000 0.05000 -0.00000
v -0.00000 0.05000 0.10000
vn 0.8279 -0.5362 0.1647
vn 0.8279 -0.5362 0.1647
vn 0.8279 -0.5362 0.1647
vn 0.8279 -0.5362 0.1647
vn 0.8297 -0.0654 0.5544
vn 0.8297 -0.0654 0.5544
vn 0.8297 -0.0654 0.5544
vn 0.8297 -0.0654 0.5544
vn 0.5550 -0.0437 0.8307
vn 0.5550 -0.0437 0.8307
vn 0.5550 -0.0437 0.8307
vn 0.5550 -0.0437 0.8307
vn 0.1935 -0.1254 0.9731
vn 0.1935 -0.1254 0.9731
vn 0.1935 -0.1254 0.9731
vn 0.1935 -0.1254 0.9731
vn -0.1868 0.2884 0.9391
vn -0.1868 0.2884 0.9391
vn -0.1868 0.2884 0.9391
vn -0.1868 0.2884 0.9391
vn -0.0780 0.9901 0.1167
vn -0.0780 0.9901 0.1167
vn -0.0780 0.9901 0.1167
vn -0.0780 0.9901 0.1167
vn -0.0000 0.7071 0.7071
vn -0.0000 0.7071 0.7071
vn -0.0000 0.7071 0.7071
vn -0.0000 0.7071 0.7071
vn -0.0000 0.7071 0.7071
vn -0.0000 0.7071 0.7071
vn -0.0000 0.7071 0.7071
vn -0.0000 0.7071 0.7071
vn -0.0784 0.9955 0.0524
vn -0.0784 0.9955 0.0524
vn -0.0784 0.9955 0.0524
vn -0.0784 0.9955 0.0524
vn -0.5404 0.8345 0.1075
vn -0.5404 0.8345 0.1075
vn -0.5404 0.8345 0.1075
vn -0.5404 0.8345 0.1075
vn -0.0000 -0.7071 0.7071
vn -0.0000 -0.7071 0.7071
vn -0.0000 -0.7071 0.7071
vn -0.0000 -0.7071 0.7071
vn -0.0000 -0.7071 0.7071
vn -0.0000 -0.7071 0.7071
vn -0.0000 -0.7071 0.7071
vn -0.0000 -0.7071 0.7071
f 577//577 579//579 578//578
f 577//577 578//578 580//580
f 581//581 583//583 582//582
f 581//581 582//582 584//584
f 585//585 587//587 586//586
f 585//585 586//586 588//588
f 589//589 591//591 590//590
f 589//589 590//590 592//592
f 593//593 595//595 594//594
f 593//593 594//594 596//596
f 597//597 599//599 598//598
f 597//597 598//598 600//600
f 601//601 603//603 602//602
f 601//601 602//602 604//604
f 602//602 605//605 604//604
f 604//604 606//606 601//601
f 606//606 607//607 601//601
f 604//604 608//608 606//606
f 609//609 611//611 610//610
f 609//609 610//610 612//612
f 613//613 615//615 614//614
f 613//613 614//614 616//616
f 617//617 619//619 618//618
f 617//617 618//618 620//620
f 618//618 621//621 620//620
f 620//620 622//622 617//617
f 622//622 623//623 617//617
f 620//620 624//624 622//622
g core_window
usemtl window
v 0.08800 0.14000 0.01000
v 0.07600 0.17500 0.01000
v 0.08800 0.17500 0.01000
v 0.07600 0.14000 0.01000
v 0.07600 0.14000 0.01000
v 0.07600 0.17500 -0.01000
v 0.07600 0.17500 0.01000
v 0.07600 0.14000 -0.01000
v 0.07600 0.14000 -0.01000
v 0.08800 0.17500 -0.01000
v 0.07600 0.17500 -0.01000
v 0.08800 0.14000 -0.01000
v 0.08800 0.14000 -0.01000
v 0.08800 0.17500 0.01000
v 0.08800 0.17500 -0.01000
v 0.08800 0.14000 0.01000
v 0.07600 0.14000 0.01000
v 0.08800 0.14000 -0.01000
v 0.07600 0.14000 -0.01000
v 0.08800 0.14000 0.01000
v 0.07600 0.17500 -0.01000
v 0.08800 0.17500 0.01000
v 0.07600 0.17500 0.01000
v 0.08800 0.17500 -0.01000
v 0.06929 0.14000 -0.05516
v 0.06081 0.17500 -0.04667
v 0.06929 0.17500 -0.05516
v 0.06081 0.14000 -0.04667
v 0.06081 0.14000 -0.04667
v 0.04667 0.17500 -0.06081
v 0.06081 0.17500 -0.04667
v 0.04667 0.14000 -0.06081
v 0.04667 0.14000 -0.06081
v 0.05515 0.17500 -0.06930
v 0.04667 0.17500 -0.06081
v 0.05515 0.14000 -0.06930
v 0.05515 0.14000 -0.06930
v 0.06929 0.17500 -0.05516
v 0.05515 0.17500 -0.06930
v 0.06929 0.14000 -0.05516
v 0.06081 0.14000 -0.04667
v 0.05515 0.14000 -0.06930
v 0.04667 0.14000 -0.06081
v 0.06929 0.14000 -0.05516
v 0.04667 0.17500 -0.06081
v 0.06929 0.17500 -0.05516
v 0.06081 0.17500 -0.04667
v 0.05515 0.17500 -0.06930
v 0.01000 0.14000 -0.08800
v 0.01000 0.17500 -0.07600
v 0.01000 0.17500 -0.08800
v 0.01000 0.14000 -0.07600
v 0.01000 0.14000 -0.07600
v -0.01000 0.17500 -0.07600
v 0.01000 0.17500 -0.07600
v -0.01000 0.14000 -0.07600
v -0.01000 0.14000 -0.07600
v -0.01000 0.17500 -0.08800
v -0.01000 0.17500 -0.07600
v -0.01000 0.14000 -0.08800
v -0.01000 0.14000 -0.08800
v 0.01000 0.17500 -0.08800
v -0.01000 0.17500 -0.08800
v 0.01000 0.14000 -0.08800
v 0.01000 0.14000 -0.07600
v -0.01000 0.14000 -0.08800
v -0.01000 0.14000 -0.07600
v 0.01000 0.14000 -0.08800
v -0.01000 0.17500 -0.07600
v 0.01000 0.17500 -0.08800
v 0.01000 0.17500 -0.07600
v -0.01000 0.17500 -0.08800
v -0.05516 0.14000 -0.06930
v -0.04667 0.17500 -0.06081
v -0.05516 0.17500 -0.06930
v -0.04667 0.14000 -0.06081
v -0.04667 0.14000 -0.06081
v -0.06081 0.17500 -0.04667
v -0.04667 0.17500 -0.06081
v -0.06081 0.14000 -0.04667
v -0.06081 0.14000 -0.04667
v -0.06930 0.17500 -0.05516
v -0.06081 0.17500 -0.04667
v -0.06930 0.14000 -0.05516
v -0.06930 0.14000 -0.05516
v -0.05516 0.17500 -0.06930
v -0.06930 0.17500 -0.05516
v -0.05516 0.14000 -0.06930
v -0.04667 0.14000 -0.06081
v -0.06930 0.14000 -0.05516
v -0.06081 0.14000 -0.04667
v -0.05516 0.14000 -0.06930
v -0.06081 0.17500 -0.04667
v -0.05516 0.17500 -0.06930
v -0.04667 0.17500 -0.06081
v -0.06930 0.17500 -0.05516
v -0.08800 0.14000 -0.01000
v -0.07600 0.17500 -0.01000
v -0.08800 0.17500 -0.01000
v -0.07600 0.14000 -0.01000
v -0.07600 0.14000 -0.01000
v -0.07600 0.17500 0.01000
v -0.07600 0.17500 -0.01000
v -0.07600 0.14000 0.01000
v -0.07600 0.14000 0.01000
v -0.08800 0.17500 0.01000
v -0.07600 0.17500 0.01000
v -0.08800 0.14000 0.01000
v -0.08800 0.14000 0.01000
v -0.08800 0.17500 -0.01000
v -0.08800 0.17500 0.01000
v -0.08800 0.14000 -0.01000
v -0.07600 0.14000 -0.01000
v -0.08800 0.14000 0.01000
v -0.07600 0.14000 0.01000
v -0.08800 0.14000 -0.01000
v -0.07600 0.17500 0.01000
v -0.08800 0.17500 -0.01000
v -0.07600 0.17500 -0.01000
v -0.08800 0.17500 0.01000
v -0.06930 0.14000 0.05515
v -0.06081 0.17500 0.04667
v -0.06930 0.17500 0.05515
v -0.06081 0.14000 0.04667
v -0.06081 0.14000 0.04667
v -0.04667 0.17500 0.06081
v -0.06081 0.17500 0.04667
v -0.04667 0.14000 0.06081
v -0.04667 0.14000 0.06081
v -0.05516 0.17500 0.06929
v -0.04667 0.17500 0.06081
v -0.05516 0.14000 0.06929
v -0.05516 0.14000 0.06929
v -0.06930 0.17500 0.05515
v -0.05516 0.17500 0.06929
v -0.06930 0.14000 0.05515
v -0.06081 0.14000 0.04667
v -0.05516 0.14000 0.06929
v -0.04667 0.14000 0.06081
v -0.06930 0.14000 0.05515
v -0.04667 0.17500 0.06081
v -0.06930 0.17500 0.05515
v -0.06081 0.17500 0.04667
v -0.05516 0.17500 0.06929
v -0.01000 0.14000 0.08800
v -0.01000 0.17500 0.07600
v -0.01000 0.17500 0.08800
v -0.01000 0.14000 0.07600
v -0.01000 0.14000 0.07600
v 0.01000 0.17500 0.07600
v -0.01000 0.17500 0.07600
v 0.01000 0.14000 0.07600
v 0.01000 0.14000 0.07600
v 0.01000 0.17500 0.08800
v 0.01000 0.17500 0.07600
v 0.01000 0.14000 0.08800
v 0.01000 0.14000 0.08800
v -0.01000 0.17500 0.08800
v 0.01000 0.17500 0.08800
v -0.01000 0.14000 0.08800
v -0.01000 0.14000 0.07600
v 0.01000 0.14000 0.08800
v 0.01000 0.14000 0.07600
v -0.01000 0.14000 0.08800
v 0.01000 0.17500 0.07600
v -0.01000 0.17500 0.08800
v -0.01000 0.17500 0.07600
v 0.01000 0.17500 0.08800
v 0.05515 0.14000 0.06929
v 0.04667 0.17500 0.06081
v 0.05515 0.17500 0.06929
v 0.04667 0.14000 0.06081
v 0.04667 0.14000 0.06081
v 0.06081 0.17500 0.04667
v 0.04667 0.17500 0.06081
v 0.06081 0.14000 0.04667
v 0.06081 0.14000 0.04667
v 0.06929 0.17500 0.05515
v 0.06081 0.17500 0.04667
v 0.06929 0.14000 0.05515
v 0.06929 0.14000 0.05515
v 0.05515 0.17500 0.06929
v 0.06929 0.17500 0.05515
v 0.05515 0.14000 0.06929
v 0.04667 0.14000 0.06081
v 0.06929 0.14000 0.05515
v 0.06081 0.14000 0.04667
v 0.05515 0.14000 0.06929
v 0.06081 0.17500 0.04667
v 0.05515 0.17500 0.06929
v 0.04667 0.17500 0.06081
v 0.06929 0.17500 0.05515
vn -0.0000 -0.0000 1.0000
vn -0.0000 -0.0000 1.0000
vn -0.0000 -0.0000 1.0000
vn -0.0000 -0.0000 1.0000
vn 0.0000 1.0000 -0.0000
vn 0.0000 1.0000 -0.0000
vn 0.0000 1.0000 -0.0000
vn 0.0000 1.0000 -0.0000
vn -0.7071 0.7071 -0.0000
vn -0.7071 0.7071 -0.0000
vn -0.7071 0.7071 -0.0000
vn -0.7071 0.7071 -0.0000
vn 0.7071 -0.0000 0.7071
vn 0.7071 -0.0000 0.7071
vn 0.7071 -0.0000 0.7071
vn 0.7071 -0.0000 0.7071
vn -0.0000 -0.7071 0.7071
vn -0.0000 -0.7071 0.7071
vn -0.0000 -0.7071 0.7071
vn -0.0000 -0.7071 0.7071
vn -0.0000 0.7071 0.7071
vn -0.0000 0.7071 0.7071
vn -0.0000 0.7071 0.7071
vn -0.0000 0.7071 0.7071
vn 0.3799 -0.1208 0.9171
vn 0.3799 -0.1208 0.9171
vn 0.3799 -0.1208 0.9171
vn 0.3799 -0.1208 0.9171
vn -0.2445 0.7693 0.5903
vn -0.2445 0.7693 0.5903
vn -0.2445 0.7693 0.5903
vn -0.2445 0.7693 0.5903
vn -0.3006 0.9456 0.1245
vn -0.3006 0.9456 0.1245
vn -0.3006 0.9456 0.1245
vn -0.3006 0.9456 0.1245
vn 0.8864 -0.2818 0.3672
vn 0.8864 -0.2818 0.3672
vn 0.8864 -0.2818 0.3672
vn 0.8864 -0.2818 0.3672
vn -0.0000 -0.7071 0.7071
vn -0.0000 -0.7071 0.7071
vn -0.0000 -0.7071 0.7071
vn -0.0000 -0.7071 0.7071
vn -0.0000 0.7071 0.7071
vn -0.0000 0.7071 0.7071
vn -0.0000 0.7071 0.7071
vn -0.0000 0.7071 0.7071
vn 0.7071 -0.0000 0.7071
vn 0.7071 -0.0000 0.7071
vn 0.7071 -0.0000 0.7071
vn 0.7071 -0.0000 0.7071
vn -0.0000 -0.0000 1.0000
vn -0.0000 -0.0000 1.0000
vn -0.0000 -0.0000 1.0000
vn -0.0000 -0.0000 1.0000
vn 0.0000 1.0000 -0.0000
vn 0.0000 1.0000 -0.0000
vn 0.0000 1.0000 -0.0000
vn 0.0000 1.0000 -0.0000
vn -0.7071 0.7071 -0.0000
vn -0.7071 0.7071 -0.0000
vn -0.7071 0.7071 -0.0000
vn -0.7071 0.7071 -0.0000
vn -0.0000 -0.7071 0.7071
vn -0.0000 -0.7071 0.7071
vn -0.0000 -0.7071 0.7071
vn -0.0000 -0.7071 0.7071
vn -0.0000 0.7071 0.7071
vn -0.0000 0.7071 0.7071
vn -0.0000 0.7071 0.7071
vn -0.0000 0.7071 0.7071
vn 0.8864 -0.2818 0.3672
vn 0.8864 -0.2818 0.3672
vn 0.8864 -0.2818 0.3672
vn 0.8864 -0.2818 0.3672
vn 0.3799 -0.1208 0.9171
vn 0.3799 -0.1208 0.9171
vn 0.3799 -0.1208 0.9171
vn 0.3799 -0.1208 0.9171
vn -0.2445 0.7693 0.5903
vn -0.2445 0.7693 0.5903
vn -0.2445 0.7693 0.5903
vn -0.2445 0.7693 0.5903
vn -0.3006 0.9456 0.1245
vn -0.3006 0.9456 0.1245
vn -0.3006 0.9456 0.1245
vn -0.3006 0.9456 0.1245
vn -0.0000 -0.7071 0.7071
vn -0.0000 -0.7071 0.7071
vn -0.0000 -0.7071 0.7071
vn -0.0000 -0.7071 0.7071
vn -0.0000 0.7071 0.7071
vn -0.0000 0.7071 0.7071
vn -0.0000 0.7071 0.7071
vn -0.0000 0.7071 0.7071
vn -0.7071 0.7071 -0.0000
vn -0.7071 0.7071 -0.0000
vn -0.7071 0.7071 -0.0000
vn -0.7071 0.7071 -0.0000
vn 0.7071 -0.0000 0.7071
vn 0.7071 -0.0000 0.7071
vn 0.7071 -0.0000 0.7071
vn 0.7071 -0.0000 0.7071
vn -0.0000 -0.0000 1.0000
vn -0.0000 -0.0000 1.0000
vn -0.0000 -0.0000 1.0000
vn -0.0000 -0.0000 1.0000
vn 0.0000 1.0000 -0.0000
vn 0.0000 1.0000 -0.0000
vn 0.0000 1.0000 -0.0000
vn 0.0000 1.0000 -0.0000
vn -0.0000 -0.7071 0.7071
vn -0.0000 -0.7071 0.7071
vn -0.0000 -0.7071 0.7071
vn -0.0000 -0.7071 0.7071
vn -0.0000 0.7071 0.7071
vn -0.0000 0.7071 0.7071
vn -0.0000 0.7071 0.7071
vn -0.0000 0.7071 0.7071
vn -0.3006 0.9456 0.1245
vn -0.3006 0.9456 0.1245
vn -0.3006 0.9456 0.1245
vn -0.3006 0.9456 0.1245
vn 0.8864 -0.2818 0.3672
vn 0.8864 -0.2818 0.3672
vn 0.8864 -0.2818 0.3672
vn 0.8864 -0.2818 0.3672
vn 0.3799 -0.1208 0.9171
vn 0.3799 -0.1208 0.9171
vn 0.3799 -0.1208 0.9171
vn 0.3799 -0.1208 0.9171
vn -0.2445 0.7693 0.5903
vn -0.2445 0.7693 0.5903
vn -0.2445 0.7693 0.5903
vn -0.2445 0.7693 0.5903
vn -0.0000 -0.7071 0.7071
vn -0.0000 -0.7071 0.7071
vn -0.0000 -0.7071 0.7071
vn -0.0000 -0.7071 0.7071
vn -0.0000 0.7071 0.7071
vn -0.0000 0.7071 0.7071
vn -0.0000 0.7071 0.7071
vn -0.0000 0.7071 0.7071
vn 0.0000 1.0000 -0.0000
vn 0.0000 1.0000 -0.0000
vn 0.0000 1.0000 -0.0000
vn 0.0000 1.0000 -0.0000
vn -0.7071 0.7071 -0.0000
vn -0.7071 0.7071 -0.0000
vn -0.7071 0.7071 -0.0000
vn -0.7071 0.7071 -0.0000
vn 0.7071 -0.0000 0.7071
vn 0.7071 -0.0000 0.7071
vn 0.7071 -0.0000 0.7071
vn 0.7071 -0.0000 0.7071
vn -0.0000 -0.0000 1.0000
vn -0.0000 -0.0000 1.0000
vn -0.0000 -0.0000 1.0000
vn -0.0000 -0.0000 1.0000
vn -0.0000 -0.7071 0.7071
vn -0.0000 -0.7071 0.7071
vn -0.0000 -0.7071 0.7071
vn -0.0000 -0.7071 0.7071
vn -0.0000 0.7071 0.7071
vn -0.0000 0.7071 0.7071
vn -0.0000 0.7071 0.7071
vn -0.0000 0.7071 0.7071
vn -0.2445 0.7693 0.5903
vn -0.2445 0.7693 0.5903
vn -0.2445 0.7693 0.5903
vn -0.2445 0.7693 0.5903
vn -0.3006 0.9456 0.1245
vn -0.3006 0.9456 0.1245
vn -0.3006 0.9456 0.1245
vn -0.3006 0.9456 0.1245
vn 0.8864 -0.2818 0.3672
vn 0.8864 -0.2818 0.3672
vn 0.8864 -0.2818 0.3672
vn 0.8864 -0.2818 0.3672
vn 0.3799 -0.1208 0.9171
vn 0.3799 -0.1208 0.9171
vn 0.3799 -0.1208 0.9171
vn 0.3799 -0.1208 0.9171
vn -0.0000 -0.7071 0.7071
vn -0.0000 -0.7071 0.7071
vn -0.0000 -0.7071 0.7071
vn -0.0000 -0.7071 0.7071
vn -0.0000 0.7071 0.7071
vn -0.0000 0.7071 0.7071
vn -0.0000 0.7071 0.7071
vn -0.0000 0.7071 0.7071
f 625//625 627//627 626//626
f 625//625 626//626 628//628
f 629//629 631//631 630//630
f 629//629 630//630 632//632
f 633//633 635//635 634//634
f 633//633 634//634 636//636
f 637//637 639//639 638//638
f 637//637 638//638 640//640
f 641//641 643//643 642//642
f 641//641 642//642 644//644
f 645//645 647//647 646//646
f 645//645 646//646 648//648
f 649//649 651//651 650//650
f 649//649 650//650 652//652
f 653//653 655//655 654//654
f 653//653 654//654 656//656
f 657//657 659//659 658//658
f 657//657 658//658 660//660
f 661//661 663//663 662//662
f 661//661 662//662 664//664
f 665//665 667//667 666//666
f 665//665 666//666 668//668
f 669//669 671//671 670//670
f 669//669 670//670 672//672
f 673//673 675//675 674//674
f 673//673 674//674 676//676
f 677//677 679//679 678//678
f 677//677 678//678 680//680
f 681//681 683//683 682//682
f 681//681 682//682 684//684
f 685//685 687//687 686//686
f 685//685 686//686 688//688
f 689//689 691//691 690//690
f 689//689 690//690 692//692
f 693//693 695//695 694//694
f 693//693 694//694 696//696
f 697//697 699//699 698//698
f 697//697 698//698 700//700
f 701//701 703//703 702//702
f 701//701 702//702 704//704
f 705//705 707//707 706//706
f 705//705 706//706 708//708
f 709//709 711//711 710//710
f 709//709 710//710 712//712
f 713//713 715//715 714//714
f 713//713 714//714 716//716
f 717//717 719//719 718//718
f 717//717 718//718 720//720
f 721//721 723//723 722//722
f 721//721 722//722 724//724
f 725//725 727//727 726//726
f 725//725 726//726 728//728
f 729//729 731//731 730//730
f 729//729 730//730 732//732
f 733//733 735//735 734//734
f 733//733 734//734 736//736
f 737//737 739//739 738//738
f 737//737 738//738 740//740
f 741//741 743//743 742//742
f 741//741 742//742 744//744
f 745//745 747//747 746//746
f 745//745 746//746 748//748
f 749//749 751//751 750//750
f 749//749 750//750 752//752
f 753//753 755//755 754//754
f 753//753 754//754 756//756
f 757//757 759//759 758//758
f 757//757 758//758 760//760
f 761//761 763//763 762//762
f 761//761 762//762 764//764
f 765//765 767//767 766//766
f 765//765 766//766 768//768
f 769//769 771//771 770//770
f 769//769 770//770 772//772
f 773//773 775//775 774//774
f 773//773 774//774 776//776
f 777//777 779//779 778//778
f 777//777 778//778 780//780
f 781//781 783//783 782//782
f 781//781 782//782 784//784
f 785//785 787//787 786//786
f 785//785 786//786 788//788
f 789//789 791//791 790//790
f 789//789 790//790 792//792
f 793//793 795//795 794//794
f 793//793 794//794 796//796
f 797//797 799//799 798//798
f 797//797 798//798 800//800
f 801//801 803//803 802//802
f 801//801 802//802 804//804
f 805//805 807//807 806//806
f 805//805 806//806 808//808
f 809//809 811//811 810//810
f 809//809 810//810 812//812
f 813//813 815//815 814//814
f 813//813 814//814 816//816
g core_white
usemtl white
v -0.00000 0.27000 -0.09500
v 0.06717 0.29000 -0.06718
v -0.00000 0.29000 -0.09500
v 0.06717 0.27000 -0.06718
v 0.06717 0.27000 -0.06718
v 0.09500 0.29000 -0.00000
v 0.06717 0.29000 -0.06718
v 0.09500 0.27000 -0.00000
v 0.09500 0.27000 -0.00000
v 0.06717 0.29000 0.06717
v 0.09500 0.29000 -0.00000
v 0.06717 0.27000 0.06717
v 0.06717 0.27000 0.06717
v -0.00000 0.29000 0.09500
v 0.06717 0.29000 0.06717
v -0.00000 0.27000 0.09500
v -0.00000 0.27000 0.09500
v -0.06718 0.29000 0.06717
v -0.00000 0.29000 0.09500
v -0.06718 0.27000 0.06717
v -0.06718 0.27000 0.06717
v -0.09500 0.29000 -0.00000
v -0.06718 0.29000 0.06717
v -0.09500 0.27000 -0.00000
v 0.09500 0.29000 -0.00000
v -0.00000 0.29000 -0.09500
v 0.06717 0.29000 -0.06718
v -0.09500 0.29000 -0.00000
v -0.06718 0.29000 -0.06718
v -0.00000 0.29000 0.09500
v 0.06717 0.29000 0.06717
v -0.06718 0.29000 0.06717
v -0.09500 0.27000 -0.00000
v -0.06718 0.29000 -0.06718
v -0.09500 0.29000 -0.00000
v -0.06718 0.27000 -0.06718
v -0.06718 0.27000 -0.06718
v -0.00000 0.29000 -0.09500
v -0.06718 0.29000 -0.06718
v -0.00000 0.27000 -0.09500
v -0.06718 0.27000 -0.06718
v 0.06717 0.27000 -0.06718
v -0.00000 0.27000 -0.09500
v 0.06717 0.27000 0.06717
v 0.09500 0.27000 -0.00000
v -0.06718 0.27000 0.06717
v -0.09500 0.27000 -0.00000
v -0.00000 0.27000 0.09500
v -0.00000 0.47000 -0.07500
v 0.05303 0.48800 -0.05303
v -0.00000 0.48800 -0.07500
v 0.05303 0.47000 -0.05303
v 0.05303 0.47000 -0.05303
v 0.07500 0.48800 -0.00000
v 0.05303 0.48800 -0.05303
v 0.07500 0.47000 -0.00000
v 0.07500 0.47000 -0.00000
v 0.05303 0.48800 0.05303
v 0.07500 0.48800 -0.00000
v 0.05303 0.47000 0.05303
v 0.05303 0.47000 0.05303
v -0.00000 0.48800 0.07500
v 0.05303 0.48800 0.05303
v -0.00000 0.47000 0.07500
v -0.00000 0.47000 0.07500
v -0.05303 0.48800 0.05303
v -0.00000 0.48800 0.07500
v -0.05303 0.47000 0.05303
v -0.05303 0.47000 0.05303
v -0.07500 0.48800 -0.00000
v -0.05303 0.48800 0.05303
v -0.07500 0.47000 -0.00000
v 0.07500 0.48800 -0.00000
v -0.00000 0.48800 -0.07500
v 0.05303 0.48800 -0.05303
v -0.07500 0.48800 -0.00000
v -0.05303 0.48800 -0.05303
v -0.00000 0.48800 0.07500
v 0.05303 0.48800 0.05303
v -0.05303 0.48800 0.05303
v -0.07500 0.47000 -0.00000
v -0.05303 0.48800 -0.05303
v -0.07500 0.48800 -0.00000
v -0.05303 0.47000 -0.05303
v -0.05303 0.47000 -0.05303
v -0.00000 0.48800 -0.07500
v -0.05303 0.48800 -0.05303
v -0.00000 0.47000 -0.07500
v -0.05303 0.47000 -0.05303
v 0.05303 0.47000 -0.05303
v -0.00000 0.47000 -0.07500
v 0.05303 0.47000 0.05303
v 0.07500 0.47000 -0.00000
v -0.05303 0.47000 0.05303
v -0.07500 0.47000 -0.00000
v -0.00000 0.47000 0.07500
v 0.04400 0.49000 0.00600
v 0.04400 0.57000 -0.00600
v 0.04400 0.57000 0.00600
v 0.04400 0.49000 -0.00600
v 0.04400 0.49000 -0.00600
v 0.05600 0.57000 -0.00600
v 0.04400 0.57000 -0.00600
v 0.05600 0.49000 -0.00600
v 0.05600 0.49000 -0.00600
v 0.05600 0.57000 0.00600
v 0.05600 0.57000 -0.00600
v 0.05600 0.49000 0.00600
v 0.05600 0.49000 0.00600
v 0.04400 0.57000 0.00600
v 0.05600 0.57000 0.00600
v 0.04400 0.49000 0.00600
v 0.04400 0.49000 -0.00600
v 0.05600 0.49000 0.00600
v 0.05600 0.49000 -0.00600
v 0.04400 0.49000 0.00600
v 0.05600 0.57000 -0.00600
v 0.04400 0.57000 0.00600
v 0.04400 0.57000 -0.00600
v 0.05600 0.57000 0.00600
v 0.01900 0.49000 -0.03730
v 0.01900 0.57000 -0.04930
v 0.01900 0.57000 -0.03730
v 0.01900 0.49000 -0.04930
v 0.01900 0.49000 -0.04930
v 0.03100 0.57000 -0.04930
v 0.01900 0.57000 -0.04930
v 0.03100 0.49000 -0.04930
v 0.03100 0.49000 -0.04930
v 0.03100 0.57000 -0.03730
v 0.03100 0.57000 -0.04930
v 0.03100 0.49000 -0.03730
v 0.03100 0.49000 -0.03730
v 0.01900 0.57000 -0.03730
v 0.03100 0.57000 -0.03730
v 0.01900 0.49000 -0.03730
v 0.01900 0.49000 -0.04930
v 0.03100 0.49000 -0.03730
v 0.03100 0.49000 -0.04930
v 0.01900 0.49000 -0.03730
v 0.03100 0.57000 -0.04930
v 0.01900 0.57000 -0.03730
v 0.01900 0.57000 -0.04930
v 0.03100 0.57000 -0.03730
v -0.03100 0.49000 -0.03730
v -0.03100 0.57000 -0.04930
v -0.03100 0.57000 -0.03730
v -0.03100 0.49000 -0.04930
v -0.03100 0.49000 -0.04930
v -0.01900 0.57000 -0.04930
v -0.03100 0.57000 -0.04930
v -0.01900 0.49000 -0.04930
v -0.01900 0.49000 -0.04930
v -0.01900 0.57000 -0.03730
v -0.01900 0.57000 -0.04930
v -0.01900 0.49000 -0.03730
v -0.01900 0.49000 -0.03730
v -0.03100 0.57000 -0.03730
v -0.01900 0.57000 -0.03730
v -0.03100 0.49000 -0.03730
v -0.03100 0.49000 -0.04930
v -0.01900 0.49000 -0.03730
v -0.01900 0.49000 -0.04930
v -0.03100 0.49000 -0.03730
v -0.01900 0.57000 -0.04930
v -0.03100 0.57000 -0.03730
v -0.03100 0.57000 -0.04930
v -0.01900 0.57000 -0.03730
v -0.05600 0.49000 0.00600
v -0.05600 0.57000 -0.00600
v -0.05600 0.57000 0.00600
v -0.05600 0.49000 -0.00600
v -0.05600 0.49000 -0.00600
v -0.04400 0.57000 -0.00600
v -0.05600 0.57000 -0.00600
v -0.04400 0.49000 -0.00600
v -0.04400 0.49000 -0.00600
v -0.04400 0.57000 0.00600
v -0.04400 0.57000 -0.00600
v -0.04400 0.49000 0.00600
v -0.04400 0.49000 0.00600
v -0.05600 0.57000 0.00600
v -0.04400 0.57000 0.00600
v -0.05600 0.49000 0.00600
v -0.05600 0.49000 -0.00600
v -0.04400 0.49000 0.00600
v -0.04400 0.49000 -0.00600
v -0.05600 0.49000 0.00600
v -0.04400 0.57000 -0.00600
v -0.05600 0.57000 0.00600
v -0.05600 0.57000 -0.00600
v -0.04400 0.57000 0.00600
v -0.03100 0.49000 0.04930
v -0.03100 0.57000 0.03730
v -0.03100 0.57000 0.04930
v -0.03100 0.49000 0.03730
v -0.03100 0.49000 0.03730
v -0.01900 0.57000 0.03730
v -0.03100 0.57000 0.03730
v -0.01900 0.49000 0.03730
v -0.01900 0.49000 0.03730
v -0.01900 0.57000 0.04930
v -0.01900 0.57000 0.03730
v -0.01900 0.49000 0.04930
v -0.01900 0.49000 0.04930
v -0.03100 0.57000 0.04930
v -0.01900 0.57000 0.04930
v -0.03100 0.49000 0.04930
v -0.03100 0.49000 0.03730
v -0.01900 0.49000 0.04930
v -0.01900 0.49000 0.03730
v -0.03100 0.49000 0.04930
v -0.01900 0.57000 0.03730
v -0.03100 0.57000 0.04930
v -0.03100 0.57000 0.03730
v -0.01900 0.57000 0.04930
v 0.01900 0.49000 0.04930
v 0.01900 0.57000 0.03730
v 0.01900 0.57000 0.04930
v 0.01900 0.49000 0.03730
v 0.01900 0.49000 0.03730
v 0.03100 0.57000 0.03730
v 0.01900 0.57000 0.03730
v 0.03100 0.49000 0.03730
v 0.03100 0.49000 0.03730
v 0.03100 0.57000 0.04930
v 0.03100 0.57000 0.03730
v 0.03100 0.49000 0.04930
v 0.03100 0.49000 0.04930
v 0.01900 0.57000 0.04930
v 0.03100 0.57000 0.04930
v 0.01900 0.49000 0.04930
v 0.01900 0.49000 0.03730
v 0.03100 0.49000 0.04930
v 0.03100 0.49000 0.03730
v 0.01900 0.49000 0.04930
v 0.03100 0.57000 0.03730
v 0.01900 0.57000 0.04930
v 0.01900 0.57000 0.03730
v 0.03100 0.57000 0.04930
vn 0.8279 -0.5362 0.1647
vn 0.8279 -0.5362 0.1647
vn 0.8279 -0.5362 0.1647
vn 0.8279 -0.5362 0.1647
vn 0.8297 -0.0654 0.5544
vn 0.8297 -0.0654 0.5544
vn 0.8297 -0.0654 0.5544
vn 0.8297 -0.0654 0.5544
vn 0.5550 -0.0437 0.8307
vn 0.5550 -0.0437 0.8307
vn 0.5550 -0.0437 0.8307
vn 0.5550 -0.0437 0.8307
vn 0.1935 -0.1254 0.9731
vn 0.1935 -0.1254 0.9731
vn 0.1935 -0.1254 0.9731
vn 0.1935 -0.1254 0.9731
vn -0.1868 0.2884 0.9391
vn -0.1868 0.2884 0.9391
vn -0.1868 0.2884 0.9391
vn -0.1868 0.2884 0.9391
vn -0.0780 0.9901 0.1167
vn -0.0780 0.9901 0.1167
vn -0.0780 0.9901 0.1167
vn -0.0780 0.9901 0.1167
vn -0.0000 0.7071 0.7071
vn -0.0000 0.7071 0.7071
vn -0.0000 0.7071 0.7071
vn -0.0000 0.7071 0.7071
vn -0.0000 0.7071 0.7071
vn -0.0000 0.7071 0.7071
vn -0.0000 0.7071 0.7071
vn -0.0000 0.7071 0.7071
vn -0.0784 0.9955 0.0524
vn -0.0784 0.9955 0.0524
vn -0.0784 0.9955 0.0524
vn -0.0784 0.9955 0.0524
vn -0.5404 0.8345 0.1075
vn -0.5404 0.8345 0.1075
vn -0.5404 0.8345 0.1075
vn -0.5404 0.8345 0.1075
vn -0.0000 -0.7071 0.7071
vn -0.0000 -0.7071 0.7071
vn -0.0000 -0.7071 0.7071
vn -0.0000 -0.7071 0.7071
vn -0.0000 -0.7071 0.7071
vn -0.0000 -0.7071 0.7071
vn -0.0000 -0.7071 0.7071
vn -0.0000 -0.7071 0.7071
vn 0.8279 -0.5362 0.1647
vn 0.8279 -0.5362 0.1647
vn 0.8279 -0.5362 0.1647
vn 0.8279 -0.5362 0.1647
vn 0.8297 -0.0654 0.5544
vn 0.8297 -0.0654 0.5544
vn 0.8297 -0.0654 0.5544
vn 0.8297 -0.0654 0.5544
vn 0.5550 -0.0437 0.8307
vn 0.5550 -0.0437 0.8307
vn 0.5550 -0.0437 0.8307
vn 0.5550 -0.0437 0.8307
vn 0.1935 -0.1254 0.9731
vn 0.1935 -0.1254 0.9731
vn 0.1935 -0.1254 0.9731
vn 0.1935 -0.1254 0.9731
vn -0.1868 0.2884 0.9391
vn -0.1868 0.2884 0.9391
vn -0.1868 0.2884 0.9391
vn -0.1868 0.2884 0.9391
vn -0.0780 0.9901 0.1167
vn -0.0780 0.9901 0.1167
vn -0.0780 0.9901 0.1167
vn -0.0780 0.9901 0.1167
vn -0.0000 0.7071 0.7071
vn -0.0000 0.7071 0.7071
vn -0.0000 0.7071 0.7071
vn -0.0000 0.7071 0.7071
vn -0.0000 0.7071 0.7071
vn -0.0000 0.7071 0.7071
vn -0.0000 0.7071 0.7071
vn -0.0000 0.7071 0.7071
vn -0.0784 0.9955 0.0524
vn -0.0784 0.9955 0.0524
vn -0.0784 0.9955 0.0524
vn -0.0784 0.9955 0.0524
vn -0.5404 0.8345 0.1075
vn -0.5404 0.8345 0.1075
vn -0.5404 0.8345 0.1075
vn -0.5404 0.8345 0.1075
vn -0.0000 -0.7071 0.7071
vn -0.0000 -0.7071 0.7071
vn -0.0000 -0.7071 0.7071
vn -0.0000 -0.7071 0.7071
vn -0.0000 -0.7071 0.7071
vn -0.0000 -0.7071 0.7071
vn -0.0000 -0.7071 0.7071
vn -0.0000 -0.7071 0.7071
vn 0.0000 1.0000 -0.0000
vn 0.0000 1.0000 -0.0000
vn 0.0000 1.0000 -0.0000
vn 0.0000 1.0000 -0.0000
vn -0.7071 0.7071 -0.0000
vn -0.7071 0.7071 -0.0000
vn -0.7071 0.7071 -0.0000
vn -0.7071 0.7071 -0.0000
vn 0.7071 -0.0000 0.7071
vn 0.7071 -0.0000 0.7071
vn 0.7071 -0.0000 0.7071
vn 0.7071 -0.0000 0.7071
vn -0.0000 -0.0000 1.0000
vn -0.0000 -0.0000 1.0000
vn -0.0000 -0.0000 1.0000
vn -0.0000 -0.0000 1.0000
vn -0.0000 -0.7071 0.7071
vn -0.0000 -0.7071 0.7071
vn -0.0000 -0.7071 0.7071
vn -0.0000 -0.7071 0.7071
vn -0.0000 0.7071 0.7071
vn -0.0000 0.7071 0.7071
vn -0.0000 0.7071 0.7071
vn -0.0000 0.7071 0.7071
vn 0.0000 1.0000 -0.0000
vn 0.0000 1.0000 -0.0000
vn 0.0000 1.0000 -0.0000
vn 0.0000 1.0000 -0.0000
vn -0.7071 0.7071 -0.0000
vn -0.7071 0.7071 -0.0000
vn -0.7071 0.7071 -0.0000
vn -0.7071 0.7071 -0.0000
vn 0.7071 -0.0000 0.7071
vn 0.7071 -0.0000 0.7071
vn 0.7071 -0.0000 0.7071
vn 0.7071 -0.0000 0.7071
vn -0.0000 -0.0000 1.0000
vn -0.0000 -0.0000 1.0000
vn -0.0000 -0.0000 1.0000
vn -0.0000 -0.0000 1.0000
vn -0.0000 -0.7071 0.7071
vn -0.0000 -0.7071 0.7071
vn -0.0000 -0.7071 0.7071
vn -0.0000 -0.7071 0.7071
vn -0.0000 0.7071 0.7071
vn -0.0000 0.7071 0.7071
vn -0.0000 0.7071 0.7071
vn -0.0000 0.7071 0.7071
vn 0.0000 1.0000 -0.0000
vn 0.0000 1.0000 -0.0000
vn 0.0000 1.0000 -0.0000
vn 0.0000 1.0000 -0.0000
vn -0.7071 0.7071 -0.0000
vn -0.7071 0.7071 -0.0000
vn -0.7071 0.7071 -0.0000
vn -0.7071 0.7071 -0.0000
vn 0.7071 -0.0000 0.7071
vn 0.7071 -0.0000 0.7071
vn 0.7071 -0.0000 0.7071
vn 0.7071 -0.0000 0.7071
vn -0.0000 -0.0000 1.0000
vn -0.0000 -0.0000 1.0000
vn -0.0000 -0.0000 1.0000
vn -0.0000 -0.0000 1.0000
vn -0.0000 -0.7071 0.7071
vn -0.0000 -0.7071 0.7071
vn -0.0000 -0.7071 0.7071
vn -0.0000 -0.7071 0.7071
vn -0.0000 0.7071 0.7071
vn -0.0000 0.7071 0.7071
vn -0.0000 0.7071 0.7071
vn -0.0000 0.7071 0.7071
vn 0.0000 1.0000 -0.0000
vn 0.0000 1.0000 -0.0000
vn 0.0000 1.0000 -0.0000
vn 0.0000 1.0000 -0.0000
vn -0.7071 0.7071 -0.0000
vn -0.7071 0.7071 -0.0000
vn -0.7071 0.7071 -0.0000
vn -0.7071 0.7071 -0.0000
vn 0.7071 -0.0000 0.7071
vn 0.7071 -0.0000 0.7071
vn 0.7071 -0.0000 0.7071
vn 0.7071 -0.0000 0.7071
vn -0.0000 -0.0000 1.0000
vn -0.0000 -0.0000 1.0000
vn -0.0000 -0.0000 1.0000
vn -0.0000 -0.0000 1.0000
vn -0.0000 -0.7071 0.7071
vn -0.0000 -0.7071 0.7071
vn -0.0000 -0.7071 0.7071
vn -0.0000 -0.7071 0.7071
vn -0.0000 0.7071 0.7071
vn -0.0000 0.7071 0.7071
vn -0.0000 0.7071 0.7071
vn -0.0000 0.7071 0.7071
vn 0.0000 1.0000 -0.0000
vn 0.0000 1.0000 -0.0000
vn 0.0000 1.0000 -0.0000
vn 0.0000 1.0000 -0.0000
vn -0.7071 0.7071 -0.0000
vn -0.7071 0.7071 -0.0000
vn -0.7071 0.7071 -0.0000
vn -0.7071 0.7071 -0.0000
vn 0.7071 -0.0000 0.7071
vn 0.7071 -0.0000 0.7071
vn 0.7071 -0.0000 0.7071
vn 0.7071 -0.0000 0.7071
vn -0.0000 -0.0000 1.0000
vn -0.0000 -0.0000 1.0000
vn -0.0000 -0.0000 1.0000
vn -0.0000 -0.0000 1.0000
vn -0.0000 -0.7071 0.7071
vn -0.0000 -0.7071 0.7071
vn -0.0000 -0.7071 0.7071
vn -0.0000 -0.7071 0.7071
vn -0.0000 0.7071 0.7071
vn -0.0000 0.7071 0.7071
vn -0.0000 0.7071 0.7071
vn -0.0000 0.7071 0.7071
vn 0.0000 1.0000 -0.0000
vn 0.0000 1.0000 -0.0000
vn 0.0000 1.0000 -0.0000
vn 0.0000 1.0000 -0.0000
vn -0.7071 0.7071 -0.0000
vn -0.7071 0.7071 -0.0000
vn -0.7071 0.7071 -0.0000
vn -0.7071 0.7071 -0.0000
vn 0.7071 -0.0000 0.7071
vn 0.7071 -0.0000 0.7071
vn 0.7071 -0.0000 0.7071
vn 0.7071 -0.0000 0.7071
vn -0.0000 -0.0000 1.0000
vn -0.0000 -0.0000 1.0000
vn -0.0000 -0.0000 1.0000
vn -0.0000 -0.0000 1.0000
vn -0.0000 -0.7071 0.7071
vn -0.0000 -0.7071 0.7071
vn -0.0000 -0.7071 0.7071
vn -0.0000 -0.7071 0.7071
vn -0.0000 0.7071 0.7071
vn -0.0000 0.7071 0.7071
vn -0.0000 0.7071 0.7071
vn -0.0000 0.7071 0.7071
f 817//817 819//819 818//818
f 817//817 818//818 820//820
f 821//821 823//823 822//822
f 821//821 822//822 824//824
f 825//825 827//827 826//826
f 825//825 826//826 828//828
f 829//829 831//831 830//830
f 829//829 830//830 832//832
f 833//833 835//835 834//834
f 833//833 834//834 836//836
f 837//837 839//839 838//838
f 837//837 838//838 840//840
f 841//841 843//843 842//842
f 841//841 842//842 844//844
f 842//842 845//845 844//844
f 844//844 846//846 841//841
f 846//846 847//847 841//841
f 844//844 848//848 846//846
f 849//849 851//851 850//850
f 849//849 850//850 852//852
f 853//853 855//855 854//854
f 853//853 854//854 856//856
f 857//857 859//859 858//858
f 857//857 858//858 860//860
f 858//858 861//861 860//860
f 860//860 862//862 857//857
f 862//862 863//863 857//857
f 860//860 864//864 862//862
f 865//865 867//867 866//866
f 865//865 866//866 868//868
f 869//869 871//871 870//870
f 869//869 870//870 872//872
f 873//873 875//875 874//874
f 873//873 874//874 876//876
f 877//877 879//879 878//878
f 877//877 878//878 880//880
f 881//881 883//883 882//882
f 881//881 882//882 884//884
f 885//885 887//887 886//886
f 885//885 886//886 888//888
f 889//889 891//891 890//890
f 889//889 890//890 892//892
f 890//890 893//893 892//892
f 892//892 894//894 889//889
f 894//894 895//895 889//889
f 892//892 896//896 894//894
f 897//897 899//899 898//898
f 897//897 898//898 900//900
f 901//901 903//903 902//902
f 901//901 902//902 904//904
f 905//905 907//907 906//906
f 905//905 906//906 908//908
f 906//906 909//909 908//908
f 908//908 910//910 905//905
f 910//910 911//911 905//905
f 908//908 912//912 910//910
f 913//913 915//915 914//914
f 913//913 914//914 916//916
f 917//917 919//919 918//918
f 917//917 918//918 920//920
f 921//921 923//923 922//922
f 921//921 922//922 924//924
f 925//925 927//927 926//926
f 925//925 926//926 928//928
f 929//929 931//931 930//930
f 929//929 930//930 932//932
f 933//933 935//935 934//934
f 933//933 934//934 936//936
f 937//937 939//939 938//938
f 937//937 938//938 940//940
f 941//941 943//943 942//942
f 941//941 942//942 944//944
f 945//945 947//947 946//946
f 945//945 946//946 948//948
f 949//949 951//951 950//950
f 949//949 950//950 952//952
f 953//953 955//955 954//954
f 953//953 954//954 956//956
f 957//957 959//959 958//958
f 957//957 958//958 960//960
f 961//961 963//963 962//962
f 961//961 962//962 964//964
f 965//965 967//967 966//966
f 965//965 966//966 968//968
f 969//969 971//971 970//970
f 969//969 970//970 972//972
f 973//973 975//975 974//974
f 973//973 974//974 976//976
f 977//977 979//979 978//978
f 977//977 978//978 980//980
f 981//981 983//983 982//982
f 981//981 982//982 984//984
f 985//985 987//987 986//986
f 985//985 986//986 988//988
f 989//989 991//991 990//990
f 989//989 990//990 992//992
f 993//993 995//995 994//994
f 993//993 994//994 996//996
f 997//997 999//999 998//998
f 997//997 998//998 1000//1000
f 1001//1001 1003//1003 1002//1002
f 1001//1001 1002//1002 1004//1004
f 1005//1005 1007//1007 1006//1006
f 1005//1005 1006//1006 1008//1008
f 1009//1009 1011//1011 1010//1010
f 1009//1009 1010//1010 1012//1012
f 1013//1013 1015//1015 1014//1014
f 1013//1013 1014//1014 1016//1016
f 1017//1017 1019//1019 1018//1018
f 1017//1017 1018//1018 1020//1020
f 1021//1021 1023//1023 1022//1022
f 1021//1021 1022//1022 1024//1024
f 1025//1025 1027//1027 1026//1026
f 1025//1025 1026//1026 1028//1028
f 1029//1029 1031//1031 1030//1030
f 1029//1029 1030//1030 1032//1032
f 1033//1033 1035//1035 1034//1034
f 1033//1033 1034//1034 1036//1036
f 1037//1037 1039//1039 1038//1038
f 1037//1037 1038//1038 1040//1040
f 1041//1041 1043//1043 1042//1042
f 1041//1041 1042//1042 1044//1044
f 1045//1045 1047//1047 1046//1046
f 1045//1045 1046//1046 1048//1048
f 1049//1049 1051//1051 1050//1050
f 1049//1049 1050//1050 1052//1052
f 1053//1053 1055//1055 1054//1054
f 1053//1053 1054//1054 1056//1056
g core_gold
usemtl gold
v 0.06471 0.05000 -0.06471
v 0.06471 0.17999 -0.07671
v 0.06471 0.17999 -0.06471
v 0.06471 0.05000 -0.07671
v 0.06471 0.05000 -0.07671
v 0.07671 0.17999 -0.07671
v 0.06471 0.17999 -0.07671
v 0.07671 0.05000 -0.07671
v 0.07671 0.05000 -0.07671
v 0.07671 0.17999 -0.06471
v 0.07671 0.17999 -0.07671
v 0.07671 0.05000 -0.06471
v 0.07671 0.05000 -0.06471
v 0.06471 0.17999 -0.06471
v 0.07671 0.17999 -0.06471
v 0.06471 0.05000 -0.06471
v 0.06471 0.05000 -0.07671
v 0.07671 0.05000 -0.06471
v 0.07671 0.05000 -0.07671
v 0.06471 0.05000 -0.06471
v 0.07671 0.17999 -0.07671
v 0.06471 0.17999 -0.06471
v 0.06471 0.17999 -0.07671
v 0.07671 0.17999 -0.06471
v -0.07671 0.05000 -0.06471
v -0.07671 0.17999 -0.07671
v -0.07671 0.17999 -0.06471
v -0.07671 0.05000 -0.07671
v -0.07671 0.05000 -0.07671
v -0.06471 0.17999 -0.07671
v -0.07671 0.17999 -0.07671
v -0.06471 0.05000 -0.07671
v -0.06471 0.05000 -0.07671
v -0.06471 0.17999 -0.06471
v -0.06471 0.17999 -0.07671
v -0.06471 0.05000 -0.06471
v -0.06471 0.05000 -0.06471
v -0.07671 0.17999 -0.06471
v -0.06471 0.17999 -0.06471
v -0.07671 0.05000 -0.06471
v -0.07671 0.05000 -0.07671
v -0.06471 0.05000 -0.06471
v -0.06471 0.05000 -0.07671
v -0.07671 0.05000 -0.06471
v -0.06471 0.17999 -0.07671
v -0.07671 0.17999 -0.06471
v -0.07671 0.17999 -0.07671
v -0.06471 0.17999 -0.06471
v -0.07671 0.05000 0.07671
v -0.07671 0.17999 0.06471
v -0.07671 0.17999 0.07671
v -0.07671 0.05000 0.06471
v -0.07671 0.05000 0.06471
v -0.06471 0.17999 0.06471
v -0.07671 0.17999 0.06471
v -0.06471 0.05000 0.06471
v -0.06471 0.05000 0.06471
v -0.06471 0.17999 0.07671
v -0.06471 0.17999 0.06471
v -0.06471 0.05000 0.07671
v -0.06471 0.05000 0.07671
v -0.07671 0.17999 0.07671
v -0.06471 0.17999 0.07671
v -0.07671 0.05000 0.07671
v -0.07671 0.05000 0.06471
v -0.06471 0.05000 0.07671
v -0.06471 0.05000 0.06471
v -0.07671 0.05000 0.07671
v -0.06471 0.17999 0.06471
v -0.07671 0.17999 0.07671
v -0.07671 0.17999 0.06471
v -0.06471 0.17999 0.07671
v 0.06471 0.05000 0.07671
v 0.06471 0.17999 0.06471
v 0.06471 0.17999 0.07671
v 0.06471 0.05000 0.06471
v 0.06471 0.05000 0.06471
v 0.07671 0.17999 0.06471
v 0.06471 0.17999 0.06471
v 0.07671 0.05000 0.06471
v 0.07671 0.05000 0.06471
v 0.07671 0.17999 0.07671
v 0.07671 0.17999 0.06471
v 0.07671 0.05000 0.07671
v 0.07671 0.05000 0.07671
v 0.06471 0.17999 0.07671
v 0.07671 0.17999 0.07671
v 0.06471 0.05000 0.07671
v 0.06471 0.05000 0.06471
v 0.07671 0.05000 0.07671
v 0.07671 0.05000 0.06471
v 0.06471 0.05000 0.07671
v 0.07671 0.17999 0.06471
v 0.06471 0.17999 0.07671
v 0.06471 0.17999 0.06471
v 0.07671 0.17999 0.07671
v -0.00000 0.57000 -0.00000
v 0.04950 0.57000 -0.04950
v -0.00000 0.57000 -0.07000
v 0.07000 0.57000 -0.00000
v -0.04950 0.57000 -0.04950
v 0.04950 0.57000 0.04950
v -0.07000 0.57000 -0.00000
v -0.00000 0.57000 0.07000
v -0.04950 0.57000 0.04950
v -0.00000 0.57000 -0.07000
v 0.04950 0.57000 -0.04950
v -0.00000 0.67000 -0.00000
v 0.04950 0.57000 -0.04950
v 0.07000 0.57000 -0.00000
v -0.00000 0.67000 -0.00000
v 0.07000 0.57000 -0.00000
v 0.04950 0.57000 0.04950
v -0.00000 0.67000 -0.00000
v 0.04950 0.57000 0.04950
v -0.00000 0.57000 0.07000
v -0.00000 0.67000 -0.00000
v -0.00000 0.57000 0.07000
v -0.04950 0.57000 0.04950
v -0.00000 0.67000 -0.00000
v -0.04950 0.57000 0.04950
v -0.07000 0.57000 -0.00000
v -0.00000 0.67000 -0.00000
v -0.07000 0.57000 -0.00000
v -0.04950 0.57000 -0.04950
v -0.00000 0.67000 -0.00000
v -0.04950 0.57000 -0.04950
v -0.00000 0.57000 -0.07000
v -0.00000 0.67000 -0.00000
v -0.00000 0.67000 -0.00600
v 0.00571 0.75000 -0.00186
v -0.00000 0.75000 -0.00600
v 0.00571 0.67000 -0.00186
v 0.00571 0.67000 -0.00186
v 0.00352 0.75000 0.00485
v 0.00571 0.75000 -0.00186
v 0.00352 0.67000 0.00485
v 0.00352 0.67000 0.00485
v -0.00353 0.75000 0.00485
v 0.00352 0.75000 0.00485
v -0.00353 0.67000 0.00485
v 0.00352 0.75000 0.00485
v -0.00000 0.75000 -0.00600
v 0.00571 0.75000 -0.00186
v -0.00353 0.75000 0.00485
v -0.00571 0.75000 -0.00186
v -0.00353 0.67000 0.00485
v -0.00571 0.75000 -0.00186
v -0.00353 0.75000 0.00485
v -0.00571 0.67000 -0.00186
v -0.00571 0.67000 -0.00186
v -0.00000 0.75000 -0.00600
v -0.00571 0.75000 -0.00186
v -0.00000 0.67000 -0.00600
v -0.00571 0.67000 -0.00186
v 0.00571 0.67000 -0.00186
v -0.00000 0.67000 -0.00600
v -0.00353 0.67000 0.00485
v 0.00352 0.67000 0.00485
v 0.12000 0.30199 0.08000
v 0.11613 0.30974 0.09191
v 0.13013 0.30974 0.08736
v 0.13013 0.30974 0.08736
v 0.13013 0.30974 0.07264
v 0.12000 0.30199 0.08000
v 0.12000 0.30199 0.08000
v 0.10748 0.30974 0.08000
v 0.11613 0.30974 0.09191
v 0.12000 0.30199 0.08000
v 0.11613 0.30974 0.06809
v 0.10748 0.30974 0.08000
v 0.12000 0.30199 0.08000
v 0.13013 0.30974 0.07264
v 0.11613 0.30974 0.06809
v 0.13013 0.30974 0.08736
v 0.13252 0.32226 0.08000
v 0.13013 0.30974 0.07264
v 0.11613 0.30974 0.09191
v 0.12387 0.32226 0.09191
v 0.13013 0.30974 0.08736
v 0.10748 0.30974 0.08000
v 0.10987 0.32226 0.08736
v 0.11613 0.30974 0.09191
v 0.11613 0.30974 0.06809
v 0.10987 0.32226 0.07264
v 0.10748 0.30974 0.08000
v 0.13013 0.30974 0.07264
v 0.12387 0.32226 0.06809
v 0.11613 0.30974 0.06809
v 0.13013 0.30974 0.08736
v 0.12387 0.32226 0.09191
v 0.13252 0.32226 0.08000
v 0.11613 0.30974 0.09191
v 0.10987 0.32226 0.08736
v 0.12387 0.32226 0.09191
v 0.10748 0.30974 0.08000
v 0.10987 0.32226 0.07264
v 0.10987 0.32226 0.08736
v 0.11613 0.30974 0.06809
v 0.12387 0.32226 0.06809
v 0.10987 0.32226 0.07264
v 0.13013 0.30974 0.07264
v 0.13252 0.32226 0.08000
v 0.12387 0.32226 0.06809
v 0.12387 0.32226 0.09191
v 0.12000 0.33000 0.08000
v 0.13252 0.32226 0.08000
v 0.10987 0.32226 0.08736
v 0.12000 0.33000 0.08000
v 0.12387 0.32226 0.09191
v 0.10987 0.32226 0.07264
v 0.12000 0.33000 0.08000
v 0.10987 0.32226 0.08736
v 0.12387 0.32226 0.06809
v 0.12000 0.33000 0.08000
v 0.10987 0.32226 0.07264
v 0.13252 0.32226 0.08000
v 0.12000 0.33000 0.08000
v 0.12387 0.32226 0.06809
v 0.11700 0.21800 0.07500
v 0.11700 0.22999 -0.02500
v 0.11700 0.22999 0.07500
v 0.11700 0.21800 -0.02500
v 0.11700 0.21800 -0.02500
v 0.12300 0.22999 -0.02500
v 0.11700 0.22999 -0.02500
v 0.12300 0.21800 -0.02500
v 0.12300 0.21800 -0.02500
v 0.12300 0.22999 0.07500
v 0.12300 0.22999 -0.02500
v 0.12300 0.21800 0.07500
v 0.12300 0.21800 0.07500
v 0.11700 0.22999 0.07500
v 0.12300 0.22999 0.07500
v 0.11700 0.21800 0.07500
v 0.11700 0.21800 -0.02500
v 0.12300 0.21800 0.07500
v 0.12300 0.21800 -0.02500
v 0.11700 0.21800 0.07500
v 0.12300 0.22999 -0.02500
v 0.11700 0.22999 0.07500
v 0.11700 0.22999 -0.02500
v 0.12300 0.22999 0.07500
vn 0.0000 1.0000 -0.0000
vn 0.0000 1.0000 -0.0000
vn 0.0000 1.0000 -0.0000
vn 0.0000 1.0000 -0.0000
vn -0.7071 0.7071 -0.0000
vn -0.7071 0.7071 -0.0000
vn -0.7071 0.7071 -0.0000
vn -0.7071 0.7071 -0.0000
vn 0.7071 -0.0000 0.7071
vn 0.7071 -0.0000 0.7071
vn 0.7071 -0.0000 0.7071
vn 0.7071 -0.0000 0.7071
vn -0.0000 -0.0000 1.0000
vn -0.0000 -0.0000 1.0000
vn -0.0000 -0.0000 1.0000
vn -0.0000 -0.0000 1.0000
vn -0.0000 -0.7071 0.7071
vn -0.0000 -0.7071 0.7071
vn -0.0000 -0.7071 0.7071
vn -0.0000 -0.7071 0.7071
vn -0.0000 0.7071 0.7071
vn -0.0000 0.7071 0.7071
vn -0.0000 0.7071 0.7071
vn -0.0000 0.7071 0.7071
vn 0.0000 1.0000 -0.0000
vn 0.0000 1.0000 -0.0000
vn 0.0000 1.0000 -0.0000
vn 0.0000 1.0000 -0.0000
vn -0.7071 0.7071 -0.0000
vn -0.7071 0.7071 -0.0000
vn -0.7071 0.7071 -0.0000
vn -0.7071 0.7071 -0.0000
vn 0.7071 -0.0000 0.7071
vn 0.7071 -0.0000 0.7071
vn 0.7071 -0.0000 0.7071
vn 0.7071 -0.0000 0.7071
vn -0.0000 -0.0000 1.0000
vn -0.0000 -0.0000 1.0000
vn -0.0000 -0.0000 1.0000
vn -0.0000 -0.0000 1.0000
vn -0.0000 -0.7071 0.7071
vn -0.0000 -0.7071 0.7071
vn -0.0000 -0.7071 0.7071
vn -0.0000 -0.7071 0.7071
vn -0.0000 0.7071 0.7071
vn -0.0000 0.7071 0.7071
vn -0.0000 0.7071 0.7071
vn -0.0000 0.7071 0.7071
vn 0.0000 1.0000 -0.0000
vn 0.0000 1.0000 -0.0000
vn 0.0000 1.0000 -0.0000
vn 0.0000 1.0000 -0.0000
vn -0.7071 0.7071 -0.0000
vn -0.7071 0.7071 -0.0000
vn -0.7071 0.7071 -0.0000
vn -0.7071 0.7071 -0.0000
vn 0.7071 -0.0000 0.7071
vn 0.7071 -0.0000 0.7071
vn 0.7071 -0.0000 0.7071
vn 0.7071 -0.0000 0.7071
vn -0.0000 -0.0000 1.0000
vn -0.0000 -0.0000 1.0000
vn -0.0000 -0.0000 1.0000
vn -0.0000 -0.0000 1.0000
vn -0.0000 -0.7071 0.7071
vn -0.0000 -0.7071 0.7071
vn -0.0000 -0.7071 0.7071
vn -0.0000 -0.7071 0.7071
vn -0.0000 0.7071 0.7071
vn -0.0000 0.7071 0.7071
vn -0.0000 0.7071 0.7071
vn -0.0000 0.7071 0.7071
vn 0.0000 1.0000 -0.0000
vn 0.0000 1.0000 -0.0000
vn 0.0000 1.0000 -0.0000
vn 0.0000 1.0000 -0.0000
vn -0.7071 0.7071 -0.0000
vn -0.7071 0.7071 -0.0000
vn -0.7071 0.7071 -0.0000
vn -0.7071 0.7071 -0.0000
vn 0.7071 -0.0000 0.7071
vn 0.7071 -0.0000 0.7071
vn 0.7071 -0.0000 0.7071
vn 0.7071 -0.0000 0.7071
vn -0.0000 -0.0000 1.0000
vn -0.0000 -0.0000 1.0000
vn -0.0000 -0.0000 1.0000
vn -0.0000 -0.0000 1.0000
vn -0.0000 -0.7071 0.7071
vn -0.0000 -0.7071 0.7071
vn -0.0000 -0.7071 0.7071
vn -0.0000 -0.7071 0.7071
vn -0.0000 0.7071 0.7071
vn -0.0000 0.7071 0.7071
vn -0.0000 0.7071 0.7071
vn -0.0000 0.7071 0.7071
vn -0.0000 -0.7071 0.7071
vn -0.0000 -0.7071 0.7071
vn -0.0000 -0.7071 0.7071
vn -0.0000 -0.7071 0.7071
vn -0.0000 -0.7071 0.7071
vn -0.0000 -0.7071 0.7071
vn -0.0000 -0.7071 0.7071
vn -0.0000 -0.7071 0.7071
vn -0.0000 -0.7071 0.7071
vn 0.6306 -0.7667 -0.1203
vn 0.6306 -0.7667 -0.1203
vn 0.6306 -0.7667 -0.1203
vn 0.6762 0.4511 0.5825
vn 0.6762 0.4511 0.5825
vn 0.6762 0.4511 0.5825
vn 0.4774 0.3338 0.8128
vn 0.4774 0.3338 0.8128
vn 0.4774 0.3338 0.8128
vn 0.2804 0.2198 0.9344
vn 0.2804 0.2198 0.9344
vn 0.2804 0.2198 0.9344
vn 0.1256 0.4411 0.8886
vn 0.1256 0.4411 0.8886
vn 0.1256 0.4411 0.8886
vn 0.0414 0.8027 0.5949
vn 0.0414 0.8027 0.5949
vn 0.0414 0.8027 0.5949
vn -0.1819 0.8673 0.4633
vn -0.1819 0.8673 0.4633
vn -0.1819 0.8673 0.4633
vn -0.4774 0.8124 0.3348
vn -0.4774 0.8124 0.3348
vn -0.4774 0.8124 0.3348
vn 0.8755 -0.3905 0.2845
vn 0.8755 -0.3905 0.2845
vn 0.8755 -0.3905 0.2845
vn 0.8755 -0.3905 0.2845
vn 0.5875 -0.0294 0.8087
vn 0.5875 -0.0294 0.8087
vn 0.5875 -0.0294 0.8087
vn 0.5875 -0.0294 0.8087
vn -0.0000 -0.0000 1.0000
vn -0.0000 -0.0000 1.0000
vn -0.0000 -0.0000 1.0000
vn -0.0000 -0.0000 1.0000
vn -0.0000 0.7071 0.7071
vn -0.0000 0.7071 0.7071
vn -0.0000 0.7071 0.7071
vn -0.0000 0.7071 0.7071
vn -0.0000 0.7071 0.7071
vn -0.0499 0.9964 0.0687
vn -0.0499 0.9964 0.0687
vn -0.0499 0.9964 0.0687
vn -0.0499 0.9964 0.0687
vn -0.4038 0.9054 0.1312
vn -0.4038 0.9054 0.1312
vn -0.4038 0.9054 0.1312
vn -0.4038 0.9054 0.1312
vn -0.0000 -0.7071 0.7071
vn -0.0000 -0.7071 0.7071
vn -0.0000 -0.7071 0.7071
vn -0.0000 -0.7071 0.7071
vn -0.0000 -0.7071 0.7071
vn -0.0795 -0.4827 0.8722
vn -0.0795 -0.4827 0.8722
vn -0.0795 -0.4827 0.8722
vn 0.3666 -0.6071 0.7050
vn 0.3666 -0.6071 0.7050
vn 0.3666 -0.6071 0.7050
vn 0.1816 0.5485 -0.8162
vn 0.1816 0.5485 -0.8162
vn 0.1816 0.5485 -0.8162
vn -0.0193 0.8657 -0.5001
vn -0.0193 0.8657 -0.5001
vn -0.0193 0.8657 -0.5001
vn -0.4310 0.7842 -0.4464
vn -0.4310 0.7842 -0.4464
vn -0.4310 0.7842 -0.4464
vn 0.6943 -0.1338 0.7071
vn 0.6943 -0.1338 0.7071
vn 0.6943 -0.1338 0.7071
vn 0.0843 -0.2056 0.9750
vn 0.0843 -0.2056 0.9750
vn 0.0843 -0.2056 0.9750
vn -0.3100 0.9359 0.1673
vn -0.3100 0.9359 0.1673
vn -0.3100 0.9359 0.1673
vn -0.1515 0.9876 -0.0411
vn -0.1515 0.9876 -0.0411
vn -0.1515 0.9876 -0.0411
vn 0.7901 -0.5858 0.1808
vn 0.7901 -0.5858 0.1808
vn 0.7901 -0.5858 0.1808
vn 0.4624 0.0369 0.8859
vn 0.4624 0.0369 0.8859
vn 0.4624 0.0369 0.8859
vn -0.0249 0.2948 0.9552
vn -0.0249 0.2948 0.9552
vn -0.0249 0.2948 0.9552
vn -0.0017 0.9826 0.1859
vn -0.0017 0.9826 0.1859
vn -0.0017 0.9826 0.1859
vn -0.5790 0.7977 0.1683
vn -0.5790 0.7977 0.1683
vn -0.5790 0.7977 0.1683
vn 0.8940 -0.0789 0.4410
vn 0.8940 -0.0789 0.4410
vn 0.8940 -0.0789 0.4410
vn 0.3088 0.4757 0.8236
vn 0.3088 0.4757 0.8236
vn 0.3088 0.4757 0.8236
vn 0.1359 0.4900 0.8611
vn 0.1359 0.4900 0.8611
vn 0.1359 0.4900 0.8611
vn -0.0827 0.7552 0.6503
vn -0.0827 0.7552 0.6503
vn -0.0827 0.7552 0.6503
vn 0.3427 -0.8220 -0.4549
vn 0.3427 -0.8220 -0.4549
vn 0.3427 -0.8220 -0.4549
vn -0.1939 -0.8143 -0.5472
vn -0.1939 -0.8143 -0.5472
vn -0.1939 -0.8143 -0.5472
vn 0.0000 1.0000 -0.0000
vn 0.0000 1.0000 -0.0000
vn 0.0000 1.0000 -0.0000
vn 0.0000 1.0000 -0.0000
vn -0.7071 0.7071 -0.0000
vn -0.7071 0.7071 -0.0000
vn -0.7071 0.7071 -0.0000
vn -0.7071 0.7071 -0.0000
vn 0.7071 -0.0000 0.7071
vn 0.7071 -0.0000 0.7071
vn 0.7071 -0.0000 0.7071
vn 0.7071 -0.0000 0.7071
vn -0.0000 -0.0000 1.0000
vn -0.0000 -0.0000 1.0000
vn -0.0000 -0.0000 1.0000
vn -0.0000 -0.0000 1.0000
vn -0.0000 -0.7071 0.7071
vn -0.0000 -0.7071 0.7071
vn -0.0000 -0.7071 0.7071
vn -0.0000 -0.7071 0.7071
vn -0.0000 0.7071 0.7071
vn -0.0000 0.7071 0.7071
vn -0.0000 0.7071 0.7071
vn -0.0000 0.7071 0.7071
f 1057//1057 1059//1059 1058//1058
f 1057//1057 1058//1058 1060//1060
f 1061//1061 1063//1063 1062//1062
f 1061//1061 1062//1062 1064//1064
f 1065//1065 1067//1067 1066//1066
f 1065//1065 1066//1066 1068//1068
f 1069//1069 1071//1071 1070//1070
f 1069//1069 1070//1070 1072//1072
f 1073//1073 1075//1075 1074//1074
f 1073//1073 1074//1074 1076//1076
f 1077//1077 1079//1079 1078//1078
f 1077//1077 1078//1078 1080//1080
f 1081//1081 1083//1083 1082//1082
f 1081//1081 1082//1082 1084//1084
f 1085//1085 1087//1087 1086//1086
f 1085//1085 1086//1086 1088//1088
f 1089//1089 1091//1091 1090//1090
f 1089//1089 1090//1090 1092//1092
f 1093//1093 1095//1095 1094//1094
f 1093//1093 1094//1094 1096//1096
f 1097//1097 1099//1099 1098//1098
f 1097//1097 1098//1098 1100//1100
f 1101//1101 1103//1103 1102//1102
f 1101//1101 1102//1102 1104//1104
f 1105//1105 1107//1107 1106//1106
f 1105//1105 1106//1106 1108//1108
f 1109//1109 1111//1111 1110//1110
f 1109//1109 1110//1110 1112//1112
f 1113//1113 1115//1115 1114//1114
f 1113//1113 1114//1114 1116//1116
f 1117//1117 1119//1119 1118//1118
f 1117//1117 1118//1118 1120//1120
f 1121//1121 1123//1123 1122//1122
f 1121//1121 1122//1122 1124//1124
f 1125//1125 1127//1127 1126//1126
f 1125//1125 1126//1126 1128//1128
f 1129//1129 1131//1131 1130//1130
f 1129//1129 1130//1130 1132//1132
f 1133//1133 1135//1135 1134//1134
f 1133//1133 1134//1134 1136//1136
f 1137//1137 1139//1139 1138//1138
f 1137//1137 1138//1138 1140//1140
f 1141//1141 1143//1143 1142//1142
f 1141//1141 1142//1142 1144//1144
f 1145//1145 1147//1147 1146//1146
f 1145//1145 1146//1146 1148//1148
f 1149//1149 1151//1151 1150//1150
f 1149//1149 1150//1150 1152//1152
f 1153//1153 1155//1155 1154//1154
f 1153//1153 1154//1154 1156//1156
f 1153//1153 1157//1157 1155//1155
f 1153//1153 1156//1156 1158//1158
f 1153//1153 1159//1159 1157//1157
f 1153//1153 1158//1158 1160//1160
f 1153//1153 1161//1161 1159//1159
f 1153//1153 1160//1160 1161//1161
f 1162//1162 1164//1164 1163//1163
f 1165//1165 1167//1167 1166//1166
f 1168//1168 1170//1170 1169//1169
f 1171//1171 1173//1173 1172//1172
f 1174//1174 1176//1176 1175//1175
f 1177//1177 1179//1179 1178//1178
f 1180//1180 1182//1182 1181//1181
f 1183//1183 1185//1185 1184//1184
f 1186//1186 1188//1188 1187//1187
f 1186//1186 1187//1187 1189//1189
f 1190//1190 1192//1192 1191//1191
f 1190//1190 1191//1191 1193//1193
f 1194//1194 1196//1196 1195//1195
f 1194//1194 1195//1195 1197//1197
f 1198//1198 1200//1200 1199//1199
f 1199//1199 1201//1201 1198//1198
f 1199//1199 1202//1202 1201//1201
f 1203//1203 1205//1205 1204//1204
f 1203//1203 1204//1204 1206//1206
f 1207//1207 1209//1209 1208//1208
f 1207//1207 1208//1208 1210//1210
f 1211//1211 1213//1213 1212//1212
f 1212//1212 1214//1214 1211//1211
f 1212//1212 1215//1215 1214//1214
f 1216//1216 1218//1218 1217//1217
f 1219//1219 1221//1221 1220//1220
f 1222//1222 1224//1224 1223//1223
f 1225//1225 1227//1227 1226//1226
f 1228//1228 1230//1230 1229//1229
f 1231//1231 1233//1233 1232//1232
f 1234//1234 1236//1236 1235//1235
f 1237//1237 1239//1239 1238//1238
f 1240//1240 1242//1242 1241//1241
f 1243//1243 1245//1245 1244//1244
f 1246//1246 1248//1248 1247//1247
f 1249//1249 1251//1251 1250//1250
f 1252//1252 1254//1254 1253//1253
f 1255//1255 1257//1257 1256//1256
f 1258//1258 1260//1260 1259//1259
f 1261//1261 1263//1263 1262//1262
f 1264//1264 1266//1266 1265//1265
f 1267//1267 1269//1269 1268//1268
f 1270//1270 1272//1272 1271//1271
f 1273//1273 1275//1275 1274//1274
f 1276//1276 1278//1278 1277//1277
f 1276//1276 1277//1277 1279//1279
f 1280//1280 1282//1282 1281//1281
f 1280//1280 1281//1281 1283//1283
f 1284//1284 1286//1286 1285//1285
f 1284//1284 1285//1285 1287//1287
f 1288//1288 1290//1290 1289//1289
f 1288//1288 1289//1289 1291//1291
f 1292//1292 1294//1294 1293//1293
f 1292//1292 1293//1293 1295//1295
f 1296//1296 1298//1298 1297//1297
f 1296//1296 1297//1297 1299//1299
g core_fire
usemtl fire
v -0.00000 0.49000 -0.00000
v -0.01106 0.51211 0.03403
v 0.02894 0.51211 0.02103
v 0.02894 0.51211 0.02103
v 0.02894 0.51211 -0.02103
v -0.00000 0.49000 -0.00000
v -0.00000 0.49000 -0.00000
v -0.03578 0.51211 -0.00000
v -0.01106 0.51211 0.03403
v -0.00000 0.49000 -0.00000
v -0.01106 0.51211 -0.03403
v -0.03578 0.51211 -0.00000
v -0.00000 0.49000 -0.00000
v 0.02894 0.51211 -0.02103
v -0.01106 0.51211 -0.03403
v 0.02894 0.51211 0.02103
v 0.03578 0.54789 -0.00000
v 0.02894 0.51211 -0.02103
v -0.01106 0.51211 0.03403
v 0.01105 0.54789 0.03403
v 0.02894 0.51211 0.02103
v -0.03578 0.51211 -0.00000
v -0.02894 0.54789 0.02103
v -0.01106 0.51211 0.03403
v -0.01106 0.51211 -0.03403
v -0.02894 0.54789 -0.02103
v -0.03578 0.51211 -0.00000
v 0.02894 0.51211 -0.02103
v 0.01105 0.54789 -0.03403
v -0.01106 0.51211 -0.03403
v 0.02894 0.51211 0.02103
v 0.01105 0.54789 0.03403
v 0.03578 0.54789 -0.00000
v -0.01106 0.51211 0.03403
v -0.02894 0.54789 0.02103
v 0.01105 0.54789 0.03403
v -0.03578 0.51211 -0.00000
v -0.02894 0.54789 -0.02103
v -0.02894 0.54789 0.02103
v -0.01106 0.51211 -0.03403
v 0.01105 0.54789 -0.03403
v -0.02894 0.54789 -0.02103
v 0.02894 0.51211 -0.02103
v 0.03578 0.54789 -0.00000
v 0.01105 0.54789 -0.03403
v 0.01105 0.54789 0.03403
v -0.00000 0.57000 -0.00000
v 0.03578 0.54789 -0.00000
v -0.02894 0.54789 0.02103
v -0.00000 0.57000 -0.00000
v 0.01105 0.54789 0.03403
v -0.02894 0.54789 -0.02103
v -0.00000 0.57000 -0.00000
v -0.02894 0.54789 0.02103
v 0.01105 0.54789 -0.03403
v -0.00000 0.57000 -0.00000
v -0.02894 0.54789 -0.02103
v 0.03578 0.54789 -0.00000
v -0.00000 0.57000 -0.00000
v 0.01105 0.54789 -0.03403
vn -0.0795 -0.4827 0.8722
vn -0.0795 -0.4827 0.8722
vn -0.0795 -0.4827 0.8722
vn 0.3666 -0.6071 0.7050
vn 0.3666 -0.6071 0.7050
vn 0.3666 -0.6071 0.7050
vn 0.1816 0.5485 -0.8162
vn 0.1816 0.5485 -0.8162
vn 0.1816 0.5485 -0.8162
vn -0.0193 0.8657 -0.5001
vn -0.0193 0.8657 -0.5001
vn -0.0193 0.8657 -0.5001
vn -0.4310 0.7842 -0.4464
vn -0.4310 0.7842 -0.4464
vn -0.4310 0.7842 -0.4464
vn 0.6943 -0.1338 0.7071
vn 0.6943 -0.1338 0.7071
vn 0.6943 -0.1338 0.7071
vn 0.0843 -0.2056 0.9750
vn 0.0843 -0.2056 0.9750
vn 0.0843 -0.2056 0.9750
vn -0.3100 0.9359 0.1673
vn -0.3100 0.9359 0.1673
vn -0.3100 0.9359 0.1673
vn -0.1515 0.9876 -0.0411
vn -0.1515 0.9876 -0.0411
vn -0.1515 0.9876 -0.0411
vn 0.7901 -0.5858 0.1808
vn 0.7901 -0.5858 0.1808
vn 0.7901 -0.5858 0.1808
vn 0.4624 0.0369 0.8859
vn 0.4624 0.0369 0.8859
vn 0.4624 0.0369 0.8859
vn -0.0249 0.2948 0.9552
vn -0.0249 0.2948 0.9552
vn -0.0249 0.2948 0.9552
vn -0.0017 0.9826 0.1859
vn -0.0017 0.9826 0.1859
vn -0.0017 0.9826 0.1859
vn -0.5790 0.7977 0.1683
vn -0.5790 0.7977 0.1683
vn -0.5790 0.7977 0.1683
vn 0.8940 -0.0789 0.4410
vn 0.8940 -0.0789 0.4410
vn 0.8940 -0.0789 0.4410
vn 0.3088 0.4757 0.8236
vn 0.3088 0.4757 0.8236
vn 0.3088 0.4757 0.8236
vn 0.1359 0.4900 0.8611
vn 0.1359 0.4900 0.8611
vn 0.1359 0.4900 0.8611
vn -0.0827 0.7552 0.6503
vn -0.0827 0.7552 0.6503
vn -0.0827 0.7552 0.6503
vn 0.3427 -0.8220 -0.4549
vn 0.3427 -0.8220 -0.4549
vn 0.3427 -0.8220 -0.4549
vn -0.1939 -0.8143 -0.5472
vn -0.1939 -0.8143 -0.5472
vn -0.1939 -0.8143 -0.5472
f 1300//1300 1302//1302 1301//1301
f 1303//1303 1305//1305 1304//1304
f 1306//1306 1308//1308 1307//1307
f 1309//1309 1311//1311 1310//1310
f 1312//1312 1314//1314 1313//1313
f 1315//1315 1317//1317 1316//1316
f 1318//1318 1320//1320 1319//1319
f 1321//1321 1323//1323 1322//1322
f 1324//1324 1326//1326 1325//1325
f 1327//1327 1329//1329 1328//1328
f 1330//1330 1332//1332 1331//1331
f 1333//1333 1335//1335 1334//1334
f 1336//1336 1338//1338 1337//1337
f 1339//1339 1341//1341 1340//1340
f 1342//1342 1344//1344 1343//1343
f 1345//1345 1347//1347 1346//1346
f 1348//1348 1350//1350 1349//1349
f 1351//1351 1353//1353 1352//1352
f 1354//1354 1356//1356 1355//1355
f 1357//1357 1359//1359 1358//1358
g core_wood_dark
usemtl wood_dark
v 0.12000 0.05000 0.07200
v 0.12693 0.31000 0.07600
v 0.12000 0.31000 0.07200
v 0.12693 0.05000 0.07600
v 0.12693 0.05000 0.07600
v 0.12693 0.31000 0.08400
v 0.12693 0.31000 0.07600
v 0.12693 0.05000 0.08400
v 0.12693 0.05000 0.08400
v 0.12000 0.31000 0.08800
v 0.12693 0.31000 0.08400
v 0.12000 0.05000 0.08800
v 0.12000 0.05000 0.08800
v 0.11307 0.31000 0.08400
v 0.12000 0.31000 0.08800
v 0.11307 0.05000 0.08400
v 0.12693 0.31000 0.08400
v 0.12000 0.31000 0.07200
v 0.12693 0.31000 0.07600
v 0.11307 0.31000 0.08400
v 0.12000 0.31000 0.08800
v 0.11307 0.31000 0.07600
v 0.11307 0.05000 0.08400
v 0.11307 0.31000 0.07600
v 0.11307 0.31000 0.08400
v 0.11307 0.05000 0.07600
v 0.11307 0.05000 0.07600
v 0.12000 0.31000 0.07200
v 0.11307 0.31000 0.07600
v 0.12000 0.05000 0.07200
v 0.11307 0.05000 0.07600
v 0.12693 0.05000 0.07600
v 0.12000 0.05000 0.07200
v 0.12000 0.05000 0.08800
v 0.11307 0.05000 0.08400
v 0.12693 0.05000 0.08400
vn 0.8581 -0.4592 0.2299
vn 0.8581 -0.4592 0.2299
vn 0.8581 -0.4592 0.2299
vn 0.8581 -0.4592 0.2299
vn 0.7071 -0.0000 0.7071
vn 0.7071 -0.0000 0.7071
vn 0.7071 -0.0000 0.7071
vn 0.7071 -0.0000 0.7071
vn 0.2563 -0.1372 0.9568
vn 0.2563 -0.1372 0.9568
vn 0.2563 -0.1372 0.9568
vn 0.2563 -0.1372 0.9568
vn -0.2330 0.4353 0.8696
vn -0.2330 0.4353 0.8696
vn -0.2330 0.4353 0.8696
vn -0.2330 0.4353 0.8696
vn -0.0000 0.7071 0.7071
vn -0.0000 0.7071 0.7071
vn -0.0000 0.7071 0.7071
vn -0.0000 0.7071 0.7071
vn -0.0000 0.7071 0.7071
vn -0.0000 0.7071 0.7071
vn 0.0000 1.0000 -0.0000
vn 0.0000 1.0000 -0.0000
vn 0.0000 1.0000 -0.0000
vn 0.0000 1.0000 -0.0000
vn -0.4681 0.8747 0.1254
vn -0.4681 0.8747 0.1254
vn -0.4681 0.8747 0.1254
vn -0.4681 0.8747 0.1254
vn -0.0000 -0.7071 0.7071
vn -0.0000 -0.7071 0.7071
vn -0.0000 -0.7071 0.7071
vn -0.0000 -0.7071 0.7071
vn -0.0000 -0.7071 0.7071
vn -0.0000 -0.7071 0.7071
f 1360//1360 1362//1362 1361//1361
f 1360//1360 1361//1361 1363//1363
f 1364//1364 1366//1366 1365//1365
f 1364//1364 1365//1365 1367//1367
f 1368//1368 1370//1370 1369//1369
f 1368//1368 1369//1369 1371//1371
f 1372//1372 1374//1374 1373//1373
f 1372//1372 1373//1373 1375//1375
f 1376//1376 1378//1378 1377//1377
f 1377//1377 1379//1379 1376//1376
f 1379//1379 1380//1380 1376//1376
f 1377//1377 1381//1381 1379//1379
f 1382//1382 1384//1384 1383//1383
f 1382//1382 1383//1383 1385//1385
f 1386//1386 1388//1388 1387//1387
f 1386//1386 1387//1387 1389//1389
f 1390//1390 1392//1392 1391//1391
f 1391//1391 1393//1393 1390//1390
f 1393//1393 1394//1394 1390//1390
f 1391//1391 1395//1395 1393//1393
g core_team
usemtl team
v 0.11900 0.23000 0.07300
v 0.11700 0.23200 0.07300
v 0.11900 0.23200 0.07500
v 0.11900 0.29800 0.07500
v 0.11700 0.29800 0.07300
v 0.11900 0.30000 0.07300
v 0.11900 0.23000 -0.02300
v 0.11900 0.23200 -0.02500
v 0.11700 0.23200 -0.02300
v 0.11900 0.30000 -0.02300
v 0.11700 0.29800 -0.02300
v 0.11900 0.29800 -0.02500
v 0.12100 0.23000 0.07300
v 0.12100 0.23200 0.07500
v 0.12300 0.23200 0.07300
v 0.12100 0.30000 0.07300
v 0.12300 0.29800 0.07300
v 0.12100 0.29800 0.07500
v 0.12100 0.23000 -0.02300
v 0.12300 0.23200 -0.02300
v 0.12100 0.23200 -0.02500
v 0.12100 0.30000 -0.02300
v 0.12100 0.29800 -0.02500
v 0.12300 0.29800 -0.02300
v 0.11900 0.23000 -0.02300
v 0.11700 0.23200 0.07300
v 0.11900 0.23000 0.07300
v 0.11700 0.23200 -0.02300
v 0.11900 0.23200 0.07500
v 0.11700 0.29800 0.07300
v 0.11900 0.29800 0.07500
v 0.11700 0.23200 0.07300
v 0.11900 0.30000 0.07300
v 0.11700 0.29800 -0.02300
v 0.11900 0.30000 -0.02300
v 0.11700 0.29800 0.07300
v 0.11900 0.29800 -0.02500
v 0.11700 0.23200 -0.02300
v 0.11900 0.23200 -0.02500
v 0.11700 0.29800 -0.02300
v 0.12100 0.23000 -0.02300
v 0.11900 0.23200 -0.02500
v 0.11900 0.23000 -0.02300
v 0.12100 0.23200 -0.02500
v 0.11900 0.30000 -0.02300
v 0.12100 0.29800 -0.02500
v 0.12100 0.30000 -0.02300
v 0.11900 0.29800 -0.02500
v 0.12300 0.29800 -0.02300
v 0.12100 0.23200 -0.02500
v 0.12300 0.23200 -0.02300
v 0.12100 0.29800 -0.02500
v 0.12100 0.23000 0.07300
v 0.12300 0.23200 -0.02300
v 0.12100 0.23000 -0.02300
v 0.12300 0.23200 0.07300
v 0.12100 0.30000 -0.02300
v 0.12300 0.29800 0.07300
v 0.12100 0.30000 0.07300
v 0.12300 0.29800 -0.02300
v 0.12100 0.29800 0.07500
v 0.12300 0.23200 0.07300
v 0.12100 0.23200 0.07500
v 0.12300 0.29800 0.07300
v 0.11900 0.23000 0.07300
v 0.12100 0.23200 0.07500
v 0.12100 0.23000 0.07300
v 0.11900 0.23200 0.07500
v 0.12100 0.30000 0.07300
v 0.11900 0.29800 0.07500
v 0.11900 0.30000 0.07300
v 0.12100 0.29800 0.07500
v 0.11900 0.23000 -0.02300
v 0.12100 0.23000 0.07300
v 0.12100 0.23000 -0.02300
v 0.11900 0.23000 0.07300
v 0.11700 0.23200 0.07300
v 0.11700 0.29800 -0.02300
v 0.11700 0.29800 0.07300
v 0.11700 0.23200 -0.02300
v 0.12100 0.23200 0.07500
v 0.11900 0.29800 0.07500
v 0.12100 0.29800 0.07500
v 0.11900 0.23200 0.07500
v 0.12100 0.30000 -0.02300
v 0.11900 0.30000 0.07300
v 0.11900 0.30000 -0.02300
v 0.12100 0.30000 0.07300
v 0.11900 0.23200 -0.02500
v 0.12100 0.29800 -0.02500
v 0.11900 0.29800 -0.02500
v 0.12100 0.23200 -0.02500
v 0.12300 0.23200 -0.02300
v 0.12300 0.29800 0.07300
v 0.12300 0.29800 -0.02300
v 0.12300 0.23200 0.07300
vn -0.5773 -0.5774 0.5774
vn -0.5773 -0.5774 0.5774
vn -0.5773 -0.5774 0.5774
vn -0.5775 0.5773 0.5773
vn -0.5775 0.5773 0.5773
vn -0.5775 0.5773 0.5773
vn -0.5774 -0.5773 -0.5774
vn -0.5774 -0.5773 -0.5774
vn -0.5774 -0.5773 -0.5774
vn -0.5774 0.5773 -0.5774
vn -0.5774 0.5773 -0.5774
vn -0.5774 0.5773 -0.5774
vn 0.5773 -0.5775 0.5773
vn 0.5773 -0.5775 0.5773
vn 0.5773 -0.5775 0.5773
vn 0.5774 0.5774 0.5774
vn 0.5774 0.5774 0.5774
vn 0.5774 0.5774 0.5774
vn 0.5774 -0.5773 -0.5774
vn 0.5774 -0.5773 -0.5774
vn 0.5774 -0.5773 -0.5774
vn 0.5774 0.5773 -0.5773
vn 0.5774 0.5773 -0.5773
vn 0.5774 0.5773 -0.5773
vn -0.7071 -0.7071 -0.0001
vn -0.7071 -0.7071 -0.0001
vn -0.7071 -0.7071 -0.0001
vn -0.7071 -0.7071 -0.0001
vn -0.7071 -0.0000 0.7071
vn -0.7071 -0.0000 0.7071
vn -0.7071 -0.0000 0.7071
vn -0.7071 -0.0000 0.7071
vn -0.7071 0.7071 -0.0000
vn -0.7071 0.7071 -0.0000
vn -0.7071 0.7071 -0.0000
vn -0.7071 0.7071 -0.0000
vn -0.7071 0.0000 -0.7071
vn -0.7071 0.0000 -0.7071
vn -0.7071 0.0000 -0.7071
vn -0.7071 0.0000 -0.7071
vn 0.0000 -0.7071 -0.7071
vn 0.0000 -0.7071 -0.7071
vn 0.0000 -0.7071 -0.7071
vn 0.0000 -0.7071 -0.7071
vn 0.0000 0.7071 -0.7071
vn 0.0000 0.7071 -0.7071
vn 0.0000 0.7071 -0.7071
vn 0.0000 0.7071 -0.7071
vn 0.7071 0.0000 -0.7071
vn 0.7071 0.0000 -0.7071
vn 0.7071 0.0000 -0.7071
vn 0.7071 0.0000 -0.7071
vn 0.7071 -0.7071 -0.0000
vn 0.7071 -0.7071 -0.0000
vn 0.7071 -0.7071 -0.0000
vn 0.7071 -0.7071 -0.0000
vn 0.7071 0.7071 0.0000
vn 0.7071 0.7071 0.0000
vn 0.7071 0.7071 0.0000
vn 0.7071 0.7071 0.0000
vn 0.7071 -0.0000 0.7071
vn 0.7071 -0.0000 0.7071
vn 0.7071 -0.0000 0.7071
vn 0.7071 -0.0000 0.7071
vn -0.0000 -0.7071 0.7071
vn -0.0000 -0.7071 0.7071
vn -0.0000 -0.7071 0.7071
vn -0.0000 -0.7071 0.7071
vn -0.0000 0.7071 0.7071
vn -0.0000 0.7071 0.7071
vn -0.0000 0.7071 0.7071
vn -0.0000 0.7071 0.7071
vn 0.0000 -1.0000 -0.0000
vn 0.0000 -1.0000 -0.0000
vn 0.0000 -1.0000 -0.0000
vn 0.0000 -1.0000 -0.0000
vn -1.0000 0.0000 -0.0000
vn -1.0000 0.0000 -0.0000
vn -1.0000 0.0000 -0.0000
vn -1.0000 0.0000 -0.0000
vn -0.0000 -0.0000 1.0000
vn -0.0000 -0.0000 1.0000
vn -0.0000 -0.0000 1.0000
vn -0.0000 -0.0000 1.0000
vn 0.0000 1.0000 -0.0000
vn 0.0000 1.0000 -0.0000
vn 0.0000 1.0000 -0.0000
vn 0.0000 1.0000 -0.0000
vn 0.0000 0.0000 -1.0000
vn 0.0000 0.0000 -1.0000
vn 0.0000 0.0000 -1.0000
vn 0.0000 0.0000 -1.0000
vn 1.0000 0.0000 -0.0000
vn 1.0000 0.0000 -0.0000
vn 1.0000 0.0000 -0.0000
vn 1.0000 0.0000 -0.0000
f 1396//1396 1398//1398 1397//1397
f 1399//1399 1401//1401 1400//1400
f 1402//1402 1404//1404 1403//1403
f 1405//1405 1407//1407 1406//1406
f 1408//1408 1410//1410 1409//1409
f 1411//1411 1413//1413 1412//1412
f 1414//1414 1416//1416 1415//1415
f 1417//1417 1419//1419 1418//1418
f 1420//1420 1422//1422 1421//1421
f 1420//1420 1421//1421 1423//1423
f 1424//1424 1426//1426 1425//1425
f 1424//1424 1425//1425 1427//1427
f 1428//1428 1430//1430 1429//1429
f 1428//1428 1429//1429 1431//1431
f 1432//1432 1434//1434 1433//1433
f 1432//1432 1433//1433 1435//1435
f 1436//1436 1438//1438 1437//1437
f 1436//1436 1437//1437 1439//1439
f 1440//1440 1442//1442 1441//1441
f 1440//1440 1441//1441 1443//1443
f 1444//1444 1446//1446 1445//1445
f 1444//1444 1445//1445 1447//1447
f 1448//1448 1450//1450 1449//1449
f 1448//1448 1449//1449 1451//1451
f 1452//1452 1454//1454 1453//1453
f 1452//1452 1453//1453 1455//1455
f 1456//1456 1458//1458 1457//1457
f 1456//1456 1457//1457 1459//1459
f 1460//1460 1462//1462 1461//1461
f 1460//1460 1461//1461 1463//1463
f 1464//1464 1466//1466 1465//1465
f 1464//1464 1465//1465 1467//1467
f 1468//1468 1470//1470 1469//1469
f 1468//1468 1469//1469 1471//1471
f 1472//1472 1474//1474 1473//1473
f 1472//1472 1473//1473 1475//1475
f 1476//1476 1478//1478 1477//1477
f 1476//1476 1477//1477 1479//1479
f 1480//1480 1482//1482 1481//1481
f 1480//1480 1481//1481 1483//1483
f 1484//1484 1486//1486 1485//1485
f 1484//1484 1485//1485 1487//1487
f 1488//1488 1490//1490 1489//1489
f 1488//1488 1489//1489 1491//1491
