mtllib horse_archer.mtl
o body
g body_leather
usemtl leather
v 0.06230 0.31400 0.04500
v -0.06230 0.32200 0.04500
v 0.06230 0.32200 0.04500
v -0.06230 0.31400 0.04500
v 0.06630 0.31400 -0.04100
v 0.06630 0.32200 0.04100
v 0.06630 0.32200 -0.04100
v 0.06630 0.31400 0.04100
v 0.06230 0.32600 -0.04100
v -0.06230 0.32600 0.04100
v -0.06230 0.32600 -0.04100
v 0.06230 0.32600 0.04100
v -0.06630 0.31400 0.04100
v -0.06630 0.32200 -0.04100
v -0.06630 0.32200 0.04100
v -0.06630 0.31400 -0.04100
v -0.06230 0.31400 -0.04500
v 0.06230 0.32200 -0.04500
v -0.06230 0.32200 -0.04500
v 0.06230 0.31400 -0.04500
v -0.06230 0.31000 0.04100
v -0.06630 0.31400 0.04100
v -0.06230 0.31400 0.04500
v -0.06230 0.32200 0.04500
v -0.06630 0.32200 0.04100
v -0.06230 0.32600 0.04100
v -0.06230 0.31000 -0.04100
v -0.06230 0.31400 -0.04500
v -0.06630 0.31400 -0.04100
v -0.06230 0.32600 -0.04100
v -0.06630 0.32200 -0.04100
v -0.06230 0.32200 -0.04500
v 0.06230 0.31000 0.04100
v 0.06230 0.31400 0.04500
v 0.06630 0.31400 0.04100
v 0.06230 0.32600 0.04100
v 0.06630 0.32200 0.04100
v 0.06230 0.32200 0.04500
v 0.06230 0.31000 -0.04100
v 0.06630 0.31400 -0.04100
v 0.06230 0.31400 -0.04500
v 0.06230 0.32600 -0.04100
v 0.06230 0.32200 -0.04500
v 0.06630 0.32200 -0.04100
v -0.06230 0.31000 -0.04100
v -0.06630 0.31400 0.04100
v -0.06230 0.31000 0.04100
v -0.06630 0.31400 -0.04100
v -0.06230 0.31400 0.04500
v -0.06630 0.32200 0.04100
v -0.06230 0.32200 0.04500
v -0.06630 0.31400 0.04100
v -0.06230 0.32600 0.04100
v -0.06630 0.32200 -0.04100
v -0.06230 0.32600 -0.04100
v -0.06630 0.32200 0.04100
v -0.06230 0.32200 -0.04500
v -0.06630 0.31400 -0.04100
v -0.06230 0.31400 -0.04500
v -0.06630 0.32200 -0.04100
v 0.06230 0.31000 -0.04100
v -0.06230 0.31400 -0.04500
v -0.06230 0.31000 -0.04100
v 0.06230 0.31400 -0.04500
v -0.06230 0.32600 -0.04100
v 0.06230 0.32200 -0.04500
v 0.06230 0.32600 -0.04100
v -0.06230 0.32200 -0.04500
v 0.06630 0.32200 -0.04100
v 0.06230 0.31400 -0.04500
v 0.06630 0.31400 -0.04100
v 0.06230 0.32200 -0.04500
v 0.06230 0.31000 0.04100
v 0.06630 0.31400 -0.04100
v 0.06230 0.31000 -0.04100
v 0.06630 0.31400 0.04100
v 0.06230 0.32600 -0.04100
v 0.06630 0.32200 0.04100
v 0.06230 0.32600 0.04100
v 0.06630 0.32200 -0.04100
v 0.06230 0.32200 0.04500
v 0.06630 0.31400 0.04100
v 0.06230 0.31400 0.04500
v 0.06630 0.32200 0.04100
v -0.06230 0.31000 0.04100
v 0.06230 0.31400 0.04500
v 0.06230 0.31000 0.04100
v -0.06230 0.31400 0.04500
v 0.06230 0.32600 0.04100
v -0.06230 0.32200 0.04500
v -0.06230 0.32600 0.04100
v 0.06230 0.32200 0.04500
v -0.06230 0.31000 -0.04100
v 0.06230 0.31000 0.04100
v 0.06230 0.31000 -0.04100
v -0.06230 0.31000 0.04100
v -0.03350 0.28600 0.07500
v -0.06650 0.31400 0.07500
v -0.03350 0.31400 0.07500
v -0.06650 0.28600 0.07500
v -0.02750 0.28600 -0.02900
v -0.02750 0.31400 0.06900
v -0.02750 0.31400 -0.02900
v -0.02750 0.28600 0.06900
v -0.03350 0.32000 -0.02900
v -0.06650 0.32000 0.06900
v -0.06650 0.32000 -0.02900
v -0.03350 0.32000 0.06900
v -0.07250 0.28600 0.06900
v -0.07250 0.31400 -0.02900
v -0.07250 0.31400 0.06900
v -0.07250 0.28600 -0.02900
v -0.06650 0.28600 -0.03500
v -0.03350 0.31400 -0.03500
v -0.06650 0.31400 -0.03500
v -0.03350 0.28600 -0.03500
v -0.06650 0.28000 0.06900
v -0.07250 0.28600 0.06900
v -0.06650 0.28600 0.07500
v -0.06650 0.31400 0.07500
v -0.07250 0.31400 0.06900
v -0.06650 0.32000 0.06900
v -0.06650 0.28000 -0.02900
v -0.06650 0.28600 -0.03500
v -0.07250 0.28600 -0.02900
v -0.06650 0.32000 -0.02900
v -0.07250 0.31400 -0.02900
v -0.06650 0.31400 -0.03500
v -0.03350 0.28000 0.06900
v -0.03350 0.28600 0.07500
v -0.02750 0.28600 0.06900
v -0.03350 0.32000 0.06900
v -0.02750 0.31400 0.06900
v -0.03350 0.31400 0.07500
v -0.03350 0.28000 -0.02900
v -0.02750 0.28600 -0.02900
v -0.03350 0.28600 -0.03500
v -0.03350 0.32000 -0.02900
v -0.03350 0.31400 -0.03500
v -0.02750 0.31400 -0.02900
v -0.06650 0.28000 -0.02900
v -0.07250 0.28600 0.06900
v -0.06650 0.28000 0.06900
v -0.07250 0.28600 -0.02900
v -0.06650 0.28600 0.07500
v -0.07250 0.31400 0.06900
v -0.06650 0.31400 0.07500
v -0.07250 0.28600 0.06900
v -0.06650 0.32000 0.06900
v -0.07250 0.31400 -0.02900
v -0.06650 0.32000 -0.02900
v -0.07250 0.31400 0.06900
v -0.06650 0.31400 -0.03500
v -0.07250 0.28600 -0.02900
v -0.06650 0.28600 -0.03500
v -0.07250 0.31400 -0.02900
v -0.03350 0.28000 -0.02900
v -0.06650 0.28600 -0.03500
v -0.06650 0.28000 -0.02900
v -0.03350 0.28600 -0.03500
v -0.06650 0.32000 -0.02900
v -0.03350 0.31400 -0.03500
v -0.03350 0.32000 -0.02900
v -0.06650 0.31400 -0.03500
v -0.02750 0.31400 -0.02900
v -0.03350 0.28600 -0.03500
v -0.02750 0.28600 -0.02900
v -0.03350 0.31400 -0.03500
v -0.03350 0.28000 0.06900
v -0.02750 0.28600 -0.02900
v -0.03350 0.28000 -0.02900
v -0.02750 0.28600 0.06900
v -0.03350 0.32000 -0.02900
v -0.02750 0.31400 0.06900
v -0.03350 0.32000 0.06900
v -0.02750 0.31400 -0.02900
v -0.03350 0.31400 0.07500
v -0.02750 0.28600 0.06900
v -0.03350 0.28600 0.07500
v -0.02750 0.31400 0.06900
v -0.06650 0.28000 0.06900
v -0.03350 0.28600 0.07500
v -0.03350 0.28000 0.06900
v -0.06650 0.28600 0.07500
v -0.03350 0.32000 0.06900
v -0.06650 0.31400 0.07500
v -0.06650 0.32000 0.06900
v -0.03350 0.31400 0.07500
v -0.06650 0.28000 -0.02900
v -0.03350 0.28000 0.06900
v -0.03350 0.28000 -0.02900
v -0.06650 0.28000 0.06900
v -0.06100 0.19600 0.08250
v -0.08900 0.28400 0.08250
v -0.06100 0.28400 0.08250
v -0.08900 0.19600 0.08250
v -0.05500 0.19600 0.04350
v -0.05500 0.28400 0.07650
v -0.05500 0.28400 0.04350
v -0.05500 0.19600 0.07650
v -0.06100 0.29000 0.04350
v -0.08900 0.29000 0.07650
v -0.08900 0.29000 0.04350
v -0.06100 0.29000 0.07650
v -0.09500 0.19600 0.07650
v -0.09500 0.28400 0.04350
v -0.09500 0.28400 0.07650
v -0.09500 0.19600 0.04350
v -0.08900 0.19600 0.03750
v -0.06100 0.28400 0.03750
v -0.08900 0.28400 0.03750
v -0.06100 0.19600 0.03750
v -0.08900 0.19000 0.07650
v -0.09500 0.19600 0.07650
v -0.08900 0.19600 0.08250
v -0.08900 0.28400 0.08250
v -0.09500 0.28400 0.07650
v -0.08900 0.29000 0.07650
v -0.08900 0.19000 0.04350
v -0.08900 0.19600 0.03750
v -0.09500 0.19600 0.04350
v -0.08900 0.29000 0.04350
v -0.09500 0.28400 0.04350
v -0.08900 0.28400 0.03750
v -0.06100 0.19000 0.07650
v -0.06100 0.19600 0.08250
v -0.05500 0.19600 0.07650
v -0.06100 0.29000 0.07650
v -0.05500 0.28400 0.07650
v -0.06100 0.28400 0.08250
v -0.06100 0.19000 0.04350
v -0.05500 0.19600 0.04350
v -0.06100 0.19600 0.03750
v -0.06100 0.29000 0.04350
v -0.06100 0.28400 0.03750
v -0.05500 0.28400 0.04350
v -0.08900 0.19000 0.04350
v -0.09500 0.19600 0.07650
v -0.08900 0.19000 0.07650
v -0.09500 0.19600 0.04350
v -0.08900 0.19600 0.08250
v -0.09500 0.28400 0.07650
v -0.08900 0.28400 0.08250
v -0.09500 0.19600 0.07650
v -0.08900 0.29000 0.07650
v -0.09500 0.28400 0.04350
v -0.08900 0.29000 0.04350
v -0.09500 0.28400 0.07650
v -0.08900 0.28400 0.03750
v -0.09500 0.19600 0.04350
v -0.08900 0.19600 0.03750
v -0.09500 0.28400 0.04350
v -0.06100 0.19000 0.04350
v -0.08900 0.19600 0.03750
v -0.08900 0.19000 0.04350
v -0.06100 0.19600 0.03750
v -0.08900 0.29000 0.04350
v -0.06100 0.28400 0.03750
v -0.06100 0.29000 0.04350
v -0.08900 0.28400 0.03750
v -0.05500 0.28400 0.04350
v -0.06100 0.19600 0.03750
v -0.05500 0.19600 0.04350
v -0.06100 0.28400 0.03750
v -0.06100 0.19000 0.07650
v -0.05500 0.19600 0.04350
v -0.06100 0.19000 0.04350
v -0.05500 0.19600 0.07650
v -0.06100 0.29000 0.04350
v -0.05500 0.28400 0.07650
v -0.06100 0.29000 0.07650
v -0.05500 0.28400 0.04350
v -0.06100 0.28400 0.08250
v -0.05500 0.19600 0.07650
v -0.06100 0.19600 0.08250
v -0.05500 0.28400 0.07650
v -0.08900 0.19000 0.07650
v -0.06100 0.19600 0.08250
v -0.06100 0.19000 0.07650
v -0.08900 0.19600 0.08250
v -0.06100 0.29000 0.07650
v -0.08900 0.28400 0.08250
v -0.08900 0.29000 0.07650
v -0.06100 0.28400 0.08250
v -0.08900 0.19000 0.04350
v -0.06100 0.19000 0.07650
v -0.06100 0.19000 0.04350
v -0.08900 0.19000 0.07650
v -0.05850 0.18100 0.10750
v -0.09150 0.19900 0.10750
v -0.05850 0.19900 0.10750
v -0.09150 0.18100 0.10750
v -0.05250 0.18100 0.04850
v -0.05250 0.19900 0.10150
v -0.05250 0.19900 0.04850
v -0.05250 0.18100 0.10150
v -0.05850 0.20500 0.04850
v -0.09150 0.20500 0.10150
v -0.09150 0.20500 0.04850
v -0.05850 0.20500 0.10150
v -0.09750 0.18100 0.10150
v -0.09750 0.19900 0.04850
v -0.09750 0.19900 0.10150
v -0.09750 0.18100 0.04850
v -0.09150 0.18100 0.04250
v -0.05850 0.19900 0.04250
v -0.09150 0.19900 0.04250
v -0.05850 0.18100 0.04250
v -0.09150 0.17500 0.10150
v -0.09750 0.18100 0.10150
v -0.09150 0.18100 0.10750
v -0.09150 0.19900 0.10750
v -0.09750 0.19900 0.10150
v -0.09150 0.20500 0.10150
v -0.09150 0.17500 0.04850
v -0.09150 0.18100 0.04250
v -0.09750 0.18100 0.04850
v -0.09150 0.20500 0.04850
v -0.09750 0.19900 0.04850
v -0.09150 0.19900 0.04250
v -0.05850 0.17500 0.10150
v -0.05850 0.18100 0.10750
v -0.05250 0.18100 0.10150
v -0.05850 0.20500 0.10150
v -0.05250 0.19900 0.10150
v -0.05850 0.19900 0.10750
v -0.05850 0.17500 0.04850
v -0.05250 0.18100 0.04850
v -0.05850 0.18100 0.04250
v -0.05850 0.20500 0.04850
v -0.05850 0.19900 0.04250
v -0.05250 0.19900 0.04850
v -0.09150 0.17500 0.04850
v -0.09750 0.18100 0.10150
v -0.09150 0.17500 0.10150
v -0.09750 0.18100 0.04850
v -0.09150 0.18100 0.10750
v -0.09750 0.19900 0.10150
v -0.09150 0.19900 0.10750
v -0.09750 0.18100 0.10150
v -0.09150 0.20500 0.10150
v -0.09750 0.19900 0.04850
v -0.09150 0.20500 0.04850
v -0.09750 0.19900 0.10150
v -0.09150 0.19900 0.04250
v -0.09750 0.18100 0.04850
v -0.09150 0.18100 0.04250
v -0.09750 0.19900 0.04850
v -0.05850 0.17500 0.04850
v -0.09150 0.18100 0.04250
v -0.09150 0.17500 0.04850
v -0.05850 0.18100 0.04250
v -0.09150 0.20500 0.04850
v -0.05850 0.19900 0.04250
v -0.05850 0.20500 0.04850
v -0.09150 0.19900 0.04250
v -0.05250 0.19900 0.04850
v -0.05850 0.18100 0.04250
v -0.05250 0.18100 0.04850
v -0.05850 0.19900 0.04250
v -0.05850 0.17500 0.10150
v -0.05250 0.18100 0.04850
v -0.05850 0.17500 0.04850
v -0.05250 0.18100 0.10150
v -0.05850 0.20500 0.04850
v -0.05250 0.19900 0.10150
v -0.05850 0.20500 0.10150
v -0.05250 0.19900 0.04850
v -0.05850 0.19900 0.10750
v -0.05250 0.18100 0.10150
v -0.05850 0.18100 0.10750
v -0.05250 0.19900 0.10150
v -0.09150 0.17500 0.10150
v -0.05850 0.18100 0.10750
v -0.05850 0.17500 0.10150
v -0.09150 0.18100 0.10750
v -0.05850 0.20500 0.10150
v -0.09150 0.19900 0.10750
v -0.09150 0.20500 0.10150
v -0.05850 0.19900 0.10750
v -0.09150 0.17500 0.04850
v -0.05850 0.17500 0.10150
v -0.05850 0.17500 0.04850
v -0.09150 0.17500 0.10150
v 0.06650 0.28600 0.07500
v 0.03350 0.31400 0.07500
v 0.06650 0.31400 0.07500
v 0.03350 0.28600 0.07500
v 0.07250 0.28600 -0.02900
v 0.07250 0.31400 0.06900
v 0.07250 0.31400 -0.02900
v 0.07250 0.28600 0.06900
v 0.06650 0.32000 -0.02900
v 0.03350 0.32000 0.06900
v 0.03350 0.32000 -0.02900
v 0.06650 0.32000 0.06900
v 0.02750 0.28600 0.06900
v 0.02750 0.31400 -0.02900
v 0.02750 0.31400 0.06900
v 0.02750 0.28600 -0.02900
v 0.03350 0.28600 -0.03500
v 0.06650 0.31400 -0.03500
v 0.03350 0.31400 -0.03500
v 0.06650 0.28600 -0.03500
v 0.03350 0.28000 0.06900
v 0.02750 0.28600 0.06900
v 0.03350 0.28600 0.07500
v 0.03350 0.31400 0.07500
v 0.02750 0.31400 0.06900
v 0.03350 0.32000 0.06900
v 0.03350 0.28000 -0.02900
v 0.03350 0.28600 -0.03500
v 0.02750 0.28600 -0.02900
v 0.03350 0.32000 -0.02900
v 0.02750 0.31400 -0.02900
v 0.03350 0.31400 -0.03500
v 0.06650 0.28000 0.06900
v 0.06650 0.28600 0.07500
v 0.07250 0.28600 0.06900
v 0.06650 0.32000 0.06900
v 0.07250 0.31400 0.06900
v 0.06650 0.31400 0.07500
v 0.06650 0.28000 -0.02900
v 0.07250 0.28600 -0.02900
v 0.06650 0.28600 -0.03500
v 0.06650 0.32000 -0.02900
v 0.06650 0.31400 -0.03500
v 0.07250 0.31400 -0.02900
v 0.03350 0.28000 -0.02900
v 0.02750 0.28600 0.06900
v 0.03350 0.28000 0.06900
v 0.02750 0.28600 -0.02900
v 0.03350 0.28600 0.07500
v 0.02750 0.31400 0.06900
v 0.03350 0.31400 0.07500
v 0.02750 0.28600 0.06900
v 0.03350 0.32000 0.06900
v 0.02750 0.31400 -0.02900
v 0.03350 0.32000 -0.02900
v 0.02750 0.31400 0.06900
v 0.03350 0.31400 -0.03500
v 0.02750 0.28600 -0.02900
v 0.03350 0.28600 -0.03500
v 0.02750 0.31400 -0.02900
v 0.06650 0.28000 -0.02900
v 0.03350 0.28600 -0.03500
v 0.03350 0.28000 -0.02900
v 0.06650 0.28600 -0.03500
v 0.03350 0.32000 -0.02900
v 0.06650 0.31400 -0.03500
v 0.06650 0.32000 -0.02900
v 0.03350 0.31400 -0.03500
v 0.07250 0.31400 -0.02900
v 0.06650 0.28600 -0.03500
v 0.07250 0.28600 -0.02900
v 0.06650 0.31400 -0.03500
v 0.06650 0.28000 0.06900
v 0.07250 0.28600 -0.02900
v 0.06650 0.28000 -0.02900
v 0.07250 0.28600 0.06900
v 0.06650 0.32000 -0.02900
v 0.07250 0.31400 0.06900
v 0.06650 0.32000 0.06900
v 0.07250 0.31400 -0.02900
v 0.06650 0.31400 0.07500
v 0.07250 0.28600 0.06900
v 0.06650 0.28600 0.07500
v 0.07250 0.31400 0.06900
v 0.03350 0.28000 0.06900
v 0.06650 0.28600 0.07500
v 0.06650 0.28000 0.06900
v 0.03350 0.28600 0.07500
v 0.06650 0.32000 0.06900
v 0.03350 0.31400 0.07500
v 0.03350 0.32000 0.06900
v 0.06650 0.31400 0.07500
v 0.03350 0.28000 -0.02900
v 0.06650 0.28000 0.06900
v 0.06650 0.28000 -0.02900
v 0.03350 0.28000 0.06900
v 0.08900 0.19600 0.08250
v 0.06100 0.28400 0.08250
v 0.08900 0.28400 0.08250
v 0.06100 0.19600 0.08250
v 0.09500 0.19600 0.04350
v 0.09500 0.28400 0.07650
v 0.09500 0.28400 0.04350
v 0.09500 0.19600 0.07650
v 0.08900 0.29000 0.04350
v 0.06100 0.29000 0.07650
v 0.06100 0.29000 0.04350
v 0.08900 0.29000 0.07650
v 0.05500 0.19600 0.07650
v 0.05500 0.28400 0.04350
v 0.05500 0.28400 0.07650
v 0.05500 0.19600 0.04350
v 0.06100 0.19600 0.03750
v 0.08900 0.28400 0.03750
v 0.06100 0.28400 0.03750
v 0.08900 0.19600 0.03750
v 0.06100 0.19000 0.07650
v 0.05500 0.19600 0.07650
v 0.06100 0.19600 0.08250
v 0.06100 0.28400 0.08250
v 0.05500 0.28400 0.07650
v 0.06100 0.29000 0.07650
v 0.06100 0.19000 0.04350
v 0.06100 0.19600 0.03750
v 0.05500 0.19600 0.04350
v 0.06100 0.29000 0.04350
v 0.05500 0.28400 0.04350
v 0.06100 0.28400 0.03750
v 0.08900 0.19000 0.07650
v 0.08900 0.19600 0.08250
v 0.09500 0.19600 0.07650
v 0.08900 0.29000 0.07650
v 0.09500 0.28400 0.07650
v 0.08900 0.28400 0.08250
v 0.08900 0.19000 0.04350
v 0.09500 0.19600 0.04350
v 0.08900 0.19600 0.03750
v 0.08900 0.29000 0.04350
v 0.08900 0.28400 0.03750
v 0.09500 0.28400 0.04350
v 0.06100 0.19000 0.04350
v 0.05500 0.19600 0.07650
v 0.06100 0.19000 0.07650
v 0.05500 0.19600 0.04350
v 0.06100 0.19600 0.08250
v 0.05500 0.28400 0.07650
v 0.06100 0.28400 0.08250
v 0.05500 0.19600 0.07650
v 0.06100 0.29000 0.07650
v 0.05500 0.28400 0.04350
v 0.06100 0.29000 0.04350
v 0.05500 0.28400 0.07650
v 0.06100 0.28400 0.03750
v 0.05500 0.19600 0.04350
v 0.06100 0.19600 0.03750
v 0.05500 0.28400 0.04350
v 0.08900 0.19000 0.04350
v 0.06100 0.19600 0.03750
v 0.06100 0.19000 0.04350
v 0.08900 0.19600 0.03750
v 0.06100 0.29000 0.04350
v 0.08900 0.28400 0.03750
v 0.08900 0.29000 0.04350
v 0.06100 0.28400 0.03750
v 0.09500 0.28400 0.04350
v 0.08900 0.19600 0.03750
v 0.09500 0.19600 0.04350
v 0.08900 0.28400 0.03750
v 0.08900 0.19000 0.07650
v 0.09500 0.19600 0.04350
v 0.08900 0.19000 0.04350
v 0.09500 0.19600 0.07650
v 0.08900 0.29000 0.04350
v 0.09500 0.28400 0.07650
v 0.08900 0.29000 0.07650
v 0.09500 0.28400 0.04350
v 0.08900 0.28400 0.08250
v 0.09500 0.19600 0.07650
v 0.08900 0.19600 0.08250
v 0.09500 0.28400 0.07650
v 0.06100 0.19000 0.07650
v 0.08900 0.19600 0.08250
v 0.08900 0.19000 0.07650
v 0.06100 0.19600 0.08250
v 0.08900 0.29000 0.07650
v 0.06100 0.28400 0.08250
v 0.06100 0.29000 0.07650
v 0.08900 0.28400 0.08250
v 0.06100 0.19000 0.04350
v 0.08900 0.19000 0.07650
v 0.08900 0.19000 0.04350
v 0.06100 0.19000 0.07650
v 0.09150 0.18100 0.10750
v 0.05850 0.19900 0.10750
v 0.09150 0.19900 0.10750
v 0.05850 0.18100 0.10750
v 0.09750 0.18100 0.04850
v 0.09750 0.19900 0.10150
v 0.09750 0.19900 0.04850
v 0.09750 0.18100 0.10150
v 0.09150 0.20500 0.04850
v 0.05850 0.20500 0.10150
v 0.05850 0.20500 0.04850
v 0.09150 0.20500 0.10150
v 0.05250 0.18100 0.10150
v 0.05250 0.19900 0.04850
v 0.05250 0.19900 0.10150
v 0.05250 0.18100 0.04850
v 0.05850 0.18100 0.04250
v 0.09150 0.19900 0.04250
v 0.05850 0.19900 0.04250
v 0.09150 0.18100 0.04250
v 0.05850 0.17500 0.10150
v 0.05250 0.18100 0.10150
v 0.05850 0.18100 0.10750
v 0.05850 0.19900 0.10750
v 0.05250 0.19900 0.10150
v 0.05850 0.20500 0.10150
v 0.05850 0.17500 0.04850
v 0.05850 0.18100 0.04250
v 0.05250 0.18100 0.04850
v 0.05850 0.20500 0.04850
v 0.05250 0.19900 0.04850
v 0.05850 0.19900 0.04250
v 0.09150 0.17500 0.10150
v 0.09150 0.18100 0.10750
v 0.09750 0.18100 0.10150
v 0.09150 0.20500 0.10150
v 0.09750 0.19900 0.10150
v 0.09150 0.19900 0.10750
v 0.09150 0.17500 0.04850
v 0.09750 0.18100 0.04850
v 0.09150 0.18100 0.04250
v 0.09150 0.20500 0.04850
v 0.09150 0.19900 0.04250
v 0.09750 0.19900 0.04850
v 0.05850 0.17500 0.04850
v 0.05250 0.18100 0.10150
v 0.05850 0.17500 0.10150
v 0.05250 0.18100 0.04850
v 0.05850 0.18100 0.10750
v 0.05250 0.19900 0.10150
v 0.05850 0.19900 0.10750
v 0.05250 0.18100 0.10150
v 0.05850 0.20500 0.10150
v 0.05250 0.19900 0.04850
v 0.05850 0.20500 0.04850
v 0.05250 0.19900 0.10150
v 0.05850 0.19900 0.04250
v 0.05250 0.18100 0.04850
v 0.05850 0.18100 0.04250
v 0.05250 0.19900 0.04850
v 0.09150 0.17500 0.04850
v 0.05850 0.18100 0.04250
v 0.05850 0.17500 0.04850
v 0.09150 0.18100 0.04250
v 0.05850 0.20500 0.04850
v 0.09150 0.19900 0.04250
v 0.09150 0.20500 0.04850
v 0.05850 0.19900 0.04250
v 0.09750 0.19900 0.04850
v 0.09150 0.18100 0.04250
v 0.09750 0.18100 0.04850
v 0.09150 0.19900 0.04250
v 0.09150 0.17500 0.10150
v 0.09750 0.18100 0.04850
v 0.09150 0.17500 0.04850
v 0.09750 0.18100 0.10150
v 0.09150 0.20500 0.04850
v 0.09750 0.19900 0.10150
v 0.09150 0.20500 0.10150
v 0.09750 0.19900 0.04850
v 0.09150 0.19900 0.10750
v 0.09750 0.18100 0.10150
v 0.09150 0.18100 0.10750
v 0.09750 0.19900 0.10150
v 0.05850 0.17500 0.10150
v 0.09150 0.18100 0.10750
v 0.09150 0.17500 0.10150
v 0.05850 0.18100 0.10750
v 0.09150 0.20500 0.10150
v 0.05850 0.19900 0.10750
v 0.05850 0.20500 0.10150
v 0.09150 0.19900 0.10750
v 0.05850 0.17500 0.04850
v 0.09150 0.17500 0.10150
v 0.09150 0.17500 0.04850
v 0.05850 0.17500 0.10150
vn -0.0000 -0.0000 1.0000
vn -0.0000 -0.0000 1.0000
vn -0.0000 -0.0000 1.0000
vn -0.0000 -0.0000 1.0000
vn 1.0000 0.0000 -0.0000
vn 1.0000 0.0000 -0.0000
vn 1.0000 0.0000 -0.0000
vn 1.0000 0.0000 -0.0000
vn 0.0000 1.0000 -0.0000
vn 0.0000 1.0000 -0.0000
vn 0.0000 1.0000 -0.0000
vn 0.0000 1.0000 -0.0000
vn -1.0000 0.0000 -0.0000
vn -1.0000 0.0000 -0.0000
vn -1.0000 0.0000 -0.0000
vn -1.0000 0.0000 -0.0000
vn 0.0000 0.0000 -1.0000
vn 0.0000 0.0000 -1.0000
vn 0.0000 0.0000 -1.0000
vn 0.0000 0.0000 -1.0000
vn -0.5774 -0.5773 0.5774
vn -0.5774 -0.5773 0.5774
vn -0.5774 -0.5773 0.5774
vn -0.5774 0.5772 0.5774
vn -0.5774 0.5772 0.5774
vn -0.5774 0.5772 0.5774
vn -0.5774 -0.5773 -0.5774
vn -0.5774 -0.5773 -0.5774
vn -0.5774 -0.5773 -0.5774
vn -0.5774 0.5773 -0.5774
vn -0.5774 0.5773 -0.5774
vn -0.5774 0.5773 -0.5774
vn 0.5774 -0.5773 0.5774
vn 0.5774 -0.5773 0.5774
vn 0.5774 -0.5773 0.5774
vn 0.5774 0.5772 0.5775
vn 0.5774 0.5772 0.5775
vn 0.5774 0.5772 0.5775
vn 0.5774 -0.5773 -0.5774
vn 0.5774 -0.5773 -0.5774
vn 0.5774 -0.5773 -0.5774
vn 0.5774 0.5773 -0.5773
vn 0.5774 0.5773 -0.5773
vn 0.5774 0.5773 -0.5773
vn -0.7071 -0.7071 -0.0001
vn -0.7071 -0.7071 -0.0001
vn -0.7071 -0.7071 -0.0001
vn -0.7071 -0.7071 -0.0001
vn -0.7071 -0.0000 0.7071
vn -0.7071 -0.0000 0.7071
vn -0.7071 -0.0000 0.7071
vn -0.7071 -0.0000 0.7071
vn -0.7071 0.7071 -0.0000
vn -0.7071 0.7071 -0.0000
vn -0.7071 0.7071 -0.0000
vn -0.7071 0.7071 -0.0000
vn -0.7071 0.0000 -0.7071
vn -0.7071 0.0000 -0.7071
vn -0.7071 0.0000 -0.7071
vn -0.7071 0.0000 -0.7071
vn 0.0000 -0.7071 -0.7071
vn 0.0000 -0.7071 -0.7071
vn 0.0000 -0.7071 -0.7071
vn 0.0000 -0.7071 -0.7071
vn 0.0000 0.7071 -0.7071
vn 0.0000 0.7071 -0.7071
vn 0.0000 0.7071 -0.7071
vn 0.0000 0.7071 -0.7071
vn 0.7071 0.0000 -0.7071
vn 0.7071 0.0000 -0.7071
vn 0.7071 0.0000 -0.7071
vn 0.7071 0.0000 -0.7071
vn 0.7071 -0.7071 -0.0000
vn 0.7071 -0.7071 -0.0000
vn 0.7071 -0.7071 -0.0000
vn 0.7071 -0.7071 -0.0000
vn 0.7071 0.7071 0.0000
vn 0.7071 0.7071 0.0000
vn 0.7071 0.7071 0.0000
vn 0.7071 0.7071 0.0000
vn 0.7071 -0.0000 0.7071
vn 0.7071 -0.0000 0.7071
vn 0.7071 -0.0000 0.7071
vn 0.7071 -0.0000 0.7071
vn -0.0000 -0.7071 0.7071
vn -0.0000 -0.7071 0.7071
vn -0.0000 -0.7071 0.7071
vn -0.0000 -0.7071 0.7071
vn -0.0000 0.7071 0.7071
vn -0.0000 0.7071 0.7071
vn -0.0000 0.7071 0.7071
vn -0.0000 0.7071 0.7071
vn 0.0000 -1.0000 -0.0000
vn 0.0000 -1.0000 -0.0000
vn 0.0000 -1.0000 -0.0000
vn 0.0000 -1.0000 -0.0000
vn -0.0000 -0.0000 1.0000
vn -0.0000 -0.0000 1.0000
vn -0.0000 -0.0000 1.0000
vn -0.0000 -0.0000 1.0000
vn 1.0000 0.0000 -0.0000
vn 1.0000 0.0000 -0.0000
vn 1.0000 0.0000 -0.0000
vn 1.0000 0.0000 -0.0000
vn 0.0000 1.0000 -0.0000
vn 0.0000 1.0000 -0.0000
vn 0.0000 1.0000 -0.0000
vn 0.0000 1.0000 -0.0000
vn -1.0000 0.0000 -0.0000
vn -1.0000 0.0000 -0.0000
vn -1.0000 0.0000 -0.0000
vn -1.0000 0.0000 -0.0000
vn 0.0000 0.0000 -1.0000
vn 0.0000 0.0000 -1.0000
vn 0.0000 0.0000 -1.0000
vn 0.0000 0.0000 -1.0000
vn -0.5775 -0.5774 0.5772
vn -0.5775 -0.5774 0.5772
vn -0.5775 -0.5774 0.5772
vn -0.5774 0.5774 0.5773
vn -0.5774 0.5774 0.5773
vn -0.5774 0.5774 0.5773
vn -0.5774 -0.5773 -0.5774
vn -0.5774 -0.5773 -0.5774
vn -0.5774 -0.5773 -0.5774
vn -0.5773 0.5774 -0.5774
vn -0.5773 0.5774 -0.5774
vn -0.5773 0.5774 -0.5774
vn 0.5774 -0.5774 0.5773
vn 0.5774 -0.5774 0.5773
vn 0.5774 -0.5774 0.5773
vn 0.5774 0.5774 0.5774
vn 0.5774 0.5774 0.5774
vn 0.5774 0.5774 0.5774
vn 0.5774 -0.5773 -0.5774
vn 0.5774 -0.5773 -0.5774
vn 0.5774 -0.5773 -0.5774
vn 0.5773 0.5774 -0.5773
vn 0.5773 0.5774 -0.5773
vn 0.5773 0.5774 -0.5773
vn -0.7071 -0.7071 -0.0001
vn -0.7071 -0.7071 -0.0001
vn -0.7071 -0.7071 -0.0001
vn -0.7071 -0.7071 -0.0001
vn -0.7071 -0.0000 0.7071
vn -0.7071 -0.0000 0.7071
vn -0.7071 -0.0000 0.7071
vn -0.7071 -0.0000 0.7071
vn -0.7071 0.7071 -0.0000
vn -0.7071 0.7071 -0.0000
vn -0.7071 0.7071 -0.0000
vn -0.7071 0.7071 -0.0000
vn -0.7071 0.0000 -0.7071
vn -0.7071 0.0000 -0.7071
vn -0.7071 0.0000 -0.7071
vn -0.7071 0.0000 -0.7071
vn 0.0000 -0.7071 -0.7071
vn 0.0000 -0.7071 -0.7071
vn 0.0000 -0.7071 -0.7071
vn 0.0000 -0.7071 -0.7071
vn 0.0000 0.7071 -0.7071
vn 0.0000 0.7071 -0.7071
vn 0.0000 0.7071 -0.7071
vn 0.0000 0.7071 -0.7071
vn 0.7071 0.0000 -0.7071
vn 0.7071 0.0000 -0.7071
vn 0.7071 0.0000 -0.7071
vn 0.7071 0.0000 -0.7071
vn 0.7071 -0.7071 -0.0000
vn 0.7071 -0.7071 -0.0000
vn 0.7071 -0.7071 -0.0000
vn 0.7071 -0.7071 -0.0000
vn 0.7071 0.7071 0.0000
vn 0.7071 0.7071 0.0000
vn 0.7071 0.7071 0.0000
vn 0.7071 0.7071 0.0000
vn 0.7071 -0.0000 0.7071
vn 0.7071 -0.0000 0.7071
vn 0.7071 -0.0000 0.7071
vn 0.7071 -0.0000 0.7071
vn -0.0000 -0.7071 0.7071
vn -0.0000 -0.7071 0.7071
vn -0.0000 -0.7071 0.7071
vn -0.0000 -0.7071 0.7071
vn -0.0000 0.7071 0.7071
vn -0.0000 0.7071 0.7071
vn -0.0000 0.7071 0.7071
vn -0.0000 0.7071 0.7071
vn 0.0000 -1.0000 -0.0000
vn 0.0000 -1.0000 -0.0000
vn 0.0000 -1.0000 -0.0000
vn 0.0000 -1.0000 -0.0000
vn -0.0000 -0.0000 1.0000
vn -0.0000 -0.0000 1.0000
vn -0.0000 -0.0000 1.0000
vn -0.0000 -0.0000 1.0000
vn 1.0000 0.0000 -0.0000
vn 1.0000 0.0000 -0.0000
vn 1.0000 0.0000 -0.0000
vn 1.0000 0.0000 -0.0000
vn 0.0000 1.0000 -0.0000
vn 0.0000 1.0000 -0.0000
vn 0.0000 1.0000 -0.0000
vn 0.0000 1.0000 -0.0000
vn -1.0000 0.0000 -0.0000
vn -1.0000 0.0000 -0.0000
vn -1.0000 0.0000 -0.0000
vn -1.0000 0.0000 -0.0000
vn 0.0000 0.0000 -1.0000
vn 0.0000 0.0000 -1.0000
vn 0.0000 0.0000 -1.0000
vn 0.0000 0.0000 -1.0000
vn -0.5774 -0.5774 0.5772
vn -0.5774 -0.5774 0.5772
vn -0.5774 -0.5774 0.5772
vn -0.5774 0.5774 0.5773
vn -0.5774 0.5774 0.5773
vn -0.5774 0.5774 0.5773
vn -0.5774 -0.5773 -0.5774
vn -0.5774 -0.5773 -0.5774
vn -0.5774 -0.5773 -0.5774
vn -0.5774 0.5773 -0.5774
vn -0.5774 0.5773 -0.5774
vn -0.5774 0.5773 -0.5774
vn 0.5774 -0.5774 0.5773
vn 0.5774 -0.5774 0.5773
vn 0.5774 -0.5774 0.5773
vn 0.5774 0.5774 0.5774
vn 0.5774 0.5774 0.5774
vn 0.5774 0.5774 0.5774
vn 0.5774 -0.5774 -0.5772
vn 0.5774 -0.5774 -0.5772
vn 0.5774 -0.5774 -0.5772
vn 0.5774 0.5774 -0.5772
vn 0.5774 0.5774 -0.5772
vn 0.5774 0.5774 -0.5772
vn -0.7071 -0.7071 -0.0001
vn -0.7071 -0.7071 -0.0001
vn -0.7071 -0.7071 -0.0001
vn -0.7071 -0.7071 -0.0001
vn -0.7071 -0.0000 0.7071
vn -0.7071 -0.0000 0.7071
vn -0.7071 -0.0000 0.7071
vn -0.7071 -0.0000 0.7071
vn -0.7071 0.7071 -0.0000
vn -0.7071 0.7071 -0.0000
vn -0.7071 0.7071 -0.0000
vn -0.7071 0.7071 -0.0000
vn -0.7071 0.0000 -0.7071
vn -0.7071 0.0000 -0.7071
vn -0.7071 0.0000 -0.7071
vn -0.7071 0.0000 -0.7071
vn 0.0000 -0.7071 -0.7071
vn 0.0000 -0.7071 -0.7071
vn 0.0000 -0.7071 -0.7071
vn 0.0000 -0.7071 -0.7071
vn 0.0000 0.7071 -0.7071
vn 0.0000 0.7071 -0.7071
vn 0.0000 0.7071 -0.7071
vn 0.0000 0.7071 -0.7071
vn 0.7071 0.0000 -0.7071
vn 0.7071 0.0000 -0.7071
vn 0.7071 0.0000 -0.7071
vn 0.7071 0.0000 -0.7071
vn 0.7071 -0.7071 -0.0000
vn 0.7071 -0.7071 -0.0000
vn 0.7071 -0.7071 -0.0000
vn 0.7071 -0.7071 -0.0000
vn 0.7071 0.7071 0.0000
vn 0.7071 0.7071 0.0000
vn 0.7071 0.7071 0.0000
vn 0.7071 0.7071 0.0000
vn 0.7071 -0.0000 0.7071
vn 0.7071 -0.0000 0.7071
vn 0.7071 -0.0000 0.7071
vn 0.7071 -0.0000 0.7071
vn -0.0000 -0.7071 0.7071
vn -0.0000 -0.7071 0.7071
vn -0.0000 -0.7071 0.7071
vn -0.0000 -0.7071 0.7071
vn -0.0000 0.7071 0.7071
vn -0.0000 0.7071 0.7071
vn -0.0000 0.7071 0.7071
vn -0.0000 0.7071 0.7071
vn 0.0000 -1.0000 -0.0000
vn 0.0000 -1.0000 -0.0000
vn 0.0000 -1.0000 -0.0000
vn 0.0000 -1.0000 -0.0000
vn -0.0000 -0.0000 1.0000
vn -0.0000 -0.0000 1.0000
vn -0.0000 -0.0000 1.0000
vn -0.0000 -0.0000 1.0000
vn 1.0000 0.0000 -0.0000
vn 1.0000 0.0000 -0.0000
vn 1.0000 0.0000 -0.0000
vn 1.0000 0.0000 -0.0000
vn 0.0000 1.0000 -0.0000
vn 0.0000 1.0000 -0.0000
vn 0.0000 1.0000 -0.0000
vn 0.0000 1.0000 -0.0000
vn -1.0000 0.0000 -0.0000
vn -1.0000 0.0000 -0.0000
vn -1.0000 0.0000 -0.0000
vn -1.0000 0.0000 -0.0000
vn 0.0000 0.0000 -1.0000
vn 0.0000 0.0000 -1.0000
vn 0.0000 0.0000 -1.0000
vn 0.0000 0.0000 -1.0000
vn -0.5773 -0.5774 0.5774
vn -0.5773 -0.5774 0.5774
vn -0.5773 -0.5774 0.5774
vn -0.5774 0.5774 0.5773
vn -0.5774 0.5774 0.5773
vn -0.5774 0.5774 0.5773
vn -0.5773 -0.5774 -0.5774
vn -0.5773 -0.5774 -0.5774
vn -0.5773 -0.5774 -0.5774
vn -0.5773 0.5774 -0.5774
vn -0.5773 0.5774 -0.5774
vn -0.5773 0.5774 -0.5774
vn 0.5772 -0.5774 0.5774
vn 0.5772 -0.5774 0.5774
vn 0.5772 -0.5774 0.5774
vn 0.5774 0.5772 0.5775
vn 0.5774 0.5772 0.5775
vn 0.5774 0.5772 0.5775
vn 0.5773 -0.5774 -0.5774
vn 0.5773 -0.5774 -0.5774
vn 0.5773 -0.5774 -0.5774
vn 0.5773 0.5774 -0.5773
vn 0.5773 0.5774 -0.5773
vn 0.5773 0.5774 -0.5773
vn -0.7071 -0.7071 -0.0001
vn -0.7071 -0.7071 -0.0001
vn -0.7071 -0.7071 -0.0001
vn -0.7071 -0.7071 -0.0001
vn -0.7071 -0.0000 0.7071
vn -0.7071 -0.0000 0.7071
vn -0.7071 -0.0000 0.7071
vn -0.7071 -0.0000 0.7071
vn -0.7071 0.7071 -0.0000
vn -0.7071 0.7071 -0.0000
vn -0.7071 0.7071 -0.0000
vn -0.7071 0.7071 -0.0000
vn -0.7071 0.0000 -0.7071
vn -0.7071 0.0000 -0.7071
vn -0.7071 0.0000 -0.7071
vn -0.7071 0.0000 -0.7071
vn 0.0000 -0.7071 -0.7071
vn 0.0000 -0.7071 -0.7071
vn 0.0000 -0.7071 -0.7071
vn 0.0000 -0.7071 -0.7071
vn 0.0000 0.7071 -0.7071
vn 0.0000 0.7071 -0.7071
vn 0.0000 0.7071 -0.7071
vn 0.0000 0.7071 -0.7071
vn 0.7071 0.0000 -0.7071
vn 0.7071 0.0000 -0.7071
vn 0.7071 0.0000 -0.7071
vn 0.7071 0.0000 -0.7071
vn 0.7071 -0.7071 -0.0000
vn 0.7071 -0.7071 -0.0000
vn 0.7071 -0.7071 -0.0000
vn 0.7071 -0.7071 -0.0000
vn 0.7071 0.7071 0.0000
vn 0.7071 0.7071 0.0000
vn 0.7071 0.7071 0.0000
vn 0.7071 0.7071 0.0000
vn 0.7071 -0.0000 0.7071
vn 0.7071 -0.0000 0.7071
vn 0.7071 -0.0000 0.7071
vn 0.7071 -0.0000 0.7071
vn -0.0000 -0.7071 0.7071
vn -0.0000 -0.7071 0.7071
vn -0.0000 -0.7071 0.7071
vn -0.0000 -0.7071 0.7071
vn -0.0000 0.7071 0.7071
vn -0.0000 0.7071 0.7071
vn -0.0000 0.7071 0.7071
vn -0.0000 0.7071 0.7071
vn 0.0000 -1.0000 -0.0000
vn 0.0000 -1.0000 -0.0000
vn 0.0000 -1.0000 -0.0000
vn 0.0000 -1.0000 -0.0000
vn -0.0000 -0.0000 1.0000
vn -0.0000 -0.0000 1.0000
vn -0.0000 -0.0000 1.0000
vn -0.0000 -0.0000 1.0000
vn 1.0000 0.0000 -0.0000
vn 1.0000 0.0000 -0.0000
vn 1.0000 0.0000 -0.0000
vn 1.0000 0.0000 -0.0000
vn 0.0000 1.0000 -0.0000
vn 0.0000 1.0000 -0.0000
vn 0.0000 1.0000 -0.0000
vn 0.0000 1.0000 -0.0000
vn -1.0000 0.0000 -0.0000
vn -1.0000 0.0000 -0.0000
vn -1.0000 0.0000 -0.0000
vn -1.0000 0.0000 -0.0000
vn 0.0000 0.0000 -1.0000
vn 0.0000 0.0000 -1.0000
vn 0.0000 0.0000 -1.0000
vn 0.0000 0.0000 -1.0000
vn -0.5775 -0.5774 0.5772
vn -0.5775 -0.5774 0.5772
vn -0.5775 -0.5774 0.5772
vn -0.5774 0.5774 0.5773
vn -0.5774 0.5774 0.5773
vn -0.5774 0.5774 0.5773
vn -0.5774 -0.5773 -0.5774
vn -0.5774 -0.5773 -0.5774
vn -0.5774 -0.5773 -0.5774
vn -0.5773 0.5774 -0.5774
vn -0.5773 0.5774 -0.5774
vn -0.5773 0.5774 -0.5774
vn 0.5774 -0.5774 0.5773
vn 0.5774 -0.5774 0.5773
vn 0.5774 -0.5774 0.5773
vn 0.5774 0.5774 0.5774
vn 0.5774 0.5774 0.5774
vn 0.5774 0.5774 0.5774
vn 0.5774 -0.5773 -0.5774
vn 0.5774 -0.5773 -0.5774
vn 0.5774 -0.5773 -0.5774
vn 0.5773 0.5774 -0.5773
vn 0.5773 0.5774 -0.5773
vn 0.5773 0.5774 -0.5773
vn -0.7071 -0.7071 -0.0001
vn -0.7071 -0.7071 -0.0001
vn -0.7071 -0.7071 -0.0001
vn -0.7071 -0.7071 -0.0001
vn -0.7071 -0.0000 0.7071
vn -0.7071 -0.0000 0.7071
vn -0.7071 -0.0000 0.7071
vn -0.7071 -0.0000 0.7071
vn -0.7071 0.7071 -0.0000
vn -0.7071 0.7071 -0.0000
vn -0.7071 0.7071 -0.0000
vn -0.7071 0.7071 -0.0000
vn -0.7071 0.0000 -0.7071
vn -0.7071 0.0000 -0.7071
vn -0.7071 0.0000 -0.7071
vn -0.7071 0.0000 -0.7071
vn 0.0000 -0.7071 -0.7071
vn 0.0000 -0.7071 -0.7071
vn 0.0000 -0.7071 -0.7071
vn 0.0000 -0.7071 -0.7071
vn 0.0000 0.7071 -0.7071
vn 0.0000 0.7071 -0.7071
vn 0.0000 0.7071 -0.7071
vn 0.0000 0.7071 -0.7071
vn 0.7071 0.0000 -0.7071
vn 0.7071 0.0000 -0.7071
vn 0.7071 0.0000 -0.7071
vn 0.7071 0.0000 -0.7071
vn 0.7071 -0.7071 -0.0000
vn 0.7071 -0.7071 -0.0000
vn 0.7071 -0.7071 -0.0000
vn 0.7071 -0.7071 -0.0000
vn 0.7071 0.7071 0.0000
vn 0.7071 0.7071 0.0000
vn 0.7071 0.7071 0.0000
vn 0.7071 0.7071 0.0000
vn 0.7071 -0.0000 0.7071
vn 0.7071 -0.0000 0.7071
vn 0.7071 -0.0000 0.7071
vn 0.7071 -0.0000 0.7071
vn -0.0000 -0.7071 0.7071
vn -0.0000 -0.7071 0.7071
vn -0.0000 -0.7071 0.7071
vn -0.0000 -0.7071 0.7071
vn -0.0000 0.7071 0.7071
vn -0.0000 0.7071 0.7071
vn -0.0000 0.7071 0.7071
vn -0.0000 0.7071 0.7071
vn 0.0000 -1.0000 -0.0000
vn 0.0000 -1.0000 -0.0000
vn 0.0000 -1.0000 -0.0000
vn 0.0000 -1.0000 -0.0000
vn -0.0000 -0.0000 1.0000
vn -0.0000 -0.0000 1.0000
vn -0.0000 -0.0000 1.0000
vn -0.0000 -0.0000 1.0000
vn 1.0000 0.0000 -0.0000
vn 1.0000 0.0000 -0.0000
vn 1.0000 0.0000 -0.0000
vn 1.0000 0.0000 -0.0000
vn 0.0000 1.0000 -0.0000
vn 0.0000 1.0000 -0.0000
vn 0.0000 1.0000 -0.0000
vn 0.0000 1.0000 -0.0000
vn -1.0000 0.0000 -0.0000
vn -1.0000 0.0000 -0.0000
vn -1.0000 0.0000 -0.0000
vn -1.0000 0.0000 -0.0000
vn 0.0000 0.0000 -1.0000
vn 0.0000 0.0000 -1.0000
vn 0.0000 0.0000 -1.0000
vn 0.0000 0.0000 -1.0000
vn -0.5774 -0.5774 0.5772
vn -0.5774 -0.5774 0.5772
vn -0.5774 -0.5774 0.5772
vn -0.5774 0.5774 0.5773
vn -0.5774 0.5774 0.5773
vn -0.5774 0.5774 0.5773
vn -0.5774 -0.5774 -0.5773
vn -0.5774 -0.5774 -0.5773
vn -0.5774 -0.5774 -0.5773
vn -0.5774 0.5774 -0.5772
vn -0.5774 0.5774 -0.5772
vn -0.5774 0.5774 -0.5772
vn 0.5774 -0.5774 0.5773
vn 0.5774 -0.5774 0.5773
vn 0.5774 -0.5774 0.5773
vn 0.5774 0.5774 0.5774
vn 0.5774 0.5774 0.5774
vn 0.5774 0.5774 0.5774
vn 0.5774 -0.5773 -0.5774
vn 0.5774 -0.5773 -0.5774
vn 0.5774 -0.5773 -0.5774
vn 0.5774 0.5773 -0.5773
vn 0.5774 0.5773 -0.5773
vn 0.5774 0.5773 -0.5773
vn -0.7071 -0.7071 -0.0001
vn -0.7071 -0.7071 -0.0001
vn -0.7071 -0.7071 -0.0001
vn -0.7071 -0.7071 -0.0001
vn -0.7071 -0.0000 0.7071
vn -0.7071 -0.0000 0.7071
vn -0.7071 -0.0000 0.7071
vn -0.7071 -0.0000 0.7071
vn -0.7071 0.7071 -0.0000
vn -0.7071 0.7071 -0.0000
vn -0.7071 0.7071 -0.0000
vn -0.7071 0.7071 -0.0000
vn -0.7071 0.0000 -0.7071
vn -0.7071 0.0000 -0.7071
vn -0.7071 0.0000 -0.7071
vn -0.7071 0.0000 -0.7071
vn 0.0000 -0.7071 -0.7071
vn 0.0000 -0.7071 -0.7071
vn 0.0000 -0.7071 -0.7071
vn 0.0000 -0.7071 -0.7071
vn 0.0000 0.7071 -0.7071
vn 0.0000 0.7071 -0.7071
vn 0.0000 0.7071 -0.7071
vn 0.0000 0.7071 -0.7071
vn 0.7071 0.0000 -0.7071
vn 0.7071 0.0000 -0.7071
vn 0.7071 0.0000 -0.7071
vn 0.7071 0.0000 -0.7071
vn 0.7071 -0.7071 -0.0000
vn 0.7071 -0.7071 -0.0000
vn 0.7071 -0.7071 -0.0000
vn 0.7071 -0.7071 -0.0000
vn 0.7071 0.7071 0.0000
vn 0.7071 0.7071 0.0000
vn 0.7071 0.7071 0.0000
vn 0.7071 0.7071 0.0000
vn 0.7071 -0.0000 0.7071
vn 0.7071 -0.0000 0.7071
vn 0.7071 -0.0000 0.7071
vn 0.7071 -0.0000 0.7071
vn -0.0000 -0.7071 0.7071
vn -0.0000 -0.7071 0.7071
vn -0.0000 -0.7071 0.7071
vn -0.0000 -0.7071 0.7071
vn -0.0000 0.7071 0.7071
vn -0.0000 0.7071 0.7071
vn -0.0000 0.7071 0.7071
vn -0.0000 0.7071 0.7071
vn 0.0000 -1.0000 -0.0000
vn 0.0000 -1.0000 -0.0000
vn 0.0000 -1.0000 -0.0000
vn 0.0000 -1.0000 -0.0000
vn -0.0000 -0.0000 1.0000
vn -0.0000 -0.0000 1.0000
vn -0.0000 -0.0000 1.0000
vn -0.0000 -0.0000 1.0000
vn 1.0000 0.0000 -0.0000
vn 1.0000 0.0000 -0.0000
vn 1.0000 0.0000 -0.0000
vn 1.0000 0.0000 -0.0000
vn 0.0000 1.0000 -0.0000
vn 0.0000 1.0000 -0.0000
vn 0.0000 1.0000 -0.0000
vn 0.0000 1.0000 -0.0000
vn -1.0000 0.0000 -0.0000
vn -1.0000 0.0000 -0.0000
vn -1.0000 0.0000 -0.0000
vn -1.0000 0.0000 -0.0000
vn 0.0000 0.0000 -1.0000
vn 0.0000 0.0000 -1.0000
vn 0.0000 0.0000 -1.0000
vn 0.0000 0.0000 -1.0000
vn -0.5773 -0.5774 0.5774
vn -0.5773 -0.5774 0.5774
vn -0.5773 -0.5774 0.5774
vn -0.5774 0.5772 0.5774
vn -0.5774 0.5772 0.5774
vn -0.5774 0.5772 0.5774
vn -0.5773 -0.5774 -0.5774
vn -0.5773 -0.5774 -0.5774
vn -0.5773 -0.5774 -0.5774
vn -0.5773 0.5774 -0.5774
vn -0.5773 0.5774 -0.5774
vn -0.5773 0.5774 -0.5774
vn 0.5772 -0.5774 0.5774
vn 0.5772 -0.5774 0.5774
vn 0.5772 -0.5774 0.5774
vn 0.5774 0.5774 0.5774
vn 0.5774 0.5774 0.5774
vn 0.5774 0.5774 0.5774
vn 0.5773 -0.5774 -0.5774
vn 0.5773 -0.5774 -0.5774
vn 0.5773 -0.5774 -0.5774
vn 0.5773 0.5774 -0.5773
vn 0.5773 0.5774 -0.5773
vn 0.5773 0.5774 -0.5773
vn -0.7071 -0.7071 -0.0001
vn -0.7071 -0.7071 -0.0001
vn -0.7071 -0.7071 -0.0001
vn -0.7071 -0.7071 -0.0001
vn -0.7071 -0.0000 0.7071
vn -0.7071 -0.0000 0.7071
vn -0.7071 -0.0000 0.7071
vn -0.7071 -0.0000 0.7071
vn -0.7071 0.7071 -0.0000
vn -0.7071 0.7071 -0.0000
vn -0.7071 0.7071 -0.0000
vn -0.7071 0.7071 -0.0000
vn -0.7071 0.0000 -0.7071
vn -0.7071 0.0000 -0.7071
vn -0.7071 0.0000 -0.7071
vn -0.7071 0.0000 -0.7071
vn 0.0000 -0.7071 -0.7071
vn 0.0000 -0.7071 -0.7071
vn 0.0000 -0.7071 -0.7071
vn 0.0000 -0.7071 -0.7071
vn 0.0000 0.7071 -0.7071
vn 0.0000 0.7071 -0.7071
vn 0.0000 0.7071 -0.7071
vn 0.0000 0.7071 -0.7071
vn 0.7071 0.0000 -0.7071
vn 0.7071 0.0000 -0.7071
vn 0.7071 0.0000 -0.7071
vn 0.7071 0.0000 -0.7071
vn 0.7071 -0.7071 -0.0000
vn 0.7071 -0.7071 -0.0000
vn 0.7071 -0.7071 -0.0000
vn 0.7071 -0.7071 -0.0000
vn 0.7071 0.7071 0.0000
vn 0.7071 0.7071 0.0000
vn 0.7071 0.7071 0.0000
vn 0.7071 0.7071 0.0000
vn 0.7071 -0.0000 0.7071
vn 0.7071 -0.0000 0.7071
vn 0.7071 -0.0000 0.7071
vn 0.7071 -0.0000 0.7071
vn -0.0000 -0.7071 0.7071
vn -0.0000 -0.7071 0.7071
vn -0.0000 -0.7071 0.7071
vn -0.0000 -0.7071 0.7071
vn -0.0000 0.7071 0.7071
vn -0.0000 0.7071 0.7071
vn -0.0000 0.7071 0.7071
vn -0.0000 0.7071 0.7071
vn 0.0000 -1.0000 -0.0000
vn 0.0000 -1.0000 -0.0000
vn 0.0000 -1.0000 -0.0000
vn 0.0000 -1.0000 -0.0000
f 97//97 99//99 98//98
f 97//97 98//98 100//100
f 101//101 103//103 102//102
f 101//101 102//102 104//104
f 105//105 107//107 106//106
f 105//105 106//106 108//108
f 109//109 111//111 110//110
f 109//109 110//110 112//112
f 113//113 115//115 114//114
f 113//113 114//114 116//116
f 117//117 119//119 118//118
f 120//120 122//122 121//121
f 123//123 125//125 124//124
f 126//126 128//128 127//127
f 129//129 131//131 130//130
f 132//132 134//134 133//133
f 135//135 137//137 136//136
f 138//138 140//140 139//139
f 141//141 143//143 142//142
f 141//141 142//142 144//144
f 145//145 147//147 146//146
f 145//145 146//146 148//148
f 149//149 151//151 150//150
f 149//149 150//150 152//152
f 153//153 155//155 154//154
f 153//153 154//154 156//156
f 157//157 159//159 158//158
f 157//157 158//158 160//160
f 161//161 163//163 162//162
f 161//161 162//162 164//164
f 165//165 167//167 166//166
f 165//165 166//166 168//168
f 169//169 171//171 170//170
f 169//169 170//170 172//172
f 173//173 175//175 174//174
f 173//173 174//174 176//176
f 177//177 179//179 178//178
f 177//177 178//178 180//180
f 181//181 183//183 182//182
f 181//181 182//182 184//184
f 185//185 187//187 186//186
f 185//185 186//186 188//188
f 189//189 191//191 190//190
f 189//189 190//190 192//192
f 193//193 195//195 194//194
f 193//193 194//194 196//196
f 197//197 199//199 198//198
f 197//197 198//198 200//200
f 201//201 203//203 202//202
f 201//201 202//202 204//204
f 205//205 207//207 206//206
f 205//205 206//206 208//208
f 209//209 211//211 210//210
f 209//209 210//210 212//212
f 213//213 215//215 214//214
f 216//216 218//218 217//217
f 219//219 221//221 220//220
f 222//222 224//224 223//223
f 225//225 227//227 226//226
f 228//228 230//230 229//229
f 231//231 233//233 232//232
f 234//234 236//236 235//235
f 237//237 239//239 238//238
f 237//237 238//238 240//240
f 241//241 243//243 242//242
f 241//241 242//242 244//244
f 245//245 247//247 246//246
f 245//245 246//246 248//248
f 249//249 251//251 250//250
f 249//249 250//250 252//252
f 253//253 255//255 254//254
f 253//253 254//254 256//256
f 257//257 259//259 258//258
f 257//257 258//258 260//260
f 261//261 263//263 262//262
f 261//261 262//262 264//264
f 265//265 267//267 266//266
f 265//265 266//266 268//268
f 269//269 271//271 270//270
f 269//269 270//270 272//272
f 273//273 275//275 274//274
f 273//273 274//274 276//276
f 277//277 279//279 278//278
f 277//277 278//278 280//280
f 281//281 283//283 282//282
f 281//281 282//282 284//284
f 285//285 287//287 286//286
f 285//285 286//286 288//288
f 289//289 291//291 290//290
f 289//289 290//290 292//292
f 293//293 295//295 294//294
f 293//293 294//294 296//296
f 297//297 299//299 298//298
f 297//297 298//298 300//300
f 301//301 303//303 302//302
f 301//301 302//302 304//304
f 305//305 307//307 306//306
f 305//305 306//306 308//308
f 309//309 311//311 310//310
f 312//312 314//314 313//313
f 315//315 317//317 316//316
f 318//318 320//320 319//319
f 321//321 323//323 322//322
f 324//324 326//326 325//325
f 327//327 329//329 328//328
f 330//330 332//332 331//331
f 333//333 335//335 334//334
f 333//333 334//334 336//336
f 337//337 339//339 338//338
f 337//337 338//338 340//340
f 341//341 343//343 342//342
f 341//341 342//342 344//344
f 345//345 347//347 346//346
f 345//345 346//346 348//348
f 349//349 351//351 350//350
f 349//349 350//350 352//352
f 353//353 355//355 354//354
f 353//353 354//354 356//356
f 357//357 359//359 358//358
f 357//357 358//358 360//360
f 361//361 363//363 362//362
f 361//361 362//362 364//364
f 365//365 367//367 366//366
f 365//365 366//366 368//368
f 369//369 371//371 370//370
f 369//369 370//370 372//372
f 373//373 375//375 374//374
f 373//373 374//374 376//376
f 377//377 379//379 378//378
f 377//377 378//378 380//380
f 381//381 383//383 382//382
f 381//381 382//382 384//384
f 385//385 387//387 386//386
f 385//385 386//386 388//388
f 389//389 391//391 390//390
f 389//389 390//390 392//392
f 393//393 395//395 394//394
f 393//393 394//394 396//396
f 397//397 399//399 398//398
f 397//397 398//398 400//400
f 401//401 403//403 402//402
f 401//401 402//402 404//404
f 405//405 407//407 406//406
f 408//408 410//410 409//409
f 411//411 413//413 412//412
f 414//414 416//416 415//415
f 417//417 419//419 418//418
f 420//420 422//422 421//421
f 423//423 425//425 424//424
f 426//426 428//428 427//427
f 429//429 431//431 430//430
f 429//429 430//430 432//432
f 433//433 435//435 434//434
f 433//433 434//434 436//436
f 437//437 439//439 438//438
f 437//437 438//438 440//440
f 441//441 443//443 442//442
f 441//441 442//442 444//444
f 445//445 447//447 446//446
f 445//445 446//446 448//448
f 449//449 451//451 450//450
f 449//449 450//450 452//452
f 453//453 455//455 454//454
f 453//453 454//454 456//456
f 457//457 459//459 458//458
f 457//457 458//458 460//460
f 461//461 463//463 462//462
f 461//461 462//462 464//464
f 465//465 467//467 466//466
f 465//465 466//466 468//468
f 469//469 471//471 470//470
f 469//469 470//470 472//472
f 473//473 475//475 474//474
f 473//473 474//474 476//476
f 477//477 479//479 478//478
f 477//477 478//478 480//480
f 481//481 483//483 482//482
f 481//481 482//482 484//484
f 485//485 487//487 486//486
f 485//485 486//486 488//488
f 489//489 491//491 490//490
f 489//489 490//490 492//492
f 493//493 495//495 494//494
f 493//493 494//494 496//496
f 497//497 499//499 498//498
f 497//497 498//498 500//500
f 501//501 503//503 502//502
f 504//504 506//506 505//505
f 507//507 509//509 508//508
f 510//510 512//512 511//511
f 513//513 515//515 514//514
f 516//516 518//518 517//517
f 519//519 521//521 520//520
f 522//522 524//524 523//523
f 525//525 527//527 526//526
f 525//525 526//526 528//528
f 529//529 531//531 530//530
f 529//529 530//530 532//532
f 533//533 535//535 534//534
f 533//533 534//534 536//536
f 537//537 539//539 538//538
f 537//537 538//538 540//540
f 541//541 543//543 542//542
f 541//541 542//542 544//544
f 545//545 547//547 546//546
f 545//545 546//546 548//548
f 549//549 551//551 550//550
f 549//549 550//550 552//552
f 553//553 555//555 554//554
f 553//553 554//554 556//556
f 557//557 559//559 558//558
f 557//557 558//558 560//560
f 561//561 563//563 562//562
f 561//561 562//562 564//564
f 565//565 567//567 566//566
f 565//565 566//566 568//568
f 569//569 571//571 570//570
f 569//569 570//570 572//572
f 573//573 575//575 574//574
f 573//573 574//574 576//576
f 577//577 579//579 578//578
f 577//577 578//578 580//580
f 581//581 583//583 582//582
f 581//581 582//582 584//584
f 585//585 587//587 586//586
f 585//585 586//586 588//588
f 589//589 591//591 590//590
f 589//589 590//590 592//592
f 593//593 595//595 594//594
f 593//593 594//594 596//596
f 597//597 599//599 598//598
f 600//600 602//602 601//601
f 603//603 605//605 604//604
f 606//606 608//608 607//607
f 609//609 611//611 610//610
f 612//612 614//614 613//613
f 615//615 617//617 616//616
f 618//618 620//620 619//619
f 621//621 623//623 622//622
f 621//621 622//622 624//624
f 625//625 627//627 626//626
f 625//625 626//626 628//628
f 629//629 631//631 630//630
f 629//629 630//630 632//632
f 633//633 635//635 634//634
f 633//633 634//634 636//636
f 637//637 639//639 638//638
f 637//637 638//638 640//640
f 641//641 643//643 642//642
f 641//641 642//642 644//644
f 645//645 647//647 646//646
f 645//645 646//646 648//648
f 649//649 651//651 650//650
f 649//649 650//650 652//652
f 653//653 655//655 654//654
f 653//653 654//654 656//656
f 657//657 659//659 658//658
f 657//657 658//658 660//660
f 661//661 663//663 662//662
f 661//661 662//662 664//664
f 665//665 667//667 666//666
f 665//665 666//666 668//668
f 669//669 671//671 670//670
f 669//669 670//670 672//672
f 1//1 3//3 2//2
f 1//1 2//2 4//4
f 5//5 7//7 6//6
f 5//5 6//6 8//8
f 9//9 11//11 10//10
f 9//9 10//10 12//12
f 13//13 15//15 14//14
f 13//13 14//14 16//16
f 17//17 19//19 18//18
f 17//17 18//18 20//20
f 21//21 23//23 22//22
f 24//24 26//26 25//25
f 27//27 29//29 28//28
f 30//30 32//32 31//31
f 33//33 35//35 34//34
f 36//36 38//38 37//37
f 39//39 41//41 40//40
f 42//42 44//44 43//43
f 45//45 47//47 46//46
f 45//45 46//46 48//48
f 49//49 51//51 50//50
f 49//49 50//50 52//52
f 53//53 55//55 54//54
f 53//53 54//54 56//56
f 57//57 59//59 58//58
f 57//57 58//58 60//60
f 61//61 63//63 62//62
f 61//61 62//62 64//64
f 65//65 67//67 66//66
f 65//65 66//66 68//68
f 69//69 71//71 70//70
f 69//69 70//70 72//72
f 73//73 75//75 74//74
f 73//73 74//74 76//76
f 77//77 79//79 78//78
f 77//77 78//78 80//80
f 81//81 83//83 82//82
f 81//81 82//82 84//84
f 85//85 87//87 86//86
f 85//85 86//86 88//88
f 89//89 91//91 90//90
f 89//89 90//90 92//92
f 93//93 95//95 94//94
f 93//93 94//94 96//96
g body_team
usemtl team
v 0.05373 0.31200 0.04270
v -0.06003 0.41300 0.04442
v 0.06003 0.41300 0.04442
v -0.05373 0.31200 0.04270
v 0.06575 0.31198 -0.03070
v 0.07205 0.41302 0.03242
v 0.07205 0.41302 -0.03242
v 0.06575 0.31198 0.03070
v 0.06080 0.42500 -0.03262
v -0.06080 0.42500 0.03262
v -0.06080 0.42500 -0.03262
v 0.06080 0.42500 0.03262
v -0.06575 0.31198 0.03070
v -0.07205 0.41302 -0.03242
v -0.07205 0.41302 0.03242
v -0.06575 0.31198 -0.03070
v -0.05373 0.31200 -0.04270
v 0.06003 0.41300 -0.04442
v -0.06003 0.41300 -0.04442
v 0.05373 0.31200 -0.04270
v -0.05300 0.30000 0.03050
v -0.06575 0.31198 0.03070
v -0.05373 0.31200 0.04270
v -0.06003 0.41300 0.04442
v -0.07205 0.41302 0.03242
v -0.06080 0.42500 0.03262
v -0.05300 0.30000 -0.03050
v -0.05373 0.31200 -0.04270
v -0.06575 0.31198 -0.03070
v -0.06080 0.42500 -0.03262
v -0.07205 0.41302 -0.03242
v -0.06003 0.41300 -0.04442
v 0.05300 0.30000 0.03050
v 0.05373 0.31200 0.04270
v 0.06575 0.31198 0.03070
v 0.06080 0.42500 0.03262
v 0.07205 0.41302 0.03242
v 0.06003 0.41300 0.04442
v 0.05300 0.30000 -0.03050
v 0.06575 0.31198 -0.03070
v 0.05373 0.31200 -0.04270
v 0.06080 0.42500 -0.03262
v 0.06003 0.41300 -0.04442
v 0.07205 0.41302 -0.03242
v -0.05300 0.30000 -0.03050
v -0.06575 0.31198 0.03070
v -0.05300 0.30000 0.03050
v -0.06575 0.31198 -0.03070
v -0.05373 0.31200 0.04270
v -0.07205 0.41302 0.03242
v -0.06003 0.41300 0.04442
v -0.06575 0.31198 0.03070
v -0.06080 0.42500 0.03262
v -0.07205 0.41302 -0.03242
v -0.06080 0.42500 -0.03262
v -0.07205 0.41302 0.03242
v -0.06003 0.41300 -0.04442
v -0.06575 0.31198 -0.03070
v -0.05373 0.31200 -0.04270
v -0.07205 0.41302 -0.03242
v 0.05300 0.30000 -0.03050
v -0.05373 0.31200 -0.04270
v -0.05300 0.30000 -0.03050
v 0.05373 0.31200 -0.04270
v -0.06080 0.42500 -0.03262
v 0.06003 0.41300 -0.04442
v 0.06080 0.42500 -0.03262
v -0.06003 0.41300 -0.04442
v 0.07205 0.41302 -0.03242
v 0.05373 0.31200 -0.04270
v 0.06575 0.31198 -0.03070
v 0.06003 0.41300 -0.04442
v 0.05300 0.30000 0.03050
v 0.06575 0.31198 -0.03070
v 0.05300 0.30000 -0.03050
v 0.06575 0.31198 0.03070
v 0.06080 0.42500 -0.03262
v 0.07205 0.41302 0.03242
v 0.06080 0.42500 0.03262
v 0.07205 0.41302 -0.03242
v 0.06003 0.41300 0.04442
v 0.06575 0.31198 0.03070
v 0.05373 0.31200 0.04270
v 0.07205 0.41302 0.03242
v -0.05300 0.30000 0.03050
v 0.05373 0.31200 0.04270
v 0.05300 0.30000 0.03050
v -0.05373 0.31200 0.04270
v 0.06080 0.42500 0.03262
v -0.06003 0.41300 0.04442
v -0.06080 0.42500 0.03262
v 0.06003 0.41300 0.04442
v -0.05300 0.30000 -0.03050
v 0.05300 0.30000 0.03050
v 0.05300 0.30000 -0.03050
v -0.05300 0.30000 0.03050
v 0.06134 0.27798 0.04695
v -0.05736 0.31702 0.04425
v 0.05736 0.31702 0.04425
v -0.06134 0.27798 0.04695
v 0.06939 0.27796 -0.03893
v 0.06540 0.31704 0.03623
v 0.06540 0.31704 -0.03623
v 0.06939 0.27796 0.03893
v 0.05658 0.32500 -0.03570
v -0.05658 0.32500 0.03570
v -0.05658 0.32500 -0.03570
v 0.05658 0.32500 0.03570
v -0.06939 0.27796 0.03893
v -0.06540 0.31704 -0.03623
v -0.06540 0.31704 0.03623
v -0.06939 0.27796 -0.03893
v -0.06134 0.27798 -0.04695
v 0.05736 0.31702 -0.04425
v -0.05736 0.31702 -0.04425
v 0.06134 0.27798 -0.04695
v -0.06220 0.27000 0.03950
v -0.06939 0.27796 0.03893
v -0.06134 0.27798 0.04695
v -0.05736 0.31702 0.04425
v -0.06540 0.31704 0.03623
v -0.05658 0.32500 0.03570
v -0.06220 0.27000 -0.03950
v -0.06134 0.27798 -0.04695
v -0.06939 0.27796 -0.03893
v -0.05658 0.32500 -0.03570
v -0.06540 0.31704 -0.03623
v -0.05736 0.31702 -0.04425
v 0.06220 0.27000 0.03950
v 0.06134 0.27798 0.04695
v 0.06939 0.27796 0.03893
v 0.05658 0.32500 0.03570
v 0.06540 0.31704 0.03623
v 0.05736 0.31702 0.04425
v 0.06220 0.27000 -0.03950
v 0.06939 0.27796 -0.03893
v 0.06134 0.27798 -0.04695
v 0.05658 0.32500 -0.03570
v 0.05736 0.31702 -0.04425
v 0.06540 0.31704 -0.03623
v -0.06220 0.27000 -0.03950
v -0.06939 0.27796 0.03893
v -0.06220 0.27000 0.03950
v -0.06939 0.27796 -0.03893
v -0.06134 0.27798 0.04695
v -0.06540 0.31704 0.03623
v -0.05736 0.31702 0.04425
v -0.06939 0.27796 0.03893
v -0.05658 0.32500 0.03570
v -0.06540 0.31704 -0.03623
v -0.05658 0.32500 -0.03570
v -0.06540 0.31704 0.03623
v -0.05736 0.31702 -0.04425
v -0.06939 0.27796 -0.03893
v -0.06134 0.27798 -0.04695
v -0.06540 0.31704 -0.03623
v 0.06220 0.27000 -0.03950
v -0.06134 0.27798 -0.04695
v -0.06220 0.27000 -0.03950
v 0.06134 0.27798 -0.04695
v -0.05658 0.32500 -0.03570
v 0.05736 0.31702 -0.04425
v 0.05658 0.32500 -0.03570
v -0.05736 0.31702 -0.04425
v 0.06540 0.31704 -0.03623
v 0.06134 0.27798 -0.04695
v 0.06939 0.27796 -0.03893
v 0.05736 0.31702 -0.04425
v 0.06220 0.27000 0.03950
v 0.06939 0.27796 -0.03893
v 0.06220 0.27000 -0.03950
v 0.06939 0.27796 0.03893
v 0.05658 0.32500 -0.03570
v 0.06540 0.31704 0.03623
v 0.05658 0.32500 0.03570
v 0.06540 0.31704 -0.03623
v 0.05736 0.31702 0.04425
v 0.06939 0.27796 0.03893
v 0.06134 0.27798 0.04695
v 0.06540 0.31704 0.03623
v -0.06220 0.27000 0.03950
v 0.06134 0.27798 0.04695
v 0.06220 0.27000 0.03950
v -0.06134 0.27798 0.04695
v 0.05658 0.32500 0.03570
v -0.05736 0.31702 0.04425
v -0.05658 0.32500 0.03570
v 0.05736 0.31702 0.04425
v -0.06220 0.27000 -0.03950
v 0.06220 0.27000 0.03950
v 0.06220 0.27000 -0.03950
v -0.06220 0.27000 0.03950
v -0.07501 0.32337 0.02000
v -0.07811 0.42422 0.02000
v -0.05464 0.41923 0.02000
v -0.09849 0.32836 0.02000
v -0.06915 0.32213 -0.01400
v -0.04877 0.41798 0.01400
v -0.04877 0.41798 -0.01400
v -0.06915 0.32213 0.01400
v -0.05339 0.42510 -0.01400
v -0.07687 0.43009 0.01400
v -0.07687 0.43009 -0.01400
v -0.05339 0.42510 0.01400
v -0.10436 0.32961 0.01400
v -0.08398 0.42547 -0.01400
v -0.08398 0.42547 0.01400
v -0.10436 0.32961 -0.01400
v -0.09849 0.32836 -0.02000
v -0.05464 0.41923 -0.02000
v -0.07811 0.42422 -0.02000
v -0.07501 0.32337 -0.02000
v -0.09974 0.32249 0.01400
v -0.10436 0.32961 0.01400
v -0.09849 0.32836 0.02000
v -0.07811 0.42422 0.02000
v -0.08398 0.42547 0.01400
v -0.07687 0.43009 0.01400
v -0.09974 0.32249 -0.01400
v -0.09849 0.32836 -0.02000
v -0.10436 0.32961 -0.01400
v -0.07687 0.43009 -0.01400
v -0.08398 0.42547 -0.01400
v -0.07811 0.42422 -0.02000
v -0.07626 0.31751 0.01400
v -0.07501 0.32337 0.02000
v -0.06915 0.32213 0.01400
v -0.05339 0.42510 0.01400
v -0.04877 0.41798 0.01400
v -0.05464 0.41923 0.02000
v -0.07626 0.31751 -0.01400
v -0.06915 0.32213 -0.01400
v -0.07501 0.32337 -0.02000
v -0.05339 0.42510 -0.01400
v -0.05464 0.41923 -0.02000
v -0.04877 0.41798 -0.01400
v -0.09974 0.32249 -0.01400
v -0.10436 0.32961 0.01400
v -0.09974 0.32249 0.01400
v -0.10436 0.32961 -0.01400
v -0.09849 0.32836 0.02000
v -0.08398 0.42547 0.01400
v -0.07811 0.42422 0.02000
v -0.10436 0.32961 0.01400
v -0.07687 0.43009 0.01400
v -0.08398 0.42547 -0.01400
v -0.07687 0.43009 -0.01400
v -0.08398 0.42547 0.01400
v -0.07811 0.42422 -0.02000
v -0.10436 0.32961 -0.01400
v -0.09849 0.32836 -0.02000
v -0.08398 0.42547 -0.01400
v -0.07626 0.31751 -0.01400
v -0.09849 0.32836 -0.02000
v -0.09974 0.32249 -0.01400
v -0.07501 0.32337 -0.02000
v -0.07687 0.43009 -0.01400
v -0.05464 0.41923 -0.02000
v -0.05339 0.42510 -0.01400
v -0.07811 0.42422 -0.02000
v -0.04877 0.41798 -0.01400
v -0.07501 0.32337 -0.02000
v -0.06915 0.32213 -0.01400
v -0.05464 0.41923 -0.02000
v -0.07626 0.31751 0.01400
v -0.06915 0.32213 -0.01400
v -0.07626 0.31751 -0.01400
v -0.06915 0.32213 0.01400
v -0.05339 0.42510 -0.01400
v -0.04877 0.41798 0.01400
v -0.05339 0.42510 0.01400
v -0.04877 0.41798 -0.01400
v -0.05464 0.41923 0.02000
v -0.06915 0.32213 0.01400
v -0.07501 0.32337 0.02000
v -0.04877 0.41798 0.01400
v -0.09974 0.32249 0.01400
v -0.07501 0.32337 0.02000
v -0.07626 0.31751 0.01400
v -0.09849 0.32836 0.02000
v -0.05339 0.42510 0.01400
v -0.07811 0.42422 0.02000
v -0.07687 0.43009 0.01400
v -0.05464 0.41923 0.02000
v -0.09974 0.32249 -0.01400
v -0.07626 0.31751 0.01400
v -0.07626 0.31751 -0.01400
v -0.09974 0.32249 0.01400
v 0.09849 0.32836 0.02000
v 0.05464 0.41923 0.02000
v 0.07811 0.42422 0.02000
v 0.07501 0.32337 0.02000
v 0.10436 0.32961 -0.01400
v 0.08398 0.42547 0.01400
v 0.08398 0.42547 -0.01400
v 0.10436 0.32961 0.01400
v 0.07687 0.43009 -0.01400
v 0.05339 0.42510 0.01400
v 0.05339 0.42510 -0.01400
v 0.07687 0.43009 0.01400
v 0.06915 0.32213 0.01400
v 0.04877 0.41798 -0.01400
v 0.04877 0.41798 0.01400
v 0.06915 0.32213 -0.01400
v 0.07501 0.32337 -0.02000
v 0.07811 0.42422 -0.02000
v 0.05464 0.41923 -0.02000
v 0.09849 0.32836 -0.02000
v 0.07626 0.31751 0.01400
v 0.06915 0.32213 0.01400
v 0.07501 0.32337 0.02000
v 0.05464 0.41923 0.02000
v 0.04877 0.41798 0.01400
v 0.05339 0.42510 0.01400
v 0.07626 0.31751 -0.01400
v 0.07501 0.32337 -0.02000
v 0.06915 0.32213 -0.01400
v 0.05339 0.42510 -0.01400
v 0.04877 0.41798 -0.01400
v 0.05464 0.41923 -0.02000
v 0.09974 0.32249 0.01400
v 0.09849 0.32836 0.02000
v 0.10436 0.32961 0.01400
v 0.07687 0.43009 0.01400
v 0.08398 0.42547 0.01400
v 0.07811 0.42422 0.02000
v 0.09974 0.32249 -0.01400
v 0.10436 0.32961 -0.01400
v 0.09849 0.32836 -0.02000
v 0.07687 0.43009 -0.01400
v 0.07811 0.42422 -0.02000
v 0.08398 0.42547 -0.01400
v 0.07626 0.31751 -0.01400
v 0.06915 0.32213 0.01400
v 0.07626 0.31751 0.01400
v 0.06915 0.32213 -0.01400
v 0.07501 0.32337 0.02000
v 0.04877 0.41798 0.01400
v 0.05464 0.41923 0.02000
v 0.06915 0.32213 0.01400
v 0.05339 0.42510 0.01400
v 0.04877 0.41798 -0.01400
v 0.05339 0.42510 -0.01400
v 0.04877 0.41798 0.01400
v 0.05464 0.41923 -0.02000
v 0.06915 0.32213 -0.01400
v 0.07501 0.32337 -0.02000
v 0.04877 0.41798 -0.01400
v 0.09974 0.32249 -0.01400
v 0.07501 0.32337 -0.02000
v 0.07626 0.31751 -0.01400
v 0.09849 0.32836 -0.02000
v 0.05339 0.42510 -0.01400
v 0.07811 0.42422 -0.02000
v 0.07687 0.43009 -0.01400
v 0.05464 0.41923 -0.02000
v 0.08398 0.42547 -0.01400
v 0.09849 0.32836 -0.02000
v 0.10436 0.32961 -0.01400
v 0.07811 0.42422 -0.02000
v 0.09974 0.32249 0.01400
v 0.10436 0.32961 -0.01400
v 0.09974 0.32249 -0.01400
v 0.10436 0.32961 0.01400
v 0.07687 0.43009 -0.01400
v 0.08398 0.42547 0.01400
v 0.07687 0.43009 0.01400
v 0.08398 0.42547 -0.01400
v 0.07811 0.42422 0.02000
v 0.10436 0.32961 0.01400
v 0.09849 0.32836 0.02000
v 0.08398 0.42547 0.01400
v 0.07626 0.31751 0.01400
v 0.09849 0.32836 0.02000
v 0.09974 0.32249 0.01400
v 0.07501 0.32337 0.02000
v 0.07687 0.43009 0.01400
v 0.05464 0.41923 0.02000
v 0.05339 0.42510 0.01400
v 0.07811 0.42422 0.02000
v 0.07626 0.31751 -0.01400
v 0.09974 0.32249 0.01400
v 0.09974 0.32249 -0.01400
v 0.07626 0.31751 0.01400
v 0.00000 0.51750 -0.00344
v 0.03575 0.51750 -0.02408
v 0.00000 0.51750 -0.04472
v 0.03575 0.51750 0.01720
v -0.03575 0.51750 -0.02408
v 0.00000 0.51750 0.03784
v -0.03575 0.51750 0.01720
v 0.00000 0.51750 -0.04472
v 0.03575 0.51750 -0.02408
v 0.00000 0.56050 -0.00344
v 0.03575 0.51750 -0.02408
v 0.03575 0.51750 0.01720
v 0.00000 0.56050 -0.00344
v 0.03575 0.51750 0.01720
v 0.00000 0.51750 0.03784
v 0.00000 0.56050 -0.00344
v 0.00000 0.51750 0.03784
v -0.03575 0.51750 0.01720
v 0.00000 0.56050 -0.00344
v -0.03575 0.51750 0.01720
v -0.03575 0.51750 -0.02408
v 0.00000 0.56050 -0.00344
v -0.03575 0.51750 -0.02408
v 0.00000 0.51750 -0.04472
v 0.00000 0.56050 -0.00344
vn -0.0000 -0.0170 0.9999
vn -0.0000 -0.0170 0.9999
vn -0.0000 -0.0170 0.9999
vn -0.0000 -0.0170 0.9999
vn 0.9981 -0.0623 0.0000
vn 0.9981 -0.0623 0.0000
vn 0.9981 -0.0623 0.0000
vn 0.9981 -0.0623 0.0000
vn 0.0000 1.0000 -0.0000
vn 0.0000 1.0000 -0.0000
vn 0.0000 1.0000 -0.0000
vn 0.0000 1.0000 -0.0000
vn -0.9981 -0.0623 -0.0000
vn -0.9981 -0.0623 -0.0000
vn -0.9981 -0.0623 -0.0000
vn -0.9981 -0.0623 -0.0000
vn 0.0000 -0.0170 -0.9999
vn 0.0000 -0.0170 -0.9999
vn 0.0000 -0.0170 -0.9999
vn 0.0000 -0.0170 -0.9999
vn -0.5611 -0.6067 0.5631
vn -0.5611 -0.6067 0.5631
vn -0.5611 -0.6067 0.5631
vn -0.5915 0.5455 0.5937
vn -0.5915 0.5455 0.5937
vn -0.5915 0.5455 0.5937
vn -0.5611 -0.6067 -0.5631
vn -0.5611 -0.6067 -0.5631
vn -0.5611 -0.6067 -0.5631
vn -0.5915 0.5456 -0.5937
vn -0.5915 0.5456 -0.5937
vn -0.5915 0.5456 -0.5937
vn 0.5611 -0.6067 0.5631
vn 0.5611 -0.6067 0.5631
vn 0.5611 -0.6067 0.5631
vn 0.5914 0.5455 0.5938
vn 0.5914 0.5455 0.5938
vn 0.5914 0.5455 0.5938
vn 0.5611 -0.6067 -0.5631
vn 0.5611 -0.6067 -0.5631
vn 0.5611 -0.6067 -0.5631
vn 0.5915 0.5456 -0.5936
vn 0.5915 0.5456 -0.5936
vn 0.5915 0.5456 -0.5936
vn -0.6847 -0.7288 -0.0001
vn -0.6847 -0.7288 -0.0001
vn -0.6847 -0.7288 -0.0001
vn -0.6847 -0.7288 -0.0001
vn -0.7054 -0.0560 0.7066
vn -0.7054 -0.0560 0.7066
vn -0.7054 -0.0560 0.7066
vn -0.7054 -0.0560 0.7066
vn -0.7288 0.6847 -0.0000
vn -0.7288 0.6847 -0.0000
vn -0.7288 0.6847 -0.0000
vn -0.7288 0.6847 -0.0000
vn -0.7054 -0.0560 -0.7066
vn -0.7054 -0.0560 -0.7066
vn -0.7054 -0.0560 -0.7066
vn -0.7054 -0.0560 -0.7066
vn 0.0000 -0.7131 -0.7011
vn 0.0000 -0.7131 -0.7011
vn 0.0000 -0.7131 -0.7011
vn 0.0000 -0.7131 -0.7011
vn 0.0000 0.7011 -0.7131
vn 0.0000 0.7011 -0.7131
vn 0.0000 0.7011 -0.7131
vn 0.0000 0.7011 -0.7131
vn 0.7054 -0.0560 -0.7066
vn 0.7054 -0.0560 -0.7066
vn 0.7054 -0.0560 -0.7066
vn 0.7054 -0.0560 -0.7066
vn 0.6847 -0.7288 -0.0000
vn 0.6847 -0.7288 -0.0000
vn 0.6847 -0.7288 -0.0000
vn 0.6847 -0.7288 -0.0000
vn 0.7288 0.6847 0.0000
vn 0.7288 0.6847 0.0000
vn 0.7288 0.6847 0.0000
vn 0.7288 0.6847 0.0000
vn 0.7054 -0.0560 0.7066
vn 0.7054 -0.0560 0.7066
vn 0.7054 -0.0560 0.7066
vn 0.7054 -0.0560 0.7066
vn -0.0000 -0.7131 0.7010
vn -0.0000 -0.7131 0.7010
vn -0.0000 -0.7131 0.7010
vn -0.0000 -0.7131 0.7010
vn -0.0000 0.7011 0.7131
vn -0.0000 0.7011 0.7131
vn -0.0000 0.7011 0.7131
vn -0.0000 0.7011 0.7131
vn 0.0000 -1.0000 -0.0000
vn 0.0000 -1.0000 -0.0000
vn 0.0000 -1.0000 -0.0000
vn 0.0000 -1.0000 -0.0000
vn -0.0000 0.0689 0.9976
vn -0.0000 0.0689 0.9976
vn -0.0000 0.0689 0.9976
vn -0.0000 0.0689 0.9976
vn 0.9948 0.1016 0.0001
vn 0.9948 0.1016 0.0001
vn 0.9948 0.1016 0.0001
vn 0.9948 0.1016 0.0001
vn 0.0000 1.0000 -0.0000
vn 0.0000 1.0000 -0.0000
vn 0.0000 1.0000 -0.0000
vn 0.0000 1.0000 -0.0000
vn -0.9948 0.1016 0.0000
vn -0.9948 0.1016 0.0000
vn -0.9948 0.1016 0.0000
vn -0.9948 0.1016 0.0000
vn 0.0000 0.0689 -0.9976
vn 0.0000 0.0689 -0.9976
vn 0.0000 0.0689 -0.9976
vn 0.0000 0.0689 -0.9976
vn -0.6083 -0.5057 0.6117
vn -0.6083 -0.5057 0.6117
vn -0.6083 -0.5057 0.6117
vn -0.5432 0.6378 0.5461
vn -0.5432 0.6378 0.5461
vn -0.5432 0.6378 0.5461
vn -0.6083 -0.5057 -0.6117
vn -0.6083 -0.5057 -0.6117
vn -0.6083 -0.5057 -0.6117
vn -0.5431 0.6378 -0.5461
vn -0.5431 0.6378 -0.5461
vn -0.5431 0.6378 -0.5461
vn 0.6083 -0.5057 0.6118
vn 0.6083 -0.5057 0.6118
vn 0.6083 -0.5057 0.6118
vn 0.5431 0.6378 0.5462
vn 0.5431 0.6378 0.5462
vn 0.5431 0.6378 0.5462
vn 0.6083 -0.5058 -0.6117
vn 0.6083 -0.5058 -0.6117
vn 0.6083 -0.5058 -0.6117
vn 0.5431 0.6378 -0.5461
vn 0.5431 0.6378 -0.5461
vn 0.5431 0.6378 -0.5461
vn -0.7422 -0.6702 -0.0001
vn -0.7422 -0.6702 -0.0001
vn -0.7422 -0.6702 -0.0001
vn -0.7422 -0.6702 -0.0001
vn -0.7010 0.1201 0.7030
vn -0.7010 0.1201 0.7030
vn -0.7010 0.1201 0.7030
vn -0.7010 0.1201 0.7030
vn -0.6702 0.7422 -0.0000
vn -0.6702 0.7422 -0.0000
vn -0.6702 0.7422 -0.0000
vn -0.6702 0.7422 -0.0000
vn -0.7010 0.1201 -0.7030
vn -0.7010 0.1201 -0.7030
vn -0.7010 0.1201 -0.7030
vn -0.7010 0.1201 -0.7030
vn 0.0000 -0.6823 -0.7310
vn 0.0000 -0.6823 -0.7310
vn 0.0000 -0.6823 -0.7310
vn 0.0000 -0.6823 -0.7310
vn 0.0000 0.7311 -0.6823
vn 0.0000 0.7311 -0.6823
vn 0.0000 0.7311 -0.6823
vn 0.0000 0.7311 -0.6823
vn 0.7010 0.1201 -0.7029
vn 0.7010 0.1201 -0.7029
vn 0.7010 0.1201 -0.7029
vn 0.7010 0.1201 -0.7029
vn 0.7422 -0.6702 -0.0000
vn 0.7422 -0.6702 -0.0000
vn 0.7422 -0.6702 -0.0000
vn 0.7422 -0.6702 -0.0000
vn 0.6702 0.7422 0.0000
vn 0.6702 0.7422 0.0000
vn 0.6702 0.7422 0.0000
vn 0.6702 0.7422 0.0000
vn 0.7009 0.1201 0.7030
vn 0.7009 0.1201 0.7030
vn 0.7009 0.1201 0.7030
vn 0.7009 0.1201 0.7030
vn -0.0000 -0.6823 0.7311
vn -0.0000 -0.6823 0.7311
vn -0.0000 -0.6823 0.7311
vn -0.0000 -0.6823 0.7311
vn -0.0000 0.7311 0.6823
vn -0.0000 0.7311 0.6823
vn -0.0000 0.7311 0.6823
vn -0.0000 0.7311 0.6823
vn 0.0000 -1.0000 -0.0000
vn 0.0000 -1.0000 -0.0000
vn 0.0000 -1.0000 -0.0000
vn 0.0000 -1.0000 -0.0000
vn -0.0000 -0.0000 1.0000
vn -0.0000 -0.0000 1.0000
vn -0.0000 -0.0000 1.0000
vn -0.0000 -0.0000 1.0000
vn 0.9781 -0.2079 -0.0000
vn 0.9781 -0.2079 -0.0000
vn 0.9781 -0.2079 -0.0000
vn 0.9781 -0.2079 -0.0000
vn 0.2079 0.9782 0.0000
vn 0.2079 0.9782 0.0000
vn 0.2079 0.9782 0.0000
vn 0.2079 0.9782 0.0000
vn -0.9782 0.2079 -0.0000
vn -0.9782 0.2079 -0.0000
vn -0.9782 0.2079 -0.0000
vn -0.9782 0.2079 -0.0000
vn 0.0000 0.0000 -1.0000
vn 0.0000 0.0000 -1.0000
vn 0.0000 0.0000 -1.0000
vn 0.0000 0.0000 -1.0000
vn -0.6848 -0.4447 0.5773
vn -0.6848 -0.4447 0.5773
vn -0.6848 -0.4447 0.5773
vn -0.4447 0.6848 0.5773
vn -0.4447 0.6848 0.5773
vn -0.4447 0.6848 0.5773
vn -0.6848 -0.4446 -0.5774
vn -0.6848 -0.4446 -0.5774
vn -0.6848 -0.4446 -0.5774
vn -0.4447 0.6848 -0.5773
vn -0.4447 0.6848 -0.5773
vn -0.4447 0.6848 -0.5773
vn 0.4447 -0.6848 0.5774
vn 0.4447 -0.6848 0.5774
vn 0.4447 -0.6848 0.5774
vn 0.6847 0.4447 0.5774
vn 0.6847 0.4447 0.5774
vn 0.6847 0.4447 0.5774
vn 0.4446 -0.6848 -0.5774
vn 0.4446 -0.6848 -0.5774
vn 0.4446 -0.6848 -0.5774
vn 0.6848 0.4447 -0.5773
vn 0.6848 0.4447 -0.5773
vn 0.6848 0.4447 -0.5773
vn -0.8387 -0.5446 -0.0000
vn -0.8387 -0.5446 -0.0000
vn -0.8387 -0.5446 -0.0000
vn -0.8387 -0.5446 -0.0000
vn -0.6917 0.1470 0.7071
vn -0.6917 0.1470 0.7071
vn -0.6917 0.1470 0.7071
vn -0.6917 0.1470 0.7071
vn -0.5446 0.8387 0.0000
vn -0.5446 0.8387 0.0000
vn -0.5446 0.8387 0.0000
vn -0.5446 0.8387 0.0000
vn -0.6917 0.1470 -0.7071
vn -0.6917 0.1470 -0.7071
vn -0.6917 0.1470 -0.7071
vn -0.6917 0.1470 -0.7071
vn -0.1470 -0.6917 -0.7071
vn -0.1470 -0.6917 -0.7071
vn -0.1470 -0.6917 -0.7071
vn -0.1470 -0.6917 -0.7071
vn 0.1470 0.6917 -0.7070
vn 0.1470 0.6917 -0.7070
vn 0.1470 0.6917 -0.7070
vn 0.1470 0.6917 -0.7070
vn 0.6917 -0.1470 -0.7071
vn 0.6917 -0.1470 -0.7071
vn 0.6917 -0.1470 -0.7071
vn 0.6917 -0.1470 -0.7071
vn 0.5446 -0.8387 0.0000
vn 0.5446 -0.8387 0.0000
vn 0.5446 -0.8387 0.0000
vn 0.5446 -0.8387 0.0000
vn 0.8387 0.5446 0.0001
vn 0.8387 0.5446 0.0001
vn 0.8387 0.5446 0.0001
vn 0.8387 0.5446 0.0001
vn 0.6916 -0.1470 0.7071
vn 0.6916 -0.1470 0.7071
vn 0.6916 -0.1470 0.7071
vn 0.6916 -0.1470 0.7071
vn -0.1470 -0.6917 0.7071
vn -0.1470 -0.6917 0.7071
vn -0.1470 -0.6917 0.7071
vn -0.1470 -0.6917 0.7071
vn 0.1470 0.6916 0.7071
vn 0.1470 0.6916 0.7071
vn 0.1470 0.6916 0.7071
vn 0.1470 0.6916 0.7071
vn -0.2079 -0.9782 -0.0001
vn -0.2079 -0.9782 -0.0001
vn -0.2079 -0.9782 -0.0001
vn -0.2079 -0.9782 -0.0001
vn -0.0000 -0.0000 1.0000
vn -0.0000 -0.0000 1.0000
vn -0.0000 -0.0000 1.0000
vn -0.0000 -0.0000 1.0000
vn 0.9782 0.2079 0.0000
vn 0.9782 0.2079 0.0000
vn 0.9782 0.2079 0.0000
vn 0.9782 0.2079 0.0000
vn -0.2079 0.9781 -0.0000
vn -0.2079 0.9781 -0.0000
vn -0.2079 0.9781 -0.0000
vn -0.2079 0.9781 -0.0000
vn -0.9782 -0.2079 -0.0001
vn -0.9782 -0.2079 -0.0001
vn -0.9782 -0.2079 -0.0001
vn -0.9782 -0.2079 -0.0001
vn 0.0000 0.0000 -1.0000
vn 0.0000 0.0000 -1.0000
vn 0.0000 0.0000 -1.0000
vn 0.0000 0.0000 -1.0000
vn -0.4447 -0.6848 0.5773
vn -0.4447 -0.6848 0.5773
vn -0.4447 -0.6848 0.5773
vn -0.6848 0.4447 0.5774
vn -0.6848 0.4447 0.5774
vn -0.6848 0.4447 0.5774
vn -0.4446 -0.6848 -0.5774
vn -0.4446 -0.6848 -0.5774
vn -0.4446 -0.6848 -0.5774
vn -0.6848 0.4446 -0.5774
vn -0.6848 0.4446 -0.5774
vn -0.6848 0.4446 -0.5774
vn 0.6847 -0.4447 0.5774
vn 0.6847 -0.4447 0.5774
vn 0.6847 -0.4447 0.5774
vn 0.4447 0.6848 0.5774
vn 0.4447 0.6848 0.5774
vn 0.4447 0.6848 0.5774
vn 0.6848 -0.4447 -0.5774
vn 0.6848 -0.4447 -0.5774
vn 0.6848 -0.4447 -0.5774
vn 0.4447 0.6848 -0.5773
vn 0.4447 0.6848 -0.5773
vn 0.4447 0.6848 -0.5773
vn -0.5446 -0.8387 -0.0000
vn -0.5446 -0.8387 -0.0000
vn -0.5446 -0.8387 -0.0000
vn -0.5446 -0.8387 -0.0000
vn -0.6917 -0.1470 0.7071
vn -0.6917 -0.1470 0.7071
vn -0.6917 -0.1470 0.7071
vn -0.6917 -0.1470 0.7071
vn -0.8387 0.5446 0.0000
vn -0.8387 0.5446 0.0000
vn -0.8387 0.5446 0.0000
vn -0.8387 0.5446 0.0000
vn -0.6917 -0.1470 -0.7071
vn -0.6917 -0.1470 -0.7071
vn -0.6917 -0.1470 -0.7071
vn -0.6917 -0.1470 -0.7071
vn 0.1470 -0.6917 -0.7071
vn 0.1470 -0.6917 -0.7071
vn 0.1470 -0.6917 -0.7071
vn 0.1470 -0.6917 -0.7071
vn -0.1470 0.6917 -0.7071
vn -0.1470 0.6917 -0.7071
vn -0.1470 0.6917 -0.7071
vn -0.1470 0.6917 -0.7071
vn 0.6917 0.1470 -0.7070
vn 0.6917 0.1470 -0.7070
vn 0.6917 0.1470 -0.7070
vn 0.6917 0.1470 -0.7070
vn 0.8387 -0.5446 0.0000
vn 0.8387 -0.5446 0.0000
vn 0.8387 -0.5446 0.0000
vn 0.8387 -0.5446 0.0000
vn 0.5446 0.8387 0.0001
vn 0.5446 0.8387 0.0001
vn 0.5446 0.8387 0.0001
vn 0.5446 0.8387 0.0001
vn 0.6916 0.1470 0.7071
vn 0.6916 0.1470 0.7071
vn 0.6916 0.1470 0.7071
vn 0.6916 0.1470 0.7071
vn 0.1470 -0.6917 0.7071
vn 0.1470 -0.6917 0.7071
vn 0.1470 -0.6917 0.7071
vn 0.1470 -0.6917 0.7071
vn -0.1470 0.6916 0.7071
vn -0.1470 0.6916 0.7071
vn -0.1470 0.6916 0.7071
vn -0.1470 0.6916 0.7071
vn 0.2079 -0.9782 -0.0000
vn 0.2079 -0.9782 -0.0000
vn 0.2079 -0.9782 -0.0000
vn 0.2079 -0.9782 -0.0000
vn 0.0000 -1.0000 -0.0000
vn 0.0000 -1.0000 -0.0000
vn 0.0000 -1.0000 -0.0000
vn 0.0000 -1.0000 -0.0000
vn 0.0000 -1.0000 -0.0000
vn 0.0000 -1.0000 -0.0000
vn 0.0000 -1.0000 -0.0000
vn 0.3845 0.6393 -0.6659
vn 0.3845 0.6393 -0.6659
vn 0.3845 0.6393 -0.6659
vn 0.7690 0.6393 0.0000
vn 0.7690 0.6393 0.0000
vn 0.7690 0.6393 0.0000
vn 0.3845 0.6393 0.6660
vn 0.3845 0.6393 0.6660
vn 0.3845 0.6393 0.6660
vn -0.3845 0.6393 0.6659
vn -0.3845 0.6393 0.6659
vn -0.3845 0.6393 0.6659
vn -0.7690 0.6392 -0.0000
vn -0.7690 0.6392 -0.0000
vn -0.7690 0.6392 -0.0000
vn -0.3845 0.6393 -0.6659
vn -0.3845 0.6393 -0.6659
vn -0.3845 0.6393 -0.6659
f 673//673 675//675 674//674
f 673//673 674//674 676//676
f 677//677 679//679 678//678
f 677//677 678//678 680//680
f 681//681 683//683 682//682
f 681//681 682//682 684//684
f 685//685 687//687 686//686
f 685//685 686//686 688//688
f 689//689 691//691 690//690
f 689//689 690//690 692//692
f 693//693 695//695 694//694
f 696//696 698//698 697//697
f 699//699 701//701 700//700
f 702//702 704//704 703//703
f 705//705 707//707 706//706
f 708//708 710//710 709//709
f 711//711 713//713 712//712
f 714//714 716//716 715//715
f 717//717 719//719 718//718
f 717//717 718//718 720//720
f 721//721 723//723 722//722
f 721//721 722//722 724//724
f 725//725 727//727 726//726
f 725//725 726//726 728//728
f 729//729 731//731 730//730
f 729//729 730//730 732//732
f 733//733 735//735 734//734
f 733//733 734//734 736//736
f 737//737 739//739 738//738
f 737//737 738//738 740//740
f 741//741 743//743 742//742
f 741//741 742//742 744//744
f 745//745 747//747 746//746
f 745//745 746//746 748//748
f 749//749 751//751 750//750
f 749//749 750//750 752//752
f 753//753 755//755 754//754
f 753//753 754//754 756//756
f 757//757 759//759 758//758
f 757//757 758//758 760//760
f 761//761 763//763 762//762
f 761//761 762//762 764//764
f 765//765 767//767 766//766
f 765//765 766//766 768//768
f 769//769 771//771 770//770
f 769//769 770//770 772//772
f 773//773 775//775 774//774
f 773//773 774//774 776//776
f 777//777 779//779 778//778
f 777//777 778//778 780//780
f 781//781 783//783 782//782
f 781//781 782//782 784//784
f 785//785 787//787 786//786
f 785//785 786//786 788//788
f 789//789 791//791 790//790
f 792//792 794//794 793//793
f 795//795 797//797 796//796
f 798//798 800//800 799//799
f 801//801 803//803 802//802
f 804//804 806//806 805//805
f 807//807 809//809 808//808
f 810//810 812//812 811//811
f 813//813 815//815 814//814
f 813//813 814//814 816//816
f 817//817 819//819 818//818
f 817//817 818//818 820//820
f 821//821 823//823 822//822
f 821//821 822//822 824//824
f 825//825 827//827 826//826
f 825//825 826//826 828//828
f 829//829 831//831 830//830
f 829//829 830//830 832//832
f 833//833 835//835 834//834
f 833//833 834//834 836//836
f 837//837 839//839 838//838
f 837//837 838//838 840//840
f 841//841 843//843 842//842
f 841//841 842//842 844//844
f 845//845 847//847 846//846
f 845//845 846//846 848//848
f 849//849 851//851 850//850
f 849//849 850//850 852//852
f 853//853 855//855 854//854
f 853//853 854//854 856//856
f 857//857 859//859 858//858
f 857//857 858//858 860//860
f 861//861 863//863 862//862
f 861//861 862//862 864//864
f 865//865 867//867 866//866
f 865//865 866//866 868//868
f 869//869 871//871 870//870
f 869//869 870//870 872//872
f 873//873 875//875 874//874
f 873//873 874//874 876//876
f 877//877 879//879 878//878
f 877//877 878//878 880//880
f 881//881 883//883 882//882
f 881//881 882//882 884//884
f 885//885 887//887 886//886
f 888//888 890//890 889//889
f 891//891 893//893 892//892
f 894//894 896//896 895//895
f 897//897 899//899 898//898
f 900//900 902//902 901//901
f 903//903 905//905 904//904
f 906//906 908//908 907//907
f 909//909 911//911 910//910
f 909//909 910//910 912//912
f 913//913 915//915 914//914
f 913//913 914//914 916//916
f 917//917 919//919 918//918
f 917//917 918//918 920//920
f 921//921 923//923 922//922
f 921//921 922//922 924//924
f 925//925 927//927 926//926
f 925//925 926//926 928//928
f 929//929 931//931 930//930
f 929//929 930//930 932//932
f 933//933 935//935 934//934
f 933//933 934//934 936//936
f 937//937 939//939 938//938
f 937//937 938//938 940//940
f 941//941 943//943 942//942
f 941//941 942//942 944//944
f 945//945 947//947 946//946
f 945//945 946//946 948//948
f 949//949 951//951 950//950
f 949//949 950//950 952//952
f 953//953 955//955 954//954
f 953//953 954//954 956//956
f 957//957 959//959 958//958
f 957//957 958//958 960//960
f 961//961 963//963 962//962
f 961//961 962//962 964//964
f 965//965 967//967 966//966
f 965//965 966//966 968//968
f 969//969 971//971 970//970
f 969//969 970//970 972//972
f 973//973 975//975 974//974
f 973//973 974//974 976//976
f 977//977 979//979 978//978
f 977//977 978//978 980//980
f 981//981 983//983 982//982
f 984//984 986//986 985//985
f 987//987 989//989 988//988
f 990//990 992//992 991//991
f 993//993 995//995 994//994
f 996//996 998//998 997//997
f 999//999 1001//1001 1000//1000
f 1002//1002 1004//1004 1003//1003
f 1005//1005 1007//1007 1006//1006
f 1005//1005 1006//1006 1008//1008
f 1009//1009 1011//1011 1010//1010
f 1009//1009 1010//1010 1012//1012
f 1013//1013 1015//1015 1014//1014
f 1013//1013 1014//1014 1016//1016
f 1017//1017 1019//1019 1018//1018
f 1017//1017 1018//1018 1020//1020
f 1021//1021 1023//1023 1022//1022
f 1021//1021 1022//1022 1024//1024
f 1025//1025 1027//1027 1026//1026
f 1025//1025 1026//1026 1028//1028
f 1029//1029 1031//1031 1030//1030
f 1029//1029 1030//1030 1032//1032
f 1033//1033 1035//1035 1034//1034
f 1033//1033 1034//1034 1036//1036
f 1037//1037 1039//1039 1038//1038
f 1037//1037 1038//1038 1040//1040
f 1041//1041 1043//1043 1042//1042
f 1041//1041 1042//1042 1044//1044
f 1045//1045 1047//1047 1046//1046
f 1045//1045 1046//1046 1048//1048
f 1049//1049 1051//1051 1050//1050
f 1049//1049 1050//1050 1052//1052
f 1053//1053 1055//1055 1054//1054
f 1053//1053 1054//1054 1056//1056
f 1057//1057 1059//1059 1058//1058
f 1057//1057 1058//1058 1060//1060
f 1057//1057 1061//1061 1059//1059
f 1057//1057 1060//1060 1062//1062
f 1057//1057 1063//1063 1061//1061
f 1057//1057 1062//1062 1063//1063
f 1064//1064 1066//1066 1065//1065
f 1067//1067 1069//1069 1068//1068
f 1070//1070 1072//1072 1071//1071
f 1073//1073 1075//1075 1074//1074
f 1076//1076 1078//1078 1077//1077
f 1079//1079 1081//1081 1080//1080
g body_skin
usemtl skin
v 0.00000 0.41757 0.00000
v -0.01426 0.44666 0.04170
v 0.03734 0.44666 0.02577
v 0.03734 0.44666 0.02577
v 0.03734 0.44666 -0.02577
v 0.00000 0.41757 0.00000
v 0.00000 0.41757 0.00000
v -0.04615 0.44666 0.00000
v -0.01426 0.44666 0.04170
v 0.00000 0.41757 0.00000
v -0.01426 0.44666 -0.04170
v -0.04615 0.44666 0.00000
v 0.00000 0.41757 0.00000
v 0.03734 0.44666 -0.02577
v -0.01426 0.44666 -0.04170
v 0.03734 0.44666 0.02577
v 0.04615 0.49374 0.00000
v 0.03734 0.44666 -0.02577
v -0.01426 0.44666 0.04170
v 0.01426 0.49374 0.04170
v 0.03734 0.44666 0.02577
v -0.04615 0.44666 0.00000
v -0.03734 0.49374 0.02577
v -0.01426 0.44666 0.04170
v -0.01426 0.44666 -0.04170
v -0.03734 0.49374 -0.02577
v -0.04615 0.44666 0.00000
v 0.03734 0.44666 -0.02577
v 0.01426 0.49374 -0.04170
v -0.01426 0.44666 -0.04170
v 0.03734 0.44666 0.02577
v 0.01426 0.49374 0.04170
v 0.04615 0.49374 0.00000
v -0.01426 0.44666 0.04170
v -0.03734 0.49374 0.02577
v 0.01426 0.49374 0.04170
v -0.04615 0.44666 0.00000
v -0.03734 0.49374 -0.02577
v -0.03734 0.49374 0.02577
v -0.01426 0.44666 -0.04170
v 0.01426 0.49374 -0.04170
v -0.03734 0.49374 -0.02577
v 0.03734 0.44666 -0.02577
v 0.04615 0.49374 0.00000
v 0.01426 0.49374 -0.04170
v 0.01426 0.49374 0.04170
v 0.00000 0.52283 0.00000
v 0.04615 0.49374 0.00000
v -0.03734 0.49374 0.02577
v 0.00000 0.52283 0.00000
v 0.01426 0.49374 0.04170
v -0.03734 0.49374 -0.02577
v 0.00000 0.52283 0.00000
v -0.03734 0.49374 0.02577
v 0.01426 0.49374 -0.04170
v 0.00000 0.52283 0.00000
v -0.03734 0.49374 -0.02577
v 0.04615 0.49374 0.00000
v 0.00000 0.52283 0.00000
v 0.01426 0.49374 -0.04170
v -0.10000 0.29800 0.01000
v -0.10608 0.31016 0.02871
v -0.08408 0.31016 0.02157
v -0.08408 0.31016 0.02157
v -0.08408 0.31016 -0.00157
v -0.10000 0.29800 0.01000
v -0.10000 0.29800 0.01000
v -0.11968 0.31016 0.01000
v -0.10608 0.31016 0.02871
v -0.10000 0.29800 0.01000
v -0.10608 0.31016 -0.00871
v -0.11968 0.31016 0.01000
v -0.10000 0.29800 0.01000
v -0.08408 0.31016 -0.00157
v -0.10608 0.31016 -0.00871
v -0.08408 0.31016 0.02157
v -0.08032 0.32984 0.01000
v -0.08408 0.31016 -0.00157
v -0.10608 0.31016 0.02871
v -0.09392 0.32984 0.02871
v -0.08408 0.31016 0.02157
v -0.11968 0.31016 0.01000
v -0.11592 0.32984 0.02157
v -0.10608 0.31016 0.02871
v -0.10608 0.31016 -0.00871
v -0.11592 0.32984 -0.00157
v -0.11968 0.31016 0.01000
v -0.08408 0.31016 -0.00157
v -0.09392 0.32984 -0.00871
v -0.10608 0.31016 -0.00871
v -0.08408 0.31016 0.02157
v -0.09392 0.32984 0.02871
v -0.08032 0.32984 0.01000
v -0.10608 0.31016 0.02871
v -0.11592 0.32984 0.02157
v -0.09392 0.32984 0.02871
v -0.11968 0.31016 0.01000
v -0.11592 0.32984 -0.00157
v -0.11592 0.32984 0.02157
v -0.10608 0.31016 -0.00871
v -0.09392 0.32984 -0.00871
v -0.11592 0.32984 -0.00157
v -0.08408 0.31016 -0.00157
v -0.08032 0.32984 0.01000
v -0.09392 0.32984 -0.00871
v -0.09392 0.32984 0.02871
v -0.10000 0.34200 0.01000
v -0.08032 0.32984 0.01000
v -0.11592 0.32984 0.02157
v -0.10000 0.34200 0.01000
v -0.09392 0.32984 0.02871
v -0.11592 0.32984 -0.00157
v -0.10000 0.34200 0.01000
v -0.11592 0.32984 0.02157
v -0.09392 0.32984 -0.00871
v -0.10000 0.34200 0.01000
v -0.11592 0.32984 -0.00157
v -0.08032 0.32984 0.01000
v -0.10000 0.34200 0.01000
v -0.09392 0.32984 -0.00871
v 0.10000 0.29800 0.01000
v 0.09392 0.31016 0.02871
v 0.11592 0.31016 0.02157
v 0.11592 0.31016 0.02157
v 0.11592 0.31016 -0.00157
v 0.10000 0.29800 0.01000
v 0.10000 0.29800 0.01000
v 0.08032 0.31016 0.01000
v 0.09392 0.31016 0.02871
v 0.10000 0.29800 0.01000
v 0.09392 0.31016 -0.00871
v 0.08032 0.31016 0.01000
v 0.10000 0.29800 0.01000
v 0.11592 0.31016 -0.00157
v 0.09392 0.31016 -0.00871
v 0.11592 0.31016 0.02157
v 0.11968 0.32984 0.01000
v 0.11592 0.31016 -0.00157
v 0.09392 0.31016 0.02871
v 0.10608 0.32984 0.02871
v 0.11592 0.31016 0.02157
v 0.08032 0.31016 0.01000
v 0.08408 0.32984 0.02157
v 0.09392 0.31016 0.02871
v 0.09392 0.31016 -0.00871
v 0.08408 0.32984 -0.00157
v 0.08032 0.31016 0.01000
v 0.11592 0.31016 -0.00157
v 0.10608 0.32984 -0.00871
v 0.09392 0.31016 -0.00871
v 0.11592 0.31016 0.02157
v 0.10608 0.32984 0.02871
v 0.11968 0.32984 0.01000
v 0.09392 0.31016 0.02871
v 0.08408 0.32984 0.02157
v 0.10608 0.32984 0.02871
v 0.08032 0.31016 0.01000
v 0.08408 0.32984 -0.00157
v 0.08408 0.32984 0.02157
v 0.09392 0.31016 -0.00871
v 0.10608 0.32984 -0.00871
v 0.08408 0.32984 -0.00157
v 0.11592 0.31016 -0.00157
v 0.11968 0.32984 0.01000
v 0.10608 0.32984 -0.00871
v 0.10608 0.32984 0.02871
v 0.10000 0.34200 0.01000
v 0.11968 0.32984 0.01000
v 0.08408 0.32984 0.02157
v 0.10000 0.34200 0.01000
v 0.10608 0.32984 0.02871
v 0.08408 0.32984 -0.00157
v 0.10000 0.34200 0.01000
v 0.08408 0.32984 0.02157
v 0.10608 0.32984 -0.00871
v 0.10000 0.34200 0.01000
v 0.08408 0.32984 -0.00157
v 0.11968 0.32984 0.01000
v 0.10000 0.34200 0.01000
v 0.10608 0.32984 -0.00871
v 0.00000 0.41430 -0.02150
v 0.01862 0.44010 -0.01075
v 0.00000 0.44010 -0.02150
v 0.01862 0.41430 -0.01075
v 0.01862 0.41430 -0.01075
v 0.01862 0.44010 0.01075
v 0.01862 0.44010 -0.01075
v 0.01862 0.41430 0.01075
v 0.01862 0.41430 0.01075
v 0.00000 0.44010 0.02150
v 0.01862 0.44010 0.01075
v 0.00000 0.41430 0.02150
v 0.00000 0.41430 0.02150
v -0.01862 0.44010 0.01075
v 0.00000 0.44010 0.02150
v -0.01862 0.41430 0.01075
v 0.01862 0.44010 0.01075
v 0.00000 0.44010 -0.02150
v 0.01862 0.44010 -0.01075
v -0.01862 0.44010 0.01075
v 0.00000 0.44010 0.02150
v -0.01862 0.44010 -0.01075
v -0.01862 0.41430 0.01075
v -0.01862 0.44010 -0.01075
v -0.01862 0.44010 0.01075
v -0.01862 0.41430 -0.01075
v -0.01862 0.41430 -0.01075
v 0.00000 0.44010 -0.02150
v -0.01862 0.44010 -0.01075
v 0.00000 0.41430 -0.02150
v -0.01862 0.41430 -0.01075
v 0.01862 0.41430 -0.01075
v 0.00000 0.41430 -0.02150
v 0.00000 0.41430 0.02150
v -0.01862 0.41430 0.01075
v 0.01862 0.41430 0.01075
vn 0.1865 -0.7746 0.6043
vn 0.1865 -0.7746 0.6043
vn 0.1865 -0.7746 0.6043
vn 0.6146 -0.7888 0.0000
vn 0.6146 -0.7888 0.0000
vn 0.6146 -0.7888 0.0000
vn -0.4938 -0.7833 0.3776
vn -0.4938 -0.7833 0.3776
vn -0.4938 -0.7833 0.3776
vn -0.4938 -0.7833 -0.3777
vn -0.4938 -0.7833 -0.3777
vn -0.4938 -0.7833 -0.3777
vn 0.1865 -0.7746 -0.6043
vn 0.1865 -0.7746 -0.6043
vn 0.1865 -0.7746 -0.6043
vn 0.9829 -0.1840 -0.0000
vn 0.9829 -0.1840 -0.0000
vn 0.9829 -0.1840 -0.0000
vn 0.2903 -0.1759 0.9406
vn 0.2903 -0.1759 0.9406
vn 0.2903 -0.1759 0.9406
vn -0.7812 -0.1808 0.5975
vn -0.7812 -0.1808 0.5975
vn -0.7812 -0.1808 0.5975
vn -0.7812 -0.1808 -0.5976
vn -0.7812 -0.1808 -0.5976
vn -0.7812 -0.1808 -0.5976
vn 0.2903 -0.1759 -0.9406
vn 0.2903 -0.1759 -0.9406
vn 0.2903 -0.1759 -0.9406
vn 0.7812 0.1808 0.5976
vn 0.7812 0.1808 0.5976
vn 0.7812 0.1808 0.5976
vn -0.2903 0.1759 0.9406
vn -0.2903 0.1759 0.9406
vn -0.2903 0.1759 0.9406
vn -0.9829 0.1840 -0.0000
vn -0.9829 0.1840 -0.0000
vn -0.9829 0.1840 -0.0000
vn -0.2903 0.1759 -0.9406
vn -0.2903 0.1759 -0.9406
vn -0.2903 0.1759 -0.9406
vn 0.7812 0.1808 -0.5975
vn 0.7812 0.1808 -0.5975
vn 0.7812 0.1808 -0.5975
vn 0.4938 0.7833 0.3777
vn 0.4938 0.7833 0.3777
vn 0.4938 0.7833 0.3777
vn -0.1865 0.7746 0.6043
vn -0.1865 0.7746 0.6043
vn -0.1865 0.7746 0.6043
vn -0.6146 0.7888 0.0000
vn -0.6146 0.7888 0.0000
vn -0.6146 0.7888 0.0000
vn -0.1865 0.7746 -0.6043
vn -0.1865 0.7746 -0.6043
vn -0.1865 0.7746 -0.6043
vn 0.4938 0.7833 -0.3775
vn 0.4938 0.7833 -0.3775
vn 0.4938 0.7833 -0.3775
vn 0.1875 -0.7947 0.5773
vn 0.1875 -0.7947 0.5773
vn 0.1875 -0.7947 0.5773
vn 0.6070 -0.7947 0.0000
vn 0.6070 -0.7947 0.0000
vn 0.6070 -0.7947 0.0000
vn -0.4911 -0.7947 0.3567
vn -0.4911 -0.7947 0.3567
vn -0.4911 -0.7947 0.3567
vn -0.4911 -0.7947 -0.3568
vn -0.4911 -0.7947 -0.3568
vn -0.4911 -0.7947 -0.3568
vn 0.1876 -0.7947 -0.5774
vn 0.1876 -0.7947 -0.5774
vn 0.1876 -0.7947 -0.5774
vn 0.9822 -0.1876 -0.0000
vn 0.9822 -0.1876 -0.0000
vn 0.9822 -0.1876 -0.0000
vn 0.3035 -0.1876 0.9342
vn 0.3035 -0.1876 0.9342
vn 0.3035 -0.1876 0.9342
vn -0.7947 -0.1877 0.5773
vn -0.7947 -0.1877 0.5773
vn -0.7947 -0.1877 0.5773
vn -0.7946 -0.1876 -0.5775
vn -0.7946 -0.1876 -0.5775
vn -0.7946 -0.1876 -0.5775
vn 0.3035 -0.1876 -0.9342
vn 0.3035 -0.1876 -0.9342
vn 0.3035 -0.1876 -0.9342
vn 0.7946 0.1876 0.5774
vn 0.7946 0.1876 0.5774
vn 0.7946 0.1876 0.5774
vn -0.3035 0.1876 0.9342
vn -0.3035 0.1876 0.9342
vn -0.3035 0.1876 0.9342
vn -0.9823 0.1876 -0.0000
vn -0.9823 0.1876 -0.0000
vn -0.9823 0.1876 -0.0000
vn -0.3035 0.1876 -0.9342
vn -0.3035 0.1876 -0.9342
vn -0.3035 0.1876 -0.9342
vn 0.7946 0.1876 -0.5774
vn 0.7946 0.1876 -0.5774
vn 0.7946 0.1876 -0.5774
vn 0.4911 0.7947 0.3568
vn 0.4911 0.7947 0.3568
vn 0.4911 0.7947 0.3568
vn -0.1876 0.7946 0.5774
vn -0.1876 0.7946 0.5774
vn -0.1876 0.7946 0.5774
vn -0.6071 0.7946 0.0000
vn -0.6071 0.7946 0.0000
vn -0.6071 0.7946 0.0000
vn -0.1876 0.7946 -0.5774
vn -0.1876 0.7946 -0.5774
vn -0.1876 0.7946 -0.5774
vn 0.4911 0.7947 -0.3567
vn 0.4911 0.7947 -0.3567
vn 0.4911 0.7947 -0.3567
vn 0.1875 -0.7947 0.5773
vn 0.1875 -0.7947 0.5773
vn 0.1875 -0.7947 0.5773
vn 0.6070 -0.7947 0.0000
vn 0.6070 -0.7947 0.0000
vn 0.6070 -0.7947 0.0000
vn -0.4911 -0.7947 0.3567
vn -0.4911 -0.7947 0.3567
vn -0.4911 -0.7947 0.3567
vn -0.4911 -0.7947 -0.3568
vn -0.4911 -0.7947 -0.3568
vn -0.4911 -0.7947 -0.3568
vn 0.1876 -0.7947 -0.5774
vn 0.1876 -0.7947 -0.5774
vn 0.1876 -0.7947 -0.5774
vn 0.9822 -0.1876 -0.0000
vn 0.9822 -0.1876 -0.0000
vn 0.9822 -0.1876 -0.0000
vn 0.3035 -0.1876 0.9342
vn 0.3035 -0.1876 0.9342
vn 0.3035 -0.1876 0.9342
vn -0.7947 -0.1877 0.5773
vn -0.7947 -0.1877 0.5773
vn -0.7947 -0.1877 0.5773
vn -0.7946 -0.1876 -0.5775
vn -0.7946 -0.1876 -0.5775
vn -0.7946 -0.1876 -0.5775
vn 0.3035 -0.1876 -0.9342
vn 0.3035 -0.1876 -0.9342
vn 0.3035 -0.1876 -0.9342
vn 0.7946 0.1876 0.5774
vn 0.7946 0.1876 0.5774
vn 0.7946 0.1876 0.5774
vn -0.3035 0.1876 0.9342
vn -0.3035 0.1876 0.9342
vn -0.3035 0.1876 0.9342
vn -0.9823 0.1876 -0.0000
vn -0.9823 0.1876 -0.0000
vn -0.9823 0.1876 -0.0000
vn -0.3035 0.1876 -0.9342
vn -0.3035 0.1876 -0.9342
vn -0.3035 0.1876 -0.9342
vn 0.7946 0.1876 -0.5774
vn 0.7946 0.1876 -0.5774
vn 0.7946 0.1876 -0.5774
vn 0.4911 0.7947 0.3568
vn 0.4911 0.7947 0.3568
vn 0.4911 0.7947 0.3568
vn -0.1876 0.7946 0.5774
vn -0.1876 0.7946 0.5774
vn -0.1876 0.7946 0.5774
vn -0.6071 0.7946 0.0000
vn -0.6071 0.7946 0.0000
vn -0.6071 0.7946 0.0000
vn -0.1876 0.7946 -0.5774
vn -0.1876 0.7946 -0.5774
vn -0.1876 0.7946 -0.5774
vn 0.4911 0.7947 -0.3567
vn 0.4911 0.7947 -0.3567
vn 0.4911 0.7947 -0.3567
vn 0.5000 0.0000 -0.8660
vn 0.5000 0.0000 -0.8660
vn 0.5000 0.0000 -0.8660
vn 0.5000 0.0000 -0.8660
vn 1.0000 0.0000 -0.0000
vn 1.0000 0.0000 -0.0000
vn 1.0000 0.0000 -0.0000
vn 1.0000 0.0000 -0.0000
vn 0.5000 -0.0000 0.8660
vn 0.5000 -0.0000 0.8660
vn 0.5000 -0.0000 0.8660
vn 0.5000 -0.0000 0.8660
vn -0.5000 -0.0000 0.8660
vn -0.5000 -0.0000 0.8660
vn -0.5000 -0.0000 0.8660
vn -0.5000 -0.0000 0.8660
vn 0.0000 1.0000 -0.0000
vn 0.0000 1.0000 -0.0000
vn 0.0000 1.0000 -0.0000
vn 0.0000 1.0000 -0.0000
vn 0.0000 1.0000 -0.0000
vn 0.0000 1.0000 -0.0000
vn -1.0000 0.0000 -0.0000
vn -1.0000 0.0000 -0.0000
vn -1.0000 0.0000 -0.0000
vn -1.0000 0.0000 -0.0000
vn -0.5000 0.0000 -0.8660
vn -0.5000 0.0000 -0.8660
vn -0.5000 0.0000 -0.8660
vn -0.5000 0.0000 -0.8660
vn 0.0000 -1.0000 -0.0000
vn 0.0000 -1.0000 -0.0000
vn 0.0000 -1.0000 -0.0000
vn 0.0000 -1.0000 -0.0000
vn 0.0000 -1.0000 -0.0000
vn 0.0000 -1.0000 -0.0000
f 1142//1142 1144//1144 1143//1143
f 1145//1145 1147//1147 1146//1146
f 1148//1148 1150//1150 1149//1149
f 1151//1151 1153//1153 1152//1152
f 1154//1154 1156//1156 1155//1155
f 1157//1157 1159//1159 1158//1158
f 1160//1160 1162//1162 1161//1161
f 1163//1163 1165//1165 1164//1164
f 1166//1166 1168//1168 1167//1167
f 1169//1169 1171//1171 1170//1170
f 1172//1172 1174//1174 1173//1173
f 1175//1175 1177//1177 1176//1176
f 1178//1178 1180//1180 1179//1179
f 1181//1181 1183//1183 1182//1182
f 1184//1184 1186//1186 1185//1185
f 1187//1187 1189//1189 1188//1188
f 1190//1190 1192//1192 1191//1191
f 1193//1193 1195//1195 1194//1194
f 1196//1196 1198//1198 1197//1197
f 1199//1199 1201//1201 1200//1200
f 1202//1202 1204//1204 1203//1203
f 1205//1205 1207//1207 1206//1206
f 1208//1208 1210//1210 1209//1209
f 1211//1211 1213//1213 1212//1212
f 1214//1214 1216//1216 1215//1215
f 1217//1217 1219//1219 1218//1218
f 1220//1220 1222//1222 1221//1221
f 1223//1223 1225//1225 1224//1224
f 1226//1226 1228//1228 1227//1227
f 1229//1229 1231//1231 1230//1230
f 1232//1232 1234//1234 1233//1233
f 1235//1235 1237//1237 1236//1236
f 1238//1238 1240//1240 1239//1239
f 1241//1241 1243//1243 1242//1242
f 1244//1244 1246//1246 1245//1245
f 1247//1247 1249//1249 1248//1248
f 1250//1250 1252//1252 1251//1251
f 1253//1253 1255//1255 1254//1254
f 1256//1256 1258//1258 1257//1257
f 1259//1259 1261//1261 1260//1260
f 1262//1262 1264//1264 1263//1263
f 1262//1262 1263//1263 1265//1265
f 1266//1266 1268//1268 1267//1267
f 1266//1266 1267//1267 1269//1269
f 1270//1270 1272//1272 1271//1271
f 1270//1270 1271//1271 1273//1273
f 1274//1274 1276//1276 1275//1275
f 1274//1274 1275//1275 1277//1277
f 1278//1278 1280//1280 1279//1279
f 1279//1279 1281//1281 1278//1278
f 1281//1281 1282//1282 1278//1278
f 1279//1279 1283//1283 1281//1281
f 1284//1284 1286//1286 1285//1285
f 1284//1284 1285//1285 1287//1287
f 1288//1288 1290//1290 1289//1289
f 1288//1288 1289//1289 1291//1291
f 1292//1292 1294//1294 1293//1293
f 1293//1293 1295//1295 1292//1292
f 1295//1295 1296//1296 1292//1292
f 1293//1293 1297//1297 1295//1295
f 1082//1082 1084//1084 1083//1083
f 1085//1085 1087//1087 1086//1086
f 1088//1088 1090//1090 1089//1089
f 1091//1091 1093//1093 1092//1092
f 1094//1094 1096//1096 1095//1095
f 1097//1097 1099//1099 1098//1098
f 1100//1100 1102//1102 1101//1101
f 1103//1103 1105//1105 1104//1104
f 1106//1106 1108//1108 1107//1107
f 1109//1109 1111//1111 1110//1110
f 1112//1112 1114//1114 1113//1113
f 1115//1115 1117//1117 1116//1116
f 1118//1118 1120//1120 1119//1119
f 1121//1121 1123//1123 1122//1122
f 1124//1124 1126//1126 1125//1125
f 1127//1127 1129//1129 1128//1128
f 1130//1130 1132//1132 1131//1131
f 1133//1133 1135//1135 1134//1134
f 1136//1136 1138//1138 1137//1137
f 1139//1139 1141//1141 1140//1140
g body_black
usemtl black
v -0.02451 0.46676 0.05074
v -0.02451 0.48052 0.04558
v -0.02451 0.48052 0.05074
v -0.02451 0.46676 0.04558
v -0.02451 0.46676 0.04558
v -0.01333 0.48052 0.04558
v -0.02451 0.48052 0.04558
v -0.01333 0.46676 0.04558
v -0.01333 0.46676 0.04558
v -0.01333 0.48052 0.05074
v -0.01333 0.48052 0.04558
v -0.01333 0.46676 0.05074
v -0.01333 0.46676 0.05074
v -0.02451 0.48052 0.05074
v -0.01333 0.48052 0.05074
v -0.02451 0.46676 0.05074
v -0.02451 0.46676 0.04558
v -0.01333 0.46676 0.05074
v -0.01333 0.46676 0.04558
v -0.02451 0.46676 0.05074
v -0.01333 0.48052 0.04558
v -0.02451 0.48052 0.05074
v -0.02451 0.48052 0.04558
v -0.01333 0.48052 0.05074
v 0.01333 0.46676 0.05074
v 0.01333 0.48052 0.04558
v 0.01333 0.48052 0.05074
v 0.01333 0.46676 0.04558
v 0.01333 0.46676 0.04558
v 0.02451 0.48052 0.04558
v 0.01333 0.48052 0.04558
v 0.02451 0.46676 0.04558
v 0.02451 0.46676 0.04558
v 0.02451 0.48052 0.05074
v 0.02451 0.48052 0.04558
v 0.02451 0.46676 0.05074
v 0.02451 0.46676 0.05074
v 0.01333 0.48052 0.05074
v 0.02451 0.48052 0.05074
v 0.01333 0.46676 0.05074
v 0.01333 0.46676 0.04558
v 0.02451 0.46676 0.05074
v 0.02451 0.46676 0.04558
v 0.01333 0.46676 0.05074
v 0.02451 0.48052 0.04558
v 0.01333 0.48052 0.05074
v 0.01333 0.48052 0.04558
v 0.02451 0.48052 0.05074
vn -1.0000 0.0000 -0.0000
vn -1.0000 0.0000 -0.0000
vn -1.0000 0.0000 -0.0000
vn -1.0000 0.0000 -0.0000
vn 0.0000 0.0000 -1.0000
vn 0.0000 0.0000 -1.0000
vn 0.0000 0.0000 -1.0000
vn 0.0000 0.0000 -1.0000
vn 1.0000 0.0000 -0.0000
vn 1.0000 0.0000 -0.0000
vn 1.0000 0.0000 -0.0000
vn 1.0000 0.0000 -0.0000
vn -0.0000 -0.0000 1.0000
vn -0.0000 -0.0000 1.0000
vn -0.0000 -0.0000 1.0000
vn -0.0000 -0.0000 1.0000
vn 0.0000 -1.0000 -0.0000
vn 0.0000 -1.0000 -0.0000
vn 0.0000 -1.0000 -0.0000
vn 0.0000 -1.0000 -0.0000
vn 0.0000 1.0000 -0.0000
vn 0.0000 1.0000 -0.0000
vn 0.0000 1.0000 -0.0000
vn 0.0000 1.0000 -0.0000
vn -1.0000 0.0000 -0.0000
vn -1.0000 0.0000 -0.0000
vn -1.0000 0.0000 -0.0000
vn -1.0000 0.0000 -0.0000
vn 0.0000 0.0000 -1.0000
vn 0.0000 0.0000 -1.0000
vn 0.0000 0.0000 -1.0000
vn 0.0000 0.0000 -1.0000
vn 1.0000 0.0000 -0.0000
vn 1.0000 0.0000 -0.0000
vn 1.0000 0.0000 -0.0000
vn 1.0000 0.0000 -0.0000
vn -0.0000 -0.0000 1.0000
vn -0.0000 -0.0000 1.0000
vn -0.0000 -0.0000 1.0000
vn -0.0000 -0.0000 1.0000
vn 0.0000 -1.0000 -0.0000
vn 0.0000 -1.0000 -0.0000
vn 0.0000 -1.0000 -0.0000
vn 0.0000 -1.0000 -0.0000
vn 0.0000 1.0000 -0.0000
vn 0.0000 1.0000 -0.0000
vn 0.0000 1.0000 -0.0000
vn 0.0000 1.0000 -0.0000
f 1298//1298 1300//1300 1299//1299
f 1298//1298 1299//1299 1301//1301
f 1302//1302 1304//1304 1303//1303
f 1302//1302 1303//1303 1305//1305
f 1306//1306 1308//1308 1307//1307
f 1306//1306 1307//1307 1309//1309
f 1310//1310 1312//1312 1311//1311
f 1310//1310 1311//1311 1313//1313
f 1314//1314 1316//1316 1315//1315
f 1314//1314 1315//1315 1317//1317
f 1318//1318 1320//1320 1319//1319
f 1318//1318 1319//1319 1321//1321
f 1322//1322 1324//1324 1323//1323
f 1322//1322 1323//1323 1325//1325
f 1326//1326 1328//1328 1327//1327
f 1326//1326 1327//1327 1329//1329
f 1330//1330 1332//1332 1331//1331
f 1330//1330 1331//1331 1333//1333
f 1334//1334 1336//1336 1335//1335
f 1334//1334 1335//1335 1337//1337
f 1338//1338 1340//1340 1339//1339
f 1338//1338 1339//1339 1341//1341
f 1342//1342 1344//1344 1343//1343
f 1342//1342 1343//1343 1345//1345
g body_hair
usemtl hair
v 0.00000 0.48310 -0.06192
v 0.03527 0.52180 -0.03871
v 0.00000 0.52180 -0.05332
v 0.04135 0.48310 -0.04479
v 0.04135 0.48310 -0.04479
v 0.04988 0.52180 -0.00344
v 0.03527 0.52180 -0.03871
v 0.05848 0.48310 -0.00344
v 0.05848 0.48310 -0.00344
v 0.03527 0.52180 0.03183
v 0.04988 0.52180 -0.00344
v 0.04135 0.48310 0.03791
v 0.04135 0.48310 0.03791
v 0.00000 0.52180 0.04644
v 0.03527 0.52180 0.03183
v 0.00000 0.48310 0.05504
v 0.00000 0.48310 0.05504
v -0.03527 0.52180 0.03183
v 0.00000 0.52180 0.04644
v -0.04135 0.48310 0.03791
v -0.04135 0.48310 0.03791
v -0.04988 0.52180 -0.00344
v -0.03527 0.52180 0.03183
v -0.05848 0.48310 -0.00344
v 0.04988 0.52180 -0.00344
v 0.00000 0.52180 -0.05332
v 0.03527 0.52180 -0.03871
v -0.04988 0.52180 -0.00344
v -0.03527 0.52180 -0.03871
v 0.00000 0.52180 0.04644
v 0.03527 0.52180 0.03183
v -0.03527 0.52180 0.03183
v -0.05848 0.48310 -0.00344
v -0.03527 0.52180 -0.03871
v -0.04988 0.52180 -0.00344
v -0.04135 0.48310 -0.04479
v -0.04135 0.48310 -0.04479
v 0.00000 0.52180 -0.05332
v -0.03527 0.52180 -0.03871
v 0.00000 0.48310 -0.06192
v -0.04135 0.48310 -0.04479
v 0.04135 0.48310 -0.04479
v 0.00000 0.48310 -0.06192
v 0.04135 0.48310 0.03791
v 0.05848 0.48310 -0.00344
v -0.04135 0.48310 0.03791
v -0.05848 0.48310 -0.00344
v 0.00000 0.48310 0.05504
vn 0.3749 0.2011 -0.9050
vn 0.3749 0.2011 -0.9050
vn 0.3749 0.2011 -0.9050
vn 0.3749 0.2011 -0.9050
vn 0.9050 0.2011 -0.3748
vn 0.9050 0.2011 -0.3748
vn 0.9050 0.2011 -0.3748
vn 0.9050 0.2011 -0.3748
vn 0.9050 0.2011 0.3750
vn 0.9050 0.2011 0.3750
vn 0.9050 0.2011 0.3750
vn 0.9050 0.2011 0.3750
vn 0.3749 0.2011 0.9050
vn 0.3749 0.2011 0.9050
vn 0.3749 0.2011 0.9050
vn 0.3749 0.2011 0.9050
vn -0.3749 0.2011 0.9050
vn -0.3749 0.2011 0.9050
vn -0.3749 0.2011 0.9050
vn -0.3749 0.2011 0.9050
vn -0.9050 0.2011 0.3749
vn -0.9050 0.2011 0.3749
vn -0.9050 0.2011 0.3749
vn -0.9050 0.2011 0.3749
vn 0.0000 1.0000 -0.0000
vn 0.0000 1.0000 -0.0000
vn 0.0000 1.0000 -0.0000
vn 0.0000 1.0000 -0.0000
vn 0.0000 1.0000 -0.0000
vn 0.0000 1.0000 -0.0000
vn 0.0000 1.0000 -0.0000
vn 0.0000 1.0000 -0.0000
vn -0.9050 0.2011 -0.3749
vn -0.9050 0.2011 -0.3749
vn -0.9050 0.2011 -0.3749
vn -0.9050 0.2011 -0.3749
vn -0.3749 0.2011 -0.9050
vn -0.3749 0.2011 -0.9050
vn -0.3749 0.2011 -0.9050
vn -0.3749 0.2011 -0.9050
vn 0.0000 -1.0000 -0.0000
vn 0.0000 -1.0000 -0.0000
vn 0.0000 -1.0000 -0.0000
vn 0.0000 -1.0000 -0.0000
vn 0.0000 -1.0000 -0.0000
vn 0.0000 -1.0000 -0.0000
vn 0.0000 -1.0000 -0.0000
vn 0.0000 -1.0000 -0.0000
f 1346//1346 1348//1348 1347//1347
f 1346//1346 1347//1347 1349//1349
f 1350//1350 1352//1352 1351//1351
f 1350//1350 1351//1351 1353//1353
f 1354//1354 1356//1356 1355//1355
f 1354//1354 1355//1355 1357//1357
f 1358//1358 1360//1360 1359//1359
f 1358//1358 1359//1359 1361//1361
f 1362//1362 1364//1364 1363//1363
f 1362//1362 1363//1363 1365//1365
f 1366//1366 1368//1368 1367//1367
f 1366//1366 1367//1367 1369//1369
f 1370//1370 1372//1372 1371//1371
f 1370//1370 1371//1371 1373//1373
f 1371//1371 1374//1374 1373//1373
f 1373//1373 1375//1375 1370//1370
f 1375//1375 1376//1376 1370//1370
f 1373//1373 1377//1377 1375//1375
f 1378//1378 1380//1380 1379//1379
f 1378//1378 1379//1379 1381//1381
f 1382//1382 1384//1384 1383//1383
f 1382//1382 1383//1383 1385//1385
f 1386//1386 1388//1388 1387//1387
f 1386//1386 1387//1387 1389//1389
f 1387//1387 1390//1390 1389//1389
f 1389//1389 1391//1391 1386//1386
f 1391//1391 1392//1392 1386//1386
f 1389//1389 1393//1393 1391//1391
g body_wood_dark
usemtl wood_dark
v -0.08400 0.29915 0.00430
v -0.08400 0.23865 0.00430
v -0.08400 0.26890 0.01270
v -0.08400 0.20840 -0.05000
v -0.08400 0.21651 -0.01865
v -0.08400 0.32940 -0.05000
v -0.08400 0.32129 -0.01865
v -0.08400 0.29915 -0.10430
v -0.08400 0.32129 -0.08135
v -0.08400 0.23865 -0.10430
v -0.08400 0.26890 -0.11270
v -0.08400 0.21651 -0.08135
v -0.09400 0.23865 0.00430
v -0.09400 0.29915 0.00430
v -0.09400 0.26890 0.01270
v -0.09400 0.32940 -0.05000
v -0.09400 0.32129 -0.01865
v -0.09400 0.20840 -0.05000
v -0.09400 0.21651 -0.01865
v -0.09400 0.23865 -0.10430
v -0.09400 0.21651 -0.08135
v -0.09400 0.29915 -0.10430
v -0.09400 0.26890 -0.11270
v -0.09400 0.32129 -0.08135
v -0.08400 0.26890 0.01270
v -0.09400 0.29915 0.00430
v -0.08400 0.29915 0.00430
v -0.09400 0.26890 0.01270
v -0.08400 0.29915 0.00430
v -0.09400 0.32129 -0.01865
v -0.08400 0.32129 -0.01865
v -0.09400 0.29915 0.00430
v -0.08400 0.32129 -0.01865
v -0.09400 0.32940 -0.05000
v -0.08400 0.32940 -0.05000
v -0.09400 0.32129 -0.01865
v -0.08400 0.32940 -0.05000
v -0.09400 0.32129 -0.08135
v -0.08400 0.32129 -0.08135
v -0.09400 0.32940 -0.05000
v -0.08400 0.32129 -0.08135
v -0.09400 0.29915 -0.10430
v -0.08400 0.29915 -0.10430
v -0.09400 0.32129 -0.08135
v -0.08400 0.29915 -0.10430
v -0.09400 0.26890 -0.11270
v -0.08400 0.26890 -0.11270
v -0.09400 0.29915 -0.10430
v -0.08400 0.26890 -0.11270
v -0.09400 0.23865 -0.10430
v -0.08400 0.23865 -0.10430
v -0.09400 0.26890 -0.11270
v -0.08400 0.23865 -0.10430
v -0.09400 0.21651 -0.08135
v -0.08400 0.21651 -0.08135
v -0.09400 0.23865 -0.10430
v -0.08400 0.21651 -0.08135
v -0.09400 0.20840 -0.05000
v -0.08400 0.20840 -0.05000
v -0.09400 0.21651 -0.08135
v -0.08400 0.20840 -0.05000
v -0.09400 0.21651 -0.01865
v -0.08400 0.21651 -0.01865
v -0.09400 0.20840 -0.05000
v -0.08400 0.21651 -0.01865
v -0.09400 0.23865 0.00430
v -0.08400 0.23865 0.00430
v -0.09400 0.21651 -0.01865
v -0.08400 0.23865 0.00430
v -0.09400 0.26890 0.01270
v -0.08400 0.26890 0.01270
v -0.09400 0.23865 0.00430
vn 1.0000 0.0000 -0.0000
vn 1.0000 0.0000 -0.0000
vn 1.0000 0.0000 -0.0000
vn 1.0000 0.0000 -0.0000
vn 1.0000 0.0000 -0.0000
vn 1.0000 0.0000 -0.0000
vn 1.0000 0.0000 -0.0000
vn 1.0000 0.0000 -0.0000
vn 1.0000 0.0000 -0.0000
vn 1.0000 0.0000 -0.0000
vn 1.0000 0.0000 -0.0000
vn 1.0000 0.0000 -0.0000
vn -1.0000 0.0000 -0.0000
vn -1.0000 0.0000 -0.0000
vn -1.0000 0.0000 -0.0000
vn -1.0000 0.0000 -0.0000
vn -1.0000 0.0000 -0.0000
vn -1.0000 0.0000 -0.0000
vn -1.0000 0.0000 -0.0000
vn -1.0000 0.0000 -0.0000
vn -1.0000 0.0000 -0.0000
vn -1.0000 0.0000 -0.0000
vn -1.0000 0.0000 -0.0000
vn -1.0000 0.0000 -0.0000
vn -0.0000 0.2676 0.9635
vn -0.0000 0.2676 0.9635
vn -0.0000 0.2676 0.9635
vn -0.0000 0.2676 0.9635
vn -0.0000 0.7196 0.6944
vn -0.0000 0.7196 0.6944
vn -0.0000 0.7196 0.6944
vn -0.0000 0.7196 0.6944
vn -0.0000 0.9682 0.2503
vn -0.0000 0.9682 0.2503
vn -0.0000 0.9682 0.2503
vn -0.0000 0.9682 0.2503
vn 0.0000 0.9682 -0.2503
vn 0.0000 0.9682 -0.2503
vn 0.0000 0.9682 -0.2503
vn 0.0000 0.9682 -0.2503
vn 0.0000 0.7196 -0.6944
vn 0.0000 0.7196 -0.6944
vn 0.0000 0.7196 -0.6944
vn 0.0000 0.7196 -0.6944
vn 0.0000 0.2676 -0.9635
vn 0.0000 0.2676 -0.9635
vn 0.0000 0.2676 -0.9635
vn 0.0000 0.2676 -0.9635
vn 0.0000 -0.2676 -0.9635
vn 0.0000 -0.2676 -0.9635
vn 0.0000 -0.2676 -0.9635
vn 0.0000 -0.2676 -0.9635
vn 0.0000 -0.7196 -0.6944
vn 0.0000 -0.7196 -0.6944
vn 0.0000 -0.7196 -0.6944
vn 0.0000 -0.7196 -0.6944
vn 0.0000 -0.9682 -0.2503
vn 0.0000 -0.9682 -0.2503
vn 0.0000 -0.9682 -0.2503
vn 0.0000 -0.9682 -0.2503
vn -0.0000 -0.9682 0.2502
vn -0.0000 -0.9682 0.2502
vn -0.0000 -0.9682 0.2502
vn -0.0000 -0.9682 0.2502
vn -0.0000 -0.7196 0.6944
vn -0.0000 -0.7196 0.6944
vn -0.0000 -0.7196 0.6944
vn -0.0000 -0.7196 0.6944
vn -0.0000 -0.2677 0.9635
vn -0.0000 -0.2677 0.9635
vn -0.0000 -0.2677 0.9635
vn -0.0000 -0.2677 0.9635
f 1394//1394 1396//1396 1395//1395
f 1394//1394 1395//1395 1397//1397
f 1395//1395 1398//1398 1397//1397
f 1399//1399 1400//1400 1394//1394
f 1401//1401 1399//1399 1394//1394
f 1397//1397 1401//1401 1394//1394
f 1401//1401 1402//1402 1399//1399
f 1397//1397 1403//1403 1401//1401
f 1403//1403 1404//1404 1401//1401
f 1397//1397 1405//1405 1403//1403
f 1406//1406 1408//1408 1407//1407
f 1406//1406 1407//1407 1409//1409
f 1407//1407 1410//1410 1409//1409
f 1411//1411 1412//1412 1406//1406
f 1413//1413 1411//1411 1406//1406
f 1409//1409 1413//1413 1406//1406
f 1413//1413 1414//1414 1411//1411
f 1409//1409 1415//1415 1413//1413
f 1415//1415 1416//1416 1413//1413
f 1409//1409 1417//1417 1415//1415
f 1418//1418 1420//1420 1419//1419
f 1418//1418 1419//1419 1421//1421
f 1422//1422 1424//1424 1423//1423
f 1422//1422 1423//1423 1425//1425
f 1426//1426 1428//1428 1427//1427
f 1426//1426 1427//1427 1429//1429
f 1430//1430 1432//1432 1431//1431
f 1430//1430 1431//1431 1433//1433
f 1434//1434 1436//1436 1435//1435
f 1434//1434 1435//1435 1437//1437
f 1438//1438 1440//1440 1439//1439
f 1438//1438 1439//1439 1441//1441
f 1442//1442 1444//1444 1443//1443
f 1442//1442 1443//1443 1445//1445
f 1446//1446 1448//1448 1447//1447
f 1446//1446 1447//1447 1449//1449
f 1450//1450 1452//1452 1451//1451
f 1450//1450 1451//1451 1453//1453
f 1454//1454 1456//1456 1455//1455
f 1454//1454 1455//1455 1457//1457
f 1458//1458 1460//1460 1459//1459
f 1458//1458 1459//1459 1461//1461
f 1462//1462 1464//1464 1463//1463
f 1462//1462 1463//1463 1465//1465
g body_blazon
usemtl blazon
v -0.09000 0.29750 -0.00237
v -0.09000 0.24250 -0.00237
v -0.09000 0.27000 0.00500
v -0.09000 0.21500 -0.05000
v -0.09000 0.22237 -0.02250
v -0.09000 0.32500 -0.05000
v -0.09000 0.31763 -0.02250
v -0.09000 0.29750 -0.09763
v -0.09000 0.31763 -0.07750
v -0.09000 0.24250 -0.09763
v -0.09000 0.27000 -0.10500
v -0.09000 0.22237 -0.07750
v -0.10400 0.24250 -0.00237
v -0.10400 0.29750 -0.00237
v -0.10400 0.27000 0.00500
v -0.10400 0.32500 -0.05000
v -0.10400 0.31763 -0.02250
v -0.10400 0.21500 -0.05000
v -0.10400 0.22237 -0.02250
v -0.10400 0.24250 -0.09763
v -0.10400 0.22237 -0.07750
v -0.10400 0.29750 -0.09763
v -0.10400 0.27000 -0.10500
v -0.10400 0.31763 -0.07750
v -0.09000 0.27000 0.00500
v -0.10400 0.29750 -0.00237
v -0.09000 0.29750 -0.00237
v -0.10400 0.27000 0.00500
v -0.09000 0.29750 -0.00237
v -0.10400 0.31763 -0.02250
v -0.09000 0.31763 -0.02250
v -0.10400 0.29750 -0.00237
v -0.09000 0.31763 -0.02250
v -0.10400 0.32500 -0.05000
v -0.09000 0.32500 -0.05000
v -0.10400 0.31763 -0.02250
v -0.09000 0.32500 -0.05000
v -0.10400 0.31763 -0.07750
v -0.09000 0.31763 -0.07750
v -0.10400 0.32500 -0.05000
v -0.09000 0.31763 -0.07750
v -0.10400 0.29750 -0.09763
v -0.09000 0.29750 -0.09763
v -0.10400 0.31763 -0.07750
v -0.09000 0.29750 -0.09763
v -0.10400 0.27000 -0.10500
v -0.09000 0.27000 -0.10500
v -0.10400 0.29750 -0.09763
v -0.09000 0.27000 -0.10500
v -0.10400 0.24250 -0.09763
v -0.09000 0.24250 -0.09763
v -0.10400 0.27000 -0.10500
v -0.09000 0.24250 -0.09763
v -0.10400 0.22237 -0.07750
v -0.09000 0.22237 -0.07750
v -0.10400 0.24250 -0.09763
v -0.09000 0.22237 -0.07750
v -0.10400 0.21500 -0.05000
v -0.09000 0.21500 -0.05000
v -0.10400 0.22237 -0.07750
v -0.09000 0.21500 -0.05000
v -0.10400 0.22237 -0.02250
v -0.09000 0.22237 -0.02250
v -0.10400 0.21500 -0.05000
v -0.09000 0.22237 -0.02250
v -0.10400 0.24250 -0.00237
v -0.09000 0.24250 -0.00237
v -0.10400 0.22237 -0.02250
v -0.09000 0.24250 -0.00237
v -0.10400 0.27000 0.00500
v -0.09000 0.27000 0.00500
v -0.10400 0.24250 -0.00237
vn 1.0000 0.0000 -0.0000
vn 1.0000 0.0000 -0.0000
vn 1.0000 0.0000 -0.0000
vn 1.0000 0.0000 -0.0000
vn 1.0000 0.0000 -0.0000
vn 1.0000 0.0000 -0.0000
vn 1.0000 0.0000 -0.0000
vn 1.0000 0.0000 -0.0000
vn 1.0000 0.0000 -0.0000
vn 1.0000 0.0000 -0.0000
vn 1.0000 0.0000 -0.0000
vn 1.0000 0.0000 -0.0000
vn -1.0000 0.0000 -0.0000
vn -1.0000 0.0000 -0.0000
vn -1.0000 0.0000 -0.0000
vn -1.0000 0.0000 -0.0000
vn -1.0000 0.0000 -0.0000
vn -1.0000 0.0000 -0.0000
vn -1.0000 0.0000 -0.0000
vn -1.0000 0.0000 -0.0000
vn -1.0000 0.0000 -0.0000
vn -1.0000 0.0000 -0.0000
vn -1.0000 0.0000 -0.0000
vn -1.0000 0.0000 -0.0000
vn -0.0000 0.2588 0.9659
vn -0.0000 0.2588 0.9659
vn -0.0000 0.2588 0.9659
vn -0.0000 0.2588 0.9659
vn -0.0000 0.7071 0.7071
vn -0.0000 0.7071 0.7071
vn -0.0000 0.7071 0.7071
vn -0.0000 0.7071 0.7071
vn -0.0000 0.9659 0.2588
vn -0.0000 0.9659 0.2588
vn -0.0000 0.9659 0.2588
vn -0.0000 0.9659 0.2588
vn 0.0000 0.9659 -0.2588
vn 0.0000 0.9659 -0.2588
vn 0.0000 0.9659 -0.2588
vn 0.0000 0.9659 -0.2588
vn 0.0000 0.7071 -0.7071
vn 0.0000 0.7071 -0.7071
vn 0.0000 0.7071 -0.7071
vn 0.0000 0.7071 -0.7071
vn 0.0000 0.2588 -0.9659
vn 0.0000 0.2588 -0.9659
vn 0.0000 0.2588 -0.9659
vn 0.0000 0.2588 -0.9659
vn 0.0000 -0.2588 -0.9659
vn 0.0000 -0.2588 -0.9659
vn 0.0000 -0.2588 -0.9659
vn 0.0000 -0.2588 -0.9659
vn 0.0000 -0.7071 -0.7071
vn 0.0000 -0.7071 -0.7071
vn 0.0000 -0.7071 -0.7071
vn 0.0000 -0.7071 -0.7071
vn 0.0000 -0.9659 -0.2588
vn 0.0000 -0.9659 -0.2588
vn 0.0000 -0.9659 -0.2588
vn 0.0000 -0.9659 -0.2588
vn -0.0000 -0.9659 0.2588
vn -0.0000 -0.9659 0.2588
vn -0.0000 -0.9659 0.2588
vn -0.0000 -0.9659 0.2588
vn -0.0000 -0.7071 0.7071
vn -0.0000 -0.7071 0.7071
vn -0.0000 -0.7071 0.7071
vn -0.0000 -0.7071 0.7071
vn -0.0000 -0.2588 0.9659
vn -0.0000 -0.2588 0.9659
vn -0.0000 -0.2588 0.9659
vn -0.0000 -0.2588 0.9659
f 1466//1466 1468//1468 1467//1467
f 1466//1466 1467//1467 1469//1469
f 1467//1467 1470//1470 1469//1469
f 1471//1471 1472//1472 1466//1466
f 1473//1473 1471//1471 1466//1466
f 1469//1469 1473//1473 1466//1466
f 1473//1473 1474//1474 1471//1471
f 1469//1469 1475//1475 1473//1473
f 1475//1475 1476//1476 1473//1473
f 1469//1469 1477//1477 1475//1475
f 1478//1478 1480//1480 1479//1479
f 1478//1478 1479//1479 1481//1481
f 1479//1479 1482//1482 1481//1481
f 1483//1483 1484//1484 1478//1478
f 1485//1485 1483//1483 1478//1478
f 1481//1481 1485//1485 1478//1478
f 1485//1485 1486//1486 1483//1483
f 1481//1481 1487//1487 1485//1485
f 1487//1487 1488//1488 1485//1485
f 1481//1481 1489//1489 1487//1487
f 1490//1490 1492//1492 1491//1491
f 1490//1490 1491//1491 1493//1493
f 1494//1494 1496//1496 1495//1495
f 1494//1494 1495//1495 1497//1497
f 1498//1498 1500//1500 1499//1499
f 1498//1498 1499//1499 1501//1501
f 1502//1502 1504//1504 1503//1503
f 1502//1502 1503//1503 1505//1505
f 1506//1506 1508//1508 1507//1507
f 1506//1506 1507//1507 1509//1509
f 1510//1510 1512//1512 1511//1511
f 1510//1510 1511//1511 1513//1513
f 1514//1514 1516//1516 1515//1515
f 1514//1514 1515//1515 1517//1517
f 1518//1518 1520//1520 1519//1519
f 1518//1518 1519//1519 1521//1521
f 1522//1522 1524//1524 1523//1523
f 1522//1522 1523//1523 1525//1525
f 1526//1526 1528//1528 1527//1527
f 1526//1526 1527//1527 1529//1529
f 1530//1530 1532//1532 1531//1531
f 1530//1530 1531//1531 1533//1533
f 1534//1534 1536//1536 1535//1535
f 1534//1534 1535//1535 1537//1537
o horse
g horse_horse
usemtl horse
v 0.03355 0.19520 0.16470
v -0.03355 0.25010 0.16470
v 0.03355 0.25010 0.16470
v -0.03355 0.19520 0.16470
v 0.07015 0.19520 -0.12811
v 0.07015 0.25010 0.12810
v 0.07015 0.25010 -0.12811
v 0.07015 0.19520 0.12810
v 0.03355 0.28669 -0.12811
v -0.03355 0.28669 0.12810
v -0.03355 0.28669 -0.12811
v 0.03355 0.28669 0.12810
v -0.07015 0.19520 0.12810
v -0.07015 0.25010 -0.12811
v -0.07015 0.25010 0.12810
v -0.07015 0.19520 -0.12811
v -0.03355 0.19520 -0.16471
v 0.03355 0.25010 -0.16471
v -0.03355 0.25010 -0.16471
v 0.03355 0.19520 -0.16471
v -0.03355 0.15859 0.12810
v -0.07015 0.19520 0.12810
v -0.03355 0.19520 0.16470
v -0.03355 0.25010 0.16470
v -0.07015 0.25010 0.12810
v -0.03355 0.28669 0.12810
v -0.03355 0.15859 -0.12811
v -0.03355 0.19520 -0.16471
v -0.07015 0.19520 -0.12811
v -0.03355 0.28669 -0.12811
v -0.07015 0.25010 -0.12811
v -0.03355 0.25010 -0.16471
v 0.03355 0.15859 0.12810
v 0.03355 0.19520 0.16470
v 0.07015 0.19520 0.12810
v 0.03355 0.28669 0.12810
v 0.07015 0.25010 0.12810
v 0.03355 0.25010 0.16470
v 0.03355 0.15859 -0.12811
v 0.07015 0.19520 -0.12811
v 0.03355 0.19520 -0.16471
v 0.03355 0.28669 -0.12811
v 0.03355 0.25010 -0.16471
v 0.07015 0.25010 -0.12811
v -0.03355 0.15859 -0.12811
v -0.07015 0.19520 0.12810
v -0.03355 0.15859 0.12810
v -0.07015 0.19520 -0.12811
v -0.03355 0.19520 0.16470
v -0.07015 0.25010 0.12810
v -0.03355 0.25010 0.16470
v -0.07015 0.19520 0.12810
v -0.03355 0.28669 0.12810
v -0.07015 0.25010 -0.12811
v -0.03355 0.28669 -0.12811
v -0.07015 0.25010 0.12810
v -0.03355 0.25010 -0.16471
v -0.07015 0.19520 -0.12811
v -0.03355 0.19520 -0.16471
v -0.07015 0.25010 -0.12811
v 0.03355 0.15859 -0.12811
v -0.03355 0.19520 -0.16471
v -0.03355 0.15859 -0.12811
v 0.03355 0.19520 -0.16471
v -0.03355 0.28669 -0.12811
v 0.03355 0.25010 -0.16471
v 0.03355 0.28669 -0.12811
v -0.03355 0.25010 -0.16471
v 0.07015 0.25010 -0.12811
v 0.03355 0.19520 -0.16471
v 0.07015 0.19520 -0.12811
v 0.03355 0.25010 -0.16471
v 0.03355 0.15859 0.12810
v 0.07015 0.19520 -0.12811
v 0.03355 0.15859 -0.12811
v 0.07015 0.19520 0.12810
v 0.03355 0.28669 -0.12811
v 0.07015 0.25010 0.12810
v 0.03355 0.28669 0.12810
v 0.07015 0.25010 -0.12811
v 0.03355 0.25010 0.16470
v 0.07015 0.19520 0.12810
v 0.03355 0.19520 0.16470
v 0.07015 0.25010 0.12810
v -0.03355 0.15859 0.12810
v 0.03355 0.19520 0.16470
v 0.03355 0.15859 0.12810
v -0.03355 0.19520 0.16470
v 0.03355 0.28669 0.12810
v -0.03355 0.25010 0.16470
v -0.03355 0.28669 0.12810
v 0.03355 0.25010 0.16470
v -0.03355 0.15859 -0.12811
v 0.03355 0.15859 0.12810
v 0.03355 0.15859 -0.12811
v -0.03355 0.15859 0.12810
v -0.04148 0.18986 0.18399
v -0.04148 0.40794 0.19420
v -0.04148 0.37286 0.26938
v -0.04148 0.22493 0.10881
v -0.04148 0.22493 0.10881
v 0.04148 0.40794 0.19420
v -0.04148 0.40794 0.19420
v 0.04148 0.22493 0.10881
v 0.04148 0.22493 0.10881
v 0.04148 0.37286 0.26938
v 0.04148 0.40794 0.19420
v 0.04148 0.18986 0.18399
v 0.04148 0.18986 0.18399
v -0.04148 0.37286 0.26938
v 0.04148 0.37286 0.26938
v -0.04148 0.18986 0.18399
v -0.04148 0.22493 0.10881
v 0.04148 0.18986 0.18399
v 0.04148 0.22493 0.10881
v -0.04148 0.18986 0.18399
v 0.04148 0.40794 0.19420
v -0.04148 0.37286 0.26938
v -0.04148 0.40794 0.19420
v 0.04148 0.37286 0.26938
v -0.03404 0.00732 0.15265
v -0.06136 0.16348 0.15600
v -0.03136 0.16348 0.15600
v -0.05869 0.00732 0.15265
v -0.02672 0.00732 0.11086
v -0.02404 0.16348 0.14867
v -0.02404 0.16348 0.10751
v -0.02672 0.00732 0.14533
v -0.03123 0.17079 0.10735
v -0.06149 0.17079 0.14883
v -0.06149 0.17079 0.10735
v -0.03123 0.17079 0.14883
v -0.06601 0.00732 0.14533
v -0.06868 0.16348 0.10751
v -0.06868 0.16348 0.14867
v -0.06601 0.00732 0.11086
v -0.05869 0.00732 0.10354
v -0.03136 0.16348 0.10019
v -0.06136 0.16348 0.10019
v -0.03404 0.00732 0.10354
v -0.05856 0.00000 0.14518
v -0.06601 0.00732 0.14533
v -0.05869 0.00732 0.15265
v -0.06136 0.16348 0.15600
v -0.06868 0.16348 0.14867
v -0.06149 0.17079 0.14883
v -0.05856 0.00000 0.11102
v -0.05869 0.00732 0.10354
v -0.06601 0.00732 0.11086
v -0.06149 0.17079 0.10735
v -0.06868 0.16348 0.10751
v -0.06136 0.16348 0.10019
v -0.03416 0.00000 0.14518
v -0.03404 0.00732 0.15265
v -0.02672 0.00732 0.14533
v -0.03123 0.17079 0.14883
v -0.02404 0.16348 0.14867
v -0.03136 0.16348 0.15600
v -0.03416 0.00000 0.11102
v -0.02672 0.00732 0.11086
v -0.03404 0.00732 0.10354
v -0.03123 0.17079 0.10735
v -0.03136 0.16348 0.10019
v -0.02404 0.16348 0.10751
v -0.05856 0.00000 0.11102
v -0.06601 0.00732 0.14533
v -0.05856 0.00000 0.14518
v -0.06601 0.00732 0.11086
v -0.05869 0.00732 0.15265
v -0.06868 0.16348 0.14867
v -0.06136 0.16348 0.15600
v -0.06601 0.00732 0.14533
v -0.06149 0.17079 0.14883
v -0.06868 0.16348 0.10751
v -0.06149 0.17079 0.10735
v -0.06868 0.16348 0.14867
v -0.06136 0.16348 0.10019
v -0.06601 0.00732 0.11086
v -0.05869 0.00732 0.10354
v -0.06868 0.16348 0.10751
v -0.03416 0.00000 0.11102
v -0.05869 0.00732 0.10354
v -0.05856 0.00000 0.11102
v -0.03404 0.00732 0.10354
v -0.06149 0.17079 0.10735
v -0.03136 0.16348 0.10019
v -0.03123 0.17079 0.10735
v -0.06136 0.16348 0.10019
v -0.02404 0.16348 0.10751
v -0.03404 0.00732 0.10354
v -0.02672 0.00732 0.11086
v -0.03136 0.16348 0.10019
v -0.03416 0.00000 0.14518
v -0.02672 0.00732 0.11086
v -0.03416 0.00000 0.11102
v -0.02672 0.00732 0.14533
v -0.03123 0.17079 0.10735
v -0.02404 0.16348 0.14867
v -0.03123 0.17079 0.14883
v -0.02404 0.16348 0.10751
v -0.03136 0.16348 0.15600
v -0.02672 0.00732 0.14533
v -0.03404 0.00732 0.15265
v -0.02404 0.16348 0.14867
v -0.05856 0.00000 0.14518
v -0.03404 0.00732 0.15265
v -0.03416 0.00000 0.14518
v -0.05869 0.00732 0.15265
v -0.03123 0.17079 0.14883
v -0.06136 0.16348 0.15600
v -0.06149 0.17079 0.14883
v -0.03136 0.16348 0.15600
v -0.05856 0.00000 0.11102
v -0.03416 0.00000 0.14518
v -0.03416 0.00000 0.11102
v -0.05856 0.00000 0.14518
v -0.03404 0.00732 -0.10354
v -0.06136 0.16348 -0.10020
v -0.03136 0.16348 -0.10020
v -0.05869 0.00732 -0.10354
v -0.02672 0.00732 -0.14534
v -0.02404 0.16348 -0.10752
v -0.02404 0.16348 -0.14868
v -0.02672 0.00732 -0.11087
v -0.03123 0.17079 -0.14884
v -0.06149 0.17079 -0.10736
v -0.06149 0.17079 -0.14884
v -0.03123 0.17079 -0.10736
v -0.06601 0.00732 -0.11087
v -0.06868 0.16348 -0.14868
v -0.06868 0.16348 -0.10752
v -0.06601 0.00732 -0.14534
v -0.05869 0.00732 -0.15266
v -0.03136 0.16348 -0.15601
v -0.06136 0.16348 -0.15601
v -0.03404 0.00732 -0.15266
v -0.05856 0.00000 -0.11103
v -0.06601 0.00732 -0.11087
v -0.05869 0.00732 -0.10354
v -0.06136 0.16348 -0.10020
v -0.06868 0.16348 -0.10752
v -0.06149 0.17079 -0.10736
v -0.05856 0.00000 -0.14519
v -0.05869 0.00732 -0.15266
v -0.06601 0.00732 -0.14534
v -0.06149 0.17079 -0.14884
v -0.06868 0.16348 -0.14868
v -0.06136 0.16348 -0.15601
v -0.03416 0.00000 -0.11103
v -0.03404 0.00732 -0.10354
v -0.02672 0.00732 -0.11087
v -0.03123 0.17079 -0.10736
v -0.02404 0.16348 -0.10752
v -0.03136 0.16348 -0.10020
v -0.03416 0.00000 -0.14519
v -0.02672 0.00732 -0.14534
v -0.03404 0.00732 -0.15266
v -0.03123 0.17079 -0.14884
v -0.03136 0.16348 -0.15601
v -0.02404 0.16348 -0.14868
v -0.05856 0.00000 -0.14519
v -0.06601 0.00732 -0.11087
v -0.05856 0.00000 -0.11103
v -0.06601 0.00732 -0.14534
v -0.05869 0.00732 -0.10354
v -0.06868 0.16348 -0.10752
v -0.06136 0.16348 -0.10020
v -0.06601 0.00732 -0.11087
v -0.06149 0.17079 -0.10736
v -0.06868 0.16348 -0.14868
v -0.06149 0.17079 -0.14884
v -0.06868 0.16348 -0.10752
v -0.06136 0.16348 -0.15601
v -0.06601 0.00732 -0.14534
v -0.05869 0.00732 -0.15266
v -0.06868 0.16348 -0.14868
v -0.03416 0.00000 -0.14519
v -0.05869 0.00732 -0.15266
v -0.05856 0.00000 -0.14519
v -0.03404 0.00732 -0.15266
v -0.06149 0.17079 -0.14884
v -0.03136 0.16348 -0.15601
v -0.03123 0.17079 -0.14884
v -0.06136 0.16348 -0.15601
v -0.02404 0.16348 -0.14868
v -0.03404 0.00732 -0.15266
v -0.02672 0.00732 -0.14534
v -0.03136 0.16348 -0.15601
v -0.03416 0.00000 -0.11103
v -0.02672 0.00732 -0.14534
v -0.03416 0.00000 -0.14519
v -0.02672 0.00732 -0.11087
v -0.03123 0.17079 -0.14884
v -0.02404 0.16348 -0.10752
v -0.03123 0.17079 -0.10736
v -0.02404 0.16348 -0.14868
v -0.03136 0.16348 -0.10020
v -0.02672 0.00732 -0.11087
v -0.03404 0.00732 -0.10354
v -0.02404 0.16348 -0.10752
v -0.05856 0.00000 -0.11103
v -0.03404 0.00732 -0.10354
v -0.03416 0.00000 -0.11103
v -0.05869 0.00732 -0.10354
v -0.03123 0.17079 -0.10736
v -0.06136 0.16348 -0.10020
v -0.06149 0.17079 -0.10736
v -0.03136 0.16348 -0.10020
v -0.05856 0.00000 -0.14519
v -0.03416 0.00000 -0.11103
v -0.03416 0.00000 -0.14519
v -0.05856 0.00000 -0.11103
v 0.05868 0.00732 0.15265
v 0.03136 0.16348 0.15600
v 0.06136 0.16348 0.15600
v 0.03403 0.00732 0.15265
v 0.06601 0.00732 0.11086
v 0.06868 0.16348 0.14867
v 0.06868 0.16348 0.10751
v 0.06601 0.00732 0.14533
v 0.06149 0.17079 0.10735
v 0.03123 0.17079 0.14883
v 0.03123 0.17079 0.10735
v 0.06149 0.17079 0.14883
v 0.02671 0.00732 0.14533
v 0.02404 0.16348 0.10751
v 0.02404 0.16348 0.14867
v 0.02671 0.00732 0.11086
v 0.03403 0.00732 0.10354
v 0.06136 0.16348 0.10019
v 0.03136 0.16348 0.10019
v 0.05868 0.00732 0.10354
v 0.03416 0.00000 0.14518
v 0.02671 0.00732 0.14533
v 0.03403 0.00732 0.15265
v 0.03136 0.16348 0.15600
v 0.02404 0.16348 0.14867
v 0.03123 0.17079 0.14883
v 0.03416 0.00000 0.11102
v 0.03403 0.00732 0.10354
v 0.02671 0.00732 0.11086
v 0.03123 0.17079 0.10735
v 0.02404 0.16348 0.10751
v 0.03136 0.16348 0.10019
v 0.05856 0.00000 0.14518
v 0.05868 0.00732 0.15265
v 0.06601 0.00732 0.14533
v 0.06149 0.17079 0.14883
v 0.06868 0.16348 0.14867
v 0.06136 0.16348 0.15600
v 0.05856 0.00000 0.11102
v 0.06601 0.00732 0.11086
v 0.05868 0.00732 0.10354
v 0.06149 0.17079 0.10735
v 0.06136 0.16348 0.10019
v 0.06868 0.16348 0.10751
v 0.03416 0.00000 0.11102
v 0.02671 0.00732 0.14533
v 0.03416 0.00000 0.14518
v 0.02671 0.00732 0.11086
v 0.03403 0.00732 0.15265
v 0.02404 0.16348 0.14867
v 0.03136 0.16348 0.15600
v 0.02671 0.00732 0.14533
v 0.03123 0.17079 0.14883
v 0.02404 0.16348 0.10751
v 0.03123 0.17079 0.10735
v 0.02404 0.16348 0.14867
v 0.03136 0.16348 0.10019
v 0.02671 0.00732 0.11086
v 0.03403 0.00732 0.10354
v 0.02404 0.16348 0.10751
v 0.05856 0.00000 0.11102
v 0.03403 0.00732 0.10354
v 0.03416 0.00000 0.11102
v 0.05868 0.00732 0.10354
v 0.03123 0.17079 0.10735
v 0.06136 0.16348 0.10019
v 0.06149 0.17079 0.10735
v 0.03136 0.16348 0.10019
v 0.06868 0.16348 0.10751
v 0.05868 0.00732 0.10354
v 0.06601 0.00732 0.11086
v 0.06136 0.16348 0.10019
v 0.05856 0.00000 0.14518
v 0.06601 0.00732 0.11086
v 0.05856 0.00000 0.11102
v 0.06601 0.00732 0.14533
v 0.06149 0.17079 0.10735
v 0.06868 0.16348 0.14867
v 0.06149 0.17079 0.14883
v 0.06868 0.16348 0.10751
v 0.06136 0.16348 0.15600
v 0.06601 0.00732 0.14533
v 0.05868 0.00732 0.15265
v 0.06868 0.16348 0.14867
v 0.03416 0.00000 0.14518
v 0.05868 0.00732 0.15265
v 0.05856 0.00000 0.14518
v 0.03403 0.00732 0.15265
v 0.06149 0.17079 0.14883
v 0.03136 0.16348 0.15600
v 0.03123 0.17079 0.14883
v 0.06136 0.16348 0.15600
v 0.03416 0.00000 0.11102
v 0.05856 0.00000 0.14518
v 0.05856 0.00000 0.11102
v 0.03416 0.00000 0.14518
v 0.05868 0.00732 -0.10354
v 0.03136 0.16348 -0.10020
v 0.06136 0.16348 -0.10020
v 0.03403 0.00732 -0.10354
v 0.06601 0.00732 -0.14534
v 0.06868 0.16348 -0.10752
v 0.06868 0.16348 -0.14868
v 0.06601 0.00732 -0.11087
v 0.06149 0.17079 -0.14884
v 0.03123 0.17079 -0.10736
v 0.03123 0.17079 -0.14884
v 0.06149 0.17079 -0.10736
v 0.02671 0.00732 -0.11087
v 0.02404 0.16348 -0.14868
v 0.02404 0.16348 -0.10752
v 0.02671 0.00732 -0.14534
v 0.03403 0.00732 -0.15266
v 0.06136 0.16348 -0.15601
v 0.03136 0.16348 -0.15601
v 0.05868 0.00732 -0.15266
v 0.03416 0.00000 -0.11103
v 0.02671 0.00732 -0.11087
v 0.03403 0.00732 -0.10354
v 0.03136 0.16348 -0.10020
v 0.02404 0.16348 -0.10752
v 0.03123 0.17079 -0.10736
v 0.03416 0.00000 -0.14519
v 0.03403 0.00732 -0.15266
v 0.02671 0.00732 -0.14534
v 0.03123 0.17079 -0.14884
v 0.02404 0.16348 -0.14868
v 0.03136 0.16348 -0.15601
v 0.05856 0.00000 -0.11103
v 0.05868 0.00732 -0.10354
v 0.06601 0.00732 -0.11087
v 0.06149 0.17079 -0.10736
v 0.06868 0.16348 -0.10752
v 0.06136 0.16348 -0.10020
v 0.05856 0.00000 -0.14519
v 0.06601 0.00732 -0.14534
v 0.05868 0.00732 -0.15266
v 0.06149 0.17079 -0.14884
v 0.06136 0.16348 -0.15601
v 0.06868 0.16348 -0.14868
v 0.03416 0.00000 -0.14519
v 0.02671 0.00732 -0.11087
v 0.03416 0.00000 -0.11103
v 0.02671 0.00732 -0.14534
v 0.03403 0.00732 -0.10354
v 0.02404 0.16348 -0.10752
v 0.03136 0.16348 -0.10020
v 0.02671 0.00732 -0.11087
v 0.03123 0.17079 -0.10736
v 0.02404 0.16348 -0.14868
v 0.03123 0.17079 -0.14884
v 0.02404 0.16348 -0.10752
v 0.03136 0.16348 -0.15601
v 0.02671 0.00732 -0.14534
v 0.03403 0.00732 -0.15266
v 0.02404 0.16348 -0.14868
v 0.05856 0.00000 -0.14519
v 0.03403 0.00732 -0.15266
v 0.03416 0.00000 -0.14519
v 0.05868 0.00732 -0.15266
v 0.03123 0.17079 -0.14884
v 0.06136 0.16348 -0.15601
v 0.06149 0.17079 -0.14884
v 0.03136 0.16348 -0.15601
v 0.06868 0.16348 -0.14868
v 0.05868 0.00732 -0.15266
v 0.06601 0.00732 -0.14534
v 0.06136 0.16348 -0.15601
v 0.05856 0.00000 -0.11103
v 0.06601 0.00732 -0.14534
v 0.05856 0.00000 -0.14519
v 0.06601 0.00732 -0.11087
v 0.06149 0.17079 -0.14884
v 0.06868 0.16348 -0.10752
v 0.06149 0.17079 -0.10736
v 0.06868 0.16348 -0.14868
v 0.06136 0.16348 -0.10020
v 0.06601 0.00732 -0.11087
v 0.05868 0.00732 -0.10354
v 0.06868 0.16348 -0.10752
v 0.03416 0.00000 -0.11103
v 0.05868 0.00732 -0.10354
v 0.05856 0.00000 -0.11103
v 0.03403 0.00732 -0.10354
v 0.06149 0.17079 -0.10736
v 0.03136 0.16348 -0.10020
v 0.03123 0.17079 -0.10736
v 0.06136 0.16348 -0.10020
v 0.03416 0.00000 -0.14519
v 0.05856 0.00000 -0.11103
v 0.05856 0.00000 -0.14519
v 0.03416 0.00000 -0.11103
v -0.00000 0.15006 0.15249
v -0.01882 0.19187 0.21684
v 0.04926 0.19187 0.19226
v 0.04926 0.19187 0.19226
v 0.04926 0.19187 0.11273
v -0.00000 0.15006 0.15249
v -0.00000 0.15006 0.15249
v -0.06089 0.19187 0.15249
v -0.01882 0.19187 0.21684
v -0.00000 0.15006 0.15249
v -0.01882 0.19187 0.08815
v -0.06089 0.19187 0.15249
v -0.00000 0.15006 0.15249
v 0.04926 0.19187 0.11273
v -0.01882 0.19187 0.08815
v 0.04926 0.19187 0.19226
v 0.06089 0.25952 0.15249
v 0.04926 0.19187 0.11273
v -0.01882 0.19187 0.21684
v 0.01881 0.25952 0.21684
v 0.04926 0.19187 0.19226
v -0.06089 0.19187 0.15249
v -0.04926 0.25952 0.19226
v -0.01882 0.19187 0.21684
v -0.01882 0.19187 0.08815
v -0.04926 0.25952 0.11273
v -0.06089 0.19187 0.15249
v 0.04926 0.19187 0.11273
v 0.01881 0.25952 0.08815
v -0.01882 0.19187 0.08815
v 0.04926 0.19187 0.19226
v 0.01881 0.25952 0.21684
v 0.06089 0.25952 0.15249
v -0.01882 0.19187 0.21684
v -0.04926 0.25952 0.19226
v 0.01881 0.25952 0.21684
v -0.06089 0.19187 0.15249
v -0.04926 0.25952 0.11273
v -0.04926 0.25952 0.19226
v -0.01882 0.19187 0.08815
v 0.01881 0.25952 0.08815
v -0.04926 0.25952 0.11273
v 0.04926 0.19187 0.11273
v 0.06089 0.25952 0.15249
v 0.01881 0.25952 0.08815
v 0.01881 0.25952 0.21684
v -0.00000 0.30134 0.15249
v 0.06089 0.25952 0.15249
v -0.04926 0.25952 0.19226
v -0.00000 0.30134 0.15249
v 0.01881 0.25952 0.21684
v -0.04926 0.25952 0.11273
v -0.00000 0.30134 0.15249
v -0.04926 0.25952 0.19226
v 0.01881 0.25952 0.08815
v -0.00000 0.30134 0.15249
v -0.04926 0.25952 0.11273
v 0.06089 0.25952 0.15249
v -0.00000 0.30134 0.15249
v 0.01881 0.25952 0.08815
v -0.00000 0.15762 -0.14640
v -0.01942 0.19862 -0.07998
v 0.05085 0.19862 -0.10535
v 0.05085 0.19862 -0.10535
v 0.05085 0.19862 -0.18746
v -0.00000 0.15762 -0.14640
v -0.00000 0.15762 -0.14640
v -0.06285 0.19862 -0.14640
v -0.01942 0.19862 -0.07998
v -0.00000 0.15762 -0.14640
v -0.01942 0.19862 -0.21282
v -0.06285 0.19862 -0.14640
v -0.00000 0.15762 -0.14640
v 0.05085 0.19862 -0.18746
v -0.01942 0.19862 -0.21282
v 0.05085 0.19862 -0.10535
v 0.06285 0.26497 -0.14640
v 0.05085 0.19862 -0.18746
v -0.01942 0.19862 -0.07998
v 0.01942 0.26497 -0.07998
v 0.05085 0.19862 -0.10535
v -0.06285 0.19862 -0.14640
v -0.05085 0.26497 -0.10535
v -0.01942 0.19862 -0.07998
v -0.01942 0.19862 -0.21282
v -0.05085 0.26497 -0.18746
v -0.06285 0.19862 -0.14640
v 0.05085 0.19862 -0.18746
v 0.01942 0.26497 -0.21282
v -0.01942 0.19862 -0.21282
v 0.05085 0.19862 -0.10535
v 0.01942 0.26497 -0.07998
v 0.06285 0.26497 -0.14640
v -0.01942 0.19862 -0.07998
v -0.05085 0.26497 -0.10535
v 0.01942 0.26497 -0.07998
v -0.06285 0.19862 -0.14640
v -0.05085 0.26497 -0.18746
v -0.05085 0.26497 -0.10535
v -0.01942 0.19862 -0.21282
v 0.01942 0.26497 -0.21282
v -0.05085 0.26497 -0.18746
v 0.05085 0.19862 -0.18746
v 0.06285 0.26497 -0.14640
v 0.01942 0.26497 -0.21282
v 0.01942 0.26497 -0.07998
v -0.00000 0.30597 -0.14640
v 0.06285 0.26497 -0.14640
v -0.05085 0.26497 -0.10535
v -0.00000 0.30597 -0.14640
v 0.01942 0.26497 -0.07998
v -0.05085 0.26497 -0.18746
v -0.00000 0.30597 -0.14640
v -0.05085 0.26497 -0.10535
v 0.01942 0.26497 -0.21282
v -0.00000 0.30597 -0.14640
v -0.05085 0.26497 -0.18746
v 0.06285 0.26497 -0.14640
v -0.00000 0.30597 -0.14640
v 0.01942 0.26497 -0.21282
v -0.03538 0.37429 0.20447
v -0.03538 0.33940 0.36893
v -0.03538 0.28279 0.32647
v -0.03538 0.43090 0.24692
v -0.03538 0.43090 0.24692
v 0.03538 0.33940 0.36893
v -0.03538 0.33940 0.36893
v 0.03538 0.43090 0.24692
v 0.03538 0.43090 0.24692
v 0.03538 0.28279 0.32647
v 0.03538 0.33940 0.36893
v 0.03538 0.37429 0.20447
v 0.03538 0.37429 0.20447
v -0.03538 0.28279 0.32647
v 0.03538 0.28279 0.32647
v -0.03538 0.37429 0.20447
v -0.03538 0.43090 0.24692
v 0.03538 0.37429 0.20447
v 0.03538 0.43090 0.24692
v -0.03538 0.37429 0.20447
v 0.03538 0.33940 0.36893
v -0.03538 0.28279 0.32647
v -0.03538 0.33940 0.36893
v 0.03538 0.28279 0.32647
v -0.02074 0.42090 0.21349
v -0.00488 0.42090 0.21349
v -0.02074 0.42090 0.19764
v -0.02074 0.42090 0.22936
v -0.03660 0.42090 0.21349
v -0.02074 0.42090 0.19764
v -0.00488 0.42090 0.21349
v -0.02074 0.46970 0.21349
v -0.00488 0.42090 0.21349
v -0.02074 0.42090 0.22936
v -0.02074 0.46970 0.21349
v -0.02074 0.42090 0.22936
v -0.03660 0.42090 0.21349
v -0.02074 0.46970 0.21349
v -0.03660 0.42090 0.21349
v -0.02074 0.42090 0.19764
v -0.02074 0.46970 0.21349
v 0.02074 0.42090 0.21349
v 0.03660 0.42090 0.21349
v 0.02074 0.42090 0.19764
v 0.02074 0.42090 0.22936
v 0.00488 0.42090 0.21349
v 0.02074 0.42090 0.19764
v 0.03660 0.42090 0.21349
v 0.02074 0.46970 0.21349
v 0.03660 0.42090 0.21349
v 0.02074 0.42090 0.22936
v 0.02074 0.46970 0.21349
v 0.02074 0.42090 0.22936
v 0.00488 0.42090 0.21349
v 0.02074 0.46970 0.21349
v 0.00488 0.42090 0.21349
v 0.02074 0.42090 0.19764
v 0.02074 0.46970 0.21349
vn -0.0000 -0.0000 1.0000
vn -0.0000 -0.0000 1.0000
vn -0.0000 -0.0000 1.0000
vn -0.0000 -0.0000 1.0000
vn 0.7071 -0.0000 0.7071
vn 0.7071 -0.0000 0.7071
vn 0.7071 -0.0000 0.7071
vn 0.7071 -0.0000 0.7071
vn -0.0000 0.7071 0.7071
vn -0.0000 0.7071 0.7071
vn -0.0000 0.7071 0.7071
vn -0.0000 0.7071 0.7071
vn 0.0000 1.0000 -0.0000
vn 0.0000 1.0000 -0.0000
vn 0.0000 1.0000 -0.0000
vn 0.0000 1.0000 -0.0000
vn -0.7071 0.7071 -0.0000
vn -0.7071 0.7071 -0.0000
vn -0.7071 0.7071 -0.0000
vn -0.7071 0.7071 -0.0000
vn -0.7071 0.7071 -0.0000
vn -0.7071 0.7071 -0.0000
vn -0.7071 0.7071 -0.0000
vn 0.0845 0.6422 0.7619
vn 0.0845 0.6422 0.7619
vn 0.0845 0.6422 0.7619
vn -0.1245 0.9456 -0.3005
vn -0.1245 0.9456 -0.3005
vn -0.1245 0.9456 -0.3005
vn -0.3453 0.8335 0.4314
vn -0.3453 0.8335 0.4314
vn -0.3453 0.8335 0.4314
vn 0.1870 -0.4516 0.8724
vn 0.1870 -0.4516 0.8724
vn 0.1870 -0.4516 0.8724
vn 0.3671 0.2817 0.8865
vn 0.3671 0.2817 0.8865
vn 0.3671 0.2817 0.8865
vn -0.7058 0.5416 -0.4566
vn -0.7058 0.5416 -0.4566
vn -0.7058 0.5416 -0.4566
vn 0.7071 -0.7071 -0.0000
vn 0.7071 -0.7071 -0.0000
vn 0.7071 -0.7071 -0.0000
vn 0.0674 0.7916 -0.6073
vn 0.0674 0.7916 -0.6073
vn 0.0674 0.7916 -0.6073
vn 0.0674 0.7916 -0.6073
vn -0.2445 0.7693 0.5903
vn -0.2445 0.7693 0.5903
vn -0.2445 0.7693 0.5903
vn -0.2445 0.7693 0.5903
vn -0.0674 0.7915 0.6074
vn -0.0674 0.7915 0.6074
vn -0.0674 0.7915 0.6074
vn -0.0674 0.7915 0.6074
vn -0.3006 0.9456 0.1245
vn -0.3006 0.9456 0.1245
vn -0.3006 0.9456 0.1245
vn -0.3006 0.9456 0.1245
vn -0.4315 0.8334 -0.3452
vn -0.4315 0.8334 -0.3452
vn -0.4315 0.8334 -0.3452
vn -0.4315 0.8334 -0.3452
vn 0.4314 -0.8335 -0.3452
vn 0.4314 -0.8335 -0.3452
vn 0.4314 -0.8335 -0.3452
vn 0.4314 -0.8335 -0.3452
vn 0.8864 -0.2818 0.3672
vn 0.8864 -0.2818 0.3672
vn 0.8864 -0.2818 0.3672
vn 0.8864 -0.2818 0.3672
vn 0.4566 -0.5416 0.7058
vn 0.4566 -0.5416 0.7058
vn 0.4566 -0.5416 0.7058
vn 0.4566 -0.5416 0.7058
vn -0.4566 -0.5416 -0.7059
vn -0.4566 -0.5416 -0.7059
vn -0.4566 -0.5416 -0.7059
vn -0.4566 -0.5416 -0.7059
vn 0.3799 -0.1208 0.9171
vn 0.3799 -0.1208 0.9171
vn 0.3799 -0.1208 0.9171
vn 0.3799 -0.1208 0.9171
vn -0.1943 -0.3754 0.9062
vn -0.1943 -0.3754 0.9062
vn -0.1943 -0.3754 0.9062
vn -0.1943 -0.3754 0.9062
vn 0.1943 0.3754 0.9063
vn 0.1943 0.3754 0.9063
vn 0.1943 0.3754 0.9063
vn 0.1943 0.3754 0.9063
vn -0.0000 -0.7071 0.7071
vn -0.0000 -0.7071 0.7071
vn -0.0000 -0.7071 0.7071
vn -0.0000 -0.7071 0.7071
vn 0.0000 1.0000 -0.0000
vn 0.0000 1.0000 -0.0000
vn 0.0000 1.0000 -0.0000
vn 0.0000 1.0000 -0.0000
vn 0.6258 -0.7615 -0.1690
vn 0.6258 -0.7615 -0.1690
vn 0.6258 -0.7615 -0.1690
vn 0.6258 -0.7615 -0.1690
vn 0.7071 -0.0000 0.7071
vn 0.7071 -0.0000 0.7071
vn 0.7071 -0.0000 0.7071
vn 0.7071 -0.0000 0.7071
vn -0.1753 -0.2133 0.9611
vn -0.1753 -0.2133 0.9611
vn -0.1753 -0.2133 0.9611
vn -0.1753 -0.2133 0.9611
vn -0.2003 0.8264 -0.5263
vn -0.2003 0.8264 -0.5263
vn -0.2003 0.8264 -0.5263
vn -0.2003 0.8264 -0.5263
vn 0.1291 0.5326 0.8364
vn 0.1291 0.5326 0.8364
vn 0.1291 0.5326 0.8364
vn 0.1291 0.5326 0.8364
vn -0.0107 -0.0107 0.9999
vn -0.0107 -0.0107 0.9999
vn -0.0107 -0.0107 0.9999
vn -0.0107 -0.0107 0.9999
vn 0.7070 -0.0121 0.7071
vn 0.7070 -0.0121 0.7071
vn 0.7070 -0.0121 0.7071
vn 0.7070 -0.0121 0.7071
vn -0.0000 0.7071 0.7071
vn -0.0000 0.7071 0.7071
vn -0.0000 0.7071 0.7071
vn -0.0000 0.7071 0.7071
vn 0.0000 0.9999 -0.0171
vn 0.0000 0.9999 -0.0171
vn 0.0000 0.9999 -0.0171
vn 0.0000 0.9999 -0.0171
vn -0.7069 0.7072 -0.0076
vn -0.7069 0.7072 -0.0076
vn -0.7069 0.7072 -0.0076
vn -0.7069 0.7072 -0.0076
vn 0.2779 0.3751 -0.8844
vn 0.2779 0.3751 -0.8844
vn 0.2779 0.3751 -0.8844
vn 0.0821 0.6460 0.7590
vn 0.0821 0.6460 0.7590
vn 0.0821 0.6460 0.7590
vn -0.1201 0.9425 -0.3117
vn -0.1201 0.9425 -0.3117
vn -0.1201 0.9425 -0.3117
vn -0.3474 0.8360 0.4248
vn -0.3474 0.8360 0.4248
vn -0.3474 0.8360 0.4248
vn 0.1806 -0.4584 0.8702
vn 0.1806 -0.4584 0.8702
vn 0.1806 -0.4584 0.8702
vn 0.3707 0.2706 0.8885
vn 0.3707 0.2706 0.8885
vn 0.3707 0.2706 0.8885
vn -0.6960 0.5510 -0.4604
vn -0.6960 0.5510 -0.4604
vn -0.6960 0.5510 -0.4604
vn 0.9444 -0.1265 0.3036
vn 0.9444 -0.1265 0.3036
vn 0.9444 -0.1265 0.3036
vn 0.0686 0.7889 -0.6106
vn 0.0686 0.7889 -0.6106
vn 0.0686 0.7889 -0.6106
vn 0.0686 0.7889 -0.6106
vn -0.2694 0.7706 0.5776
vn -0.2694 0.7706 0.5776
vn -0.2694 0.7706 0.5776
vn -0.2694 0.7706 0.5776
vn -0.0663 0.7942 0.6040
vn -0.0663 0.7942 0.6040
vn -0.0663 0.7942 0.6040
vn -0.0663 0.7942 0.6040
vn -0.2935 0.9500 0.1063
vn -0.2935 0.9500 0.1063
vn -0.2935 0.9500 0.1063
vn -0.2935 0.9500 0.1063
vn -0.4242 0.8348 -0.3510
vn -0.4242 0.8348 -0.3510
vn -0.4242 0.8348 -0.3510
vn -0.4242 0.8348 -0.3510
vn 0.4387 -0.8321 -0.3394
vn 0.4387 -0.8321 -0.3394
vn 0.4387 -0.8321 -0.3394
vn 0.4387 -0.8321 -0.3394
vn 0.8824 -0.2905 0.3701
vn 0.8824 -0.2905 0.3701
vn 0.8824 -0.2905 0.3701
vn 0.8824 -0.2905 0.3701
vn 0.4510 -0.5463 0.7058
vn 0.4510 -0.5463 0.7058
vn 0.4510 -0.5463 0.7058
vn 0.4510 -0.5463 0.7058
vn -0.4621 -0.5368 -0.7059
vn -0.4621 -0.5368 -0.7059
vn -0.4621 -0.5368 -0.7059
vn -0.4621 -0.5368 -0.7059
vn 0.3748 -0.1386 0.9167
vn 0.3748 -0.1386 0.9167
vn 0.3748 -0.1386 0.9167
vn 0.3748 -0.1386 0.9167
vn -0.1933 -0.3804 0.9044
vn -0.1933 -0.3804 0.9044
vn -0.1933 -0.3804 0.9044
vn -0.1933 -0.3804 0.9044
vn 0.1953 0.3704 0.9081
vn 0.1953 0.3704 0.9081
vn 0.1953 0.3704 0.9081
vn 0.1953 0.3704 0.9081
vn -0.0000 -0.7071 0.7071
vn -0.0000 -0.7071 0.7071
vn -0.0000 -0.7071 0.7071
vn -0.0000 -0.7071 0.7071
vn -0.0107 -0.0107 0.9999
vn -0.0107 -0.0107 0.9999
vn -0.0107 -0.0107 0.9999
vn -0.0107 -0.0107 0.9999
vn 0.7070 -0.0121 0.7071
vn 0.7070 -0.0121 0.7071
vn 0.7070 -0.0121 0.7071
vn 0.7070 -0.0121 0.7071
vn -0.0000 0.7071 0.7071
vn -0.0000 0.7071 0.7071
vn -0.0000 0.7071 0.7071
vn -0.0000 0.7071 0.7071
vn 0.0000 0.9999 -0.0171
vn 0.0000 0.9999 -0.0171
vn 0.0000 0.9999 -0.0171
vn 0.0000 0.9999 -0.0171
vn -0.7069 0.7072 -0.0076
vn -0.7069 0.7072 -0.0076
vn -0.7069 0.7072 -0.0076
vn -0.7069 0.7072 -0.0076
vn 0.2779 0.3751 -0.8844
vn 0.2779 0.3751 -0.8844
vn 0.2779 0.3751 -0.8844
vn 0.0821 0.6460 0.7590
vn 0.0821 0.6460 0.7590
vn 0.0821 0.6460 0.7590
vn -0.1201 0.9425 -0.3117
vn -0.1201 0.9425 -0.3117
vn -0.1201 0.9425 -0.3117
vn -0.3474 0.8360 0.4248
vn -0.3474 0.8360 0.4248
vn -0.3474 0.8360 0.4248
vn 0.1806 -0.4584 0.8702
vn 0.1806 -0.4584 0.8702
vn 0.1806 -0.4584 0.8702
vn 0.3707 0.2706 0.8885
vn 0.3707 0.2706 0.8885
vn 0.3707 0.2706 0.8885
vn -0.6960 0.5510 -0.4604
vn -0.6960 0.5510 -0.4604
vn -0.6960 0.5510 -0.4604
vn 0.9444 -0.1265 0.3036
vn 0.9444 -0.1265 0.3036
vn 0.9444 -0.1265 0.3036
vn 0.0686 0.7889 -0.6106
vn 0.0686 0.7889 -0.6106
vn 0.0686 0.7889 -0.6106
vn 0.0686 0.7889 -0.6106
vn -0.2694 0.7706 0.5776
vn -0.2694 0.7706 0.5776
vn -0.2694 0.7706 0.5776
vn -0.2694 0.7706 0.5776
vn -0.0663 0.7942 0.6040
vn -0.0663 0.7942 0.6040
vn -0.0663 0.7942 0.6040
vn -0.0663 0.7942 0.6040
vn -0.2935 0.9500 0.1063
vn -0.2935 0.9500 0.1063
vn -0.2935 0.9500 0.1063
vn -0.2935 0.9500 0.1063
vn -0.4242 0.8348 -0.3510
vn -0.4242 0.8348 -0.3510
vn -0.4242 0.8348 -0.3510
vn -0.4242 0.8348 -0.3510
vn 0.4387 -0.8321 -0.3394
vn 0.4387 -0.8321 -0.3394
vn 0.4387 -0.8321 -0.3394
vn 0.4387 -0.8321 -0.3394
vn 0.8824 -0.2905 0.3701
vn 0.8824 -0.2905 0.3701
vn 0.8824 -0.2905 0.3701
vn 0.8824 -0.2905 0.3701
vn 0.4510 -0.5463 0.7058
vn 0.4510 -0.5463 0.7058
vn 0.4510 -0.5463 0.7058
vn 0.4510 -0.5463 0.7058
vn -0.4621 -0.5368 -0.7059
vn -0.4621 -0.5368 -0.7059
vn -0.4621 -0.5368 -0.7059
vn -0.4621 -0.5368 -0.7059
vn 0.3748 -0.1386 0.9167
vn 0.3748 -0.1386 0.9167
vn 0.3748 -0.1386 0.9167
vn 0.3748 -0.1386 0.9167
vn -0.1933 -0.3804 0.9044
vn -0.1933 -0.3804 0.9044
vn -0.1933 -0.3804 0.9044
vn -0.1933 -0.3804 0.9044
vn 0.1953 0.3704 0.9081
vn 0.1953 0.3704 0.9081
vn 0.1953 0.3704 0.9081
vn 0.1953 0.3704 0.9081
vn -0.0000 -0.7071 0.7071
vn -0.0000 -0.7071 0.7071
vn -0.0000 -0.7071 0.7071
vn -0.0000 -0.7071 0.7071
vn -0.0107 -0.0107 0.9999
vn -0.0107 -0.0107 0.9999
vn -0.0107 -0.0107 0.9999
vn -0.0107 -0.0107 0.9999
vn 0.7070 -0.0121 0.7071
vn 0.7070 -0.0121 0.7071
vn 0.7070 -0.0121 0.7071
vn 0.7070 -0.0121 0.7071
vn -0.0000 0.7071 0.7071
vn -0.0000 0.7071 0.7071
vn -0.0000 0.7071 0.7071
vn -0.0000 0.7071 0.7071
vn 0.0000 0.9999 -0.0171
vn 0.0000 0.9999 -0.0171
vn 0.0000 0.9999 -0.0171
vn 0.0000 0.9999 -0.0171
vn -0.7069 0.7072 -0.0076
vn -0.7069 0.7072 -0.0076
vn -0.7069 0.7072 -0.0076
vn -0.7069 0.7072 -0.0076
vn 0.2779 0.3751 -0.8844
vn 0.2779 0.3751 -0.8844
vn 0.2779 0.3751 -0.8844
vn 0.0821 0.6460 0.7590
vn 0.0821 0.6460 0.7590
vn 0.0821 0.6460 0.7590
vn -0.1201 0.9425 -0.3117
vn -0.1201 0.9425 -0.3117
vn -0.1201 0.9425 -0.3117
vn -0.3474 0.8360 0.4248
vn -0.3474 0.8360 0.4248
vn -0.3474 0.8360 0.4248
vn 0.1806 -0.4584 0.8702
vn 0.1806 -0.4584 0.8702
vn 0.1806 -0.4584 0.8702
vn 0.3707 0.2706 0.8885
vn 0.3707 0.2706 0.8885
vn 0.3707 0.2706 0.8885
vn -0.6960 0.5510 -0.4604
vn -0.6960 0.5510 -0.4604
vn -0.6960 0.5510 -0.4604
vn 0.9444 -0.1265 0.3036
vn 0.9444 -0.1265 0.3036
vn 0.9444 -0.1265 0.3036
vn 0.0686 0.7889 -0.6106
vn 0.0686 0.7889 -0.6106
vn 0.0686 0.7889 -0.6106
vn 0.0686 0.7889 -0.6106
vn -0.2694 0.7706 0.5776
vn -0.2694 0.7706 0.5776
vn -0.2694 0.7706 0.5776
vn -0.2694 0.7706 0.5776
vn -0.0663 0.7942 0.6040
vn -0.0663 0.7942 0.6040
vn -0.0663 0.7942 0.6040
vn -0.0663 0.7942 0.6040
vn -0.2935 0.9500 0.1063
vn -0.2935 0.9500 0.1063
vn -0.2935 0.9500 0.1063
vn -0.2935 0.9500 0.1063
vn -0.4242 0.8348 -0.3510
vn -0.4242 0.8348 -0.3510
vn -0.4242 0.8348 -0.3510
vn -0.4242 0.8348 -0.3510
vn 0.4387 -0.8321 -0.3394
vn 0.4387 -0.8321 -0.3394
vn 0.4387 -0.8321 -0.3394
vn 0.4387 -0.8321 -0.3394
vn 0.8824 -0.2905 0.3701
vn 0.8824 -0.2905 0.3701
vn 0.8824 -0.2905 0.3701
vn 0.8824 -0.2905 0.3701
vn 0.4510 -0.5463 0.7058
vn 0.4510 -0.5463 0.7058
vn 0.4510 -0.5463 0.7058
vn 0.4510 -0.5463 0.7058
vn -0.4621 -0.5368 -0.7059
vn -0.4621 -0.5368 -0.7059
vn -0.4621 -0.5368 -0.7059
vn -0.4621 -0.5368 -0.7059
vn 0.3748 -0.1386 0.9167
vn 0.3748 -0.1386 0.9167
vn 0.3748 -0.1386 0.9167
vn 0.3748 -0.1386 0.9167
vn -0.1933 -0.3804 0.9044
vn -0.1933 -0.3804 0.9044
vn -0.1933 -0.3804 0.9044
vn -0.1933 -0.3804 0.9044
vn 0.1953 0.3704 0.9081
vn 0.1953 0.3704 0.9081
vn 0.1953 0.3704 0.9081
vn 0.1953 0.3704 0.9081
vn -0.0000 -0.7071 0.7071
vn -0.0000 -0.7071 0.7071
vn -0.0000 -0.7071 0.7071
vn -0.0000 -0.7071 0.7071
vn -0.0107 -0.0107 0.9999
vn -0.0107 -0.0107 0.9999
vn -0.0107 -0.0107 0.9999
vn -0.0107 -0.0107 0.9999
vn 0.7070 -0.0121 0.7071
vn 0.7070 -0.0121 0.7071
vn 0.7070 -0.0121 0.7071
vn 0.7070 -0.0121 0.7071
vn -0.0000 0.7071 0.7071
vn -0.0000 0.7071 0.7071
vn -0.0000 0.7071 0.7071
vn -0.0000 0.7071 0.7071
vn 0.0000 0.9999 -0.0171
vn 0.0000 0.9999 -0.0171
vn 0.0000 0.9999 -0.0171
vn 0.0000 0.9999 -0.0171
vn -0.7069 0.7072 -0.0076
vn -0.7069 0.7072 -0.0076
vn -0.7069 0.7072 -0.0076
vn -0.7069 0.7072 -0.0076
vn 0.2779 0.3751 -0.8844
vn 0.2779 0.3751 -0.8844
vn 0.2779 0.3751 -0.8844
vn 0.0821 0.6460 0.7590
vn 0.0821 0.6460 0.7590
vn 0.0821 0.6460 0.7590
vn -0.1201 0.9425 -0.3117
vn -0.1201 0.9425 -0.3117
vn -0.1201 0.9425 -0.3117
vn -0.3474 0.8360 0.4248
vn -0.3474 0.8360 0.4248
vn -0.3474 0.8360 0.4248
vn 0.1806 -0.4584 0.8702
vn 0.1806 -0.4584 0.8702
vn 0.1806 -0.4584 0.8702
vn 0.3707 0.2706 0.8885
vn 0.3707 0.2706 0.8885
vn 0.3707 0.2706 0.8885
vn -0.6960 0.5510 -0.4604
vn -0.6960 0.5510 -0.4604
vn -0.6960 0.5510 -0.4604
vn 0.9444 -0.1265 0.3036
vn 0.9444 -0.1265 0.3036
vn 0.9444 -0.1265 0.3036
vn 0.0686 0.7889 -0.6106
vn 0.0686 0.7889 -0.6106
vn 0.0686 0.7889 -0.6106
vn 0.0686 0.7889 -0.6106
vn -0.2694 0.7706 0.5776
vn -0.2694 0.7706 0.5776
vn -0.2694 0.7706 0.5776
vn -0.2694 0.7706 0.5776
vn -0.0663 0.7942 0.6040
vn -0.0663 0.7942 0.6040
vn -0.0663 0.7942 0.6040
vn -0.0663 0.7942 0.6040
vn -0.2935 0.9500 0.1063
vn -0.2935 0.9500 0.1063
vn -0.2935 0.9500 0.1063
vn -0.2935 0.9500 0.1063
vn -0.4242 0.8348 -0.3510
vn -0.4242 0.8348 -0.3510
vn -0.4242 0.8348 -0.3510
vn -0.4242 0.8348 -0.3510
vn 0.4387 -0.8321 -0.3394
vn 0.4387 -0.8321 -0.3394
vn 0.4387 -0.8321 -0.3394
vn 0.4387 -0.8321 -0.3394
vn 0.8824 -0.2905 0.3701
vn 0.8824 -0.2905 0.3701
vn 0.8824 -0.2905 0.3701
vn 0.8824 -0.2905 0.3701
vn 0.4510 -0.5463 0.7058
vn 0.4510 -0.5463 0.7058
vn 0.4510 -0.5463 0.7058
vn 0.4510 -0.5463 0.7058
vn -0.4621 -0.5368 -0.7059
vn -0.4621 -0.5368 -0.7059
vn -0.4621 -0.5368 -0.7059
vn -0.4621 -0.5368 -0.7059
vn 0.3748 -0.1386 0.9167
vn 0.3748 -0.1386 0.9167
vn 0.3748 -0.1386 0.9167
vn 0.3748 -0.1386 0.9167
vn -0.1933 -0.3804 0.9044
vn -0.1933 -0.3804 0.9044
vn -0.1933 -0.3804 0.9044
vn -0.1933 -0.3804 0.9044
vn 0.1953 0.3704 0.9081
vn 0.1953 0.3704 0.9081
vn 0.1953 0.3704 0.9081
vn 0.1953 0.3704 0.9081
vn -0.0000 -0.7071 0.7071
vn -0.0000 -0.7071 0.7071
vn -0.0000 -0.7071 0.7071
vn -0.0000 -0.7071 0.7071
vn -0.0685 -0.4859 0.8713
vn -0.0685 -0.4859 0.8713
vn -0.0685 -0.4859 0.8713
vn 0.4020 -0.5839 0.7053
vn 0.4020 -0.5839 0.7053
vn 0.4020 -0.5839 0.7053
vn 0.1670 0.5667 -0.8068
vn 0.1670 0.5667 -0.8068
vn 0.1670 0.5667 -0.8068
vn -0.0112 0.8692 -0.4944
vn -0.0112 0.8692 -0.4944
vn -0.0112 0.8692 -0.4944
vn -0.4427 0.7765 -0.4485
vn -0.4427 0.7765 -0.4485
vn -0.4427 0.7765 -0.4485
vn 0.6967 -0.1207 0.7071
vn 0.6967 -0.1207 0.7071
vn 0.6967 -0.1207 0.7071
vn 0.1027 -0.2121 0.9718
vn 0.1027 -0.2121 0.9718
vn 0.1027 -0.2121 0.9718
vn -0.2596 0.9606 0.0990
vn -0.2596 0.9606 0.0990
vn -0.2596 0.9606 0.0990
vn -0.1283 0.9908 -0.0441
vn -0.1283 0.9908 -0.0441
vn -0.1283 0.9908 -0.0441
vn 0.7982 -0.5704 0.1935
vn 0.7982 -0.5704 0.1935
vn 0.7982 -0.5704 0.1935
vn 0.4817 0.0389 0.8755
vn 0.4817 0.0389 0.8755
vn 0.4817 0.0389 0.8755
vn -0.0364 0.3209 0.9464
vn -0.0364 0.3209 0.9464
vn -0.0364 0.3209 0.9464
vn -0.0012 0.9857 0.1682
vn -0.0012 0.9857 0.1682
vn -0.0012 0.9857 0.1682
vn -0.5659 0.8055 0.1758
vn -0.5659 0.8055 0.1758
vn -0.5659 0.8055 0.1758
vn 0.8828 -0.0482 0.4672
vn 0.8828 -0.0482 0.4672
vn 0.8828 -0.0482 0.4672
vn 0.3295 0.4668 0.8207
vn 0.3295 0.4668 0.8207
vn 0.3295 0.4668 0.8207
vn 0.1327 0.4957 0.8583
vn 0.1327 0.4957 0.8583
vn 0.1327 0.4957 0.8583
vn -0.0776 0.7679 0.6358
vn -0.0776 0.7679 0.6358
vn -0.0776 0.7679 0.6358
vn 0.3434 -0.8203 -0.4574
vn 0.3434 -0.8203 -0.4574
vn 0.3434 -0.8203 -0.4574
vn -0.2577 -0.7906 -0.5554
vn -0.2577 -0.7906 -0.5554
vn -0.2577 -0.7906 -0.5554
vn -0.0692 -0.4941 0.8667
vn -0.0692 -0.4941 0.8667
vn -0.0692 -0.4941 0.8667
vn 0.3847 -0.5956 0.7052
vn 0.3847 -0.5956 0.7052
vn 0.3847 -0.5956 0.7052
vn 0.1692 0.5676 -0.8057
vn 0.1692 0.5676 -0.8057
vn 0.1692 0.5676 -0.8057
vn -0.0088 0.8627 -0.5057
vn -0.0088 0.8627 -0.5057
vn -0.0088 0.8627 -0.5057
vn -0.4223 0.7815 -0.4593
vn -0.4223 0.7815 -0.4593
vn -0.4223 0.7815 -0.4593
vn 0.6956 -0.1269 0.7071
vn 0.6956 -0.1269 0.7071
vn 0.6956 -0.1269 0.7071
vn 0.0991 -0.2167 0.9712
vn 0.0991 -0.2167 0.9712
vn 0.0991 -0.2167 0.9712
vn -0.2637 0.9607 0.0868
vn -0.2637 0.9607 0.0868
vn -0.2637 0.9607 0.0868
vn -0.1262 0.9907 -0.0511
vn -0.1262 0.9907 -0.0511
vn -0.1262 0.9907 -0.0511
vn 0.7967 -0.5717 0.1960
vn 0.7967 -0.5717 0.1960
vn 0.7967 -0.5717 0.1960
vn 0.4815 0.0451 0.8753
vn 0.4815 0.0451 0.8753
vn 0.4815 0.0451 0.8753
vn -0.0302 0.3242 0.9455
vn -0.0302 0.3242 0.9455
vn -0.0302 0.3242 0.9455
vn -0.0014 0.9843 0.1766
vn -0.0014 0.9843 0.1766
vn -0.0014 0.9843 0.1766
vn -0.5652 0.8051 0.1796
vn -0.5652 0.8051 0.1796
vn -0.5652 0.8051 0.1796
vn 0.8831 -0.0423 0.4673
vn 0.8831 -0.0423 0.4673
vn 0.8831 -0.0423 0.4673
vn 0.3195 0.4791 0.8175
vn 0.3195 0.4791 0.8175
vn 0.3195 0.4791 0.8175
vn 0.1289 0.5024 0.8550
vn 0.1289 0.5024 0.8550
vn 0.1289 0.5024 0.8550
vn -0.0803 0.7615 0.6432
vn -0.0803 0.7615 0.6432
vn -0.0803 0.7615 0.6432
vn 0.3307 -0.8199 -0.4674
vn 0.3307 -0.8199 -0.4674
vn 0.3307 -0.8199 -0.4674
vn -0.2357 -0.7945 -0.5596
vn -0.2357 -0.7945 -0.5596
vn -0.2357 -0.7945 -0.5596
vn 0.0000 1.0000 -0.0000
vn 0.0000 1.0000 -0.0000
vn 0.0000 1.0000 -0.0000
vn 0.0000 1.0000 -0.0000
vn 0.1741 0.4403 0.8808
vn 0.1741 0.4403 0.8808
vn 0.1741 0.4403 0.8808
vn 0.1741 0.4403 0.8808
vn 0.7071 -0.0000 0.7071
vn 0.7071 -0.0000 0.7071
vn 0.7071 -0.0000 0.7071
vn 0.7071 -0.0000 0.7071
vn -0.3335 0.8432 -0.4216
vn -0.3335 0.8432 -0.4216
vn -0.3335 0.8432 -0.4216
vn -0.3335 0.8432 -0.4216
vn 0.5228 -0.8087 -0.2696
vn 0.5228 -0.8087 -0.2696
vn 0.5228 -0.8087 -0.2696
vn 0.5228 -0.8087 -0.2696
vn -0.2004 -0.3099 0.9294
vn -0.2004 -0.3099 0.9294
vn -0.2004 -0.3099 0.9294
vn -0.2004 -0.3099 0.9294
vn -0.0000 -0.7071 0.7071
vn -0.0000 -0.7071 0.7071
vn -0.0000 -0.7071 0.7071
vn -0.0000 -0.7071 0.7071
vn -0.0000 -0.7071 0.7071
vn 0.9138 -0.2159 0.3441
vn 0.9138 -0.2159 0.3441
vn 0.9138 -0.2159 0.3441
vn 0.4027 0.0306 0.9148
vn 0.4027 0.0306 0.9148
vn 0.4027 0.0306 0.9148
vn -0.0660 0.7344 0.6755
vn -0.0660 0.7344 0.6755
vn -0.0660 0.7344 0.6755
vn -0.3446 0.9020 0.2602
vn -0.3446 0.9020 0.2602
vn -0.3446 0.9020 0.2602
vn -0.0000 -0.7071 0.7071
vn -0.0000 -0.7071 0.7071
vn -0.0000 -0.7071 0.7071
vn -0.0000 -0.7071 0.7071
vn -0.0000 -0.7071 0.7071
vn 0.9138 -0.2159 0.3441
vn 0.9138 -0.2159 0.3441
vn 0.9138 -0.2159 0.3441
vn 0.4027 0.0306 0.9148
vn 0.4027 0.0306 0.9148
vn 0.4027 0.0306 0.9148
vn -0.0660 0.7344 0.6755
vn -0.0660 0.7344 0.6755
vn -0.0660 0.7344 0.6755
vn -0.3446 0.9020 0.2602
vn -0.3446 0.9020 0.2602
vn -0.3446 0.9020 0.2602
f 1658//1658 1660//1660 1659//1659
f 1658//1658 1659//1659 1661//1661
f 1662//1662 1664//1664 1663//1663
f 1662//1662 1663//1663 1665//1665
f 1666//1666 1668//1668 1667//1667
f 1666//1666 1667//1667 1669//1669
f 1670//1670 1672//1672 1671//1671
f 1670//1670 1671//1671 1673//1673
f 1674//1674 1676//1676 1675//1675
f 1674//1674 1675//1675 1677//1677
f 1678//1678 1680//1680 1679//1679
f 1681//1681 1683//1683 1682//1682
f 1684//1684 1686//1686 1685//1685
f 1687//1687 1689//1689 1688//1688
f 1690//1690 1692//1692 1691//1691
f 1693//1693 1695//1695 1694//1694
f 1696//1696 1698//1698 1697//1697
f 1699//1699 1701//1701 1700//1700
f 1702//1702 1704//1704 1703//1703
f 1702//1702 1703//1703 1705//1705
f 1706//1706 1708//1708 1707//1707
f 1706//1706 1707//1707 1709//1709
f 1710//1710 1712//1712 1711//1711
f 1710//1710 1711//1711 1713//1713
f 1714//1714 1716//1716 1715//1715
f 1714//1714 1715//1715 1717//1717
f 1718//1718 1720//1720 1719//1719
f 1718//1718 1719//1719 1721//1721
f 1722//1722 1724//1724 1723//1723
f 1722//1722 1723//1723 1725//1725
f 1726//1726 1728//1728 1727//1727
f 1726//1726 1727//1727 1729//1729
f 1730//1730 1732//1732 1731//1731
f 1730//1730 1731//1731 1733//1733
f 1734//1734 1736//1736 1735//1735
f 1734//1734 1735//1735 1737//1737
f 1738//1738 1740//1740 1739//1739
f 1738//1738 1739//1739 1741//1741
f 1742//1742 1744//1744 1743//1743
f 1742//1742 1743//1743 1745//1745
f 1746//1746 1748//1748 1747//1747
f 1746//1746 1747//1747 1749//1749
f 1750//1750 1752//1752 1751//1751
f 1750//1750 1751//1751 1753//1753
f 1754//1754 1756//1756 1755//1755
f 1754//1754 1755//1755 1757//1757
f 1758//1758 1760//1760 1759//1759
f 1758//1758 1759//1759 1761//1761
f 1762//1762 1764//1764 1763//1763
f 1762//1762 1763//1763 1765//1765
f 1766//1766 1768//1768 1767//1767
f 1766//1766 1767//1767 1769//1769
f 1770//1770 1772//1772 1771//1771
f 1770//1770 1771//1771 1773//1773
f 1774//1774 1776//1776 1775//1775
f 1777//1777 1779//1779 1778//1778
f 1780//1780 1782//1782 1781//1781
f 1783//1783 1785//1785 1784//1784
f 1786//1786 1788//1788 1787//1787
f 1789//1789 1791//1791 1790//1790
f 1792//1792 1794//1794 1793//1793
f 1795//1795 1797//1797 1796//1796
f 1798//1798 1800//1800 1799//1799
f 1798//1798 1799//1799 1801//1801
f 1802//1802 1804//1804 1803//1803
f 1802//1802 1803//1803 1805//1805
f 1806//1806 1808//1808 1807//1807
f 1806//1806 1807//1807 1809//1809
f 1810//1810 1812//1812 1811//1811
f 1810//1810 1811//1811 1813//1813
f 1814//1814 1816//1816 1815//1815
f 1814//1814 1815//1815 1817//1817
f 1818//1818 1820//1820 1819//1819
f 1818//1818 1819//1819 1821//1821
f 1822//1822 1824//1824 1823//1823
f 1822//1822 1823//1823 1825//1825
f 1826//1826 1828//1828 1827//1827
f 1826//1826 1827//1827 1829//1829
f 1830//1830 1832//1832 1831//1831
f 1830//1830 1831//1831 1833//1833
f 1834//1834 1836//1836 1835//1835
f 1834//1834 1835//1835 1837//1837
f 1838//1838 1840//1840 1839//1839
f 1838//1838 1839//1839 1841//1841
f 1842//1842 1844//1844 1843//1843
f 1842//1842 1843//1843 1845//1845
f 1846//1846 1848//1848 1847//1847
f 1846//1846 1847//1847 1849//1849
f 1850//1850 1852//1852 1851//1851
f 1850//1850 1851//1851 1853//1853
f 1854//1854 1856//1856 1855//1855
f 1854//1854 1855//1855 1857//1857
f 1858//1858 1860//1860 1859//1859
f 1858//1858 1859//1859 1861//1861
f 1862//1862 1864//1864 1863//1863
f 1862//1862 1863//1863 1865//1865
f 1866//1866 1868//1868 1867//1867
f 1866//1866 1867//1867 1869//1869
f 1870//1870 1872//1872 1871//1871
f 1873//1873 1875//1875 1874//1874
f 1876//1876 1878//1878 1877//1877
f 1879//1879 1881//1881 1880//1880
f 1882//1882 1884//1884 1883//1883
f 1885//1885 1887//1887 1886//1886
f 1888//1888 1890//1890 1889//1889
f 1891//1891 1893//1893 1892//1892
f 1894//1894 1896//1896 1895//1895
f 1894//1894 1895//1895 1897//1897
f 1898//1898 1900//1900 1899//1899
f 1898//1898 1899//1899 1901//1901
f 1902//1902 1904//1904 1903//1903
f 1902//1902 1903//1903 1905//1905
f 1906//1906 1908//1908 1907//1907
f 1906//1906 1907//1907 1909//1909
f 1910//1910 1912//1912 1911//1911
f 1910//1910 1911//1911 1913//1913
f 1914//1914 1916//1916 1915//1915
f 1914//1914 1915//1915 1917//1917
f 1918//1918 1920//1920 1919//1919
f 1918//1918 1919//1919 1921//1921
f 1922//1922 1924//1924 1923//1923
f 1922//1922 1923//1923 1925//1925
f 1926//1926 1928//1928 1927//1927
f 1926//1926 1927//1927 1929//1929
f 1930//1930 1932//1932 1931//1931
f 1930//1930 1931//1931 1933//1933
f 1934//1934 1936//1936 1935//1935
f 1934//1934 1935//1935 1937//1937
f 1938//1938 1940//1940 1939//1939
f 1938//1938 1939//1939 1941//1941
f 1942//1942 1944//1944 1943//1943
f 1942//1942 1943//1943 1945//1945
f 1946//1946 1948//1948 1947//1947
f 1946//1946 1947//1947 1949//1949
f 1950//1950 1952//1952 1951//1951
f 1950//1950 1951//1951 1953//1953
f 1954//1954 1956//1956 1955//1955
f 1954//1954 1955//1955 1957//1957
f 1958//1958 1960//1960 1959//1959
f 1958//1958 1959//1959 1961//1961
f 1962//1962 1964//1964 1963//1963
f 1962//1962 1963//1963 1965//1965
f 1966//1966 1968//1968 1967//1967
f 1969//1969 1971//1971 1970//1970
f 1972//1972 1974//1974 1973//1973
f 1975//1975 1977//1977 1976//1976
f 1978//1978 1980//1980 1979//1979
f 1981//1981 1983//1983 1982//1982
f 1984//1984 1986//1986 1985//1985
f 1987//1987 1989//1989 1988//1988
f 1990//1990 1992//1992 1991//1991
f 1990//1990 1991//1991 1993//1993
f 1994//1994 1996//1996 1995//1995
f 1994//1994 1995//1995 1997//1997
f 1998//1998 2000//2000 1999//1999
f 1998//1998 1999//1999 2001//2001
f 2002//2002 2004//2004 2003//2003
f 2002//2002 2003//2003 2005//2005
f 2006//2006 2008//2008 2007//2007
f 2006//2006 2007//2007 2009//2009
f 2010//2010 2012//2012 2011//2011
f 2010//2010 2011//2011 2013//2013
f 2014//2014 2016//2016 2015//2015
f 2014//2014 2015//2015 2017//2017
f 2018//2018 2020//2020 2019//2019
f 2018//2018 2019//2019 2021//2021
f 2022//2022 2024//2024 2023//2023
f 2022//2022 2023//2023 2025//2025
f 2026//2026 2028//2028 2027//2027
f 2026//2026 2027//2027 2029//2029
f 2030//2030 2032//2032 2031//2031
f 2030//2030 2031//2031 2033//2033
f 2034//2034 2036//2036 2035//2035
f 2034//2034 2035//2035 2037//2037
f 2038//2038 2040//2040 2039//2039
f 2038//2038 2039//2039 2041//2041
f 1538//1538 1540//1540 1539//1539
f 1538//1538 1539//1539 1541//1541
f 1542//1542 1544//1544 1543//1543
f 1542//1542 1543//1543 1545//1545
f 1546//1546 1548//1548 1547//1547
f 1546//1546 1547//1547 1549//1549
f 1550//1550 1552//1552 1551//1551
f 1550//1550 1551//1551 1553//1553
f 1554//1554 1556//1556 1555//1555
f 1554//1554 1555//1555 1557//1557
f 1558//1558 1560//1560 1559//1559
f 1561//1561 1563//1563 1562//1562
f 1564//1564 1566//1566 1565//1565
f 1567//1567 1569//1569 1568//1568
f 1570//1570 1572//1572 1571//1571
f 1573//1573 1575//1575 1574//1574
f 1576//1576 1578//1578 1577//1577
f 1579//1579 1581//1581 1580//1580
f 1582//1582 1584//1584 1583//1583
f 1582//1582 1583//1583 1585//1585
f 1586//1586 1588//1588 1587//1587
f 1586//1586 1587//1587 1589//1589
f 1590//1590 1592//1592 1591//1591
f 1590//1590 1591//1591 1593//1593
f 1594//1594 1596//1596 1595//1595
f 1594//1594 1595//1595 1597//1597
f 1598//1598 1600//1600 1599//1599
f 1598//1598 1599//1599 1601//1601
f 1602//1602 1604//1604 1603//1603
f 1602//1602 1603//1603 1605//1605
f 1606//1606 1608//1608 1607//1607
f 1606//1606 1607//1607 1609//1609
f 1610//1610 1612//1612 1611//1611
f 1610//1610 1611//1611 1613//1613
f 1614//1614 1616//1616 1615//1615
f 1614//1614 1615//1615 1617//1617
f 1618//1618 1620//1620 1619//1619
f 1618//1618 1619//1619 1621//1621
f 1622//1622 1624//1624 1623//1623
f 1622//1622 1623//1623 1625//1625
f 1626//1626 1628//1628 1627//1627
f 1626//1626 1627//1627 1629//1629
f 1630//1630 1632//1632 1631//1631
f 1630//1630 1631//1631 1633//1633
f 2042//2042 2044//2044 2043//2043
f 2045//2045 2047//2047 2046//2046
f 2048//2048 2050//2050 2049//2049
f 2051//2051 2053//2053 2052//2052
f 2054//2054 2056//2056 2055//2055
f 2057//2057 2059//2059 2058//2058
f 2060//2060 2062//2062 2061//2061
f 2063//2063 2065//2065 2064//2064
f 2066//2066 2068//2068 2067//2067
f 2069//2069 2071//2071 2070//2070
f 2072//2072 2074//2074 2073//2073
f 2075//2075 2077//2077 2076//2076
f 2078//2078 2080//2080 2079//2079
f 2081//2081 2083//2083 2082//2082
f 2084//2084 2086//2086 2085//2085
f 2087//2087 2089//2089 2088//2088
f 2090//2090 2092//2092 2091//2091
f 2093//2093 2095//2095 2094//2094
f 2096//2096 2098//2098 2097//2097
f 2099//2099 2101//2101 2100//2100
f 2102//2102 2104//2104 2103//2103
f 2105//2105 2107//2107 2106//2106
f 2108//2108 2110//2110 2109//2109
f 2111//2111 2113//2113 2112//2112
f 2114//2114 2116//2116 2115//2115
f 2117//2117 2119//2119 2118//2118
f 2120//2120 2122//2122 2121//2121
f 2123//2123 2125//2125 2124//2124
f 2126//2126 2128//2128 2127//2127
f 2129//2129 2131//2131 2130//2130
f 2132//2132 2134//2134 2133//2133
f 2135//2135 2137//2137 2136//2136
f 2138//2138 2140//2140 2139//2139
f 2141//2141 2143//2143 2142//2142
f 2144//2144 2146//2146 2145//2145
f 2147//2147 2149//2149 2148//2148
f 2150//2150 2152//2152 2151//2151
f 2153//2153 2155//2155 2154//2154
f 2156//2156 2158//2158 2157//2157
f 2159//2159 2161//2161 2160//2160
f 1634//1634 1636//1636 1635//1635
f 1634//1634 1635//1635 1637//1637
f 1638//1638 1640//1640 1639//1639
f 1638//1638 1639//1639 1641//1641
f 1642//1642 1644//1644 1643//1643
f 1642//1642 1643//1643 1645//1645
f 1646//1646 1648//1648 1647//1647
f 1646//1646 1647//1647 1649//1649
f 1650//1650 1652//1652 1651//1651
f 1650//1650 1651//1651 1653//1653
f 1654//1654 1656//1656 1655//1655
f 1654//1654 1655//1655 1657//1657
f 2162//2162 2164//2164 2163//2163
f 2162//2162 2163//2163 2165//2165
f 2166//2166 2168//2168 2167//2167
f 2166//2166 2167//2167 2169//2169
f 2170//2170 2172//2172 2171//2171
f 2170//2170 2171//2171 2173//2173
f 2174//2174 2176//2176 2175//2175
f 2174//2174 2175//2175 2177//2177
f 2178//2178 2180//2180 2179//2179
f 2178//2178 2179//2179 2181//2181
f 2182//2182 2184//2184 2183//2183
f 2182//2182 2183//2183 2185//2185
f 2186//2186 2188//2188 2187//2187
f 2186//2186 2187//2187 2189//2189
f 2186//2186 2190//2190 2188//2188
f 2186//2186 2189//2189 2190//2190
f 2191//2191 2193//2193 2192//2192
f 2194//2194 2196//2196 2195//2195
f 2197//2197 2199//2199 2198//2198
f 2200//2200 2202//2202 2201//2201
f 2203//2203 2205//2205 2204//2204
f 2203//2203 2204//2204 2206//2206
f 2203//2203 2207//2207 2205//2205
f 2203//2203 2206//2206 2207//2207
f 2208//2208 2210//2210 2209//2209
f 2211//2211 2213//2213 2212//2212
f 2214//2214 2216//2216 2215//2215
f 2217//2217 2219//2219 2218//2218
g horse_horse_dark
usemtl horse_dark
v -0.01586 0.26556 0.13187
v -0.01586 0.43594 0.18533
v -0.01586 0.41806 0.21727
v -0.01586 0.28344 0.09993
v -0.01586 0.28344 0.09993
v 0.01586 0.43594 0.18533
v -0.01586 0.43594 0.18533
v 0.01586 0.28344 0.09993
v 0.01586 0.28344 0.09993
v 0.01586 0.41806 0.21727
v 0.01586 0.43594 0.18533
v 0.01586 0.26556 0.13187
v 0.01586 0.26556 0.13187
v -0.01586 0.41806 0.21727
v 0.01586 0.41806 0.21727
v -0.01586 0.26556 0.13187
v -0.01586 0.28344 0.09993
v 0.01586 0.26556 0.13187
v 0.01586 0.28344 0.09993
v -0.01586 0.26556 0.13187
v 0.01586 0.43594 0.18533
v -0.01586 0.41806 0.21727
v -0.01586 0.43594 0.18533
v 0.01586 0.41806 0.21727
v 0.02074 0.25615 -0.18759
v 0.02074 0.09155 -0.28211
v 0.02074 0.07925 -0.24249
v 0.02074 0.26845 -0.22721
v 0.02074 0.26845 -0.22721
v -0.02074 0.09155 -0.28211
v 0.02074 0.09155 -0.28211
v -0.02074 0.26845 -0.22721
v -0.02074 0.26845 -0.22721
v -0.02074 0.07925 -0.24249
v -0.02074 0.09155 -0.28211
v -0.02074 0.25615 -0.18759
v -0.02074 0.25615 -0.18759
v 0.02074 0.07925 -0.24249
v -0.02074 0.07925 -0.24249
v 0.02074 0.25615 -0.18759
v 0.02074 0.26845 -0.22721
v -0.02074 0.25615 -0.18759
v -0.02074 0.26845 -0.22721
v 0.02074 0.25615 -0.18759
v -0.02074 0.09155 -0.28211
v 0.02074 0.07925 -0.24249
v 0.02074 0.09155 -0.28211
v -0.02074 0.07925 -0.24249
v -0.02806 0.00488 0.15616
v -0.06466 0.02440 0.15616
v -0.02806 0.02440 0.15616
v -0.06466 0.00488 0.15616
v -0.02318 0.00488 0.10492
v -0.02318 0.02440 0.15128
v -0.02318 0.02440 0.10492
v -0.02318 0.00488 0.15128
v -0.02806 0.02928 0.10492
v -0.06466 0.02928 0.15128
v -0.06466 0.02928 0.10492
v -0.02806 0.02928 0.15128
v -0.06954 0.00488 0.15128
v -0.06954 0.02440 0.10492
v -0.06954 0.02440 0.15128
v -0.06954 0.00488 0.10492
v -0.06466 0.00488 0.10004
v -0.02806 0.02440 0.10004
v -0.06466 0.02440 0.10004
v -0.02806 0.00488 0.10004
v -0.06466 0.00000 0.15128
v -0.06954 0.00488 0.15128
v -0.06466 0.00488 0.15616
v -0.06466 0.02440 0.15616
v -0.06954 0.02440 0.15128
v -0.06466 0.02928 0.15128
v -0.06466 0.00000 0.10492
v -0.06466 0.00488 0.10004
v -0.06954 0.00488 0.10492
v -0.06466 0.02928 0.10492
v -0.06954 0.02440 0.10492
v -0.06466 0.02440 0.10004
v -0.02806 0.00000 0.15128
v -0.02806 0.00488 0.15616
v -0.02318 0.00488 0.15128
v -0.02806 0.02928 0.15128
v -0.02318 0.02440 0.15128
v -0.02806 0.02440 0.15616
v -0.02806 0.00000 0.10492
v -0.02318 0.00488 0.10492
v -0.02806 0.00488 0.10004
v -0.02806 0.02928 0.10492
v -0.02806 0.02440 0.10004
v -0.02318 0.02440 0.10492
v -0.06466 0.00000 0.10492
v -0.06954 0.00488 0.15128
v -0.06466 0.00000 0.15128
v -0.06954 0.00488 0.10492
v -0.06466 0.00488 0.15616
v -0.06954 0.02440 0.15128
v -0.06466 0.02440 0.15616
v -0.06954 0.00488 0.15128
v -0.06466 0.02928 0.15128
v -0.06954 0.02440 0.10492
v -0.06466 0.02928 0.10492
v -0.06954 0.02440 0.15128
v -0.06466 0.02440 0.10004
v -0.06954 0.00488 0.10492
v -0.06466 0.00488 0.10004
v -0.06954 0.02440 0.10492
v -0.02806 0.00000 0.10492
v -0.06466 0.00488 0.10004
v -0.06466 0.00000 0.10492
v -0.02806 0.00488 0.10004
v -0.06466 0.02928 0.10492
v -0.02806 0.02440 0.10004
v -0.02806 0.02928 0.10492
v -0.06466 0.02440 0.10004
v -0.02318 0.02440 0.10492
v -0.02806 0.00488 0.10004
v -0.02318 0.00488 0.10492
v -0.02806 0.02440 0.10004
v -0.02806 0.00000 0.15128
v -0.02318 0.00488 0.10492
v -0.02806 0.00000 0.10492
v -0.02318 0.00488 0.15128
v -0.02806 0.02928 0.10492
v -0.02318 0.02440 0.15128
v -0.02806 0.02928 0.15128
v -0.02318 0.02440 0.10492
v -0.02806 0.02440 0.15616
v -0.02318 0.00488 0.15128
v -0.02806 0.00488 0.15616
v -0.02318 0.02440 0.15128
v -0.06466 0.00000 0.15128
v -0.02806 0.00488 0.15616
v -0.02806 0.00000 0.15128
v -0.06466 0.00488 0.15616
v -0.02806 0.02928 0.15128
v -0.06466 0.02440 0.15616
v -0.06466 0.02928 0.15128
v -0.02806 0.02440 0.15616
v -0.06466 0.00000 0.10492
v -0.02806 0.00000 0.15128
v -0.02806 0.00000 0.10492
v -0.06466 0.00000 0.15128
v -0.02806 0.00488 -0.10004
v -0.06466 0.02440 -0.10004
v -0.02806 0.02440 -0.10004
v -0.06466 0.00488 -0.10004
v -0.02318 0.00488 -0.15128
v -0.02318 0.02440 -0.10492
v -0.02318 0.02440 -0.15128
v -0.02318 0.00488 -0.10492
v -0.02806 0.02928 -0.15128
v -0.06466 0.02928 -0.10492
v -0.06466 0.02928 -0.15128
v -0.02806 0.02928 -0.10492
v -0.06954 0.00488 -0.10492
v -0.06954 0.02440 -0.15128
v -0.06954 0.02440 -0.10492
v -0.06954 0.00488 -0.15128
v -0.06466 0.00488 -0.15616
v -0.02806 0.02440 -0.15616
v -0.06466 0.02440 -0.15616
v -0.02806 0.00488 -0.15616
v -0.06466 0.00000 -0.10492
v -0.06954 0.00488 -0.10492
v -0.06466 0.00488 -0.10004
v -0.06466 0.02440 -0.10004
v -0.06954 0.02440 -0.10492
v -0.06466 0.02928 -0.10492
v -0.06466 0.00000 -0.15128
v -0.06466 0.00488 -0.15616
v -0.06954 0.00488 -0.15128
v -0.06466 0.02928 -0.15128
v -0.06954 0.02440 -0.15128
v -0.06466 0.02440 -0.15616
v -0.02806 0.00000 -0.10492
v -0.02806 0.00488 -0.10004
v -0.02318 0.00488 -0.10492
v -0.02806 0.02928 -0.10492
v -0.02318 0.02440 -0.10492
v -0.02806 0.02440 -0.10004
v -0.02806 0.00000 -0.15128
v -0.02318 0.00488 -0.15128
v -0.02806 0.00488 -0.15616
v -0.02806 0.02928 -0.15128
v -0.02806 0.02440 -0.15616
v -0.02318 0.02440 -0.15128
v -0.06466 0.00000 -0.15128
v -0.06954 0.00488 -0.10492
v -0.06466 0.00000 -0.10492
v -0.06954 0.00488 -0.15128
v -0.06466 0.00488 -0.10004
v -0.06954 0.02440 -0.10492
v -0.06466 0.02440 -0.10004
v -0.06954 0.00488 -0.10492
v -0.06466 0.02928 -0.10492
v -0.06954 0.02440 -0.15128
v -0.06466 0.02928 -0.15128
v -0.06954 0.02440 -0.10492
v -0.06466 0.02440 -0.15616
v -0.06954 0.00488 -0.15128
v -0.06466 0.00488 -0.15616
v -0.06954 0.02440 -0.15128
v -0.02806 0.00000 -0.15128
v -0.06466 0.00488 -0.15616
v -0.06466 0.00000 -0.15128
v -0.02806 0.00488 -0.15616
v -0.06466 0.02928 -0.15128
v -0.02806 0.02440 -0.15616
v -0.02806 0.02928 -0.15128
v -0.06466 0.02440 -0.15616
v -0.02318 0.02440 -0.15128
v -0.02806 0.00488 -0.15616
v -0.02318 0.00488 -0.15128
v -0.02806 0.02440 -0.15616
v -0.02806 0.00000 -0.10492
v -0.02318 0.00488 -0.15128
v -0.02806 0.00000 -0.15128
v -0.02318 0.00488 -0.10492
v -0.02806 0.02928 -0.15128
v -0.02318 0.02440 -0.10492
v -0.02806 0.02928 -0.10492
v -0.02318 0.02440 -0.15128
v -0.02806 0.02440 -0.10004
v -0.02318 0.00488 -0.10492
v -0.02806 0.00488 -0.10004
v -0.02318 0.02440 -0.10492
v -0.06466 0.00000 -0.10492
v -0.02806 0.00488 -0.10004
v -0.02806 0.00000 -0.10492
v -0.06466 0.00488 -0.10004
v -0.02806 0.02928 -0.10492
v -0.06466 0.02440 -0.10004
v -0.06466 0.02928 -0.10492
v -0.02806 0.02440 -0.10004
v -0.06466 0.00000 -0.15128
v -0.02806 0.00000 -0.10492
v -0.02806 0.00000 -0.15128
v -0.06466 0.00000 -0.10492
v 0.06466 0.00488 0.15616
v 0.02806 0.02440 0.15616
v 0.06466 0.02440 0.15616
v 0.02806 0.00488 0.15616
v 0.06954 0.00488 0.10492
v 0.06954 0.02440 0.15128
v 0.06954 0.02440 0.10492
v 0.06954 0.00488 0.15128
v 0.06466 0.02928 0.10492
v 0.02806 0.02928 0.15128
v 0.02806 0.02928 0.10492
v 0.06466 0.02928 0.15128
v 0.02318 0.00488 0.15128
v 0.02318 0.02440 0.10492
v 0.02318 0.02440 0.15128
v 0.02318 0.00488 0.10492
v 0.02806 0.00488 0.10004
v 0.06466 0.02440 0.10004
v 0.02806 0.02440 0.10004
v 0.06466 0.00488 0.10004
v 0.02806 0.00000 0.15128
v 0.02318 0.00488 0.15128
v 0.02806 0.00488 0.15616
v 0.02806 0.02440 0.15616
v 0.02318 0.02440 0.15128
v 0.02806 0.02928 0.15128
v 0.02806 0.00000 0.10492
v 0.02806 0.00488 0.10004
v 0.02318 0.00488 0.10492
v 0.02806 0.02928 0.10492
v 0.02318 0.02440 0.10492
v 0.02806 0.02440 0.10004
v 0.06466 0.00000 0.15128
v 0.06466 0.00488 0.15616
v 0.06954 0.00488 0.15128
v 0.06466 0.02928 0.15128
v 0.06954 0.02440 0.15128
v 0.06466 0.02440 0.15616
v 0.06466 0.00000 0.10492
v 0.06954 0.00488 0.10492
v 0.06466 0.00488 0.10004
v 0.06466 0.02928 0.10492
v 0.06466 0.02440 0.10004
v 0.06954 0.02440 0.10492
v 0.02806 0.00000 0.10492
v 0.02318 0.00488 0.15128
v 0.02806 0.00000 0.15128
v 0.02318 0.00488 0.10492
v 0.02806 0.00488 0.15616
v 0.02318 0.02440 0.15128
v 0.02806 0.02440 0.15616
v 0.02318 0.00488 0.15128
v 0.02806 0.02928 0.15128
v 0.02318 0.02440 0.10492
v 0.02806 0.02928 0.10492
v 0.02318 0.02440 0.15128
v 0.02806 0.02440 0.10004
v 0.02318 0.00488 0.10492
v 0.02806 0.00488 0.10004
v 0.02318 0.02440 0.10492
v 0.06466 0.00000 0.10492
v 0.02806 0.00488 0.10004
v 0.02806 0.00000 0.10492
v 0.06466 0.00488 0.10004
v 0.02806 0.02928 0.10492
v 0.06466 0.02440 0.10004
v 0.06466 0.02928 0.10492
v 0.02806 0.02440 0.10004
v 0.06954 0.02440 0.10492
v 0.06466 0.00488 0.10004
v 0.06954 0.00488 0.10492
v 0.06466 0.02440 0.10004
v 0.06466 0.00000 0.15128
v 0.06954 0.00488 0.10492
v 0.06466 0.00000 0.10492
v 0.06954 0.00488 0.15128
v 0.06466 0.02928 0.10492
v 0.06954 0.02440 0.15128
v 0.06466 0.02928 0.15128
v 0.06954 0.02440 0.10492
v 0.06466 0.02440 0.15616
v 0.06954 0.00488 0.15128
v 0.06466 0.00488 0.15616
v 0.06954 0.02440 0.15128
v 0.02806 0.00000 0.15128
v 0.06466 0.00488 0.15616
v 0.06466 0.00000 0.15128
v 0.02806 0.00488 0.15616
v 0.06466 0.02928 0.15128
v 0.02806 0.02440 0.15616
v 0.02806 0.02928 0.15128
v 0.06466 0.02440 0.15616
v 0.02806 0.00000 0.10492
v 0.06466 0.00000 0.15128
v 0.06466 0.00000 0.10492
v 0.02806 0.00000 0.15128
v 0.06466 0.00488 -0.10004
v 0.02806 0.02440 -0.10004
v 0.06466 0.02440 -0.10004
v 0.02806 0.00488 -0.10004
v 0.06954 0.00488 -0.15128
v 0.06954 0.02440 -0.10492
v 0.06954 0.02440 -0.15128
v 0.06954 0.00488 -0.10492
v 0.06466 0.02928 -0.15128
v 0.02806 0.02928 -0.10492
v 0.02806 0.02928 -0.15128
v 0.06466 0.02928 -0.10492
v 0.02318 0.00488 -0.10492
v 0.02318 0.02440 -0.15128
v 0.02318 0.02440 -0.10492
v 0.02318 0.00488 -0.15128
v 0.02806 0.00488 -0.15616
v 0.06466 0.02440 -0.15616
v 0.02806 0.02440 -0.15616
v 0.06466 0.00488 -0.15616
v 0.02806 0.00000 -0.10492
v 0.02318 0.00488 -0.10492
v 0.02806 0.00488 -0.10004
v 0.02806 0.02440 -0.10004
v 0.02318 0.02440 -0.10492
v 0.02806 0.02928 -0.10492
v 0.02806 0.00000 -0.15128
v 0.02806 0.00488 -0.15616
v 0.02318 0.00488 -0.15128
v 0.02806 0.02928 -0.15128
v 0.02318 0.02440 -0.15128
v 0.02806 0.02440 -0.15616
v 0.06466 0.00000 -0.10492
v 0.06466 0.00488 -0.10004
v 0.06954 0.00488 -0.10492
v 0.06466 0.02928 -0.10492
v 0.06954 0.02440 -0.10492
v 0.06466 0.02440 -0.10004
v 0.06466 0.00000 -0.15128
v 0.06954 0.00488 -0.15128
v 0.06466 0.00488 -0.15616
v 0.06466 0.02928 -0.15128
v 0.06466 0.02440 -0.15616
v 0.06954 0.02440 -0.15128
v 0.02806 0.00000 -0.15128
v 0.02318 0.00488 -0.10492
v 0.02806 0.00000 -0.10492
v 0.02318 0.00488 -0.15128
v 0.02806 0.00488 -0.10004
v 0.02318 0.02440 -0.10492
v 0.02806 0.02440 -0.10004
v 0.02318 0.00488 -0.10492
v 0.02806 0.02928 -0.10492
v 0.02318 0.02440 -0.15128
v 0.02806 0.02928 -0.15128
v 0.02318 0.02440 -0.10492
v 0.02806 0.02440 -0.15616
v 0.02318 0.00488 -0.15128
v 0.02806 0.00488 -0.15616
v 0.02318 0.02440 -0.15128
v 0.06466 0.00000 -0.15128
v 0.02806 0.00488 -0.15616
v 0.02806 0.00000 -0.15128
v 0.06466 0.00488 -0.15616
v 0.02806 0.02928 -0.15128
v 0.06466 0.02440 -0.15616
v 0.06466 0.02928 -0.15128
v 0.02806 0.02440 -0.15616
v 0.06954 0.02440 -0.15128
v 0.06466 0.00488 -0.15616
v 0.06954 0.00488 -0.15128
v 0.06466 0.02440 -0.15616
v 0.06466 0.00000 -0.10492
v 0.06954 0.00488 -0.15128
v 0.06466 0.00000 -0.15128
v 0.06954 0.00488 -0.10492
v 0.06466 0.02928 -0.15128
v 0.06954 0.02440 -0.10492
v 0.06466 0.02928 -0.10492
v 0.06954 0.02440 -0.15128
v 0.06466 0.02440 -0.10004
v 0.06954 0.00488 -0.10492
v 0.06466 0.00488 -0.10004
v 0.06954 0.02440 -0.10492
v 0.02806 0.00000 -0.10492
v 0.06466 0.00488 -0.10004
v 0.06466 0.00000 -0.10492
v 0.02806 0.00488 -0.10004
v 0.06466 0.02928 -0.10492
v 0.02806 0.02440 -0.10004
v 0.02806 0.02928 -0.10492
v 0.06466 0.02440 -0.10004
v 0.02806 0.00000 -0.15128
v 0.06466 0.00000 -0.10492
v 0.06466 0.00000 -0.15128
v 0.02806 0.00000 -0.10492
v 0.02074 0.31063 0.35726
v -0.02074 0.32890 0.34299
v 0.02074 0.32890 0.34299
v -0.02074 0.31063 0.35726
v 0.03050 0.28660 0.32649
v 0.03050 0.32289 0.33530
v 0.03050 0.30486 0.31222
v 0.03050 0.30462 0.34957
v 0.02074 0.31255 0.30621
v -0.02074 0.33058 0.32929
v -0.02074 0.31255 0.30621
v 0.02074 0.33058 0.32929
v -0.03050 0.30462 0.34957
v -0.03050 0.30486 0.31222
v -0.03050 0.32289 0.33530
v -0.03050 0.28660 0.32649
v -0.02074 0.28059 0.31880
v 0.02074 0.29885 0.30453
v -0.02074 0.29885 0.30453
v 0.02074 0.28059 0.31880
v -0.02074 0.29693 0.35558
v -0.03050 0.30462 0.34957
v -0.02074 0.31063 0.35726
v -0.02074 0.32890 0.34299
v -0.03050 0.32289 0.33530
v -0.02074 0.33058 0.32929
v -0.02074 0.27891 0.33250
v -0.02074 0.28059 0.31880
v -0.03050 0.28660 0.32649
v -0.02074 0.31255 0.30621
v -0.03050 0.30486 0.31222
v -0.02074 0.29885 0.30453
v 0.02074 0.29693 0.35558
v 0.02074 0.31063 0.35726
v 0.03050 0.30462 0.34957
v 0.02074 0.33058 0.32929
v 0.03050 0.32289 0.33530
v 0.02074 0.32890 0.34299
v 0.02074 0.27891 0.33250
v 0.03050 0.28660 0.32649
v 0.02074 0.28059 0.31880
v 0.02074 0.31255 0.30621
v 0.02074 0.29885 0.30453
v 0.03050 0.30486 0.31222
v -0.02074 0.27891 0.33250
v -0.03050 0.30462 0.34957
v -0.02074 0.29693 0.35558
v -0.03050 0.28660 0.32649
v -0.02074 0.31063 0.35726
v -0.03050 0.32289 0.33530
v -0.02074 0.32890 0.34299
v -0.03050 0.30462 0.34957
v -0.02074 0.33058 0.32929
v -0.03050 0.30486 0.31222
v -0.02074 0.31255 0.30621
v -0.03050 0.32289 0.33530
v -0.02074 0.29885 0.30453
v -0.03050 0.28660 0.32649
v -0.02074 0.28059 0.31880
v -0.03050 0.30486 0.31222
v 0.02074 0.27891 0.33250
v -0.02074 0.28059 0.31880
v -0.02074 0.27891 0.33250
v 0.02074 0.28059 0.31880
v -0.02074 0.31255 0.30621
v 0.02074 0.29885 0.30453
v 0.02074 0.31255 0.30621
v -0.02074 0.29885 0.30453
v 0.03050 0.30486 0.31222
v 0.02074 0.28059 0.31880
v 0.03050 0.28660 0.32649
v 0.02074 0.29885 0.30453
v 0.02074 0.29693 0.35558
v 0.03050 0.28660 0.32649
v 0.02074 0.27891 0.33250
v 0.03050 0.30462 0.34957
v 0.02074 0.31255 0.30621
v 0.03050 0.32289 0.33530
v 0.02074 0.33058 0.32929
v 0.03050 0.30486 0.31222
v 0.02074 0.32890 0.34299
v 0.03050 0.30462 0.34957
v 0.02074 0.31063 0.35726
v 0.03050 0.32289 0.33530
v -0.02074 0.29693 0.35558
v 0.02074 0.31063 0.35726
v 0.02074 0.29693 0.35558
v -0.02074 0.31063 0.35726
v 0.02074 0.33058 0.32929
v -0.02074 0.32890 0.34299
v -0.02074 0.33058 0.32929
v 0.02074 0.32890 0.34299
v -0.02074 0.27891 0.33250
v 0.02074 0.29693 0.35558
v 0.02074 0.27891 0.33250
v -0.02074 0.29693 0.35558
vn -1.0000 0.0000 -0.0000
vn -1.0000 0.0000 -0.0000
vn -1.0000 0.0000 -0.0000
vn -1.0000 0.0000 -0.0000
vn 0.0000 0.4886 -0.8725
vn 0.0000 0.4886 -0.8725
vn 0.0000 0.4886 -0.8725
vn 0.0000 0.4886 -0.8725
vn 1.0000 0.0000 -0.0000
vn 1.0000 0.0000 -0.0000
vn 1.0000 0.0000 -0.0000
vn 1.0000 0.0000 -0.0000
vn -0.0000 -0.4887 0.8725
vn -0.0000 -0.4887 0.8725
vn -0.0000 -0.4887 0.8725
vn -0.0000 -0.4887 0.8725
vn 0.0000 -0.8725 -0.4886
vn 0.0000 -0.8725 -0.4886
vn 0.0000 -0.8725 -0.4886
vn 0.0000 -0.8725 -0.4886
vn -0.0000 0.8725 0.4886
vn -0.0000 0.8725 0.4886
vn -0.0000 0.8725 0.4886
vn -0.0000 0.8725 0.4886
vn 1.0000 0.0000 -0.0000
vn 1.0000 0.0000 -0.0000
vn 1.0000 0.0000 -0.0000
vn 1.0000 0.0000 -0.0000
vn 0.0000 0.2964 -0.9551
vn 0.0000 0.2964 -0.9551
vn 0.0000 0.2964 -0.9551
vn 0.0000 0.2964 -0.9551
vn -1.0000 0.0000 -0.0000
vn -1.0000 0.0000 -0.0000
vn -1.0000 0.0000 -0.0000
vn -1.0000 0.0000 -0.0000
vn -0.0000 -0.2964 0.9551
vn -0.0000 -0.2964 0.9551
vn -0.0000 -0.2964 0.9551
vn -0.0000 -0.2964 0.9551
vn -0.0000 0.9551 0.2964
vn -0.0000 0.9551 0.2964
vn -0.0000 0.9551 0.2964
vn -0.0000 0.9551 0.2964
vn 0.0000 -0.9551 -0.2964
vn 0.0000 -0.9551 -0.2964
vn 0.0000 -0.9551 -0.2964
vn 0.0000 -0.9551 -0.2964
vn -0.0000 -0.0000 1.0000
vn -0.0000 -0.0000 1.0000
vn -0.0000 -0.0000 1.0000
vn -0.0000 -0.0000 1.0000
vn 1.0000 0.0000 -0.0000
vn 1.0000 0.0000 -0.0000
vn 1.0000 0.0000 -0.0000
vn 1.0000 0.0000 -0.0000
vn 0.0000 1.0000 -0.0000
vn 0.0000 1.0000 -0.0000
vn 0.0000 1.0000 -0.0000
vn 0.0000 1.0000 -0.0000
vn -1.0000 0.0000 -0.0000
vn -1.0000 0.0000 -0.0000
vn -1.0000 0.0000 -0.0000
vn -1.0000 0.0000 -0.0000
vn 0.0000 0.0000 -1.0000
vn 0.0000 0.0000 -1.0000
vn 0.0000 0.0000 -1.0000
vn 0.0000 0.0000 -1.0000
vn -0.5774 -0.5773 0.5774
vn -0.5774 -0.5773 0.5774
vn -0.5774 -0.5773 0.5774
vn -0.5774 0.5772 0.5774
vn -0.5774 0.5772 0.5774
vn -0.5774 0.5772 0.5774
vn -0.5774 -0.5773 -0.5774
vn -0.5774 -0.5773 -0.5774
vn -0.5774 -0.5773 -0.5774
vn -0.5774 0.5773 -0.5774
vn -0.5774 0.5773 -0.5774
vn -0.5774 0.5773 -0.5774
vn 0.5774 -0.5774 0.5773
vn 0.5774 -0.5774 0.5773
vn 0.5774 -0.5774 0.5773
vn 0.5774 0.5774 0.5774
vn 0.5774 0.5774 0.5774
vn 0.5774 0.5774 0.5774
vn 0.5773 -0.5774 -0.5774
vn 0.5773 -0.5774 -0.5774
vn 0.5773 -0.5774 -0.5774
vn 0.5773 0.5774 -0.5773
vn 0.5773 0.5774 -0.5773
vn 0.5773 0.5774 -0.5773
vn -0.7071 -0.7071 -0.0001
vn -0.7071 -0.7071 -0.0001
vn -0.7071 -0.7071 -0.0001
vn -0.7071 -0.7071 -0.0001
vn -0.7071 -0.0000 0.7071
vn -0.7071 -0.0000 0.7071
vn -0.7071 -0.0000 0.7071
vn -0.7071 -0.0000 0.7071
vn -0.7071 0.7071 -0.0000
vn -0.7071 0.7071 -0.0000
vn -0.7071 0.7071 -0.0000
vn -0.7071 0.7071 -0.0000
vn -0.7071 0.0000 -0.7071
vn -0.7071 0.0000 -0.7071
vn -0.7071 0.0000 -0.7071
vn -0.7071 0.0000 -0.7071
vn 0.0000 -0.7071 -0.7071
vn 0.0000 -0.7071 -0.7071
vn 0.0000 -0.7071 -0.7071
vn 0.0000 -0.7071 -0.7071
vn 0.0000 0.7071 -0.7071
vn 0.0000 0.7071 -0.7071
vn 0.0000 0.7071 -0.7071
vn 0.0000 0.7071 -0.7071
vn 0.7071 0.0000 -0.7071
vn 0.7071 0.0000 -0.7071
vn 0.7071 0.0000 -0.7071
vn 0.7071 0.0000 -0.7071
vn 0.7071 -0.7071 -0.0000
vn 0.7071 -0.7071 -0.0000
vn 0.7071 -0.7071 -0.0000
vn 0.7071 -0.7071 -0.0000
vn 0.7071 0.7071 0.0000
vn 0.7071 0.7071 0.0000
vn 0.7071 0.7071 0.0000
vn 0.7071 0.7071 0.0000
vn 0.7071 -0.0000 0.7071
vn 0.7071 -0.0000 0.7071
vn 0.7071 -0.0000 0.7071
vn 0.7071 -0.0000 0.7071
vn -0.0000 -0.7071 0.7071
vn -0.0000 -0.7071 0.7071
vn -0.0000 -0.7071 0.7071
vn -0.0000 -0.7071 0.7071
vn -0.0000 0.7071 0.7071
vn -0.0000 0.7071 0.7071
vn -0.0000 0.7071 0.7071
vn -0.0000 0.7071 0.7071
vn 0.0000 -1.0000 -0.0000
vn 0.0000 -1.0000 -0.0000
vn 0.0000 -1.0000 -0.0000
vn 0.0000 -1.0000 -0.0000
vn -0.0000 -0.0000 1.0000
vn -0.0000 -0.0000 1.0000
vn -0.0000 -0.0000 1.0000
vn -0.0000 -0.0000 1.0000
vn 1.0000 0.0000 -0.0000
vn 1.0000 0.0000 -0.0000
vn 1.0000 0.0000 -0.0000
vn 1.0000 0.0000 -0.0000
vn 0.0000 1.0000 -0.0000
vn 0.0000 1.0000 -0.0000
vn 0.0000 1.0000 -0.0000
vn 0.0000 1.0000 -0.0000
vn -1.0000 0.0000 -0.0000
vn -1.0000 0.0000 -0.0000
vn -1.0000 0.0000 -0.0000
vn -1.0000 0.0000 -0.0000
vn 0.0000 0.0000 -1.0000
vn 0.0000 0.0000 -1.0000
vn 0.0000 0.0000 -1.0000
vn 0.0000 0.0000 -1.0000
vn -0.5775 -0.5774 0.5772
vn -0.5775 -0.5774 0.5772
vn -0.5775 -0.5774 0.5772
vn -0.5775 0.5773 0.5773
vn -0.5775 0.5773 0.5773
vn -0.5775 0.5773 0.5773
vn -0.5774 -0.5773 -0.5774
vn -0.5774 -0.5773 -0.5774
vn -0.5774 -0.5773 -0.5774
vn -0.5774 0.5773 -0.5774
vn -0.5774 0.5773 -0.5774
vn -0.5774 0.5773 -0.5774
vn 0.5773 -0.5775 0.5773
vn 0.5773 -0.5775 0.5773
vn 0.5773 -0.5775 0.5773
vn 0.5773 0.5774 0.5774
vn 0.5773 0.5774 0.5774
vn 0.5773 0.5774 0.5774
vn 0.5773 -0.5774 -0.5774
vn 0.5773 -0.5774 -0.5774
vn 0.5773 -0.5774 -0.5774
vn 0.5774 0.5774 -0.5773
vn 0.5774 0.5774 -0.5773
vn 0.5774 0.5774 -0.5773
vn -0.7071 -0.7071 -0.0001
vn -0.7071 -0.7071 -0.0001
vn -0.7071 -0.7071 -0.0001
vn -0.7071 -0.7071 -0.0001
vn -0.7071 -0.0000 0.7071
vn -0.7071 -0.0000 0.7071
vn -0.7071 -0.0000 0.7071
vn -0.7071 -0.0000 0.7071
vn -0.7071 0.7071 -0.0000
vn -0.7071 0.7071 -0.0000
vn -0.7071 0.7071 -0.0000
vn -0.7071 0.7071 -0.0000
vn -0.7071 0.0000 -0.7071
vn -0.7071 0.0000 -0.7071
vn -0.7071 0.0000 -0.7071
vn -0.7071 0.0000 -0.7071
vn 0.0000 -0.7071 -0.7071
vn 0.0000 -0.7071 -0.7071
vn 0.0000 -0.7071 -0.7071
vn 0.0000 -0.7071 -0.7071
vn 0.0000 0.7071 -0.7071
vn 0.0000 0.7071 -0.7071
vn 0.0000 0.7071 -0.7071
vn 0.0000 0.7071 -0.7071
vn 0.7071 0.0000 -0.7071
vn 0.7071 0.0000 -0.7071
vn 0.7071 0.0000 -0.7071
vn 0.7071 0.0000 -0.7071
vn 0.7071 -0.7071 -0.0000
vn 0.7071 -0.7071 -0.0000
vn 0.7071 -0.7071 -0.0000
vn 0.7071 -0.7071 -0.0000
vn 0.7071 0.7071 0.0000
vn 0.7071 0.7071 0.0000
vn 0.7071 0.7071 0.0000
vn 0.7071 0.7071 0.0000
vn 0.7071 -0.0000 0.7071
vn 0.7071 -0.0000 0.7071
vn 0.7071 -0.0000 0.7071
vn 0.7071 -0.0000 0.7071
vn -0.0000 -0.7071 0.7071
vn -0.0000 -0.7071 0.7071
vn -0.0000 -0.7071 0.7071
vn -0.0000 -0.7071 0.7071
vn -0.0000 0.7071 0.7071
vn -0.0000 0.7071 0.7071
vn -0.0000 0.7071 0.7071
vn -0.0000 0.7071 0.7071
vn 0.0000 -1.0000 -0.0000
vn 0.0000 -1.0000 -0.0000
vn 0.0000 -1.0000 -0.0000
vn 0.0000 -1.0000 -0.0000
vn -0.0000 -0.0000 1.0000
vn -0.0000 -0.0000 1.0000
vn -0.0000 -0.0000 1.0000
vn -0.0000 -0.0000 1.0000
vn 1.0000 0.0000 -0.0000
vn 1.0000 0.0000 -0.0000
vn 1.0000 0.0000 -0.0000
vn 1.0000 0.0000 -0.0000
vn 0.0000 1.0000 -0.0000
vn 0.0000 1.0000 -0.0000
vn 0.0000 1.0000 -0.0000
vn 0.0000 1.0000 -0.0000
vn -1.0000 0.0000 -0.0000
vn -1.0000 0.0000 -0.0000
vn -1.0000 0.0000 -0.0000
vn -1.0000 0.0000 -0.0000
vn 0.0000 0.0000 -1.0000
vn 0.0000 0.0000 -1.0000
vn 0.0000 0.0000 -1.0000
vn 0.0000 0.0000 -1.0000
vn -0.5774 -0.5774 0.5772
vn -0.5774 -0.5774 0.5772
vn -0.5774 -0.5774 0.5772
vn -0.5774 0.5774 0.5773
vn -0.5774 0.5774 0.5773
vn -0.5774 0.5774 0.5773
vn -0.5773 -0.5774 -0.5774
vn -0.5773 -0.5774 -0.5774
vn -0.5773 -0.5774 -0.5774
vn -0.5773 0.5774 -0.5774
vn -0.5773 0.5774 -0.5774
vn -0.5773 0.5774 -0.5774
vn 0.5774 -0.5773 0.5774
vn 0.5774 -0.5773 0.5774
vn 0.5774 -0.5773 0.5774
vn 0.5774 0.5772 0.5775
vn 0.5774 0.5772 0.5775
vn 0.5774 0.5772 0.5775
vn 0.5774 -0.5773 -0.5774
vn 0.5774 -0.5773 -0.5774
vn 0.5774 -0.5773 -0.5774
vn 0.5774 0.5773 -0.5773
vn 0.5774 0.5773 -0.5773
vn 0.5774 0.5773 -0.5773
vn -0.7071 -0.7071 -0.0001
vn -0.7071 -0.7071 -0.0001
vn -0.7071 -0.7071 -0.0001
vn -0.7071 -0.7071 -0.0001
vn -0.7071 -0.0000 0.7071
vn -0.7071 -0.0000 0.7071
vn -0.7071 -0.0000 0.7071
vn -0.7071 -0.0000 0.7071
vn -0.7071 0.7071 -0.0000
vn -0.7071 0.7071 -0.0000
vn -0.7071 0.7071 -0.0000
vn -0.7071 0.7071 -0.0000
vn -0.7071 0.0000 -0.7071
vn -0.7071 0.0000 -0.7071
vn -0.7071 0.0000 -0.7071
vn -0.7071 0.0000 -0.7071
vn 0.0000 -0.7071 -0.7071
vn 0.0000 -0.7071 -0.7071
vn 0.0000 -0.7071 -0.7071
vn 0.0000 -0.7071 -0.7071
vn 0.0000 0.7071 -0.7071
vn 0.0000 0.7071 -0.7071
vn 0.0000 0.7071 -0.7071
vn 0.0000 0.7071 -0.7071
vn 0.7071 0.0000 -0.7071
vn 0.7071 0.0000 -0.7071
vn 0.7071 0.0000 -0.7071
vn 0.7071 0.0000 -0.7071
vn 0.7071 -0.7071 -0.0000
vn 0.7071 -0.7071 -0.0000
vn 0.7071 -0.7071 -0.0000
vn 0.7071 -0.7071 -0.0000
vn 0.7071 0.7071 0.0000
vn 0.7071 0.7071 0.0000
vn 0.7071 0.7071 0.0000
vn 0.7071 0.7071 0.0000
vn 0.7071 -0.0000 0.7071
vn 0.7071 -0.0000 0.7071
vn 0.7071 -0.0000 0.7071
vn 0.7071 -0.0000 0.7071
vn -0.0000 -0.7071 0.7071
vn -0.0000 -0.7071 0.7071
vn -0.0000 -0.7071 0.7071
vn -0.0000 -0.7071 0.7071
vn -0.0000 0.7071 0.7071
vn -0.0000 0.7071 0.7071
vn -0.0000 0.7071 0.7071
vn -0.0000 0.7071 0.7071
vn 0.0000 -1.0000 -0.0000
vn 0.0000 -1.0000 -0.0000
vn 0.0000 -1.0000 -0.0000
vn 0.0000 -1.0000 -0.0000
vn -0.0000 -0.0000 1.0000
vn -0.0000 -0.0000 1.0000
vn -0.0000 -0.0000 1.0000
vn -0.0000 -0.0000 1.0000
vn 1.0000 0.0000 -0.0000
vn 1.0000 0.0000 -0.0000
vn 1.0000 0.0000 -0.0000
vn 1.0000 0.0000 -0.0000
vn 0.0000 1.0000 -0.0000
vn 0.0000 1.0000 -0.0000
vn 0.0000 1.0000 -0.0000
vn 0.0000 1.0000 -0.0000
vn -1.0000 0.0000 -0.0000
vn -1.0000 0.0000 -0.0000
vn -1.0000 0.0000 -0.0000
vn -1.0000 0.0000 -0.0000
vn 0.0000 0.0000 -1.0000
vn 0.0000 0.0000 -1.0000
vn 0.0000 0.0000 -1.0000
vn 0.0000 0.0000 -1.0000
vn -0.5774 -0.5775 0.5772
vn -0.5774 -0.5775 0.5772
vn -0.5774 -0.5775 0.5772
vn -0.5774 0.5774 0.5773
vn -0.5774 0.5774 0.5773
vn -0.5774 0.5774 0.5773
vn -0.5773 -0.5773 -0.5774
vn -0.5773 -0.5773 -0.5774
vn -0.5773 -0.5773 -0.5774
vn -0.5774 0.5773 -0.5774
vn -0.5774 0.5773 -0.5774
vn -0.5774 0.5773 -0.5774
vn 0.5774 -0.5774 0.5773
vn 0.5774 -0.5774 0.5773
vn 0.5774 -0.5774 0.5773
vn 0.5774 0.5773 0.5774
vn 0.5774 0.5773 0.5774
vn 0.5774 0.5773 0.5774
vn 0.5774 -0.5773 -0.5774
vn 0.5774 -0.5773 -0.5774
vn 0.5774 -0.5773 -0.5774
vn 0.5774 0.5773 -0.5773
vn 0.5774 0.5773 -0.5773
vn 0.5774 0.5773 -0.5773
vn -0.7071 -0.7071 -0.0001
vn -0.7071 -0.7071 -0.0001
vn -0.7071 -0.7071 -0.0001
vn -0.7071 -0.7071 -0.0001
vn -0.7071 -0.0000 0.7071
vn -0.7071 -0.0000 0.7071
vn -0.7071 -0.0000 0.7071
vn -0.7071 -0.0000 0.7071
vn -0.7071 0.7071 -0.0000
vn -0.7071 0.7071 -0.0000
vn -0.7071 0.7071 -0.0000
vn -0.7071 0.7071 -0.0000
vn -0.7071 0.0000 -0.7071
vn -0.7071 0.0000 -0.7071
vn -0.7071 0.0000 -0.7071
vn -0.7071 0.0000 -0.7071
vn 0.0000 -0.7071 -0.7071
vn 0.0000 -0.7071 -0.7071
vn 0.0000 -0.7071 -0.7071
vn 0.0000 -0.7071 -0.7071
vn 0.0000 0.7071 -0.7071
vn 0.0000 0.7071 -0.7071
vn 0.0000 0.7071 -0.7071
vn 0.0000 0.7071 -0.7071
vn 0.7071 0.0000 -0.7071
vn 0.7071 0.0000 -0.7071
vn 0.7071 0.0000 -0.7071
vn 0.7071 0.0000 -0.7071
vn 0.7071 -0.7071 -0.0000
vn 0.7071 -0.7071 -0.0000
vn 0.7071 -0.7071 -0.0000
vn 0.7071 -0.7071 -0.0000
vn 0.7071 0.7071 0.0000
vn 0.7071 0.7071 0.0000
vn 0.7071 0.7071 0.0000
vn 0.7071 0.7071 0.0000
vn 0.7071 -0.0000 0.7071
vn 0.7071 -0.0000 0.7071
vn 0.7071 -0.0000 0.7071
vn 0.7071 -0.0000 0.7071
vn -0.0000 -0.7071 0.7071
vn -0.0000 -0.7071 0.7071
vn -0.0000 -0.7071 0.7071
vn -0.0000 -0.7071 0.7071
vn -0.0000 0.7071 0.7071
vn -0.0000 0.7071 0.7071
vn -0.0000 0.7071 0.7071
vn -0.0000 0.7071 0.7071
vn 0.0000 -1.0000 -0.0000
vn 0.0000 -1.0000 -0.0000
vn 0.0000 -1.0000 -0.0000
vn 0.0000 -1.0000 -0.0000
vn -0.0000 0.6157 0.7880
vn -0.0000 0.6157 0.7880
vn -0.0000 0.6157 0.7880
vn -0.0000 0.6157 0.7880
vn 1.0000 0.0000 -0.0000
vn 1.0000 0.0000 -0.0000
vn 1.0000 0.0000 -0.0000
vn 1.0000 0.0000 -0.0000
vn 0.0000 0.7880 -0.6157
vn 0.0000 0.7880 -0.6157
vn 0.0000 0.7880 -0.6157
vn 0.0000 0.7880 -0.6157
vn -1.0000 0.0000 -0.0000
vn -1.0000 0.0000 -0.0000
vn -1.0000 0.0000 -0.0000
vn -1.0000 0.0000 -0.0000
vn 0.0000 -0.6157 -0.7880
vn 0.0000 -0.6157 -0.7880
vn 0.0000 -0.6157 -0.7880
vn 0.0000 -0.6157 -0.7880
vn -0.5774 -0.0995 0.8104
vn -0.5774 -0.0995 0.8104
vn -0.5774 -0.0995 0.8104
vn -0.5774 0.8104 0.0995
vn -0.5774 0.8104 0.0995
vn -0.5774 0.8104 0.0995
vn -0.5773 -0.8104 -0.0996
vn -0.5773 -0.8104 -0.0996
vn -0.5773 -0.8104 -0.0996
vn -0.5774 0.0995 -0.8104
vn -0.5774 0.0995 -0.8104
vn -0.5774 0.0995 -0.8104
vn 0.5773 -0.0995 0.8104
vn 0.5773 -0.0995 0.8104
vn 0.5773 -0.0995 0.8104
vn 0.5774 0.8104 0.0996
vn 0.5774 0.8104 0.0996
vn 0.5774 0.8104 0.0996
vn 0.5773 -0.8105 -0.0995
vn 0.5773 -0.8105 -0.0995
vn 0.5773 -0.8105 -0.0995
vn 0.5775 0.0995 -0.8103
vn 0.5775 0.0995 -0.8103
vn 0.5775 0.0995 -0.8103
vn -0.7072 -0.5573 0.4352
vn -0.7072 -0.5573 0.4352
vn -0.7072 -0.5573 0.4352
vn -0.7072 -0.5573 0.4352
vn -0.7072 0.4353 0.5572
vn -0.7072 0.4353 0.5572
vn -0.7072 0.4353 0.5572
vn -0.7072 0.4353 0.5572
vn -0.7071 0.5572 -0.4353
vn -0.7071 0.5572 -0.4353
vn -0.7071 0.5572 -0.4353
vn -0.7071 0.5572 -0.4353
vn -0.7071 -0.4353 -0.5573
vn -0.7071 -0.4353 -0.5573
vn -0.7071 -0.4353 -0.5573
vn -0.7071 -0.4353 -0.5573
vn 0.0000 -0.9925 -0.1219
vn 0.0000 -0.9925 -0.1219
vn 0.0000 -0.9925 -0.1219
vn 0.0000 -0.9925 -0.1219
vn 0.0000 0.1219 -0.9925
vn 0.0000 0.1219 -0.9925
vn 0.0000 0.1219 -0.9925
vn 0.0000 0.1219 -0.9925
vn 0.7071 -0.4353 -0.5572
vn 0.7071 -0.4353 -0.5572
vn 0.7071 -0.4353 -0.5572
vn 0.7071 -0.4353 -0.5572
vn 0.7071 -0.5573 0.4353
vn 0.7071 -0.5573 0.4353
vn 0.7071 -0.5573 0.4353
vn 0.7071 -0.5573 0.4353
vn 0.7071 0.5572 -0.4353
vn 0.7071 0.5572 -0.4353
vn 0.7071 0.5572 -0.4353
vn 0.7071 0.5572 -0.4353
vn 0.7071 0.4353 0.5573
vn 0.7071 0.4353 0.5573
vn 0.7071 0.4353 0.5573
vn 0.7071 0.4353 0.5573
vn -0.0000 -0.1219 0.9925
vn -0.0000 -0.1219 0.9925
vn -0.0000 -0.1219 0.9925
vn -0.0000 -0.1219 0.9925
vn -0.0000 0.9925 0.1219
vn -0.0000 0.9925 0.1219
vn -0.0000 0.9925 0.1219
vn -0.0000 0.9925 0.1219
vn -0.0000 -0.7880 0.6156
vn -0.0000 -0.7880 0.6156
vn -0.0000 -0.7880 0.6156
vn -0.0000 -0.7880 0.6156
f 2268//2268 2270//2270 2269//2269
f 2268//2268 2269//2269 2271//2271
f 2272//2272 2274//2274 2273//2273
f 2272//2272 2273//2273 2275//2275
f 2276//2276 2278//2278 2277//2277
f 2276//2276 2277//2277 2279//2279
f 2280//2280 2282//2282 2281//2281
f 2280//2280 2281//2281 2283//2283
f 2284//2284 2286//2286 2285//2285
f 2284//2284 2285//2285 2287//2287
f 2288//2288 2290//2290 2289//2289
f 2291//2291 2293//2293 2292//2292
f 2294//2294 2296//2296 2295//2295
f 2297//2297 2299//2299 2298//2298
f 2300//2300 2302//2302 2301//2301
f 2303//2303 2305//2305 2304//2304
f 2306//2306 2308//2308 2307//2307
f 2309//2309 2311//2311 2310//2310
f 2312//2312 2314//2314 2313//2313
f 2312//2312 2313//2313 2315//2315
f 2316//2316 2318//2318 2317//2317
f 2316//2316 2317//2317 2319//2319
f 2320//2320 2322//2322 2321//2321
f 2320//2320 2321//2321 2323//2323
f 2324//2324 2326//2326 2325//2325
f 2324//2324 2325//2325 2327//2327
f 2328//2328 2330//2330 2329//2329
f 2328//2328 2329//2329 2331//2331
f 2332//2332 2334//2334 2333//2333
f 2332//2332 2333//2333 2335//2335
f 2336//2336 2338//2338 2337//2337
f 2336//2336 2337//2337 2339//2339
f 2340//2340 2342//2342 2341//2341
f 2340//2340 2341//2341 2343//2343
f 2344//2344 2346//2346 2345//2345
f 2344//2344 2345//2345 2347//2347
f 2348//2348 2350//2350 2349//2349
f 2348//2348 2349//2349 2351//2351
f 2352//2352 2354//2354 2353//2353
f 2352//2352 2353//2353 2355//2355
f 2356//2356 2358//2358 2357//2357
f 2356//2356 2357//2357 2359//2359
f 2360//2360 2362//2362 2361//2361
f 2360//2360 2361//2361 2363//2363
f 2364//2364 2366//2366 2365//2365
f 2364//2364 2365//2365 2367//2367
f 2368//2368 2370//2370 2369//2369
f 2368//2368 2369//2369 2371//2371
f 2372//2372 2374//2374 2373//2373
f 2372//2372 2373//2373 2375//2375
f 2376//2376 2378//2378 2377//2377
f 2376//2376 2377//2377 2379//2379
f 2380//2380 2382//2382 2381//2381
f 2380//2380 2381//2381 2383//2383
f 2384//2384 2386//2386 2385//2385
f 2387//2387 2389//2389 2388//2388
f 2390//2390 2392//2392 2391//2391
f 2393//2393 2395//2395 2394//2394
f 2396//2396 2398//2398 2397//2397
f 2399//2399 2401//2401 2400//2400
f 2402//2402 2404//2404 2403//2403
f 2405//2405 2407//2407 2406//2406
f 2408//2408 2410//2410 2409//2409
f 2408//2408 2409//2409 2411//2411
f 2412//2412 2414//2414 2413//2413
f 2412//2412 2413//2413 2415//2415
f 2416//2416 2418//2418 2417//2417
f 2416//2416 2417//2417 2419//2419
f 2420//2420 2422//2422 2421//2421
f 2420//2420 2421//2421 2423//2423
f 2424//2424 2426//2426 2425//2425
f 2424//2424 2425//2425 2427//2427
f 2428//2428 2430//2430 2429//2429
f 2428//2428 2429//2429 2431//2431
f 2432//2432 2434//2434 2433//2433
f 2432//2432 2433//2433 2435//2435
f 2436//2436 2438//2438 2437//2437
f 2436//2436 2437//2437 2439//2439
f 2440//2440 2442//2442 2441//2441
f 2440//2440 2441//2441 2443//2443
f 2444//2444 2446//2446 2445//2445
f 2444//2444 2445//2445 2447//2447
f 2448//2448 2450//2450 2449//2449
f 2448//2448 2449//2449 2451//2451
f 2452//2452 2454//2454 2453//2453
f 2452//2452 2453//2453 2455//2455
f 2456//2456 2458//2458 2457//2457
f 2456//2456 2457//2457 2459//2459
f 2460//2460 2462//2462 2461//2461
f 2460//2460 2461//2461 2463//2463
f 2464//2464 2466//2466 2465//2465
f 2464//2464 2465//2465 2467//2467
f 2468//2468 2470//2470 2469//2469
f 2468//2468 2469//2469 2471//2471
f 2472//2472 2474//2474 2473//2473
f 2472//2472 2473//2473 2475//2475
f 2476//2476 2478//2478 2477//2477
f 2476//2476 2477//2477 2479//2479
f 2480//2480 2482//2482 2481//2481
f 2483//2483 2485//2485 2484//2484
f 2486//2486 2488//2488 2487//2487
f 2489//2489 2491//2491 2490//2490
f 2492//2492 2494//2494 2493//2493
f 2495//2495 2497//2497 2496//2496
f 2498//2498 2500//2500 2499//2499
f 2501//2501 2503//2503 2502//2502
f 2504//2504 2506//2506 2505//2505
f 2504//2504 2505//2505 2507//2507
f 2508//2508 2510//2510 2509//2509
f 2508//2508 2509//2509 2511//2511
f 2512//2512 2514//2514 2513//2513
f 2512//2512 2513//2513 2515//2515
f 2516//2516 2518//2518 2517//2517
f 2516//2516 2517//2517 2519//2519
f 2520//2520 2522//2522 2521//2521
f 2520//2520 2521//2521 2523//2523
f 2524//2524 2526//2526 2525//2525
f 2524//2524 2525//2525 2527//2527
f 2528//2528 2530//2530 2529//2529
f 2528//2528 2529//2529 2531//2531
f 2532//2532 2534//2534 2533//2533
f 2532//2532 2533//2533 2535//2535
f 2536//2536 2538//2538 2537//2537
f 2536//2536 2537//2537 2539//2539
f 2540//2540 2542//2542 2541//2541
f 2540//2540 2541//2541 2543//2543
f 2544//2544 2546//2546 2545//2545
f 2544//2544 2545//2545 2547//2547
f 2548//2548 2550//2550 2549//2549
f 2548//2548 2549//2549 2551//2551
f 2552//2552 2554//2554 2553//2553
f 2552//2552 2553//2553 2555//2555
f 2556//2556 2558//2558 2557//2557
f 2556//2556 2557//2557 2559//2559
f 2560//2560 2562//2562 2561//2561
f 2560//2560 2561//2561 2563//2563
f 2564//2564 2566//2566 2565//2565
f 2564//2564 2565//2565 2567//2567
f 2568//2568 2570//2570 2569//2569
f 2568//2568 2569//2569 2571//2571
f 2572//2572 2574//2574 2573//2573
f 2572//2572 2573//2573 2575//2575
f 2576//2576 2578//2578 2577//2577
f 2579//2579 2581//2581 2580//2580
f 2582//2582 2584//2584 2583//2583
f 2585//2585 2587//2587 2586//2586
f 2588//2588 2590//2590 2589//2589
f 2591//2591 2593//2593 2592//2592
f 2594//2594 2596//2596 2595//2595
f 2597//2597 2599//2599 2598//2598
f 2600//2600 2602//2602 2601//2601
f 2600//2600 2601//2601 2603//2603
f 2604//2604 2606//2606 2605//2605
f 2604//2604 2605//2605 2607//2607
f 2608//2608 2610//2610 2609//2609
f 2608//2608 2609//2609 2611//2611
f 2612//2612 2614//2614 2613//2613
f 2612//2612 2613//2613 2615//2615
f 2616//2616 2618//2618 2617//2617
f 2616//2616 2617//2617 2619//2619
f 2620//2620 2622//2622 2621//2621
f 2620//2620 2621//2621 2623//2623
f 2624//2624 2626//2626 2625//2625
f 2624//2624 2625//2625 2627//2627
f 2628//2628 2630//2630 2629//2629
f 2628//2628 2629//2629 2631//2631
f 2632//2632 2634//2634 2633//2633
f 2632//2632 2633//2633 2635//2635
f 2636//2636 2638//2638 2637//2637
f 2636//2636 2637//2637 2639//2639
f 2640//2640 2642//2642 2641//2641
f 2640//2640 2641//2641 2643//2643
f 2644//2644 2646//2646 2645//2645
f 2644//2644 2645//2645 2647//2647
f 2648//2648 2650//2650 2649//2649
f 2648//2648 2649//2649 2651//2651
f 2652//2652 2654//2654 2653//2653
f 2652//2652 2653//2653 2655//2655
f 2656//2656 2658//2658 2657//2657
f 2656//2656 2657//2657 2659//2659
f 2660//2660 2662//2662 2661//2661
f 2660//2660 2661//2661 2663//2663
f 2664//2664 2666//2666 2665//2665
f 2664//2664 2665//2665 2667//2667
f 2668//2668 2670//2670 2669//2669
f 2668//2668 2669//2669 2671//2671
f 2672//2672 2674//2674 2673//2673
f 2675//2675 2677//2677 2676//2676
f 2678//2678 2680//2680 2679//2679
f 2681//2681 2683//2683 2682//2682
f 2684//2684 2686//2686 2685//2685
f 2687//2687 2689//2689 2688//2688
f 2690//2690 2692//2692 2691//2691
f 2693//2693 2695//2695 2694//2694
f 2696//2696 2698//2698 2697//2697
f 2696//2696 2697//2697 2699//2699
f 2700//2700 2702//2702 2701//2701
f 2700//2700 2701//2701 2703//2703
f 2704//2704 2706//2706 2705//2705
f 2704//2704 2705//2705 2707//2707
f 2708//2708 2710//2710 2709//2709
f 2708//2708 2709//2709 2711//2711
f 2712//2712 2714//2714 2713//2713
f 2712//2712 2713//2713 2715//2715
f 2716//2716 2718//2718 2717//2717
f 2716//2716 2717//2717 2719//2719
f 2720//2720 2722//2722 2721//2721
f 2720//2720 2721//2721 2723//2723
f 2724//2724 2726//2726 2725//2725
f 2724//2724 2725//2725 2727//2727
f 2728//2728 2730//2730 2729//2729
f 2728//2728 2729//2729 2731//2731
f 2732//2732 2734//2734 2733//2733
f 2732//2732 2733//2733 2735//2735
f 2736//2736 2738//2738 2737//2737
f 2736//2736 2737//2737 2739//2739
f 2740//2740 2742//2742 2741//2741
f 2740//2740 2741//2741 2743//2743
f 2744//2744 2746//2746 2745//2745
f 2744//2744 2745//2745 2747//2747
f 2220//2220 2222//2222 2221//2221
f 2220//2220 2221//2221 2223//2223
f 2224//2224 2226//2226 2225//2225
f 2224//2224 2225//2225 2227//2227
f 2228//2228 2230//2230 2229//2229
f 2228//2228 2229//2229 2231//2231
f 2232//2232 2234//2234 2233//2233
f 2232//2232 2233//2233 2235//2235
f 2236//2236 2238//2238 2237//2237
f 2236//2236 2237//2237 2239//2239
f 2240//2240 2242//2242 2241//2241
f 2240//2240 2241//2241 2243//2243
f 2244//2244 2246//2246 2245//2245
f 2244//2244 2245//2245 2247//2247
f 2248//2248 2250//2250 2249//2249
f 2248//2248 2249//2249 2251//2251
f 2252//2252 2254//2254 2253//2253
f 2252//2252 2253//2253 2255//2255
f 2256//2256 2258//2258 2257//2257
f 2256//2256 2257//2257 2259//2259
f 2260//2260 2262//2262 2261//2261
f 2260//2260 2261//2261 2263//2263
f 2264//2264 2266//2266 2265//2265
f 2264//2264 2265//2265 2267//2267
g horse_black
usemtl black
v -0.04148 0.37210 0.26962
v -0.04148 0.38674 0.25498
v -0.04148 0.38674 0.26962
v -0.04148 0.37210 0.25498
v -0.04148 0.37210 0.25498
v -0.03172 0.38674 0.25498
v -0.04148 0.38674 0.25498
v -0.03172 0.37210 0.25498
v -0.03172 0.37210 0.25498
v -0.03172 0.38674 0.26962
v -0.03172 0.38674 0.25498
v -0.03172 0.37210 0.26962
v -0.03172 0.37210 0.26962
v -0.04148 0.38674 0.26962
v -0.03172 0.38674 0.26962
v -0.04148 0.37210 0.26962
v -0.04148 0.37210 0.25498
v -0.03172 0.37210 0.26962
v -0.03172 0.37210 0.25498
v -0.04148 0.37210 0.26962
v -0.03172 0.38674 0.25498
v -0.04148 0.38674 0.26962
v -0.04148 0.38674 0.25498
v -0.03172 0.38674 0.26962
v 0.03172 0.37210 0.26962
v 0.03172 0.38674 0.25498
v 0.03172 0.38674 0.26962
v 0.03172 0.37210 0.25498
v 0.03172 0.37210 0.25498
v 0.04148 0.38674 0.25498
v 0.03172 0.38674 0.25498
v 0.04148 0.37210 0.25498
v 0.04148 0.37210 0.25498
v 0.04148 0.38674 0.26962
v 0.04148 0.38674 0.25498
v 0.04148 0.37210 0.26962
v 0.04148 0.37210 0.26962
v 0.03172 0.38674 0.26962
v 0.04148 0.38674 0.26962
v 0.03172 0.37210 0.26962
v 0.03172 0.37210 0.25498
v 0.04148 0.37210 0.26962
v 0.04148 0.37210 0.25498
v 0.03172 0.37210 0.26962
v 0.04148 0.38674 0.25498
v 0.03172 0.38674 0.26962
v 0.03172 0.38674 0.25498
v 0.04148 0.38674 0.26962
vn 0.0000 1.0000 -0.0000
vn 0.0000 1.0000 -0.0000
vn 0.0000 1.0000 -0.0000
vn 0.0000 1.0000 -0.0000
vn -0.7071 0.7071 -0.0000
vn -0.7071 0.7071 -0.0000
vn -0.7071 0.7071 -0.0000
vn -0.7071 0.7071 -0.0000
vn 0.7071 -0.0000 0.7071
vn 0.7071 -0.0000 0.7071
vn 0.7071 -0.0000 0.7071
vn 0.7071 -0.0000 0.7071
vn -0.0000 -0.0000 1.0000
vn -0.0000 -0.0000 1.0000
vn -0.0000 -0.0000 1.0000
vn -0.0000 -0.0000 1.0000
vn -0.0000 -0.7071 0.7071
vn -0.0000 -0.7071 0.7071
vn -0.0000 -0.7071 0.7071
vn -0.0000 -0.7071 0.7071
vn -0.0000 0.7071 0.7071
vn -0.0000 0.7071 0.7071
vn -0.0000 0.7071 0.7071
vn -0.0000 0.7071 0.7071
vn 0.0000 1.0000 -0.0000
vn 0.0000 1.0000 -0.0000
vn 0.0000 1.0000 -0.0000
vn 0.0000 1.0000 -0.0000
vn -0.7071 0.7071 -0.0000
vn -0.7071 0.7071 -0.0000
vn -0.7071 0.7071 -0.0000
vn -0.7071 0.7071 -0.0000
vn 0.7071 -0.0000 0.7071
vn 0.7071 -0.0000 0.7071
vn 0.7071 -0.0000 0.7071
vn 0.7071 -0.0000 0.7071
vn -0.0000 -0.0000 1.0000
vn -0.0000 -0.0000 1.0000
vn -0.0000 -0.0000 1.0000
vn -0.0000 -0.0000 1.0000
vn -0.0000 -0.7071 0.7071
vn -0.0000 -0.7071 0.7071
vn -0.0000 -0.7071 0.7071
vn -0.0000 -0.7071 0.7071
vn -0.0000 0.7071 0.7071
vn -0.0000 0.7071 0.7071
vn -0.0000 0.7071 0.7071
vn -0.0000 0.7071 0.7071
f 2748//2748 2750//2750 2749//2749
f 2748//2748 2749//2749 2751//2751
f 2752//2752 2754//2754 2753//2753
f 2752//2752 2753//2753 2755//2755
f 2756//2756 2758//2758 2757//2757
f 2756//2756 2757//2757 2759//2759
f 2760//2760 2762//2762 2761//2761
f 2760//2760 2761//2761 2763//2763
f 2764//2764 2766//2766 2765//2765
f 2764//2764 2765//2765 2767//2767
f 2768//2768 2770//2770 2769//2769
f 2768//2768 2769//2769 2771//2771
f 2772//2772 2774//2774 2773//2773
f 2772//2772 2773//2773 2775//2775
f 2776//2776 2778//2778 2777//2777
f 2776//2776 2777//2777 2779//2779
f 2780//2780 2782//2782 2781//2781
f 2780//2780 2781//2781 2783//2783
f 2784//2784 2786//2786 2785//2785
f 2784//2784 2785//2785 2787//2787
f 2788//2788 2790//2790 2789//2789
f 2788//2788 2789//2789 2791//2791
f 2792//2792 2794//2794 2793//2793
f 2792//2792 2793//2793 2795//2795
g horse_team
usemtl team
v 0.07259 0.20496 0.07930
v -0.07259 0.27084 0.07930
v 0.07259 0.27084 0.07930
v -0.07259 0.20496 0.07930
v 0.08235 0.20496 -0.09394
v 0.08235 0.27084 0.06954
v 0.08235 0.27084 -0.09394
v 0.08235 0.20496 0.06954
v 0.07259 0.28060 -0.09394
v -0.07259 0.28060 0.06954
v -0.07259 0.28060 -0.09394
v 0.07259 0.28060 0.06954
v -0.08235 0.20496 0.06954
v -0.08235 0.27084 -0.09394
v -0.08235 0.27084 0.06954
v -0.08235 0.20496 -0.09394
v -0.07259 0.20496 -0.10370
v 0.07259 0.27084 -0.10370
v -0.07259 0.27084 -0.10370
v 0.07259 0.20496 -0.10370
v -0.07259 0.19520 0.06954
v -0.08235 0.20496 0.06954
v -0.07259 0.20496 0.07930
v -0.07259 0.27084 0.07930
v -0.08235 0.27084 0.06954
v -0.07259 0.28060 0.06954
v -0.07259 0.19520 -0.09394
v -0.07259 0.20496 -0.10370
v -0.08235 0.20496 -0.09394
v -0.07259 0.28060 -0.09394
v -0.08235 0.27084 -0.09394
v -0.07259 0.27084 -0.10370
v 0.07259 0.19520 0.06954
v 0.07259 0.20496 0.07930
v 0.08235 0.20496 0.06954
v 0.07259 0.28060 0.06954
v 0.08235 0.27084 0.06954
v 0.07259 0.27084 0.07930
v 0.07259 0.19520 -0.09394
v 0.08235 0.20496 -0.09394
v 0.07259 0.20496 -0.10370
v 0.07259 0.28060 -0.09394
v 0.07259 0.27084 -0.10370
v 0.08235 0.27084 -0.09394
v -0.07259 0.19520 -0.09394
v -0.08235 0.20496 0.06954
v -0.07259 0.19520 0.06954
v -0.08235 0.20496 -0.09394
v -0.07259 0.20496 0.07930
v -0.08235 0.27084 0.06954
v -0.07259 0.27084 0.07930
v -0.08235 0.20496 0.06954
v -0.07259 0.28060 0.06954
v -0.08235 0.27084 -0.09394
v -0.07259 0.28060 -0.09394
v -0.08235 0.27084 0.06954
v -0.07259 0.27084 -0.10370
v -0.08235 0.20496 -0.09394
v -0.07259 0.20496 -0.10370
v -0.08235 0.27084 -0.09394
v 0.07259 0.19520 -0.09394
v -0.07259 0.20496 -0.10370
v -0.07259 0.19520 -0.09394
v 0.07259 0.20496 -0.10370
v -0.07259 0.28060 -0.09394
v 0.07259 0.27084 -0.10370
v 0.07259 0.28060 -0.09394
v -0.07259 0.27084 -0.10370
v 0.08235 0.27084 -0.09394
v 0.07259 0.20496 -0.10370
v 0.08235 0.20496 -0.09394
v 0.07259 0.27084 -0.10370
v 0.07259 0.19520 0.06954
v 0.08235 0.20496 -0.09394
v 0.07259 0.19520 -0.09394
v 0.08235 0.20496 0.06954
v 0.07259 0.28060 -0.09394
v 0.08235 0.27084 0.06954
v 0.07259 0.28060 0.06954
v 0.08235 0.27084 -0.09394
v 0.07259 0.27084 0.07930
v 0.08235 0.20496 0.06954
v 0.07259 0.20496 0.07930
v 0.08235 0.27084 0.06954
v -0.07259 0.19520 0.06954
v 0.07259 0.20496 0.07930
v 0.07259 0.19520 0.06954
v -0.07259 0.20496 0.07930
v 0.07259 0.28060 0.06954
v -0.07259 0.27084 0.07930
v -0.07259 0.28060 0.06954
v 0.07259 0.27084 0.07930
v -0.07259 0.19520 -0.09394
v 0.07259 0.19520 0.06954
v 0.07259 0.19520 -0.09394
v -0.07259 0.19520 0.06954
vn -0.0000 -0.0000 1.0000
vn -0.0000 -0.0000 1.0000
vn -0.0000 -0.0000 1.0000
vn -0.0000 -0.0000 1.0000
vn 1.0000 0.0000 -0.0000
vn 1.0000 0.0000 -0.0000
vn 1.0000 0.0000 -0.0000
vn 1.0000 0.0000 -0.0000
vn 0.0000 1.0000 -0.0000
vn 0.0000 1.0000 -0.0000
vn 0.0000 1.0000 -0.0000
vn 0.0000 1.0000 -0.0000
vn -1.0000 0.0000 -0.0000
vn -1.0000 0.0000 -0.0000
vn -1.0000 0.0000 -0.0000
vn -1.0000 0.0000 -0.0000
vn 0.0000 0.0000 -1.0000
vn 0.0000 0.0000 -1.0000
vn 0.0000 0.0000 -1.0000
vn 0.0000 0.0000 -1.0000
vn -0.5773 -0.5774 0.5774
vn -0.5773 -0.5774 0.5774
vn -0.5773 -0.5774 0.5774
vn -0.5774 0.5774 0.5773
vn -0.5774 0.5774 0.5773
vn -0.5774 0.5774 0.5773
vn -0.5773 -0.5774 -0.5774
vn -0.5773 -0.5774 -0.5774
vn -0.5773 -0.5774 -0.5774
vn -0.5774 0.5774 -0.5772
vn -0.5774 0.5774 -0.5772
vn -0.5774 0.5774 -0.5772
vn 0.5772 -0.5774 0.5774
vn 0.5772 -0.5774 0.5774
vn 0.5772 -0.5774 0.5774
vn 0.5774 0.5774 0.5774
vn 0.5774 0.5774 0.5774
vn 0.5774 0.5774 0.5774
vn 0.5773 -0.5774 -0.5774
vn 0.5773 -0.5774 -0.5774
vn 0.5773 -0.5774 -0.5774
vn 0.5774 0.5774 -0.5772
vn 0.5774 0.5774 -0.5772
vn 0.5774 0.5774 -0.5772
vn -0.7071 -0.7071 -0.0001
vn -0.7071 -0.7071 -0.0001
vn -0.7071 -0.7071 -0.0001
vn -0.7071 -0.7071 -0.0001
vn -0.7071 -0.0000 0.7071
vn -0.7071 -0.0000 0.7071
vn -0.7071 -0.0000 0.7071
vn -0.7071 -0.0000 0.7071
vn -0.7071 0.7071 -0.0000
vn -0.7071 0.7071 -0.0000
vn -0.7071 0.7071 -0.0000
vn -0.7071 0.7071 -0.0000
vn -0.7071 0.0000 -0.7071
vn -0.7071 0.0000 -0.7071
vn -0.7071 0.0000 -0.7071
vn -0.7071 0.0000 -0.7071
vn 0.0000 -0.7071 -0.7071
vn 0.0000 -0.7071 -0.7071
vn 0.0000 -0.7071 -0.7071
vn 0.0000 -0.7071 -0.7071
vn 0.0000 0.7071 -0.7071
vn 0.0000 0.7071 -0.7071
vn 0.0000 0.7071 -0.7071
vn 0.0000 0.7071 -0.7071
vn 0.7071 0.0000 -0.7071
vn 0.7071 0.0000 -0.7071
vn 0.7071 0.0000 -0.7071
vn 0.7071 0.0000 -0.7071
vn 0.7071 -0.7071 -0.0000
vn 0.7071 -0.7071 -0.0000
vn 0.7071 -0.7071 -0.0000
vn 0.7071 -0.7071 -0.0000
vn 0.7071 0.7071 0.0000
vn 0.7071 0.7071 0.0000
vn 0.7071 0.7071 0.0000
vn 0.7071 0.7071 0.0000
vn 0.7071 -0.0000 0.7071
vn 0.7071 -0.0000 0.7071
vn 0.7071 -0.0000 0.7071
vn 0.7071 -0.0000 0.7071
vn -0.0000 -0.7071 0.7071
vn -0.0000 -0.7071 0.7071
vn -0.0000 -0.7071 0.7071
vn -0.0000 -0.7071 0.7071
vn -0.0000 0.7071 0.7071
vn -0.0000 0.7071 0.7071
vn -0.0000 0.7071 0.7071
vn -0.0000 0.7071 0.7071
vn 0.0000 -1.0000 -0.0000
vn 0.0000 -1.0000 -0.0000
vn 0.0000 -1.0000 -0.0000
vn 0.0000 -1.0000 -0.0000
f 2796//2796 2798//2798 2797//2797
f 2796//2796 2797//2797 2799//2799
f 2800//2800 2802//2802 2801//2801
f 2800//2800 2801//2801 2803//2803
f 2804//2804 2806//2806 2805//2805
f 2804//2804 2805//2805 2807//2807
f 2808//2808 2810//2810 2809//2809
f 2808//2808 2809//2809 2811//2811
f 2812//2812 2814//2814 2813//2813
f 2812//2812 2813//2813 2815//2815
f 2816//2816 2818//2818 2817//2817
f 2819//2819 2821//2821 2820//2820
f 2822//2822 2824//2824 2823//2823
f 2825//2825 2827//2827 2826//2826
f 2828//2828 2830//2830 2829//2829
f 2831//2831 2833//2833 2832//2832
f 2834//2834 2836//2836 2835//2835
f 2837//2837 2839//2839 2838//2838
f 2840//2840 2842//2842 2841//2841
f 2840//2840 2841//2841 2843//2843
f 2844//2844 2846//2846 2845//2845
f 2844//2844 2845//2845 2847//2847
f 2848//2848 2850//2850 2849//2849
f 2848//2848 2849//2849 2851//2851
f 2852//2852 2854//2854 2853//2853
f 2852//2852 2853//2853 2855//2855
f 2856//2856 2858//2858 2857//2857
f 2856//2856 2857//2857 2859//2859
f 2860//2860 2862//2862 2861//2861
f 2860//2860 2861//2861 2863//2863
f 2864//2864 2866//2866 2865//2865
f 2864//2864 2865//2865 2867//2867
f 2868//2868 2870//2870 2869//2869
f 2868//2868 2869//2869 2871//2871
f 2872//2872 2874//2874 2873//2873
f 2872//2872 2873//2873 2875//2875
f 2876//2876 2878//2878 2877//2877
f 2876//2876 2877//2877 2879//2879
f 2880//2880 2882//2882 2881//2881
f 2880//2880 2881//2881 2883//2883
f 2884//2884 2886//2886 2885//2885
f 2884//2884 2885//2885 2887//2887
f 2888//2888 2890//2890 2889//2889
f 2888//2888 2889//2889 2891//2891
g horse_leather
usemtl leather
v 0.07015 0.28060 0.07320
v -0.07015 0.29280 0.07320
v 0.07015 0.29280 0.07320
v -0.07015 0.28060 0.07320
v 0.07625 0.28060 -0.06710
v 0.07625 0.29280 0.06710
v 0.07625 0.29280 -0.06710
v 0.07625 0.28060 0.06710
v 0.07015 0.29890 -0.06710
v -0.07015 0.29890 0.06710
v -0.07015 0.29890 -0.06710
v 0.07015 0.29890 0.06710
v -0.07625 0.28060 0.06710
v -0.07625 0.29280 -0.06710
v -0.07625 0.29280 0.06710
v -0.07625 0.28060 -0.06710
v -0.07015 0.28060 -0.07320
v 0.07015 0.29280 -0.07320
v -0.07015 0.29280 -0.07320
v 0.07015 0.28060 -0.07320
v -0.07015 0.27450 0.06710
v -0.07625 0.28060 0.06710
v -0.07015 0.28060 0.07320
v -0.07015 0.29280 0.07320
v -0.07625 0.29280 0.06710
v -0.07015 0.29890 0.06710
v -0.07015 0.27450 -0.06710
v -0.07015 0.28060 -0.07320
v -0.07625 0.28060 -0.06710
v -0.07015 0.29890 -0.06710
v -0.07625 0.29280 -0.06710
v -0.07015 0.29280 -0.07320
v 0.07015 0.27450 0.06710
v 0.07015 0.28060 0.07320
v 0.07625 0.28060 0.06710
v 0.07015 0.29890 0.06710
v 0.07625 0.29280 0.06710
v 0.07015 0.29280 0.07320
v 0.07015 0.27450 -0.06710
v 0.07625 0.28060 -0.06710
v 0.07015 0.28060 -0.07320
v 0.07015 0.29890 -0.06710
v 0.07015 0.29280 -0.07320
v 0.07625 0.29280 -0.06710
v -0.07015 0.27450 -0.06710
v -0.07625 0.28060 0.06710
v -0.07015 0.27450 0.06710
v -0.07625 0.28060 -0.06710
v -0.07015 0.28060 0.07320
v -0.07625 0.29280 0.06710
v -0.07015 0.29280 0.07320
v -0.07625 0.28060 0.06710
v -0.07015 0.29890 0.06710
v -0.07625 0.29280 -0.06710
v -0.07015 0.29890 -0.06710
v -0.07625 0.29280 0.06710
v -0.07015 0.29280 -0.07320
v -0.07625 0.28060 -0.06710
v -0.07015 0.28060 -0.07320
v -0.07625 0.29280 -0.06710
v 0.07015 0.27450 -0.06710
v -0.07015 0.28060 -0.07320
v -0.07015 0.27450 -0.06710
v 0.07015 0.28060 -0.07320
v -0.07015 0.29890 -0.06710
v 0.07015 0.29280 -0.07320
v 0.07015 0.29890 -0.06710
v -0.07015 0.29280 -0.07320
v 0.07625 0.29280 -0.06710
v 0.07015 0.28060 -0.07320
v 0.07625 0.28060 -0.06710
v 0.07015 0.29280 -0.07320
v 0.07015 0.27450 0.06710
v 0.07625 0.28060 -0.06710
v 0.07015 0.27450 -0.06710
v 0.07625 0.28060 0.06710
v 0.07015 0.29890 -0.06710
v 0.07625 0.29280 0.06710
v 0.07015 0.29890 0.06710
v 0.07625 0.29280 -0.06710
v 0.07015 0.29280 0.07320
v 0.07625 0.28060 0.06710
v 0.07015 0.28060 0.07320
v 0.07625 0.29280 0.06710
v -0.07015 0.27450 0.06710
v 0.07015 0.28060 0.07320
v 0.07015 0.27450 0.06710
v -0.07015 0.28060 0.07320
v 0.07015 0.29890 0.06710
v -0.07015 0.29280 0.07320
v -0.07015 0.29890 0.06710
v 0.07015 0.29280 0.07320
v -0.07015 0.27450 -0.06710
v 0.07015 0.27450 0.06710
v 0.07015 0.27450 -0.06710
v -0.07015 0.27450 0.06710
vn -0.0000 -0.0000 1.0000
vn -0.0000 -0.0000 1.0000
vn -0.0000 -0.0000 1.0000
vn -0.0000 -0.0000 1.0000
vn 1.0000 0.0000 -0.0000
vn 1.0000 0.0000 -0.0000
vn 1.0000 0.0000 -0.0000
vn 1.0000 0.0000 -0.0000
vn 0.0000 1.0000 -0.0000
vn 0.0000 1.0000 -0.0000
vn 0.0000 1.0000 -0.0000
vn 0.0000 1.0000 -0.0000
vn -1.0000 0.0000 -0.0000
vn -1.0000 0.0000 -0.0000
vn -1.0000 0.0000 -0.0000
vn -1.0000 0.0000 -0.0000
vn 0.0000 0.0000 -1.0000
vn 0.0000 0.0000 -1.0000
vn 0.0000 0.0000 -1.0000
vn 0.0000 0.0000 -1.0000
vn -0.5774 -0.5774 0.5772
vn -0.5774 -0.5774 0.5772
vn -0.5774 -0.5774 0.5772
vn -0.5774 0.5774 0.5773
vn -0.5774 0.5774 0.5773
vn -0.5774 0.5774 0.5773
vn -0.5774 -0.5774 -0.5773
vn -0.5774 -0.5774 -0.5773
vn -0.5774 -0.5774 -0.5773
vn -0.5774 0.5774 -0.5772
vn -0.5774 0.5774 -0.5772
vn -0.5774 0.5774 -0.5772
vn 0.5774 -0.5774 0.5773
vn 0.5774 -0.5774 0.5773
vn 0.5774 -0.5774 0.5773
vn 0.5774 0.5774 0.5774
vn 0.5774 0.5774 0.5774
vn 0.5774 0.5774 0.5774
vn 0.5774 -0.5774 -0.5772
vn 0.5774 -0.5774 -0.5772
vn 0.5774 -0.5774 -0.5772
vn 0.5774 0.5774 -0.5772
vn 0.5774 0.5774 -0.5772
vn 0.5774 0.5774 -0.5772
vn -0.7071 -0.7071 -0.0001
vn -0.7071 -0.7071 -0.0001
vn -0.7071 -0.7071 -0.0001
vn -0.7071 -0.7071 -0.0001
vn -0.7071 -0.0000 0.7071
vn -0.7071 -0.0000 0.7071
vn -0.7071 -0.0000 0.7071
vn -0.7071 -0.0000 0.7071
vn -0.7071 0.7071 -0.0000
vn -0.7071 0.7071 -0.0000
vn -0.7071 0.7071 -0.0000
vn -0.7071 0.7071 -0.0000
vn -0.7071 0.0000 -0.7071
vn -0.7071 0.0000 -0.7071
vn -0.7071 0.0000 -0.7071
vn -0.7071 0.0000 -0.7071
vn 0.0000 -0.7071 -0.7071
vn 0.0000 -0.7071 -0.7071
vn 0.0000 -0.7071 -0.7071
vn 0.0000 -0.7071 -0.7071
vn 0.0000 0.7071 -0.7071
vn 0.0000 0.7071 -0.7071
vn 0.0000 0.7071 -0.7071
vn 0.0000 0.7071 -0.7071
vn 0.7071 0.0000 -0.7071
vn 0.7071 0.0000 -0.7071
vn 0.7071 0.0000 -0.7071
vn 0.7071 0.0000 -0.7071
vn 0.7071 -0.7071 -0.0000
vn 0.7071 -0.7071 -0.0000
vn 0.7071 -0.7071 -0.0000
vn 0.7071 -0.7071 -0.0000
vn 0.7071 0.7071 0.0000
vn 0.7071 0.7071 0.0000
vn 0.7071 0.7071 0.0000
vn 0.7071 0.7071 0.0000
vn 0.7071 -0.0000 0.7071
vn 0.7071 -0.0000 0.7071
vn 0.7071 -0.0000 0.7071
vn 0.7071 -0.0000 0.7071
vn -0.0000 -0.7071 0.7071
vn -0.0000 -0.7071 0.7071
vn -0.0000 -0.7071 0.7071
vn -0.0000 -0.7071 0.7071
vn -0.0000 0.7071 0.7071
vn -0.0000 0.7071 0.7071
vn -0.0000 0.7071 0.7071
vn -0.0000 0.7071 0.7071
vn 0.0000 -1.0000 -0.0000
vn 0.0000 -1.0000 -0.0000
vn 0.0000 -1.0000 -0.0000
vn 0.0000 -1.0000 -0.0000
f 2892//2892 2894//2894 2893//2893
f 2892//2892 2893//2893 2895//2895
f 2896//2896 2898//2898 2897//2897
f 2896//2896 2897//2897 2899//2899
f 2900//2900 2902//2902 2901//2901
f 2900//2900 2901//2901 2903//2903
f 2904//2904 2906//2906 2905//2905
f 2904//2904 2905//2905 2907//2907
f 2908//2908 2910//2910 2909//2909
f 2908//2908 2909//2909 2911//2911
f 2912//2912 2914//2914 2913//2913
f 2915//2915 2917//2917 2916//2916
f 2918//2918 2920//2920 2919//2919
f 2921//2921 2923//2923 2922//2922
f 2924//2924 2926//2926 2925//2925
f 2927//2927 2929//2929 2928//2928
f 2930//2930 2932//2932 2931//2931
f 2933//2933 2935//2935 2934//2934
f 2936//2936 2938//2938 2937//2937
f 2936//2936 2937//2937 2939//2939
f 2940//2940 2942//2942 2941//2941
f 2940//2940 2941//2941 2943//2943
f 2944//2944 2946//2946 2945//2945
f 2944//2944 2945//2945 2947//2947
f 2948//2948 2950//2950 2949//2949
f 2948//2948 2949//2949 2951//2951
f 2952//2952 2954//2954 2953//2953
f 2952//2952 2953//2953 2955//2955
f 2956//2956 2958//2958 2957//2957
f 2956//2956 2957//2957 2959//2959
f 2960//2960 2962//2962 2961//2961
f 2960//2960 2961//2961 2963//2963
f 2964//2964 2966//2966 2965//2965
f 2964//2964 2965//2965 2967//2967
f 2968//2968 2970//2970 2969//2969
f 2968//2968 2969//2969 2971//2971
f 2972//2972 2974//2974 2973//2973
f 2972//2972 2973//2973 2975//2975
f 2976//2976 2978//2978 2977//2977
f 2976//2976 2977//2977 2979//2979
f 2980//2980 2982//2982 2981//2981
f 2980//2980 2981//2981 2983//2983
f 2984//2984 2986//2986 2985//2985
f 2984//2984 2985//2985 2987//2987
o tool
g tool_wood_dark
usemtl wood_dark
v -0.10800 0.32735 0.07755
v -0.10800 0.43264 0.09745
v -0.10800 0.42736 0.11255
v -0.10800 0.33264 0.06245
v -0.10800 0.33264 0.06245
v -0.09200 0.43264 0.09745
v -0.10800 0.43264 0.09745
v -0.09200 0.33264 0.06245
v -0.09200 0.33264 0.06245
v -0.09200 0.42736 0.11255
v -0.09200 0.43264 0.09745
v -0.09200 0.32735 0.07755
v -0.09200 0.32735 0.07755
v -0.10800 0.42736 0.11255
v -0.09200 0.42736 0.11255
v -0.10800 0.32735 0.07755
v -0.10800 0.33264 0.06245
v -0.09200 0.32735 0.07755
v -0.09200 0.33264 0.06245
v -0.10800 0.32735 0.07755
v -0.09200 0.43264 0.09745
v -0.10800 0.42736 0.11255
v -0.10800 0.43264 0.09745
v -0.09200 0.42736 0.11255
v -0.10800 0.32735 0.06245
v -0.10800 0.23264 0.11255
v -0.10800 0.22736 0.09745
v -0.10800 0.33264 0.07755
v -0.10800 0.33264 0.07755
v -0.09200 0.23264 0.11255
v -0.10800 0.23264 0.11255
v -0.09200 0.33264 0.07755
v -0.09200 0.33264 0.07755
v -0.09200 0.22736 0.09745
v -0.09200 0.23264 0.11255
v -0.09200 0.32735 0.06245
v -0.09200 0.32735 0.06245
v -0.10800 0.22736 0.09745
v -0.09200 0.22736 0.09745
v -0.10800 0.32735 0.06245
v -0.10800 0.33264 0.07755
v -0.09200 0.32735 0.06245
v -0.09200 0.33264 0.07755
v -0.10800 0.32735 0.06245
v -0.09200 0.23264 0.11255
v -0.10800 0.22736 0.09745
v -0.10800 0.23264 0.11255
v -0.09200 0.22736 0.09745
v -0.09350 0.42665 0.09943
v -0.09350 0.48334 0.08057
v -0.09350 0.47665 0.06943
v -0.09350 0.43334 0.11057
v -0.09350 0.43334 0.11057
v -0.10650 0.48334 0.08057
v -0.09350 0.48334 0.08057
v -0.10650 0.43334 0.11057
v -0.10650 0.43334 0.11057
v -0.10650 0.47665 0.06943
v -0.10650 0.48334 0.08057
v -0.10650 0.42665 0.09943
v -0.10650 0.42665 0.09943
v -0.09350 0.47665 0.06943
v -0.10650 0.47665 0.06943
v -0.09350 0.42665 0.09943
v -0.09350 0.43334 0.11057
v -0.10650 0.42665 0.09943
v -0.10650 0.43334 0.11057
v -0.09350 0.42665 0.09943
v -0.10650 0.48334 0.08057
v -0.09350 0.47665 0.06943
v -0.09350 0.48334 0.08057
v -0.10650 0.47665 0.06943
v -0.09350 0.22665 0.11057
v -0.09350 0.18334 0.06943
v -0.09350 0.17666 0.08057
v -0.09350 0.23334 0.09943
v -0.09350 0.23334 0.09943
v -0.10650 0.18334 0.06943
v -0.09350 0.18334 0.06943
v -0.10650 0.23334 0.09943
v -0.10650 0.23334 0.09943
v -0.10650 0.17666 0.08057
v -0.10650 0.18334 0.06943
v -0.10650 0.22665 0.11057
v -0.10650 0.22665 0.11057
v -0.09350 0.17666 0.08057
v -0.10650 0.17666 0.08057
v -0.09350 0.22665 0.11057
v -0.09350 0.23334 0.09943
v -0.10650 0.22665 0.11057
v -0.10650 0.23334 0.09943
v -0.09350 0.22665 0.11057
v -0.10650 0.18334 0.06943
v -0.09350 0.17666 0.08057
v -0.09350 0.18334 0.06943
v -0.10650 0.17666 0.08057
vn 0.0000 1.0000 -0.0000
vn 0.0000 1.0000 -0.0000
vn 0.0000 1.0000 -0.0000
vn 0.0000 1.0000 -0.0000
vn 0.6600 -0.7407 -0.1259
vn 0.6600 -0.7407 -0.1259
vn 0.6600 -0.7407 -0.1259
vn 0.6600 -0.7407 -0.1259
vn 0.7071 -0.0000 0.7071
vn 0.7071 -0.0000 0.7071
vn 0.7071 -0.0000 0.7071
vn 0.7071 -0.0000 0.7071
vn -0.1477 -0.1658 0.9750
vn -0.1477 -0.1658 0.9750
vn -0.1477 -0.1658 0.9750
vn -0.1477 -0.1658 0.9750
vn -0.1449 0.8070 -0.5725
vn -0.1449 0.8070 -0.5725
vn -0.1449 0.8070 -0.5725
vn -0.1449 0.8070 -0.5725
vn 0.1032 0.5755 0.8113
vn 0.1032 0.5755 0.8113
vn 0.1032 0.5755 0.8113
vn 0.1032 0.5755 0.8113
vn 0.0000 1.0000 -0.0000
vn 0.0000 1.0000 -0.0000
vn 0.0000 1.0000 -0.0000
vn 0.0000 1.0000 -0.0000
vn 0.1476 0.1657 0.9751
vn 0.1476 0.1657 0.9751
vn 0.1476 0.1657 0.9751
vn 0.1476 0.1657 0.9751
vn 0.7071 -0.0000 0.7071
vn 0.7071 -0.0000 0.7071
vn 0.7071 -0.0000 0.7071
vn 0.7071 -0.0000 0.7071
vn -0.6600 0.7406 -0.1259
vn -0.6600 0.7406 -0.1259
vn -0.6600 0.7406 -0.1259
vn -0.6600 0.7406 -0.1259
vn 0.1448 -0.8070 -0.5725
vn 0.1448 -0.8070 -0.5725
vn 0.1448 -0.8070 -0.5725
vn 0.1448 -0.8070 -0.5725
vn -0.1033 -0.5755 0.8112
vn -0.1033 -0.5755 0.8112
vn -0.1033 -0.5755 0.8112
vn -0.1033 -0.5755 0.8112
vn 0.7071 -0.0000 0.7071
vn 0.7071 -0.0000 0.7071
vn 0.7071 -0.0000 0.7071
vn 0.7071 -0.0000 0.7071
vn 0.1932 0.2619 0.9456
vn 0.1932 0.2619 0.9456
vn 0.1932 0.2619 0.9456
vn 0.1932 0.2619 0.9456
vn 0.0000 1.0000 -0.0000
vn 0.0000 1.0000 -0.0000
vn 0.0000 1.0000 -0.0000
vn 0.0000 1.0000 -0.0000
vn -0.5795 0.7854 -0.2175
vn -0.5795 0.7854 -0.2175
vn -0.5795 0.7854 -0.2175
vn -0.5795 0.7854 -0.2175
vn -0.1534 -0.4869 0.8599
vn -0.1534 -0.4869 0.8599
vn -0.1534 -0.4869 0.8599
vn -0.1534 -0.4869 0.8599
vn 0.2644 -0.8392 -0.4751
vn 0.2644 -0.8392 -0.4751
vn 0.2644 -0.8392 -0.4751
vn 0.2644 -0.8392 -0.4751
vn 0.7071 -0.0000 0.7071
vn 0.7071 -0.0000 0.7071
vn 0.7071 -0.0000 0.7071
vn 0.7071 -0.0000 0.7071
vn 0.5795 -0.7854 -0.2176
vn 0.5795 -0.7854 -0.2176
vn 0.5795 -0.7854 -0.2176
vn 0.5795 -0.7854 -0.2176
vn 0.0000 1.0000 -0.0000
vn 0.0000 1.0000 -0.0000
vn 0.0000 1.0000 -0.0000
vn 0.0000 1.0000 -0.0000
vn -0.1933 -0.2619 0.9455
vn -0.1933 -0.2619 0.9455
vn -0.1933 -0.2619 0.9455
vn -0.1933 -0.2619 0.9455
vn 0.1534 0.4868 0.8599
vn 0.1534 0.4868 0.8599
vn 0.1534 0.4868 0.8599
vn 0.1534 0.4868 0.8599
vn -0.2645 0.8392 -0.4752
vn -0.2645 0.8392 -0.4752
vn -0.2645 0.8392 -0.4752
vn -0.2645 0.8392 -0.4752
f 2988//2988 2990//2990 2989//2989
f 2988//2988 2989//2989 2991//2991
f 2992//2992 2994//2994 2993//2993
f 2992//2992 2993//2993 2995//2995
f 2996//2996 2998//2998 2997//2997
f 2996//2996 2997//2997 2999//2999
f 3000//3000 3002//3002 3001//3001
f 3000//3000 3001//3001 3003//3003
f 3004//3004 3006//3006 3005//3005
f 3004//3004 3005//3005 3007//3007
f 3008//3008 3010//3010 3009//3009
f 3008//3008 3009//3009 3011//3011
f 3012//3012 3014//3014 3013//3013
f 3012//3012 3013//3013 3015//3015
f 3016//3016 3018//3018 3017//3017
f 3016//3016 3017//3017 3019//3019
f 3020//3020 3022//3022 3021//3021
f 3020//3020 3021//3021 3023//3023
f 3024//3024 3026//3026 3025//3025
f 3024//3024 3025//3025 3027//3027
f 3028//3028 3030//3030 3029//3029
f 3028//3028 3029//3029 3031//3031
f 3032//3032 3034//3034 3033//3033
f 3032//3032 3033//3033 3035//3035
f 3036//3036 3038//3038 3037//3037
f 3036//3036 3037//3037 3039//3039
f 3040//3040 3042//3042 3041//3041
f 3040//3040 3041//3041 3043//3043
f 3044//3044 3046//3046 3045//3045
f 3044//3044 3045//3045 3047//3047
f 3048//3048 3050//3050 3049//3049
f 3048//3048 3049//3049 3051//3051
f 3052//3052 3054//3054 3053//3053
f 3052//3052 3053//3053 3055//3055
f 3056//3056 3058//3058 3057//3057
f 3056//3056 3057//3057 3059//3059
f 3060//3060 3062//3062 3061//3061
f 3060//3060 3061//3061 3063//3063
f 3064//3064 3066//3066 3065//3065
f 3064//3064 3065//3065 3067//3067
f 3068//3068 3070//3070 3069//3069
f 3068//3068 3069//3069 3071//3071
f 3072//3072 3074//3074 3073//3073
f 3072//3072 3073//3073 3075//3075
f 3076//3076 3078//3078 3077//3077
f 3076//3076 3077//3077 3079//3079
f 3080//3080 3082//3082 3081//3081
f 3080//3080 3081//3081 3083//3083
g tool_white
usemtl white
v -0.10000 0.48000 0.07200
v -0.10260 0.18000 0.07650
v -0.10000 0.18000 0.07200
v -0.10260 0.48000 0.07650
v -0.10260 0.48000 0.07650
v -0.09740 0.18000 0.07650
v -0.10260 0.18000 0.07650
v -0.09740 0.48000 0.07650
v -0.10260 0.18000 0.07650
v -0.09740 0.18000 0.07650
v -0.10000 0.18000 0.07200
v -0.09740 0.48000 0.07650
v -0.10000 0.18000 0.07200
v -0.09740 0.18000 0.07650
v -0.10000 0.48000 0.07200
v -0.10000 0.48000 0.07200
v -0.09740 0.48000 0.07650
v -0.10260 0.48000 0.07650
vn -0.1396 0.9869 0.0806
vn -0.1396 0.9869 0.0806
vn -0.1396 0.9869 0.0806
vn -0.1396 0.9869 0.0806
vn -0.0000 -0.0000 1.0000
vn -0.0000 -0.0000 1.0000
vn -0.0000 -0.0000 1.0000
vn -0.0000 -0.0000 1.0000
vn -0.0000 -0.7071 0.7071
vn -0.0000 -0.7071 0.7071
vn -0.0000 -0.7071 0.7071
vn 0.8596 -0.1216 0.4963
vn 0.8596 -0.1216 0.4963
vn 0.8596 -0.1216 0.4963
vn 0.8596 -0.1216 0.4963
vn -0.0000 0.7071 0.7071
vn -0.0000 0.7071 0.7071
vn -0.0000 0.7071 0.7071
f 3084//3084 3086//3086 3085//3085
f 3084//3084 3085//3085 3087//3087
f 3088//3088 3090//3090 3089//3089
f 3088//3088 3089//3089 3091//3091
f 3092//3092 3094//3094 3093//3093
f 3095//3095 3097//3097 3096//3096
f 3095//3095 3096//3096 3098//3098
f 3099//3099 3101//3101 3100//3100
