mtllib knight.mtl
o body
g body_metal_dark
usemtl metal_dark
v -0.03350 0.28600 0.07500
v -0.06650 0.31400 0.07500
v -0.03350 0.31400 0.07500
v -0.06650 0.28600 0.07500
v -0.02750 0.28600 -0.02900
v -0.02750 0.31400 0.06900
v -0.02750 0.31400 -0.02900
v -0.02750 0.28600 0.06900
v -0.03350 0.32000 -0.02900
v -0.06650 0.32000 0.06900
v -0.06650 0.32000 -0.02900
v -0.03350 0.32000 0.06900
v -0.07250 0.28600 0.06900
v -0.07250 0.31400 -0.02900
v -0.07250 0.31400 0.06900
v -0.07250 0.28600 -0.02900
v -0.06650 0.28600 -0.03500
v -0.03350 0.31400 -0.03500
v -0.06650 0.31400 -0.03500
v -0.03350 0.28600 -0.03500
v -0.06650 0.28000 0.06900
v -0.07250 0.28600 0.06900
v -0.06650 0.28600 0.07500
v -0.06650 0.31400 0.07500
v -0.07250 0.31400 0.06900
v -0.06650 0.32000 0.06900
v -0.06650 0.28000 -0.02900
v -0.06650 0.28600 -0.03500
v -0.07250 0.28600 -0.02900
v -0.06650 0.32000 -0.02900
v -0.07250 0.31400 -0.02900
v -0.06650 0.31400 -0.03500
v -0.03350 0.28000 0.06900
v -0.03350 0.28600 0.07500
v -0.02750 0.28600 0.06900
v -0.03350 0.32000 0.06900
v -0.02750 0.31400 0.06900
v -0.03350 0.31400 0.07500
v -0.03350 0.28000 -0.02900
v -0.02750 0.28600 -0.02900
v -0.03350 0.28600 -0.03500
v -0.03350 0.32000 -0.02900
v -0.03350 0.31400 -0.03500
v -0.02750 0.31400 -0.02900
v -0.06650 0.28000 -0.02900
v -0.07250 0.28600 0.06900
v -0.06650 0.28000 0.06900
v -0.07250 0.28600 -0.02900
v -0.06650 0.28600 0.07500
v -0.07250 0.31400 0.06900
v -0.06650 0.31400 0.07500
v -0.07250 0.28600 0.06900
v -0.06650 0.32000 0.06900
v -0.07250 0.31400 -0.02900
v -0.06650 0.32000 -0.02900
v -0.07250 0.31400 0.06900
v -0.06650 0.31400 -0.03500
v -0.07250 0.28600 -0.02900
v -0.06650 0.28600 -0.03500
v -0.07250 0.31400 -0.02900
v -0.03350 0.28000 -0.02900
v -0.06650 0.28600 -0.03500
v -0.06650 0.28000 -0.02900
v -0.03350 0.28600 -0.03500
v -0.06650 0.32000 -0.02900
v -0.03350 0.31400 -0.03500
v -0.03350 0.32000 -0.02900
v -0.06650 0.31400 -0.03500
v -0.02750 0.31400 -0.02900
v -0.03350 0.28600 -0.03500
v -0.02750 0.28600 -0.02900
v -0.03350 0.31400 -0.03500
v -0.03350 0.28000 0.06900
v -0.02750 0.28600 -0.02900
v -0.03350 0.28000 -0.02900
v -0.02750 0.28600 0.06900
v -0.03350 0.32000 -0.02900
v -0.02750 0.31400 0.06900
v -0.03350 0.32000 0.06900
v -0.02750 0.31400 -0.02900
v -0.03350 0.31400 0.07500
v -0.02750 0.28600 0.06900
v -0.03350 0.28600 0.07500
v -0.02750 0.31400 0.06900
v -0.06650 0.28000 0.06900
v -0.03350 0.28600 0.07500
v -0.03350 0.28000 0.06900
v -0.06650 0.28600 0.07500
v -0.03350 0.32000 0.06900
v -0.06650 0.31400 0.07500
v -0.06650 0.32000 0.06900
v -0.03350 0.31400 0.07500
v -0.06650 0.28000 -0.02900
v -0.03350 0.28000 0.06900
v -0.03350 0.28000 -0.02900
v -0.06650 0.28000 0.06900
v -0.06100 0.19600 0.08250
v -0.08900 0.28400 0.08250
v -0.06100 0.28400 0.08250
v -0.08900 0.19600 0.08250
v -0.05500 0.19600 0.04350
v -0.05500 0.28400 0.07650
v -0.05500 0.28400 0.04350
v -0.05500 0.19600 0.07650
v -0.06100 0.29000 0.04350
v -0.08900 0.29000 0.07650
v -0.08900 0.29000 0.04350
v -0.06100 0.29000 0.07650
v -0.09500 0.19600 0.07650
v -0.09500 0.28400 0.04350
v -0.09500 0.28400 0.07650
v -0.09500 0.19600 0.04350
v -0.08900 0.19600 0.03750
v -0.06100 0.28400 0.03750
v -0.08900 0.28400 0.03750
v -0.06100 0.19600 0.03750
v -0.08900 0.19000 0.07650
v -0.09500 0.19600 0.07650
v -0.08900 0.19600 0.08250
v -0.08900 0.28400 0.08250
v -0.09500 0.28400 0.07650
v -0.08900 0.29000 0.07650
v -0.08900 0.19000 0.04350
v -0.08900 0.19600 0.03750
v -0.09500 0.19600 0.04350
v -0.08900 0.29000 0.04350
v -0.09500 0.28400 0.04350
v -0.08900 0.28400 0.03750
v -0.06100 0.19000 0.07650
v -0.06100 0.19600 0.08250
v -0.05500 0.19600 0.07650
v -0.06100 0.29000 0.07650
v -0.05500 0.28400 0.07650
v -0.06100 0.28400 0.08250
v -0.06100 0.19000 0.04350
v -0.05500 0.19600 0.04350
v -0.06100 0.19600 0.03750
v -0.06100 0.29000 0.04350
v -0.06100 0.28400 0.03750
v -0.05500 0.28400 0.04350
v -0.08900 0.19000 0.04350
v -0.09500 0.19600 0.07650
v -0.08900 0.19000 0.07650
v -0.09500 0.19600 0.04350
v -0.08900 0.19600 0.08250
v -0.09500 0.28400 0.07650
v -0.08900 0.28400 0.08250
v -0.09500 0.19600 0.07650
v -0.08900 0.29000 0.07650
v -0.09500 0.28400 0.04350
v -0.08900 0.29000 0.04350
v -0.09500 0.28400 0.07650
v -0.08900 0.28400 0.03750
v -0.09500 0.19600 0.04350
v -0.08900 0.19600 0.03750
v -0.09500 0.28400 0.04350
v -0.06100 0.19000 0.04350
v -0.08900 0.19600 0.03750
v -0.08900 0.19000 0.04350
v -0.06100 0.19600 0.03750
v -0.08900 0.29000 0.04350
v -0.06100 0.28400 0.03750
v -0.06100 0.29000 0.04350
v -0.08900 0.28400 0.03750
v -0.05500 0.28400 0.04350
v -0.06100 0.19600 0.03750
v -0.05500 0.19600 0.04350
v -0.06100 0.28400 0.03750
v -0.06100 0.19000 0.07650
v -0.05500 0.19600 0.04350
v -0.06100 0.19000 0.04350
v -0.05500 0.19600 0.07650
v -0.06100 0.29000 0.04350
v -0.05500 0.28400 0.07650
v -0.06100 0.29000 0.07650
v -0.05500 0.28400 0.04350
v -0.06100 0.28400 0.08250
v -0.05500 0.19600 0.07650
v -0.06100 0.19600 0.08250
v -0.05500 0.28400 0.07650
v -0.08900 0.19000 0.07650
v -0.06100 0.19600 0.08250
v -0.06100 0.19000 0.07650
v -0.08900 0.19600 0.08250
v -0.06100 0.29000 0.07650
v -0.08900 0.28400 0.08250
v -0.08900 0.29000 0.07650
v -0.06100 0.28400 0.08250
v -0.08900 0.19000 0.04350
v -0.06100 0.19000 0.07650
v -0.06100 0.19000 0.04350
v -0.08900 0.19000 0.07650
v -0.05850 0.18100 0.10750
v -0.09150 0.19900 0.10750
v -0.05850 0.19900 0.10750
v -0.09150 0.18100 0.10750
v -0.05250 0.18100 0.04850
v -0.05250 0.19900 0.10150
v -0.05250 0.19900 0.04850
v -0.05250 0.18100 0.10150
v -0.05850 0.20500 0.04850
v -0.09150 0.20500 0.10150
v -0.09150 0.20500 0.04850
v -0.05850 0.20500 0.10150
v -0.09750 0.18100 0.10150
v -0.09750 0.19900 0.04850
v -0.09750 0.19900 0.10150
v -0.09750 0.18100 0.04850
v -0.09150 0.18100 0.04250
v -0.05850 0.19900 0.04250
v -0.09150 0.19900 0.04250
v -0.05850 0.18100 0.04250
v -0.09150 0.17500 0.10150
v -0.09750 0.18100 0.10150
v -0.09150 0.18100 0.10750
v -0.09150 0.19900 0.10750
v -0.09750 0.19900 0.10150
v -0.09150 0.20500 0.10150
v -0.09150 0.17500 0.04850
v -0.09150 0.18100 0.04250
v -0.09750 0.18100 0.04850
v -0.09150 0.20500 0.04850
v -0.09750 0.19900 0.04850
v -0.09150 0.19900 0.04250
v -0.05850 0.17500 0.10150
v -0.05850 0.18100 0.10750
v -0.05250 0.18100 0.10150
v -0.05850 0.20500 0.10150
v -0.05250 0.19900 0.10150
v -0.05850 0.19900 0.10750
v -0.05850 0.17500 0.04850
v -0.05250 0.18100 0.04850
v -0.05850 0.18100 0.04250
v -0.05850 0.20500 0.04850
v -0.05850 0.19900 0.04250
v -0.05250 0.19900 0.04850
v -0.09150 0.17500 0.04850
v -0.09750 0.18100 0.10150
v -0.09150 0.17500 0.10150
v -0.09750 0.18100 0.04850
v -0.09150 0.18100 0.10750
v -0.09750 0.19900 0.10150
v -0.09150 0.19900 0.10750
v -0.09750 0.18100 0.10150
v -0.09150 0.20500 0.10150
v -0.09750 0.19900 0.04850
v -0.09150 0.20500 0.04850
v -0.09750 0.19900 0.10150
v -0.09150 0.19900 0.04250
v -0.09750 0.18100 0.04850
v -0.09150 0.18100 0.04250
v -0.09750 0.19900 0.04850
v -0.05850 0.17500 0.04850
v -0.09150 0.18100 0.04250
v -0.09150 0.17500 0.04850
v -0.05850 0.18100 0.04250
v -0.09150 0.20500 0.04850
v -0.05850 0.19900 0.04250
v -0.05850 0.20500 0.04850
v -0.09150 0.19900 0.04250
v -0.05250 0.19900 0.04850
v -0.05850 0.18100 0.04250
v -0.05250 0.18100 0.04850
v -0.05850 0.19900 0.04250
v -0.05850 0.17500 0.10150
v -0.05250 0.18100 0.04850
v -0.05850 0.17500 0.04850
v -0.05250 0.18100 0.10150
v -0.05850 0.20500 0.04850
v -0.05250 0.19900 0.10150
v -0.05850 0.20500 0.10150
v -0.05250 0.19900 0.04850
v -0.05850 0.19900 0.10750
v -0.05250 0.18100 0.10150
v -0.05850 0.18100 0.10750
v -0.05250 0.19900 0.10150
v -0.09150 0.17500 0.10150
v -0.05850 0.18100 0.10750
v -0.05850 0.17500 0.10150
v -0.09150 0.18100 0.10750
v -0.05850 0.20500 0.10150
v -0.09150 0.19900 0.10750
v -0.09150 0.20500 0.10150
v -0.05850 0.19900 0.10750
v -0.09150 0.17500 0.04850
v -0.05850 0.17500 0.10150
v -0.05850 0.17500 0.04850
v -0.09150 0.17500 0.10150
v 0.06650 0.28600 0.07500
v 0.03350 0.31400 0.07500
v 0.06650 0.31400 0.07500
v 0.03350 0.28600 0.07500
v 0.07250 0.28600 -0.02900
v 0.07250 0.31400 0.06900
v 0.07250 0.31400 -0.02900
v 0.07250 0.28600 0.06900
v 0.06650 0.32000 -0.02900
v 0.03350 0.32000 0.06900
v 0.03350 0.32000 -0.02900
v 0.06650 0.32000 0.06900
v 0.02750 0.28600 0.06900
v 0.02750 0.31400 -0.02900
v 0.02750 0.31400 0.06900
v 0.02750 0.28600 -0.02900
v 0.03350 0.28600 -0.03500
v 0.06650 0.31400 -0.03500
v 0.03350 0.31400 -0.03500
v 0.06650 0.28600 -0.03500
v 0.03350 0.28000 0.06900
v 0.02750 0.28600 0.06900
v 0.03350 0.28600 0.07500
v 0.03350 0.31400 0.07500
v 0.02750 0.31400 0.06900
v 0.03350 0.32000 0.06900
v 0.03350 0.28000 -0.02900
v 0.03350 0.28600 -0.03500
v 0.02750 0.28600 -0.02900
v 0.03350 0.32000 -0.02900
v 0.02750 0.31400 -0.02900
v 0.03350 0.31400 -0.03500
v 0.06650 0.28000 0.06900
v 0.06650 0.28600 0.07500
v 0.07250 0.28600 0.06900
v 0.06650 0.32000 0.06900
v 0.07250 0.31400 0.06900
v 0.06650 0.31400 0.07500
v 0.06650 0.28000 -0.02900
v 0.07250 0.28600 -0.02900
v 0.06650 0.28600 -0.03500
v 0.06650 0.32000 -0.02900
v 0.06650 0.31400 -0.03500
v 0.07250 0.31400 -0.02900
v 0.03350 0.28000 -0.02900
v 0.02750 0.28600 0.06900
v 0.03350 0.28000 0.06900
v 0.02750 0.28600 -0.02900
v 0.03350 0.28600 0.07500
v 0.02750 0.31400 0.06900
v 0.03350 0.31400 0.07500
v 0.02750 0.28600 0.06900
v 0.03350 0.32000 0.06900
v 0.02750 0.31400 -0.02900
v 0.03350 0.32000 -0.02900
v 0.02750 0.31400 0.06900
v 0.03350 0.31400 -0.03500
v 0.02750 0.28600 -0.02900
v 0.03350 0.28600 -0.03500
v 0.02750 0.31400 -0.02900
v 0.06650 0.28000 -0.02900
v 0.03350 0.28600 -0.03500
v 0.03350 0.28000 -0.02900
v 0.06650 0.28600 -0.03500
v 0.03350 0.32000 -0.02900
v 0.06650 0.31400 -0.03500
v 0.06650 0.32000 -0.02900
v 0.03350 0.31400 -0.03500
v 0.07250 0.31400 -0.02900
v 0.06650 0.28600 -0.03500
v 0.07250 0.28600 -0.02900
v 0.06650 0.31400 -0.03500
v 0.06650 0.28000 0.06900
v 0.07250 0.28600 -0.02900
v 0.06650 0.28000 -0.02900
v 0.07250 0.28600 0.06900
v 0.06650 0.32000 -0.02900
v 0.07250 0.31400 0.06900
v 0.06650 0.32000 0.06900
v 0.07250 0.31400 -0.02900
v 0.06650 0.31400 0.07500
v 0.07250 0.28600 0.06900
v 0.06650 0.28600 0.07500
v 0.07250 0.31400 0.06900
v 0.03350 0.28000 0.06900
v 0.06650 0.28600 0.07500
v 0.06650 0.28000 0.06900
v 0.03350 0.28600 0.07500
v 0.06650 0.32000 0.06900
v 0.03350 0.31400 0.07500
v 0.03350 0.32000 0.06900
v 0.06650 0.31400 0.07500
v 0.03350 0.28000 -0.02900
v 0.06650 0.28000 0.06900
v 0.06650 0.28000 -0.02900
v 0.03350 0.28000 0.06900
v 0.08900 0.19600 0.08250
v 0.06100 0.28400 0.08250
v 0.08900 0.28400 0.08250
v 0.06100 0.19600 0.08250
v 0.09500 0.19600 0.04350
v 0.09500 0.28400 0.07650
v 0.09500 0.28400 0.04350
v 0.09500 0.19600 0.07650
v 0.08900 0.29000 0.04350
v 0.06100 0.29000 0.07650
v 0.06100 0.29000 0.04350
v 0.08900 0.29000 0.07650
v 0.05500 0.19600 0.07650
v 0.05500 0.28400 0.04350
v 0.05500 0.28400 0.07650
v 0.05500 0.19600 0.04350
v 0.06100 0.19600 0.03750
v 0.08900 0.28400 0.03750
v 0.06100 0.28400 0.03750
v 0.08900 0.19600 0.03750
v 0.06100 0.19000 0.07650
v 0.05500 0.19600 0.07650
v 0.06100 0.19600 0.08250
v 0.06100 0.28400 0.08250
v 0.05500 0.28400 0.07650
v 0.06100 0.29000 0.07650
v 0.06100 0.19000 0.04350
v 0.06100 0.19600 0.03750
v 0.05500 0.19600 0.04350
v 0.06100 0.29000 0.04350
v 0.05500 0.28400 0.04350
v 0.06100 0.28400 0.03750
v 0.08900 0.19000 0.07650
v 0.08900 0.19600 0.08250
v 0.09500 0.19600 0.07650
v 0.08900 0.29000 0.07650
v 0.09500 0.28400 0.07650
v 0.08900 0.28400 0.08250
v 0.08900 0.19000 0.04350
v 0.09500 0.19600 0.04350
v 0.08900 0.19600 0.03750
v 0.08900 0.29000 0.04350
v 0.08900 0.28400 0.03750
v 0.09500 0.28400 0.04350
v 0.06100 0.19000 0.04350
v 0.05500 0.19600 0.07650
v 0.06100 0.19000 0.07650
v 0.05500 0.19600 0.04350
v 0.06100 0.19600 0.08250
v 0.05500 0.28400 0.07650
v 0.06100 0.28400 0.08250
v 0.05500 0.19600 0.07650
v 0.06100 0.29000 0.07650
v 0.05500 0.28400 0.04350
v 0.06100 0.29000 0.04350
v 0.05500 0.28400 0.07650
v 0.06100 0.28400 0.03750
v 0.05500 0.19600 0.04350
v 0.06100 0.19600 0.03750
v 0.05500 0.28400 0.04350
v 0.08900 0.19000 0.04350
v 0.06100 0.19600 0.03750
v 0.06100 0.19000 0.04350
v 0.08900 0.19600 0.03750
v 0.06100 0.29000 0.04350
v 0.08900 0.28400 0.03750
v 0.08900 0.29000 0.04350
v 0.06100 0.28400 0.03750
v 0.09500 0.28400 0.04350
v 0.08900 0.19600 0.03750
v 0.09500 0.19600 0.04350
v 0.08900 0.28400 0.03750
v 0.08900 0.19000 0.07650
v 0.09500 0.19600 0.04350
v 0.08900 0.19000 0.04350
v 0.09500 0.19600 0.07650
v 0.08900 0.29000 0.04350
v 0.09500 0.28400 0.07650
v 0.08900 0.29000 0.07650
v 0.09500 0.28400 0.04350
v 0.08900 0.28400 0.08250
v 0.09500 0.19600 0.07650
v 0.08900 0.19600 0.08250
v 0.09500 0.28400 0.07650
v 0.06100 0.19000 0.07650
v 0.08900 0.19600 0.08250
v 0.08900 0.19000 0.07650
v 0.06100 0.19600 0.08250
v 0.08900 0.29000 0.07650
v 0.06100 0.28400 0.08250
v 0.06100 0.29000 0.07650
v 0.08900 0.28400 0.08250
v 0.06100 0.19000 0.04350
v 0.08900 0.19000 0.07650
v 0.08900 0.19000 0.04350
v 0.06100 0.19000 0.07650
v 0.09150 0.18100 0.10750
v 0.05850 0.19900 0.10750
v 0.09150 0.19900 0.10750
v 0.05850 0.18100 0.10750
v 0.09750 0.18100 0.04850
v 0.09750 0.19900 0.10150
v 0.09750 0.19900 0.04850
v 0.09750 0.18100 0.10150
v 0.09150 0.20500 0.04850
v 0.05850 0.20500 0.10150
v 0.05850 0.20500 0.04850
v 0.09150 0.20500 0.10150
v 0.05250 0.18100 0.10150
v 0.05250 0.19900 0.04850
v 0.05250 0.19900 0.10150
v 0.05250 0.18100 0.04850
v 0.05850 0.18100 0.04250
v 0.09150 0.19900 0.04250
v 0.05850 0.19900 0.04250
v 0.09150 0.18100 0.04250
v 0.05850 0.17500 0.10150
v 0.05250 0.18100 0.10150
v 0.05850 0.18100 0.10750
v 0.05850 0.19900 0.10750
v 0.05250 0.19900 0.10150
v 0.05850 0.20500 0.10150
v 0.05850 0.17500 0.04850
v 0.05850 0.18100 0.04250
v 0.05250 0.18100 0.04850
v 0.05850 0.20500 0.04850
v 0.05250 0.19900 0.04850
v 0.05850 0.19900 0.04250
v 0.09150 0.17500 0.10150
v 0.09150 0.18100 0.10750
v 0.09750 0.18100 0.10150
v 0.09150 0.20500 0.10150
v 0.09750 0.19900 0.10150
v 0.09150 0.19900 0.10750
v 0.09150 0.17500 0.04850
v 0.09750 0.18100 0.04850
v 0.09150 0.18100 0.04250
v 0.09150 0.20500 0.04850
v 0.09150 0.19900 0.04250
v 0.09750 0.19900 0.04850
v 0.05850 0.17500 0.04850
v 0.05250 0.18100 0.10150
v 0.05850 0.17500 0.10150
v 0.05250 0.18100 0.04850
v 0.05850 0.18100 0.10750
v 0.05250 0.19900 0.10150
v 0.05850 0.19900 0.10750
v 0.05250 0.18100 0.10150
v 0.05850 0.20500 0.10150
v 0.05250 0.19900 0.04850
v 0.05850 0.20500 0.04850
v 0.05250 0.19900 0.10150
v 0.05850 0.19900 0.04250
v 0.05250 0.18100 0.04850
v 0.05850 0.18100 0.04250
v 0.05250 0.19900 0.04850
v 0.09150 0.17500 0.04850
v 0.05850 0.18100 0.04250
v 0.05850 0.17500 0.04850
v 0.09150 0.18100 0.04250
v 0.05850 0.20500 0.04850
v 0.09150 0.19900 0.04250
v 0.09150 0.20500 0.04850
v 0.05850 0.19900 0.04250
v 0.09750 0.19900 0.04850
v 0.09150 0.18100 0.04250
v 0.09750 0.18100 0.04850
v 0.09150 0.19900 0.04250
v 0.09150 0.17500 0.10150
v 0.09750 0.18100 0.04850
v 0.09150 0.17500 0.04850
v 0.09750 0.18100 0.10150
v 0.09150 0.20500 0.04850
v 0.09750 0.19900 0.10150
v 0.09150 0.20500 0.10150
v 0.09750 0.19900 0.04850
v 0.09150 0.19900 0.10750
v 0.09750 0.18100 0.10150
v 0.09150 0.18100 0.10750
v 0.09750 0.19900 0.10150
v 0.05850 0.17500 0.10150
v 0.09150 0.18100 0.10750
v 0.09150 0.17500 0.10150
v 0.05850 0.18100 0.10750
v 0.09150 0.20500 0.10150
v 0.05850 0.19900 0.10750
v 0.05850 0.20500 0.10150
v 0.09150 0.19900 0.10750
v 0.05850 0.17500 0.04850
v 0.09150 0.17500 0.10150
v 0.09150 0.17500 0.04850
v 0.05850 0.17500 0.10150
vn -0.0000 -0.0000 1.0000
vn -0.0000 -0.0000 1.0000
vn -0.0000 -0.0000 1.0000
vn -0.0000 -0.0000 1.0000
vn 1.0000 0.0000 -0.0000
vn 1.0000 0.0000 -0.0000
vn 1.0000 0.0000 -0.0000
vn 1.0000 0.0000 -0.0000
vn 0.0000 1.0000 -0.0000
vn 0.0000 1.0000 -0.0000
vn 0.0000 1.0000 -0.0000
vn 0.0000 1.0000 -0.0000
vn -1.0000 0.0000 -0.0000
vn -1.0000 0.0000 -0.0000
vn -1.0000 0.0000 -0.0000
vn -1.0000 0.0000 -0.0000
vn 0.0000 0.0000 -1.0000
vn 0.0000 0.0000 -1.0000
vn 0.0000 0.0000 -1.0000
vn 0.0000 0.0000 -1.0000
vn -0.5775 -0.5774 0.5772
vn -0.5775 -0.5774 0.5772
vn -0.5775 -0.5774 0.5772
vn -0.5774 0.5774 0.5773
vn -0.5774 0.5774 0.5773
vn -0.5774 0.5774 0.5773
vn -0.5774 -0.5773 -0.5774
vn -0.5774 -0.5773 -0.5774
vn -0.5774 -0.5773 -0.5774
vn -0.5773 0.5774 -0.5774
vn -0.5773 0.5774 -0.5774
vn -0.5773 0.5774 -0.5774
vn 0.5774 -0.5774 0.5773
vn 0.5774 -0.5774 0.5773
vn 0.5774 -0.5774 0.5773
vn 0.5774 0.5774 0.5774
vn 0.5774 0.5774 0.5774
vn 0.5774 0.5774 0.5774
vn 0.5774 -0.5773 -0.5774
vn 0.5774 -0.5773 -0.5774
vn 0.5774 -0.5773 -0.5774
vn 0.5773 0.5774 -0.5773
vn 0.5773 0.5774 -0.5773
vn 0.5773 0.5774 -0.5773
vn -0.7071 -0.7071 -0.0001
vn -0.7071 -0.7071 -0.0001
vn -0.7071 -0.7071 -0.0001
vn -0.7071 -0.7071 -0.0001
vn -0.7071 -0.0000 0.7071
vn -0.7071 -0.0000 0.7071
vn -0.7071 -0.0000 0.7071
vn -0.7071 -0.0000 0.7071
vn -0.7071 0.7071 -0.0000
vn -0.7071 0.7071 -0.0000
vn -0.7071 0.7071 -0.0000
vn -0.7071 0.7071 -0.0000
vn -0.7071 0.0000 -0.7071
vn -0.7071 0.0000 -0.7071
vn -0.7071 0.0000 -0.7071
vn -0.7071 0.0000 -0.7071
vn 0.0000 -0.7071 -0.7071
vn 0.0000 -0.7071 -0.7071
vn 0.0000 -0.7071 -0.7071
vn 0.0000 -0.7071 -0.7071
vn 0.0000 0.7071 -0.7071
vn 0.0000 0.7071 -0.7071
vn 0.0000 0.7071 -0.7071
vn 0.0000 0.7071 -0.7071
vn 0.7071 0.0000 -0.7071
vn 0.7071 0.0000 -0.7071
vn 0.7071 0.0000 -0.7071
vn 0.7071 0.0000 -0.7071
vn 0.7071 -0.7071 -0.0000
vn 0.7071 -0.7071 -0.0000
vn 0.7071 -0.7071 -0.0000
vn 0.7071 -0.7071 -0.0000
vn 0.7071 0.7071 0.0000
vn 0.7071 0.7071 0.0000
vn 0.7071 0.7071 0.0000
vn 0.7071 0.7071 0.0000
vn 0.7071 -0.0000 0.7071
vn 0.7071 -0.0000 0.7071
vn 0.7071 -0.0000 0.7071
vn 0.7071 -0.0000 0.7071
vn -0.0000 -0.7071 0.7071
vn -0.0000 -0.7071 0.7071
vn -0.0000 -0.7071 0.7071
vn -0.0000 -0.7071 0.7071
vn -0.0000 0.7071 0.7071
vn -0.0000 0.7071 0.7071
vn -0.0000 0.7071 0.7071
vn -0.0000 0.7071 0.7071
vn 0.0000 -1.0000 -0.0000
vn 0.0000 -1.0000 -0.0000
vn 0.0000 -1.0000 -0.0000
vn 0.0000 -1.0000 -0.0000
vn -0.0000 -0.0000 1.0000
vn -0.0000 -0.0000 1.0000
vn -0.0000 -0.0000 1.0000
vn -0.0000 -0.0000 1.0000
vn 1.0000 0.0000 -0.0000
vn 1.0000 0.0000 -0.0000
vn 1.0000 0.0000 -0.0000
vn 1.0000 0.0000 -0.0000
vn 0.0000 1.0000 -0.0000
vn 0.0000 1.0000 -0.0000
vn 0.0000 1.0000 -0.0000
vn 0.0000 1.0000 -0.0000
vn -1.0000 0.0000 -0.0000
vn -1.0000 0.0000 -0.0000
vn -1.0000 0.0000 -0.0000
vn -1.0000 0.0000 -0.0000
vn 0.0000 0.0000 -1.0000
vn 0.0000 0.0000 -1.0000
vn 0.0000 0.0000 -1.0000
vn 0.0000 0.0000 -1.0000
vn -0.5774 -0.5774 0.5772
vn -0.5774 -0.5774 0.5772
vn -0.5774 -0.5774 0.5772
vn -0.5774 0.5774 0.5773
vn -0.5774 0.5774 0.5773
vn -0.5774 0.5774 0.5773
vn -0.5774 -0.5773 -0.5774
vn -0.5774 -0.5773 -0.5774
vn -0.5774 -0.5773 -0.5774
vn -0.5774 0.5773 -0.5774
vn -0.5774 0.5773 -0.5774
vn -0.5774 0.5773 -0.5774
vn 0.5774 -0.5774 0.5773
vn 0.5774 -0.5774 0.5773
vn 0.5774 -0.5774 0.5773
vn 0.5774 0.5774 0.5774
vn 0.5774 0.5774 0.5774
vn 0.5774 0.5774 0.5774
vn 0.5774 -0.5774 -0.5772
vn 0.5774 -0.5774 -0.5772
vn 0.5774 -0.5774 -0.5772
vn 0.5774 0.5774 -0.5772
vn 0.5774 0.5774 -0.5772
vn 0.5774 0.5774 -0.5772
vn -0.7071 -0.7071 -0.0001
vn -0.7071 -0.7071 -0.0001
vn -0.7071 -0.7071 -0.0001
vn -0.7071 -0.7071 -0.0001
vn -0.7071 -0.0000 0.7071
vn -0.7071 -0.0000 0.7071
vn -0.7071 -0.0000 0.7071
vn -0.7071 -0.0000 0.7071
vn -0.7071 0.7071 -0.0000
vn -0.7071 0.7071 -0.0000
vn -0.7071 0.7071 -0.0000
vn -0.7071 0.7071 -0.0000
vn -0.7071 0.0000 -0.7071
vn -0.7071 0.0000 -0.7071
vn -0.7071 0.0000 -0.7071
vn -0.7071 0.0000 -0.7071
vn 0.0000 -0.7071 -0.7071
vn 0.0000 -0.7071 -0.7071
vn 0.0000 -0.7071 -0.7071
vn 0.0000 -0.7071 -0.7071
vn 0.0000 0.7071 -0.7071
vn 0.0000 0.7071 -0.7071
vn 0.0000 0.7071 -0.7071
vn 0.0000 0.7071 -0.7071
vn 0.7071 0.0000 -0.7071
vn 0.7071 0.0000 -0.7071
vn 0.7071 0.0000 -0.7071
vn 0.7071 0.0000 -0.7071
vn 0.7071 -0.7071 -0.0000
vn 0.7071 -0.7071 -0.0000
vn 0.7071 -0.7071 -0.0000
vn 0.7071 -0.7071 -0.0000
vn 0.7071 0.7071 0.0000
vn 0.7071 0.7071 0.0000
vn 0.7071 0.7071 0.0000
vn 0.7071 0.7071 0.0000
vn 0.7071 -0.0000 0.7071
vn 0.7071 -0.0000 0.7071
vn 0.7071 -0.0000 0.7071
vn 0.7071 -0.0000 0.7071
vn -0.0000 -0.7071 0.7071
vn -0.0000 -0.7071 0.7071
vn -0.0000 -0.7071 0.7071
vn -0.0000 -0.7071 0.7071
vn -0.0000 0.7071 0.7071
vn -0.0000 0.7071 0.7071
vn -0.0000 0.7071 0.7071
vn -0.0000 0.7071 0.7071
vn 0.0000 -1.0000 -0.0000
vn 0.0000 -1.0000 -0.0000
vn 0.0000 -1.0000 -0.0000
vn 0.0000 -1.0000 -0.0000
vn -0.0000 -0.0000 1.0000
vn -0.0000 -0.0000 1.0000
vn -0.0000 -0.0000 1.0000
vn -0.0000 -0.0000 1.0000
vn 1.0000 0.0000 -0.0000
vn 1.0000 0.0000 -0.0000
vn 1.0000 0.0000 -0.0000
vn 1.0000 0.0000 -0.0000
vn 0.0000 1.0000 -0.0000
vn 0.0000 1.0000 -0.0000
vn 0.0000 1.0000 -0.0000
vn 0.0000 1.0000 -0.0000
vn -1.0000 0.0000 -0.0000
vn -1.0000 0.0000 -0.0000
vn -1.0000 0.0000 -0.0000
vn -1.0000 0.0000 -0.0000
vn 0.0000 0.0000 -1.0000
vn 0.0000 0.0000 -1.0000
vn 0.0000 0.0000 -1.0000
vn 0.0000 0.0000 -1.0000
vn -0.5773 -0.5774 0.5774
vn -0.5773 -0.5774 0.5774
vn -0.5773 -0.5774 0.5774
vn -0.5774 0.5774 0.5773
vn -0.5774 0.5774 0.5773
vn -0.5774 0.5774 0.5773
vn -0.5773 -0.5774 -0.5774
vn -0.5773 -0.5774 -0.5774
vn -0.5773 -0.5774 -0.5774
vn -0.5773 0.5774 -0.5774
vn -0.5773 0.5774 -0.5774
vn -0.5773 0.5774 -0.5774
vn 0.5772 -0.5774 0.5774
vn 0.5772 -0.5774 0.5774
vn 0.5772 -0.5774 0.5774
vn 0.5774 0.5772 0.5775
vn 0.5774 0.5772 0.5775
vn 0.5774 0.5772 0.5775
vn 0.5773 -0.5774 -0.5774
vn 0.5773 -0.5774 -0.5774
vn 0.5773 -0.5774 -0.5774
vn 0.5773 0.5774 -0.5773
vn 0.5773 0.5774 -0.5773
vn 0.5773 0.5774 -0.5773
vn -0.7071 -0.7071 -0.0001
vn -0.7071 -0.7071 -0.0001
vn -0.7071 -0.7071 -0.0001
vn -0.7071 -0.7071 -0.0001
vn -0.7071 -0.0000 0.7071
vn -0.7071 -0.0000 0.7071
vn -0.7071 -0.0000 0.7071
vn -0.7071 -0.0000 0.7071
vn -0.7071 0.7071 -0.0000
vn -0.7071 0.7071 -0.0000
vn -0.7071 0.7071 -0.0000
vn -0.7071 0.7071 -0.0000
vn -0.7071 0.0000 -0.7071
vn -0.7071 0.0000 -0.7071
vn -0.7071 0.0000 -0.7071
vn -0.7071 0.0000 -0.7071
vn 0.0000 -0.7071 -0.7071
vn 0.0000 -0.7071 -0.7071
vn 0.0000 -0.7071 -0.7071
vn 0.0000 -0.7071 -0.7071
vn 0.0000 0.7071 -0.7071
vn 0.0000 0.7071 -0.7071
vn 0.0000 0.7071 -0.7071
vn 0.0000 0.7071 -0.7071
vn 0.7071 0.0000 -0.7071
vn 0.7071 0.0000 -0.7071
vn 0.7071 0.0000 -0.7071
vn 0.7071 0.0000 -0.7071
vn 0.7071 -0.7071 -0.0000
vn 0.7071 -0.7071 -0.0000
vn 0.7071 -0.7071 -0.0000
vn 0.7071 -0.7071 -0.0000
vn 0.7071 0.7071 0.0000
vn 0.7071 0.7071 0.0000
vn 0.7071 0.7071 0.0000
vn 0.7071 0.7071 0.0000
vn 0.7071 -0.0000 0.7071
vn 0.7071 -0.0000 0.7071
vn 0.7071 -0.0000 0.7071
vn 0.7071 -0.0000 0.7071
vn -0.0000 -0.7071 0.7071
vn -0.0000 -0.7071 0.7071
vn -0.0000 -0.7071 0.7071
vn -0.0000 -0.7071 0.7071
vn -0.0000 0.7071 0.7071
vn -0.0000 0.7071 0.7071
vn -0.0000 0.7071 0.7071
vn -0.0000 0.7071 0.7071
vn 0.0000 -1.0000 -0.0000
vn 0.0000 -1.0000 -0.0000
vn 0.0000 -1.0000 -0.0000
vn 0.0000 -1.0000 -0.0000
vn -0.0000 -0.0000 1.0000
vn -0.0000 -0.0000 1.0000
vn -0.0000 -0.0000 1.0000
vn -0.0000 -0.0000 1.0000
vn 1.0000 0.0000 -0.0000
vn 1.0000 0.0000 -0.0000
vn 1.0000 0.0000 -0.0000
vn 1.0000 0.0000 -0.0000
vn 0.0000 1.0000 -0.0000
vn 0.0000 1.0000 -0.0000
vn 0.0000 1.0000 -0.0000
vn 0.0000 1.0000 -0.0000
vn -1.0000 0.0000 -0.0000
vn -1.0000 0.0000 -0.0000
vn -1.0000 0.0000 -0.0000
vn -1.0000 0.0000 -0.0000
vn 0.0000 0.0000 -1.0000
vn 0.0000 0.0000 -1.0000
vn 0.0000 0.0000 -1.0000
vn 0.0000 0.0000 -1.0000
vn -0.5775 -0.5774 0.5772
vn -0.5775 -0.5774 0.5772
vn -0.5775 -0.5774 0.5772
vn -0.5774 0.5774 0.5773
vn -0.5774 0.5774 0.5773
vn -0.5774 0.5774 0.5773
vn -0.5774 -0.5773 -0.5774
vn -0.5774 -0.5773 -0.5774
vn -0.5774 -0.5773 -0.5774
vn -0.5773 0.5774 -0.5774
vn -0.5773 0.5774 -0.5774
vn -0.5773 0.5774 -0.5774
vn 0.5774 -0.5774 0.5773
vn 0.5774 -0.5774 0.5773
vn 0.5774 -0.5774 0.5773
vn 0.5774 0.5774 0.5774
vn 0.5774 0.5774 0.5774
vn 0.5774 0.5774 0.5774
vn 0.5774 -0.5773 -0.5774
vn 0.5774 -0.5773 -0.5774
vn 0.5774 -0.5773 -0.5774
vn 0.5773 0.5774 -0.5773
vn 0.5773 0.5774 -0.5773
vn 0.5773 0.5774 -0.5773
vn -0.7071 -0.7071 -0.0001
vn -0.7071 -0.7071 -0.0001
vn -0.7071 -0.7071 -0.0001
vn -0.7071 -0.7071 -0.0001
vn -0.7071 -0.0000 0.7071
vn -0.7071 -0.0000 0.7071
vn -0.7071 -0.0000 0.7071
vn -0.7071 -0.0000 0.7071
vn -0.7071 0.7071 -0.0000
vn -0.7071 0.7071 -0.0000
vn -0.7071 0.7071 -0.0000
vn -0.7071 0.7071 -0.0000
vn -0.7071 0.0000 -0.7071
vn -0.7071 0.0000 -0.7071
vn -0.7071 0.0000 -0.7071
vn -0.7071 0.0000 -0.7071
vn 0.0000 -0.7071 -0.7071
vn 0.0000 -0.7071 -0.7071
vn 0.0000 -0.7071 -0.7071
vn 0.0000 -0.7071 -0.7071
vn 0.0000 0.7071 -0.7071
vn 0.0000 0.7071 -0.7071
vn 0.0000 0.7071 -0.7071
vn 0.0000 0.7071 -0.7071
vn 0.7071 0.0000 -0.7071
vn 0.7071 0.0000 -0.7071
vn 0.7071 0.0000 -0.7071
vn 0.7071 0.0000 -0.7071
vn 0.7071 -0.7071 -0.0000
vn 0.7071 -0.7071 -0.0000
vn 0.7071 -0.7071 -0.0000
vn 0.7071 -0.7071 -0.0000
vn 0.7071 0.7071 0.0000
vn 0.7071 0.7071 0.0000
vn 0.7071 0.7071 0.0000
vn 0.7071 0.7071 0.0000
vn 0.7071 -0.0000 0.7071
vn 0.7071 -0.0000 0.7071
vn 0.7071 -0.0000 0.7071
vn 0.7071 -0.0000 0.7071
vn -0.0000 -0.7071 0.7071
vn -0.0000 -0.7071 0.7071
vn -0.0000 -0.7071 0.7071
vn -0.0000 -0.7071 0.7071
vn -0.0000 0.7071 0.7071
vn -0.0000 0.7071 0.7071
vn -0.0000 0.7071 0.7071
vn -0.0000 0.7071 0.7071
vn 0.0000 -1.0000 -0.0000
vn 0.0000 -1.0000 -0.0000
vn 0.0000 -1.0000 -0.0000
vn 0.0000 -1.0000 -0.0000
vn -0.0000 -0.0000 1.0000
vn -0.0000 -0.0000 1.0000
vn -0.0000 -0.0000 1.0000
vn -0.0000 -0.0000 1.0000
vn 1.0000 0.0000 -0.0000
vn 1.0000 0.0000 -0.0000
vn 1.0000 0.0000 -0.0000
vn 1.0000 0.0000 -0.0000
vn 0.0000 1.0000 -0.0000
vn 0.0000 1.0000 -0.0000
vn 0.0000 1.0000 -0.0000
vn 0.0000 1.0000 -0.0000
vn -1.0000 0.0000 -0.0000
vn -1.0000 0.0000 -0.0000
vn -1.0000 0.0000 -0.0000
vn -1.0000 0.0000 -0.0000
vn 0.0000 0.0000 -1.0000
vn 0.0000 0.0000 -1.0000
vn 0.0000 0.0000 -1.0000
vn 0.0000 0.0000 -1.0000
vn -0.5774 -0.5774 0.5772
vn -0.5774 -0.5774 0.5772
vn -0.5774 -0.5774 0.5772
vn -0.5774 0.5774 0.5773
vn -0.5774 0.5774 0.5773
vn -0.5774 0.5774 0.5773
vn -0.5774 -0.5774 -0.5773
vn -0.5774 -0.5774 -0.5773
vn -0.5774 -0.5774 -0.5773
vn -0.5774 0.5774 -0.5772
vn -0.5774 0.5774 -0.5772
vn -0.5774 0.5774 -0.5772
vn 0.5774 -0.5774 0.5773
vn 0.5774 -0.5774 0.5773
vn 0.5774 -0.5774 0.5773
vn 0.5774 0.5774 0.5774
vn 0.5774 0.5774 0.5774
vn 0.5774 0.5774 0.5774
vn 0.5774 -0.5773 -0.5774
vn 0.5774 -0.5773 -0.5774
vn 0.5774 -0.5773 -0.5774
vn 0.5774 0.5773 -0.5773
vn 0.5774 0.5773 -0.5773
vn 0.5774 0.5773 -0.5773
vn -0.7071 -0.7071 -0.0001
vn -0.7071 -0.7071 -0.0001
vn -0.7071 -0.7071 -0.0001
vn -0.7071 -0.7071 -0.0001
vn -0.7071 -0.0000 0.7071
vn -0.7071 -0.0000 0.7071
vn -0.7071 -0.0000 0.7071
vn -0.7071 -0.0000 0.7071
vn -0.7071 0.7071 -0.0000
vn -0.7071 0.7071 -0.0000
vn -0.7071 0.7071 -0.0000
vn -0.7071 0.7071 -0.0000
vn -0.7071 0.0000 -0.7071
vn -0.7071 0.0000 -0.7071
vn -0.7071 0.0000 -0.7071
vn -0.7071 0.0000 -0.7071
vn 0.0000 -0.7071 -0.7071
vn 0.0000 -0.7071 -0.7071
vn 0.0000 -0.7071 -0.7071
vn 0.0000 -0.7071 -0.7071
vn 0.0000 0.7071 -0.7071
vn 0.0000 0.7071 -0.7071
vn 0.0000 0.7071 -0.7071
vn 0.0000 0.7071 -0.7071
vn 0.7071 0.0000 -0.7071
vn 0.7071 0.0000 -0.7071
vn 0.7071 0.0000 -0.7071
vn 0.7071 0.0000 -0.7071
vn 0.7071 -0.7071 -0.0000
vn 0.7071 -0.7071 -0.0000
vn 0.7071 -0.7071 -0.0000
vn 0.7071 -0.7071 -0.0000
vn 0.7071 0.7071 0.0000
vn 0.7071 0.7071 0.0000
vn 0.7071 0.7071 0.0000
vn 0.7071 0.7071 0.0000
vn 0.7071 -0.0000 0.7071
vn 0.7071 -0.0000 0.7071
vn 0.7071 -0.0000 0.7071
vn 0.7071 -0.0000 0.7071
vn -0.0000 -0.7071 0.7071
vn -0.0000 -0.7071 0.7071
vn -0.0000 -0.7071 0.7071
vn -0.0000 -0.7071 0.7071
vn -0.0000 0.7071 0.7071
vn -0.0000 0.7071 0.7071
vn -0.0000 0.7071 0.7071
vn -0.0000 0.7071 0.7071
vn 0.0000 -1.0000 -0.0000
vn 0.0000 -1.0000 -0.0000
vn 0.0000 -1.0000 -0.0000
vn 0.0000 -1.0000 -0.0000
vn -0.0000 -0.0000 1.0000
vn -0.0000 -0.0000 1.0000
vn -0.0000 -0.0000 1.0000
vn -0.0000 -0.0000 1.0000
vn 1.0000 0.0000 -0.0000
vn 1.0000 0.0000 -0.0000
vn 1.0000 0.0000 -0.0000
vn 1.0000 0.0000 -0.0000
vn 0.0000 1.0000 -0.0000
vn 0.0000 1.0000 -0.0000
vn 0.0000 1.0000 -0.0000
vn 0.0000 1.0000 -0.0000
vn -1.0000 0.0000 -0.0000
vn -1.0000 0.0000 -0.0000
vn -1.0000 0.0000 -0.0000
vn -1.0000 0.0000 -0.0000
vn 0.0000 0.0000 -1.0000
vn 0.0000 0.0000 -1.0000
vn 0.0000 0.0000 -1.0000
vn 0.0000 0.0000 -1.0000
vn -0.5773 -0.5774 0.5774
vn -0.5773 -0.5774 0.5774
vn -0.5773 -0.5774 0.5774
vn -0.5774 0.5772 0.5774
vn -0.5774 0.5772 0.5774
vn -0.5774 0.5772 0.5774
vn -0.5773 -0.5774 -0.5774
vn -0.5773 -0.5774 -0.5774
vn -0.5773 -0.5774 -0.5774
vn -0.5773 0.5774 -0.5774
vn -0.5773 0.5774 -0.5774
vn -0.5773 0.5774 -0.5774
vn 0.5772 -0.5774 0.5774
vn 0.5772 -0.5774 0.5774
vn 0.5772 -0.5774 0.5774
vn 0.5774 0.5774 0.5774
vn 0.5774 0.5774 0.5774
vn 0.5774 0.5774 0.5774
vn 0.5773 -0.5774 -0.5774
vn 0.5773 -0.5774 -0.5774
vn 0.5773 -0.5774 -0.5774
vn 0.5773 0.5774 -0.5773
vn 0.5773 0.5774 -0.5773
vn 0.5773 0.5774 -0.5773
vn -0.7071 -0.7071 -0.0001
vn -0.7071 -0.7071 -0.0001
vn -0.7071 -0.7071 -0.0001
vn -0.7071 -0.7071 -0.0001
vn -0.7071 -0.0000 0.7071
vn -0.7071 -0.0000 0.7071
vn -0.7071 -0.0000 0.7071
vn -0.7071 -0.0000 0.7071
vn -0.7071 0.7071 -0.0000
vn -0.7071 0.7071 -0.0000
vn -0.7071 0.7071 -0.0000
vn -0.7071 0.7071 -0.0000
vn -0.7071 0.0000 -0.7071
vn -0.7071 0.0000 -0.7071
vn -0.7071 0.0000 -0.7071
vn -0.7071 0.0000 -0.7071
vn 0.0000 -0.7071 -0.7071
vn 0.0000 -0.7071 -0.7071
vn 0.0000 -0.7071 -0.7071
vn 0.0000 -0.7071 -0.7071
vn 0.0000 0.7071 -0.7071
vn 0.0000 0.7071 -0.7071
vn 0.0000 0.7071 -0.7071
vn 0.0000 0.7071 -0.7071
vn 0.7071 0.0000 -0.7071
vn 0.7071 0.0000 -0.7071
vn 0.7071 0.0000 -0.7071
vn 0.7071 0.0000 -0.7071
vn 0.7071 -0.7071 -0.0000
vn 0.7071 -0.7071 -0.0000
vn 0.7071 -0.7071 -0.0000
vn 0.7071 -0.7071 -0.0000
vn 0.7071 0.7071 0.0000
vn 0.7071 0.7071 0.0000
vn 0.7071 0.7071 0.0000
vn 0.7071 0.7071 0.0000
vn 0.7071 -0.0000 0.7071
vn 0.7071 -0.0000 0.7071
vn 0.7071 -0.0000 0.7071
vn 0.7071 -0.0000 0.7071
vn -0.0000 -0.7071 0.7071
vn -0.0000 -0.7071 0.7071
vn -0.0000 -0.7071 0.7071
vn -0.0000 -0.7071 0.7071
vn -0.0000 0.7071 0.7071
vn -0.0000 0.7071 0.7071
vn -0.0000 0.7071 0.7071
vn -0.0000 0.7071 0.7071
vn 0.0000 -1.0000 -0.0000
vn 0.0000 -1.0000 -0.0000
vn 0.0000 -1.0000 -0.0000
vn 0.0000 -1.0000 -0.0000
f 1//1 3//3 2//2
f 1//1 2//2 4//4
f 5//5 7//7 6//6
f 5//5 6//6 8//8
f 9//9 11//11 10//10
f 9//9 10//10 12//12
f 13//13 15//15 14//14
f 13//13 14//14 16//16
f 17//17 19//19 18//18
f 17//17 18//18 20//20
f 21//21 23//23 22//22
f 24//24 26//26 25//25
f 27//27 29//29 28//28
f 30//30 32//32 31//31
f 33//33 35//35 34//34
f 36//36 38//38 37//37
f 39//39 41//41 40//40
f 42//42 44//44 43//43
f 45//45 47//47 46//46
f 45//45 46//46 48//48
f 49//49 51//51 50//50
f 49//49 50//50 52//52
f 53//53 55//55 54//54
f 53//53 54//54 56//56
f 57//57 59//59 58//58
f 57//57 58//58 60//60
f 61//61 63//63 62//62
f 61//61 62//62 64//64
f 65//65 67//67 66//66
f 65//65 66//66 68//68
f 69//69 71//71 70//70
f 69//69 70//70 72//72
f 73//73 75//75 74//74
f 73//73 74//74 76//76
f 77//77 79//79 78//78
f 77//77 78//78 80//80
f 81//81 83//83 82//82
f 81//81 82//82 84//84
f 85//85 87//87 86//86
f 85//85 86//86 88//88
f 89//89 91//91 90//90
f 89//89 90//90 92//92
f 93//93 95//95 94//94
f 93//93 94//94 96//96
f 97//97 99//99 98//98
f 97//97 98//98 100//100
f 101//101 103//103 102//102
f 101//101 102//102 104//104
f 105//105 107//107 106//106
f 105//105 106//106 108//108
f 109//109 111//111 110//110
f 109//109 110//110 112//112
f 113//113 115//115 114//114
f 113//113 114//114 116//116
f 117//117 119//119 118//118
f 120//120 122//122 121//121
f 123//123 125//125 124//124
f 126//126 128//128 127//127
f 129//129 131//131 130//130
f 132//132 134//134 133//133
f 135//135 137//137 136//136
f 138//138 140//140 139//139
f 141//141 143//143 142//142
f 141//141 142//142 144//144
f 145//145 147//147 146//146
f 145//145 146//146 148//148
f 149//149 151//151 150//150
f 149//149 150//150 152//152
f 153//153 155//155 154//154
f 153//153 154//154 156//156
f 157//157 159//159 158//158
f 157//157 158//158 160//160
f 161//161 163//163 162//162
f 161//161 162//162 164//164
f 165//165 167//167 166//166
f 165//165 166//166 168//168
f 169//169 171//171 170//170
f 169//169 170//170 172//172
f 173//173 175//175 174//174
f 173//173 174//174 176//176
f 177//177 179//179 178//178
f 177//177 178//178 180//180
f 181//181 183//183 182//182
f 181//181 182//182 184//184
f 185//185 187//187 186//186
f 185//185 186//186 188//188
f 189//189 191//191 190//190
f 189//189 190//190 192//192
f 193//193 195//195 194//194
f 193//193 194//194 196//196
f 197//197 199//199 198//198
f 197//197 198//198 200//200
f 201//201 203//203 202//202
f 201//201 202//202 204//204
f 205//205 207//207 206//206
f 205//205 206//206 208//208
f 209//209 211//211 210//210
f 209//209 210//210 212//212
f 213//213 215//215 214//214
f 216//216 218//218 217//217
f 219//219 221//221 220//220
f 222//222 224//224 223//223
f 225//225 227//227 226//226
f 228//228 230//230 229//229
f 231//231 233//233 232//232
f 234//234 236//236 235//235
f 237//237 239//239 238//238
f 237//237 238//238 240//240
f 241//241 243//243 242//242
f 241//241 242//242 244//244
f 245//245 247//247 246//246
f 245//245 246//246 248//248
f 249//249 251//251 250//250
f 249//249 250//250 252//252
f 253//253 255//255 254//254
f 253//253 254//254 256//256
f 257//257 259//259 258//258
f 257//257 258//258 260//260
f 261//261 263//263 262//262
f 261//261 262//262 264//264
f 265//265 267//267 266//266
f 265//265 266//266 268//268
f 269//269 271//271 270//270
f 269//269 270//270 272//272
f 273//273 275//275 274//274
f 273//273 274//274 276//276
f 277//277 279//279 278//278
f 277//277 278//278 280//280
f 281//281 283//283 282//282
f 281//281 282//282 284//284
f 285//285 287//287 286//286
f 285//285 286//286 288//288
f 289//289 291//291 290//290
f 289//289 290//290 292//292
f 293//293 295//295 294//294
f 293//293 294//294 296//296
f 297//297 299//299 298//298
f 297//297 298//298 300//300
f 301//301 303//303 302//302
f 301//301 302//302 304//304
f 305//305 307//307 306//306
f 305//305 306//306 308//308
f 309//309 311//311 310//310
f 312//312 314//314 313//313
f 315//315 317//317 316//316
f 318//318 320//320 319//319
f 321//321 323//323 322//322
f 324//324 326//326 325//325
f 327//327 329//329 328//328
f 330//330 332//332 331//331
f 333//333 335//335 334//334
f 333//333 334//334 336//336
f 337//337 339//339 338//338
f 337//337 338//338 340//340
f 341//341 343//343 342//342
f 341//341 342//342 344//344
f 345//345 347//347 346//346
f 345//345 346//346 348//348
f 349//349 351//351 350//350
f 349//349 350//350 352//352
f 353//353 355//355 354//354
f 353//353 354//354 356//356
f 357//357 359//359 358//358
f 357//357 358//358 360//360
f 361//361 363//363 362//362
f 361//361 362//362 364//364
f 365//365 367//367 366//366
f 365//365 366//366 368//368
f 369//369 371//371 370//370
f 369//369 370//370 372//372
f 373//373 375//375 374//374
f 373//373 374//374 376//376
f 377//377 379//379 378//378
f 377//377 378//378 380//380
f 381//381 383//383 382//382
f 381//381 382//382 384//384
f 385//385 387//387 386//386
f 385//385 386//386 388//388
f 389//389 391//391 390//390
f 389//389 390//390 392//392
f 393//393 395//395 394//394
f 393//393 394//394 396//396
f 397//397 399//399 398//398
f 397//397 398//398 400//400
f 401//401 403//403 402//402
f 401//401 402//402 404//404
f 405//405 407//407 406//406
f 408//408 410//410 409//409
f 411//411 413//413 412//412
f 414//414 416//416 415//415
f 417//417 419//419 418//418
f 420//420 422//422 421//421
f 423//423 425//425 424//424
f 426//426 428//428 427//427
f 429//429 431//431 430//430
f 429//429 430//430 432//432
f 433//433 435//435 434//434
f 433//433 434//434 436//436
f 437//437 439//439 438//438
f 437//437 438//438 440//440
f 441//441 443//443 442//442
f 441//441 442//442 444//444
f 445//445 447//447 446//446
f 445//445 446//446 448//448
f 449//449 451//451 450//450
f 449//449 450//450 452//452
f 453//453 455//455 454//454
f 453//453 454//454 456//456
f 457//457 459//459 458//458
f 457//457 458//458 460//460
f 461//461 463//463 462//462
f 461//461 462//462 464//464
f 465//465 467//467 466//466
f 465//465 466//466 468//468
f 469//469 471//471 470//470
f 469//469 470//470 472//472
f 473//473 475//475 474//474
f 473//473 474//474 476//476
f 477//477 479//479 478//478
f 477//477 478//478 480//480
f 481//481 483//483 482//482
f 481//481 482//482 484//484
f 485//485 487//487 486//486
f 485//485 486//486 488//488
f 489//489 491//491 490//490
f 489//489 490//490 492//492
f 493//493 495//495 494//494
f 493//493 494//494 496//496
f 497//497 499//499 498//498
f 497//497 498//498 500//500
f 501//501 503//503 502//502
f 504//504 506//506 505//505
f 507//507 509//509 508//508
f 510//510 512//512 511//511
f 513//513 515//515 514//514
f 516//516 518//518 517//517
f 519//519 521//521 520//520
f 522//522 524//524 523//523
f 525//525 527//527 526//526
f 525//525 526//526 528//528
f 529//529 531//531 530//530
f 529//529 530//530 532//532
f 533//533 535//535 534//534
f 533//533 534//534 536//536
f 537//537 539//539 538//538
f 537//537 538//538 540//540
f 541//541 543//543 542//542
f 541//541 542//542 544//544
f 545//545 547//547 546//546
f 545//545 546//546 548//548
f 549//549 551//551 550//550
f 549//549 550//550 552//552
f 553//553 555//555 554//554
f 553//553 554//554 556//556
f 557//557 559//559 558//558
f 557//557 558//558 560//560
f 561//561 563//563 562//562
f 561//561 562//562 564//564
f 565//565 567//567 566//566
f 565//565 566//566 568//568
f 569//569 571//571 570//570
f 569//569 570//570 572//572
f 573//573 575//575 574//574
f 573//573 574//574 576//576
g body_metal
usemtl metal
v 0.05701 0.31200 0.04484
v -0.06363 0.41300 0.04664
v 0.06363 0.41300 0.04664
v -0.05701 0.31200 0.04484
v 0.06903 0.31197 -0.03284
v 0.07566 0.41303 0.03464
v 0.07566 0.41303 -0.03464
v 0.06903 0.31197 0.03284
v 0.06444 0.42500 -0.03486
v -0.06444 0.42500 0.03486
v -0.06444 0.42500 -0.03486
v 0.06444 0.42500 0.03486
v -0.06903 0.31197 0.03284
v -0.07566 0.41303 -0.03464
v -0.07566 0.41303 0.03464
v -0.06903 0.31197 -0.03284
v -0.05701 0.31200 -0.04484
v 0.06363 0.41300 -0.04664
v -0.06363 0.41300 -0.04664
v 0.05701 0.31200 -0.04484
v -0.05625 0.30000 0.03262
v -0.06903 0.31197 0.03284
v -0.05701 0.31200 0.04484
v -0.06363 0.41300 0.04664
v -0.07566 0.41303 0.03464
v -0.06444 0.42500 0.03486
v -0.05625 0.30000 -0.03262
v -0.05701 0.31200 -0.04484
v -0.06903 0.31197 -0.03284
v -0.06444 0.42500 -0.03486
v -0.07566 0.41303 -0.03464
v -0.06363 0.41300 -0.04664
v 0.05625 0.30000 0.03262
v 0.05701 0.31200 0.04484
v 0.06903 0.31197 0.03284
v 0.06444 0.42500 0.03486
v 0.07566 0.41303 0.03464
v 0.06363 0.41300 0.04664
v 0.05625 0.30000 -0.03262
v 0.06903 0.31197 -0.03284
v 0.05701 0.31200 -0.04484
v 0.06444 0.42500 -0.03486
v 0.06363 0.41300 -0.04664
v 0.07566 0.41303 -0.03464
v -0.05625 0.30000 -0.03262
v -0.06903 0.31197 0.03284
v -0.05625 0.30000 0.03262
v -0.06903 0.31197 -0.03284
v -0.05701 0.31200 0.04484
v -0.07566 0.41303 0.03464
v -0.06363 0.41300 0.04664
v -0.06903 0.31197 0.03284
v -0.06444 0.42500 0.03486
v -0.07566 0.41303 -0.03464
v -0.06444 0.42500 -0.03486
v -0.07566 0.41303 0.03464
v -0.06363 0.41300 -0.04664
v -0.06903 0.31197 -0.03284
v -0.05701 0.31200 -0.04484
v -0.07566 0.41303 -0.03464
v 0.05625 0.30000 -0.03262
v -0.05701 0.31200 -0.04484
v -0.05625 0.30000 -0.03262
v 0.05701 0.31200 -0.04484
v -0.06444 0.42500 -0.03486
v 0.06363 0.41300 -0.04664
v 0.06444 0.42500 -0.03486
v -0.06363 0.41300 -0.04664
v 0.07566 0.41303 -0.03464
v 0.05701 0.31200 -0.04484
v 0.06903 0.31197 -0.03284
v 0.06363 0.41300 -0.04664
v 0.05625 0.30000 0.03262
v 0.06903 0.31197 -0.03284
v 0.05625 0.30000 -0.03262
v 0.06903 0.31197 0.03284
v 0.06444 0.42500 -0.03486
v 0.07566 0.41303 0.03464
v 0.06444 0.42500 0.03486
v 0.07566 0.41303 -0.03464
v 0.06363 0.41300 0.04664
v 0.06903 0.31197 0.03284
v 0.05701 0.31200 0.04484
v 0.07566 0.41303 0.03464
v -0.05625 0.30000 0.03262
v 0.05701 0.31200 0.04484
v 0.05625 0.30000 0.03262
v -0.05701 0.31200 0.04484
v 0.06444 0.42500 0.03486
v -0.06363 0.41300 0.04664
v -0.06444 0.42500 0.03486
v 0.06363 0.41300 0.04664
v -0.05625 0.30000 -0.03262
v 0.05625 0.30000 0.03262
v 0.05625 0.30000 -0.03262
v -0.05625 0.30000 0.03262
v 0.06481 0.27798 0.04930
v -0.06062 0.31702 0.04646
v 0.06062 0.31702 0.04646
v -0.06481 0.27798 0.04930
v 0.07286 0.27795 -0.04128
v 0.06867 0.31705 0.03844
v 0.06867 0.31705 -0.03844
v 0.07286 0.27795 0.04128
v 0.05981 0.32500 -0.03788
v -0.05981 0.32500 0.03788
v -0.05981 0.32500 -0.03788
v 0.05981 0.32500 0.03788
v -0.07286 0.27795 0.04128
v -0.06867 0.31705 -0.03844
v -0.06867 0.31705 0.03844
v -0.07286 0.27795 -0.04128
v -0.06481 0.27798 -0.04930
v 0.06062 0.31702 -0.04646
v -0.06062 0.31702 -0.04646
v 0.06481 0.27798 -0.04930
v -0.06571 0.27000 0.04187
v -0.07286 0.27795 0.04128
v -0.06481 0.27798 0.04930
v -0.06062 0.31702 0.04646
v -0.06867 0.31705 0.03844
v -0.05981 0.32500 0.03788
v -0.06571 0.27000 -0.04187
v -0.06481 0.27798 -0.04930
v -0.07286 0.27795 -0.04128
v -0.05981 0.32500 -0.03788
v -0.06867 0.31705 -0.03844
v -0.06062 0.31702 -0.04646
v 0.06571 0.27000 0.04187
v 0.06481 0.27798 0.04930
v 0.07286 0.27795 0.04128
v 0.05981 0.32500 0.03788
v 0.06867 0.31705 0.03844
v 0.06062 0.31702 0.04646
v 0.06571 0.27000 -0.04187
v 0.07286 0.27795 -0.04128
v 0.06481 0.27798 -0.04930
v 0.05981 0.32500 -0.03788
v 0.06062 0.31702 -0.04646
v 0.06867 0.31705 -0.03844
v -0.06571 0.27000 -0.04187
v -0.07286 0.27795 0.04128
v -0.06571 0.27000 0.04187
v -0.07286 0.27795 -0.04128
v -0.06481 0.27798 0.04930
v -0.06867 0.31705 0.03844
v -0.06062 0.31702 0.04646
v -0.07286 0.27795 0.04128
v -0.05981 0.32500 0.03788
v -0.06867 0.31705 -0.03844
v -0.05981 0.32500 -0.03788
v -0.06867 0.31705 0.03844
v -0.06062 0.31702 -0.04646
v -0.07286 0.27795 -0.04128
v -0.06481 0.27798 -0.04930
v -0.06867 0.31705 -0.03844
v 0.06571 0.27000 -0.04187
v -0.06481 0.27798 -0.04930
v -0.06571 0.27000 -0.04187
v 0.06481 0.27798 -0.04930
v -0.05981 0.32500 -0.03788
v 0.06062 0.31702 -0.04646
v 0.05981 0.32500 -0.03788
v -0.06062 0.31702 -0.04646
v 0.06867 0.31705 -0.03844
v 0.06481 0.27798 -0.04930
v 0.07286 0.27795 -0.04128
v 0.06062 0.31702 -0.04646
v 0.06571 0.27000 0.04187
v 0.07286 0.27795 -0.04128
v 0.06571 0.27000 -0.04187
v 0.07286 0.27795 0.04128
v 0.05981 0.32500 -0.03788
v 0.06867 0.31705 0.03844
v 0.05981 0.32500 0.03788
v 0.06867 0.31705 -0.03844
v 0.06062 0.31702 0.04646
v 0.07286 0.27795 0.04128
v 0.06481 0.27798 0.04930
v 0.06867 0.31705 0.03844
v -0.06571 0.27000 0.04187
v 0.06481 0.27798 0.04930
v 0.06571 0.27000 0.04187
v -0.06481 0.27798 0.04930
v 0.05981 0.32500 0.03788
v -0.06062 0.31702 0.04646
v -0.05981 0.32500 0.03788
v 0.06062 0.31702 0.04646
v -0.06571 0.27000 -0.04187
v 0.06571 0.27000 0.04187
v 0.06571 0.27000 -0.04187
v -0.06571 0.27000 0.04187
v -0.07941 0.32337 0.02000
v -0.08251 0.42422 0.02000
v -0.05904 0.41923 0.02000
v -0.10289 0.32836 0.02000
v -0.07355 0.32213 -0.01400
v -0.05317 0.41798 0.01400
v -0.05317 0.41798 -0.01400
v -0.07355 0.32213 0.01400
v -0.05779 0.42510 -0.01400
v -0.08127 0.43009 0.01400
v -0.08127 0.43009 -0.01400
v -0.05779 0.42510 0.01400
v -0.10876 0.32961 0.01400
v -0.08838 0.42547 -0.01400
v -0.08838 0.42547 0.01400
v -0.10876 0.32961 -0.01400
v -0.10289 0.32836 -0.02000
v -0.05904 0.41923 -0.02000
v -0.08251 0.42422 -0.02000
v -0.07941 0.32337 -0.02000
v -0.10414 0.32249 0.01400
v -0.10876 0.32961 0.01400
v -0.10289 0.32836 0.02000
v -0.08251 0.42422 0.02000
v -0.08838 0.42547 0.01400
v -0.08127 0.43009 0.01400
v -0.10414 0.32249 -0.01400
v -0.10289 0.32836 -0.02000
v -0.10876 0.32961 -0.01400
v -0.08127 0.43009 -0.01400
v -0.08838 0.42547 -0.01400
v -0.08251 0.42422 -0.02000
v -0.08066 0.31751 0.01400
v -0.07941 0.32337 0.02000
v -0.07355 0.32213 0.01400
v -0.05779 0.42510 0.01400
v -0.05317 0.41798 0.01400
v -0.05904 0.41923 0.02000
v -0.08066 0.31751 -0.01400
v -0.07355 0.32213 -0.01400
v -0.07941 0.32337 -0.02000
v -0.05779 0.42510 -0.01400
v -0.05904 0.41923 -0.02000
v -0.05317 0.41798 -0.01400
v -0.10414 0.32249 -0.01400
v -0.10876 0.32961 0.01400
v -0.10414 0.32249 0.01400
v -0.10876 0.32961 -0.01400
v -0.10289 0.32836 0.02000
v -0.08838 0.42547 0.01400
v -0.08251 0.42422 0.02000
v -0.10876 0.32961 0.01400
v -0.08127 0.43009 0.01400
v -0.08838 0.42547 -0.01400
v -0.08127 0.43009 -0.01400
v -0.08838 0.42547 0.01400
v -0.08251 0.42422 -0.02000
v -0.10876 0.32961 -0.01400
v -0.10289 0.32836 -0.02000
v -0.08838 0.42547 -0.01400
v -0.08066 0.31751 -0.01400
v -0.10289 0.32836 -0.02000
v -0.10414 0.32249 -0.01400
v -0.07941 0.32337 -0.02000
v -0.08127 0.43009 -0.01400
v -0.05904 0.41923 -0.02000
v -0.05779 0.42510 -0.01400
v -0.08251 0.42422 -0.02000
v -0.05317 0.41798 -0.01400
v -0.07941 0.32337 -0.02000
v -0.07355 0.32213 -0.01400
v -0.05904 0.41923 -0.02000
v -0.08066 0.31751 0.01400
v -0.07355 0.32213 -0.01400
v -0.08066 0.31751 -0.01400
v -0.07355 0.32213 0.01400
v -0.05779 0.42510 -0.01400
v -0.05317 0.41798 0.01400
v -0.05779 0.42510 0.01400
v -0.05317 0.41798 -0.01400
v -0.05904 0.41923 0.02000
v -0.07355 0.32213 0.01400
v -0.07941 0.32337 0.02000
v -0.05317 0.41798 0.01400
v -0.10414 0.32249 0.01400
v -0.07941 0.32337 0.02000
v -0.08066 0.31751 0.01400
v -0.10289 0.32836 0.02000
v -0.05779 0.42510 0.01400
v -0.08251 0.42422 0.02000
v -0.08127 0.43009 0.01400
v -0.05904 0.41923 0.02000
v -0.10414 0.32249 -0.01400
v -0.08066 0.31751 0.01400
v -0.08066 0.31751 -0.01400
v -0.10414 0.32249 0.01400
v 0.10289 0.32836 0.02000
v 0.05904 0.41923 0.02000
v 0.08251 0.42422 0.02000
v 0.07941 0.32337 0.02000
v 0.10876 0.32961 -0.01400
v 0.08838 0.42547 0.01400
v 0.08838 0.42547 -0.01400
v 0.10876 0.32961 0.01400
v 0.08127 0.43009 -0.01400
v 0.05779 0.42510 0.01400
v 0.05779 0.42510 -0.01400
v 0.08127 0.43009 0.01400
v 0.07355 0.32213 0.01400
v 0.05317 0.41798 -0.01400
v 0.05317 0.41798 0.01400
v 0.07355 0.32213 -0.01400
v 0.07941 0.32337 -0.02000
v 0.08251 0.42422 -0.02000
v 0.05904 0.41923 -0.02000
v 0.10289 0.32836 -0.02000
v 0.08066 0.31751 0.01400
v 0.07355 0.32213 0.01400
v 0.07941 0.32337 0.02000
v 0.05904 0.41923 0.02000
v 0.05317 0.41798 0.01400
v 0.05779 0.42510 0.01400
v 0.08066 0.31751 -0.01400
v 0.07941 0.32337 -0.02000
v 0.07355 0.32213 -0.01400
v 0.05779 0.42510 -0.01400
v 0.05317 0.41798 -0.01400
v 0.05904 0.41923 -0.02000
v 0.10414 0.32249 0.01400
v 0.10289 0.32836 0.02000
v 0.10876 0.32961 0.01400
v 0.08127 0.43009 0.01400
v 0.08838 0.42547 0.01400
v 0.08251 0.42422 0.02000
v 0.10414 0.32249 -0.01400
v 0.10876 0.32961 -0.01400
v 0.10289 0.32836 -0.02000
v 0.08127 0.43009 -0.01400
v 0.08251 0.42422 -0.02000
v 0.08838 0.42547 -0.01400
v 0.08066 0.31751 -0.01400
v 0.07355 0.32213 0.01400
v 0.08066 0.31751 0.01400
v 0.07355 0.32213 -0.01400
v 0.07941 0.32337 0.02000
v 0.05317 0.41798 0.01400
v 0.05904 0.41923 0.02000
v 0.07355 0.32213 0.01400
v 0.05779 0.42510 0.01400
v 0.05317 0.41798 -0.01400
v 0.05779 0.42510 -0.01400
v 0.05317 0.41798 0.01400
v 0.05904 0.41923 -0.02000
v 0.07355 0.32213 -0.01400
v 0.07941 0.32337 -0.02000
v 0.05317 0.41798 -0.01400
v 0.10414 0.32249 -0.01400
v 0.07941 0.32337 -0.02000
v 0.08066 0.31751 -0.01400
v 0.10289 0.32836 -0.02000
v 0.05779 0.42510 -0.01400
v 0.08251 0.42422 -0.02000
v 0.08127 0.43009 -0.01400
v 0.05904 0.41923 -0.02000
v 0.08838 0.42547 -0.01400
v 0.10289 0.32836 -0.02000
v 0.10876 0.32961 -0.01400
v 0.08251 0.42422 -0.02000
v 0.10414 0.32249 0.01400
v 0.10876 0.32961 -0.01400
v 0.10414 0.32249 -0.01400
v 0.10876 0.32961 0.01400
v 0.08127 0.43009 -0.01400
v 0.08838 0.42547 0.01400
v 0.08127 0.43009 0.01400
v 0.08838 0.42547 -0.01400
v 0.08251 0.42422 0.02000
v 0.10876 0.32961 0.01400
v 0.10289 0.32836 0.02000
v 0.08838 0.42547 0.01400
v 0.08066 0.31751 0.01400
v 0.10289 0.32836 0.02000
v 0.10414 0.32249 0.01400
v 0.07941 0.32337 0.02000
v 0.08127 0.43009 0.01400
v 0.05904 0.41923 0.02000
v 0.05779 0.42510 0.01400
v 0.08251 0.42422 0.02000
v 0.08066 0.31751 -0.01400
v 0.10414 0.32249 0.01400
v 0.10414 0.32249 -0.01400
v 0.08066 0.31751 0.01400
v 0.00000 0.44371 -0.00860
v -0.01569 0.46881 0.03968
v 0.04107 0.46881 0.02124
v 0.04107 0.46881 0.02124
v 0.04107 0.46881 -0.03844
v 0.00000 0.44371 -0.00860
v 0.00000 0.44371 -0.00860
v -0.05077 0.46881 -0.00860
v -0.01569 0.46881 0.03968
v 0.00000 0.44371 -0.00860
v -0.01569 0.46881 -0.05688
v -0.05077 0.46881 -0.00860
v 0.00000 0.44371 -0.00860
v 0.04107 0.46881 -0.03844
v -0.01569 0.46881 -0.05688
v 0.04107 0.46881 0.02124
v 0.05077 0.50943 -0.00860
v 0.04107 0.46881 -0.03844
v -0.01569 0.46881 0.03968
v 0.01569 0.50943 0.03968
v 0.04107 0.46881 0.02124
v -0.05077 0.46881 -0.00860
v -0.04107 0.50943 0.02124
v -0.01569 0.46881 0.03968
v -0.01569 0.46881 -0.05688
v -0.04107 0.50943 -0.03844
v -0.05077 0.46881 -0.00860
v 0.04107 0.46881 -0.03844
v 0.01569 0.50943 -0.05688
v -0.01569 0.46881 -0.05688
v 0.04107 0.46881 0.02124
v 0.01569 0.50943 0.03968
v 0.05077 0.50943 -0.00860
v -0.01569 0.46881 0.03968
v -0.04107 0.50943 0.02124
v 0.01569 0.50943 0.03968
v -0.05077 0.46881 -0.00860
v -0.04107 0.50943 -0.03844
v -0.04107 0.50943 0.02124
v -0.01569 0.46881 -0.05688
v 0.01569 0.50943 -0.05688
v -0.04107 0.50943 -0.03844
v 0.04107 0.46881 -0.03844
v 0.05077 0.50943 -0.00860
v 0.01569 0.50943 -0.05688
v 0.01569 0.50943 0.03968
v 0.00000 0.53453 -0.00860
v 0.05077 0.50943 -0.00860
v -0.04107 0.50943 0.02124
v 0.00000 0.53453 -0.00860
v 0.01569 0.50943 0.03968
v -0.04107 0.50943 -0.03844
v 0.00000 0.53453 -0.00860
v -0.04107 0.50943 0.02124
v 0.01569 0.50943 -0.05688
v 0.00000 0.53453 -0.00860
v -0.04107 0.50943 -0.03844
v 0.05077 0.50943 -0.00860
v 0.00000 0.53453 -0.00860
v 0.01569 0.50943 -0.05688
v 0.00000 0.47708 -0.06622
v 0.03488 0.48740 -0.05489
v 0.00000 0.48740 -0.06622
v 0.03488 0.47708 -0.05489
v 0.03488 0.47708 -0.05489
v 0.05644 0.48740 -0.02522
v 0.03488 0.48740 -0.05489
v 0.05644 0.47708 -0.02522
v 0.05644 0.47708 -0.02522
v 0.05644 0.48740 0.01146
v 0.05644 0.48740 -0.02522
v 0.05644 0.47708 0.01146
v 0.05644 0.47708 0.01146
v 0.03488 0.48740 0.04113
v 0.05644 0.48740 0.01146
v 0.03488 0.47708 0.04113
v 0.03488 0.47708 0.04113
v 0.00000 0.48740 0.05246
v 0.03488 0.48740 0.04113
v 0.00000 0.47708 0.05246
v 0.00000 0.47708 0.05246
v -0.03488 0.48740 0.04113
v 0.00000 0.48740 0.05246
v -0.03488 0.47708 0.04113
v -0.03488 0.47708 0.04113
v -0.05644 0.48740 0.01146
v -0.03488 0.48740 0.04113
v -0.05644 0.47708 0.01146
v -0.05644 0.47708 0.01146
v -0.05644 0.48740 -0.02522
v -0.05644 0.48740 0.01146
v -0.05644 0.47708 -0.02522
v 0.05644 0.48740 -0.02522
v 0.00000 0.48740 -0.06622
v 0.03488 0.48740 -0.05489
v -0.05644 0.48740 -0.02522
v -0.03488 0.48740 -0.05489
v 0.03488 0.48740 0.04113
v 0.05644 0.48740 0.01146
v -0.03488 0.48740 0.04113
v 0.00000 0.48740 0.05246
v -0.05644 0.48740 0.01146
v -0.05644 0.47708 -0.02522
v -0.03488 0.48740 -0.05489
v -0.05644 0.48740 -0.02522
v -0.03488 0.47708 -0.05489
v -0.03488 0.47708 -0.05489
v 0.00000 0.48740 -0.06622
v -0.03488 0.48740 -0.05489
v 0.00000 0.47708 -0.06622
v -0.03488 0.47708 -0.05489
v 0.03488 0.47708 -0.05489
v 0.00000 0.47708 -0.06622
v 0.05644 0.47708 0.01146
v 0.05644 0.47708 -0.02522
v -0.05644 0.47708 0.01146
v -0.05644 0.47708 -0.02522
v 0.00000 0.47708 0.05246
v -0.03488 0.47708 0.04113
v 0.03488 0.47708 0.04113
v -0.00516 0.45300 0.05934
v -0.00516 0.48740 0.05074
v -0.00516 0.48740 0.05934
v -0.00516 0.45300 0.05074
v -0.00516 0.45300 0.05074
v 0.00516 0.48740 0.05074
v -0.00516 0.48740 0.05074
v 0.00516 0.45300 0.05074
v 0.00516 0.45300 0.05074
v 0.00516 0.48740 0.05934
v 0.00516 0.48740 0.05074
v 0.00516 0.45300 0.05934
v 0.00516 0.45300 0.05934
v -0.00516 0.48740 0.05934
v 0.00516 0.48740 0.05934
v -0.00516 0.45300 0.05934
v -0.00516 0.45300 0.05074
v 0.00516 0.45300 0.05934
v 0.00516 0.45300 0.05074
v -0.00516 0.45300 0.05934
v 0.00516 0.48740 0.05074
v -0.00516 0.48740 0.05934
v -0.00516 0.48740 0.05074
v 0.00516 0.48740 0.05934
v 0.00000 0.51320 -0.00860
v 0.03041 0.51320 -0.03901
v 0.00000 0.51320 -0.05160
v 0.04300 0.51320 -0.00860
v -0.03041 0.51320 -0.03901
v 0.03041 0.51320 0.02181
v -0.04300 0.51320 -0.00860
v 0.00000 0.51320 0.03440
v -0.03041 0.51320 0.02181
v 0.00000 0.51320 -0.05160
v 0.03041 0.51320 -0.03901
v 0.00000 0.55620 -0.00860
v 0.03041 0.51320 -0.03901
v 0.04300 0.51320 -0.00860
v 0.00000 0.55620 -0.00860
v 0.04300 0.51320 -0.00860
v 0.03041 0.51320 0.02181
v 0.00000 0.55620 -0.00860
v 0.03041 0.51320 0.02181
v 0.00000 0.51320 0.03440
v 0.00000 0.55620 -0.00860
v 0.00000 0.51320 0.03440
v -0.03041 0.51320 0.02181
v 0.00000 0.55620 -0.00860
v -0.03041 0.51320 0.02181
v -0.04300 0.51320 -0.00860
v 0.00000 0.55620 -0.00860
v -0.04300 0.51320 -0.00860
v -0.03041 0.51320 -0.03901
v 0.00000 0.55620 -0.00860
v -0.03041 0.51320 -0.03901
v 0.00000 0.51320 -0.05160
v 0.00000 0.55620 -0.00860
vn -0.0000 -0.0178 0.9998
vn -0.0000 -0.0178 0.9998
vn -0.0000 -0.0178 0.9998
vn -0.0000 -0.0178 0.9998
vn 0.9979 -0.0654 0.0000
vn 0.9979 -0.0654 0.0000
vn 0.9979 -0.0654 0.0000
vn 0.9979 -0.0654 0.0000
vn 0.0000 1.0000 -0.0000
vn 0.0000 1.0000 -0.0000
vn 0.0000 1.0000 -0.0000
vn 0.0000 1.0000 -0.0000
vn -0.9979 -0.0654 -0.0000
vn -0.9979 -0.0654 -0.0000
vn -0.9979 -0.0654 -0.0000
vn -0.9979 -0.0654 -0.0000
vn 0.0000 -0.0178 -0.9998
vn 0.0000 -0.0178 -0.9998
vn 0.0000 -0.0178 -0.9998
vn 0.0000 -0.0178 -0.9998
vn -0.5602 -0.6081 0.5624
vn -0.5602 -0.6081 0.5624
vn -0.5602 -0.6081 0.5624
vn -0.5922 0.5439 0.5945
vn -0.5922 0.5439 0.5945
vn -0.5922 0.5439 0.5945
vn -0.5602 -0.6081 -0.5626
vn -0.5602 -0.6081 -0.5626
vn -0.5602 -0.6081 -0.5626
vn -0.5922 0.5439 -0.5945
vn -0.5922 0.5439 -0.5945
vn -0.5922 0.5439 -0.5945
vn 0.5602 -0.6081 0.5625
vn 0.5602 -0.6081 0.5625
vn 0.5602 -0.6081 0.5625
vn 0.5922 0.5439 0.5946
vn 0.5922 0.5439 0.5946
vn 0.5922 0.5439 0.5946
vn 0.5602 -0.6081 -0.5625
vn 0.5602 -0.6081 -0.5625
vn 0.5602 -0.6081 -0.5625
vn 0.5922 0.5439 -0.5945
vn 0.5922 0.5439 -0.5945
vn 0.5922 0.5439 -0.5945
vn -0.6836 -0.7299 -0.0000
vn -0.6836 -0.7299 -0.0000
vn -0.6836 -0.7299 -0.0000
vn -0.6836 -0.7299 -0.0000
vn -0.7052 -0.0588 0.7066
vn -0.7052 -0.0588 0.7066
vn -0.7052 -0.0588 0.7066
vn -0.7052 -0.0588 0.7066
vn -0.7299 0.6836 0.0000
vn -0.7299 0.6836 0.0000
vn -0.7299 0.6836 0.0000
vn -0.7299 0.6836 0.0000
vn -0.7052 -0.0588 -0.7066
vn -0.7052 -0.0588 -0.7066
vn -0.7052 -0.0588 -0.7066
vn -0.7052 -0.0588 -0.7066
vn 0.0000 -0.7134 -0.7008
vn 0.0000 -0.7134 -0.7008
vn 0.0000 -0.7134 -0.7008
vn 0.0000 -0.7134 -0.7008
vn 0.0000 0.7008 -0.7134
vn 0.0000 0.7008 -0.7134
vn 0.0000 0.7008 -0.7134
vn 0.0000 0.7008 -0.7134
vn 0.7052 -0.0588 -0.7066
vn 0.7052 -0.0588 -0.7066
vn 0.7052 -0.0588 -0.7066
vn 0.7052 -0.0588 -0.7066
vn 0.6836 -0.7299 0.0000
vn 0.6836 -0.7299 0.0000
vn 0.6836 -0.7299 0.0000
vn 0.6836 -0.7299 0.0000
vn 0.7299 0.6836 0.0001
vn 0.7299 0.6836 0.0001
vn 0.7299 0.6836 0.0001
vn 0.7299 0.6836 0.0001
vn 0.7052 -0.0588 0.7066
vn 0.7052 -0.0588 0.7066
vn 0.7052 -0.0588 0.7066
vn 0.7052 -0.0588 0.7066
vn -0.0000 -0.7134 0.7007
vn -0.0000 -0.7134 0.7007
vn -0.0000 -0.7134 0.7007
vn -0.0000 -0.7134 0.7007
vn -0.0000 0.7008 0.7134
vn -0.0000 0.7008 0.7134
vn -0.0000 0.7008 0.7134
vn -0.0000 0.7008 0.7134
vn 0.0000 -1.0000 -0.0000
vn 0.0000 -1.0000 -0.0000
vn 0.0000 -1.0000 -0.0000
vn 0.0000 -1.0000 -0.0000
vn -0.0000 0.0724 0.9974
vn -0.0000 0.0724 0.9974
vn -0.0000 0.0724 0.9974
vn -0.0000 0.0724 0.9974
vn 0.9943 0.1066 0.0000
vn 0.9943 0.1066 0.0000
vn 0.9943 0.1066 0.0000
vn 0.9943 0.1066 0.0000
vn 0.0000 1.0000 -0.0000
vn 0.0000 1.0000 -0.0000
vn 0.0000 1.0000 -0.0000
vn 0.0000 1.0000 -0.0000
vn -0.9943 0.1066 -0.0000
vn -0.9943 0.1066 -0.0000
vn -0.9943 0.1066 -0.0000
vn -0.9943 0.1066 -0.0000
vn 0.0000 0.0724 -0.9974
vn 0.0000 0.0724 -0.9974
vn 0.0000 0.0724 -0.9974
vn 0.0000 0.0724 -0.9974
vn -0.6098 -0.5018 0.6135
vn -0.6098 -0.5018 0.6135
vn -0.6098 -0.5018 0.6135
vn -0.5413 0.6405 0.5447
vn -0.5413 0.6405 0.5447
vn -0.5413 0.6405 0.5447
vn -0.6097 -0.5018 -0.6136
vn -0.6097 -0.5018 -0.6136
vn -0.6097 -0.5018 -0.6136
vn -0.5413 0.6406 -0.5447
vn -0.5413 0.6406 -0.5447
vn -0.5413 0.6406 -0.5447
vn 0.6098 -0.5018 0.6135
vn 0.6098 -0.5018 0.6135
vn 0.6098 -0.5018 0.6135
vn 0.5413 0.6405 0.5447
vn 0.5413 0.6405 0.5447
vn 0.5413 0.6405 0.5447
vn 0.6097 -0.5018 -0.6135
vn 0.6097 -0.5018 -0.6135
vn 0.6097 -0.5018 -0.6135
vn 0.5413 0.6406 -0.5446
vn 0.5413 0.6406 -0.5446
vn 0.5413 0.6406 -0.5446
vn -0.7438 -0.6684 -0.0001
vn -0.7438 -0.6684 -0.0001
vn -0.7438 -0.6684 -0.0001
vn -0.7438 -0.6684 -0.0001
vn -0.7004 0.1261 0.7025
vn -0.7004 0.1261 0.7025
vn -0.7004 0.1261 0.7025
vn -0.7004 0.1261 0.7025
vn -0.6684 0.7438 -0.0000
vn -0.6684 0.7438 -0.0000
vn -0.6684 0.7438 -0.0000
vn -0.6684 0.7438 -0.0000
vn -0.7004 0.1261 -0.7025
vn -0.7004 0.1261 -0.7025
vn -0.7004 0.1261 -0.7025
vn -0.7004 0.1261 -0.7025
vn 0.0000 -0.6811 -0.7322
vn 0.0000 -0.6811 -0.7322
vn 0.0000 -0.6811 -0.7322
vn 0.0000 -0.6811 -0.7322
vn 0.0000 0.7323 -0.6810
vn 0.0000 0.7323 -0.6810
vn 0.0000 0.7323 -0.6810
vn 0.0000 0.7323 -0.6810
vn 0.7005 0.1261 -0.7025
vn 0.7005 0.1261 -0.7025
vn 0.7005 0.1261 -0.7025
vn 0.7005 0.1261 -0.7025
vn 0.7438 -0.6684 -0.0000
vn 0.7438 -0.6684 -0.0000
vn 0.7438 -0.6684 -0.0000
vn 0.7438 -0.6684 -0.0000
vn 0.6684 0.7438 0.0000
vn 0.6684 0.7438 0.0000
vn 0.6684 0.7438 0.0000
vn 0.6684 0.7438 0.0000
vn 0.7004 0.1261 0.7026
vn 0.7004 0.1261 0.7026
vn 0.7004 0.1261 0.7026
vn 0.7004 0.1261 0.7026
vn -0.0000 -0.6811 0.7322
vn -0.0000 -0.6811 0.7322
vn -0.0000 -0.6811 0.7322
vn -0.0000 -0.6811 0.7322
vn -0.0000 0.7322 0.6811
vn -0.0000 0.7322 0.6811
vn -0.0000 0.7322 0.6811
vn -0.0000 0.7322 0.6811
vn 0.0000 -1.0000 -0.0000
vn 0.0000 -1.0000 -0.0000
vn 0.0000 -1.0000 -0.0000
vn 0.0000 -1.0000 -0.0000
vn -0.0000 -0.0000 1.0000
vn -0.0000 -0.0000 1.0000
vn -0.0000 -0.0000 1.0000
vn -0.0000 -0.0000 1.0000
vn 0.9781 -0.2079 -0.0000
vn 0.9781 -0.2079 -0.0000
vn 0.9781 -0.2079 -0.0000
vn 0.9781 -0.2079 -0.0000
vn 0.2079 0.9782 0.0000
vn 0.2079 0.9782 0.0000
vn 0.2079 0.9782 0.0000
vn 0.2079 0.9782 0.0000
vn -0.9782 0.2079 -0.0000
vn -0.9782 0.2079 -0.0000
vn -0.9782 0.2079 -0.0000
vn -0.9782 0.2079 -0.0000
vn 0.0000 0.0000 -1.0000
vn 0.0000 0.0000 -1.0000
vn 0.0000 0.0000 -1.0000
vn 0.0000 0.0000 -1.0000
vn -0.6848 -0.4447 0.5773
vn -0.6848 -0.4447 0.5773
vn -0.6848 -0.4447 0.5773
vn -0.4447 0.6848 0.5773
vn -0.4447 0.6848 0.5773
vn -0.4447 0.6848 0.5773
vn -0.6848 -0.4446 -0.5774
vn -0.6848 -0.4446 -0.5774
vn -0.6848 -0.4446 -0.5774
vn -0.4447 0.6848 -0.5773
vn -0.4447 0.6848 -0.5773
vn -0.4447 0.6848 -0.5773
vn 0.4447 -0.6848 0.5774
vn 0.4447 -0.6848 0.5774
vn 0.4447 -0.6848 0.5774
vn 0.6847 0.4447 0.5774
vn 0.6847 0.4447 0.5774
vn 0.6847 0.4447 0.5774
vn 0.4446 -0.6848 -0.5774
vn 0.4446 -0.6848 -0.5774
vn 0.4446 -0.6848 -0.5774
vn 0.6848 0.4447 -0.5773
vn 0.6848 0.4447 -0.5773
vn 0.6848 0.4447 -0.5773
vn -0.8387 -0.5446 -0.0000
vn -0.8387 -0.5446 -0.0000
vn -0.8387 -0.5446 -0.0000
vn -0.8387 -0.5446 -0.0000
vn -0.6917 0.1470 0.7071
vn -0.6917 0.1470 0.7071
vn -0.6917 0.1470 0.7071
vn -0.6917 0.1470 0.7071
vn -0.5446 0.8387 0.0000
vn -0.5446 0.8387 0.0000
vn -0.5446 0.8387 0.0000
vn -0.5446 0.8387 0.0000
vn -0.6917 0.1470 -0.7071
vn -0.6917 0.1470 -0.7071
vn -0.6917 0.1470 -0.7071
vn -0.6917 0.1470 -0.7071
vn -0.1470 -0.6917 -0.7071
vn -0.1470 -0.6917 -0.7071
vn -0.1470 -0.6917 -0.7071
vn -0.1470 -0.6917 -0.7071
vn 0.1470 0.6917 -0.7070
vn 0.1470 0.6917 -0.7070
vn 0.1470 0.6917 -0.7070
vn 0.1470 0.6917 -0.7070
vn 0.6917 -0.1470 -0.7071
vn 0.6917 -0.1470 -0.7071
vn 0.6917 -0.1470 -0.7071
vn 0.6917 -0.1470 -0.7071
vn 0.5446 -0.8387 0.0000
vn 0.5446 -0.8387 0.0000
vn 0.5446 -0.8387 0.0000
vn 0.5446 -0.8387 0.0000
vn 0.8387 0.5446 0.0001
vn 0.8387 0.5446 0.0001
vn 0.8387 0.5446 0.0001
vn 0.8387 0.5446 0.0001
vn 0.6916 -0.1470 0.7071
vn 0.6916 -0.1470 0.7071
vn 0.6916 -0.1470 0.7071
vn 0.6916 -0.1470 0.7071
vn -0.1470 -0.6917 0.7071
vn -0.1470 -0.6917 0.7071
vn -0.1470 -0.6917 0.7071
vn -0.1470 -0.6917 0.7071
vn 0.1470 0.6916 0.7071
vn 0.1470 0.6916 0.7071
vn 0.1470 0.6916 0.7071
vn 0.1470 0.6916 0.7071
vn -0.2079 -0.9782 -0.0001
vn -0.2079 -0.9782 -0.0001
vn -0.2079 -0.9782 -0.0001
vn -0.2079 -0.9782 -0.0001
vn -0.0000 -0.0000 1.0000
vn -0.0000 -0.0000 1.0000
vn -0.0000 -0.0000 1.0000
vn -0.0000 -0.0000 1.0000
vn 0.9782 0.2079 0.0000
vn 0.9782 0.2079 0.0000
vn 0.9782 0.2079 0.0000
vn 0.9782 0.2079 0.0000
vn -0.2079 0.9781 -0.0000
vn -0.2079 0.9781 -0.0000
vn -0.2079 0.9781 -0.0000
vn -0.2079 0.9781 -0.0000
vn -0.9782 -0.2079 -0.0001
vn -0.9782 -0.2079 -0.0001
vn -0.9782 -0.2079 -0.0001
vn -0.9782 -0.2079 -0.0001
vn 0.0000 0.0000 -1.0000
vn 0.0000 0.0000 -1.0000
vn 0.0000 0.0000 -1.0000
vn 0.0000 0.0000 -1.0000
vn -0.4447 -0.6848 0.5773
vn -0.4447 -0.6848 0.5773
vn -0.4447 -0.6848 0.5773
vn -0.6848 0.4447 0.5774
vn -0.6848 0.4447 0.5774
vn -0.6848 0.4447 0.5774
vn -0.4446 -0.6848 -0.5774
vn -0.4446 -0.6848 -0.5774
vn -0.4446 -0.6848 -0.5774
vn -0.6848 0.4446 -0.5774
vn -0.6848 0.4446 -0.5774
vn -0.6848 0.4446 -0.5774
vn 0.6847 -0.4447 0.5774
vn 0.6847 -0.4447 0.5774
vn 0.6847 -0.4447 0.5774
vn 0.4447 0.6848 0.5774
vn 0.4447 0.6848 0.5774
vn 0.4447 0.6848 0.5774
vn 0.6848 -0.4447 -0.5774
vn 0.6848 -0.4447 -0.5774
vn 0.6848 -0.4447 -0.5774
vn 0.4447 0.6848 -0.5773
vn 0.4447 0.6848 -0.5773
vn 0.4447 0.6848 -0.5773
vn -0.5446 -0.8387 -0.0000
vn -0.5446 -0.8387 -0.0000
vn -0.5446 -0.8387 -0.0000
vn -0.5446 -0.8387 -0.0000
vn -0.6917 -0.1470 0.7071
vn -0.6917 -0.1470 0.7071
vn -0.6917 -0.1470 0.7071
vn -0.6917 -0.1470 0.7071
vn -0.8387 0.5446 0.0000
vn -0.8387 0.5446 0.0000
vn -0.8387 0.5446 0.0000
vn -0.8387 0.5446 0.0000
vn -0.6917 -0.1470 -0.7071
vn -0.6917 -0.1470 -0.7071
vn -0.6917 -0.1470 -0.7071
vn -0.6917 -0.1470 -0.7071
vn 0.1470 -0.6917 -0.7071
vn 0.1470 -0.6917 -0.7071
vn 0.1470 -0.6917 -0.7071
vn 0.1470 -0.6917 -0.7071
vn -0.1470 0.6917 -0.7071
vn -0.1470 0.6917 -0.7071
vn -0.1470 0.6917 -0.7071
vn -0.1470 0.6917 -0.7071
vn 0.6917 0.1470 -0.7070
vn 0.6917 0.1470 -0.7070
vn 0.6917 0.1470 -0.7070
vn 0.6917 0.1470 -0.7070
vn 0.8387 -0.5446 0.0000
vn 0.8387 -0.5446 0.0000
vn 0.8387 -0.5446 0.0000
vn 0.8387 -0.5446 0.0000
vn 0.5446 0.8387 0.0001
vn 0.5446 0.8387 0.0001
vn 0.5446 0.8387 0.0001
vn 0.5446 0.8387 0.0001
vn 0.6916 0.1470 0.7071
vn 0.6916 0.1470 0.7071
vn 0.6916 0.1470 0.7071
vn 0.6916 0.1470 0.7071
vn 0.1470 -0.6917 0.7071
vn 0.1470 -0.6917 0.7071
vn 0.1470 -0.6917 0.7071
vn 0.1470 -0.6917 0.7071
vn -0.1470 0.6916 0.7071
vn -0.1470 0.6916 0.7071
vn -0.1470 0.6916 0.7071
vn -0.1470 0.6916 0.7071
vn 0.2079 -0.9782 -0.0000
vn 0.2079 -0.9782 -0.0000
vn 0.2079 -0.9782 -0.0000
vn 0.2079 -0.9782 -0.0000
vn 0.1611 -0.8533 0.4960
vn 0.1611 -0.8533 0.4960
vn 0.1611 -0.8533 0.4960
vn 0.5215 -0.8533 -0.0000
vn 0.5215 -0.8533 -0.0000
vn 0.5215 -0.8533 -0.0000
vn -0.4219 -0.8533 0.3064
vn -0.4219 -0.8533 0.3064
vn -0.4219 -0.8533 0.3064
vn -0.4219 -0.8533 -0.3065
vn -0.4219 -0.8533 -0.3065
vn -0.4219 -0.8533 -0.3065
vn 0.1610 -0.8532 -0.4960
vn 0.1610 -0.8532 -0.4960
vn 0.1610 -0.8532 -0.4960
vn 0.9727 -0.2322 -0.0000
vn 0.9727 -0.2322 -0.0000
vn 0.9727 -0.2322 -0.0000
vn 0.3006 -0.2322 0.9251
vn 0.3006 -0.2322 0.9251
vn 0.3006 -0.2322 0.9251
vn -0.7870 -0.2322 0.5716
vn -0.7870 -0.2322 0.5716
vn -0.7870 -0.2322 0.5716
vn -0.7869 -0.2322 -0.5718
vn -0.7869 -0.2322 -0.5718
vn -0.7869 -0.2322 -0.5718
vn 0.3006 -0.2322 -0.9251
vn 0.3006 -0.2322 -0.9251
vn 0.3006 -0.2322 -0.9251
vn 0.7869 0.2322 0.5717
vn 0.7869 0.2322 0.5717
vn 0.7869 0.2322 0.5717
vn -0.3006 0.2322 0.9251
vn -0.3006 0.2322 0.9251
vn -0.3006 0.2322 0.9251
vn -0.9727 0.2322 -0.0000
vn -0.9727 0.2322 -0.0000
vn -0.9727 0.2322 -0.0000
vn -0.3006 0.2321 -0.9251
vn -0.3006 0.2321 -0.9251
vn -0.3006 0.2321 -0.9251
vn 0.7869 0.2322 -0.5717
vn 0.7869 0.2322 -0.5717
vn 0.7869 0.2322 -0.5717
vn 0.4218 0.8533 0.3065
vn 0.4218 0.8533 0.3065
vn 0.4218 0.8533 0.3065
vn -0.1611 0.8533 0.4960
vn -0.1611 0.8533 0.4960
vn -0.1611 0.8533 0.4960
vn -0.5215 0.8532 -0.0000
vn -0.5215 0.8532 -0.0000
vn -0.5215 0.8532 -0.0000
vn -0.1611 0.8532 -0.4960
vn -0.1611 0.8532 -0.4960
vn -0.1611 0.8532 -0.4960
vn 0.4219 0.8533 -0.3064
vn 0.4219 0.8533 -0.3064
vn 0.4219 0.8533 -0.3064
vn 0.3090 0.0000 -0.9511
vn 0.3090 0.0000 -0.9511
vn 0.3090 0.0000 -0.9511
vn 0.3090 0.0000 -0.9511
vn 0.8090 0.0000 -0.5878
vn 0.8090 0.0000 -0.5878
vn 0.8090 0.0000 -0.5878
vn 0.8090 0.0000 -0.5878
vn 1.0000 0.0000 -0.0000
vn 1.0000 0.0000 -0.0000
vn 1.0000 0.0000 -0.0000
vn 1.0000 0.0000 -0.0000
vn 0.8090 -0.0000 0.5878
vn 0.8090 -0.0000 0.5878
vn 0.8090 -0.0000 0.5878
vn 0.8090 -0.0000 0.5878
vn 0.3090 -0.0000 0.9511
vn 0.3090 -0.0000 0.9511
vn 0.3090 -0.0000 0.9511
vn 0.3090 -0.0000 0.9511
vn -0.3090 -0.0000 0.9511
vn -0.3090 -0.0000 0.9511
vn -0.3090 -0.0000 0.9511
vn -0.3090 -0.0000 0.9511
vn -0.8090 -0.0000 0.5878
vn -0.8090 -0.0000 0.5878
vn -0.8090 -0.0000 0.5878
vn -0.8090 -0.0000 0.5878
vn -1.0000 0.0000 -0.0000
vn -1.0000 0.0000 -0.0000
vn -1.0000 0.0000 -0.0000
vn -1.0000 0.0000 -0.0000
vn 0.0000 1.0000 -0.0000
vn 0.0000 1.0000 -0.0000
vn 0.0000 1.0000 -0.0000
vn 0.0000 1.0000 -0.0000
vn 0.0000 1.0000 -0.0000
vn 0.0000 1.0000 -0.0000
vn 0.0000 1.0000 -0.0000
vn 0.0000 1.0000 -0.0000
vn 0.0000 1.0000 -0.0000
vn 0.0000 1.0000 -0.0000
vn -0.8090 0.0000 -0.5878
vn -0.8090 0.0000 -0.5878
vn -0.8090 0.0000 -0.5878
vn -0.8090 0.0000 -0.5878
vn -0.3090 0.0000 -0.9511
vn -0.3090 0.0000 -0.9511
vn -0.3090 0.0000 -0.9511
vn -0.3090 0.0000 -0.9511
vn 0.0000 -1.0000 -0.0000
vn 0.0000 -1.0000 -0.0000
vn 0.0000 -1.0000 -0.0000
vn 0.0000 -1.0000 -0.0000
vn 0.0000 -1.0000 -0.0000
vn 0.0000 -1.0000 -0.0000
vn 0.0000 -1.0000 -0.0000
vn 0.0000 -1.0000 -0.0000
vn 0.0000 -1.0000 -0.0000
vn 0.0000 -1.0000 -0.0000
vn -1.0000 0.0000 -0.0000
vn -1.0000 0.0000 -0.0000
vn -1.0000 0.0000 -0.0000
vn -1.0000 0.0000 -0.0000
vn 0.0000 0.0000 -1.0000
vn 0.0000 0.0000 -1.0000
vn 0.0000 0.0000 -1.0000
vn 0.0000 0.0000 -1.0000
vn 1.0000 0.0000 -0.0000
vn 1.0000 0.0000 -0.0000
vn 1.0000 0.0000 -0.0000
vn 1.0000 0.0000 -0.0000
vn -0.0000 -0.0000 1.0000
vn -0.0000 -0.0000 1.0000
vn -0.0000 -0.0000 1.0000
vn -0.0000 -0.0000 1.0000
vn 0.0000 -1.0000 -0.0000
vn 0.0000 -1.0000 -0.0000
vn 0.0000 -1.0000 -0.0000
vn 0.0000 -1.0000 -0.0000
vn 0.0000 1.0000 -0.0000
vn 0.0000 1.0000 -0.0000
vn 0.0000 1.0000 -0.0000
vn 0.0000 1.0000 -0.0000
vn 0.0000 -1.0000 -0.0000
vn 0.0000 -1.0000 -0.0000
vn 0.0000 -1.0000 -0.0000
vn 0.0000 -1.0000 -0.0000
vn 0.0000 -1.0000 -0.0000
vn 0.0000 -1.0000 -0.0000
vn 0.0000 -1.0000 -0.0000
vn 0.0000 -1.0000 -0.0000
vn 0.0000 -1.0000 -0.0000
vn 0.2811 0.6786 -0.6785
vn 0.2811 0.6786 -0.6785
vn 0.2811 0.6786 -0.6785
vn 0.6786 0.6786 -0.2811
vn 0.6786 0.6786 -0.2811
vn 0.6786 0.6786 -0.2811
vn 0.6786 0.6786 0.2811
vn 0.6786 0.6786 0.2811
vn 0.6786 0.6786 0.2811
vn 0.2811 0.6786 0.6786
vn 0.2811 0.6786 0.6786
vn 0.2811 0.6786 0.6786
vn -0.2811 0.6786 0.6786
vn -0.2811 0.6786 0.6786
vn -0.2811 0.6786 0.6786
vn -0.6786 0.6786 0.2811
vn -0.6786 0.6786 0.2811
vn -0.6786 0.6786 0.2811
vn -0.6786 0.6786 -0.2811
vn -0.6786 0.6786 -0.2811
vn -0.6786 0.6786 -0.2811
vn -0.2811 0.6786 -0.6786
vn -0.2811 0.6786 -0.6786
vn -0.2811 0.6786 -0.6786
f 577//577 579//579 578//578
f 577//577 578//578 580//580
f 581//581 583//583 582//582
f 581//581 582//582 584//584
f 585//585 587//587 586//586
f 585//585 586//586 588//588
f 589//589 591//591 590//590
f 589//589 590//590 592//592
f 593//593 595//595 594//594
f 593//593 594//594 596//596
f 597//597 599//599 598//598
f 600//600 602//602 601//601
f 603//603 605//605 604//604
f 606//606 608//608 607//607
f 609//609 611//611 610//610
f 612//612 614//614 613//613
f 615//615 617//617 616//616
f 618//618 620//620 619//619
f 621//621 623//623 622//622
f 621//621 622//622 624//624
f 625//625 627//627 626//626
f 625//625 626//626 628//628
f 629//629 631//631 630//630
f 629//629 630//630 632//632
f 633//633 635//635 634//634
f 633//633 634//634 636//636
f 637//637 639//639 638//638
f 637//637 638//638 640//640
f 641//641 643//643 642//642
f 641//641 642//642 644//644
f 645//645 647//647 646//646
f 645//645 646//646 648//648
f 649//649 651//651 650//650
f 649//649 650//650 652//652
f 653//653 655//655 654//654
f 653//653 654//654 656//656
f 657//657 659//659 658//658
f 657//657 658//658 660//660
f 661//661 663//663 662//662
f 661//661 662//662 664//664
f 665//665 667//667 666//666
f 665//665 666//666 668//668
f 669//669 671//671 670//670
f 669//669 670//670 672//672
f 673//673 675//675 674//674
f 673//673 674//674 676//676
f 677//677 679//679 678//678
f 677//677 678//678 680//680
f 681//681 683//683 682//682
f 681//681 682//682 684//684
f 685//685 687//687 686//686
f 685//685 686//686 688//688
f 689//689 691//691 690//690
f 689//689 690//690 692//692
f 693//693 695//695 694//694
f 696//696 698//698 697//697
f 699//699 701//701 700//700
f 702//702 704//704 703//703
f 705//705 707//707 706//706
f 708//708 710//710 709//709
f 711//711 713//713 712//712
f 714//714 716//716 715//715
f 717//717 719//719 718//718
f 717//717 718//718 720//720
f 721//721 723//723 722//722
f 721//721 722//722 724//724
f 725//725 727//727 726//726
f 725//725 726//726 728//728
f 729//729 731//731 730//730
f 729//729 730//730 732//732
f 733//733 735//735 734//734
f 733//733 734//734 736//736
f 737//737 739//739 738//738
f 737//737 738//738 740//740
f 741//741 743//743 742//742
f 741//741 742//742 744//744
f 745//745 747//747 746//746
f 745//745 746//746 748//748
f 749//749 751//751 750//750
f 749//749 750//750 752//752
f 753//753 755//755 754//754
f 753//753 754//754 756//756
f 757//757 759//759 758//758
f 757//757 758//758 760//760
f 761//761 763//763 762//762
f 761//761 762//762 764//764
f 765//765 767//767 766//766
f 765//765 766//766 768//768
f 769//769 771//771 770//770
f 769//769 770//770 772//772
f 773//773 775//775 774//774
f 773//773 774//774 776//776
f 777//777 779//779 778//778
f 777//777 778//778 780//780
f 781//781 783//783 782//782
f 781//781 782//782 784//784
f 785//785 787//787 786//786
f 785//785 786//786 788//788
f 789//789 791//791 790//790
f 792//792 794//794 793//793
f 795//795 797//797 796//796
f 798//798 800//800 799//799
f 801//801 803//803 802//802
f 804//804 806//806 805//805
f 807//807 809//809 808//808
f 810//810 812//812 811//811
f 813//813 815//815 814//814
f 813//813 814//814 816//816
f 817//817 819//819 818//818
f 817//817 818//818 820//820
f 821//821 823//823 822//822
f 821//821 822//822 824//824
f 825//825 827//827 826//826
f 825//825 826//826 828//828
f 829//829 831//831 830//830
f 829//829 830//830 832//832
f 833//833 835//835 834//834
f 833//833 834//834 836//836
f 837//837 839//839 838//838
f 837//837 838//838 840//840
f 841//841 843//843 842//842
f 841//841 842//842 844//844
f 845//845 847//847 846//846
f 845//845 846//846 848//848
f 849//849 851//851 850//850
f 849//849 850//850 852//852
f 853//853 855//855 854//854
f 853//853 854//854 856//856
f 857//857 859//859 858//858
f 857//857 858//858 860//860
f 861//861 863//863 862//862
f 861//861 862//862 864//864
f 865//865 867//867 866//866
f 865//865 866//866 868//868
f 869//869 871//871 870//870
f 869//869 870//870 872//872
f 873//873 875//875 874//874
f 873//873 874//874 876//876
f 877//877 879//879 878//878
f 877//877 878//878 880//880
f 881//881 883//883 882//882
f 881//881 882//882 884//884
f 885//885 887//887 886//886
f 888//888 890//890 889//889
f 891//891 893//893 892//892
f 894//894 896//896 895//895
f 897//897 899//899 898//898
f 900//900 902//902 901//901
f 903//903 905//905 904//904
f 906//906 908//908 907//907
f 909//909 911//911 910//910
f 909//909 910//910 912//912
f 913//913 915//915 914//914
f 913//913 914//914 916//916
f 917//917 919//919 918//918
f 917//917 918//918 920//920
f 921//921 923//923 922//922
f 921//921 922//922 924//924
f 925//925 927//927 926//926
f 925//925 926//926 928//928
f 929//929 931//931 930//930
f 929//929 930//930 932//932
f 933//933 935//935 934//934
f 933//933 934//934 936//936
f 937//937 939//939 938//938
f 937//937 938//938 940//940
f 941//941 943//943 942//942
f 941//941 942//942 944//944
f 945//945 947//947 946//946
f 945//945 946//946 948//948
f 949//949 951//951 950//950
f 949//949 950//950 952//952
f 953//953 955//955 954//954
f 953//953 954//954 956//956
f 957//957 959//959 958//958
f 957//957 958//958 960//960
f 961//961 963//963 962//962
f 964//964 966//966 965//965
f 967//967 969//969 968//968
f 970//970 972//972 971//971
f 973//973 975//975 974//974
f 976//976 978//978 977//977
f 979//979 981//981 980//980
f 982//982 984//984 983//983
f 985//985 987//987 986//986
f 988//988 990//990 989//989
f 991//991 993//993 992//992
f 994//994 996//996 995//995
f 997//997 999//999 998//998
f 1000//1000 1002//1002 1001//1001
f 1003//1003 1005//1005 1004//1004
f 1006//1006 1008//1008 1007//1007
f 1009//1009 1011//1011 1010//1010
f 1012//1012 1014//1014 1013//1013
f 1015//1015 1017//1017 1016//1016
f 1018//1018 1020//1020 1019//1019
f 1021//1021 1023//1023 1022//1022
f 1021//1021 1022//1022 1024//1024
f 1025//1025 1027//1027 1026//1026
f 1025//1025 1026//1026 1028//1028
f 1029//1029 1031//1031 1030//1030
f 1029//1029 1030//1030 1032//1032
f 1033//1033 1035//1035 1034//1034
f 1033//1033 1034//1034 1036//1036
f 1037//1037 1039//1039 1038//1038
f 1037//1037 1038//1038 1040//1040
f 1041//1041 1043//1043 1042//1042
f 1041//1041 1042//1042 1044//1044
f 1045//1045 1047//1047 1046//1046
f 1045//1045 1046//1046 1048//1048
f 1049//1049 1051//1051 1050//1050
f 1049//1049 1050//1050 1052//1052
f 1053//1053 1055//1055 1054//1054
f 1053//1053 1054//1054 1056//1056
f 1054//1054 1057//1057 1056//1056
f 1056//1056 1058//1058 1053//1053
f 1058//1058 1059//1059 1053//1053
f 1056//1056 1060//1060 1058//1058
f 1060//1060 1061//1061 1058//1058
f 1056//1056 1062//1062 1060//1060
f 1063//1063 1065//1065 1064//1064
f 1063//1063 1064//1064 1066//1066
f 1067//1067 1069//1069 1068//1068
f 1067//1067 1068//1068 1070//1070
f 1071//1071 1073//1073 1072//1072
f 1071//1071 1072//1072 1074//1074
f 1072//1072 1075//1075 1074//1074
f 1074//1074 1076//1076 1071//1071
f 1076//1076 1077//1077 1071//1071
f 1074//1074 1078//1078 1076//1076
f 1078//1078 1079//1079 1076//1076
f 1074//1074 1080//1080 1078//1078
f 1081//1081 1083//1083 1082//1082
f 1081//1081 1082//1082 1084//1084
f 1085//1085 1087//1087 1086//1086
f 1085//1085 1086//1086 1088//1088
f 1089//1089 1091//1091 1090//1090
f 1089//1089 1090//1090 1092//1092
f 1093//1093 1095//1095 1094//1094
f 1093//1093 1094//1094 1096//1096
f 1097//1097 1099//1099 1098//1098
f 1097//1097 1098//1098 1100//1100
f 1101//1101 1103//1103 1102//1102
f 1101//1101 1102//1102 1104//1104
f 1105//1105 1107//1107 1106//1106
f 1105//1105 1106//1106 1108//1108
f 1105//1105 1109//1109 1107//1107
f 1105//1105 1108//1108 1110//1110
f 1105//1105 1111//1111 1109//1109
f 1105//1105 1110//1110 1112//1112
f 1105//1105 1113//1113 1111//1111
f 1105//1105 1112//1112 1113//1113
f 1114//1114 1116//1116 1115//1115
f 1117//1117 1119//1119 1118//1118
f 1120//1120 1122//1122 1121//1121
f 1123//1123 1125//1125 1124//1124
f 1126//1126 1128//1128 1127//1127
f 1129//1129 1131//1131 1130//1130
f 1132//1132 1134//1134 1133//1133
f 1135//1135 1137//1137 1136//1136
g body_leather
usemtl leather
v 0.06561 0.31400 0.04725
v -0.06561 0.32200 0.04725
v 0.06561 0.32200 0.04725
v -0.06561 0.31400 0.04725
v 0.06961 0.31400 -0.04325
v 0.06961 0.32200 0.04325
v 0.06961 0.32200 -0.04325
v 0.06961 0.31400 0.04325
v 0.06561 0.32600 -0.04325
v -0.06561 0.32600 0.04325
v -0.06561 0.32600 -0.04325
v 0.06561 0.32600 0.04325
v -0.06961 0.31400 0.04325
v -0.06961 0.32200 -0.04325
v -0.06961 0.32200 0.04325
v -0.06961 0.31400 -0.04325
v -0.06561 0.31400 -0.04725
v 0.06561 0.32200 -0.04725
v -0.06561 0.32200 -0.04725
v 0.06561 0.31400 -0.04725
v -0.06561 0.31000 0.04325
v -0.06961 0.31400 0.04325
v -0.06561 0.31400 0.04725
v -0.06561 0.32200 0.04725
v -0.06961 0.32200 0.04325
v -0.06561 0.32600 0.04325
v -0.06561 0.31000 -0.04325
v -0.06561 0.31400 -0.04725
v -0.06961 0.31400 -0.04325
v -0.06561 0.32600 -0.04325
v -0.06961 0.32200 -0.04325
v -0.06561 0.32200 -0.04725
v 0.06561 0.31000 0.04325
v 0.06561 0.31400 0.04725
v 0.06961 0.31400 0.04325
v 0.06561 0.32600 0.04325
v 0.06961 0.32200 0.04325
v 0.06561 0.32200 0.04725
v 0.06561 0.31000 -0.04325
v 0.06961 0.31400 -0.04325
v 0.06561 0.31400 -0.04725
v 0.06561 0.32600 -0.04325
v 0.06561 0.32200 -0.04725
v 0.06961 0.32200 -0.04325
v -0.06561 0.31000 -0.04325
v -0.06961 0.31400 0.04325
v -0.06561 0.31000 0.04325
v -0.06961 0.31400 -0.04325
v -0.06561 0.31400 0.04725
v -0.06961 0.32200 0.04325
v -0.06561 0.32200 0.04725
v -0.06961 0.31400 0.04325
v -0.06561 0.32600 0.04325
v -0.06961 0.32200 -0.04325
v -0.06561 0.32600 -0.04325
v -0.06961 0.32200 0.04325
v -0.06561 0.32200 -0.04725
v -0.06961 0.31400 -0.04325
v -0.06561 0.31400 -0.04725
v -0.06961 0.32200 -0.04325
v 0.06561 0.31000 -0.04325
v -0.06561 0.31400 -0.04725
v -0.06561 0.31000 -0.04325
v 0.06561 0.31400 -0.04725
v -0.06561 0.32600 -0.04325
v 0.06561 0.32200 -0.04725
v 0.06561 0.32600 -0.04325
v -0.06561 0.32200 -0.04725
v 0.06961 0.32200 -0.04325
v 0.06561 0.31400 -0.04725
v 0.06961 0.31400 -0.04325
v 0.06561 0.32200 -0.04725
v 0.06561 0.31000 0.04325
v 0.06961 0.31400 -0.04325
v 0.06561 0.31000 -0.04325
v 0.06961 0.31400 0.04325
v 0.06561 0.32600 -0.04325
v 0.06961 0.32200 0.04325
v 0.06561 0.32600 0.04325
v 0.06961 0.32200 -0.04325
v 0.06561 0.32200 0.04725
v 0.06961 0.31400 0.04325
v 0.06561 0.31400 0.04725
v 0.06961 0.32200 0.04325
v -0.06561 0.31000 0.04325
v 0.06561 0.31400 0.04725
v 0.06561 0.31000 0.04325
v -0.06561 0.31400 0.04725
v 0.06561 0.32600 0.04325
v -0.06561 0.32200 0.04725
v -0.06561 0.32600 0.04325
v 0.06561 0.32200 0.04725
v -0.06561 0.31000 -0.04325
v 0.06561 0.31000 0.04325
v 0.06561 0.31000 -0.04325
v -0.06561 0.31000 0.04325
vn -0.0000 -0.0000 1.0000
vn -0.0000 -0.0000 1.0000
vn -0.0000 -0.0000 1.0000
vn -0.0000 -0.0000 1.0000
vn 1.0000 0.0000 -0.0000
vn 1.0000 0.0000 -0.0000
vn 1.0000 0.0000 -0.0000
vn 1.0000 0.0000 -0.0000
vn 0.0000 1.0000 -0.0000
vn 0.0000 1.0000 -0.0000
vn 0.0000 1.0000 -0.0000
vn 0.0000 1.0000 -0.0000
vn -1.0000 0.0000 -0.0000
vn -1.0000 0.0000 -0.0000
vn -1.0000 0.0000 -0.0000
vn -1.0000 0.0000 -0.0000
vn 0.0000 0.0000 -1.0000
vn 0.0000 0.0000 -1.0000
vn 0.0000 0.0000 -1.0000
vn 0.0000 0.0000 -1.0000
vn -0.5774 -0.5773 0.5774
vn -0.5774 -0.5773 0.5774
vn -0.5774 -0.5773 0.5774
vn -0.5774 0.5772 0.5774
vn -0.5774 0.5772 0.5774
vn -0.5774 0.5772 0.5774
vn -0.5774 -0.5773 -0.5774
vn -0.5774 -0.5773 -0.5774
vn -0.5774 -0.5773 -0.5774
vn -0.5774 0.5773 -0.5774
vn -0.5774 0.5773 -0.5774
vn -0.5774 0.5773 -0.5774
vn 0.5774 -0.5773 0.5774
vn 0.5774 -0.5773 0.5774
vn 0.5774 -0.5773 0.5774
vn 0.5774 0.5772 0.5775
vn 0.5774 0.5772 0.5775
vn 0.5774 0.5772 0.5775
vn 0.5774 -0.5773 -0.5774
vn 0.5774 -0.5773 -0.5774
vn 0.5774 -0.5773 -0.5774
vn 0.5774 0.5773 -0.5773
vn 0.5774 0.5773 -0.5773
vn 0.5774 0.5773 -0.5773
vn -0.7071 -0.7071 -0.0001
vn -0.7071 -0.7071 -0.0001
vn -0.7071 -0.7071 -0.0001
vn -0.7071 -0.7071 -0.0001
vn -0.7071 -0.0000 0.7071
vn -0.7071 -0.0000 0.7071
vn -0.7071 -0.0000 0.7071
vn -0.7071 -0.0000 0.7071
vn -0.7071 0.7071 -0.0000
vn -0.7071 0.7071 -0.0000
vn -0.7071 0.7071 -0.0000
vn -0.7071 0.7071 -0.0000
vn -0.7071 0.0000 -0.7071
vn -0.7071 0.0000 -0.7071
vn -0.7071 0.0000 -0.7071
vn -0.7071 0.0000 -0.7071
vn 0.0000 -0.7071 -0.7071
vn 0.0000 -0.7071 -0.7071
vn 0.0000 -0.7071 -0.7071
vn 0.0000 -0.7071 -0.7071
vn 0.0000 0.7071 -0.7071
vn 0.0000 0.7071 -0.7071
vn 0.0000 0.7071 -0.7071
vn 0.0000 0.7071 -0.7071
vn 0.7071 0.0000 -0.7071
vn 0.7071 0.0000 -0.7071
vn 0.7071 0.0000 -0.7071
vn 0.7071 0.0000 -0.7071
vn 0.7071 -0.7071 -0.0000
vn 0.7071 -0.7071 -0.0000
vn 0.7071 -0.7071 -0.0000
vn 0.7071 -0.7071 -0.0000
vn 0.7071 0.7071 0.0000
vn 0.7071 0.7071 0.0000
vn 0.7071 0.7071 0.0000
vn 0.7071 0.7071 0.0000
vn 0.7071 -0.0000 0.7071
vn 0.7071 -0.0000 0.7071
vn 0.7071 -0.0000 0.7071
vn 0.7071 -0.0000 0.7071
vn -0.0000 -0.7071 0.7071
vn -0.0000 -0.7071 0.7071
vn -0.0000 -0.7071 0.7071
vn -0.0000 -0.7071 0.7071
vn -0.0000 0.7071 0.7071
vn -0.0000 0.7071 0.7071
vn -0.0000 0.7071 0.7071
vn -0.0000 0.7071 0.7071
vn 0.0000 -1.0000 -0.0000
vn 0.0000 -1.0000 -0.0000
vn 0.0000 -1.0000 -0.0000
vn 0.0000 -1.0000 -0.0000
f 1138//1138 1140//1140 1139//1139
f 1138//1138 1139//1139 1141//1141
f 1142//1142 1144//1144 1143//1143
f 1142//1142 1143//1143 1145//1145
f 1146//1146 1148//1148 1147//1147
f 1146//1146 1147//1147 1149//1149
f 1150//1150 1152//1152 1151//1151
f 1150//1150 1151//1151 1153//1153
f 1154//1154 1156//1156 1155//1155
f 1154//1154 1155//1155 1157//1157
f 1158//1158 1160//1160 1159//1159
f 1161//1161 1163//1163 1162//1162
f 1164//1164 1166//1166 1165//1165
f 1167//1167 1169//1169 1168//1168
f 1170//1170 1172//1172 1171//1171
f 1173//1173 1175//1175 1174//1174
f 1176//1176 1178//1178 1177//1177
f 1179//1179 1181//1181 1180//1180
f 1182//1182 1184//1184 1183//1183
f 1182//1182 1183//1183 1185//1185
f 1186//1186 1188//1188 1187//1187
f 1186//1186 1187//1187 1189//1189
f 1190//1190 1192//1192 1191//1191
f 1190//1190 1191//1191 1193//1193
f 1194//1194 1196//1196 1195//1195
f 1194//1194 1195//1195 1197//1197
f 1198//1198 1200//1200 1199//1199
f 1198//1198 1199//1199 1201//1201
f 1202//1202 1204//1204 1203//1203
f 1202//1202 1203//1203 1205//1205
f 1206//1206 1208//1208 1207//1207
f 1206//1206 1207//1207 1209//1209
f 1210//1210 1212//1212 1211//1211
f 1210//1210 1211//1211 1213//1213
f 1214//1214 1216//1216 1215//1215
f 1214//1214 1215//1215 1217//1217
f 1218//1218 1220//1220 1219//1219
f 1218//1218 1219//1219 1221//1221
f 1222//1222 1224//1224 1223//1223
f 1222//1222 1223//1223 1225//1225
f 1226//1226 1228//1228 1227//1227
f 1226//1226 1227//1227 1229//1229
f 1230//1230 1232//1232 1231//1231
f 1230//1230 1231//1231 1233//1233
g body_skin
usemtl skin
v 0.00000 0.41757 0.00000
v -0.01426 0.44666 0.04170
v 0.03734 0.44666 0.02577
v 0.03734 0.44666 0.02577
v 0.03734 0.44666 -0.02577
v 0.00000 0.41757 0.00000
v 0.00000 0.41757 0.00000
v -0.04615 0.44666 0.00000
v -0.01426 0.44666 0.04170
v 0.00000 0.41757 0.00000
v -0.01426 0.44666 -0.04170
v -0.04615 0.44666 0.00000
v 0.00000 0.41757 0.00000
v 0.03734 0.44666 -0.02577
v -0.01426 0.44666 -0.04170
v 0.03734 0.44666 0.02577
v 0.04615 0.49374 0.00000
v 0.03734 0.44666 -0.02577
v -0.01426 0.44666 0.04170
v 0.01426 0.49374 0.04170
v 0.03734 0.44666 0.02577
v -0.04615 0.44666 0.00000
v -0.03734 0.49374 0.02577
v -0.01426 0.44666 0.04170
v -0.01426 0.44666 -0.04170
v -0.03734 0.49374 -0.02577
v -0.04615 0.44666 0.00000
v 0.03734 0.44666 -0.02577
v 0.01426 0.49374 -0.04170
v -0.01426 0.44666 -0.04170
v 0.03734 0.44666 0.02577
v 0.01426 0.49374 0.04170
v 0.04615 0.49374 0.00000
v -0.01426 0.44666 0.04170
v -0.03734 0.49374 0.02577
v 0.01426 0.49374 0.04170
v -0.04615 0.44666 0.00000
v -0.03734 0.49374 -0.02577
v -0.03734 0.49374 0.02577
v -0.01426 0.44666 -0.04170
v 0.01426 0.49374 -0.04170
v -0.03734 0.49374 -0.02577
v 0.03734 0.44666 -0.02577
v 0.04615 0.49374 0.00000
v 0.01426 0.49374 -0.04170
v 0.01426 0.49374 0.04170
v 0.00000 0.52283 0.00000
v 0.04615 0.49374 0.00000
v -0.03734 0.49374 0.02577
v 0.00000 0.52283 0.00000
v 0.01426 0.49374 0.04170
v -0.03734 0.49374 -0.02577
v 0.00000 0.52283 0.00000
v -0.03734 0.49374 0.02577
v 0.01426 0.49374 -0.04170
v 0.00000 0.52283 0.00000
v -0.03734 0.49374 -0.02577
v 0.04615 0.49374 0.00000
v 0.00000 0.52283 0.00000
v 0.01426 0.49374 -0.04170
v -0.10500 0.29800 0.01000
v -0.11108 0.31016 0.02871
v -0.08908 0.31016 0.02157
v -0.08908 0.31016 0.02157
v -0.08908 0.31016 -0.00157
v -0.10500 0.29800 0.01000
v -0.10500 0.29800 0.01000
v -0.12468 0.31016 0.01000
v -0.11108 0.31016 0.02871
v -0.10500 0.29800 0.01000
v -0.11108 0.31016 -0.00871
v -0.12468 0.31016 0.01000
v -0.10500 0.29800 0.01000
v -0.08908 0.31016 -0.00157
v -0.11108 0.31016 -0.00871
v -0.08908 0.31016 0.02157
v -0.08532 0.32984 0.01000
v -0.08908 0.31016 -0.00157
v -0.11108 0.31016 0.02871
v -0.09892 0.32984 0.02871
v -0.08908 0.31016 0.02157
v -0.12468 0.31016 0.01000
v -0.12092 0.32984 0.02157
v -0.11108 0.31016 0.02871
v -0.11108 0.31016 -0.00871
v -0.12092 0.32984 -0.00157
v -0.12468 0.31016 0.01000
v -0.08908 0.31016 -0.00157
v -0.09892 0.32984 -0.00871
v -0.11108 0.31016 -0.00871
v -0.08908 0.31016 0.02157
v -0.09892 0.32984 0.02871
v -0.08532 0.32984 0.01000
v -0.11108 0.31016 0.02871
v -0.12092 0.32984 0.02157
v -0.09892 0.32984 0.02871
v -0.12468 0.31016 0.01000
v -0.12092 0.32984 -0.00157
v -0.12092 0.32984 0.02157
v -0.11108 0.31016 -0.00871
v -0.09892 0.32984 -0.00871
v -0.12092 0.32984 -0.00157
v -0.08908 0.31016 -0.00157
v -0.08532 0.32984 0.01000
v -0.09892 0.32984 -0.00871
v -0.09892 0.32984 0.02871
v -0.10500 0.34200 0.01000
v -0.08532 0.32984 0.01000
v -0.12092 0.32984 0.02157
v -0.10500 0.34200 0.01000
v -0.09892 0.32984 0.02871
v -0.12092 0.32984 -0.00157
v -0.10500 0.34200 0.01000
v -0.12092 0.32984 0.02157
v -0.09892 0.32984 -0.00871
v -0.10500 0.34200 0.01000
v -0.12092 0.32984 -0.00157
v -0.08532 0.32984 0.01000
v -0.10500 0.34200 0.01000
v -0.09892 0.32984 -0.00871
v 0.10500 0.29800 0.01000
v 0.09892 0.31016 0.02871
v 0.12092 0.31016 0.02157
v 0.12092 0.31016 0.02157
v 0.12092 0.31016 -0.00157
v 0.10500 0.29800 0.01000
v 0.10500 0.29800 0.01000
v 0.08532 0.31016 0.01000
v 0.09892 0.31016 0.02871
v 0.10500 0.29800 0.01000
v 0.09892 0.31016 -0.00871
v 0.08532 0.31016 0.01000
v 0.10500 0.29800 0.01000
v 0.12092 0.31016 -0.00157
v 0.09892 0.31016 -0.00871
v 0.12092 0.31016 0.02157
v 0.12468 0.32984 0.01000
v 0.12092 0.31016 -0.00157
v 0.09892 0.31016 0.02871
v 0.11108 0.32984 0.02871
v 0.12092 0.31016 0.02157
v 0.08532 0.31016 0.01000
v 0.08908 0.32984 0.02157
v 0.09892 0.31016 0.02871
v 0.09892 0.31016 -0.00871
v 0.08908 0.32984 -0.00157
v 0.08532 0.31016 0.01000
v 0.12092 0.31016 -0.00157
v 0.11108 0.32984 -0.00871
v 0.09892 0.31016 -0.00871
v 0.12092 0.31016 0.02157
v 0.11108 0.32984 0.02871
v 0.12468 0.32984 0.01000
v 0.09892 0.31016 0.02871
v 0.08908 0.32984 0.02157
v 0.11108 0.32984 0.02871
v 0.08532 0.31016 0.01000
v 0.08908 0.32984 -0.00157
v 0.08908 0.32984 0.02157
v 0.09892 0.31016 -0.00871
v 0.11108 0.32984 -0.00871
v 0.08908 0.32984 -0.00157
v 0.12092 0.31016 -0.00157
v 0.12468 0.32984 0.01000
v 0.11108 0.32984 -0.00871
v 0.11108 0.32984 0.02871
v 0.10500 0.34200 0.01000
v 0.12468 0.32984 0.01000
v 0.08908 0.32984 0.02157
v 0.10500 0.34200 0.01000
v 0.11108 0.32984 0.02871
v 0.08908 0.32984 -0.00157
v 0.10500 0.34200 0.01000
v 0.08908 0.32984 0.02157
v 0.11108 0.32984 -0.00871
v 0.10500 0.34200 0.01000
v 0.08908 0.32984 -0.00157
v 0.12468 0.32984 0.01000
v 0.10500 0.34200 0.01000
v 0.11108 0.32984 -0.00871
v 0.00000 0.41430 -0.02150
v 0.01862 0.44010 -0.01075
v 0.00000 0.44010 -0.02150
v 0.01862 0.41430 -0.01075
v 0.01862 0.41430 -0.01075
v 0.01862 0.44010 0.01075
v 0.01862 0.44010 -0.01075
v 0.01862 0.41430 0.01075
v 0.01862 0.41430 0.01075
v 0.00000 0.44010 0.02150
v 0.01862 0.44010 0.01075
v 0.00000 0.41430 0.02150
v 0.00000 0.41430 0.02150
v -0.01862 0.44010 0.01075
v 0.00000 0.44010 0.02150
v -0.01862 0.41430 0.01075
v 0.01862 0.44010 0.01075
v 0.00000 0.44010 -0.02150
v 0.01862 0.44010 -0.01075
v -0.01862 0.44010 0.01075
v 0.00000 0.44010 0.02150
v -0.01862 0.44010 -0.01075
v -0.01862 0.41430 0.01075
v -0.01862 0.44010 -0.01075
v -0.01862 0.44010 0.01075
v -0.01862 0.41430 -0.01075
v -0.01862 0.41430 -0.01075
v 0.00000 0.44010 -0.02150
v -0.01862 0.44010 -0.01075
v 0.00000 0.41430 -0.02150
v -0.01862 0.41430 -0.01075
v 0.01862 0.41430 -0.01075
v 0.00000 0.41430 -0.02150
v 0.00000 0.41430 0.02150
v -0.01862 0.41430 0.01075
v 0.01862 0.41430 0.01075
vn 0.1865 -0.7746 0.6043
vn 0.1865 -0.7746 0.6043
vn 0.1865 -0.7746 0.6043
vn 0.6146 -0.7888 0.0000
vn 0.6146 -0.7888 0.0000
vn 0.6146 -0.7888 0.0000
vn -0.4938 -0.7833 0.3776
vn -0.4938 -0.7833 0.3776
vn -0.4938 -0.7833 0.3776
vn -0.4938 -0.7833 -0.3777
vn -0.4938 -0.7833 -0.3777
vn -0.4938 -0.7833 -0.3777
vn 0.1865 -0.7746 -0.6043
vn 0.1865 -0.7746 -0.6043
vn 0.1865 -0.7746 -0.6043
vn 0.9829 -0.1840 -0.0000
vn 0.9829 -0.1840 -0.0000
vn 0.9829 -0.1840 -0.0000
vn 0.2903 -0.1759 0.9406
vn 0.2903 -0.1759 0.9406
vn 0.2903 -0.1759 0.9406
vn -0.7812 -0.1808 0.5975
vn -0.7812 -0.1808 0.5975
vn -0.7812 -0.1808 0.5975
vn -0.7812 -0.1808 -0.5976
vn -0.7812 -0.1808 -0.5976
vn -0.7812 -0.1808 -0.5976
vn 0.2903 -0.1759 -0.9406
vn 0.2903 -0.1759 -0.9406
vn 0.2903 -0.1759 -0.9406
vn 0.7812 0.1808 0.5976
vn 0.7812 0.1808 0.5976
vn 0.7812 0.1808 0.5976
vn -0.2903 0.1759 0.9406
vn -0.2903 0.1759 0.9406
vn -0.2903 0.1759 0.9406
vn -0.9829 0.1840 -0.0000
vn -0.9829 0.1840 -0.0000
vn -0.9829 0.1840 -0.0000
vn -0.2903 0.1759 -0.9406
vn -0.2903 0.1759 -0.9406
vn -0.2903 0.1759 -0.9406
vn 0.7812 0.1808 -0.5975
vn 0.7812 0.1808 -0.5975
vn 0.7812 0.1808 -0.5975
vn 0.4938 0.7833 0.3777
vn 0.4938 0.7833 0.3777
vn 0.4938 0.7833 0.3777
vn -0.1865 0.7746 0.6043
vn -0.1865 0.7746 0.6043
vn -0.1865 0.7746 0.6043
vn -0.6146 0.7888 0.0000
vn -0.6146 0.7888 0.0000
vn -0.6146 0.7888 0.0000
vn -0.1865 0.7746 -0.6043
vn -0.1865 0.7746 -0.6043
vn -0.1865 0.7746 -0.6043
vn 0.4938 0.7833 -0.3775
vn 0.4938 0.7833 -0.3775
vn 0.4938 0.7833 -0.3775
vn 0.1875 -0.7947 0.5773
vn 0.1875 -0.7947 0.5773
vn 0.1875 -0.7947 0.5773
vn 0.6070 -0.7947 0.0000
vn 0.6070 -0.7947 0.0000
vn 0.6070 -0.7947 0.0000
vn -0.4911 -0.7947 0.3567
vn -0.4911 -0.7947 0.3567
vn -0.4911 -0.7947 0.3567
vn -0.4911 -0.7947 -0.3568
vn -0.4911 -0.7947 -0.3568
vn -0.4911 -0.7947 -0.3568
vn 0.1876 -0.7947 -0.5774
vn 0.1876 -0.7947 -0.5774
vn 0.1876 -0.7947 -0.5774
vn 0.9822 -0.1876 -0.0000
vn 0.9822 -0.1876 -0.0000
vn 0.9822 -0.1876 -0.0000
vn 0.3035 -0.1876 0.9342
vn 0.3035 -0.1876 0.9342
vn 0.3035 -0.1876 0.9342
vn -0.7947 -0.1877 0.5773
vn -0.7947 -0.1877 0.5773
vn -0.7947 -0.1877 0.5773
vn -0.7946 -0.1876 -0.5775
vn -0.7946 -0.1876 -0.5775
vn -0.7946 -0.1876 -0.5775
vn 0.3035 -0.1876 -0.9342
vn 0.3035 -0.1876 -0.9342
vn 0.3035 -0.1876 -0.9342
vn 0.7946 0.1876 0.5774
vn 0.7946 0.1876 0.5774
vn 0.7946 0.1876 0.5774
vn -0.3035 0.1876 0.9342
vn -0.3035 0.1876 0.9342
vn -0.3035 0.1876 0.9342
vn -0.9823 0.1876 -0.0000
vn -0.9823 0.1876 -0.0000
vn -0.9823 0.1876 -0.0000
vn -0.3035 0.1876 -0.9342
vn -0.3035 0.1876 -0.9342
vn -0.3035 0.1876 -0.9342
vn 0.7946 0.1876 -0.5774
vn 0.7946 0.1876 -0.5774
vn 0.7946 0.1876 -0.5774
vn 0.4911 0.7947 0.3568
vn 0.4911 0.7947 0.3568
vn 0.4911 0.7947 0.3568
vn -0.1876 0.7946 0.5774
vn -0.1876 0.7946 0.5774
vn -0.1876 0.7946 0.5774
vn -0.6071 0.7946 0.0000
vn -0.6071 0.7946 0.0000
vn -0.6071 0.7946 0.0000
vn -0.1876 0.7946 -0.5774
vn -0.1876 0.7946 -0.5774
vn -0.1876 0.7946 -0.5774
vn 0.4911 0.7947 -0.3567
vn 0.4911 0.7947 -0.3567
vn 0.4911 0.7947 -0.3567
vn 0.1875 -0.7947 0.5773
vn 0.1875 -0.7947 0.5773
vn 0.1875 -0.7947 0.5773
vn 0.6070 -0.7947 0.0000
vn 0.6070 -0.7947 0.0000
vn 0.6070 -0.7947 0.0000
vn -0.4911 -0.7947 0.3567
vn -0.4911 -0.7947 0.3567
vn -0.4911 -0.7947 0.3567
vn -0.4911 -0.7947 -0.3568
vn -0.4911 -0.7947 -0.3568
vn -0.4911 -0.7947 -0.3568
vn 0.1876 -0.7947 -0.5774
vn 0.1876 -0.7947 -0.5774
vn 0.1876 -0.7947 -0.5774
vn 0.9822 -0.1876 -0.0000
vn 0.9822 -0.1876 -0.0000
vn 0.9822 -0.1876 -0.0000
vn 0.3035 -0.1876 0.9342
vn 0.3035 -0.1876 0.9342
vn 0.3035 -0.1876 0.9342
vn -0.7947 -0.1877 0.5773
vn -0.7947 -0.1877 0.5773
vn -0.7947 -0.1877 0.5773
vn -0.7946 -0.1876 -0.5775
vn -0.7946 -0.1876 -0.5775
vn -0.7946 -0.1876 -0.5775
vn 0.3035 -0.1876 -0.9342
vn 0.3035 -0.1876 -0.9342
vn 0.3035 -0.1876 -0.9342
vn 0.7946 0.1876 0.5774
vn 0.7946 0.1876 0.5774
vn 0.7946 0.1876 0.5774
vn -0.3035 0.1876 0.9342
vn -0.3035 0.1876 0.9342
vn -0.3035 0.1876 0.9342
vn -0.9823 0.1876 -0.0000
vn -0.9823 0.1876 -0.0000
vn -0.9823 0.1876 -0.0000
vn -0.3035 0.1876 -0.9342
vn -0.3035 0.1876 -0.9342
vn -0.3035 0.1876 -0.9342
vn 0.7946 0.1876 -0.5774
vn 0.7946 0.1876 -0.5774
vn 0.7946 0.1876 -0.5774
vn 0.4911 0.7947 0.3568
vn 0.4911 0.7947 0.3568
vn 0.4911 0.7947 0.3568
vn -0.1876 0.7946 0.5774
vn -0.1876 0.7946 0.5774
vn -0.1876 0.7946 0.5774
vn -0.6071 0.7946 0.0000
vn -0.6071 0.7946 0.0000
vn -0.6071 0.7946 0.0000
vn -0.1876 0.7946 -0.5774
vn -0.1876 0.7946 -0.5774
vn -0.1876 0.7946 -0.5774
vn 0.4911 0.7947 -0.3567
vn 0.4911 0.7947 -0.3567
vn 0.4911 0.7947 -0.3567
vn 0.5000 0.0000 -0.8660
vn 0.5000 0.0000 -0.8660
vn 0.5000 0.0000 -0.8660
vn 0.5000 0.0000 -0.8660
vn 1.0000 0.0000 -0.0000
vn 1.0000 0.0000 -0.0000
vn 1.0000 0.0000 -0.0000
vn 1.0000 0.0000 -0.0000
vn 0.5000 -0.0000 0.8660
vn 0.5000 -0.0000 0.8660
vn 0.5000 -0.0000 0.8660
vn 0.5000 -0.0000 0.8660
vn -0.5000 -0.0000 0.8660
vn -0.5000 -0.0000 0.8660
vn -0.5000 -0.0000 0.8660
vn -0.5000 -0.0000 0.8660
vn 0.0000 1.0000 -0.0000
vn 0.0000 1.0000 -0.0000
vn 0.0000 1.0000 -0.0000
vn 0.0000 1.0000 -0.0000
vn 0.0000 1.0000 -0.0000
vn 0.0000 1.0000 -0.0000
vn -1.0000 0.0000 -0.0000
vn -1.0000 0.0000 -0.0000
vn -1.0000 0.0000 -0.0000
vn -1.0000 0.0000 -0.0000
vn -0.5000 0.0000 -0.8660
vn -0.5000 0.0000 -0.8660
vn -0.5000 0.0000 -0.8660
vn -0.5000 0.0000 -0.8660
vn 0.0000 -1.0000 -0.0000
vn 0.0000 -1.0000 -0.0000
vn 0.0000 -1.0000 -0.0000
vn 0.0000 -1.0000 -0.0000
vn 0.0000 -1.0000 -0.0000
vn 0.0000 -1.0000 -0.0000
f 1294//1294 1296//1296 1295//1295
f 1297//1297 1299//1299 1298//1298
f 1300//1300 1302//1302 1301//1301
f 1303//1303 1305//1305 1304//1304
f 1306//1306 1308//1308 1307//1307
f 1309//1309 1311//1311 1310//1310
f 1312//1312 1314//1314 1313//1313
f 1315//1315 1317//1317 1316//1316
f 1318//1318 1320//1320 1319//1319
f 1321//1321 1323//1323 1322//1322
f 1324//1324 1326//1326 1325//1325
f 1327//1327 1329//1329 1328//1328
f 1330//1330 1332//1332 1331//1331
f 1333//1333 1335//1335 1334//1334
f 1336//1336 1338//1338 1337//1337
f 1339//1339 1341//1341 1340//1340
f 1342//1342 1344//1344 1343//1343
f 1345//1345 1347//1347 1346//1346
f 1348//1348 1350//1350 1349//1349
f 1351//1351 1353//1353 1352//1352
f 1354//1354 1356//1356 1355//1355
f 1357//1357 1359//1359 1358//1358
f 1360//1360 1362//1362 1361//1361
f 1363//1363 1365//1365 1364//1364
f 1366//1366 1368//1368 1367//1367
f 1369//1369 1371//1371 1370//1370
f 1372//1372 1374//1374 1373//1373
f 1375//1375 1377//1377 1376//1376
f 1378//1378 1380//1380 1379//1379
f 1381//1381 1383//1383 1382//1382
f 1384//1384 1386//1386 1385//1385
f 1387//1387 1389//1389 1388//1388
f 1390//1390 1392//1392 1391//1391
f 1393//1393 1395//1395 1394//1394
f 1396//1396 1398//1398 1397//1397
f 1399//1399 1401//1401 1400//1400
f 1402//1402 1404//1404 1403//1403
f 1405//1405 1407//1407 1406//1406
f 1408//1408 1410//1410 1409//1409
f 1411//1411 1413//1413 1412//1412
f 1414//1414 1416//1416 1415//1415
f 1414//1414 1415//1415 1417//1417
f 1418//1418 1420//1420 1419//1419
f 1418//1418 1419//1419 1421//1421
f 1422//1422 1424//1424 1423//1423
f 1422//1422 1423//1423 1425//1425
f 1426//1426 1428//1428 1427//1427
f 1426//1426 1427//1427 1429//1429
f 1430//1430 1432//1432 1431//1431
f 1431//1431 1433//1433 1430//1430
f 1433//1433 1434//1434 1430//1430
f 1431//1431 1435//1435 1433//1433
f 1436//1436 1438//1438 1437//1437
f 1436//1436 1437//1437 1439//1439
f 1440//1440 1442//1442 1441//1441
f 1440//1440 1441//1441 1443//1443
f 1444//1444 1446//1446 1445//1445
f 1445//1445 1447//1447 1444//1444
f 1447//1447 1448//1448 1444//1444
f 1445//1445 1449//1449 1447//1447
f 1234//1234 1236//1236 1235//1235
f 1237//1237 1239//1239 1238//1238
f 1240//1240 1242//1242 1241//1241
f 1243//1243 1245//1245 1244//1244
f 1246//1246 1248//1248 1247//1247
f 1249//1249 1251//1251 1250//1250
f 1252//1252 1254//1254 1253//1253
f 1255//1255 1257//1257 1256//1256
f 1258//1258 1260//1260 1259//1259
f 1261//1261 1263//1263 1262//1262
f 1264//1264 1266//1266 1265//1265
f 1267//1267 1269//1269 1268//1268
f 1270//1270 1272//1272 1271//1271
f 1273//1273 1275//1275 1274//1274
f 1276//1276 1278//1278 1277//1277
f 1279//1279 1281//1281 1280//1280
f 1282//1282 1284//1284 1283//1283
f 1285//1285 1287//1287 1286//1286
f 1288//1288 1290//1290 1289//1289
f 1291//1291 1293//1293 1292//1292
g body_black
usemtl black
v -0.02451 0.46676 0.05074
v -0.02451 0.48052 0.04558
v -0.02451 0.48052 0.05074
v -0.02451 0.46676 0.04558
v -0.02451 0.46676 0.04558
v -0.01333 0.48052 0.04558
v -0.02451 0.48052 0.04558
v -0.01333 0.46676 0.04558
v -0.01333 0.46676 0.04558
v -0.01333 0.48052 0.05074
v -0.01333 0.48052 0.04558
v -0.01333 0.46676 0.05074
v -0.01333 0.46676 0.05074
v -0.02451 0.48052 0.05074
v -0.01333 0.48052 0.05074
v -0.02451 0.46676 0.05074
v -0.02451 0.46676 0.04558
v -0.01333 0.46676 0.05074
v -0.01333 0.46676 0.04558
v -0.02451 0.46676 0.05074
v -0.01333 0.48052 0.04558
v -0.02451 0.48052 0.05074
v -0.02451 0.48052 0.04558
v -0.01333 0.48052 0.05074
v 0.01333 0.46676 0.05074
v 0.01333 0.48052 0.04558
v 0.01333 0.48052 0.05074
v 0.01333 0.46676 0.04558
v 0.01333 0.46676 0.04558
v 0.02451 0.48052 0.04558
v 0.01333 0.48052 0.04558
v 0.02451 0.46676 0.04558
v 0.02451 0.46676 0.04558
v 0.02451 0.48052 0.05074
v 0.02451 0.48052 0.04558
v 0.02451 0.46676 0.05074
v 0.02451 0.46676 0.05074
v 0.01333 0.48052 0.05074
v 0.02451 0.48052 0.05074
v 0.01333 0.46676 0.05074
v 0.01333 0.46676 0.04558
v 0.02451 0.46676 0.05074
v 0.02451 0.46676 0.04558
v 0.01333 0.46676 0.05074
v 0.02451 0.48052 0.04558
v 0.01333 0.48052 0.05074
v 0.01333 0.48052 0.04558
v 0.02451 0.48052 0.05074
vn -1.0000 0.0000 -0.0000
vn -1.0000 0.0000 -0.0000
vn -1.0000 0.0000 -0.0000
vn -1.0000 0.0000 -0.0000
vn 0.0000 0.0000 -1.0000
vn 0.0000 0.0000 -1.0000
vn 0.0000 0.0000 -1.0000
vn 0.0000 0.0000 -1.0000
vn 1.0000 0.0000 -0.0000
vn 1.0000 0.0000 -0.0000
vn 1.0000 0.0000 -0.0000
vn 1.0000 0.0000 -0.0000
vn -0.0000 -0.0000 1.0000
vn -0.0000 -0.0000 1.0000
vn -0.0000 -0.0000 1.0000
vn -0.0000 -0.0000 1.0000
vn 0.0000 -1.0000 -0.0000
vn 0.0000 -1.0000 -0.0000
vn 0.0000 -1.0000 -0.0000
vn 0.0000 -1.0000 -0.0000
vn 0.0000 1.0000 -0.0000
vn 0.0000 1.0000 -0.0000
vn 0.0000 1.0000 -0.0000
vn 0.0000 1.0000 -0.0000
vn -1.0000 0.0000 -0.0000
vn -1.0000 0.0000 -0.0000
vn -1.0000 0.0000 -0.0000
vn -1.0000 0.0000 -0.0000
vn 0.0000 0.0000 -1.0000
vn 0.0000 0.0000 -1.0000
vn 0.0000 0.0000 -1.0000
vn 0.0000 0.0000 -1.0000
vn 1.0000 0.0000 -0.0000
vn 1.0000 0.0000 -0.0000
vn 1.0000 0.0000 -0.0000
vn 1.0000 0.0000 -0.0000
vn -0.0000 -0.0000 1.0000
vn -0.0000 -0.0000 1.0000
vn -0.0000 -0.0000 1.0000
vn -0.0000 -0.0000 1.0000
vn 0.0000 -1.0000 -0.0000
vn 0.0000 -1.0000 -0.0000
vn 0.0000 -1.0000 -0.0000
vn 0.0000 -1.0000 -0.0000
vn 0.0000 1.0000 -0.0000
vn 0.0000 1.0000 -0.0000
vn 0.0000 1.0000 -0.0000
vn 0.0000 1.0000 -0.0000
f 1450//1450 1452//1452 1451//1451
f 1450//1450 1451//1451 1453//1453
f 1454//1454 1456//1456 1455//1455
f 1454//1454 1455//1455 1457//1457
f 1458//1458 1460//1460 1459//1459
f 1458//1458 1459//1459 1461//1461
f 1462//1462 1464//1464 1463//1463
f 1462//1462 1463//1463 1465//1465
f 1466//1466 1468//1468 1467//1467
f 1466//1466 1467//1467 1469//1469
f 1470//1470 1472//1472 1471//1471
f 1470//1470 1471//1471 1473//1473
f 1474//1474 1476//1476 1475//1475
f 1474//1474 1475//1475 1477//1477
f 1478//1478 1480//1480 1479//1479
f 1478//1478 1479//1479 1481//1481
f 1482//1482 1484//1484 1483//1483
f 1482//1482 1483//1483 1485//1485
f 1486//1486 1488//1488 1487//1487
f 1486//1486 1487//1487 1489//1489
f 1490//1490 1492//1492 1491//1491
f 1490//1490 1491//1491 1493//1493
f 1494//1494 1496//1496 1495//1495
f 1494//1494 1495//1495 1497//1497
g body_team
usemtl team
v 0.04400 0.28600 0.04900
v -0.04400 0.40400 0.04900
v 0.04400 0.40400 0.04900
v -0.04400 0.28600 0.04900
v 0.05000 0.28600 -0.04300
v 0.05000 0.40400 0.04300
v 0.05000 0.40400 -0.04300
v 0.05000 0.28600 0.04300
v 0.04400 0.41000 -0.04300
v -0.04400 0.41000 0.04300
v -0.04400 0.41000 -0.04300
v 0.04400 0.41000 0.04300
v -0.05000 0.28600 0.04300
v -0.05000 0.40400 -0.04300
v -0.05000 0.40400 0.04300
v -0.05000 0.28600 -0.04300
v -0.04400 0.28600 -0.04900
v 0.04400 0.40400 -0.04900
v -0.04400 0.40400 -0.04900
v 0.04400 0.28600 -0.04900
v -0.04400 0.28000 0.04300
v -0.05000 0.28600 0.04300
v -0.04400 0.28600 0.04900
v -0.04400 0.40400 0.04900
v -0.05000 0.40400 0.04300
v -0.04400 0.41000 0.04300
v -0.04400 0.28000 -0.04300
v -0.04400 0.28600 -0.04900
v -0.05000 0.28600 -0.04300
v -0.04400 0.41000 -0.04300
v -0.05000 0.40400 -0.04300
v -0.04400 0.40400 -0.04900
v 0.04400 0.28000 0.04300
v 0.04400 0.28600 0.04900
v 0.05000 0.28600 0.04300
v 0.04400 0.41000 0.04300
v 0.05000 0.40400 0.04300
v 0.04400 0.40400 0.04900
v 0.04400 0.28000 -0.04300
v 0.05000 0.28600 -0.04300
v 0.04400 0.28600 -0.04900
v 0.04400 0.41000 -0.04300
v 0.04400 0.40400 -0.04900
v 0.05000 0.40400 -0.04300
v -0.04400 0.28000 -0.04300
v -0.05000 0.28600 0.04300
v -0.04400 0.28000 0.04300
v -0.05000 0.28600 -0.04300
v -0.04400 0.28600 0.04900
v -0.05000 0.40400 0.04300
v -0.04400 0.40400 0.04900
v -0.05000 0.28600 0.04300
v -0.04400 0.41000 0.04300
v -0.05000 0.40400 -0.04300
v -0.04400 0.41000 -0.04300
v -0.05000 0.40400 0.04300
v -0.04400 0.40400 -0.04900
v -0.05000 0.28600 -0.04300
v -0.04400 0.28600 -0.04900
v -0.05000 0.40400 -0.04300
v 0.04400 0.28000 -0.04300
v -0.04400 0.28600 -0.04900
v -0.04400 0.28000 -0.04300
v 0.04400 0.28600 -0.04900
v -0.04400 0.41000 -0.04300
v 0.04400 0.40400 -0.04900
v 0.04400 0.41000 -0.04300
v -0.04400 0.40400 -0.04900
v 0.05000 0.40400 -0.04300
v 0.04400 0.28600 -0.04900
v 0.05000 0.28600 -0.04300
v 0.04400 0.40400 -0.04900
v 0.04400 0.28000 0.04300
v 0.05000 0.28600 -0.04300
v 0.04400 0.28000 -0.04300
v 0.05000 0.28600 0.04300
v 0.04400 0.41000 -0.04300
v 0.05000 0.40400 0.04300
v 0.04400 0.41000 0.04300
v 0.05000 0.40400 -0.04300
v 0.04400 0.40400 0.04900
v 0.05000 0.28600 0.04300
v 0.04400 0.28600 0.04900
v 0.05000 0.40400 0.04300
v -0.04400 0.28000 0.04300
v 0.04400 0.28600 0.04900
v 0.04400 0.28000 0.04300
v -0.04400 0.28600 0.04900
v 0.04400 0.41000 0.04300
v -0.04400 0.40400 0.04900
v -0.04400 0.41000 0.04300
v 0.04400 0.40400 0.04900
v -0.04400 0.28000 -0.04300
v 0.04400 0.28000 0.04300
v 0.04400 0.28000 -0.04300
v -0.04400 0.28000 0.04300
v 0.00516 0.55218 -0.01430
v -0.00516 0.56640 -0.04056
v 0.00516 0.56640 -0.04056
v -0.00516 0.55218 -0.01430
v 0.00946 0.51818 -0.06365
v 0.00946 0.56340 -0.04405
v 0.00946 0.54672 -0.06788
v 0.00946 0.54966 -0.01869
v 0.00516 0.55118 -0.06900
v -0.00516 0.56598 -0.04786
v -0.00516 0.55118 -0.06900
v 0.00516 0.56598 -0.04786
v -0.00946 0.54966 -0.01869
v -0.00946 0.54672 -0.06788
v -0.00946 0.56340 -0.04405
v -0.00946 0.51818 -0.06365
v -0.00516 0.51492 -0.06751
v 0.00516 0.54446 -0.07189
v -0.00516 0.54446 -0.07189
v 0.00516 0.51492 -0.06751
v -0.00516 0.54766 -0.01404
v -0.00946 0.54966 -0.01869
v -0.00516 0.55218 -0.01430
v -0.00516 0.56640 -0.04056
v -0.00946 0.56340 -0.04405
v -0.00516 0.56598 -0.04786
v -0.00516 0.51314 -0.06336
v -0.00516 0.51492 -0.06751
v -0.00946 0.51818 -0.06365
v -0.00516 0.55118 -0.06900
v -0.00946 0.54672 -0.06788
v -0.00516 0.54446 -0.07189
v 0.00516 0.54766 -0.01404
v 0.00516 0.55218 -0.01430
v 0.00946 0.54966 -0.01869
v 0.00516 0.56598 -0.04786
v 0.00946 0.56340 -0.04405
v 0.00516 0.56640 -0.04056
v 0.00516 0.51314 -0.06336
v 0.00946 0.51818 -0.06365
v 0.00516 0.51492 -0.06751
v 0.00516 0.55118 -0.06900
v 0.00516 0.54446 -0.07189
v 0.00946 0.54672 -0.06788
v -0.00516 0.51314 -0.06336
v -0.00946 0.54966 -0.01869
v -0.00516 0.54766 -0.01404
v -0.00946 0.51818 -0.06365
v -0.00516 0.55218 -0.01430
v -0.00946 0.56340 -0.04405
v -0.00516 0.56640 -0.04056
v -0.00946 0.54966 -0.01869
v -0.00516 0.56598 -0.04786
v -0.00946 0.54672 -0.06788
v -0.00516 0.55118 -0.06900
v -0.00946 0.56340 -0.04405
v -0.00516 0.54446 -0.07189
v -0.00946 0.51818 -0.06365
v -0.00516 0.51492 -0.06751
v -0.00946 0.54672 -0.06788
v 0.00516 0.51314 -0.06336
v -0.00516 0.51492 -0.06751
v -0.00516 0.51314 -0.06336
v 0.00516 0.51492 -0.06751
v -0.00516 0.55118 -0.06900
v 0.00516 0.54446 -0.07189
v 0.00516 0.55118 -0.06900
v -0.00516 0.54446 -0.07189
v 0.00946 0.54672 -0.06788
v 0.00516 0.51492 -0.06751
v 0.00946 0.51818 -0.06365
v 0.00516 0.54446 -0.07189
v 0.00516 0.54766 -0.01404
v 0.00946 0.51818 -0.06365
v 0.00516 0.51314 -0.06336
v 0.00946 0.54966 -0.01869
v 0.00516 0.55118 -0.06900
v 0.00946 0.56340 -0.04405
v 0.00516 0.56598 -0.04786
v 0.00946 0.54672 -0.06788
v 0.00516 0.56640 -0.04056
v 0.00946 0.54966 -0.01869
v 0.00516 0.55218 -0.01430
v 0.00946 0.56340 -0.04405
v -0.00516 0.54766 -0.01404
v 0.00516 0.55218 -0.01430
v 0.00516 0.54766 -0.01404
v -0.00516 0.55218 -0.01430
v 0.00516 0.56598 -0.04786
v -0.00516 0.56640 -0.04056
v -0.00516 0.56598 -0.04786
v 0.00516 0.56640 -0.04056
v -0.00516 0.51314 -0.06336
v 0.00516 0.54766 -0.01404
v 0.00516 0.51314 -0.06336
v -0.00516 0.54766 -0.01404
vn -0.0000 -0.0000 1.0000
vn -0.0000 -0.0000 1.0000
vn -0.0000 -0.0000 1.0000
vn -0.0000 -0.0000 1.0000
vn 1.0000 0.0000 -0.0000
vn 1.0000 0.0000 -0.0000
vn 1.0000 0.0000 -0.0000
vn 1.0000 0.0000 -0.0000
vn 0.0000 1.0000 -0.0000
vn 0.0000 1.0000 -0.0000
vn 0.0000 1.0000 -0.0000
vn 0.0000 1.0000 -0.0000
vn -1.0000 0.0000 -0.0000
vn -1.0000 0.0000 -0.0000
vn -1.0000 0.0000 -0.0000
vn -1.0000 0.0000 -0.0000
vn 0.0000 0.0000 -1.0000
vn 0.0000 0.0000 -1.0000
vn 0.0000 0.0000 -1.0000
vn 0.0000 0.0000 -1.0000
vn -0.5775 -0.5774 0.5772
vn -0.5775 -0.5774 0.5772
vn -0.5775 -0.5774 0.5772
vn -0.5775 0.5773 0.5773
vn -0.5775 0.5773 0.5773
vn -0.5775 0.5773 0.5773
vn -0.5774 -0.5773 -0.5774
vn -0.5774 -0.5773 -0.5774
vn -0.5774 -0.5773 -0.5774
vn -0.5774 0.5773 -0.5774
vn -0.5774 0.5773 -0.5774
vn -0.5774 0.5773 -0.5774
vn 0.5774 -0.5774 0.5773
vn 0.5774 -0.5774 0.5773
vn 0.5774 -0.5774 0.5773
vn 0.5774 0.5773 0.5774
vn 0.5774 0.5773 0.5774
vn 0.5774 0.5773 0.5774
vn 0.5774 -0.5773 -0.5774
vn 0.5774 -0.5773 -0.5774
vn 0.5774 -0.5773 -0.5774
vn 0.5774 0.5773 -0.5773
vn 0.5774 0.5773 -0.5773
vn 0.5774 0.5773 -0.5773
vn -0.7071 -0.7071 -0.0001
vn -0.7071 -0.7071 -0.0001
vn -0.7071 -0.7071 -0.0001
vn -0.7071 -0.7071 -0.0001
vn -0.7071 -0.0000 0.7071
vn -0.7071 -0.0000 0.7071
vn -0.7071 -0.0000 0.7071
vn -0.7071 -0.0000 0.7071
vn -0.7071 0.7071 -0.0000
vn -0.7071 0.7071 -0.0000
vn -0.7071 0.7071 -0.0000
vn -0.7071 0.7071 -0.0000
vn -0.7071 0.0000 -0.7071
vn -0.7071 0.0000 -0.7071
vn -0.7071 0.0000 -0.7071
vn -0.7071 0.0000 -0.7071
vn 0.0000 -0.7071 -0.7071
vn 0.0000 -0.7071 -0.7071
vn 0.0000 -0.7071 -0.7071
vn 0.0000 -0.7071 -0.7071
vn 0.0000 0.7071 -0.7071
vn 0.0000 0.7071 -0.7071
vn 0.0000 0.7071 -0.7071
vn 0.0000 0.7071 -0.7071
vn 0.7071 0.0000 -0.7071
vn 0.7071 0.0000 -0.7071
vn 0.7071 0.0000 -0.7071
vn 0.7071 0.0000 -0.7071
vn 0.7071 -0.7071 -0.0000
vn 0.7071 -0.7071 -0.0000
vn 0.7071 -0.7071 -0.0000
vn 0.7071 -0.7071 -0.0000
vn 0.7071 0.7071 0.0000
vn 0.7071 0.7071 0.0000
vn 0.7071 0.7071 0.0000
vn 0.7071 0.7071 0.0000
vn 0.7071 -0.0000 0.7071
vn 0.7071 -0.0000 0.7071
vn 0.7071 -0.0000 0.7071
vn 0.7071 -0.0000 0.7071
vn -0.0000 -0.7071 0.7071
vn -0.0000 -0.7071 0.7071
vn -0.0000 -0.7071 0.7071
vn -0.0000 -0.7071 0.7071
vn -0.0000 0.7071 0.7071
vn -0.0000 0.7071 0.7071
vn -0.0000 0.7071 0.7071
vn -0.0000 0.7071 0.7071
vn 0.0000 -1.0000 -0.0000
vn 0.0000 -1.0000 -0.0000
vn 0.0000 -1.0000 -0.0000
vn 0.0000 -1.0000 -0.0000
vn -0.0000 0.8794 0.4762
vn -0.0000 0.8794 0.4762
vn -0.0000 0.8794 0.4762
vn -0.0000 0.8794 0.4762
vn 1.0000 0.0000 -0.0000
vn 1.0000 0.0000 -0.0000
vn 1.0000 0.0000 -0.0000
vn 1.0000 0.0000 -0.0000
vn 0.0000 0.8192 -0.5736
vn 0.0000 0.8192 -0.5736
vn 0.0000 0.8192 -0.5736
vn 0.0000 0.8192 -0.5736
vn -1.0000 0.0000 -0.0000
vn -1.0000 0.0000 -0.0000
vn -1.0000 0.0000 -0.0000
vn -1.0000 0.0000 -0.0000
vn 0.0000 -0.1467 -0.9892
vn 0.0000 -0.1467 -0.9892
vn 0.0000 -0.1467 -0.9892
vn 0.0000 -0.1467 -0.9892
vn -0.7246 0.0395 0.6880
vn -0.7246 0.0395 0.6880
vn -0.7246 0.0395 0.6880
vn -0.5450 0.8371 -0.0480
vn -0.5450 0.8371 -0.0480
vn -0.5450 0.8371 -0.0480
vn -0.7246 -0.6330 -0.2724
vn -0.7246 -0.6330 -0.2724
vn -0.7246 -0.6330 -0.2724
vn -0.5450 0.3314 -0.7702
vn -0.5450 0.3314 -0.7702
vn -0.5450 0.3314 -0.7702
vn 0.7246 0.0395 0.6881
vn 0.7246 0.0395 0.6881
vn 0.7246 0.0395 0.6881
vn 0.5449 0.8371 -0.0479
vn 0.5449 0.8371 -0.0479
vn 0.5449 0.8371 -0.0479
vn 0.7246 -0.6331 -0.2724
vn 0.7246 -0.6331 -0.2724
vn 0.7246 -0.6331 -0.2724
vn 0.5450 0.3315 -0.7702
vn 0.5450 0.3315 -0.7702
vn 0.5450 0.3315 -0.7702
vn -0.7071 -0.5792 0.4055
vn -0.7071 -0.5792 0.4055
vn -0.7071 -0.5792 0.4055
vn -0.7071 -0.5792 0.4055
vn -0.7071 0.6218 0.3367
vn -0.7071 0.6218 0.3367
vn -0.7071 0.6218 0.3367
vn -0.7071 0.6218 0.3367
vn -0.7071 0.5792 -0.4056
vn -0.7071 0.5792 -0.4056
vn -0.7071 0.5792 -0.4056
vn -0.7071 0.5792 -0.4056
vn -0.7071 -0.1037 -0.6995
vn -0.7071 -0.1037 -0.6995
vn -0.7071 -0.1037 -0.6995
vn -0.7071 -0.1037 -0.6995
vn 0.0000 -0.9186 -0.3952
vn 0.0000 -0.9186 -0.3952
vn 0.0000 -0.9186 -0.3952
vn 0.0000 -0.9186 -0.3952
vn 0.0000 0.3953 -0.9185
vn 0.0000 0.3953 -0.9185
vn 0.0000 0.3953 -0.9185
vn 0.0000 0.3953 -0.9185
vn 0.7071 -0.1037 -0.6995
vn 0.7071 -0.1037 -0.6995
vn 0.7071 -0.1037 -0.6995
vn 0.7071 -0.1037 -0.6995
vn 0.7071 -0.5793 0.4056
vn 0.7071 -0.5793 0.4056
vn 0.7071 -0.5793 0.4056
vn 0.7071 -0.5793 0.4056
vn 0.7071 0.5792 -0.4056
vn 0.7071 0.5792 -0.4056
vn 0.7071 0.5792 -0.4056
vn 0.7071 0.5792 -0.4056
vn 0.7071 0.6218 0.3367
vn 0.7071 0.6218 0.3367
vn 0.7071 0.6218 0.3367
vn 0.7071 0.6218 0.3367
vn -0.0000 0.0573 0.9984
vn -0.0000 0.0573 0.9984
vn -0.0000 0.0573 0.9984
vn -0.0000 0.0573 0.9984
vn 0.0000 0.9984 -0.0573
vn 0.0000 0.9984 -0.0573
vn 0.0000 0.9984 -0.0573
vn 0.0000 0.9984 -0.0573
vn -0.0000 -0.8192 0.5735
vn -0.0000 -0.8192 0.5735
vn -0.0000 -0.8192 0.5735
vn -0.0000 -0.8192 0.5735
f 1594//1594 1596//1596 1595//1595
f 1594//1594 1595//1595 1597//1597
f 1598//1598 1600//1600 1599//1599
f 1598//1598 1599//1599 1601//1601
f 1602//1602 1604//1604 1603//1603
f 1602//1602 1603//1603 1605//1605
f 1606//1606 1608//1608 1607//1607
f 1606//1606 1607//1607 1609//1609
f 1610//1610 1612//1612 1611//1611
f 1610//1610 1611//1611 1613//1613
f 1614//1614 1616//1616 1615//1615
f 1617//1617 1619//1619 1618//1618
f 1620//1620 1622//1622 1621//1621
f 1623//1623 1625//1625 1624//1624
f 1626//1626 1628//1628 1627//1627
f 1629//1629 1631//1631 1630//1630
f 1632//1632 1634//1634 1633//1633
f 1635//1635 1637//1637 1636//1636
f 1638//1638 1640//1640 1639//1639
f 1638//1638 1639//1639 1641//1641
f 1642//1642 1644//1644 1643//1643
f 1642//1642 1643//1643 1645//1645
f 1646//1646 1648//1648 1647//1647
f 1646//1646 1647//1647 1649//1649
f 1650//1650 1652//1652 1651//1651
f 1650//1650 1651//1651 1653//1653
f 1654//1654 1656//1656 1655//1655
f 1654//1654 1655//1655 1657//1657
f 1658//1658 1660//1660 1659//1659
f 1658//1658 1659//1659 1661//1661
f 1662//1662 1664//1664 1663//1663
f 1662//1662 1663//1663 1665//1665
f 1666//1666 1668//1668 1667//1667
f 1666//1666 1667//1667 1669//1669
f 1670//1670 1672//1672 1671//1671
f 1670//1670 1671//1671 1673//1673
f 1674//1674 1676//1676 1675//1675
f 1674//1674 1675//1675 1677//1677
f 1678//1678 1680//1680 1679//1679
f 1678//1678 1679//1679 1681//1681
f 1682//1682 1684//1684 1683//1683
f 1682//1682 1683//1683 1685//1685
f 1686//1686 1688//1688 1687//1687
f 1686//1686 1687//1687 1689//1689
f 1498//1498 1500//1500 1499//1499
f 1498//1498 1499//1499 1501//1501
f 1502//1502 1504//1504 1503//1503
f 1502//1502 1503//1503 1505//1505
f 1506//1506 1508//1508 1507//1507
f 1506//1506 1507//1507 1509//1509
f 1510//1510 1512//1512 1511//1511
f 1510//1510 1511//1511 1513//1513
f 1514//1514 1516//1516 1515//1515
f 1514//1514 1515//1515 1517//1517
f 1518//1518 1520//1520 1519//1519
f 1521//1521 1523//1523 1522//1522
f 1524//1524 1526//1526 1525//1525
f 1527//1527 1529//1529 1528//1528
f 1530//1530 1532//1532 1531//1531
f 1533//1533 1535//1535 1534//1534
f 1536//1536 1538//1538 1537//1537
f 1539//1539 1541//1541 1540//1540
f 1542//1542 1544//1544 1543//1543
f 1542//1542 1543//1543 1545//1545
f 1546//1546 1548//1548 1547//1547
f 1546//1546 1547//1547 1549//1549
f 1550//1550 1552//1552 1551//1551
f 1550//1550 1551//1551 1553//1553
f 1554//1554 1556//1556 1555//1555
f 1554//1554 1555//1555 1557//1557
f 1558//1558 1560//1560 1559//1559
f 1558//1558 1559//1559 1561//1561
f 1562//1562 1564//1564 1563//1563
f 1562//1562 1563//1563 1565//1565
f 1566//1566 1568//1568 1567//1567
f 1566//1566 1567//1567 1569//1569
f 1570//1570 1572//1572 1571//1571
f 1570//1570 1571//1571 1573//1573
f 1574//1574 1576//1576 1575//1575
f 1574//1574 1575//1575 1577//1577
f 1578//1578 1580//1580 1579//1579
f 1578//1578 1579//1579 1581//1581
f 1582//1582 1584//1584 1583//1583
f 1582//1582 1583//1583 1585//1585
f 1586//1586 1588//1588 1587//1587
f 1586//1586 1587//1587 1589//1589
f 1590//1590 1592//1592 1591//1591
f 1590//1590 1591//1591 1593//1593
g body_gold
usemtl gold
v -0.08900 0.25841 -0.07181
v -0.08900 0.36995 0.09892
v -0.08900 0.36995 -0.07892
v -0.08900 0.22152 0.07224
v -0.08900 0.18119 0.01000
v -0.08900 0.25841 0.09181
v -0.09900 0.25841 0.09181
v -0.09900 0.36995 -0.07892
v -0.09900 0.36995 0.09892
v -0.09900 0.18119 0.01000
v -0.09900 0.19578 0.04379
v -0.09900 0.25841 -0.07181
v -0.08900 0.36995 -0.07892
v -0.09900 0.36995 -0.07892
v -0.08900 0.25841 -0.07181
v -0.09900 0.25841 -0.07181
v -0.09900 0.18119 0.01000
v -0.08900 0.18119 0.01000
v -0.08900 0.18119 0.01000
v -0.09900 0.19578 0.04379
v -0.08900 0.22152 0.07224
v -0.09900 0.18119 0.01000
v -0.09900 0.25841 0.09181
v -0.08900 0.25841 0.09181
v -0.09900 0.36995 0.09892
v -0.08900 0.36995 0.09892
v -0.08900 0.36995 0.09892
v -0.09900 0.36995 -0.07892
v -0.08900 0.36995 -0.07892
v -0.09900 0.36995 0.09892
v -0.08900 0.30131 -0.07892
v -0.08900 0.30131 0.09892
v -0.08900 0.19578 0.04379
v -0.08900 0.19578 -0.02379
v -0.08900 0.22152 -0.05224
v -0.09900 0.30131 -0.07892
v -0.09900 0.30131 0.09892
v -0.09900 0.22152 -0.05224
v -0.09900 0.19578 -0.02379
v -0.09900 0.22152 0.07224
v -0.09900 0.30131 -0.07892
v -0.08900 0.30131 -0.07892
v -0.08900 0.30131 -0.07892
v -0.09900 0.30131 -0.07892
v -0.08900 0.25841 -0.07181
v -0.09900 0.22152 -0.05224
v -0.08900 0.22152 -0.05224
v -0.09900 0.25841 -0.07181
v -0.08900 0.22152 -0.05224
v -0.09900 0.19578 -0.02379
v -0.08900 0.19578 -0.02379
v -0.09900 0.22152 -0.05224
v -0.08900 0.19578 -0.02379
v -0.09900 0.19578 -0.02379
v -0.09900 0.19578 0.04379
v -0.08900 0.19578 0.04379
v -0.08900 0.19578 0.04379
v -0.09900 0.22152 0.07224
v -0.08900 0.22152 0.07224
v -0.09900 0.25841 0.09181
v -0.08900 0.25841 0.09181
v -0.09900 0.22152 0.07224
v -0.09900 0.30131 0.09892
v -0.08900 0.30131 0.09892
v -0.08900 0.30131 0.09892
v -0.09900 0.30131 0.09892
vn 1.0000 0.0000 -0.0000
vn 1.0000 0.0000 -0.0000
vn 1.0000 0.0000 -0.0000
vn 1.0000 0.0000 -0.0000
vn 1.0000 0.0000 -0.0000
vn 1.0000 0.0000 -0.0000
vn -1.0000 0.0000 -0.0000
vn -1.0000 0.0000 -0.0000
vn -1.0000 0.0000 -0.0000
vn -1.0000 0.0000 -0.0000
vn -1.0000 0.0000 -0.0000
vn -1.0000 0.0000 -0.0000
vn 0.0000 0.0000 -1.0000
vn 0.0000 0.0000 -1.0000
vn 0.0000 -0.1636 -0.9865
vn 0.0000 -0.1636 -0.9865
vn 0.0000 -0.9181 -0.3963
vn 0.0000 -0.9181 -0.3963
vn -0.0000 -0.9181 0.3963
vn -0.0000 -0.7417 0.6708
vn -0.0000 -0.4685 0.8834
vn -0.0000 -0.9181 0.3963
vn -0.0000 -0.1636 0.9865
vn -0.0000 -0.1636 0.9865
vn -0.0000 -0.0000 1.0000
vn -0.0000 -0.0000 1.0000
vn 0.0000 1.0000 -0.0000
vn 0.0000 1.0000 -0.0000
vn 0.0000 1.0000 -0.0000
vn 0.0000 1.0000 -0.0000
vn 1.0000 0.0000 -0.0000
vn 1.0000 0.0000 -0.0000
vn 1.0000 0.0000 -0.0000
vn 1.0000 0.0000 -0.0000
vn 1.0000 0.0000 -0.0000
vn -1.0000 0.0000 -0.0000
vn -1.0000 0.0000 -0.0000
vn -1.0000 0.0000 -0.0000
vn -1.0000 0.0000 -0.0000
vn -1.0000 0.0000 -0.0000
vn 0.0000 0.0000 -1.0000
vn 0.0000 0.0000 -1.0000
vn 0.0000 -0.1636 -0.9865
vn 0.0000 -0.1636 -0.9865
vn 0.0000 -0.4685 -0.8835
vn 0.0000 -0.4685 -0.8835
vn 0.0000 -0.4685 -0.8835
vn 0.0000 -0.4685 -0.8835
vn 0.0000 -0.7417 -0.6708
vn 0.0000 -0.7417 -0.6708
vn 0.0000 -0.7417 -0.6708
vn 0.0000 -0.7417 -0.6708
vn 0.0000 -0.9181 -0.3963
vn 0.0000 -0.9181 -0.3963
vn -0.0000 -0.9181 0.3963
vn -0.0000 -0.9181 0.3963
vn -0.0000 -0.7417 0.6708
vn -0.0000 -0.7417 0.6708
vn -0.0000 -0.7417 0.6708
vn -0.0000 -0.4685 0.8834
vn -0.0000 -0.4685 0.8834
vn -0.0000 -0.4685 0.8834
vn -0.0000 -0.1636 0.9865
vn -0.0000 -0.1636 0.9865
vn -0.0000 -0.0000 1.0000
vn -0.0000 -0.0000 1.0000
f 1720//1720 1692//1692 1691//1691
f 1690//1690 1720//1720 1691//1691
f 1691//1691 1721//1721 1695//1695
f 1691//1691 1695//1695 1722//1722
f 1691//1691 1722//1722 1690//1690
f 1695//1695 1693//1693 1722//1722
f 1722//1722 1723//1723 1690//1690
f 1723//1723 1724//1724 1690//1690
f 1722//1722 1694//1694 1723//1723
f 1698//1698 1697//1697 1725//1725
f 1726//1726 1698//1698 1725//1725
f 1725//1725 1701//1701 1727//1727
f 1725//1725 1727//1727 1699//1699
f 1725//1725 1699//1699 1726//1726
f 1727//1727 1728//1728 1699//1699
f 1699//1699 1729//1729 1726//1726
f 1729//1729 1696//1696 1726//1726
f 1699//1699 1700//1700 1729//1729
f 1702//1702 1731//1731 1730//1730
f 1702//1702 1730//1730 1703//1703
f 1732//1732 1704//1704 1705//1705
f 1732//1732 1705//1705 1733//1733
f 1734//1734 1736//1736 1735//1735
f 1734//1734 1735//1735 1737//1737
f 1738//1738 1740//1740 1739//1739
f 1738//1738 1739//1739 1741//1741
f 1742//1742 1707//1707 1706//1706
f 1742//1742 1706//1706 1743//1743
f 1708//1708 1745//1745 1744//1744
f 1708//1708 1744//1744 1711//1711
f 1746//1746 1748//1748 1747//1747
f 1746//1746 1747//1747 1709//1709
f 1710//1710 1750//1750 1749//1749
f 1710//1710 1749//1749 1751//1751
f 1713//1713 1753//1753 1752//1752
f 1713//1713 1752//1752 1712//1712
f 1754//1754 1715//1715 1714//1714
f 1754//1754 1714//1714 1755//1755
f 1716//1716 1718//1718 1717//1717
f 1716//1716 1717//1717 1719//1719
g body_blazon
usemtl blazon
v -0.09500 0.26270 -0.06176
v -0.09500 0.36410 0.08800
v -0.09500 0.36410 -0.06800
v -0.09500 0.19250 0.01000
v -0.10900 0.36410 -0.06800
v -0.10900 0.36410 0.08800
v -0.10900 0.19250 0.01000
v -0.09500 0.36410 -0.06800
v -0.10900 0.36410 -0.06800
v -0.09500 0.26270 -0.06176
v -0.10900 0.19250 0.01000
v -0.09500 0.19250 0.01000
v -0.09500 0.19250 0.01000
v -0.10900 0.36410 0.08800
v -0.09500 0.36410 0.08800
v -0.10900 0.19250 0.01000
v -0.09500 0.36410 0.08800
v -0.10900 0.36410 -0.06800
v -0.09500 0.36410 -0.06800
v -0.10900 0.36410 0.08800
v -0.09500 0.22916 0.06460
v -0.09500 0.30170 0.08800
v -0.10900 0.26270 0.08176
v -0.10900 0.20576 0.03964
v -0.10900 0.26270 -0.06176
v -0.10900 0.26270 -0.06176
v -0.10900 0.20576 0.03964
v -0.09500 0.22916 0.06460
v -0.10900 0.26270 0.08176
v -0.09500 0.30170 0.08800
v -0.09500 0.30170 -0.06800
v -0.09500 0.26270 0.08176
v -0.09500 0.20576 0.03964
v -0.09500 0.20576 -0.01964
v -0.09500 0.22916 -0.04460
v -0.10900 0.30170 -0.06800
v -0.10900 0.30170 0.08800
v -0.10900 0.22916 -0.04460
v -0.10900 0.20576 -0.01964
v -0.10900 0.22916 0.06460
v -0.10900 0.30170 -0.06800
v -0.09500 0.30170 -0.06800
v -0.09500 0.30170 -0.06800
v -0.10900 0.30170 -0.06800
v -0.09500 0.26270 -0.06176
v -0.10900 0.22916 -0.04460
v -0.09500 0.22916 -0.04460
v -0.10900 0.26270 -0.06176
v -0.09500 0.22916 -0.04460
v -0.10900 0.20576 -0.01964
v -0.09500 0.20576 -0.01964
v -0.10900 0.22916 -0.04460
v -0.09500 0.20576 -0.01964
v -0.10900 0.20576 -0.01964
v -0.10900 0.20576 0.03964
v -0.09500 0.20576 0.03964
v -0.09500 0.20576 0.03964
v -0.10900 0.22916 0.06460
v -0.09500 0.22916 0.06460
v -0.10900 0.26270 0.08176
v -0.09500 0.26270 0.08176
v -0.10900 0.22916 0.06460
v -0.09500 0.26270 0.08176
v -0.10900 0.30170 0.08800
v -0.09500 0.30170 0.08800
v -0.10900 0.30170 0.08800
vn 1.0000 0.0000 -0.0000
vn 1.0000 0.0000 -0.0000
vn 1.0000 0.0000 -0.0000
vn 1.0000 0.0000 -0.0000
vn -1.0000 0.0000 -0.0000
vn -1.0000 0.0000 -0.0000
vn -1.0000 0.0000 -0.0000
vn 0.0000 0.0000 -1.0000
vn 0.0000 0.0000 -1.0000
vn 0.0000 -0.1580 -0.9874
vn 0.0000 -0.9128 -0.4084
vn 0.0000 -0.9128 -0.4084
vn -0.0000 -0.9128 0.4083
vn -0.0000 -0.0000 1.0000
vn -0.0000 -0.0000 1.0000
vn -0.0000 -0.9128 0.4083
vn 0.0000 1.0000 -0.0000
vn 0.0000 1.0000 -0.0000
vn 0.0000 1.0000 -0.0000
vn 0.0000 1.0000 -0.0000
vn 1.0000 0.0000 -0.0000
vn 1.0000 0.0000 -0.0000
vn -1.0000 0.0000 -0.0000
vn -1.0000 0.0000 -0.0000
vn -1.0000 0.0000 -0.0000
vn 0.0000 -0.1580 -0.9874
vn -0.0000 -0.7296 0.6839
vn -0.0000 -0.4555 0.8902
vn -0.0000 -0.1580 0.9874
vn -0.0000 -0.0000 1.0000
vn 1.0000 0.0000 -0.0000
vn 1.0000 0.0000 -0.0000
vn 1.0000 0.0000 -0.0000
vn 1.0000 0.0000 -0.0000
vn 1.0000 0.0000 -0.0000
vn -1.0000 0.0000 -0.0000
vn -1.0000 0.0000 -0.0000
vn -1.0000 0.0000 -0.0000
vn -1.0000 0.0000 -0.0000
vn -1.0000 0.0000 -0.0000
vn 0.0000 0.0000 -1.0000
vn 0.0000 0.0000 -1.0000
vn 0.0000 -0.1580 -0.9874
vn 0.0000 -0.1580 -0.9874
vn 0.0000 -0.4555 -0.8902
vn 0.0000 -0.4555 -0.8902
vn 0.0000 -0.4555 -0.8902
vn 0.0000 -0.4555 -0.8902
vn 0.0000 -0.7296 -0.6839
vn 0.0000 -0.7296 -0.6839
vn 0.0000 -0.7296 -0.6839
vn 0.0000 -0.7296 -0.6839
vn 0.0000 -0.9128 -0.4084
vn 0.0000 -0.9128 -0.4084
vn -0.0000 -0.9128 0.4083
vn -0.0000 -0.9128 0.4083
vn -0.0000 -0.7296 0.6839
vn -0.0000 -0.7296 0.6839
vn -0.0000 -0.7296 0.6839
vn -0.0000 -0.4555 0.8902
vn -0.0000 -0.4555 0.8902
vn -0.0000 -0.4555 0.8902
vn -0.0000 -0.1580 0.9874
vn -0.0000 -0.1580 0.9874
vn -0.0000 -0.1580 0.9874
vn -0.0000 -0.0000 1.0000
f 1786//1786 1758//1758 1757//1757
f 1756//1756 1786//1786 1757//1757
f 1757//1757 1777//1777 1787//1787
f 1757//1757 1787//1787 1788//1788
f 1757//1757 1788//1788 1756//1756
f 1787//1787 1776//1776 1788//1788
f 1788//1788 1789//1789 1756//1756
f 1789//1789 1790//1790 1756//1756
f 1788//1788 1759//1759 1789//1789
f 1761//1761 1760//1760 1791//1791
f 1792//1792 1761//1761 1791//1791
f 1791//1791 1780//1780 1793//1793
f 1791//1791 1793//1793 1762//1762
f 1791//1791 1762//1762 1792//1792
f 1793//1793 1794//1794 1762//1762
f 1762//1762 1795//1795 1792//1792
f 1795//1795 1778//1778 1792//1792
f 1762//1762 1779//1779 1795//1795
f 1763//1763 1797//1797 1796//1796
f 1763//1763 1796//1796 1764//1764
f 1798//1798 1765//1765 1781//1781
f 1798//1798 1781//1781 1799//1799
f 1800//1800 1802//1802 1801//1801
f 1800//1800 1801//1801 1803//1803
f 1804//1804 1806//1806 1805//1805
f 1804//1804 1805//1805 1807//1807
f 1808//1808 1767//1767 1766//1766
f 1808//1808 1766//1766 1809//1809
f 1768//1768 1811//1811 1810//1810
f 1768//1768 1810//1810 1771//1771
f 1812//1812 1814//1814 1813//1813
f 1812//1812 1813//1813 1782//1782
f 1783//1783 1816//1816 1815//1815
f 1783//1783 1815//1815 1817//1817
f 1818//1818 1820//1820 1819//1819
f 1818//1818 1819//1819 1784//1784
f 1785//1785 1770//1770 1769//1769
f 1785//1785 1769//1769 1821//1821
f 1772//1772 1774//1774 1773//1773
f 1772//1772 1773//1773 1775//1775
o horse
g horse_horse
usemtl horse
v 0.03355 0.19520 0.16470
v -0.03355 0.25010 0.16470
v 0.03355 0.25010 0.16470
v -0.03355 0.19520 0.16470
v 0.07015 0.19520 -0.12811
v 0.07015 0.25010 0.12810
v 0.07015 0.25010 -0.12811
v 0.07015 0.19520 0.12810
v 0.03355 0.28669 -0.12811
v -0.03355 0.28669 0.12810
v -0.03355 0.28669 -0.12811
v 0.03355 0.28669 0.12810
v -0.07015 0.19520 0.12810
v -0.07015 0.25010 -0.12811
v -0.07015 0.25010 0.12810
v -0.07015 0.19520 -0.12811
v -0.03355 0.19520 -0.16471
v 0.03355 0.25010 -0.16471
v -0.03355 0.25010 -0.16471
v 0.03355 0.19520 -0.16471
v -0.03355 0.15859 0.12810
v -0.07015 0.19520 0.12810
v -0.03355 0.19520 0.16470
v -0.03355 0.25010 0.16470
v -0.07015 0.25010 0.12810
v -0.03355 0.28669 0.12810
v -0.03355 0.15859 -0.12811
v -0.03355 0.19520 -0.16471
v -0.07015 0.19520 -0.12811
v -0.03355 0.28669 -0.12811
v -0.07015 0.25010 -0.12811
v -0.03355 0.25010 -0.16471
v 0.03355 0.15859 0.12810
v 0.03355 0.19520 0.16470
v 0.07015 0.19520 0.12810
v 0.03355 0.28669 0.12810
v 0.07015 0.25010 0.12810
v 0.03355 0.25010 0.16470
v 0.03355 0.15859 -0.12811
v 0.07015 0.19520 -0.12811
v 0.03355 0.19520 -0.16471
v 0.03355 0.28669 -0.12811
v 0.03355 0.25010 -0.16471
v 0.07015 0.25010 -0.12811
v -0.03355 0.15859 -0.12811
v -0.07015 0.19520 0.12810
v -0.03355 0.15859 0.12810
v -0.07015 0.19520 -0.12811
v -0.03355 0.19520 0.16470
v -0.07015 0.25010 0.12810
v -0.03355 0.25010 0.16470
v -0.07015 0.19520 0.12810
v -0.03355 0.28669 0.12810
v -0.07015 0.25010 -0.12811
v -0.03355 0.28669 -0.12811
v -0.07015 0.25010 0.12810
v -0.03355 0.25010 -0.16471
v -0.07015 0.19520 -0.12811
v -0.03355 0.19520 -0.16471
v -0.07015 0.25010 -0.12811
v 0.03355 0.15859 -0.12811
v -0.03355 0.19520 -0.16471
v -0.03355 0.15859 -0.12811
v 0.03355 0.19520 -0.16471
v -0.03355 0.28669 -0.12811
v 0.03355 0.25010 -0.16471
v 0.03355 0.28669 -0.12811
v -0.03355 0.25010 -0.16471
v 0.07015 0.25010 -0.12811
v 0.03355 0.19520 -0.16471
v 0.07015 0.19520 -0.12811
v 0.03355 0.25010 -0.16471
v 0.03355 0.15859 0.12810
v 0.07015 0.19520 -0.12811
v 0.03355 0.15859 -0.12811
v 0.07015 0.19520 0.12810
v 0.03355 0.28669 -0.12811
v 0.07015 0.25010 0.12810
v 0.03355 0.28669 0.12810
v 0.07015 0.25010 -0.12811
v 0.03355 0.25010 0.16470
v 0.07015 0.19520 0.12810
v 0.03355 0.19520 0.16470
v 0.07015 0.25010 0.12810
v -0.03355 0.15859 0.12810
v 0.03355 0.19520 0.16470
v 0.03355 0.15859 0.12810
v -0.03355 0.19520 0.16470
v 0.03355 0.28669 0.12810
v -0.03355 0.25010 0.16470
v -0.03355 0.28669 0.12810
v 0.03355 0.25010 0.16470
v -0.03355 0.15859 -0.12811
v 0.03355 0.15859 0.12810
v 0.03355 0.15859 -0.12811
v -0.03355 0.15859 0.12810
v -0.04148 0.18986 0.18399
v -0.04148 0.40794 0.19420
v -0.04148 0.37286 0.26938
v -0.04148 0.22493 0.10881
v -0.04148 0.22493 0.10881
v 0.04148 0.40794 0.19420
v -0.04148 0.40794 0.19420
v 0.04148 0.22493 0.10881
v 0.04148 0.22493 0.10881
v 0.04148 0.37286 0.26938
v 0.04148 0.40794 0.19420
v 0.04148 0.18986 0.18399
v 0.04148 0.18986 0.18399
v -0.04148 0.37286 0.26938
v 0.04148 0.37286 0.26938
v -0.04148 0.18986 0.18399
v -0.04148 0.22493 0.10881
v 0.04148 0.18986 0.18399
v 0.04148 0.22493 0.10881
v -0.04148 0.18986 0.18399
v 0.04148 0.40794 0.19420
v -0.04148 0.37286 0.26938
v -0.04148 0.40794 0.19420
v 0.04148 0.37286 0.26938
v -0.03404 0.00732 0.15265
v -0.06136 0.16348 0.15600
v -0.03136 0.16348 0.15600
v -0.05869 0.00732 0.15265
v -0.02672 0.00732 0.11086
v -0.02404 0.16348 0.14867
v -0.02404 0.16348 0.10751
v -0.02672 0.00732 0.14533
v -0.03123 0.17079 0.10735
v -0.06149 0.17079 0.14883
v -0.06149 0.17079 0.10735
v -0.03123 0.17079 0.14883
v -0.06601 0.00732 0.14533
v -0.06868 0.16348 0.10751
v -0.06868 0.16348 0.14867
v -0.06601 0.00732 0.11086
v -0.05869 0.00732 0.10354
v -0.03136 0.16348 0.10019
v -0.06136 0.16348 0.10019
v -0.03404 0.00732 0.10354
v -0.05856 0.00000 0.14518
v -0.06601 0.00732 0.14533
v -0.05869 0.00732 0.15265
v -0.06136 0.16348 0.15600
v -0.06868 0.16348 0.14867
v -0.06149 0.17079 0.14883
v -0.05856 0.00000 0.11102
v -0.05869 0.00732 0.10354
v -0.06601 0.00732 0.11086
v -0.06149 0.17079 0.10735
v -0.06868 0.16348 0.10751
v -0.06136 0.16348 0.10019
v -0.03416 0.00000 0.14518
v -0.03404 0.00732 0.15265
v -0.02672 0.00732 0.14533
v -0.03123 0.17079 0.14883
v -0.02404 0.16348 0.14867
v -0.03136 0.16348 0.15600
v -0.03416 0.00000 0.11102
v -0.02672 0.00732 0.11086
v -0.03404 0.00732 0.10354
v -0.03123 0.17079 0.10735
v -0.03136 0.16348 0.10019
v -0.02404 0.16348 0.10751
v -0.05856 0.00000 0.11102
v -0.06601 0.00732 0.14533
v -0.05856 0.00000 0.14518
v -0.06601 0.00732 0.11086
v -0.05869 0.00732 0.15265
v -0.06868 0.16348 0.14867
v -0.06136 0.16348 0.15600
v -0.06601 0.00732 0.14533
v -0.06149 0.17079 0.14883
v -0.06868 0.16348 0.10751
v -0.06149 0.17079 0.10735
v -0.06868 0.16348 0.14867
v -0.06136 0.16348 0.10019
v -0.06601 0.00732 0.11086
v -0.05869 0.00732 0.10354
v -0.06868 0.16348 0.10751
v -0.03416 0.00000 0.11102
v -0.05869 0.00732 0.10354
v -0.05856 0.00000 0.11102
v -0.03404 0.00732 0.10354
v -0.06149 0.17079 0.10735
v -0.03136 0.16348 0.10019
v -0.03123 0.17079 0.10735
v -0.06136 0.16348 0.10019
v -0.02404 0.16348 0.10751
v -0.03404 0.00732 0.10354
v -0.02672 0.00732 0.11086
v -0.03136 0.16348 0.10019
v -0.03416 0.00000 0.14518
v -0.02672 0.00732 0.11086
v -0.03416 0.00000 0.11102
v -0.02672 0.00732 0.14533
v -0.03123 0.17079 0.10735
v -0.02404 0.16348 0.14867
v -0.03123 0.17079 0.14883
v -0.02404 0.16348 0.10751
v -0.03136 0.16348 0.15600
v -0.02672 0.00732 0.14533
v -0.03404 0.00732 0.15265
v -0.02404 0.16348 0.14867
v -0.05856 0.00000 0.14518
v -0.03404 0.00732 0.15265
v -0.03416 0.00000 0.14518
v -0.05869 0.00732 0.15265
v -0.03123 0.17079 0.14883
v -0.06136 0.16348 0.15600
v -0.06149 0.17079 0.14883
v -0.03136 0.16348 0.15600
v -0.05856 0.00000 0.11102
v -0.03416 0.00000 0.14518
v -0.03416 0.00000 0.11102
v -0.05856 0.00000 0.14518
v -0.03404 0.00732 -0.10354
v -0.06136 0.16348 -0.10020
v -0.03136 0.16348 -0.10020
v -0.05869 0.00732 -0.10354
v -0.02672 0.00732 -0.14534
v -0.02404 0.16348 -0.10752
v -0.02404 0.16348 -0.14868
v -0.02672 0.00732 -0.11087
v -0.03123 0.17079 -0.14884
v -0.06149 0.17079 -0.10736
v -0.06149 0.17079 -0.14884
v -0.03123 0.17079 -0.10736
v -0.06601 0.00732 -0.11087
v -0.06868 0.16348 -0.14868
v -0.06868 0.16348 -0.10752
v -0.06601 0.00732 -0.14534
v -0.05869 0.00732 -0.15266
v -0.03136 0.16348 -0.15601
v -0.06136 0.16348 -0.15601
v -0.03404 0.00732 -0.15266
v -0.05856 0.00000 -0.11103
v -0.06601 0.00732 -0.11087
v -0.05869 0.00732 -0.10354
v -0.06136 0.16348 -0.10020
v -0.06868 0.16348 -0.10752
v -0.06149 0.17079 -0.10736
v -0.05856 0.00000 -0.14519
v -0.05869 0.00732 -0.15266
v -0.06601 0.00732 -0.14534
v -0.06149 0.17079 -0.14884
v -0.06868 0.16348 -0.14868
v -0.06136 0.16348 -0.15601
v -0.03416 0.00000 -0.11103
v -0.03404 0.00732 -0.10354
v -0.02672 0.00732 -0.11087
v -0.03123 0.17079 -0.10736
v -0.02404 0.16348 -0.10752
v -0.03136 0.16348 -0.10020
v -0.03416 0.00000 -0.14519
v -0.02672 0.00732 -0.14534
v -0.03404 0.00732 -0.15266
v -0.03123 0.17079 -0.14884
v -0.03136 0.16348 -0.15601
v -0.02404 0.16348 -0.14868
v -0.05856 0.00000 -0.14519
v -0.06601 0.00732 -0.11087
v -0.05856 0.00000 -0.11103
v -0.06601 0.00732 -0.14534
v -0.05869 0.00732 -0.10354
v -0.06868 0.16348 -0.10752
v -0.06136 0.16348 -0.10020
v -0.06601 0.00732 -0.11087
v -0.06149 0.17079 -0.10736
v -0.06868 0.16348 -0.14868
v -0.06149 0.17079 -0.14884
v -0.06868 0.16348 -0.10752
v -0.06136 0.16348 -0.15601
v -0.06601 0.00732 -0.14534
v -0.05869 0.00732 -0.15266
v -0.06868 0.16348 -0.14868
v -0.03416 0.00000 -0.14519
v -0.05869 0.00732 -0.15266
v -0.05856 0.00000 -0.14519
v -0.03404 0.00732 -0.15266
v -0.06149 0.17079 -0.14884
v -0.03136 0.16348 -0.15601
v -0.03123 0.17079 -0.14884
v -0.06136 0.16348 -0.15601
v -0.02404 0.16348 -0.14868
v -0.03404 0.00732 -0.15266
v -0.02672 0.00732 -0.14534
v -0.03136 0.16348 -0.15601
v -0.03416 0.00000 -0.11103
v -0.02672 0.00732 -0.14534
v -0.03416 0.00000 -0.14519
v -0.02672 0.00732 -0.11087
v -0.03123 0.17079 -0.14884
v -0.02404 0.16348 -0.10752
v -0.03123 0.17079 -0.10736
v -0.02404 0.16348 -0.14868
v -0.03136 0.16348 -0.10020
v -0.02672 0.00732 -0.11087
v -0.03404 0.00732 -0.10354
v -0.02404 0.16348 -0.10752
v -0.05856 0.00000 -0.11103
v -0.03404 0.00732 -0.10354
v -0.03416 0.00000 -0.11103
v -0.05869 0.00732 -0.10354
v -0.03123 0.17079 -0.10736
v -0.06136 0.16348 -0.10020
v -0.06149 0.17079 -0.10736
v -0.03136 0.16348 -0.10020
v -0.05856 0.00000 -0.14519
v -0.03416 0.00000 -0.11103
v -0.03416 0.00000 -0.14519
v -0.05856 0.00000 -0.11103
v 0.05868 0.00732 0.15265
v 0.03136 0.16348 0.15600
v 0.06136 0.16348 0.15600
v 0.03403 0.00732 0.15265
v 0.06601 0.00732 0.11086
v 0.06868 0.16348 0.14867
v 0.06868 0.16348 0.10751
v 0.06601 0.00732 0.14533
v 0.06149 0.17079 0.10735
v 0.03123 0.17079 0.14883
v 0.03123 0.17079 0.10735
v 0.06149 0.17079 0.14883
v 0.02671 0.00732 0.14533
v 0.02404 0.16348 0.10751
v 0.02404 0.16348 0.14867
v 0.02671 0.00732 0.11086
v 0.03403 0.00732 0.10354
v 0.06136 0.16348 0.10019
v 0.03136 0.16348 0.10019
v 0.05868 0.00732 0.10354
v 0.03416 0.00000 0.14518
v 0.02671 0.00732 0.14533
v 0.03403 0.00732 0.15265
v 0.03136 0.16348 0.15600
v 0.02404 0.16348 0.14867
v 0.03123 0.17079 0.14883
v 0.03416 0.00000 0.11102
v 0.03403 0.00732 0.10354
v 0.02671 0.00732 0.11086
v 0.03123 0.17079 0.10735
v 0.02404 0.16348 0.10751
v 0.03136 0.16348 0.10019
v 0.05856 0.00000 0.14518
v 0.05868 0.00732 0.15265
v 0.06601 0.00732 0.14533
v 0.06149 0.17079 0.14883
v 0.06868 0.16348 0.14867
v 0.06136 0.16348 0.15600
v 0.05856 0.00000 0.11102
v 0.06601 0.00732 0.11086
v 0.05868 0.00732 0.10354
v 0.06149 0.17079 0.10735
v 0.06136 0.16348 0.10019
v 0.06868 0.16348 0.10751
v 0.03416 0.00000 0.11102
v 0.02671 0.00732 0.14533
v 0.03416 0.00000 0.14518
v 0.02671 0.00732 0.11086
v 0.03403 0.00732 0.15265
v 0.02404 0.16348 0.14867
v 0.03136 0.16348 0.15600
v 0.02671 0.00732 0.14533
v 0.03123 0.17079 0.14883
v 0.02404 0.16348 0.10751
v 0.03123 0.17079 0.10735
v 0.02404 0.16348 0.14867
v 0.03136 0.16348 0.10019
v 0.02671 0.00732 0.11086
v 0.03403 0.00732 0.10354
v 0.02404 0.16348 0.10751
v 0.05856 0.00000 0.11102
v 0.03403 0.00732 0.10354
v 0.03416 0.00000 0.11102
v 0.05868 0.00732 0.10354
v 0.03123 0.17079 0.10735
v 0.06136 0.16348 0.10019
v 0.06149 0.17079 0.10735
v 0.03136 0.16348 0.10019
v 0.06868 0.16348 0.10751
v 0.05868 0.00732 0.10354
v 0.06601 0.00732 0.11086
v 0.06136 0.16348 0.10019
v 0.05856 0.00000 0.14518
v 0.06601 0.00732 0.11086
v 0.05856 0.00000 0.11102
v 0.06601 0.00732 0.14533
v 0.06149 0.17079 0.10735
v 0.06868 0.16348 0.14867
v 0.06149 0.17079 0.14883
v 0.06868 0.16348 0.10751
v 0.06136 0.16348 0.15600
v 0.06601 0.00732 0.14533
v 0.05868 0.00732 0.15265
v 0.06868 0.16348 0.14867
v 0.03416 0.00000 0.14518
v 0.05868 0.00732 0.15265
v 0.05856 0.00000 0.14518
v 0.03403 0.00732 0.15265
v 0.06149 0.17079 0.14883
v 0.03136 0.16348 0.15600
v 0.03123 0.17079 0.14883
v 0.06136 0.16348 0.15600
v 0.03416 0.00000 0.11102
v 0.05856 0.00000 0.14518
v 0.05856 0.00000 0.11102
v 0.03416 0.00000 0.14518
v 0.05868 0.00732 -0.10354
v 0.03136 0.16348 -0.10020
v 0.06136 0.16348 -0.10020
v 0.03403 0.00732 -0.10354
v 0.06601 0.00732 -0.14534
v 0.06868 0.16348 -0.10752
v 0.06868 0.16348 -0.14868
v 0.06601 0.00732 -0.11087
v 0.06149 0.17079 -0.14884
v 0.03123 0.17079 -0.10736
v 0.03123 0.17079 -0.14884
v 0.06149 0.17079 -0.10736
v 0.02671 0.00732 -0.11087
v 0.02404 0.16348 -0.14868
v 0.02404 0.16348 -0.10752
v 0.02671 0.00732 -0.14534
v 0.03403 0.00732 -0.15266
v 0.06136 0.16348 -0.15601
v 0.03136 0.16348 -0.15601
v 0.05868 0.00732 -0.15266
v 0.03416 0.00000 -0.11103
v 0.02671 0.00732 -0.11087
v 0.03403 0.00732 -0.10354
v 0.03136 0.16348 -0.10020
v 0.02404 0.16348 -0.10752
v 0.03123 0.17079 -0.10736
v 0.03416 0.00000 -0.14519
v 0.03403 0.00732 -0.15266
v 0.02671 0.00732 -0.14534
v 0.03123 0.17079 -0.14884
v 0.02404 0.16348 -0.14868
v 0.03136 0.16348 -0.15601
v 0.05856 0.00000 -0.11103
v 0.05868 0.00732 -0.10354
v 0.06601 0.00732 -0.11087
v 0.06149 0.17079 -0.10736
v 0.06868 0.16348 -0.10752
v 0.06136 0.16348 -0.10020
v 0.05856 0.00000 -0.14519
v 0.06601 0.00732 -0.14534
v 0.05868 0.00732 -0.15266
v 0.06149 0.17079 -0.14884
v 0.06136 0.16348 -0.15601
v 0.06868 0.16348 -0.14868
v 0.03416 0.00000 -0.14519
v 0.02671 0.00732 -0.11087
v 0.03416 0.00000 -0.11103
v 0.02671 0.00732 -0.14534
v 0.03403 0.00732 -0.10354
v 0.02404 0.16348 -0.10752
v 0.03136 0.16348 -0.10020
v 0.02671 0.00732 -0.11087
v 0.03123 0.17079 -0.10736
v 0.02404 0.16348 -0.14868
v 0.03123 0.17079 -0.14884
v 0.02404 0.16348 -0.10752
v 0.03136 0.16348 -0.15601
v 0.02671 0.00732 -0.14534
v 0.03403 0.00732 -0.15266
v 0.02404 0.16348 -0.14868
v 0.05856 0.00000 -0.14519
v 0.03403 0.00732 -0.15266
v 0.03416 0.00000 -0.14519
v 0.05868 0.00732 -0.15266
v 0.03123 0.17079 -0.14884
v 0.06136 0.16348 -0.15601
v 0.06149 0.17079 -0.14884
v 0.03136 0.16348 -0.15601
v 0.06868 0.16348 -0.14868
v 0.05868 0.00732 -0.15266
v 0.06601 0.00732 -0.14534
v 0.06136 0.16348 -0.15601
v 0.05856 0.00000 -0.11103
v 0.06601 0.00732 -0.14534
v 0.05856 0.00000 -0.14519
v 0.06601 0.00732 -0.11087
v 0.06149 0.17079 -0.14884
v 0.06868 0.16348 -0.10752
v 0.06149 0.17079 -0.10736
v 0.06868 0.16348 -0.14868
v 0.06136 0.16348 -0.10020
v 0.06601 0.00732 -0.11087
v 0.05868 0.00732 -0.10354
v 0.06868 0.16348 -0.10752
v 0.03416 0.00000 -0.11103
v 0.05868 0.00732 -0.10354
v 0.05856 0.00000 -0.11103
v 0.03403 0.00732 -0.10354
v 0.06149 0.17079 -0.10736
v 0.03136 0.16348 -0.10020
v 0.03123 0.17079 -0.10736
v 0.06136 0.16348 -0.10020
v 0.03416 0.00000 -0.14519
v 0.05856 0.00000 -0.11103
v 0.05856 0.00000 -0.14519
v 0.03416 0.00000 -0.11103
v -0.00000 0.15006 0.15249
v -0.01882 0.19187 0.21684
v 0.04926 0.19187 0.19226
v 0.04926 0.19187 0.19226
v 0.04926 0.19187 0.11273
v -0.00000 0.15006 0.15249
v -0.00000 0.15006 0.15249
v -0.06089 0.19187 0.15249
v -0.01882 0.19187 0.21684
v -0.00000 0.15006 0.15249
v -0.01882 0.19187 0.08815
v -0.06089 0.19187 0.15249
v -0.00000 0.15006 0.15249
v 0.04926 0.19187 0.11273
v -0.01882 0.19187 0.08815
v 0.04926 0.19187 0.19226
v 0.06089 0.25952 0.15249
v 0.04926 0.19187 0.11273
v -0.01882 0.19187 0.21684
v 0.01881 0.25952 0.21684
v 0.04926 0.19187 0.19226
v -0.06089 0.19187 0.15249
v -0.04926 0.25952 0.19226
v -0.01882 0.19187 0.21684
v -0.01882 0.19187 0.08815
v -0.04926 0.25952 0.11273
v -0.06089 0.19187 0.15249
v 0.04926 0.19187 0.11273
v 0.01881 0.25952 0.08815
v -0.01882 0.19187 0.08815
v 0.04926 0.19187 0.19226
v 0.01881 0.25952 0.21684
v 0.06089 0.25952 0.15249
v -0.01882 0.19187 0.21684
v -0.04926 0.25952 0.19226
v 0.01881 0.25952 0.21684
v -0.06089 0.19187 0.15249
v -0.04926 0.25952 0.11273
v -0.04926 0.25952 0.19226
v -0.01882 0.19187 0.08815
v 0.01881 0.25952 0.08815
v -0.04926 0.25952 0.11273
v 0.04926 0.19187 0.11273
v 0.06089 0.25952 0.15249
v 0.01881 0.25952 0.08815
v 0.01881 0.25952 0.21684
v -0.00000 0.30134 0.15249
v 0.06089 0.25952 0.15249
v -0.04926 0.25952 0.19226
v -0.00000 0.30134 0.15249
v 0.01881 0.25952 0.21684
v -0.04926 0.25952 0.11273
v -0.00000 0.30134 0.15249
v -0.04926 0.25952 0.19226
v 0.01881 0.25952 0.08815
v -0.00000 0.30134 0.15249
v -0.04926 0.25952 0.11273
v 0.06089 0.25952 0.15249
v -0.00000 0.30134 0.15249
v 0.01881 0.25952 0.08815
v -0.00000 0.15762 -0.14640
v -0.01942 0.19862 -0.07998
v 0.05085 0.19862 -0.10535
v 0.05085 0.19862 -0.10535
v 0.05085 0.19862 -0.18746
v -0.00000 0.15762 -0.14640
v -0.00000 0.15762 -0.14640
v -0.06285 0.19862 -0.14640
v -0.01942 0.19862 -0.07998
v -0.00000 0.15762 -0.14640
v -0.01942 0.19862 -0.21282
v -0.06285 0.19862 -0.14640
v -0.00000 0.15762 -0.14640
v 0.05085 0.19862 -0.18746
v -0.01942 0.19862 -0.21282
v 0.05085 0.19862 -0.10535
v 0.06285 0.26497 -0.14640
v 0.05085 0.19862 -0.18746
v -0.01942 0.19862 -0.07998
v 0.01942 0.26497 -0.07998
v 0.05085 0.19862 -0.10535
v -0.06285 0.19862 -0.14640
v -0.05085 0.26497 -0.10535
v -0.01942 0.19862 -0.07998
v -0.01942 0.19862 -0.21282
v -0.05085 0.26497 -0.18746
v -0.06285 0.19862 -0.14640
v 0.05085 0.19862 -0.18746
v 0.01942 0.26497 -0.21282
v -0.01942 0.19862 -0.21282
v 0.05085 0.19862 -0.10535
v 0.01942 0.26497 -0.07998
v 0.06285 0.26497 -0.14640
v -0.01942 0.19862 -0.07998
v -0.05085 0.26497 -0.10535
v 0.01942 0.26497 -0.07998
v -0.06285 0.19862 -0.14640
v -0.05085 0.26497 -0.18746
v -0.05085 0.26497 -0.10535
v -0.01942 0.19862 -0.21282
v 0.01942 0.26497 -0.21282
v -0.05085 0.26497 -0.18746
v 0.05085 0.19862 -0.18746
v 0.06285 0.26497 -0.14640
v 0.01942 0.26497 -0.21282
v 0.01942 0.26497 -0.07998
v -0.00000 0.30597 -0.14640
v 0.06285 0.26497 -0.14640
v -0.05085 0.26497 -0.10535
v -0.00000 0.30597 -0.14640
v 0.01942 0.26497 -0.07998
v -0.05085 0.26497 -0.18746
v -0.00000 0.30597 -0.14640
v -0.05085 0.26497 -0.10535
v 0.01942 0.26497 -0.21282
v -0.00000 0.30597 -0.14640
v -0.05085 0.26497 -0.18746
v 0.06285 0.26497 -0.14640
v -0.00000 0.30597 -0.14640
v 0.01942 0.26497 -0.21282
v -0.03538 0.37429 0.20447
v -0.03538 0.33940 0.36893
v -0.03538 0.28279 0.32647
v -0.03538 0.43090 0.24692
v -0.03538 0.43090 0.24692
v 0.03538 0.33940 0.36893
v -0.03538 0.33940 0.36893
v 0.03538 0.43090 0.24692
v 0.03538 0.43090 0.24692
v 0.03538 0.28279 0.32647
v 0.03538 0.33940 0.36893
v 0.03538 0.37429 0.20447
v 0.03538 0.37429 0.20447
v -0.03538 0.28279 0.32647
v 0.03538 0.28279 0.32647
v -0.03538 0.37429 0.20447
v -0.03538 0.43090 0.24692
v 0.03538 0.37429 0.20447
v 0.03538 0.43090 0.24692
v -0.03538 0.37429 0.20447
v 0.03538 0.33940 0.36893
v -0.03538 0.28279 0.32647
v -0.03538 0.33940 0.36893
v 0.03538 0.28279 0.32647
v -0.02074 0.42090 0.21349
v -0.00488 0.42090 0.21349
v -0.02074 0.42090 0.19764
v -0.02074 0.42090 0.22936
v -0.03660 0.42090 0.21349
v -0.02074 0.42090 0.19764
v -0.00488 0.42090 0.21349
v -0.02074 0.46970 0.21349
v -0.00488 0.42090 0.21349
v -0.02074 0.42090 0.22936
v -0.02074 0.46970 0.21349
v -0.02074 0.42090 0.22936
v -0.03660 0.42090 0.21349
v -0.02074 0.46970 0.21349
v -0.03660 0.42090 0.21349
v -0.02074 0.42090 0.19764
v -0.02074 0.46970 0.21349
v 0.02074 0.42090 0.21349
v 0.03660 0.42090 0.21349
v 0.02074 0.42090 0.19764
v 0.02074 0.42090 0.22936
v 0.00488 0.42090 0.21349
v 0.02074 0.42090 0.19764
v 0.03660 0.42090 0.21349
v 0.02074 0.46970 0.21349
v 0.03660 0.42090 0.21349
v 0.02074 0.42090 0.22936
v 0.02074 0.46970 0.21349
v 0.02074 0.42090 0.22936
v 0.00488 0.42090 0.21349
v 0.02074 0.46970 0.21349
v 0.00488 0.42090 0.21349
v 0.02074 0.42090 0.19764
v 0.02074 0.46970 0.21349
vn -0.0000 -0.0000 1.0000
vn -0.0000 -0.0000 1.0000
vn -0.0000 -0.0000 1.0000
vn -0.0000 -0.0000 1.0000
vn 0.7071 -0.0000 0.7071
vn 0.7071 -0.0000 0.7071
vn 0.7071 -0.0000 0.7071
vn 0.7071 -0.0000 0.7071
vn -0.0000 0.7071 0.7071
vn -0.0000 0.7071 0.7071
vn -0.0000 0.7071 0.7071
vn -0.0000 0.7071 0.7071
vn 0.0000 1.0000 -0.0000
vn 0.0000 1.0000 -0.0000
vn 0.0000 1.0000 -0.0000
vn 0.0000 1.0000 -0.0000
vn -0.7071 0.7071 -0.0000
vn -0.7071 0.7071 -0.0000
vn -0.7071 0.7071 -0.0000
vn -0.7071 0.7071 -0.0000
vn -0.7071 0.7071 -0.0000
vn -0.7071 0.7071 -0.0000
vn -0.7071 0.7071 -0.0000
vn 0.0845 0.6422 0.7619
vn 0.0845 0.6422 0.7619
vn 0.0845 0.6422 0.7619
vn -0.1245 0.9456 -0.3005
vn -0.1245 0.9456 -0.3005
vn -0.1245 0.9456 -0.3005
vn -0.3453 0.8335 0.4314
vn -0.3453 0.8335 0.4314
vn -0.3453 0.8335 0.4314
vn 0.1870 -0.4516 0.8724
vn 0.1870 -0.4516 0.8724
vn 0.1870 -0.4516 0.8724
vn 0.3671 0.2817 0.8865
vn 0.3671 0.2817 0.8865
vn 0.3671 0.2817 0.8865
vn -0.7058 0.5416 -0.4566
vn -0.7058 0.5416 -0.4566
vn -0.7058 0.5416 -0.4566
vn 0.7071 -0.7071 -0.0000
vn 0.7071 -0.7071 -0.0000
vn 0.7071 -0.7071 -0.0000
vn 0.0674 0.7916 -0.6073
vn 0.0674 0.7916 -0.6073
vn 0.0674 0.7916 -0.6073
vn 0.0674 0.7916 -0.6073
vn -0.2445 0.7693 0.5903
vn -0.2445 0.7693 0.5903
vn -0.2445 0.7693 0.5903
vn -0.2445 0.7693 0.5903
vn -0.0674 0.7915 0.6074
vn -0.0674 0.7915 0.6074
vn -0.0674 0.7915 0.6074
vn -0.0674 0.7915 0.6074
vn -0.3006 0.9456 0.1245
vn -0.3006 0.9456 0.1245
vn -0.3006 0.9456 0.1245
vn -0.3006 0.9456 0.1245
vn -0.4315 0.8334 -0.3452
vn -0.4315 0.8334 -0.3452
vn -0.4315 0.8334 -0.3452
vn -0.4315 0.8334 -0.3452
vn 0.4314 -0.8335 -0.3452
vn 0.4314 -0.8335 -0.3452
vn 0.4314 -0.8335 -0.3452
vn 0.4314 -0.8335 -0.3452
vn 0.8864 -0.2818 0.3672
vn 0.8864 -0.2818 0.3672
vn 0.8864 -0.2818 0.3672
vn 0.8864 -0.2818 0.3672
vn 0.4566 -0.5416 0.7058
vn 0.4566 -0.5416 0.7058
vn 0.4566 -0.5416 0.7058
vn 0.4566 -0.5416 0.7058
vn -0.4566 -0.5416 -0.7059
vn -0.4566 -0.5416 -0.7059
vn -0.4566 -0.5416 -0.7059
vn -0.4566 -0.5416 -0.7059
vn 0.3799 -0.1208 0.9171
vn 0.3799 -0.1208 0.9171
vn 0.3799 -0.1208 0.9171
vn 0.3799 -0.1208 0.9171
vn -0.1943 -0.3754 0.9062
vn -0.1943 -0.3754 0.9062
vn -0.1943 -0.3754 0.9062
vn -0.1943 -0.3754 0.9062
vn 0.1943 0.3754 0.9063
vn 0.1943 0.3754 0.9063
vn 0.1943 0.3754 0.9063
vn 0.1943 0.3754 0.9063
vn -0.0000 -0.7071 0.7071
vn -0.0000 -0.7071 0.7071
vn -0.0000 -0.7071 0.7071
vn -0.0000 -0.7071 0.7071
vn 0.0000 1.0000 -0.0000
vn 0.0000 1.0000 -0.0000
vn 0.0000 1.0000 -0.0000
vn 0.0000 1.0000 -0.0000
vn 0.6258 -0.7615 -0.1690
vn 0.6258 -0.7615 -0.1690
vn 0.6258 -0.7615 -0.1690
vn 0.6258 -0.7615 -0.1690
vn 0.7071 -0.0000 0.7071
vn 0.7071 -0.0000 0.7071
vn 0.7071 -0.0000 0.7071
vn 0.7071 -0.0000 0.7071
vn -0.1753 -0.2133 0.9611
vn -0.1753 -0.2133 0.9611
vn -0.1753 -0.2133 0.9611
vn -0.1753 -0.2133 0.9611
vn -0.2003 0.8264 -0.5263
vn -0.2003 0.8264 -0.5263
vn -0.2003 0.8264 -0.5263
vn -0.2003 0.8264 -0.5263
vn 0.1291 0.5326 0.8364
vn 0.1291 0.5326 0.8364
vn 0.1291 0.5326 0.8364
vn 0.1291 0.5326 0.8364
vn -0.0107 -0.0107 0.9999
vn -0.0107 -0.0107 0.9999
vn -0.0107 -0.0107 0.9999
vn -0.0107 -0.0107 0.9999
vn 0.7070 -0.0121 0.7071
vn 0.7070 -0.0121 0.7071
vn 0.7070 -0.0121 0.7071
vn 0.7070 -0.0121 0.7071
vn -0.0000 0.7071 0.7071
vn -0.0000 0.7071 0.7071
vn -0.0000 0.7071 0.7071
vn -0.0000 0.7071 0.7071
vn 0.0000 0.9999 -0.0171
vn 0.0000 0.9999 -0.0171
vn 0.0000 0.9999 -0.0171
vn 0.0000 0.9999 -0.0171
vn -0.7069 0.7072 -0.0076
vn -0.7069 0.7072 -0.0076
vn -0.7069 0.7072 -0.0076
vn -0.7069 0.7072 -0.0076
vn 0.2779 0.3751 -0.8844
vn 0.2779 0.3751 -0.8844
vn 0.2779 0.3751 -0.8844
vn 0.0821 0.6460 0.7590
vn 0.0821 0.6460 0.7590
vn 0.0821 0.6460 0.7590
vn -0.1201 0.9425 -0.3117
vn -0.1201 0.9425 -0.3117
vn -0.1201 0.9425 -0.3117
vn -0.3474 0.8360 0.4248
vn -0.3474 0.8360 0.4248
vn -0.3474 0.8360 0.4248
vn 0.1806 -0.4584 0.8702
vn 0.1806 -0.4584 0.8702
vn 0.1806 -0.4584 0.8702
vn 0.3707 0.2706 0.8885
vn 0.3707 0.2706 0.8885
vn 0.3707 0.2706 0.8885
vn -0.6960 0.5510 -0.4604
vn -0.6960 0.5510 -0.4604
vn -0.6960 0.5510 -0.4604
vn 0.9444 -0.1265 0.3036
vn 0.9444 -0.1265 0.3036
vn 0.9444 -0.1265 0.3036
vn 0.0686 0.7889 -0.6106
vn 0.0686 0.7889 -0.6106
vn 0.0686 0.7889 -0.6106
vn 0.0686 0.7889 -0.6106
vn -0.2694 0.7706 0.5776
vn -0.2694 0.7706 0.5776
vn -0.2694 0.7706 0.5776
vn -0.2694 0.7706 0.5776
vn -0.0663 0.7942 0.6040
vn -0.0663 0.7942 0.6040
vn -0.0663 0.7942 0.6040
vn -0.0663 0.7942 0.6040
vn -0.2935 0.9500 0.1063
vn -0.2935 0.9500 0.1063
vn -0.2935 0.9500 0.1063
vn -0.2935 0.9500 0.1063
vn -0.4242 0.8348 -0.3510
vn -0.4242 0.8348 -0.3510
vn -0.4242 0.8348 -0.3510
vn -0.4242 0.8348 -0.3510
vn 0.4387 -0.8321 -0.3394
vn 0.4387 -0.8321 -0.3394
vn 0.4387 -0.8321 -0.3394
vn 0.4387 -0.8321 -0.3394
vn 0.8824 -0.2905 0.3701
vn 0.8824 -0.2905 0.3701
vn 0.8824 -0.2905 0.3701
vn 0.8824 -0.2905 0.3701
vn 0.4510 -0.5463 0.7058
vn 0.4510 -0.5463 0.7058
vn 0.4510 -0.5463 0.7058
vn 0.4510 -0.5463 0.7058
vn -0.4621 -0.5368 -0.7059
vn -0.4621 -0.5368 -0.7059
vn -0.4621 -0.5368 -0.7059
vn -0.4621 -0.5368 -0.7059
vn 0.3748 -0.1386 0.9167
vn 0.3748 -0.1386 0.9167
vn 0.3748 -0.1386 0.9167
vn 0.3748 -0.1386 0.9167
vn -0.1933 -0.3804 0.9044
vn -0.1933 -0.3804 0.9044
vn -0.1933 -0.3804 0.9044
vn -0.1933 -0.3804 0.9044
vn 0.1953 0.3704 0.9081
vn 0.1953 0.3704 0.9081
vn 0.1953 0.3704 0.9081
vn 0.1953 0.3704 0.9081
vn -0.0000 -0.7071 0.7071
vn -0.0000 -0.7071 0.7071
vn -0.0000 -0.7071 0.7071
vn -0.0000 -0.7071 0.7071
vn -0.0107 -0.0107 0.9999
vn -0.0107 -0.0107 0.9999
vn -0.0107 -0.0107 0.9999
vn -0.0107 -0.0107 0.9999
vn 0.7070 -0.0121 0.7071
vn 0.7070 -0.0121 0.7071
vn 0.7070 -0.0121 0.7071
vn 0.7070 -0.0121 0.7071
vn -0.0000 0.7071 0.7071
vn -0.0000 0.7071 0.7071
vn -0.0000 0.7071 0.7071
vn -0.0000 0.7071 0.7071
vn 0.0000 0.9999 -0.0171
vn 0.0000 0.9999 -0.0171
vn 0.0000 0.9999 -0.0171
vn 0.0000 0.9999 -0.0171
vn -0.7069 0.7072 -0.0076
vn -0.7069 0.7072 -0.0076
vn -0.7069 0.7072 -0.0076
vn -0.7069 0.7072 -0.0076
vn 0.2779 0.3751 -0.8844
vn 0.2779 0.3751 -0.8844
vn 0.2779 0.3751 -0.8844
vn 0.0821 0.6460 0.7590
vn 0.0821 0.6460 0.7590
vn 0.0821 0.6460 0.7590
vn -0.1201 0.9425 -0.3117
vn -0.1201 0.9425 -0.3117
vn -0.1201 0.9425 -0.3117
vn -0.3474 0.8360 0.4248
vn -0.3474 0.8360 0.4248
vn -0.3474 0.8360 0.4248
vn 0.1806 -0.4584 0.8702
vn 0.1806 -0.4584 0.8702
vn 0.1806 -0.4584 0.8702
vn 0.3707 0.2706 0.8885
vn 0.3707 0.2706 0.8885
vn 0.3707 0.2706 0.8885
vn -0.6960 0.5510 -0.4604
vn -0.6960 0.5510 -0.4604
vn -0.6960 0.5510 -0.4604
vn 0.9444 -0.1265 0.3036
vn 0.9444 -0.1265 0.3036
vn 0.9444 -0.1265 0.3036
vn 0.0686 0.7889 -0.6106
vn 0.0686 0.7889 -0.6106
vn 0.0686 0.7889 -0.6106
vn 0.0686 0.7889 -0.6106
vn -0.2694 0.7706 0.5776
vn -0.2694 0.7706 0.5776
vn -0.2694 0.7706 0.5776
vn -0.2694 0.7706 0.5776
vn -0.0663 0.7942 0.6040
vn -0.0663 0.7942 0.6040
vn -0.0663 0.7942 0.6040
vn -0.0663 0.7942 0.6040
vn -0.2935 0.9500 0.1063
vn -0.2935 0.9500 0.1063
vn -0.2935 0.9500 0.1063
vn -0.2935 0.9500 0.1063
vn -0.4242 0.8348 -0.3510
vn -0.4242 0.8348 -0.3510
vn -0.4242 0.8348 -0.3510
vn -0.4242 0.8348 -0.3510
vn 0.4387 -0.8321 -0.3394
vn 0.4387 -0.8321 -0.3394
vn 0.4387 -0.8321 -0.3394
vn 0.4387 -0.8321 -0.3394
vn 0.8824 -0.2905 0.3701
vn 0.8824 -0.2905 0.3701
vn 0.8824 -0.2905 0.3701
vn 0.8824 -0.2905 0.3701
vn 0.4510 -0.5463 0.7058
vn 0.4510 -0.5463 0.7058
vn 0.4510 -0.5463 0.7058
vn 0.4510 -0.5463 0.7058
vn -0.4621 -0.5368 -0.7059
vn -0.4621 -0.5368 -0.7059
vn -0.4621 -0.5368 -0.7059
vn -0.4621 -0.5368 -0.7059
vn 0.3748 -0.1386 0.9167
vn 0.3748 -0.1386 0.9167
vn 0.3748 -0.1386 0.9167
vn 0.3748 -0.1386 0.9167
vn -0.1933 -0.3804 0.9044
vn -0.1933 -0.3804 0.9044
vn -0.1933 -0.3804 0.9044
vn -0.1933 -0.3804 0.9044
vn 0.1953 0.3704 0.9081
vn 0.1953 0.3704 0.9081
vn 0.1953 0.3704 0.9081
vn 0.1953 0.3704 0.9081
vn -0.0000 -0.7071 0.7071
vn -0.0000 -0.7071 0.7071
vn -0.0000 -0.7071 0.7071
vn -0.0000 -0.7071 0.7071
vn -0.0107 -0.0107 0.9999
vn -0.0107 -0.0107 0.9999
vn -0.0107 -0.0107 0.9999
vn -0.0107 -0.0107 0.9999
vn 0.7070 -0.0121 0.7071
vn 0.7070 -0.0121 0.7071
vn 0.7070 -0.0121 0.7071
vn 0.7070 -0.0121 0.7071
vn -0.0000 0.7071 0.7071
vn -0.0000 0.7071 0.7071
vn -0.0000 0.7071 0.7071
vn -0.0000 0.7071 0.7071
vn 0.0000 0.9999 -0.0171
vn 0.0000 0.9999 -0.0171
vn 0.0000 0.9999 -0.0171
vn 0.0000 0.9999 -0.0171
vn -0.7069 0.7072 -0.0076
vn -0.7069 0.7072 -0.0076
vn -0.7069 0.7072 -0.0076
vn -0.7069 0.7072 -0.0076
vn 0.2779 0.3751 -0.8844
vn 0.2779 0.3751 -0.8844
vn 0.2779 0.3751 -0.8844
vn 0.0821 0.6460 0.7590
vn 0.0821 0.6460 0.7590
vn 0.0821 0.6460 0.7590
vn -0.1201 0.9425 -0.3117
vn -0.1201 0.9425 -0.3117
vn -0.1201 0.9425 -0.3117
vn -0.3474 0.8360 0.4248
vn -0.3474 0.8360 0.4248
vn -0.3474 0.8360 0.4248
vn 0.1806 -0.4584 0.8702
vn 0.1806 -0.4584 0.8702
vn 0.1806 -0.4584 0.8702
vn 0.3707 0.2706 0.8885
vn 0.3707 0.2706 0.8885
vn 0.3707 0.2706 0.8885
vn -0.6960 0.5510 -0.4604
vn -0.6960 0.5510 -0.4604
vn -0.6960 0.5510 -0.4604
vn 0.9444 -0.1265 0.3036
vn 0.9444 -0.1265 0.3036
vn 0.9444 -0.1265 0.3036
vn 0.0686 0.7889 -0.6106
vn 0.0686 0.7889 -0.6106
vn 0.0686 0.7889 -0.6106
vn 0.0686 0.7889 -0.6106
vn -0.2694 0.7706 0.5776
vn -0.2694 0.7706 0.5776
vn -0.2694 0.7706 0.5776
vn -0.2694 0.7706 0.5776
vn -0.0663 0.7942 0.6040
vn -0.0663 0.7942 0.6040
vn -0.0663 0.7942 0.6040
vn -0.0663 0.7942 0.6040
vn -0.2935 0.9500 0.1063
vn -0.2935 0.9500 0.1063
vn -0.2935 0.9500 0.1063
vn -0.2935 0.9500 0.1063
vn -0.4242 0.8348 -0.3510
vn -0.4242 0.8348 -0.3510
vn -0.4242 0.8348 -0.3510
vn -0.4242 0.8348 -0.3510
vn 0.4387 -0.8321 -0.3394
vn 0.4387 -0.8321 -0.3394
vn 0.4387 -0.8321 -0.3394
vn 0.4387 -0.8321 -0.3394
vn 0.8824 -0.2905 0.3701
vn 0.8824 -0.2905 0.3701
vn 0.8824 -0.2905 0.3701
vn 0.8824 -0.2905 0.3701
vn 0.4510 -0.5463 0.7058
vn 0.4510 -0.5463 0.7058
vn 0.4510 -0.5463 0.7058
vn 0.4510 -0.5463 0.7058
vn -0.4621 -0.5368 -0.7059
vn -0.4621 -0.5368 -0.7059
vn -0.4621 -0.5368 -0.7059
vn -0.4621 -0.5368 -0.7059
vn 0.3748 -0.1386 0.9167
vn 0.3748 -0.1386 0.9167
vn 0.3748 -0.1386 0.9167
vn 0.3748 -0.1386 0.9167
vn -0.1933 -0.3804 0.9044
vn -0.1933 -0.3804 0.9044
vn -0.1933 -0.3804 0.9044
vn -0.1933 -0.3804 0.9044
vn 0.1953 0.3704 0.9081
vn 0.1953 0.3704 0.9081
vn 0.1953 0.3704 0.9081
vn 0.1953 0.3704 0.9081
vn -0.0000 -0.7071 0.7071
vn -0.0000 -0.7071 0.7071
vn -0.0000 -0.7071 0.7071
vn -0.0000 -0.7071 0.7071
vn -0.0107 -0.0107 0.9999
vn -0.0107 -0.0107 0.9999
vn -0.0107 -0.0107 0.9999
vn -0.0107 -0.0107 0.9999
vn 0.7070 -0.0121 0.7071
vn 0.7070 -0.0121 0.7071
vn 0.7070 -0.0121 0.7071
vn 0.7070 -0.0121 0.7071
vn -0.0000 0.7071 0.7071
vn -0.0000 0.7071 0.7071
vn -0.0000 0.7071 0.7071
vn -0.0000 0.7071 0.7071
vn 0.0000 0.9999 -0.0171
vn 0.0000 0.9999 -0.0171
vn 0.0000 0.9999 -0.0171
vn 0.0000 0.9999 -0.0171
vn -0.7069 0.7072 -0.0076
vn -0.7069 0.7072 -0.0076
vn -0.7069 0.7072 -0.0076
vn -0.7069 0.7072 -0.0076
vn 0.2779 0.3751 -0.8844
vn 0.2779 0.3751 -0.8844
vn 0.2779 0.3751 -0.8844
vn 0.0821 0.6460 0.7590
vn 0.0821 0.6460 0.7590
vn 0.0821 0.6460 0.7590
vn -0.1201 0.9425 -0.3117
vn -0.1201 0.9425 -0.3117
vn -0.1201 0.9425 -0.3117
vn -0.3474 0.8360 0.4248
vn -0.3474 0.8360 0.4248
vn -0.3474 0.8360 0.4248
vn 0.1806 -0.4584 0.8702
vn 0.1806 -0.4584 0.8702
vn 0.1806 -0.4584 0.8702
vn 0.3707 0.2706 0.8885
vn 0.3707 0.2706 0.8885
vn 0.3707 0.2706 0.8885
vn -0.6960 0.5510 -0.4604
vn -0.6960 0.5510 -0.4604
vn -0.6960 0.5510 -0.4604
vn 0.9444 -0.1265 0.3036
vn 0.9444 -0.1265 0.3036
vn 0.9444 -0.1265 0.3036
vn 0.0686 0.7889 -0.6106
vn 0.0686 0.7889 -0.6106
vn 0.0686 0.7889 -0.6106
vn 0.0686 0.7889 -0.6106
vn -0.2694 0.7706 0.5776
vn -0.2694 0.7706 0.5776
vn -0.2694 0.7706 0.5776
vn -0.2694 0.7706 0.5776
vn -0.0663 0.7942 0.6040
vn -0.0663 0.7942 0.6040
vn -0.0663 0.7942 0.6040
vn -0.0663 0.7942 0.6040
vn -0.2935 0.9500 0.1063
vn -0.2935 0.9500 0.1063
vn -0.2935 0.9500 0.1063
vn -0.2935 0.9500 0.1063
vn -0.4242 0.8348 -0.3510
vn -0.4242 0.8348 -0.3510
vn -0.4242 0.8348 -0.3510
vn -0.4242 0.8348 -0.3510
vn 0.4387 -0.8321 -0.3394
vn 0.4387 -0.8321 -0.3394
vn 0.4387 -0.8321 -0.3394
vn 0.4387 -0.8321 -0.3394
vn 0.8824 -0.2905 0.3701
vn 0.8824 -0.2905 0.3701
vn 0.8824 -0.2905 0.3701
vn 0.8824 -0.2905 0.3701
vn 0.4510 -0.5463 0.7058
vn 0.4510 -0.5463 0.7058
vn 0.4510 -0.5463 0.7058
vn 0.4510 -0.5463 0.7058
vn -0.4621 -0.5368 -0.7059
vn -0.4621 -0.5368 -0.7059
vn -0.4621 -0.5368 -0.7059
vn -0.4621 -0.5368 -0.7059
vn 0.3748 -0.1386 0.9167
vn 0.3748 -0.1386 0.9167
vn 0.3748 -0.1386 0.9167
vn 0.3748 -0.1386 0.9167
vn -0.1933 -0.3804 0.9044
vn -0.1933 -0.3804 0.9044
vn -0.1933 -0.3804 0.9044
vn -0.1933 -0.3804 0.9044
vn 0.1953 0.3704 0.9081
vn 0.1953 0.3704 0.9081
vn 0.1953 0.3704 0.9081
vn 0.1953 0.3704 0.9081
vn -0.0000 -0.7071 0.7071
vn -0.0000 -0.7071 0.7071
vn -0.0000 -0.7071 0.7071
vn -0.0000 -0.7071 0.7071
vn -0.0685 -0.4859 0.8713
vn -0.0685 -0.4859 0.8713
vn -0.0685 -0.4859 0.8713
vn 0.4020 -0.5839 0.7053
vn 0.4020 -0.5839 0.7053
vn 0.4020 -0.5839 0.7053
vn 0.1670 0.5667 -0.8068
vn 0.1670 0.5667 -0.8068
vn 0.1670 0.5667 -0.8068
vn -0.0112 0.8692 -0.4944
vn -0.0112 0.8692 -0.4944
vn -0.0112 0.8692 -0.4944
vn -0.4427 0.7765 -0.4485
vn -0.4427 0.7765 -0.4485
vn -0.4427 0.7765 -0.4485
vn 0.6967 -0.1207 0.7071
vn 0.6967 -0.1207 0.7071
vn 0.6967 -0.1207 0.7071
vn 0.1027 -0.2121 0.9718
vn 0.1027 -0.2121 0.9718
vn 0.1027 -0.2121 0.9718
vn -0.2596 0.9606 0.0990
vn -0.2596 0.9606 0.0990
vn -0.2596 0.9606 0.0990
vn -0.1283 0.9908 -0.0441
vn -0.1283 0.9908 -0.0441
vn -0.1283 0.9908 -0.0441
vn 0.7982 -0.5704 0.1935
vn 0.7982 -0.5704 0.1935
vn 0.7982 -0.5704 0.1935
vn 0.4817 0.0389 0.8755
vn 0.4817 0.0389 0.8755
vn 0.4817 0.0389 0.8755
vn -0.0364 0.3209 0.9464
vn -0.0364 0.3209 0.9464
vn -0.0364 0.3209 0.9464
vn -0.0012 0.9857 0.1682
vn -0.0012 0.9857 0.1682
vn -0.0012 0.9857 0.1682
vn -0.5659 0.8055 0.1758
vn -0.5659 0.8055 0.1758
vn -0.5659 0.8055 0.1758
vn 0.8828 -0.0482 0.4672
vn 0.8828 -0.0482 0.4672
vn 0.8828 -0.0482 0.4672
vn 0.3295 0.4668 0.8207
vn 0.3295 0.4668 0.8207
vn 0.3295 0.4668 0.8207
vn 0.1327 0.4957 0.8583
vn 0.1327 0.4957 0.8583
vn 0.1327 0.4957 0.8583
vn -0.0776 0.7679 0.6358
vn -0.0776 0.7679 0.6358
vn -0.0776 0.7679 0.6358
vn 0.3434 -0.8203 -0.4574
vn 0.3434 -0.8203 -0.4574
vn 0.3434 -0.8203 -0.4574
vn -0.2577 -0.7906 -0.5554
vn -0.2577 -0.7906 -0.5554
vn -0.2577 -0.7906 -0.5554
vn -0.0692 -0.4941 0.8667
vn -0.0692 -0.4941 0.8667
vn -0.0692 -0.4941 0.8667
vn 0.3847 -0.5956 0.7052
vn 0.3847 -0.5956 0.7052
vn 0.3847 -0.5956 0.7052
vn 0.1692 0.5676 -0.8057
vn 0.1692 0.5676 -0.8057
vn 0.1692 0.5676 -0.8057
vn -0.0088 0.8627 -0.5057
vn -0.0088 0.8627 -0.5057
vn -0.0088 0.8627 -0.5057
vn -0.4223 0.7815 -0.4593
vn -0.4223 0.7815 -0.4593
vn -0.4223 0.7815 -0.4593
vn 0.6956 -0.1269 0.7071
vn 0.6956 -0.1269 0.7071
vn 0.6956 -0.1269 0.7071
vn 0.0991 -0.2167 0.9712
vn 0.0991 -0.2167 0.9712
vn 0.0991 -0.2167 0.9712
vn -0.2637 0.9607 0.0868
vn -0.2637 0.9607 0.0868
vn -0.2637 0.9607 0.0868
vn -0.1262 0.9907 -0.0511
vn -0.1262 0.9907 -0.0511
vn -0.1262 0.9907 -0.0511
vn 0.7967 -0.5717 0.1960
vn 0.7967 -0.5717 0.1960
vn 0.7967 -0.5717 0.1960
vn 0.4815 0.0451 0.8753
vn 0.4815 0.0451 0.8753
vn 0.4815 0.0451 0.8753
vn -0.0302 0.3242 0.9455
vn -0.0302 0.3242 0.9455
vn -0.0302 0.3242 0.9455
vn -0.0014 0.9843 0.1766
vn -0.0014 0.9843 0.1766
vn -0.0014 0.9843 0.1766
vn -0.5652 0.8051 0.1796
vn -0.5652 0.8051 0.1796
vn -0.5652 0.8051 0.1796
vn 0.8831 -0.0423 0.4673
vn 0.8831 -0.0423 0.4673
vn 0.8831 -0.0423 0.4673
vn 0.3195 0.4791 0.8175
vn 0.3195 0.4791 0.8175
vn 0.3195 0.4791 0.8175
vn 0.1289 0.5024 0.8550
vn 0.1289 0.5024 0.8550
vn 0.1289 0.5024 0.8550
vn -0.0803 0.7615 0.6432
vn -0.0803 0.7615 0.6432
vn -0.0803 0.7615 0.6432
vn 0.3307 -0.8199 -0.4674
vn 0.3307 -0.8199 -0.4674
vn 0.3307 -0.8199 -0.4674
vn -0.2357 -0.7945 -0.5596
vn -0.2357 -0.7945 -0.5596
vn -0.2357 -0.7945 -0.5596
vn 0.0000 1.0000 -0.0000
vn 0.0000 1.0000 -0.0000
vn 0.0000 1.0000 -0.0000
vn 0.0000 1.0000 -0.0000
vn 0.1741 0.4403 0.8808
vn 0.1741 0.4403 0.8808
vn 0.1741 0.4403 0.8808
vn 0.1741 0.4403 0.8808
vn 0.7071 -0.0000 0.7071
vn 0.7071 -0.0000 0.7071
vn 0.7071 -0.0000 0.7071
vn 0.7071 -0.0000 0.7071
vn -0.3335 0.8432 -0.4216
vn -0.3335 0.8432 -0.4216
vn -0.3335 0.8432 -0.4216
vn -0.3335 0.8432 -0.4216
vn 0.5228 -0.8087 -0.2696
vn 0.5228 -0.8087 -0.2696
vn 0.5228 -0.8087 -0.2696
vn 0.5228 -0.8087 -0.2696
vn -0.2004 -0.3099 0.9294
vn -0.2004 -0.3099 0.9294
vn -0.2004 -0.3099 0.9294
vn -0.2004 -0.3099 0.9294
vn -0.0000 -0.7071 0.7071
vn -0.0000 -0.7071 0.7071
vn -0.0000 -0.7071 0.7071
vn -0.0000 -0.7071 0.7071
vn -0.0000 -0.7071 0.7071
vn 0.9138 -0.2159 0.3441
vn 0.9138 -0.2159 0.3441
vn 0.9138 -0.2159 0.3441
vn 0.4027 0.0306 0.9148
vn 0.4027 0.0306 0.9148
vn 0.4027 0.0306 0.9148
vn -0.0660 0.7344 0.6755
vn -0.0660 0.7344 0.6755
vn -0.0660 0.7344 0.6755
vn -0.3446 0.9020 0.2602
vn -0.3446 0.9020 0.2602
vn -0.3446 0.9020 0.2602
vn -0.0000 -0.7071 0.7071
vn -0.0000 -0.7071 0.7071
vn -0.0000 -0.7071 0.7071
vn -0.0000 -0.7071 0.7071
vn -0.0000 -0.7071 0.7071
vn 0.9138 -0.2159 0.3441
vn 0.9138 -0.2159 0.3441
vn 0.9138 -0.2159 0.3441
vn 0.4027 0.0306 0.9148
vn 0.4027 0.0306 0.9148
vn 0.4027 0.0306 0.9148
vn -0.0660 0.7344 0.6755
vn -0.0660 0.7344 0.6755
vn -0.0660 0.7344 0.6755
vn -0.3446 0.9020 0.2602
vn -0.3446 0.9020 0.2602
vn -0.3446 0.9020 0.2602
f 1942//1942 1944//1944 1943//1943
f 1942//1942 1943//1943 1945//1945
f 1946//1946 1948//1948 1947//1947
f 1946//1946 1947//1947 1949//1949
f 1950//1950 1952//1952 1951//1951
f 1950//1950 1951//1951 1953//1953
f 1954//1954 1956//1956 1955//1955
f 1954//1954 1955//1955 1957//1957
f 1958//1958 1960//1960 1959//1959
f 1958//1958 1959//1959 1961//1961
f 1962//1962 1964//1964 1963//1963
f 1965//1965 1967//1967 1966//1966
f 1968//1968 1970//1970 1969//1969
f 1971//1971 1973//1973 1972//1972
f 1974//1974 1976//1976 1975//1975
f 1977//1977 1979//1979 1978//1978
f 1980//1980 1982//1982 1981//1981
f 1983//1983 1985//1985 1984//1984
f 1986//1986 1988//1988 1987//1987
f 1986//1986 1987//1987 1989//1989
f 1990//1990 1992//1992 1991//1991
f 1990//1990 1991//1991 1993//1993
f 1994//1994 1996//1996 1995//1995
f 1994//1994 1995//1995 1997//1997
f 1998//1998 2000//2000 1999//1999
f 1998//1998 1999//1999 2001//2001
f 2002//2002 2004//2004 2003//2003
f 2002//2002 2003//2003 2005//2005
f 2006//2006 2008//2008 2007//2007
f 2006//2006 2007//2007 2009//2009
f 2010//2010 2012//2012 2011//2011
f 2010//2010 2011//2011 2013//2013
f 2014//2014 2016//2016 2015//2015
f 2014//2014 2015//2015 2017//2017
f 2018//2018 2020//2020 2019//2019
f 2018//2018 2019//2019 2021//2021
f 2022//2022 2024//2024 2023//2023
f 2022//2022 2023//2023 2025//2025
f 2026//2026 2028//2028 2027//2027
f 2026//2026 2027//2027 2029//2029
f 2030//2030 2032//2032 2031//2031
f 2030//2030 2031//2031 2033//2033
f 2034//2034 2036//2036 2035//2035
f 2034//2034 2035//2035 2037//2037
f 2038//2038 2040//2040 2039//2039
f 2038//2038 2039//2039 2041//2041
f 2042//2042 2044//2044 2043//2043
f 2042//2042 2043//2043 2045//2045
f 2046//2046 2048//2048 2047//2047
f 2046//2046 2047//2047 2049//2049
f 2050//2050 2052//2052 2051//2051
f 2050//2050 2051//2051 2053//2053
f 2054//2054 2056//2056 2055//2055
f 2054//2054 2055//2055 2057//2057
f 2058//2058 2060//2060 2059//2059
f 2061//2061 2063//2063 2062//2062
f 2064//2064 2066//2066 2065//2065
f 2067//2067 2069//2069 2068//2068
f 2070//2070 2072//2072 2071//2071
f 2073//2073 2075//2075 2074//2074
f 2076//2076 2078//2078 2077//2077
f 2079//2079 2081//2081 2080//2080
f 2082//2082 2084//2084 2083//2083
f 2082//2082 2083//2083 2085//2085
f 2086//2086 2088//2088 2087//2087
f 2086//2086 2087//2087 2089//2089
f 2090//2090 2092//2092 2091//2091
f 2090//2090 2091//2091 2093//2093
f 2094//2094 2096//2096 2095//2095
f 2094//2094 2095//2095 2097//2097
f 2098//2098 2100//2100 2099//2099
f 2098//2098 2099//2099 2101//2101
f 2102//2102 2104//2104 2103//2103
f 2102//2102 2103//2103 2105//2105
f 2106//2106 2108//2108 2107//2107
f 2106//2106 2107//2107 2109//2109
f 2110//2110 2112//2112 2111//2111
f 2110//2110 2111//2111 2113//2113
f 2114//2114 2116//2116 2115//2115
f 2114//2114 2115//2115 2117//2117
f 2118//2118 2120//2120 2119//2119
f 2118//2118 2119//2119 2121//2121
f 2122//2122 2124//2124 2123//2123
f 2122//2122 2123//2123 2125//2125
f 2126//2126 2128//2128 2127//2127
f 2126//2126 2127//2127 2129//2129
f 2130//2130 2132//2132 2131//2131
f 2130//2130 2131//2131 2133//2133
f 2134//2134 2136//2136 2135//2135
f 2134//2134 2135//2135 2137//2137
f 2138//2138 2140//2140 2139//2139
f 2138//2138 2139//2139 2141//2141
f 2142//2142 2144//2144 2143//2143
f 2142//2142 2143//2143 2145//2145
f 2146//2146 2148//2148 2147//2147
f 2146//2146 2147//2147 2149//2149
f 2150//2150 2152//2152 2151//2151
f 2150//2150 2151//2151 2153//2153
f 2154//2154 2156//2156 2155//2155
f 2157//2157 2159//2159 2158//2158
f 2160//2160 2162//2162 2161//2161
f 2163//2163 2165//2165 2164//2164
f 2166//2166 2168//2168 2167//2167
f 2169//2169 2171//2171 2170//2170
f 2172//2172 2174//2174 2173//2173
f 2175//2175 2177//2177 2176//2176
f 2178//2178 2180//2180 2179//2179
f 2178//2178 2179//2179 2181//2181
f 2182//2182 2184//2184 2183//2183
f 2182//2182 2183//2183 2185//2185
f 2186//2186 2188//2188 2187//2187
f 2186//2186 2187//2187 2189//2189
f 2190//2190 2192//2192 2191//2191
f 2190//2190 2191//2191 2193//2193
f 2194//2194 2196//2196 2195//2195
f 2194//2194 2195//2195 2197//2197
f 2198//2198 2200//2200 2199//2199
f 2198//2198 2199//2199 2201//2201
f 2202//2202 2204//2204 2203//2203
f 2202//2202 2203//2203 2205//2205
f 2206//2206 2208//2208 2207//2207
f 2206//2206 2207//2207 2209//2209
f 2210//2210 2212//2212 2211//2211
f 2210//2210 2211//2211 2213//2213
f 2214//2214 2216//2216 2215//2215
f 2214//2214 2215//2215 2217//2217
f 2218//2218 2220//2220 2219//2219
f 2218//2218 2219//2219 2221//2221
f 2222//2222 2224//2224 2223//2223
f 2222//2222 2223//2223 2225//2225
f 2226//2226 2228//2228 2227//2227
f 2226//2226 2227//2227 2229//2229
f 2230//2230 2232//2232 2231//2231
f 2230//2230 2231//2231 2233//2233
f 2234//2234 2236//2236 2235//2235
f 2234//2234 2235//2235 2237//2237
f 2238//2238 2240//2240 2239//2239
f 2238//2238 2239//2239 2241//2241
f 2242//2242 2244//2244 2243//2243
f 2242//2242 2243//2243 2245//2245
f 2246//2246 2248//2248 2247//2247
f 2246//2246 2247//2247 2249//2249
f 2250//2250 2252//2252 2251//2251
f 2253//2253 2255//2255 2254//2254
f 2256//2256 2258//2258 2257//2257
f 2259//2259 2261//2261 2260//2260
f 2262//2262 2264//2264 2263//2263
f 2265//2265 2267//2267 2266//2266
f 2268//2268 2270//2270 2269//2269
f 2271//2271 2273//2273 2272//2272
f 2274//2274 2276//2276 2275//2275
f 2274//2274 2275//2275 2277//2277
f 2278//2278 2280//2280 2279//2279
f 2278//2278 2279//2279 2281//2281
f 2282//2282 2284//2284 2283//2283
f 2282//2282 2283//2283 2285//2285
f 2286//2286 2288//2288 2287//2287
f 2286//2286 2287//2287 2289//2289
f 2290//2290 2292//2292 2291//2291
f 2290//2290 2291//2291 2293//2293
f 2294//2294 2296//2296 2295//2295
f 2294//2294 2295//2295 2297//2297
f 2298//2298 2300//2300 2299//2299
f 2298//2298 2299//2299 2301//2301
f 2302//2302 2304//2304 2303//2303
f 2302//2302 2303//2303 2305//2305
f 2306//2306 2308//2308 2307//2307
f 2306//2306 2307//2307 2309//2309
f 2310//2310 2312//2312 2311//2311
f 2310//2310 2311//2311 2313//2313
f 2314//2314 2316//2316 2315//2315
f 2314//2314 2315//2315 2317//2317
f 2318//2318 2320//2320 2319//2319
f 2318//2318 2319//2319 2321//2321
f 2322//2322 2324//2324 2323//2323
f 2322//2322 2323//2323 2325//2325
f 1822//1822 1824//1824 1823//1823
f 1822//1822 1823//1823 1825//1825
f 1826//1826 1828//1828 1827//1827
f 1826//1826 1827//1827 1829//1829
f 1830//1830 1832//1832 1831//1831
f 1830//1830 1831//1831 1833//1833
f 1834//1834 1836//1836 1835//1835
f 1834//1834 1835//1835 1837//1837
f 1838//1838 1840//1840 1839//1839
f 1838//1838 1839//1839 1841//1841
f 1842//1842 1844//1844 1843//1843
f 1845//1845 1847//1847 1846//1846
f 1848//1848 1850//1850 1849//1849
f 1851//1851 1853//1853 1852//1852
f 1854//1854 1856//1856 1855//1855
f 1857//1857 1859//1859 1858//1858
f 1860//1860 1862//1862 1861//1861
f 1863//1863 1865//1865 1864//1864
f 1866//1866 1868//1868 1867//1867
f 1866//1866 1867//1867 1869//1869
f 1870//1870 1872//1872 1871//1871
f 1870//1870 1871//1871 1873//1873
f 1874//1874 1876//1876 1875//1875
f 1874//1874 1875//1875 1877//1877
f 1878//1878 1880//1880 1879//1879
f 1878//1878 1879//1879 1881//1881
f 1882//1882 1884//1884 1883//1883
f 1882//1882 1883//1883 1885//1885
f 1886//1886 1888//1888 1887//1887
f 1886//1886 1887//1887 1889//1889
f 1890//1890 1892//1892 1891//1891
f 1890//1890 1891//1891 1893//1893
f 1894//1894 1896//1896 1895//1895
f 1894//1894 1895//1895 1897//1897
f 1898//1898 1900//1900 1899//1899
f 1898//1898 1899//1899 1901//1901
f 1902//1902 1904//1904 1903//1903
f 1902//1902 1903//1903 1905//1905
f 1906//1906 1908//1908 1907//1907
f 1906//1906 1907//1907 1909//1909
f 1910//1910 1912//1912 1911//1911
f 1910//1910 1911//1911 1913//1913
f 1914//1914 1916//1916 1915//1915
f 1914//1914 1915//1915 1917//1917
f 2326//2326 2328//2328 2327//2327
f 2329//2329 2331//2331 2330//2330
f 2332//2332 2334//2334 2333//2333
f 2335//2335 2337//2337 2336//2336
f 2338//2338 2340//2340 2339//2339
f 2341//2341 2343//2343 2342//2342
f 2344//2344 2346//2346 2345//2345
f 2347//2347 2349//2349 2348//2348
f 2350//2350 2352//2352 2351//2351
f 2353//2353 2355//2355 2354//2354
f 2356//2356 2358//2358 2357//2357
f 2359//2359 2361//2361 2360//2360
f 2362//2362 2364//2364 2363//2363
f 2365//2365 2367//2367 2366//2366
f 2368//2368 2370//2370 2369//2369
f 2371//2371 2373//2373 2372//2372
f 2374//2374 2376//2376 2375//2375
f 2377//2377 2379//2379 2378//2378
f 2380//2380 2382//2382 2381//2381
f 2383//2383 2385//2385 2384//2384
f 2386//2386 2388//2388 2387//2387
f 2389//2389 2391//2391 2390//2390
f 2392//2392 2394//2394 2393//2393
f 2395//2395 2397//2397 2396//2396
f 2398//2398 2400//2400 2399//2399
f 2401//2401 2403//2403 2402//2402
f 2404//2404 2406//2406 2405//2405
f 2407//2407 2409//2409 2408//2408
f 2410//2410 2412//2412 2411//2411
f 2413//2413 2415//2415 2414//2414
f 2416//2416 2418//2418 2417//2417
f 2419//2419 2421//2421 2420//2420
f 2422//2422 2424//2424 2423//2423
f 2425//2425 2427//2427 2426//2426
f 2428//2428 2430//2430 2429//2429
f 2431//2431 2433//2433 2432//2432
f 2434//2434 2436//2436 2435//2435
f 2437//2437 2439//2439 2438//2438
f 2440//2440 2442//2442 2441//2441
f 2443//2443 2445//2445 2444//2444
f 1918//1918 1920//1920 1919//1919
f 1918//1918 1919//1919 1921//1921
f 1922//1922 1924//1924 1923//1923
f 1922//1922 1923//1923 1925//1925
f 1926//1926 1928//1928 1927//1927
f 1926//1926 1927//1927 1929//1929
f 1930//1930 1932//1932 1931//1931
f 1930//1930 1931//1931 1933//1933
f 1934//1934 1936//1936 1935//1935
f 1934//1934 1935//1935 1937//1937
f 1938//1938 1940//1940 1939//1939
f 1938//1938 1939//1939 1941//1941
f 2446//2446 2448//2448 2447//2447
f 2446//2446 2447//2447 2449//2449
f 2450//2450 2452//2452 2451//2451
f 2450//2450 2451//2451 2453//2453
f 2454//2454 2456//2456 2455//2455
f 2454//2454 2455//2455 2457//2457
f 2458//2458 2460//2460 2459//2459
f 2458//2458 2459//2459 2461//2461
f 2462//2462 2464//2464 2463//2463
f 2462//2462 2463//2463 2465//2465
f 2466//2466 2468//2468 2467//2467
f 2466//2466 2467//2467 2469//2469
f 2470//2470 2472//2472 2471//2471
f 2470//2470 2471//2471 2473//2473
f 2470//2470 2474//2474 2472//2472
f 2470//2470 2473//2473 2474//2474
f 2475//2475 2477//2477 2476//2476
f 2478//2478 2480//2480 2479//2479
f 2481//2481 2483//2483 2482//2482
f 2484//2484 2486//2486 2485//2485
f 2487//2487 2489//2489 2488//2488
f 2487//2487 2488//2488 2490//2490
f 2487//2487 2491//2491 2489//2489
f 2487//2487 2490//2490 2491//2491
f 2492//2492 2494//2494 2493//2493
f 2495//2495 2497//2497 2496//2496
f 2498//2498 2500//2500 2499//2499
f 2501//2501 2503//2503 2502//2502
g horse_horse_dark
usemtl horse_dark
v -0.01586 0.26556 0.13187
v -0.01586 0.43594 0.18533
v -0.01586 0.41806 0.21727
v -0.01586 0.28344 0.09993
v -0.01586 0.28344 0.09993
v 0.01586 0.43594 0.18533
v -0.01586 0.43594 0.18533
v 0.01586 0.28344 0.09993
v 0.01586 0.28344 0.09993
v 0.01586 0.41806 0.21727
v 0.01586 0.43594 0.18533
v 0.01586 0.26556 0.13187
v 0.01586 0.26556 0.13187
v -0.01586 0.41806 0.21727
v 0.01586 0.41806 0.21727
v -0.01586 0.26556 0.13187
v -0.01586 0.28344 0.09993
v 0.01586 0.26556 0.13187
v 0.01586 0.28344 0.09993
v -0.01586 0.26556 0.13187
v 0.01586 0.43594 0.18533
v -0.01586 0.41806 0.21727
v -0.01586 0.43594 0.18533
v 0.01586 0.41806 0.21727
v 0.02074 0.25615 -0.18759
v 0.02074 0.09155 -0.28211
v 0.02074 0.07925 -0.24249
v 0.02074 0.26845 -0.22721
v 0.02074 0.26845 -0.22721
v -0.02074 0.09155 -0.28211
v 0.02074 0.09155 -0.28211
v -0.02074 0.26845 -0.22721
v -0.02074 0.26845 -0.22721
v -0.02074 0.07925 -0.24249
v -0.02074 0.09155 -0.28211
v -0.02074 0.25615 -0.18759
v -0.02074 0.25615 -0.18759
v 0.02074 0.07925 -0.24249
v -0.02074 0.07925 -0.24249
v 0.02074 0.25615 -0.18759
v 0.02074 0.26845 -0.22721
v -0.02074 0.25615 -0.18759
v -0.02074 0.26845 -0.22721
v 0.02074 0.25615 -0.18759
v -0.02074 0.09155 -0.28211
v 0.02074 0.07925 -0.24249
v 0.02074 0.09155 -0.28211
v -0.02074 0.07925 -0.24249
v -0.02806 0.00488 0.15616
v -0.06466 0.02440 0.15616
v -0.02806 0.02440 0.15616
v -0.06466 0.00488 0.15616
v -0.02318 0.00488 0.10492
v -0.02318 0.02440 0.15128
v -0.02318 0.02440 0.10492
v -0.02318 0.00488 0.15128
v -0.02806 0.02928 0.10492
v -0.06466 0.02928 0.15128
v -0.06466 0.02928 0.10492
v -0.02806 0.02928 0.15128
v -0.06954 0.00488 0.15128
v -0.06954 0.02440 0.10492
v -0.06954 0.02440 0.15128
v -0.06954 0.00488 0.10492
v -0.06466 0.00488 0.10004
v -0.02806 0.02440 0.10004
v -0.06466 0.02440 0.10004
v -0.02806 0.00488 0.10004
v -0.06466 0.00000 0.15128
v -0.06954 0.00488 0.15128
v -0.06466 0.00488 0.15616
v -0.06466 0.02440 0.15616
v -0.06954 0.02440 0.15128
v -0.06466 0.02928 0.15128
v -0.06466 0.00000 0.10492
v -0.06466 0.00488 0.10004
v -0.06954 0.00488 0.10492
v -0.06466 0.02928 0.10492
v -0.06954 0.02440 0.10492
v -0.06466 0.02440 0.10004
v -0.02806 0.00000 0.15128
v -0.02806 0.00488 0.15616
v -0.02318 0.00488 0.15128
v -0.02806 0.02928 0.15128
v -0.02318 0.02440 0.15128
v -0.02806 0.02440 0.15616
v -0.02806 0.00000 0.10492
v -0.02318 0.00488 0.10492
v -0.02806 0.00488 0.10004
v -0.02806 0.02928 0.10492
v -0.02806 0.02440 0.10004
v -0.02318 0.02440 0.10492
v -0.06466 0.00000 0.10492
v -0.06954 0.00488 0.15128
v -0.06466 0.00000 0.15128
v -0.06954 0.00488 0.10492
v -0.06466 0.00488 0.15616
v -0.06954 0.02440 0.15128
v -0.06466 0.02440 0.15616
v -0.06954 0.00488 0.15128
v -0.06466 0.02928 0.15128
v -0.06954 0.02440 0.10492
v -0.06466 0.02928 0.10492
v -0.06954 0.02440 0.15128
v -0.06466 0.02440 0.10004
v -0.06954 0.00488 0.10492
v -0.06466 0.00488 0.10004
v -0.06954 0.02440 0.10492
v -0.02806 0.00000 0.10492
v -0.06466 0.00488 0.10004
v -0.06466 0.00000 0.10492
v -0.02806 0.00488 0.10004
v -0.06466 0.02928 0.10492
v -0.02806 0.02440 0.10004
v -0.02806 0.02928 0.10492
v -0.06466 0.02440 0.10004
v -0.02318 0.02440 0.10492
v -0.02806 0.00488 0.10004
v -0.02318 0.00488 0.10492
v -0.02806 0.02440 0.10004
v -0.02806 0.00000 0.15128
v -0.02318 0.00488 0.10492
v -0.02806 0.00000 0.10492
v -0.02318 0.00488 0.15128
v -0.02806 0.02928 0.10492
v -0.02318 0.02440 0.15128
v -0.02806 0.02928 0.15128
v -0.02318 0.02440 0.10492
v -0.02806 0.02440 0.15616
v -0.02318 0.00488 0.15128
v -0.02806 0.00488 0.15616
v -0.02318 0.02440 0.15128
v -0.06466 0.00000 0.15128
v -0.02806 0.00488 0.15616
v -0.02806 0.00000 0.15128
v -0.06466 0.00488 0.15616
v -0.02806 0.02928 0.15128
v -0.06466 0.02440 0.15616
v -0.06466 0.02928 0.15128
v -0.02806 0.02440 0.15616
v -0.06466 0.00000 0.10492
v -0.02806 0.00000 0.15128
v -0.02806 0.00000 0.10492
v -0.06466 0.00000 0.15128
v -0.02806 0.00488 -0.10004
v -0.06466 0.02440 -0.10004
v -0.02806 0.02440 -0.10004
v -0.06466 0.00488 -0.10004
v -0.02318 0.00488 -0.15128
v -0.02318 0.02440 -0.10492
v -0.02318 0.02440 -0.15128
v -0.02318 0.00488 -0.10492
v -0.02806 0.02928 -0.15128
v -0.06466 0.02928 -0.10492
v -0.06466 0.02928 -0.15128
v -0.02806 0.02928 -0.10492
v -0.06954 0.00488 -0.10492
v -0.06954 0.02440 -0.15128
v -0.06954 0.02440 -0.10492
v -0.06954 0.00488 -0.15128
v -0.06466 0.00488 -0.15616
v -0.02806 0.02440 -0.15616
v -0.06466 0.02440 -0.15616
v -0.02806 0.00488 -0.15616
v -0.06466 0.00000 -0.10492
v -0.06954 0.00488 -0.10492
v -0.06466 0.00488 -0.10004
v -0.06466 0.02440 -0.10004
v -0.06954 0.02440 -0.10492
v -0.06466 0.02928 -0.10492
v -0.06466 0.00000 -0.15128
v -0.06466 0.00488 -0.15616
v -0.06954 0.00488 -0.15128
v -0.06466 0.02928 -0.15128
v -0.06954 0.02440 -0.15128
v -0.06466 0.02440 -0.15616
v -0.02806 0.00000 -0.10492
v -0.02806 0.00488 -0.10004
v -0.02318 0.00488 -0.10492
v -0.02806 0.02928 -0.10492
v -0.02318 0.02440 -0.10492
v -0.02806 0.02440 -0.10004
v -0.02806 0.00000 -0.15128
v -0.02318 0.00488 -0.15128
v -0.02806 0.00488 -0.15616
v -0.02806 0.02928 -0.15128
v -0.02806 0.02440 -0.15616
v -0.02318 0.02440 -0.15128
v -0.06466 0.00000 -0.15128
v -0.06954 0.00488 -0.10492
v -0.06466 0.00000 -0.10492
v -0.06954 0.00488 -0.15128
v -0.06466 0.00488 -0.10004
v -0.06954 0.02440 -0.10492
v -0.06466 0.02440 -0.10004
v -0.06954 0.00488 -0.10492
v -0.06466 0.02928 -0.10492
v -0.06954 0.02440 -0.15128
v -0.06466 0.02928 -0.15128
v -0.06954 0.02440 -0.10492
v -0.06466 0.02440 -0.15616
v -0.06954 0.00488 -0.15128
v -0.06466 0.00488 -0.15616
v -0.06954 0.02440 -0.15128
v -0.02806 0.00000 -0.15128
v -0.06466 0.00488 -0.15616
v -0.06466 0.00000 -0.15128
v -0.02806 0.00488 -0.15616
v -0.06466 0.02928 -0.15128
v -0.02806 0.02440 -0.15616
v -0.02806 0.02928 -0.15128
v -0.06466 0.02440 -0.15616
v -0.02318 0.02440 -0.15128
v -0.02806 0.00488 -0.15616
v -0.02318 0.00488 -0.15128
v -0.02806 0.02440 -0.15616
v -0.02806 0.00000 -0.10492
v -0.02318 0.00488 -0.15128
v -0.02806 0.00000 -0.15128
v -0.02318 0.00488 -0.10492
v -0.02806 0.02928 -0.15128
v -0.02318 0.02440 -0.10492
v -0.02806 0.02928 -0.10492
v -0.02318 0.02440 -0.15128
v -0.02806 0.02440 -0.10004
v -0.02318 0.00488 -0.10492
v -0.02806 0.00488 -0.10004
v -0.02318 0.02440 -0.10492
v -0.06466 0.00000 -0.10492
v -0.02806 0.00488 -0.10004
v -0.02806 0.00000 -0.10492
v -0.06466 0.00488 -0.10004
v -0.02806 0.02928 -0.10492
v -0.06466 0.02440 -0.10004
v -0.06466 0.02928 -0.10492
v -0.02806 0.02440 -0.10004
v -0.06466 0.00000 -0.15128
v -0.02806 0.00000 -0.10492
v -0.02806 0.00000 -0.15128
v -0.06466 0.00000 -0.10492
v 0.06466 0.00488 0.15616
v 0.02806 0.02440 0.15616
v 0.06466 0.02440 0.15616
v 0.02806 0.00488 0.15616
v 0.06954 0.00488 0.10492
v 0.06954 0.02440 0.15128
v 0.06954 0.02440 0.10492
v 0.06954 0.00488 0.15128
v 0.06466 0.02928 0.10492
v 0.02806 0.02928 0.15128
v 0.02806 0.02928 0.10492
v 0.06466 0.02928 0.15128
v 0.02318 0.00488 0.15128
v 0.02318 0.02440 0.10492
v 0.02318 0.02440 0.15128
v 0.02318 0.00488 0.10492
v 0.02806 0.00488 0.10004
v 0.06466 0.02440 0.10004
v 0.02806 0.02440 0.10004
v 0.06466 0.00488 0.10004
v 0.02806 0.00000 0.15128
v 0.02318 0.00488 0.15128
v 0.02806 0.00488 0.15616
v 0.02806 0.02440 0.15616
v 0.02318 0.02440 0.15128
v 0.02806 0.02928 0.15128
v 0.02806 0.00000 0.10492
v 0.02806 0.00488 0.10004
v 0.02318 0.00488 0.10492
v 0.02806 0.02928 0.10492
v 0.02318 0.02440 0.10492
v 0.02806 0.02440 0.10004
v 0.06466 0.00000 0.15128
v 0.06466 0.00488 0.15616
v 0.06954 0.00488 0.15128
v 0.06466 0.02928 0.15128
v 0.06954 0.02440 0.15128
v 0.06466 0.02440 0.15616
v 0.06466 0.00000 0.10492
v 0.06954 0.00488 0.10492
v 0.06466 0.00488 0.10004
v 0.06466 0.02928 0.10492
v 0.06466 0.02440 0.10004
v 0.06954 0.02440 0.10492
v 0.02806 0.00000 0.10492
v 0.02318 0.00488 0.15128
v 0.02806 0.00000 0.15128
v 0.02318 0.00488 0.10492
v 0.02806 0.00488 0.15616
v 0.02318 0.02440 0.15128
v 0.02806 0.02440 0.15616
v 0.02318 0.00488 0.15128
v 0.02806 0.02928 0.15128
v 0.02318 0.02440 0.10492
v 0.02806 0.02928 0.10492
v 0.02318 0.02440 0.15128
v 0.02806 0.02440 0.10004
v 0.02318 0.00488 0.10492
v 0.02806 0.00488 0.10004
v 0.02318 0.02440 0.10492
v 0.06466 0.00000 0.10492
v 0.02806 0.00488 0.10004
v 0.02806 0.00000 0.10492
v 0.06466 0.00488 0.10004
v 0.02806 0.02928 0.10492
v 0.06466 0.02440 0.10004
v 0.06466 0.02928 0.10492
v 0.02806 0.02440 0.10004
v 0.06954 0.02440 0.10492
v 0.06466 0.00488 0.10004
v 0.06954 0.00488 0.10492
v 0.06466 0.02440 0.10004
v 0.06466 0.00000 0.15128
v 0.06954 0.00488 0.10492
v 0.06466 0.00000 0.10492
v 0.06954 0.00488 0.15128
v 0.06466 0.02928 0.10492
v 0.06954 0.02440 0.15128
v 0.06466 0.02928 0.15128
v 0.06954 0.02440 0.10492
v 0.06466 0.02440 0.15616
v 0.06954 0.00488 0.15128
v 0.06466 0.00488 0.15616
v 0.06954 0.02440 0.15128
v 0.02806 0.00000 0.15128
v 0.06466 0.00488 0.15616
v 0.06466 0.00000 0.15128
v 0.02806 0.00488 0.15616
v 0.06466 0.02928 0.15128
v 0.02806 0.02440 0.15616
v 0.02806 0.02928 0.15128
v 0.06466 0.02440 0.15616
v 0.02806 0.00000 0.10492
v 0.06466 0.00000 0.15128
v 0.06466 0.00000 0.10492
v 0.02806 0.00000 0.15128
v 0.06466 0.00488 -0.10004
v 0.02806 0.02440 -0.10004
v 0.06466 0.02440 -0.10004
v 0.02806 0.00488 -0.10004
v 0.06954 0.00488 -0.15128
v 0.06954 0.02440 -0.10492
v 0.06954 0.02440 -0.15128
v 0.06954 0.00488 -0.10492
v 0.06466 0.02928 -0.15128
v 0.02806 0.02928 -0.10492
v 0.02806 0.02928 -0.15128
v 0.06466 0.02928 -0.10492
v 0.02318 0.00488 -0.10492
v 0.02318 0.02440 -0.15128
v 0.02318 0.02440 -0.10492
v 0.02318 0.00488 -0.15128
v 0.02806 0.00488 -0.15616
v 0.06466 0.02440 -0.15616
v 0.02806 0.02440 -0.15616
v 0.06466 0.00488 -0.15616
v 0.02806 0.00000 -0.10492
v 0.02318 0.00488 -0.10492
v 0.02806 0.00488 -0.10004
v 0.02806 0.02440 -0.10004
v 0.02318 0.02440 -0.10492
v 0.02806 0.02928 -0.10492
v 0.02806 0.00000 -0.15128
v 0.02806 0.00488 -0.15616
v 0.02318 0.00488 -0.15128
v 0.02806 0.02928 -0.15128
v 0.02318 0.02440 -0.15128
v 0.02806 0.02440 -0.15616
v 0.06466 0.00000 -0.10492
v 0.06466 0.00488 -0.10004
v 0.06954 0.00488 -0.10492
v 0.06466 0.02928 -0.10492
v 0.06954 0.02440 -0.10492
v 0.06466 0.02440 -0.10004
v 0.06466 0.00000 -0.15128
v 0.06954 0.00488 -0.15128
v 0.06466 0.00488 -0.15616
v 0.06466 0.02928 -0.15128
v 0.06466 0.02440 -0.15616
v 0.06954 0.02440 -0.15128
v 0.02806 0.00000 -0.15128
v 0.02318 0.00488 -0.10492
v 0.02806 0.00000 -0.10492
v 0.02318 0.00488 -0.15128
v 0.02806 0.00488 -0.10004
v 0.02318 0.02440 -0.10492
v 0.02806 0.02440 -0.10004
v 0.02318 0.00488 -0.10492
v 0.02806 0.02928 -0.10492
v 0.02318 0.02440 -0.15128
v 0.02806 0.02928 -0.15128
v 0.02318 0.02440 -0.10492
v 0.02806 0.02440 -0.15616
v 0.02318 0.00488 -0.15128
v 0.02806 0.00488 -0.15616
v 0.02318 0.02440 -0.15128
v 0.06466 0.00000 -0.15128
v 0.02806 0.00488 -0.15616
v 0.02806 0.00000 -0.15128
v 0.06466 0.00488 -0.15616
v 0.02806 0.02928 -0.15128
v 0.06466 0.02440 -0.15616
v 0.06466 0.02928 -0.15128
v 0.02806 0.02440 -0.15616
v 0.06954 0.02440 -0.15128
v 0.06466 0.00488 -0.15616
v 0.06954 0.00488 -0.15128
v 0.06466 0.02440 -0.15616
v 0.06466 0.00000 -0.10492
v 0.06954 0.00488 -0.15128
v 0.06466 0.00000 -0.15128
v 0.06954 0.00488 -0.10492
v 0.06466 0.02928 -0.15128
v 0.06954 0.02440 -0.10492
v 0.06466 0.02928 -0.10492
v 0.06954 0.02440 -0.15128
v 0.06466 0.02440 -0.10004
v 0.06954 0.00488 -0.10492
v 0.06466 0.00488 -0.10004
v 0.06954 0.02440 -0.10492
v 0.02806 0.00000 -0.10492
v 0.06466 0.00488 -0.10004
v 0.06466 0.00000 -0.10492
v 0.02806 0.00488 -0.10004
v 0.06466 0.02928 -0.10492
v 0.02806 0.02440 -0.10004
v 0.02806 0.02928 -0.10492
v 0.06466 0.02440 -0.10004
v 0.02806 0.00000 -0.15128
v 0.06466 0.00000 -0.10492
v 0.06466 0.00000 -0.15128
v 0.02806 0.00000 -0.10492
v 0.02074 0.31063 0.35726
v -0.02074 0.32890 0.34299
v 0.02074 0.32890 0.34299
v -0.02074 0.31063 0.35726
v 0.03050 0.28660 0.32649
v 0.03050 0.32289 0.33530
v 0.03050 0.30486 0.31222
v 0.03050 0.30462 0.34957
v 0.02074 0.31255 0.30621
v -0.02074 0.33058 0.32929
v -0.02074 0.31255 0.30621
v 0.02074 0.33058 0.32929
v -0.03050 0.30462 0.34957
v -0.03050 0.30486 0.31222
v -0.03050 0.32289 0.33530
v -0.03050 0.28660 0.32649
v -0.02074 0.28059 0.31880
v 0.02074 0.29885 0.30453
v -0.02074 0.29885 0.30453
v 0.02074 0.28059 0.31880
v -0.02074 0.29693 0.35558
v -0.03050 0.30462 0.34957
v -0.02074 0.31063 0.35726
v -0.02074 0.32890 0.34299
v -0.03050 0.32289 0.33530
v -0.02074 0.33058 0.32929
v -0.02074 0.27891 0.33250
v -0.02074 0.28059 0.31880
v -0.03050 0.28660 0.32649
v -0.02074 0.31255 0.30621
v -0.03050 0.30486 0.31222
v -0.02074 0.29885 0.30453
v 0.02074 0.29693 0.35558
v 0.02074 0.31063 0.35726
v 0.03050 0.30462 0.34957
v 0.02074 0.33058 0.32929
v 0.03050 0.32289 0.33530
v 0.02074 0.32890 0.34299
v 0.02074 0.27891 0.33250
v 0.03050 0.28660 0.32649
v 0.02074 0.28059 0.31880
v 0.02074 0.31255 0.30621
v 0.02074 0.29885 0.30453
v 0.03050 0.30486 0.31222
v -0.02074 0.27891 0.33250
v -0.03050 0.30462 0.34957
v -0.02074 0.29693 0.35558
v -0.03050 0.28660 0.32649
v -0.02074 0.31063 0.35726
v -0.03050 0.32289 0.33530
v -0.02074 0.32890 0.34299
v -0.03050 0.30462 0.34957
v -0.02074 0.33058 0.32929
v -0.03050 0.30486 0.31222
v -0.02074 0.31255 0.30621
v -0.03050 0.32289 0.33530
v -0.02074 0.29885 0.30453
v -0.03050 0.28660 0.32649
v -0.02074 0.28059 0.31880
v -0.03050 0.30486 0.31222
v 0.02074 0.27891 0.33250
v -0.02074 0.28059 0.31880
v -0.02074 0.27891 0.33250
v 0.02074 0.28059 0.31880
v -0.02074 0.31255 0.30621
v 0.02074 0.29885 0.30453
v 0.02074 0.31255 0.30621
v -0.02074 0.29885 0.30453
v 0.03050 0.30486 0.31222
v 0.02074 0.28059 0.31880
v 0.03050 0.28660 0.32649
v 0.02074 0.29885 0.30453
v 0.02074 0.29693 0.35558
v 0.03050 0.28660 0.32649
v 0.02074 0.27891 0.33250
v 0.03050 0.30462 0.34957
v 0.02074 0.31255 0.30621
v 0.03050 0.32289 0.33530
v 0.02074 0.33058 0.32929
v 0.03050 0.30486 0.31222
v 0.02074 0.32890 0.34299
v 0.03050 0.30462 0.34957
v 0.02074 0.31063 0.35726
v 0.03050 0.32289 0.33530
v -0.02074 0.29693 0.35558
v 0.02074 0.31063 0.35726
v 0.02074 0.29693 0.35558
v -0.02074 0.31063 0.35726
v 0.02074 0.33058 0.32929
v -0.02074 0.32890 0.34299
v -0.02074 0.33058 0.32929
v 0.02074 0.32890 0.34299
v -0.02074 0.27891 0.33250
v 0.02074 0.29693 0.35558
v 0.02074 0.27891 0.33250
v -0.02074 0.29693 0.35558
vn -1.0000 0.0000 -0.0000
vn -1.0000 0.0000 -0.0000
vn -1.0000 0.0000 -0.0000
vn -1.0000 0.0000 -0.0000
vn 0.0000 0.4886 -0.8725
vn 0.0000 0.4886 -0.8725
vn 0.0000 0.4886 -0.8725
vn 0.0000 0.4886 -0.8725
vn 1.0000 0.0000 -0.0000
vn 1.0000 0.0000 -0.0000
vn 1.0000 0.0000 -0.0000
vn 1.0000 0.0000 -0.0000
vn -0.0000 -0.4887 0.8725
vn -0.0000 -0.4887 0.8725
vn -0.0000 -0.4887 0.8725
vn -0.0000 -0.4887 0.8725
vn 0.0000 -0.8725 -0.4886
vn 0.0000 -0.8725 -0.4886
vn 0.0000 -0.8725 -0.4886
vn 0.0000 -0.8725 -0.4886
vn -0.0000 0.8725 0.4886
vn -0.0000 0.8725 0.4886
vn -0.0000 0.8725 0.4886
vn -0.0000 0.8725 0.4886
vn 1.0000 0.0000 -0.0000
vn 1.0000 0.0000 -0.0000
vn 1.0000 0.0000 -0.0000
vn 1.0000 0.0000 -0.0000
vn 0.0000 0.2964 -0.9551
vn 0.0000 0.2964 -0.9551
vn 0.0000 0.2964 -0.9551
vn 0.0000 0.2964 -0.9551
vn -1.0000 0.0000 -0.0000
vn -1.0000 0.0000 -0.0000
vn -1.0000 0.0000 -0.0000
vn -1.0000 0.0000 -0.0000
vn -0.0000 -0.2964 0.9551
vn -0.0000 -0.2964 0.9551
vn -0.0000 -0.2964 0.9551
vn -0.0000 -0.2964 0.9551
vn -0.0000 0.9551 0.2964
vn -0.0000 0.9551 0.2964
vn -0.0000 0.9551 0.2964
vn -0.0000 0.9551 0.2964
vn 0.0000 -0.9551 -0.2964
vn 0.0000 -0.9551 -0.2964
vn 0.0000 -0.9551 -0.2964
vn 0.0000 -0.9551 -0.2964
vn -0.0000 -0.0000 1.0000
vn -0.0000 -0.0000 1.0000
vn -0.0000 -0.0000 1.0000
vn -0.0000 -0.0000 1.0000
vn 1.0000 0.0000 -0.0000
vn 1.0000 0.0000 -0.0000
vn 1.0000 0.0000 -0.0000
vn 1.0000 0.0000 -0.0000
vn 0.0000 1.0000 -0.0000
vn 0.0000 1.0000 -0.0000
vn 0.0000 1.0000 -0.0000
vn 0.0000 1.0000 -0.0000
vn -1.0000 0.0000 -0.0000
vn -1.0000 0.0000 -0.0000
vn -1.0000 0.0000 -0.0000
vn -1.0000 0.0000 -0.0000
vn 0.0000 0.0000 -1.0000
vn 0.0000 0.0000 -1.0000
vn 0.0000 0.0000 -1.0000
vn 0.0000 0.0000 -1.0000
vn -0.5774 -0.5773 0.5774
vn -0.5774 -0.5773 0.5774
vn -0.5774 -0.5773 0.5774
vn -0.5774 0.5772 0.5774
vn -0.5774 0.5772 0.5774
vn -0.5774 0.5772 0.5774
vn -0.5774 -0.5773 -0.5774
vn -0.5774 -0.5773 -0.5774
vn -0.5774 -0.5773 -0.5774
vn -0.5774 0.5773 -0.5774
vn -0.5774 0.5773 -0.5774
vn -0.5774 0.5773 -0.5774
vn 0.5774 -0.5774 0.5773
vn 0.5774 -0.5774 0.5773
vn 0.5774 -0.5774 0.5773
vn 0.5774 0.5774 0.5774
vn 0.5774 0.5774 0.5774
vn 0.5774 0.5774 0.5774
vn 0.5773 -0.5774 -0.5774
vn 0.5773 -0.5774 -0.5774
vn 0.5773 -0.5774 -0.5774
vn 0.5773 0.5774 -0.5773
vn 0.5773 0.5774 -0.5773
vn 0.5773 0.5774 -0.5773
vn -0.7071 -0.7071 -0.0001
vn -0.7071 -0.7071 -0.0001
vn -0.7071 -0.7071 -0.0001
vn -0.7071 -0.7071 -0.0001
vn -0.7071 -0.0000 0.7071
vn -0.7071 -0.0000 0.7071
vn -0.7071 -0.0000 0.7071
vn -0.7071 -0.0000 0.7071
vn -0.7071 0.7071 -0.0000
vn -0.7071 0.7071 -0.0000
vn -0.7071 0.7071 -0.0000
vn -0.7071 0.7071 -0.0000
vn -0.7071 0.0000 -0.7071
vn -0.7071 0.0000 -0.7071
vn -0.7071 0.0000 -0.7071
vn -0.7071 0.0000 -0.7071
vn 0.0000 -0.7071 -0.7071
vn 0.0000 -0.7071 -0.7071
vn 0.0000 -0.7071 -0.7071
vn 0.0000 -0.7071 -0.7071
vn 0.0000 0.7071 -0.7071
vn 0.0000 0.7071 -0.7071
vn 0.0000 0.7071 -0.7071
vn 0.0000 0.7071 -0.7071
vn 0.7071 0.0000 -0.7071
vn 0.7071 0.0000 -0.7071
vn 0.7071 0.0000 -0.7071
vn 0.7071 0.0000 -0.7071
vn 0.7071 -0.7071 -0.0000
vn 0.7071 -0.7071 -0.0000
vn 0.7071 -0.7071 -0.0000
vn 0.7071 -0.7071 -0.0000
vn 0.7071 0.7071 0.0000
vn 0.7071 0.7071 0.0000
vn 0.7071 0.7071 0.0000
vn 0.7071 0.7071 0.0000
vn 0.7071 -0.0000 0.7071
vn 0.7071 -0.0000 0.7071
vn 0.7071 -0.0000 0.7071
vn 0.7071 -0.0000 0.7071
vn -0.0000 -0.7071 0.7071
vn -0.0000 -0.7071 0.7071
vn -0.0000 -0.7071 0.7071
vn -0.0000 -0.7071 0.7071
vn -0.0000 0.7071 0.7071
vn -0.0000 0.7071 0.7071
vn -0.0000 0.7071 0.7071
vn -0.0000 0.7071 0.7071
vn 0.0000 -1.0000 -0.0000
vn 0.0000 -1.0000 -0.0000
vn 0.0000 -1.0000 -0.0000
vn 0.0000 -1.0000 -0.0000
vn -0.0000 -0.0000 1.0000
vn -0.0000 -0.0000 1.0000
vn -0.0000 -0.0000 1.0000
vn -0.0000 -0.0000 1.0000
vn 1.0000 0.0000 -0.0000
vn 1.0000 0.0000 -0.0000
vn 1.0000 0.0000 -0.0000
vn 1.0000 0.0000 -0.0000
vn 0.0000 1.0000 -0.0000
vn 0.0000 1.0000 -0.0000
vn 0.0000 1.0000 -0.0000
vn 0.0000 1.0000 -0.0000
vn -1.0000 0.0000 -0.0000
vn -1.0000 0.0000 -0.0000
vn -1.0000 0.0000 -0.0000
vn -1.0000 0.0000 -0.0000
vn 0.0000 0.0000 -1.0000
vn 0.0000 0.0000 -1.0000
vn 0.0000 0.0000 -1.0000
vn 0.0000 0.0000 -1.0000
vn -0.5775 -0.5774 0.5772
vn -0.5775 -0.5774 0.5772
vn -0.5775 -0.5774 0.5772
vn -0.5775 0.5773 0.5773
vn -0.5775 0.5773 0.5773
vn -0.5775 0.5773 0.5773
vn -0.5774 -0.5773 -0.5774
vn -0.5774 -0.5773 -0.5774
vn -0.5774 -0.5773 -0.5774
vn -0.5774 0.5773 -0.5774
vn -0.5774 0.5773 -0.5774
vn -0.5774 0.5773 -0.5774
vn 0.5773 -0.5775 0.5773
vn 0.5773 -0.5775 0.5773
vn 0.5773 -0.5775 0.5773
vn 0.5773 0.5774 0.5774
vn 0.5773 0.5774 0.5774
vn 0.5773 0.5774 0.5774
vn 0.5773 -0.5774 -0.5774
vn 0.5773 -0.5774 -0.5774
vn 0.5773 -0.5774 -0.5774
vn 0.5774 0.5774 -0.5773
vn 0.5774 0.5774 -0.5773
vn 0.5774 0.5774 -0.5773
vn -0.7071 -0.7071 -0.0001
vn -0.7071 -0.7071 -0.0001
vn -0.7071 -0.7071 -0.0001
vn -0.7071 -0.7071 -0.0001
vn -0.7071 -0.0000 0.7071
vn -0.7071 -0.0000 0.7071
vn -0.7071 -0.0000 0.7071
vn -0.7071 -0.0000 0.7071
vn -0.7071 0.7071 -0.0000
vn -0.7071 0.7071 -0.0000
vn -0.7071 0.7071 -0.0000
vn -0.7071 0.7071 -0.0000
vn -0.7071 0.0000 -0.7071
vn -0.7071 0.0000 -0.7071
vn -0.7071 0.0000 -0.7071
vn -0.7071 0.0000 -0.7071
vn 0.0000 -0.7071 -0.7071
vn 0.0000 -0.7071 -0.7071
vn 0.0000 -0.7071 -0.7071
vn 0.0000 -0.7071 -0.7071
vn 0.0000 0.7071 -0.7071
vn 0.0000 0.7071 -0.7071
vn 0.0000 0.7071 -0.7071
vn 0.0000 0.7071 -0.7071
vn 0.7071 0.0000 -0.7071
vn 0.7071 0.0000 -0.7071
vn 0.7071 0.0000 -0.7071
vn 0.7071 0.0000 -0.7071
vn 0.7071 -0.7071 -0.0000
vn 0.7071 -0.7071 -0.0000
vn 0.7071 -0.7071 -0.0000
vn 0.7071 -0.7071 -0.0000
vn 0.7071 0.7071 0.0000
vn 0.7071 0.7071 0.0000
vn 0.7071 0.7071 0.0000
vn 0.7071 0.7071 0.0000
vn 0.7071 -0.0000 0.7071
vn 0.7071 -0.0000 0.7071
vn 0.7071 -0.0000 0.7071
vn 0.7071 -0.0000 0.7071
vn -0.0000 -0.7071 0.7071
vn -0.0000 -0.7071 0.7071
vn -0.0000 -0.7071 0.7071
vn -0.0000 -0.7071 0.7071
vn -0.0000 0.7071 0.7071
vn -0.0000 0.7071 0.7071
vn -0.0000 0.7071 0.7071
vn -0.0000 0.7071 0.7071
vn 0.0000 -1.0000 -0.0000
vn 0.0000 -1.0000 -0.0000
vn 0.0000 -1.0000 -0.0000
vn 0.0000 -1.0000 -0.0000
vn -0.0000 -0.0000 1.0000
vn -0.0000 -0.0000 1.0000
vn -0.0000 -0.0000 1.0000
vn -0.0000 -0.0000 1.0000
vn 1.0000 0.0000 -0.0000
vn 1.0000 0.0000 -0.0000
vn 1.0000 0.0000 -0.0000
vn 1.0000 0.0000 -0.0000
vn 0.0000 1.0000 -0.0000
vn 0.0000 1.0000 -0.0000
vn 0.0000 1.0000 -0.0000
vn 0.0000 1.0000 -0.0000
vn -1.0000 0.0000 -0.0000
vn -1.0000 0.0000 -0.0000
vn -1.0000 0.0000 -0.0000
vn -1.0000 0.0000 -0.0000
vn 0.0000 0.0000 -1.0000
vn 0.0000 0.0000 -1.0000
vn 0.0000 0.0000 -1.0000
vn 0.0000 0.0000 -1.0000
vn -0.5774 -0.5774 0.5772
vn -0.5774 -0.5774 0.5772
vn -0.5774 -0.5774 0.5772
vn -0.5774 0.5774 0.5773
vn -0.5774 0.5774 0.5773
vn -0.5774 0.5774 0.5773
vn -0.5773 -0.5774 -0.5774
vn -0.5773 -0.5774 -0.5774
vn -0.5773 -0.5774 -0.5774
vn -0.5773 0.5774 -0.5774
vn -0.5773 0.5774 -0.5774
vn -0.5773 0.5774 -0.5774
vn 0.5774 -0.5773 0.5774
vn 0.5774 -0.5773 0.5774
vn 0.5774 -0.5773 0.5774
vn 0.5774 0.5772 0.5775
vn 0.5774 0.5772 0.5775
vn 0.5774 0.5772 0.5775
vn 0.5774 -0.5773 -0.5774
vn 0.5774 -0.5773 -0.5774
vn 0.5774 -0.5773 -0.5774
vn 0.5774 0.5773 -0.5773
vn 0.5774 0.5773 -0.5773
vn 0.5774 0.5773 -0.5773
vn -0.7071 -0.7071 -0.0001
vn -0.7071 -0.7071 -0.0001
vn -0.7071 -0.7071 -0.0001
vn -0.7071 -0.7071 -0.0001
vn -0.7071 -0.0000 0.7071
vn -0.7071 -0.0000 0.7071
vn -0.7071 -0.0000 0.7071
vn -0.7071 -0.0000 0.7071
vn -0.7071 0.7071 -0.0000
vn -0.7071 0.7071 -0.0000
vn -0.7071 0.7071 -0.0000
vn -0.7071 0.7071 -0.0000
vn -0.7071 0.0000 -0.7071
vn -0.7071 0.0000 -0.7071
vn -0.7071 0.0000 -0.7071
vn -0.7071 0.0000 -0.7071
vn 0.0000 -0.7071 -0.7071
vn 0.0000 -0.7071 -0.7071
vn 0.0000 -0.7071 -0.7071
vn 0.0000 -0.7071 -0.7071
vn 0.0000 0.7071 -0.7071
vn 0.0000 0.7071 -0.7071
vn 0.0000 0.7071 -0.7071
vn 0.0000 0.7071 -0.7071
vn 0.7071 0.0000 -0.7071
vn 0.7071 0.0000 -0.7071
vn 0.7071 0.0000 -0.7071
vn 0.7071 0.0000 -0.7071
vn 0.7071 -0.7071 -0.0000
vn 0.7071 -0.7071 -0.0000
vn 0.7071 -0.7071 -0.0000
vn 0.7071 -0.7071 -0.0000
vn 0.7071 0.7071 0.0000
vn 0.7071 0.7071 0.0000
vn 0.7071 0.7071 0.0000
vn 0.7071 0.7071 0.0000
vn 0.7071 -0.0000 0.7071
vn 0.7071 -0.0000 0.7071
vn 0.7071 -0.0000 0.7071
vn 0.7071 -0.0000 0.7071
vn -0.0000 -0.7071 0.7071
vn -0.0000 -0.7071 0.7071
vn -0.0000 -0.7071 0.7071
vn -0.0000 -0.7071 0.7071
vn -0.0000 0.7071 0.7071
vn -0.0000 0.7071 0.7071
vn -0.0000 0.7071 0.7071
vn -0.0000 0.7071 0.7071
vn 0.0000 -1.0000 -0.0000
vn 0.0000 -1.0000 -0.0000
vn 0.0000 -1.0000 -0.0000
vn 0.0000 -1.0000 -0.0000
vn -0.0000 -0.0000 1.0000
vn -0.0000 -0.0000 1.0000
vn -0.0000 -0.0000 1.0000
vn -0.0000 -0.0000 1.0000
vn 1.0000 0.0000 -0.0000
vn 1.0000 0.0000 -0.0000
vn 1.0000 0.0000 -0.0000
vn 1.0000 0.0000 -0.0000
vn 0.0000 1.0000 -0.0000
vn 0.0000 1.0000 -0.0000
vn 0.0000 1.0000 -0.0000
vn 0.0000 1.0000 -0.0000
vn -1.0000 0.0000 -0.0000
vn -1.0000 0.0000 -0.0000
vn -1.0000 0.0000 -0.0000
vn -1.0000 0.0000 -0.0000
vn 0.0000 0.0000 -1.0000
vn 0.0000 0.0000 -1.0000
vn 0.0000 0.0000 -1.0000
vn 0.0000 0.0000 -1.0000
vn -0.5774 -0.5775 0.5772
vn -0.5774 -0.5775 0.5772
vn -0.5774 -0.5775 0.5772
vn -0.5774 0.5774 0.5773
vn -0.5774 0.5774 0.5773
vn -0.5774 0.5774 0.5773
vn -0.5773 -0.5773 -0.5774
vn -0.5773 -0.5773 -0.5774
vn -0.5773 -0.5773 -0.5774
vn -0.5774 0.5773 -0.5774
vn -0.5774 0.5773 -0.5774
vn -0.5774 0.5773 -0.5774
vn 0.5774 -0.5774 0.5773
vn 0.5774 -0.5774 0.5773
vn 0.5774 -0.5774 0.5773
vn 0.5774 0.5773 0.5774
vn 0.5774 0.5773 0.5774
vn 0.5774 0.5773 0.5774
vn 0.5774 -0.5773 -0.5774
vn 0.5774 -0.5773 -0.5774
vn 0.5774 -0.5773 -0.5774
vn 0.5774 0.5773 -0.5773
vn 0.5774 0.5773 -0.5773
vn 0.5774 0.5773 -0.5773
vn -0.7071 -0.7071 -0.0001
vn -0.7071 -0.7071 -0.0001
vn -0.7071 -0.7071 -0.0001
vn -0.7071 -0.7071 -0.0001
vn -0.7071 -0.0000 0.7071
vn -0.7071 -0.0000 0.7071
vn -0.7071 -0.0000 0.7071
vn -0.7071 -0.0000 0.7071
vn -0.7071 0.7071 -0.0000
vn -0.7071 0.7071 -0.0000
vn -0.7071 0.7071 -0.0000
vn -0.7071 0.7071 -0.0000
vn -0.7071 0.0000 -0.7071
vn -0.7071 0.0000 -0.7071
vn -0.7071 0.0000 -0.7071
vn -0.7071 0.0000 -0.7071
vn 0.0000 -0.7071 -0.7071
vn 0.0000 -0.7071 -0.7071
vn 0.0000 -0.7071 -0.7071
vn 0.0000 -0.7071 -0.7071
vn 0.0000 0.7071 -0.7071
vn 0.0000 0.7071 -0.7071
vn 0.0000 0.7071 -0.7071
vn 0.0000 0.7071 -0.7071
vn 0.7071 0.0000 -0.7071
vn 0.7071 0.0000 -0.7071
vn 0.7071 0.0000 -0.7071
vn 0.7071 0.0000 -0.7071
vn 0.7071 -0.7071 -0.0000
vn 0.7071 -0.7071 -0.0000
vn 0.7071 -0.7071 -0.0000
vn 0.7071 -0.7071 -0.0000
vn 0.7071 0.7071 0.0000
vn 0.7071 0.7071 0.0000
vn 0.7071 0.7071 0.0000
vn 0.7071 0.7071 0.0000
vn 0.7071 -0.0000 0.7071
vn 0.7071 -0.0000 0.7071
vn 0.7071 -0.0000 0.7071
vn 0.7071 -0.0000 0.7071
vn -0.0000 -0.7071 0.7071
vn -0.0000 -0.7071 0.7071
vn -0.0000 -0.7071 0.7071
vn -0.0000 -0.7071 0.7071
vn -0.0000 0.7071 0.7071
vn -0.0000 0.7071 0.7071
vn -0.0000 0.7071 0.7071
vn -0.0000 0.7071 0.7071
vn 0.0000 -1.0000 -0.0000
vn 0.0000 -1.0000 -0.0000
vn 0.0000 -1.0000 -0.0000
vn 0.0000 -1.0000 -0.0000
vn -0.0000 0.6157 0.7880
vn -0.0000 0.6157 0.7880
vn -0.0000 0.6157 0.7880
vn -0.0000 0.6157 0.7880
vn 1.0000 0.0000 -0.0000
vn 1.0000 0.0000 -0.0000
vn 1.0000 0.0000 -0.0000
vn 1.0000 0.0000 -0.0000
vn 0.0000 0.7880 -0.6157
vn 0.0000 0.7880 -0.6157
vn 0.0000 0.7880 -0.6157
vn 0.0000 0.7880 -0.6157
vn -1.0000 0.0000 -0.0000
vn -1.0000 0.0000 -0.0000
vn -1.0000 0.0000 -0.0000
vn -1.0000 0.0000 -0.0000
vn 0.0000 -0.6157 -0.7880
vn 0.0000 -0.6157 -0.7880
vn 0.0000 -0.6157 -0.7880
vn 0.0000 -0.6157 -0.7880
vn -0.5774 -0.0995 0.8104
vn -0.5774 -0.0995 0.8104
vn -0.5774 -0.0995 0.8104
vn -0.5774 0.8104 0.0995
vn -0.5774 0.8104 0.0995
vn -0.5774 0.8104 0.0995
vn -0.5773 -0.8104 -0.0996
vn -0.5773 -0.8104 -0.0996
vn -0.5773 -0.8104 -0.0996
vn -0.5774 0.0995 -0.8104
vn -0.5774 0.0995 -0.8104
vn -0.5774 0.0995 -0.8104
vn 0.5773 -0.0995 0.8104
vn 0.5773 -0.0995 0.8104
vn 0.5773 -0.0995 0.8104
vn 0.5774 0.8104 0.0996
vn 0.5774 0.8104 0.0996
vn 0.5774 0.8104 0.0996
vn 0.5773 -0.8105 -0.0995
vn 0.5773 -0.8105 -0.0995
vn 0.5773 -0.8105 -0.0995
vn 0.5775 0.0995 -0.8103
vn 0.5775 0.0995 -0.8103
vn 0.5775 0.0995 -0.8103
vn -0.7072 -0.5573 0.4352
vn -0.7072 -0.5573 0.4352
vn -0.7072 -0.5573 0.4352
vn -0.7072 -0.5573 0.4352
vn -0.7072 0.4353 0.5572
vn -0.7072 0.4353 0.5572
vn -0.7072 0.4353 0.5572
vn -0.7072 0.4353 0.5572
vn -0.7071 0.5572 -0.4353
vn -0.7071 0.5572 -0.4353
vn -0.7071 0.5572 -0.4353
vn -0.7071 0.5572 -0.4353
vn -0.7071 -0.4353 -0.5573
vn -0.7071 -0.4353 -0.5573
vn -0.7071 -0.4353 -0.5573
vn -0.7071 -0.4353 -0.5573
vn 0.0000 -0.9925 -0.1219
vn 0.0000 -0.9925 -0.1219
vn 0.0000 -0.9925 -0.1219
vn 0.0000 -0.9925 -0.1219
vn 0.0000 0.1219 -0.9925
vn 0.0000 0.1219 -0.9925
vn 0.0000 0.1219 -0.9925
vn 0.0000 0.1219 -0.9925
vn 0.7071 -0.4353 -0.5572
vn 0.7071 -0.4353 -0.5572
vn 0.7071 -0.4353 -0.5572
vn 0.7071 -0.4353 -0.5572
vn 0.7071 -0.5573 0.4353
vn 0.7071 -0.5573 0.4353
vn 0.7071 -0.5573 0.4353
vn 0.7071 -0.5573 0.4353
vn 0.7071 0.5572 -0.4353
vn 0.7071 0.5572 -0.4353
vn 0.7071 0.5572 -0.4353
vn 0.7071 0.5572 -0.4353
vn 0.7071 0.4353 0.5573
vn 0.7071 0.4353 0.5573
vn 0.7071 0.4353 0.5573
vn 0.7071 0.4353 0.5573
vn -0.0000 -0.1219 0.9925
vn -0.0000 -0.1219 0.9925
vn -0.0000 -0.1219 0.9925
vn -0.0000 -0.1219 0.9925
vn -0.0000 0.9925 0.1219
vn -0.0000 0.9925 0.1219
vn -0.0000 0.9925 0.1219
vn -0.0000 0.9925 0.1219
vn -0.0000 -0.7880 0.6156
vn -0.0000 -0.7880 0.6156
vn -0.0000 -0.7880 0.6156
vn -0.0000 -0.7880 0.6156
f 2552//2552 2554//2554 2553//2553
f 2552//2552 2553//2553 2555//2555
f 2556//2556 2558//2558 2557//2557
f 2556//2556 2557//2557 2559//2559
f 2560//2560 2562//2562 2561//2561
f 2560//2560 2561//2561 2563//2563
f 2564//2564 2566//2566 2565//2565
f 2564//2564 2565//2565 2567//2567
f 2568//2568 2570//2570 2569//2569
f 2568//2568 2569//2569 2571//2571
f 2572//2572 2574//2574 2573//2573
f 2575//2575 2577//2577 2576//2576
f 2578//2578 2580//2580 2579//2579
f 2581//2581 2583//2583 2582//2582
f 2584//2584 2586//2586 2585//2585
f 2587//2587 2589//2589 2588//2588
f 2590//2590 2592//2592 2591//2591
f 2593//2593 2595//2595 2594//2594
f 2596//2596 2598//2598 2597//2597
f 2596//2596 2597//2597 2599//2599
f 2600//2600 2602//2602 2601//2601
f 2600//2600 2601//2601 2603//2603
f 2604//2604 2606//2606 2605//2605
f 2604//2604 2605//2605 2607//2607
f 2608//2608 2610//2610 2609//2609
f 2608//2608 2609//2609 2611//2611
f 2612//2612 2614//2614 2613//2613
f 2612//2612 2613//2613 2615//2615
f 2616//2616 2618//2618 2617//2617
f 2616//2616 2617//2617 2619//2619
f 2620//2620 2622//2622 2621//2621
f 2620//2620 2621//2621 2623//2623
f 2624//2624 2626//2626 2625//2625
f 2624//2624 2625//2625 2627//2627
f 2628//2628 2630//2630 2629//2629
f 2628//2628 2629//2629 2631//2631
f 2632//2632 2634//2634 2633//2633
f 2632//2632 2633//2633 2635//2635
f 2636//2636 2638//2638 2637//2637
f 2636//2636 2637//2637 2639//2639
f 2640//2640 2642//2642 2641//2641
f 2640//2640 2641//2641 2643//2643
f 2644//2644 2646//2646 2645//2645
f 2644//2644 2645//2645 2647//2647
f 2648//2648 2650//2650 2649//2649
f 2648//2648 2649//2649 2651//2651
f 2652//2652 2654//2654 2653//2653
f 2652//2652 2653//2653 2655//2655
f 2656//2656 2658//2658 2657//2657
f 2656//2656 2657//2657 2659//2659
f 2660//2660 2662//2662 2661//2661
f 2660//2660 2661//2661 2663//2663
f 2664//2664 2666//2666 2665//2665
f 2664//2664 2665//2665 2667//2667
f 2668//2668 2670//2670 2669//2669
f 2671//2671 2673//2673 2672//2672
f 2674//2674 2676//2676 2675//2675
f 2677//2677 2679//2679 2678//2678
f 2680//2680 2682//2682 2681//2681
f 2683//2683 2685//2685 2684//2684
f 2686//2686 2688//2688 2687//2687
f 2689//2689 2691//2691 2690//2690
f 2692//2692 2694//2694 2693//2693
f 2692//2692 2693//2693 2695//2695
f 2696//2696 2698//2698 2697//2697
f 2696//2696 2697//2697 2699//2699
f 2700//2700 2702//2702 2701//2701
f 2700//2700 2701//2701 2703//2703
f 2704//2704 2706//2706 2705//2705
f 2704//2704 2705//2705 2707//2707
f 2708//2708 2710//2710 2709//2709
f 2708//2708 2709//2709 2711//2711
f 2712//2712 2714//2714 2713//2713
f 2712//2712 2713//2713 2715//2715
f 2716//2716 2718//2718 2717//2717
f 2716//2716 2717//2717 2719//2719
f 2720//2720 2722//2722 2721//2721
f 2720//2720 2721//2721 2723//2723
f 2724//2724 2726//2726 2725//2725
f 2724//2724 2725//2725 2727//2727
f 2728//2728 2730//2730 2729//2729
f 2728//2728 2729//2729 2731//2731
f 2732//2732 2734//2734 2733//2733
f 2732//2732 2733//2733 2735//2735
f 2736//2736 2738//2738 2737//2737
f 2736//2736 2737//2737 2739//2739
f 2740//2740 2742//2742 2741//2741
f 2740//2740 2741//2741 2743//2743
f 2744//2744 2746//2746 2745//2745
f 2744//2744 2745//2745 2747//2747
f 2748//2748 2750//2750 2749//2749
f 2748//2748 2749//2749 2751//2751
f 2752//2752 2754//2754 2753//2753
f 2752//2752 2753//2753 2755//2755
f 2756//2756 2758//2758 2757//2757
f 2756//2756 2757//2757 2759//2759
f 2760//2760 2762//2762 2761//2761
f 2760//2760 2761//2761 2763//2763
f 2764//2764 2766//2766 2765//2765
f 2767//2767 2769//2769 2768//2768
f 2770//2770 2772//2772 2771//2771
f 2773//2773 2775//2775 2774//2774
f 2776//2776 2778//2778 2777//2777
f 2779//2779 2781//2781 2780//2780
f 2782//2782 2784//2784 2783//2783
f 2785//2785 2787//2787 2786//2786
f 2788//2788 2790//2790 2789//2789
f 2788//2788 2789//2789 2791//2791
f 2792//2792 2794//2794 2793//2793
f 2792//2792 2793//2793 2795//2795
f 2796//2796 2798//2798 2797//2797
f 2796//2796 2797//2797 2799//2799
f 2800//2800 2802//2802 2801//2801
f 2800//2800 2801//2801 2803//2803
f 2804//2804 2806//2806 2805//2805
f 2804//2804 2805//2805 2807//2807
f 2808//2808 2810//2810 2809//2809
f 2808//2808 2809//2809 2811//2811
f 2812//2812 2814//2814 2813//2813
f 2812//2812 2813//2813 2815//2815
f 2816//2816 2818//2818 2817//2817
f 2816//2816 2817//2817 2819//2819
f 2820//2820 2822//2822 2821//2821
f 2820//2820 2821//2821 2823//2823
f 2824//2824 2826//2826 2825//2825
f 2824//2824 2825//2825 2827//2827
f 2828//2828 2830//2830 2829//2829
f 2828//2828 2829//2829 2831//2831
f 2832//2832 2834//2834 2833//2833
f 2832//2832 2833//2833 2835//2835
f 2836//2836 2838//2838 2837//2837
f 2836//2836 2837//2837 2839//2839
f 2840//2840 2842//2842 2841//2841
f 2840//2840 2841//2841 2843//2843
f 2844//2844 2846//2846 2845//2845
f 2844//2844 2845//2845 2847//2847
f 2848//2848 2850//2850 2849//2849
f 2848//2848 2849//2849 2851//2851
f 2852//2852 2854//2854 2853//2853
f 2852//2852 2853//2853 2855//2855
f 2856//2856 2858//2858 2857//2857
f 2856//2856 2857//2857 2859//2859
f 2860//2860 2862//2862 2861//2861
f 2863//2863 2865//2865 2864//2864
f 2866//2866 2868//2868 2867//2867
f 2869//2869 2871//2871 2870//2870
f 2872//2872 2874//2874 2873//2873
f 2875//2875 2877//2877 2876//2876
f 2878//2878 2880//2880 2879//2879
f 2881//2881 2883//2883 2882//2882
f 2884//2884 2886//2886 2885//2885
f 2884//2884 2885//2885 2887//2887
f 2888//2888 2890//2890 2889//2889
f 2888//2888 2889//2889 2891//2891
f 2892//2892 2894//2894 2893//2893
f 2892//2892 2893//2893 2895//2895
f 2896//2896 2898//2898 2897//2897
f 2896//2896 2897//2897 2899//2899
f 2900//2900 2902//2902 2901//2901
f 2900//2900 2901//2901 2903//2903
f 2904//2904 2906//2906 2905//2905
f 2904//2904 2905//2905 2907//2907
f 2908//2908 2910//2910 2909//2909
f 2908//2908 2909//2909 2911//2911
f 2912//2912 2914//2914 2913//2913
f 2912//2912 2913//2913 2915//2915
f 2916//2916 2918//2918 2917//2917
f 2916//2916 2917//2917 2919//2919
f 2920//2920 2922//2922 2921//2921
f 2920//2920 2921//2921 2923//2923
f 2924//2924 2926//2926 2925//2925
f 2924//2924 2925//2925 2927//2927
f 2928//2928 2930//2930 2929//2929
f 2928//2928 2929//2929 2931//2931
f 2932//2932 2934//2934 2933//2933
f 2932//2932 2933//2933 2935//2935
f 2936//2936 2938//2938 2937//2937
f 2936//2936 2937//2937 2939//2939
f 2940//2940 2942//2942 2941//2941
f 2940//2940 2941//2941 2943//2943
f 2944//2944 2946//2946 2945//2945
f 2944//2944 2945//2945 2947//2947
f 2948//2948 2950//2950 2949//2949
f 2948//2948 2949//2949 2951//2951
f 2952//2952 2954//2954 2953//2953
f 2952//2952 2953//2953 2955//2955
f 2956//2956 2958//2958 2957//2957
f 2959//2959 2961//2961 2960//2960
f 2962//2962 2964//2964 2963//2963
f 2965//2965 2967//2967 2966//2966
f 2968//2968 2970//2970 2969//2969
f 2971//2971 2973//2973 2972//2972
f 2974//2974 2976//2976 2975//2975
f 2977//2977 2979//2979 2978//2978
f 2980//2980 2982//2982 2981//2981
f 2980//2980 2981//2981 2983//2983
f 2984//2984 2986//2986 2985//2985
f 2984//2984 2985//2985 2987//2987
f 2988//2988 2990//2990 2989//2989
f 2988//2988 2989//2989 2991//2991
f 2992//2992 2994//2994 2993//2993
f 2992//2992 2993//2993 2995//2995
f 2996//2996 2998//2998 2997//2997
f 2996//2996 2997//2997 2999//2999
f 3000//3000 3002//3002 3001//3001
f 3000//3000 3001//3001 3003//3003
f 3004//3004 3006//3006 3005//3005
f 3004//3004 3005//3005 3007//3007
f 3008//3008 3010//3010 3009//3009
f 3008//3008 3009//3009 3011//3011
f 3012//3012 3014//3014 3013//3013
f 3012//3012 3013//3013 3015//3015
f 3016//3016 3018//3018 3017//3017
f 3016//3016 3017//3017 3019//3019
f 3020//3020 3022//3022 3021//3021
f 3020//3020 3021//3021 3023//3023
f 3024//3024 3026//3026 3025//3025
f 3024//3024 3025//3025 3027//3027
f 3028//3028 3030//3030 3029//3029
f 3028//3028 3029//3029 3031//3031
f 2504//2504 2506//2506 2505//2505
f 2504//2504 2505//2505 2507//2507
f 2508//2508 2510//2510 2509//2509
f 2508//2508 2509//2509 2511//2511
f 2512//2512 2514//2514 2513//2513
f 2512//2512 2513//2513 2515//2515
f 2516//2516 2518//2518 2517//2517
f 2516//2516 2517//2517 2519//2519
f 2520//2520 2522//2522 2521//2521
f 2520//2520 2521//2521 2523//2523
f 2524//2524 2526//2526 2525//2525
f 2524//2524 2525//2525 2527//2527
f 2528//2528 2530//2530 2529//2529
f 2528//2528 2529//2529 2531//2531
f 2532//2532 2534//2534 2533//2533
f 2532//2532 2533//2533 2535//2535
f 2536//2536 2538//2538 2537//2537
f 2536//2536 2537//2537 2539//2539
f 2540//2540 2542//2542 2541//2541
f 2540//2540 2541//2541 2543//2543
f 2544//2544 2546//2546 2545//2545
f 2544//2544 2545//2545 2547//2547
f 2548//2548 2550//2550 2549//2549
f 2548//2548 2549//2549 2551//2551
g horse_black
usemtl black
v -0.04148 0.37210 0.26962
v -0.04148 0.38674 0.25498
v -0.04148 0.38674 0.26962
v -0.04148 0.37210 0.25498
v -0.04148 0.37210 0.25498
v -0.03172 0.38674 0.25498
v -0.04148 0.38674 0.25498
v -0.03172 0.37210 0.25498
v -0.03172 0.37210 0.25498
v -0.03172 0.38674 0.26962
v -0.03172 0.38674 0.25498
v -0.03172 0.37210 0.26962
v -0.03172 0.37210 0.26962
v -0.04148 0.38674 0.26962
v -0.03172 0.38674 0.26962
v -0.04148 0.37210 0.26962
v -0.04148 0.37210 0.25498
v -0.03172 0.37210 0.26962
v -0.03172 0.37210 0.25498
v -0.04148 0.37210 0.26962
v -0.03172 0.38674 0.25498
v -0.04148 0.38674 0.26962
v -0.04148 0.38674 0.25498
v -0.03172 0.38674 0.26962
v 0.03172 0.37210 0.26962
v 0.03172 0.38674 0.25498
v 0.03172 0.38674 0.26962
v 0.03172 0.37210 0.25498
v 0.03172 0.37210 0.25498
v 0.04148 0.38674 0.25498
v 0.03172 0.38674 0.25498
v 0.04148 0.37210 0.25498
v 0.04148 0.37210 0.25498
v 0.04148 0.38674 0.26962
v 0.04148 0.38674 0.25498
v 0.04148 0.37210 0.26962
v 0.04148 0.37210 0.26962
v 0.03172 0.38674 0.26962
v 0.04148 0.38674 0.26962
v 0.03172 0.37210 0.26962
v 0.03172 0.37210 0.25498
v 0.04148 0.37210 0.26962
v 0.04148 0.37210 0.25498
v 0.03172 0.37210 0.26962
v 0.04148 0.38674 0.25498
v 0.03172 0.38674 0.26962
v 0.03172 0.38674 0.25498
v 0.04148 0.38674 0.26962
vn 0.0000 1.0000 -0.0000
vn 0.0000 1.0000 -0.0000
vn 0.0000 1.0000 -0.0000
vn 0.0000 1.0000 -0.0000
vn -0.7071 0.7071 -0.0000
vn -0.7071 0.7071 -0.0000
vn -0.7071 0.7071 -0.0000
vn -0.7071 0.7071 -0.0000
vn 0.7071 -0.0000 0.7071
vn 0.7071 -0.0000 0.7071
vn 0.7071 -0.0000 0.7071
vn 0.7071 -0.0000 0.7071
vn -0.0000 -0.0000 1.0000
vn -0.0000 -0.0000 1.0000
vn -0.0000 -0.0000 1.0000
vn -0.0000 -0.0000 1.0000
vn -0.0000 -0.7071 0.7071
vn -0.0000 -0.7071 0.7071
vn -0.0000 -0.7071 0.7071
vn -0.0000 -0.7071 0.7071
vn -0.0000 0.7071 0.7071
vn -0.0000 0.7071 0.7071
vn -0.0000 0.7071 0.7071
vn -0.0000 0.7071 0.7071
vn 0.0000 1.0000 -0.0000
vn 0.0000 1.0000 -0.0000
vn 0.0000 1.0000 -0.0000
vn 0.0000 1.0000 -0.0000
vn -0.7071 0.7071 -0.0000
vn -0.7071 0.7071 -0.0000
vn -0.7071 0.7071 -0.0000
vn -0.7071 0.7071 -0.0000
vn 0.7071 -0.0000 0.7071
vn 0.7071 -0.0000 0.7071
vn 0.7071 -0.0000 0.7071
vn 0.7071 -0.0000 0.7071
vn -0.0000 -0.0000 1.0000
vn -0.0000 -0.0000 1.0000
vn -0.0000 -0.0000 1.0000
vn -0.0000 -0.0000 1.0000
vn -0.0000 -0.7071 0.7071
vn -0.0000 -0.7071 0.7071
vn -0.0000 -0.7071 0.7071
vn -0.0000 -0.7071 0.7071
vn -0.0000 0.7071 0.7071
vn -0.0000 0.7071 0.7071
vn -0.0000 0.7071 0.7071
vn -0.0000 0.7071 0.7071
f 3032//3032 3034//3034 3033//3033
f 3032//3032 3033//3033 3035//3035
f 3036//3036 3038//3038 3037//3037
f 3036//3036 3037//3037 3039//3039
f 3040//3040 3042//3042 3041//3041
f 3040//3040 3041//3041 3043//3043
f 3044//3044 3046//3046 3045//3045
f 3044//3044 3045//3045 3047//3047
f 3048//3048 3050//3050 3049//3049
f 3048//3048 3049//3049 3051//3051
f 3052//3052 3054//3054 3053//3053
f 3052//3052 3053//3053 3055//3055
f 3056//3056 3058//3058 3057//3057
f 3056//3056 3057//3057 3059//3059
f 3060//3060 3062//3062 3061//3061
f 3060//3060 3061//3061 3063//3063
f 3064//3064 3066//3066 3065//3065
f 3064//3064 3065//3065 3067//3067
f 3068//3068 3070//3070 3069//3069
f 3068//3068 3069//3069 3071//3071
f 3072//3072 3074//3074 3073//3073
f 3072//3072 3073//3073 3075//3075
f 3076//3076 3078//3078 3077//3077
f 3076//3076 3077//3077 3079//3079
g horse_team
usemtl team
v 0.07026 0.11829 0.20621
v -0.06612 0.24161 0.19614
v 0.06612 0.24161 0.19614
v -0.07026 0.11829 0.20621
v 0.08491 0.11833 -0.19152
v 0.08077 0.24157 0.18146
v 0.08077 0.24157 -0.18146
v 0.08491 0.11833 0.19151
v 0.06563 0.25620 -0.18032
v -0.06564 0.25620 0.18031
v -0.06564 0.25620 -0.18032
v 0.06563 0.25620 0.18031
v -0.08491 0.11833 0.19151
v -0.08077 0.24157 -0.18146
v -0.08077 0.24157 0.18146
v -0.08491 0.11833 -0.19152
v -0.07026 0.11829 -0.20621
v 0.06612 0.24161 -0.19615
v -0.06612 0.24161 -0.19615
v 0.07026 0.11829 -0.20621
v -0.07076 0.10370 0.19275
v -0.08491 0.11833 0.19151
v -0.07026 0.11829 0.20621
v -0.06612 0.24161 0.19614
v -0.08077 0.24157 0.18146
v -0.06564 0.25620 0.18031
v -0.07076 0.10370 -0.19276
v -0.07026 0.11829 -0.20621
v -0.08491 0.11833 -0.19152
v -0.06564 0.25620 -0.18032
v -0.08077 0.24157 -0.18146
v -0.06612 0.24161 -0.19615
v 0.07076 0.10370 0.19275
v 0.07026 0.11829 0.20621
v 0.08491 0.11833 0.19151
v 0.06563 0.25620 0.18031
v 0.08077 0.24157 0.18146
v 0.06612 0.24161 0.19614
v 0.07076 0.10370 -0.19276
v 0.08491 0.11833 -0.19152
v 0.07026 0.11829 -0.20621
v 0.06563 0.25620 -0.18032
v 0.06612 0.24161 -0.19615
v 0.08077 0.24157 -0.18146
v -0.07076 0.10370 -0.19276
v -0.08491 0.11833 0.19151
v -0.07076 0.10370 0.19275
v -0.08491 0.11833 -0.19152
v -0.07026 0.11829 0.20621
v -0.08077 0.24157 0.18146
v -0.06612 0.24161 0.19614
v -0.08491 0.11833 0.19151
v -0.06564 0.25620 0.18031
v -0.08077 0.24157 -0.18146
v -0.06564 0.25620 -0.18032
v -0.08077 0.24157 0.18146
v -0.06612 0.24161 -0.19615
v -0.08491 0.11833 -0.19152
v -0.07026 0.11829 -0.20621
v -0.08077 0.24157 -0.18146
v 0.07076 0.10370 -0.19276
v -0.07026 0.11829 -0.20621
v -0.07076 0.10370 -0.19276
v 0.07026 0.11829 -0.20621
v -0.06564 0.25620 -0.18032
v 0.06612 0.24161 -0.19615
v 0.06563 0.25620 -0.18032
v -0.06612 0.24161 -0.19615
v 0.08077 0.24157 -0.18146
v 0.07026 0.11829 -0.20621
v 0.08491 0.11833 -0.19152
v 0.06612 0.24161 -0.19615
v 0.07076 0.10370 0.19275
v 0.08491 0.11833 -0.19152
v 0.07076 0.10370 -0.19276
v 0.08491 0.11833 0.19151
v 0.06563 0.25620 -0.18032
v 0.08077 0.24157 0.18146
v 0.06563 0.25620 0.18031
v 0.08077 0.24157 -0.18146
v 0.06612 0.24161 0.19614
v 0.08491 0.11833 0.19151
v 0.07026 0.11829 0.20621
v 0.08077 0.24157 0.18146
v -0.07076 0.10370 0.19275
v 0.07026 0.11829 0.20621
v 0.07076 0.10370 0.19275
v -0.07026 0.11829 0.20621
v 0.06563 0.25620 0.18031
v -0.06612 0.24161 0.19614
v -0.06564 0.25620 0.18031
v 0.06612 0.24161 0.19614
v -0.07076 0.10370 -0.19276
v 0.07076 0.10370 0.19275
v 0.07076 0.10370 -0.19276
v -0.07076 0.10370 0.19275
vn 0.0404 0.0406 0.9984
vn 0.0404 0.0406 0.9984
vn 0.0404 0.0406 0.9984
vn 0.0404 0.0406 0.9984
vn -0.7066 -0.0244 -0.7071
vn -0.7066 -0.0244 -0.7071
vn -0.7066 -0.0244 -0.7071
vn -0.7066 -0.0244 -0.7071
vn -0.0000 0.7071 0.7071
vn -0.0000 0.7071 0.7071
vn -0.0000 0.7071 0.7071
vn -0.0000 0.7071 0.7071
vn -0.0000 0.9994 0.0336
vn -0.0000 0.9994 0.0336
vn -0.0000 0.9994 0.0336
vn -0.0000 0.9994 0.0336
vn 0.7044 -0.7092 -0.0289
vn 0.7044 -0.7092 -0.0289
vn 0.7044 -0.7092 -0.0289
vn 0.7044 -0.7092 -0.0289
vn -0.7274 0.6435 0.2382
vn -0.7274 0.6435 0.2382
vn -0.7274 0.6435 0.2382
vn 0.0888 0.6337 0.7684
vn 0.0888 0.6337 0.7684
vn 0.0888 0.6337 0.7684
vn -0.1376 0.9544 -0.2651
vn -0.1376 0.9544 -0.2651
vn -0.1376 0.9544 -0.2651
vn -0.3370 0.8268 0.4503
vn -0.3370 0.8268 0.4503
vn -0.3370 0.8268 0.4503
vn 0.2091 -0.4292 0.8786
vn 0.2091 -0.4292 0.8786
vn 0.2091 -0.4292 0.8786
vn 0.3568 0.3134 0.8800
vn 0.3568 0.3134 0.8800
vn 0.3568 0.3134 0.8800
vn -0.7344 0.5115 -0.4461
vn -0.7344 0.5115 -0.4461
vn -0.7344 0.5115 -0.4461
vn -0.1281 -0.9046 -0.4065
vn -0.1281 -0.9046 -0.4065
vn -0.1281 -0.9046 -0.4065
vn 0.0651 0.7969 -0.6006
vn 0.0651 0.7969 -0.6006
vn 0.0651 0.7969 -0.6006
vn 0.0651 0.7969 -0.6006
vn -0.1739 0.7625 0.6232
vn -0.1739 0.7625 0.6232
vn -0.1739 0.7625 0.6232
vn -0.1739 0.7625 0.6232
vn -0.0697 0.7864 0.6138
vn -0.0697 0.7864 0.6138
vn -0.0697 0.7864 0.6138
vn -0.0697 0.7864 0.6138
vn -0.3187 0.9313 0.1763
vn -0.3187 0.9313 0.1763
vn -0.3187 0.9313 0.1763
vn -0.3187 0.9313 0.1763
vn -0.4589 0.8276 -0.3232
vn -0.4589 0.8276 -0.3232
vn -0.4589 0.8276 -0.3232
vn -0.4589 0.8276 -0.3232
vn 0.4034 -0.8380 -0.3673
vn 0.4034 -0.8380 -0.3673
vn 0.4034 -0.8380 -0.3673
vn 0.4034 -0.8380 -0.3673
vn 0.8974 -0.2557 0.3595
vn 0.8974 -0.2557 0.3595
vn 0.8974 -0.2557 0.3595
vn 0.8974 -0.2557 0.3595
vn 0.4674 -0.5322 0.7059
vn 0.4674 -0.5322 0.7059
vn 0.4674 -0.5322 0.7059
vn 0.4674 -0.5322 0.7059
vn -0.4455 -0.5508 -0.7058
vn -0.4455 -0.5508 -0.7058
vn -0.4455 -0.5508 -0.7058
vn -0.4455 -0.5508 -0.7058
vn 0.3926 -0.0666 0.9173
vn 0.3926 -0.0666 0.9173
vn 0.3926 -0.0666 0.9173
vn 0.3926 -0.0666 0.9173
vn -0.1977 -0.3566 0.9131
vn -0.1977 -0.3566 0.9131
vn -0.1977 -0.3566 0.9131
vn -0.1977 -0.3566 0.9131
vn 0.1897 0.3941 0.8993
vn 0.1897 0.3941 0.8993
vn 0.1897 0.3941 0.8993
vn 0.1897 0.3941 0.8993
vn -0.0000 -0.7071 0.7071
vn -0.0000 -0.7071 0.7071
vn -0.0000 -0.7071 0.7071
vn -0.0000 -0.7071 0.7071
f 3080//3080 3082//3082 3081//3081
f 3080//3080 3081//3081 3083//3083
f 3084//3084 3086//3086 3085//3085
f 3084//3084 3085//3085 3087//3087
f 3088//3088 3090//3090 3089//3089
f 3088//3088 3089//3089 3091//3091
f 3092//3092 3094//3094 3093//3093
f 3092//3092 3093//3093 3095//3095
f 3096//3096 3098//3098 3097//3097
f 3096//3096 3097//3097 3099//3099
f 3100//3100 3102//3102 3101//3101
f 3103//3103 3105//3105 3104//3104
f 3106//3106 3108//3108 3107//3107
f 3109//3109 3111//3111 3110//3110
f 3112//3112 3114//3114 3113//3113
f 3115//3115 3117//3117 3116//3116
f 3118//3118 3120//3120 3119//3119
f 3121//3121 3123//3123 3122//3122
f 3124//3124 3126//3126 3125//3125
f 3124//3124 3125//3125 3127//3127
f 3128//3128 3130//3130 3129//3129
f 3128//3128 3129//3129 3131//3131
f 3132//3132 3134//3134 3133//3133
f 3132//3132 3133//3133 3135//3135
f 3136//3136 3138//3138 3137//3137
f 3136//3136 3137//3137 3139//3139
f 3140//3140 3142//3142 3141//3141
f 3140//3140 3141//3141 3143//3143
f 3144//3144 3146//3146 3145//3145
f 3144//3144 3145//3145 3147//3147
f 3148//3148 3150//3150 3149//3149
f 3148//3148 3149//3149 3151//3151
f 3152//3152 3154//3154 3153//3153
f 3152//3152 3153//3153 3155//3155
f 3156//3156 3158//3158 3157//3157
f 3156//3156 3157//3157 3159//3159
f 3160//3160 3162//3162 3161//3161
f 3160//3160 3161//3161 3163//3163
f 3164//3164 3166//3166 3165//3165
f 3164//3164 3165//3165 3167//3167
f 3168//3168 3170//3170 3169//3169
f 3168//3168 3169//3169 3171//3171
f 3172//3172 3174//3174 3173//3173
f 3172//3172 3173//3173 3175//3175
g horse_gold
usemtl gold
v 0.08540 0.09882 0.21106
v -0.08540 0.10858 0.21106
v 0.08540 0.10858 0.21106
v -0.08540 0.09882 0.21106
v 0.08906 0.09882 -0.20740
v 0.08906 0.10858 0.20740
v 0.08906 0.10858 -0.20740
v 0.08906 0.09882 0.20740
v 0.08540 0.11224 -0.20740
v -0.08540 0.11224 0.20740
v -0.08540 0.11224 -0.20740
v 0.08540 0.11224 0.20740
v -0.08906 0.09882 0.20740
v -0.08906 0.10858 -0.20740
v -0.08906 0.10858 0.20740
v -0.08906 0.09882 -0.20740
v -0.08540 0.09882 -0.21106
v 0.08540 0.10858 -0.21106
v -0.08540 0.10858 -0.21106
v 0.08540 0.09882 -0.21106
v -0.08540 0.09516 0.20740
v -0.08906 0.09882 0.20740
v -0.08540 0.09882 0.21106
v -0.08540 0.10858 0.21106
v -0.08906 0.10858 0.20740
v -0.08540 0.11224 0.20740
v -0.08540 0.09516 -0.20740
v -0.08540 0.09882 -0.21106
v -0.08906 0.09882 -0.20740
v -0.08540 0.11224 -0.20740
v -0.08906 0.10858 -0.20740
v -0.08540 0.10858 -0.21106
v 0.08540 0.09516 0.20740
v 0.08540 0.09882 0.21106
v 0.08906 0.09882 0.20740
v 0.08540 0.11224 0.20740
v 0.08906 0.10858 0.20740
v 0.08540 0.10858 0.21106
v 0.08540 0.09516 -0.20740
v 0.08906 0.09882 -0.20740
v 0.08540 0.09882 -0.21106
v 0.08540 0.11224 -0.20740
v 0.08540 0.10858 -0.21106
v 0.08906 0.10858 -0.20740
v -0.08540 0.09516 -0.20740
v -0.08906 0.09882 0.20740
v -0.08540 0.09516 0.20740
v -0.08906 0.09882 -0.20740
v -0.08540 0.09882 0.21106
v -0.08906 0.10858 0.20740
v -0.08540 0.10858 0.21106
v -0.08906 0.09882 0.20740
v -0.08540 0.11224 0.20740
v -0.08906 0.10858 -0.20740
v -0.08540 0.11224 -0.20740
v -0.08906 0.10858 0.20740
v -0.08540 0.10858 -0.21106
v -0.08906 0.09882 -0.20740
v -0.08540 0.09882 -0.21106
v -0.08906 0.10858 -0.20740
v 0.08540 0.09516 -0.20740
v -0.08540 0.09882 -0.21106
v -0.08540 0.09516 -0.20740
v 0.08540 0.09882 -0.21106
v -0.08540 0.11224 -0.20740
v 0.08540 0.10858 -0.21106
v 0.08540 0.11224 -0.20740
v -0.08540 0.10858 -0.21106
v 0.08906 0.10858 -0.20740
v 0.08540 0.09882 -0.21106
v 0.08906 0.09882 -0.20740
v 0.08540 0.10858 -0.21106
v 0.08540 0.09516 0.20740
v 0.08906 0.09882 -0.20740
v 0.08540 0.09516 -0.20740
v 0.08906 0.09882 0.20740
v 0.08540 0.11224 -0.20740
v 0.08906 0.10858 0.20740
v 0.08540 0.11224 0.20740
v 0.08906 0.10858 -0.20740
v 0.08540 0.10858 0.21106
v 0.08906 0.09882 0.20740
v 0.08540 0.09882 0.21106
v 0.08906 0.10858 0.20740
v -0.08540 0.09516 0.20740
v 0.08540 0.09882 0.21106
v 0.08540 0.09516 0.20740
v -0.08540 0.09882 0.21106
v 0.08540 0.11224 0.20740
v -0.08540 0.10858 0.21106
v -0.08540 0.11224 0.20740
v 0.08540 0.10858 0.21106
v -0.08540 0.09516 -0.20740
v 0.08540 0.09516 0.20740
v 0.08540 0.09516 -0.20740
v -0.08540 0.09516 0.20740
vn -0.0000 -0.0000 1.0000
vn -0.0000 -0.0000 1.0000
vn -0.0000 -0.0000 1.0000
vn -0.0000 -0.0000 1.0000
vn 1.0000 0.0000 -0.0000
vn 1.0000 0.0000 -0.0000
vn 1.0000 0.0000 -0.0000
vn 1.0000 0.0000 -0.0000
vn 0.0000 1.0000 -0.0000
vn 0.0000 1.0000 -0.0000
vn 0.0000 1.0000 -0.0000
vn 0.0000 1.0000 -0.0000
vn -1.0000 0.0000 -0.0000
vn -1.0000 0.0000 -0.0000
vn -1.0000 0.0000 -0.0000
vn -1.0000 0.0000 -0.0000
vn 0.0000 0.0000 -1.0000
vn 0.0000 0.0000 -1.0000
vn 0.0000 0.0000 -1.0000
vn 0.0000 0.0000 -1.0000
vn -0.5774 -0.5774 0.5772
vn -0.5774 -0.5774 0.5772
vn -0.5774 -0.5774 0.5772
vn -0.5774 0.5774 0.5773
vn -0.5774 0.5774 0.5773
vn -0.5774 0.5774 0.5773
vn -0.5774 -0.5774 -0.5773
vn -0.5774 -0.5774 -0.5773
vn -0.5774 -0.5774 -0.5773
vn -0.5774 0.5774 -0.5772
vn -0.5774 0.5774 -0.5772
vn -0.5774 0.5774 -0.5772
vn 0.5774 -0.5774 0.5773
vn 0.5774 -0.5774 0.5773
vn 0.5774 -0.5774 0.5773
vn 0.5774 0.5774 0.5774
vn 0.5774 0.5774 0.5774
vn 0.5774 0.5774 0.5774
vn 0.5774 -0.5774 -0.5772
vn 0.5774 -0.5774 -0.5772
vn 0.5774 -0.5774 -0.5772
vn 0.5774 0.5774 -0.5772
vn 0.5774 0.5774 -0.5772
vn 0.5774 0.5774 -0.5772
vn -0.7071 -0.7071 -0.0001
vn -0.7071 -0.7071 -0.0001
vn -0.7071 -0.7071 -0.0001
vn -0.7071 -0.7071 -0.0001
vn -0.7071 -0.0000 0.7071
vn -0.7071 -0.0000 0.7071
vn -0.7071 -0.0000 0.7071
vn -0.7071 -0.0000 0.7071
vn -0.7071 0.7071 -0.0000
vn -0.7071 0.7071 -0.0000
vn -0.7071 0.7071 -0.0000
vn -0.7071 0.7071 -0.0000
vn -0.7071 0.0000 -0.7071
vn -0.7071 0.0000 -0.7071
vn -0.7071 0.0000 -0.7071
vn -0.7071 0.0000 -0.7071
vn 0.0000 -0.7071 -0.7071
vn 0.0000 -0.7071 -0.7071
vn 0.0000 -0.7071 -0.7071
vn 0.0000 -0.7071 -0.7071
vn 0.0000 0.7071 -0.7071
vn 0.0000 0.7071 -0.7071
vn 0.0000 0.7071 -0.7071
vn 0.0000 0.7071 -0.7071
vn 0.7071 0.0000 -0.7071
vn 0.7071 0.0000 -0.7071
vn 0.7071 0.0000 -0.7071
vn 0.7071 0.0000 -0.7071
vn 0.7071 -0.7071 -0.0000
vn 0.7071 -0.7071 -0.0000
vn 0.7071 -0.7071 -0.0000
vn 0.7071 -0.7071 -0.0000
vn 0.7071 0.7071 0.0000
vn 0.7071 0.7071 0.0000
vn 0.7071 0.7071 0.0000
vn 0.7071 0.7071 0.0000
vn 0.7071 -0.0000 0.7071
vn 0.7071 -0.0000 0.7071
vn 0.7071 -0.0000 0.7071
vn 0.7071 -0.0000 0.7071
vn -0.0000 -0.7071 0.7071
vn -0.0000 -0.7071 0.7071
vn -0.0000 -0.7071 0.7071
vn -0.0000 -0.7071 0.7071
vn -0.0000 0.7071 0.7071
vn -0.0000 0.7071 0.7071
vn -0.0000 0.7071 0.7071
vn -0.0000 0.7071 0.7071
vn 0.0000 -1.0000 -0.0000
vn 0.0000 -1.0000 -0.0000
vn 0.0000 -1.0000 -0.0000
vn 0.0000 -1.0000 -0.0000
f 3176//3176 3178//3178 3177//3177
f 3176//3176 3177//3177 3179//3179
f 3180//3180 3182//3182 3181//3181
f 3180//3180 3181//3181 3183//3183
f 3184//3184 3186//3186 3185//3185
f 3184//3184 3185//3185 3187//3187
f 3188//3188 3190//3190 3189//3189
f 3188//3188 3189//3189 3191//3191
f 3192//3192 3194//3194 3193//3193
f 3192//3192 3193//3193 3195//3195
f 3196//3196 3198//3198 3197//3197
f 3199//3199 3201//3201 3200//3200
f 3202//3202 3204//3204 3203//3203
f 3205//3205 3207//3207 3206//3206
f 3208//3208 3210//3210 3209//3209
f 3211//3211 3213//3213 3212//3212
f 3214//3214 3216//3216 3215//3215
f 3217//3217 3219//3219 3218//3218
f 3220//3220 3222//3222 3221//3221
f 3220//3220 3221//3221 3223//3223
f 3224//3224 3226//3226 3225//3225
f 3224//3224 3225//3225 3227//3227
f 3228//3228 3230//3230 3229//3229
f 3228//3228 3229//3229 3231//3231
f 3232//3232 3234//3234 3233//3233
f 3232//3232 3233//3233 3235//3235
f 3236//3236 3238//3238 3237//3237
f 3236//3236 3237//3237 3239//3239
f 3240//3240 3242//3242 3241//3241
f 3240//3240 3241//3241 3243//3243
f 3244//3244 3246//3246 3245//3245
f 3244//3244 3245//3245 3247//3247
f 3248//3248 3250//3250 3249//3249
f 3248//3248 3249//3249 3251//3251
f 3252//3252 3254//3254 3253//3253
f 3252//3252 3253//3253 3255//3255
f 3256//3256 3258//3258 3257//3257
f 3256//3256 3257//3257 3259//3259
f 3260//3260 3262//3262 3261//3261
f 3260//3260 3261//3261 3263//3263
f 3264//3264 3266//3266 3265//3265
f 3264//3264 3265//3265 3267//3267
f 3268//3268 3270//3270 3269//3269
f 3268//3268 3269//3269 3271//3271
g horse_leather
usemtl leather
v 0.07015 0.28060 0.09760
v -0.07015 0.29280 0.09760
v 0.07015 0.29280 0.09760
v -0.07015 0.28060 0.09760
v 0.07625 0.28060 -0.09150
v 0.07625 0.29280 0.09150
v 0.07625 0.29280 -0.09150
v 0.07625 0.28060 0.09150
v 0.07015 0.29890 -0.09150
v -0.07015 0.29890 0.09150
v -0.07015 0.29890 -0.09150
v 0.07015 0.29890 0.09150
v -0.07625 0.28060 0.09150
v -0.07625 0.29280 -0.09150
v -0.07625 0.29280 0.09150
v -0.07625 0.28060 -0.09150
v -0.07015 0.28060 -0.09760
v 0.07015 0.29280 -0.09760
v -0.07015 0.29280 -0.09760
v 0.07015 0.28060 -0.09760
v -0.07015 0.27450 0.09150
v -0.07625 0.28060 0.09150
v -0.07015 0.28060 0.09760
v -0.07015 0.29280 0.09760
v -0.07625 0.29280 0.09150
v -0.07015 0.29890 0.09150
v -0.07015 0.27450 -0.09150
v -0.07015 0.28060 -0.09760
v -0.07625 0.28060 -0.09150
v -0.07015 0.29890 -0.09150
v -0.07625 0.29280 -0.09150
v -0.07015 0.29280 -0.09760
v 0.07015 0.27450 0.09150
v 0.07015 0.28060 0.09760
v 0.07625 0.28060 0.09150
v 0.07015 0.29890 0.09150
v 0.07625 0.29280 0.09150
v 0.07015 0.29280 0.09760
v 0.07015 0.27450 -0.09150
v 0.07625 0.28060 -0.09150
v 0.07015 0.28060 -0.09760
v 0.07015 0.29890 -0.09150
v 0.07015 0.29280 -0.09760
v 0.07625 0.29280 -0.09150
v -0.07015 0.27450 -0.09150
v -0.07625 0.28060 0.09150
v -0.07015 0.27450 0.09150
v -0.07625 0.28060 -0.09150
v -0.07015 0.28060 0.09760
v -0.07625 0.29280 0.09150
v -0.07015 0.29280 0.09760
v -0.07625 0.28060 0.09150
v -0.07015 0.29890 0.09150
v -0.07625 0.29280 -0.09150
v -0.07015 0.29890 -0.09150
v -0.07625 0.29280 0.09150
v -0.07015 0.29280 -0.09760
v -0.07625 0.28060 -0.09150
v -0.07015 0.28060 -0.09760
v -0.07625 0.29280 -0.09150
v 0.07015 0.27450 -0.09150
v -0.07015 0.28060 -0.09760
v -0.07015 0.27450 -0.09150
v 0.07015 0.28060 -0.09760
v -0.07015 0.29890 -0.09150
v 0.07015 0.29280 -0.09760
v 0.07015 0.29890 -0.09150
v -0.07015 0.29280 -0.09760
v 0.07625 0.29280 -0.09150
v 0.07015 0.28060 -0.09760
v 0.07625 0.28060 -0.09150
v 0.07015 0.29280 -0.09760
v 0.07015 0.27450 0.09150
v 0.07625 0.28060 -0.09150
v 0.07015 0.27450 -0.09150
v 0.07625 0.28060 0.09150
v 0.07015 0.29890 -0.09150
v 0.07625 0.29280 0.09150
v 0.07015 0.29890 0.09150
v 0.07625 0.29280 -0.09150
v 0.07015 0.29280 0.09760
v 0.07625 0.28060 0.09150
v 0.07015 0.28060 0.09760
v 0.07625 0.29280 0.09150
v -0.07015 0.27450 0.09150
v 0.07015 0.28060 0.09760
v 0.07015 0.27450 0.09150
v -0.07015 0.28060 0.09760
v 0.07015 0.29890 0.09150
v -0.07015 0.29280 0.09760
v -0.07015 0.29890 0.09150
v 0.07015 0.29280 0.09760
v -0.07015 0.27450 -0.09150
v 0.07015 0.27450 0.09150
v 0.07015 0.27450 -0.09150
v -0.07015 0.27450 0.09150
vn -0.0000 -0.0000 1.0000
vn -0.0000 -0.0000 1.0000
vn -0.0000 -0.0000 1.0000
vn -0.0000 -0.0000 1.0000
vn 1.0000 0.0000 -0.0000
vn 1.0000 0.0000 -0.0000
vn 1.0000 0.0000 -0.0000
vn 1.0000 0.0000 -0.0000
vn 0.0000 1.0000 -0.0000
vn 0.0000 1.0000 -0.0000
vn 0.0000 1.0000 -0.0000
vn 0.0000 1.0000 -0.0000
vn -1.0000 0.0000 -0.0000
vn -1.0000 0.0000 -0.0000
vn -1.0000 0.0000 -0.0000
vn -1.0000 0.0000 -0.0000
vn 0.0000 0.0000 -1.0000
vn 0.0000 0.0000 -1.0000
vn 0.0000 0.0000 -1.0000
vn 0.0000 0.0000 -1.0000
vn -0.5774 -0.5774 0.5772
vn -0.5774 -0.5774 0.5772
vn -0.5774 -0.5774 0.5772
vn -0.5774 0.5774 0.5773
vn -0.5774 0.5774 0.5773
vn -0.5774 0.5774 0.5773
vn -0.5774 -0.5774 -0.5773
vn -0.5774 -0.5774 -0.5773
vn -0.5774 -0.5774 -0.5773
vn -0.5774 0.5774 -0.5772
vn -0.5774 0.5774 -0.5772
vn -0.5774 0.5774 -0.5772
vn 0.5774 -0.5774 0.5773
vn 0.5774 -0.5774 0.5773
vn 0.5774 -0.5774 0.5773
vn 0.5774 0.5774 0.5774
vn 0.5774 0.5774 0.5774
vn 0.5774 0.5774 0.5774
vn 0.5774 -0.5774 -0.5772
vn 0.5774 -0.5774 -0.5772
vn 0.5774 -0.5774 -0.5772
vn 0.5774 0.5774 -0.5772
vn 0.5774 0.5774 -0.5772
vn 0.5774 0.5774 -0.5772
vn -0.7071 -0.7071 -0.0001
vn -0.7071 -0.7071 -0.0001
vn -0.7071 -0.7071 -0.0001
vn -0.7071 -0.7071 -0.0001
vn -0.7071 -0.0000 0.7071
vn -0.7071 -0.0000 0.7071
vn -0.7071 -0.0000 0.7071
vn -0.7071 -0.0000 0.7071
vn -0.7071 0.7071 -0.0000
vn -0.7071 0.7071 -0.0000
vn -0.7071 0.7071 -0.0000
vn -0.7071 0.7071 -0.0000
vn -0.7071 0.0000 -0.7071
vn -0.7071 0.0000 -0.7071
vn -0.7071 0.0000 -0.7071
vn -0.7071 0.0000 -0.7071
vn 0.0000 -0.7071 -0.7071
vn 0.0000 -0.7071 -0.7071
vn 0.0000 -0.7071 -0.7071
vn 0.0000 -0.7071 -0.7071
vn 0.0000 0.7071 -0.7071
vn 0.0000 0.7071 -0.7071
vn 0.0000 0.7071 -0.7071
vn 0.0000 0.7071 -0.7071
vn 0.7071 0.0000 -0.7071
vn 0.7071 0.0000 -0.7071
vn 0.7071 0.0000 -0.7071
vn 0.7071 0.0000 -0.7071
vn 0.7071 -0.7071 -0.0000
vn 0.7071 -0.7071 -0.0000
vn 0.7071 -0.7071 -0.0000
vn 0.7071 -0.7071 -0.0000
vn 0.7071 0.7071 0.0000
vn 0.7071 0.7071 0.0000
vn 0.7071 0.7071 0.0000
vn 0.7071 0.7071 0.0000
vn 0.7071 -0.0000 0.7071
vn 0.7071 -0.0000 0.7071
vn 0.7071 -0.0000 0.7071
vn 0.7071 -0.0000 0.7071
vn -0.0000 -0.7071 0.7071
vn -0.0000 -0.7071 0.7071
vn -0.0000 -0.7071 0.7071
vn -0.0000 -0.7071 0.7071
vn -0.0000 0.7071 0.7071
vn -0.0000 0.7071 0.7071
vn -0.0000 0.7071 0.7071
vn -0.0000 0.7071 0.7071
vn 0.0000 -1.0000 -0.0000
vn 0.0000 -1.0000 -0.0000
vn 0.0000 -1.0000 -0.0000
vn 0.0000 -1.0000 -0.0000
f 3272//3272 3274//3274 3273//3273
f 3272//3272 3273//3273 3275//3275
f 3276//3276 3278//3278 3277//3277
f 3276//3276 3277//3277 3279//3279
f 3280//3280 3282//3282 3281//3281
f 3280//3280 3281//3281 3283//3283
f 3284//3284 3286//3286 3285//3285
f 3284//3284 3285//3285 3287//3287
f 3288//3288 3290//3290 3289//3289
f 3288//3288 3289//3289 3291//3291
f 3292//3292 3294//3294 3293//3293
f 3295//3295 3297//3297 3296//3296
f 3298//3298 3300//3300 3299//3299
f 3301//3301 3303//3303 3302//3302
f 3304//3304 3306//3306 3305//3305
f 3307//3307 3309//3309 3308//3308
f 3310//3310 3312//3312 3311//3311
f 3313//3313 3315//3315 3314//3314
f 3316//3316 3318//3318 3317//3317
f 3316//3316 3317//3317 3319//3319
f 3320//3320 3322//3322 3321//3321
f 3320//3320 3321//3321 3323//3323
f 3324//3324 3326//3326 3325//3325
f 3324//3324 3325//3325 3327//3327
f 3328//3328 3330//3330 3329//3329
f 3328//3328 3329//3329 3331//3331
f 3332//3332 3334//3334 3333//3333
f 3332//3332 3333//3333 3335//3335
f 3336//3336 3338//3338 3337//3337
f 3336//3336 3337//3337 3339//3339
f 3340//3340 3342//3342 3341//3341
f 3340//3340 3341//3341 3343//3343
f 3344//3344 3346//3346 3345//3345
f 3344//3344 3345//3345 3347//3347
f 3348//3348 3350//3350 3349//3349
f 3348//3348 3349//3349 3351//3351
f 3352//3352 3354//3354 3353//3353
f 3352//3352 3353//3353 3355//3355
f 3356//3356 3358//3358 3357//3357
f 3356//3356 3357//3357 3359//3359
f 3360//3360 3362//3362 3361//3361
f 3360//3360 3361//3361 3363//3363
f 3364//3364 3366//3366 3365//3365
f 3364//3364 3365//3365 3367//3367
o tool
g tool_wood
usemtl wood
v 0.09000 0.24291 0.10357
v 0.09606 0.54587 -0.24271
v 0.09000 0.54319 -0.24495
v 0.10126 0.24789 0.10775
v 0.10126 0.24789 0.10775
v 0.09606 0.55123 -0.23821
v 0.09606 0.54587 -0.24271
v 0.10126 0.25784 0.11610
v 0.10126 0.25784 0.11610
v 0.09000 0.55391 -0.23596
v 0.09606 0.55123 -0.23821
v 0.09000 0.26282 0.12028
v 0.09000 0.26282 0.12028
v 0.08394 0.55123 -0.23821
v 0.09000 0.55391 -0.23596
v 0.07874 0.25784 0.11610
v 0.09606 0.55123 -0.23821
v 0.09000 0.54319 -0.24495
v 0.09606 0.54587 -0.24271
v 0.08394 0.55123 -0.23821
v 0.09000 0.55391 -0.23596
v 0.08394 0.54587 -0.24271
v 0.07874 0.25784 0.11610
v 0.08394 0.54587 -0.24271
v 0.08394 0.55123 -0.23821
v 0.07874 0.24789 0.10775
v 0.07874 0.24789 0.10775
v 0.09000 0.54319 -0.24495
v 0.08394 0.54587 -0.24271
v 0.09000 0.24291 0.10357
v 0.07874 0.24789 0.10775
v 0.10126 0.24789 0.10775
v 0.09000 0.24291 0.10357
v 0.09000 0.26282 0.12028
v 0.07874 0.25784 0.11610
v 0.10126 0.25784 0.11610
vn 0.8590 -0.1207 0.4976
vn 0.8590 -0.1207 0.4976
vn 0.8590 -0.1207 0.4976
vn 0.8590 -0.1207 0.4976
vn 0.7070 0.5468 0.4484
vn 0.7070 0.5468 0.4484
vn 0.7070 0.5468 0.4484
vn 0.7070 0.5468 0.4484
vn 0.2594 0.6491 0.7151
vn 0.2594 0.6491 0.7151
vn 0.2594 0.6491 0.7151
vn 0.2594 0.6491 0.7151
vn -0.2233 0.9490 0.2224
vn -0.2233 0.9490 0.2224
vn -0.2233 0.9490 0.2224
vn -0.2233 0.9490 0.2224
vn -0.0000 0.9962 -0.0872
vn -0.0000 0.9962 -0.0872
vn -0.0000 0.9962 -0.0872
vn -0.0000 0.9962 -0.0872
vn -0.0000 0.9962 -0.0872
vn -0.0000 0.9962 -0.0872
vn -0.0000 0.6514 -0.7587
vn -0.0000 0.6514 -0.7587
vn -0.0000 0.6514 -0.7587
vn -0.0000 0.6514 -0.7587
vn -0.4699 0.6616 -0.5843
vn -0.4699 0.6616 -0.5843
vn -0.4699 0.6616 -0.5843
vn -0.4699 0.6616 -0.5843
vn -0.0000 0.0871 0.9962
vn -0.0000 0.0871 0.9962
vn -0.0000 0.0871 0.9962
vn -0.0000 0.0871 0.9962
vn -0.0000 0.0871 0.9962
vn -0.0000 0.0871 0.9962
f 3368//3368 3370//3370 3369//3369
f 3368//3368 3369//3369 3371//3371
f 3372//3372 3374//3374 3373//3373
f 3372//3372 3373//3373 3375//3375
f 3376//3376 3378//3378 3377//3377
f 3376//3376 3377//3377 3379//3379
f 3380//3380 3382//3382 3381//3381
f 3380//3380 3381//3381 3383//3383
f 3384//3384 3386//3386 3385//3385
f 3385//3385 3387//3387 3384//3384
f 3387//3387 3388//3388 3384//3384
f 3385//3385 3389//3389 3387//3387
f 3390//3390 3392//3392 3391//3391
f 3390//3390 3391//3391 3393//3393
f 3394//3394 3396//3396 3395//3395
f 3394//3394 3395//3395 3397//3397
f 3398//3398 3400//3400 3399//3399
f 3399//3399 3401//3401 3398//3398
f 3401//3401 3402//3402 3398//3398
f 3399//3399 3403//3403 3401//3401
g tool_metal
usemtl metal
v 0.09000 0.28774 0.02370
v 0.10039 0.34469 -0.00684
v 0.09000 0.34009 -0.01070
v 0.11598 0.29923 0.03334
v 0.11598 0.29923 0.03334
v 0.10039 0.35388 0.00087
v 0.10039 0.34469 -0.00684
v 0.11598 0.32221 0.05262
v 0.11598 0.32221 0.05262
v 0.09000 0.35848 0.00473
v 0.10039 0.35388 0.00087
v 0.09000 0.33370 0.06226
v 0.09000 0.33370 0.06226
v 0.07961 0.35388 0.00087
v 0.09000 0.35848 0.00473
v 0.06402 0.32221 0.05262
v 0.10039 0.35388 0.00087
v 0.09000 0.34009 -0.01070
v 0.10039 0.34469 -0.00684
v 0.07961 0.35388 0.00087
v 0.09000 0.35848 0.00473
v 0.07961 0.34469 -0.00684
v 0.06402 0.32221 0.05262
v 0.07961 0.34469 -0.00684
v 0.07961 0.35388 0.00087
v 0.06402 0.29923 0.03334
v 0.06402 0.29923 0.03334
v 0.09000 0.34009 -0.01070
v 0.07961 0.34469 -0.00684
v 0.09000 0.28774 0.02370
v 0.06402 0.29923 0.03334
v 0.11598 0.29923 0.03334
v 0.09000 0.28774 0.02370
v 0.09000 0.33370 0.06226
v 0.06402 0.32221 0.05262
v 0.11598 0.32221 0.05262
vn 0.8596 -0.1895 0.4746
vn 0.8596 -0.1895 0.4746
vn 0.8596 -0.1895 0.4746
vn 0.8596 -0.1895 0.4746
vn -0.6836 -0.6578 -0.3162
vn -0.6836 -0.6578 -0.3162
vn -0.6836 -0.6578 -0.3162
vn -0.6836 -0.6578 -0.3162
vn 0.3078 0.7414 0.5964
vn 0.3078 0.7414 0.5964
vn 0.3078 0.7414 0.5964
vn 0.3078 0.7414 0.5964
vn -0.0331 0.9833 0.1789
vn -0.0331 0.9833 0.1789
vn -0.0331 0.9833 0.1789
vn -0.0331 0.9833 0.1789
vn -0.0000 0.9962 -0.0872
vn -0.0000 0.9962 -0.0872
vn -0.0000 0.9962 -0.0872
vn -0.0000 0.9962 -0.0872
vn -0.0000 0.9962 -0.0872
vn -0.0000 0.9962 -0.0872
vn -0.0039 0.8123 -0.5832
vn -0.0039 0.8123 -0.5832
vn -0.0039 0.8123 -0.5832
vn -0.0039 0.8123 -0.5832
vn -0.4847 0.7260 -0.4878
vn -0.4847 0.7260 -0.4878
vn -0.4847 0.7260 -0.4878
vn -0.4847 0.7260 -0.4878
vn -0.0000 0.0871 0.9962
vn -0.0000 0.0871 0.9962
vn -0.0000 0.0871 0.9962
vn -0.0000 0.0871 0.9962
vn -0.0000 0.0871 0.9962
vn -0.0000 0.0871 0.9962
f 3404//3404 3406//3406 3405//3405
f 3404//3404 3405//3405 3407//3407
f 3408//3408 3410//3410 3409//3409
f 3408//3408 3409//3409 3411//3411
f 3412//3412 3414//3414 3413//3413
f 3412//3412 3413//3413 3415//3415
f 3416//3416 3418//3418 3417//3417
f 3416//3416 3417//3417 3419//3419
f 3420//3420 3422//3422 3421//3421
f 3421//3421 3423//3423 3420//3420
f 3423//3423 3424//3424 3420//3420
f 3421//3421 3425//3425 3423//3423
f 3426//3426 3428//3428 3427//3427
f 3426//3426 3427//3427 3429//3429
f 3430//3430 3432//3432 3431//3431
f 3430//3430 3431//3431 3433//3433
f 3434//3434 3436//3436 3435//3435
f 3435//3435 3437//3437 3434//3434
f 3437//3437 3438//3438 3434//3434
f 3435//3435 3439//3439 3437//3437
g tool_team
usemtl team
v 0.08750 0.50394 -0.18651
v 0.08750 0.49701 -0.25760
v 0.08750 0.51003 -0.24667
v 0.08750 0.43882 -0.24115
v 0.08750 0.43882 -0.24115
v 0.09250 0.49701 -0.25760
v 0.08750 0.49701 -0.25760
v 0.09250 0.43882 -0.24115
v 0.09250 0.43882 -0.24115
v 0.09250 0.51003 -0.24667
v 0.09250 0.49701 -0.25760
v 0.09250 0.50394 -0.18651
v 0.09250 0.50394 -0.18651
v 0.08750 0.51003 -0.24667
v 0.09250 0.51003 -0.24667
v 0.08750 0.50394 -0.18651
v 0.08750 0.43882 -0.24115
v 0.09250 0.50394 -0.18651
v 0.09250 0.43882 -0.24115
v 0.08750 0.50394 -0.18651
v 0.09250 0.49701 -0.25760
v 0.08750 0.51003 -0.24667
v 0.08750 0.49701 -0.25760
v 0.09250 0.51003 -0.24667
vn 0.0000 0.6428 -0.7661
vn 0.0000 0.6428 -0.7661
vn 0.0000 0.6428 -0.7661
vn 0.0000 0.6428 -0.7661
vn 0.5495 -0.7015 0.4537
vn 0.5495 -0.7015 0.4537
vn 0.5495 -0.7015 0.4537
vn 0.5495 -0.7015 0.4537
vn 0.7071 0.5417 0.4545
vn 0.7071 0.5417 0.4545
vn 0.7071 0.5417 0.4545
vn 0.7071 0.5417 0.4545
vn 0.1984 0.9029 0.3813
vn 0.1984 0.9029 0.3813
vn 0.1984 0.9029 0.3813
vn 0.1984 0.9029 0.3813
vn -0.0000 0.0871 0.9962
vn -0.0000 0.0871 0.9962
vn -0.0000 0.0871 0.9962
vn -0.0000 0.0871 0.9962
vn -0.0000 0.9962 -0.0872
vn -0.0000 0.9962 -0.0872
vn -0.0000 0.9962 -0.0872
vn -0.0000 0.9962 -0.0872
f 3440//3440 3442//3442 3441//3441
f 3440//3440 3441//3441 3443//3443
f 3444//3444 3446//3446 3445//3445
f 3444//3444 3445//3445 3447//3447
f 3448//3448 3450//3450 3449//3449
f 3448//3448 3449//3449 3451//3451
f 3452//3452 3454//3454 3453//3453
f 3452//3452 3453//3453 3455//3455
f 3456//3456 3458//3458 3457//3457
f 3456//3456 3457//3457 3459//3459
f 3460//3460 3462//3462 3461//3461
f 3460//3460 3461//3461 3463//3463
