mtllib legionary.mtl
o body
g body_leather
usemtl leather
v 0.06561 0.14400 0.04725
v -0.06561 0.15200 0.04725
v 0.06561 0.15200 0.04725
v -0.06561 0.14400 0.04725
v 0.06961 0.14400 -0.04325
v 0.06961 0.15200 0.04325
v 0.06961 0.15200 -0.04325
v 0.06961 0.14400 0.04325
v 0.06561 0.15600 -0.04325
v -0.06561 0.15600 0.04325
v -0.06561 0.15600 -0.04325
v 0.06561 0.15600 0.04325
v -0.06961 0.14400 0.04325
v -0.06961 0.15200 -0.04325
v -0.06961 0.15200 0.04325
v -0.06961 0.14400 -0.04325
v -0.06561 0.14400 -0.04725
v 0.06561 0.15200 -0.04725
v -0.06561 0.15200 -0.04725
v 0.06561 0.14400 -0.04725
v -0.06561 0.14000 0.04325
v -0.06961 0.14400 0.04325
v -0.06561 0.14400 0.04725
v -0.06561 0.15200 0.04725
v -0.06961 0.15200 0.04325
v -0.06561 0.15600 0.04325
v -0.06561 0.14000 -0.04325
v -0.06561 0.14400 -0.04725
v -0.06961 0.14400 -0.04325
v -0.06561 0.15600 -0.04325
v -0.06961 0.15200 -0.04325
v -0.06561 0.15200 -0.04725
v 0.06561 0.14000 0.04325
v 0.06561 0.14400 0.04725
v 0.06961 0.14400 0.04325
v 0.06561 0.15600 0.04325
v 0.06961 0.15200 0.04325
v 0.06561 0.15200 0.04725
v 0.06561 0.14000 -0.04325
v 0.06961 0.14400 -0.04325
v 0.06561 0.14400 -0.04725
v 0.06561 0.15600 -0.04325
v 0.06561 0.15200 -0.04725
v 0.06961 0.15200 -0.04325
v -0.06561 0.14000 -0.04325
v -0.06961 0.14400 0.04325
v -0.06561 0.14000 0.04325
v -0.06961 0.14400 -0.04325
v -0.06561 0.14400 0.04725
v -0.06961 0.15200 0.04325
v -0.06561 0.15200 0.04725
v -0.06961 0.14400 0.04325
v -0.06561 0.15600 0.04325
v -0.06961 0.15200 -0.04325
v -0.06561 0.15600 -0.04325
v -0.06961 0.15200 0.04325
v -0.06561 0.15200 -0.04725
v -0.06961 0.14400 -0.04325
v -0.06561 0.14400 -0.04725
v -0.06961 0.15200 -0.04325
v 0.06561 0.14000 -0.04325
v -0.06561 0.14400 -0.04725
v -0.06561 0.14000 -0.04325
v 0.06561 0.14400 -0.04725
v -0.06561 0.15600 -0.04325
v 0.06561 0.15200 -0.04725
v 0.06561 0.15600 -0.04325
v -0.06561 0.15200 -0.04725
v 0.06961 0.15200 -0.04325
v 0.06561 0.14400 -0.04725
v 0.06961 0.14400 -0.04325
v 0.06561 0.15200 -0.04725
v 0.06561 0.14000 0.04325
v 0.06961 0.14400 -0.04325
v 0.06561 0.14000 -0.04325
v 0.06961 0.14400 0.04325
v 0.06561 0.15600 -0.04325
v 0.06961 0.15200 0.04325
v 0.06561 0.15600 0.04325
v 0.06961 0.15200 -0.04325
v 0.06561 0.15200 0.04725
v 0.06961 0.14400 0.04325
v 0.06561 0.14400 0.04725
v 0.06961 0.15200 0.04325
v -0.06561 0.14000 0.04325
v 0.06561 0.14400 0.04725
v 0.06561 0.14000 0.04325
v -0.06561 0.14400 0.04725
v 0.06561 0.15600 0.04325
v -0.06561 0.15200 0.04725
v -0.06561 0.15600 0.04325
v 0.06561 0.15200 0.04725
v -0.06561 0.14000 -0.04325
v 0.06561 0.14000 0.04325
v 0.06561 0.14000 -0.04325
v -0.06561 0.14000 0.04325
v -0.01800 0.00800 0.04050
v -0.05200 0.02200 0.04050
v -0.01800 0.02200 0.04050
v -0.05200 0.00800 0.04050
v -0.01000 0.00800 -0.01650
v -0.01000 0.02200 0.03250
v -0.01000 0.02200 -0.01650
v -0.01000 0.00800 0.03250
v -0.01800 0.03000 -0.01650
v -0.05200 0.03000 0.03250
v -0.05200 0.03000 -0.01650
v -0.01800 0.03000 0.03250
v -0.06000 0.00800 0.03250
v -0.06000 0.02200 -0.01650
v -0.06000 0.02200 0.03250
v -0.06000 0.00800 -0.01650
v -0.05200 0.00800 -0.02450
v -0.01800 0.02200 -0.02450
v -0.05200 0.02200 -0.02450
v -0.01800 0.00800 -0.02450
v -0.05200 0.00000 0.03250
v -0.06000 0.00800 0.03250
v -0.05200 0.00800 0.04050
v -0.05200 0.02200 0.04050
v -0.06000 0.02200 0.03250
v -0.05200 0.03000 0.03250
v -0.05200 0.00000 -0.01650
v -0.05200 0.00800 -0.02450
v -0.06000 0.00800 -0.01650
v -0.05200 0.03000 -0.01650
v -0.06000 0.02200 -0.01650
v -0.05200 0.02200 -0.02450
v -0.01800 0.00000 0.03250
v -0.01800 0.00800 0.04050
v -0.01000 0.00800 0.03250
v -0.01800 0.03000 0.03250
v -0.01000 0.02200 0.03250
v -0.01800 0.02200 0.04050
v -0.01800 0.00000 -0.01650
v -0.01000 0.00800 -0.01650
v -0.01800 0.00800 -0.02450
v -0.01800 0.03000 -0.01650
v -0.01800 0.02200 -0.02450
v -0.01000 0.02200 -0.01650
v -0.05200 0.00000 -0.01650
v -0.06000 0.00800 0.03250
v -0.05200 0.00000 0.03250
v -0.06000 0.00800 -0.01650
v -0.05200 0.00800 0.04050
v -0.06000 0.02200 0.03250
v -0.05200 0.02200 0.04050
v -0.06000 0.00800 0.03250
v -0.05200 0.03000 0.03250
v -0.06000 0.02200 -0.01650
v -0.05200 0.03000 -0.01650
v -0.06000 0.02200 0.03250
v -0.05200 0.02200 -0.02450
v -0.06000 0.00800 -0.01650
v -0.05200 0.00800 -0.02450
v -0.06000 0.02200 -0.01650
v -0.01800 0.00000 -0.01650
v -0.05200 0.00800 -0.02450
v -0.05200 0.00000 -0.01650
v -0.01800 0.00800 -0.02450
v -0.05200 0.03000 -0.01650
v -0.01800 0.02200 -0.02450
v -0.01800 0.03000 -0.01650
v -0.05200 0.02200 -0.02450
v -0.01000 0.02200 -0.01650
v -0.01800 0.00800 -0.02450
v -0.01000 0.00800 -0.01650
v -0.01800 0.02200 -0.02450
v -0.01800 0.00000 0.03250
v -0.01000 0.00800 -0.01650
v -0.01800 0.00000 -0.01650
v -0.01000 0.00800 0.03250
v -0.01800 0.03000 -0.01650
v -0.01000 0.02200 0.03250
v -0.01800 0.03000 0.03250
v -0.01000 0.02200 -0.01650
v -0.01800 0.02200 0.04050
v -0.01000 0.00800 0.03250
v -0.01800 0.00800 0.04050
v -0.01000 0.02200 0.03250
v -0.05200 0.00000 0.03250
v -0.01800 0.00800 0.04050
v -0.01800 0.00000 0.03250
v -0.05200 0.00800 0.04050
v -0.01800 0.03000 0.03250
v -0.05200 0.02200 0.04050
v -0.05200 0.03000 0.03250
v -0.01800 0.02200 0.04050
v -0.05200 0.00000 -0.01650
v -0.01800 0.00000 0.03250
v -0.01800 0.00000 -0.01650
v -0.05200 0.00000 0.03250
v 0.05200 0.00800 0.04050
v 0.01800 0.02200 0.04050
v 0.05200 0.02200 0.04050
v 0.01800 0.00800 0.04050
v 0.06000 0.00800 -0.01650
v 0.06000 0.02200 0.03250
v 0.06000 0.02200 -0.01650
v 0.06000 0.00800 0.03250
v 0.05200 0.03000 -0.01650
v 0.01800 0.03000 0.03250
v 0.01800 0.03000 -0.01650
v 0.05200 0.03000 0.03250
v 0.01000 0.00800 0.03250
v 0.01000 0.02200 -0.01650
v 0.01000 0.02200 0.03250
v 0.01000 0.00800 -0.01650
v 0.01800 0.00800 -0.02450
v 0.05200 0.02200 -0.02450
v 0.01800 0.02200 -0.02450
v 0.05200 0.00800 -0.02450
v 0.01800 0.00000 0.03250
v 0.01000 0.00800 0.03250
v 0.01800 0.00800 0.04050
v 0.01800 0.02200 0.04050
v 0.01000 0.02200 0.03250
v 0.01800 0.03000 0.03250
v 0.01800 0.00000 -0.01650
v 0.01800 0.00800 -0.02450
v 0.01000 0.00800 -0.01650
v 0.01800 0.03000 -0.01650
v 0.01000 0.02200 -0.01650
v 0.01800 0.02200 -0.02450
v 0.05200 0.00000 0.03250
v 0.05200 0.00800 0.04050
v 0.06000 0.00800 0.03250
v 0.05200 0.03000 0.03250
v 0.06000 0.02200 0.03250
v 0.05200 0.02200 0.04050
v 0.05200 0.00000 -0.01650
v 0.06000 0.00800 -0.01650
v 0.05200 0.00800 -0.02450
v 0.05200 0.03000 -0.01650
v 0.05200 0.02200 -0.02450
v 0.06000 0.02200 -0.01650
v 0.01800 0.00000 -0.01650
v 0.01000 0.00800 0.03250
v 0.01800 0.00000 0.03250
v 0.01000 0.00800 -0.01650
v 0.01800 0.00800 0.04050
v 0.01000 0.02200 0.03250
v 0.01800 0.02200 0.04050
v 0.01000 0.00800 0.03250
v 0.01800 0.03000 0.03250
v 0.01000 0.02200 -0.01650
v 0.01800 0.03000 -0.01650
v 0.01000 0.02200 0.03250
v 0.01800 0.02200 -0.02450
v 0.01000 0.00800 -0.01650
v 0.01800 0.00800 -0.02450
v 0.01000 0.02200 -0.01650
v 0.05200 0.00000 -0.01650
v 0.01800 0.00800 -0.02450
v 0.01800 0.00000 -0.01650
v 0.05200 0.00800 -0.02450
v 0.01800 0.03000 -0.01650
v 0.05200 0.02200 -0.02450
v 0.05200 0.03000 -0.01650
v 0.01800 0.02200 -0.02450
v 0.06000 0.02200 -0.01650
v 0.05200 0.00800 -0.02450
v 0.06000 0.00800 -0.01650
v 0.05200 0.02200 -0.02450
v 0.05200 0.00000 0.03250
v 0.06000 0.00800 -0.01650
v 0.05200 0.00000 -0.01650
v 0.06000 0.00800 0.03250
v 0.05200 0.03000 -0.01650
v 0.06000 0.02200 0.03250
v 0.05200 0.03000 0.03250
v 0.06000 0.02200 -0.01650
v 0.05200 0.02200 0.04050
v 0.06000 0.00800 0.03250
v 0.05200 0.00800 0.04050
v 0.06000 0.02200 0.03250
v 0.01800 0.00000 0.03250
v 0.05200 0.00800 0.04050
v 0.05200 0.00000 0.03250
v 0.01800 0.00800 0.04050
v 0.05200 0.03000 0.03250
v 0.01800 0.02200 0.04050
v 0.01800 0.03000 0.03250
v 0.05200 0.02200 0.04050
v 0.01800 0.00000 -0.01650
v 0.05200 0.00000 0.03250
v 0.05200 0.00000 -0.01650
v 0.01800 0.00000 0.03250
vn -0.0000 -0.0000 1.0000
vn -0.0000 -0.0000 1.0000
vn -0.0000 -0.0000 1.0000
vn -0.0000 -0.0000 1.0000
vn 1.0000 0.0000 -0.0000
vn 1.0000 0.0000 -0.0000
vn 1.0000 0.0000 -0.0000
vn 1.0000 0.0000 -0.0000
vn 0.0000 1.0000 -0.0000
vn 0.0000 1.0000 -0.0000
vn 0.0000 1.0000 -0.0000
vn 0.0000 1.0000 -0.0000
vn -1.0000 0.0000 -0.0000
vn -1.0000 0.0000 -0.0000
vn -1.0000 0.0000 -0.0000
vn -1.0000 0.0000 -0.0000
vn 0.0000 0.0000 -1.0000
vn 0.0000 0.0000 -1.0000
vn 0.0000 0.0000 -1.0000
vn 0.0000 0.0000 -1.0000
vn -0.5774 -0.5774 0.5772
vn -0.5774 -0.5774 0.5772
vn -0.5774 -0.5774 0.5772
vn -0.5774 0.5773 0.5774
vn -0.5774 0.5773 0.5774
vn -0.5774 0.5773 0.5774
vn -0.5773 -0.5773 -0.5774
vn -0.5773 -0.5773 -0.5774
vn -0.5773 -0.5773 -0.5774
vn -0.5773 0.5773 -0.5775
vn -0.5773 0.5773 -0.5775
vn -0.5773 0.5773 -0.5775
vn 0.5774 -0.5774 0.5773
vn 0.5774 -0.5774 0.5773
vn 0.5774 -0.5774 0.5773
vn 0.5773 0.5773 0.5775
vn 0.5773 0.5773 0.5775
vn 0.5773 0.5773 0.5775
vn 0.5773 -0.5774 -0.5774
vn 0.5773 -0.5774 -0.5774
vn 0.5773 -0.5774 -0.5774
vn 0.5773 0.5773 -0.5774
vn 0.5773 0.5773 -0.5774
vn 0.5773 0.5773 -0.5774
vn -0.7071 -0.7071 -0.0001
vn -0.7071 -0.7071 -0.0001
vn -0.7071 -0.7071 -0.0001
vn -0.7071 -0.7071 -0.0001
vn -0.7071 -0.0000 0.7071
vn -0.7071 -0.0000 0.7071
vn -0.7071 -0.0000 0.7071
vn -0.7071 -0.0000 0.7071
vn -0.7071 0.7071 -0.0000
vn -0.7071 0.7071 -0.0000
vn -0.7071 0.7071 -0.0000
vn -0.7071 0.7071 -0.0000
vn -0.7071 0.0000 -0.7071
vn -0.7071 0.0000 -0.7071
vn -0.7071 0.0000 -0.7071
vn -0.7071 0.0000 -0.7071
vn 0.0000 -0.7071 -0.7071
vn 0.0000 -0.7071 -0.7071
vn 0.0000 -0.7071 -0.7071
vn 0.0000 -0.7071 -0.7071
vn 0.0000 0.7071 -0.7071
vn 0.0000 0.7071 -0.7071
vn 0.0000 0.7071 -0.7071
vn 0.0000 0.7071 -0.7071
vn 0.7071 0.0000 -0.7071
vn 0.7071 0.0000 -0.7071
vn 0.7071 0.0000 -0.7071
vn 0.7071 0.0000 -0.7071
vn 0.7071 -0.7071 -0.0000
vn 0.7071 -0.7071 -0.0000
vn 0.7071 -0.7071 -0.0000
vn 0.7071 -0.7071 -0.0000
vn 0.7071 0.7071 0.0000
vn 0.7071 0.7071 0.0000
vn 0.7071 0.7071 0.0000
vn 0.7071 0.7071 0.0000
vn 0.7071 -0.0000 0.7071
vn 0.7071 -0.0000 0.7071
vn 0.7071 -0.0000 0.7071
vn 0.7071 -0.0000 0.7071
vn -0.0000 -0.7071 0.7071
vn -0.0000 -0.7071 0.7071
vn -0.0000 -0.7071 0.7071
vn -0.0000 -0.7071 0.7071
vn -0.0000 0.7071 0.7071
vn -0.0000 0.7071 0.7071
vn -0.0000 0.7071 0.7071
vn -0.0000 0.7071 0.7071
vn 0.0000 -1.0000 -0.0000
vn 0.0000 -1.0000 -0.0000
vn 0.0000 -1.0000 -0.0000
vn 0.0000 -1.0000 -0.0000
vn -0.0000 -0.0000 1.0000
vn -0.0000 -0.0000 1.0000
vn -0.0000 -0.0000 1.0000
vn -0.0000 -0.0000 1.0000
vn 1.0000 0.0000 -0.0000
vn 1.0000 0.0000 -0.0000
vn 1.0000 0.0000 -0.0000
vn 1.0000 0.0000 -0.0000
vn 0.0000 1.0000 -0.0000
vn 0.0000 1.0000 -0.0000
vn 0.0000 1.0000 -0.0000
vn 0.0000 1.0000 -0.0000
vn -1.0000 0.0000 -0.0000
vn -1.0000 0.0000 -0.0000
vn -1.0000 0.0000 -0.0000
vn -1.0000 0.0000 -0.0000
vn 0.0000 0.0000 -1.0000
vn 0.0000 0.0000 -1.0000
vn 0.0000 0.0000 -1.0000
vn 0.0000 0.0000 -1.0000
vn -0.5774 -0.5774 0.5772
vn -0.5774 -0.5774 0.5772
vn -0.5774 -0.5774 0.5772
vn -0.5774 0.5774 0.5773
vn -0.5774 0.5774 0.5773
vn -0.5774 0.5774 0.5773
vn -0.5773 -0.5773 -0.5774
vn -0.5773 -0.5773 -0.5774
vn -0.5773 -0.5773 -0.5774
vn -0.5774 0.5773 -0.5774
vn -0.5774 0.5773 -0.5774
vn -0.5774 0.5773 -0.5774
vn 0.5774 -0.5774 0.5773
vn 0.5774 -0.5774 0.5773
vn 0.5774 -0.5774 0.5773
vn 0.5774 0.5774 0.5774
vn 0.5774 0.5774 0.5774
vn 0.5774 0.5774 0.5774
vn 0.5773 -0.5774 -0.5774
vn 0.5773 -0.5774 -0.5774
vn 0.5773 -0.5774 -0.5774
vn 0.5774 0.5774 -0.5773
vn 0.5774 0.5774 -0.5773
vn 0.5774 0.5774 -0.5773
vn -0.7071 -0.7071 -0.0001
vn -0.7071 -0.7071 -0.0001
vn -0.7071 -0.7071 -0.0001
vn -0.7071 -0.7071 -0.0001
vn -0.7071 -0.0000 0.7071
vn -0.7071 -0.0000 0.7071
vn -0.7071 -0.0000 0.7071
vn -0.7071 -0.0000 0.7071
vn -0.7071 0.7071 -0.0000
vn -0.7071 0.7071 -0.0000
vn -0.7071 0.7071 -0.0000
vn -0.7071 0.7071 -0.0000
vn -0.7071 0.0000 -0.7071
vn -0.7071 0.0000 -0.7071
vn -0.7071 0.0000 -0.7071
vn -0.7071 0.0000 -0.7071
vn 0.0000 -0.7071 -0.7071
vn 0.0000 -0.7071 -0.7071
vn 0.0000 -0.7071 -0.7071
vn 0.0000 -0.7071 -0.7071
vn 0.0000 0.7071 -0.7071
vn 0.0000 0.7071 -0.7071
vn 0.0000 0.7071 -0.7071
vn 0.0000 0.7071 -0.7071
vn 0.7071 0.0000 -0.7071
vn 0.7071 0.0000 -0.7071
vn 0.7071 0.0000 -0.7071
vn 0.7071 0.0000 -0.7071
vn 0.7071 -0.7071 -0.0000
vn 0.7071 -0.7071 -0.0000
vn 0.7071 -0.7071 -0.0000
vn 0.7071 -0.7071 -0.0000
vn 0.7071 0.7071 0.0000
vn 0.7071 0.7071 0.0000
vn 0.7071 0.7071 0.0000
vn 0.7071 0.7071 0.0000
vn 0.7071 -0.0000 0.7071
vn 0.7071 -0.0000 0.7071
vn 0.7071 -0.0000 0.7071
vn 0.7071 -0.0000 0.7071
vn -0.0000 -0.7071 0.7071
vn -0.0000 -0.7071 0.7071
vn -0.0000 -0.7071 0.7071
vn -0.0000 -0.7071 0.7071
vn -0.0000 0.7071 0.7071
vn -0.0000 0.7071 0.7071
vn -0.0000 0.7071 0.7071
vn -0.0000 0.7071 0.7071
vn 0.0000 -1.0000 -0.0000
vn 0.0000 -1.0000 -0.0000
vn 0.0000 -1.0000 -0.0000
vn 0.0000 -1.0000 -0.0000
vn -0.0000 -0.0000 1.0000
vn -0.0000 -0.0000 1.0000
vn -0.0000 -0.0000 1.0000
vn -0.0000 -0.0000 1.0000
vn 1.0000 0.0000 -0.0000
vn 1.0000 0.0000 -0.0000
vn 1.0000 0.0000 -0.0000
vn 1.0000 0.0000 -0.0000
vn 0.0000 1.0000 -0.0000
vn 0.0000 1.0000 -0.0000
vn 0.0000 1.0000 -0.0000
vn 0.0000 1.0000 -0.0000
vn -1.0000 0.0000 -0.0000
vn -1.0000 0.0000 -0.0000
vn -1.0000 0.0000 -0.0000
vn -1.0000 0.0000 -0.0000
vn 0.0000 0.0000 -1.0000
vn 0.0000 0.0000 -1.0000
vn 0.0000 0.0000 -1.0000
vn 0.0000 0.0000 -1.0000
vn -0.5774 -0.5774 0.5772
vn -0.5774 -0.5774 0.5772
vn -0.5774 -0.5774 0.5772
vn -0.5774 0.5774 0.5773
vn -0.5774 0.5774 0.5773
vn -0.5774 0.5774 0.5773
vn -0.5773 -0.5773 -0.5774
vn -0.5773 -0.5773 -0.5774
vn -0.5773 -0.5773 -0.5774
vn -0.5774 0.5773 -0.5774
vn -0.5774 0.5773 -0.5774
vn -0.5774 0.5773 -0.5774
vn 0.5774 -0.5774 0.5773
vn 0.5774 -0.5774 0.5773
vn 0.5774 -0.5774 0.5773
vn 0.5774 0.5774 0.5774
vn 0.5774 0.5774 0.5774
vn 0.5774 0.5774 0.5774
vn 0.5773 -0.5774 -0.5774
vn 0.5773 -0.5774 -0.5774
vn 0.5773 -0.5774 -0.5774
vn 0.5774 0.5774 -0.5773
vn 0.5774 0.5774 -0.5773
vn 0.5774 0.5774 -0.5773
vn -0.7071 -0.7071 -0.0001
vn -0.7071 -0.7071 -0.0001
vn -0.7071 -0.7071 -0.0001
vn -0.7071 -0.7071 -0.0001
vn -0.7071 -0.0000 0.7071
vn -0.7071 -0.0000 0.7071
vn -0.7071 -0.0000 0.7071
vn -0.7071 -0.0000 0.7071
vn -0.7071 0.7071 -0.0000
vn -0.7071 0.7071 -0.0000
vn -0.7071 0.7071 -0.0000
vn -0.7071 0.7071 -0.0000
vn -0.7071 0.0000 -0.7071
vn -0.7071 0.0000 -0.7071
vn -0.7071 0.0000 -0.7071
vn -0.7071 0.0000 -0.7071
vn 0.0000 -0.7071 -0.7071
vn 0.0000 -0.7071 -0.7071
vn 0.0000 -0.7071 -0.7071
vn 0.0000 -0.7071 -0.7071
vn 0.0000 0.7071 -0.7071
vn 0.0000 0.7071 -0.7071
vn 0.0000 0.7071 -0.7071
vn 0.0000 0.7071 -0.7071
vn 0.7071 0.0000 -0.7071
vn 0.7071 0.0000 -0.7071
vn 0.7071 0.0000 -0.7071
vn 0.7071 0.0000 -0.7071
vn 0.7071 -0.7071 -0.0000
vn 0.7071 -0.7071 -0.0000
vn 0.7071 -0.7071 -0.0000
vn 0.7071 -0.7071 -0.0000
vn 0.7071 0.7071 0.0000
vn 0.7071 0.7071 0.0000
vn 0.7071 0.7071 0.0000
vn 0.7071 0.7071 0.0000
vn 0.7071 -0.0000 0.7071
vn 0.7071 -0.0000 0.7071
vn 0.7071 -0.0000 0.7071
vn 0.7071 -0.0000 0.7071
vn -0.0000 -0.7071 0.7071
vn -0.0000 -0.7071 0.7071
vn -0.0000 -0.7071 0.7071
vn -0.0000 -0.7071 0.7071
vn -0.0000 0.7071 0.7071
vn -0.0000 0.7071 0.7071
vn -0.0000 0.7071 0.7071
vn -0.0000 0.7071 0.7071
vn 0.0000 -1.0000 -0.0000
vn 0.0000 -1.0000 -0.0000
vn 0.0000 -1.0000 -0.0000
vn 0.0000 -1.0000 -0.0000
f 97//97 99//99 98//98
f 97//97 98//98 100//100
f 101//101 103//103 102//102
f 101//101 102//102 104//104
f 105//105 107//107 106//106
f 105//105 106//106 108//108
f 109//109 111//111 110//110
f 109//109 110//110 112//112
f 113//113 115//115 114//114
f 113//113 114//114 116//116
f 117//117 119//119 118//118
f 120//120 122//122 121//121
f 123//123 125//125 124//124
f 126//126 128//128 127//127
f 129//129 131//131 130//130
f 132//132 134//134 133//133
f 135//135 137//137 136//136
f 138//138 140//140 139//139
f 141//141 143//143 142//142
f 141//141 142//142 144//144
f 145//145 147//147 146//146
f 145//145 146//146 148//148
f 149//149 151//151 150//150
f 149//149 150//150 152//152
f 153//153 155//155 154//154
f 153//153 154//154 156//156
f 157//157 159//159 158//158
f 157//157 158//158 160//160
f 161//161 163//163 162//162
f 161//161 162//162 164//164
f 165//165 167//167 166//166
f 165//165 166//166 168//168
f 169//169 171//171 170//170
f 169//169 170//170 172//172
f 173//173 175//175 174//174
f 173//173 174//174 176//176
f 177//177 179//179 178//178
f 177//177 178//178 180//180
f 181//181 183//183 182//182
f 181//181 182//182 184//184
f 185//185 187//187 186//186
f 185//185 186//186 188//188
f 189//189 191//191 190//190
f 189//189 190//190 192//192
f 193//193 195//195 194//194
f 193//193 194//194 196//196
f 197//197 199//199 198//198
f 197//197 198//198 200//200
f 201//201 203//203 202//202
f 201//201 202//202 204//204
f 205//205 207//207 206//206
f 205//205 206//206 208//208
f 209//209 211//211 210//210
f 209//209 210//210 212//212
f 213//213 215//215 214//214
f 216//216 218//218 217//217
f 219//219 221//221 220//220
f 222//222 224//224 223//223
f 225//225 227//227 226//226
f 228//228 230//230 229//229
f 231//231 233//233 232//232
f 234//234 236//236 235//235
f 237//237 239//239 238//238
f 237//237 238//238 240//240
f 241//241 243//243 242//242
f 241//241 242//242 244//244
f 245//245 247//247 246//246
f 245//245 246//246 248//248
f 249//249 251//251 250//250
f 249//249 250//250 252//252
f 253//253 255//255 254//254
f 253//253 254//254 256//256
f 257//257 259//259 258//258
f 257//257 258//258 260//260
f 261//261 263//263 262//262
f 261//261 262//262 264//264
f 265//265 267//267 266//266
f 265//265 266//266 268//268
f 269//269 271//271 270//270
f 269//269 270//270 272//272
f 273//273 275//275 274//274
f 273//273 274//274 276//276
f 277//277 279//279 278//278
f 277//277 278//278 280//280
f 281//281 283//283 282//282
f 281//281 282//282 284//284
f 285//285 287//287 286//286
f 285//285 286//286 288//288
f 1//1 3//3 2//2
f 1//1 2//2 4//4
f 5//5 7//7 6//6
f 5//5 6//6 8//8
f 9//9 11//11 10//10
f 9//9 10//10 12//12
f 13//13 15//15 14//14
f 13//13 14//14 16//16
f 17//17 19//19 18//18
f 17//17 18//18 20//20
f 21//21 23//23 22//22
f 24//24 26//26 25//25
f 27//27 29//29 28//28
f 30//30 32//32 31//31
f 33//33 35//35 34//34
f 36//36 38//38 37//37
f 39//39 41//41 40//40
f 42//42 44//44 43//43
f 45//45 47//47 46//46
f 45//45 46//46 48//48
f 49//49 51//51 50//50
f 49//49 50//50 52//52
f 53//53 55//55 54//54
f 53//53 54//54 56//56
f 57//57 59//59 58//58
f 57//57 58//58 60//60
f 61//61 63//63 62//62
f 61//61 62//62 64//64
f 65//65 67//67 66//66
f 65//65 66//66 68//68
f 69//69 71//71 70//70
f 69//69 70//70 72//72
f 73//73 75//75 74//74
f 73//73 74//74 76//76
f 77//77 79//79 78//78
f 77//77 78//78 80//80
f 81//81 83//83 82//82
f 81//81 82//82 84//84
f 85//85 87//87 86//86
f 85//85 86//86 88//88
f 89//89 91//91 90//90
f 89//89 90//90 92//92
f 93//93 95//95 94//94
f 93//93 94//94 96//96
g body_skin
usemtl skin
v -0.01900 0.03100 0.02300
v -0.04900 0.12900 0.02300
v -0.01900 0.12900 0.02300
v -0.04900 0.03100 0.02300
v -0.01300 0.03100 -0.01700
v -0.01300 0.12900 0.01700
v -0.01300 0.12900 -0.01700
v -0.01300 0.03100 0.01700
v -0.01900 0.13500 -0.01700
v -0.04900 0.13500 0.01700
v -0.04900 0.13500 -0.01700
v -0.01900 0.13500 0.01700
v -0.05500 0.03100 0.01700
v -0.05500 0.12900 -0.01700
v -0.05500 0.12900 0.01700
v -0.05500 0.03100 -0.01700
v -0.04900 0.03100 -0.02300
v -0.01900 0.12900 -0.02300
v -0.04900 0.12900 -0.02300
v -0.01900 0.03100 -0.02300
v -0.04900 0.02500 0.01700
v -0.05500 0.03100 0.01700
v -0.04900 0.03100 0.02300
v -0.04900 0.12900 0.02300
v -0.05500 0.12900 0.01700
v -0.04900 0.13500 0.01700
v -0.04900 0.02500 -0.01700
v -0.04900 0.03100 -0.02300
v -0.05500 0.03100 -0.01700
v -0.04900 0.13500 -0.01700
v -0.05500 0.12900 -0.01700
v -0.04900 0.12900 -0.02300
v -0.01900 0.02500 0.01700
v -0.01900 0.03100 0.02300
v -0.01300 0.03100 0.01700
v -0.01900 0.13500 0.01700
v -0.01300 0.12900 0.01700
v -0.01900 0.12900 0.02300
v -0.01900 0.02500 -0.01700
v -0.01300 0.03100 -0.01700
v -0.01900 0.03100 -0.02300
v -0.01900 0.13500 -0.01700
v -0.01900 0.12900 -0.02300
v -0.01300 0.12900 -0.01700
v -0.04900 0.02500 -0.01700
v -0.05500 0.03100 0.01700
v -0.04900 0.02500 0.01700
v -0.05500 0.03100 -0.01700
v -0.04900 0.03100 0.02300
v -0.05500 0.12900 0.01700
v -0.04900 0.12900 0.02300
v -0.05500 0.03100 0.01700
v -0.04900 0.13500 0.01700
v -0.05500 0.12900 -0.01700
v -0.04900 0.13500 -0.01700
v -0.05500 0.12900 0.01700
v -0.04900 0.12900 -0.02300
v -0.05500 0.03100 -0.01700
v -0.04900 0.03100 -0.02300
v -0.05500 0.12900 -0.01700
v -0.01900 0.02500 -0.01700
v -0.04900 0.03100 -0.02300
v -0.04900 0.02500 -0.01700
v -0.01900 0.03100 -0.02300
v -0.04900 0.13500 -0.01700
v -0.01900 0.12900 -0.02300
v -0.01900 0.13500 -0.01700
v -0.04900 0.12900 -0.02300
v -0.01300 0.12900 -0.01700
v -0.01900 0.03100 -0.02300
v -0.01300 0.03100 -0.01700
v -0.01900 0.12900 -0.02300
v -0.01900 0.02500 0.01700
v -0.01300 0.03100 -0.01700
v -0.01900 0.02500 -0.01700
v -0.01300 0.03100 0.01700
v -0.01900 0.13500 -0.01700
v -0.01300 0.12900 0.01700
v -0.01900 0.13500 0.01700
v -0.01300 0.12900 -0.01700
v -0.01900 0.12900 0.02300
v -0.01300 0.03100 0.01700
v -0.01900 0.03100 0.02300
v -0.01300 0.12900 0.01700
v -0.04900 0.02500 0.01700
v -0.01900 0.03100 0.02300
v -0.01900 0.02500 0.01700
v -0.04900 0.03100 0.02300
v -0.01900 0.13500 0.01700
v -0.04900 0.12900 0.02300
v -0.04900 0.13500 0.01700
v -0.01900 0.12900 0.02300
v -0.04900 0.02500 -0.01700
v -0.01900 0.02500 0.01700
v -0.01900 0.02500 -0.01700
v -0.04900 0.02500 0.01700
v 0.04900 0.03100 0.02300
v 0.01900 0.12900 0.02300
v 0.04900 0.12900 0.02300
v 0.01900 0.03100 0.02300
v 0.05500 0.03100 -0.01700
v 0.05500 0.12900 0.01700
v 0.05500 0.12900 -0.01700
v 0.05500 0.03100 0.01700
v 0.04900 0.13500 -0.01700
v 0.01900 0.13500 0.01700
v 0.01900 0.13500 -0.01700
v 0.04900 0.13500 0.01700
v 0.01300 0.03100 0.01700
v 0.01300 0.12900 -0.01700
v 0.01300 0.12900 0.01700
v 0.01300 0.03100 -0.01700
v 0.01900 0.03100 -0.02300
v 0.04900 0.12900 -0.02300
v 0.01900 0.12900 -0.02300
v 0.04900 0.03100 -0.02300
v 0.01900 0.02500 0.01700
v 0.01300 0.03100 0.01700
v 0.01900 0.03100 0.02300
v 0.01900 0.12900 0.02300
v 0.01300 0.12900 0.01700
v 0.01900 0.13500 0.01700
v 0.01900 0.02500 -0.01700
v 0.01900 0.03100 -0.02300
v 0.01300 0.03100 -0.01700
v 0.01900 0.13500 -0.01700
v 0.01300 0.12900 -0.01700
v 0.01900 0.12900 -0.02300
v 0.04900 0.02500 0.01700
v 0.04900 0.03100 0.02300
v 0.05500 0.03100 0.01700
v 0.04900 0.13500 0.01700
v 0.05500 0.12900 0.01700
v 0.04900 0.12900 0.02300
v 0.04900 0.02500 -0.01700
v 0.05500 0.03100 -0.01700
v 0.04900 0.03100 -0.02300
v 0.04900 0.13500 -0.01700
v 0.04900 0.12900 -0.02300
v 0.05500 0.12900 -0.01700
v 0.01900 0.02500 -0.01700
v 0.01300 0.03100 0.01700
v 0.01900 0.02500 0.01700
v 0.01300 0.03100 -0.01700
v 0.01900 0.03100 0.02300
v 0.01300 0.12900 0.01700
v 0.01900 0.12900 0.02300
v 0.01300 0.03100 0.01700
v 0.01900 0.13500 0.01700
v 0.01300 0.12900 -0.01700
v 0.01900 0.13500 -0.01700
v 0.01300 0.12900 0.01700
v 0.01900 0.12900 -0.02300
v 0.01300 0.03100 -0.01700
v 0.01900 0.03100 -0.02300
v 0.01300 0.12900 -0.01700
v 0.04900 0.02500 -0.01700
v 0.01900 0.03100 -0.02300
v 0.01900 0.02500 -0.01700
v 0.04900 0.03100 -0.02300
v 0.01900 0.13500 -0.01700
v 0.04900 0.12900 -0.02300
v 0.04900 0.13500 -0.01700
v 0.01900 0.12900 -0.02300
v 0.05500 0.12900 -0.01700
v 0.04900 0.03100 -0.02300
v 0.05500 0.03100 -0.01700
v 0.04900 0.12900 -0.02300
v 0.04900 0.02500 0.01700
v 0.05500 0.03100 -0.01700
v 0.04900 0.02500 -0.01700
v 0.05500 0.03100 0.01700
v 0.04900 0.13500 -0.01700
v 0.05500 0.12900 0.01700
v 0.04900 0.13500 0.01700
v 0.05500 0.12900 -0.01700
v 0.04900 0.12900 0.02300
v 0.05500 0.03100 0.01700
v 0.04900 0.03100 0.02300
v 0.05500 0.12900 0.01700
v 0.01900 0.02500 0.01700
v 0.04900 0.03100 0.02300
v 0.04900 0.02500 0.01700
v 0.01900 0.03100 0.02300
v 0.04900 0.13500 0.01700
v 0.01900 0.12900 0.02300
v 0.01900 0.13500 0.01700
v 0.04900 0.12900 0.02300
v 0.01900 0.02500 -0.01700
v 0.04900 0.02500 0.01700
v 0.04900 0.02500 -0.01700
v 0.01900 0.02500 0.01700
v -0.07941 0.15337 0.02000
v -0.08251 0.25422 0.02000
v -0.05904 0.24923 0.02000
v -0.10289 0.15836 0.02000
v -0.07355 0.15213 -0.01400
v -0.05317 0.24798 0.01400
v -0.05317 0.24798 -0.01400
v -0.07355 0.15213 0.01400
v -0.05779 0.25510 -0.01400
v -0.08127 0.26009 0.01400
v -0.08127 0.26009 -0.01400
v -0.05779 0.25510 0.01400
v -0.10876 0.15961 0.01400
v -0.08838 0.25547 -0.01400
v -0.08838 0.25547 0.01400
v -0.10876 0.15961 -0.01400
v -0.10289 0.15836 -0.02000
v -0.05904 0.24923 -0.02000
v -0.08251 0.25422 -0.02000
v -0.07941 0.15337 -0.02000
v -0.10414 0.15249 0.01400
v -0.10876 0.15961 0.01400
v -0.10289 0.15836 0.02000
v -0.08251 0.25422 0.02000
v -0.08838 0.25547 0.01400
v -0.08127 0.26009 0.01400
v -0.10414 0.15249 -0.01400
v -0.10289 0.15836 -0.02000
v -0.10876 0.15961 -0.01400
v -0.08127 0.26009 -0.01400
v -0.08838 0.25547 -0.01400
v -0.08251 0.25422 -0.02000
v -0.08066 0.14751 0.01400
v -0.07941 0.15337 0.02000
v -0.07355 0.15213 0.01400
v -0.05779 0.25510 0.01400
v -0.05317 0.24798 0.01400
v -0.05904 0.24923 0.02000
v -0.08066 0.14751 -0.01400
v -0.07355 0.15213 -0.01400
v -0.07941 0.15337 -0.02000
v -0.05779 0.25510 -0.01400
v -0.05904 0.24923 -0.02000
v -0.05317 0.24798 -0.01400
v -0.10414 0.15249 -0.01400
v -0.10876 0.15961 0.01400
v -0.10414 0.15249 0.01400
v -0.10876 0.15961 -0.01400
v -0.10289 0.15836 0.02000
v -0.08838 0.25547 0.01400
v -0.08251 0.25422 0.02000
v -0.10876 0.15961 0.01400
v -0.08127 0.26009 0.01400
v -0.08838 0.25547 -0.01400
v -0.08127 0.26009 -0.01400
v -0.08838 0.25547 0.01400
v -0.08251 0.25422 -0.02000
v -0.10876 0.15961 -0.01400
v -0.10289 0.15836 -0.02000
v -0.08838 0.25547 -0.01400
v -0.08066 0.14751 -0.01400
v -0.10289 0.15836 -0.02000
v -0.10414 0.15249 -0.01400
v -0.07941 0.15337 -0.02000
v -0.08127 0.26009 -0.01400
v -0.05904 0.24923 -0.02000
v -0.05779 0.25510 -0.01400
v -0.08251 0.25422 -0.02000
v -0.05317 0.24798 -0.01400
v -0.07941 0.15337 -0.02000
v -0.07355 0.15213 -0.01400
v -0.05904 0.24923 -0.02000
v -0.08066 0.14751 0.01400
v -0.07355 0.15213 -0.01400
v -0.08066 0.14751 -0.01400
v -0.07355 0.15213 0.01400
v -0.05779 0.25510 -0.01400
v -0.05317 0.24798 0.01400
v -0.05779 0.25510 0.01400
v -0.05317 0.24798 -0.01400
v -0.05904 0.24923 0.02000
v -0.07355 0.15213 0.01400
v -0.07941 0.15337 0.02000
v -0.05317 0.24798 0.01400
v -0.10414 0.15249 0.01400
v -0.07941 0.15337 0.02000
v -0.08066 0.14751 0.01400
v -0.10289 0.15836 0.02000
v -0.05779 0.25510 0.01400
v -0.08251 0.25422 0.02000
v -0.08127 0.26009 0.01400
v -0.05904 0.24923 0.02000
v -0.10414 0.15249 -0.01400
v -0.08066 0.14751 0.01400
v -0.08066 0.14751 -0.01400
v -0.10414 0.15249 0.01400
v -0.10500 0.12800 0.01000
v -0.11108 0.14016 0.02871
v -0.08908 0.14016 0.02157
v -0.08908 0.14016 0.02157
v -0.08908 0.14016 -0.00157
v -0.10500 0.12800 0.01000
v -0.10500 0.12800 0.01000
v -0.12468 0.14016 0.01000
v -0.11108 0.14016 0.02871
v -0.10500 0.12800 0.01000
v -0.11108 0.14016 -0.00871
v -0.12468 0.14016 0.01000
v -0.10500 0.12800 0.01000
v -0.08908 0.14016 -0.00157
v -0.11108 0.14016 -0.00871
v -0.08908 0.14016 0.02157
v -0.08532 0.15984 0.01000
v -0.08908 0.14016 -0.00157
v -0.11108 0.14016 0.02871
v -0.09892 0.15984 0.02871
v -0.08908 0.14016 0.02157
v -0.12468 0.14016 0.01000
v -0.12092 0.15984 0.02157
v -0.11108 0.14016 0.02871
v -0.11108 0.14016 -0.00871
v -0.12092 0.15984 -0.00157
v -0.12468 0.14016 0.01000
v -0.08908 0.14016 -0.00157
v -0.09892 0.15984 -0.00871
v -0.11108 0.14016 -0.00871
v -0.08908 0.14016 0.02157
v -0.09892 0.15984 0.02871
v -0.08532 0.15984 0.01000
v -0.11108 0.14016 0.02871
v -0.12092 0.15984 0.02157
v -0.09892 0.15984 0.02871
v -0.12468 0.14016 0.01000
v -0.12092 0.15984 -0.00157
v -0.12092 0.15984 0.02157
v -0.11108 0.14016 -0.00871
v -0.09892 0.15984 -0.00871
v -0.12092 0.15984 -0.00157
v -0.08908 0.14016 -0.00157
v -0.08532 0.15984 0.01000
v -0.09892 0.15984 -0.00871
v -0.09892 0.15984 0.02871
v -0.10500 0.17200 0.01000
v -0.08532 0.15984 0.01000
v -0.12092 0.15984 0.02157
v -0.10500 0.17200 0.01000
v -0.09892 0.15984 0.02871
v -0.12092 0.15984 -0.00157
v -0.10500 0.17200 0.01000
v -0.12092 0.15984 0.02157
v -0.09892 0.15984 -0.00871
v -0.10500 0.17200 0.01000
v -0.12092 0.15984 -0.00157
v -0.08532 0.15984 0.01000
v -0.10500 0.17200 0.01000
v -0.09892 0.15984 -0.00871
v 0.10289 0.15836 0.02000
v 0.05904 0.24923 0.02000
v 0.08251 0.25422 0.02000
v 0.07941 0.15337 0.02000
v 0.10876 0.15961 -0.01400
v 0.08838 0.25547 0.01400
v 0.08838 0.25547 -0.01400
v 0.10876 0.15961 0.01400
v 0.08127 0.26009 -0.01400
v 0.05779 0.25510 0.01400
v 0.05779 0.25510 -0.01400
v 0.08127 0.26009 0.01400
v 0.07355 0.15213 0.01400
v 0.05317 0.24798 -0.01400
v 0.05317 0.24798 0.01400
v 0.07355 0.15213 -0.01400
v 0.07941 0.15337 -0.02000
v 0.08251 0.25422 -0.02000
v 0.05904 0.24923 -0.02000
v 0.10289 0.15836 -0.02000
v 0.08066 0.14751 0.01400
v 0.07355 0.15213 0.01400
v 0.07941 0.15337 0.02000
v 0.05904 0.24923 0.02000
v 0.05317 0.24798 0.01400
v 0.05779 0.25510 0.01400
v 0.08066 0.14751 -0.01400
v 0.07941 0.15337 -0.02000
v 0.07355 0.15213 -0.01400
v 0.05779 0.25510 -0.01400
v 0.05317 0.24798 -0.01400
v 0.05904 0.24923 -0.02000
v 0.10414 0.15249 0.01400
v 0.10289 0.15836 0.02000
v 0.10876 0.15961 0.01400
v 0.08127 0.26009 0.01400
v 0.08838 0.25547 0.01400
v 0.08251 0.25422 0.02000
v 0.10414 0.15249 -0.01400
v 0.10876 0.15961 -0.01400
v 0.10289 0.15836 -0.02000
v 0.08127 0.26009 -0.01400
v 0.08251 0.25422 -0.02000
v 0.08838 0.25547 -0.01400
v 0.08066 0.14751 -0.01400
v 0.07355 0.15213 0.01400
v 0.08066 0.14751 0.01400
v 0.07355 0.15213 -0.01400
v 0.07941 0.15337 0.02000
v 0.05317 0.24798 0.01400
v 0.05904 0.24923 0.02000
v 0.07355 0.15213 0.01400
v 0.05779 0.25510 0.01400
v 0.05317 0.24798 -0.01400
v 0.05779 0.25510 -0.01400
v 0.05317 0.24798 0.01400
v 0.05904 0.24923 -0.02000
v 0.07355 0.15213 -0.01400
v 0.07941 0.15337 -0.02000
v 0.05317 0.24798 -0.01400
v 0.10414 0.15249 -0.01400
v 0.07941 0.15337 -0.02000
v 0.08066 0.14751 -0.01400
v 0.10289 0.15836 -0.02000
v 0.05779 0.25510 -0.01400
v 0.08251 0.25422 -0.02000
v 0.08127 0.26009 -0.01400
v 0.05904 0.24923 -0.02000
v 0.08838 0.25547 -0.01400
v 0.10289 0.15836 -0.02000
v 0.10876 0.15961 -0.01400
v 0.08251 0.25422 -0.02000
v 0.10414 0.15249 0.01400
v 0.10876 0.15961 -0.01400
v 0.10414 0.15249 -0.01400
v 0.10876 0.15961 0.01400
v 0.08127 0.26009 -0.01400
v 0.08838 0.25547 0.01400
v 0.08127 0.26009 0.01400
v 0.08838 0.25547 -0.01400
v 0.08251 0.25422 0.02000
v 0.10876 0.15961 0.01400
v 0.10289 0.15836 0.02000
v 0.08838 0.25547 0.01400
v 0.08066 0.14751 0.01400
v 0.10289 0.15836 0.02000
v 0.10414 0.15249 0.01400
v 0.07941 0.15337 0.02000
v 0.08127 0.26009 0.01400
v 0.05904 0.24923 0.02000
v 0.05779 0.25510 0.01400
v 0.08251 0.25422 0.02000
v 0.08066 0.14751 -0.01400
v 0.10414 0.15249 0.01400
v 0.10414 0.15249 -0.01400
v 0.08066 0.14751 0.01400
v 0.10500 0.12800 0.01000
v 0.09892 0.14016 0.02871
v 0.12092 0.14016 0.02157
v 0.12092 0.14016 0.02157
v 0.12092 0.14016 -0.00157
v 0.10500 0.12800 0.01000
v 0.10500 0.12800 0.01000
v 0.08532 0.14016 0.01000
v 0.09892 0.14016 0.02871
v 0.10500 0.12800 0.01000
v 0.09892 0.14016 -0.00871
v 0.08532 0.14016 0.01000
v 0.10500 0.12800 0.01000
v 0.12092 0.14016 -0.00157
v 0.09892 0.14016 -0.00871
v 0.12092 0.14016 0.02157
v 0.12468 0.15984 0.01000
v 0.12092 0.14016 -0.00157
v 0.09892 0.14016 0.02871
v 0.11108 0.15984 0.02871
v 0.12092 0.14016 0.02157
v 0.08532 0.14016 0.01000
v 0.08908 0.15984 0.02157
v 0.09892 0.14016 0.02871
v 0.09892 0.14016 -0.00871
v 0.08908 0.15984 -0.00157
v 0.08532 0.14016 0.01000
v 0.12092 0.14016 -0.00157
v 0.11108 0.15984 -0.00871
v 0.09892 0.14016 -0.00871
v 0.12092 0.14016 0.02157
v 0.11108 0.15984 0.02871
v 0.12468 0.15984 0.01000
v 0.09892 0.14016 0.02871
v 0.08908 0.15984 0.02157
v 0.11108 0.15984 0.02871
v 0.08532 0.14016 0.01000
v 0.08908 0.15984 -0.00157
v 0.08908 0.15984 0.02157
v 0.09892 0.14016 -0.00871
v 0.11108 0.15984 -0.00871
v 0.08908 0.15984 -0.00157
v 0.12092 0.14016 -0.00157
v 0.12468 0.15984 0.01000
v 0.11108 0.15984 -0.00871
v 0.11108 0.15984 0.02871
v 0.10500 0.17200 0.01000
v 0.12468 0.15984 0.01000
v 0.08908 0.15984 0.02157
v 0.10500 0.17200 0.01000
v 0.11108 0.15984 0.02871
v 0.08908 0.15984 -0.00157
v 0.10500 0.17200 0.01000
v 0.08908 0.15984 0.02157
v 0.11108 0.15984 -0.00871
v 0.10500 0.17200 0.01000
v 0.08908 0.15984 -0.00157
v 0.12468 0.15984 0.01000
v 0.10500 0.17200 0.01000
v 0.11108 0.15984 -0.00871
v 0.00000 0.24430 -0.02150
v 0.01862 0.27010 -0.01075
v 0.00000 0.27010 -0.02150
v 0.01862 0.24430 -0.01075
v 0.01862 0.24430 -0.01075
v 0.01862 0.27010 0.01075
v 0.01862 0.27010 -0.01075
v 0.01862 0.24430 0.01075
v 0.01862 0.24430 0.01075
v 0.00000 0.27010 0.02150
v 0.01862 0.27010 0.01075
v 0.00000 0.24430 0.02150
v 0.00000 0.24430 0.02150
v -0.01862 0.27010 0.01075
v 0.00000 0.27010 0.02150
v -0.01862 0.24430 0.01075
v 0.01862 0.27010 0.01075
v 0.00000 0.27010 -0.02150
v 0.01862 0.27010 -0.01075
v -0.01862 0.27010 0.01075
v 0.00000 0.27010 0.02150
v -0.01862 0.27010 -0.01075
v -0.01862 0.24430 0.01075
v -0.01862 0.27010 -0.01075
v -0.01862 0.27010 0.01075
v -0.01862 0.24430 -0.01075
v -0.01862 0.24430 -0.01075
v 0.00000 0.27010 -0.02150
v -0.01862 0.27010 -0.01075
v 0.00000 0.24430 -0.02150
v -0.01862 0.24430 -0.01075
v 0.01862 0.24430 -0.01075
v 0.00000 0.24430 -0.02150
v 0.00000 0.24430 0.02150
v -0.01862 0.24430 0.01075
v 0.01862 0.24430 0.01075
v 0.00000 0.24757 0.00000
v -0.01426 0.27666 0.04170
v 0.03734 0.27666 0.02577
v 0.03734 0.27666 0.02577
v 0.03734 0.27666 -0.02577
v 0.00000 0.24757 0.00000
v 0.00000 0.24757 0.00000
v -0.04615 0.27666 0.00000
v -0.01426 0.27666 0.04170
v 0.00000 0.24757 0.00000
v -0.01426 0.27666 -0.04170
v -0.04615 0.27666 0.00000
v 0.00000 0.24757 0.00000
v 0.03734 0.27666 -0.02577
v -0.01426 0.27666 -0.04170
v 0.03734 0.27666 0.02577
v 0.04615 0.32374 0.00000
v 0.03734 0.27666 -0.02577
v -0.01426 0.27666 0.04170
v 0.01426 0.32374 0.04170
v 0.03734 0.27666 0.02577
v -0.04615 0.27666 0.00000
v -0.03734 0.32374 0.02577
v -0.01426 0.27666 0.04170
v -0.01426 0.27666 -0.04170
v -0.03734 0.32374 -0.02577
v -0.04615 0.27666 0.00000
v 0.03734 0.27666 -0.02577
v 0.01426 0.32374 -0.04170
v -0.01426 0.27666 -0.04170
v 0.03734 0.27666 0.02577
v 0.01426 0.32374 0.04170
v 0.04615 0.32374 0.00000
v -0.01426 0.27666 0.04170
v -0.03734 0.32374 0.02577
v 0.01426 0.32374 0.04170
v -0.04615 0.27666 0.00000
v -0.03734 0.32374 -0.02577
v -0.03734 0.32374 0.02577
v -0.01426 0.27666 -0.04170
v 0.01426 0.32374 -0.04170
v -0.03734 0.32374 -0.02577
v 0.03734 0.27666 -0.02577
v 0.04615 0.32374 0.00000
v 0.01426 0.32374 -0.04170
v 0.01426 0.32374 0.04170
v 0.00000 0.35283 0.00000
v 0.04615 0.32374 0.00000
v -0.03734 0.32374 0.02577
v 0.00000 0.35283 0.00000
v 0.01426 0.32374 0.04170
v -0.03734 0.32374 -0.02577
v 0.00000 0.35283 0.00000
v -0.03734 0.32374 0.02577
v 0.01426 0.32374 -0.04170
v 0.00000 0.35283 0.00000
v -0.03734 0.32374 -0.02577
v 0.04615 0.32374 0.00000
v 0.00000 0.35283 0.00000
v 0.01426 0.32374 -0.04170
vn -0.0000 -0.0000 1.0000
vn -0.0000 -0.0000 1.0000
vn -0.0000 -0.0000 1.0000
vn -0.0000 -0.0000 1.0000
vn 1.0000 0.0000 -0.0000
vn 1.0000 0.0000 -0.0000
vn 1.0000 0.0000 -0.0000
vn 1.0000 0.0000 -0.0000
vn 0.0000 1.0000 -0.0000
vn 0.0000 1.0000 -0.0000
vn 0.0000 1.0000 -0.0000
vn 0.0000 1.0000 -0.0000
vn -1.0000 0.0000 -0.0000
vn -1.0000 0.0000 -0.0000
vn -1.0000 0.0000 -0.0000
vn -1.0000 0.0000 -0.0000
vn 0.0000 0.0000 -1.0000
vn 0.0000 0.0000 -1.0000
vn 0.0000 0.0000 -1.0000
vn 0.0000 0.0000 -1.0000
vn -0.5774 -0.5774 0.5772
vn -0.5774 -0.5774 0.5772
vn -0.5774 -0.5774 0.5772
vn -0.5773 0.5774 0.5774
vn -0.5773 0.5774 0.5774
vn -0.5773 0.5774 0.5774
vn -0.5773 -0.5773 -0.5774
vn -0.5773 -0.5773 -0.5774
vn -0.5773 -0.5773 -0.5774
vn -0.5773 0.5774 -0.5774
vn -0.5773 0.5774 -0.5774
vn -0.5773 0.5774 -0.5774
vn 0.5774 -0.5774 0.5773
vn 0.5774 -0.5774 0.5773
vn 0.5774 -0.5774 0.5773
vn 0.5772 0.5774 0.5775
vn 0.5772 0.5774 0.5775
vn 0.5772 0.5774 0.5775
vn 0.5773 -0.5774 -0.5774
vn 0.5773 -0.5774 -0.5774
vn 0.5773 -0.5774 -0.5774
vn 0.5773 0.5774 -0.5773
vn 0.5773 0.5774 -0.5773
vn 0.5773 0.5774 -0.5773
vn -0.7071 -0.7071 -0.0001
vn -0.7071 -0.7071 -0.0001
vn -0.7071 -0.7071 -0.0001
vn -0.7071 -0.7071 -0.0001
vn -0.7071 -0.0000 0.7071
vn -0.7071 -0.0000 0.7071
vn -0.7071 -0.0000 0.7071
vn -0.7071 -0.0000 0.7071
vn -0.7071 0.7071 -0.0000
vn -0.7071 0.7071 -0.0000
vn -0.7071 0.7071 -0.0000
vn -0.7071 0.7071 -0.0000
vn -0.7071 0.0000 -0.7071
vn -0.7071 0.0000 -0.7071
vn -0.7071 0.0000 -0.7071
vn -0.7071 0.0000 -0.7071
vn 0.0000 -0.7071 -0.7071
vn 0.0000 -0.7071 -0.7071
vn 0.0000 -0.7071 -0.7071
vn 0.0000 -0.7071 -0.7071
vn 0.0000 0.7071 -0.7071
vn 0.0000 0.7071 -0.7071
vn 0.0000 0.7071 -0.7071
vn 0.0000 0.7071 -0.7071
vn 0.7071 0.0000 -0.7071
vn 0.7071 0.0000 -0.7071
vn 0.7071 0.0000 -0.7071
vn 0.7071 0.0000 -0.7071
vn 0.7071 -0.7071 -0.0000
vn 0.7071 -0.7071 -0.0000
vn 0.7071 -0.7071 -0.0000
vn 0.7071 -0.7071 -0.0000
vn 0.7071 0.7071 0.0000
vn 0.7071 0.7071 0.0000
vn 0.7071 0.7071 0.0000
vn 0.7071 0.7071 0.0000
vn 0.7071 -0.0000 0.7071
vn 0.7071 -0.0000 0.7071
vn 0.7071 -0.0000 0.7071
vn 0.7071 -0.0000 0.7071
vn -0.0000 -0.7071 0.7071
vn -0.0000 -0.7071 0.7071
vn -0.0000 -0.7071 0.7071
vn -0.0000 -0.7071 0.7071
vn -0.0000 0.7071 0.7071
vn -0.0000 0.7071 0.7071
vn -0.0000 0.7071 0.7071
vn -0.0000 0.7071 0.7071
vn 0.0000 -1.0000 -0.0000
vn 0.0000 -1.0000 -0.0000
vn 0.0000 -1.0000 -0.0000
vn 0.0000 -1.0000 -0.0000
vn -0.0000 -0.0000 1.0000
vn -0.0000 -0.0000 1.0000
vn -0.0000 -0.0000 1.0000
vn -0.0000 -0.0000 1.0000
vn 1.0000 0.0000 -0.0000
vn 1.0000 0.0000 -0.0000
vn 1.0000 0.0000 -0.0000
vn 1.0000 0.0000 -0.0000
vn 0.0000 1.0000 -0.0000
vn 0.0000 1.0000 -0.0000
vn 0.0000 1.0000 -0.0000
vn 0.0000 1.0000 -0.0000
vn -1.0000 0.0000 -0.0000
vn -1.0000 0.0000 -0.0000
vn -1.0000 0.0000 -0.0000
vn -1.0000 0.0000 -0.0000
vn 0.0000 0.0000 -1.0000
vn 0.0000 0.0000 -1.0000
vn 0.0000 0.0000 -1.0000
vn 0.0000 0.0000 -1.0000
vn -0.5774 -0.5774 0.5772
vn -0.5774 -0.5774 0.5772
vn -0.5774 -0.5774 0.5772
vn -0.5773 0.5774 0.5774
vn -0.5773 0.5774 0.5774
vn -0.5773 0.5774 0.5774
vn -0.5773 -0.5773 -0.5774
vn -0.5773 -0.5773 -0.5774
vn -0.5773 -0.5773 -0.5774
vn -0.5773 0.5774 -0.5774
vn -0.5773 0.5774 -0.5774
vn -0.5773 0.5774 -0.5774
vn 0.5774 -0.5774 0.5773
vn 0.5774 -0.5774 0.5773
vn 0.5774 -0.5774 0.5773
vn 0.5772 0.5774 0.5775
vn 0.5772 0.5774 0.5775
vn 0.5772 0.5774 0.5775
vn 0.5773 -0.5774 -0.5774
vn 0.5773 -0.5774 -0.5774
vn 0.5773 -0.5774 -0.5774
vn 0.5773 0.5774 -0.5773
vn 0.5773 0.5774 -0.5773
vn 0.5773 0.5774 -0.5773
vn -0.7071 -0.7071 -0.0001
vn -0.7071 -0.7071 -0.0001
vn -0.7071 -0.7071 -0.0001
vn -0.7071 -0.7071 -0.0001
vn -0.7071 -0.0000 0.7071
vn -0.7071 -0.0000 0.7071
vn -0.7071 -0.0000 0.7071
vn -0.7071 -0.0000 0.7071
vn -0.7071 0.7071 -0.0000
vn -0.7071 0.7071 -0.0000
vn -0.7071 0.7071 -0.0000
vn -0.7071 0.7071 -0.0000
vn -0.7071 0.0000 -0.7071
vn -0.7071 0.0000 -0.7071
vn -0.7071 0.0000 -0.7071
vn -0.7071 0.0000 -0.7071
vn 0.0000 -0.7071 -0.7071
vn 0.0000 -0.7071 -0.7071
vn 0.0000 -0.7071 -0.7071
vn 0.0000 -0.7071 -0.7071
vn 0.0000 0.7071 -0.7071
vn 0.0000 0.7071 -0.7071
vn 0.0000 0.7071 -0.7071
vn 0.0000 0.7071 -0.7071
vn 0.7071 0.0000 -0.7071
vn 0.7071 0.0000 -0.7071
vn 0.7071 0.0000 -0.7071
vn 0.7071 0.0000 -0.7071
vn 0.7071 -0.7071 -0.0000
vn 0.7071 -0.7071 -0.0000
vn 0.7071 -0.7071 -0.0000
vn 0.7071 -0.7071 -0.0000
vn 0.7071 0.7071 0.0000
vn 0.7071 0.7071 0.0000
vn 0.7071 0.7071 0.0000
vn 0.7071 0.7071 0.0000
vn 0.7071 -0.0000 0.7071
vn 0.7071 -0.0000 0.7071
vn 0.7071 -0.0000 0.7071
vn 0.7071 -0.0000 0.7071
vn -0.0000 -0.7071 0.7071
vn -0.0000 -0.7071 0.7071
vn -0.0000 -0.7071 0.7071
vn -0.0000 -0.7071 0.7071
vn -0.0000 0.7071 0.7071
vn -0.0000 0.7071 0.7071
vn -0.0000 0.7071 0.7071
vn -0.0000 0.7071 0.7071
vn 0.0000 -1.0000 -0.0000
vn 0.0000 -1.0000 -0.0000
vn 0.0000 -1.0000 -0.0000
vn 0.0000 -1.0000 -0.0000
vn -0.0000 -0.0000 1.0000
vn -0.0000 -0.0000 1.0000
vn -0.0000 -0.0000 1.0000
vn -0.0000 -0.0000 1.0000
vn 0.9781 -0.2079 -0.0000
vn 0.9781 -0.2079 -0.0000
vn 0.9781 -0.2079 -0.0000
vn 0.9781 -0.2079 -0.0000
vn 0.2079 0.9782 0.0000
vn 0.2079 0.9782 0.0000
vn 0.2079 0.9782 0.0000
vn 0.2079 0.9782 0.0000
vn -0.9782 0.2079 -0.0000
vn -0.9782 0.2079 -0.0000
vn -0.9782 0.2079 -0.0000
vn -0.9782 0.2079 -0.0000
vn 0.0000 0.0000 -1.0000
vn 0.0000 0.0000 -1.0000
vn 0.0000 0.0000 -1.0000
vn 0.0000 0.0000 -1.0000
vn -0.6848 -0.4447 0.5773
vn -0.6848 -0.4447 0.5773
vn -0.6848 -0.4447 0.5773
vn -0.4447 0.6847 0.5774
vn -0.4447 0.6847 0.5774
vn -0.4447 0.6847 0.5774
vn -0.6848 -0.4446 -0.5774
vn -0.6848 -0.4446 -0.5774
vn -0.6848 -0.4446 -0.5774
vn -0.4447 0.6848 -0.5774
vn -0.4447 0.6848 -0.5774
vn -0.4447 0.6848 -0.5774
vn 0.4447 -0.6848 0.5774
vn 0.4447 -0.6848 0.5774
vn 0.4447 -0.6848 0.5774
vn 0.6847 0.4447 0.5774
vn 0.6847 0.4447 0.5774
vn 0.6847 0.4447 0.5774
vn 0.4446 -0.6848 -0.5774
vn 0.4446 -0.6848 -0.5774
vn 0.4446 -0.6848 -0.5774
vn 0.6848 0.4447 -0.5773
vn 0.6848 0.4447 -0.5773
vn 0.6848 0.4447 -0.5773
vn -0.8387 -0.5446 -0.0000
vn -0.8387 -0.5446 -0.0000
vn -0.8387 -0.5446 -0.0000
vn -0.8387 -0.5446 -0.0000
vn -0.6917 0.1470 0.7071
vn -0.6917 0.1470 0.7071
vn -0.6917 0.1470 0.7071
vn -0.6917 0.1470 0.7071
vn -0.5446 0.8387 0.0000
vn -0.5446 0.8387 0.0000
vn -0.5446 0.8387 0.0000
vn -0.5446 0.8387 0.0000
vn -0.6917 0.1470 -0.7071
vn -0.6917 0.1470 -0.7071
vn -0.6917 0.1470 -0.7071
vn -0.6917 0.1470 -0.7071
vn -0.1470 -0.6917 -0.7071
vn -0.1470 -0.6917 -0.7071
vn -0.1470 -0.6917 -0.7071
vn -0.1470 -0.6917 -0.7071
vn 0.1470 0.6917 -0.7070
vn 0.1470 0.6917 -0.7070
vn 0.1470 0.6917 -0.7070
vn 0.1470 0.6917 -0.7070
vn 0.6917 -0.1470 -0.7071
vn 0.6917 -0.1470 -0.7071
vn 0.6917 -0.1470 -0.7071
vn 0.6917 -0.1470 -0.7071
vn 0.5446 -0.8387 0.0000
vn 0.5446 -0.8387 0.0000
vn 0.5446 -0.8387 0.0000
vn 0.5446 -0.8387 0.0000
vn 0.8387 0.5446 0.0001
vn 0.8387 0.5446 0.0001
vn 0.8387 0.5446 0.0001
vn 0.8387 0.5446 0.0001
vn 0.6916 -0.1470 0.7071
vn 0.6916 -0.1470 0.7071
vn 0.6916 -0.1470 0.7071
vn 0.6916 -0.1470 0.7071
vn -0.1470 -0.6917 0.7071
vn -0.1470 -0.6917 0.7071
vn -0.1470 -0.6917 0.7071
vn -0.1470 -0.6917 0.7071
vn 0.1470 0.6916 0.7071
vn 0.1470 0.6916 0.7071
vn 0.1470 0.6916 0.7071
vn 0.1470 0.6916 0.7071
vn -0.2079 -0.9782 -0.0001
vn -0.2079 -0.9782 -0.0001
vn -0.2079 -0.9782 -0.0001
vn -0.2079 -0.9782 -0.0001
vn 0.1875 -0.7947 0.5773
vn 0.1875 -0.7947 0.5773
vn 0.1875 -0.7947 0.5773
vn 0.6070 -0.7947 0.0000
vn 0.6070 -0.7947 0.0000
vn 0.6070 -0.7947 0.0000
vn -0.4911 -0.7947 0.3567
vn -0.4911 -0.7947 0.3567
vn -0.4911 -0.7947 0.3567
vn -0.4911 -0.7947 -0.3568
vn -0.4911 -0.7947 -0.3568
vn -0.4911 -0.7947 -0.3568
vn 0.1876 -0.7947 -0.5774
vn 0.1876 -0.7947 -0.5774
vn 0.1876 -0.7947 -0.5774
vn 0.9822 -0.1876 -0.0000
vn 0.9822 -0.1876 -0.0000
vn 0.9822 -0.1876 -0.0000
vn 0.3035 -0.1876 0.9342
vn 0.3035 -0.1876 0.9342
vn 0.3035 -0.1876 0.9342
vn -0.7947 -0.1877 0.5773
vn -0.7947 -0.1877 0.5773
vn -0.7947 -0.1877 0.5773
vn -0.7946 -0.1876 -0.5775
vn -0.7946 -0.1876 -0.5775
vn -0.7946 -0.1876 -0.5775
vn 0.3035 -0.1876 -0.9342
vn 0.3035 -0.1876 -0.9342
vn 0.3035 -0.1876 -0.9342
vn 0.7946 0.1876 0.5774
vn 0.7946 0.1876 0.5774
vn 0.7946 0.1876 0.5774
vn -0.3035 0.1876 0.9342
vn -0.3035 0.1876 0.9342
vn -0.3035 0.1876 0.9342
vn -0.9823 0.1876 -0.0000
vn -0.9823 0.1876 -0.0000
vn -0.9823 0.1876 -0.0000
vn -0.3035 0.1876 -0.9342
vn -0.3035 0.1876 -0.9342
vn -0.3035 0.1876 -0.9342
vn 0.7946 0.1876 -0.5774
vn 0.7946 0.1876 -0.5774
vn 0.7946 0.1876 -0.5774
vn 0.4911 0.7947 0.3568
vn 0.4911 0.7947 0.3568
vn 0.4911 0.7947 0.3568
vn -0.1876 0.7946 0.5774
vn -0.1876 0.7946 0.5774
vn -0.1876 0.7946 0.5774
vn -0.6071 0.7946 0.0000
vn -0.6071 0.7946 0.0000
vn -0.6071 0.7946 0.0000
vn -0.1876 0.7946 -0.5774
vn -0.1876 0.7946 -0.5774
vn -0.1876 0.7946 -0.5774
vn 0.4911 0.7947 -0.3567
vn 0.4911 0.7947 -0.3567
vn 0.4911 0.7947 -0.3567
vn -0.0000 -0.0000 1.0000
vn -0.0000 -0.0000 1.0000
vn -0.0000 -0.0000 1.0000
vn -0.0000 -0.0000 1.0000
vn 0.9782 0.2079 0.0000
vn 0.9782 0.2079 0.0000
vn 0.9782 0.2079 0.0000
vn 0.9782 0.2079 0.0000
vn -0.2079 0.9781 -0.0000
vn -0.2079 0.9781 -0.0000
vn -0.2079 0.9781 -0.0000
vn -0.2079 0.9781 -0.0000
vn -0.9782 -0.2079 -0.0001
vn -0.9782 -0.2079 -0.0001
vn -0.9782 -0.2079 -0.0001
vn -0.9782 -0.2079 -0.0001
vn 0.0000 0.0000 -1.0000
vn 0.0000 0.0000 -1.0000
vn 0.0000 0.0000 -1.0000
vn 0.0000 0.0000 -1.0000
vn -0.4447 -0.6848 0.5773
vn -0.4447 -0.6848 0.5773
vn -0.4447 -0.6848 0.5773
vn -0.6848 0.4447 0.5774
vn -0.6848 0.4447 0.5774
vn -0.6848 0.4447 0.5774
vn -0.4446 -0.6848 -0.5774
vn -0.4446 -0.6848 -0.5774
vn -0.4446 -0.6848 -0.5774
vn -0.6848 0.4446 -0.5774
vn -0.6848 0.4446 -0.5774
vn -0.6848 0.4446 -0.5774
vn 0.6847 -0.4447 0.5774
vn 0.6847 -0.4447 0.5774
vn 0.6847 -0.4447 0.5774
vn 0.4447 0.6847 0.5774
vn 0.4447 0.6847 0.5774
vn 0.4447 0.6847 0.5774
vn 0.6848 -0.4447 -0.5774
vn 0.6848 -0.4447 -0.5774
vn 0.6848 -0.4447 -0.5774
vn 0.4447 0.6848 -0.5773
vn 0.4447 0.6848 -0.5773
vn 0.4447 0.6848 -0.5773
vn -0.5446 -0.8387 -0.0000
vn -0.5446 -0.8387 -0.0000
vn -0.5446 -0.8387 -0.0000
vn -0.5446 -0.8387 -0.0000
vn -0.6917 -0.1470 0.7071
vn -0.6917 -0.1470 0.7071
vn -0.6917 -0.1470 0.7071
vn -0.6917 -0.1470 0.7071
vn -0.8387 0.5446 0.0000
vn -0.8387 0.5446 0.0000
vn -0.8387 0.5446 0.0000
vn -0.8387 0.5446 0.0000
vn -0.6917 -0.1470 -0.7071
vn -0.6917 -0.1470 -0.7071
vn -0.6917 -0.1470 -0.7071
vn -0.6917 -0.1470 -0.7071
vn 0.1470 -0.6917 -0.7071
vn 0.1470 -0.6917 -0.7071
vn 0.1470 -0.6917 -0.7071
vn 0.1470 -0.6917 -0.7071
vn -0.1470 0.6917 -0.7071
vn -0.1470 0.6917 -0.7071
vn -0.1470 0.6917 -0.7071
vn -0.1470 0.6917 -0.7071
vn 0.6917 0.1470 -0.7070
vn 0.6917 0.1470 -0.7070
vn 0.6917 0.1470 -0.7070
vn 0.6917 0.1470 -0.7070
vn 0.8387 -0.5446 0.0000
vn 0.8387 -0.5446 0.0000
vn 0.8387 -0.5446 0.0000
vn 0.8387 -0.5446 0.0000
vn 0.5446 0.8387 0.0001
vn 0.5446 0.8387 0.0001
vn 0.5446 0.8387 0.0001
vn 0.5446 0.8387 0.0001
vn 0.6916 0.1470 0.7071
vn 0.6916 0.1470 0.7071
vn 0.6916 0.1470 0.7071
vn 0.6916 0.1470 0.7071
vn 0.1470 -0.6917 0.7071
vn 0.1470 -0.6917 0.7071
vn 0.1470 -0.6917 0.7071
vn 0.1470 -0.6917 0.7071
vn -0.1470 0.6916 0.7071
vn -0.1470 0.6916 0.7071
vn -0.1470 0.6916 0.7071
vn -0.1470 0.6916 0.7071
vn 0.2079 -0.9782 -0.0000
vn 0.2079 -0.9782 -0.0000
vn 0.2079 -0.9782 -0.0000
vn 0.2079 -0.9782 -0.0000
vn 0.1875 -0.7947 0.5773
vn 0.1875 -0.7947 0.5773
vn 0.1875 -0.7947 0.5773
vn 0.6070 -0.7947 0.0000
vn 0.6070 -0.7947 0.0000
vn 0.6070 -0.7947 0.0000
vn -0.4911 -0.7947 0.3567
vn -0.4911 -0.7947 0.3567
vn -0.4911 -0.7947 0.3567
vn -0.4911 -0.7947 -0.3568
vn -0.4911 -0.7947 -0.3568
vn -0.4911 -0.7947 -0.3568
vn 0.1876 -0.7947 -0.5774
vn 0.1876 -0.7947 -0.5774
vn 0.1876 -0.7947 -0.5774
vn 0.9822 -0.1876 -0.0000
vn 0.9822 -0.1876 -0.0000
vn 0.9822 -0.1876 -0.0000
vn 0.3035 -0.1876 0.9342
vn 0.3035 -0.1876 0.9342
vn 0.3035 -0.1876 0.9342
vn -0.7947 -0.1877 0.5773
vn -0.7947 -0.1877 0.5773
vn -0.7947 -0.1877 0.5773
vn -0.7946 -0.1876 -0.5775
vn -0.7946 -0.1876 -0.5775
vn -0.7946 -0.1876 -0.5775
vn 0.3035 -0.1876 -0.9342
vn 0.3035 -0.1876 -0.9342
vn 0.3035 -0.1876 -0.9342
vn 0.7946 0.1876 0.5774
vn 0.7946 0.1876 0.5774
vn 0.7946 0.1876 0.5774
vn -0.3035 0.1876 0.9342
vn -0.3035 0.1876 0.9342
vn -0.3035 0.1876 0.9342
vn -0.9823 0.1876 -0.0000
vn -0.9823 0.1876 -0.0000
vn -0.9823 0.1876 -0.0000
vn -0.3035 0.1876 -0.9342
vn -0.3035 0.1876 -0.9342
vn -0.3035 0.1876 -0.9342
vn 0.7946 0.1876 -0.5774
vn 0.7946 0.1876 -0.5774
vn 0.7946 0.1876 -0.5774
vn 0.4911 0.7947 0.3568
vn 0.4911 0.7947 0.3568
vn 0.4911 0.7947 0.3568
vn -0.1876 0.7946 0.5774
vn -0.1876 0.7946 0.5774
vn -0.1876 0.7946 0.5774
vn -0.6071 0.7946 0.0000
vn -0.6071 0.7946 0.0000
vn -0.6071 0.7946 0.0000
vn -0.1876 0.7946 -0.5774
vn -0.1876 0.7946 -0.5774
vn -0.1876 0.7946 -0.5774
vn 0.4911 0.7947 -0.3567
vn 0.4911 0.7947 -0.3567
vn 0.4911 0.7947 -0.3567
vn 0.5000 0.0000 -0.8660
vn 0.5000 0.0000 -0.8660
vn 0.5000 0.0000 -0.8660
vn 0.5000 0.0000 -0.8660
vn 1.0000 0.0000 -0.0000
vn 1.0000 0.0000 -0.0000
vn 1.0000 0.0000 -0.0000
vn 1.0000 0.0000 -0.0000
vn 0.5000 -0.0000 0.8660
vn 0.5000 -0.0000 0.8660
vn 0.5000 -0.0000 0.8660
vn 0.5000 -0.0000 0.8660
vn -0.5000 -0.0000 0.8660
vn -0.5000 -0.0000 0.8660
vn -0.5000 -0.0000 0.8660
vn -0.5000 -0.0000 0.8660
vn 0.0000 1.0000 -0.0000
vn 0.0000 1.0000 -0.0000
vn 0.0000 1.0000 -0.0000
vn 0.0000 1.0000 -0.0000
vn 0.0000 1.0000 -0.0000
vn 0.0000 1.0000 -0.0000
vn -1.0000 0.0000 -0.0000
vn -1.0000 0.0000 -0.0000
vn -1.0000 0.0000 -0.0000
vn -1.0000 0.0000 -0.0000
vn -0.5000 0.0000 -0.8660
vn -0.5000 0.0000 -0.8660
vn -0.5000 0.0000 -0.8660
vn -0.5000 0.0000 -0.8660
vn 0.0000 -1.0000 -0.0000
vn 0.0000 -1.0000 -0.0000
vn 0.0000 -1.0000 -0.0000
vn 0.0000 -1.0000 -0.0000
vn 0.0000 -1.0000 -0.0000
vn 0.0000 -1.0000 -0.0000
vn 0.1865 -0.7746 0.6043
vn 0.1865 -0.7746 0.6043
vn 0.1865 -0.7746 0.6043
vn 0.6146 -0.7888 0.0000
vn 0.6146 -0.7888 0.0000
vn 0.6146 -0.7888 0.0000
vn -0.4938 -0.7833 0.3776
vn -0.4938 -0.7833 0.3776
vn -0.4938 -0.7833 0.3776
vn -0.4938 -0.7833 -0.3777
vn -0.4938 -0.7833 -0.3777
vn -0.4938 -0.7833 -0.3777
vn 0.1865 -0.7746 -0.6043
vn 0.1865 -0.7746 -0.6043
vn 0.1865 -0.7746 -0.6043
vn 0.9829 -0.1840 -0.0000
vn 0.9829 -0.1840 -0.0000
vn 0.9829 -0.1840 -0.0000
vn 0.2903 -0.1759 0.9406
vn 0.2903 -0.1759 0.9406
vn 0.2903 -0.1759 0.9406
vn -0.7812 -0.1808 0.5975
vn -0.7812 -0.1808 0.5975
vn -0.7812 -0.1808 0.5975
vn -0.7812 -0.1808 -0.5976
vn -0.7812 -0.1808 -0.5976
vn -0.7812 -0.1808 -0.5976
vn 0.2903 -0.1759 -0.9406
vn 0.2903 -0.1759 -0.9406
vn 0.2903 -0.1759 -0.9406
vn 0.7812 0.1808 0.5976
vn 0.7812 0.1808 0.5976
vn 0.7812 0.1808 0.5976
vn -0.2903 0.1759 0.9406
vn -0.2903 0.1759 0.9406
vn -0.2903 0.1759 0.9406
vn -0.9829 0.1840 -0.0000
vn -0.9829 0.1840 -0.0000
vn -0.9829 0.1840 -0.0000
vn -0.2903 0.1759 -0.9406
vn -0.2903 0.1759 -0.9406
vn -0.2903 0.1759 -0.9406
vn 0.7812 0.1808 -0.5975
vn 0.7812 0.1808 -0.5975
vn 0.7812 0.1808 -0.5975
vn 0.4938 0.7833 0.3777
vn 0.4938 0.7833 0.3777
vn 0.4938 0.7833 0.3777
vn -0.1865 0.7746 0.6043
vn -0.1865 0.7746 0.6043
vn -0.1865 0.7746 0.6043
vn -0.6146 0.7888 0.0000
vn -0.6146 0.7888 0.0000
vn -0.6146 0.7888 0.0000
vn -0.1865 0.7746 -0.6043
vn -0.1865 0.7746 -0.6043
vn -0.1865 0.7746 -0.6043
vn 0.4938 0.7833 -0.3775
vn 0.4938 0.7833 -0.3775
vn 0.4938 0.7833 -0.3775
f 289//289 291//291 290//290
f 289//289 290//290 292//292
f 293//293 295//295 294//294
f 293//293 294//294 296//296
f 297//297 299//299 298//298
f 297//297 298//298 300//300
f 301//301 303//303 302//302
f 301//301 302//302 304//304
f 305//305 307//307 306//306
f 305//305 306//306 308//308
f 309//309 311//311 310//310
f 312//312 314//314 313//313
f 315//315 317//317 316//316
f 318//318 320//320 319//319
f 321//321 323//323 322//322
f 324//324 326//326 325//325
f 327//327 329//329 328//328
f 330//330 332//332 331//331
f 333//333 335//335 334//334
f 333//333 334//334 336//336
f 337//337 339//339 338//338
f 337//337 338//338 340//340
f 341//341 343//343 342//342
f 341//341 342//342 344//344
f 345//345 347//347 346//346
f 345//345 346//346 348//348
f 349//349 351//351 350//350
f 349//349 350//350 352//352
f 353//353 355//355 354//354
f 353//353 354//354 356//356
f 357//357 359//359 358//358
f 357//357 358//358 360//360
f 361//361 363//363 362//362
f 361//361 362//362 364//364
f 365//365 367//367 366//366
f 365//365 366//366 368//368
f 369//369 371//371 370//370
f 369//369 370//370 372//372
f 373//373 375//375 374//374
f 373//373 374//374 376//376
f 377//377 379//379 378//378
f 377//377 378//378 380//380
f 381//381 383//383 382//382
f 381//381 382//382 384//384
f 385//385 387//387 386//386
f 385//385 386//386 388//388
f 389//389 391//391 390//390
f 389//389 390//390 392//392
f 393//393 395//395 394//394
f 393//393 394//394 396//396
f 397//397 399//399 398//398
f 397//397 398//398 400//400
f 401//401 403//403 402//402
f 401//401 402//402 404//404
f 405//405 407//407 406//406
f 408//408 410//410 409//409
f 411//411 413//413 412//412
f 414//414 416//416 415//415
f 417//417 419//419 418//418
f 420//420 422//422 421//421
f 423//423 425//425 424//424
f 426//426 428//428 427//427
f 429//429 431//431 430//430
f 429//429 430//430 432//432
f 433//433 435//435 434//434
f 433//433 434//434 436//436
f 437//437 439//439 438//438
f 437//437 438//438 440//440
f 441//441 443//443 442//442
f 441//441 442//442 444//444
f 445//445 447//447 446//446
f 445//445 446//446 448//448
f 449//449 451//451 450//450
f 449//449 450//450 452//452
f 453//453 455//455 454//454
f 453//453 454//454 456//456
f 457//457 459//459 458//458
f 457//457 458//458 460//460
f 461//461 463//463 462//462
f 461//461 462//462 464//464
f 465//465 467//467 466//466
f 465//465 466//466 468//468
f 469//469 471//471 470//470
f 469//469 470//470 472//472
f 473//473 475//475 474//474
f 473//473 474//474 476//476
f 477//477 479//479 478//478
f 477//477 478//478 480//480
f 481//481 483//483 482//482
f 481//481 482//482 484//484
f 485//485 487//487 486//486
f 485//485 486//486 488//488
f 489//489 491//491 490//490
f 489//489 490//490 492//492
f 493//493 495//495 494//494
f 493//493 494//494 496//496
f 497//497 499//499 498//498
f 497//497 498//498 500//500
f 501//501 503//503 502//502
f 504//504 506//506 505//505
f 507//507 509//509 508//508
f 510//510 512//512 511//511
f 513//513 515//515 514//514
f 516//516 518//518 517//517
f 519//519 521//521 520//520
f 522//522 524//524 523//523
f 525//525 527//527 526//526
f 525//525 526//526 528//528
f 529//529 531//531 530//530
f 529//529 530//530 532//532
f 533//533 535//535 534//534
f 533//533 534//534 536//536
f 537//537 539//539 538//538
f 537//537 538//538 540//540
f 541//541 543//543 542//542
f 541//541 542//542 544//544
f 545//545 547//547 546//546
f 545//545 546//546 548//548
f 549//549 551//551 550//550
f 549//549 550//550 552//552
f 553//553 555//555 554//554
f 553//553 554//554 556//556
f 557//557 559//559 558//558
f 557//557 558//558 560//560
f 561//561 563//563 562//562
f 561//561 562//562 564//564
f 565//565 567//567 566//566
f 565//565 566//566 568//568
f 569//569 571//571 570//570
f 569//569 570//570 572//572
f 573//573 575//575 574//574
f 573//573 574//574 576//576
f 577//577 579//579 578//578
f 580//580 582//582 581//581
f 583//583 585//585 584//584
f 586//586 588//588 587//587
f 589//589 591//591 590//590
f 592//592 594//594 593//593
f 595//595 597//597 596//596
f 598//598 600//600 599//599
f 601//601 603//603 602//602
f 604//604 606//606 605//605
f 607//607 609//609 608//608
f 610//610 612//612 611//611
f 613//613 615//615 614//614
f 616//616 618//618 617//617
f 619//619 621//621 620//620
f 622//622 624//624 623//623
f 625//625 627//627 626//626
f 628//628 630//630 629//629
f 631//631 633//633 632//632
f 634//634 636//636 635//635
f 637//637 639//639 638//638
f 637//637 638//638 640//640
f 641//641 643//643 642//642
f 641//641 642//642 644//644
f 645//645 647//647 646//646
f 645//645 646//646 648//648
f 649//649 651//651 650//650
f 649//649 650//650 652//652
f 653//653 655//655 654//654
f 653//653 654//654 656//656
f 657//657 659//659 658//658
f 660//660 662//662 661//661
f 663//663 665//665 664//664
f 666//666 668//668 667//667
f 669//669 671//671 670//670
f 672//672 674//674 673//673
f 675//675 677//677 676//676
f 678//678 680//680 679//679
f 681//681 683//683 682//682
f 681//681 682//682 684//684
f 685//685 687//687 686//686
f 685//685 686//686 688//688
f 689//689 691//691 690//690
f 689//689 690//690 692//692
f 693//693 695//695 694//694
f 693//693 694//694 696//696
f 697//697 699//699 698//698
f 697//697 698//698 700//700
f 701//701 703//703 702//702
f 701//701 702//702 704//704
f 705//705 707//707 706//706
f 705//705 706//706 708//708
f 709//709 711//711 710//710
f 709//709 710//710 712//712
f 713//713 715//715 714//714
f 713//713 714//714 716//716
f 717//717 719//719 718//718
f 717//717 718//718 720//720
f 721//721 723//723 722//722
f 721//721 722//722 724//724
f 725//725 727//727 726//726
f 725//725 726//726 728//728
f 729//729 731//731 730//730
f 729//729 730//730 732//732
f 733//733 735//735 734//734
f 736//736 738//738 737//737
f 739//739 741//741 740//740
f 742//742 744//744 743//743
f 745//745 747//747 746//746
f 748//748 750//750 749//749
f 751//751 753//753 752//752
f 754//754 756//756 755//755
f 757//757 759//759 758//758
f 760//760 762//762 761//761
f 763//763 765//765 764//764
f 766//766 768//768 767//767
f 769//769 771//771 770//770
f 772//772 774//774 773//773
f 775//775 777//777 776//776
f 778//778 780//780 779//779
f 781//781 783//783 782//782
f 784//784 786//786 785//785
f 787//787 789//789 788//788
f 790//790 792//792 791//791
f 793//793 795//795 794//794
f 793//793 794//794 796//796
f 797//797 799//799 798//798
f 797//797 798//798 800//800
f 801//801 803//803 802//802
f 801//801 802//802 804//804
f 805//805 807//807 806//806
f 805//805 806//806 808//808
f 809//809 811//811 810//810
f 810//810 812//812 809//809
f 812//812 813//813 809//809
f 810//810 814//814 812//812
f 815//815 817//817 816//816
f 815//815 816//816 818//818
f 819//819 821//821 820//820
f 819//819 820//820 822//822
f 823//823 825//825 824//824
f 824//824 826//826 823//823
f 826//826 827//827 823//823
f 824//824 828//828 826//826
f 829//829 831//831 830//830
f 832//832 834//834 833//833
f 835//835 837//837 836//836
f 838//838 840//840 839//839
f 841//841 843//843 842//842
f 844//844 846//846 845//845
f 847//847 849//849 848//848
f 850//850 852//852 851//851
f 853//853 855//855 854//854
f 856//856 858//858 857//857
f 859//859 861//861 860//860
f 862//862 864//864 863//863
f 865//865 867//867 866//866
f 868//868 870//870 869//869
f 871//871 873//873 872//872
f 874//874 876//876 875//875
f 877//877 879//879 878//878
f 880//880 882//882 881//881
f 883//883 885//885 884//884
f 886//886 888//888 887//887
g body_team
usemtl team
v 0.05701 0.14200 0.04484
v -0.06363 0.24300 0.04664
v 0.06363 0.24300 0.04664
v -0.05701 0.14200 0.04484
v 0.06903 0.14197 -0.03284
v 0.07566 0.24303 0.03464
v 0.07566 0.24303 -0.03464
v 0.06903 0.14197 0.03284
v 0.06444 0.25500 -0.03486
v -0.06444 0.25500 0.03486
v -0.06444 0.25500 -0.03486
v 0.06444 0.25500 0.03486
v -0.06903 0.14197 0.03284
v -0.07566 0.24303 -0.03464
v -0.07566 0.24303 0.03464
v -0.06903 0.14197 -0.03284
v -0.05701 0.14200 -0.04484
v 0.06363 0.24300 -0.04664
v -0.06363 0.24300 -0.04664
v 0.05701 0.14200 -0.04484
v -0.05625 0.13000 0.03262
v -0.06903 0.14197 0.03284
v -0.05701 0.14200 0.04484
v -0.06363 0.24300 0.04664
v -0.07566 0.24303 0.03464
v -0.06444 0.25500 0.03486
v -0.05625 0.13000 -0.03262
v -0.05701 0.14200 -0.04484
v -0.06903 0.14197 -0.03284
v -0.06444 0.25500 -0.03486
v -0.07566 0.24303 -0.03464
v -0.06363 0.24300 -0.04664
v 0.05625 0.13000 0.03262
v 0.05701 0.14200 0.04484
v 0.06903 0.14197 0.03284
v 0.06444 0.25500 0.03486
v 0.07566 0.24303 0.03464
v 0.06363 0.24300 0.04664
v 0.05625 0.13000 -0.03262
v 0.06903 0.14197 -0.03284
v 0.05701 0.14200 -0.04484
v 0.06444 0.25500 -0.03486
v 0.06363 0.24300 -0.04664
v 0.07566 0.24303 -0.03464
v -0.05625 0.13000 -0.03262
v -0.06903 0.14197 0.03284
v -0.05625 0.13000 0.03262
v -0.06903 0.14197 -0.03284
v -0.05701 0.14200 0.04484
v -0.07566 0.24303 0.03464
v -0.06363 0.24300 0.04664
v -0.06903 0.14197 0.03284
v -0.06444 0.25500 0.03486
v -0.07566 0.24303 -0.03464
v -0.06444 0.25500 -0.03486
v -0.07566 0.24303 0.03464
v -0.06363 0.24300 -0.04664
v -0.06903 0.14197 -0.03284
v -0.05701 0.14200 -0.04484
v -0.07566 0.24303 -0.03464
v 0.05625 0.13000 -0.03262
v -0.05701 0.14200 -0.04484
v -0.05625 0.13000 -0.03262
v 0.05701 0.14200 -0.04484
v -0.06444 0.25500 -0.03486
v 0.06363 0.24300 -0.04664
v 0.06444 0.25500 -0.03486
v -0.06363 0.24300 -0.04664
v 0.07566 0.24303 -0.03464
v 0.05701 0.14200 -0.04484
v 0.06903 0.14197 -0.03284
v 0.06363 0.24300 -0.04664
v 0.05625 0.13000 0.03262
v 0.06903 0.14197 -0.03284
v 0.05625 0.13000 -0.03262
v 0.06903 0.14197 0.03284
v 0.06444 0.25500 -0.03486
v 0.07566 0.24303 0.03464
v 0.06444 0.25500 0.03486
v 0.07566 0.24303 -0.03464
v 0.06363 0.24300 0.04664
v 0.06903 0.14197 0.03284
v 0.05701 0.14200 0.04484
v 0.07566 0.24303 0.03464
v -0.05625 0.13000 0.03262
v 0.05701 0.14200 0.04484
v 0.05625 0.13000 0.03262
v -0.05701 0.14200 0.04484
v 0.06444 0.25500 0.03486
v -0.06363 0.24300 0.04664
v -0.06444 0.25500 0.03486
v 0.06363 0.24300 0.04664
v -0.05625 0.13000 -0.03262
v 0.05625 0.13000 0.03262
v 0.05625 0.13000 -0.03262
v -0.05625 0.13000 0.03262
v 0.06481 0.10798 0.04930
v -0.06062 0.14702 0.04646
v 0.06062 0.14702 0.04646
v -0.06481 0.10798 0.04930
v 0.07286 0.10795 -0.04128
v 0.06867 0.14705 0.03844
v 0.06867 0.14705 -0.03844
v 0.07286 0.10795 0.04128
v 0.05981 0.15500 -0.03788
v -0.05981 0.15500 0.03788
v -0.05981 0.15500 -0.03788
v 0.05981 0.15500 0.03788
v -0.07286 0.10795 0.04128
v -0.06867 0.14705 -0.03844
v -0.06867 0.14705 0.03844
v -0.07286 0.10795 -0.04128
v -0.06481 0.10798 -0.04930
v 0.06062 0.14702 -0.04646
v -0.06062 0.14702 -0.04646
v 0.06481 0.10798 -0.04930
v -0.06571 0.10000 0.04187
v -0.07286 0.10795 0.04128
v -0.06481 0.10798 0.04930
v -0.06062 0.14702 0.04646
v -0.06867 0.14705 0.03844
v -0.05981 0.15500 0.03788
v -0.06571 0.10000 -0.04187
v -0.06481 0.10798 -0.04930
v -0.07286 0.10795 -0.04128
v -0.05981 0.15500 -0.03788
v -0.06867 0.14705 -0.03844
v -0.06062 0.14702 -0.04646
v 0.06571 0.10000 0.04187
v 0.06481 0.10798 0.04930
v 0.07286 0.10795 0.04128
v 0.05981 0.15500 0.03788
v 0.06867 0.14705 0.03844
v 0.06062 0.14702 0.04646
v 0.06571 0.10000 -0.04187
v 0.07286 0.10795 -0.04128
v 0.06481 0.10798 -0.04930
v 0.05981 0.15500 -0.03788
v 0.06062 0.14702 -0.04646
v 0.06867 0.14705 -0.03844
v -0.06571 0.10000 -0.04187
v -0.07286 0.10795 0.04128
v -0.06571 0.10000 0.04187
v -0.07286 0.10795 -0.04128
v -0.06481 0.10798 0.04930
v -0.06867 0.14705 0.03844
v -0.06062 0.14702 0.04646
v -0.07286 0.10795 0.04128
v -0.05981 0.15500 0.03788
v -0.06867 0.14705 -0.03844
v -0.05981 0.15500 -0.03788
v -0.06867 0.14705 0.03844
v -0.06062 0.14702 -0.04646
v -0.07286 0.10795 -0.04128
v -0.06481 0.10798 -0.04930
v -0.06867 0.14705 -0.03844
v 0.06571 0.10000 -0.04187
v -0.06481 0.10798 -0.04930
v -0.06571 0.10000 -0.04187
v 0.06481 0.10798 -0.04930
v -0.05981 0.15500 -0.03788
v 0.06062 0.14702 -0.04646
v 0.05981 0.15500 -0.03788
v -0.06062 0.14702 -0.04646
v 0.06867 0.14705 -0.03844
v 0.06481 0.10798 -0.04930
v 0.07286 0.10795 -0.04128
v 0.06062 0.14702 -0.04646
v 0.06571 0.10000 0.04187
v 0.07286 0.10795 -0.04128
v 0.06571 0.10000 -0.04187
v 0.07286 0.10795 0.04128
v 0.05981 0.15500 -0.03788
v 0.06867 0.14705 0.03844
v 0.05981 0.15500 0.03788
v 0.06867 0.14705 -0.03844
v 0.06062 0.14702 0.04646
v 0.07286 0.10795 0.04128
v 0.06481 0.10798 0.04930
v 0.06867 0.14705 0.03844
v -0.06571 0.10000 0.04187
v 0.06481 0.10798 0.04930
v 0.06571 0.10000 0.04187
v -0.06481 0.10798 0.04930
v 0.05981 0.15500 0.03788
v -0.06062 0.14702 0.04646
v -0.05981 0.15500 0.03788
v 0.06062 0.14702 0.04646
v -0.06571 0.10000 -0.04187
v 0.06571 0.10000 0.04187
v 0.06571 0.10000 -0.04187
v -0.06571 0.10000 0.04187
v 0.00430 0.35684 0.03758
v -0.00430 0.38546 0.03122
v 0.00430 0.38546 0.03122
v -0.00430 0.35684 0.03758
v 0.00946 0.35696 -0.04087
v 0.00946 0.38534 0.02596
v 0.00946 0.38534 -0.03456
v 0.00946 0.35696 0.03227
v 0.00430 0.39050 -0.03354
v -0.00430 0.39050 0.02494
v -0.00430 0.39050 -0.03354
v 0.00430 0.39050 0.02494
v -0.00946 0.35696 0.03227
v -0.00946 0.38534 -0.03456
v -0.00946 0.38534 0.02596
v -0.00946 0.35696 -0.04087
v -0.00430 0.35684 -0.04618
v 0.00430 0.38546 -0.03982
v -0.00430 0.38546 -0.03982
v 0.00430 0.35684 -0.04618
v -0.00430 0.35180 0.03354
v -0.00946 0.35696 0.03227
v -0.00430 0.35684 0.03758
v -0.00430 0.38546 0.03122
v -0.00946 0.38534 0.02596
v -0.00430 0.39050 0.02494
v -0.00430 0.35180 -0.04214
v -0.00430 0.35684 -0.04618
v -0.00946 0.35696 -0.04087
v -0.00430 0.39050 -0.03354
v -0.00946 0.38534 -0.03456
v -0.00430 0.38546 -0.03982
v 0.00430 0.35180 0.03354
v 0.00430 0.35684 0.03758
v 0.00946 0.35696 0.03227
v 0.00430 0.39050 0.02494
v 0.00946 0.38534 0.02596
v 0.00430 0.38546 0.03122
v 0.00430 0.35180 -0.04214
v 0.00946 0.35696 -0.04087
v 0.00430 0.35684 -0.04618
v 0.00430 0.39050 -0.03354
v 0.00430 0.38546 -0.03982
v 0.00946 0.38534 -0.03456
v -0.00430 0.35180 -0.04214
v -0.00946 0.35696 0.03227
v -0.00430 0.35180 0.03354
v -0.00946 0.35696 -0.04087
v -0.00430 0.35684 0.03758
v -0.00946 0.38534 0.02596
v -0.00430 0.38546 0.03122
v -0.00946 0.35696 0.03227
v -0.00430 0.39050 0.02494
v -0.00946 0.38534 -0.03456
v -0.00430 0.39050 -0.03354
v -0.00946 0.38534 0.02596
v -0.00430 0.38546 -0.03982
v -0.00946 0.35696 -0.04087
v -0.00430 0.35684 -0.04618
v -0.00946 0.38534 -0.03456
v 0.00430 0.35180 -0.04214
v -0.00430 0.35684 -0.04618
v -0.00430 0.35180 -0.04214
v 0.00430 0.35684 -0.04618
v -0.00430 0.39050 -0.03354
v 0.00430 0.38546 -0.03982
v 0.00430 0.39050 -0.03354
v -0.00430 0.38546 -0.03982
v 0.00946 0.38534 -0.03456
v 0.00430 0.35684 -0.04618
v 0.00946 0.35696 -0.04087
v 0.00430 0.38546 -0.03982
v 0.00430 0.35180 0.03354
v 0.00946 0.35696 -0.04087
v 0.00430 0.35180 -0.04214
v 0.00946 0.35696 0.03227
v 0.00430 0.39050 -0.03354
v 0.00946 0.38534 0.02596
v 0.00430 0.39050 0.02494
v 0.00946 0.38534 -0.03456
v 0.00430 0.38546 0.03122
v 0.00946 0.35696 0.03227
v 0.00430 0.35684 0.03758
v 0.00946 0.38534 0.02596
v -0.00430 0.35180 0.03354
v 0.00430 0.35684 0.03758
v 0.00430 0.35180 0.03354
v -0.00430 0.35684 0.03758
v 0.00430 0.39050 0.02494
v -0.00430 0.38546 0.03122
v -0.00430 0.39050 0.02494
v 0.00430 0.38546 0.03122
v -0.00430 0.35180 -0.04214
v 0.00430 0.35180 0.03354
v 0.00430 0.35180 -0.04214
v -0.00430 0.35180 0.03354
vn -0.0000 -0.0178 0.9998
vn -0.0000 -0.0178 0.9998
vn -0.0000 -0.0178 0.9998
vn -0.0000 -0.0178 0.9998
vn 0.9979 -0.0654 0.0000
vn 0.9979 -0.0654 0.0000
vn 0.9979 -0.0654 0.0000
vn 0.9979 -0.0654 0.0000
vn 0.0000 1.0000 -0.0000
vn 0.0000 1.0000 -0.0000
vn 0.0000 1.0000 -0.0000
vn 0.0000 1.0000 -0.0000
vn -0.9979 -0.0654 -0.0000
vn -0.9979 -0.0654 -0.0000
vn -0.9979 -0.0654 -0.0000
vn -0.9979 -0.0654 -0.0000
vn 0.0000 -0.0178 -0.9998
vn 0.0000 -0.0178 -0.9998
vn 0.0000 -0.0178 -0.9998
vn 0.0000 -0.0178 -0.9998
vn -0.5602 -0.6081 0.5624
vn -0.5602 -0.6081 0.5624
vn -0.5602 -0.6081 0.5624
vn -0.5922 0.5439 0.5945
vn -0.5922 0.5439 0.5945
vn -0.5922 0.5439 0.5945
vn -0.5602 -0.6081 -0.5626
vn -0.5602 -0.6081 -0.5626
vn -0.5602 -0.6081 -0.5626
vn -0.5922 0.5439 -0.5945
vn -0.5922 0.5439 -0.5945
vn -0.5922 0.5439 -0.5945
vn 0.5602 -0.6081 0.5625
vn 0.5602 -0.6081 0.5625
vn 0.5602 -0.6081 0.5625
vn 0.5922 0.5439 0.5946
vn 0.5922 0.5439 0.5946
vn 0.5922 0.5439 0.5946
vn 0.5602 -0.6081 -0.5625
vn 0.5602 -0.6081 -0.5625
vn 0.5602 -0.6081 -0.5625
vn 0.5922 0.5439 -0.5945
vn 0.5922 0.5439 -0.5945
vn 0.5922 0.5439 -0.5945
vn -0.6836 -0.7299 -0.0000
vn -0.6836 -0.7299 -0.0000
vn -0.6836 -0.7299 -0.0000
vn -0.6836 -0.7299 -0.0000
vn -0.7052 -0.0588 0.7066
vn -0.7052 -0.0588 0.7066
vn -0.7052 -0.0588 0.7066
vn -0.7052 -0.0588 0.7066
vn -0.7299 0.6836 0.0000
vn -0.7299 0.6836 0.0000
vn -0.7299 0.6836 0.0000
vn -0.7299 0.6836 0.0000
vn -0.7052 -0.0588 -0.7066
vn -0.7052 -0.0588 -0.7066
vn -0.7052 -0.0588 -0.7066
vn -0.7052 -0.0588 -0.7066
vn 0.0000 -0.7134 -0.7008
vn 0.0000 -0.7134 -0.7008
vn 0.0000 -0.7134 -0.7008
vn 0.0000 -0.7134 -0.7008
vn 0.0000 0.7008 -0.7134
vn 0.0000 0.7008 -0.7134
vn 0.0000 0.7008 -0.7134
vn 0.0000 0.7008 -0.7134
vn 0.7052 -0.0588 -0.7066
vn 0.7052 -0.0588 -0.7066
vn 0.7052 -0.0588 -0.7066
vn 0.7052 -0.0588 -0.7066
vn 0.6836 -0.7299 0.0000
vn 0.6836 -0.7299 0.0000
vn 0.6836 -0.7299 0.0000
vn 0.6836 -0.7299 0.0000
vn 0.7299 0.6836 0.0001
vn 0.7299 0.6836 0.0001
vn 0.7299 0.6836 0.0001
vn 0.7299 0.6836 0.0001
vn 0.7052 -0.0588 0.7066
vn 0.7052 -0.0588 0.7066
vn 0.7052 -0.0588 0.7066
vn 0.7052 -0.0588 0.7066
vn -0.0000 -0.7134 0.7007
vn -0.0000 -0.7134 0.7007
vn -0.0000 -0.7134 0.7007
vn -0.0000 -0.7134 0.7007
vn -0.0000 0.7008 0.7134
vn -0.0000 0.7008 0.7134
vn -0.0000 0.7008 0.7134
vn -0.0000 0.7008 0.7134
vn 0.0000 -1.0000 -0.0000
vn 0.0000 -1.0000 -0.0000
vn 0.0000 -1.0000 -0.0000
vn 0.0000 -1.0000 -0.0000
vn -0.0000 0.0724 0.9974
vn -0.0000 0.0724 0.9974
vn -0.0000 0.0724 0.9974
vn -0.0000 0.0724 0.9974
vn 0.9943 0.1066 0.0000
vn 0.9943 0.1066 0.0000
vn 0.9943 0.1066 0.0000
vn 0.9943 0.1066 0.0000
vn 0.0000 1.0000 -0.0000
vn 0.0000 1.0000 -0.0000
vn 0.0000 1.0000 -0.0000
vn 0.0000 1.0000 -0.0000
vn -0.9943 0.1066 -0.0000
vn -0.9943 0.1066 -0.0000
vn -0.9943 0.1066 -0.0000
vn -0.9943 0.1066 -0.0000
vn 0.0000 0.0724 -0.9974
vn 0.0000 0.0724 -0.9974
vn 0.0000 0.0724 -0.9974
vn 0.0000 0.0724 -0.9974
vn -0.6098 -0.5018 0.6135
vn -0.6098 -0.5018 0.6135
vn -0.6098 -0.5018 0.6135
vn -0.5413 0.6405 0.5447
vn -0.5413 0.6405 0.5447
vn -0.5413 0.6405 0.5447
vn -0.6097 -0.5018 -0.6136
vn -0.6097 -0.5018 -0.6136
vn -0.6097 -0.5018 -0.6136
vn -0.5413 0.6406 -0.5447
vn -0.5413 0.6406 -0.5447
vn -0.5413 0.6406 -0.5447
vn 0.6098 -0.5018 0.6135
vn 0.6098 -0.5018 0.6135
vn 0.6098 -0.5018 0.6135
vn 0.5413 0.6405 0.5447
vn 0.5413 0.6405 0.5447
vn 0.5413 0.6405 0.5447
vn 0.6097 -0.5018 -0.6135
vn 0.6097 -0.5018 -0.6135
vn 0.6097 -0.5018 -0.6135
vn 0.5413 0.6406 -0.5446
vn 0.5413 0.6406 -0.5446
vn 0.5413 0.6406 -0.5446
vn -0.7438 -0.6684 -0.0001
vn -0.7438 -0.6684 -0.0001
vn -0.7438 -0.6684 -0.0001
vn -0.7438 -0.6684 -0.0001
vn -0.7004 0.1261 0.7025
vn -0.7004 0.1261 0.7025
vn -0.7004 0.1261 0.7025
vn -0.7004 0.1261 0.7025
vn -0.6684 0.7438 -0.0000
vn -0.6684 0.7438 -0.0000
vn -0.6684 0.7438 -0.0000
vn -0.6684 0.7438 -0.0000
vn -0.7004 0.1261 -0.7025
vn -0.7004 0.1261 -0.7025
vn -0.7004 0.1261 -0.7025
vn -0.7004 0.1261 -0.7025
vn 0.0000 -0.6811 -0.7322
vn 0.0000 -0.6811 -0.7322
vn 0.0000 -0.6811 -0.7322
vn 0.0000 -0.6811 -0.7322
vn 0.0000 0.7323 -0.6810
vn 0.0000 0.7323 -0.6810
vn 0.0000 0.7323 -0.6810
vn 0.0000 0.7323 -0.6810
vn 0.7005 0.1261 -0.7025
vn 0.7005 0.1261 -0.7025
vn 0.7005 0.1261 -0.7025
vn 0.7005 0.1261 -0.7025
vn 0.7438 -0.6684 -0.0000
vn 0.7438 -0.6684 -0.0000
vn 0.7438 -0.6684 -0.0000
vn 0.7438 -0.6684 -0.0000
vn 0.6684 0.7438 0.0000
vn 0.6684 0.7438 0.0000
vn 0.6684 0.7438 0.0000
vn 0.6684 0.7438 0.0000
vn 0.7004 0.1261 0.7026
vn 0.7004 0.1261 0.7026
vn 0.7004 0.1261 0.7026
vn 0.7004 0.1261 0.7026
vn -0.0000 -0.6811 0.7322
vn -0.0000 -0.6811 0.7322
vn -0.0000 -0.6811 0.7322
vn -0.0000 -0.6811 0.7322
vn -0.0000 0.7322 0.6811
vn -0.0000 0.7322 0.6811
vn -0.0000 0.7322 0.6811
vn -0.0000 0.7322 0.6811
vn 0.0000 -1.0000 -0.0000
vn 0.0000 -1.0000 -0.0000
vn 0.0000 -1.0000 -0.0000
vn 0.0000 -1.0000 -0.0000
vn -0.0000 0.2169 0.9762
vn -0.0000 0.2169 0.9762
vn -0.0000 0.2169 0.9762
vn -0.0000 0.2169 0.9762
vn 1.0000 0.0000 -0.0000
vn 1.0000 0.0000 -0.0000
vn 1.0000 0.0000 -0.0000
vn 1.0000 0.0000 -0.0000
vn 0.0000 1.0000 -0.0000
vn 0.0000 1.0000 -0.0000
vn 0.0000 1.0000 -0.0000
vn 0.0000 1.0000 -0.0000
vn -1.0000 0.0000 -0.0000
vn -1.0000 0.0000 -0.0000
vn -1.0000 0.0000 -0.0000
vn -1.0000 0.0000 -0.0000
vn 0.0000 0.2169 -0.9762
vn 0.0000 0.2169 -0.9762
vn 0.0000 0.2169 -0.9762
vn 0.0000 0.2169 -0.9762
vn -0.6333 -0.4843 0.6036
vn -0.6333 -0.4843 0.6036
vn -0.6333 -0.4843 0.6036
vn -0.5487 0.6521 0.5231
vn -0.5487 0.6521 0.5231
vn -0.5487 0.6521 0.5231
vn -0.6332 -0.4843 -0.6038
vn -0.6332 -0.4843 -0.6038
vn -0.6332 -0.4843 -0.6038
vn -0.5487 0.6521 -0.5231
vn -0.5487 0.6521 -0.5231
vn -0.5487 0.6521 -0.5231
vn 0.6332 -0.4843 0.6037
vn 0.6332 -0.4843 0.6037
vn 0.6332 -0.4843 0.6037
vn 0.5487 0.6521 0.5231
vn 0.5487 0.6521 0.5231
vn 0.5487 0.6521 0.5231
vn 0.6332 -0.4843 -0.6037
vn 0.6332 -0.4843 -0.6037
vn 0.6332 -0.4843 -0.6037
vn 0.5487 0.6521 -0.5231
vn 0.5487 0.6521 -0.5231
vn 0.5487 0.6521 -0.5231
vn -0.7071 -0.7071 -0.0001
vn -0.7071 -0.7071 -0.0001
vn -0.7071 -0.7071 -0.0001
vn -0.7071 -0.7071 -0.0001
vn -0.7071 0.1534 0.6903
vn -0.7071 0.1534 0.6903
vn -0.7071 0.1534 0.6903
vn -0.7071 0.1534 0.6903
vn -0.7071 0.7071 -0.0000
vn -0.7071 0.7071 -0.0000
vn -0.7071 0.7071 -0.0000
vn -0.7071 0.7071 -0.0000
vn -0.7071 0.1534 -0.6903
vn -0.7071 0.1534 -0.6903
vn -0.7071 0.1534 -0.6903
vn -0.7071 0.1534 -0.6903
vn 0.0000 -0.6258 -0.7800
vn 0.0000 -0.6258 -0.7800
vn 0.0000 -0.6258 -0.7800
vn 0.0000 -0.6258 -0.7800
vn 0.0000 0.7801 -0.6257
vn 0.0000 0.7801 -0.6257
vn 0.0000 0.7801 -0.6257
vn 0.0000 0.7801 -0.6257
vn 0.7071 0.1534 -0.6902
vn 0.7071 0.1534 -0.6902
vn 0.7071 0.1534 -0.6902
vn 0.7071 0.1534 -0.6902
vn 0.7071 -0.7071 -0.0000
vn 0.7071 -0.7071 -0.0000
vn 0.7071 -0.7071 -0.0000
vn 0.7071 -0.7071 -0.0000
vn 0.7071 0.7071 0.0000
vn 0.7071 0.7071 0.0000
vn 0.7071 0.7071 0.0000
vn 0.7071 0.7071 0.0000
vn 0.7071 0.1534 0.6903
vn 0.7071 0.1534 0.6903
vn 0.7071 0.1534 0.6903
vn 0.7071 0.1534 0.6903
vn -0.0000 -0.6257 0.7800
vn -0.0000 -0.6257 0.7800
vn -0.0000 -0.6257 0.7800
vn -0.0000 -0.6257 0.7800
vn -0.0000 0.7800 0.6257
vn -0.0000 0.7800 0.6257
vn -0.0000 0.7800 0.6257
vn -0.0000 0.7800 0.6257
vn 0.0000 -1.0000 -0.0000
vn 0.0000 -1.0000 -0.0000
vn 0.0000 -1.0000 -0.0000
vn 0.0000 -1.0000 -0.0000
f 889//889 891//891 890//890
f 889//889 890//890 892//892
f 893//893 895//895 894//894
f 893//893 894//894 896//896
f 897//897 899//899 898//898
f 897//897 898//898 900//900
f 901//901 903//903 902//902
f 901//901 902//902 904//904
f 905//905 907//907 906//906
f 905//905 906//906 908//908
f 909//909 911//911 910//910
f 912//912 914//914 913//913
f 915//915 917//917 916//916
f 918//918 920//920 919//919
f 921//921 923//923 922//922
f 924//924 926//926 925//925
f 927//927 929//929 928//928
f 930//930 932//932 931//931
f 933//933 935//935 934//934
f 933//933 934//934 936//936
f 937//937 939//939 938//938
f 937//937 938//938 940//940
f 941//941 943//943 942//942
f 941//941 942//942 944//944
f 945//945 947//947 946//946
f 945//945 946//946 948//948
f 949//949 951//951 950//950
f 949//949 950//950 952//952
f 953//953 955//955 954//954
f 953//953 954//954 956//956
f 957//957 959//959 958//958
f 957//957 958//958 960//960
f 961//961 963//963 962//962
f 961//961 962//962 964//964
f 965//965 967//967 966//966
f 965//965 966//966 968//968
f 969//969 971//971 970//970
f 969//969 970//970 972//972
f 973//973 975//975 974//974
f 973//973 974//974 976//976
f 977//977 979//979 978//978
f 977//977 978//978 980//980
f 981//981 983//983 982//982
f 981//981 982//982 984//984
f 985//985 987//987 986//986
f 985//985 986//986 988//988
f 989//989 991//991 990//990
f 989//989 990//990 992//992
f 993//993 995//995 994//994
f 993//993 994//994 996//996
f 997//997 999//999 998//998
f 997//997 998//998 1000//1000
f 1001//1001 1003//1003 1002//1002
f 1001//1001 1002//1002 1004//1004
f 1005//1005 1007//1007 1006//1006
f 1008//1008 1010//1010 1009//1009
f 1011//1011 1013//1013 1012//1012
f 1014//1014 1016//1016 1015//1015
f 1017//1017 1019//1019 1018//1018
f 1020//1020 1022//1022 1021//1021
f 1023//1023 1025//1025 1024//1024
f 1026//1026 1028//1028 1027//1027
f 1029//1029 1031//1031 1030//1030
f 1029//1029 1030//1030 1032//1032
f 1033//1033 1035//1035 1034//1034
f 1033//1033 1034//1034 1036//1036
f 1037//1037 1039//1039 1038//1038
f 1037//1037 1038//1038 1040//1040
f 1041//1041 1043//1043 1042//1042
f 1041//1041 1042//1042 1044//1044
f 1045//1045 1047//1047 1046//1046
f 1045//1045 1046//1046 1048//1048
f 1049//1049 1051//1051 1050//1050
f 1049//1049 1050//1050 1052//1052
f 1053//1053 1055//1055 1054//1054
f 1053//1053 1054//1054 1056//1056
f 1057//1057 1059//1059 1058//1058
f 1057//1057 1058//1058 1060//1060
f 1061//1061 1063//1063 1062//1062
f 1061//1061 1062//1062 1064//1064
f 1065//1065 1067//1067 1066//1066
f 1065//1065 1066//1066 1068//1068
f 1069//1069 1071//1071 1070//1070
f 1069//1069 1070//1070 1072//1072
f 1073//1073 1075//1075 1074//1074
f 1073//1073 1074//1074 1076//1076
f 1077//1077 1079//1079 1078//1078
f 1077//1077 1078//1078 1080//1080
f 1081//1081 1083//1083 1082//1082
f 1081//1081 1082//1082 1084//1084
f 1085//1085 1087//1087 1086//1086
f 1085//1085 1086//1086 1088//1088
f 1089//1089 1091//1091 1090//1090
f 1089//1089 1090//1090 1092//1092
f 1093//1093 1095//1095 1094//1094
f 1093//1093 1094//1094 1096//1096
f 1097//1097 1099//1099 1098//1098
f 1097//1097 1098//1098 1100//1100
f 1101//1101 1103//1103 1102//1102
f 1104//1104 1106//1106 1105//1105
f 1107//1107 1109//1109 1108//1108
f 1110//1110 1112//1112 1111//1111
f 1113//1113 1115//1115 1114//1114
f 1116//1116 1118//1118 1117//1117
f 1119//1119 1121//1121 1120//1120
f 1122//1122 1124//1124 1123//1123
f 1125//1125 1127//1127 1126//1126
f 1125//1125 1126//1126 1128//1128
f 1129//1129 1131//1131 1130//1130
f 1129//1129 1130//1130 1132//1132
f 1133//1133 1135//1135 1134//1134
f 1133//1133 1134//1134 1136//1136
f 1137//1137 1139//1139 1138//1138
f 1137//1137 1138//1138 1140//1140
f 1141//1141 1143//1143 1142//1142
f 1141//1141 1142//1142 1144//1144
f 1145//1145 1147//1147 1146//1146
f 1145//1145 1146//1146 1148//1148
f 1149//1149 1151//1151 1150//1150
f 1149//1149 1150//1150 1152//1152
f 1153//1153 1155//1155 1154//1154
f 1153//1153 1154//1154 1156//1156
f 1157//1157 1159//1159 1158//1158
f 1157//1157 1158//1158 1160//1160
f 1161//1161 1163//1163 1162//1162
f 1161//1161 1162//1162 1164//1164
f 1165//1165 1167//1167 1166//1166
f 1165//1165 1166//1166 1168//1168
f 1169//1169 1171//1171 1170//1170
f 1169//1169 1170//1170 1172//1172
f 1173//1173 1175//1175 1174//1174
f 1173//1173 1174//1174 1176//1176
g body_black
usemtl black
v -0.02451 0.29676 0.05074
v -0.02451 0.31052 0.04558
v -0.02451 0.31052 0.05074
v -0.02451 0.29676 0.04558
v -0.02451 0.29676 0.04558
v -0.01333 0.31052 0.04558
v -0.02451 0.31052 0.04558
v -0.01333 0.29676 0.04558
v -0.01333 0.29676 0.04558
v -0.01333 0.31052 0.05074
v -0.01333 0.31052 0.04558
v -0.01333 0.29676 0.05074
v -0.01333 0.29676 0.05074
v -0.02451 0.31052 0.05074
v -0.01333 0.31052 0.05074
v -0.02451 0.29676 0.05074
v -0.02451 0.29676 0.04558
v -0.01333 0.29676 0.05074
v -0.01333 0.29676 0.04558
v -0.02451 0.29676 0.05074
v -0.01333 0.31052 0.04558
v -0.02451 0.31052 0.05074
v -0.02451 0.31052 0.04558
v -0.01333 0.31052 0.05074
v 0.01333 0.29676 0.05074
v 0.01333 0.31052 0.04558
v 0.01333 0.31052 0.05074
v 0.01333 0.29676 0.04558
v 0.01333 0.29676 0.04558
v 0.02451 0.31052 0.04558
v 0.01333 0.31052 0.04558
v 0.02451 0.29676 0.04558
v 0.02451 0.29676 0.04558
v 0.02451 0.31052 0.05074
v 0.02451 0.31052 0.04558
v 0.02451 0.29676 0.05074
v 0.02451 0.29676 0.05074
v 0.01333 0.31052 0.05074
v 0.02451 0.31052 0.05074
v 0.01333 0.29676 0.05074
v 0.01333 0.29676 0.04558
v 0.02451 0.29676 0.05074
v 0.02451 0.29676 0.04558
v 0.01333 0.29676 0.05074
v 0.02451 0.31052 0.04558
v 0.01333 0.31052 0.05074
v 0.01333 0.31052 0.04558
v 0.02451 0.31052 0.05074
vn -1.0000 0.0000 -0.0000
vn -1.0000 0.0000 -0.0000
vn -1.0000 0.0000 -0.0000
vn -1.0000 0.0000 -0.0000
vn 0.0000 0.0000 -1.0000
vn 0.0000 0.0000 -1.0000
vn 0.0000 0.0000 -1.0000
vn 0.0000 0.0000 -1.0000
vn 1.0000 0.0000 -0.0000
vn 1.0000 0.0000 -0.0000
vn 1.0000 0.0000 -0.0000
vn 1.0000 0.0000 -0.0000
vn -0.0000 -0.0000 1.0000
vn -0.0000 -0.0000 1.0000
vn -0.0000 -0.0000 1.0000
vn -0.0000 -0.0000 1.0000
vn 0.0000 -1.0000 -0.0000
vn 0.0000 -1.0000 -0.0000
vn 0.0000 -1.0000 -0.0000
vn 0.0000 -1.0000 -0.0000
vn 0.0000 1.0000 -0.0000
vn 0.0000 1.0000 -0.0000
vn 0.0000 1.0000 -0.0000
vn 0.0000 1.0000 -0.0000
vn -1.0000 0.0000 -0.0000
vn -1.0000 0.0000 -0.0000
vn -1.0000 0.0000 -0.0000
vn -1.0000 0.0000 -0.0000
vn 0.0000 0.0000 -1.0000
vn 0.0000 0.0000 -1.0000
vn 0.0000 0.0000 -1.0000
vn 0.0000 0.0000 -1.0000
vn 1.0000 0.0000 -0.0000
vn 1.0000 0.0000 -0.0000
vn 1.0000 0.0000 -0.0000
vn 1.0000 0.0000 -0.0000
vn -0.0000 -0.0000 1.0000
vn -0.0000 -0.0000 1.0000
vn -0.0000 -0.0000 1.0000
vn -0.0000 -0.0000 1.0000
vn 0.0000 -1.0000 -0.0000
vn 0.0000 -1.0000 -0.0000
vn 0.0000 -1.0000 -0.0000
vn 0.0000 -1.0000 -0.0000
vn 0.0000 1.0000 -0.0000
vn 0.0000 1.0000 -0.0000
vn 0.0000 1.0000 -0.0000
vn 0.0000 1.0000 -0.0000
f 1177//1177 1179//1179 1178//1178
f 1177//1177 1178//1178 1180//1180
f 1181//1181 1183//1183 1182//1182
f 1181//1181 1182//1182 1184//1184
f 1185//1185 1187//1187 1186//1186
f 1185//1185 1186//1186 1188//1188
f 1189//1189 1191//1191 1190//1190
f 1189//1189 1190//1190 1192//1192
f 1193//1193 1195//1195 1194//1194
f 1193//1193 1194//1194 1196//1196
f 1197//1197 1199//1199 1198//1198
f 1197//1197 1198//1198 1200//1200
f 1201//1201 1203//1203 1202//1202
f 1201//1201 1202//1202 1204//1204
f 1205//1205 1207//1207 1206//1206
f 1205//1205 1206//1206 1208//1208
f 1209//1209 1211//1211 1210//1210
f 1209//1209 1210//1210 1212//1212
f 1213//1213 1215//1215 1214//1214
f 1213//1213 1214//1214 1216//1216
f 1217//1217 1219//1219 1218//1218
f 1217//1217 1218//1218 1220//1220
f 1221//1221 1223//1223 1222//1222
f 1221//1221 1222//1222 1224//1224
g body_metal
usemtl metal
v 0.06068 0.17000 0.04924
v -0.06628 0.25000 0.05121
v 0.06628 0.25000 0.05121
v -0.06068 0.17000 0.04924
v 0.07070 0.16998 -0.03924
v 0.07630 0.25002 0.04120
v 0.07630 0.25002 -0.04120
v 0.07070 0.16998 0.03924
v 0.06700 0.26000 -0.04145
v -0.06700 0.26000 0.04145
v -0.06700 0.26000 -0.04145
v 0.06700 0.26000 0.04145
v -0.07070 0.16998 0.03924
v -0.07630 0.25002 -0.04120
v -0.07630 0.25002 0.04120
v -0.07070 0.16998 -0.03924
v -0.06068 0.17000 -0.04924
v 0.06628 0.25000 -0.05121
v -0.06628 0.25000 -0.05121
v 0.06068 0.17000 -0.04924
v -0.06000 0.16000 0.03900
v -0.07070 0.16998 0.03924
v -0.06068 0.17000 0.04924
v -0.06628 0.25000 0.05121
v -0.07630 0.25002 0.04120
v -0.06700 0.26000 0.04145
v -0.06000 0.16000 -0.03900
v -0.06068 0.17000 -0.04924
v -0.07070 0.16998 -0.03924
v -0.06700 0.26000 -0.04145
v -0.07630 0.25002 -0.04120
v -0.06628 0.25000 -0.05121
v 0.06000 0.16000 0.03900
v 0.06068 0.17000 0.04924
v 0.07070 0.16998 0.03924
v 0.06700 0.26000 0.04145
v 0.07630 0.25002 0.04120
v 0.06628 0.25000 0.05121
v 0.06000 0.16000 -0.03900
v 0.07070 0.16998 -0.03924
v 0.06068 0.17000 -0.04924
v 0.06700 0.26000 -0.04145
v 0.06628 0.25000 -0.05121
v 0.07630 0.25002 -0.04120
v -0.06000 0.16000 -0.03900
v -0.07070 0.16998 0.03924
v -0.06000 0.16000 0.03900
v -0.07070 0.16998 -0.03924
v -0.06068 0.17000 0.04924
v -0.07630 0.25002 0.04120
v -0.06628 0.25000 0.05121
v -0.07070 0.16998 0.03924
v -0.06700 0.26000 0.04145
v -0.07630 0.25002 -0.04120
v -0.06700 0.26000 -0.04145
v -0.07630 0.25002 0.04120
v -0.06628 0.25000 -0.05121
v -0.07070 0.16998 -0.03924
v -0.06068 0.17000 -0.04924
v -0.07630 0.25002 -0.04120
v 0.06000 0.16000 -0.03900
v -0.06068 0.17000 -0.04924
v -0.06000 0.16000 -0.03900
v 0.06068 0.17000 -0.04924
v -0.06700 0.26000 -0.04145
v 0.06628 0.25000 -0.05121
v 0.06700 0.26000 -0.04145
v -0.06628 0.25000 -0.05121
v 0.07630 0.25002 -0.04120
v 0.06068 0.17000 -0.04924
v 0.07070 0.16998 -0.03924
v 0.06628 0.25000 -0.05121
v 0.06000 0.16000 0.03900
v 0.07070 0.16998 -0.03924
v 0.06000 0.16000 -0.03900
v 0.07070 0.16998 0.03924
v 0.06700 0.26000 -0.04145
v 0.07630 0.25002 0.04120
v 0.06700 0.26000 0.04145
v 0.07630 0.25002 -0.04120
v 0.06628 0.25000 0.05121
v 0.07070 0.16998 0.03924
v 0.06068 0.17000 0.04924
v 0.07630 0.25002 0.04120
v -0.06000 0.16000 0.03900
v 0.06068 0.17000 0.04924
v 0.06000 0.16000 0.03900
v -0.06068 0.17000 0.04924
v 0.06700 0.26000 0.04145
v -0.06628 0.25000 0.05121
v -0.06700 0.26000 0.04145
v 0.06628 0.25000 0.05121
v -0.06000 0.16000 -0.03900
v 0.06000 0.16000 0.03900
v 0.06000 0.16000 -0.03900
v -0.06000 0.16000 0.03900
v 0.00000 0.27371 -0.00860
v -0.01569 0.29881 0.03968
v 0.04107 0.29881 0.02124
v 0.04107 0.29881 0.02124
v 0.04107 0.29881 -0.03844
v 0.00000 0.27371 -0.00860
v 0.00000 0.27371 -0.00860
v -0.05077 0.29881 -0.00860
v -0.01569 0.29881 0.03968
v 0.00000 0.27371 -0.00860
v -0.01569 0.29881 -0.05688
v -0.05077 0.29881 -0.00860
v 0.00000 0.27371 -0.00860
v 0.04107 0.29881 -0.03844
v -0.01569 0.29881 -0.05688
v 0.04107 0.29881 0.02124
v 0.05077 0.33943 -0.00860
v 0.04107 0.29881 -0.03844
v -0.01569 0.29881 0.03968
v 0.01569 0.33943 0.03968
v 0.04107 0.29881 0.02124
v -0.05077 0.29881 -0.00860
v -0.04107 0.33943 0.02124
v -0.01569 0.29881 0.03968
v -0.01569 0.29881 -0.05688
v -0.04107 0.33943 -0.03844
v -0.05077 0.29881 -0.00860
v 0.04107 0.29881 -0.03844
v 0.01569 0.33943 -0.05688
v -0.01569 0.29881 -0.05688
v 0.04107 0.29881 0.02124
v 0.01569 0.33943 0.03968
v 0.05077 0.33943 -0.00860
v -0.01569 0.29881 0.03968
v -0.04107 0.33943 0.02124
v 0.01569 0.33943 0.03968
v -0.05077 0.29881 -0.00860
v -0.04107 0.33943 -0.03844
v -0.04107 0.33943 0.02124
v -0.01569 0.29881 -0.05688
v 0.01569 0.33943 -0.05688
v -0.04107 0.33943 -0.03844
v 0.04107 0.29881 -0.03844
v 0.05077 0.33943 -0.00860
v 0.01569 0.33943 -0.05688
v 0.01569 0.33943 0.03968
v 0.00000 0.36453 -0.00860
v 0.05077 0.33943 -0.00860
v -0.04107 0.33943 0.02124
v 0.00000 0.36453 -0.00860
v 0.01569 0.33943 0.03968
v -0.04107 0.33943 -0.03844
v 0.00000 0.36453 -0.00860
v -0.04107 0.33943 0.02124
v 0.01569 0.33943 -0.05688
v 0.00000 0.36453 -0.00860
v -0.04107 0.33943 -0.03844
v 0.05077 0.33943 -0.00860
v 0.00000 0.36453 -0.00860
v 0.01569 0.33943 -0.05688
v 0.00000 0.30708 -0.06622
v 0.03488 0.31740 -0.05489
v 0.00000 0.31740 -0.06622
v 0.03488 0.30708 -0.05489
v 0.03488 0.30708 -0.05489
v 0.05644 0.31740 -0.02522
v 0.03488 0.31740 -0.05489
v 0.05644 0.30708 -0.02522
v 0.05644 0.30708 -0.02522
v 0.05644 0.31740 0.01146
v 0.05644 0.31740 -0.02522
v 0.05644 0.30708 0.01146
v 0.05644 0.30708 0.01146
v 0.03488 0.31740 0.04113
v 0.05644 0.31740 0.01146
v 0.03488 0.30708 0.04113
v 0.03488 0.30708 0.04113
v 0.00000 0.31740 0.05246
v 0.03488 0.31740 0.04113
v 0.00000 0.30708 0.05246
v 0.00000 0.30708 0.05246
v -0.03488 0.31740 0.04113
v 0.00000 0.31740 0.05246
v -0.03488 0.30708 0.04113
v -0.03488 0.30708 0.04113
v -0.05644 0.31740 0.01146
v -0.03488 0.31740 0.04113
v -0.05644 0.30708 0.01146
v -0.05644 0.30708 0.01146
v -0.05644 0.31740 -0.02522
v -0.05644 0.31740 0.01146
v -0.05644 0.30708 -0.02522
v 0.05644 0.31740 -0.02522
v 0.00000 0.31740 -0.06622
v 0.03488 0.31740 -0.05489
v -0.05644 0.31740 -0.02522
v -0.03488 0.31740 -0.05489
v 0.03488 0.31740 0.04113
v 0.05644 0.31740 0.01146
v -0.03488 0.31740 0.04113
v 0.00000 0.31740 0.05246
v -0.05644 0.31740 0.01146
v -0.05644 0.30708 -0.02522
v -0.03488 0.31740 -0.05489
v -0.05644 0.31740 -0.02522
v -0.03488 0.30708 -0.05489
v -0.03488 0.30708 -0.05489
v 0.00000 0.31740 -0.06622
v -0.03488 0.31740 -0.05489
v 0.00000 0.30708 -0.06622
v -0.03488 0.30708 -0.05489
v 0.03488 0.30708 -0.05489
v 0.00000 0.30708 -0.06622
v 0.05644 0.30708 0.01146
v 0.05644 0.30708 -0.02522
v -0.05644 0.30708 0.01146
v -0.05644 0.30708 -0.02522
v 0.00000 0.30708 0.05246
v -0.03488 0.30708 0.04113
v 0.03488 0.30708 0.04113
vn -0.0000 -0.0245 0.9997
vn -0.0000 -0.0245 0.9997
vn -0.0000 -0.0245 0.9997
vn -0.0000 -0.0245 0.9997
vn 0.9976 -0.0698 -0.0000
vn 0.9976 -0.0698 -0.0000
vn 0.9976 -0.0698 -0.0000
vn 0.9976 -0.0698 -0.0000
vn 0.0000 1.0000 -0.0000
vn 0.0000 1.0000 -0.0000
vn 0.0000 1.0000 -0.0000
vn 0.0000 1.0000 -0.0000
vn -0.9976 -0.0698 -0.0000
vn -0.9976 -0.0698 -0.0000
vn -0.9976 -0.0698 -0.0000
vn -0.9976 -0.0698 -0.0000
vn 0.0000 -0.0245 -0.9997
vn 0.0000 -0.0245 -0.9997
vn 0.0000 -0.0245 -0.9997
vn 0.0000 -0.0245 -0.9997
vn -0.5580 -0.6120 0.5604
vn -0.5580 -0.6120 0.5604
vn -0.5580 -0.6120 0.5604
vn -0.5942 0.5393 0.5968
vn -0.5942 0.5393 0.5968
vn -0.5942 0.5393 0.5968
vn -0.5580 -0.6120 -0.5604
vn -0.5580 -0.6120 -0.5604
vn -0.5580 -0.6120 -0.5604
vn -0.5942 0.5392 -0.5968
vn -0.5942 0.5392 -0.5968
vn -0.5942 0.5392 -0.5968
vn 0.5580 -0.6120 0.5604
vn 0.5580 -0.6120 0.5604
vn 0.5580 -0.6120 0.5604
vn 0.5942 0.5393 0.5968
vn 0.5942 0.5393 0.5968
vn 0.5942 0.5393 0.5968
vn 0.5580 -0.6121 -0.5604
vn 0.5580 -0.6121 -0.5604
vn 0.5580 -0.6121 -0.5604
vn 0.5942 0.5393 -0.5968
vn 0.5942 0.5393 -0.5968
vn 0.5942 0.5393 -0.5968
vn -0.6820 -0.7314 -0.0000
vn -0.6820 -0.7314 -0.0000
vn -0.6820 -0.7314 -0.0000
vn -0.6820 -0.7314 -0.0000
vn -0.7048 -0.0666 0.7062
vn -0.7048 -0.0666 0.7062
vn -0.7048 -0.0666 0.7062
vn -0.7048 -0.0666 0.7062
vn -0.7314 0.6820 0.0000
vn -0.7314 0.6820 0.0000
vn -0.7314 0.6820 0.0000
vn -0.7314 0.6820 0.0000
vn -0.7047 -0.0666 -0.7063
vn -0.7047 -0.0666 -0.7063
vn -0.7047 -0.0666 -0.7063
vn -0.7047 -0.0666 -0.7063
vn 0.0000 -0.7157 -0.6984
vn 0.0000 -0.7157 -0.6984
vn 0.0000 -0.7157 -0.6984
vn 0.0000 -0.7157 -0.6984
vn 0.0000 0.6984 -0.7157
vn 0.0000 0.6984 -0.7157
vn 0.0000 0.6984 -0.7157
vn 0.0000 0.6984 -0.7157
vn 0.7048 -0.0666 -0.7063
vn 0.7048 -0.0666 -0.7063
vn 0.7048 -0.0666 -0.7063
vn 0.7048 -0.0666 -0.7063
vn 0.6820 -0.7314 0.0000
vn 0.6820 -0.7314 0.0000
vn 0.6820 -0.7314 0.0000
vn 0.6820 -0.7314 0.0000
vn 0.7314 0.6820 0.0001
vn 0.7314 0.6820 0.0001
vn 0.7314 0.6820 0.0001
vn 0.7314 0.6820 0.0001
vn 0.7048 -0.0666 0.7063
vn 0.7048 -0.0666 0.7063
vn 0.7048 -0.0666 0.7063
vn 0.7048 -0.0666 0.7063
vn -0.0000 -0.7157 0.6984
vn -0.0000 -0.7157 0.6984
vn -0.0000 -0.7157 0.6984
vn -0.0000 -0.7157 0.6984
vn -0.0000 0.6984 0.7157
vn -0.0000 0.6984 0.7157
vn -0.0000 0.6984 0.7157
vn -0.0000 0.6984 0.7157
vn 0.0000 -1.0000 -0.0000
vn 0.0000 -1.0000 -0.0000
vn 0.0000 -1.0000 -0.0000
vn 0.0000 -1.0000 -0.0000
vn 0.1611 -0.8533 0.4960
vn 0.1611 -0.8533 0.4960
vn 0.1611 -0.8533 0.4960
vn 0.5215 -0.8533 -0.0000
vn 0.5215 -0.8533 -0.0000
vn 0.5215 -0.8533 -0.0000
vn -0.4219 -0.8533 0.3064
vn -0.4219 -0.8533 0.3064
vn -0.4219 -0.8533 0.3064
vn -0.4219 -0.8533 -0.3065
vn -0.4219 -0.8533 -0.3065
vn -0.4219 -0.8533 -0.3065
vn 0.1610 -0.8532 -0.4960
vn 0.1610 -0.8532 -0.4960
vn 0.1610 -0.8532 -0.4960
vn 0.9727 -0.2322 -0.0000
vn 0.9727 -0.2322 -0.0000
vn 0.9727 -0.2322 -0.0000
vn 0.3006 -0.2322 0.9251
vn 0.3006 -0.2322 0.9251
vn 0.3006 -0.2322 0.9251
vn -0.7870 -0.2322 0.5716
vn -0.7870 -0.2322 0.5716
vn -0.7870 -0.2322 0.5716
vn -0.7869 -0.2322 -0.5718
vn -0.7869 -0.2322 -0.5718
vn -0.7869 -0.2322 -0.5718
vn 0.3006 -0.2322 -0.9251
vn 0.3006 -0.2322 -0.9251
vn 0.3006 -0.2322 -0.9251
vn 0.7869 0.2322 0.5717
vn 0.7869 0.2322 0.5717
vn 0.7869 0.2322 0.5717
vn -0.3006 0.2322 0.9251
vn -0.3006 0.2322 0.9251
vn -0.3006 0.2322 0.9251
vn -0.9727 0.2322 -0.0000
vn -0.9727 0.2322 -0.0000
vn -0.9727 0.2322 -0.0000
vn -0.3006 0.2321 -0.9251
vn -0.3006 0.2321 -0.9251
vn -0.3006 0.2321 -0.9251
vn 0.7869 0.2322 -0.5717
vn 0.7869 0.2322 -0.5717
vn 0.7869 0.2322 -0.5717
vn 0.4218 0.8533 0.3065
vn 0.4218 0.8533 0.3065
vn 0.4218 0.8533 0.3065
vn -0.1611 0.8533 0.4960
vn -0.1611 0.8533 0.4960
vn -0.1611 0.8533 0.4960
vn -0.5215 0.8532 -0.0000
vn -0.5215 0.8532 -0.0000
vn -0.5215 0.8532 -0.0000
vn -0.1611 0.8532 -0.4960
vn -0.1611 0.8532 -0.4960
vn -0.1611 0.8532 -0.4960
vn 0.4219 0.8533 -0.3064
vn 0.4219 0.8533 -0.3064
vn 0.4219 0.8533 -0.3064
vn 0.3090 0.0000 -0.9511
vn 0.3090 0.0000 -0.9511
vn 0.3090 0.0000 -0.9511
vn 0.3090 0.0000 -0.9511
vn 0.8090 0.0000 -0.5878
vn 0.8090 0.0000 -0.5878
vn 0.8090 0.0000 -0.5878
vn 0.8090 0.0000 -0.5878
vn 1.0000 0.0000 -0.0000
vn 1.0000 0.0000 -0.0000
vn 1.0000 0.0000 -0.0000
vn 1.0000 0.0000 -0.0000
vn 0.8090 -0.0000 0.5878
vn 0.8090 -0.0000 0.5878
vn 0.8090 -0.0000 0.5878
vn 0.8090 -0.0000 0.5878
vn 0.3090 -0.0000 0.9511
vn 0.3090 -0.0000 0.9511
vn 0.3090 -0.0000 0.9511
vn 0.3090 -0.0000 0.9511
vn -0.3090 -0.0000 0.9511
vn -0.3090 -0.0000 0.9511
vn -0.3090 -0.0000 0.9511
vn -0.3090 -0.0000 0.9511
vn -0.8090 -0.0000 0.5878
vn -0.8090 -0.0000 0.5878
vn -0.8090 -0.0000 0.5878
vn -0.8090 -0.0000 0.5878
vn -1.0000 0.0000 -0.0000
vn -1.0000 0.0000 -0.0000
vn -1.0000 0.0000 -0.0000
vn -1.0000 0.0000 -0.0000
vn 0.0000 1.0000 -0.0000
vn 0.0000 1.0000 -0.0000
vn 0.0000 1.0000 -0.0000
vn 0.0000 1.0000 -0.0000
vn 0.0000 1.0000 -0.0000
vn 0.0000 1.0000 -0.0000
vn 0.0000 1.0000 -0.0000
vn 0.0000 1.0000 -0.0000
vn 0.0000 1.0000 -0.0000
vn 0.0000 1.0000 -0.0000
vn -0.8090 0.0000 -0.5878
vn -0.8090 0.0000 -0.5878
vn -0.8090 0.0000 -0.5878
vn -0.8090 0.0000 -0.5878
vn -0.3090 0.0000 -0.9511
vn -0.3090 0.0000 -0.9511
vn -0.3090 0.0000 -0.9511
vn -0.3090 0.0000 -0.9511
vn 0.0000 -1.0000 -0.0000
vn 0.0000 -1.0000 -0.0000
vn 0.0000 -1.0000 -0.0000
vn 0.0000 -1.0000 -0.0000
vn 0.0000 -1.0000 -0.0000
vn 0.0000 -1.0000 -0.0000
vn 0.0000 -1.0000 -0.0000
vn 0.0000 -1.0000 -0.0000
vn 0.0000 -1.0000 -0.0000
vn 0.0000 -1.0000 -0.0000
f 1321//1321 1323//1323 1322//1322
f 1324//1324 1326//1326 1325//1325
f 1327//1327 1329//1329 1328//1328
f 1330//1330 1332//1332 1331//1331
f 1333//1333 1335//1335 1334//1334
f 1336//1336 1338//1338 1337//1337
f 1339//1339 1341//1341 1340//1340
f 1342//1342 1344//1344 1343//1343
f 1345//1345 1347//1347 1346//1346
f 1348//1348 1350//1350 1349//1349
f 1351//1351 1353//1353 1352//1352
f 1354//1354 1356//1356 1355//1355
f 1357//1357 1359//1359 1358//1358
f 1360//1360 1362//1362 1361//1361
f 1363//1363 1365//1365 1364//1364
f 1366//1366 1368//1368 1367//1367
f 1369//1369 1371//1371 1370//1370
f 1372//1372 1374//1374 1373//1373
f 1375//1375 1377//1377 1376//1376
f 1378//1378 1380//1380 1379//1379
f 1381//1381 1383//1383 1382//1382
f 1381//1381 1382//1382 1384//1384
f 1385//1385 1387//1387 1386//1386
f 1385//1385 1386//1386 1388//1388
f 1389//1389 1391//1391 1390//1390
f 1389//1389 1390//1390 1392//1392
f 1393//1393 1395//1395 1394//1394
f 1393//1393 1394//1394 1396//1396
f 1397//1397 1399//1399 1398//1398
f 1397//1397 1398//1398 1400//1400
f 1401//1401 1403//1403 1402//1402
f 1401//1401 1402//1402 1404//1404
f 1405//1405 1407//1407 1406//1406
f 1405//1405 1406//1406 1408//1408
f 1409//1409 1411//1411 1410//1410
f 1409//1409 1410//1410 1412//1412
f 1413//1413 1415//1415 1414//1414
f 1413//1413 1414//1414 1416//1416
f 1414//1414 1417//1417 1416//1416
f 1416//1416 1418//1418 1413//1413
f 1418//1418 1419//1419 1413//1413
f 1416//1416 1420//1420 1418//1418
f 1420//1420 1421//1421 1418//1418
f 1416//1416 1422//1422 1420//1420
f 1423//1423 1425//1425 1424//1424
f 1423//1423 1424//1424 1426//1426
f 1427//1427 1429//1429 1428//1428
f 1427//1427 1428//1428 1430//1430
f 1431//1431 1433//1433 1432//1432
f 1431//1431 1432//1432 1434//1434
f 1432//1432 1435//1435 1434//1434
f 1434//1434 1436//1436 1431//1431
f 1436//1436 1437//1437 1431//1431
f 1434//1434 1438//1438 1436//1436
f 1438//1438 1439//1439 1436//1436
f 1434//1434 1440//1440 1438//1438
f 1225//1225 1227//1227 1226//1226
f 1225//1225 1226//1226 1228//1228
f 1229//1229 1231//1231 1230//1230
f 1229//1229 1230//1230 1232//1232
f 1233//1233 1235//1235 1234//1234
f 1233//1233 1234//1234 1236//1236
f 1237//1237 1239//1239 1238//1238
f 1237//1237 1238//1238 1240//1240
f 1241//1241 1243//1243 1242//1242
f 1241//1241 1242//1242 1244//1244
f 1245//1245 1247//1247 1246//1246
f 1248//1248 1250//1250 1249//1249
f 1251//1251 1253//1253 1252//1252
f 1254//1254 1256//1256 1255//1255
f 1257//1257 1259//1259 1258//1258
f 1260//1260 1262//1262 1261//1261
f 1263//1263 1265//1265 1264//1264
f 1266//1266 1268//1268 1267//1267
f 1269//1269 1271//1271 1270//1270
f 1269//1269 1270//1270 1272//1272
f 1273//1273 1275//1275 1274//1274
f 1273//1273 1274//1274 1276//1276
f 1277//1277 1279//1279 1278//1278
f 1277//1277 1278//1278 1280//1280
f 1281//1281 1283//1283 1282//1282
f 1281//1281 1282//1282 1284//1284
f 1285//1285 1287//1287 1286//1286
f 1285//1285 1286//1286 1288//1288
f 1289//1289 1291//1291 1290//1290
f 1289//1289 1290//1290 1292//1292
f 1293//1293 1295//1295 1294//1294
f 1293//1293 1294//1294 1296//1296
f 1297//1297 1299//1299 1298//1298
f 1297//1297 1298//1298 1300//1300
f 1301//1301 1303//1303 1302//1302
f 1301//1301 1302//1302 1304//1304
f 1305//1305 1307//1307 1306//1306
f 1305//1305 1306//1306 1308//1308
f 1309//1309 1311//1311 1310//1310
f 1309//1309 1310//1310 1312//1312
f 1313//1313 1315//1315 1314//1314
f 1313//1313 1314//1314 1316//1316
f 1317//1317 1319//1319 1318//1318
f 1317//1317 1318//1318 1320//1320
g body_metal_dark
usemtl metal_dark
v -0.07250 0.16500 0.05000
v -0.07250 0.17700 -0.05000
v -0.07250 0.17700 0.05000
v -0.07250 0.16500 -0.05000
v -0.07250 0.16500 -0.05000
v 0.07250 0.17700 -0.05000
v -0.07250 0.17700 -0.05000
v 0.07250 0.16500 -0.05000
v 0.07250 0.16500 -0.05000
v 0.07250 0.17700 0.05000
v 0.07250 0.17700 -0.05000
v 0.07250 0.16500 0.05000
v 0.07250 0.16500 0.05000
v -0.07250 0.17700 0.05000
v 0.07250 0.17700 0.05000
v -0.07250 0.16500 0.05000
v -0.07250 0.16500 -0.05000
v 0.07250 0.16500 0.05000
v 0.07250 0.16500 -0.05000
v -0.07250 0.16500 0.05000
v 0.07250 0.17700 -0.05000
v -0.07250 0.17700 0.05000
v -0.07250 0.17700 -0.05000
v 0.07250 0.17700 0.05000
v -0.07250 0.19500 0.05000
v -0.07250 0.20700 -0.05000
v -0.07250 0.20700 0.05000
v -0.07250 0.19500 -0.05000
v -0.07250 0.19500 -0.05000
v 0.07250 0.20700 -0.05000
v -0.07250 0.20700 -0.05000
v 0.07250 0.19500 -0.05000
v 0.07250 0.19500 -0.05000
v 0.07250 0.20700 0.05000
v 0.07250 0.20700 -0.05000
v 0.07250 0.19500 0.05000
v 0.07250 0.19500 0.05000
v -0.07250 0.20700 0.05000
v 0.07250 0.20700 0.05000
v -0.07250 0.19500 0.05000
v -0.07250 0.19500 -0.05000
v 0.07250 0.19500 0.05000
v 0.07250 0.19500 -0.05000
v -0.07250 0.19500 0.05000
v 0.07250 0.20700 -0.05000
v -0.07250 0.20700 0.05000
v -0.07250 0.20700 -0.05000
v 0.07250 0.20700 0.05000
v -0.07250 0.22500 0.05000
v -0.07250 0.23700 -0.05000
v -0.07250 0.23700 0.05000
v -0.07250 0.22500 -0.05000
v -0.07250 0.22500 -0.05000
v 0.07250 0.23700 -0.05000
v -0.07250 0.23700 -0.05000
v 0.07250 0.22500 -0.05000
v 0.07250 0.22500 -0.05000
v 0.07250 0.23700 0.05000
v 0.07250 0.23700 -0.05000
v 0.07250 0.22500 0.05000
v 0.07250 0.22500 0.05000
v -0.07250 0.23700 0.05000
v 0.07250 0.23700 0.05000
v -0.07250 0.22500 0.05000
v -0.07250 0.22500 -0.05000
v 0.07250 0.22500 0.05000
v 0.07250 0.22500 -0.05000
v -0.07250 0.22500 0.05000
v 0.07250 0.23700 -0.05000
v -0.07250 0.23700 0.05000
v -0.07250 0.23700 -0.05000
v 0.07250 0.23700 0.05000
vn -1.0000 0.0000 -0.0000
vn -1.0000 0.0000 -0.0000
vn -1.0000 0.0000 -0.0000
vn -1.0000 0.0000 -0.0000
vn 0.0000 0.0000 -1.0000
vn 0.0000 0.0000 -1.0000
vn 0.0000 0.0000 -1.0000
vn 0.0000 0.0000 -1.0000
vn 1.0000 0.0000 -0.0000
vn 1.0000 0.0000 -0.0000
vn 1.0000 0.0000 -0.0000
vn 1.0000 0.0000 -0.0000
vn -0.0000 -0.0000 1.0000
vn -0.0000 -0.0000 1.0000
vn -0.0000 -0.0000 1.0000
vn -0.0000 -0.0000 1.0000
vn 0.0000 -1.0000 -0.0000
vn 0.0000 -1.0000 -0.0000
vn 0.0000 -1.0000 -0.0000
vn 0.0000 -1.0000 -0.0000
vn 0.0000 1.0000 -0.0000
vn 0.0000 1.0000 -0.0000
vn 0.0000 1.0000 -0.0000
vn 0.0000 1.0000 -0.0000
vn -1.0000 0.0000 -0.0000
vn -1.0000 0.0000 -0.0000
vn -1.0000 0.0000 -0.0000
vn -1.0000 0.0000 -0.0000
vn 0.0000 0.0000 -1.0000
vn 0.0000 0.0000 -1.0000
vn 0.0000 0.0000 -1.0000
vn 0.0000 0.0000 -1.0000
vn 1.0000 0.0000 -0.0000
vn 1.0000 0.0000 -0.0000
vn 1.0000 0.0000 -0.0000
vn 1.0000 0.0000 -0.0000
vn -0.0000 -0.0000 1.0000
vn -0.0000 -0.0000 1.0000
vn -0.0000 -0.0000 1.0000
vn -0.0000 -0.0000 1.0000
vn 0.0000 -1.0000 -0.0000
vn 0.0000 -1.0000 -0.0000
vn 0.0000 -1.0000 -0.0000
vn 0.0000 -1.0000 -0.0000
vn 0.0000 1.0000 -0.0000
vn 0.0000 1.0000 -0.0000
vn 0.0000 1.0000 -0.0000
vn 0.0000 1.0000 -0.0000
vn -1.0000 0.0000 -0.0000
vn -1.0000 0.0000 -0.0000
vn -1.0000 0.0000 -0.0000
vn -1.0000 0.0000 -0.0000
vn 0.0000 0.0000 -1.0000
vn 0.0000 0.0000 -1.0000
vn 0.0000 0.0000 -1.0000
vn 0.0000 0.0000 -1.0000
vn 1.0000 0.0000 -0.0000
vn 1.0000 0.0000 -0.0000
vn 1.0000 0.0000 -0.0000
vn 1.0000 0.0000 -0.0000
vn -0.0000 -0.0000 1.0000
vn -0.0000 -0.0000 1.0000
vn -0.0000 -0.0000 1.0000
vn -0.0000 -0.0000 1.0000
vn 0.0000 -1.0000 -0.0000
vn 0.0000 -1.0000 -0.0000
vn 0.0000 -1.0000 -0.0000
vn 0.0000 -1.0000 -0.0000
vn 0.0000 1.0000 -0.0000
vn 0.0000 1.0000 -0.0000
vn 0.0000 1.0000 -0.0000
vn 0.0000 1.0000 -0.0000
f 1441//1441 1443//1443 1442//1442
f 1441//1441 1442//1442 1444//1444
f 1445//1445 1447//1447 1446//1446
f 1445//1445 1446//1446 1448//1448
f 1449//1449 1451//1451 1450//1450
f 1449//1449 1450//1450 1452//1452
f 1453//1453 1455//1455 1454//1454
f 1453//1453 1454//1454 1456//1456
f 1457//1457 1459//1459 1458//1458
f 1457//1457 1458//1458 1460//1460
f 1461//1461 1463//1463 1462//1462
f 1461//1461 1462//1462 1464//1464
f 1465//1465 1467//1467 1466//1466
f 1465//1465 1466//1466 1468//1468
f 1469//1469 1471//1471 1470//1470
f 1469//1469 1470//1470 1472//1472
f 1473//1473 1475//1475 1474//1474
f 1473//1473 1474//1474 1476//1476
f 1477//1477 1479//1479 1478//1478
f 1477//1477 1478//1478 1480//1480
f 1481//1481 1483//1483 1482//1482
f 1481//1481 1482//1482 1484//1484
f 1485//1485 1487//1487 1486//1486
f 1485//1485 1486//1486 1488//1488
f 1489//1489 1491//1491 1490//1490
f 1489//1489 1490//1490 1492//1492
f 1493//1493 1495//1495 1494//1494
f 1493//1493 1494//1494 1496//1496
f 1497//1497 1499//1499 1498//1498
f 1497//1497 1498//1498 1500//1500
f 1501//1501 1503//1503 1502//1502
f 1501//1501 1502//1502 1504//1504
f 1505//1505 1507//1507 1506//1506
f 1505//1505 1506//1506 1508//1508
f 1509//1509 1511//1511 1510//1510
f 1509//1509 1510//1510 1512//1512
g body_gold
usemtl gold
v -0.14724 0.25032 0.06900
v 0.00324 0.04704 0.06900
v 0.00324 0.25032 0.06900
v -0.14724 0.04704 0.06900
v -0.14724 0.25032 0.07900
v 0.00324 0.04704 0.07900
v -0.14724 0.04704 0.07900
v 0.00324 0.25032 0.07900
v -0.14724 0.25032 0.06900
v -0.14724 0.04704 0.07900
v -0.14724 0.04704 0.06900
v -0.14724 0.25032 0.07900
v -0.14724 0.04704 0.06900
v 0.00324 0.04704 0.07900
v 0.00324 0.04704 0.06900
v -0.14724 0.04704 0.07900
v 0.00324 0.04704 0.06900
v 0.00324 0.25032 0.07900
v 0.00324 0.25032 0.06900
v 0.00324 0.04704 0.07900
v 0.00324 0.25032 0.06900
v -0.14724 0.25032 0.07900
v -0.14724 0.25032 0.06900
v 0.00324 0.25032 0.07900
vn 0.0000 0.0000 -1.0000
vn 0.0000 0.0000 -1.0000
vn 0.0000 0.0000 -1.0000
vn 0.0000 0.0000 -1.0000
vn -0.0000 -0.0000 1.0000
vn -0.0000 -0.0000 1.0000
vn -0.0000 -0.0000 1.0000
vn -0.0000 -0.0000 1.0000
vn -1.0000 0.0000 -0.0000
vn -1.0000 0.0000 -0.0000
vn -1.0000 0.0000 -0.0000
vn -1.0000 0.0000 -0.0000
vn 0.0000 -1.0000 -0.0000
vn 0.0000 -1.0000 -0.0000
vn 0.0000 -1.0000 -0.0000
vn 0.0000 -1.0000 -0.0000
vn 1.0000 0.0000 -0.0000
vn 1.0000 0.0000 -0.0000
vn 1.0000 0.0000 -0.0000
vn 1.0000 0.0000 -0.0000
vn 0.0000 1.0000 -0.0000
vn 0.0000 1.0000 -0.0000
vn 0.0000 1.0000 -0.0000
vn 0.0000 1.0000 -0.0000
f 1513//1513 1515//1515 1514//1514
f 1513//1513 1514//1514 1516//1516
f 1517//1517 1519//1519 1518//1518
f 1517//1517 1518//1518 1520//1520
f 1521//1521 1523//1523 1522//1522
f 1521//1521 1522//1522 1524//1524
f 1525//1525 1527//1527 1526//1526
f 1525//1525 1526//1526 1528//1528
f 1529//1529 1531//1531 1530//1530
f 1529//1529 1530//1530 1532//1532
f 1533//1533 1535//1535 1534//1534
f 1533//1533 1534//1534 1536//1536
g body_blazon
usemtl blazon
v -0.13800 0.24240 0.07500
v -0.00600 0.05760 0.07500
v -0.00600 0.24240 0.07500
v -0.13800 0.05760 0.07500
v -0.13800 0.24240 0.08900
v -0.00600 0.05760 0.08900
v -0.13800 0.05760 0.08900
v -0.00600 0.24240 0.08900
v -0.13800 0.24240 0.07500
v -0.13800 0.05760 0.08900
v -0.13800 0.05760 0.07500
v -0.13800 0.24240 0.08900
v -0.13800 0.05760 0.07500
v -0.00600 0.05760 0.08900
v -0.00600 0.05760 0.07500
v -0.13800 0.05760 0.08900
v -0.00600 0.05760 0.07500
v -0.00600 0.24240 0.08900
v -0.00600 0.24240 0.07500
v -0.00600 0.05760 0.08900
v -0.00600 0.24240 0.07500
v -0.13800 0.24240 0.08900
v -0.13800 0.24240 0.07500
v -0.00600 0.24240 0.08900
vn 0.0000 0.0000 -1.0000
vn 0.0000 0.0000 -1.0000
vn 0.0000 0.0000 -1.0000
vn 0.0000 0.0000 -1.0000
vn -0.0000 -0.0000 1.0000
vn -0.0000 -0.0000 1.0000
vn -0.0000 -0.0000 1.0000
vn -0.0000 -0.0000 1.0000
vn -1.0000 0.0000 -0.0000
vn -1.0000 0.0000 -0.0000
vn -1.0000 0.0000 -0.0000
vn -1.0000 0.0000 -0.0000
vn 0.0000 -1.0000 -0.0000
vn 0.0000 -1.0000 -0.0000
vn 0.0000 -1.0000 -0.0000
vn 0.0000 -1.0000 -0.0000
vn 1.0000 0.0000 -0.0000
vn 1.0000 0.0000 -0.0000
vn 1.0000 0.0000 -0.0000
vn 1.0000 0.0000 -0.0000
vn 0.0000 1.0000 -0.0000
vn 0.0000 1.0000 -0.0000
vn 0.0000 1.0000 -0.0000
vn 0.0000 1.0000 -0.0000
f 1537//1537 1539//1539 1538//1538
f 1537//1537 1538//1538 1540//1540
f 1541//1541 1543//1543 1542//1542
f 1541//1541 1542//1542 1544//1544
f 1545//1545 1547//1547 1546//1546
f 1545//1545 1546//1546 1548//1548
f 1549//1549 1551//1551 1550//1550
f 1549//1549 1550//1550 1552//1552
f 1553//1553 1555//1555 1554//1554
f 1553//1553 1554//1554 1556//1556
f 1557//1557 1559//1559 1558//1558
f 1557//1557 1558//1558 1560//1560
o tool
g tool_leather
usemtl leather
v 0.09200 0.13000 0.03600
v 0.09200 0.17000 0.02400
v 0.09200 0.17000 0.03600
v 0.09200 0.13000 0.02400
v 0.09200 0.13000 0.02400
v 0.10800 0.17000 0.02400
v 0.09200 0.17000 0.02400
v 0.10800 0.13000 0.02400
v 0.10800 0.13000 0.02400
v 0.10800 0.17000 0.03600
v 0.10800 0.17000 0.02400
v 0.10800 0.13000 0.03600
v 0.10800 0.13000 0.03600
v 0.09200 0.17000 0.03600
v 0.10800 0.17000 0.03600
v 0.09200 0.13000 0.03600
v 0.09200 0.13000 0.02400
v 0.10800 0.13000 0.03600
v 0.10800 0.13000 0.02400
v 0.09200 0.13000 0.03600
v 0.10800 0.17000 0.02400
v 0.09200 0.17000 0.03600
v 0.09200 0.17000 0.02400
v 0.10800 0.17000 0.03600
vn 0.0000 1.0000 -0.0000
vn 0.0000 1.0000 -0.0000
vn 0.0000 1.0000 -0.0000
vn 0.0000 1.0000 -0.0000
vn -0.7071 0.7071 -0.0000
vn -0.7071 0.7071 -0.0000
vn -0.7071 0.7071 -0.0000
vn -0.7071 0.7071 -0.0000
vn 0.7071 -0.0000 0.7071
vn 0.7071 -0.0000 0.7071
vn 0.7071 -0.0000 0.7071
vn 0.7071 -0.0000 0.7071
vn -0.0000 -0.0000 1.0000
vn -0.0000 -0.0000 1.0000
vn -0.0000 -0.0000 1.0000
vn -0.0000 -0.0000 1.0000
vn -0.0000 -0.7071 0.7071
vn -0.0000 -0.7071 0.7071
vn -0.0000 -0.7071 0.7071
vn -0.0000 -0.7071 0.7071
vn -0.0000 0.7071 0.7071
vn -0.0000 0.7071 0.7071
vn -0.0000 0.7071 0.7071
vn -0.0000 0.7071 0.7071
f 1561//1561 1563//1563 1562//1562
f 1561//1561 1562//1562 1564//1564
f 1565//1565 1567//1567 1566//1566
f 1565//1565 1566//1566 1568//1568
f 1569//1569 1571//1571 1570//1570
f 1569//1569 1570//1570 1572//1572
f 1573//1573 1575//1575 1574//1574
f 1573//1573 1574//1574 1576//1576
f 1577//1577 1579//1579 1578//1578
f 1577//1577 1578//1578 1580//1580
f 1581//1581 1583//1583 1582//1582
f 1581//1581 1582//1582 1584//1584
g tool_gold
usemtl gold
v 0.12700 0.17300 0.03800
v 0.07300 0.18100 0.03800
v 0.12700 0.18100 0.03800
v 0.07300 0.17300 0.03800
v 0.13000 0.17300 0.02500
v 0.13000 0.18100 0.03500
v 0.13000 0.18100 0.02500
v 0.13000 0.17300 0.03500
v 0.12700 0.18400 0.02500
v 0.07300 0.18400 0.03500
v 0.07300 0.18400 0.02500
v 0.12700 0.18400 0.03500
v 0.07000 0.17300 0.03500
v 0.07000 0.18100 0.02500
v 0.07000 0.18100 0.03500
v 0.07000 0.17300 0.02500
v 0.07300 0.17300 0.02200
v 0.12700 0.18100 0.02200
v 0.07300 0.18100 0.02200
v 0.12700 0.17300 0.02200
v 0.07300 0.17000 0.03500
v 0.07000 0.17300 0.03500
v 0.07300 0.17300 0.03800
v 0.07300 0.18100 0.03800
v 0.07000 0.18100 0.03500
v 0.07300 0.18400 0.03500
v 0.07300 0.17000 0.02500
v 0.07300 0.17300 0.02200
v 0.07000 0.17300 0.02500
v 0.07300 0.18400 0.02500
v 0.07000 0.18100 0.02500
v 0.07300 0.18100 0.02200
v 0.12700 0.17000 0.03500
v 0.12700 0.17300 0.03800
v 0.13000 0.17300 0.03500
v 0.12700 0.18400 0.03500
v 0.13000 0.18100 0.03500
v 0.12700 0.18100 0.03800
v 0.12700 0.17000 0.02500
v 0.13000 0.17300 0.02500
v 0.12700 0.17300 0.02200
v 0.12700 0.18400 0.02500
v 0.12700 0.18100 0.02200
v 0.13000 0.18100 0.02500
v 0.07300 0.17000 0.02500
v 0.07000 0.17300 0.03500
v 0.07300 0.17000 0.03500
v 0.07000 0.17300 0.02500
v 0.07300 0.17300 0.03800
v 0.07000 0.18100 0.03500
v 0.07300 0.18100 0.03800
v 0.07000 0.17300 0.03500
v 0.07300 0.18400 0.03500
v 0.07000 0.18100 0.02500
v 0.07300 0.18400 0.02500
v 0.07000 0.18100 0.03500
v 0.07300 0.18100 0.02200
v 0.07000 0.17300 0.02500
v 0.07300 0.17300 0.02200
v 0.07000 0.18100 0.02500
v 0.12700 0.17000 0.02500
v 0.07300 0.17300 0.02200
v 0.07300 0.17000 0.02500
v 0.12700 0.17300 0.02200
v 0.07300 0.18400 0.02500
v 0.12700 0.18100 0.02200
v 0.12700 0.18400 0.02500
v 0.07300 0.18100 0.02200
v 0.13000 0.18100 0.02500
v 0.12700 0.17300 0.02200
v 0.13000 0.17300 0.02500
v 0.12700 0.18100 0.02200
v 0.12700 0.17000 0.03500
v 0.13000 0.17300 0.02500
v 0.12700 0.17000 0.02500
v 0.13000 0.17300 0.03500
v 0.12700 0.18400 0.02500
v 0.13000 0.18100 0.03500
v 0.12700 0.18400 0.03500
v 0.13000 0.18100 0.02500
v 0.12700 0.18100 0.03800
v 0.13000 0.17300 0.03500
v 0.12700 0.17300 0.03800
v 0.13000 0.18100 0.03500
v 0.07300 0.17000 0.03500
v 0.12700 0.17300 0.03800
v 0.12700 0.17000 0.03500
v 0.07300 0.17300 0.03800
v 0.12700 0.18400 0.03500
v 0.07300 0.18100 0.03800
v 0.07300 0.18400 0.03500
v 0.12700 0.18100 0.03800
v 0.07300 0.17000 0.02500
v 0.12700 0.17000 0.03500
v 0.12700 0.17000 0.02500
v 0.07300 0.17000 0.03500
vn -0.0000 -0.0000 1.0000
vn -0.0000 -0.0000 1.0000
vn -0.0000 -0.0000 1.0000
vn -0.0000 -0.0000 1.0000
vn 1.0000 0.0000 -0.0000
vn 1.0000 0.0000 -0.0000
vn 1.0000 0.0000 -0.0000
vn 1.0000 0.0000 -0.0000
vn 0.0000 1.0000 -0.0000
vn 0.0000 1.0000 -0.0000
vn 0.0000 1.0000 -0.0000
vn 0.0000 1.0000 -0.0000
vn -1.0000 0.0000 -0.0000
vn -1.0000 0.0000 -0.0000
vn -1.0000 0.0000 -0.0000
vn -1.0000 0.0000 -0.0000
vn 0.0000 0.0000 -1.0000
vn 0.0000 0.0000 -1.0000
vn 0.0000 0.0000 -1.0000
vn 0.0000 0.0000 -1.0000
vn -0.5774 -0.5774 0.5772
vn -0.5774 -0.5774 0.5772
vn -0.5774 -0.5774 0.5772
vn -0.5773 0.5774 0.5774
vn -0.5773 0.5774 0.5774
vn -0.5773 0.5774 0.5774
vn -0.5774 -0.5774 -0.5773
vn -0.5774 -0.5774 -0.5773
vn -0.5774 -0.5774 -0.5773
vn -0.5773 0.5774 -0.5774
vn -0.5773 0.5774 -0.5774
vn -0.5773 0.5774 -0.5774
vn 0.5774 -0.5774 0.5773
vn 0.5774 -0.5774 0.5773
vn 0.5774 -0.5774 0.5773
vn 0.5772 0.5774 0.5775
vn 0.5772 0.5774 0.5775
vn 0.5772 0.5774 0.5775
vn 0.5774 -0.5774 -0.5772
vn 0.5774 -0.5774 -0.5772
vn 0.5774 -0.5774 -0.5772
vn 0.5773 0.5774 -0.5773
vn 0.5773 0.5774 -0.5773
vn 0.5773 0.5774 -0.5773
vn -0.7071 -0.7071 -0.0001
vn -0.7071 -0.7071 -0.0001
vn -0.7071 -0.7071 -0.0001
vn -0.7071 -0.7071 -0.0001
vn -0.7071 -0.0000 0.7071
vn -0.7071 -0.0000 0.7071
vn -0.7071 -0.0000 0.7071
vn -0.7071 -0.0000 0.7071
vn -0.7071 0.7071 -0.0000
vn -0.7071 0.7071 -0.0000
vn -0.7071 0.7071 -0.0000
vn -0.7071 0.7071 -0.0000
vn -0.7071 0.0000 -0.7071
vn -0.7071 0.0000 -0.7071
vn -0.7071 0.0000 -0.7071
vn -0.7071 0.0000 -0.7071
vn 0.0000 -0.7071 -0.7071
vn 0.0000 -0.7071 -0.7071
vn 0.0000 -0.7071 -0.7071
vn 0.0000 -0.7071 -0.7071
vn 0.0000 0.7071 -0.7071
vn 0.0000 0.7071 -0.7071
vn 0.0000 0.7071 -0.7071
vn 0.0000 0.7071 -0.7071
vn 0.7071 0.0000 -0.7071
vn 0.7071 0.0000 -0.7071
vn 0.7071 0.0000 -0.7071
vn 0.7071 0.0000 -0.7071
vn 0.7071 -0.7071 -0.0000
vn 0.7071 -0.7071 -0.0000
vn 0.7071 -0.7071 -0.0000
vn 0.7071 -0.7071 -0.0000
vn 0.7071 0.7071 0.0000
vn 0.7071 0.7071 0.0000
vn 0.7071 0.7071 0.0000
vn 0.7071 0.7071 0.0000
vn 0.7071 -0.0000 0.7071
vn 0.7071 -0.0000 0.7071
vn 0.7071 -0.0000 0.7071
vn 0.7071 -0.0000 0.7071
vn -0.0000 -0.7071 0.7071
vn -0.0000 -0.7071 0.7071
vn -0.0000 -0.7071 0.7071
vn -0.0000 -0.7071 0.7071
vn -0.0000 0.7071 0.7071
vn -0.0000 0.7071 0.7071
vn -0.0000 0.7071 0.7071
vn -0.0000 0.7071 0.7071
vn 0.0000 -1.0000 -0.0000
vn 0.0000 -1.0000 -0.0000
vn 0.0000 -1.0000 -0.0000
vn 0.0000 -1.0000 -0.0000
f 1585//1585 1587//1587 1586//1586
f 1585//1585 1586//1586 1588//1588
f 1589//1589 1591//1591 1590//1590
f 1589//1589 1590//1590 1592//1592
f 1593//1593 1595//1595 1594//1594
f 1593//1593 1594//1594 1596//1596
f 1597//1597 1599//1599 1598//1598
f 1597//1597 1598//1598 1600//1600
f 1601//1601 1603//1603 1602//1602
f 1601//1601 1602//1602 1604//1604
f 1605//1605 1607//1607 1606//1606
f 1608//1608 1610//1610 1609//1609
f 1611//1611 1613//1613 1612//1612
f 1614//1614 1616//1616 1615//1615
f 1617//1617 1619//1619 1618//1618
f 1620//1620 1622//1622 1621//1621
f 1623//1623 1625//1625 1624//1624
f 1626//1626 1628//1628 1627//1627
f 1629//1629 1631//1631 1630//1630
f 1629//1629 1630//1630 1632//1632
f 1633//1633 1635//1635 1634//1634
f 1633//1633 1634//1634 1636//1636
f 1637//1637 1639//1639 1638//1638
f 1637//1637 1638//1638 1640//1640
f 1641//1641 1643//1643 1642//1642
f 1641//1641 1642//1642 1644//1644
f 1645//1645 1647//1647 1646//1646
f 1645//1645 1646//1646 1648//1648
f 1649//1649 1651//1651 1650//1650
f 1649//1649 1650//1650 1652//1652
f 1653//1653 1655//1655 1654//1654
f 1653//1653 1654//1654 1656//1656
f 1657//1657 1659//1659 1658//1658
f 1657//1657 1658//1658 1660//1660
f 1661//1661 1663//1663 1662//1662
f 1661//1661 1662//1662 1664//1664
f 1665//1665 1667//1667 1666//1666
f 1665//1665 1666//1666 1668//1668
f 1669//1669 1671//1671 1670//1670
f 1669//1669 1670//1670 1672//1672
f 1673//1673 1675//1675 1674//1674
f 1673//1673 1674//1674 1676//1676
f 1677//1677 1679//1679 1678//1678
f 1677//1677 1678//1678 1680//1680
g tool_metal
usemtl metal
v 0.08700 0.18400 0.03400
v 0.09350 0.29400 0.02600
v 0.09350 0.29400 0.03400
v 0.08700 0.18400 0.02600
v 0.08700 0.18400 0.02600
v 0.10650 0.29400 0.02600
v 0.09350 0.29400 0.02600
v 0.11300 0.18400 0.02600
v 0.11300 0.18400 0.02600
v 0.10650 0.29400 0.03400
v 0.10650 0.29400 0.02600
v 0.11300 0.18400 0.03400
v 0.11300 0.18400 0.03400
v 0.09350 0.29400 0.03400
v 0.10650 0.29400 0.03400
v 0.08700 0.18400 0.03400
v 0.08700 0.18400 0.02600
v 0.11300 0.18400 0.03400
v 0.11300 0.18400 0.02600
v 0.08700 0.18400 0.03400
v 0.10650 0.29400 0.02600
v 0.09350 0.29400 0.03400
v 0.09350 0.29400 0.02600
v 0.10650 0.29400 0.03400
vn -0.0001 0.9983 0.0589
vn -0.0001 0.9983 0.0589
vn -0.0001 0.9983 0.0589
vn -0.0001 0.9983 0.0589
vn -0.7071 0.7071 -0.0000
vn -0.7071 0.7071 -0.0000
vn -0.7071 0.7071 -0.0000
vn -0.7071 0.7071 -0.0000
vn -0.7059 -0.0414 -0.7071
vn -0.7059 -0.0414 -0.7071
vn -0.7059 -0.0414 -0.7071
vn -0.7059 -0.0414 -0.7071
vn -0.0000 -0.0000 1.0000
vn -0.0000 -0.0000 1.0000
vn -0.0000 -0.0000 1.0000
vn -0.0000 -0.0000 1.0000
vn -0.0000 -0.7071 0.7071
vn -0.0000 -0.7071 0.7071
vn -0.0000 -0.7071 0.7071
vn -0.0000 -0.7071 0.7071
vn -0.0000 0.7071 0.7071
vn -0.0000 0.7071 0.7071
vn -0.0000 0.7071 0.7071
vn -0.0000 0.7071 0.7071
f 1681//1681 1683//1683 1682//1682
f 1681//1681 1682//1682 1684//1684
f 1685//1685 1687//1687 1686//1686
f 1685//1685 1686//1686 1688//1688
f 1689//1689 1691//1691 1690//1690
f 1689//1689 1690//1690 1692//1692
f 1693//1693 1695//1695 1694//1694
f 1693//1693 1694//1694 1696//1696
f 1697//1697 1699//1699 1698//1698
f 1697//1697 1698//1698 1700//1700
f 1701//1701 1703//1703 1702//1702
f 1701//1701 1702//1702 1704//1704
