mtllib mercenary.mtl
o body
g body_leather
usemtl leather
v 0.06561 0.14400 0.04725
v -0.06561 0.15200 0.04725
v 0.06561 0.15200 0.04725
v -0.06561 0.14400 0.04725
v 0.06961 0.14400 -0.04325
v 0.06961 0.15200 0.04325
v 0.06961 0.15200 -0.04325
v 0.06961 0.14400 0.04325
v 0.06561 0.15600 -0.04325
v -0.06561 0.15600 0.04325
v -0.06561 0.15600 -0.04325
v 0.06561 0.15600 0.04325
v -0.06961 0.14400 0.04325
v -0.06961 0.15200 -0.04325
v -0.06961 0.15200 0.04325
v -0.06961 0.14400 -0.04325
v -0.06561 0.14400 -0.04725
v 0.06561 0.15200 -0.04725
v -0.06561 0.15200 -0.04725
v 0.06561 0.14400 -0.04725
v -0.06561 0.14000 0.04325
v -0.06961 0.14400 0.04325
v -0.06561 0.14400 0.04725
v -0.06561 0.15200 0.04725
v -0.06961 0.15200 0.04325
v -0.06561 0.15600 0.04325
v -0.06561 0.14000 -0.04325
v -0.06561 0.14400 -0.04725
v -0.06961 0.14400 -0.04325
v -0.06561 0.15600 -0.04325
v -0.06961 0.15200 -0.04325
v -0.06561 0.15200 -0.04725
v 0.06561 0.14000 0.04325
v 0.06561 0.14400 0.04725
v 0.06961 0.14400 0.04325
v 0.06561 0.15600 0.04325
v 0.06961 0.15200 0.04325
v 0.06561 0.15200 0.04725
v 0.06561 0.14000 -0.04325
v 0.06961 0.14400 -0.04325
v 0.06561 0.14400 -0.04725
v 0.06561 0.15600 -0.04325
v 0.06561 0.15200 -0.04725
v 0.06961 0.15200 -0.04325
v -0.06561 0.14000 -0.04325
v -0.06961 0.14400 0.04325
v -0.06561 0.14000 0.04325
v -0.06961 0.14400 -0.04325
v -0.06561 0.14400 0.04725
v -0.06961 0.15200 0.04325
v -0.06561 0.15200 0.04725
v -0.06961 0.14400 0.04325
v -0.06561 0.15600 0.04325
v -0.06961 0.15200 -0.04325
v -0.06561 0.15600 -0.04325
v -0.06961 0.15200 0.04325
v -0.06561 0.15200 -0.04725
v -0.06961 0.14400 -0.04325
v -0.06561 0.14400 -0.04725
v -0.06961 0.15200 -0.04325
v 0.06561 0.14000 -0.04325
v -0.06561 0.14400 -0.04725
v -0.06561 0.14000 -0.04325
v 0.06561 0.14400 -0.04725
v -0.06561 0.15600 -0.04325
v 0.06561 0.15200 -0.04725
v 0.06561 0.15600 -0.04325
v -0.06561 0.15200 -0.04725
v 0.06961 0.15200 -0.04325
v 0.06561 0.14400 -0.04725
v 0.06961 0.14400 -0.04325
v 0.06561 0.15200 -0.04725
v 0.06561 0.14000 0.04325
v 0.06961 0.14400 -0.04325
v 0.06561 0.14000 -0.04325
v 0.06961 0.14400 0.04325
v 0.06561 0.15600 -0.04325
v 0.06961 0.15200 0.04325
v 0.06561 0.15600 0.04325
v 0.06961 0.15200 -0.04325
v 0.06561 0.15200 0.04725
v 0.06961 0.14400 0.04325
v 0.06561 0.14400 0.04725
v 0.06961 0.15200 0.04325
v -0.06561 0.14000 0.04325
v 0.06561 0.14400 0.04725
v 0.06561 0.14000 0.04325
v -0.06561 0.14400 0.04725
v 0.06561 0.15600 0.04325
v -0.06561 0.15200 0.04725
v -0.06561 0.15600 0.04325
v 0.06561 0.15200 0.04725
v -0.06561 0.14000 -0.04325
v 0.06561 0.14000 0.04325
v 0.06561 0.14000 -0.04325
v -0.06561 0.14000 0.04325
v 0.00000 0.14420 0.03800
v 0.04560 0.24100 0.03800
v -0.04560 0.24100 0.03800
v -0.04560 0.24100 0.04800
v 0.04560 0.24100 0.04800
v 0.00000 0.14420 0.04800
v -0.04560 0.24100 0.03800
v -0.04560 0.24100 0.04800
v 0.00000 0.14420 0.03800
v 0.00000 0.14420 0.04800
v 0.00000 0.14420 0.03800
v 0.04560 0.24100 0.04800
v 0.04560 0.24100 0.03800
v 0.00000 0.14420 0.04800
v 0.04560 0.24100 0.03800
v -0.04560 0.24100 0.04800
v -0.04560 0.24100 0.03800
v 0.04560 0.24100 0.04800
v -0.01800 0.00800 0.04050
v -0.05200 0.02200 0.04050
v -0.01800 0.02200 0.04050
v -0.05200 0.00800 0.04050
v -0.01000 0.00800 -0.01650
v -0.01000 0.02200 0.03250
v -0.01000 0.02200 -0.01650
v -0.01000 0.00800 0.03250
v -0.01800 0.03000 -0.01650
v -0.05200 0.03000 0.03250
v -0.05200 0.03000 -0.01650
v -0.01800 0.03000 0.03250
v -0.06000 0.00800 0.03250
v -0.06000 0.02200 -0.01650
v -0.06000 0.02200 0.03250
v -0.06000 0.00800 -0.01650
v -0.05200 0.00800 -0.02450
v -0.01800 0.02200 -0.02450
v -0.05200 0.02200 -0.02450
v -0.01800 0.00800 -0.02450
v -0.05200 0.00000 0.03250
v -0.06000 0.00800 0.03250
v -0.05200 0.00800 0.04050
v -0.05200 0.02200 0.04050
v -0.06000 0.02200 0.03250
v -0.05200 0.03000 0.03250
v -0.05200 0.00000 -0.01650
v -0.05200 0.00800 -0.02450
v -0.06000 0.00800 -0.01650
v -0.05200 0.03000 -0.01650
v -0.06000 0.02200 -0.01650
v -0.05200 0.02200 -0.02450
v -0.01800 0.00000 0.03250
v -0.01800 0.00800 0.04050
v -0.01000 0.00800 0.03250
v -0.01800 0.03000 0.03250
v -0.01000 0.02200 0.03250
v -0.01800 0.02200 0.04050
v -0.01800 0.00000 -0.01650
v -0.01000 0.00800 -0.01650
v -0.01800 0.00800 -0.02450
v -0.01800 0.03000 -0.01650
v -0.01800 0.02200 -0.02450
v -0.01000 0.02200 -0.01650
v -0.05200 0.00000 -0.01650
v -0.06000 0.00800 0.03250
v -0.05200 0.00000 0.03250
v -0.06000 0.00800 -0.01650
v -0.05200 0.00800 0.04050
v -0.06000 0.02200 0.03250
v -0.05200 0.02200 0.04050
v -0.06000 0.00800 0.03250
v -0.05200 0.03000 0.03250
v -0.06000 0.02200 -0.01650
v -0.05200 0.03000 -0.01650
v -0.06000 0.02200 0.03250
v -0.05200 0.02200 -0.02450
v -0.06000 0.00800 -0.01650
v -0.05200 0.00800 -0.02450
v -0.06000 0.02200 -0.01650
v -0.01800 0.00000 -0.01650
v -0.05200 0.00800 -0.02450
v -0.05200 0.00000 -0.01650
v -0.01800 0.00800 -0.02450
v -0.05200 0.03000 -0.01650
v -0.01800 0.02200 -0.02450
v -0.01800 0.03000 -0.01650
v -0.05200 0.02200 -0.02450
v -0.01000 0.02200 -0.01650
v -0.01800 0.00800 -0.02450
v -0.01000 0.00800 -0.01650
v -0.01800 0.02200 -0.02450
v -0.01800 0.00000 0.03250
v -0.01000 0.00800 -0.01650
v -0.01800 0.00000 -0.01650
v -0.01000 0.00800 0.03250
v -0.01800 0.03000 -0.01650
v -0.01000 0.02200 0.03250
v -0.01800 0.03000 0.03250
v -0.01000 0.02200 -0.01650
v -0.01800 0.02200 0.04050
v -0.01000 0.00800 0.03250
v -0.01800 0.00800 0.04050
v -0.01000 0.02200 0.03250
v -0.05200 0.00000 0.03250
v -0.01800 0.00800 0.04050
v -0.01800 0.00000 0.03250
v -0.05200 0.00800 0.04050
v -0.01800 0.03000 0.03250
v -0.05200 0.02200 0.04050
v -0.05200 0.03000 0.03250
v -0.01800 0.02200 0.04050
v -0.05200 0.00000 -0.01650
v -0.01800 0.00000 0.03250
v -0.01800 0.00000 -0.01650
v -0.05200 0.00000 0.03250
v 0.05200 0.00800 0.04050
v 0.01800 0.02200 0.04050
v 0.05200 0.02200 0.04050
v 0.01800 0.00800 0.04050
v 0.06000 0.00800 -0.01650
v 0.06000 0.02200 0.03250
v 0.06000 0.02200 -0.01650
v 0.06000 0.00800 0.03250
v 0.05200 0.03000 -0.01650
v 0.01800 0.03000 0.03250
v 0.01800 0.03000 -0.01650
v 0.05200 0.03000 0.03250
v 0.01000 0.00800 0.03250
v 0.01000 0.02200 -0.01650
v 0.01000 0.02200 0.03250
v 0.01000 0.00800 -0.01650
v 0.01800 0.00800 -0.02450
v 0.05200 0.02200 -0.02450
v 0.01800 0.02200 -0.02450
v 0.05200 0.00800 -0.02450
v 0.01800 0.00000 0.03250
v 0.01000 0.00800 0.03250
v 0.01800 0.00800 0.04050
v 0.01800 0.02200 0.04050
v 0.01000 0.02200 0.03250
v 0.01800 0.03000 0.03250
v 0.01800 0.00000 -0.01650
v 0.01800 0.00800 -0.02450
v 0.01000 0.00800 -0.01650
v 0.01800 0.03000 -0.01650
v 0.01000 0.02200 -0.01650
v 0.01800 0.02200 -0.02450
v 0.05200 0.00000 0.03250
v 0.05200 0.00800 0.04050
v 0.06000 0.00800 0.03250
v 0.05200 0.03000 0.03250
v 0.06000 0.02200 0.03250
v 0.05200 0.02200 0.04050
v 0.05200 0.00000 -0.01650
v 0.06000 0.00800 -0.01650
v 0.05200 0.00800 -0.02450
v 0.05200 0.03000 -0.01650
v 0.05200 0.02200 -0.02450
v 0.06000 0.02200 -0.01650
v 0.01800 0.00000 -0.01650
v 0.01000 0.00800 0.03250
v 0.01800 0.00000 0.03250
v 0.01000 0.00800 -0.01650
v 0.01800 0.00800 0.04050
v 0.01000 0.02200 0.03250
v 0.01800 0.02200 0.04050
v 0.01000 0.00800 0.03250
v 0.01800 0.03000 0.03250
v 0.01000 0.02200 -0.01650
v 0.01800 0.03000 -0.01650
v 0.01000 0.02200 0.03250
v 0.01800 0.02200 -0.02450
v 0.01000 0.00800 -0.01650
v 0.01800 0.00800 -0.02450
v 0.01000 0.02200 -0.01650
v 0.05200 0.00000 -0.01650
v 0.01800 0.00800 -0.02450
v 0.01800 0.00000 -0.01650
v 0.05200 0.00800 -0.02450
v 0.01800 0.03000 -0.01650
v 0.05200 0.02200 -0.02450
v 0.05200 0.03000 -0.01650
v 0.01800 0.02200 -0.02450
v 0.06000 0.02200 -0.01650
v 0.05200 0.00800 -0.02450
v 0.06000 0.00800 -0.01650
v 0.05200 0.02200 -0.02450
v 0.05200 0.00000 0.03250
v 0.06000 0.00800 -0.01650
v 0.05200 0.00000 -0.01650
v 0.06000 0.00800 0.03250
v 0.05200 0.03000 -0.01650
v 0.06000 0.02200 0.03250
v 0.05200 0.03000 0.03250
v 0.06000 0.02200 -0.01650
v 0.05200 0.02200 0.04050
v 0.06000 0.00800 0.03250
v 0.05200 0.00800 0.04050
v 0.06000 0.02200 0.03250
v 0.01800 0.00000 0.03250
v 0.05200 0.00800 0.04050
v 0.05200 0.00000 0.03250
v 0.01800 0.00800 0.04050
v 0.05200 0.03000 0.03250
v 0.01800 0.02200 0.04050
v 0.01800 0.03000 0.03250
v 0.05200 0.02200 0.04050
v 0.01800 0.00000 -0.01650
v 0.05200 0.00000 0.03250
v 0.05200 0.00000 -0.01650
v 0.01800 0.00000 0.03250
v -0.04560 0.20580 0.03800
v -0.04195 0.18380 0.03800
v 0.04195 0.18380 0.03800
v 0.04560 0.20580 0.03800
v 0.01733 0.15168 0.03800
v 0.03192 0.16488 0.03800
v -0.01733 0.15168 0.03800
v -0.03192 0.16488 0.03800
v -0.04560 0.20580 0.04800
v 0.04560 0.20580 0.04800
v -0.03192 0.16488 0.04800
v -0.04195 0.18380 0.04800
v -0.01733 0.15168 0.04800
v 0.03192 0.16488 0.04800
v 0.04195 0.18380 0.04800
v 0.01733 0.15168 0.04800
v -0.04560 0.20580 0.04800
v -0.04560 0.20580 0.03800
v -0.04560 0.20580 0.03800
v -0.04195 0.18380 0.04800
v -0.04195 0.18380 0.03800
v -0.04560 0.20580 0.04800
v -0.04195 0.18380 0.03800
v -0.03192 0.16488 0.04800
v -0.03192 0.16488 0.03800
v -0.04195 0.18380 0.04800
v -0.03192 0.16488 0.03800
v -0.01733 0.15168 0.04800
v -0.01733 0.15168 0.03800
v -0.03192 0.16488 0.04800
v -0.01733 0.15168 0.03800
v -0.01733 0.15168 0.04800
v 0.01733 0.15168 0.04800
v 0.01733 0.15168 0.03800
v 0.01733 0.15168 0.03800
v 0.03192 0.16488 0.04800
v 0.03192 0.16488 0.03800
v 0.01733 0.15168 0.04800
v 0.03192 0.16488 0.03800
v 0.04195 0.18380 0.04800
v 0.04195 0.18380 0.03800
v 0.03192 0.16488 0.04800
v 0.04195 0.18380 0.03800
v 0.04560 0.20580 0.04800
v 0.04560 0.20580 0.03800
v 0.04195 0.18380 0.04800
v 0.04560 0.20580 0.03800
v 0.04560 0.20580 0.04800
vn -0.0000 -0.0000 1.0000
vn -0.0000 -0.0000 1.0000
vn -0.0000 -0.0000 1.0000
vn -0.0000 -0.0000 1.0000
vn 1.0000 0.0000 -0.0000
vn 1.0000 0.0000 -0.0000
vn 1.0000 0.0000 -0.0000
vn 1.0000 0.0000 -0.0000
vn 0.0000 1.0000 -0.0000
vn 0.0000 1.0000 -0.0000
vn 0.0000 1.0000 -0.0000
vn 0.0000 1.0000 -0.0000
vn -1.0000 0.0000 -0.0000
vn -1.0000 0.0000 -0.0000
vn -1.0000 0.0000 -0.0000
vn -1.0000 0.0000 -0.0000
vn 0.0000 0.0000 -1.0000
vn 0.0000 0.0000 -1.0000
vn 0.0000 0.0000 -1.0000
vn 0.0000 0.0000 -1.0000
vn -0.5774 -0.5774 0.5772
vn -0.5774 -0.5774 0.5772
vn -0.5774 -0.5774 0.5772
vn -0.5774 0.5773 0.5774
vn -0.5774 0.5773 0.5774
vn -0.5774 0.5773 0.5774
vn -0.5773 -0.5773 -0.5774
vn -0.5773 -0.5773 -0.5774
vn -0.5773 -0.5773 -0.5774
vn -0.5773 0.5773 -0.5775
vn -0.5773 0.5773 -0.5775
vn -0.5773 0.5773 -0.5775
vn 0.5774 -0.5774 0.5773
vn 0.5774 -0.5774 0.5773
vn 0.5774 -0.5774 0.5773
vn 0.5773 0.5773 0.5775
vn 0.5773 0.5773 0.5775
vn 0.5773 0.5773 0.5775
vn 0.5773 -0.5774 -0.5774
vn 0.5773 -0.5774 -0.5774
vn 0.5773 -0.5774 -0.5774
vn 0.5773 0.5773 -0.5774
vn 0.5773 0.5773 -0.5774
vn 0.5773 0.5773 -0.5774
vn -0.7071 -0.7071 -0.0001
vn -0.7071 -0.7071 -0.0001
vn -0.7071 -0.7071 -0.0001
vn -0.7071 -0.7071 -0.0001
vn -0.7071 -0.0000 0.7071
vn -0.7071 -0.0000 0.7071
vn -0.7071 -0.0000 0.7071
vn -0.7071 -0.0000 0.7071
vn -0.7071 0.7071 -0.0000
vn -0.7071 0.7071 -0.0000
vn -0.7071 0.7071 -0.0000
vn -0.7071 0.7071 -0.0000
vn -0.7071 0.0000 -0.7071
vn -0.7071 0.0000 -0.7071
vn -0.7071 0.0000 -0.7071
vn -0.7071 0.0000 -0.7071
vn 0.0000 -0.7071 -0.7071
vn 0.0000 -0.7071 -0.7071
vn 0.0000 -0.7071 -0.7071
vn 0.0000 -0.7071 -0.7071
vn 0.0000 0.7071 -0.7071
vn 0.0000 0.7071 -0.7071
vn 0.0000 0.7071 -0.7071
vn 0.0000 0.7071 -0.7071
vn 0.7071 0.0000 -0.7071
vn 0.7071 0.0000 -0.7071
vn 0.7071 0.0000 -0.7071
vn 0.7071 0.0000 -0.7071
vn 0.7071 -0.7071 -0.0000
vn 0.7071 -0.7071 -0.0000
vn 0.7071 -0.7071 -0.0000
vn 0.7071 -0.7071 -0.0000
vn 0.7071 0.7071 0.0000
vn 0.7071 0.7071 0.0000
vn 0.7071 0.7071 0.0000
vn 0.7071 0.7071 0.0000
vn 0.7071 -0.0000 0.7071
vn 0.7071 -0.0000 0.7071
vn 0.7071 -0.0000 0.7071
vn 0.7071 -0.0000 0.7071
vn -0.0000 -0.7071 0.7071
vn -0.0000 -0.7071 0.7071
vn -0.0000 -0.7071 0.7071
vn -0.0000 -0.7071 0.7071
vn -0.0000 0.7071 0.7071
vn -0.0000 0.7071 0.7071
vn -0.0000 0.7071 0.7071
vn -0.0000 0.7071 0.7071
vn 0.0000 -1.0000 -0.0000
vn 0.0000 -1.0000 -0.0000
vn 0.0000 -1.0000 -0.0000
vn 0.0000 -1.0000 -0.0000
vn 0.0000 0.0000 -1.0000
vn 0.0000 0.0000 -1.0000
vn 0.0000 0.0000 -1.0000
vn -0.0000 -0.0000 1.0000
vn -0.0000 -0.0000 1.0000
vn -0.0000 -0.0000 1.0000
vn -1.0000 0.0000 -0.0000
vn -1.0000 0.0000 -0.0000
vn -0.3963 -0.9181 -0.0001
vn -0.3963 -0.9181 -0.0001
vn 0.3963 -0.9181 -0.0000
vn 1.0000 0.0000 -0.0000
vn 1.0000 0.0000 -0.0000
vn 0.3963 -0.9181 -0.0000
vn 0.0000 1.0000 -0.0000
vn 0.0000 1.0000 -0.0000
vn 0.0000 1.0000 -0.0000
vn 0.0000 1.0000 -0.0000
vn -0.0000 -0.0000 1.0000
vn -0.0000 -0.0000 1.0000
vn -0.0000 -0.0000 1.0000
vn -0.0000 -0.0000 1.0000
vn 1.0000 0.0000 -0.0000
vn 1.0000 0.0000 -0.0000
vn 1.0000 0.0000 -0.0000
vn 1.0000 0.0000 -0.0000
vn 0.0000 1.0000 -0.0000
vn 0.0000 1.0000 -0.0000
vn 0.0000 1.0000 -0.0000
vn 0.0000 1.0000 -0.0000
vn -1.0000 0.0000 -0.0000
vn -1.0000 0.0000 -0.0000
vn -1.0000 0.0000 -0.0000
vn -1.0000 0.0000 -0.0000
vn 0.0000 0.0000 -1.0000
vn 0.0000 0.0000 -1.0000
vn 0.0000 0.0000 -1.0000
vn 0.0000 0.0000 -1.0000
vn -0.5774 -0.5774 0.5772
vn -0.5774 -0.5774 0.5772
vn -0.5774 -0.5774 0.5772
vn -0.5774 0.5774 0.5773
vn -0.5774 0.5774 0.5773
vn -0.5774 0.5774 0.5773
vn -0.5773 -0.5773 -0.5774
vn -0.5773 -0.5773 -0.5774
vn -0.5773 -0.5773 -0.5774
vn -0.5774 0.5773 -0.5774
vn -0.5774 0.5773 -0.5774
vn -0.5774 0.5773 -0.5774
vn 0.5774 -0.5774 0.5773
vn 0.5774 -0.5774 0.5773
vn 0.5774 -0.5774 0.5773
vn 0.5774 0.5774 0.5774
vn 0.5774 0.5774 0.5774
vn 0.5774 0.5774 0.5774
vn 0.5773 -0.5774 -0.5774
vn 0.5773 -0.5774 -0.5774
vn 0.5773 -0.5774 -0.5774
vn 0.5774 0.5774 -0.5773
vn 0.5774 0.5774 -0.5773
vn 0.5774 0.5774 -0.5773
vn -0.7071 -0.7071 -0.0001
vn -0.7071 -0.7071 -0.0001
vn -0.7071 -0.7071 -0.0001
vn -0.7071 -0.7071 -0.0001
vn -0.7071 -0.0000 0.7071
vn -0.7071 -0.0000 0.7071
vn -0.7071 -0.0000 0.7071
vn -0.7071 -0.0000 0.7071
vn -0.7071 0.7071 -0.0000
vn -0.7071 0.7071 -0.0000
vn -0.7071 0.7071 -0.0000
vn -0.7071 0.7071 -0.0000
vn -0.7071 0.0000 -0.7071
vn -0.7071 0.0000 -0.7071
vn -0.7071 0.0000 -0.7071
vn -0.7071 0.0000 -0.7071
vn 0.0000 -0.7071 -0.7071
vn 0.0000 -0.7071 -0.7071
vn 0.0000 -0.7071 -0.7071
vn 0.0000 -0.7071 -0.7071
vn 0.0000 0.7071 -0.7071
vn 0.0000 0.7071 -0.7071
vn 0.0000 0.7071 -0.7071
vn 0.0000 0.7071 -0.7071
vn 0.7071 0.0000 -0.7071
vn 0.7071 0.0000 -0.7071
vn 0.7071 0.0000 -0.7071
vn 0.7071 0.0000 -0.7071
vn 0.7071 -0.7071 -0.0000
vn 0.7071 -0.7071 -0.0000
vn 0.7071 -0.7071 -0.0000
vn 0.7071 -0.7071 -0.0000
vn 0.7071 0.7071 0.0000
vn 0.7071 0.7071 0.0000
vn 0.7071 0.7071 0.0000
vn 0.7071 0.7071 0.0000
vn 0.7071 -0.0000 0.7071
vn 0.7071 -0.0000 0.7071
vn 0.7071 -0.0000 0.7071
vn 0.7071 -0.0000 0.7071
vn -0.0000 -0.7071 0.7071
vn -0.0000 -0.7071 0.7071
vn -0.0000 -0.7071 0.7071
vn -0.0000 -0.7071 0.7071
vn -0.0000 0.7071 0.7071
vn -0.0000 0.7071 0.7071
vn -0.0000 0.7071 0.7071
vn -0.0000 0.7071 0.7071
vn 0.0000 -1.0000 -0.0000
vn 0.0000 -1.0000 -0.0000
vn 0.0000 -1.0000 -0.0000
vn 0.0000 -1.0000 -0.0000
vn -0.0000 -0.0000 1.0000
vn -0.0000 -0.0000 1.0000
vn -0.0000 -0.0000 1.0000
vn -0.0000 -0.0000 1.0000
vn 1.0000 0.0000 -0.0000
vn 1.0000 0.0000 -0.0000
vn 1.0000 0.0000 -0.0000
vn 1.0000 0.0000 -0.0000
vn 0.0000 1.0000 -0.0000
vn 0.0000 1.0000 -0.0000
vn 0.0000 1.0000 -0.0000
vn 0.0000 1.0000 -0.0000
vn -1.0000 0.0000 -0.0000
vn -1.0000 0.0000 -0.0000
vn -1.0000 0.0000 -0.0000
vn -1.0000 0.0000 -0.0000
vn 0.0000 0.0000 -1.0000
vn 0.0000 0.0000 -1.0000
vn 0.0000 0.0000 -1.0000
vn 0.0000 0.0000 -1.0000
vn -0.5774 -0.5774 0.5772
vn -0.5774 -0.5774 0.5772
vn -0.5774 -0.5774 0.5772
vn -0.5774 0.5774 0.5773
vn -0.5774 0.5774 0.5773
vn -0.5774 0.5774 0.5773
vn -0.5773 -0.5773 -0.5774
vn -0.5773 -0.5773 -0.5774
vn -0.5773 -0.5773 -0.5774
vn -0.5774 0.5773 -0.5774
vn -0.5774 0.5773 -0.5774
vn -0.5774 0.5773 -0.5774
vn 0.5774 -0.5774 0.5773
vn 0.5774 -0.5774 0.5773
vn 0.5774 -0.5774 0.5773
vn 0.5774 0.5774 0.5774
vn 0.5774 0.5774 0.5774
vn 0.5774 0.5774 0.5774
vn 0.5773 -0.5774 -0.5774
vn 0.5773 -0.5774 -0.5774
vn 0.5773 -0.5774 -0.5774
vn 0.5774 0.5774 -0.5773
vn 0.5774 0.5774 -0.5773
vn 0.5774 0.5774 -0.5773
vn -0.7071 -0.7071 -0.0001
vn -0.7071 -0.7071 -0.0001
vn -0.7071 -0.7071 -0.0001
vn -0.7071 -0.7071 -0.0001
vn -0.7071 -0.0000 0.7071
vn -0.7071 -0.0000 0.7071
vn -0.7071 -0.0000 0.7071
vn -0.7071 -0.0000 0.7071
vn -0.7071 0.7071 -0.0000
vn -0.7071 0.7071 -0.0000
vn -0.7071 0.7071 -0.0000
vn -0.7071 0.7071 -0.0000
vn -0.7071 0.0000 -0.7071
vn -0.7071 0.0000 -0.7071
vn -0.7071 0.0000 -0.7071
vn -0.7071 0.0000 -0.7071
vn 0.0000 -0.7071 -0.7071
vn 0.0000 -0.7071 -0.7071
vn 0.0000 -0.7071 -0.7071
vn 0.0000 -0.7071 -0.7071
vn 0.0000 0.7071 -0.7071
vn 0.0000 0.7071 -0.7071
vn 0.0000 0.7071 -0.7071
vn 0.0000 0.7071 -0.7071
vn 0.7071 0.0000 -0.7071
vn 0.7071 0.0000 -0.7071
vn 0.7071 0.0000 -0.7071
vn 0.7071 0.0000 -0.7071
vn 0.7071 -0.7071 -0.0000
vn 0.7071 -0.7071 -0.0000
vn 0.7071 -0.7071 -0.0000
vn 0.7071 -0.7071 -0.0000
vn 0.7071 0.7071 0.0000
vn 0.7071 0.7071 0.0000
vn 0.7071 0.7071 0.0000
vn 0.7071 0.7071 0.0000
vn 0.7071 -0.0000 0.7071
vn 0.7071 -0.0000 0.7071
vn 0.7071 -0.0000 0.7071
vn 0.7071 -0.0000 0.7071
vn -0.0000 -0.7071 0.7071
vn -0.0000 -0.7071 0.7071
vn -0.0000 -0.7071 0.7071
vn -0.0000 -0.7071 0.7071
vn -0.0000 0.7071 0.7071
vn -0.0000 0.7071 0.7071
vn -0.0000 0.7071 0.7071
vn -0.0000 0.7071 0.7071
vn 0.0000 -1.0000 -0.0000
vn 0.0000 -1.0000 -0.0000
vn 0.0000 -1.0000 -0.0000
vn 0.0000 -1.0000 -0.0000
vn 0.0000 0.0000 -1.0000
vn 0.0000 0.0000 -1.0000
vn 0.0000 0.0000 -1.0000
vn 0.0000 0.0000 -1.0000
vn 0.0000 0.0000 -1.0000
vn 0.0000 0.0000 -1.0000
vn 0.0000 0.0000 -1.0000
vn 0.0000 0.0000 -1.0000
vn -0.0000 -0.0000 1.0000
vn -0.0000 -0.0000 1.0000
vn -0.0000 -0.0000 1.0000
vn -0.0000 -0.0000 1.0000
vn -0.0000 -0.0000 1.0000
vn -0.0000 -0.0000 1.0000
vn -0.0000 -0.0000 1.0000
vn -0.0000 -0.0000 1.0000
vn -1.0000 0.0000 -0.0000
vn -1.0000 0.0000 -0.0000
vn -0.9865 -0.1636 -0.0000
vn -0.9865 -0.1636 -0.0000
vn -0.9865 -0.1636 -0.0000
vn -0.9865 -0.1636 -0.0000
vn -0.8835 -0.4685 -0.0001
vn -0.8835 -0.4685 -0.0001
vn -0.8835 -0.4685 -0.0001
vn -0.8835 -0.4685 -0.0001
vn -0.6708 -0.7416 -0.0000
vn -0.6708 -0.7416 -0.0000
vn -0.6708 -0.7416 -0.0000
vn -0.6708 -0.7416 -0.0000
vn -0.3963 -0.9181 -0.0001
vn -0.3963 -0.9181 -0.0001
vn 0.3963 -0.9181 -0.0000
vn 0.3963 -0.9181 -0.0000
vn 0.6708 -0.7417 0.0000
vn 0.6708 -0.7417 0.0000
vn 0.6708 -0.7417 0.0000
vn 0.6708 -0.7417 0.0000
vn 0.8835 -0.4685 -0.0000
vn 0.8835 -0.4685 -0.0000
vn 0.8835 -0.4685 -0.0000
vn 0.8835 -0.4685 -0.0000
vn 0.9865 -0.1636 0.0000
vn 0.9865 -0.1636 0.0000
vn 0.9865 -0.1636 0.0000
vn 0.9865 -0.1636 0.0000
vn 1.0000 0.0000 -0.0000
vn 1.0000 0.0000 -0.0000
f 115//115 117//117 116//116
f 115//115 116//116 118//118
f 119//119 121//121 120//120
f 119//119 120//120 122//122
f 123//123 125//125 124//124
f 123//123 124//124 126//126
f 127//127 129//129 128//128
f 127//127 128//128 130//130
f 131//131 133//133 132//132
f 131//131 132//132 134//134
f 135//135 137//137 136//136
f 138//138 140//140 139//139
f 141//141 143//143 142//142
f 144//144 146//146 145//145
f 147//147 149//149 148//148
f 150//150 152//152 151//151
f 153//153 155//155 154//154
f 156//156 158//158 157//157
f 159//159 161//161 160//160
f 159//159 160//160 162//162
f 163//163 165//165 164//164
f 163//163 164//164 166//166
f 167//167 169//169 168//168
f 167//167 168//168 170//170
f 171//171 173//173 172//172
f 171//171 172//172 174//174
f 175//175 177//177 176//176
f 175//175 176//176 178//178
f 179//179 181//181 180//180
f 179//179 180//180 182//182
f 183//183 185//185 184//184
f 183//183 184//184 186//186
f 187//187 189//189 188//188
f 187//187 188//188 190//190
f 191//191 193//193 192//192
f 191//191 192//192 194//194
f 195//195 197//197 196//196
f 195//195 196//196 198//198
f 199//199 201//201 200//200
f 199//199 200//200 202//202
f 203//203 205//205 204//204
f 203//203 204//204 206//206
f 207//207 209//209 208//208
f 207//207 208//208 210//210
f 211//211 213//213 212//212
f 211//211 212//212 214//214
f 215//215 217//217 216//216
f 215//215 216//216 218//218
f 219//219 221//221 220//220
f 219//219 220//220 222//222
f 223//223 225//225 224//224
f 223//223 224//224 226//226
f 227//227 229//229 228//228
f 227//227 228//228 230//230
f 231//231 233//233 232//232
f 234//234 236//236 235//235
f 237//237 239//239 238//238
f 240//240 242//242 241//241
f 243//243 245//245 244//244
f 246//246 248//248 247//247
f 249//249 251//251 250//250
f 252//252 254//254 253//253
f 255//255 257//257 256//256
f 255//255 256//256 258//258
f 259//259 261//261 260//260
f 259//259 260//260 262//262
f 263//263 265//265 264//264
f 263//263 264//264 266//266
f 267//267 269//269 268//268
f 267//267 268//268 270//270
f 271//271 273//273 272//272
f 271//271 272//272 274//274
f 275//275 277//277 276//276
f 275//275 276//276 278//278
f 279//279 281//281 280//280
f 279//279 280//280 282//282
f 283//283 285//285 284//284
f 283//283 284//284 286//286
f 287//287 289//289 288//288
f 287//287 288//288 290//290
f 291//291 293//293 292//292
f 291//291 292//292 294//294
f 295//295 297//297 296//296
f 295//295 296//296 298//298
f 299//299 301//301 300//300
f 299//299 300//300 302//302
f 303//303 305//305 304//304
f 303//303 304//304 306//306
f 1//1 3//3 2//2
f 1//1 2//2 4//4
f 5//5 7//7 6//6
f 5//5 6//6 8//8
f 9//9 11//11 10//10
f 9//9 10//10 12//12
f 13//13 15//15 14//14
f 13//13 14//14 16//16
f 17//17 19//19 18//18
f 17//17 18//18 20//20
f 21//21 23//23 22//22
f 24//24 26//26 25//25
f 27//27 29//29 28//28
f 30//30 32//32 31//31
f 33//33 35//35 34//34
f 36//36 38//38 37//37
f 39//39 41//41 40//40
f 42//42 44//44 43//43
f 45//45 47//47 46//46
f 45//45 46//46 48//48
f 49//49 51//51 50//50
f 49//49 50//50 52//52
f 53//53 55//55 54//54
f 53//53 54//54 56//56
f 57//57 59//59 58//58
f 57//57 58//58 60//60
f 61//61 63//63 62//62
f 61//61 62//62 64//64
f 65//65 67//67 66//66
f 65//65 66//66 68//68
f 69//69 71//71 70//70
f 69//69 70//70 72//72
f 73//73 75//75 74//74
f 73//73 74//74 76//76
f 77//77 79//79 78//78
f 77//77 78//78 80//80
f 81//81 83//83 82//82
f 81//81 82//82 84//84
f 85//85 87//87 86//86
f 85//85 86//86 88//88
f 89//89 91//91 90//90
f 89//89 90//90 92//92
f 93//93 95//95 94//94
f 93//93 94//94 96//96
f 307//307 99//99 98//98
f 308//308 307//307 98//98
f 98//98 310//310 309//309
f 98//98 309//309 311//311
f 98//98 311//311 308//308
f 309//309 312//312 311//311
f 311//311 313//313 308//308
f 313//313 314//314 308//308
f 311//311 97//97 313//313
f 101//101 100//100 315//315
f 316//316 101//101 315//315
f 315//315 318//318 317//317
f 315//315 317//317 102//102
f 315//315 102//102 316//316
f 317//317 319//319 102//102
f 102//102 320//320 316//316
f 320//320 321//321 316//316
f 102//102 322//322 320//320
f 103//103 324//324 323//323
f 103//103 323//323 104//104
f 325//325 327//327 326//326
f 325//325 326//326 328//328
f 329//329 331//331 330//330
f 329//329 330//330 332//332
f 333//333 335//335 334//334
f 333//333 334//334 336//336
f 337//337 105//105 106//106
f 337//337 106//106 338//338
f 107//107 340//340 339//339
f 107//107 339//339 110//110
f 341//341 343//343 342//342
f 341//341 342//342 344//344
f 345//345 347//347 346//346
f 345//345 346//346 348//348
f 349//349 351//351 350//350
f 349//349 350//350 352//352
f 353//353 109//109 108//108
f 353//353 108//108 354//354
f 111//111 113//113 112//112
f 111//111 112//112 114//114
g body_team
usemtl team
v -0.01900 0.03100 0.02300
v -0.04900 0.12900 0.02300
v -0.01900 0.12900 0.02300
v -0.04900 0.03100 0.02300
v -0.01300 0.03100 -0.01700
v -0.01300 0.12900 0.01700
v -0.01300 0.12900 -0.01700
v -0.01300 0.03100 0.01700
v -0.01900 0.13500 -0.01700
v -0.04900 0.13500 0.01700
v -0.04900 0.13500 -0.01700
v -0.01900 0.13500 0.01700
v -0.05500 0.03100 0.01700
v -0.05500 0.12900 -0.01700
v -0.05500 0.12900 0.01700
v -0.05500 0.03100 -0.01700
v -0.04900 0.03100 -0.02300
v -0.01900 0.12900 -0.02300
v -0.04900 0.12900 -0.02300
v -0.01900 0.03100 -0.02300
v -0.04900 0.02500 0.01700
v -0.05500 0.03100 0.01700
v -0.04900 0.03100 0.02300
v -0.04900 0.12900 0.02300
v -0.05500 0.12900 0.01700
v -0.04900 0.13500 0.01700
v -0.04900 0.02500 -0.01700
v -0.04900 0.03100 -0.02300
v -0.05500 0.03100 -0.01700
v -0.04900 0.13500 -0.01700
v -0.05500 0.12900 -0.01700
v -0.04900 0.12900 -0.02300
v -0.01900 0.02500 0.01700
v -0.01900 0.03100 0.02300
v -0.01300 0.03100 0.01700
v -0.01900 0.13500 0.01700
v -0.01300 0.12900 0.01700
v -0.01900 0.12900 0.02300
v -0.01900 0.02500 -0.01700
v -0.01300 0.03100 -0.01700
v -0.01900 0.03100 -0.02300
v -0.01900 0.13500 -0.01700
v -0.01900 0.12900 -0.02300
v -0.01300 0.12900 -0.01700
v -0.04900 0.02500 -0.01700
v -0.05500 0.03100 0.01700
v -0.04900 0.02500 0.01700
v -0.05500 0.03100 -0.01700
v -0.04900 0.03100 0.02300
v -0.05500 0.12900 0.01700
v -0.04900 0.12900 0.02300
v -0.05500 0.03100 0.01700
v -0.04900 0.13500 0.01700
v -0.05500 0.12900 -0.01700
v -0.04900 0.13500 -0.01700
v -0.05500 0.12900 0.01700
v -0.04900 0.12900 -0.02300
v -0.05500 0.03100 -0.01700
v -0.04900 0.03100 -0.02300
v -0.05500 0.12900 -0.01700
v -0.01900 0.02500 -0.01700
v -0.04900 0.03100 -0.02300
v -0.04900 0.02500 -0.01700
v -0.01900 0.03100 -0.02300
v -0.04900 0.13500 -0.01700
v -0.01900 0.12900 -0.02300
v -0.01900 0.13500 -0.01700
v -0.04900 0.12900 -0.02300
v -0.01300 0.12900 -0.01700
v -0.01900 0.03100 -0.02300
v -0.01300 0.03100 -0.01700
v -0.01900 0.12900 -0.02300
v -0.01900 0.02500 0.01700
v -0.01300 0.03100 -0.01700
v -0.01900 0.02500 -0.01700
v -0.01300 0.03100 0.01700
v -0.01900 0.13500 -0.01700
v -0.01300 0.12900 0.01700
v -0.01900 0.13500 0.01700
v -0.01300 0.12900 -0.01700
v -0.01900 0.12900 0.02300
v -0.01300 0.03100 0.01700
v -0.01900 0.03100 0.02300
v -0.01300 0.12900 0.01700
v -0.04900 0.02500 0.01700
v -0.01900 0.03100 0.02300
v -0.01900 0.02500 0.01700
v -0.04900 0.03100 0.02300
v -0.01900 0.13500 0.01700
v -0.04900 0.12900 0.02300
v -0.04900 0.13500 0.01700
v -0.01900 0.12900 0.02300
v -0.04900 0.02500 -0.01700
v -0.01900 0.02500 0.01700
v -0.01900 0.02500 -0.01700
v -0.04900 0.02500 0.01700
v 0.04900 0.03100 0.02300
v 0.01900 0.12900 0.02300
v 0.04900 0.12900 0.02300
v 0.01900 0.03100 0.02300
v 0.05500 0.03100 -0.01700
v 0.05500 0.12900 0.01700
v 0.05500 0.12900 -0.01700
v 0.05500 0.03100 0.01700
v 0.04900 0.13500 -0.01700
v 0.01900 0.13500 0.01700
v 0.01900 0.13500 -0.01700
v 0.04900 0.13500 0.01700
v 0.01300 0.03100 0.01700
v 0.01300 0.12900 -0.01700
v 0.01300 0.12900 0.01700
v 0.01300 0.03100 -0.01700
v 0.01900 0.03100 -0.02300
v 0.04900 0.12900 -0.02300
v 0.01900 0.12900 -0.02300
v 0.04900 0.03100 -0.02300
v 0.01900 0.02500 0.01700
v 0.01300 0.03100 0.01700
v 0.01900 0.03100 0.02300
v 0.01900 0.12900 0.02300
v 0.01300 0.12900 0.01700
v 0.01900 0.13500 0.01700
v 0.01900 0.02500 -0.01700
v 0.01900 0.03100 -0.02300
v 0.01300 0.03100 -0.01700
v 0.01900 0.13500 -0.01700
v 0.01300 0.12900 -0.01700
v 0.01900 0.12900 -0.02300
v 0.04900 0.02500 0.01700
v 0.04900 0.03100 0.02300
v 0.05500 0.03100 0.01700
v 0.04900 0.13500 0.01700
v 0.05500 0.12900 0.01700
v 0.04900 0.12900 0.02300
v 0.04900 0.02500 -0.01700
v 0.05500 0.03100 -0.01700
v 0.04900 0.03100 -0.02300
v 0.04900 0.13500 -0.01700
v 0.04900 0.12900 -0.02300
v 0.05500 0.12900 -0.01700
v 0.01900 0.02500 -0.01700
v 0.01300 0.03100 0.01700
v 0.01900 0.02500 0.01700
v 0.01300 0.03100 -0.01700
v 0.01900 0.03100 0.02300
v 0.01300 0.12900 0.01700
v 0.01900 0.12900 0.02300
v 0.01300 0.03100 0.01700
v 0.01900 0.13500 0.01700
v 0.01300 0.12900 -0.01700
v 0.01900 0.13500 -0.01700
v 0.01300 0.12900 0.01700
v 0.01900 0.12900 -0.02300
v 0.01300 0.03100 -0.01700
v 0.01900 0.03100 -0.02300
v 0.01300 0.12900 -0.01700
v 0.04900 0.02500 -0.01700
v 0.01900 0.03100 -0.02300
v 0.01900 0.02500 -0.01700
v 0.04900 0.03100 -0.02300
v 0.01900 0.13500 -0.01700
v 0.04900 0.12900 -0.02300
v 0.04900 0.13500 -0.01700
v 0.01900 0.12900 -0.02300
v 0.05500 0.12900 -0.01700
v 0.04900 0.03100 -0.02300
v 0.05500 0.03100 -0.01700
v 0.04900 0.12900 -0.02300
v 0.04900 0.02500 0.01700
v 0.05500 0.03100 -0.01700
v 0.04900 0.02500 -0.01700
v 0.05500 0.03100 0.01700
v 0.04900 0.13500 -0.01700
v 0.05500 0.12900 0.01700
v 0.04900 0.13500 0.01700
v 0.05500 0.12900 -0.01700
v 0.04900 0.12900 0.02300
v 0.05500 0.03100 0.01700
v 0.04900 0.03100 0.02300
v 0.05500 0.12900 0.01700
v 0.01900 0.02500 0.01700
v 0.04900 0.03100 0.02300
v 0.04900 0.02500 0.01700
v 0.01900 0.03100 0.02300
v 0.04900 0.13500 0.01700
v 0.01900 0.12900 0.02300
v 0.01900 0.13500 0.01700
v 0.04900 0.12900 0.02300
v 0.01900 0.02500 -0.01700
v 0.04900 0.02500 0.01700
v 0.04900 0.02500 -0.01700
v 0.01900 0.02500 0.01700
v -0.07941 0.15337 0.02000
v -0.08251 0.25422 0.02000
v -0.05904 0.24923 0.02000
v -0.10289 0.15836 0.02000
v -0.07355 0.15213 -0.01400
v -0.05317 0.24798 0.01400
v -0.05317 0.24798 -0.01400
v -0.07355 0.15213 0.01400
v -0.05779 0.25510 -0.01400
v -0.08127 0.26009 0.01400
v -0.08127 0.26009 -0.01400
v -0.05779 0.25510 0.01400
v -0.10876 0.15961 0.01400
v -0.08838 0.25547 -0.01400
v -0.08838 0.25547 0.01400
v -0.10876 0.15961 -0.01400
v -0.10289 0.15836 -0.02000
v -0.05904 0.24923 -0.02000
v -0.08251 0.25422 -0.02000
v -0.07941 0.15337 -0.02000
v -0.10414 0.15249 0.01400
v -0.10876 0.15961 0.01400
v -0.10289 0.15836 0.02000
v -0.08251 0.25422 0.02000
v -0.08838 0.25547 0.01400
v -0.08127 0.26009 0.01400
v -0.10414 0.15249 -0.01400
v -0.10289 0.15836 -0.02000
v -0.10876 0.15961 -0.01400
v -0.08127 0.26009 -0.01400
v -0.08838 0.25547 -0.01400
v -0.08251 0.25422 -0.02000
v -0.08066 0.14751 0.01400
v -0.07941 0.15337 0.02000
v -0.07355 0.15213 0.01400
v -0.05779 0.25510 0.01400
v -0.05317 0.24798 0.01400
v -0.05904 0.24923 0.02000
v -0.08066 0.14751 -0.01400
v -0.07355 0.15213 -0.01400
v -0.07941 0.15337 -0.02000
v -0.05779 0.25510 -0.01400
v -0.05904 0.24923 -0.02000
v -0.05317 0.24798 -0.01400
v -0.10414 0.15249 -0.01400
v -0.10876 0.15961 0.01400
v -0.10414 0.15249 0.01400
v -0.10876 0.15961 -0.01400
v -0.10289 0.15836 0.02000
v -0.08838 0.25547 0.01400
v -0.08251 0.25422 0.02000
v -0.10876 0.15961 0.01400
v -0.08127 0.26009 0.01400
v -0.08838 0.25547 -0.01400
v -0.08127 0.26009 -0.01400
v -0.08838 0.25547 0.01400
v -0.08251 0.25422 -0.02000
v -0.10876 0.15961 -0.01400
v -0.10289 0.15836 -0.02000
v -0.08838 0.25547 -0.01400
v -0.08066 0.14751 -0.01400
v -0.10289 0.15836 -0.02000
v -0.10414 0.15249 -0.01400
v -0.07941 0.15337 -0.02000
v -0.08127 0.26009 -0.01400
v -0.05904 0.24923 -0.02000
v -0.05779 0.25510 -0.01400
v -0.08251 0.25422 -0.02000
v -0.05317 0.24798 -0.01400
v -0.07941 0.15337 -0.02000
v -0.07355 0.15213 -0.01400
v -0.05904 0.24923 -0.02000
v -0.08066 0.14751 0.01400
v -0.07355 0.15213 -0.01400
v -0.08066 0.14751 -0.01400
v -0.07355 0.15213 0.01400
v -0.05779 0.25510 -0.01400
v -0.05317 0.24798 0.01400
v -0.05779 0.25510 0.01400
v -0.05317 0.24798 -0.01400
v -0.05904 0.24923 0.02000
v -0.07355 0.15213 0.01400
v -0.07941 0.15337 0.02000
v -0.05317 0.24798 0.01400
v -0.10414 0.15249 0.01400
v -0.07941 0.15337 0.02000
v -0.08066 0.14751 0.01400
v -0.10289 0.15836 0.02000
v -0.05779 0.25510 0.01400
v -0.08251 0.25422 0.02000
v -0.08127 0.26009 0.01400
v -0.05904 0.24923 0.02000
v -0.10414 0.15249 -0.01400
v -0.08066 0.14751 0.01400
v -0.08066 0.14751 -0.01400
v -0.10414 0.15249 0.01400
v 0.10289 0.15836 0.02000
v 0.05904 0.24923 0.02000
v 0.08251 0.25422 0.02000
v 0.07941 0.15337 0.02000
v 0.10876 0.15961 -0.01400
v 0.08838 0.25547 0.01400
v 0.08838 0.25547 -0.01400
v 0.10876 0.15961 0.01400
v 0.08127 0.26009 -0.01400
v 0.05779 0.25510 0.01400
v 0.05779 0.25510 -0.01400
v 0.08127 0.26009 0.01400
v 0.07355 0.15213 0.01400
v 0.05317 0.24798 -0.01400
v 0.05317 0.24798 0.01400
v 0.07355 0.15213 -0.01400
v 0.07941 0.15337 -0.02000
v 0.08251 0.25422 -0.02000
v 0.05904 0.24923 -0.02000
v 0.10289 0.15836 -0.02000
v 0.08066 0.14751 0.01400
v 0.07355 0.15213 0.01400
v 0.07941 0.15337 0.02000
v 0.05904 0.24923 0.02000
v 0.05317 0.24798 0.01400
v 0.05779 0.25510 0.01400
v 0.08066 0.14751 -0.01400
v 0.07941 0.15337 -0.02000
v 0.07355 0.15213 -0.01400
v 0.05779 0.25510 -0.01400
v 0.05317 0.24798 -0.01400
v 0.05904 0.24923 -0.02000
v 0.10414 0.15249 0.01400
v 0.10289 0.15836 0.02000
v 0.10876 0.15961 0.01400
v 0.08127 0.26009 0.01400
v 0.08838 0.25547 0.01400
v 0.08251 0.25422 0.02000
v 0.10414 0.15249 -0.01400
v 0.10876 0.15961 -0.01400
v 0.10289 0.15836 -0.02000
v 0.08127 0.26009 -0.01400
v 0.08251 0.25422 -0.02000
v 0.08838 0.25547 -0.01400
v 0.08066 0.14751 -0.01400
v 0.07355 0.15213 0.01400
v 0.08066 0.14751 0.01400
v 0.07355 0.15213 -0.01400
v 0.07941 0.15337 0.02000
v 0.05317 0.24798 0.01400
v 0.05904 0.24923 0.02000
v 0.07355 0.15213 0.01400
v 0.05779 0.25510 0.01400
v 0.05317 0.24798 -0.01400
v 0.05779 0.25510 -0.01400
v 0.05317 0.24798 0.01400
v 0.05904 0.24923 -0.02000
v 0.07355 0.15213 -0.01400
v 0.07941 0.15337 -0.02000
v 0.05317 0.24798 -0.01400
v 0.10414 0.15249 -0.01400
v 0.07941 0.15337 -0.02000
v 0.08066 0.14751 -0.01400
v 0.10289 0.15836 -0.02000
v 0.05779 0.25510 -0.01400
v 0.08251 0.25422 -0.02000
v 0.08127 0.26009 -0.01400
v 0.05904 0.24923 -0.02000
v 0.08838 0.25547 -0.01400
v 0.10289 0.15836 -0.02000
v 0.10876 0.15961 -0.01400
v 0.08251 0.25422 -0.02000
v 0.10414 0.15249 0.01400
v 0.10876 0.15961 -0.01400
v 0.10414 0.15249 -0.01400
v 0.10876 0.15961 0.01400
v 0.08127 0.26009 -0.01400
v 0.08838 0.25547 0.01400
v 0.08127 0.26009 0.01400
v 0.08838 0.25547 -0.01400
v 0.08251 0.25422 0.02000
v 0.10876 0.15961 0.01400
v 0.10289 0.15836 0.02000
v 0.08838 0.25547 0.01400
v 0.08066 0.14751 0.01400
v 0.10289 0.15836 0.02000
v 0.10414 0.15249 0.01400
v 0.07941 0.15337 0.02000
v 0.08127 0.26009 0.01400
v 0.05904 0.24923 0.02000
v 0.05779 0.25510 0.01400
v 0.08251 0.25422 0.02000
v 0.08066 0.14751 -0.01400
v 0.10414 0.15249 0.01400
v 0.10414 0.15249 -0.01400
v 0.08066 0.14751 0.01400
v -0.10000 0.18600 0.00000
v -0.11106 0.21032 0.03403
v -0.07106 0.21032 0.02103
v -0.07106 0.21032 0.02103
v -0.07106 0.21032 -0.02103
v -0.10000 0.18600 0.00000
v -0.10000 0.18600 0.00000
v -0.13578 0.21032 0.00000
v -0.11106 0.21032 0.03403
v -0.10000 0.18600 0.00000
v -0.11106 0.21032 -0.03403
v -0.13578 0.21032 0.00000
v -0.10000 0.18600 0.00000
v -0.07106 0.21032 -0.02103
v -0.11106 0.21032 -0.03403
v -0.07106 0.21032 0.02103
v -0.06422 0.24968 0.00000
v -0.07106 0.21032 -0.02103
v -0.11106 0.21032 0.03403
v -0.08894 0.24968 0.03403
v -0.07106 0.21032 0.02103
v -0.13578 0.21032 0.00000
v -0.12894 0.24968 0.02103
v -0.11106 0.21032 0.03403
v -0.11106 0.21032 -0.03403
v -0.12894 0.24968 -0.02103
v -0.13578 0.21032 0.00000
v -0.07106 0.21032 -0.02103
v -0.08894 0.24968 -0.03403
v -0.11106 0.21032 -0.03403
v -0.07106 0.21032 0.02103
v -0.08894 0.24968 0.03403
v -0.06422 0.24968 0.00000
v -0.11106 0.21032 0.03403
v -0.12894 0.24968 0.02103
v -0.08894 0.24968 0.03403
v -0.13578 0.21032 0.00000
v -0.12894 0.24968 -0.02103
v -0.12894 0.24968 0.02103
v -0.11106 0.21032 -0.03403
v -0.08894 0.24968 -0.03403
v -0.12894 0.24968 -0.02103
v -0.07106 0.21032 -0.02103
v -0.06422 0.24968 0.00000
v -0.08894 0.24968 -0.03403
v -0.08894 0.24968 0.03403
v -0.10000 0.27400 0.00000
v -0.06422 0.24968 0.00000
v -0.12894 0.24968 0.02103
v -0.10000 0.27400 0.00000
v -0.08894 0.24968 0.03403
v -0.12894 0.24968 -0.02103
v -0.10000 0.27400 0.00000
v -0.12894 0.24968 0.02103
v -0.08894 0.24968 -0.03403
v -0.10000 0.27400 0.00000
v -0.12894 0.24968 -0.02103
v -0.06422 0.24968 0.00000
v -0.10000 0.27400 0.00000
v -0.08894 0.24968 -0.03403
v 0.10000 0.18600 0.00000
v 0.08894 0.21032 0.03403
v 0.12894 0.21032 0.02103
v 0.12894 0.21032 0.02103
v 0.12894 0.21032 -0.02103
v 0.10000 0.18600 0.00000
v 0.10000 0.18600 0.00000
v 0.06422 0.21032 0.00000
v 0.08894 0.21032 0.03403
v 0.10000 0.18600 0.00000
v 0.08894 0.21032 -0.03403
v 0.06422 0.21032 0.00000
v 0.10000 0.18600 0.00000
v 0.12894 0.21032 -0.02103
v 0.08894 0.21032 -0.03403
v 0.12894 0.21032 0.02103
v 0.13578 0.24968 0.00000
v 0.12894 0.21032 -0.02103
v 0.08894 0.21032 0.03403
v 0.11106 0.24968 0.03403
v 0.12894 0.21032 0.02103
v 0.06422 0.21032 0.00000
v 0.07106 0.24968 0.02103
v 0.08894 0.21032 0.03403
v 0.08894 0.21032 -0.03403
v 0.07106 0.24968 -0.02103
v 0.06422 0.21032 0.00000
v 0.12894 0.21032 -0.02103
v 0.11106 0.24968 -0.03403
v 0.08894 0.21032 -0.03403
v 0.12894 0.21032 0.02103
v 0.11106 0.24968 0.03403
v 0.13578 0.24968 0.00000
v 0.08894 0.21032 0.03403
v 0.07106 0.24968 0.02103
v 0.11106 0.24968 0.03403
v 0.06422 0.21032 0.00000
v 0.07106 0.24968 -0.02103
v 0.07106 0.24968 0.02103
v 0.08894 0.21032 -0.03403
v 0.11106 0.24968 -0.03403
v 0.07106 0.24968 -0.02103
v 0.12894 0.21032 -0.02103
v 0.13578 0.24968 0.00000
v 0.11106 0.24968 -0.03403
v 0.11106 0.24968 0.03403
v 0.10000 0.27400 0.00000
v 0.13578 0.24968 0.00000
v 0.07106 0.24968 0.02103
v 0.10000 0.27400 0.00000
v 0.11106 0.24968 0.03403
v 0.07106 0.24968 -0.02103
v 0.10000 0.27400 0.00000
v 0.07106 0.24968 0.02103
v 0.11106 0.24968 -0.03403
v 0.10000 0.27400 0.00000
v 0.07106 0.24968 -0.02103
v 0.13578 0.24968 0.00000
v 0.10000 0.27400 0.00000
v 0.11106 0.24968 -0.03403
vn -0.0000 -0.0000 1.0000
vn -0.0000 -0.0000 1.0000
vn -0.0000 -0.0000 1.0000
vn -0.0000 -0.0000 1.0000
vn 1.0000 0.0000 -0.0000
vn 1.0000 0.0000 -0.0000
vn 1.0000 0.0000 -0.0000
vn 1.0000 0.0000 -0.0000
vn 0.0000 1.0000 -0.0000
vn 0.0000 1.0000 -0.0000
vn 0.0000 1.0000 -0.0000
vn 0.0000 1.0000 -0.0000
vn -1.0000 0.0000 -0.0000
vn -1.0000 0.0000 -0.0000
vn -1.0000 0.0000 -0.0000
vn -1.0000 0.0000 -0.0000
vn 0.0000 0.0000 -1.0000
vn 0.0000 0.0000 -1.0000
vn 0.0000 0.0000 -1.0000
vn 0.0000 0.0000 -1.0000
vn -0.5774 -0.5774 0.5772
vn -0.5774 -0.5774 0.5772
vn -0.5774 -0.5774 0.5772
vn -0.5773 0.5774 0.5774
vn -0.5773 0.5774 0.5774
vn -0.5773 0.5774 0.5774
vn -0.5773 -0.5773 -0.5774
vn -0.5773 -0.5773 -0.5774
vn -0.5773 -0.5773 -0.5774
vn -0.5773 0.5774 -0.5774
vn -0.5773 0.5774 -0.5774
vn -0.5773 0.5774 -0.5774
vn 0.5774 -0.5774 0.5773
vn 0.5774 -0.5774 0.5773
vn 0.5774 -0.5774 0.5773
vn 0.5772 0.5774 0.5775
vn 0.5772 0.5774 0.5775
vn 0.5772 0.5774 0.5775
vn 0.5773 -0.5774 -0.5774
vn 0.5773 -0.5774 -0.5774
vn 0.5773 -0.5774 -0.5774
vn 0.5773 0.5774 -0.5773
vn 0.5773 0.5774 -0.5773
vn 0.5773 0.5774 -0.5773
vn -0.7071 -0.7071 -0.0001
vn -0.7071 -0.7071 -0.0001
vn -0.7071 -0.7071 -0.0001
vn -0.7071 -0.7071 -0.0001
vn -0.7071 -0.0000 0.7071
vn -0.7071 -0.0000 0.7071
vn -0.7071 -0.0000 0.7071
vn -0.7071 -0.0000 0.7071
vn -0.7071 0.7071 -0.0000
vn -0.7071 0.7071 -0.0000
vn -0.7071 0.7071 -0.0000
vn -0.7071 0.7071 -0.0000
vn -0.7071 0.0000 -0.7071
vn -0.7071 0.0000 -0.7071
vn -0.7071 0.0000 -0.7071
vn -0.7071 0.0000 -0.7071
vn 0.0000 -0.7071 -0.7071
vn 0.0000 -0.7071 -0.7071
vn 0.0000 -0.7071 -0.7071
vn 0.0000 -0.7071 -0.7071
vn 0.0000 0.7071 -0.7071
vn 0.0000 0.7071 -0.7071
vn 0.0000 0.7071 -0.7071
vn 0.0000 0.7071 -0.7071
vn 0.7071 0.0000 -0.7071
vn 0.7071 0.0000 -0.7071
vn 0.7071 0.0000 -0.7071
vn 0.7071 0.0000 -0.7071
vn 0.7071 -0.7071 -0.0000
vn 0.7071 -0.7071 -0.0000
vn 0.7071 -0.7071 -0.0000
vn 0.7071 -0.7071 -0.0000
vn 0.7071 0.7071 0.0000
vn 0.7071 0.7071 0.0000
vn 0.7071 0.7071 0.0000
vn 0.7071 0.7071 0.0000
vn 0.7071 -0.0000 0.7071
vn 0.7071 -0.0000 0.7071
vn 0.7071 -0.0000 0.7071
vn 0.7071 -0.0000 0.7071
vn -0.0000 -0.7071 0.7071
vn -0.0000 -0.7071 0.7071
vn -0.0000 -0.7071 0.7071
vn -0.0000 -0.7071 0.7071
vn -0.0000 0.7071 0.7071
vn -0.0000 0.7071 0.7071
vn -0.0000 0.7071 0.7071
vn -0.0000 0.7071 0.7071
vn 0.0000 -1.0000 -0.0000
vn 0.0000 -1.0000 -0.0000
vn 0.0000 -1.0000 -0.0000
vn 0.0000 -1.0000 -0.0000
vn -0.0000 -0.0000 1.0000
vn -0.0000 -0.0000 1.0000
vn -0.0000 -0.0000 1.0000
vn -0.0000 -0.0000 1.0000
vn 1.0000 0.0000 -0.0000
vn 1.0000 0.0000 -0.0000
vn 1.0000 0.0000 -0.0000
vn 1.0000 0.0000 -0.0000
vn 0.0000 1.0000 -0.0000
vn 0.0000 1.0000 -0.0000
vn 0.0000 1.0000 -0.0000
vn 0.0000 1.0000 -0.0000
vn -1.0000 0.0000 -0.0000
vn -1.0000 0.0000 -0.0000
vn -1.0000 0.0000 -0.0000
vn -1.0000 0.0000 -0.0000
vn 0.0000 0.0000 -1.0000
vn 0.0000 0.0000 -1.0000
vn 0.0000 0.0000 -1.0000
vn 0.0000 0.0000 -1.0000
vn -0.5774 -0.5774 0.5772
vn -0.5774 -0.5774 0.5772
vn -0.5774 -0.5774 0.5772
vn -0.5773 0.5774 0.5774
vn -0.5773 0.5774 0.5774
vn -0.5773 0.5774 0.5774
vn -0.5773 -0.5773 -0.5774
vn -0.5773 -0.5773 -0.5774
vn -0.5773 -0.5773 -0.5774
vn -0.5773 0.5774 -0.5774
vn -0.5773 0.5774 -0.5774
vn -0.5773 0.5774 -0.5774
vn 0.5774 -0.5774 0.5773
vn 0.5774 -0.5774 0.5773
vn 0.5774 -0.5774 0.5773
vn 0.5772 0.5774 0.5775
vn 0.5772 0.5774 0.5775
vn 0.5772 0.5774 0.5775
vn 0.5773 -0.5774 -0.5774
vn 0.5773 -0.5774 -0.5774
vn 0.5773 -0.5774 -0.5774
vn 0.5773 0.5774 -0.5773
vn 0.5773 0.5774 -0.5773
vn 0.5773 0.5774 -0.5773
vn -0.7071 -0.7071 -0.0001
vn -0.7071 -0.7071 -0.0001
vn -0.7071 -0.7071 -0.0001
vn -0.7071 -0.7071 -0.0001
vn -0.7071 -0.0000 0.7071
vn -0.7071 -0.0000 0.7071
vn -0.7071 -0.0000 0.7071
vn -0.7071 -0.0000 0.7071
vn -0.7071 0.7071 -0.0000
vn -0.7071 0.7071 -0.0000
vn -0.7071 0.7071 -0.0000
vn -0.7071 0.7071 -0.0000
vn -0.7071 0.0000 -0.7071
vn -0.7071 0.0000 -0.7071
vn -0.7071 0.0000 -0.7071
vn -0.7071 0.0000 -0.7071
vn 0.0000 -0.7071 -0.7071
vn 0.0000 -0.7071 -0.7071
vn 0.0000 -0.7071 -0.7071
vn 0.0000 -0.7071 -0.7071
vn 0.0000 0.7071 -0.7071
vn 0.0000 0.7071 -0.7071
vn 0.0000 0.7071 -0.7071
vn 0.0000 0.7071 -0.7071
vn 0.7071 0.0000 -0.7071
vn 0.7071 0.0000 -0.7071
vn 0.7071 0.0000 -0.7071
vn 0.7071 0.0000 -0.7071
vn 0.7071 -0.7071 -0.0000
vn 0.7071 -0.7071 -0.0000
vn 0.7071 -0.7071 -0.0000
vn 0.7071 -0.7071 -0.0000
vn 0.7071 0.7071 0.0000
vn 0.7071 0.7071 0.0000
vn 0.7071 0.7071 0.0000
vn 0.7071 0.7071 0.0000
vn 0.7071 -0.0000 0.7071
vn 0.7071 -0.0000 0.7071
vn 0.7071 -0.0000 0.7071
vn 0.7071 -0.0000 0.7071
vn -0.0000 -0.7071 0.7071
vn -0.0000 -0.7071 0.7071
vn -0.0000 -0.7071 0.7071
vn -0.0000 -0.7071 0.7071
vn -0.0000 0.7071 0.7071
vn -0.0000 0.7071 0.7071
vn -0.0000 0.7071 0.7071
vn -0.0000 0.7071 0.7071
vn 0.0000 -1.0000 -0.0000
vn 0.0000 -1.0000 -0.0000
vn 0.0000 -1.0000 -0.0000
vn 0.0000 -1.0000 -0.0000
vn -0.0000 -0.0000 1.0000
vn -0.0000 -0.0000 1.0000
vn -0.0000 -0.0000 1.0000
vn -0.0000 -0.0000 1.0000
vn 0.9781 -0.2079 -0.0000
vn 0.9781 -0.2079 -0.0000
vn 0.9781 -0.2079 -0.0000
vn 0.9781 -0.2079 -0.0000
vn 0.2079 0.9782 0.0000
vn 0.2079 0.9782 0.0000
vn 0.2079 0.9782 0.0000
vn 0.2079 0.9782 0.0000
vn -0.9782 0.2079 -0.0000
vn -0.9782 0.2079 -0.0000
vn -0.9782 0.2079 -0.0000
vn -0.9782 0.2079 -0.0000
vn 0.0000 0.0000 -1.0000
vn 0.0000 0.0000 -1.0000
vn 0.0000 0.0000 -1.0000
vn 0.0000 0.0000 -1.0000
vn -0.6848 -0.4447 0.5773
vn -0.6848 -0.4447 0.5773
vn -0.6848 -0.4447 0.5773
vn -0.4447 0.6847 0.5774
vn -0.4447 0.6847 0.5774
vn -0.4447 0.6847 0.5774
vn -0.6848 -0.4446 -0.5774
vn -0.6848 -0.4446 -0.5774
vn -0.6848 -0.4446 -0.5774
vn -0.4447 0.6848 -0.5774
vn -0.4447 0.6848 -0.5774
vn -0.4447 0.6848 -0.5774
vn 0.4447 -0.6848 0.5774
vn 0.4447 -0.6848 0.5774
vn 0.4447 -0.6848 0.5774
vn 0.6847 0.4447 0.5774
vn 0.6847 0.4447 0.5774
vn 0.6847 0.4447 0.5774
vn 0.4446 -0.6848 -0.5774
vn 0.4446 -0.6848 -0.5774
vn 0.4446 -0.6848 -0.5774
vn 0.6848 0.4447 -0.5773
vn 0.6848 0.4447 -0.5773
vn 0.6848 0.4447 -0.5773
vn -0.8387 -0.5446 -0.0000
vn -0.8387 -0.5446 -0.0000
vn -0.8387 -0.5446 -0.0000
vn -0.8387 -0.5446 -0.0000
vn -0.6917 0.1470 0.7071
vn -0.6917 0.1470 0.7071
vn -0.6917 0.1470 0.7071
vn -0.6917 0.1470 0.7071
vn -0.5446 0.8387 0.0000
vn -0.5446 0.8387 0.0000
vn -0.5446 0.8387 0.0000
vn -0.5446 0.8387 0.0000
vn -0.6917 0.1470 -0.7071
vn -0.6917 0.1470 -0.7071
vn -0.6917 0.1470 -0.7071
vn -0.6917 0.1470 -0.7071
vn -0.1470 -0.6917 -0.7071
vn -0.1470 -0.6917 -0.7071
vn -0.1470 -0.6917 -0.7071
vn -0.1470 -0.6917 -0.7071
vn 0.1470 0.6917 -0.7070
vn 0.1470 0.6917 -0.7070
vn 0.1470 0.6917 -0.7070
vn 0.1470 0.6917 -0.7070
vn 0.6917 -0.1470 -0.7071
vn 0.6917 -0.1470 -0.7071
vn 0.6917 -0.1470 -0.7071
vn 0.6917 -0.1470 -0.7071
vn 0.5446 -0.8387 0.0000
vn 0.5446 -0.8387 0.0000
vn 0.5446 -0.8387 0.0000
vn 0.5446 -0.8387 0.0000
vn 0.8387 0.5446 0.0001
vn 0.8387 0.5446 0.0001
vn 0.8387 0.5446 0.0001
vn 0.8387 0.5446 0.0001
vn 0.6916 -0.1470 0.7071
vn 0.6916 -0.1470 0.7071
vn 0.6916 -0.1470 0.7071
vn 0.6916 -0.1470 0.7071
vn -0.1470 -0.6917 0.7071
vn -0.1470 -0.6917 0.7071
vn -0.1470 -0.6917 0.7071
vn -0.1470 -0.6917 0.7071
vn 0.1470 0.6916 0.7071
vn 0.1470 0.6916 0.7071
vn 0.1470 0.6916 0.7071
vn 0.1470 0.6916 0.7071
vn -0.2079 -0.9782 -0.0001
vn -0.2079 -0.9782 -0.0001
vn -0.2079 -0.9782 -0.0001
vn -0.2079 -0.9782 -0.0001
vn -0.0000 -0.0000 1.0000
vn -0.0000 -0.0000 1.0000
vn -0.0000 -0.0000 1.0000
vn -0.0000 -0.0000 1.0000
vn 0.9782 0.2079 0.0000
vn 0.9782 0.2079 0.0000
vn 0.9782 0.2079 0.0000
vn 0.9782 0.2079 0.0000
vn -0.2079 0.9781 -0.0000
vn -0.2079 0.9781 -0.0000
vn -0.2079 0.9781 -0.0000
vn -0.2079 0.9781 -0.0000
vn -0.9782 -0.2079 -0.0001
vn -0.9782 -0.2079 -0.0001
vn -0.9782 -0.2079 -0.0001
vn -0.9782 -0.2079 -0.0001
vn 0.0000 0.0000 -1.0000
vn 0.0000 0.0000 -1.0000
vn 0.0000 0.0000 -1.0000
vn 0.0000 0.0000 -1.0000
vn -0.4447 -0.6848 0.5773
vn -0.4447 -0.6848 0.5773
vn -0.4447 -0.6848 0.5773
vn -0.6848 0.4447 0.5774
vn -0.6848 0.4447 0.5774
vn -0.6848 0.4447 0.5774
vn -0.4446 -0.6848 -0.5774
vn -0.4446 -0.6848 -0.5774
vn -0.4446 -0.6848 -0.5774
vn -0.6848 0.4446 -0.5774
vn -0.6848 0.4446 -0.5774
vn -0.6848 0.4446 -0.5774
vn 0.6847 -0.4447 0.5774
vn 0.6847 -0.4447 0.5774
vn 0.6847 -0.4447 0.5774
vn 0.4447 0.6847 0.5774
vn 0.4447 0.6847 0.5774
vn 0.4447 0.6847 0.5774
vn 0.6848 -0.4447 -0.5774
vn 0.6848 -0.4447 -0.5774
vn 0.6848 -0.4447 -0.5774
vn 0.4447 0.6848 -0.5773
vn 0.4447 0.6848 -0.5773
vn 0.4447 0.6848 -0.5773
vn -0.5446 -0.8387 -0.0000
vn -0.5446 -0.8387 -0.0000
vn -0.5446 -0.8387 -0.0000
vn -0.5446 -0.8387 -0.0000
vn -0.6917 -0.1470 0.7071
vn -0.6917 -0.1470 0.7071
vn -0.6917 -0.1470 0.7071
vn -0.6917 -0.1470 0.7071
vn -0.8387 0.5446 0.0000
vn -0.8387 0.5446 0.0000
vn -0.8387 0.5446 0.0000
vn -0.8387 0.5446 0.0000
vn -0.6917 -0.1470 -0.7071
vn -0.6917 -0.1470 -0.7071
vn -0.6917 -0.1470 -0.7071
vn -0.6917 -0.1470 -0.7071
vn 0.1470 -0.6917 -0.7071
vn 0.1470 -0.6917 -0.7071
vn 0.1470 -0.6917 -0.7071
vn 0.1470 -0.6917 -0.7071
vn -0.1470 0.6917 -0.7071
vn -0.1470 0.6917 -0.7071
vn -0.1470 0.6917 -0.7071
vn -0.1470 0.6917 -0.7071
vn 0.6917 0.1470 -0.7070
vn 0.6917 0.1470 -0.7070
vn 0.6917 0.1470 -0.7070
vn 0.6917 0.1470 -0.7070
vn 0.8387 -0.5446 0.0000
vn 0.8387 -0.5446 0.0000
vn 0.8387 -0.5446 0.0000
vn 0.8387 -0.5446 0.0000
vn 0.5446 0.8387 0.0001
vn 0.5446 0.8387 0.0001
vn 0.5446 0.8387 0.0001
vn 0.5446 0.8387 0.0001
vn 0.6916 0.1470 0.7071
vn 0.6916 0.1470 0.7071
vn 0.6916 0.1470 0.7071
vn 0.6916 0.1470 0.7071
vn 0.1470 -0.6917 0.7071
vn 0.1470 -0.6917 0.7071
vn 0.1470 -0.6917 0.7071
vn 0.1470 -0.6917 0.7071
vn -0.1470 0.6916 0.7071
vn -0.1470 0.6916 0.7071
vn -0.1470 0.6916 0.7071
vn -0.1470 0.6916 0.7071
vn 0.2079 -0.9782 -0.0000
vn 0.2079 -0.9782 -0.0000
vn 0.2079 -0.9782 -0.0000
vn 0.2079 -0.9782 -0.0000
vn 0.1988 -0.7656 0.6118
vn 0.1988 -0.7656 0.6118
vn 0.1988 -0.7656 0.6118
vn 0.6433 -0.7656 -0.0000
vn 0.6433 -0.7656 -0.0000
vn 0.6433 -0.7656 -0.0000
vn -0.5205 -0.7656 0.3781
vn -0.5205 -0.7656 0.3781
vn -0.5205 -0.7656 0.3781
vn -0.5204 -0.7655 -0.3783
vn -0.5204 -0.7655 -0.3783
vn -0.5204 -0.7655 -0.3783
vn 0.1988 -0.7656 -0.6119
vn 0.1988 -0.7656 -0.6119
vn 0.1988 -0.7656 -0.6119
vn 0.9853 -0.1711 0.0000
vn 0.9853 -0.1711 0.0000
vn 0.9853 -0.1711 0.0000
vn 0.3045 -0.1711 0.9370
vn 0.3045 -0.1711 0.9370
vn 0.3045 -0.1711 0.9370
vn -0.7971 -0.1711 0.5791
vn -0.7971 -0.1711 0.5791
vn -0.7971 -0.1711 0.5791
vn -0.7971 -0.1711 -0.5791
vn -0.7971 -0.1711 -0.5791
vn -0.7971 -0.1711 -0.5791
vn 0.3045 -0.1711 -0.9370
vn 0.3045 -0.1711 -0.9370
vn 0.3045 -0.1711 -0.9370
vn 0.7971 0.1711 0.5792
vn 0.7971 0.1711 0.5792
vn 0.7971 0.1711 0.5792
vn -0.3045 0.1711 0.9370
vn -0.3045 0.1711 0.9370
vn -0.3045 0.1711 0.9370
vn -0.9853 0.1711 0.0000
vn -0.9853 0.1711 0.0000
vn -0.9853 0.1711 0.0000
vn -0.3045 0.1711 -0.9370
vn -0.3045 0.1711 -0.9370
vn -0.3045 0.1711 -0.9370
vn 0.7971 0.1711 -0.5790
vn 0.7971 0.1711 -0.5790
vn 0.7971 0.1711 -0.5790
vn 0.5205 0.7655 0.3783
vn 0.5205 0.7655 0.3783
vn 0.5205 0.7655 0.3783
vn -0.1988 0.7656 0.6119
vn -0.1988 0.7656 0.6119
vn -0.1988 0.7656 0.6119
vn -0.6433 0.7656 -0.0000
vn -0.6433 0.7656 -0.0000
vn -0.6433 0.7656 -0.0000
vn -0.1988 0.7655 -0.6119
vn -0.1988 0.7655 -0.6119
vn -0.1988 0.7655 -0.6119
vn 0.5205 0.7656 -0.3781
vn 0.5205 0.7656 -0.3781
vn 0.5205 0.7656 -0.3781
vn 0.1988 -0.7656 0.6118
vn 0.1988 -0.7656 0.6118
vn 0.1988 -0.7656 0.6118
vn 0.6433 -0.7656 -0.0000
vn 0.6433 -0.7656 -0.0000
vn 0.6433 -0.7656 -0.0000
vn -0.5205 -0.7656 0.3781
vn -0.5205 -0.7656 0.3781
vn -0.5205 -0.7656 0.3781
vn -0.5204 -0.7655 -0.3783
vn -0.5204 -0.7655 -0.3783
vn -0.5204 -0.7655 -0.3783
vn 0.1988 -0.7656 -0.6119
vn 0.1988 -0.7656 -0.6119
vn 0.1988 -0.7656 -0.6119
vn 0.9853 -0.1711 0.0000
vn 0.9853 -0.1711 0.0000
vn 0.9853 -0.1711 0.0000
vn 0.3045 -0.1711 0.9370
vn 0.3045 -0.1711 0.9370
vn 0.3045 -0.1711 0.9370
vn -0.7971 -0.1711 0.5791
vn -0.7971 -0.1711 0.5791
vn -0.7971 -0.1711 0.5791
vn -0.7971 -0.1711 -0.5791
vn -0.7971 -0.1711 -0.5791
vn -0.7971 -0.1711 -0.5791
vn 0.3045 -0.1711 -0.9370
vn 0.3045 -0.1711 -0.9370
vn 0.3045 -0.1711 -0.9370
vn 0.7971 0.1711 0.5792
vn 0.7971 0.1711 0.5792
vn 0.7971 0.1711 0.5792
vn -0.3045 0.1711 0.9370
vn -0.3045 0.1711 0.9370
vn -0.3045 0.1711 0.9370
vn -0.9853 0.1711 0.0000
vn -0.9853 0.1711 0.0000
vn -0.9853 0.1711 0.0000
vn -0.3045 0.1711 -0.9370
vn -0.3045 0.1711 -0.9370
vn -0.3045 0.1711 -0.9370
vn 0.7971 0.1711 -0.5790
vn 0.7971 0.1711 -0.5790
vn 0.7971 0.1711 -0.5790
vn 0.5205 0.7655 0.3783
vn 0.5205 0.7655 0.3783
vn 0.5205 0.7655 0.3783
vn -0.1988 0.7656 0.6119
vn -0.1988 0.7656 0.6119
vn -0.1988 0.7656 0.6119
vn -0.6433 0.7656 -0.0000
vn -0.6433 0.7656 -0.0000
vn -0.6433 0.7656 -0.0000
vn -0.1988 0.7655 -0.6119
vn -0.1988 0.7655 -0.6119
vn -0.1988 0.7655 -0.6119
vn 0.5205 0.7656 -0.3781
vn 0.5205 0.7656 -0.3781
vn 0.5205 0.7656 -0.3781
f 355//355 357//357 356//356
f 355//355 356//356 358//358
f 359//359 361//361 360//360
f 359//359 360//360 362//362
f 363//363 365//365 364//364
f 363//363 364//364 366//366
f 367//367 369//369 368//368
f 367//367 368//368 370//370
f 371//371 373//373 372//372
f 371//371 372//372 374//374
f 375//375 377//377 376//376
f 378//378 380//380 379//379
f 381//381 383//383 382//382
f 384//384 386//386 385//385
f 387//387 389//389 388//388
f 390//390 392//392 391//391
f 393//393 395//395 394//394
f 396//396 398//398 397//397
f 399//399 401//401 400//400
f 399//399 400//400 402//402
f 403//403 405//405 404//404
f 403//403 404//404 406//406
f 407//407 409//409 408//408
f 407//407 408//408 410//410
f 411//411 413//413 412//412
f 411//411 412//412 414//414
f 415//415 417//417 416//416
f 415//415 416//416 418//418
f 419//419 421//421 420//420
f 419//419 420//420 422//422
f 423//423 425//425 424//424
f 423//423 424//424 426//426
f 427//427 429//429 428//428
f 427//427 428//428 430//430
f 431//431 433//433 432//432
f 431//431 432//432 434//434
f 435//435 437//437 436//436
f 435//435 436//436 438//438
f 439//439 441//441 440//440
f 439//439 440//440 442//442
f 443//443 445//445 444//444
f 443//443 444//444 446//446
f 447//447 449//449 448//448
f 447//447 448//448 450//450
f 451//451 453//453 452//452
f 451//451 452//452 454//454
f 455//455 457//457 456//456
f 455//455 456//456 458//458
f 459//459 461//461 460//460
f 459//459 460//460 462//462
f 463//463 465//465 464//464
f 463//463 464//464 466//466
f 467//467 469//469 468//468
f 467//467 468//468 470//470
f 471//471 473//473 472//472
f 474//474 476//476 475//475
f 477//477 479//479 478//478
f 480//480 482//482 481//481
f 483//483 485//485 484//484
f 486//486 488//488 487//487
f 489//489 491//491 490//490
f 492//492 494//494 493//493
f 495//495 497//497 496//496
f 495//495 496//496 498//498
f 499//499 501//501 500//500
f 499//499 500//500 502//502
f 503//503 505//505 504//504
f 503//503 504//504 506//506
f 507//507 509//509 508//508
f 507//507 508//508 510//510
f 511//511 513//513 512//512
f 511//511 512//512 514//514
f 515//515 517//517 516//516
f 515//515 516//516 518//518
f 519//519 521//521 520//520
f 519//519 520//520 522//522
f 523//523 525//525 524//524
f 523//523 524//524 526//526
f 527//527 529//529 528//528
f 527//527 528//528 530//530
f 531//531 533//533 532//532
f 531//531 532//532 534//534
f 535//535 537//537 536//536
f 535//535 536//536 538//538
f 539//539 541//541 540//540
f 539//539 540//540 542//542
f 543//543 545//545 544//544
f 543//543 544//544 546//546
f 547//547 549//549 548//548
f 547//547 548//548 550//550
f 551//551 553//553 552//552
f 551//551 552//552 554//554
f 555//555 557//557 556//556
f 555//555 556//556 558//558
f 559//559 561//561 560//560
f 559//559 560//560 562//562
f 563//563 565//565 564//564
f 563//563 564//564 566//566
f 567//567 569//569 568//568
f 570//570 572//572 571//571
f 573//573 575//575 574//574
f 576//576 578//578 577//577
f 579//579 581//581 580//580
f 582//582 584//584 583//583
f 585//585 587//587 586//586
f 588//588 590//590 589//589
f 591//591 593//593 592//592
f 591//591 592//592 594//594
f 595//595 597//597 596//596
f 595//595 596//596 598//598
f 599//599 601//601 600//600
f 599//599 600//600 602//602
f 603//603 605//605 604//604
f 603//603 604//604 606//606
f 607//607 609//609 608//608
f 607//607 608//608 610//610
f 611//611 613//613 612//612
f 611//611 612//612 614//614
f 615//615 617//617 616//616
f 615//615 616//616 618//618
f 619//619 621//621 620//620
f 619//619 620//620 622//622
f 623//623 625//625 624//624
f 623//623 624//624 626//626
f 627//627 629//629 628//628
f 627//627 628//628 630//630
f 631//631 633//633 632//632
f 631//631 632//632 634//634
f 635//635 637//637 636//636
f 635//635 636//636 638//638
f 639//639 641//641 640//640
f 639//639 640//640 642//642
f 643//643 645//645 644//644
f 643//643 644//644 646//646
f 647//647 649//649 648//648
f 647//647 648//648 650//650
f 651//651 653//653 652//652
f 651//651 652//652 654//654
f 655//655 657//657 656//656
f 655//655 656//656 658//658
f 659//659 661//661 660//660
f 659//659 660//660 662//662
f 663//663 665//665 664//664
f 666//666 668//668 667//667
f 669//669 671//671 670//670
f 672//672 674//674 673//673
f 675//675 677//677 676//676
f 678//678 680//680 679//679
f 681//681 683//683 682//682
f 684//684 686//686 685//685
f 687//687 689//689 688//688
f 687//687 688//688 690//690
f 691//691 693//693 692//692
f 691//691 692//692 694//694
f 695//695 697//697 696//696
f 695//695 696//696 698//698
f 699//699 701//701 700//700
f 699//699 700//700 702//702
f 703//703 705//705 704//704
f 703//703 704//704 706//706
f 707//707 709//709 708//708
f 707//707 708//708 710//710
f 711//711 713//713 712//712
f 711//711 712//712 714//714
f 715//715 717//717 716//716
f 715//715 716//716 718//718
f 719//719 721//721 720//720
f 719//719 720//720 722//722
f 723//723 725//725 724//724
f 723//723 724//724 726//726
f 727//727 729//729 728//728
f 727//727 728//728 730//730
f 731//731 733//733 732//732
f 731//731 732//732 734//734
f 735//735 737//737 736//736
f 735//735 736//736 738//738
f 739//739 741//741 740//740
f 742//742 744//744 743//743
f 745//745 747//747 746//746
f 748//748 750//750 749//749
f 751//751 753//753 752//752
f 754//754 756//756 755//755
f 757//757 759//759 758//758
f 760//760 762//762 761//761
f 763//763 765//765 764//764
f 766//766 768//768 767//767
f 769//769 771//771 770//770
f 772//772 774//774 773//773
f 775//775 777//777 776//776
f 778//778 780//780 779//779
f 781//781 783//783 782//782
f 784//784 786//786 785//785
f 787//787 789//789 788//788
f 790//790 792//792 791//791
f 793//793 795//795 794//794
f 796//796 798//798 797//797
f 799//799 801//801 800//800
f 802//802 804//804 803//803
f 805//805 807//807 806//806
f 808//808 810//810 809//809
f 811//811 813//813 812//812
f 814//814 816//816 815//815
f 817//817 819//819 818//818
f 820//820 822//822 821//821
f 823//823 825//825 824//824
f 826//826 828//828 827//827
f 829//829 831//831 830//830
f 832//832 834//834 833//833
f 835//835 837//837 836//836
f 838//838 840//840 839//839
f 841//841 843//843 842//842
f 844//844 846//846 845//845
f 847//847 849//849 848//848
f 850//850 852//852 851//851
f 853//853 855//855 854//854
f 856//856 858//858 857//857
g body_cloth_dark
usemtl cloth_dark
v 0.05701 0.14200 0.04484
v -0.06363 0.24300 0.04664
v 0.06363 0.24300 0.04664
v -0.05701 0.14200 0.04484
v 0.06903 0.14197 -0.03284
v 0.07566 0.24303 0.03464
v 0.07566 0.24303 -0.03464
v 0.06903 0.14197 0.03284
v 0.06444 0.25500 -0.03486
v -0.06444 0.25500 0.03486
v -0.06444 0.25500 -0.03486
v 0.06444 0.25500 0.03486
v -0.06903 0.14197 0.03284
v -0.07566 0.24303 -0.03464
v -0.07566 0.24303 0.03464
v -0.06903 0.14197 -0.03284
v -0.05701 0.14200 -0.04484
v 0.06363 0.24300 -0.04664
v -0.06363 0.24300 -0.04664
v 0.05701 0.14200 -0.04484
v -0.05625 0.13000 0.03262
v -0.06903 0.14197 0.03284
v -0.05701 0.14200 0.04484
v -0.06363 0.24300 0.04664
v -0.07566 0.24303 0.03464
v -0.06444 0.25500 0.03486
v -0.05625 0.13000 -0.03262
v -0.05701 0.14200 -0.04484
v -0.06903 0.14197 -0.03284
v -0.06444 0.25500 -0.03486
v -0.07566 0.24303 -0.03464
v -0.06363 0.24300 -0.04664
v 0.05625 0.13000 0.03262
v 0.05701 0.14200 0.04484
v 0.06903 0.14197 0.03284
v 0.06444 0.25500 0.03486
v 0.07566 0.24303 0.03464
v 0.06363 0.24300 0.04664
v 0.05625 0.13000 -0.03262
v 0.06903 0.14197 -0.03284
v 0.05701 0.14200 -0.04484
v 0.06444 0.25500 -0.03486
v 0.06363 0.24300 -0.04664
v 0.07566 0.24303 -0.03464
v -0.05625 0.13000 -0.03262
v -0.06903 0.14197 0.03284
v -0.05625 0.13000 0.03262
v -0.06903 0.14197 -0.03284
v -0.05701 0.14200 0.04484
v -0.07566 0.24303 0.03464
v -0.06363 0.24300 0.04664
v -0.06903 0.14197 0.03284
v -0.06444 0.25500 0.03486
v -0.07566 0.24303 -0.03464
v -0.06444 0.25500 -0.03486
v -0.07566 0.24303 0.03464
v -0.06363 0.24300 -0.04664
v -0.06903 0.14197 -0.03284
v -0.05701 0.14200 -0.04484
v -0.07566 0.24303 -0.03464
v 0.05625 0.13000 -0.03262
v -0.05701 0.14200 -0.04484
v -0.05625 0.13000 -0.03262
v 0.05701 0.14200 -0.04484
v -0.06444 0.25500 -0.03486
v 0.06363 0.24300 -0.04664
v 0.06444 0.25500 -0.03486
v -0.06363 0.24300 -0.04664
v 0.07566 0.24303 -0.03464
v 0.05701 0.14200 -0.04484
v 0.06903 0.14197 -0.03284
v 0.06363 0.24300 -0.04664
v 0.05625 0.13000 0.03262
v 0.06903 0.14197 -0.03284
v 0.05625 0.13000 -0.03262
v 0.06903 0.14197 0.03284
v 0.06444 0.25500 -0.03486
v 0.07566 0.24303 0.03464
v 0.06444 0.25500 0.03486
v 0.07566 0.24303 -0.03464
v 0.06363 0.24300 0.04664
v 0.06903 0.14197 0.03284
v 0.05701 0.14200 0.04484
v 0.07566 0.24303 0.03464
v -0.05625 0.13000 0.03262
v 0.05701 0.14200 0.04484
v 0.05625 0.13000 0.03262
v -0.05701 0.14200 0.04484
v 0.06444 0.25500 0.03486
v -0.06363 0.24300 0.04664
v -0.06444 0.25500 0.03486
v 0.06363 0.24300 0.04664
v -0.05625 0.13000 -0.03262
v 0.05625 0.13000 0.03262
v 0.05625 0.13000 -0.03262
v -0.05625 0.13000 0.03262
v 0.06481 0.10798 0.04930
v -0.06062 0.14702 0.04646
v 0.06062 0.14702 0.04646
v -0.06481 0.10798 0.04930
v 0.07286 0.10795 -0.04128
v 0.06867 0.14705 0.03844
v 0.06867 0.14705 -0.03844
v 0.07286 0.10795 0.04128
v 0.05981 0.15500 -0.03788
v -0.05981 0.15500 0.03788
v -0.05981 0.15500 -0.03788
v 0.05981 0.15500 0.03788
v -0.07286 0.10795 0.04128
v -0.06867 0.14705 -0.03844
v -0.06867 0.14705 0.03844
v -0.07286 0.10795 -0.04128
v -0.06481 0.10798 -0.04930
v 0.06062 0.14702 -0.04646
v -0.06062 0.14702 -0.04646
v 0.06481 0.10798 -0.04930
v -0.06571 0.10000 0.04187
v -0.07286 0.10795 0.04128
v -0.06481 0.10798 0.04930
v -0.06062 0.14702 0.04646
v -0.06867 0.14705 0.03844
v -0.05981 0.15500 0.03788
v -0.06571 0.10000 -0.04187
v -0.06481 0.10798 -0.04930
v -0.07286 0.10795 -0.04128
v -0.05981 0.15500 -0.03788
v -0.06867 0.14705 -0.03844
v -0.06062 0.14702 -0.04646
v 0.06571 0.10000 0.04187
v 0.06481 0.10798 0.04930
v 0.07286 0.10795 0.04128
v 0.05981 0.15500 0.03788
v 0.06867 0.14705 0.03844
v 0.06062 0.14702 0.04646
v 0.06571 0.10000 -0.04187
v 0.07286 0.10795 -0.04128
v 0.06481 0.10798 -0.04930
v 0.05981 0.15500 -0.03788
v 0.06062 0.14702 -0.04646
v 0.06867 0.14705 -0.03844
v -0.06571 0.10000 -0.04187
v -0.07286 0.10795 0.04128
v -0.06571 0.10000 0.04187
v -0.07286 0.10795 -0.04128
v -0.06481 0.10798 0.04930
v -0.06867 0.14705 0.03844
v -0.06062 0.14702 0.04646
v -0.07286 0.10795 0.04128
v -0.05981 0.15500 0.03788
v -0.06867 0.14705 -0.03844
v -0.05981 0.15500 -0.03788
v -0.06867 0.14705 0.03844
v -0.06062 0.14702 -0.04646
v -0.07286 0.10795 -0.04128
v -0.06481 0.10798 -0.04930
v -0.06867 0.14705 -0.03844
v 0.06571 0.10000 -0.04187
v -0.06481 0.10798 -0.04930
v -0.06571 0.10000 -0.04187
v 0.06481 0.10798 -0.04930
v -0.05981 0.15500 -0.03788
v 0.06062 0.14702 -0.04646
v 0.05981 0.15500 -0.03788
v -0.06062 0.14702 -0.04646
v 0.06867 0.14705 -0.03844
v 0.06481 0.10798 -0.04930
v 0.07286 0.10795 -0.04128
v 0.06062 0.14702 -0.04646
v 0.06571 0.10000 0.04187
v 0.07286 0.10795 -0.04128
v 0.06571 0.10000 -0.04187
v 0.07286 0.10795 0.04128
v 0.05981 0.15500 -0.03788
v 0.06867 0.14705 0.03844
v 0.05981 0.15500 0.03788
v 0.06867 0.14705 -0.03844
v 0.06062 0.14702 0.04646
v 0.07286 0.10795 0.04128
v 0.06481 0.10798 0.04930
v 0.06867 0.14705 0.03844
v -0.06571 0.10000 0.04187
v 0.06481 0.10798 0.04930
v 0.06571 0.10000 0.04187
v -0.06481 0.10798 0.04930
v 0.05981 0.15500 0.03788
v -0.06062 0.14702 0.04646
v -0.05981 0.15500 0.03788
v 0.06062 0.14702 0.04646
v -0.06571 0.10000 -0.04187
v 0.06571 0.10000 0.04187
v 0.06571 0.10000 -0.04187
v -0.06571 0.10000 0.04187
v 0.00000 0.32600 -0.07568
v 0.04448 0.33632 -0.06123
v 0.00000 0.33632 -0.07568
v 0.04448 0.32600 -0.06123
v 0.04448 0.32600 -0.06123
v 0.07198 0.33632 -0.02339
v 0.04448 0.33632 -0.06123
v 0.07198 0.32600 -0.02339
v 0.07198 0.32600 -0.02339
v 0.07198 0.33632 0.02339
v 0.07198 0.33632 -0.02339
v 0.07198 0.32600 0.02339
v 0.07198 0.32600 0.02339
v 0.04448 0.33632 0.06123
v 0.07198 0.33632 0.02339
v 0.04448 0.32600 0.06123
v 0.04448 0.32600 0.06123
v 0.00000 0.33632 0.07568
v 0.04448 0.33632 0.06123
v 0.00000 0.32600 0.07568
v 0.00000 0.32600 0.07568
v -0.04448 0.33632 0.06123
v 0.00000 0.33632 0.07568
v -0.04448 0.32600 0.06123
v -0.04448 0.32600 0.06123
v -0.07198 0.33632 0.02339
v -0.04448 0.33632 0.06123
v -0.07198 0.32600 0.02339
v -0.07198 0.32600 0.02339
v -0.07198 0.33632 -0.02339
v -0.07198 0.33632 0.02339
v -0.07198 0.32600 -0.02339
v 0.07198 0.33632 -0.02339
v 0.00000 0.33632 -0.07568
v 0.04448 0.33632 -0.06123
v -0.07198 0.33632 -0.02339
v -0.04448 0.33632 -0.06123
v 0.04448 0.33632 0.06123
v 0.07198 0.33632 0.02339
v -0.04448 0.33632 0.06123
v 0.00000 0.33632 0.07568
v -0.07198 0.33632 0.02339
v -0.07198 0.32600 -0.02339
v -0.04448 0.33632 -0.06123
v -0.07198 0.33632 -0.02339
v -0.04448 0.32600 -0.06123
v -0.04448 0.32600 -0.06123
v 0.00000 0.33632 -0.07568
v -0.04448 0.33632 -0.06123
v 0.00000 0.32600 -0.07568
v -0.04448 0.32600 -0.06123
v 0.04448 0.32600 -0.06123
v 0.00000 0.32600 -0.07568
v 0.07198 0.32600 0.02339
v 0.07198 0.32600 -0.02339
v -0.07198 0.32600 0.02339
v -0.07198 0.32600 -0.02339
v 0.00000 0.32600 0.07568
v -0.04448 0.32600 0.06123
v 0.04448 0.32600 0.06123
v 0.00000 0.33030 -0.04988
v 0.03527 0.36470 -0.03527
v 0.00000 0.36470 -0.04988
v 0.03527 0.33030 -0.03527
v 0.03527 0.33030 -0.03527
v 0.04988 0.36470 0.00000
v 0.03527 0.36470 -0.03527
v 0.04988 0.33030 0.00000
v 0.04988 0.33030 0.00000
v 0.03527 0.36470 0.03527
v 0.04988 0.36470 0.00000
v 0.03527 0.33030 0.03527
v 0.03527 0.33030 0.03527
v 0.00000 0.36470 0.04988
v 0.03527 0.36470 0.03527
v 0.00000 0.33030 0.04988
v 0.00000 0.33030 0.04988
v -0.03527 0.36470 0.03527
v 0.00000 0.36470 0.04988
v -0.03527 0.33030 0.03527
v -0.03527 0.33030 0.03527
v -0.04988 0.36470 0.00000
v -0.03527 0.36470 0.03527
v -0.04988 0.33030 0.00000
v 0.04988 0.36470 0.00000
v 0.00000 0.36470 -0.04988
v 0.03527 0.36470 -0.03527
v -0.04988 0.36470 0.00000
v -0.03527 0.36470 -0.03527
v 0.00000 0.36470 0.04988
v 0.03527 0.36470 0.03527
v -0.03527 0.36470 0.03527
v -0.04988 0.33030 0.00000
v -0.03527 0.36470 -0.03527
v -0.04988 0.36470 0.00000
v -0.03527 0.33030 -0.03527
v -0.03527 0.33030 -0.03527
v 0.00000 0.36470 -0.04988
v -0.03527 0.36470 -0.03527
v 0.00000 0.33030 -0.04988
v -0.03527 0.33030 -0.03527
v 0.03527 0.33030 -0.03527
v 0.00000 0.33030 -0.04988
v 0.03527 0.33030 0.03527
v 0.04988 0.33030 0.00000
v -0.03527 0.33030 0.03527
v -0.04988 0.33030 0.00000
v 0.00000 0.33030 0.04988
vn -0.0000 -0.0178 0.9998
vn -0.0000 -0.0178 0.9998
vn -0.0000 -0.0178 0.9998
vn -0.0000 -0.0178 0.9998
vn 0.9979 -0.0654 0.0000
vn 0.9979 -0.0654 0.0000
vn 0.9979 -0.0654 0.0000
vn 0.9979 -0.0654 0.0000
vn 0.0000 1.0000 -0.0000
vn 0.0000 1.0000 -0.0000
vn 0.0000 1.0000 -0.0000
vn 0.0000 1.0000 -0.0000
vn -0.9979 -0.0654 -0.0000
vn -0.9979 -0.0654 -0.0000
vn -0.9979 -0.0654 -0.0000
vn -0.9979 -0.0654 -0.0000
vn 0.0000 -0.0178 -0.9998
vn 0.0000 -0.0178 -0.9998
vn 0.0000 -0.0178 -0.9998
vn 0.0000 -0.0178 -0.9998
vn -0.5602 -0.6081 0.5624
vn -0.5602 -0.6081 0.5624
vn -0.5602 -0.6081 0.5624
vn -0.5922 0.5439 0.5945
vn -0.5922 0.5439 0.5945
vn -0.5922 0.5439 0.5945
vn -0.5602 -0.6081 -0.5626
vn -0.5602 -0.6081 -0.5626
vn -0.5602 -0.6081 -0.5626
vn -0.5922 0.5439 -0.5945
vn -0.5922 0.5439 -0.5945
vn -0.5922 0.5439 -0.5945
vn 0.5602 -0.6081 0.5625
vn 0.5602 -0.6081 0.5625
vn 0.5602 -0.6081 0.5625
vn 0.5922 0.5439 0.5946
vn 0.5922 0.5439 0.5946
vn 0.5922 0.5439 0.5946
vn 0.5602 -0.6081 -0.5625
vn 0.5602 -0.6081 -0.5625
vn 0.5602 -0.6081 -0.5625
vn 0.5922 0.5439 -0.5945
vn 0.5922 0.5439 -0.5945
vn 0.5922 0.5439 -0.5945
vn -0.6836 -0.7299 -0.0000
vn -0.6836 -0.7299 -0.0000
vn -0.6836 -0.7299 -0.0000
vn -0.6836 -0.7299 -0.0000
vn -0.7052 -0.0588 0.7066
vn -0.7052 -0.0588 0.7066
vn -0.7052 -0.0588 0.7066
vn -0.7052 -0.0588 0.7066
vn -0.7299 0.6836 0.0000
vn -0.7299 0.6836 0.0000
vn -0.7299 0.6836 0.0000
vn -0.7299 0.6836 0.0000
vn -0.7052 -0.0588 -0.7066
vn -0.7052 -0.0588 -0.7066
vn -0.7052 -0.0588 -0.7066
vn -0.7052 -0.0588 -0.7066
vn 0.0000 -0.7134 -0.7008
vn 0.0000 -0.7134 -0.7008
vn 0.0000 -0.7134 -0.7008
vn 0.0000 -0.7134 -0.7008
vn 0.0000 0.7008 -0.7134
vn 0.0000 0.7008 -0.7134
vn 0.0000 0.7008 -0.7134
vn 0.0000 0.7008 -0.7134
vn 0.7052 -0.0588 -0.7066
vn 0.7052 -0.0588 -0.7066
vn 0.7052 -0.0588 -0.7066
vn 0.7052 -0.0588 -0.7066
vn 0.6836 -0.7299 0.0000
vn 0.6836 -0.7299 0.0000
vn 0.6836 -0.7299 0.0000
vn 0.6836 -0.7299 0.0000
vn 0.7299 0.6836 0.0001
vn 0.7299 0.6836 0.0001
vn 0.7299 0.6836 0.0001
vn 0.7299 0.6836 0.0001
vn 0.7052 -0.0588 0.7066
vn 0.7052 -0.0588 0.7066
vn 0.7052 -0.0588 0.7066
vn 0.7052 -0.0588 0.7066
vn -0.0000 -0.7134 0.7007
vn -0.0000 -0.7134 0.7007
vn -0.0000 -0.7134 0.7007
vn -0.0000 -0.7134 0.7007
vn -0.0000 0.7008 0.7134
vn -0.0000 0.7008 0.7134
vn -0.0000 0.7008 0.7134
vn -0.0000 0.7008 0.7134
vn 0.0000 -1.0000 -0.0000
vn 0.0000 -1.0000 -0.0000
vn 0.0000 -1.0000 -0.0000
vn 0.0000 -1.0000 -0.0000
vn -0.0000 0.0724 0.9974
vn -0.0000 0.0724 0.9974
vn -0.0000 0.0724 0.9974
vn -0.0000 0.0724 0.9974
vn 0.9943 0.1066 0.0000
vn 0.9943 0.1066 0.0000
vn 0.9943 0.1066 0.0000
vn 0.9943 0.1066 0.0000
vn 0.0000 1.0000 -0.0000
vn 0.0000 1.0000 -0.0000
vn 0.0000 1.0000 -0.0000
vn 0.0000 1.0000 -0.0000
vn -0.9943 0.1066 -0.0000
vn -0.9943 0.1066 -0.0000
vn -0.9943 0.1066 -0.0000
vn -0.9943 0.1066 -0.0000
vn 0.0000 0.0724 -0.9974
vn 0.0000 0.0724 -0.9974
vn 0.0000 0.0724 -0.9974
vn 0.0000 0.0724 -0.9974
vn -0.6098 -0.5018 0.6135
vn -0.6098 -0.5018 0.6135
vn -0.6098 -0.5018 0.6135
vn -0.5413 0.6405 0.5447
vn -0.5413 0.6405 0.5447
vn -0.5413 0.6405 0.5447
vn -0.6097 -0.5018 -0.6136
vn -0.6097 -0.5018 -0.6136
vn -0.6097 -0.5018 -0.6136
vn -0.5413 0.6406 -0.5447
vn -0.5413 0.6406 -0.5447
vn -0.5413 0.6406 -0.5447
vn 0.6098 -0.5018 0.6135
vn 0.6098 -0.5018 0.6135
vn 0.6098 -0.5018 0.6135
vn 0.5413 0.6405 0.5447
vn 0.5413 0.6405 0.5447
vn 0.5413 0.6405 0.5447
vn 0.6097 -0.5018 -0.6135
vn 0.6097 -0.5018 -0.6135
vn 0.6097 -0.5018 -0.6135
vn 0.5413 0.6406 -0.5446
vn 0.5413 0.6406 -0.5446
vn 0.5413 0.6406 -0.5446
vn -0.7438 -0.6684 -0.0001
vn -0.7438 -0.6684 -0.0001
vn -0.7438 -0.6684 -0.0001
vn -0.7438 -0.6684 -0.0001
vn -0.7004 0.1261 0.7025
vn -0.7004 0.1261 0.7025
vn -0.7004 0.1261 0.7025
vn -0.7004 0.1261 0.7025
vn -0.6684 0.7438 -0.0000
vn -0.6684 0.7438 -0.0000
vn -0.6684 0.7438 -0.0000
vn -0.6684 0.7438 -0.0000
vn -0.7004 0.1261 -0.7025
vn -0.7004 0.1261 -0.7025
vn -0.7004 0.1261 -0.7025
vn -0.7004 0.1261 -0.7025
vn 0.0000 -0.6811 -0.7322
vn 0.0000 -0.6811 -0.7322
vn 0.0000 -0.6811 -0.7322
vn 0.0000 -0.6811 -0.7322
vn 0.0000 0.7323 -0.6810
vn 0.0000 0.7323 -0.6810
vn 0.0000 0.7323 -0.6810
vn 0.0000 0.7323 -0.6810
vn 0.7005 0.1261 -0.7025
vn 0.7005 0.1261 -0.7025
vn 0.7005 0.1261 -0.7025
vn 0.7005 0.1261 -0.7025
vn 0.7438 -0.6684 -0.0000
vn 0.7438 -0.6684 -0.0000
vn 0.7438 -0.6684 -0.0000
vn 0.7438 -0.6684 -0.0000
vn 0.6684 0.7438 0.0000
vn 0.6684 0.7438 0.0000
vn 0.6684 0.7438 0.0000
vn 0.6684 0.7438 0.0000
vn 0.7004 0.1261 0.7026
vn 0.7004 0.1261 0.7026
vn 0.7004 0.1261 0.7026
vn 0.7004 0.1261 0.7026
vn -0.0000 -0.6811 0.7322
vn -0.0000 -0.6811 0.7322
vn -0.0000 -0.6811 0.7322
vn -0.0000 -0.6811 0.7322
vn -0.0000 0.7322 0.6811
vn -0.0000 0.7322 0.6811
vn -0.0000 0.7322 0.6811
vn -0.0000 0.7322 0.6811
vn 0.0000 -1.0000 -0.0000
vn 0.0000 -1.0000 -0.0000
vn 0.0000 -1.0000 -0.0000
vn 0.0000 -1.0000 -0.0000
vn 0.3090 0.0000 -0.9511
vn 0.3090 0.0000 -0.9511
vn 0.3090 0.0000 -0.9511
vn 0.3090 0.0000 -0.9511
vn 0.8090 0.0000 -0.5878
vn 0.8090 0.0000 -0.5878
vn 0.8090 0.0000 -0.5878
vn 0.8090 0.0000 -0.5878
vn 1.0000 0.0000 -0.0000
vn 1.0000 0.0000 -0.0000
vn 1.0000 0.0000 -0.0000
vn 1.0000 0.0000 -0.0000
vn 0.8090 -0.0000 0.5878
vn 0.8090 -0.0000 0.5878
vn 0.8090 -0.0000 0.5878
vn 0.8090 -0.0000 0.5878
vn 0.3090 -0.0000 0.9511
vn 0.3090 -0.0000 0.9511
vn 0.3090 -0.0000 0.9511
vn 0.3090 -0.0000 0.9511
vn -0.3090 -0.0000 0.9511
vn -0.3090 -0.0000 0.9511
vn -0.3090 -0.0000 0.9511
vn -0.3090 -0.0000 0.9511
vn -0.8090 -0.0000 0.5878
vn -0.8090 -0.0000 0.5878
vn -0.8090 -0.0000 0.5878
vn -0.8090 -0.0000 0.5878
vn -1.0000 0.0000 -0.0000
vn -1.0000 0.0000 -0.0000
vn -1.0000 0.0000 -0.0000
vn -1.0000 0.0000 -0.0000
vn 0.0000 1.0000 -0.0000
vn 0.0000 1.0000 -0.0000
vn 0.0000 1.0000 -0.0000
vn 0.0000 1.0000 -0.0000
vn 0.0000 1.0000 -0.0000
vn 0.0000 1.0000 -0.0000
vn 0.0000 1.0000 -0.0000
vn 0.0000 1.0000 -0.0000
vn 0.0000 1.0000 -0.0000
vn 0.0000 1.0000 -0.0000
vn -0.8090 0.0000 -0.5878
vn -0.8090 0.0000 -0.5878
vn -0.8090 0.0000 -0.5878
vn -0.8090 0.0000 -0.5878
vn -0.3090 0.0000 -0.9511
vn -0.3090 0.0000 -0.9511
vn -0.3090 0.0000 -0.9511
vn -0.3090 0.0000 -0.9511
vn 0.0000 -1.0000 -0.0000
vn 0.0000 -1.0000 -0.0000
vn 0.0000 -1.0000 -0.0000
vn 0.0000 -1.0000 -0.0000
vn 0.0000 -1.0000 -0.0000
vn 0.0000 -1.0000 -0.0000
vn 0.0000 -1.0000 -0.0000
vn 0.0000 -1.0000 -0.0000
vn 0.0000 -1.0000 -0.0000
vn 0.0000 -1.0000 -0.0000
vn 0.3827 0.0000 -0.9239
vn 0.3827 0.0000 -0.9239
vn 0.3827 0.0000 -0.9239
vn 0.3827 0.0000 -0.9239
vn 0.9239 0.0000 -0.3827
vn 0.9239 0.0000 -0.3827
vn 0.9239 0.0000 -0.3827
vn 0.9239 0.0000 -0.3827
vn 0.9239 -0.0000 0.3827
vn 0.9239 -0.0000 0.3827
vn 0.9239 -0.0000 0.3827
vn 0.9239 -0.0000 0.3827
vn 0.3827 -0.0000 0.9239
vn 0.3827 -0.0000 0.9239
vn 0.3827 -0.0000 0.9239
vn 0.3827 -0.0000 0.9239
vn -0.3827 -0.0000 0.9239
vn -0.3827 -0.0000 0.9239
vn -0.3827 -0.0000 0.9239
vn -0.3827 -0.0000 0.9239
vn -0.9239 -0.0000 0.3826
vn -0.9239 -0.0000 0.3826
vn -0.9239 -0.0000 0.3826
vn -0.9239 -0.0000 0.3826
vn 0.0000 1.0000 -0.0000
vn 0.0000 1.0000 -0.0000
vn 0.0000 1.0000 -0.0000
vn 0.0000 1.0000 -0.0000
vn 0.0000 1.0000 -0.0000
vn 0.0000 1.0000 -0.0000
vn 0.0000 1.0000 -0.0000
vn 0.0000 1.0000 -0.0000
vn -0.9239 0.0000 -0.3827
vn -0.9239 0.0000 -0.3827
vn -0.9239 0.0000 -0.3827
vn -0.9239 0.0000 -0.3827
vn -0.3827 0.0000 -0.9239
vn -0.3827 0.0000 -0.9239
vn -0.3827 0.0000 -0.9239
vn -0.3827 0.0000 -0.9239
vn 0.0000 -1.0000 -0.0000
vn 0.0000 -1.0000 -0.0000
vn 0.0000 -1.0000 -0.0000
vn 0.0000 -1.0000 -0.0000
vn 0.0000 -1.0000 -0.0000
vn 0.0000 -1.0000 -0.0000
vn 0.0000 -1.0000 -0.0000
vn 0.0000 -1.0000 -0.0000
f 859//859 861//861 860//860
f 859//859 860//860 862//862
f 863//863 865//865 864//864
f 863//863 864//864 866//866
f 867//867 869//869 868//868
f 867//867 868//868 870//870
f 871//871 873//873 872//872
f 871//871 872//872 874//874
f 875//875 877//877 876//876
f 875//875 876//876 878//878
f 879//879 881//881 880//880
f 882//882 884//884 883//883
f 885//885 887//887 886//886
f 888//888 890//890 889//889
f 891//891 893//893 892//892
f 894//894 896//896 895//895
f 897//897 899//899 898//898
f 900//900 902//902 901//901
f 903//903 905//905 904//904
f 903//903 904//904 906//906
f 907//907 909//909 908//908
f 907//907 908//908 910//910
f 911//911 913//913 912//912
f 911//911 912//912 914//914
f 915//915 917//917 916//916
f 915//915 916//916 918//918
f 919//919 921//921 920//920
f 919//919 920//920 922//922
f 923//923 925//925 924//924
f 923//923 924//924 926//926
f 927//927 929//929 928//928
f 927//927 928//928 930//930
f 931//931 933//933 932//932
f 931//931 932//932 934//934
f 935//935 937//937 936//936
f 935//935 936//936 938//938
f 939//939 941//941 940//940
f 939//939 940//940 942//942
f 943//943 945//945 944//944
f 943//943 944//944 946//946
f 947//947 949//949 948//948
f 947//947 948//948 950//950
f 951//951 953//953 952//952
f 951//951 952//952 954//954
f 955//955 957//957 956//956
f 955//955 956//956 958//958
f 959//959 961//961 960//960
f 959//959 960//960 962//962
f 963//963 965//965 964//964
f 963//963 964//964 966//966
f 967//967 969//969 968//968
f 967//967 968//968 970//970
f 971//971 973//973 972//972
f 971//971 972//972 974//974
f 975//975 977//977 976//976
f 978//978 980//980 979//979
f 981//981 983//983 982//982
f 984//984 986//986 985//985
f 987//987 989//989 988//988
f 990//990 992//992 991//991
f 993//993 995//995 994//994
f 996//996 998//998 997//997
f 999//999 1001//1001 1000//1000
f 999//999 1000//1000 1002//1002
f 1003//1003 1005//1005 1004//1004
f 1003//1003 1004//1004 1006//1006
f 1007//1007 1009//1009 1008//1008
f 1007//1007 1008//1008 1010//1010
f 1011//1011 1013//1013 1012//1012
f 1011//1011 1012//1012 1014//1014
f 1015//1015 1017//1017 1016//1016
f 1015//1015 1016//1016 1018//1018
f 1019//1019 1021//1021 1020//1020
f 1019//1019 1020//1020 1022//1022
f 1023//1023 1025//1025 1024//1024
f 1023//1023 1024//1024 1026//1026
f 1027//1027 1029//1029 1028//1028
f 1027//1027 1028//1028 1030//1030
f 1031//1031 1033//1033 1032//1032
f 1031//1031 1032//1032 1034//1034
f 1035//1035 1037//1037 1036//1036
f 1035//1035 1036//1036 1038//1038
f 1039//1039 1041//1041 1040//1040
f 1039//1039 1040//1040 1042//1042
f 1043//1043 1045//1045 1044//1044
f 1043//1043 1044//1044 1046//1046
f 1047//1047 1049//1049 1048//1048
f 1047//1047 1048//1048 1050//1050
f 1051//1051 1053//1053 1052//1052
f 1051//1051 1052//1052 1054//1054
f 1055//1055 1057//1057 1056//1056
f 1055//1055 1056//1056 1058//1058
f 1059//1059 1061//1061 1060//1060
f 1059//1059 1060//1060 1062//1062
f 1063//1063 1065//1065 1064//1064
f 1063//1063 1064//1064 1066//1066
f 1067//1067 1069//1069 1068//1068
f 1067//1067 1068//1068 1070//1070
f 1071//1071 1073//1073 1072//1072
f 1071//1071 1072//1072 1074//1074
f 1075//1075 1077//1077 1076//1076
f 1075//1075 1076//1076 1078//1078
f 1079//1079 1081//1081 1080//1080
f 1079//1079 1080//1080 1082//1082
f 1083//1083 1085//1085 1084//1084
f 1083//1083 1084//1084 1086//1086
f 1084//1084 1087//1087 1086//1086
f 1086//1086 1088//1088 1083//1083
f 1088//1088 1089//1089 1083//1083
f 1086//1086 1090//1090 1088//1088
f 1090//1090 1091//1091 1088//1088
f 1086//1086 1092//1092 1090//1090
f 1093//1093 1095//1095 1094//1094
f 1093//1093 1094//1094 1096//1096
f 1097//1097 1099//1099 1098//1098
f 1097//1097 1098//1098 1100//1100
f 1101//1101 1103//1103 1102//1102
f 1101//1101 1102//1102 1104//1104
f 1102//1102 1105//1105 1104//1104
f 1104//1104 1106//1106 1101//1101
f 1106//1106 1107//1107 1101//1101
f 1104//1104 1108//1108 1106//1106
f 1108//1108 1109//1109 1106//1106
f 1104//1104 1110//1110 1108//1108
f 1111//1111 1113//1113 1112//1112
f 1111//1111 1112//1112 1114//1114
f 1115//1115 1117//1117 1116//1116
f 1115//1115 1116//1116 1118//1118
f 1119//1119 1121//1121 1120//1120
f 1119//1119 1120//1120 1122//1122
f 1123//1123 1125//1125 1124//1124
f 1123//1123 1124//1124 1126//1126
f 1127//1127 1129//1129 1128//1128
f 1127//1127 1128//1128 1130//1130
f 1131//1131 1133//1133 1132//1132
f 1131//1131 1132//1132 1134//1134
f 1135//1135 1137//1137 1136//1136
f 1135//1135 1136//1136 1138//1138
f 1136//1136 1139//1139 1138//1138
f 1138//1138 1140//1140 1135//1135
f 1140//1140 1141//1141 1135//1135
f 1138//1138 1142//1142 1140//1140
f 1143//1143 1145//1145 1144//1144
f 1143//1143 1144//1144 1146//1146
f 1147//1147 1149//1149 1148//1148
f 1147//1147 1148//1148 1150//1150
f 1151//1151 1153//1153 1152//1152
f 1151//1151 1152//1152 1154//1154
f 1152//1152 1155//1155 1154//1154
f 1154//1154 1156//1156 1151//1151
f 1156//1156 1157//1157 1151//1151
f 1154//1154 1158//1158 1156//1156
g body_skin
usemtl skin
v 0.00000 0.24757 0.00000
v -0.01426 0.27666 0.04170
v 0.03734 0.27666 0.02577
v 0.03734 0.27666 0.02577
v 0.03734 0.27666 -0.02577
v 0.00000 0.24757 0.00000
v 0.00000 0.24757 0.00000
v -0.04615 0.27666 0.00000
v -0.01426 0.27666 0.04170
v 0.00000 0.24757 0.00000
v -0.01426 0.27666 -0.04170
v -0.04615 0.27666 0.00000
v 0.00000 0.24757 0.00000
v 0.03734 0.27666 -0.02577
v -0.01426 0.27666 -0.04170
v 0.03734 0.27666 0.02577
v 0.04615 0.32374 0.00000
v 0.03734 0.27666 -0.02577
v -0.01426 0.27666 0.04170
v 0.01426 0.32374 0.04170
v 0.03734 0.27666 0.02577
v -0.04615 0.27666 0.00000
v -0.03734 0.32374 0.02577
v -0.01426 0.27666 0.04170
v -0.01426 0.27666 -0.04170
v -0.03734 0.32374 -0.02577
v -0.04615 0.27666 0.00000
v 0.03734 0.27666 -0.02577
v 0.01426 0.32374 -0.04170
v -0.01426 0.27666 -0.04170
v 0.03734 0.27666 0.02577
v 0.01426 0.32374 0.04170
v 0.04615 0.32374 0.00000
v -0.01426 0.27666 0.04170
v -0.03734 0.32374 0.02577
v 0.01426 0.32374 0.04170
v -0.04615 0.27666 0.00000
v -0.03734 0.32374 -0.02577
v -0.03734 0.32374 0.02577
v -0.01426 0.27666 -0.04170
v 0.01426 0.32374 -0.04170
v -0.03734 0.32374 -0.02577
v 0.03734 0.27666 -0.02577
v 0.04615 0.32374 0.00000
v 0.01426 0.32374 -0.04170
v 0.01426 0.32374 0.04170
v 0.00000 0.35283 0.00000
v 0.04615 0.32374 0.00000
v -0.03734 0.32374 0.02577
v 0.00000 0.35283 0.00000
v 0.01426 0.32374 0.04170
v -0.03734 0.32374 -0.02577
v 0.00000 0.35283 0.00000
v -0.03734 0.32374 0.02577
v 0.01426 0.32374 -0.04170
v 0.00000 0.35283 0.00000
v -0.03734 0.32374 -0.02577
v 0.04615 0.32374 0.00000
v 0.00000 0.35283 0.00000
v 0.01426 0.32374 -0.04170
v -0.10500 0.12800 0.01000
v -0.11108 0.14016 0.02871
v -0.08908 0.14016 0.02157
v -0.08908 0.14016 0.02157
v -0.08908 0.14016 -0.00157
v -0.10500 0.12800 0.01000
v -0.10500 0.12800 0.01000
v -0.12468 0.14016 0.01000
v -0.11108 0.14016 0.02871
v -0.10500 0.12800 0.01000
v -0.11108 0.14016 -0.00871
v -0.12468 0.14016 0.01000
v -0.10500 0.12800 0.01000
v -0.08908 0.14016 -0.00157
v -0.11108 0.14016 -0.00871
v -0.08908 0.14016 0.02157
v -0.08532 0.15984 0.01000
v -0.08908 0.14016 -0.00157
v -0.11108 0.14016 0.02871
v -0.09892 0.15984 0.02871
v -0.08908 0.14016 0.02157
v -0.12468 0.14016 0.01000
v -0.12092 0.15984 0.02157
v -0.11108 0.14016 0.02871
v -0.11108 0.14016 -0.00871
v -0.12092 0.15984 -0.00157
v -0.12468 0.14016 0.01000
v -0.08908 0.14016 -0.00157
v -0.09892 0.15984 -0.00871
v -0.11108 0.14016 -0.00871
v -0.08908 0.14016 0.02157
v -0.09892 0.15984 0.02871
v -0.08532 0.15984 0.01000
v -0.11108 0.14016 0.02871
v -0.12092 0.15984 0.02157
v -0.09892 0.15984 0.02871
v -0.12468 0.14016 0.01000
v -0.12092 0.15984 -0.00157
v -0.12092 0.15984 0.02157
v -0.11108 0.14016 -0.00871
v -0.09892 0.15984 -0.00871
v -0.12092 0.15984 -0.00157
v -0.08908 0.14016 -0.00157
v -0.08532 0.15984 0.01000
v -0.09892 0.15984 -0.00871
v -0.09892 0.15984 0.02871
v -0.10500 0.17200 0.01000
v -0.08532 0.15984 0.01000
v -0.12092 0.15984 0.02157
v -0.10500 0.17200 0.01000
v -0.09892 0.15984 0.02871
v -0.12092 0.15984 -0.00157
v -0.10500 0.17200 0.01000
v -0.12092 0.15984 0.02157
v -0.09892 0.15984 -0.00871
v -0.10500 0.17200 0.01000
v -0.12092 0.15984 -0.00157
v -0.08532 0.15984 0.01000
v -0.10500 0.17200 0.01000
v -0.09892 0.15984 -0.00871
v 0.10500 0.12800 0.01000
v 0.09892 0.14016 0.02871
v 0.12092 0.14016 0.02157
v 0.12092 0.14016 0.02157
v 0.12092 0.14016 -0.00157
v 0.10500 0.12800 0.01000
v 0.10500 0.12800 0.01000
v 0.08532 0.14016 0.01000
v 0.09892 0.14016 0.02871
v 0.10500 0.12800 0.01000
v 0.09892 0.14016 -0.00871
v 0.08532 0.14016 0.01000
v 0.10500 0.12800 0.01000
v 0.12092 0.14016 -0.00157
v 0.09892 0.14016 -0.00871
v 0.12092 0.14016 0.02157
v 0.12468 0.15984 0.01000
v 0.12092 0.14016 -0.00157
v 0.09892 0.14016 0.02871
v 0.11108 0.15984 0.02871
v 0.12092 0.14016 0.02157
v 0.08532 0.14016 0.01000
v 0.08908 0.15984 0.02157
v 0.09892 0.14016 0.02871
v 0.09892 0.14016 -0.00871
v 0.08908 0.15984 -0.00157
v 0.08532 0.14016 0.01000
v 0.12092 0.14016 -0.00157
v 0.11108 0.15984 -0.00871
v 0.09892 0.14016 -0.00871
v 0.12092 0.14016 0.02157
v 0.11108 0.15984 0.02871
v 0.12468 0.15984 0.01000
v 0.09892 0.14016 0.02871
v 0.08908 0.15984 0.02157
v 0.11108 0.15984 0.02871
v 0.08532 0.14016 0.01000
v 0.08908 0.15984 -0.00157
v 0.08908 0.15984 0.02157
v 0.09892 0.14016 -0.00871
v 0.11108 0.15984 -0.00871
v 0.08908 0.15984 -0.00157
v 0.12092 0.14016 -0.00157
v 0.12468 0.15984 0.01000
v 0.11108 0.15984 -0.00871
v 0.11108 0.15984 0.02871
v 0.10500 0.17200 0.01000
v 0.12468 0.15984 0.01000
v 0.08908 0.15984 0.02157
v 0.10500 0.17200 0.01000
v 0.11108 0.15984 0.02871
v 0.08908 0.15984 -0.00157
v 0.10500 0.17200 0.01000
v 0.08908 0.15984 0.02157
v 0.11108 0.15984 -0.00871
v 0.10500 0.17200 0.01000
v 0.08908 0.15984 -0.00157
v 0.12468 0.15984 0.01000
v 0.10500 0.17200 0.01000
v 0.11108 0.15984 -0.00871
v 0.00000 0.24430 -0.02150
v 0.01862 0.27010 -0.01075
v 0.00000 0.27010 -0.02150
v 0.01862 0.24430 -0.01075
v 0.01862 0.24430 -0.01075
v 0.01862 0.27010 0.01075
v 0.01862 0.27010 -0.01075
v 0.01862 0.24430 0.01075
v 0.01862 0.24430 0.01075
v 0.00000 0.27010 0.02150
v 0.01862 0.27010 0.01075
v 0.00000 0.24430 0.02150
v 0.00000 0.24430 0.02150
v -0.01862 0.27010 0.01075
v 0.00000 0.27010 0.02150
v -0.01862 0.24430 0.01075
v 0.01862 0.27010 0.01075
v 0.00000 0.27010 -0.02150
v 0.01862 0.27010 -0.01075
v -0.01862 0.27010 0.01075
v 0.00000 0.27010 0.02150
v -0.01862 0.27010 -0.01075
v -0.01862 0.24430 0.01075
v -0.01862 0.27010 -0.01075
v -0.01862 0.27010 0.01075
v -0.01862 0.24430 -0.01075
v -0.01862 0.24430 -0.01075
v 0.00000 0.27010 -0.02150
v -0.01862 0.27010 -0.01075
v 0.00000 0.24430 -0.02150
v -0.01862 0.24430 -0.01075
v 0.01862 0.24430 -0.01075
v 0.00000 0.24430 -0.02150
v 0.00000 0.24430 0.02150
v -0.01862 0.24430 0.01075
v 0.01862 0.24430 0.01075
vn 0.1865 -0.7746 0.6043
vn 0.1865 -0.7746 0.6043
vn 0.1865 -0.7746 0.6043
vn 0.6146 -0.7888 0.0000
vn 0.6146 -0.7888 0.0000
vn 0.6146 -0.7888 0.0000
vn -0.4938 -0.7833 0.3776
vn -0.4938 -0.7833 0.3776
vn -0.4938 -0.7833 0.3776
vn -0.4938 -0.7833 -0.3777
vn -0.4938 -0.7833 -0.3777
vn -0.4938 -0.7833 -0.3777
vn 0.1865 -0.7746 -0.6043
vn 0.1865 -0.7746 -0.6043
vn 0.1865 -0.7746 -0.6043
vn 0.9829 -0.1840 -0.0000
vn 0.9829 -0.1840 -0.0000
vn 0.9829 -0.1840 -0.0000
vn 0.2903 -0.1759 0.9406
vn 0.2903 -0.1759 0.9406
vn 0.2903 -0.1759 0.9406
vn -0.7812 -0.1808 0.5975
vn -0.7812 -0.1808 0.5975
vn -0.7812 -0.1808 0.5975
vn -0.7812 -0.1808 -0.5976
vn -0.7812 -0.1808 -0.5976
vn -0.7812 -0.1808 -0.5976
vn 0.2903 -0.1759 -0.9406
vn 0.2903 -0.1759 -0.9406
vn 0.2903 -0.1759 -0.9406
vn 0.7812 0.1808 0.5976
vn 0.7812 0.1808 0.5976
vn 0.7812 0.1808 0.5976
vn -0.2903 0.1759 0.9406
vn -0.2903 0.1759 0.9406
vn -0.2903 0.1759 0.9406
vn -0.9829 0.1840 -0.0000
vn -0.9829 0.1840 -0.0000
vn -0.9829 0.1840 -0.0000
vn -0.2903 0.1759 -0.9406
vn -0.2903 0.1759 -0.9406
vn -0.2903 0.1759 -0.9406
vn 0.7812 0.1808 -0.5975
vn 0.7812 0.1808 -0.5975
vn 0.7812 0.1808 -0.5975
vn 0.4938 0.7833 0.3777
vn 0.4938 0.7833 0.3777
vn 0.4938 0.7833 0.3777
vn -0.1865 0.7746 0.6043
vn -0.1865 0.7746 0.6043
vn -0.1865 0.7746 0.6043
vn -0.6146 0.7888 0.0000
vn -0.6146 0.7888 0.0000
vn -0.6146 0.7888 0.0000
vn -0.1865 0.7746 -0.6043
vn -0.1865 0.7746 -0.6043
vn -0.1865 0.7746 -0.6043
vn 0.4938 0.7833 -0.3775
vn 0.4938 0.7833 -0.3775
vn 0.4938 0.7833 -0.3775
vn 0.1875 -0.7947 0.5773
vn 0.1875 -0.7947 0.5773
vn 0.1875 -0.7947 0.5773
vn 0.6070 -0.7947 0.0000
vn 0.6070 -0.7947 0.0000
vn 0.6070 -0.7947 0.0000
vn -0.4911 -0.7947 0.3567
vn -0.4911 -0.7947 0.3567
vn -0.4911 -0.7947 0.3567
vn -0.4911 -0.7947 -0.3568
vn -0.4911 -0.7947 -0.3568
vn -0.4911 -0.7947 -0.3568
vn 0.1876 -0.7947 -0.5774
vn 0.1876 -0.7947 -0.5774
vn 0.1876 -0.7947 -0.5774
vn 0.9822 -0.1876 -0.0000
vn 0.9822 -0.1876 -0.0000
vn 0.9822 -0.1876 -0.0000
vn 0.3035 -0.1876 0.9342
vn 0.3035 -0.1876 0.9342
vn 0.3035 -0.1876 0.9342
vn -0.7947 -0.1877 0.5773
vn -0.7947 -0.1877 0.5773
vn -0.7947 -0.1877 0.5773
vn -0.7946 -0.1876 -0.5775
vn -0.7946 -0.1876 -0.5775
vn -0.7946 -0.1876 -0.5775
vn 0.3035 -0.1876 -0.9342
vn 0.3035 -0.1876 -0.9342
vn 0.3035 -0.1876 -0.9342
vn 0.7946 0.1876 0.5774
vn 0.7946 0.1876 0.5774
vn 0.7946 0.1876 0.5774
vn -0.3035 0.1876 0.9342
vn -0.3035 0.1876 0.9342
vn -0.3035 0.1876 0.9342
vn -0.9823 0.1876 -0.0000
vn -0.9823 0.1876 -0.0000
vn -0.9823 0.1876 -0.0000
vn -0.3035 0.1876 -0.9342
vn -0.3035 0.1876 -0.9342
vn -0.3035 0.1876 -0.9342
vn 0.7946 0.1876 -0.5774
vn 0.7946 0.1876 -0.5774
vn 0.7946 0.1876 -0.5774
vn 0.4911 0.7947 0.3568
vn 0.4911 0.7947 0.3568
vn 0.4911 0.7947 0.3568
vn -0.1876 0.7946 0.5774
vn -0.1876 0.7946 0.5774
vn -0.1876 0.7946 0.5774
vn -0.6071 0.7946 0.0000
vn -0.6071 0.7946 0.0000
vn -0.6071 0.7946 0.0000
vn -0.1876 0.7946 -0.5774
vn -0.1876 0.7946 -0.5774
vn -0.1876 0.7946 -0.5774
vn 0.4911 0.7947 -0.3567
vn 0.4911 0.7947 -0.3567
vn 0.4911 0.7947 -0.3567
vn 0.1875 -0.7947 0.5773
vn 0.1875 -0.7947 0.5773
vn 0.1875 -0.7947 0.5773
vn 0.6070 -0.7947 0.0000
vn 0.6070 -0.7947 0.0000
vn 0.6070 -0.7947 0.0000
vn -0.4911 -0.7947 0.3567
vn -0.4911 -0.7947 0.3567
vn -0.4911 -0.7947 0.3567
vn -0.4911 -0.7947 -0.3568
vn -0.4911 -0.7947 -0.3568
vn -0.4911 -0.7947 -0.3568
vn 0.1876 -0.7947 -0.5774
vn 0.1876 -0.7947 -0.5774
vn 0.1876 -0.7947 -0.5774
vn 0.9822 -0.1876 -0.0000
vn 0.9822 -0.1876 -0.0000
vn 0.9822 -0.1876 -0.0000
vn 0.3035 -0.1876 0.9342
vn 0.3035 -0.1876 0.9342
vn 0.3035 -0.1876 0.9342
vn -0.7947 -0.1877 0.5773
vn -0.7947 -0.1877 0.5773
vn -0.7947 -0.1877 0.5773
vn -0.7946 -0.1876 -0.5775
vn -0.7946 -0.1876 -0.5775
vn -0.7946 -0.1876 -0.5775
vn 0.3035 -0.1876 -0.9342
vn 0.3035 -0.1876 -0.9342
vn 0.3035 -0.1876 -0.9342
vn 0.7946 0.1876 0.5774
vn 0.7946 0.1876 0.5774
vn 0.7946 0.1876 0.5774
vn -0.3035 0.1876 0.9342
vn -0.3035 0.1876 0.9342
vn -0.3035 0.1876 0.9342
vn -0.9823 0.1876 -0.0000
vn -0.9823 0.1876 -0.0000
vn -0.9823 0.1876 -0.0000
vn -0.3035 0.1876 -0.9342
vn -0.3035 0.1876 -0.9342
vn -0.3035 0.1876 -0.9342
vn 0.7946 0.1876 -0.5774
vn 0.7946 0.1876 -0.5774
vn 0.7946 0.1876 -0.5774
vn 0.4911 0.7947 0.3568
vn 0.4911 0.7947 0.3568
vn 0.4911 0.7947 0.3568
vn -0.1876 0.7946 0.5774
vn -0.1876 0.7946 0.5774
vn -0.1876 0.7946 0.5774
vn -0.6071 0.7946 0.0000
vn -0.6071 0.7946 0.0000
vn -0.6071 0.7946 0.0000
vn -0.1876 0.7946 -0.5774
vn -0.1876 0.7946 -0.5774
vn -0.1876 0.7946 -0.5774
vn 0.4911 0.7947 -0.3567
vn 0.4911 0.7947 -0.3567
vn 0.4911 0.7947 -0.3567
vn 0.5000 0.0000 -0.8660
vn 0.5000 0.0000 -0.8660
vn 0.5000 0.0000 -0.8660
vn 0.5000 0.0000 -0.8660
vn 1.0000 0.0000 -0.0000
vn 1.0000 0.0000 -0.0000
vn 1.0000 0.0000 -0.0000
vn 1.0000 0.0000 -0.0000
vn 0.5000 -0.0000 0.8660
vn 0.5000 -0.0000 0.8660
vn 0.5000 -0.0000 0.8660
vn 0.5000 -0.0000 0.8660
vn -0.5000 -0.0000 0.8660
vn -0.5000 -0.0000 0.8660
vn -0.5000 -0.0000 0.8660
vn -0.5000 -0.0000 0.8660
vn 0.0000 1.0000 -0.0000
vn 0.0000 1.0000 -0.0000
vn 0.0000 1.0000 -0.0000
vn 0.0000 1.0000 -0.0000
vn 0.0000 1.0000 -0.0000
vn 0.0000 1.0000 -0.0000
vn -1.0000 0.0000 -0.0000
vn -1.0000 0.0000 -0.0000
vn -1.0000 0.0000 -0.0000
vn -1.0000 0.0000 -0.0000
vn -0.5000 0.0000 -0.8660
vn -0.5000 0.0000 -0.8660
vn -0.5000 0.0000 -0.8660
vn -0.5000 0.0000 -0.8660
vn 0.0000 -1.0000 -0.0000
vn 0.0000 -1.0000 -0.0000
vn 0.0000 -1.0000 -0.0000
vn 0.0000 -1.0000 -0.0000
vn 0.0000 -1.0000 -0.0000
vn 0.0000 -1.0000 -0.0000
f 1219//1219 1221//1221 1220//1220
f 1222//1222 1224//1224 1223//1223
f 1225//1225 1227//1227 1226//1226
f 1228//1228 1230//1230 1229//1229
f 1231//1231 1233//1233 1232//1232
f 1234//1234 1236//1236 1235//1235
f 1237//1237 1239//1239 1238//1238
f 1240//1240 1242//1242 1241//1241
f 1243//1243 1245//1245 1244//1244
f 1246//1246 1248//1248 1247//1247
f 1249//1249 1251//1251 1250//1250
f 1252//1252 1254//1254 1253//1253
f 1255//1255 1257//1257 1256//1256
f 1258//1258 1260//1260 1259//1259
f 1261//1261 1263//1263 1262//1262
f 1264//1264 1266//1266 1265//1265
f 1267//1267 1269//1269 1268//1268
f 1270//1270 1272//1272 1271//1271
f 1273//1273 1275//1275 1274//1274
f 1276//1276 1278//1278 1277//1277
f 1279//1279 1281//1281 1280//1280
f 1282//1282 1284//1284 1283//1283
f 1285//1285 1287//1287 1286//1286
f 1288//1288 1290//1290 1289//1289
f 1291//1291 1293//1293 1292//1292
f 1294//1294 1296//1296 1295//1295
f 1297//1297 1299//1299 1298//1298
f 1300//1300 1302//1302 1301//1301
f 1303//1303 1305//1305 1304//1304
f 1306//1306 1308//1308 1307//1307
f 1309//1309 1311//1311 1310//1310
f 1312//1312 1314//1314 1313//1313
f 1315//1315 1317//1317 1316//1316
f 1318//1318 1320//1320 1319//1319
f 1321//1321 1323//1323 1322//1322
f 1324//1324 1326//1326 1325//1325
f 1327//1327 1329//1329 1328//1328
f 1330//1330 1332//1332 1331//1331
f 1333//1333 1335//1335 1334//1334
f 1336//1336 1338//1338 1337//1337
f 1339//1339 1341//1341 1340//1340
f 1339//1339 1340//1340 1342//1342
f 1343//1343 1345//1345 1344//1344
f 1343//1343 1344//1344 1346//1346
f 1347//1347 1349//1349 1348//1348
f 1347//1347 1348//1348 1350//1350
f 1351//1351 1353//1353 1352//1352
f 1351//1351 1352//1352 1354//1354
f 1355//1355 1357//1357 1356//1356
f 1356//1356 1358//1358 1355//1355
f 1358//1358 1359//1359 1355//1355
f 1356//1356 1360//1360 1358//1358
f 1361//1361 1363//1363 1362//1362
f 1361//1361 1362//1362 1364//1364
f 1365//1365 1367//1367 1366//1366
f 1365//1365 1366//1366 1368//1368
f 1369//1369 1371//1371 1370//1370
f 1370//1370 1372//1372 1369//1369
f 1372//1372 1373//1373 1369//1369
f 1370//1370 1374//1374 1372//1372
f 1159//1159 1161//1161 1160//1160
f 1162//1162 1164//1164 1163//1163
f 1165//1165 1167//1167 1166//1166
f 1168//1168 1170//1170 1169//1169
f 1171//1171 1173//1173 1172//1172
f 1174//1174 1176//1176 1175//1175
f 1177//1177 1179//1179 1178//1178
f 1180//1180 1182//1182 1181//1181
f 1183//1183 1185//1185 1184//1184
f 1186//1186 1188//1188 1187//1187
f 1189//1189 1191//1191 1190//1190
f 1192//1192 1194//1194 1193//1193
f 1195//1195 1197//1197 1196//1196
f 1198//1198 1200//1200 1199//1199
f 1201//1201 1203//1203 1202//1202
f 1204//1204 1206//1206 1205//1205
f 1207//1207 1209//1209 1208//1208
f 1210//1210 1212//1212 1211//1211
f 1213//1213 1215//1215 1214//1214
f 1216//1216 1218//1218 1217//1217
g body_black
usemtl black
v -0.02451 0.29676 0.05074
v -0.02451 0.31052 0.04558
v -0.02451 0.31052 0.05074
v -0.02451 0.29676 0.04558
v -0.02451 0.29676 0.04558
v -0.01333 0.31052 0.04558
v -0.02451 0.31052 0.04558
v -0.01333 0.29676 0.04558
v -0.01333 0.29676 0.04558
v -0.01333 0.31052 0.05074
v -0.01333 0.31052 0.04558
v -0.01333 0.29676 0.05074
v -0.01333 0.29676 0.05074
v -0.02451 0.31052 0.05074
v -0.01333 0.31052 0.05074
v -0.02451 0.29676 0.05074
v -0.02451 0.29676 0.04558
v -0.01333 0.29676 0.05074
v -0.01333 0.29676 0.04558
v -0.02451 0.29676 0.05074
v -0.01333 0.31052 0.04558
v -0.02451 0.31052 0.05074
v -0.02451 0.31052 0.04558
v -0.01333 0.31052 0.05074
v 0.01333 0.29676 0.05074
v 0.01333 0.31052 0.04558
v 0.01333 0.31052 0.05074
v 0.01333 0.29676 0.04558
v 0.01333 0.29676 0.04558
v 0.02451 0.31052 0.04558
v 0.01333 0.31052 0.04558
v 0.02451 0.29676 0.04558
v 0.02451 0.29676 0.04558
v 0.02451 0.31052 0.05074
v 0.02451 0.31052 0.04558
v 0.02451 0.29676 0.05074
v 0.02451 0.29676 0.05074
v 0.01333 0.31052 0.05074
v 0.02451 0.31052 0.05074
v 0.01333 0.29676 0.05074
v 0.01333 0.29676 0.04558
v 0.02451 0.29676 0.05074
v 0.02451 0.29676 0.04558
v 0.01333 0.29676 0.05074
v 0.02451 0.31052 0.04558
v 0.01333 0.31052 0.05074
v 0.01333 0.31052 0.04558
v 0.02451 0.31052 0.05074
vn -1.0000 0.0000 -0.0000
vn -1.0000 0.0000 -0.0000
vn -1.0000 0.0000 -0.0000
vn -1.0000 0.0000 -0.0000
vn 0.0000 0.0000 -1.0000
vn 0.0000 0.0000 -1.0000
vn 0.0000 0.0000 -1.0000
vn 0.0000 0.0000 -1.0000
vn 1.0000 0.0000 -0.0000
vn 1.0000 0.0000 -0.0000
vn 1.0000 0.0000 -0.0000
vn 1.0000 0.0000 -0.0000
vn -0.0000 -0.0000 1.0000
vn -0.0000 -0.0000 1.0000
vn -0.0000 -0.0000 1.0000
vn -0.0000 -0.0000 1.0000
vn 0.0000 -1.0000 -0.0000
vn 0.0000 -1.0000 -0.0000
vn 0.0000 -1.0000 -0.0000
vn 0.0000 -1.0000 -0.0000
vn 0.0000 1.0000 -0.0000
vn 0.0000 1.0000 -0.0000
vn 0.0000 1.0000 -0.0000
vn 0.0000 1.0000 -0.0000
vn -1.0000 0.0000 -0.0000
vn -1.0000 0.0000 -0.0000
vn -1.0000 0.0000 -0.0000
vn -1.0000 0.0000 -0.0000
vn 0.0000 0.0000 -1.0000
vn 0.0000 0.0000 -1.0000
vn 0.0000 0.0000 -1.0000
vn 0.0000 0.0000 -1.0000
vn 1.0000 0.0000 -0.0000
vn 1.0000 0.0000 -0.0000
vn 1.0000 0.0000 -0.0000
vn 1.0000 0.0000 -0.0000
vn -0.0000 -0.0000 1.0000
vn -0.0000 -0.0000 1.0000
vn -0.0000 -0.0000 1.0000
vn -0.0000 -0.0000 1.0000
vn 0.0000 -1.0000 -0.0000
vn 0.0000 -1.0000 -0.0000
vn 0.0000 -1.0000 -0.0000
vn 0.0000 -1.0000 -0.0000
vn 0.0000 1.0000 -0.0000
vn 0.0000 1.0000 -0.0000
vn 0.0000 1.0000 -0.0000
vn 0.0000 1.0000 -0.0000
f 1375//1375 1377//1377 1376//1376
f 1375//1375 1376//1376 1378//1378
f 1379//1379 1381//1381 1380//1380
f 1379//1379 1380//1380 1382//1382
f 1383//1383 1385//1385 1384//1384
f 1383//1383 1384//1384 1386//1386
f 1387//1387 1389//1389 1388//1388
f 1387//1387 1388//1388 1390//1390
f 1391//1391 1393//1393 1392//1392
f 1391//1391 1392//1392 1394//1394
f 1395//1395 1397//1397 1396//1396
f 1395//1395 1396//1396 1398//1398
f 1399//1399 1401//1401 1400//1400
f 1399//1399 1400//1400 1402//1402
f 1403//1403 1405//1405 1404//1404
f 1403//1403 1404//1404 1406//1406
f 1407//1407 1409//1409 1408//1408
f 1407//1407 1408//1408 1410//1410
f 1411//1411 1413//1413 1412//1412
f 1411//1411 1412//1412 1414//1414
f 1415//1415 1417//1417 1416//1416
f 1415//1415 1416//1416 1418//1418
f 1419//1419 1421//1421 1420//1420
f 1419//1419 1420//1420 1422//1422
g body_white
usemtl white
v 0.03998 0.33574 0.00965
v 0.03157 0.38189 -0.02552
v 0.03880 0.36709 -0.00566
v 0.01589 0.38506 -0.05655
v 0.01589 0.38506 -0.05655
v 0.03675 0.38189 -0.02740
v 0.03157 0.38189 -0.02552
v 0.02882 0.38506 -0.06125
v 0.02882 0.38506 -0.06125
v 0.04397 0.36709 -0.00754
v 0.03675 0.38189 -0.02740
v 0.05291 0.33574 0.00495
v 0.05291 0.33574 0.00495
v 0.03880 0.36709 -0.00566
v 0.04397 0.36709 -0.00754
v 0.03998 0.33574 0.00965
v 0.01589 0.38506 -0.05655
v 0.05291 0.33574 0.00495
v 0.02882 0.38506 -0.06125
v 0.03998 0.33574 0.00965
v 0.03675 0.38189 -0.02740
v 0.03880 0.36709 -0.00566
v 0.03157 0.38189 -0.02552
v 0.04397 0.36709 -0.00754
vn -0.8680 0.1911 0.4584
vn -0.8680 0.1911 0.4584
vn -0.8680 0.1911 0.4584
vn -0.8680 0.1911 0.4584
vn 0.0313 0.9958 0.0861
vn 0.0313 0.9958 0.0861
vn 0.0313 0.9958 0.0861
vn 0.0313 0.9958 0.0861
vn 0.9595 0.1912 -0.2067
vn 0.9595 0.1912 -0.2067
vn 0.9595 0.1912 -0.2067
vn 0.9595 0.1912 -0.2067
vn 0.3093 0.4266 0.8499
vn 0.3093 0.4266 0.8499
vn 0.3093 0.4266 0.8499
vn 0.3093 0.4266 0.8499
vn -0.1961 -0.8191 -0.5390
vn -0.1961 -0.8191 -0.5390
vn -0.1961 -0.8191 -0.5390
vn -0.1961 -0.8191 -0.5390
vn 0.1962 0.8191 0.5390
vn 0.1962 0.8191 0.5390
vn 0.1962 0.8191 0.5390
vn 0.1962 0.8191 0.5390
f 1423//1423 1425//1425 1424//1424
f 1423//1423 1424//1424 1426//1426
f 1427//1427 1429//1429 1428//1428
f 1427//1427 1428//1428 1430//1430
f 1431//1431 1433//1433 1432//1432
f 1431//1431 1432//1432 1434//1434
f 1435//1435 1437//1437 1436//1436
f 1435//1435 1436//1436 1438//1438
f 1439//1439 1441//1441 1440//1440
f 1439//1439 1440//1440 1442//1442
f 1443//1443 1445//1445 1444//1444
f 1443//1443 1444//1444 1446//1446
g body_hair
usemtl hair
v 0.02344 0.24858 0.04684
v -0.01720 0.27356 0.04518
v 0.01720 0.27356 0.04518
v -0.02344 0.24858 0.04684
v 0.03058 0.24839 0.02884
v 0.02424 0.27375 0.03827
v 0.02424 0.27375 0.03053
v 0.03058 0.24839 0.03996
v 0.01570 0.28042 0.03096
v -0.01570 0.28042 0.03784
v -0.01570 0.28042 0.03096
v 0.01570 0.28042 0.03784
v -0.03058 0.24839 0.03996
v -0.02424 0.27375 0.03053
v -0.02424 0.27375 0.03827
v -0.03058 0.24839 0.02884
v -0.02344 0.24858 0.02196
v 0.01720 0.27356 0.02362
v -0.01720 0.27356 0.02362
v 0.02344 0.24858 0.02196
v -0.02537 0.24172 0.04042
v -0.03058 0.24839 0.03996
v -0.02344 0.24858 0.04684
v -0.01720 0.27356 0.04518
v -0.02424 0.27375 0.03827
v -0.01570 0.28042 0.03784
v -0.02537 0.24172 0.02838
v -0.02344 0.24858 0.02196
v -0.03058 0.24839 0.02884
v -0.01570 0.28042 0.03096
v -0.02424 0.27375 0.03053
v -0.01720 0.27356 0.02362
v 0.02537 0.24172 0.04042
v 0.02344 0.24858 0.04684
v 0.03058 0.24839 0.03996
v 0.01570 0.28042 0.03784
v 0.02424 0.27375 0.03827
v 0.01720 0.27356 0.04518
v 0.02537 0.24172 0.02838
v 0.03058 0.24839 0.02884
v 0.02344 0.24858 0.02196
v 0.01570 0.28042 0.03096
v 0.01720 0.27356 0.02362
v 0.02424 0.27375 0.03053
v -0.02537 0.24172 0.02838
v -0.03058 0.24839 0.03996
v -0.02537 0.24172 0.04042
v -0.03058 0.24839 0.02884
v -0.02344 0.24858 0.04684
v -0.02424 0.27375 0.03827
v -0.01720 0.27356 0.04518
v -0.03058 0.24839 0.03996
v -0.01570 0.28042 0.03784
v -0.02424 0.27375 0.03053
v -0.01570 0.28042 0.03096
v -0.02424 0.27375 0.03827
v -0.01720 0.27356 0.02362
v -0.03058 0.24839 0.02884
v -0.02344 0.24858 0.02196
v -0.02424 0.27375 0.03053
v 0.02537 0.24172 0.02838
v -0.02344 0.24858 0.02196
v -0.02537 0.24172 0.02838
v 0.02344 0.24858 0.02196
v -0.01570 0.28042 0.03096
v 0.01720 0.27356 0.02362
v 0.01570 0.28042 0.03096
v -0.01720 0.27356 0.02362
v 0.02424 0.27375 0.03053
v 0.02344 0.24858 0.02196
v 0.03058 0.24839 0.02884
v 0.01720 0.27356 0.02362
v 0.02537 0.24172 0.04042
v 0.03058 0.24839 0.02884
v 0.02537 0.24172 0.02838
v 0.03058 0.24839 0.03996
v 0.01570 0.28042 0.03096
v 0.02424 0.27375 0.03827
v 0.01570 0.28042 0.03784
v 0.02424 0.27375 0.03053
v 0.01720 0.27356 0.04518
v 0.03058 0.24839 0.03996
v 0.02344 0.24858 0.04684
v 0.02424 0.27375 0.03827
v -0.02537 0.24172 0.04042
v 0.02344 0.24858 0.04684
v 0.02537 0.24172 0.04042
v -0.02344 0.24858 0.04684
v 0.01570 0.28042 0.03784
v -0.01720 0.27356 0.04518
v -0.01570 0.28042 0.03784
v 0.01720 0.27356 0.04518
v -0.02537 0.24172 0.02838
v 0.02537 0.24172 0.04042
v 0.02537 0.24172 0.02838
v -0.02537 0.24172 0.04042
vn -0.0000 0.0665 0.9978
vn -0.0000 0.0665 0.9978
vn -0.0000 0.0665 0.9978
vn -0.0000 0.0665 0.9978
vn 0.9702 0.2425 0.0000
vn 0.9702 0.2425 0.0000
vn 0.9702 0.2425 0.0000
vn 0.9702 0.2425 0.0000
vn 0.0000 1.0000 -0.0000
vn 0.0000 1.0000 -0.0000
vn 0.0000 1.0000 -0.0000
vn 0.0000 1.0000 -0.0000
vn -0.9702 0.2425 -0.0000
vn -0.9702 0.2425 -0.0000
vn -0.9702 0.2425 -0.0000
vn -0.9702 0.2425 -0.0000
vn 0.0000 0.0665 -0.9978
vn 0.0000 0.0665 -0.9978
vn 0.0000 0.0665 -0.9978
vn 0.0000 0.0665 -0.9978
vn -0.6180 -0.4376 0.6531
vn -0.6180 -0.4376 0.6531
vn -0.6180 -0.4376 0.6531
vn -0.5040 0.6798 0.5327
vn -0.5040 0.6798 0.5327
vn -0.5040 0.6798 0.5327
vn -0.6180 -0.4376 -0.6532
vn -0.6180 -0.4376 -0.6532
vn -0.6180 -0.4376 -0.6532
vn -0.5040 0.6799 -0.5327
vn -0.5040 0.6799 -0.5327
vn -0.5040 0.6799 -0.5327
vn 0.6180 -0.4376 0.6531
vn 0.6180 -0.4376 0.6531
vn 0.6180 -0.4376 0.6531
vn 0.5040 0.6798 0.5327
vn 0.5040 0.6798 0.5327
vn 0.5040 0.6798 0.5327
vn 0.6180 -0.4376 -0.6531
vn 0.6180 -0.4376 -0.6531
vn 0.6180 -0.4376 -0.6531
vn 0.5040 0.6799 -0.5326
vn 0.5040 0.6799 -0.5326
vn 0.5040 0.6799 -0.5326
vn -0.7882 -0.6154 -0.0001
vn -0.7882 -0.6154 -0.0001
vn -0.7882 -0.6154 -0.0001
vn -0.7882 -0.6154 -0.0001
vn -0.6805 0.2168 0.6999
vn -0.6805 0.2168 0.6999
vn -0.6805 0.2168 0.6999
vn -0.6805 0.2168 0.6999
vn -0.6154 0.7882 -0.0000
vn -0.6154 0.7882 -0.0000
vn -0.6154 0.7882 -0.0000
vn -0.6154 0.7882 -0.0000
vn -0.6805 0.2168 -0.6999
vn -0.6805 0.2168 -0.6999
vn -0.6805 0.2168 -0.6999
vn -0.6805 0.2168 -0.6999
vn 0.0000 -0.6832 -0.7302
vn 0.0000 -0.6832 -0.7302
vn 0.0000 -0.6832 -0.7302
vn 0.0000 -0.6832 -0.7302
vn 0.0000 0.7302 -0.6832
vn 0.0000 0.7302 -0.6832
vn 0.0000 0.7302 -0.6832
vn 0.0000 0.7302 -0.6832
vn 0.6805 0.2168 -0.6999
vn 0.6805 0.2168 -0.6999
vn 0.6805 0.2168 -0.6999
vn 0.6805 0.2168 -0.6999
vn 0.7882 -0.6154 -0.0000
vn 0.7882 -0.6154 -0.0000
vn 0.7882 -0.6154 -0.0000
vn 0.7882 -0.6154 -0.0000
vn 0.6154 0.7882 0.0000
vn 0.6154 0.7882 0.0000
vn 0.6154 0.7882 0.0000
vn 0.6154 0.7882 0.0000
vn 0.6805 0.2168 0.6999
vn 0.6805 0.2168 0.6999
vn 0.6805 0.2168 0.6999
vn 0.6805 0.2168 0.6999
vn -0.0000 -0.6833 0.7302
vn -0.0000 -0.6833 0.7302
vn -0.0000 -0.6833 0.7302
vn -0.0000 -0.6833 0.7302
vn -0.0000 0.7302 0.6832
vn -0.0000 0.7302 0.6832
vn -0.0000 0.7302 0.6832
vn -0.0000 0.7302 0.6832
vn 0.0000 -1.0000 -0.0000
vn 0.0000 -1.0000 -0.0000
vn 0.0000 -1.0000 -0.0000
vn 0.0000 -1.0000 -0.0000
f 1447//1447 1449//1449 1448//1448
f 1447//1447 1448//1448 1450//1450
f 1451//1451 1453//1453 1452//1452
f 1451//1451 1452//1452 1454//1454
f 1455//1455 1457//1457 1456//1456
f 1455//1455 1456//1456 1458//1458
f 1459//1459 1461//1461 1460//1460
f 1459//1459 1460//1460 1462//1462
f 1463//1463 1465//1465 1464//1464
f 1463//1463 1464//1464 1466//1466
f 1467//1467 1469//1469 1468//1468
f 1470//1470 1472//1472 1471//1471
f 1473//1473 1475//1475 1474//1474
f 1476//1476 1478//1478 1477//1477
f 1479//1479 1481//1481 1480//1480
f 1482//1482 1484//1484 1483//1483
f 1485//1485 1487//1487 1486//1486
f 1488//1488 1490//1490 1489//1489
f 1491//1491 1493//1493 1492//1492
f 1491//1491 1492//1492 1494//1494
f 1495//1495 1497//1497 1496//1496
f 1495//1495 1496//1496 1498//1498
f 1499//1499 1501//1501 1500//1500
f 1499//1499 1500//1500 1502//1502
f 1503//1503 1505//1505 1504//1504
f 1503//1503 1504//1504 1506//1506
f 1507//1507 1509//1509 1508//1508
f 1507//1507 1508//1508 1510//1510
f 1511//1511 1513//1513 1512//1512
f 1511//1511 1512//1512 1514//1514
f 1515//1515 1517//1517 1516//1516
f 1515//1515 1516//1516 1518//1518
f 1519//1519 1521//1521 1520//1520
f 1519//1519 1520//1520 1522//1522
f 1523//1523 1525//1525 1524//1524
f 1523//1523 1524//1524 1526//1526
f 1527//1527 1529//1529 1528//1528
f 1527//1527 1528//1528 1530//1530
f 1531//1531 1533//1533 1532//1532
f 1531//1531 1532//1532 1534//1534
f 1535//1535 1537//1537 1536//1536
f 1535//1535 1536//1536 1538//1538
f 1539//1539 1541//1541 1540//1540
f 1539//1539 1540//1540 1542//1542
g body_blazon
usemtl blazon
v 0.00000 0.15000 0.04400
v 0.04000 0.23800 0.04400
v -0.04000 0.23800 0.04400
v -0.04000 0.23800 0.05800
v 0.00000 0.15000 0.05800
v -0.03680 0.18600 0.05800
v 0.04000 0.23800 0.05800
v -0.04000 0.23800 0.04400
v -0.03680 0.18600 0.05800
v 0.00000 0.15000 0.04400
v 0.00000 0.15000 0.05800
v -0.04000 0.23800 0.05800
v 0.00000 0.15000 0.04400
v 0.04000 0.23800 0.05800
v 0.04000 0.23800 0.04400
v 0.00000 0.15000 0.05800
v 0.04000 0.23800 0.04400
v -0.04000 0.23800 0.05800
v -0.04000 0.23800 0.04400
v 0.04000 0.23800 0.05800
v -0.02800 0.16880 0.04400
v 0.02800 0.16880 0.04400
v 0.04000 0.20600 0.04400
v 0.03680 0.18600 0.05800
v 0.01520 0.15680 0.05800
v -0.02800 0.16880 0.04400
v 0.01520 0.15680 0.05800
v 0.02800 0.16880 0.04400
v 0.03680 0.18600 0.05800
v 0.04000 0.20600 0.04400
v -0.04000 0.20600 0.04400
v -0.03680 0.18600 0.04400
v 0.03680 0.18600 0.04400
v 0.01520 0.15680 0.04400
v -0.01520 0.15680 0.04400
v -0.04000 0.20600 0.05800
v 0.04000 0.20600 0.05800
v -0.02800 0.16880 0.05800
v -0.01520 0.15680 0.05800
v 0.02800 0.16880 0.05800
v -0.04000 0.20600 0.05800
v -0.04000 0.20600 0.04400
v -0.04000 0.20600 0.04400
v -0.03680 0.18600 0.05800
v -0.03680 0.18600 0.04400
v -0.04000 0.20600 0.05800
v -0.03680 0.18600 0.04400
v -0.02800 0.16880 0.05800
v -0.02800 0.16880 0.04400
v -0.01520 0.15680 0.05800
v -0.01520 0.15680 0.04400
v -0.02800 0.16880 0.05800
v -0.01520 0.15680 0.04400
v -0.01520 0.15680 0.05800
v 0.01520 0.15680 0.04400
v 0.01520 0.15680 0.04400
v 0.02800 0.16880 0.05800
v 0.01520 0.15680 0.05800
v 0.02800 0.16880 0.04400
v 0.03680 0.18600 0.04400
v 0.02800 0.16880 0.05800
v 0.03680 0.18600 0.04400
v 0.04000 0.20600 0.05800
v 0.03680 0.18600 0.05800
v 0.04000 0.20600 0.04400
v 0.04000 0.20600 0.05800
vn 0.0000 0.0000 -1.0000
vn 0.0000 0.0000 -1.0000
vn 0.0000 0.0000 -1.0000
vn -0.0000 -0.0000 1.0000
vn -0.0000 -0.0000 1.0000
vn -0.0000 -0.0000 1.0000
vn -0.0000 -0.0000 1.0000
vn -1.0000 0.0000 -0.0000
vn -0.8902 -0.4555 -0.0000
vn -0.4084 -0.9128 -0.0001
vn -0.4084 -0.9128 -0.0001
vn -1.0000 0.0000 -0.0000
vn 0.4084 -0.9128 -0.0000
vn 1.0000 0.0000 -0.0000
vn 1.0000 0.0000 -0.0000
vn 0.4084 -0.9128 -0.0000
vn 0.0000 1.0000 -0.0000
vn 0.0000 1.0000 -0.0000
vn 0.0000 1.0000 -0.0000
vn 0.0000 1.0000 -0.0000
vn 0.0000 0.0000 -1.0000
vn 0.0000 0.0000 -1.0000
vn 0.0000 0.0000 -1.0000
vn -0.0000 -0.0000 1.0000
vn -0.0000 -0.0000 1.0000
vn -0.6839 -0.7295 -0.0000
vn 0.4084 -0.9128 -0.0000
vn 0.6839 -0.7296 0.0000
vn 0.8902 -0.4555 0.0000
vn 0.9874 -0.1580 0.0000
vn 0.0000 0.0000 -1.0000
vn 0.0000 0.0000 -1.0000
vn 0.0000 0.0000 -1.0000
vn 0.0000 0.0000 -1.0000
vn 0.0000 0.0000 -1.0000
vn -0.0000 -0.0000 1.0000
vn -0.0000 -0.0000 1.0000
vn -0.0000 -0.0000 1.0000
vn -0.0000 -0.0000 1.0000
vn -0.0000 -0.0000 1.0000
vn -1.0000 0.0000 -0.0000
vn -1.0000 0.0000 -0.0000
vn -0.9874 -0.1580 -0.0000
vn -0.9874 -0.1580 -0.0000
vn -0.9874 -0.1580 -0.0000
vn -0.9874 -0.1580 -0.0000
vn -0.8902 -0.4555 -0.0000
vn -0.8902 -0.4555 -0.0000
vn -0.8902 -0.4555 -0.0000
vn -0.6839 -0.7295 -0.0000
vn -0.6839 -0.7295 -0.0000
vn -0.6839 -0.7295 -0.0000
vn -0.4084 -0.9128 -0.0001
vn -0.4084 -0.9128 -0.0001
vn 0.4084 -0.9128 -0.0000
vn 0.6839 -0.7296 0.0000
vn 0.6839 -0.7296 0.0000
vn 0.6839 -0.7296 0.0000
vn 0.8902 -0.4555 0.0000
vn 0.8902 -0.4555 0.0000
vn 0.8902 -0.4555 0.0000
vn 0.9874 -0.1580 0.0000
vn 0.9874 -0.1580 0.0000
vn 0.9874 -0.1580 0.0000
vn 1.0000 0.0000 -0.0000
vn 1.0000 0.0000 -0.0000
f 1573//1573 1545//1545 1544//1544
f 1574//1574 1573//1573 1544//1544
f 1544//1544 1565//1565 1575//1575
f 1544//1544 1575//1575 1576//1576
f 1544//1544 1576//1576 1574//1574
f 1575//1575 1564//1564 1576//1576
f 1576//1576 1577//1577 1574//1574
f 1577//1577 1563//1563 1574//1574
f 1576//1576 1543//1543 1577//1577
f 1549//1549 1546//1546 1578//1578
f 1579//1579 1549//1549 1578//1578
f 1578//1578 1548//1548 1580//1580
f 1578//1578 1580//1580 1547//1547
f 1578//1578 1547//1547 1579//1579
f 1580//1580 1581//1581 1547//1547
f 1547//1547 1582//1582 1579//1579
f 1582//1582 1566//1566 1579//1579
f 1547//1547 1567//1567 1582//1582
f 1550//1550 1584//1584 1583//1583
f 1550//1550 1583//1583 1554//1554
f 1585//1585 1587//1587 1586//1586
f 1585//1585 1586//1586 1588//1588
f 1589//1589 1591//1591 1590//1590
f 1589//1589 1590//1590 1551//1551
f 1568//1568 1593//1593 1592//1592
f 1568//1568 1592//1592 1594//1594
f 1595//1595 1552//1552 1553//1553
f 1595//1595 1553//1553 1596//1596
f 1555//1555 1597//1597 1569//1569
f 1555//1555 1569//1569 1558//1558
f 1598//1598 1570//1570 1599//1599
f 1598//1598 1599//1599 1600//1600
f 1601//1601 1602//1602 1571//1571
f 1601//1601 1571//1571 1603//1603
f 1604//1604 1572//1572 1605//1605
f 1604//1604 1605//1605 1606//1606
f 1607//1607 1557//1557 1556//1556
f 1607//1607 1556//1556 1608//1608
f 1559//1559 1561//1561 1560//1560
f 1559//1559 1560//1560 1562//1562
o tool
g tool_leather
usemtl leather
v 0.10673 0.12954 0.03600
v 0.08102 0.16018 0.02400
v 0.08102 0.16018 0.03600
v 0.10673 0.12954 0.02400
v 0.10673 0.12954 0.02400
v 0.09327 0.17046 0.02400
v 0.08102 0.16018 0.02400
v 0.11898 0.13982 0.02400
v 0.11898 0.13982 0.02400
v 0.09327 0.17046 0.03600
v 0.09327 0.17046 0.02400
v 0.11898 0.13982 0.03600
v 0.11898 0.13982 0.03600
v 0.08102 0.16018 0.03600
v 0.09327 0.17046 0.03600
v 0.10673 0.12954 0.03600
v 0.10673 0.12954 0.02400
v 0.11898 0.13982 0.03600
v 0.11898 0.13982 0.02400
v 0.10673 0.12954 0.03600
v 0.09327 0.17046 0.02400
v 0.08102 0.16018 0.03600
v 0.08102 0.16018 0.02400
v 0.09327 0.17046 0.03600
vn -0.6428 0.7660 -0.0000
vn -0.6428 0.7660 -0.0000
vn -0.6428 0.7660 -0.0000
vn -0.6428 0.7660 -0.0000
vn -0.9962 0.0871 -0.0000
vn -0.9962 0.0871 -0.0000
vn -0.9962 0.0871 -0.0000
vn -0.9962 0.0871 -0.0000
vn 0.5417 0.4545 0.7071
vn 0.5417 0.4545 0.7071
vn 0.5417 0.4545 0.7071
vn 0.5417 0.4545 0.7071
vn -0.0000 -0.0000 1.0000
vn -0.0000 -0.0000 1.0000
vn -0.0000 -0.0000 1.0000
vn -0.0000 -0.0000 1.0000
vn 0.4545 -0.5417 0.7071
vn 0.4545 -0.5417 0.7071
vn 0.4545 -0.5417 0.7071
vn 0.4545 -0.5417 0.7071
vn -0.4545 0.5417 0.7071
vn -0.4545 0.5417 0.7071
vn -0.4545 0.5417 0.7071
vn -0.4545 0.5417 0.7071
f 1609//1609 1611//1611 1610//1610
f 1609//1609 1610//1610 1612//1612
f 1613//1613 1615//1615 1614//1614
f 1613//1613 1614//1614 1616//1616
f 1617//1617 1619//1619 1618//1618
f 1617//1617 1618//1618 1620//1620
f 1621//1621 1623//1623 1622//1622
f 1621//1621 1622//1622 1624//1624
f 1625//1625 1627//1627 1626//1626
f 1625//1625 1626//1626 1628//1628
f 1629//1629 1631//1631 1630//1630
f 1629//1629 1630//1630 1632//1632
g tool_metal_dark
usemtl metal_dark
v 0.10590 0.18497 0.03800
v 0.05939 0.15639 0.03800
v 0.10076 0.19110 0.03800
v 0.06453 0.15026 0.03800
v 0.10820 0.18690 0.02500
v 0.10305 0.19303 0.03500
v 0.10305 0.19303 0.02500
v 0.10820 0.18690 0.03500
v 0.09883 0.19340 0.02500
v 0.05746 0.15869 0.03500
v 0.05746 0.15869 0.02500
v 0.09883 0.19340 0.03500
v 0.06223 0.14834 0.03500
v 0.05709 0.15446 0.02500
v 0.05709 0.15446 0.03500
v 0.06223 0.14834 0.02500
v 0.06453 0.15026 0.02200
v 0.10076 0.19110 0.02200
v 0.05939 0.15639 0.02200
v 0.10590 0.18497 0.02200
v 0.06646 0.14797 0.03500
v 0.06223 0.14834 0.03500
v 0.06453 0.15026 0.03800
v 0.05939 0.15639 0.03800
v 0.05709 0.15446 0.03500
v 0.05746 0.15869 0.03500
v 0.06646 0.14797 0.02500
v 0.06453 0.15026 0.02200
v 0.06223 0.14834 0.02500
v 0.05746 0.15869 0.02500
v 0.05709 0.15446 0.02500
v 0.05939 0.15639 0.02200
v 0.10783 0.18268 0.03500
v 0.10590 0.18497 0.03800
v 0.10820 0.18690 0.03500
v 0.09883 0.19340 0.03500
v 0.10305 0.19303 0.03500
v 0.10076 0.19110 0.03800
v 0.10783 0.18268 0.02500
v 0.10820 0.18690 0.02500
v 0.10590 0.18497 0.02200
v 0.09883 0.19340 0.02500
v 0.10076 0.19110 0.02200
v 0.10305 0.19303 0.02500
v 0.06646 0.14797 0.02500
v 0.06223 0.14834 0.03500
v 0.06646 0.14797 0.03500
v 0.06223 0.14834 0.02500
v 0.06453 0.15026 0.03800
v 0.05709 0.15446 0.03500
v 0.05939 0.15639 0.03800
v 0.06223 0.14834 0.03500
v 0.05746 0.15869 0.03500
v 0.05709 0.15446 0.02500
v 0.05746 0.15869 0.02500
v 0.05709 0.15446 0.03500
v 0.05939 0.15639 0.02200
v 0.06223 0.14834 0.02500
v 0.06453 0.15026 0.02200
v 0.05709 0.15446 0.02500
v 0.10783 0.18268 0.02500
v 0.06453 0.15026 0.02200
v 0.06646 0.14797 0.02500
v 0.10590 0.18497 0.02200
v 0.05746 0.15869 0.02500
v 0.10076 0.19110 0.02200
v 0.09883 0.19340 0.02500
v 0.05939 0.15639 0.02200
v 0.10305 0.19303 0.02500
v 0.10590 0.18497 0.02200
v 0.10820 0.18690 0.02500
v 0.10076 0.19110 0.02200
v 0.10783 0.18268 0.03500
v 0.10820 0.18690 0.02500
v 0.10783 0.18268 0.02500
v 0.10820 0.18690 0.03500
v 0.09883 0.19340 0.02500
v 0.10305 0.19303 0.03500
v 0.09883 0.19340 0.03500
v 0.10305 0.19303 0.02500
v 0.10076 0.19110 0.03800
v 0.10820 0.18690 0.03500
v 0.10590 0.18497 0.03800
v 0.10305 0.19303 0.03500
v 0.06646 0.14797 0.03500
v 0.10590 0.18497 0.03800
v 0.10783 0.18268 0.03500
v 0.06453 0.15026 0.03800
v 0.09883 0.19340 0.03500
v 0.05939 0.15639 0.03800
v 0.05746 0.15869 0.03500
v 0.10076 0.19110 0.03800
v 0.06646 0.14797 0.02500
v 0.10783 0.18268 0.03500
v 0.10783 0.18268 0.02500
v 0.06646 0.14797 0.03500
vn -0.0000 -0.0000 1.0000
vn -0.0000 -0.0000 1.0000
vn -0.0000 -0.0000 1.0000
vn -0.0000 -0.0000 1.0000
vn 0.7660 0.6428 -0.0000
vn 0.7660 0.6428 -0.0000
vn 0.7660 0.6428 -0.0000
vn 0.7660 0.6428 -0.0000
vn -0.6428 0.7660 -0.0000
vn -0.6428 0.7660 -0.0000
vn -0.6428 0.7660 -0.0000
vn -0.6428 0.7660 -0.0000
vn -0.7660 -0.6428 -0.0000
vn -0.7660 -0.6428 -0.0000
vn -0.7660 -0.6428 -0.0000
vn -0.7660 -0.6428 -0.0000
vn 0.0000 0.0000 -1.0000
vn 0.0000 0.0000 -1.0000
vn 0.0000 0.0000 -1.0000
vn 0.0000 0.0000 -1.0000
vn -0.0712 -0.8135 0.5772
vn -0.0712 -0.8135 0.5772
vn -0.0712 -0.8135 0.5772
vn -0.8133 0.0712 0.5774
vn -0.8133 0.0712 0.5774
vn -0.8133 0.0712 0.5774
vn -0.0712 -0.8134 -0.5773
vn -0.0712 -0.8134 -0.5773
vn -0.0712 -0.8134 -0.5773
vn -0.8134 0.0712 -0.5774
vn -0.8134 0.0712 -0.5774
vn -0.8134 0.0712 -0.5774
vn 0.8134 -0.0712 0.5773
vn 0.8134 -0.0712 0.5773
vn 0.8134 -0.0712 0.5773
vn 0.0711 0.8133 0.5775
vn 0.0711 0.8133 0.5775
vn 0.0711 0.8133 0.5775
vn 0.8135 -0.0712 -0.5772
vn 0.8135 -0.0712 -0.5772
vn 0.8135 -0.0712 -0.5772
vn 0.0711 0.8134 -0.5773
vn 0.0711 0.8134 -0.5773
vn 0.0711 0.8134 -0.5773
vn -0.0872 -0.9962 -0.0001
vn -0.0872 -0.9962 -0.0001
vn -0.0872 -0.9962 -0.0001
vn -0.0872 -0.9962 -0.0001
vn -0.5417 -0.4546 0.7071
vn -0.5417 -0.4546 0.7071
vn -0.5417 -0.4546 0.7071
vn -0.5417 -0.4546 0.7071
vn -0.9962 0.0871 -0.0000
vn -0.9962 0.0871 -0.0000
vn -0.9962 0.0871 -0.0000
vn -0.9962 0.0871 -0.0000
vn -0.5417 -0.4545 -0.7071
vn -0.5417 -0.4545 -0.7071
vn -0.5417 -0.4545 -0.7071
vn -0.5417 -0.4545 -0.7071
vn 0.4545 -0.5417 -0.7071
vn 0.4545 -0.5417 -0.7071
vn 0.4545 -0.5417 -0.7071
vn 0.4545 -0.5417 -0.7071
vn -0.4545 0.5417 -0.7071
vn -0.4545 0.5417 -0.7071
vn -0.4545 0.5417 -0.7071
vn -0.4545 0.5417 -0.7071
vn 0.5417 0.4545 -0.7071
vn 0.5417 0.4545 -0.7071
vn 0.5417 0.4545 -0.7071
vn 0.5417 0.4545 -0.7071
vn 0.9962 -0.0872 -0.0000
vn 0.9962 -0.0872 -0.0000
vn 0.9962 -0.0872 -0.0000
vn 0.9962 -0.0872 -0.0000
vn 0.0872 0.9962 0.0000
vn 0.0872 0.9962 0.0000
vn 0.0872 0.9962 0.0000
vn 0.0872 0.9962 0.0000
vn 0.5417 0.4545 0.7071
vn 0.5417 0.4545 0.7071
vn 0.5417 0.4545 0.7071
vn 0.5417 0.4545 0.7071
vn 0.4545 -0.5417 0.7071
vn 0.4545 -0.5417 0.7071
vn 0.4545 -0.5417 0.7071
vn 0.4545 -0.5417 0.7071
vn -0.4545 0.5417 0.7071
vn -0.4545 0.5417 0.7071
vn -0.4545 0.5417 0.7071
vn -0.4545 0.5417 0.7071
vn 0.6428 -0.7660 -0.0000
vn 0.6428 -0.7660 -0.0000
vn 0.6428 -0.7660 -0.0000
vn 0.6428 -0.7660 -0.0000
f 1633//1633 1635//1635 1634//1634
f 1633//1633 1634//1634 1636//1636
f 1637//1637 1639//1639 1638//1638
f 1637//1637 1638//1638 1640//1640
f 1641//1641 1643//1643 1642//1642
f 1641//1641 1642//1642 1644//1644
f 1645//1645 1647//1647 1646//1646
f 1645//1645 1646//1646 1648//1648
f 1649//1649 1651//1651 1650//1650
f 1649//1649 1650//1650 1652//1652
f 1653//1653 1655//1655 1654//1654
f 1656//1656 1658//1658 1657//1657
f 1659//1659 1661//1661 1660//1660
f 1662//1662 1664//1664 1663//1663
f 1665//1665 1667//1667 1666//1666
f 1668//1668 1670//1670 1669//1669
f 1671//1671 1673//1673 1672//1672
f 1674//1674 1676//1676 1675//1675
f 1677//1677 1679//1679 1678//1678
f 1677//1677 1678//1678 1680//1680
f 1681//1681 1683//1683 1682//1682
f 1681//1681 1682//1682 1684//1684
f 1685//1685 1687//1687 1686//1686
f 1685//1685 1686//1686 1688//1688
f 1689//1689 1691//1691 1690//1690
f 1689//1689 1690//1690 1692//1692
f 1693//1693 1695//1695 1694//1694
f 1693//1693 1694//1694 1696//1696
f 1697//1697 1699//1699 1698//1698
f 1697//1697 1698//1698 1700//1700
f 1701//1701 1703//1703 1702//1702
f 1701//1701 1702//1702 1704//1704
f 1705//1705 1707//1707 1706//1706
f 1705//1705 1706//1706 1708//1708
f 1709//1709 1711//1711 1710//1710
f 1709//1709 1710//1710 1712//1712
f 1713//1713 1715//1715 1714//1714
f 1713//1713 1714//1714 1716//1716
f 1717//1717 1719//1719 1718//1718
f 1717//1717 1718//1718 1720//1720
f 1721//1721 1723//1723 1722//1722
f 1721//1721 1722//1722 1724//1724
f 1725//1725 1727//1727 1726//1726
f 1725//1725 1726//1726 1728//1728
g tool_metal
usemtl metal
v 0.06819 0.16769 0.03400
v -0.09396 0.37104 0.02600
v -0.09396 0.37104 0.03400
v 0.06819 0.16769 0.02600
v 0.06819 0.16769 0.02600
v -0.08400 0.37940 0.02600
v -0.09396 0.37104 0.02600
v 0.08810 0.18440 0.02600
v 0.08810 0.18440 0.02600
v -0.08400 0.37940 0.03400
v -0.08400 0.37940 0.02600
v 0.08810 0.18440 0.03400
v 0.08810 0.18440 0.03400
v -0.09396 0.37104 0.03400
v -0.08400 0.37940 0.03400
v 0.06819 0.16769 0.03400
v 0.06819 0.16769 0.02600
v 0.08810 0.18440 0.03400
v 0.08810 0.18440 0.02600
v 0.06819 0.16769 0.03400
v -0.08400 0.37940 0.02600
v -0.09396 0.37104 0.03400
v -0.09396 0.37104 0.02600
v -0.08400 0.37940 0.03400
vn -0.6426 0.7658 0.0250
vn -0.6426 0.7658 0.0250
vn -0.6426 0.7658 0.0250
vn -0.6426 0.7658 0.0250
vn -0.9962 0.0871 -0.0000
vn -0.9962 0.0871 -0.0000
vn -0.9962 0.0871 -0.0000
vn -0.9962 0.0871 -0.0000
vn 0.5301 0.4679 0.7071
vn 0.5301 0.4679 0.7071
vn 0.5301 0.4679 0.7071
vn 0.5301 0.4679 0.7071
vn -0.0000 -0.0000 1.0000
vn -0.0000 -0.0000 1.0000
vn -0.0000 -0.0000 1.0000
vn -0.0000 -0.0000 1.0000
vn 0.4545 -0.5417 0.7071
vn 0.4545 -0.5417 0.7071
vn 0.4545 -0.5417 0.7071
vn 0.4545 -0.5417 0.7071
vn -0.4545 0.5417 0.7071
vn -0.4545 0.5417 0.7071
vn -0.4545 0.5417 0.7071
vn -0.4545 0.5417 0.7071
f 1729//1729 1731//1731 1730//1730
f 1729//1729 1730//1730 1732//1732
f 1733//1733 1735//1735 1734//1734
f 1733//1733 1734//1734 1736//1736
f 1737//1737 1739//1739 1738//1738
f 1737//1737 1738//1738 1740//1740
f 1741//1741 1743//1743 1742//1742
f 1741//1741 1742//1742 1744//1744
f 1745//1745 1747//1747 1746//1746
f 1745//1745 1746//1746 1748//1748
f 1749//1749 1751//1751 1750//1750
f 1749//1749 1750//1750 1752//1752
