mtllib pasture.mtl
o core
g core_wood
usemtl wood
v 0.51999 0.00000 -0.00800
v 0.52761 0.05000 -0.00248
v 0.51999 0.05000 -0.00800
v 0.52761 0.00000 -0.00248
v 0.52761 0.00000 -0.00248
v 0.52469 0.05000 0.00646
v 0.52761 0.05000 -0.00248
v 0.52469 0.00000 0.00646
v 0.52469 0.00000 0.00646
v 0.51529 0.05000 0.00646
v 0.52469 0.05000 0.00646
v 0.51529 0.00000 0.00646
v 0.52469 0.05000 0.00646
v 0.51999 0.05000 -0.00800
v 0.52761 0.05000 -0.00248
v 0.51529 0.05000 0.00646
v 0.51238 0.05000 -0.00248
v 0.51529 0.00000 0.00646
v 0.51238 0.05000 -0.00248
v 0.51529 0.05000 0.00646
v 0.51238 0.00000 -0.00248
v 0.51238 0.00000 -0.00248
v 0.51999 0.05000 -0.00800
v 0.51238 0.05000 -0.00248
v 0.51999 0.00000 -0.00800
v 0.51238 0.00000 -0.00248
v 0.52761 0.00000 -0.00248
v 0.51999 0.00000 -0.00800
v 0.51529 0.00000 0.00646
v 0.52469 0.00000 0.00646
v 0.52382 0.03100 -0.00117
v 0.45415 0.03900 -0.23117
v 0.45415 0.03100 -0.23117
v 0.52382 0.03900 -0.00117
v 0.52382 0.03900 -0.00117
v 0.44650 0.03900 -0.22885
v 0.45415 0.03900 -0.23117
v 0.51616 0.03900 0.00115
v 0.51616 0.03900 0.00115
v 0.44650 0.03100 -0.22885
v 0.44650 0.03900 -0.22885
v 0.51616 0.03100 0.00115
v 0.51616 0.03100 0.00115
v 0.45415 0.03100 -0.23117
v 0.44650 0.03100 -0.22885
v 0.52382 0.03100 -0.00117
v 0.52382 0.03900 -0.00117
v 0.51616 0.03100 0.00115
v 0.51616 0.03900 0.00115
v 0.52382 0.03100 -0.00117
v 0.44650 0.03900 -0.22885
v 0.45415 0.03100 -0.23117
v 0.45415 0.03900 -0.23117
v 0.44650 0.03100 -0.22885
v 0.52382 0.01350 -0.00117
v 0.45415 0.02150 -0.23117
v 0.45415 0.01350 -0.23117
v 0.52382 0.02150 -0.00117
v 0.52382 0.02150 -0.00117
v 0.44650 0.02150 -0.22885
v 0.45415 0.02150 -0.23117
v 0.51616 0.02150 0.00115
v 0.51616 0.02150 0.00115
v 0.44650 0.01350 -0.22885
v 0.44650 0.02150 -0.22885
v 0.51616 0.01350 0.00115
v 0.51616 0.01350 0.00115
v 0.45415 0.01350 -0.23117
v 0.44650 0.01350 -0.22885
v 0.52382 0.01350 -0.00117
v 0.52382 0.02150 -0.00117
v 0.51616 0.01350 0.00115
v 0.51616 0.02150 0.00115
v 0.52382 0.01350 -0.00117
v 0.44650 0.02150 -0.22885
v 0.45415 0.01350 -0.23117
v 0.45415 0.02150 -0.23117
v 0.44650 0.01350 -0.22885
v 0.45032 0.00000 -0.23800
v 0.45794 0.05000 -0.23248
v 0.45032 0.05000 -0.23800
v 0.45794 0.00000 -0.23248
v 0.45794 0.00000 -0.23248
v 0.45502 0.05000 -0.22354
v 0.45794 0.05000 -0.23248
v 0.45502 0.00000 -0.22354
v 0.45502 0.00000 -0.22354
v 0.44562 0.05000 -0.22354
v 0.45502 0.05000 -0.22354
v 0.44562 0.00000 -0.22354
v 0.45502 0.05000 -0.22354
v 0.45032 0.05000 -0.23800
v 0.45794 0.05000 -0.23248
v 0.44562 0.05000 -0.22354
v 0.44272 0.05000 -0.23248
v 0.44562 0.00000 -0.22354
v 0.44272 0.05000 -0.23248
v 0.44562 0.05000 -0.22354
v 0.44272 0.00000 -0.23248
v 0.44272 0.00000 -0.23248
v 0.45032 0.05000 -0.23800
v 0.44272 0.05000 -0.23248
v 0.45032 0.00000 -0.23800
v 0.44272 0.00000 -0.23248
v 0.45794 0.00000 -0.23248
v 0.45032 0.00000 -0.23800
v 0.44562 0.00000 -0.22354
v 0.45502 0.00000 -0.22354
v 0.45298 0.03100 -0.23301
v 0.26264 0.03900 -0.40138
v 0.26264 0.03100 -0.40138
v 0.45298 0.03900 -0.23301
v 0.45298 0.03900 -0.23301
v 0.25734 0.03900 -0.39538
v 0.26264 0.03900 -0.40138
v 0.44768 0.03900 -0.22701
v 0.44768 0.03900 -0.22701
v 0.25734 0.03100 -0.39538
v 0.25734 0.03900 -0.39538
v 0.44768 0.03100 -0.22701
v 0.44768 0.03100 -0.22701
v 0.26264 0.03100 -0.40138
v 0.25734 0.03100 -0.39538
v 0.45298 0.03100 -0.23301
v 0.45298 0.03900 -0.23301
v 0.44768 0.03100 -0.22701
v 0.44768 0.03900 -0.22701
v 0.45298 0.03100 -0.23301
v 0.25734 0.03900 -0.39538
v 0.26264 0.03100 -0.40138
v 0.26264 0.03900 -0.40138
v 0.25734 0.03100 -0.39538
v 0.45298 0.01350 -0.23301
v 0.26264 0.02150 -0.40138
v 0.26264 0.01350 -0.40138
v 0.45298 0.02150 -0.23301
v 0.45298 0.02150 -0.23301
v 0.25734 0.02150 -0.39538
v 0.26264 0.02150 -0.40138
v 0.44768 0.02150 -0.22701
v 0.44768 0.02150 -0.22701
v 0.25734 0.01350 -0.39538
v 0.25734 0.02150 -0.39538
v 0.44768 0.01350 -0.22701
v 0.44768 0.01350 -0.22701
v 0.26264 0.01350 -0.40138
v 0.25734 0.01350 -0.39538
v 0.45298 0.01350 -0.23301
v 0.45298 0.02150 -0.23301
v 0.44768 0.01350 -0.22701
v 0.44768 0.02150 -0.22701
v 0.45298 0.01350 -0.23301
v 0.25734 0.02150 -0.39538
v 0.26264 0.01350 -0.40138
v 0.26264 0.02150 -0.40138
v 0.25734 0.01350 -0.39538
v 0.25998 0.00000 -0.40637
v 0.26760 0.05000 -0.40085
v 0.25998 0.05000 -0.40637
v 0.26760 0.00000 -0.40085
v 0.26760 0.00000 -0.40085
v 0.26470 0.05000 -0.39191
v 0.26760 0.05000 -0.40085
v 0.26470 0.00000 -0.39191
v 0.26470 0.00000 -0.39191
v 0.25528 0.05000 -0.39191
v 0.26470 0.05000 -0.39191
v 0.25528 0.00000 -0.39191
v 0.26470 0.05000 -0.39191
v 0.25998 0.05000 -0.40637
v 0.26760 0.05000 -0.40085
v 0.25528 0.05000 -0.39191
v 0.25238 0.05000 -0.40085
v 0.25528 0.00000 -0.39191
v 0.25238 0.05000 -0.40085
v 0.25528 0.05000 -0.39191
v 0.25238 0.00000 -0.40085
v 0.25238 0.00000 -0.40085
v 0.25998 0.05000 -0.40637
v 0.25238 0.05000 -0.40085
v 0.25998 0.00000 -0.40637
v 0.25238 0.00000 -0.40085
v 0.26760 0.00000 -0.40085
v 0.25998 0.00000 -0.40637
v 0.25528 0.00000 -0.39191
v 0.26470 0.00000 -0.39191
v 0.26092 0.03100 -0.40227
v 0.00091 0.03900 -0.46389
v 0.00091 0.03100 -0.46389
v 0.26092 0.03900 -0.40227
v 0.26092 0.03900 -0.40227
v -0.00093 0.03900 -0.45612
v 0.00091 0.03900 -0.46389
v 0.25907 0.03900 -0.39448
v 0.25907 0.03900 -0.39448
v -0.00093 0.03100 -0.45612
v -0.00093 0.03900 -0.45612
v 0.25907 0.03100 -0.39448
v 0.25907 0.03100 -0.39448
v 0.00091 0.03100 -0.46389
v -0.00093 0.03100 -0.45612
v 0.26092 0.03100 -0.40227
v 0.26092 0.03900 -0.40227
v 0.25907 0.03100 -0.39448
v 0.25907 0.03900 -0.39448
v 0.26092 0.03100 -0.40227
v -0.00093 0.03900 -0.45612
v 0.00091 0.03100 -0.46389
v 0.00091 0.03900 -0.46389
v -0.00093 0.03100 -0.45612
v 0.26092 0.01350 -0.40227
v 0.00091 0.02150 -0.46389
v 0.00091 0.01350 -0.46389
v 0.26092 0.02150 -0.40227
v 0.26092 0.02150 -0.40227
v -0.00093 0.02150 -0.45612
v 0.00091 0.02150 -0.46389
v 0.25907 0.02150 -0.39448
v 0.25907 0.02150 -0.39448
v -0.00093 0.01350 -0.45612
v -0.00093 0.02150 -0.45612
v 0.25907 0.01350 -0.39448
v 0.25907 0.01350 -0.39448
v 0.00091 0.01350 -0.46389
v -0.00093 0.01350 -0.45612
v 0.26092 0.01350 -0.40227
v 0.26092 0.02150 -0.40227
v 0.25907 0.01350 -0.39448
v 0.25907 0.02150 -0.39448
v 0.26092 0.01350 -0.40227
v -0.00093 0.02150 -0.45612
v 0.00091 0.01350 -0.46389
v 0.00091 0.02150 -0.46389
v -0.00093 0.01350 -0.45612
v -0.00001 0.00000 -0.46800
v 0.00761 0.05000 -0.46248
v -0.00001 0.05000 -0.46800
v 0.00761 0.00000 -0.46248
v 0.00761 0.00000 -0.46248
v 0.00469 0.05000 -0.45354
v 0.00761 0.05000 -0.46248
v 0.00469 0.00000 -0.45354
v 0.00469 0.00000 -0.45354
v -0.00471 0.05000 -0.45354
v 0.00469 0.05000 -0.45354
v -0.00471 0.00000 -0.45354
v 0.00469 0.05000 -0.45354
v -0.00001 0.05000 -0.46800
v 0.00761 0.05000 -0.46248
v -0.00471 0.05000 -0.45354
v -0.00762 0.05000 -0.46248
v -0.00471 0.00000 -0.45354
v -0.00762 0.05000 -0.46248
v -0.00471 0.05000 -0.45354
v -0.00762 0.00000 -0.46248
v -0.00762 0.00000 -0.46248
v -0.00001 0.05000 -0.46800
v -0.00762 0.05000 -0.46248
v -0.00001 0.00000 -0.46800
v -0.00762 0.00000 -0.46248
v 0.00761 0.00000 -0.46248
v -0.00001 0.00000 -0.46800
v -0.00471 0.00000 -0.45354
v 0.00469 0.00000 -0.45354
v -0.00093 0.03100 -0.46389
v -0.26093 0.03900 -0.40227
v -0.26093 0.03100 -0.40227
v -0.00093 0.03900 -0.46389
v -0.00093 0.03900 -0.46389
v -0.25908 0.03900 -0.39448
v -0.26093 0.03900 -0.40227
v 0.00091 0.03900 -0.45611
v 0.00091 0.03900 -0.45611
v -0.25908 0.03100 -0.39448
v -0.25908 0.03900 -0.39448
v 0.00091 0.03100 -0.45611
v 0.00091 0.03100 -0.45611
v -0.26093 0.03100 -0.40227
v -0.25908 0.03100 -0.39448
v -0.00093 0.03100 -0.46389
v -0.00093 0.03900 -0.46389
v 0.00091 0.03100 -0.45611
v 0.00091 0.03900 -0.45611
v -0.00093 0.03100 -0.46389
v -0.25908 0.03900 -0.39448
v -0.26093 0.03100 -0.40227
v -0.26093 0.03900 -0.40227
v -0.25908 0.03100 -0.39448
v -0.00093 0.01350 -0.46389
v -0.26093 0.02150 -0.40227
v -0.26093 0.01350 -0.40227
v -0.00093 0.02150 -0.46389
v -0.00093 0.02150 -0.46389
v -0.25908 0.02150 -0.39448
v -0.26093 0.02150 -0.40227
v 0.00091 0.02150 -0.45611
v 0.00091 0.02150 -0.45611
v -0.25908 0.01350 -0.39448
v -0.25908 0.02150 -0.39448
v 0.00091 0.01350 -0.45611
v 0.00091 0.01350 -0.45611
v -0.26093 0.01350 -0.40227
v -0.25908 0.01350 -0.39448
v -0.00093 0.01350 -0.46389
v -0.00093 0.02150 -0.46389
v 0.00091 0.01350 -0.45611
v 0.00091 0.02150 -0.45611
v -0.00093 0.01350 -0.46389
v -0.25908 0.02150 -0.39448
v -0.26093 0.01350 -0.40227
v -0.26093 0.02150 -0.40227
v -0.25908 0.01350 -0.39448
v -0.26000 0.00000 -0.40637
v -0.25240 0.05000 -0.40085
v -0.26000 0.05000 -0.40637
v -0.25240 0.00000 -0.40085
v -0.25240 0.00000 -0.40085
v -0.25530 0.05000 -0.39191
v -0.25240 0.05000 -0.40085
v -0.25530 0.00000 -0.39191
v -0.25530 0.00000 -0.39191
v -0.26472 0.05000 -0.39191
v -0.25530 0.05000 -0.39191
v -0.26472 0.00000 -0.39191
v -0.25530 0.05000 -0.39191
v -0.26000 0.05000 -0.40637
v -0.25240 0.05000 -0.40085
v -0.26472 0.05000 -0.39191
v -0.26762 0.05000 -0.40085
v -0.26472 0.00000 -0.39191
v -0.26762 0.05000 -0.40085
v -0.26472 0.05000 -0.39191
v -0.26762 0.00000 -0.40085
v -0.26762 0.00000 -0.40085
v -0.26000 0.05000 -0.40637
v -0.26762 0.05000 -0.40085
v -0.26000 0.00000 -0.40637
v -0.26762 0.00000 -0.40085
v -0.25240 0.00000 -0.40085
v -0.26000 0.00000 -0.40637
v -0.26472 0.00000 -0.39191
v -0.25530 0.00000 -0.39191
v -0.26266 0.03100 -0.40138
v -0.45299 0.03900 -0.23301
v -0.45299 0.03100 -0.23301
v -0.26266 0.03900 -0.40138
v -0.26266 0.03900 -0.40138
v -0.44770 0.03900 -0.22701
v -0.45299 0.03900 -0.23301
v -0.25736 0.03900 -0.39538
v -0.25736 0.03900 -0.39538
v -0.44770 0.03100 -0.22701
v -0.44770 0.03900 -0.22701
v -0.25736 0.03100 -0.39538
v -0.25736 0.03100 -0.39538
v -0.45299 0.03100 -0.23301
v -0.44770 0.03100 -0.22701
v -0.26266 0.03100 -0.40138
v -0.26266 0.03900 -0.40138
v -0.25736 0.03100 -0.39538
v -0.25736 0.03900 -0.39538
v -0.26266 0.03100 -0.40138
v -0.44770 0.03900 -0.22701
v -0.45299 0.03100 -0.23301
v -0.45299 0.03900 -0.23301
v -0.44770 0.03100 -0.22701
v -0.26266 0.01350 -0.40138
v -0.45299 0.02150 -0.23301
v -0.45299 0.01350 -0.23301
v -0.26266 0.02150 -0.40138
v -0.26266 0.02150 -0.40138
v -0.44770 0.02150 -0.22701
v -0.45299 0.02150 -0.23301
v -0.25736 0.02150 -0.39538
v -0.25736 0.02150 -0.39538
v -0.44770 0.01350 -0.22701
v -0.44770 0.02150 -0.22701
v -0.25736 0.01350 -0.39538
v -0.25736 0.01350 -0.39538
v -0.45299 0.01350 -0.23301
v -0.44770 0.01350 -0.22701
v -0.26266 0.01350 -0.40138
v -0.26266 0.02150 -0.40138
v -0.25736 0.01350 -0.39538
v -0.25736 0.02150 -0.39538
v -0.26266 0.01350 -0.40138
v -0.44770 0.02150 -0.22701
v -0.45299 0.01350 -0.23301
v -0.45299 0.02150 -0.23301
v -0.44770 0.01350 -0.22701
v -0.45034 0.00000 -0.23800
v -0.44274 0.05000 -0.23248
v -0.45034 0.05000 -0.23800
v -0.44274 0.00000 -0.23248
v -0.44274 0.00000 -0.23248
v -0.44564 0.05000 -0.22354
v -0.44274 0.05000 -0.23248
v -0.44564 0.00000 -0.22354
v -0.44564 0.00000 -0.22354
v -0.45504 0.05000 -0.22354
v -0.44564 0.05000 -0.22354
v -0.45504 0.00000 -0.22354
v -0.44564 0.05000 -0.22354
v -0.45034 0.05000 -0.23800
v -0.44274 0.05000 -0.23248
v -0.45504 0.05000 -0.22354
v -0.45795 0.05000 -0.23248
v -0.45504 0.00000 -0.22354
v -0.45795 0.05000 -0.23248
v -0.45504 0.05000 -0.22354
v -0.45795 0.00000 -0.23248
v -0.45795 0.00000 -0.23248
v -0.45034 0.05000 -0.23800
v -0.45795 0.05000 -0.23248
v -0.45034 0.00000 -0.23800
v -0.45795 0.00000 -0.23248
v -0.44274 0.00000 -0.23248
v -0.45034 0.00000 -0.23800
v -0.45504 0.00000 -0.22354
v -0.44564 0.00000 -0.22354
v -0.45417 0.03100 -0.23117
v -0.52384 0.03900 -0.00117
v -0.52384 0.03100 -0.00117
v -0.45417 0.03900 -0.23117
v -0.45417 0.03900 -0.23117
v -0.51618 0.03900 0.00115
v -0.52384 0.03900 -0.00117
v -0.44652 0.03900 -0.22885
v -0.44652 0.03900 -0.22885
v -0.51618 0.03100 0.00115
v -0.51618 0.03900 0.00115
v -0.44652 0.03100 -0.22885
v -0.44652 0.03100 -0.22885
v -0.52384 0.03100 -0.00117
v -0.51618 0.03100 0.00115
v -0.45417 0.03100 -0.23117
v -0.45417 0.03900 -0.23117
v -0.44652 0.03100 -0.22885
v -0.44652 0.03900 -0.22885
v -0.45417 0.03100 -0.23117
v -0.51618 0.03900 0.00115
v -0.52384 0.03100 -0.00117
v -0.52384 0.03900 -0.00117
v -0.51618 0.03100 0.00115
v -0.45417 0.01350 -0.23117
v -0.52384 0.02150 -0.00117
v -0.52384 0.01350 -0.00117
v -0.45417 0.02150 -0.23117
v -0.45417 0.02150 -0.23117
v -0.51618 0.02150 0.00115
v -0.52384 0.02150 -0.00117
v -0.44652 0.02150 -0.22885
v -0.44652 0.02150 -0.22885
v -0.51618 0.01350 0.00115
v -0.51618 0.02150 0.00115
v -0.44652 0.01350 -0.22885
v -0.44652 0.01350 -0.22885
v -0.52384 0.01350 -0.00117
v -0.51618 0.01350 0.00115
v -0.45417 0.01350 -0.23117
v -0.45417 0.02150 -0.23117
v -0.44652 0.01350 -0.22885
v -0.44652 0.02150 -0.22885
v -0.45417 0.01350 -0.23117
v -0.51618 0.02150 0.00115
v -0.52384 0.01350 -0.00117
v -0.52384 0.02150 -0.00117
v -0.51618 0.01350 0.00115
v -0.52001 0.00000 -0.00800
v -0.51239 0.05000 -0.00248
v -0.52001 0.05000 -0.00800
v -0.51239 0.00000 -0.00248
v -0.51239 0.00000 -0.00248
v -0.51531 0.05000 0.00646
v -0.51239 0.05000 -0.00248
v -0.51531 0.00000 0.00646
v -0.51531 0.00000 0.00646
v -0.52471 0.05000 0.00646
v -0.51531 0.05000 0.00646
v -0.52471 0.00000 0.00646
v -0.51531 0.05000 0.00646
v -0.52001 0.05000 -0.00800
v -0.51239 0.05000 -0.00248
v -0.52471 0.05000 0.00646
v -0.52761 0.05000 -0.00248
v -0.52471 0.00000 0.00646
v -0.52761 0.05000 -0.00248
v -0.52471 0.05000 0.00646
v -0.52761 0.00000 -0.00248
v -0.52761 0.00000 -0.00248
v -0.52001 0.05000 -0.00800
v -0.52761 0.05000 -0.00248
v -0.52001 0.00000 -0.00800
v -0.52761 0.00000 -0.00248
v -0.51239 0.00000 -0.00248
v -0.52001 0.00000 -0.00800
v -0.52471 0.00000 0.00646
v -0.51531 0.00000 0.00646
v -0.52384 0.03100 0.00115
v -0.45417 0.03900 0.23115
v -0.45417 0.03100 0.23115
v -0.52384 0.03900 0.00115
v -0.52384 0.03900 0.00115
v -0.44652 0.03900 0.22883
v -0.45417 0.03900 0.23115
v -0.51618 0.03900 -0.00117
v -0.51618 0.03900 -0.00117
v -0.44652 0.03100 0.22883
v -0.44652 0.03900 0.22883
v -0.51618 0.03100 -0.00117
v -0.51618 0.03100 -0.00117
v -0.45417 0.03100 0.23115
v -0.44652 0.03100 0.22883
v -0.52384 0.03100 0.00115
v -0.52384 0.03900 0.00115
v -0.51618 0.03100 -0.00117
v -0.51618 0.03900 -0.00117
v -0.52384 0.03100 0.00115
v -0.44652 0.03900 0.22883
v -0.45417 0.03100 0.23115
v -0.45417 0.03900 0.23115
v -0.44652 0.03100 0.22883
v -0.52384 0.01350 0.00115
v -0.45417 0.02150 0.23115
v -0.45417 0.01350 0.23115
v -0.52384 0.02150 0.00115
v -0.52384 0.02150 0.00115
v -0.44652 0.02150 0.22883
v -0.45417 0.02150 0.23115
v -0.51618 0.02150 -0.00117
v -0.51618 0.02150 -0.00117
v -0.44652 0.01350 0.22883
v -0.44652 0.02150 0.22883
v -0.51618 0.01350 -0.00117
v -0.51618 0.01350 -0.00117
v -0.45417 0.01350 0.23115
v -0.44652 0.01350 0.22883
v -0.52384 0.01350 0.00115
v -0.52384 0.02150 0.00115
v -0.51618 0.01350 -0.00117
v -0.51618 0.02150 -0.00117
v -0.52384 0.01350 0.00115
v -0.44652 0.02150 0.22883
v -0.45417 0.01350 0.23115
v -0.45417 0.02150 0.23115
v -0.44652 0.01350 0.22883
v -0.45034 0.00000 0.22200
v -0.44274 0.05000 0.22752
v -0.45034 0.05000 0.22200
v -0.44274 0.00000 0.22752
v -0.44274 0.00000 0.22752
v -0.44564 0.05000 0.23646
v -0.44274 0.05000 0.22752
v -0.44564 0.00000 0.23646
v -0.44564 0.00000 0.23646
v -0.45504 0.05000 0.23646
v -0.44564 0.05000 0.23646
v -0.45504 0.00000 0.23646
v -0.44564 0.05000 0.23646
v -0.45034 0.05000 0.22200
v -0.44274 0.05000 0.22752
v -0.45504 0.05000 0.23646
v -0.45795 0.05000 0.22752
v -0.45504 0.00000 0.23646
v -0.45795 0.05000 0.22752
v -0.45504 0.05000 0.23646
v -0.45795 0.00000 0.22752
v -0.45795 0.00000 0.22752
v -0.45034 0.05000 0.22200
v -0.45795 0.05000 0.22752
v -0.45034 0.00000 0.22200
v -0.45795 0.00000 0.22752
v -0.44274 0.00000 0.22752
v -0.45034 0.00000 0.22200
v -0.45504 0.00000 0.23646
v -0.44564 0.00000 0.23646
v -0.45299 0.03100 0.23299
v -0.26266 0.03900 0.40136
v -0.26266 0.03100 0.40136
v -0.45299 0.03900 0.23299
v -0.45299 0.03900 0.23299
v -0.25736 0.03900 0.39536
v -0.26266 0.03900 0.40136
v -0.44770 0.03900 0.22699
v -0.44770 0.03900 0.22699
v -0.25736 0.03100 0.39536
v -0.25736 0.03900 0.39536
v -0.44770 0.03100 0.22699
v -0.44770 0.03100 0.22699
v -0.26266 0.03100 0.40136
v -0.25736 0.03100 0.39536
v -0.45299 0.03100 0.23299
v -0.45299 0.03900 0.23299
v -0.44770 0.03100 0.22699
v -0.44770 0.03900 0.22699
v -0.45299 0.03100 0.23299
v -0.25736 0.03900 0.39536
v -0.26266 0.03100 0.40136
v -0.26266 0.03900 0.40136
v -0.25736 0.03100 0.39536
v -0.45299 0.01350 0.23299
v -0.26266 0.02150 0.40136
v -0.26266 0.01350 0.40136
v -0.45299 0.02150 0.23299
v -0.45299 0.02150 0.23299
v -0.25736 0.02150 0.39536
v -0.26266 0.02150 0.40136
v -0.44770 0.02150 0.22699
v -0.44770 0.02150 0.22699
v -0.25736 0.01350 0.39536
v -0.25736 0.02150 0.39536
v -0.44770 0.01350 0.22699
v -0.44770 0.01350 0.22699
v -0.26266 0.01350 0.40136
v -0.25736 0.01350 0.39536
v -0.45299 0.01350 0.23299
v -0.45299 0.02150 0.23299
v -0.44770 0.01350 0.22699
v -0.44770 0.02150 0.22699
v -0.45299 0.01350 0.23299
v -0.25736 0.02150 0.39536
v -0.26266 0.01350 0.40136
v -0.26266 0.02150 0.40136
v -0.25736 0.01350 0.39536
v -0.26000 0.00000 0.39037
v -0.25240 0.05000 0.39589
v -0.26000 0.05000 0.39037
v -0.25240 0.00000 0.39589
v -0.25240 0.00000 0.39589
v -0.25530 0.05000 0.40483
v -0.25240 0.05000 0.39589
v -0.25530 0.00000 0.40483
v -0.25530 0.00000 0.40483
v -0.26472 0.05000 0.40483
v -0.25530 0.05000 0.40483
v -0.26472 0.00000 0.40483
v -0.25530 0.05000 0.40483
v -0.26000 0.05000 0.39037
v -0.25240 0.05000 0.39589
v -0.26472 0.05000 0.40483
v -0.26762 0.05000 0.39589
v -0.26472 0.00000 0.40483
v -0.26762 0.05000 0.39589
v -0.26472 0.05000 0.40483
v -0.26762 0.00000 0.39589
v -0.26762 0.00000 0.39589
v -0.26000 0.05000 0.39037
v -0.26762 0.05000 0.39589
v -0.26000 0.00000 0.39037
v -0.26762 0.00000 0.39589
v -0.25240 0.00000 0.39589
v -0.26000 0.00000 0.39037
v -0.26472 0.00000 0.40483
v -0.25530 0.00000 0.40483
v -0.26093 0.03100 0.40226
v -0.00093 0.03900 0.46389
v -0.00093 0.03100 0.46389
v -0.26093 0.03900 0.40226
v -0.26093 0.03900 0.40226
v 0.00091 0.03900 0.45611
v -0.00093 0.03900 0.46389
v -0.25908 0.03900 0.39448
v -0.25908 0.03900 0.39448
v 0.00091 0.03100 0.45611
v 0.00091 0.03900 0.45611
v -0.25908 0.03100 0.39448
v -0.25908 0.03100 0.39448
v -0.00093 0.03100 0.46389
v 0.00091 0.03100 0.45611
v -0.26093 0.03100 0.40226
v -0.26093 0.03900 0.40226
v -0.25908 0.03100 0.39448
v -0.25908 0.03900 0.39448
v -0.26093 0.03100 0.40226
v 0.00091 0.03900 0.45611
v -0.00093 0.03100 0.46389
v -0.00093 0.03900 0.46389
v 0.00091 0.03100 0.45611
v -0.26093 0.01350 0.40226
v -0.00093 0.02150 0.46389
v -0.00093 0.01350 0.46389
v -0.26093 0.02150 0.40226
v -0.26093 0.02150 0.40226
v 0.00091 0.02150 0.45611
v -0.00093 0.02150 0.46389
v -0.25908 0.02150 0.39448
v -0.25908 0.02150 0.39448
v 0.00091 0.01350 0.45611
v 0.00091 0.02150 0.45611
v -0.25908 0.01350 0.39448
v -0.25908 0.01350 0.39448
v -0.00093 0.01350 0.46389
v 0.00091 0.01350 0.45611
v -0.26093 0.01350 0.40226
v -0.26093 0.02150 0.40226
v -0.25908 0.01350 0.39448
v -0.25908 0.02150 0.39448
v -0.26093 0.01350 0.40226
v 0.00091 0.02150 0.45611
v -0.00093 0.01350 0.46389
v -0.00093 0.02150 0.46389
v 0.00091 0.01350 0.45611
v -0.00001 0.00000 0.45200
v 0.00761 0.05000 0.45752
v -0.00001 0.05000 0.45200
v 0.00761 0.00000 0.45752
v 0.00761 0.00000 0.45752
v 0.00469 0.05000 0.46647
v 0.00761 0.05000 0.45752
v 0.00469 0.00000 0.46647
v 0.00469 0.00000 0.46647
v -0.00471 0.05000 0.46647
v 0.00469 0.05000 0.46647
v -0.00471 0.00000 0.46647
v 0.00469 0.05000 0.46647
v -0.00001 0.05000 0.45200
v 0.00761 0.05000 0.45752
v -0.00471 0.05000 0.46647
v -0.00762 0.05000 0.45752
v -0.00471 0.00000 0.46647
v -0.00762 0.05000 0.45752
v -0.00471 0.05000 0.46647
v -0.00762 0.00000 0.45752
v -0.00762 0.00000 0.45752
v -0.00001 0.05000 0.45200
v -0.00762 0.05000 0.45752
v -0.00001 0.00000 0.45200
v -0.00762 0.00000 0.45752
v 0.00761 0.00000 0.45752
v -0.00001 0.00000 0.45200
v -0.00471 0.00000 0.46647
v 0.00469 0.00000 0.46647
v 0.00091 0.03100 0.46389
v 0.26092 0.03900 0.40226
v 0.26092 0.03100 0.40226
v 0.00091 0.03900 0.46389
v 0.00091 0.03900 0.46389
v 0.25907 0.03900 0.39448
v 0.26092 0.03900 0.40226
v -0.00093 0.03900 0.45611
v -0.00093 0.03900 0.45611
v 0.25907 0.03100 0.39448
v 0.25907 0.03900 0.39448
v -0.00093 0.03100 0.45611
v -0.00093 0.03100 0.45611
v 0.26092 0.03100 0.40226
v 0.25907 0.03100 0.39448
v 0.00091 0.03100 0.46389
v 0.00091 0.03900 0.46389
v -0.00093 0.03100 0.45611
v -0.00093 0.03900 0.45611
v 0.00091 0.03100 0.46389
v 0.25907 0.03900 0.39448
v 0.26092 0.03100 0.40226
v 0.26092 0.03900 0.40226
v 0.25907 0.03100 0.39448
v 0.00091 0.01350 0.46389
v 0.26092 0.02150 0.40226
v 0.26092 0.01350 0.40226
v 0.00091 0.02150 0.46389
v 0.00091 0.02150 0.46389
v 0.25907 0.02150 0.39448
v 0.26092 0.02150 0.40226
v -0.00093 0.02150 0.45611
v -0.00093 0.02150 0.45611
v 0.25907 0.01350 0.39448
v 0.25907 0.02150 0.39448
v -0.00093 0.01350 0.45611
v -0.00093 0.01350 0.45611
v 0.26092 0.01350 0.40226
v 0.25907 0.01350 0.39448
v 0.00091 0.01350 0.46389
v 0.00091 0.02150 0.46389
v -0.00093 0.01350 0.45611
v -0.00093 0.02150 0.45611
v 0.00091 0.01350 0.46389
v 0.25907 0.02150 0.39448
v 0.26092 0.01350 0.40226
v 0.26092 0.02150 0.40226
v 0.25907 0.01350 0.39448
v 0.25998 0.00000 0.39037
v 0.26760 0.05000 0.39589
v 0.25998 0.05000 0.39037
v 0.26760 0.00000 0.39589
v 0.26760 0.00000 0.39589
v 0.26470 0.05000 0.40483
v 0.26760 0.05000 0.39589
v 0.26470 0.00000 0.40483
v 0.26470 0.00000 0.40483
v 0.25528 0.05000 0.40483
v 0.26470 0.05000 0.40483
v 0.25528 0.00000 0.40483
v 0.26470 0.05000 0.40483
v 0.25998 0.05000 0.39037
v 0.26760 0.05000 0.39589
v 0.25528 0.05000 0.40483
v 0.25238 0.05000 0.39589
v 0.25528 0.00000 0.40483
v 0.25238 0.05000 0.39589
v 0.25528 0.05000 0.40483
v 0.25238 0.00000 0.39589
v 0.25238 0.00000 0.39589
v 0.25998 0.05000 0.39037
v 0.25238 0.05000 0.39589
v 0.25998 0.00000 0.39037
v 0.25238 0.00000 0.39589
v 0.26760 0.00000 0.39589
v 0.25998 0.00000 0.39037
v 0.25528 0.00000 0.40483
v 0.26470 0.00000 0.40483
v 0.26264 0.03100 0.40136
v 0.45298 0.03900 0.23299
v 0.45298 0.03100 0.23299
v 0.26264 0.03900 0.40136
v 0.26264 0.03900 0.40136
v 0.44768 0.03900 0.22699
v 0.45298 0.03900 0.23299
v 0.25734 0.03900 0.39536
v 0.25734 0.03900 0.39536
v 0.44768 0.03100 0.22699
v 0.44768 0.03900 0.22699
v 0.25734 0.03100 0.39536
v 0.25734 0.03100 0.39536
v 0.45298 0.03100 0.23299
v 0.44768 0.03100 0.22699
v 0.26264 0.03100 0.40136
v 0.26264 0.03900 0.40136
v 0.25734 0.03100 0.39536
v 0.25734 0.03900 0.39536
v 0.26264 0.03100 0.40136
v 0.44768 0.03900 0.22699
v 0.45298 0.03100 0.23299
v 0.45298 0.03900 0.23299
v 0.44768 0.03100 0.22699
v 0.26264 0.01350 0.40136
v 0.45298 0.02150 0.23299
v 0.45298 0.01350 0.23299
v 0.26264 0.02150 0.40136
v 0.26264 0.02150 0.40136
v 0.44768 0.02150 0.22699
v 0.45298 0.02150 0.23299
v 0.25734 0.02150 0.39536
v 0.25734 0.02150 0.39536
v 0.44768 0.01350 0.22699
v 0.44768 0.02150 0.22699
v 0.25734 0.01350 0.39536
v 0.25734 0.01350 0.39536
v 0.45298 0.01350 0.23299
v 0.44768 0.01350 0.22699
v 0.26264 0.01350 0.40136
v 0.26264 0.02150 0.40136
v 0.25734 0.01350 0.39536
v 0.25734 0.02150 0.39536
v 0.26264 0.01350 0.40136
v 0.44768 0.02150 0.22699
v 0.45298 0.01350 0.23299
v 0.45298 0.02150 0.23299
v 0.44768 0.01350 0.22699
v 0.45032 0.00000 0.22200
v 0.45794 0.05000 0.22752
v 0.45032 0.05000 0.22200
v 0.45794 0.00000 0.22752
v 0.45794 0.00000 0.22752
v 0.45502 0.05000 0.23646
v 0.45794 0.05000 0.22752
v 0.45502 0.00000 0.23646
v 0.45502 0.00000 0.23646
v 0.44562 0.05000 0.23646
v 0.45502 0.05000 0.23646
v 0.44562 0.00000 0.23646
v 0.45502 0.05000 0.23646
v 0.45032 0.05000 0.22200
v 0.45794 0.05000 0.22752
v 0.44562 0.05000 0.23646
v 0.44272 0.05000 0.22752
v 0.44562 0.00000 0.23646
v 0.44272 0.05000 0.22752
v 0.44562 0.05000 0.23646
v 0.44272 0.00000 0.22752
v 0.44272 0.00000 0.22752
v 0.45032 0.05000 0.22200
v 0.44272 0.05000 0.22752
v 0.45032 0.00000 0.22200
v 0.44272 0.00000 0.22752
v 0.45794 0.00000 0.22752
v 0.45032 0.00000 0.22200
v 0.44562 0.00000 0.23646
v 0.45502 0.00000 0.23646
v 0.45415 0.03100 0.23115
v 0.52382 0.03900 0.00115
v 0.52382 0.03100 0.00115
v 0.45415 0.03900 0.23115
v 0.45415 0.03900 0.23115
v 0.51616 0.03900 -0.00117
v 0.52382 0.03900 0.00115
v 0.44650 0.03900 0.22883
v 0.44650 0.03900 0.22883
v 0.51616 0.03100 -0.00117
v 0.51616 0.03900 -0.00117
v 0.44650 0.03100 0.22883
v 0.44650 0.03100 0.22883
v 0.52382 0.03100 0.00115
v 0.51616 0.03100 -0.00117
v 0.45415 0.03100 0.23115
v 0.45415 0.03900 0.23115
v 0.44650 0.03100 0.22883
v 0.44650 0.03900 0.22883
v 0.45415 0.03100 0.23115
v 0.51616 0.03900 -0.00117
v 0.52382 0.03100 0.00115
v 0.52382 0.03900 0.00115
v 0.51616 0.03100 -0.00117
v 0.45415 0.01350 0.23115
v 0.52382 0.02150 0.00115
v 0.52382 0.01350 0.00115
v 0.45415 0.02150 0.23115
v 0.45415 0.02150 0.23115
v 0.51616 0.02150 -0.00117
v 0.52382 0.02150 0.00115
v 0.44650 0.02150 0.22883
v 0.44650 0.02150 0.22883
v 0.51616 0.01350 -0.00117
v 0.51616 0.02150 -0.00117
v 0.44650 0.01350 0.22883
v 0.44650 0.01350 0.22883
v 0.52382 0.01350 0.00115
v 0.51616 0.01350 -0.00117
v 0.45415 0.01350 0.23115
v 0.45415 0.02150 0.23115
v 0.44650 0.01350 0.22883
v 0.44650 0.02150 0.22883
v 0.45415 0.01350 0.23115
v 0.51616 0.02150 -0.00117
v 0.52382 0.01350 0.00115
v 0.52382 0.02150 0.00115
v 0.51616 0.01350 -0.00117
vn 0.8755 -0.3905 0.2845
vn 0.8755 -0.3905 0.2845
vn 0.8755 -0.3905 0.2845
vn 0.8755 -0.3905 0.2845
vn 0.5875 -0.0294 0.8087
vn 0.5875 -0.0294 0.8087
vn 0.5875 -0.0294 0.8087
vn 0.5875 -0.0294 0.8087
vn -0.0000 -0.0000 1.0000
vn -0.0000 -0.0000 1.0000
vn -0.0000 -0.0000 1.0000
vn -0.0000 -0.0000 1.0000
vn -0.0000 0.7071 0.7071
vn -0.0000 0.7071 0.7071
vn -0.0000 0.7071 0.7071
vn -0.0000 0.7071 0.7071
vn -0.0000 0.7071 0.7071
vn -0.0499 0.9964 0.0687
vn -0.0499 0.9964 0.0687
vn -0.0499 0.9964 0.0687
vn -0.0499 0.9964 0.0687
vn -0.4038 0.9054 0.1312
vn -0.4038 0.9054 0.1312
vn -0.4038 0.9054 0.1312
vn -0.4038 0.9054 0.1312
vn -0.0000 -0.7071 0.7071
vn -0.0000 -0.7071 0.7071
vn -0.0000 -0.7071 0.7071
vn -0.0000 -0.7071 0.7071
vn -0.0000 -0.7071 0.7071
vn 0.8026 -0.0352 0.5955
vn 0.8026 -0.0352 0.5955
vn 0.8026 -0.0352 0.5955
vn 0.8026 -0.0352 0.5955
vn -0.0000 0.7071 0.7071
vn -0.0000 0.7071 0.7071
vn -0.0000 0.7071 0.7071
vn -0.0000 0.7071 0.7071
vn -0.0437 0.9973 0.0589
vn -0.0437 0.9973 0.0589
vn -0.0437 0.9973 0.0589
vn -0.0437 0.9973 0.0589
vn -0.0000 -0.7071 0.7071
vn -0.0000 -0.7071 0.7071
vn -0.0000 -0.7071 0.7071
vn -0.0000 -0.7071 0.7071
vn 0.1457 -0.1067 0.9836
vn 0.1457 -0.1067 0.9836
vn 0.1457 -0.1067 0.9836
vn 0.1457 -0.1067 0.9836
vn -0.5887 0.8037 0.0872
vn -0.5887 0.8037 0.0872
vn -0.5887 0.8037 0.0872
vn -0.5887 0.8037 0.0872
vn 0.8026 -0.0352 0.5955
vn 0.8026 -0.0352 0.5955
vn 0.8026 -0.0352 0.5955
vn 0.8026 -0.0352 0.5955
vn -0.0000 0.7071 0.7071
vn -0.0000 0.7071 0.7071
vn -0.0000 0.7071 0.7071
vn -0.0000 0.7071 0.7071
vn -0.0437 0.9973 0.0589
vn -0.0437 0.9973 0.0589
vn -0.0437 0.9973 0.0589
vn -0.0437 0.9973 0.0589
vn -0.0000 -0.7071 0.7071
vn -0.0000 -0.7071 0.7071
vn -0.0000 -0.7071 0.7071
vn -0.0000 -0.7071 0.7071
vn 0.1457 -0.1067 0.9836
vn 0.1457 -0.1067 0.9836
vn 0.1457 -0.1067 0.9836
vn 0.1457 -0.1067 0.9836
vn -0.5887 0.8037 0.0872
vn -0.5887 0.8037 0.0872
vn -0.5887 0.8037 0.0872
vn -0.5887 0.8037 0.0872
vn 0.8755 -0.3905 0.2845
vn 0.8755 -0.3905 0.2845
vn 0.8755 -0.3905 0.2845
vn 0.8755 -0.3905 0.2845
vn 0.5875 -0.0294 0.8087
vn 0.5875 -0.0294 0.8087
vn 0.5875 -0.0294 0.8087
vn 0.5875 -0.0294 0.8087
vn -0.0000 -0.0000 1.0000
vn -0.0000 -0.0000 1.0000
vn -0.0000 -0.0000 1.0000
vn -0.0000 -0.0000 1.0000
vn -0.0000 0.7071 0.7071
vn -0.0000 0.7071 0.7071
vn -0.0000 0.7071 0.7071
vn -0.0000 0.7071 0.7071
vn -0.0000 0.7071 0.7071
vn -0.0499 0.9964 0.0687
vn -0.0499 0.9964 0.0687
vn -0.0499 0.9964 0.0687
vn -0.0499 0.9964 0.0687
vn -0.4038 0.9054 0.1312
vn -0.4038 0.9054 0.1312
vn -0.4038 0.9054 0.1312
vn -0.4038 0.9054 0.1312
vn -0.0000 -0.7071 0.7071
vn -0.0000 -0.7071 0.7071
vn -0.0000 -0.7071 0.7071
vn -0.0000 -0.7071 0.7071
vn -0.0000 -0.7071 0.7071
vn 0.8846 -0.3242 0.3351
vn 0.8846 -0.3242 0.3351
vn 0.8846 -0.3242 0.3351
vn 0.8846 -0.3242 0.3351
vn -0.0000 0.7071 0.7071
vn -0.0000 0.7071 0.7071
vn -0.0000 0.7071 0.7071
vn -0.0000 0.7071 0.7071
vn -0.2547 0.6950 0.6724
vn -0.2547 0.6950 0.6724
vn -0.2547 0.6950 0.6724
vn -0.2547 0.6950 0.6724
vn -0.0000 -0.7071 0.7071
vn -0.0000 -0.7071 0.7071
vn -0.0000 -0.7071 0.7071
vn -0.0000 -0.7071 0.7071
vn 0.4082 -0.1108 0.9061
vn 0.4082 -0.1108 0.9061
vn 0.4082 -0.1108 0.9061
vn 0.4082 -0.1108 0.9061
vn -0.2602 0.9584 0.1172
vn -0.2602 0.9584 0.1172
vn -0.2602 0.9584 0.1172
vn -0.2602 0.9584 0.1172
vn 0.8846 -0.3242 0.3351
vn 0.8846 -0.3242 0.3351
vn 0.8846 -0.3242 0.3351
vn 0.8846 -0.3242 0.3351
vn -0.0000 0.7071 0.7071
vn -0.0000 0.7071 0.7071
vn -0.0000 0.7071 0.7071
vn -0.0000 0.7071 0.7071
vn -0.2547 0.6950 0.6724
vn -0.2547 0.6950 0.6724
vn -0.2547 0.6950 0.6724
vn -0.2547 0.6950 0.6724
vn -0.0000 -0.7071 0.7071
vn -0.0000 -0.7071 0.7071
vn -0.0000 -0.7071 0.7071
vn -0.0000 -0.7071 0.7071
vn 0.4082 -0.1108 0.9061
vn 0.4082 -0.1108 0.9061
vn 0.4082 -0.1108 0.9061
vn 0.4082 -0.1108 0.9061
vn -0.2602 0.9584 0.1172
vn -0.2602 0.9584 0.1172
vn -0.2602 0.9584 0.1172
vn -0.2602 0.9584 0.1172
vn 0.8755 -0.3905 0.2845
vn 0.8755 -0.3905 0.2845
vn 0.8755 -0.3905 0.2845
vn 0.8755 -0.3905 0.2845
vn 0.5875 -0.0294 0.8087
vn 0.5875 -0.0294 0.8087
vn 0.5875 -0.0294 0.8087
vn 0.5875 -0.0294 0.8087
vn -0.0000 -0.0000 1.0000
vn -0.0000 -0.0000 1.0000
vn -0.0000 -0.0000 1.0000
vn -0.0000 -0.0000 1.0000
vn -0.0000 0.7071 0.7071
vn -0.0000 0.7071 0.7071
vn -0.0000 0.7071 0.7071
vn -0.0000 0.7071 0.7071
vn -0.0000 0.7071 0.7071
vn -0.0499 0.9964 0.0687
vn -0.0499 0.9964 0.0687
vn -0.0499 0.9964 0.0687
vn -0.0499 0.9964 0.0687
vn -0.4038 0.9054 0.1312
vn -0.4038 0.9054 0.1312
vn -0.4038 0.9054 0.1312
vn -0.4038 0.9054 0.1312
vn -0.0000 -0.7071 0.7071
vn -0.0000 -0.7071 0.7071
vn -0.0000 -0.7071 0.7071
vn -0.0000 -0.7071 0.7071
vn -0.0000 -0.7071 0.7071
vn 0.7830 -0.6152 0.0915
vn 0.7830 -0.6152 0.0915
vn 0.7830 -0.6152 0.0915
vn 0.7830 -0.6152 0.0915
vn -0.0000 0.7071 0.7071
vn -0.0000 0.7071 0.7071
vn -0.0000 0.7071 0.7071
vn -0.0000 0.7071 0.7071
vn -0.1149 0.1462 0.9826
vn -0.1149 0.1462 0.9826
vn -0.1149 0.1462 0.9826
vn -0.1149 0.1462 0.9826
vn -0.0000 -0.7071 0.7071
vn -0.0000 -0.7071 0.7071
vn -0.0000 -0.7071 0.7071
vn -0.0000 -0.7071 0.7071
vn 0.6201 -0.0169 0.7843
vn 0.6201 -0.0169 0.7843
vn 0.6201 -0.0169 0.7843
vn 0.6201 -0.0169 0.7843
vn -0.0273 0.9994 0.0216
vn -0.0273 0.9994 0.0216
vn -0.0273 0.9994 0.0216
vn -0.0273 0.9994 0.0216
vn 0.7830 -0.6152 0.0915
vn 0.7830 -0.6152 0.0915
vn 0.7830 -0.6152 0.0915
vn 0.7830 -0.6152 0.0915
vn -0.0000 0.7071 0.7071
vn -0.0000 0.7071 0.7071
vn -0.0000 0.7071 0.7071
vn -0.0000 0.7071 0.7071
vn -0.1149 0.1462 0.9826
vn -0.1149 0.1462 0.9826
vn -0.1149 0.1462 0.9826
vn -0.1149 0.1462 0.9826
vn -0.0000 -0.7071 0.7071
vn -0.0000 -0.7071 0.7071
vn -0.0000 -0.7071 0.7071
vn -0.0000 -0.7071 0.7071
vn 0.6201 -0.0169 0.7843
vn 0.6201 -0.0169 0.7843
vn 0.6201 -0.0169 0.7843
vn 0.6201 -0.0169 0.7843
vn -0.0273 0.9994 0.0216
vn -0.0273 0.9994 0.0216
vn -0.0273 0.9994 0.0216
vn -0.0273 0.9994 0.0216
vn 0.8755 -0.3905 0.2845
vn 0.8755 -0.3905 0.2845
vn 0.8755 -0.3905 0.2845
vn 0.8755 -0.3905 0.2845
vn 0.5875 -0.0294 0.8087
vn 0.5875 -0.0294 0.8087
vn 0.5875 -0.0294 0.8087
vn 0.5875 -0.0294 0.8087
vn -0.0000 -0.0000 1.0000
vn -0.0000 -0.0000 1.0000
vn -0.0000 -0.0000 1.0000
vn -0.0000 -0.0000 1.0000
vn -0.0000 0.7071 0.7071
vn -0.0000 0.7071 0.7071
vn -0.0000 0.7071 0.7071
vn -0.0000 0.7071 0.7071
vn -0.0000 0.7071 0.7071
vn -0.0499 0.9964 0.0687
vn -0.0499 0.9964 0.0687
vn -0.0499 0.9964 0.0687
vn -0.0499 0.9964 0.0687
vn -0.4038 0.9054 0.1312
vn -0.4038 0.9054 0.1312
vn -0.4038 0.9054 0.1312
vn -0.4038 0.9054 0.1312
vn -0.0000 -0.7071 0.7071
vn -0.0000 -0.7071 0.7071
vn -0.0000 -0.7071 0.7071
vn -0.0000 -0.7071 0.7071
vn -0.0000 -0.7071 0.7071
vn -0.6162 0.7843 0.0720
vn -0.6162 0.7843 0.0720
vn -0.6162 0.7843 0.0720
vn -0.6162 0.7843 0.0720
vn -0.0000 0.7071 0.7071
vn -0.0000 0.7071 0.7071
vn -0.0000 0.7071 0.7071
vn -0.0000 0.7071 0.7071
vn 0.1156 -0.0908 0.9891
vn 0.1156 -0.0908 0.9891
vn 0.1156 -0.0908 0.9891
vn 0.1156 -0.0908 0.9891
vn -0.0000 -0.7071 0.7071
vn -0.0000 -0.7071 0.7071
vn -0.0000 -0.7071 0.7071
vn -0.0000 -0.7071 0.7071
vn 0.7842 -0.0214 0.6201
vn 0.7842 -0.0214 0.6201
vn 0.7842 -0.0214 0.6201
vn 0.7842 -0.0214 0.6201
vn -0.0273 0.9990 0.0345
vn -0.0273 0.9990 0.0345
vn -0.0273 0.9990 0.0345
vn -0.0273 0.9990 0.0345
vn -0.6162 0.7843 0.0720
vn -0.6162 0.7843 0.0720
vn -0.6162 0.7843 0.0720
vn -0.6162 0.7843 0.0720
vn -0.0000 0.7071 0.7071
vn -0.0000 0.7071 0.7071
vn -0.0000 0.7071 0.7071
vn -0.0000 0.7071 0.7071
vn 0.1156 -0.0908 0.9891
vn 0.1156 -0.0908 0.9891
vn 0.1156 -0.0908 0.9891
vn 0.1156 -0.0908 0.9891
vn -0.0000 -0.7071 0.7071
vn -0.0000 -0.7071 0.7071
vn -0.0000 -0.7071 0.7071
vn -0.0000 -0.7071 0.7071
vn 0.7842 -0.0214 0.6201
vn 0.7842 -0.0214 0.6201
vn 0.7842 -0.0214 0.6201
vn 0.7842 -0.0214 0.6201
vn -0.0273 0.9990 0.0345
vn -0.0273 0.9990 0.0345
vn -0.0273 0.9990 0.0345
vn -0.0273 0.9990 0.0345
vn 0.8755 -0.3905 0.2845
vn 0.8755 -0.3905 0.2845
vn 0.8755 -0.3905 0.2845
vn 0.8755 -0.3905 0.2845
vn 0.5875 -0.0294 0.8087
vn 0.5875 -0.0294 0.8087
vn 0.5875 -0.0294 0.8087
vn 0.5875 -0.0294 0.8087
vn -0.0000 -0.0000 1.0000
vn -0.0000 -0.0000 1.0000
vn -0.0000 -0.0000 1.0000
vn -0.0000 -0.0000 1.0000
vn -0.0000 0.7071 0.7071
vn -0.0000 0.7071 0.7071
vn -0.0000 0.7071 0.7071
vn -0.0000 0.7071 0.7071
vn -0.0000 0.7071 0.7071
vn -0.0499 0.9964 0.0687
vn -0.0499 0.9964 0.0687
vn -0.0499 0.9964 0.0687
vn -0.0499 0.9964 0.0687
vn -0.4038 0.9054 0.1312
vn -0.4038 0.9054 0.1312
vn -0.4038 0.9054 0.1312
vn -0.4038 0.9054 0.1312
vn -0.0000 -0.7071 0.7071
vn -0.0000 -0.7071 0.7071
vn -0.0000 -0.7071 0.7071
vn -0.0000 -0.7071 0.7071
vn -0.0000 -0.7071 0.7071
vn -0.3412 0.9311 0.1293
vn -0.3412 0.9311 0.1293
vn -0.3412 0.9311 0.1293
vn -0.3412 0.9311 0.1293
vn -0.0000 0.7071 0.7071
vn -0.0000 0.7071 0.7071
vn -0.0000 0.7071 0.7071
vn -0.0000 0.7071 0.7071
vn 0.3513 -0.1288 0.9274
vn 0.3513 -0.1288 0.9274
vn 0.3513 -0.1288 0.9274
vn 0.3513 -0.1288 0.9274
vn -0.0000 -0.7071 0.7071
vn -0.0000 -0.7071 0.7071
vn -0.0000 -0.7071 0.7071
vn -0.0000 -0.7071 0.7071
vn 0.8850 -0.2403 0.3987
vn 0.8850 -0.2403 0.3987
vn 0.8850 -0.2403 0.3987
vn 0.8850 -0.2403 0.3987
vn -0.2265 0.8342 0.5027
vn -0.2265 0.8342 0.5027
vn -0.2265 0.8342 0.5027
vn -0.2265 0.8342 0.5027
vn -0.3412 0.9311 0.1293
vn -0.3412 0.9311 0.1293
vn -0.3412 0.9311 0.1293
vn -0.3412 0.9311 0.1293
vn -0.0000 0.7071 0.7071
vn -0.0000 0.7071 0.7071
vn -0.0000 0.7071 0.7071
vn -0.0000 0.7071 0.7071
vn 0.3513 -0.1288 0.9274
vn 0.3513 -0.1288 0.9274
vn 0.3513 -0.1288 0.9274
vn 0.3513 -0.1288 0.9274
vn -0.0000 -0.7071 0.7071
vn -0.0000 -0.7071 0.7071
vn -0.0000 -0.7071 0.7071
vn -0.0000 -0.7071 0.7071
vn 0.8850 -0.2403 0.3987
vn 0.8850 -0.2403 0.3987
vn 0.8850 -0.2403 0.3987
vn 0.8850 -0.2403 0.3987
vn -0.2265 0.8342 0.5027
vn -0.2265 0.8342 0.5027
vn -0.2265 0.8342 0.5027
vn -0.2265 0.8342 0.5027
vn 0.8755 -0.3905 0.2845
vn 0.8755 -0.3905 0.2845
vn 0.8755 -0.3905 0.2845
vn 0.8755 -0.3905 0.2845
vn 0.5875 -0.0294 0.8087
vn 0.5875 -0.0294 0.8087
vn 0.5875 -0.0294 0.8087
vn 0.5875 -0.0294 0.8087
vn -0.0000 -0.0000 1.0000
vn -0.0000 -0.0000 1.0000
vn -0.0000 -0.0000 1.0000
vn -0.0000 -0.0000 1.0000
vn -0.0000 0.7071 0.7071
vn -0.0000 0.7071 0.7071
vn -0.0000 0.7071 0.7071
vn -0.0000 0.7071 0.7071
vn -0.0000 0.7071 0.7071
vn -0.0499 0.9964 0.0687
vn -0.0499 0.9964 0.0687
vn -0.0499 0.9964 0.0687
vn -0.0499 0.9964 0.0687
vn -0.4038 0.9054 0.1312
vn -0.4038 0.9054 0.1312
vn -0.4038 0.9054 0.1312
vn -0.4038 0.9054 0.1312
vn -0.0000 -0.7071 0.7071
vn -0.0000 -0.7071 0.7071
vn -0.0000 -0.7071 0.7071
vn -0.0000 -0.7071 0.7071
vn -0.0000 -0.7071 0.7071
vn -0.0438 0.9985 0.0325
vn -0.0438 0.9985 0.0325
vn -0.0438 0.9985 0.0325
vn -0.0438 0.9985 0.0325
vn -0.0000 0.7071 0.7071
vn -0.0000 0.7071 0.7071
vn -0.0000 0.7071 0.7071
vn -0.0000 0.7071 0.7071
vn 0.5956 -0.0261 0.8028
vn 0.5956 -0.0261 0.8028
vn 0.5956 -0.0261 0.8028
vn 0.5956 -0.0261 0.8028
vn -0.0000 -0.7071 0.7071
vn -0.0000 -0.7071 0.7071
vn -0.0000 -0.7071 0.7071
vn -0.0000 -0.7071 0.7071
vn 0.8010 -0.5867 0.1186
vn 0.8010 -0.5867 0.1186
vn 0.8010 -0.5867 0.1186
vn 0.8010 -0.5867 0.1186
vn -0.1437 0.1962 0.9700
vn -0.1437 0.1962 0.9700
vn -0.1437 0.1962 0.9700
vn -0.1437 0.1962 0.9700
vn -0.0438 0.9985 0.0325
vn -0.0438 0.9985 0.0325
vn -0.0438 0.9985 0.0325
vn -0.0438 0.9985 0.0325
vn -0.0000 0.7071 0.7071
vn -0.0000 0.7071 0.7071
vn -0.0000 0.7071 0.7071
vn -0.0000 0.7071 0.7071
vn 0.5956 -0.0261 0.8028
vn 0.5956 -0.0261 0.8028
vn 0.5956 -0.0261 0.8028
vn 0.5956 -0.0261 0.8028
vn -0.0000 -0.7071 0.7071
vn -0.0000 -0.7071 0.7071
vn -0.0000 -0.7071 0.7071
vn -0.0000 -0.7071 0.7071
vn 0.8010 -0.5867 0.1186
vn 0.8010 -0.5867 0.1186
vn 0.8010 -0.5867 0.1186
vn 0.8010 -0.5867 0.1186
vn -0.1437 0.1962 0.9700
vn -0.1437 0.1962 0.9700
vn -0.1437 0.1962 0.9700
vn -0.1437 0.1962 0.9700
vn 0.8755 -0.3905 0.2845
vn 0.8755 -0.3905 0.2845
vn 0.8755 -0.3905 0.2845
vn 0.8755 -0.3905 0.2845
vn 0.5875 -0.0294 0.8087
vn 0.5875 -0.0294 0.8087
vn 0.5875 -0.0294 0.8087
vn 0.5875 -0.0294 0.8087
vn -0.0000 -0.0000 1.0000
vn -0.0000 -0.0000 1.0000
vn -0.0000 -0.0000 1.0000
vn -0.0000 -0.0000 1.0000
vn -0.0000 0.7071 0.7071
vn -0.0000 0.7071 0.7071
vn -0.0000 0.7071 0.7071
vn -0.0000 0.7071 0.7071
vn -0.0000 0.7071 0.7071
vn -0.0499 0.9964 0.0687
vn -0.0499 0.9964 0.0687
vn -0.0499 0.9964 0.0687
vn -0.0499 0.9964 0.0687
vn -0.4038 0.9054 0.1312
vn -0.4038 0.9054 0.1312
vn -0.4038 0.9054 0.1312
vn -0.4038 0.9054 0.1312
vn -0.0000 -0.7071 0.7071
vn -0.0000 -0.7071 0.7071
vn -0.0000 -0.7071 0.7071
vn -0.0000 -0.7071 0.7071
vn -0.0000 -0.7071 0.7071
vn -0.0437 0.9973 0.0589
vn -0.0437 0.9973 0.0589
vn -0.0437 0.9973 0.0589
vn -0.0437 0.9973 0.0589
vn -0.0000 0.7071 0.7071
vn -0.0000 0.7071 0.7071
vn -0.0000 0.7071 0.7071
vn -0.0000 0.7071 0.7071
vn 0.8026 -0.0352 0.5955
vn 0.8026 -0.0352 0.5955
vn 0.8026 -0.0352 0.5955
vn 0.8026 -0.0352 0.5955
vn -0.0000 -0.7071 0.7071
vn -0.0000 -0.7071 0.7071
vn -0.0000 -0.7071 0.7071
vn -0.0000 -0.7071 0.7071
vn -0.5887 0.8037 0.0872
vn -0.5887 0.8037 0.0872
vn -0.5887 0.8037 0.0872
vn -0.5887 0.8037 0.0872
vn 0.1457 -0.1067 0.9836
vn 0.1457 -0.1067 0.9836
vn 0.1457 -0.1067 0.9836
vn 0.1457 -0.1067 0.9836
vn -0.0437 0.9973 0.0589
vn -0.0437 0.9973 0.0589
vn -0.0437 0.9973 0.0589
vn -0.0437 0.9973 0.0589
vn -0.0000 0.7071 0.7071
vn -0.0000 0.7071 0.7071
vn -0.0000 0.7071 0.7071
vn -0.0000 0.7071 0.7071
vn 0.8026 -0.0352 0.5955
vn 0.8026 -0.0352 0.5955
vn 0.8026 -0.0352 0.5955
vn 0.8026 -0.0352 0.5955
vn -0.0000 -0.7071 0.7071
vn -0.0000 -0.7071 0.7071
vn -0.0000 -0.7071 0.7071
vn -0.0000 -0.7071 0.7071
vn -0.5887 0.8037 0.0872
vn -0.5887 0.8037 0.0872
vn -0.5887 0.8037 0.0872
vn -0.5887 0.8037 0.0872
vn 0.1457 -0.1067 0.9836
vn 0.1457 -0.1067 0.9836
vn 0.1457 -0.1067 0.9836
vn 0.1457 -0.1067 0.9836
vn 0.8755 -0.3905 0.2845
vn 0.8755 -0.3905 0.2845
vn 0.8755 -0.3905 0.2845
vn 0.8755 -0.3905 0.2845
vn 0.5875 -0.0294 0.8087
vn 0.5875 -0.0294 0.8087
vn 0.5875 -0.0294 0.8087
vn 0.5875 -0.0294 0.8087
vn -0.0000 -0.0000 1.0000
vn -0.0000 -0.0000 1.0000
vn -0.0000 -0.0000 1.0000
vn -0.0000 -0.0000 1.0000
vn -0.0000 0.7071 0.7071
vn -0.0000 0.7071 0.7071
vn -0.0000 0.7071 0.7071
vn -0.0000 0.7071 0.7071
vn -0.0000 0.7071 0.7071
vn -0.0499 0.9964 0.0687
vn -0.0499 0.9964 0.0687
vn -0.0499 0.9964 0.0687
vn -0.0499 0.9964 0.0687
vn -0.4038 0.9054 0.1312
vn -0.4038 0.9054 0.1312
vn -0.4038 0.9054 0.1312
vn -0.4038 0.9054 0.1312
vn -0.0000 -0.7071 0.7071
vn -0.0000 -0.7071 0.7071
vn -0.0000 -0.7071 0.7071
vn -0.0000 -0.7071 0.7071
vn -0.0000 -0.7071 0.7071
vn -0.2547 0.6950 0.6724
vn -0.2547 0.6950 0.6724
vn -0.2547 0.6950 0.6724
vn -0.2547 0.6950 0.6724
vn -0.0000 0.7071 0.7071
vn -0.0000 0.7071 0.7071
vn -0.0000 0.7071 0.7071
vn -0.0000 0.7071 0.7071
vn 0.8846 -0.3242 0.3351
vn 0.8846 -0.3242 0.3351
vn 0.8846 -0.3242 0.3351
vn 0.8846 -0.3242 0.3351
vn -0.0000 -0.7071 0.7071
vn -0.0000 -0.7071 0.7071
vn -0.0000 -0.7071 0.7071
vn -0.0000 -0.7071 0.7071
vn -0.2602 0.9584 0.1172
vn -0.2602 0.9584 0.1172
vn -0.2602 0.9584 0.1172
vn -0.2602 0.9584 0.1172
vn 0.4082 -0.1108 0.9061
vn 0.4082 -0.1108 0.9061
vn 0.4082 -0.1108 0.9061
vn 0.4082 -0.1108 0.9061
vn -0.2547 0.6950 0.6724
vn -0.2547 0.6950 0.6724
vn -0.2547 0.6950 0.6724
vn -0.2547 0.6950 0.6724
vn -0.0000 0.7071 0.7071
vn -0.0000 0.7071 0.7071
vn -0.0000 0.7071 0.7071
vn -0.0000 0.7071 0.7071
vn 0.8846 -0.3242 0.3351
vn 0.8846 -0.3242 0.3351
vn 0.8846 -0.3242 0.3351
vn 0.8846 -0.3242 0.3351
vn -0.0000 -0.7071 0.7071
vn -0.0000 -0.7071 0.7071
vn -0.0000 -0.7071 0.7071
vn -0.0000 -0.7071 0.7071
vn -0.2602 0.9584 0.1172
vn -0.2602 0.9584 0.1172
vn -0.2602 0.9584 0.1172
vn -0.2602 0.9584 0.1172
vn 0.4082 -0.1108 0.9061
vn 0.4082 -0.1108 0.9061
vn 0.4082 -0.1108 0.9061
vn 0.4082 -0.1108 0.9061
vn 0.8755 -0.3905 0.2845
vn 0.8755 -0.3905 0.2845
vn 0.8755 -0.3905 0.2845
vn 0.8755 -0.3905 0.2845
vn 0.5875 -0.0294 0.8087
vn 0.5875 -0.0294 0.8087
vn 0.5875 -0.0294 0.8087
vn 0.5875 -0.0294 0.8087
vn -0.0000 -0.0000 1.0000
vn -0.0000 -0.0000 1.0000
vn -0.0000 -0.0000 1.0000
vn -0.0000 -0.0000 1.0000
vn -0.0000 0.7071 0.7071
vn -0.0000 0.7071 0.7071
vn -0.0000 0.7071 0.7071
vn -0.0000 0.7071 0.7071
vn -0.0000 0.7071 0.7071
vn -0.0499 0.9964 0.0687
vn -0.0499 0.9964 0.0687
vn -0.0499 0.9964 0.0687
vn -0.0499 0.9964 0.0687
vn -0.4038 0.9054 0.1312
vn -0.4038 0.9054 0.1312
vn -0.4038 0.9054 0.1312
vn -0.4038 0.9054 0.1312
vn -0.0000 -0.7071 0.7071
vn -0.0000 -0.7071 0.7071
vn -0.0000 -0.7071 0.7071
vn -0.0000 -0.7071 0.7071
vn -0.0000 -0.7071 0.7071
vn -0.1149 0.1462 0.9826
vn -0.1149 0.1462 0.9826
vn -0.1149 0.1462 0.9826
vn -0.1149 0.1462 0.9826
vn -0.0000 0.7071 0.7071
vn -0.0000 0.7071 0.7071
vn -0.0000 0.7071 0.7071
vn -0.0000 0.7071 0.7071
vn 0.7830 -0.6152 0.0915
vn 0.7830 -0.6152 0.0915
vn 0.7830 -0.6152 0.0915
vn 0.7830 -0.6152 0.0915
vn -0.0000 -0.7071 0.7071
vn -0.0000 -0.7071 0.7071
vn -0.0000 -0.7071 0.7071
vn -0.0000 -0.7071 0.7071
vn -0.0273 0.9994 0.0216
vn -0.0273 0.9994 0.0216
vn -0.0273 0.9994 0.0216
vn -0.0273 0.9994 0.0216
vn 0.6201 -0.0169 0.7843
vn 0.6201 -0.0169 0.7843
vn 0.6201 -0.0169 0.7843
vn 0.6201 -0.0169 0.7843
vn -0.1149 0.1462 0.9826
vn -0.1149 0.1462 0.9826
vn -0.1149 0.1462 0.9826
vn -0.1149 0.1462 0.9826
vn -0.0000 0.7071 0.7071
vn -0.0000 0.7071 0.7071
vn -0.0000 0.7071 0.7071
vn -0.0000 0.7071 0.7071
vn 0.7830 -0.6152 0.0915
vn 0.7830 -0.6152 0.0915
vn 0.7830 -0.6152 0.0915
vn 0.7830 -0.6152 0.0915
vn -0.0000 -0.7071 0.7071
vn -0.0000 -0.7071 0.7071
vn -0.0000 -0.7071 0.7071
vn -0.0000 -0.7071 0.7071
vn -0.0273 0.9994 0.0216
vn -0.0273 0.9994 0.0216
vn -0.0273 0.9994 0.0216
vn -0.0273 0.9994 0.0216
vn 0.6201 -0.0169 0.7843
vn 0.6201 -0.0169 0.7843
vn 0.6201 -0.0169 0.7843
vn 0.6201 -0.0169 0.7843
vn 0.8755 -0.3905 0.2845
vn 0.8755 -0.3905 0.2845
vn 0.8755 -0.3905 0.2845
vn 0.8755 -0.3905 0.2845
vn 0.5875 -0.0294 0.8087
vn 0.5875 -0.0294 0.8087
vn 0.5875 -0.0294 0.8087
vn 0.5875 -0.0294 0.8087
vn -0.0000 -0.0000 1.0000
vn -0.0000 -0.0000 1.0000
vn -0.0000 -0.0000 1.0000
vn -0.0000 -0.0000 1.0000
vn -0.0000 0.7071 0.7071
vn -0.0000 0.7071 0.7071
vn -0.0000 0.7071 0.7071
vn -0.0000 0.7071 0.7071
vn -0.0000 0.7071 0.7071
vn -0.0499 0.9964 0.0687
vn -0.0499 0.9964 0.0687
vn -0.0499 0.9964 0.0687
vn -0.0499 0.9964 0.0687
vn -0.4038 0.9054 0.1312
vn -0.4038 0.9054 0.1312
vn -0.4038 0.9054 0.1312
vn -0.4038 0.9054 0.1312
vn -0.0000 -0.7071 0.7071
vn -0.0000 -0.7071 0.7071
vn -0.0000 -0.7071 0.7071
vn -0.0000 -0.7071 0.7071
vn -0.0000 -0.7071 0.7071
vn 0.1156 -0.0908 0.9891
vn 0.1156 -0.0908 0.9891
vn 0.1156 -0.0908 0.9891
vn 0.1156 -0.0908 0.9891
vn -0.0000 0.7071 0.7071
vn -0.0000 0.7071 0.7071
vn -0.0000 0.7071 0.7071
vn -0.0000 0.7071 0.7071
vn -0.6162 0.7843 0.0720
vn -0.6162 0.7843 0.0720
vn -0.6162 0.7843 0.0720
vn -0.6162 0.7843 0.0720
vn -0.0000 -0.7071 0.7071
vn -0.0000 -0.7071 0.7071
vn -0.0000 -0.7071 0.7071
vn -0.0000 -0.7071 0.7071
vn -0.0273 0.9990 0.0345
vn -0.0273 0.9990 0.0345
vn -0.0273 0.9990 0.0345
vn -0.0273 0.9990 0.0345
vn 0.7842 -0.0214 0.6201
vn 0.7842 -0.0214 0.6201
vn 0.7842 -0.0214 0.6201
vn 0.7842 -0.0214 0.6201
vn 0.1156 -0.0908 0.9891
vn 0.1156 -0.0908 0.9891
vn 0.1156 -0.0908 0.9891
vn 0.1156 -0.0908 0.9891
vn -0.0000 0.7071 0.7071
vn -0.0000 0.7071 0.7071
vn -0.0000 0.7071 0.7071
vn -0.0000 0.7071 0.7071
vn -0.6162 0.7843 0.0720
vn -0.6162 0.7843 0.0720
vn -0.6162 0.7843 0.0720
vn -0.6162 0.7843 0.0720
vn -0.0000 -0.7071 0.7071
vn -0.0000 -0.7071 0.7071
vn -0.0000 -0.7071 0.7071
vn -0.0000 -0.7071 0.7071
vn -0.0273 0.9990 0.0345
vn -0.0273 0.9990 0.0345
vn -0.0273 0.9990 0.0345
vn -0.0273 0.9990 0.0345
vn 0.7842 -0.0214 0.6201
vn 0.7842 -0.0214 0.6201
vn 0.7842 -0.0214 0.6201
vn 0.7842 -0.0214 0.6201
vn 0.8755 -0.3905 0.2845
vn 0.8755 -0.3905 0.2845
vn 0.8755 -0.3905 0.2845
vn 0.8755 -0.3905 0.2845
vn 0.5875 -0.0294 0.8087
vn 0.5875 -0.0294 0.8087
vn 0.5875 -0.0294 0.8087
vn 0.5875 -0.0294 0.8087
vn -0.0000 -0.0000 1.0000
vn -0.0000 -0.0000 1.0000
vn -0.0000 -0.0000 1.0000
vn -0.0000 -0.0000 1.0000
vn -0.0000 0.7071 0.7071
vn -0.0000 0.7071 0.7071
vn -0.0000 0.7071 0.7071
vn -0.0000 0.7071 0.7071
vn -0.0000 0.7071 0.7071
vn -0.0499 0.9964 0.0687
vn -0.0499 0.9964 0.0687
vn -0.0499 0.9964 0.0687
vn -0.0499 0.9964 0.0687
vn -0.4038 0.9054 0.1312
vn -0.4038 0.9054 0.1312
vn -0.4038 0.9054 0.1312
vn -0.4038 0.9054 0.1312
vn -0.0000 -0.7071 0.7071
vn -0.0000 -0.7071 0.7071
vn -0.0000 -0.7071 0.7071
vn -0.0000 -0.7071 0.7071
vn -0.0000 -0.7071 0.7071
vn 0.3513 -0.1288 0.9274
vn 0.3513 -0.1288 0.9274
vn 0.3513 -0.1288 0.9274
vn 0.3513 -0.1288 0.9274
vn -0.0000 0.7071 0.7071
vn -0.0000 0.7071 0.7071
vn -0.0000 0.7071 0.7071
vn -0.0000 0.7071 0.7071
vn -0.3412 0.9311 0.1293
vn -0.3412 0.9311 0.1293
vn -0.3412 0.9311 0.1293
vn -0.3412 0.9311 0.1293
vn -0.0000 -0.7071 0.7071
vn -0.0000 -0.7071 0.7071
vn -0.0000 -0.7071 0.7071
vn -0.0000 -0.7071 0.7071
vn -0.2265 0.8342 0.5027
vn -0.2265 0.8342 0.5027
vn -0.2265 0.8342 0.5027
vn -0.2265 0.8342 0.5027
vn 0.8850 -0.2403 0.3987
vn 0.8850 -0.2403 0.3987
vn 0.8850 -0.2403 0.3987
vn 0.8850 -0.2403 0.3987
vn 0.3513 -0.1288 0.9274
vn 0.3513 -0.1288 0.9274
vn 0.3513 -0.1288 0.9274
vn 0.3513 -0.1288 0.9274
vn -0.0000 0.7071 0.7071
vn -0.0000 0.7071 0.7071
vn -0.0000 0.7071 0.7071
vn -0.0000 0.7071 0.7071
vn -0.3412 0.9311 0.1293
vn -0.3412 0.9311 0.1293
vn -0.3412 0.9311 0.1293
vn -0.3412 0.9311 0.1293
vn -0.0000 -0.7071 0.7071
vn -0.0000 -0.7071 0.7071
vn -0.0000 -0.7071 0.7071
vn -0.0000 -0.7071 0.7071
vn -0.2265 0.8342 0.5027
vn -0.2265 0.8342 0.5027
vn -0.2265 0.8342 0.5027
vn -0.2265 0.8342 0.5027
vn 0.8850 -0.2403 0.3987
vn 0.8850 -0.2403 0.3987
vn 0.8850 -0.2403 0.3987
vn 0.8850 -0.2403 0.3987
vn 0.8755 -0.3905 0.2845
vn 0.8755 -0.3905 0.2845
vn 0.8755 -0.3905 0.2845
vn 0.8755 -0.3905 0.2845
vn 0.5875 -0.0294 0.8087
vn 0.5875 -0.0294 0.8087
vn 0.5875 -0.0294 0.8087
vn 0.5875 -0.0294 0.8087
vn -0.0000 -0.0000 1.0000
vn -0.0000 -0.0000 1.0000
vn -0.0000 -0.0000 1.0000
vn -0.0000 -0.0000 1.0000
vn -0.0000 0.7071 0.7071
vn -0.0000 0.7071 0.7071
vn -0.0000 0.7071 0.7071
vn -0.0000 0.7071 0.7071
vn -0.0000 0.7071 0.7071
vn -0.0499 0.9964 0.0687
vn -0.0499 0.9964 0.0687
vn -0.0499 0.9964 0.0687
vn -0.0499 0.9964 0.0687
vn -0.4038 0.9054 0.1312
vn -0.4038 0.9054 0.1312
vn -0.4038 0.9054 0.1312
vn -0.4038 0.9054 0.1312
vn -0.0000 -0.7071 0.7071
vn -0.0000 -0.7071 0.7071
vn -0.0000 -0.7071 0.7071
vn -0.0000 -0.7071 0.7071
vn -0.0000 -0.7071 0.7071
vn 0.5956 -0.0261 0.8028
vn 0.5956 -0.0261 0.8028
vn 0.5956 -0.0261 0.8028
vn 0.5956 -0.0261 0.8028
vn -0.0000 0.7071 0.7071
vn -0.0000 0.7071 0.7071
vn -0.0000 0.7071 0.7071
vn -0.0000 0.7071 0.7071
vn -0.0438 0.9985 0.0325
vn -0.0438 0.9985 0.0325
vn -0.0438 0.9985 0.0325
vn -0.0438 0.9985 0.0325
vn -0.0000 -0.7071 0.7071
vn -0.0000 -0.7071 0.7071
vn -0.0000 -0.7071 0.7071
vn -0.0000 -0.7071 0.7071
vn -0.1437 0.1962 0.9700
vn -0.1437 0.1962 0.9700
vn -0.1437 0.1962 0.9700
vn -0.1437 0.1962 0.9700
vn 0.8010 -0.5867 0.1186
vn 0.8010 -0.5867 0.1186
vn 0.8010 -0.5867 0.1186
vn 0.8010 -0.5867 0.1186
vn 0.5956 -0.0261 0.8028
vn 0.5956 -0.0261 0.8028
vn 0.5956 -0.0261 0.8028
vn 0.5956 -0.0261 0.8028
vn -0.0000 0.7071 0.7071
vn -0.0000 0.7071 0.7071
vn -0.0000 0.7071 0.7071
vn -0.0000 0.7071 0.7071
vn -0.0438 0.9985 0.0325
vn -0.0438 0.9985 0.0325
vn -0.0438 0.9985 0.0325
vn -0.0438 0.9985 0.0325
vn -0.0000 -0.7071 0.7071
vn -0.0000 -0.7071 0.7071
vn -0.0000 -0.7071 0.7071
vn -0.0000 -0.7071 0.7071
vn -0.1437 0.1962 0.9700
vn -0.1437 0.1962 0.9700
vn -0.1437 0.1962 0.9700
vn -0.1437 0.1962 0.9700
vn 0.8010 -0.5867 0.1186
vn 0.8010 -0.5867 0.1186
vn 0.8010 -0.5867 0.1186
vn 0.8010 -0.5867 0.1186
f 1//1 3//3 2//2
f 1//1 2//2 4//4
f 5//5 7//7 6//6
f 5//5 6//6 8//8
f 9//9 11//11 10//10
f 9//9 10//10 12//12
f 13//13 15//15 14//14
f 14//14 16//16 13//13
f 14//14 17//17 16//16
f 18//18 20//20 19//19
f 18//18 19//19 21//21
f 22//22 24//24 23//23
f 22//22 23//23 25//25
f 26//26 28//28 27//27
f 27//27 29//29 26//26
f 27//27 30//30 29//29
f 31//31 33//33 32//32
f 31//31 32//32 34//34
f 35//35 37//37 36//36
f 35//35 36//36 38//38
f 39//39 41//41 40//40
f 39//39 40//40 42//42
f 43//43 45//45 44//44
f 43//43 44//44 46//46
f 47//47 49//49 48//48
f 47//47 48//48 50//50
f 51//51 53//53 52//52
f 51//51 52//52 54//54
f 55//55 57//57 56//56
f 55//55 56//56 58//58
f 59//59 61//61 60//60
f 59//59 60//60 62//62
f 63//63 65//65 64//64
f 63//63 64//64 66//66
f 67//67 69//69 68//68
f 67//67 68//68 70//70
f 71//71 73//73 72//72
f 71//71 72//72 74//74
f 75//75 77//77 76//76
f 75//75 76//76 78//78
f 79//79 81//81 80//80
f 79//79 80//80 82//82
f 83//83 85//85 84//84
f 83//83 84//84 86//86
f 87//87 89//89 88//88
f 87//87 88//88 90//90
f 91//91 93//93 92//92
f 92//92 94//94 91//91
f 92//92 95//95 94//94
f 96//96 98//98 97//97
f 96//96 97//97 99//99
f 100//100 102//102 101//101
f 100//100 101//101 103//103
f 104//104 106//106 105//105
f 105//105 107//107 104//104
f 105//105 108//108 107//107
f 109//109 111//111 110//110
f 109//109 110//110 112//112
f 113//113 115//115 114//114
f 113//113 114//114 116//116
f 117//117 119//119 118//118
f 117//117 118//118 120//120
f 121//121 123//123 122//122
f 121//121 122//122 124//124
f 125//125 127//127 126//126
f 125//125 126//126 128//128
f 129//129 131//131 130//130
f 129//129 130//130 132//132
f 133//133 135//135 134//134
f 133//133 134//134 136//136
f 137//137 139//139 138//138
f 137//137 138//138 140//140
f 141//141 143//143 142//142
f 141//141 142//142 144//144
f 145//145 147//147 146//146
f 145//145 146//146 148//148
f 149//149 151//151 150//150
f 149//149 150//150 152//152
f 153//153 155//155 154//154
f 153//153 154//154 156//156
f 157//157 159//159 158//158
f 157//157 158//158 160//160
f 161//161 163//163 162//162
f 161//161 162//162 164//164
f 165//165 167//167 166//166
f 165//165 166//166 168//168
f 169//169 171//171 170//170
f 170//170 172//172 169//169
f 170//170 173//173 172//172
f 174//174 176//176 175//175
f 174//174 175//175 177//177
f 178//178 180//180 179//179
f 178//178 179//179 181//181
f 182//182 184//184 183//183
f 183//183 185//185 182//182
f 183//183 186//186 185//185
f 187//187 189//189 188//188
f 187//187 188//188 190//190
f 191//191 193//193 192//192
f 191//191 192//192 194//194
f 195//195 197//197 196//196
f 195//195 196//196 198//198
f 199//199 201//201 200//200
f 199//199 200//200 202//202
f 203//203 205//205 204//204
f 203//203 204//204 206//206
f 207//207 209//209 208//208
f 207//207 208//208 210//210
f 211//211 213//213 212//212
f 211//211 212//212 214//214
f 215//215 217//217 216//216
f 215//215 216//216 218//218
f 219//219 221//221 220//220
f 219//219 220//220 222//222
f 223//223 225//225 224//224
f 223//223 224//224 226//226
f 227//227 229//229 228//228
f 227//227 228//228 230//230
f 231//231 233//233 232//232
f 231//231 232//232 234//234
f 235//235 237//237 236//236
f 235//235 236//236 238//238
f 239//239 241//241 240//240
f 239//239 240//240 242//242
f 243//243 245//245 244//244
f 243//243 244//244 246//246
f 247//247 249//249 248//248
f 248//248 250//250 247//247
f 248//248 251//251 250//250
f 252//252 254//254 253//253
f 252//252 253//253 255//255
f 256//256 258//258 257//257
f 256//256 257//257 259//259
f 260//260 262//262 261//261
f 261//261 263//263 260//260
f 261//261 264//264 263//263
f 265//265 267//267 266//266
f 265//265 266//266 268//268
f 269//269 271//271 270//270
f 269//269 270//270 272//272
f 273//273 275//275 274//274
f 273//273 274//274 276//276
f 277//277 279//279 278//278
f 277//277 278//278 280//280
f 281//281 283//283 282//282
f 281//281 282//282 284//284
f 285//285 287//287 286//286
f 285//285 286//286 288//288
f 289//289 291//291 290//290
f 289//289 290//290 292//292
f 293//293 295//295 294//294
f 293//293 294//294 296//296
f 297//297 299//299 298//298
f 297//297 298//298 300//300
f 301//301 303//303 302//302
f 301//301 302//302 304//304
f 305//305 307//307 306//306
f 305//305 306//306 308//308
f 309//309 311//311 310//310
f 309//309 310//310 312//312
f 313//313 315//315 314//314
f 313//313 314//314 316//316
f 317//317 319//319 318//318
f 317//317 318//318 320//320
f 321//321 323//323 322//322
f 321//321 322//322 324//324
f 325//325 327//327 326//326
f 326//326 328//328 325//325
f 326//326 329//329 328//328
f 330//330 332//332 331//331
f 330//330 331//331 333//333
f 334//334 336//336 335//335
f 334//334 335//335 337//337
f 338//338 340//340 339//339
f 339//339 341//341 338//338
f 339//339 342//342 341//341
f 343//343 345//345 344//344
f 343//343 344//344 346//346
f 347//347 349//349 348//348
f 347//347 348//348 350//350
f 351//351 353//353 352//352
f 351//351 352//352 354//354
f 355//355 357//357 356//356
f 355//355 356//356 358//358
f 359//359 361//361 360//360
f 359//359 360//360 362//362
f 363//363 365//365 364//364
f 363//363 364//364 366//366
f 367//367 369//369 368//368
f 367//367 368//368 370//370
f 371//371 373//373 372//372
f 371//371 372//372 374//374
f 375//375 377//377 376//376
f 375//375 376//376 378//378
f 379//379 381//381 380//380
f 379//379 380//380 382//382
f 383//383 385//385 384//384
f 383//383 384//384 386//386
f 387//387 389//389 388//388
f 387//387 388//388 390//390
f 391//391 393//393 392//392
f 391//391 392//392 394//394
f 395//395 397//397 396//396
f 395//395 396//396 398//398
f 399//399 401//401 400//400
f 399//399 400//400 402//402
f 403//403 405//405 404//404
f 404//404 406//406 403//403
f 404//404 407//407 406//406
f 408//408 410//410 409//409
f 408//408 409//409 411//411
f 412//412 414//414 413//413
f 412//412 413//413 415//415
f 416//416 418//418 417//417
f 417//417 419//419 416//416
f 417//417 420//420 419//419
f 421//421 423//423 422//422
f 421//421 422//422 424//424
f 425//425 427//427 426//426
f 425//425 426//426 428//428
f 429//429 431//431 430//430
f 429//429 430//430 432//432
f 433//433 435//435 434//434
f 433//433 434//434 436//436
f 437//437 439//439 438//438
f 437//437 438//438 440//440
f 441//441 443//443 442//442
f 441//441 442//442 444//444
f 445//445 447//447 446//446
f 445//445 446//446 448//448
f 449//449 451//451 450//450
f 449//449 450//450 452//452
f 453//453 455//455 454//454
f 453//453 454//454 456//456
f 457//457 459//459 458//458
f 457//457 458//458 460//460
f 461//461 463//463 462//462
f 461//461 462//462 464//464
f 465//465 467//467 466//466
f 465//465 466//466 468//468
f 469//469 471//471 470//470
f 469//469 470//470 472//472
f 473//473 475//475 474//474
f 473//473 474//474 476//476
f 477//477 479//479 478//478
f 477//477 478//478 480//480
f 481//481 483//483 482//482
f 482//482 484//484 481//481
f 482//482 485//485 484//484
f 486//486 488//488 487//487
f 486//486 487//487 489//489
f 490//490 492//492 491//491
f 490//490 491//491 493//493
f 494//494 496//496 495//495
f 495//495 497//497 494//494
f 495//495 498//498 497//497
f 499//499 501//501 500//500
f 499//499 500//500 502//502
f 503//503 505//505 504//504
f 503//503 504//504 506//506
f 507//507 509//509 508//508
f 507//507 508//508 510//510
f 511//511 513//513 512//512
f 511//511 512//512 514//514
f 515//515 517//517 516//516
f 515//515 516//516 518//518
f 519//519 521//521 520//520
f 519//519 520//520 522//522
f 523//523 525//525 524//524
f 523//523 524//524 526//526
f 527//527 529//529 528//528
f 527//527 528//528 530//530
f 531//531 533//533 532//532
f 531//531 532//532 534//534
f 535//535 537//537 536//536
f 535//535 536//536 538//538
f 539//539 541//541 540//540
f 539//539 540//540 542//542
f 543//543 545//545 544//544
f 543//543 544//544 546//546
f 547//547 549//549 548//548
f 547//547 548//548 550//550
f 551//551 553//553 552//552
f 551//551 552//552 554//554
f 555//555 557//557 556//556
f 555//555 556//556 558//558
f 559//559 561//561 560//560
f 560//560 562//562 559//559
f 560//560 563//563 562//562
f 564//564 566//566 565//565
f 564//564 565//565 567//567
f 568//568 570//570 569//569
f 568//568 569//569 571//571
f 572//572 574//574 573//573
f 573//573 575//575 572//572
f 573//573 576//576 575//575
f 577//577 579//579 578//578
f 577//577 578//578 580//580
f 581//581 583//583 582//582
f 581//581 582//582 584//584
f 585//585 587//587 586//586
f 585//585 586//586 588//588
f 589//589 591//591 590//590
f 589//589 590//590 592//592
f 593//593 595//595 594//594
f 593//593 594//594 596//596
f 597//597 599//599 598//598
f 597//597 598//598 600//600
f 601//601 603//603 602//602
f 601//601 602//602 604//604
f 605//605 607//607 606//606
f 605//605 606//606 608//608
f 609//609 611//611 610//610
f 609//609 610//610 612//612
f 613//613 615//615 614//614
f 613//613 614//614 616//616
f 617//617 619//619 618//618
f 617//617 618//618 620//620
f 621//621 623//623 622//622
f 621//621 622//622 624//624
f 625//625 627//627 626//626
f 625//625 626//626 628//628
f 629//629 631//631 630//630
f 629//629 630//630 632//632
f 633//633 635//635 634//634
f 633//633 634//634 636//636
f 637//637 639//639 638//638
f 638//638 640//640 637//637
f 638//638 641//641 640//640
f 642//642 644//644 643//643
f 642//642 643//643 645//645
f 646//646 648//648 647//647
f 646//646 647//647 649//649
f 650//650 652//652 651//651
f 651//651 653//653 650//650
f 651//651 654//654 653//653
f 655//655 657//657 656//656
f 655//655 656//656 658//658
f 659//659 661//661 660//660
f 659//659 660//660 662//662
f 663//663 665//665 664//664
f 663//663 664//664 666//666
f 667//667 669//669 668//668
f 667//667 668//668 670//670
f 671//671 673//673 672//672
f 671//671 672//672 674//674
f 675//675 677//677 676//676
f 675//675 676//676 678//678
f 679//679 681//681 680//680
f 679//679 680//680 682//682
f 683//683 685//685 684//684
f 683//683 684//684 686//686
f 687//687 689//689 688//688
f 687//687 688//688 690//690
f 691//691 693//693 692//692
f 691//691 692//692 694//694
f 695//695 697//697 696//696
f 695//695 696//696 698//698
f 699//699 701//701 700//700
f 699//699 700//700 702//702
f 703//703 705//705 704//704
f 703//703 704//704 706//706
f 707//707 709//709 708//708
f 707//707 708//708 710//710
f 711//711 713//713 712//712
f 711//711 712//712 714//714
f 715//715 717//717 716//716
f 716//716 718//718 715//715
f 716//716 719//719 718//718
f 720//720 722//722 721//721
f 720//720 721//721 723//723
f 724//724 726//726 725//725
f 724//724 725//725 727//727
f 728//728 730//730 729//729
f 729//729 731//731 728//728
f 729//729 732//732 731//731
f 733//733 735//735 734//734
f 733//733 734//734 736//736
f 737//737 739//739 738//738
f 737//737 738//738 740//740
f 741//741 743//743 742//742
f 741//741 742//742 744//744
f 745//745 747//747 746//746
f 745//745 746//746 748//748
f 749//749 751//751 750//750
f 749//749 750//750 752//752
f 753//753 755//755 754//754
f 753//753 754//754 756//756
f 757//757 759//759 758//758
f 757//757 758//758 760//760
f 761//761 763//763 762//762
f 761//761 762//762 764//764
f 765//765 767//767 766//766
f 765//765 766//766 768//768
f 769//769 771//771 770//770
f 769//769 770//770 772//772
f 773//773 775//775 774//774
f 773//773 774//774 776//776
f 777//777 779//779 778//778
f 777//777 778//778 780//780
f 781//781 783//783 782//782
f 781//781 782//782 784//784
f 785//785 787//787 786//786
f 785//785 786//786 788//788
f 789//789 791//791 790//790
f 789//789 790//790 792//792
f 793//793 795//795 794//794
f 794//794 796//796 793//793
f 794//794 797//797 796//796
f 798//798 800//800 799//799
f 798//798 799//799 801//801
f 802//802 804//804 803//803
f 802//802 803//803 805//805
f 806//806 808//808 807//807
f 807//807 809//809 806//806
f 807//807 810//810 809//809
f 811//811 813//813 812//812
f 811//811 812//812 814//814
f 815//815 817//817 816//816
f 815//815 816//816 818//818
f 819//819 821//821 820//820
f 819//819 820//820 822//822
f 823//823 825//825 824//824
f 823//823 824//824 826//826
f 827//827 829//829 828//828
f 827//827 828//828 830//830
f 831//831 833//833 832//832
f 831//831 832//832 834//834
f 835//835 837//837 836//836
f 835//835 836//836 838//838
f 839//839 841//841 840//840
f 839//839 840//840 842//842
f 843//843 845//845 844//844
f 843//843 844//844 846//846
f 847//847 849//849 848//848
f 847//847 848//848 850//850
f 851//851 853//853 852//852
f 851//851 852//852 854//854
f 855//855 857//857 856//856
f 855//855 856//856 858//858
f 859//859 861//861 860//860
f 859//859 860//860 862//862
f 863//863 865//865 864//864
f 863//863 864//864 866//866
f 867//867 869//869 868//868
f 867//867 868//868 870//870
f 871//871 873//873 872//872
f 872//872 874//874 871//871
f 872//872 875//875 874//874
f 876//876 878//878 877//877
f 876//876 877//877 879//879
f 880//880 882//882 881//881
f 880//880 881//881 883//883
f 884//884 886//886 885//885
f 885//885 887//887 884//884
f 885//885 888//888 887//887
f 889//889 891//891 890//890
f 889//889 890//890 892//892
f 893//893 895//895 894//894
f 893//893 894//894 896//896
f 897//897 899//899 898//898
f 897//897 898//898 900//900
f 901//901 903//903 902//902
f 901//901 902//902 904//904
f 905//905 907//907 906//906
f 905//905 906//906 908//908
f 909//909 911//911 910//910
f 909//909 910//910 912//912
f 913//913 915//915 914//914
f 913//913 914//914 916//916
f 917//917 919//919 918//918
f 917//917 918//918 920//920
f 921//921 923//923 922//922
f 921//921 922//922 924//924
f 925//925 927//927 926//926
f 925//925 926//926 928//928
f 929//929 931//931 930//930
f 929//929 930//930 932//932
f 933//933 935//935 934//934
f 933//933 934//934 936//936
g core_horse
usemtl horse
v -0.08423 0.09000 0.04482
v -0.10372 0.11250 0.05607
v -0.07298 0.11250 0.06430
v -0.07298 0.14250 0.06430
v -0.10372 0.14250 0.05607
v -0.08423 0.16500 0.04482
v -0.17423 0.09000 -0.11107
v -0.18548 0.11250 -0.13055
v -0.19371 0.11250 -0.09982
v -0.17423 0.16500 -0.11107
v -0.19371 0.14250 -0.09982
v -0.18548 0.14250 -0.13055
v -0.02577 0.09000 0.01106
v -0.01452 0.11250 0.03055
v -0.00629 0.11250 -0.00019
v -0.02577 0.16500 0.01106
v -0.00629 0.14250 -0.00019
v -0.01452 0.14250 0.03055
v -0.11577 0.09000 -0.14482
v -0.09629 0.11250 -0.15607
v -0.12702 0.11250 -0.16430
v -0.11577 0.16500 -0.14482
v -0.12702 0.14250 -0.16430
v -0.09629 0.14250 -0.15607
v -0.17423 0.09000 -0.11107
v -0.10372 0.11250 0.05607
v -0.08423 0.09000 0.04482
v -0.19371 0.11250 -0.09982
v -0.07298 0.11250 0.06430
v -0.10372 0.14250 0.05607
v -0.07298 0.14250 0.06430
v -0.10372 0.11250 0.05607
v -0.08423 0.16500 0.04482
v -0.19371 0.14250 -0.09982
v -0.17423 0.16500 -0.11107
v -0.10372 0.14250 0.05607
v -0.18548 0.14250 -0.13055
v -0.19371 0.11250 -0.09982
v -0.18548 0.11250 -0.13055
v -0.19371 0.14250 -0.09982
v -0.11577 0.09000 -0.14482
v -0.18548 0.11250 -0.13055
v -0.17423 0.09000 -0.11107
v -0.12702 0.11250 -0.16430
v -0.17423 0.16500 -0.11107
v -0.12702 0.14250 -0.16430
v -0.11577 0.16500 -0.14482
v -0.18548 0.14250 -0.13055
v -0.09629 0.14250 -0.15607
v -0.12702 0.11250 -0.16430
v -0.09629 0.11250 -0.15607
v -0.12702 0.14250 -0.16430
v -0.02577 0.09000 0.01106
v -0.09629 0.11250 -0.15607
v -0.11577 0.09000 -0.14482
v -0.00629 0.11250 -0.00019
v -0.11577 0.16500 -0.14482
v -0.00629 0.14250 -0.00019
v -0.02577 0.16500 0.01106
v -0.09629 0.14250 -0.15607
v -0.01452 0.14250 0.03055
v -0.00629 0.11250 -0.00019
v -0.01452 0.11250 0.03055
v -0.00629 0.14250 -0.00019
v -0.08423 0.09000 0.04482
v -0.01452 0.11250 0.03055
v -0.02577 0.09000 0.01106
v -0.07298 0.11250 0.06430
v -0.02577 0.16500 0.01106
v -0.07298 0.14250 0.06430
v -0.08423 0.16500 0.04482
v -0.01452 0.14250 0.03055
v -0.17423 0.09000 -0.11107
v -0.02577 0.09000 0.01106
v -0.11577 0.09000 -0.14482
v -0.08423 0.09000 0.04482
v -0.10372 0.11250 0.05607
v -0.19371 0.14250 -0.09982
v -0.10372 0.14250 0.05607
v -0.19371 0.11250 -0.09982
v -0.01452 0.11250 0.03055
v -0.07298 0.14250 0.06430
v -0.01452 0.14250 0.03055
v -0.07298 0.11250 0.06430
v -0.11577 0.16500 -0.14482
v -0.08423 0.16500 0.04482
v -0.17423 0.16500 -0.11107
v -0.02577 0.16500 0.01106
v -0.18548 0.11250 -0.13055
v -0.12702 0.14250 -0.16430
v -0.18548 0.14250 -0.13055
v -0.12702 0.11250 -0.16430
v -0.09629 0.11250 -0.15607
v -0.00629 0.14250 -0.00019
v -0.09629 0.14250 -0.15607
v -0.00629 0.11250 -0.00019
v -0.09788 0.00000 0.04966
v -0.10180 0.00450 0.05202
v -0.09565 0.00450 0.05367
v -0.09607 0.09300 0.05567
v -0.10222 0.09300 0.05402
v -0.09834 0.09750 0.05188
v -0.11026 0.00000 0.02823
v -0.11261 0.00450 0.02430
v -0.11425 0.00450 0.03045
v -0.11240 0.09750 0.02752
v -0.11620 0.09300 0.02981
v -0.11455 0.09300 0.02366
v -0.07970 0.00000 0.03917
v -0.07735 0.00450 0.04310
v -0.07570 0.00450 0.03695
v -0.07755 0.09750 0.03988
v -0.07376 0.09300 0.03760
v -0.07540 0.09300 0.04374
v -0.09207 0.00000 0.01773
v -0.08815 0.00450 0.01538
v -0.09430 0.00450 0.01373
v -0.09162 0.09750 0.01552
v -0.09389 0.09300 0.01173
v -0.08774 0.09300 0.01337
v -0.11026 0.00000 0.02823
v -0.10180 0.00450 0.05202
v -0.09788 0.00000 0.04966
v -0.11425 0.00450 0.03045
v -0.09565 0.00450 0.05367
v -0.10222 0.09300 0.05402
v -0.09607 0.09300 0.05567
v -0.10180 0.00450 0.05202
v -0.09834 0.09750 0.05188
v -0.11620 0.09300 0.02981
v -0.11240 0.09750 0.02752
v -0.10222 0.09300 0.05402
v -0.11455 0.09300 0.02366
v -0.11425 0.00450 0.03045
v -0.11261 0.00450 0.02430
v -0.11620 0.09300 0.02981
v -0.09207 0.00000 0.01773
v -0.11261 0.00450 0.02430
v -0.11026 0.00000 0.02823
v -0.09430 0.00450 0.01373
v -0.11240 0.09750 0.02752
v -0.09389 0.09300 0.01173
v -0.09162 0.09750 0.01552
v -0.11455 0.09300 0.02366
v -0.08774 0.09300 0.01337
v -0.09430 0.00450 0.01373
v -0.08815 0.00450 0.01538
v -0.09389 0.09300 0.01173
v -0.07970 0.00000 0.03917
v -0.08815 0.00450 0.01538
v -0.09207 0.00000 0.01773
v -0.07570 0.00450 0.03695
v -0.09162 0.09750 0.01552
v -0.07376 0.09300 0.03760
v -0.07755 0.09750 0.03988
v -0.08774 0.09300 0.01337
v -0.07540 0.09300 0.04374
v -0.07570 0.00450 0.03695
v -0.07735 0.00450 0.04310
v -0.07376 0.09300 0.03760
v -0.09788 0.00000 0.04966
v -0.07735 0.00450 0.04310
v -0.07970 0.00000 0.03917
v -0.09565 0.00450 0.05367
v -0.07755 0.09750 0.03988
v -0.09607 0.09300 0.05567
v -0.09834 0.09750 0.05188
v -0.07540 0.09300 0.04374
v -0.11026 0.00000 0.02823
v -0.07970 0.00000 0.03917
v -0.09207 0.00000 0.01773
v -0.09788 0.00000 0.04966
v -0.10180 0.00450 0.05202
v -0.11620 0.09300 0.02981
v -0.10222 0.09300 0.05402
v -0.11425 0.00450 0.03045
v -0.07735 0.00450 0.04310
v -0.09607 0.09300 0.05567
v -0.07540 0.09300 0.04374
v -0.09565 0.00450 0.05367
v -0.09162 0.09750 0.01552
v -0.09834 0.09750 0.05188
v -0.11240 0.09750 0.02752
v -0.07755 0.09750 0.03988
v -0.11261 0.00450 0.02430
v -0.09389 0.09300 0.01173
v -0.11455 0.09300 0.02366
v -0.09430 0.00450 0.01373
v -0.08815 0.00450 0.01538
v -0.07376 0.09300 0.03760
v -0.08774 0.09300 0.01337
v -0.07570 0.00450 0.03695
v -0.17288 0.00000 -0.08024
v -0.17680 0.00450 -0.07788
v -0.17066 0.00450 -0.07624
v -0.17107 0.09300 -0.07423
v -0.17721 0.09300 -0.07588
v -0.17334 0.09750 -0.07802
v -0.18526 0.00000 -0.10167
v -0.18761 0.00450 -0.10560
v -0.18925 0.00450 -0.09946
v -0.18740 0.09750 -0.10238
v -0.19120 0.09300 -0.10010
v -0.18955 0.09300 -0.10625
v -0.15470 0.00000 -0.09074
v -0.15235 0.00450 -0.08681
v -0.15070 0.00450 -0.09296
v -0.15255 0.09750 -0.09003
v -0.14876 0.09300 -0.09231
v -0.15040 0.09300 -0.08616
v -0.16707 0.00000 -0.11217
v -0.16315 0.00450 -0.11452
v -0.16930 0.00450 -0.11617
v -0.16662 0.09750 -0.11438
v -0.16889 0.09300 -0.11818
v -0.16274 0.09300 -0.11653
v -0.18526 0.00000 -0.10167
v -0.17680 0.00450 -0.07788
v -0.17288 0.00000 -0.08024
v -0.18925 0.00450 -0.09946
v -0.17066 0.00450 -0.07624
v -0.17721 0.09300 -0.07588
v -0.17107 0.09300 -0.07423
v -0.17680 0.00450 -0.07788
v -0.17334 0.09750 -0.07802
v -0.19120 0.09300 -0.10010
v -0.18740 0.09750 -0.10238
v -0.17721 0.09300 -0.07588
v -0.18955 0.09300 -0.10625
v -0.18925 0.00450 -0.09946
v -0.18761 0.00450 -0.10560
v -0.19120 0.09300 -0.10010
v -0.16707 0.00000 -0.11217
v -0.18761 0.00450 -0.10560
v -0.18526 0.00000 -0.10167
v -0.16930 0.00450 -0.11617
v -0.18740 0.09750 -0.10238
v -0.16889 0.09300 -0.11818
v -0.16662 0.09750 -0.11438
v -0.18955 0.09300 -0.10625
v -0.16274 0.09300 -0.11653
v -0.16930 0.00450 -0.11617
v -0.16315 0.00450 -0.11452
v -0.16889 0.09300 -0.11818
v -0.15470 0.00000 -0.09074
v -0.16315 0.00450 -0.11452
v -0.16707 0.00000 -0.11217
v -0.15070 0.00450 -0.09296
v -0.16662 0.09750 -0.11438
v -0.14876 0.09300 -0.09231
v -0.15255 0.09750 -0.09003
v -0.16274 0.09300 -0.11653
v -0.15040 0.09300 -0.08616
v -0.15070 0.00450 -0.09296
v -0.15235 0.00450 -0.08681
v -0.14876 0.09300 -0.09231
v -0.17288 0.00000 -0.08024
v -0.15235 0.00450 -0.08681
v -0.15470 0.00000 -0.09074
v -0.17066 0.00450 -0.07624
v -0.15255 0.09750 -0.09003
v -0.17107 0.09300 -0.07423
v -0.17334 0.09750 -0.07802
v -0.15040 0.09300 -0.08616
v -0.18526 0.00000 -0.10167
v -0.15470 0.00000 -0.09074
v -0.16707 0.00000 -0.11217
v -0.17288 0.00000 -0.08024
v -0.17680 0.00450 -0.07788
v -0.19120 0.09300 -0.10010
v -0.17721 0.09300 -0.07588
v -0.18925 0.00450 -0.09946
v -0.15235 0.00450 -0.08681
v -0.17107 0.09300 -0.07423
v -0.15040 0.09300 -0.08616
v -0.17066 0.00450 -0.07624
v -0.16662 0.09750 -0.11438
v -0.17334 0.09750 -0.07802
v -0.18740 0.09750 -0.10238
v -0.15255 0.09750 -0.09003
v -0.18761 0.00450 -0.10560
v -0.16889 0.09300 -0.11818
v -0.18955 0.09300 -0.10625
v -0.16930 0.00450 -0.11617
v -0.16315 0.00450 -0.11452
v -0.14876 0.09300 -0.09231
v -0.16274 0.09300 -0.11653
v -0.15070 0.00450 -0.09296
v -0.03293 0.00000 0.01216
v -0.03685 0.00450 0.01452
v -0.03070 0.00450 0.01617
v -0.03111 0.09300 0.01818
v -0.03726 0.09300 0.01652
v -0.03339 0.09750 0.01438
v -0.04530 0.00000 -0.00927
v -0.04765 0.00450 -0.01320
v -0.04930 0.00450 -0.00705
v -0.04745 0.09750 -0.00998
v -0.05125 0.09300 -0.00769
v -0.04960 0.09300 -0.01384
v -0.01475 0.00000 0.00167
v -0.01240 0.00450 0.00560
v -0.01075 0.00450 -0.00055
v -0.01260 0.09750 0.00238
v -0.00881 0.09300 0.00010
v -0.01045 0.09300 0.00624
v -0.02712 0.00000 -0.01977
v -0.02320 0.00450 -0.02212
v -0.02935 0.00450 -0.02377
v -0.02667 0.09750 -0.02198
v -0.02894 0.09300 -0.02577
v -0.02279 0.09300 -0.02413
v -0.04530 0.00000 -0.00927
v -0.03685 0.00450 0.01452
v -0.03293 0.00000 0.01216
v -0.04930 0.00450 -0.00705
v -0.03070 0.00450 0.01617
v -0.03726 0.09300 0.01652
v -0.03111 0.09300 0.01818
v -0.03685 0.00450 0.01452
v -0.03339 0.09750 0.01438
v -0.05125 0.09300 -0.00769
v -0.04745 0.09750 -0.00998
v -0.03726 0.09300 0.01652
v -0.04960 0.09300 -0.01384
v -0.04930 0.00450 -0.00705
v -0.04765 0.00450 -0.01320
v -0.05125 0.09300 -0.00769
v -0.02712 0.00000 -0.01977
v -0.04765 0.00450 -0.01320
v -0.04530 0.00000 -0.00927
v -0.02935 0.00450 -0.02377
v -0.04745 0.09750 -0.00998
v -0.02894 0.09300 -0.02577
v -0.02667 0.09750 -0.02198
v -0.04960 0.09300 -0.01384
v -0.02279 0.09300 -0.02413
v -0.02935 0.00450 -0.02377
v -0.02320 0.00450 -0.02212
v -0.02894 0.09300 -0.02577
v -0.01475 0.00000 0.00167
v -0.02320 0.00450 -0.02212
v -0.02712 0.00000 -0.01977
v -0.01075 0.00450 -0.00055
v -0.02667 0.09750 -0.02198
v -0.00881 0.09300 0.00010
v -0.01260 0.09750 0.00238
v -0.02279 0.09300 -0.02413
v -0.01045 0.09300 0.00624
v -0.01075 0.00450 -0.00055
v -0.01240 0.00450 0.00560
v -0.00881 0.09300 0.00010
v -0.03293 0.00000 0.01216
v -0.01240 0.00450 0.00560
v -0.01475 0.00000 0.00167
v -0.03070 0.00450 0.01617
v -0.01260 0.09750 0.00238
v -0.03111 0.09300 0.01818
v -0.03339 0.09750 0.01438
v -0.01045 0.09300 0.00624
v -0.04530 0.00000 -0.00927
v -0.01475 0.00000 0.00167
v -0.02712 0.00000 -0.01977
v -0.03293 0.00000 0.01216
v -0.03685 0.00450 0.01452
v -0.05125 0.09300 -0.00769
v -0.03726 0.09300 0.01652
v -0.04930 0.00450 -0.00705
v -0.01240 0.00450 0.00560
v -0.03111 0.09300 0.01818
v -0.01045 0.09300 0.00624
v -0.03070 0.00450 0.01617
v -0.02667 0.09750 -0.02198
v -0.03339 0.09750 0.01438
v -0.04745 0.09750 -0.00998
v -0.01260 0.09750 0.00238
v -0.04765 0.00450 -0.01320
v -0.02894 0.09300 -0.02577
v -0.04960 0.09300 -0.01384
v -0.02935 0.00450 -0.02377
v -0.02320 0.00450 -0.02212
v -0.00881 0.09300 0.00010
v -0.02279 0.09300 -0.02413
v -0.01075 0.00450 -0.00055
v -0.10793 0.00000 -0.11774
v -0.11185 0.00450 -0.11538
v -0.10570 0.00450 -0.11374
v -0.10612 0.09300 -0.11173
v -0.11226 0.09300 -0.11338
v -0.10839 0.09750 -0.11552
v -0.12031 0.00000 -0.13917
v -0.12265 0.00450 -0.14310
v -0.12430 0.00450 -0.13696
v -0.12245 0.09750 -0.13988
v -0.12625 0.09300 -0.13760
v -0.12460 0.09300 -0.14375
v -0.08974 0.00000 -0.12824
v -0.08740 0.00450 -0.12431
v -0.08575 0.00450 -0.13046
v -0.08760 0.09750 -0.12753
v -0.08380 0.09300 -0.12981
v -0.08545 0.09300 -0.12366
v -0.10212 0.00000 -0.14967
v -0.09820 0.00450 -0.15202
v -0.10435 0.00450 -0.15367
v -0.10166 0.09750 -0.15188
v -0.10394 0.09300 -0.15568
v -0.09779 0.09300 -0.15403
v -0.12031 0.00000 -0.13917
v -0.11185 0.00450 -0.11538
v -0.10793 0.00000 -0.11774
v -0.12430 0.00450 -0.13696
v -0.10570 0.00450 -0.11374
v -0.11226 0.09300 -0.11338
v -0.10612 0.09300 -0.11173
v -0.11185 0.00450 -0.11538
v -0.10839 0.09750 -0.11552
v -0.12625 0.09300 -0.13760
v -0.12245 0.09750 -0.13988
v -0.11226 0.09300 -0.11338
v -0.12460 0.09300 -0.14375
v -0.12430 0.00450 -0.13696
v -0.12265 0.00450 -0.14310
v -0.12625 0.09300 -0.13760
v -0.10212 0.00000 -0.14967
v -0.12265 0.00450 -0.14310
v -0.12031 0.00000 -0.13917
v -0.10435 0.00450 -0.15367
v -0.12245 0.09750 -0.13988
v -0.10394 0.09300 -0.15568
v -0.10166 0.09750 -0.15188
v -0.12460 0.09300 -0.14375
v -0.09779 0.09300 -0.15403
v -0.10435 0.00450 -0.15367
v -0.09820 0.00450 -0.15202
v -0.10394 0.09300 -0.15568
v -0.08974 0.00000 -0.12824
v -0.09820 0.00450 -0.15202
v -0.10212 0.00000 -0.14967
v -0.08575 0.00450 -0.13046
v -0.10166 0.09750 -0.15188
v -0.08380 0.09300 -0.12981
v -0.08760 0.09750 -0.12753
v -0.09779 0.09300 -0.15403
v -0.08545 0.09300 -0.12366
v -0.08575 0.00450 -0.13046
v -0.08740 0.00450 -0.12431
v -0.08380 0.09300 -0.12981
v -0.10793 0.00000 -0.11774
v -0.08740 0.00450 -0.12431
v -0.08974 0.00000 -0.12824
v -0.10570 0.00450 -0.11374
v -0.08760 0.09750 -0.12753
v -0.10612 0.09300 -0.11173
v -0.10839 0.09750 -0.11552
v -0.08545 0.09300 -0.12366
v -0.12031 0.00000 -0.13917
v -0.08974 0.00000 -0.12824
v -0.10212 0.00000 -0.14967
v -0.10793 0.00000 -0.11774
v -0.11185 0.00450 -0.11538
v -0.12625 0.09300 -0.13760
v -0.11226 0.09300 -0.11338
v -0.12430 0.00450 -0.13696
v -0.08740 0.00450 -0.12431
v -0.10612 0.09300 -0.11173
v -0.08545 0.09300 -0.12366
v -0.10570 0.00450 -0.11374
v -0.10166 0.09750 -0.15188
v -0.10839 0.09750 -0.11552
v -0.12245 0.09750 -0.13988
v -0.08760 0.09750 -0.12753
v -0.12265 0.00450 -0.14310
v -0.10394 0.09300 -0.15568
v -0.12460 0.09300 -0.14375
v -0.10435 0.00450 -0.15367
v -0.09820 0.00450 -0.15202
v -0.08380 0.09300 -0.12981
v -0.09779 0.09300 -0.15403
v -0.08575 0.00450 -0.13046
v -0.05497 0.13800 0.06624
v -0.06501 0.14579 0.06684
v -0.05332 0.15029 0.06909
v -0.07508 0.22564 0.03143
v -0.08677 0.22114 0.02918
v -0.08122 0.22893 0.02078
v -0.07316 0.11700 0.03474
v -0.07930 0.12029 0.02410
v -0.08320 0.12479 0.03535
v -0.09941 0.20793 -0.01073
v -0.10495 0.20013 -0.00233
v -0.10106 0.19564 -0.01358
v -0.02185 0.13800 0.04712
v -0.02020 0.15029 0.04997
v -0.01630 0.14579 0.03872
v -0.04810 0.22893 0.00165
v -0.03805 0.22114 0.00105
v -0.04195 0.22564 0.01230
v -0.04003 0.11700 0.01562
v -0.03449 0.12479 0.00722
v -0.04618 0.12029 0.00497
v -0.06628 0.20793 -0.02985
v -0.06793 0.19564 -0.03270
v -0.05624 0.20013 -0.03045
v -0.07316 0.11700 0.03474
v -0.06501 0.14579 0.06684
v -0.05497 0.13800 0.06624
v -0.08320 0.12479 0.03535
v -0.05332 0.15029 0.06909
v -0.08677 0.22114 0.02918
v -0.07508 0.22564 0.03143
v -0.06501 0.14579 0.06684
v -0.08122 0.22893 0.02078
v -0.10495 0.20013 -0.00233
v -0.09941 0.20793 -0.01073
v -0.08677 0.22114 0.02918
v -0.10106 0.19564 -0.01358
v -0.08320 0.12479 0.03535
v -0.07930 0.12029 0.02410
v -0.10495 0.20013 -0.00233
v -0.04003 0.11700 0.01562
v -0.07930 0.12029 0.02410
v -0.07316 0.11700 0.03474
v -0.04618 0.12029 0.00497
v -0.09941 0.20793 -0.01073
v -0.06793 0.19564 -0.03270
v -0.06628 0.20793 -0.02985
v -0.10106 0.19564 -0.01358
v -0.05624 0.20013 -0.03045
v -0.04618 0.12029 0.00497
v -0.03449 0.12479 0.00722
v -0.06793 0.19564 -0.03270
v -0.02185 0.13800 0.04712
v -0.03449 0.12479 0.00722
v -0.04003 0.11700 0.01562
v -0.01630 0.14579 0.03872
v -0.06628 0.20793 -0.02985
v -0.03805 0.22114 0.00105
v -0.04810 0.22893 0.00165
v -0.05624 0.20013 -0.03045
v -0.04195 0.22564 0.01230
v -0.01630 0.14579 0.03872
v -0.02020 0.15029 0.04997
v -0.03805 0.22114 0.00105
v -0.05497 0.13800 0.06624
v -0.02020 0.15029 0.04997
v -0.02185 0.13800 0.04712
v -0.05332 0.15029 0.06909
v -0.04810 0.22893 0.00165
v -0.07508 0.22564 0.03143
v -0.08122 0.22893 0.02078
v -0.04195 0.22564 0.01230
v -0.07316 0.11700 0.03474
v -0.02185 0.13800 0.04712
v -0.04003 0.11700 0.01562
v -0.05497 0.13800 0.06624
v -0.06501 0.14579 0.06684
v -0.10495 0.20013 -0.00233
v -0.08677 0.22114 0.02918
v -0.08320 0.12479 0.03535
v -0.02020 0.15029 0.04997
v -0.07508 0.22564 0.03143
v -0.04195 0.22564 0.01230
v -0.05332 0.15029 0.06909
v -0.06628 0.20793 -0.02985
v -0.08122 0.22893 0.02078
v -0.09941 0.20793 -0.01073
v -0.04810 0.22893 0.00165
v -0.07930 0.12029 0.02410
v -0.06793 0.19564 -0.03270
v -0.10106 0.19564 -0.01358
v -0.04618 0.12029 0.00497
v -0.03449 0.12479 0.00722
v -0.03805 0.22114 0.00105
v -0.05624 0.20013 -0.03045
v -0.01630 0.14579 0.03872
v -0.01692 0.18942 0.12540
v -0.02422 0.19928 0.13376
v -0.01019 0.19569 0.13705
v -0.00609 0.21824 0.14417
v -0.02011 0.22184 0.14087
v -0.00922 0.23170 0.13873
v -0.05286 0.21558 0.06315
v -0.05600 0.22904 0.05771
v -0.06016 0.22545 0.07150
v -0.04517 0.25787 0.07648
v -0.05606 0.24800 0.07861
v -0.05190 0.25159 0.06482
v 0.01036 0.18942 0.10965
v 0.01709 0.19569 0.12130
v 0.02125 0.19928 0.10751
v 0.01805 0.23170 0.12298
v 0.02535 0.22184 0.11462
v 0.02119 0.21824 0.12841
v -0.02558 0.21558 0.04740
v -0.01470 0.22545 0.04525
v -0.02872 0.22904 0.04196
v -0.01789 0.25787 0.06072
v -0.02462 0.25159 0.04907
v -0.01059 0.24800 0.05236
v -0.05286 0.21558 0.06315
v -0.02422 0.19928 0.13376
v -0.01692 0.18942 0.12540
v -0.06016 0.22545 0.07150
v -0.01019 0.19569 0.13705
v -0.02011 0.22184 0.14087
v -0.00609 0.21824 0.14417
v -0.02422 0.19928 0.13376
v -0.00922 0.23170 0.13873
v -0.05606 0.24800 0.07861
v -0.04517 0.25787 0.07648
v -0.02011 0.22184 0.14087
v -0.05190 0.25159 0.06482
v -0.06016 0.22545 0.07150
v -0.05600 0.22904 0.05771
v -0.05606 0.24800 0.07861
v -0.02558 0.21558 0.04740
v -0.05600 0.22904 0.05771
v -0.05286 0.21558 0.06315
v -0.02872 0.22904 0.04196
v -0.04517 0.25787 0.07648
v -0.02462 0.25159 0.04907
v -0.01789 0.25787 0.06072
v -0.05190 0.25159 0.06482
v -0.01059 0.24800 0.05236
v -0.02872 0.22904 0.04196
v -0.01470 0.22545 0.04525
v -0.02462 0.25159 0.04907
v 0.01036 0.18942 0.10965
v -0.01470 0.22545 0.04525
v -0.02558 0.21558 0.04740
v 0.02125 0.19928 0.10751
v -0.01789 0.25787 0.06072
v 0.02535 0.22184 0.11462
v 0.01805 0.23170 0.12298
v -0.01059 0.24800 0.05236
v 0.02119 0.21824 0.12841
v 0.02125 0.19928 0.10751
v 0.01709 0.19569 0.12130
v 0.02535 0.22184 0.11462
v -0.01692 0.18942 0.12540
v 0.01709 0.19569 0.12130
v 0.01036 0.18942 0.10965
v -0.01019 0.19569 0.13705
v 0.01805 0.23170 0.12298
v -0.00609 0.21824 0.14417
v -0.00922 0.23170 0.13873
v 0.02119 0.21824 0.12841
v -0.05286 0.21558 0.06315
v 0.01036 0.18942 0.10965
v -0.02558 0.21558 0.04740
v -0.01692 0.18942 0.12540
v -0.02422 0.19928 0.13376
v -0.05606 0.24800 0.07861
v -0.02011 0.22184 0.14087
v -0.06016 0.22545 0.07150
v 0.01709 0.19569 0.12130
v -0.00609 0.21824 0.14417
v 0.02119 0.21824 0.12841
v -0.01019 0.19569 0.13705
v -0.01789 0.25787 0.06072
v -0.00922 0.23170 0.13873
v -0.04517 0.25787 0.07648
v 0.01805 0.23170 0.12298
v -0.05600 0.22904 0.05771
v -0.02462 0.25159 0.04907
v -0.05190 0.25159 0.06482
v -0.02872 0.22904 0.04196
v -0.01470 0.22545 0.04525
v 0.02535 0.22184 0.11462
v -0.01059 0.24800 0.05236
v 0.02125 0.19928 0.10751
v -0.05054 0.23250 0.06867
v -0.04145 0.23250 0.06342
v -0.05579 0.23250 0.05957
v -0.04529 0.23250 0.07776
v -0.05964 0.23250 0.07391
v -0.05579 0.23250 0.05957
v -0.04145 0.23250 0.06342
v -0.05054 0.26250 0.06867
v -0.04145 0.23250 0.06342
v -0.04529 0.23250 0.07776
v -0.05054 0.26250 0.06867
v -0.04529 0.23250 0.07776
v -0.05964 0.23250 0.07391
v -0.05054 0.26250 0.06867
v -0.05964 0.23250 0.07391
v -0.05579 0.23250 0.05957
v -0.05054 0.26250 0.06867
v -0.02196 0.23250 0.05216
v -0.01287 0.23250 0.04692
v -0.02721 0.23250 0.04307
v -0.01671 0.23250 0.06126
v -0.03105 0.23250 0.05742
v -0.02721 0.23250 0.04307
v -0.01287 0.23250 0.04692
v -0.02196 0.26250 0.05216
v -0.01287 0.23250 0.04692
v -0.01671 0.23250 0.06126
v -0.02196 0.26250 0.05216
v -0.01671 0.23250 0.06126
v -0.03105 0.23250 0.05742
v -0.02196 0.26250 0.05216
v -0.03105 0.23250 0.05742
v -0.02721 0.23250 0.04307
v -0.02196 0.26250 0.05216
vn -0.3218 -0.2194 0.9211
vn -0.3218 -0.2194 0.9211
vn -0.3218 -0.2194 0.9211
vn 0.1531 0.3886 0.9086
vn 0.1531 0.3886 0.9086
vn 0.1531 0.3886 0.9086
vn 0.0255 0.8959 -0.4436
vn 0.0255 0.8959 -0.4436
vn 0.0255 0.8959 -0.4436
vn -0.1328 0.8583 0.4956
vn -0.1328 0.8583 0.4956
vn -0.1328 0.8583 0.4956
vn 0.4472 -0.4472 0.7746
vn 0.4472 -0.4472 0.7746
vn 0.4472 -0.4472 0.7746
vn -0.4961 -0.3853 -0.7781
vn -0.4961 -0.3853 -0.7781
vn -0.4961 -0.3853 -0.7781
vn -0.6326 0.7121 -0.3046
vn -0.6326 0.7121 -0.3046
vn -0.6326 0.7121 -0.3046
vn 0.5716 -0.7982 -0.1901
vn 0.5716 -0.7982 -0.1901
vn 0.5716 -0.7982 -0.1901
vn 0.1243 0.6087 -0.7836
vn 0.1243 0.6087 -0.7836
vn 0.1243 0.6087 -0.7836
vn 0.1243 0.6087 -0.7836
vn -0.1287 0.1692 0.9772
vn -0.1287 0.1692 0.9772
vn -0.1287 0.1692 0.9772
vn -0.1287 0.1692 0.9772
vn 0.0497 0.6970 0.7154
vn 0.0497 0.6970 0.7154
vn 0.0497 0.6970 0.7154
vn 0.0497 0.6970 0.7154
vn -0.0346 0.9990 0.0265
vn -0.0346 0.9990 0.0265
vn -0.0346 0.9990 0.0265
vn -0.0346 0.9990 0.0265
vn -0.1924 0.9135 -0.3584
vn -0.1924 0.9135 -0.3584
vn -0.1924 0.9135 -0.3584
vn -0.1924 0.9135 -0.3584
vn -0.3760 0.8155 0.4400
vn -0.3760 0.8155 0.4400
vn -0.3760 0.8155 0.4400
vn -0.3760 0.8155 0.4400
vn 0.7917 -0.6020 0.1042
vn 0.7917 -0.6020 0.1042
vn 0.7917 -0.6020 0.1042
vn 0.7917 -0.6020 0.1042
vn -0.5820 0.5824 -0.5675
vn -0.5820 0.5824 -0.5675
vn -0.5820 0.5824 -0.5675
vn -0.5820 0.5824 -0.5675
vn -0.4059 -0.7217 -0.5607
vn -0.4059 -0.7217 -0.5607
vn -0.4059 -0.7217 -0.5607
vn -0.4059 -0.7217 -0.5607
vn 0.6086 -0.0211 0.7932
vn 0.6086 -0.0211 0.7932
vn 0.6086 -0.0211 0.7932
vn 0.6086 -0.0211 0.7932
vn 0.0150 -0.4749 0.8799
vn 0.0150 -0.4749 0.8799
vn 0.0150 -0.4749 0.8799
vn 0.0150 -0.4749 0.8799
vn 0.2786 0.3508 0.8941
vn 0.2786 0.3508 0.8941
vn 0.2786 0.3508 0.8941
vn 0.2786 0.3508 0.8941
vn -0.0000 -0.7071 0.7071
vn -0.0000 -0.7071 0.7071
vn -0.0000 -0.7071 0.7071
vn -0.0000 -0.7071 0.7071
vn -0.1361 0.9622 0.2358
vn -0.1361 0.9622 0.2358
vn -0.1361 0.9622 0.2358
vn -0.1361 0.9622 0.2358
vn 0.2563 -0.1372 0.9568
vn 0.2563 -0.1372 0.9568
vn 0.2563 -0.1372 0.9568
vn 0.2563 -0.1372 0.9568
vn -0.0000 0.7071 0.7071
vn -0.0000 0.7071 0.7071
vn -0.0000 0.7071 0.7071
vn -0.0000 0.7071 0.7071
vn -0.4681 0.8747 0.1254
vn -0.4681 0.8747 0.1254
vn -0.4681 0.8747 0.1254
vn -0.4681 0.8747 0.1254
vn 0.8596 -0.1216 0.4963
vn 0.8596 -0.1216 0.4963
vn 0.8596 -0.1216 0.4963
vn 0.8596 -0.1216 0.4963
vn -0.3191 -0.2298 0.9194
vn -0.3191 -0.2298 0.9194
vn -0.3191 -0.2298 0.9194
vn 0.1511 0.3842 0.9108
vn 0.1511 0.3842 0.9108
vn 0.1511 0.3842 0.9108
vn 0.0269 0.8915 -0.4521
vn 0.0269 0.8915 -0.4521
vn 0.0269 0.8915 -0.4521
vn -0.1306 0.8633 0.4875
vn -0.1306 0.8633 0.4875
vn -0.1306 0.8633 0.4875
vn 0.4396 -0.4563 0.7737
vn 0.4396 -0.4563 0.7737
vn 0.4396 -0.4563 0.7737
vn -0.5019 -0.3760 -0.7789
vn -0.5019 -0.3760 -0.7789
vn -0.5019 -0.3760 -0.7789
vn -0.6239 0.7171 -0.3108
vn -0.6239 0.7171 -0.3108
vn -0.6239 0.7171 -0.3108
vn 0.5851 -0.7910 -0.1789
vn 0.5851 -0.7910 -0.1789
vn 0.5851 -0.7910 -0.1789
vn 0.1277 0.6063 -0.7849
vn 0.1277 0.6063 -0.7849
vn 0.1277 0.6063 -0.7849
vn 0.1277 0.6063 -0.7849
vn -0.1437 0.1574 0.9770
vn -0.1437 0.1574 0.9770
vn -0.1437 0.1574 0.9770
vn -0.1437 0.1574 0.9770
vn 0.0506 0.6989 0.7134
vn 0.0506 0.6989 0.7134
vn 0.0506 0.6989 0.7134
vn 0.0506 0.6989 0.7134
vn -0.0318 0.9995 0.0061
vn -0.0318 0.9995 0.0061
vn -0.0318 0.9995 0.0061
vn -0.0318 0.9995 0.0061
vn -0.1892 0.9121 -0.3636
vn -0.1892 0.9121 -0.3636
vn -0.1892 0.9121 -0.3636
vn -0.1892 0.9121 -0.3636
vn -0.3791 0.8156 0.4370
vn -0.3791 0.8156 0.4370
vn -0.3791 0.8156 0.4370
vn -0.3791 0.8156 0.4370
vn 0.7912 -0.6014 0.1112
vn 0.7912 -0.6014 0.1112
vn 0.7912 -0.6014 0.1112
vn 0.7912 -0.6014 0.1112
vn -0.5763 0.5868 -0.5688
vn -0.5763 0.5868 -0.5688
vn -0.5763 0.5868 -0.5688
vn -0.5763 0.5868 -0.5688
vn -0.4163 -0.7163 -0.5600
vn -0.4163 -0.7163 -0.5600
vn -0.4163 -0.7163 -0.5600
vn -0.4163 -0.7163 -0.5600
vn 0.6079 -0.0374 0.7931
vn 0.6079 -0.0374 0.7931
vn 0.6079 -0.0374 0.7931
vn 0.6079 -0.0374 0.7931
vn 0.0133 -0.4775 0.8785
vn 0.0133 -0.4775 0.8785
vn 0.0133 -0.4775 0.8785
vn 0.0133 -0.4775 0.8785
vn 0.2803 0.3458 0.8954
vn 0.2803 0.3458 0.8954
vn 0.2803 0.3458 0.8954
vn 0.2803 0.3458 0.8954
vn -0.0000 -0.7071 0.7071
vn -0.0000 -0.7071 0.7071
vn -0.0000 -0.7071 0.7071
vn -0.0000 -0.7071 0.7071
vn -0.1436 0.9651 0.2190
vn -0.1436 0.9651 0.2190
vn -0.1436 0.9651 0.2190
vn -0.1436 0.9651 0.2190
vn 0.2515 -0.1473 0.9566
vn 0.2515 -0.1473 0.9566
vn 0.2515 -0.1473 0.9566
vn 0.2515 -0.1473 0.9566
vn -0.0000 0.7071 0.7071
vn -0.0000 0.7071 0.7071
vn -0.0000 0.7071 0.7071
vn -0.0000 0.7071 0.7071
vn -0.4653 0.8775 0.1165
vn -0.4653 0.8775 0.1165
vn -0.4653 0.8775 0.1165
vn -0.4653 0.8775 0.1165
vn 0.8580 -0.1306 0.4967
vn 0.8580 -0.1306 0.4967
vn 0.8580 -0.1306 0.4967
vn 0.8580 -0.1306 0.4967
vn -0.3191 -0.2298 0.9194
vn -0.3191 -0.2298 0.9194
vn -0.3191 -0.2298 0.9194
vn 0.1511 0.3842 0.9108
vn 0.1511 0.3842 0.9108
vn 0.1511 0.3842 0.9108
vn 0.0269 0.8915 -0.4521
vn 0.0269 0.8915 -0.4521
vn 0.0269 0.8915 -0.4521
vn -0.1306 0.8633 0.4875
vn -0.1306 0.8633 0.4875
vn -0.1306 0.8633 0.4875
vn 0.4396 -0.4563 0.7737
vn 0.4396 -0.4563 0.7737
vn 0.4396 -0.4563 0.7737
vn -0.5019 -0.3760 -0.7789
vn -0.5019 -0.3760 -0.7789
vn -0.5019 -0.3760 -0.7789
vn -0.6239 0.7171 -0.3108
vn -0.6239 0.7171 -0.3108
vn -0.6239 0.7171 -0.3108
vn 0.5851 -0.7910 -0.1789
vn 0.5851 -0.7910 -0.1789
vn 0.5851 -0.7910 -0.1789
vn 0.1277 0.6063 -0.7849
vn 0.1277 0.6063 -0.7849
vn 0.1277 0.6063 -0.7849
vn 0.1277 0.6063 -0.7849
vn -0.1437 0.1574 0.9770
vn -0.1437 0.1574 0.9770
vn -0.1437 0.1574 0.9770
vn -0.1437 0.1574 0.9770
vn 0.0506 0.6989 0.7134
vn 0.0506 0.6989 0.7134
vn 0.0506 0.6989 0.7134
vn 0.0506 0.6989 0.7134
vn -0.0318 0.9995 0.0061
vn -0.0318 0.9995 0.0061
vn -0.0318 0.9995 0.0061
vn -0.0318 0.9995 0.0061
vn -0.1892 0.9121 -0.3636
vn -0.1892 0.9121 -0.3636
vn -0.1892 0.9121 -0.3636
vn -0.1892 0.9121 -0.3636
vn -0.3791 0.8156 0.4370
vn -0.3791 0.8156 0.4370
vn -0.3791 0.8156 0.4370
vn -0.3791 0.8156 0.4370
vn 0.7912 -0.6014 0.1112
vn 0.7912 -0.6014 0.1112
vn 0.7912 -0.6014 0.1112
vn 0.7912 -0.6014 0.1112
vn -0.5763 0.5868 -0.5688
vn -0.5763 0.5868 -0.5688
vn -0.5763 0.5868 -0.5688
vn -0.5763 0.5868 -0.5688
vn -0.4163 -0.7163 -0.5600
vn -0.4163 -0.7163 -0.5600
vn -0.4163 -0.7163 -0.5600
vn -0.4163 -0.7163 -0.5600
vn 0.6079 -0.0374 0.7931
vn 0.6079 -0.0374 0.7931
vn 0.6079 -0.0374 0.7931
vn 0.6079 -0.0374 0.7931
vn 0.0133 -0.4775 0.8785
vn 0.0133 -0.4775 0.8785
vn 0.0133 -0.4775 0.8785
vn 0.0133 -0.4775 0.8785
vn 0.2803 0.3458 0.8954
vn 0.2803 0.3458 0.8954
vn 0.2803 0.3458 0.8954
vn 0.2803 0.3458 0.8954
vn -0.0000 -0.7071 0.7071
vn -0.0000 -0.7071 0.7071
vn -0.0000 -0.7071 0.7071
vn -0.0000 -0.7071 0.7071
vn -0.1436 0.9651 0.2190
vn -0.1436 0.9651 0.2190
vn -0.1436 0.9651 0.2190
vn -0.1436 0.9651 0.2190
vn 0.2515 -0.1473 0.9566
vn 0.2515 -0.1473 0.9566
vn 0.2515 -0.1473 0.9566
vn 0.2515 -0.1473 0.9566
vn -0.0000 0.7071 0.7071
vn -0.0000 0.7071 0.7071
vn -0.0000 0.7071 0.7071
vn -0.0000 0.7071 0.7071
vn -0.4653 0.8775 0.1165
vn -0.4653 0.8775 0.1165
vn -0.4653 0.8775 0.1165
vn -0.4653 0.8775 0.1165
vn 0.8580 -0.1306 0.4967
vn 0.8580 -0.1306 0.4967
vn 0.8580 -0.1306 0.4967
vn 0.8580 -0.1306 0.4967
vn -0.3191 -0.2298 0.9194
vn -0.3191 -0.2298 0.9194
vn -0.3191 -0.2298 0.9194
vn 0.1511 0.3842 0.9108
vn 0.1511 0.3842 0.9108
vn 0.1511 0.3842 0.9108
vn 0.0269 0.8915 -0.4521
vn 0.0269 0.8915 -0.4521
vn 0.0269 0.8915 -0.4521
vn -0.1306 0.8633 0.4875
vn -0.1306 0.8633 0.4875
vn -0.1306 0.8633 0.4875
vn 0.4396 -0.4563 0.7737
vn 0.4396 -0.4563 0.7737
vn 0.4396 -0.4563 0.7737
vn -0.5019 -0.3760 -0.7789
vn -0.5019 -0.3760 -0.7789
vn -0.5019 -0.3760 -0.7789
vn -0.6239 0.7171 -0.3108
vn -0.6239 0.7171 -0.3108
vn -0.6239 0.7171 -0.3108
vn 0.5851 -0.7910 -0.1789
vn 0.5851 -0.7910 -0.1789
vn 0.5851 -0.7910 -0.1789
vn 0.1277 0.6063 -0.7849
vn 0.1277 0.6063 -0.7849
vn 0.1277 0.6063 -0.7849
vn 0.1277 0.6063 -0.7849
vn -0.1437 0.1574 0.9770
vn -0.1437 0.1574 0.9770
vn -0.1437 0.1574 0.9770
vn -0.1437 0.1574 0.9770
vn 0.0506 0.6989 0.7134
vn 0.0506 0.6989 0.7134
vn 0.0506 0.6989 0.7134
vn 0.0506 0.6989 0.7134
vn -0.0318 0.9995 0.0061
vn -0.0318 0.9995 0.0061
vn -0.0318 0.9995 0.0061
vn -0.0318 0.9995 0.0061
vn -0.1892 0.9121 -0.3636
vn -0.1892 0.9121 -0.3636
vn -0.1892 0.9121 -0.3636
vn -0.1892 0.9121 -0.3636
vn -0.3791 0.8156 0.4370
vn -0.3791 0.8156 0.4370
vn -0.3791 0.8156 0.4370
vn -0.3791 0.8156 0.4370
vn 0.7912 -0.6014 0.1112
vn 0.7912 -0.6014 0.1112
vn 0.7912 -0.6014 0.1112
vn 0.7912 -0.6014 0.1112
vn -0.5763 0.5868 -0.5688
vn -0.5763 0.5868 -0.5688
vn -0.5763 0.5868 -0.5688
vn -0.5763 0.5868 -0.5688
vn -0.4163 -0.7163 -0.5600
vn -0.4163 -0.7163 -0.5600
vn -0.4163 -0.7163 -0.5600
vn -0.4163 -0.7163 -0.5600
vn 0.6079 -0.0374 0.7931
vn 0.6079 -0.0374 0.7931
vn 0.6079 -0.0374 0.7931
vn 0.6079 -0.0374 0.7931
vn 0.0133 -0.4775 0.8785
vn 0.0133 -0.4775 0.8785
vn 0.0133 -0.4775 0.8785
vn 0.0133 -0.4775 0.8785
vn 0.2803 0.3458 0.8954
vn 0.2803 0.3458 0.8954
vn 0.2803 0.3458 0.8954
vn 0.2803 0.3458 0.8954
vn -0.0000 -0.7071 0.7071
vn -0.0000 -0.7071 0.7071
vn -0.0000 -0.7071 0.7071
vn -0.0000 -0.7071 0.7071
vn -0.1436 0.9651 0.2190
vn -0.1436 0.9651 0.2190
vn -0.1436 0.9651 0.2190
vn -0.1436 0.9651 0.2190
vn 0.2515 -0.1473 0.9566
vn 0.2515 -0.1473 0.9566
vn 0.2515 -0.1473 0.9566
vn 0.2515 -0.1473 0.9566
vn -0.0000 0.7071 0.7071
vn -0.0000 0.7071 0.7071
vn -0.0000 0.7071 0.7071
vn -0.0000 0.7071 0.7071
vn -0.4653 0.8775 0.1165
vn -0.4653 0.8775 0.1165
vn -0.4653 0.8775 0.1165
vn -0.4653 0.8775 0.1165
vn 0.8580 -0.1306 0.4967
vn 0.8580 -0.1306 0.4967
vn 0.8580 -0.1306 0.4967
vn 0.8580 -0.1306 0.4967
vn -0.3191 -0.2298 0.9194
vn -0.3191 -0.2298 0.9194
vn -0.3191 -0.2298 0.9194
vn 0.1511 0.3842 0.9108
vn 0.1511 0.3842 0.9108
vn 0.1511 0.3842 0.9108
vn 0.0269 0.8915 -0.4521
vn 0.0269 0.8915 -0.4521
vn 0.0269 0.8915 -0.4521
vn -0.1306 0.8633 0.4875
vn -0.1306 0.8633 0.4875
vn -0.1306 0.8633 0.4875
vn 0.4396 -0.4563 0.7737
vn 0.4396 -0.4563 0.7737
vn 0.4396 -0.4563 0.7737
vn -0.5019 -0.3760 -0.7789
vn -0.5019 -0.3760 -0.7789
vn -0.5019 -0.3760 -0.7789
vn -0.6239 0.7171 -0.3108
vn -0.6239 0.7171 -0.3108
vn -0.6239 0.7171 -0.3108
vn 0.5851 -0.7910 -0.1789
vn 0.5851 -0.7910 -0.1789
vn 0.5851 -0.7910 -0.1789
vn 0.1277 0.6063 -0.7849
vn 0.1277 0.6063 -0.7849
vn 0.1277 0.6063 -0.7849
vn 0.1277 0.6063 -0.7849
vn -0.1437 0.1574 0.9770
vn -0.1437 0.1574 0.9770
vn -0.1437 0.1574 0.9770
vn -0.1437 0.1574 0.9770
vn 0.0506 0.6989 0.7134
vn 0.0506 0.6989 0.7134
vn 0.0506 0.6989 0.7134
vn 0.0506 0.6989 0.7134
vn -0.0318 0.9995 0.0061
vn -0.0318 0.9995 0.0061
vn -0.0318 0.9995 0.0061
vn -0.0318 0.9995 0.0061
vn -0.1892 0.9121 -0.3636
vn -0.1892 0.9121 -0.3636
vn -0.1892 0.9121 -0.3636
vn -0.1892 0.9121 -0.3636
vn -0.3791 0.8156 0.4370
vn -0.3791 0.8156 0.4370
vn -0.3791 0.8156 0.4370
vn -0.3791 0.8156 0.4370
vn 0.7912 -0.6014 0.1112
vn 0.7912 -0.6014 0.1112
vn 0.7912 -0.6014 0.1112
vn 0.7912 -0.6014 0.1112
vn -0.5763 0.5868 -0.5688
vn -0.5763 0.5868 -0.5688
vn -0.5763 0.5868 -0.5688
vn -0.5763 0.5868 -0.5688
vn -0.4163 -0.7163 -0.5600
vn -0.4163 -0.7163 -0.5600
vn -0.4163 -0.7163 -0.5600
vn -0.4163 -0.7163 -0.5600
vn 0.6079 -0.0374 0.7931
vn 0.6079 -0.0374 0.7931
vn 0.6079 -0.0374 0.7931
vn 0.6079 -0.0374 0.7931
vn 0.0133 -0.4775 0.8785
vn 0.0133 -0.4775 0.8785
vn 0.0133 -0.4775 0.8785
vn 0.0133 -0.4775 0.8785
vn 0.2803 0.3458 0.8954
vn 0.2803 0.3458 0.8954
vn 0.2803 0.3458 0.8954
vn 0.2803 0.3458 0.8954
vn -0.0000 -0.7071 0.7071
vn -0.0000 -0.7071 0.7071
vn -0.0000 -0.7071 0.7071
vn -0.0000 -0.7071 0.7071
vn -0.1436 0.9651 0.2190
vn -0.1436 0.9651 0.2190
vn -0.1436 0.9651 0.2190
vn -0.1436 0.9651 0.2190
vn 0.2515 -0.1473 0.9566
vn 0.2515 -0.1473 0.9566
vn 0.2515 -0.1473 0.9566
vn 0.2515 -0.1473 0.9566
vn -0.0000 0.7071 0.7071
vn -0.0000 0.7071 0.7071
vn -0.0000 0.7071 0.7071
vn -0.0000 0.7071 0.7071
vn -0.4653 0.8775 0.1165
vn -0.4653 0.8775 0.1165
vn -0.4653 0.8775 0.1165
vn -0.4653 0.8775 0.1165
vn 0.8580 -0.1306 0.4967
vn 0.8580 -0.1306 0.4967
vn 0.8580 -0.1306 0.4967
vn 0.8580 -0.1306 0.4967
vn -0.1639 -0.0500 0.9852
vn -0.1639 -0.0500 0.9852
vn -0.1639 -0.0500 0.9852
vn 0.0874 0.5841 0.8069
vn 0.0874 0.5841 0.8069
vn 0.0874 0.5841 0.8069
vn 0.1007 0.7114 -0.6955
vn 0.1007 0.7114 -0.6955
vn 0.1007 0.7114 -0.6955
vn -0.1303 0.9645 0.2297
vn -0.1303 0.9645 0.2297
vn -0.1303 0.9645 0.2297
vn 0.5170 -0.1984 0.8327
vn 0.5170 -0.1984 0.8327
vn 0.5170 -0.1984 0.8327
vn -0.3674 -0.6501 -0.6651
vn -0.3674 -0.6501 -0.6651
vn -0.3674 -0.6501 -0.6651
vn -0.4944 0.7041 -0.5098
vn -0.4944 0.7041 -0.5098
vn -0.4944 0.7041 -0.5098
vn 0.7243 -0.6886 -0.0350
vn 0.7243 -0.6886 -0.0350
vn 0.7243 -0.6886 -0.0350
vn -0.4208 -0.1933 0.8863
vn -0.4208 -0.1933 0.8863
vn -0.4208 -0.1933 0.8863
vn -0.4208 -0.1933 0.8863
vn 0.0657 0.3623 0.9297
vn 0.0657 0.3623 0.9297
vn 0.0657 0.3623 0.9297
vn 0.0657 0.3623 0.9297
vn -0.0314 0.8287 0.5588
vn -0.0314 0.8287 0.5588
vn -0.0314 0.8287 0.5588
vn -0.0314 0.8287 0.5588
vn 0.0102 0.9554 -0.2950
vn 0.0102 0.9554 -0.2950
vn 0.0102 0.9554 -0.2950
vn 0.0102 0.9554 -0.2950
vn -0.0434 0.7865 -0.6161
vn -0.0434 0.7865 -0.6161
vn -0.0434 0.7865 -0.6161
vn -0.0434 0.7865 -0.6161
vn -0.4845 0.8396 0.2457
vn -0.4845 0.8396 0.2457
vn -0.4845 0.8396 0.2457
vn -0.4845 0.8396 0.2457
vn -0.7569 0.6089 -0.2373
vn -0.7569 0.6089 -0.2373
vn -0.7569 0.6089 -0.2373
vn -0.7569 0.6089 -0.2373
vn 0.5547 -0.4652 0.6899
vn 0.5547 -0.4652 0.6899
vn 0.5547 -0.4652 0.6899
vn 0.5547 -0.4652 0.6899
vn 0.4900 -0.8517 -0.1856
vn 0.4900 -0.8517 -0.1856
vn 0.4900 -0.8517 -0.1856
vn 0.4900 -0.8517 -0.1856
vn -0.5962 -0.2368 -0.7671
vn -0.5962 -0.2368 -0.7671
vn -0.5962 -0.2368 -0.7671
vn -0.5962 -0.2368 -0.7671
vn 0.1718 -0.2767 0.9455
vn 0.1718 -0.2767 0.9455
vn 0.1718 -0.2767 0.9455
vn 0.1718 -0.2767 0.9455
vn 0.1167 0.6124 0.7819
vn 0.1167 0.6124 0.7819
vn 0.1167 0.6124 0.7819
vn 0.1167 0.6124 0.7819
vn -0.0203 -0.5518 0.8338
vn -0.0203 -0.5518 0.8338
vn -0.0203 -0.5518 0.8338
vn -0.0203 -0.5518 0.8338
vn -0.1361 0.9622 0.2358
vn -0.1361 0.9622 0.2358
vn -0.1361 0.9622 0.2358
vn -0.1361 0.9622 0.2358
vn 0.3146 0.1922 0.9295
vn 0.3146 0.1922 0.9295
vn 0.3146 0.1922 0.9295
vn 0.3146 0.1922 0.9295
vn 0.2645 -0.8042 -0.5322
vn 0.2645 -0.8042 -0.5322
vn 0.2645 -0.8042 -0.5322
vn 0.2645 -0.8042 -0.5322
vn -0.2981 0.9348 -0.1934
vn -0.2981 0.9348 -0.1934
vn -0.2981 0.9348 -0.1934
vn -0.2981 0.9348 -0.1934
vn 0.8596 -0.1216 0.4963
vn 0.8596 -0.1216 0.4963
vn 0.8596 -0.1216 0.4963
vn 0.8596 -0.1216 0.4963
vn -0.2972 -0.3612 0.8839
vn -0.2972 -0.3612 0.8839
vn -0.2972 -0.3612 0.8839
vn 0.1119 0.2391 0.9645
vn 0.1119 0.2391 0.9645
vn 0.1119 0.2391 0.9645
vn -0.0235 0.9722 -0.2330
vn -0.0235 0.9722 -0.2330
vn -0.0235 0.9722 -0.2330
vn -0.0780 0.7788 0.6224
vn -0.0780 0.7788 0.6224
vn -0.0780 0.7788 0.6224
vn 0.4200 -0.5666 0.7089
vn 0.4200 -0.5666 0.7089
vn 0.4200 -0.5666 0.7089
vn 0.5340 0.1970 0.8222
vn 0.5340 0.1970 0.8222
vn 0.5340 0.1970 0.8222
vn -0.7055 0.6879 -0.1706
vn -0.7055 0.6879 -0.1706
vn -0.7055 0.6879 -0.1706
vn 0.2497 -0.8963 -0.3663
vn 0.2497 -0.8963 -0.3663
vn 0.2497 -0.8963 -0.3663
vn 0.0652 0.7604 -0.6462
vn 0.0652 0.7604 -0.6462
vn 0.0652 0.7604 -0.6462
vn 0.0652 0.7604 -0.6462
vn -0.2882 0.0532 0.9561
vn -0.2882 0.0532 0.9561
vn -0.2882 0.0532 0.9561
vn -0.2882 0.0532 0.9561
vn 0.0990 0.5969 0.7962
vn 0.0990 0.5969 0.7962
vn 0.0990 0.5969 0.7962
vn 0.0990 0.5969 0.7962
vn -0.0589 0.9696 0.2374
vn -0.0589 0.9696 0.2374
vn -0.0589 0.9696 0.2374
vn -0.0589 0.9696 0.2374
vn -0.3343 0.9326 -0.1360
vn -0.3343 0.9326 -0.1360
vn -0.3343 0.9326 -0.1360
vn -0.3343 0.9326 -0.1360
vn 0.2218 -0.7964 -0.5627
vn 0.2218 -0.7964 -0.5627
vn 0.2218 -0.7964 -0.5627
vn 0.2218 -0.7964 -0.5627
vn 0.7794 -0.6255 0.0348
vn 0.7794 -0.6255 0.0348
vn 0.7794 -0.6255 0.0348
vn 0.7794 -0.6255 0.0348
vn -0.6368 0.6169 -0.4625
vn -0.6368 0.6169 -0.4625
vn -0.6368 0.6169 -0.4625
vn -0.6368 0.6169 -0.4625
vn -0.5158 -0.5547 -0.6529
vn -0.5158 -0.5547 -0.6529
vn -0.5158 -0.5547 -0.6529
vn -0.5158 -0.5547 -0.6529
vn 0.5944 -0.1912 0.7811
vn 0.5944 -0.1912 0.7811
vn 0.5944 -0.1912 0.7811
vn 0.5944 -0.1912 0.7811
vn -0.0246 -0.5769 0.8165
vn -0.0246 -0.5769 0.8165
vn -0.0246 -0.5769 0.8165
vn -0.0246 -0.5769 0.8165
vn 0.3178 0.1367 0.9382
vn 0.3178 0.1367 0.9382
vn 0.3178 0.1367 0.9382
vn 0.3178 0.1367 0.9382
vn -0.0622 0.8119 -0.5804
vn -0.0622 0.8119 -0.5804
vn -0.0622 0.8119 -0.5804
vn -0.0622 0.8119 -0.5804
vn -0.1361 0.9622 0.2358
vn -0.1361 0.9622 0.2358
vn -0.1361 0.9622 0.2358
vn -0.1361 0.9622 0.2358
vn 0.1411 -0.3167 0.9380
vn 0.1411 -0.3167 0.9380
vn 0.1411 -0.3167 0.9380
vn 0.1411 -0.3167 0.9380
vn 0.1507 0.5749 0.8042
vn 0.1507 0.5749 0.8042
vn 0.1507 0.5749 0.8042
vn 0.1507 0.5749 0.8042
vn -0.4788 0.8318 0.2808
vn -0.4788 0.8318 0.2808
vn -0.4788 0.8318 0.2808
vn -0.4788 0.8318 0.2808
vn 0.8596 -0.1216 0.4963
vn 0.8596 -0.1216 0.4963
vn 0.8596 -0.1216 0.4963
vn 0.8596 -0.1216 0.4963
vn -0.0000 -0.7071 0.7071
vn -0.0000 -0.7071 0.7071
vn -0.0000 -0.7071 0.7071
vn -0.0000 -0.7071 0.7071
vn -0.0000 -0.7071 0.7071
vn 0.7692 -0.6387 0.0205
vn 0.7692 -0.6387 0.0205
vn 0.7692 -0.6387 0.0205
vn 0.5941 0.1464 0.7910
vn 0.5941 0.1464 0.7910
vn 0.5941 0.1464 0.7910
vn 0.0237 0.2743 0.9613
vn 0.0237 0.2743 0.9613
vn 0.0237 0.2743 0.9613
vn -0.0697 0.9687 0.2382
vn -0.0697 0.9687 0.2382
vn -0.0697 0.9687 0.2382
vn -0.0000 -0.7071 0.7071
vn -0.0000 -0.7071 0.7071
vn -0.0000 -0.7071 0.7071
vn -0.0000 -0.7071 0.7071
vn -0.0000 -0.7071 0.7071
vn 0.7692 -0.6387 0.0205
vn 0.7692 -0.6387 0.0205
vn 0.7692 -0.6387 0.0205
vn 0.5941 0.1464 0.7910
vn 0.5941 0.1464 0.7910
vn 0.5941 0.1464 0.7910
vn 0.0237 0.2743 0.9613
vn 0.0237 0.2743 0.9613
vn 0.0237 0.2743 0.9613
vn -0.0697 0.9687 0.2382
vn -0.0697 0.9687 0.2382
vn -0.0697 0.9687 0.2382
f 1033//1033 1035//1035 1034//1034
f 1036//1036 1038//1038 1037//1037
f 1039//1039 1041//1041 1040//1040
f 1042//1042 1044//1044 1043//1043
f 1045//1045 1047//1047 1046//1046
f 1048//1048 1050//1050 1049//1049
f 1051//1051 1053//1053 1052//1052
f 1054//1054 1056//1056 1055//1055
f 1057//1057 1059//1059 1058//1058
f 1057//1057 1058//1058 1060//1060
f 1061//1061 1063//1063 1062//1062
f 1061//1061 1062//1062 1064//1064
f 1065//1065 1067//1067 1066//1066
f 1065//1065 1066//1066 1068//1068
f 1069//1069 1071//1071 1070//1070
f 1069//1069 1070//1070 1072//1072
f 1073//1073 1075//1075 1074//1074
f 1073//1073 1074//1074 1076//1076
f 1077//1077 1079//1079 1078//1078
f 1077//1077 1078//1078 1080//1080
f 1081//1081 1083//1083 1082//1082
f 1081//1081 1082//1082 1084//1084
f 1085//1085 1087//1087 1086//1086
f 1085//1085 1086//1086 1088//1088
f 1089//1089 1091//1091 1090//1090
f 1089//1089 1090//1090 1092//1092
f 1093//1093 1095//1095 1094//1094
f 1093//1093 1094//1094 1096//1096
f 1097//1097 1099//1099 1098//1098
f 1097//1097 1098//1098 1100//1100
f 1101//1101 1103//1103 1102//1102
f 1101//1101 1102//1102 1104//1104
f 1105//1105 1107//1107 1106//1106
f 1105//1105 1106//1106 1108//1108
f 1109//1109 1111//1111 1110//1110
f 1109//1109 1110//1110 1112//1112
f 1113//1113 1115//1115 1114//1114
f 1113//1113 1114//1114 1116//1116
f 1117//1117 1119//1119 1118//1118
f 1117//1117 1118//1118 1120//1120
f 1121//1121 1123//1123 1122//1122
f 1121//1121 1122//1122 1124//1124
f 1125//1125 1127//1127 1126//1126
f 1125//1125 1126//1126 1128//1128
f 1129//1129 1131//1131 1130//1130
f 1132//1132 1134//1134 1133//1133
f 1135//1135 1137//1137 1136//1136
f 1138//1138 1140//1140 1139//1139
f 1141//1141 1143//1143 1142//1142
f 1144//1144 1146//1146 1145//1145
f 1147//1147 1149//1149 1148//1148
f 1150//1150 1152//1152 1151//1151
f 1153//1153 1155//1155 1154//1154
f 1153//1153 1154//1154 1156//1156
f 1157//1157 1159//1159 1158//1158
f 1157//1157 1158//1158 1160//1160
f 1161//1161 1163//1163 1162//1162
f 1161//1161 1162//1162 1164//1164
f 1165//1165 1167//1167 1166//1166
f 1165//1165 1166//1166 1168//1168
f 1169//1169 1171//1171 1170//1170
f 1169//1169 1170//1170 1172//1172
f 1173//1173 1175//1175 1174//1174
f 1173//1173 1174//1174 1176//1176
f 1177//1177 1179//1179 1178//1178
f 1177//1177 1178//1178 1180//1180
f 1181//1181 1183//1183 1182//1182
f 1181//1181 1182//1182 1184//1184
f 1185//1185 1187//1187 1186//1186
f 1185//1185 1186//1186 1188//1188
f 1189//1189 1191//1191 1190//1190
f 1189//1189 1190//1190 1192//1192
f 1193//1193 1195//1195 1194//1194
f 1193//1193 1194//1194 1196//1196
f 1197//1197 1199//1199 1198//1198
f 1197//1197 1198//1198 1200//1200
f 1201//1201 1203//1203 1202//1202
f 1201//1201 1202//1202 1204//1204
f 1205//1205 1207//1207 1206//1206
f 1205//1205 1206//1206 1208//1208
f 1209//1209 1211//1211 1210//1210
f 1209//1209 1210//1210 1212//1212
f 1213//1213 1215//1215 1214//1214
f 1213//1213 1214//1214 1216//1216
f 1217//1217 1219//1219 1218//1218
f 1217//1217 1218//1218 1220//1220
f 1221//1221 1223//1223 1222//1222
f 1221//1221 1222//1222 1224//1224
f 1225//1225 1227//1227 1226//1226
f 1228//1228 1230//1230 1229//1229
f 1231//1231 1233//1233 1232//1232
f 1234//1234 1236//1236 1235//1235
f 1237//1237 1239//1239 1238//1238
f 1240//1240 1242//1242 1241//1241
f 1243//1243 1245//1245 1244//1244
f 1246//1246 1248//1248 1247//1247
f 1249//1249 1251//1251 1250//1250
f 1249//1249 1250//1250 1252//1252
f 1253//1253 1255//1255 1254//1254
f 1253//1253 1254//1254 1256//1256
f 1257//1257 1259//1259 1258//1258
f 1257//1257 1258//1258 1260//1260
f 1261//1261 1263//1263 1262//1262
f 1261//1261 1262//1262 1264//1264
f 1265//1265 1267//1267 1266//1266
f 1265//1265 1266//1266 1268//1268
f 1269//1269 1271//1271 1270//1270
f 1269//1269 1270//1270 1272//1272
f 1273//1273 1275//1275 1274//1274
f 1273//1273 1274//1274 1276//1276
f 1277//1277 1279//1279 1278//1278
f 1277//1277 1278//1278 1280//1280
f 1281//1281 1283//1283 1282//1282
f 1281//1281 1282//1282 1284//1284
f 1285//1285 1287//1287 1286//1286
f 1285//1285 1286//1286 1288//1288
f 1289//1289 1291//1291 1290//1290
f 1289//1289 1290//1290 1292//1292
f 1293//1293 1295//1295 1294//1294
f 1293//1293 1294//1294 1296//1296
f 1297//1297 1299//1299 1298//1298
f 1297//1297 1298//1298 1300//1300
f 1301//1301 1303//1303 1302//1302
f 1301//1301 1302//1302 1304//1304
f 1305//1305 1307//1307 1306//1306
f 1305//1305 1306//1306 1308//1308
f 1309//1309 1311//1311 1310//1310
f 1309//1309 1310//1310 1312//1312
f 1313//1313 1315//1315 1314//1314
f 1313//1313 1314//1314 1316//1316
f 1317//1317 1319//1319 1318//1318
f 1317//1317 1318//1318 1320//1320
f 1321//1321 1323//1323 1322//1322
f 1324//1324 1326//1326 1325//1325
f 1327//1327 1329//1329 1328//1328
f 1330//1330 1332//1332 1331//1331
f 1333//1333 1335//1335 1334//1334
f 1336//1336 1338//1338 1337//1337
f 1339//1339 1341//1341 1340//1340
f 1342//1342 1344//1344 1343//1343
f 1345//1345 1347//1347 1346//1346
f 1345//1345 1346//1346 1348//1348
f 1349//1349 1351//1351 1350//1350
f 1349//1349 1350//1350 1352//1352
f 1353//1353 1355//1355 1354//1354
f 1353//1353 1354//1354 1356//1356
f 1357//1357 1359//1359 1358//1358
f 1357//1357 1358//1358 1360//1360
f 1361//1361 1363//1363 1362//1362
f 1361//1361 1362//1362 1364//1364
f 1365//1365 1367//1367 1366//1366
f 1365//1365 1366//1366 1368//1368
f 1369//1369 1371//1371 1370//1370
f 1369//1369 1370//1370 1372//1372
f 1373//1373 1375//1375 1374//1374
f 1373//1373 1374//1374 1376//1376
f 1377//1377 1379//1379 1378//1378
f 1377//1377 1378//1378 1380//1380
f 1381//1381 1383//1383 1382//1382
f 1381//1381 1382//1382 1384//1384
f 1385//1385 1387//1387 1386//1386
f 1385//1385 1386//1386 1388//1388
f 1389//1389 1391//1391 1390//1390
f 1389//1389 1390//1390 1392//1392
f 1393//1393 1395//1395 1394//1394
f 1393//1393 1394//1394 1396//1396
f 1397//1397 1399//1399 1398//1398
f 1397//1397 1398//1398 1400//1400
f 1401//1401 1403//1403 1402//1402
f 1401//1401 1402//1402 1404//1404
f 1405//1405 1407//1407 1406//1406
f 1405//1405 1406//1406 1408//1408
f 1409//1409 1411//1411 1410//1410
f 1409//1409 1410//1410 1412//1412
f 1413//1413 1415//1415 1414//1414
f 1413//1413 1414//1414 1416//1416
f 937//937 939//939 938//938
f 940//940 942//942 941//941
f 943//943 945//945 944//944
f 946//946 948//948 947//947
f 949//949 951//951 950//950
f 952//952 954//954 953//953
f 955//955 957//957 956//956
f 958//958 960//960 959//959
f 961//961 963//963 962//962
f 961//961 962//962 964//964
f 965//965 967//967 966//966
f 965//965 966//966 968//968
f 969//969 971//971 970//970
f 969//969 970//970 972//972
f 973//973 975//975 974//974
f 973//973 974//974 976//976
f 977//977 979//979 978//978
f 977//977 978//978 980//980
f 981//981 983//983 982//982
f 981//981 982//982 984//984
f 985//985 987//987 986//986
f 985//985 986//986 988//988
f 989//989 991//991 990//990
f 989//989 990//990 992//992
f 993//993 995//995 994//994
f 993//993 994//994 996//996
f 997//997 999//999 998//998
f 997//997 998//998 1000//1000
f 1001//1001 1003//1003 1002//1002
f 1001//1001 1002//1002 1004//1004
f 1005//1005 1007//1007 1006//1006
f 1005//1005 1006//1006 1008//1008
f 1009//1009 1011//1011 1010//1010
f 1009//1009 1010//1010 1012//1012
f 1013//1013 1015//1015 1014//1014
f 1013//1013 1014//1014 1016//1016
f 1017//1017 1019//1019 1018//1018
f 1017//1017 1018//1018 1020//1020
f 1021//1021 1023//1023 1022//1022
f 1021//1021 1022//1022 1024//1024
f 1025//1025 1027//1027 1026//1026
f 1025//1025 1026//1026 1028//1028
f 1029//1029 1031//1031 1030//1030
f 1029//1029 1030//1030 1032//1032
f 1417//1417 1419//1419 1418//1418
f 1420//1420 1422//1422 1421//1421
f 1423//1423 1425//1425 1424//1424
f 1426//1426 1428//1428 1427//1427
f 1429//1429 1431//1431 1430//1430
f 1432//1432 1434//1434 1433//1433
f 1435//1435 1437//1437 1436//1436
f 1438//1438 1440//1440 1439//1439
f 1441//1441 1443//1443 1442//1442
f 1441//1441 1442//1442 1444//1444
f 1445//1445 1447//1447 1446//1446
f 1445//1445 1446//1446 1448//1448
f 1449//1449 1451//1451 1450//1450
f 1449//1449 1450//1450 1452//1452
f 1453//1453 1455//1455 1454//1454
f 1453//1453 1454//1454 1456//1456
f 1457//1457 1459//1459 1458//1458
f 1457//1457 1458//1458 1460//1460
f 1461//1461 1463//1463 1462//1462
f 1461//1461 1462//1462 1464//1464
f 1465//1465 1467//1467 1466//1466
f 1465//1465 1466//1466 1468//1468
f 1469//1469 1471//1471 1470//1470
f 1469//1469 1470//1470 1472//1472
f 1473//1473 1475//1475 1474//1474
f 1473//1473 1474//1474 1476//1476
f 1477//1477 1479//1479 1478//1478
f 1477//1477 1478//1478 1480//1480
f 1481//1481 1483//1483 1482//1482
f 1481//1481 1482//1482 1484//1484
f 1485//1485 1487//1487 1486//1486
f 1485//1485 1486//1486 1488//1488
f 1489//1489 1491//1491 1490//1490
f 1489//1489 1490//1490 1492//1492
f 1493//1493 1495//1495 1494//1494
f 1493//1493 1494//1494 1496//1496
f 1497//1497 1499//1499 1498//1498
f 1497//1497 1498//1498 1500//1500
f 1501//1501 1503//1503 1502//1502
f 1501//1501 1502//1502 1504//1504
f 1505//1505 1507//1507 1506//1506
f 1505//1505 1506//1506 1508//1508
f 1509//1509 1511//1511 1510//1510
f 1509//1509 1510//1510 1512//1512
f 1513//1513 1515//1515 1514//1514
f 1516//1516 1518//1518 1517//1517
f 1519//1519 1521//1521 1520//1520
f 1522//1522 1524//1524 1523//1523
f 1525//1525 1527//1527 1526//1526
f 1528//1528 1530//1530 1529//1529
f 1531//1531 1533//1533 1532//1532
f 1534//1534 1536//1536 1535//1535
f 1537//1537 1539//1539 1538//1538
f 1537//1537 1538//1538 1540//1540
f 1541//1541 1543//1543 1542//1542
f 1541//1541 1542//1542 1544//1544
f 1545//1545 1547//1547 1546//1546
f 1545//1545 1546//1546 1548//1548
f 1549//1549 1551//1551 1550//1550
f 1549//1549 1550//1550 1552//1552
f 1553//1553 1555//1555 1554//1554
f 1553//1553 1554//1554 1556//1556
f 1557//1557 1559//1559 1558//1558
f 1557//1557 1558//1558 1560//1560
f 1561//1561 1563//1563 1562//1562
f 1561//1561 1562//1562 1564//1564
f 1565//1565 1567//1567 1566//1566
f 1565//1565 1566//1566 1568//1568
f 1569//1569 1571//1571 1570//1570
f 1569//1569 1570//1570 1572//1572
f 1573//1573 1575//1575 1574//1574
f 1573//1573 1574//1574 1576//1576
f 1577//1577 1579//1579 1578//1578
f 1577//1577 1578//1578 1580//1580
f 1581//1581 1583//1583 1582//1582
f 1581//1581 1582//1582 1584//1584
f 1585//1585 1587//1587 1586//1586
f 1585//1585 1586//1586 1588//1588
f 1589//1589 1591//1591 1590//1590
f 1589//1589 1590//1590 1592//1592
f 1593//1593 1595//1595 1594//1594
f 1593//1593 1594//1594 1596//1596
f 1597//1597 1599//1599 1598//1598
f 1597//1597 1598//1598 1600//1600
f 1601//1601 1603//1603 1602//1602
f 1601//1601 1602//1602 1604//1604
f 1605//1605 1607//1607 1606//1606
f 1605//1605 1606//1606 1608//1608
f 1609//1609 1611//1611 1610//1610
f 1609//1609 1610//1610 1612//1612
f 1609//1609 1613//1613 1611//1611
f 1609//1609 1612//1612 1613//1613
f 1614//1614 1616//1616 1615//1615
f 1617//1617 1619//1619 1618//1618
f 1620//1620 1622//1622 1621//1621
f 1623//1623 1625//1625 1624//1624
f 1626//1626 1628//1628 1627//1627
f 1626//1626 1627//1627 1629//1629
f 1626//1626 1630//1630 1628//1628
f 1626//1626 1629//1629 1630//1630
f 1631//1631 1633//1633 1632//1632
f 1634//1634 1636//1636 1635//1635
f 1637//1637 1639//1639 1638//1638
f 1640//1640 1642//1642 1641//1641
g core_horse_dark
usemtl horse_dark
v -0.04101 0.22125 0.07468
v -0.08286 0.21623 0.00219
v -0.05038 0.25373 0.05844
v -0.07349 0.18375 0.01843
v -0.07349 0.18375 0.01843
v -0.06337 0.21623 -0.00906
v -0.08286 0.21623 0.00219
v -0.05400 0.18375 0.00718
v -0.05400 0.18375 0.00718
v -0.03090 0.25373 0.04719
v -0.06337 0.21623 -0.00906
v -0.02152 0.22125 0.06343
v -0.02152 0.22125 0.06343
v -0.05038 0.25373 0.05844
v -0.03090 0.25373 0.04719
v -0.04101 0.22125 0.07468
v -0.07349 0.18375 0.01843
v -0.02152 0.22125 0.06343
v -0.05400 0.18375 0.00718
v -0.04101 0.22125 0.07468
v -0.06337 0.21623 -0.00906
v -0.05038 0.25373 0.05844
v -0.08286 0.21623 0.00219
v -0.03090 0.25373 0.04719
v -0.16113 0.08437 -0.13337
v -0.14252 0.17131 -0.11015
v -0.13668 0.16457 -0.10002
v -0.17086 0.09562 -0.15024
v -0.17086 0.09562 -0.15024
v -0.13083 0.17131 -0.11690
v -0.14252 0.17131 -0.11015
v -0.15138 0.09562 -0.16149
v -0.15138 0.09562 -0.16149
v -0.12498 0.16457 -0.10677
v -0.13083 0.17131 -0.11690
v -0.14164 0.08437 -0.14462
v -0.14164 0.08437 -0.14462
v -0.13668 0.16457 -0.10002
v -0.12498 0.16457 -0.10677
v -0.16113 0.08437 -0.13337
v -0.17086 0.09562 -0.15024
v -0.14164 0.08437 -0.14462
v -0.15138 0.09562 -0.16149
v -0.16113 0.08437 -0.13337
v -0.13083 0.17131 -0.11690
v -0.13668 0.16457 -0.10002
v -0.14252 0.17131 -0.11015
v -0.12498 0.16457 -0.10677
v 0.02531 0.22125 0.13899
v 0.09780 0.21623 0.09714
v 0.04155 0.25373 0.12962
v 0.08157 0.18375 0.10652
v 0.08157 0.18375 0.10652
v 0.10905 0.21623 0.11663
v 0.09780 0.21623 0.09714
v 0.09282 0.18375 0.12600
v 0.09282 0.18375 0.12600
v 0.05280 0.25373 0.14910
v 0.10905 0.21623 0.11663
v 0.03656 0.22125 0.15848
v 0.03656 0.22125 0.15848
v 0.04155 0.25373 0.12962
v 0.05280 0.25373 0.14910
v 0.02531 0.22125 0.13899
v 0.08157 0.18375 0.10652
v 0.03656 0.22125 0.15848
v 0.09282 0.18375 0.12600
v 0.02531 0.22125 0.13899
v 0.10905 0.21623 0.11663
v 0.04155 0.25373 0.12962
v 0.09780 0.21623 0.09714
v 0.05280 0.25373 0.14910
v 0.23336 0.08437 0.01887
v 0.21014 0.17131 0.03748
v 0.20002 0.16457 0.04333
v 0.25024 0.09562 0.00913
v 0.25024 0.09562 0.00913
v 0.21689 0.17131 0.04917
v 0.21014 0.17131 0.03748
v 0.26149 0.09562 0.02862
v 0.26149 0.09562 0.02862
v 0.20676 0.16457 0.05502
v 0.21689 0.17131 0.04917
v 0.24461 0.08437 0.03836
v 0.24461 0.08437 0.03836
v 0.20002 0.16457 0.04333
v 0.20676 0.16457 0.05502
v 0.23336 0.08437 0.01887
v 0.25024 0.09562 0.00913
v 0.24461 0.08437 0.03836
v 0.26149 0.09562 0.02862
v 0.23336 0.08437 0.01887
v 0.21689 0.17131 0.04917
v 0.20002 0.16457 0.04333
v 0.21014 0.17131 0.03748
v 0.20676 0.16457 0.05502
v -0.09945 0.00000 0.05446
v -0.10204 0.00300 0.05597
v -0.09795 0.00300 0.05706
v -0.09795 0.01575 0.05706
v -0.10204 0.01575 0.05597
v -0.09945 0.01875 0.05446
v -0.11519 0.00000 0.02718
v -0.11669 0.00300 0.02459
v -0.11779 0.00300 0.02868
v -0.11519 0.01875 0.02718
v -0.11779 0.01575 0.02868
v -0.11669 0.01575 0.02459
v -0.07476 0.00000 0.04022
v -0.07326 0.00300 0.04281
v -0.07217 0.00300 0.03872
v -0.07476 0.01875 0.04022
v -0.07217 0.01575 0.03872
v -0.07326 0.01575 0.04281
v -0.09051 0.00000 0.01294
v -0.08792 0.00300 0.01144
v -0.09201 0.00300 0.01033
v -0.09051 0.01875 0.01294
v -0.09201 0.01575 0.01033
v -0.08792 0.01575 0.01144
v -0.11519 0.00000 0.02718
v -0.10204 0.00300 0.05597
v -0.09945 0.00000 0.05446
v -0.11779 0.00300 0.02868
v -0.09795 0.00300 0.05706
v -0.10204 0.01575 0.05597
v -0.09795 0.01575 0.05706
v -0.10204 0.00300 0.05597
v -0.09945 0.01875 0.05446
v -0.11779 0.01575 0.02868
v -0.11519 0.01875 0.02718
v -0.10204 0.01575 0.05597
v -0.11669 0.01575 0.02459
v -0.11779 0.00300 0.02868
v -0.11669 0.00300 0.02459
v -0.11779 0.01575 0.02868
v -0.09051 0.00000 0.01294
v -0.11669 0.00300 0.02459
v -0.11519 0.00000 0.02718
v -0.09201 0.00300 0.01033
v -0.11519 0.01875 0.02718
v -0.09201 0.01575 0.01033
v -0.09051 0.01875 0.01294
v -0.11669 0.01575 0.02459
v -0.08792 0.01575 0.01144
v -0.09201 0.00300 0.01033
v -0.08792 0.00300 0.01144
v -0.09201 0.01575 0.01033
v -0.07476 0.00000 0.04022
v -0.08792 0.00300 0.01144
v -0.09051 0.00000 0.01294
v -0.07217 0.00300 0.03872
v -0.09051 0.01875 0.01294
v -0.07217 0.01575 0.03872
v -0.07476 0.01875 0.04022
v -0.08792 0.01575 0.01144
v -0.07326 0.01575 0.04281
v -0.07217 0.00300 0.03872
v -0.07326 0.00300 0.04281
v -0.07217 0.01575 0.03872
v -0.09945 0.00000 0.05446
v -0.07326 0.00300 0.04281
v -0.07476 0.00000 0.04022
v -0.09795 0.00300 0.05706
v -0.07476 0.01875 0.04022
v -0.09795 0.01575 0.05706
v -0.09945 0.01875 0.05446
v -0.07326 0.01575 0.04281
v -0.11519 0.00000 0.02718
v -0.07476 0.00000 0.04022
v -0.09051 0.00000 0.01294
v -0.09945 0.00000 0.05446
v -0.10204 0.00300 0.05597
v -0.11779 0.01575 0.02868
v -0.10204 0.01575 0.05597
v -0.11779 0.00300 0.02868
v -0.07326 0.00300 0.04281
v -0.09795 0.01575 0.05706
v -0.07326 0.01575 0.04281
v -0.09795 0.00300 0.05706
v -0.09051 0.01875 0.01294
v -0.09945 0.01875 0.05446
v -0.11519 0.01875 0.02718
v -0.07476 0.01875 0.04022
v -0.11669 0.00300 0.02459
v -0.09201 0.01575 0.01033
v -0.11669 0.01575 0.02459
v -0.09201 0.00300 0.01033
v -0.08792 0.00300 0.01144
v -0.07217 0.01575 0.03872
v -0.08792 0.01575 0.01144
v -0.07217 0.00300 0.03872
v -0.17445 0.00000 -0.07544
v -0.17704 0.00300 -0.07394
v -0.17294 0.00300 -0.07284
v -0.17294 0.01575 -0.07284
v -0.17704 0.01575 -0.07394
v -0.17445 0.01875 -0.07544
v -0.19020 0.00000 -0.10272
v -0.19169 0.00300 -0.10532
v -0.19279 0.00300 -0.10122
v -0.19020 0.01875 -0.10272
v -0.19279 0.01575 -0.10122
v -0.19169 0.01575 -0.10532
v -0.14976 0.00000 -0.08969
v -0.14827 0.00300 -0.08709
v -0.14716 0.00300 -0.09119
v -0.14976 0.01875 -0.08969
v -0.14716 0.01575 -0.09119
v -0.14827 0.01575 -0.08709
v -0.16551 0.00000 -0.11697
v -0.16291 0.00300 -0.11847
v -0.16701 0.00300 -0.11957
v -0.16551 0.01875 -0.11697
v -0.16701 0.01575 -0.11957
v -0.16291 0.01575 -0.11847
v -0.19020 0.00000 -0.10272
v -0.17704 0.00300 -0.07394
v -0.17445 0.00000 -0.07544
v -0.19279 0.00300 -0.10122
v -0.17294 0.00300 -0.07284
v -0.17704 0.01575 -0.07394
v -0.17294 0.01575 -0.07284
v -0.17704 0.00300 -0.07394
v -0.17445 0.01875 -0.07544
v -0.19279 0.01575 -0.10122
v -0.19020 0.01875 -0.10272
v -0.17704 0.01575 -0.07394
v -0.19169 0.01575 -0.10532
v -0.19279 0.00300 -0.10122
v -0.19169 0.00300 -0.10532
v -0.19279 0.01575 -0.10122
v -0.16551 0.00000 -0.11697
v -0.19169 0.00300 -0.10532
v -0.19020 0.00000 -0.10272
v -0.16701 0.00300 -0.11957
v -0.19020 0.01875 -0.10272
v -0.16701 0.01575 -0.11957
v -0.16551 0.01875 -0.11697
v -0.19169 0.01575 -0.10532
v -0.16291 0.01575 -0.11847
v -0.16701 0.00300 -0.11957
v -0.16291 0.00300 -0.11847
v -0.16701 0.01575 -0.11957
v -0.14976 0.00000 -0.08969
v -0.16291 0.00300 -0.11847
v -0.16551 0.00000 -0.11697
v -0.14716 0.00300 -0.09119
v -0.16551 0.01875 -0.11697
v -0.14716 0.01575 -0.09119
v -0.14976 0.01875 -0.08969
v -0.16291 0.01575 -0.11847
v -0.14827 0.01575 -0.08709
v -0.14716 0.00300 -0.09119
v -0.14827 0.00300 -0.08709
v -0.14716 0.01575 -0.09119
v -0.17445 0.00000 -0.07544
v -0.14827 0.00300 -0.08709
v -0.14976 0.00000 -0.08969
v -0.17294 0.00300 -0.07284
v -0.14976 0.01875 -0.08969
v -0.17294 0.01575 -0.07284
v -0.17445 0.01875 -0.07544
v -0.14827 0.01575 -0.08709
v -0.19020 0.00000 -0.10272
v -0.14976 0.00000 -0.08969
v -0.16551 0.00000 -0.11697
v -0.17445 0.00000 -0.07544
v -0.17704 0.00300 -0.07394
v -0.19279 0.01575 -0.10122
v -0.17704 0.01575 -0.07394
v -0.19279 0.00300 -0.10122
v -0.14827 0.00300 -0.08709
v -0.17294 0.01575 -0.07284
v -0.14827 0.01575 -0.08709
v -0.17294 0.00300 -0.07284
v -0.16551 0.01875 -0.11697
v -0.17445 0.01875 -0.07544
v -0.19020 0.01875 -0.10272
v -0.14976 0.01875 -0.08969
v -0.19169 0.00300 -0.10532
v -0.16701 0.01575 -0.11957
v -0.19169 0.01575 -0.10532
v -0.16701 0.00300 -0.11957
v -0.16291 0.00300 -0.11847
v -0.14716 0.01575 -0.09119
v -0.16291 0.01575 -0.11847
v -0.14716 0.00300 -0.09119
v -0.03449 0.00000 0.01697
v -0.03709 0.00300 0.01847
v -0.03300 0.00300 0.01956
v -0.03300 0.01575 0.01956
v -0.03709 0.01575 0.01847
v -0.03449 0.01875 0.01697
v -0.05024 0.00000 -0.01031
v -0.05174 0.00300 -0.01291
v -0.05284 0.00300 -0.00881
v -0.05024 0.01875 -0.01031
v -0.05284 0.01575 -0.00881
v -0.05174 0.01575 -0.01291
v -0.00981 0.00000 0.00271
v -0.00831 0.00300 0.00531
v -0.00722 0.00300 0.00121
v -0.00981 0.01875 0.00271
v -0.00722 0.01575 0.00121
v -0.00831 0.01575 0.00531
v -0.02556 0.00000 -0.02456
v -0.02297 0.00300 -0.02606
v -0.02706 0.00300 -0.02717
v -0.02556 0.01875 -0.02456
v -0.02706 0.01575 -0.02717
v -0.02297 0.01575 -0.02606
v -0.05024 0.00000 -0.01031
v -0.03709 0.00300 0.01847
v -0.03449 0.00000 0.01697
v -0.05284 0.00300 -0.00881
v -0.03300 0.00300 0.01956
v -0.03709 0.01575 0.01847
v -0.03300 0.01575 0.01956
v -0.03709 0.00300 0.01847
v -0.03449 0.01875 0.01697
v -0.05284 0.01575 -0.00881
v -0.05024 0.01875 -0.01031
v -0.03709 0.01575 0.01847
v -0.05174 0.01575 -0.01291
v -0.05284 0.00300 -0.00881
v -0.05174 0.00300 -0.01291
v -0.05284 0.01575 -0.00881
v -0.02556 0.00000 -0.02456
v -0.05174 0.00300 -0.01291
v -0.05024 0.00000 -0.01031
v -0.02706 0.00300 -0.02717
v -0.05024 0.01875 -0.01031
v -0.02706 0.01575 -0.02717
v -0.02556 0.01875 -0.02456
v -0.05174 0.01575 -0.01291
v -0.02297 0.01575 -0.02606
v -0.02706 0.00300 -0.02717
v -0.02297 0.00300 -0.02606
v -0.02706 0.01575 -0.02717
v -0.00981 0.00000 0.00271
v -0.02297 0.00300 -0.02606
v -0.02556 0.00000 -0.02456
v -0.00722 0.00300 0.00121
v -0.02556 0.01875 -0.02456
v -0.00722 0.01575 0.00121
v -0.00981 0.01875 0.00271
v -0.02297 0.01575 -0.02606
v -0.00831 0.01575 0.00531
v -0.00722 0.00300 0.00121
v -0.00831 0.00300 0.00531
v -0.00722 0.01575 0.00121
v -0.03449 0.00000 0.01697
v -0.00831 0.00300 0.00531
v -0.00981 0.00000 0.00271
v -0.03300 0.00300 0.01956
v -0.00981 0.01875 0.00271
v -0.03300 0.01575 0.01956
v -0.03449 0.01875 0.01697
v -0.00831 0.01575 0.00531
v -0.05024 0.00000 -0.01031
v -0.00981 0.00000 0.00271
v -0.02556 0.00000 -0.02456
v -0.03449 0.00000 0.01697
v -0.03709 0.00300 0.01847
v -0.05284 0.01575 -0.00881
v -0.03709 0.01575 0.01847
v -0.05284 0.00300 -0.00881
v -0.00831 0.00300 0.00531
v -0.03300 0.01575 0.01956
v -0.00831 0.01575 0.00531
v -0.03300 0.00300 0.01956
v -0.02556 0.01875 -0.02456
v -0.03449 0.01875 0.01697
v -0.05024 0.01875 -0.01031
v -0.00981 0.01875 0.00271
v -0.05174 0.00300 -0.01291
v -0.02706 0.01575 -0.02717
v -0.05174 0.01575 -0.01291
v -0.02706 0.00300 -0.02717
v -0.02297 0.00300 -0.02606
v -0.00722 0.01575 0.00121
v -0.02297 0.01575 -0.02606
v -0.00722 0.00300 0.00121
v -0.10950 0.00000 -0.11294
v -0.11209 0.00300 -0.11144
v -0.10799 0.00300 -0.11034
v -0.10799 0.01575 -0.11034
v -0.11209 0.01575 -0.11144
v -0.10950 0.01875 -0.11294
v -0.12525 0.00000 -0.14022
v -0.12674 0.00300 -0.14282
v -0.12784 0.00300 -0.13872
v -0.12525 0.01875 -0.14022
v -0.12784 0.01575 -0.13872
v -0.12674 0.01575 -0.14282
v -0.08481 0.00000 -0.12719
v -0.08331 0.00300 -0.12459
v -0.08221 0.00300 -0.12869
v -0.08481 0.01875 -0.12719
v -0.08221 0.01575 -0.12869
v -0.08331 0.01575 -0.12459
v -0.10056 0.00000 -0.15447
v -0.09796 0.00300 -0.15597
v -0.10206 0.00300 -0.15707
v -0.10056 0.01875 -0.15447
v -0.10206 0.01575 -0.15707
v -0.09796 0.01575 -0.15597
v -0.12525 0.00000 -0.14022
v -0.11209 0.00300 -0.11144
v -0.10950 0.00000 -0.11294
v -0.12784 0.00300 -0.13872
v -0.10799 0.00300 -0.11034
v -0.11209 0.01575 -0.11144
v -0.10799 0.01575 -0.11034
v -0.11209 0.00300 -0.11144
v -0.10950 0.01875 -0.11294
v -0.12784 0.01575 -0.13872
v -0.12525 0.01875 -0.14022
v -0.11209 0.01575 -0.11144
v -0.12674 0.01575 -0.14282
v -0.12784 0.00300 -0.13872
v -0.12674 0.00300 -0.14282
v -0.12784 0.01575 -0.13872
v -0.10056 0.00000 -0.15447
v -0.12674 0.00300 -0.14282
v -0.12525 0.00000 -0.14022
v -0.10206 0.00300 -0.15707
v -0.12525 0.01875 -0.14022
v -0.10206 0.01575 -0.15707
v -0.10056 0.01875 -0.15447
v -0.12674 0.01575 -0.14282
v -0.09796 0.01575 -0.15597
v -0.10206 0.00300 -0.15707
v -0.09796 0.00300 -0.15597
v -0.10206 0.01575 -0.15707
v -0.08481 0.00000 -0.12719
v -0.09796 0.00300 -0.15597
v -0.10056 0.00000 -0.15447
v -0.08221 0.00300 -0.12869
v -0.10056 0.01875 -0.15447
v -0.08221 0.01575 -0.12869
v -0.08481 0.01875 -0.12719
v -0.09796 0.01575 -0.15597
v -0.08331 0.01575 -0.12459
v -0.08221 0.00300 -0.12869
v -0.08331 0.00300 -0.12459
v -0.08221 0.01575 -0.12869
v -0.10950 0.00000 -0.11294
v -0.08331 0.00300 -0.12459
v -0.08481 0.00000 -0.12719
v -0.10799 0.00300 -0.11034
v -0.08481 0.01875 -0.12719
v -0.10799 0.01575 -0.11034
v -0.10950 0.01875 -0.11294
v -0.08331 0.01575 -0.12459
v -0.12525 0.00000 -0.14022
v -0.08481 0.00000 -0.12719
v -0.10056 0.00000 -0.15447
v -0.10950 0.00000 -0.11294
v -0.11209 0.00300 -0.11144
v -0.12784 0.01575 -0.13872
v -0.11209 0.01575 -0.11144
v -0.12784 0.00300 -0.13872
v -0.08331 0.00300 -0.12459
v -0.10799 0.01575 -0.11034
v -0.08331 0.01575 -0.12459
v -0.10799 0.00300 -0.11034
v -0.10056 0.01875 -0.15447
v -0.10950 0.01875 -0.11294
v -0.12525 0.01875 -0.14022
v -0.08481 0.01875 -0.12719
v -0.12674 0.00300 -0.14282
v -0.10206 0.01575 -0.15707
v -0.12674 0.01575 -0.14282
v -0.10206 0.00300 -0.15707
v -0.09796 0.00300 -0.15597
v -0.08221 0.01575 -0.12869
v -0.09796 0.01575 -0.15597
v -0.08221 0.00300 -0.12869
v 0.04553 0.00000 0.08056
v 0.04403 0.00300 0.07796
v 0.04293 0.00300 0.08206
v 0.04293 0.01575 0.08206
v 0.04403 0.01575 0.07796
v 0.04553 0.01875 0.08056
v 0.07281 0.00000 0.06481
v 0.07540 0.00300 0.06331
v 0.07131 0.00300 0.06221
v 0.07281 0.01875 0.06481
v 0.07131 0.01575 0.06221
v 0.07540 0.01575 0.06331
v 0.05978 0.00000 0.10524
v 0.05718 0.00300 0.10674
v 0.06128 0.00300 0.10784
v 0.05978 0.01875 0.10524
v 0.06128 0.01575 0.10784
v 0.05718 0.01575 0.10674
v 0.08706 0.00000 0.08949
v 0.08856 0.00300 0.09209
v 0.08966 0.00300 0.08799
v 0.08706 0.01875 0.08949
v 0.08966 0.01575 0.08799
v 0.08856 0.01575 0.09209
v 0.07281 0.00000 0.06481
v 0.04403 0.00300 0.07796
v 0.04553 0.00000 0.08056
v 0.07131 0.00300 0.06221
v 0.04293 0.00300 0.08206
v 0.04403 0.01575 0.07796
v 0.04293 0.01575 0.08206
v 0.04403 0.00300 0.07796
v 0.04553 0.01875 0.08056
v 0.07131 0.01575 0.06221
v 0.07281 0.01875 0.06481
v 0.04403 0.01575 0.07796
v 0.07540 0.01575 0.06331
v 0.07131 0.00300 0.06221
v 0.07540 0.00300 0.06331
v 0.07131 0.01575 0.06221
v 0.08706 0.00000 0.08949
v 0.07540 0.00300 0.06331
v 0.07281 0.00000 0.06481
v 0.08966 0.00300 0.08799
v 0.07281 0.01875 0.06481
v 0.08966 0.01575 0.08799
v 0.08706 0.01875 0.08949
v 0.07540 0.01575 0.06331
v 0.08856 0.01575 0.09209
v 0.08966 0.00300 0.08799
v 0.08856 0.00300 0.09209
v 0.08966 0.01575 0.08799
v 0.05978 0.00000 0.10524
v 0.08856 0.00300 0.09209
v 0.08706 0.00000 0.08949
v 0.06128 0.00300 0.10784
v 0.08706 0.01875 0.08949
v 0.06128 0.01575 0.10784
v 0.05978 0.01875 0.10524
v 0.08856 0.01575 0.09209
v 0.05718 0.01575 0.10674
v 0.06128 0.00300 0.10784
v 0.05718 0.00300 0.10674
v 0.06128 0.01575 0.10784
v 0.04553 0.00000 0.08056
v 0.05718 0.00300 0.10674
v 0.05978 0.00000 0.10524
v 0.04293 0.00300 0.08206
v 0.05978 0.01875 0.10524
v 0.04293 0.01575 0.08206
v 0.04553 0.01875 0.08056
v 0.05718 0.01575 0.10674
v 0.07281 0.00000 0.06481
v 0.05978 0.00000 0.10524
v 0.08706 0.00000 0.08949
v 0.04553 0.00000 0.08056
v 0.04403 0.00300 0.07796
v 0.07131 0.01575 0.06221
v 0.04403 0.01575 0.07796
v 0.07131 0.00300 0.06221
v 0.05718 0.00300 0.10674
v 0.04293 0.01575 0.08206
v 0.05718 0.01575 0.10674
v 0.04293 0.00300 0.08206
v 0.08706 0.01875 0.08949
v 0.04553 0.01875 0.08056
v 0.07281 0.01875 0.06481
v 0.05978 0.01875 0.10524
v 0.07540 0.00300 0.06331
v 0.08966 0.01575 0.08799
v 0.07540 0.01575 0.06331
v 0.08966 0.00300 0.08799
v 0.08856 0.00300 0.09209
v 0.06128 0.01575 0.10784
v 0.08856 0.01575 0.09209
v 0.06128 0.00300 0.10784
v 0.17543 0.00000 0.00556
v 0.17393 0.00300 0.00296
v 0.17284 0.00300 0.00706
v 0.17284 0.01575 0.00706
v 0.17393 0.01575 0.00296
v 0.17543 0.01875 0.00556
v 0.20272 0.00000 -0.01020
v 0.20531 0.00300 -0.01170
v 0.20121 0.00300 -0.01279
v 0.20272 0.01875 -0.01020
v 0.20121 0.01575 -0.01279
v 0.20531 0.01575 -0.01170
v 0.18968 0.00000 0.03024
v 0.18708 0.00300 0.03174
v 0.19118 0.00300 0.03283
v 0.18968 0.01875 0.03024
v 0.19118 0.01575 0.03283
v 0.18708 0.01575 0.03174
v 0.21696 0.00000 0.01449
v 0.21846 0.00300 0.01708
v 0.21956 0.00300 0.01299
v 0.21696 0.01875 0.01449
v 0.21956 0.01575 0.01299
v 0.21846 0.01575 0.01708
v 0.20272 0.00000 -0.01020
v 0.17393 0.00300 0.00296
v 0.17543 0.00000 0.00556
v 0.20121 0.00300 -0.01279
v 0.17284 0.00300 0.00706
v 0.17393 0.01575 0.00296
v 0.17284 0.01575 0.00706
v 0.17393 0.00300 0.00296
v 0.17543 0.01875 0.00556
v 0.20121 0.01575 -0.01279
v 0.20272 0.01875 -0.01020
v 0.17393 0.01575 0.00296
v 0.20531 0.01575 -0.01170
v 0.20121 0.00300 -0.01279
v 0.20531 0.00300 -0.01170
v 0.20121 0.01575 -0.01279
v 0.21696 0.00000 0.01449
v 0.20531 0.00300 -0.01170
v 0.20272 0.00000 -0.01020
v 0.21956 0.00300 0.01299
v 0.20272 0.01875 -0.01020
v 0.21956 0.01575 0.01299
v 0.21696 0.01875 0.01449
v 0.20531 0.01575 -0.01170
v 0.21846 0.01575 0.01708
v 0.21956 0.00300 0.01299
v 0.21846 0.00300 0.01708
v 0.21956 0.01575 0.01299
v 0.18968 0.00000 0.03024
v 0.21846 0.00300 0.01708
v 0.21696 0.00000 0.01449
v 0.19118 0.00300 0.03283
v 0.21696 0.01875 0.01449
v 0.19118 0.01575 0.03283
v 0.18968 0.01875 0.03024
v 0.21846 0.01575 0.01708
v 0.18708 0.01575 0.03174
v 0.19118 0.00300 0.03283
v 0.18708 0.00300 0.03174
v 0.19118 0.01575 0.03283
v 0.17543 0.00000 0.00556
v 0.18708 0.00300 0.03174
v 0.18968 0.00000 0.03024
v 0.17284 0.00300 0.00706
v 0.18968 0.01875 0.03024
v 0.17284 0.01575 0.00706
v 0.17543 0.01875 0.00556
v 0.18708 0.01575 0.03174
v 0.20272 0.00000 -0.01020
v 0.18968 0.00000 0.03024
v 0.21696 0.00000 0.01449
v 0.17543 0.00000 0.00556
v 0.17393 0.00300 0.00296
v 0.20121 0.01575 -0.01279
v 0.17393 0.01575 0.00296
v 0.20121 0.00300 -0.01279
v 0.18708 0.00300 0.03174
v 0.17284 0.01575 0.00706
v 0.18708 0.01575 0.03174
v 0.17284 0.00300 0.00706
v 0.21696 0.01875 0.01449
v 0.17543 0.01875 0.00556
v 0.20272 0.01875 -0.01020
v 0.18968 0.01875 0.03024
v 0.20531 0.00300 -0.01170
v 0.21956 0.01575 0.01299
v 0.20531 0.01575 -0.01170
v 0.21956 0.00300 0.01299
v 0.21846 0.00300 0.01708
v 0.19118 0.01575 0.03283
v 0.21846 0.01575 0.01708
v 0.19118 0.00300 0.03283
v 0.08303 0.00000 0.14551
v 0.08153 0.00300 0.14291
v 0.08043 0.00300 0.14701
v 0.08043 0.01575 0.14701
v 0.08153 0.01575 0.14291
v 0.08303 0.01875 0.14551
v 0.11031 0.00000 0.12976
v 0.11291 0.00300 0.12826
v 0.10881 0.00300 0.12716
v 0.11031 0.01875 0.12976
v 0.10881 0.01575 0.12716
v 0.11291 0.01575 0.12826
v 0.09728 0.00000 0.17019
v 0.09468 0.00300 0.17169
v 0.09878 0.00300 0.17279
v 0.09728 0.01875 0.17019
v 0.09878 0.01575 0.17279
v 0.09468 0.01575 0.17169
v 0.12456 0.00000 0.15444
v 0.12606 0.00300 0.15704
v 0.12716 0.00300 0.15294
v 0.12456 0.01875 0.15444
v 0.12716 0.01575 0.15294
v 0.12606 0.01575 0.15704
v 0.11031 0.00000 0.12976
v 0.08153 0.00300 0.14291
v 0.08303 0.00000 0.14551
v 0.10881 0.00300 0.12716
v 0.08043 0.00300 0.14701
v 0.08153 0.01575 0.14291
v 0.08043 0.01575 0.14701
v 0.08153 0.00300 0.14291
v 0.08303 0.01875 0.14551
v 0.10881 0.01575 0.12716
v 0.11031 0.01875 0.12976
v 0.08153 0.01575 0.14291
v 0.11291 0.01575 0.12826
v 0.10881 0.00300 0.12716
v 0.11291 0.00300 0.12826
v 0.10881 0.01575 0.12716
v 0.12456 0.00000 0.15444
v 0.11291 0.00300 0.12826
v 0.11031 0.00000 0.12976
v 0.12716 0.00300 0.15294
v 0.11031 0.01875 0.12976
v 0.12716 0.01575 0.15294
v 0.12456 0.01875 0.15444
v 0.11291 0.01575 0.12826
v 0.12606 0.01575 0.15704
v 0.12716 0.00300 0.15294
v 0.12606 0.00300 0.15704
v 0.12716 0.01575 0.15294
v 0.09728 0.00000 0.17019
v 0.12606 0.00300 0.15704
v 0.12456 0.00000 0.15444
v 0.09878 0.00300 0.17279
v 0.12456 0.01875 0.15444
v 0.09878 0.01575 0.17279
v 0.09728 0.01875 0.17019
v 0.12606 0.01575 0.15704
v 0.09468 0.01575 0.17169
v 0.09878 0.00300 0.17279
v 0.09468 0.00300 0.17169
v 0.09878 0.01575 0.17279
v 0.08303 0.00000 0.14551
v 0.09468 0.00300 0.17169
v 0.09728 0.00000 0.17019
v 0.08043 0.00300 0.14701
v 0.09728 0.01875 0.17019
v 0.08043 0.01575 0.14701
v 0.08303 0.01875 0.14551
v 0.09468 0.01575 0.17169
v 0.11031 0.00000 0.12976
v 0.09728 0.00000 0.17019
v 0.12456 0.00000 0.15444
v 0.08303 0.00000 0.14551
v 0.08153 0.00300 0.14291
v 0.10881 0.01575 0.12716
v 0.08153 0.01575 0.14291
v 0.10881 0.00300 0.12716
v 0.09468 0.00300 0.17169
v 0.08043 0.01575 0.14701
v 0.09468 0.01575 0.17169
v 0.08043 0.00300 0.14701
v 0.12456 0.01875 0.15444
v 0.08303 0.01875 0.14551
v 0.11031 0.01875 0.12976
v 0.09728 0.01875 0.17019
v 0.11291 0.00300 0.12826
v 0.12716 0.01575 0.15294
v 0.11291 0.01575 0.12826
v 0.12716 0.00300 0.15294
v 0.12606 0.00300 0.15704
v 0.09878 0.01575 0.17279
v 0.12606 0.01575 0.15704
v 0.09878 0.00300 0.17279
v 0.21293 0.00000 0.07051
v 0.21144 0.00300 0.06791
v 0.21033 0.00300 0.07201
v 0.21033 0.01575 0.07201
v 0.21144 0.01575 0.06791
v 0.21293 0.01875 0.07051
v 0.24022 0.00000 0.05476
v 0.24281 0.00300 0.05326
v 0.23871 0.00300 0.05216
v 0.24022 0.01875 0.05476
v 0.23871 0.01575 0.05216
v 0.24281 0.01575 0.05326
v 0.22718 0.00000 0.09519
v 0.22459 0.00300 0.09669
v 0.22868 0.00300 0.09779
v 0.22718 0.01875 0.09519
v 0.22868 0.01575 0.09779
v 0.22459 0.01575 0.09669
v 0.25446 0.00000 0.07944
v 0.25597 0.00300 0.08204
v 0.25706 0.00300 0.07794
v 0.25446 0.01875 0.07944
v 0.25706 0.01575 0.07794
v 0.25597 0.01575 0.08204
v 0.24022 0.00000 0.05476
v 0.21144 0.00300 0.06791
v 0.21293 0.00000 0.07051
v 0.23871 0.00300 0.05216
v 0.21033 0.00300 0.07201
v 0.21144 0.01575 0.06791
v 0.21033 0.01575 0.07201
v 0.21144 0.00300 0.06791
v 0.21293 0.01875 0.07051
v 0.23871 0.01575 0.05216
v 0.24022 0.01875 0.05476
v 0.21144 0.01575 0.06791
v 0.24281 0.01575 0.05326
v 0.23871 0.00300 0.05216
v 0.24281 0.00300 0.05326
v 0.23871 0.01575 0.05216
v 0.25446 0.00000 0.07944
v 0.24281 0.00300 0.05326
v 0.24022 0.00000 0.05476
v 0.25706 0.00300 0.07794
v 0.24022 0.01875 0.05476
v 0.25706 0.01575 0.07794
v 0.25446 0.01875 0.07944
v 0.24281 0.01575 0.05326
v 0.25597 0.01575 0.08204
v 0.25706 0.00300 0.07794
v 0.25597 0.00300 0.08204
v 0.25706 0.01575 0.07794
v 0.22718 0.00000 0.09519
v 0.25597 0.00300 0.08204
v 0.25446 0.00000 0.07944
v 0.22868 0.00300 0.09779
v 0.25446 0.01875 0.07944
v 0.22868 0.01575 0.09779
v 0.22718 0.01875 0.09519
v 0.25597 0.01575 0.08204
v 0.22459 0.01575 0.09669
v 0.22868 0.00300 0.09779
v 0.22459 0.00300 0.09669
v 0.22868 0.01575 0.09779
v 0.21293 0.00000 0.07051
v 0.22459 0.00300 0.09669
v 0.22718 0.00000 0.09519
v 0.21033 0.00300 0.07201
v 0.22718 0.01875 0.09519
v 0.21033 0.01575 0.07201
v 0.21293 0.01875 0.07051
v 0.22459 0.01575 0.09669
v 0.24022 0.00000 0.05476
v 0.22718 0.00000 0.09519
v 0.25446 0.00000 0.07944
v 0.21293 0.00000 0.07051
v 0.21144 0.00300 0.06791
v 0.23871 0.01575 0.05216
v 0.21144 0.01575 0.06791
v 0.23871 0.00300 0.05216
v 0.22459 0.00300 0.09669
v 0.21033 0.01575 0.07201
v 0.22459 0.01575 0.09669
v 0.21033 0.00300 0.07201
v 0.25446 0.01875 0.07944
v 0.21293 0.01875 0.07051
v 0.24022 0.01875 0.05476
v 0.22718 0.01875 0.09519
v 0.24281 0.00300 0.05326
v 0.25706 0.01575 0.07794
v 0.24281 0.01575 0.05326
v 0.25706 0.00300 0.07794
v 0.25597 0.00300 0.08204
v 0.22868 0.01575 0.09779
v 0.25597 0.01575 0.08204
v 0.22868 0.00300 0.09779
vn -0.1361 0.9622 0.2358
vn -0.1361 0.9622 0.2358
vn -0.1361 0.9622 0.2358
vn -0.1361 0.9622 0.2358
vn -0.2981 0.9348 -0.1934
vn -0.2981 0.9348 -0.1934
vn -0.2981 0.9348 -0.1934
vn -0.2981 0.9348 -0.1934
vn 0.8596 -0.1216 0.4963
vn 0.8596 -0.1216 0.4963
vn 0.8596 -0.1216 0.4963
vn 0.8596 -0.1216 0.4963
vn 0.3146 0.1922 0.9295
vn 0.3146 0.1922 0.9295
vn 0.3146 0.1922 0.9295
vn 0.3146 0.1922 0.9295
vn -0.0203 -0.5518 0.8338
vn -0.0203 -0.5518 0.8338
vn -0.0203 -0.5518 0.8338
vn -0.0203 -0.5518 0.8338
vn 0.2645 -0.8042 -0.5322
vn 0.2645 -0.8042 -0.5322
vn 0.2645 -0.8042 -0.5322
vn 0.2645 -0.8042 -0.5322
vn -0.1252 0.9432 0.3078
vn -0.1252 0.9432 0.3078
vn -0.1252 0.9432 0.3078
vn -0.1252 0.9432 0.3078
vn -0.4406 0.8202 0.3648
vn -0.4406 0.8202 0.3648
vn -0.4406 0.8202 0.3648
vn -0.4406 0.8202 0.3648
vn 0.8580 -0.0831 0.5070
vn 0.8580 -0.0831 0.5070
vn 0.8580 -0.0831 0.5070
vn 0.8580 -0.0831 0.5070
vn 0.0989 -0.3683 0.9244
vn 0.0989 -0.3683 0.9244
vn 0.0989 -0.3683 0.9244
vn 0.0989 -0.3683 0.9244
vn -0.1065 0.8591 -0.5006
vn -0.1065 0.8591 -0.5006
vn -0.1065 0.8591 -0.5006
vn -0.1065 0.8591 -0.5006
vn 0.2106 0.4922 0.8446
vn 0.2106 0.4922 0.8446
vn 0.2106 0.4922 0.8446
vn 0.2106 0.4922 0.8446
vn -0.4681 0.8747 0.1254
vn -0.4681 0.8747 0.1254
vn -0.4681 0.8747 0.1254
vn -0.4681 0.8747 0.1254
vn -0.7337 0.4232 -0.5316
vn -0.7337 0.4232 -0.5316
vn -0.7337 0.4232 -0.5316
vn -0.7337 0.4232 -0.5316
vn 0.2563 -0.1372 0.9568
vn 0.2563 -0.1372 0.9568
vn 0.2563 -0.1372 0.9568
vn 0.2563 -0.1372 0.9568
vn 0.0507 0.7813 0.6221
vn 0.0507 0.7813 0.6221
vn 0.0507 0.7813 0.6221
vn 0.0507 0.7813 0.6221
vn 0.1553 0.6012 -0.7839
vn 0.1553 0.6012 -0.7839
vn 0.1553 0.6012 -0.7839
vn 0.1553 0.6012 -0.7839
vn -0.1674 -0.7823 -0.6000
vn -0.1674 -0.7823 -0.6000
vn -0.1674 -0.7823 -0.6000
vn -0.1674 -0.7823 -0.6000
vn -0.4601 0.8752 0.1498
vn -0.4601 0.8752 0.1498
vn -0.4601 0.8752 0.1498
vn -0.4601 0.8752 0.1498
vn 0.7168 0.4446 0.5372
vn 0.7168 0.4446 0.5372
vn 0.7168 0.4446 0.5372
vn 0.7168 0.4446 0.5372
vn 0.2564 -0.1109 0.9602
vn 0.2564 -0.1109 0.9602
vn 0.2564 -0.1109 0.9602
vn 0.2564 -0.1109 0.9602
vn -0.1709 0.8643 -0.4731
vn -0.1709 0.8643 -0.4731
vn -0.1709 0.8643 -0.4731
vn -0.1709 0.8643 -0.4731
vn -0.3653 0.7012 -0.6123
vn -0.3653 0.7012 -0.6123
vn -0.3653 0.7012 -0.6123
vn -0.3653 0.7012 -0.6123
vn 0.0109 0.6577 0.7532
vn 0.0109 0.6577 0.7532
vn 0.0109 0.6577 0.7532
vn 0.0109 0.6577 0.7532
vn -0.3218 -0.2194 0.9211
vn -0.3218 -0.2194 0.9211
vn -0.3218 -0.2194 0.9211
vn 0.1531 0.3886 0.9086
vn 0.1531 0.3886 0.9086
vn 0.1531 0.3886 0.9086
vn 0.0255 0.8959 -0.4436
vn 0.0255 0.8959 -0.4436
vn 0.0255 0.8959 -0.4436
vn -0.1328 0.8584 0.4956
vn -0.1328 0.8584 0.4956
vn -0.1328 0.8584 0.4956
vn 0.4472 -0.4472 0.7746
vn 0.4472 -0.4472 0.7746
vn 0.4472 -0.4472 0.7746
vn -0.4960 -0.3852 -0.7782
vn -0.4960 -0.3852 -0.7782
vn -0.4960 -0.3852 -0.7782
vn -0.6325 0.7121 -0.3046
vn -0.6325 0.7121 -0.3046
vn -0.6325 0.7121 -0.3046
vn 0.5715 -0.7982 -0.1901
vn 0.5715 -0.7982 -0.1901
vn 0.5715 -0.7982 -0.1901
vn 0.1243 0.6087 -0.7836
vn 0.1243 0.6087 -0.7836
vn 0.1243 0.6087 -0.7836
vn 0.1243 0.6087 -0.7836
vn -0.1287 0.1692 0.9772
vn -0.1287 0.1692 0.9772
vn -0.1287 0.1692 0.9772
vn -0.1287 0.1692 0.9772
vn 0.0497 0.6970 0.7154
vn 0.0497 0.6970 0.7154
vn 0.0497 0.6970 0.7154
vn 0.0497 0.6970 0.7154
vn -0.0346 0.9990 0.0265
vn -0.0346 0.9990 0.0265
vn -0.0346 0.9990 0.0265
vn -0.0346 0.9990 0.0265
vn -0.1924 0.9135 -0.3584
vn -0.1924 0.9135 -0.3584
vn -0.1924 0.9135 -0.3584
vn -0.1924 0.9135 -0.3584
vn -0.3760 0.8155 0.4400
vn -0.3760 0.8155 0.4400
vn -0.3760 0.8155 0.4400
vn -0.3760 0.8155 0.4400
vn 0.7917 -0.6020 0.1042
vn 0.7917 -0.6020 0.1042
vn 0.7917 -0.6020 0.1042
vn 0.7917 -0.6020 0.1042
vn -0.5820 0.5824 -0.5675
vn -0.5820 0.5824 -0.5675
vn -0.5820 0.5824 -0.5675
vn -0.5820 0.5824 -0.5675
vn -0.4059 -0.7217 -0.5607
vn -0.4059 -0.7217 -0.5607
vn -0.4059 -0.7217 -0.5607
vn -0.4059 -0.7217 -0.5607
vn 0.6086 -0.0211 0.7932
vn 0.6086 -0.0211 0.7932
vn 0.6086 -0.0211 0.7932
vn 0.6086 -0.0211 0.7932
vn 0.0150 -0.4749 0.8799
vn 0.0150 -0.4749 0.8799
vn 0.0150 -0.4749 0.8799
vn 0.0150 -0.4749 0.8799
vn 0.2786 0.3508 0.8941
vn 0.2786 0.3508 0.8941
vn 0.2786 0.3508 0.8941
vn 0.2786 0.3508 0.8941
vn -0.0000 -0.7071 0.7071
vn -0.0000 -0.7071 0.7071
vn -0.0000 -0.7071 0.7071
vn -0.0000 -0.7071 0.7071
vn -0.1361 0.9622 0.2358
vn -0.1361 0.9622 0.2358
vn -0.1361 0.9622 0.2358
vn -0.1361 0.9622 0.2358
vn 0.2563 -0.1372 0.9568
vn 0.2563 -0.1372 0.9568
vn 0.2563 -0.1372 0.9568
vn 0.2563 -0.1372 0.9568
vn -0.0000 0.7071 0.7071
vn -0.0000 0.7071 0.7071
vn -0.0000 0.7071 0.7071
vn -0.0000 0.7071 0.7071
vn -0.4681 0.8747 0.1254
vn -0.4681 0.8747 0.1254
vn -0.4681 0.8747 0.1254
vn -0.4681 0.8747 0.1254
vn 0.8596 -0.1216 0.4963
vn 0.8596 -0.1216 0.4963
vn 0.8596 -0.1216 0.4963
vn 0.8596 -0.1216 0.4963
vn -0.3217 -0.2194 0.9211
vn -0.3217 -0.2194 0.9211
vn -0.3217 -0.2194 0.9211
vn 0.1531 0.3886 0.9086
vn 0.1531 0.3886 0.9086
vn 0.1531 0.3886 0.9086
vn 0.0255 0.8959 -0.4436
vn 0.0255 0.8959 -0.4436
vn 0.0255 0.8959 -0.4436
vn -0.1328 0.8584 0.4956
vn -0.1328 0.8584 0.4956
vn -0.1328 0.8584 0.4956
vn 0.4472 -0.4472 0.7746
vn 0.4472 -0.4472 0.7746
vn 0.4472 -0.4472 0.7746
vn -0.4960 -0.3852 -0.7782
vn -0.4960 -0.3852 -0.7782
vn -0.4960 -0.3852 -0.7782
vn -0.6325 0.7121 -0.3046
vn -0.6325 0.7121 -0.3046
vn -0.6325 0.7121 -0.3046
vn 0.5715 -0.7982 -0.1901
vn 0.5715 -0.7982 -0.1901
vn 0.5715 -0.7982 -0.1901
vn 0.1243 0.6087 -0.7836
vn 0.1243 0.6087 -0.7836
vn 0.1243 0.6087 -0.7836
vn 0.1243 0.6087 -0.7836
vn -0.1287 0.1692 0.9772
vn -0.1287 0.1692 0.9772
vn -0.1287 0.1692 0.9772
vn -0.1287 0.1692 0.9772
vn 0.0497 0.6970 0.7154
vn 0.0497 0.6970 0.7154
vn 0.0497 0.6970 0.7154
vn 0.0497 0.6970 0.7154
vn -0.0346 0.9990 0.0265
vn -0.0346 0.9990 0.0265
vn -0.0346 0.9990 0.0265
vn -0.0346 0.9990 0.0265
vn -0.1924 0.9135 -0.3584
vn -0.1924 0.9135 -0.3584
vn -0.1924 0.9135 -0.3584
vn -0.1924 0.9135 -0.3584
vn -0.3760 0.8155 0.4400
vn -0.3760 0.8155 0.4400
vn -0.3760 0.8155 0.4400
vn -0.3760 0.8155 0.4400
vn 0.7917 -0.6020 0.1042
vn 0.7917 -0.6020 0.1042
vn 0.7917 -0.6020 0.1042
vn 0.7917 -0.6020 0.1042
vn -0.5820 0.5824 -0.5675
vn -0.5820 0.5824 -0.5675
vn -0.5820 0.5824 -0.5675
vn -0.5820 0.5824 -0.5675
vn -0.4059 -0.7217 -0.5607
vn -0.4059 -0.7217 -0.5607
vn -0.4059 -0.7217 -0.5607
vn -0.4059 -0.7217 -0.5607
vn 0.6086 -0.0211 0.7932
vn 0.6086 -0.0211 0.7932
vn 0.6086 -0.0211 0.7932
vn 0.6086 -0.0211 0.7932
vn 0.0150 -0.4749 0.8799
vn 0.0150 -0.4749 0.8799
vn 0.0150 -0.4749 0.8799
vn 0.0150 -0.4749 0.8799
vn 0.2786 0.3508 0.8941
vn 0.2786 0.3508 0.8941
vn 0.2786 0.3508 0.8941
vn 0.2786 0.3508 0.8941
vn -0.0000 -0.7071 0.7071
vn -0.0000 -0.7071 0.7071
vn -0.0000 -0.7071 0.7071
vn -0.0000 -0.7071 0.7071
vn -0.1361 0.9622 0.2358
vn -0.1361 0.9622 0.2358
vn -0.1361 0.9622 0.2358
vn -0.1361 0.9622 0.2358
vn 0.2563 -0.1372 0.9568
vn 0.2563 -0.1372 0.9568
vn 0.2563 -0.1372 0.9568
vn 0.2563 -0.1372 0.9568
vn -0.0000 0.7071 0.7071
vn -0.0000 0.7071 0.7071
vn -0.0000 0.7071 0.7071
vn -0.0000 0.7071 0.7071
vn -0.4681 0.8747 0.1254
vn -0.4681 0.8747 0.1254
vn -0.4681 0.8747 0.1254
vn -0.4681 0.8747 0.1254
vn 0.8596 -0.1216 0.4963
vn 0.8596 -0.1216 0.4963
vn 0.8596 -0.1216 0.4963
vn 0.8596 -0.1216 0.4963
vn -0.3217 -0.2194 0.9211
vn -0.3217 -0.2194 0.9211
vn -0.3217 -0.2194 0.9211
vn 0.1531 0.3886 0.9086
vn 0.1531 0.3886 0.9086
vn 0.1531 0.3886 0.9086
vn 0.0255 0.8959 -0.4436
vn 0.0255 0.8959 -0.4436
vn 0.0255 0.8959 -0.4436
vn -0.1328 0.8584 0.4956
vn -0.1328 0.8584 0.4956
vn -0.1328 0.8584 0.4956
vn 0.4472 -0.4472 0.7746
vn 0.4472 -0.4472 0.7746
vn 0.4472 -0.4472 0.7746
vn -0.4961 -0.3853 -0.7781
vn -0.4961 -0.3853 -0.7781
vn -0.4961 -0.3853 -0.7781
vn -0.6326 0.7121 -0.3046
vn -0.6326 0.7121 -0.3046
vn -0.6326 0.7121 -0.3046
vn 0.5716 -0.7982 -0.1901
vn 0.5716 -0.7982 -0.1901
vn 0.5716 -0.7982 -0.1901
vn 0.1243 0.6087 -0.7836
vn 0.1243 0.6087 -0.7836
vn 0.1243 0.6087 -0.7836
vn 0.1243 0.6087 -0.7836
vn -0.1287 0.1692 0.9772
vn -0.1287 0.1692 0.9772
vn -0.1287 0.1692 0.9772
vn -0.1287 0.1692 0.9772
vn 0.0497 0.6970 0.7154
vn 0.0497 0.6970 0.7154
vn 0.0497 0.6970 0.7154
vn 0.0497 0.6970 0.7154
vn -0.0346 0.9990 0.0265
vn -0.0346 0.9990 0.0265
vn -0.0346 0.9990 0.0265
vn -0.0346 0.9990 0.0265
vn -0.1924 0.9135 -0.3584
vn -0.1924 0.9135 -0.3584
vn -0.1924 0.9135 -0.3584
vn -0.1924 0.9135 -0.3584
vn -0.3760 0.8155 0.4400
vn -0.3760 0.8155 0.4400
vn -0.3760 0.8155 0.4400
vn -0.3760 0.8155 0.4400
vn 0.7917 -0.6020 0.1042
vn 0.7917 -0.6020 0.1042
vn 0.7917 -0.6020 0.1042
vn 0.7917 -0.6020 0.1042
vn -0.5820 0.5824 -0.5675
vn -0.5820 0.5824 -0.5675
vn -0.5820 0.5824 -0.5675
vn -0.5820 0.5824 -0.5675
vn -0.4059 -0.7217 -0.5607
vn -0.4059 -0.7217 -0.5607
vn -0.4059 -0.7217 -0.5607
vn -0.4059 -0.7217 -0.5607
vn 0.6086 -0.0211 0.7932
vn 0.6086 -0.0211 0.7932
vn 0.6086 -0.0211 0.7932
vn 0.6086 -0.0211 0.7932
vn 0.0150 -0.4749 0.8799
vn 0.0150 -0.4749 0.8799
vn 0.0150 -0.4749 0.8799
vn 0.0150 -0.4749 0.8799
vn 0.2786 0.3508 0.8941
vn 0.2786 0.3508 0.8941
vn 0.2786 0.3508 0.8941
vn 0.2786 0.3508 0.8941
vn -0.0000 -0.7071 0.7071
vn -0.0000 -0.7071 0.7071
vn -0.0000 -0.7071 0.7071
vn -0.0000 -0.7071 0.7071
vn -0.1361 0.9622 0.2358
vn -0.1361 0.9622 0.2358
vn -0.1361 0.9622 0.2358
vn -0.1361 0.9622 0.2358
vn 0.2563 -0.1372 0.9568
vn 0.2563 -0.1372 0.9568
vn 0.2563 -0.1372 0.9568
vn 0.2563 -0.1372 0.9568
vn -0.0000 0.7071 0.7071
vn -0.0000 0.7071 0.7071
vn -0.0000 0.7071 0.7071
vn -0.0000 0.7071 0.7071
vn -0.4681 0.8747 0.1254
vn -0.4681 0.8747 0.1254
vn -0.4681 0.8747 0.1254
vn -0.4681 0.8747 0.1254
vn 0.8596 -0.1216 0.4963
vn 0.8596 -0.1216 0.4963
vn 0.8596 -0.1216 0.4963
vn 0.8596 -0.1216 0.4963
vn -0.3217 -0.2194 0.9211
vn -0.3217 -0.2194 0.9211
vn -0.3217 -0.2194 0.9211
vn 0.1531 0.3885 0.9086
vn 0.1531 0.3885 0.9086
vn 0.1531 0.3885 0.9086
vn 0.0255 0.8959 -0.4436
vn 0.0255 0.8959 -0.4436
vn 0.0255 0.8959 -0.4436
vn -0.1328 0.8583 0.4956
vn -0.1328 0.8583 0.4956
vn -0.1328 0.8583 0.4956
vn 0.4472 -0.4472 0.7746
vn 0.4472 -0.4472 0.7746
vn 0.4472 -0.4472 0.7746
vn -0.4961 -0.3853 -0.7781
vn -0.4961 -0.3853 -0.7781
vn -0.4961 -0.3853 -0.7781
vn -0.6325 0.7121 -0.3046
vn -0.6325 0.7121 -0.3046
vn -0.6325 0.7121 -0.3046
vn 0.5715 -0.7982 -0.1901
vn 0.5715 -0.7982 -0.1901
vn 0.5715 -0.7982 -0.1901
vn 0.1243 0.6087 -0.7836
vn 0.1243 0.6087 -0.7836
vn 0.1243 0.6087 -0.7836
vn 0.1243 0.6087 -0.7836
vn -0.1287 0.1692 0.9772
vn -0.1287 0.1692 0.9772
vn -0.1287 0.1692 0.9772
vn -0.1287 0.1692 0.9772
vn 0.0497 0.6970 0.7154
vn 0.0497 0.6970 0.7154
vn 0.0497 0.6970 0.7154
vn 0.0497 0.6970 0.7154
vn -0.0346 0.9990 0.0265
vn -0.0346 0.9990 0.0265
vn -0.0346 0.9990 0.0265
vn -0.0346 0.9990 0.0265
vn -0.1924 0.9135 -0.3584
vn -0.1924 0.9135 -0.3584
vn -0.1924 0.9135 -0.3584
vn -0.1924 0.9135 -0.3584
vn -0.3760 0.8155 0.4400
vn -0.3760 0.8155 0.4400
vn -0.3760 0.8155 0.4400
vn -0.3760 0.8155 0.4400
vn 0.7917 -0.6020 0.1042
vn 0.7917 -0.6020 0.1042
vn 0.7917 -0.6020 0.1042
vn 0.7917 -0.6020 0.1042
vn -0.5820 0.5824 -0.5675
vn -0.5820 0.5824 -0.5675
vn -0.5820 0.5824 -0.5675
vn -0.5820 0.5824 -0.5675
vn -0.4059 -0.7217 -0.5607
vn -0.4059 -0.7217 -0.5607
vn -0.4059 -0.7217 -0.5607
vn -0.4059 -0.7217 -0.5607
vn 0.6086 -0.0211 0.7932
vn 0.6086 -0.0211 0.7932
vn 0.6086 -0.0211 0.7932
vn 0.6086 -0.0211 0.7932
vn 0.0150 -0.4749 0.8799
vn 0.0150 -0.4749 0.8799
vn 0.0150 -0.4749 0.8799
vn 0.0150 -0.4749 0.8799
vn 0.2786 0.3508 0.8941
vn 0.2786 0.3508 0.8941
vn 0.2786 0.3508 0.8941
vn 0.2786 0.3508 0.8941
vn -0.0000 -0.7071 0.7071
vn -0.0000 -0.7071 0.7071
vn -0.0000 -0.7071 0.7071
vn -0.0000 -0.7071 0.7071
vn -0.1361 0.9622 0.2358
vn -0.1361 0.9622 0.2358
vn -0.1361 0.9622 0.2358
vn -0.1361 0.9622 0.2358
vn 0.2563 -0.1372 0.9568
vn 0.2563 -0.1372 0.9568
vn 0.2563 -0.1372 0.9568
vn 0.2563 -0.1372 0.9568
vn -0.0000 0.7071 0.7071
vn -0.0000 0.7071 0.7071
vn -0.0000 0.7071 0.7071
vn -0.0000 0.7071 0.7071
vn -0.4681 0.8747 0.1254
vn -0.4681 0.8747 0.1254
vn -0.4681 0.8747 0.1254
vn -0.4681 0.8747 0.1254
vn 0.8596 -0.1216 0.4963
vn 0.8596 -0.1216 0.4963
vn 0.8596 -0.1216 0.4963
vn 0.8596 -0.1216 0.4963
vn 0.0255 0.8959 -0.4436
vn 0.0255 0.8959 -0.4436
vn 0.0255 0.8959 -0.4436
vn -0.1328 0.8584 0.4956
vn -0.1328 0.8584 0.4956
vn -0.1328 0.8584 0.4956
vn -0.6325 0.7121 -0.3046
vn -0.6325 0.7121 -0.3046
vn -0.6325 0.7121 -0.3046
vn 0.5715 -0.7982 -0.1901
vn 0.5715 -0.7982 -0.1901
vn 0.5715 -0.7982 -0.1901
vn -0.3217 -0.2194 0.9211
vn -0.3217 -0.2194 0.9211
vn -0.3217 -0.2194 0.9211
vn 0.1531 0.3886 0.9086
vn 0.1531 0.3886 0.9086
vn 0.1531 0.3886 0.9086
vn 0.4472 -0.4472 0.7746
vn 0.4472 -0.4472 0.7746
vn 0.4472 -0.4472 0.7746
vn -0.4961 -0.3853 -0.7781
vn -0.4961 -0.3853 -0.7781
vn -0.4961 -0.3853 -0.7781
vn -0.1924 0.9135 -0.3584
vn -0.1924 0.9135 -0.3584
vn -0.1924 0.9135 -0.3584
vn -0.1924 0.9135 -0.3584
vn -0.0346 0.9990 0.0265
vn -0.0346 0.9990 0.0265
vn -0.0346 0.9990 0.0265
vn -0.0346 0.9990 0.0265
vn -0.3760 0.8155 0.4400
vn -0.3760 0.8155 0.4400
vn -0.3760 0.8155 0.4400
vn -0.3760 0.8155 0.4400
vn 0.7917 -0.6020 0.1042
vn 0.7917 -0.6020 0.1042
vn 0.7917 -0.6020 0.1042
vn 0.7917 -0.6020 0.1042
vn -0.5820 0.5824 -0.5675
vn -0.5820 0.5824 -0.5675
vn -0.5820 0.5824 -0.5675
vn -0.5820 0.5824 -0.5675
vn -0.4059 -0.7217 -0.5607
vn -0.4059 -0.7217 -0.5607
vn -0.4059 -0.7217 -0.5607
vn -0.4059 -0.7217 -0.5607
vn 0.6086 -0.0211 0.7932
vn 0.6086 -0.0211 0.7932
vn 0.6086 -0.0211 0.7932
vn 0.6086 -0.0211 0.7932
vn 0.0150 -0.4749 0.8799
vn 0.0150 -0.4749 0.8799
vn 0.0150 -0.4749 0.8799
vn 0.0150 -0.4749 0.8799
vn 0.2786 0.3508 0.8941
vn 0.2786 0.3508 0.8941
vn 0.2786 0.3508 0.8941
vn 0.2786 0.3508 0.8941
vn -0.1287 0.1692 0.9772
vn -0.1287 0.1692 0.9772
vn -0.1287 0.1692 0.9772
vn -0.1287 0.1692 0.9772
vn 0.1243 0.6087 -0.7836
vn 0.1243 0.6087 -0.7836
vn 0.1243 0.6087 -0.7836
vn 0.1243 0.6087 -0.7836
vn 0.0497 0.6970 0.7154
vn 0.0497 0.6970 0.7154
vn 0.0497 0.6970 0.7154
vn 0.0497 0.6970 0.7154
vn -0.0000 -0.7071 0.7071
vn -0.0000 -0.7071 0.7071
vn -0.0000 -0.7071 0.7071
vn -0.0000 -0.7071 0.7071
vn -0.4681 0.8747 0.1254
vn -0.4681 0.8747 0.1254
vn -0.4681 0.8747 0.1254
vn -0.4681 0.8747 0.1254
vn -0.1361 0.9622 0.2358
vn -0.1361 0.9622 0.2358
vn -0.1361 0.9622 0.2358
vn -0.1361 0.9622 0.2358
vn -0.0000 0.7071 0.7071
vn -0.0000 0.7071 0.7071
vn -0.0000 0.7071 0.7071
vn -0.0000 0.7071 0.7071
vn 0.8596 -0.1216 0.4963
vn 0.8596 -0.1216 0.4963
vn 0.8596 -0.1216 0.4963
vn 0.8596 -0.1216 0.4963
vn 0.2563 -0.1372 0.9568
vn 0.2563 -0.1372 0.9568
vn 0.2563 -0.1372 0.9568
vn 0.2563 -0.1372 0.9568
vn 0.0255 0.8959 -0.4436
vn 0.0255 0.8959 -0.4436
vn 0.0255 0.8959 -0.4436
vn -0.1328 0.8583 0.4956
vn -0.1328 0.8583 0.4956
vn -0.1328 0.8583 0.4956
vn -0.6326 0.7121 -0.3046
vn -0.6326 0.7121 -0.3046
vn -0.6326 0.7121 -0.3046
vn 0.5716 -0.7982 -0.1901
vn 0.5716 -0.7982 -0.1901
vn 0.5716 -0.7982 -0.1901
vn -0.3218 -0.2194 0.9211
vn -0.3218 -0.2194 0.9211
vn -0.3218 -0.2194 0.9211
vn 0.1531 0.3885 0.9086
vn 0.1531 0.3885 0.9086
vn 0.1531 0.3885 0.9086
vn 0.4472 -0.4472 0.7746
vn 0.4472 -0.4472 0.7746
vn 0.4472 -0.4472 0.7746
vn -0.4961 -0.3853 -0.7781
vn -0.4961 -0.3853 -0.7781
vn -0.4961 -0.3853 -0.7781
vn -0.1924 0.9135 -0.3584
vn -0.1924 0.9135 -0.3584
vn -0.1924 0.9135 -0.3584
vn -0.1924 0.9135 -0.3584
vn -0.0346 0.9990 0.0265
vn -0.0346 0.9990 0.0265
vn -0.0346 0.9990 0.0265
vn -0.0346 0.9990 0.0265
vn -0.3760 0.8155 0.4400
vn -0.3760 0.8155 0.4400
vn -0.3760 0.8155 0.4400
vn -0.3760 0.8155 0.4400
vn 0.7917 -0.6020 0.1042
vn 0.7917 -0.6020 0.1042
vn 0.7917 -0.6020 0.1042
vn 0.7917 -0.6020 0.1042
vn -0.5820 0.5824 -0.5675
vn -0.5820 0.5824 -0.5675
vn -0.5820 0.5824 -0.5675
vn -0.5820 0.5824 -0.5675
vn -0.4059 -0.7217 -0.5607
vn -0.4059 -0.7217 -0.5607
vn -0.4059 -0.7217 -0.5607
vn -0.4059 -0.7217 -0.5607
vn 0.6086 -0.0211 0.7932
vn 0.6086 -0.0211 0.7932
vn 0.6086 -0.0211 0.7932
vn 0.6086 -0.0211 0.7932
vn 0.0150 -0.4749 0.8799
vn 0.0150 -0.4749 0.8799
vn 0.0150 -0.4749 0.8799
vn 0.0150 -0.4749 0.8799
vn 0.2786 0.3508 0.8941
vn 0.2786 0.3508 0.8941
vn 0.2786 0.3508 0.8941
vn 0.2786 0.3508 0.8941
vn -0.1287 0.1692 0.9772
vn -0.1287 0.1692 0.9772
vn -0.1287 0.1692 0.9772
vn -0.1287 0.1692 0.9772
vn 0.1243 0.6087 -0.7836
vn 0.1243 0.6087 -0.7836
vn 0.1243 0.6087 -0.7836
vn 0.1243 0.6087 -0.7836
vn 0.0497 0.6970 0.7154
vn 0.0497 0.6970 0.7154
vn 0.0497 0.6970 0.7154
vn 0.0497 0.6970 0.7154
vn -0.0000 -0.7071 0.7071
vn -0.0000 -0.7071 0.7071
vn -0.0000 -0.7071 0.7071
vn -0.0000 -0.7071 0.7071
vn -0.4681 0.8747 0.1254
vn -0.4681 0.8747 0.1254
vn -0.4681 0.8747 0.1254
vn -0.4681 0.8747 0.1254
vn -0.1361 0.9622 0.2358
vn -0.1361 0.9622 0.2358
vn -0.1361 0.9622 0.2358
vn -0.1361 0.9622 0.2358
vn -0.0000 0.7071 0.7071
vn -0.0000 0.7071 0.7071
vn -0.0000 0.7071 0.7071
vn -0.0000 0.7071 0.7071
vn 0.8596 -0.1216 0.4963
vn 0.8596 -0.1216 0.4963
vn 0.8596 -0.1216 0.4963
vn 0.8596 -0.1216 0.4963
vn 0.2563 -0.1372 0.9568
vn 0.2563 -0.1372 0.9568
vn 0.2563 -0.1372 0.9568
vn 0.2563 -0.1372 0.9568
vn 0.0255 0.8959 -0.4436
vn 0.0255 0.8959 -0.4436
vn 0.0255 0.8959 -0.4436
vn -0.1328 0.8584 0.4956
vn -0.1328 0.8584 0.4956
vn -0.1328 0.8584 0.4956
vn -0.6326 0.7121 -0.3046
vn -0.6326 0.7121 -0.3046
vn -0.6326 0.7121 -0.3046
vn 0.5716 -0.7982 -0.1901
vn 0.5716 -0.7982 -0.1901
vn 0.5716 -0.7982 -0.1901
vn -0.3217 -0.2194 0.9211
vn -0.3217 -0.2194 0.9211
vn -0.3217 -0.2194 0.9211
vn 0.1531 0.3886 0.9086
vn 0.1531 0.3886 0.9086
vn 0.1531 0.3886 0.9086
vn 0.4472 -0.4472 0.7746
vn 0.4472 -0.4472 0.7746
vn 0.4472 -0.4472 0.7746
vn -0.4961 -0.3853 -0.7781
vn -0.4961 -0.3853 -0.7781
vn -0.4961 -0.3853 -0.7781
vn -0.1924 0.9135 -0.3584
vn -0.1924 0.9135 -0.3584
vn -0.1924 0.9135 -0.3584
vn -0.1924 0.9135 -0.3584
vn -0.0346 0.9990 0.0265
vn -0.0346 0.9990 0.0265
vn -0.0346 0.9990 0.0265
vn -0.0346 0.9990 0.0265
vn -0.3760 0.8155 0.4400
vn -0.3760 0.8155 0.4400
vn -0.3760 0.8155 0.4400
vn -0.3760 0.8155 0.4400
vn 0.7917 -0.6020 0.1042
vn 0.7917 -0.6020 0.1042
vn 0.7917 -0.6020 0.1042
vn 0.7917 -0.6020 0.1042
vn -0.5820 0.5824 -0.5675
vn -0.5820 0.5824 -0.5675
vn -0.5820 0.5824 -0.5675
vn -0.5820 0.5824 -0.5675
vn -0.4059 -0.7217 -0.5607
vn -0.4059 -0.7217 -0.5607
vn -0.4059 -0.7217 -0.5607
vn -0.4059 -0.7217 -0.5607
vn 0.6086 -0.0211 0.7932
vn 0.6086 -0.0211 0.7932
vn 0.6086 -0.0211 0.7932
vn 0.6086 -0.0211 0.7932
vn 0.0150 -0.4749 0.8799
vn 0.0150 -0.4749 0.8799
vn 0.0150 -0.4749 0.8799
vn 0.0150 -0.4749 0.8799
vn 0.2786 0.3508 0.8941
vn 0.2786 0.3508 0.8941
vn 0.2786 0.3508 0.8941
vn 0.2786 0.3508 0.8941
vn -0.1287 0.1692 0.9772
vn -0.1287 0.1692 0.9772
vn -0.1287 0.1692 0.9772
vn -0.1287 0.1692 0.9772
vn 0.1243 0.6087 -0.7836
vn 0.1243 0.6087 -0.7836
vn 0.1243 0.6087 -0.7836
vn 0.1243 0.6087 -0.7836
vn 0.0497 0.6970 0.7154
vn 0.0497 0.6970 0.7154
vn 0.0497 0.6970 0.7154
vn 0.0497 0.6970 0.7154
vn -0.0000 -0.7071 0.7071
vn -0.0000 -0.7071 0.7071
vn -0.0000 -0.7071 0.7071
vn -0.0000 -0.7071 0.7071
vn -0.4681 0.8747 0.1254
vn -0.4681 0.8747 0.1254
vn -0.4681 0.8747 0.1254
vn -0.4681 0.8747 0.1254
vn -0.1361 0.9622 0.2358
vn -0.1361 0.9622 0.2358
vn -0.1361 0.9622 0.2358
vn -0.1361 0.9622 0.2358
vn -0.0000 0.7071 0.7071
vn -0.0000 0.7071 0.7071
vn -0.0000 0.7071 0.7071
vn -0.0000 0.7071 0.7071
vn 0.8596 -0.1216 0.4963
vn 0.8596 -0.1216 0.4963
vn 0.8596 -0.1216 0.4963
vn 0.8596 -0.1216 0.4963
vn 0.2563 -0.1372 0.9568
vn 0.2563 -0.1372 0.9568
vn 0.2563 -0.1372 0.9568
vn 0.2563 -0.1372 0.9568
vn 0.0255 0.8959 -0.4436
vn 0.0255 0.8959 -0.4436
vn 0.0255 0.8959 -0.4436
vn -0.1328 0.8584 0.4956
vn -0.1328 0.8584 0.4956
vn -0.1328 0.8584 0.4956
vn -0.6326 0.7121 -0.3046
vn -0.6326 0.7121 -0.3046
vn -0.6326 0.7121 -0.3046
vn 0.5716 -0.7982 -0.1901
vn 0.5716 -0.7982 -0.1901
vn 0.5716 -0.7982 -0.1901
vn -0.3217 -0.2194 0.9211
vn -0.3217 -0.2194 0.9211
vn -0.3217 -0.2194 0.9211
vn 0.1531 0.3886 0.9086
vn 0.1531 0.3886 0.9086
vn 0.1531 0.3886 0.9086
vn 0.4472 -0.4472 0.7746
vn 0.4472 -0.4472 0.7746
vn 0.4472 -0.4472 0.7746
vn -0.4961 -0.3853 -0.7781
vn -0.4961 -0.3853 -0.7781
vn -0.4961 -0.3853 -0.7781
vn -0.1924 0.9135 -0.3584
vn -0.1924 0.9135 -0.3584
vn -0.1924 0.9135 -0.3584
vn -0.1924 0.9135 -0.3584
vn -0.0346 0.9990 0.0265
vn -0.0346 0.9990 0.0265
vn -0.0346 0.9990 0.0265
vn -0.0346 0.9990 0.0265
vn -0.3760 0.8155 0.4400
vn -0.3760 0.8155 0.4400
vn -0.3760 0.8155 0.4400
vn -0.3760 0.8155 0.4400
vn 0.7917 -0.6020 0.1042
vn 0.7917 -0.6020 0.1042
vn 0.7917 -0.6020 0.1042
vn 0.7917 -0.6020 0.1042
vn -0.5820 0.5824 -0.5675
vn -0.5820 0.5824 -0.5675
vn -0.5820 0.5824 -0.5675
vn -0.5820 0.5824 -0.5675
vn -0.4059 -0.7217 -0.5607
vn -0.4059 -0.7217 -0.5607
vn -0.4059 -0.7217 -0.5607
vn -0.4059 -0.7217 -0.5607
vn 0.6086 -0.0211 0.7932
vn 0.6086 -0.0211 0.7932
vn 0.6086 -0.0211 0.7932
vn 0.6086 -0.0211 0.7932
vn 0.0150 -0.4749 0.8799
vn 0.0150 -0.4749 0.8799
vn 0.0150 -0.4749 0.8799
vn 0.0150 -0.4749 0.8799
vn 0.2786 0.3508 0.8941
vn 0.2786 0.3508 0.8941
vn 0.2786 0.3508 0.8941
vn 0.2786 0.3508 0.8941
vn -0.1287 0.1692 0.9772
vn -0.1287 0.1692 0.9772
vn -0.1287 0.1692 0.9772
vn -0.1287 0.1692 0.9772
vn 0.1243 0.6087 -0.7836
vn 0.1243 0.6087 -0.7836
vn 0.1243 0.6087 -0.7836
vn 0.1243 0.6087 -0.7836
vn 0.0497 0.6970 0.7154
vn 0.0497 0.6970 0.7154
vn 0.0497 0.6970 0.7154
vn 0.0497 0.6970 0.7154
vn -0.0000 -0.7071 0.7071
vn -0.0000 -0.7071 0.7071
vn -0.0000 -0.7071 0.7071
vn -0.0000 -0.7071 0.7071
vn -0.4681 0.8747 0.1254
vn -0.4681 0.8747 0.1254
vn -0.4681 0.8747 0.1254
vn -0.4681 0.8747 0.1254
vn -0.1361 0.9622 0.2358
vn -0.1361 0.9622 0.2358
vn -0.1361 0.9622 0.2358
vn -0.1361 0.9622 0.2358
vn -0.0000 0.7071 0.7071
vn -0.0000 0.7071 0.7071
vn -0.0000 0.7071 0.7071
vn -0.0000 0.7071 0.7071
vn 0.8596 -0.1216 0.4963
vn 0.8596 -0.1216 0.4963
vn 0.8596 -0.1216 0.4963
vn 0.8596 -0.1216 0.4963
vn 0.2563 -0.1372 0.9568
vn 0.2563 -0.1372 0.9568
vn 0.2563 -0.1372 0.9568
vn 0.2563 -0.1372 0.9568
f 1739//1739 1741//1741 1740//1740
f 1742//1742 1744//1744 1743//1743
f 1745//1745 1747//1747 1746//1746
f 1748//1748 1750//1750 1749//1749
f 1751//1751 1753//1753 1752//1752
f 1754//1754 1756//1756 1755//1755
f 1757//1757 1759//1759 1758//1758
f 1760//1760 1762//1762 1761//1761
f 1763//1763 1765//1765 1764//1764
f 1763//1763 1764//1764 1766//1766
f 1767//1767 1769//1769 1768//1768
f 1767//1767 1768//1768 1770//1770
f 1771//1771 1773//1773 1772//1772
f 1771//1771 1772//1772 1774//1774
f 1775//1775 1777//1777 1776//1776
f 1775//1775 1776//1776 1778//1778
f 1779//1779 1781//1781 1780//1780
f 1779//1779 1780//1780 1782//1782
f 1783//1783 1785//1785 1784//1784
f 1783//1783 1784//1784 1786//1786
f 1787//1787 1789//1789 1788//1788
f 1787//1787 1788//1788 1790//1790
f 1791//1791 1793//1793 1792//1792
f 1791//1791 1792//1792 1794//1794
f 1795//1795 1797//1797 1796//1796
f 1795//1795 1796//1796 1798//1798
f 1799//1799 1801//1801 1800//1800
f 1799//1799 1800//1800 1802//1802
f 1803//1803 1805//1805 1804//1804
f 1803//1803 1804//1804 1806//1806
f 1807//1807 1809//1809 1808//1808
f 1807//1807 1808//1808 1810//1810
f 1811//1811 1813//1813 1812//1812
f 1811//1811 1812//1812 1814//1814
f 1815//1815 1817//1817 1816//1816
f 1815//1815 1816//1816 1818//1818
f 1819//1819 1821//1821 1820//1820
f 1819//1819 1820//1820 1822//1822
f 1823//1823 1825//1825 1824//1824
f 1823//1823 1824//1824 1826//1826
f 1827//1827 1829//1829 1828//1828
f 1827//1827 1828//1828 1830//1830
f 1831//1831 1833//1833 1832//1832
f 1831//1831 1832//1832 1834//1834
f 1835//1835 1837//1837 1836//1836
f 1838//1838 1840//1840 1839//1839
f 1841//1841 1843//1843 1842//1842
f 1844//1844 1846//1846 1845//1845
f 1847//1847 1849//1849 1848//1848
f 1850//1850 1852//1852 1851//1851
f 1853//1853 1855//1855 1854//1854
f 1856//1856 1858//1858 1857//1857
f 1859//1859 1861//1861 1860//1860
f 1859//1859 1860//1860 1862//1862
f 1863//1863 1865//1865 1864//1864
f 1863//1863 1864//1864 1866//1866
f 1867//1867 1869//1869 1868//1868
f 1867//1867 1868//1868 1870//1870
f 1871//1871 1873//1873 1872//1872
f 1871//1871 1872//1872 1874//1874
f 1875//1875 1877//1877 1876//1876
f 1875//1875 1876//1876 1878//1878
f 1879//1879 1881//1881 1880//1880
f 1879//1879 1880//1880 1882//1882
f 1883//1883 1885//1885 1884//1884
f 1883//1883 1884//1884 1886//1886
f 1887//1887 1889//1889 1888//1888
f 1887//1887 1888//1888 1890//1890
f 1891//1891 1893//1893 1892//1892
f 1891//1891 1892//1892 1894//1894
f 1895//1895 1897//1897 1896//1896
f 1895//1895 1896//1896 1898//1898
f 1899//1899 1901//1901 1900//1900
f 1899//1899 1900//1900 1902//1902
f 1903//1903 1905//1905 1904//1904
f 1903//1903 1904//1904 1906//1906
f 1907//1907 1909//1909 1908//1908
f 1907//1907 1908//1908 1910//1910
f 1911//1911 1913//1913 1912//1912
f 1911//1911 1912//1912 1914//1914
f 1915//1915 1917//1917 1916//1916
f 1915//1915 1916//1916 1918//1918
f 1919//1919 1921//1921 1920//1920
f 1919//1919 1920//1920 1922//1922
f 1923//1923 1925//1925 1924//1924
f 1923//1923 1924//1924 1926//1926
f 1927//1927 1929//1929 1928//1928
f 1927//1927 1928//1928 1930//1930
f 1931//1931 1933//1933 1932//1932
f 1934//1934 1936//1936 1935//1935
f 1937//1937 1939//1939 1938//1938
f 1940//1940 1942//1942 1941//1941
f 1943//1943 1945//1945 1944//1944
f 1946//1946 1948//1948 1947//1947
f 1949//1949 1951//1951 1950//1950
f 1952//1952 1954//1954 1953//1953
f 1955//1955 1957//1957 1956//1956
f 1955//1955 1956//1956 1958//1958
f 1959//1959 1961//1961 1960//1960
f 1959//1959 1960//1960 1962//1962
f 1963//1963 1965//1965 1964//1964
f 1963//1963 1964//1964 1966//1966
f 1967//1967 1969//1969 1968//1968
f 1967//1967 1968//1968 1970//1970
f 1971//1971 1973//1973 1972//1972
f 1971//1971 1972//1972 1974//1974
f 1975//1975 1977//1977 1976//1976
f 1975//1975 1976//1976 1978//1978
f 1979//1979 1981//1981 1980//1980
f 1979//1979 1980//1980 1982//1982
f 1983//1983 1985//1985 1984//1984
f 1983//1983 1984//1984 1986//1986
f 1987//1987 1989//1989 1988//1988
f 1987//1987 1988//1988 1990//1990
f 1991//1991 1993//1993 1992//1992
f 1991//1991 1992//1992 1994//1994
f 1995//1995 1997//1997 1996//1996
f 1995//1995 1996//1996 1998//1998
f 1999//1999 2001//2001 2000//2000
f 1999//1999 2000//2000 2002//2002
f 2003//2003 2005//2005 2004//2004
f 2003//2003 2004//2004 2006//2006
f 2007//2007 2009//2009 2008//2008
f 2007//2007 2008//2008 2010//2010
f 2011//2011 2013//2013 2012//2012
f 2011//2011 2012//2012 2014//2014
f 2015//2015 2017//2017 2016//2016
f 2015//2015 2016//2016 2018//2018
f 2019//2019 2021//2021 2020//2020
f 2019//2019 2020//2020 2022//2022
f 2023//2023 2025//2025 2024//2024
f 2023//2023 2024//2024 2026//2026
f 2027//2027 2029//2029 2028//2028
f 2030//2030 2032//2032 2031//2031
f 2033//2033 2035//2035 2034//2034
f 2036//2036 2038//2038 2037//2037
f 2039//2039 2041//2041 2040//2040
f 2042//2042 2044//2044 2043//2043
f 2045//2045 2047//2047 2046//2046
f 2048//2048 2050//2050 2049//2049
f 2051//2051 2053//2053 2052//2052
f 2051//2051 2052//2052 2054//2054
f 2055//2055 2057//2057 2056//2056
f 2055//2055 2056//2056 2058//2058
f 2059//2059 2061//2061 2060//2060
f 2059//2059 2060//2060 2062//2062
f 2063//2063 2065//2065 2064//2064
f 2063//2063 2064//2064 2066//2066
f 2067//2067 2069//2069 2068//2068
f 2067//2067 2068//2068 2070//2070
f 2071//2071 2073//2073 2072//2072
f 2071//2071 2072//2072 2074//2074
f 2075//2075 2077//2077 2076//2076
f 2075//2075 2076//2076 2078//2078
f 2079//2079 2081//2081 2080//2080
f 2079//2079 2080//2080 2082//2082
f 2083//2083 2085//2085 2084//2084
f 2083//2083 2084//2084 2086//2086
f 2087//2087 2089//2089 2088//2088
f 2087//2087 2088//2088 2090//2090
f 2091//2091 2093//2093 2092//2092
f 2091//2091 2092//2092 2094//2094
f 2095//2095 2097//2097 2096//2096
f 2095//2095 2096//2096 2098//2098
f 2099//2099 2101//2101 2100//2100
f 2099//2099 2100//2100 2102//2102
f 2103//2103 2105//2105 2104//2104
f 2103//2103 2104//2104 2106//2106
f 2107//2107 2109//2109 2108//2108
f 2107//2107 2108//2108 2110//2110
f 2111//2111 2113//2113 2112//2112
f 2111//2111 2112//2112 2114//2114
f 2115//2115 2117//2117 2116//2116
f 2115//2115 2116//2116 2118//2118
f 2119//2119 2121//2121 2120//2120
f 2119//2119 2120//2120 2122//2122
f 1643//1643 1645//1645 1644//1644
f 1643//1643 1644//1644 1646//1646
f 1647//1647 1649//1649 1648//1648
f 1647//1647 1648//1648 1650//1650
f 1651//1651 1653//1653 1652//1652
f 1651//1651 1652//1652 1654//1654
f 1655//1655 1657//1657 1656//1656
f 1655//1655 1656//1656 1658//1658
f 1659//1659 1661//1661 1660//1660
f 1659//1659 1660//1660 1662//1662
f 1663//1663 1665//1665 1664//1664
f 1663//1663 1664//1664 1666//1666
f 1667//1667 1669//1669 1668//1668
f 1667//1667 1668//1668 1670//1670
f 1671//1671 1673//1673 1672//1672
f 1671//1671 1672//1672 1674//1674
f 1675//1675 1677//1677 1676//1676
f 1675//1675 1676//1676 1678//1678
f 1679//1679 1681//1681 1680//1680
f 1679//1679 1680//1680 1682//1682
f 1683//1683 1685//1685 1684//1684
f 1683//1683 1684//1684 1686//1686
f 1687//1687 1689//1689 1688//1688
f 1687//1687 1688//1688 1690//1690
f 2123//2123 2125//2125 2124//2124
f 2126//2126 2128//2128 2127//2127
f 2129//2129 2131//2131 2130//2130
f 2132//2132 2134//2134 2133//2133
f 2135//2135 2137//2137 2136//2136
f 2138//2138 2140//2140 2139//2139
f 2141//2141 2143//2143 2142//2142
f 2144//2144 2146//2146 2145//2145
f 2147//2147 2149//2149 2148//2148
f 2147//2147 2148//2148 2150//2150
f 2151//2151 2153//2153 2152//2152
f 2151//2151 2152//2152 2154//2154
f 2155//2155 2157//2157 2156//2156
f 2155//2155 2156//2156 2158//2158
f 2159//2159 2161//2161 2160//2160
f 2159//2159 2160//2160 2162//2162
f 2163//2163 2165//2165 2164//2164
f 2163//2163 2164//2164 2166//2166
f 2167//2167 2169//2169 2168//2168
f 2167//2167 2168//2168 2170//2170
f 2171//2171 2173//2173 2172//2172
f 2171//2171 2172//2172 2174//2174
f 2175//2175 2177//2177 2176//2176
f 2175//2175 2176//2176 2178//2178
f 2179//2179 2181//2181 2180//2180
f 2179//2179 2180//2180 2182//2182
f 2183//2183 2185//2185 2184//2184
f 2183//2183 2184//2184 2186//2186
f 2187//2187 2189//2189 2188//2188
f 2187//2187 2188//2188 2190//2190
f 2191//2191 2193//2193 2192//2192
f 2191//2191 2192//2192 2194//2194
f 2195//2195 2197//2197 2196//2196
f 2195//2195 2196//2196 2198//2198
f 2199//2199 2201//2201 2200//2200
f 2199//2199 2200//2200 2202//2202
f 2203//2203 2205//2205 2204//2204
f 2203//2203 2204//2204 2206//2206
f 2207//2207 2209//2209 2208//2208
f 2207//2207 2208//2208 2210//2210
f 2211//2211 2213//2213 2212//2212
f 2211//2211 2212//2212 2214//2214
f 2215//2215 2217//2217 2216//2216
f 2215//2215 2216//2216 2218//2218
f 2219//2219 2221//2221 2220//2220
f 2222//2222 2224//2224 2223//2223
f 2225//2225 2227//2227 2226//2226
f 2228//2228 2230//2230 2229//2229
f 2231//2231 2233//2233 2232//2232
f 2234//2234 2236//2236 2235//2235
f 2237//2237 2239//2239 2238//2238
f 2240//2240 2242//2242 2241//2241
f 2243//2243 2245//2245 2244//2244
f 2243//2243 2244//2244 2246//2246
f 2247//2247 2249//2249 2248//2248
f 2247//2247 2248//2248 2250//2250
f 2251//2251 2253//2253 2252//2252
f 2251//2251 2252//2252 2254//2254
f 2255//2255 2257//2257 2256//2256
f 2255//2255 2256//2256 2258//2258
f 2259//2259 2261//2261 2260//2260
f 2259//2259 2260//2260 2262//2262
f 2263//2263 2265//2265 2264//2264
f 2263//2263 2264//2264 2266//2266
f 2267//2267 2269//2269 2268//2268
f 2267//2267 2268//2268 2270//2270
f 2271//2271 2273//2273 2272//2272
f 2271//2271 2272//2272 2274//2274
f 2275//2275 2277//2277 2276//2276
f 2275//2275 2276//2276 2278//2278
f 2279//2279 2281//2281 2280//2280
f 2279//2279 2280//2280 2282//2282
f 2283//2283 2285//2285 2284//2284
f 2283//2283 2284//2284 2286//2286
f 2287//2287 2289//2289 2288//2288
f 2287//2287 2288//2288 2290//2290
f 2291//2291 2293//2293 2292//2292
f 2291//2291 2292//2292 2294//2294
f 2295//2295 2297//2297 2296//2296
f 2295//2295 2296//2296 2298//2298
f 2299//2299 2301//2301 2300//2300
f 2299//2299 2300//2300 2302//2302
f 2303//2303 2305//2305 2304//2304
f 2303//2303 2304//2304 2306//2306
f 2307//2307 2309//2309 2308//2308
f 2307//2307 2308//2308 2310//2310
f 2311//2311 2313//2313 2312//2312
f 2311//2311 2312//2312 2314//2314
f 2315//2315 2317//2317 2316//2316
f 2318//2318 2320//2320 2319//2319
f 2321//2321 2323//2323 2322//2322
f 2324//2324 2326//2326 2325//2325
f 2327//2327 2329//2329 2328//2328
f 2330//2330 2332//2332 2331//2331
f 2333//2333 2335//2335 2334//2334
f 2336//2336 2338//2338 2337//2337
f 2339//2339 2341//2341 2340//2340
f 2339//2339 2340//2340 2342//2342
f 2343//2343 2345//2345 2344//2344
f 2343//2343 2344//2344 2346//2346
f 2347//2347 2349//2349 2348//2348
f 2347//2347 2348//2348 2350//2350
f 2351//2351 2353//2353 2352//2352
f 2351//2351 2352//2352 2354//2354
f 2355//2355 2357//2357 2356//2356
f 2355//2355 2356//2356 2358//2358
f 2359//2359 2361//2361 2360//2360
f 2359//2359 2360//2360 2362//2362
f 2363//2363 2365//2365 2364//2364
f 2363//2363 2364//2364 2366//2366
f 2367//2367 2369//2369 2368//2368
f 2367//2367 2368//2368 2370//2370
f 2371//2371 2373//2373 2372//2372
f 2371//2371 2372//2372 2374//2374
f 2375//2375 2377//2377 2376//2376
f 2375//2375 2376//2376 2378//2378
f 2379//2379 2381//2381 2380//2380
f 2379//2379 2380//2380 2382//2382
f 2383//2383 2385//2385 2384//2384
f 2383//2383 2384//2384 2386//2386
f 2387//2387 2389//2389 2388//2388
f 2387//2387 2388//2388 2390//2390
f 2391//2391 2393//2393 2392//2392
f 2391//2391 2392//2392 2394//2394
f 2395//2395 2397//2397 2396//2396
f 2395//2395 2396//2396 2398//2398
f 2399//2399 2401//2401 2400//2400
f 2399//2399 2400//2400 2402//2402
f 2403//2403 2405//2405 2404//2404
f 2403//2403 2404//2404 2406//2406
f 2407//2407 2409//2409 2408//2408
f 2407//2407 2408//2408 2410//2410
f 2411//2411 2413//2413 2412//2412
f 2414//2414 2416//2416 2415//2415
f 2417//2417 2419//2419 2418//2418
f 2420//2420 2422//2422 2421//2421
f 2423//2423 2425//2425 2424//2424
f 2426//2426 2428//2428 2427//2427
f 2429//2429 2431//2431 2430//2430
f 2432//2432 2434//2434 2433//2433
f 2435//2435 2437//2437 2436//2436
f 2435//2435 2436//2436 2438//2438
f 2439//2439 2441//2441 2440//2440
f 2439//2439 2440//2440 2442//2442
f 2443//2443 2445//2445 2444//2444
f 2443//2443 2444//2444 2446//2446
f 2447//2447 2449//2449 2448//2448
f 2447//2447 2448//2448 2450//2450
f 2451//2451 2453//2453 2452//2452
f 2451//2451 2452//2452 2454//2454
f 2455//2455 2457//2457 2456//2456
f 2455//2455 2456//2456 2458//2458
f 2459//2459 2461//2461 2460//2460
f 2459//2459 2460//2460 2462//2462
f 2463//2463 2465//2465 2464//2464
f 2463//2463 2464//2464 2466//2466
f 2467//2467 2469//2469 2468//2468
f 2467//2467 2468//2468 2470//2470
f 2471//2471 2473//2473 2472//2472
f 2471//2471 2472//2472 2474//2474
f 2475//2475 2477//2477 2476//2476
f 2475//2475 2476//2476 2478//2478
f 2479//2479 2481//2481 2480//2480
f 2479//2479 2480//2480 2482//2482
f 2483//2483 2485//2485 2484//2484
f 2483//2483 2484//2484 2486//2486
f 2487//2487 2489//2489 2488//2488
f 2487//2487 2488//2488 2490//2490
f 2491//2491 2493//2493 2492//2492
f 2491//2491 2492//2492 2494//2494
f 2495//2495 2497//2497 2496//2496
f 2495//2495 2496//2496 2498//2498
f 2499//2499 2501//2501 2500//2500
f 2499//2499 2500//2500 2502//2502
f 2503//2503 2505//2505 2504//2504
f 2503//2503 2504//2504 2506//2506
f 1691//1691 1693//1693 1692//1692
f 1691//1691 1692//1692 1694//1694
f 1695//1695 1697//1697 1696//1696
f 1695//1695 1696//1696 1698//1698
f 1699//1699 1701//1701 1700//1700
f 1699//1699 1700//1700 1702//1702
f 1703//1703 1705//1705 1704//1704
f 1703//1703 1704//1704 1706//1706
f 1707//1707 1709//1709 1708//1708
f 1707//1707 1708//1708 1710//1710
f 1711//1711 1713//1713 1712//1712
f 1711//1711 1712//1712 1714//1714
f 1715//1715 1717//1717 1716//1716
f 1715//1715 1716//1716 1718//1718
f 1719//1719 1721//1721 1720//1720
f 1719//1719 1720//1720 1722//1722
f 1723//1723 1725//1725 1724//1724
f 1723//1723 1724//1724 1726//1726
f 1727//1727 1729//1729 1728//1728
f 1727//1727 1728//1728 1730//1730
f 1731//1731 1733//1733 1732//1732
f 1731//1731 1732//1732 1734//1734
f 1735//1735 1737//1737 1736//1736
f 1735//1735 1736//1736 1738//1738
g core_black
usemtl black
v -0.03513 0.21375 0.12386
v -0.03813 0.22125 0.11866
v -0.03513 0.22125 0.12386
v -0.03813 0.21375 0.11866
v -0.03813 0.21375 0.11866
v -0.03164 0.22125 0.11491
v -0.03813 0.22125 0.11866
v -0.03164 0.21375 0.11491
v -0.03164 0.21375 0.11491
v -0.02864 0.22125 0.12011
v -0.03164 0.22125 0.11491
v -0.02864 0.21375 0.12011
v -0.02864 0.21375 0.12011
v -0.03513 0.22125 0.12386
v -0.02864 0.22125 0.12011
v -0.03513 0.21375 0.12386
v -0.03813 0.21375 0.11866
v -0.02864 0.21375 0.12011
v -0.03164 0.21375 0.11491
v -0.03513 0.21375 0.12386
v -0.03164 0.22125 0.11491
v -0.03513 0.22125 0.12386
v -0.03813 0.22125 0.11866
v -0.02864 0.22125 0.12011
v 0.01164 0.21375 0.09686
v 0.00863 0.22125 0.09166
v 0.01164 0.22125 0.09686
v 0.00863 0.21375 0.09166
v 0.00863 0.21375 0.09166
v 0.01513 0.22125 0.08791
v 0.00863 0.22125 0.09166
v 0.01513 0.21375 0.08791
v 0.01513 0.21375 0.08791
v 0.01813 0.22125 0.09311
v 0.01513 0.22125 0.08791
v 0.01813 0.21375 0.09311
v 0.01813 0.21375 0.09311
v 0.01164 0.22125 0.09686
v 0.01813 0.22125 0.09311
v 0.01164 0.21375 0.09686
v 0.00863 0.21375 0.09166
v 0.01813 0.21375 0.09311
v 0.01513 0.21375 0.08791
v 0.01164 0.21375 0.09686
v 0.01513 0.22125 0.08791
v 0.01164 0.22125 0.09686
v 0.00863 0.22125 0.09166
v 0.01813 0.22125 0.09311
v -0.02386 0.21375 0.14487
v -0.01866 0.22125 0.14187
v -0.02386 0.22125 0.14487
v -0.01866 0.21375 0.14187
v -0.01866 0.21375 0.14187
v -0.01491 0.22125 0.14836
v -0.01866 0.22125 0.14187
v -0.01491 0.21375 0.14836
v -0.01491 0.21375 0.14836
v -0.02011 0.22125 0.15136
v -0.01491 0.22125 0.14836
v -0.02011 0.21375 0.15136
v -0.02011 0.21375 0.15136
v -0.02386 0.22125 0.14487
v -0.02011 0.22125 0.15136
v -0.02386 0.21375 0.14487
v -0.01866 0.21375 0.14187
v -0.02011 0.21375 0.15136
v -0.01491 0.21375 0.14836
v -0.02386 0.21375 0.14487
v -0.01491 0.22125 0.14836
v -0.02386 0.22125 0.14487
v -0.01866 0.22125 0.14187
v -0.02011 0.22125 0.15136
v 0.00314 0.21375 0.19164
v 0.00834 0.22125 0.18863
v 0.00314 0.22125 0.19164
v 0.00834 0.21375 0.18863
v 0.00834 0.21375 0.18863
v 0.01209 0.22125 0.19513
v 0.00834 0.22125 0.18863
v 0.01209 0.21375 0.19513
v 0.01209 0.21375 0.19513
v 0.00689 0.22125 0.19813
v 0.01209 0.22125 0.19513
v 0.00689 0.21375 0.19813
v 0.00689 0.21375 0.19813
v 0.00314 0.22125 0.19164
v 0.00689 0.22125 0.19813
v 0.00314 0.21375 0.19164
v 0.00834 0.21375 0.18863
v 0.00689 0.21375 0.19813
v 0.01209 0.21375 0.19513
v 0.00314 0.21375 0.19164
v 0.01209 0.22125 0.19513
v 0.00314 0.22125 0.19164
v 0.00834 0.22125 0.18863
v 0.00689 0.22125 0.19813
vn -0.1361 0.9622 0.2358
vn -0.1361 0.9622 0.2358
vn -0.1361 0.9622 0.2358
vn -0.1361 0.9622 0.2358
vn -0.4681 0.8747 0.1254
vn -0.4681 0.8747 0.1254
vn -0.4681 0.8747 0.1254
vn -0.4681 0.8747 0.1254
vn 0.8596 -0.1216 0.4963
vn 0.8596 -0.1216 0.4963
vn 0.8596 -0.1216 0.4963
vn 0.8596 -0.1216 0.4963
vn 0.2563 -0.1372 0.9568
vn 0.2563 -0.1372 0.9568
vn 0.2563 -0.1372 0.9568
vn 0.2563 -0.1372 0.9568
vn -0.0000 -0.7071 0.7071
vn -0.0000 -0.7071 0.7071
vn -0.0000 -0.7071 0.7071
vn -0.0000 -0.7071 0.7071
vn -0.0000 0.7071 0.7071
vn -0.0000 0.7071 0.7071
vn -0.0000 0.7071 0.7071
vn -0.0000 0.7071 0.7071
vn -0.1361 0.9622 0.2358
vn -0.1361 0.9622 0.2358
vn -0.1361 0.9622 0.2358
vn -0.1361 0.9622 0.2358
vn -0.4681 0.8747 0.1254
vn -0.4681 0.8747 0.1254
vn -0.4681 0.8747 0.1254
vn -0.4681 0.8747 0.1254
vn 0.8596 -0.1216 0.4963
vn 0.8596 -0.1216 0.4963
vn 0.8596 -0.1216 0.4963
vn 0.8596 -0.1216 0.4963
vn 0.2563 -0.1372 0.9568
vn 0.2563 -0.1372 0.9568
vn 0.2563 -0.1372 0.9568
vn 0.2563 -0.1372 0.9568
vn -0.0000 -0.7071 0.7071
vn -0.0000 -0.7071 0.7071
vn -0.0000 -0.7071 0.7071
vn -0.0000 -0.7071 0.7071
vn -0.0000 0.7071 0.7071
vn -0.0000 0.7071 0.7071
vn -0.0000 0.7071 0.7071
vn -0.0000 0.7071 0.7071
vn -0.4681 0.8747 0.1254
vn -0.4681 0.8747 0.1254
vn -0.4681 0.8747 0.1254
vn -0.4681 0.8747 0.1254
vn 0.8596 -0.1216 0.4963
vn 0.8596 -0.1216 0.4963
vn 0.8596 -0.1216 0.4963
vn 0.8596 -0.1216 0.4963
vn 0.2563 -0.1372 0.9568
vn 0.2563 -0.1372 0.9568
vn 0.2563 -0.1372 0.9568
vn 0.2563 -0.1372 0.9568
vn -0.1361 0.9622 0.2358
vn -0.1361 0.9622 0.2358
vn -0.1361 0.9622 0.2358
vn -0.1361 0.9622 0.2358
vn -0.0000 -0.7071 0.7071
vn -0.0000 -0.7071 0.7071
vn -0.0000 -0.7071 0.7071
vn -0.0000 -0.7071 0.7071
vn -0.0000 0.7071 0.7071
vn -0.0000 0.7071 0.7071
vn -0.0000 0.7071 0.7071
vn -0.0000 0.7071 0.7071
vn -0.4681 0.8747 0.1254
vn -0.4681 0.8747 0.1254
vn -0.4681 0.8747 0.1254
vn -0.4681 0.8747 0.1254
vn 0.8596 -0.1216 0.4963
vn 0.8596 -0.1216 0.4963
vn 0.8596 -0.1216 0.4963
vn 0.8596 -0.1216 0.4963
vn 0.2563 -0.1372 0.9568
vn 0.2563 -0.1372 0.9568
vn 0.2563 -0.1372 0.9568
vn 0.2563 -0.1372 0.9568
vn -0.1361 0.9622 0.2358
vn -0.1361 0.9622 0.2358
vn -0.1361 0.9622 0.2358
vn -0.1361 0.9622 0.2358
vn -0.0000 -0.7071 0.7071
vn -0.0000 -0.7071 0.7071
vn -0.0000 -0.7071 0.7071
vn -0.0000 -0.7071 0.7071
vn -0.0000 0.7071 0.7071
vn -0.0000 0.7071 0.7071
vn -0.0000 0.7071 0.7071
vn -0.0000 0.7071 0.7071
f 2507//2507 2509//2509 2508//2508
f 2507//2507 2508//2508 2510//2510
f 2511//2511 2513//2513 2512//2512
f 2511//2511 2512//2512 2514//2514
f 2515//2515 2517//2517 2516//2516
f 2515//2515 2516//2516 2518//2518
f 2519//2519 2521//2521 2520//2520
f 2519//2519 2520//2520 2522//2522
f 2523//2523 2525//2525 2524//2524
f 2523//2523 2524//2524 2526//2526
f 2527//2527 2529//2529 2528//2528
f 2527//2527 2528//2528 2530//2530
f 2531//2531 2533//2533 2532//2532
f 2531//2531 2532//2532 2534//2534
f 2535//2535 2537//2537 2536//2536
f 2535//2535 2536//2536 2538//2538
f 2539//2539 2541//2541 2540//2540
f 2539//2539 2540//2540 2542//2542
f 2543//2543 2545//2545 2544//2544
f 2543//2543 2544//2544 2546//2546
f 2547//2547 2549//2549 2548//2548
f 2547//2547 2548//2548 2550//2550
f 2551//2551 2553//2553 2552//2552
f 2551//2551 2552//2552 2554//2554
f 2555//2555 2557//2557 2556//2556
f 2555//2555 2556//2556 2558//2558
f 2559//2559 2561//2561 2560//2560
f 2559//2559 2560//2560 2562//2562
f 2563//2563 2565//2565 2564//2564
f 2563//2563 2564//2564 2566//2566
f 2567//2567 2569//2569 2568//2568
f 2567//2567 2568//2568 2570//2570
f 2571//2571 2573//2573 2572//2572
f 2571//2571 2572//2572 2574//2574
f 2575//2575 2577//2577 2576//2576
f 2575//2575 2576//2576 2578//2578
f 2579//2579 2581//2581 2580//2580
f 2579//2579 2580//2580 2582//2582
f 2583//2583 2585//2585 2584//2584
f 2583//2583 2584//2584 2586//2586
f 2587//2587 2589//2589 2588//2588
f 2587//2587 2588//2588 2590//2590
f 2591//2591 2593//2593 2592//2592
f 2591//2591 2592//2592 2594//2594
f 2595//2595 2597//2597 2596//2596
f 2595//2595 2596//2596 2598//2598
f 2599//2599 2601//2601 2600//2600
f 2599//2599 2600//2600 2602//2602
g core_leather
usemtl leather
v -0.12809 0.16125 0.01385
v -0.13134 0.16500 0.01572
v -0.12622 0.16500 0.01709
v -0.12622 0.17250 0.01709
v -0.13134 0.17250 0.01572
v -0.12809 0.17625 0.01385
v -0.16934 0.16125 -0.05760
v -0.17122 0.16500 -0.06085
v -0.17259 0.16500 -0.05572
v -0.16934 0.17625 -0.05760
v -0.17259 0.17250 -0.05572
v -0.17122 0.17250 -0.06085
v -0.03066 0.16125 -0.04240
v -0.02879 0.16500 -0.03916
v -0.02742 0.16500 -0.04428
v -0.03066 0.17625 -0.04240
v -0.02742 0.17250 -0.04428
v -0.02879 0.17250 -0.03916
v -0.07191 0.16125 -0.11385
v -0.06867 0.16500 -0.11573
v -0.07379 0.16500 -0.11710
v -0.07191 0.17625 -0.11385
v -0.07379 0.17250 -0.11710
v -0.06867 0.17250 -0.11573
v -0.16934 0.16125 -0.05760
v -0.13134 0.16500 0.01572
v -0.12809 0.16125 0.01385
v -0.17259 0.16500 -0.05572
v -0.12622 0.16500 0.01709
v -0.13134 0.17250 0.01572
v -0.12622 0.17250 0.01709
v -0.13134 0.16500 0.01572
v -0.12809 0.17625 0.01385
v -0.17259 0.17250 -0.05572
v -0.16934 0.17625 -0.05760
v -0.13134 0.17250 0.01572
v -0.17122 0.17250 -0.06085
v -0.17259 0.16500 -0.05572
v -0.17122 0.16500 -0.06085
v -0.17259 0.17250 -0.05572
v -0.07191 0.16125 -0.11385
v -0.17122 0.16500 -0.06085
v -0.16934 0.16125 -0.05760
v -0.07379 0.16500 -0.11710
v -0.16934 0.17625 -0.05760
v -0.07379 0.17250 -0.11710
v -0.07191 0.17625 -0.11385
v -0.17122 0.17250 -0.06085
v -0.06867 0.17250 -0.11573
v -0.07379 0.16500 -0.11710
v -0.06867 0.16500 -0.11573
v -0.07379 0.17250 -0.11710
v -0.03066 0.16125 -0.04240
v -0.06867 0.16500 -0.11573
v -0.07191 0.16125 -0.11385
v -0.02742 0.16500 -0.04428
v -0.07191 0.17625 -0.11385
v -0.02742 0.17250 -0.04428
v -0.03066 0.17625 -0.04240
v -0.06867 0.17250 -0.11573
v -0.02879 0.17250 -0.03916
v -0.02742 0.16500 -0.04428
v -0.02879 0.16500 -0.03916
v -0.02742 0.17250 -0.04428
v -0.12809 0.16125 0.01385
v -0.02879 0.16500 -0.03916
v -0.03066 0.16125 -0.04240
v -0.12622 0.16500 0.01709
v -0.03066 0.17625 -0.04240
v -0.12622 0.17250 0.01709
v -0.12809 0.17625 0.01385
v -0.02879 0.17250 -0.03916
v -0.16934 0.16125 -0.05760
v -0.03066 0.16125 -0.04240
v -0.07191 0.16125 -0.11385
v -0.12809 0.16125 0.01385
v -0.13134 0.16500 0.01572
v -0.17259 0.17250 -0.05572
v -0.13134 0.17250 0.01572
v -0.17259 0.16500 -0.05572
v -0.02879 0.16500 -0.03916
v -0.12622 0.17250 0.01709
v -0.02879 0.17250 -0.03916
v -0.12622 0.16500 0.01709
v -0.07191 0.17625 -0.11385
v -0.12809 0.17625 0.01385
v -0.16934 0.17625 -0.05760
v -0.03066 0.17625 -0.04240
v -0.17122 0.16500 -0.06085
v -0.07379 0.17250 -0.11710
v -0.17122 0.17250 -0.06085
v -0.07379 0.16500 -0.11710
v -0.06867 0.16500 -0.11573
v -0.02742 0.17250 -0.04428
v -0.06867 0.17250 -0.11573
v -0.02742 0.16500 -0.04428
v 0.08615 0.16125 0.05191
v 0.08428 0.16500 0.04866
v 0.08290 0.16500 0.05378
v 0.08290 0.17250 0.05378
v 0.08428 0.17250 0.04866
v 0.08615 0.17625 0.05191
v 0.15759 0.16125 0.01066
v 0.16085 0.16500 0.00878
v 0.15572 0.16500 0.00741
v 0.15759 0.17625 0.01066
v 0.15572 0.17250 0.00741
v 0.16085 0.17250 0.00878
v 0.14240 0.16125 0.14934
v 0.13915 0.16500 0.15121
v 0.14427 0.16500 0.15259
v 0.14240 0.17625 0.14934
v 0.14427 0.17250 0.15259
v 0.13915 0.17250 0.15121
v 0.21384 0.16125 0.10809
v 0.21572 0.16500 0.11133
v 0.21710 0.16500 0.10621
v 0.21384 0.17625 0.10809
v 0.21710 0.17250 0.10621
v 0.21572 0.17250 0.11133
v 0.15759 0.16125 0.01066
v 0.08428 0.16500 0.04866
v 0.08615 0.16125 0.05191
v 0.15572 0.16500 0.00741
v 0.08290 0.16500 0.05378
v 0.08428 0.17250 0.04866
v 0.08290 0.17250 0.05378
v 0.08428 0.16500 0.04866
v 0.08615 0.17625 0.05191
v 0.15572 0.17250 0.00741
v 0.15759 0.17625 0.01066
v 0.08428 0.17250 0.04866
v 0.16085 0.17250 0.00878
v 0.15572 0.16500 0.00741
v 0.16085 0.16500 0.00878
v 0.15572 0.17250 0.00741
v 0.21384 0.16125 0.10809
v 0.16085 0.16500 0.00878
v 0.15759 0.16125 0.01066
v 0.21710 0.16500 0.10621
v 0.15759 0.17625 0.01066
v 0.21710 0.17250 0.10621
v 0.21384 0.17625 0.10809
v 0.16085 0.17250 0.00878
v 0.21572 0.17250 0.11133
v 0.21710 0.16500 0.10621
v 0.21572 0.16500 0.11133
v 0.21710 0.17250 0.10621
v 0.14240 0.16125 0.14934
v 0.21572 0.16500 0.11133
v 0.21384 0.16125 0.10809
v 0.14427 0.16500 0.15259
v 0.21384 0.17625 0.10809
v 0.14427 0.17250 0.15259
v 0.14240 0.17625 0.14934
v 0.21572 0.17250 0.11133
v 0.13915 0.17250 0.15121
v 0.14427 0.16500 0.15259
v 0.13915 0.16500 0.15121
v 0.14427 0.17250 0.15259
v 0.08615 0.16125 0.05191
v 0.13915 0.16500 0.15121
v 0.14240 0.16125 0.14934
v 0.08290 0.16500 0.05378
v 0.14240 0.17625 0.14934
v 0.08290 0.17250 0.05378
v 0.08615 0.17625 0.05191
v 0.13915 0.17250 0.15121
v 0.15759 0.16125 0.01066
v 0.14240 0.16125 0.14934
v 0.21384 0.16125 0.10809
v 0.08615 0.16125 0.05191
v 0.08428 0.16500 0.04866
v 0.15572 0.17250 0.00741
v 0.08428 0.17250 0.04866
v 0.15572 0.16500 0.00741
v 0.13915 0.16500 0.15121
v 0.08290 0.17250 0.05378
v 0.13915 0.17250 0.15121
v 0.08290 0.16500 0.05378
v 0.21384 0.17625 0.10809
v 0.08615 0.17625 0.05191
v 0.15759 0.17625 0.01066
v 0.14240 0.17625 0.14934
v 0.16085 0.16500 0.00878
v 0.21710 0.17250 0.10621
v 0.16085 0.17250 0.00878
v 0.21710 0.16500 0.10621
v 0.21572 0.16500 0.11133
v 0.14427 0.17250 0.15259
v 0.21572 0.17250 0.11133
v 0.14427 0.16500 0.15259
vn -0.3217 -0.2194 0.9211
vn -0.3217 -0.2194 0.9211
vn -0.3217 -0.2194 0.9211
vn 0.1531 0.3886 0.9086
vn 0.1531 0.3886 0.9086
vn 0.1531 0.3886 0.9086
vn 0.0255 0.8959 -0.4436
vn 0.0255 0.8959 -0.4436
vn 0.0255 0.8959 -0.4436
vn -0.1328 0.8584 0.4956
vn -0.1328 0.8584 0.4956
vn -0.1328 0.8584 0.4956
vn 0.4472 -0.4472 0.7746
vn 0.4472 -0.4472 0.7746
vn 0.4472 -0.4472 0.7746
vn -0.4960 -0.3852 -0.7782
vn -0.4960 -0.3852 -0.7782
vn -0.4960 -0.3852 -0.7782
vn -0.6326 0.7121 -0.3046
vn -0.6326 0.7121 -0.3046
vn -0.6326 0.7121 -0.3046
vn 0.5716 -0.7982 -0.1901
vn 0.5716 -0.7982 -0.1901
vn 0.5716 -0.7982 -0.1901
vn 0.1243 0.6087 -0.7836
vn 0.1243 0.6087 -0.7836
vn 0.1243 0.6087 -0.7836
vn 0.1243 0.6087 -0.7836
vn -0.1287 0.1692 0.9772
vn -0.1287 0.1692 0.9772
vn -0.1287 0.1692 0.9772
vn -0.1287 0.1692 0.9772
vn 0.0497 0.6970 0.7154
vn 0.0497 0.6970 0.7154
vn 0.0497 0.6970 0.7154
vn 0.0497 0.6970 0.7154
vn -0.0346 0.9990 0.0265
vn -0.0346 0.9990 0.0265
vn -0.0346 0.9990 0.0265
vn -0.0346 0.9990 0.0265
vn -0.1924 0.9135 -0.3584
vn -0.1924 0.9135 -0.3584
vn -0.1924 0.9135 -0.3584
vn -0.1924 0.9135 -0.3584
vn -0.3760 0.8155 0.4400
vn -0.3760 0.8155 0.4400
vn -0.3760 0.8155 0.4400
vn -0.3760 0.8155 0.4400
vn 0.7917 -0.6020 0.1042
vn 0.7917 -0.6020 0.1042
vn 0.7917 -0.6020 0.1042
vn 0.7917 -0.6020 0.1042
vn -0.5820 0.5824 -0.5675
vn -0.5820 0.5824 -0.5675
vn -0.5820 0.5824 -0.5675
vn -0.5820 0.5824 -0.5675
vn -0.4059 -0.7217 -0.5607
vn -0.4059 -0.7217 -0.5607
vn -0.4059 -0.7217 -0.5607
vn -0.4059 -0.7217 -0.5607
vn 0.6086 -0.0211 0.7932
vn 0.6086 -0.0211 0.7932
vn 0.6086 -0.0211 0.7932
vn 0.6086 -0.0211 0.7932
vn 0.0150 -0.4749 0.8799
vn 0.0150 -0.4749 0.8799
vn 0.0150 -0.4749 0.8799
vn 0.0150 -0.4749 0.8799
vn 0.2786 0.3508 0.8941
vn 0.2786 0.3508 0.8941
vn 0.2786 0.3508 0.8941
vn 0.2786 0.3508 0.8941
vn -0.0000 -0.7071 0.7071
vn -0.0000 -0.7071 0.7071
vn -0.0000 -0.7071 0.7071
vn -0.0000 -0.7071 0.7071
vn -0.1361 0.9622 0.2358
vn -0.1361 0.9622 0.2358
vn -0.1361 0.9622 0.2358
vn -0.1361 0.9622 0.2358
vn 0.2563 -0.1372 0.9568
vn 0.2563 -0.1372 0.9568
vn 0.2563 -0.1372 0.9568
vn 0.2563 -0.1372 0.9568
vn -0.0000 0.7071 0.7071
vn -0.0000 0.7071 0.7071
vn -0.0000 0.7071 0.7071
vn -0.0000 0.7071 0.7071
vn -0.4681 0.8747 0.1254
vn -0.4681 0.8747 0.1254
vn -0.4681 0.8747 0.1254
vn -0.4681 0.8747 0.1254
vn 0.8596 -0.1216 0.4963
vn 0.8596 -0.1216 0.4963
vn 0.8596 -0.1216 0.4963
vn 0.8596 -0.1216 0.4963
vn 0.0255 0.8959 -0.4436
vn 0.0255 0.8959 -0.4436
vn 0.0255 0.8959 -0.4436
vn -0.1328 0.8584 0.4956
vn -0.1328 0.8584 0.4956
vn -0.1328 0.8584 0.4956
vn -0.6325 0.7121 -0.3046
vn -0.6325 0.7121 -0.3046
vn -0.6325 0.7121 -0.3046
vn 0.5715 -0.7982 -0.1901
vn 0.5715 -0.7982 -0.1901
vn 0.5715 -0.7982 -0.1901
vn -0.3217 -0.2194 0.9211
vn -0.3217 -0.2194 0.9211
vn -0.3217 -0.2194 0.9211
vn 0.1531 0.3886 0.9086
vn 0.1531 0.3886 0.9086
vn 0.1531 0.3886 0.9086
vn 0.4472 -0.4472 0.7746
vn 0.4472 -0.4472 0.7746
vn 0.4472 -0.4472 0.7746
vn -0.4961 -0.3853 -0.7781
vn -0.4961 -0.3853 -0.7781
vn -0.4961 -0.3853 -0.7781
vn -0.1924 0.9135 -0.3584
vn -0.1924 0.9135 -0.3584
vn -0.1924 0.9135 -0.3584
vn -0.1924 0.9135 -0.3584
vn -0.0346 0.9990 0.0265
vn -0.0346 0.9990 0.0265
vn -0.0346 0.9990 0.0265
vn -0.0346 0.9990 0.0265
vn -0.3760 0.8155 0.4400
vn -0.3760 0.8155 0.4400
vn -0.3760 0.8155 0.4400
vn -0.3760 0.8155 0.4400
vn 0.7917 -0.6020 0.1042
vn 0.7917 -0.6020 0.1042
vn 0.7917 -0.6020 0.1042
vn 0.7917 -0.6020 0.1042
vn -0.5820 0.5824 -0.5675
vn -0.5820 0.5824 -0.5675
vn -0.5820 0.5824 -0.5675
vn -0.5820 0.5824 -0.5675
vn -0.4059 -0.7217 -0.5607
vn -0.4059 -0.7217 -0.5607
vn -0.4059 -0.7217 -0.5607
vn -0.4059 -0.7217 -0.5607
vn 0.6086 -0.0211 0.7932
vn 0.6086 -0.0211 0.7932
vn 0.6086 -0.0211 0.7932
vn 0.6086 -0.0211 0.7932
vn 0.0150 -0.4749 0.8799
vn 0.0150 -0.4749 0.8799
vn 0.0150 -0.4749 0.8799
vn 0.0150 -0.4749 0.8799
vn 0.2786 0.3508 0.8941
vn 0.2786 0.3508 0.8941
vn 0.2786 0.3508 0.8941
vn 0.2786 0.3508 0.8941
vn -0.1287 0.1692 0.9772
vn -0.1287 0.1692 0.9772
vn -0.1287 0.1692 0.9772
vn -0.1287 0.1692 0.9772
vn 0.1243 0.6087 -0.7836
vn 0.1243 0.6087 -0.7836
vn 0.1243 0.6087 -0.7836
vn 0.1243 0.6087 -0.7836
vn 0.0497 0.6970 0.7154
vn 0.0497 0.6970 0.7154
vn 0.0497 0.6970 0.7154
vn 0.0497 0.6970 0.7154
vn -0.0000 -0.7071 0.7071
vn -0.0000 -0.7071 0.7071
vn -0.0000 -0.7071 0.7071
vn -0.0000 -0.7071 0.7071
vn -0.4681 0.8747 0.1254
vn -0.4681 0.8747 0.1254
vn -0.4681 0.8747 0.1254
vn -0.4681 0.8747 0.1254
vn -0.1361 0.9622 0.2358
vn -0.1361 0.9622 0.2358
vn -0.1361 0.9622 0.2358
vn -0.1361 0.9622 0.2358
vn -0.0000 0.7071 0.7071
vn -0.0000 0.7071 0.7071
vn -0.0000 0.7071 0.7071
vn -0.0000 0.7071 0.7071
vn 0.8596 -0.1216 0.4963
vn 0.8596 -0.1216 0.4963
vn 0.8596 -0.1216 0.4963
vn 0.8596 -0.1216 0.4963
vn 0.2563 -0.1372 0.9568
vn 0.2563 -0.1372 0.9568
vn 0.2563 -0.1372 0.9568
vn 0.2563 -0.1372 0.9568
f 2603//2603 2605//2605 2604//2604
f 2606//2606 2608//2608 2607//2607
f 2609//2609 2611//2611 2610//2610
f 2612//2612 2614//2614 2613//2613
f 2615//2615 2617//2617 2616//2616
f 2618//2618 2620//2620 2619//2619
f 2621//2621 2623//2623 2622//2622
f 2624//2624 2626//2626 2625//2625
f 2627//2627 2629//2629 2628//2628
f 2627//2627 2628//2628 2630//2630
f 2631//2631 2633//2633 2632//2632
f 2631//2631 2632//2632 2634//2634
f 2635//2635 2637//2637 2636//2636
f 2635//2635 2636//2636 2638//2638
f 2639//2639 2641//2641 2640//2640
f 2639//2639 2640//2640 2642//2642
f 2643//2643 2645//2645 2644//2644
f 2643//2643 2644//2644 2646//2646
f 2647//2647 2649//2649 2648//2648
f 2647//2647 2648//2648 2650//2650
f 2651//2651 2653//2653 2652//2652
f 2651//2651 2652//2652 2654//2654
f 2655//2655 2657//2657 2656//2656
f 2655//2655 2656//2656 2658//2658
f 2659//2659 2661//2661 2660//2660
f 2659//2659 2660//2660 2662//2662
f 2663//2663 2665//2665 2664//2664
f 2663//2663 2664//2664 2666//2666
f 2667//2667 2669//2669 2668//2668
f 2667//2667 2668//2668 2670//2670
f 2671//2671 2673//2673 2672//2672
f 2671//2671 2672//2672 2674//2674
f 2675//2675 2677//2677 2676//2676
f 2675//2675 2676//2676 2678//2678
f 2679//2679 2681//2681 2680//2680
f 2679//2679 2680//2680 2682//2682
f 2683//2683 2685//2685 2684//2684
f 2683//2683 2684//2684 2686//2686
f 2687//2687 2689//2689 2688//2688
f 2687//2687 2688//2688 2690//2690
f 2691//2691 2693//2693 2692//2692
f 2691//2691 2692//2692 2694//2694
f 2695//2695 2697//2697 2696//2696
f 2695//2695 2696//2696 2698//2698
f 2699//2699 2701//2701 2700//2700
f 2702//2702 2704//2704 2703//2703
f 2705//2705 2707//2707 2706//2706
f 2708//2708 2710//2710 2709//2709
f 2711//2711 2713//2713 2712//2712
f 2714//2714 2716//2716 2715//2715
f 2717//2717 2719//2719 2718//2718
f 2720//2720 2722//2722 2721//2721
f 2723//2723 2725//2725 2724//2724
f 2723//2723 2724//2724 2726//2726
f 2727//2727 2729//2729 2728//2728
f 2727//2727 2728//2728 2730//2730
f 2731//2731 2733//2733 2732//2732
f 2731//2731 2732//2732 2734//2734
f 2735//2735 2737//2737 2736//2736
f 2735//2735 2736//2736 2738//2738
f 2739//2739 2741//2741 2740//2740
f 2739//2739 2740//2740 2742//2742
f 2743//2743 2745//2745 2744//2744
f 2743//2743 2744//2744 2746//2746
f 2747//2747 2749//2749 2748//2748
f 2747//2747 2748//2748 2750//2750
f 2751//2751 2753//2753 2752//2752
f 2751//2751 2752//2752 2754//2754
f 2755//2755 2757//2757 2756//2756
f 2755//2755 2756//2756 2758//2758
f 2759//2759 2761//2761 2760//2760
f 2759//2759 2760//2760 2762//2762
f 2763//2763 2765//2765 2764//2764
f 2763//2763 2764//2764 2766//2766
f 2767//2767 2769//2769 2768//2768
f 2767//2767 2768//2768 2770//2770
f 2771//2771 2773//2773 2772//2772
f 2771//2771 2772//2772 2774//2774
f 2775//2775 2777//2777 2776//2776
f 2775//2775 2776//2776 2778//2778
f 2779//2779 2781//2781 2780//2780
f 2779//2779 2780//2780 2782//2782
f 2783//2783 2785//2785 2784//2784
f 2783//2783 2784//2784 2786//2786
f 2787//2787 2789//2789 2788//2788
f 2787//2787 2788//2788 2790//2790
f 2791//2791 2793//2793 2792//2792
f 2791//2791 2792//2792 2794//2794
g core_white
usemtl white
v 0.05518 0.09000 0.09577
v 0.04393 0.11250 0.07628
v 0.03570 0.11250 0.10702
v 0.03570 0.14250 0.10702
v 0.04393 0.14250 0.07628
v 0.05518 0.16500 0.09577
v 0.21106 0.09000 0.00577
v 0.23055 0.11250 -0.00548
v 0.19981 0.11250 -0.01371
v 0.21106 0.16500 0.00577
v 0.19981 0.14250 -0.01371
v 0.23055 0.14250 -0.00548
v 0.08893 0.09000 0.15423
v 0.06945 0.11250 0.16548
v 0.10018 0.11250 0.17371
v 0.08893 0.16500 0.15423
v 0.10018 0.14250 0.17371
v 0.06945 0.14250 0.16548
v 0.24482 0.09000 0.06423
v 0.25607 0.11250 0.08371
v 0.26430 0.11250 0.05298
v 0.24482 0.16500 0.06423
v 0.26430 0.14250 0.05298
v 0.25607 0.14250 0.08371
v 0.21106 0.09000 0.00577
v 0.04393 0.11250 0.07628
v 0.05518 0.09000 0.09577
v 0.19981 0.11250 -0.01371
v 0.03570 0.11250 0.10702
v 0.04393 0.14250 0.07628
v 0.03570 0.14250 0.10702
v 0.04393 0.11250 0.07628
v 0.05518 0.16500 0.09577
v 0.19981 0.14250 -0.01371
v 0.21106 0.16500 0.00577
v 0.04393 0.14250 0.07628
v 0.23055 0.14250 -0.00548
v 0.19981 0.11250 -0.01371
v 0.23055 0.11250 -0.00548
v 0.19981 0.14250 -0.01371
v 0.24482 0.09000 0.06423
v 0.23055 0.11250 -0.00548
v 0.21106 0.09000 0.00577
v 0.26430 0.11250 0.05298
v 0.21106 0.16500 0.00577
v 0.26430 0.14250 0.05298
v 0.24482 0.16500 0.06423
v 0.23055 0.14250 -0.00548
v 0.25607 0.14250 0.08371
v 0.26430 0.11250 0.05298
v 0.25607 0.11250 0.08371
v 0.26430 0.14250 0.05298
v 0.08893 0.09000 0.15423
v 0.25607 0.11250 0.08371
v 0.24482 0.09000 0.06423
v 0.10018 0.11250 0.17371
v 0.24482 0.16500 0.06423
v 0.10018 0.14250 0.17371
v 0.08893 0.16500 0.15423
v 0.25607 0.14250 0.08371
v 0.06945 0.14250 0.16548
v 0.10018 0.11250 0.17371
v 0.06945 0.11250 0.16548
v 0.10018 0.14250 0.17371
v 0.05518 0.09000 0.09577
v 0.06945 0.11250 0.16548
v 0.08893 0.09000 0.15423
v 0.03570 0.11250 0.10702
v 0.08893 0.16500 0.15423
v 0.03570 0.14250 0.10702
v 0.05518 0.16500 0.09577
v 0.06945 0.14250 0.16548
v 0.21106 0.09000 0.00577
v 0.08893 0.09000 0.15423
v 0.24482 0.09000 0.06423
v 0.05518 0.09000 0.09577
v 0.04393 0.11250 0.07628
v 0.19981 0.14250 -0.01371
v 0.04393 0.14250 0.07628
v 0.19981 0.11250 -0.01371
v 0.06945 0.11250 0.16548
v 0.03570 0.14250 0.10702
v 0.06945 0.14250 0.16548
v 0.03570 0.11250 0.10702
v 0.24482 0.16500 0.06423
v 0.05518 0.16500 0.09577
v 0.21106 0.16500 0.00577
v 0.08893 0.16500 0.15423
v 0.23055 0.11250 -0.00548
v 0.26430 0.14250 0.05298
v 0.23055 0.14250 -0.00548
v 0.26430 0.11250 0.05298
v 0.25607 0.11250 0.08371
v 0.10018 0.14250 0.17371
v 0.25607 0.14250 0.08371
v 0.10018 0.11250 0.17371
v 0.05033 0.00000 0.08212
v 0.04798 0.00450 0.07820
v 0.04633 0.00450 0.08435
v 0.04432 0.09300 0.08393
v 0.04597 0.09300 0.07778
v 0.04812 0.09750 0.08166
v 0.07176 0.00000 0.06974
v 0.07569 0.00450 0.06739
v 0.06954 0.00450 0.06575
v 0.07247 0.09750 0.06760
v 0.07019 0.09300 0.06380
v 0.07634 0.09300 0.06545
v 0.06083 0.00000 0.10030
v 0.05690 0.00450 0.10265
v 0.06304 0.00450 0.10430
v 0.06012 0.09750 0.10245
v 0.06240 0.09300 0.10624
v 0.05625 0.09300 0.10460
v 0.08226 0.00000 0.08793
v 0.08462 0.00450 0.09185
v 0.08626 0.00450 0.08570
v 0.08447 0.09750 0.08838
v 0.08827 0.09300 0.08611
v 0.08662 0.09300 0.09226
v 0.07176 0.00000 0.06974
v 0.04798 0.00450 0.07820
v 0.05033 0.00000 0.08212
v 0.06954 0.00450 0.06575
v 0.04633 0.00450 0.08435
v 0.04597 0.09300 0.07778
v 0.04432 0.09300 0.08393
v 0.04798 0.00450 0.07820
v 0.04812 0.09750 0.08166
v 0.07019 0.09300 0.06380
v 0.07247 0.09750 0.06760
v 0.04597 0.09300 0.07778
v 0.07634 0.09300 0.06545
v 0.06954 0.00450 0.06575
v 0.07569 0.00450 0.06739
v 0.07019 0.09300 0.06380
v 0.08226 0.00000 0.08793
v 0.07569 0.00450 0.06739
v 0.07176 0.00000 0.06974
v 0.08626 0.00450 0.08570
v 0.07247 0.09750 0.06760
v 0.08827 0.09300 0.08611
v 0.08447 0.09750 0.08838
v 0.07634 0.09300 0.06545
v 0.08662 0.09300 0.09226
v 0.08626 0.00450 0.08570
v 0.08462 0.00450 0.09185
v 0.08827 0.09300 0.08611
v 0.06083 0.00000 0.10030
v 0.08462 0.00450 0.09185
v 0.08226 0.00000 0.08793
v 0.06304 0.00450 0.10430
v 0.08447 0.09750 0.08838
v 0.06240 0.09300 0.10624
v 0.06012 0.09750 0.10245
v 0.08662 0.09300 0.09226
v 0.05625 0.09300 0.10460
v 0.06304 0.00450 0.10430
v 0.05690 0.00450 0.10265
v 0.06240 0.09300 0.10624
v 0.05033 0.00000 0.08212
v 0.05690 0.00450 0.10265
v 0.06083 0.00000 0.10030
v 0.04633 0.00450 0.08435
v 0.06012 0.09750 0.10245
v 0.04432 0.09300 0.08393
v 0.04812 0.09750 0.08166
v 0.05625 0.09300 0.10460
v 0.07176 0.00000 0.06974
v 0.06083 0.00000 0.10030
v 0.08226 0.00000 0.08793
v 0.05033 0.00000 0.08212
v 0.04798 0.00450 0.07820
v 0.07019 0.09300 0.06380
v 0.04597 0.09300 0.07778
v 0.06954 0.00450 0.06575
v 0.05690 0.00450 0.10265
v 0.04432 0.09300 0.08393
v 0.05625 0.09300 0.10460
v 0.04633 0.00450 0.08435
v 0.08447 0.09750 0.08838
v 0.04812 0.09750 0.08166
v 0.07247 0.09750 0.06760
v 0.06012 0.09750 0.10245
v 0.07569 0.00450 0.06739
v 0.08827 0.09300 0.08611
v 0.07634 0.09300 0.06545
v 0.08626 0.00450 0.08570
v 0.08462 0.00450 0.09185
v 0.06240 0.09300 0.10624
v 0.08662 0.09300 0.09226
v 0.06304 0.00450 0.10430
v 0.18023 0.00000 0.00712
v 0.17788 0.00450 0.00320
v 0.17623 0.00450 0.00934
v 0.17423 0.09300 0.00893
v 0.17587 0.09300 0.00279
v 0.17802 0.09750 0.00666
v 0.20167 0.00000 -0.00526
v 0.20560 0.00450 -0.00761
v 0.19945 0.00450 -0.00925
v 0.20238 0.09750 -0.00740
v 0.20010 0.09300 -0.01120
v 0.20624 0.09300 -0.00955
v 0.19073 0.00000 0.02530
v 0.18680 0.00450 0.02765
v 0.19295 0.00450 0.02930
v 0.19002 0.09750 0.02745
v 0.19231 0.09300 0.03124
v 0.18616 0.09300 0.02960
v 0.21217 0.00000 0.01293
v 0.21452 0.00450 0.01685
v 0.21617 0.00450 0.01070
v 0.21438 0.09750 0.01338
v 0.21818 0.09300 0.01111
v 0.21653 0.09300 0.01726
v 0.20167 0.00000 -0.00526
v 0.17788 0.00450 0.00320
v 0.18023 0.00000 0.00712
v 0.19945 0.00450 -0.00925
v 0.17623 0.00450 0.00934
v 0.17587 0.09300 0.00279
v 0.17423 0.09300 0.00893
v 0.17788 0.00450 0.00320
v 0.17802 0.09750 0.00666
v 0.20010 0.09300 -0.01120
v 0.20238 0.09750 -0.00740
v 0.17587 0.09300 0.00279
v 0.20624 0.09300 -0.00955
v 0.19945 0.00450 -0.00925
v 0.20560 0.00450 -0.00761
v 0.20010 0.09300 -0.01120
v 0.21217 0.00000 0.01293
v 0.20560 0.00450 -0.00761
v 0.20167 0.00000 -0.00526
v 0.21617 0.00450 0.01070
v 0.20238 0.09750 -0.00740
v 0.21818 0.09300 0.01111
v 0.21438 0.09750 0.01338
v 0.20624 0.09300 -0.00955
v 0.21653 0.09300 0.01726
v 0.21617 0.00450 0.01070
v 0.21452 0.00450 0.01685
v 0.21818 0.09300 0.01111
v 0.19073 0.00000 0.02530
v 0.21452 0.00450 0.01685
v 0.21217 0.00000 0.01293
v 0.19295 0.00450 0.02930
v 0.21438 0.09750 0.01338
v 0.19231 0.09300 0.03124
v 0.19002 0.09750 0.02745
v 0.21653 0.09300 0.01726
v 0.18616 0.09300 0.02960
v 0.19295 0.00450 0.02930
v 0.18680 0.00450 0.02765
v 0.19231 0.09300 0.03124
v 0.18023 0.00000 0.00712
v 0.18680 0.00450 0.02765
v 0.19073 0.00000 0.02530
v 0.17623 0.00450 0.00934
v 0.19002 0.09750 0.02745
v 0.17423 0.09300 0.00893
v 0.17802 0.09750 0.00666
v 0.18616 0.09300 0.02960
v 0.20167 0.00000 -0.00526
v 0.19073 0.00000 0.02530
v 0.21217 0.00000 0.01293
v 0.18023 0.00000 0.00712
v 0.17788 0.00450 0.00320
v 0.20010 0.09300 -0.01120
v 0.17587 0.09300 0.00279
v 0.19945 0.00450 -0.00925
v 0.18680 0.00450 0.02765
v 0.17423 0.09300 0.00893
v 0.18616 0.09300 0.02960
v 0.17623 0.00450 0.00934
v 0.21438 0.09750 0.01338
v 0.17802 0.09750 0.00666
v 0.20238 0.09750 -0.00740
v 0.19002 0.09750 0.02745
v 0.20560 0.00450 -0.00761
v 0.21818 0.09300 0.01111
v 0.20624 0.09300 -0.00955
v 0.21617 0.00450 0.01070
v 0.21452 0.00450 0.01685
v 0.19231 0.09300 0.03124
v 0.21653 0.09300 0.01726
v 0.19295 0.00450 0.02930
v 0.08783 0.00000 0.14707
v 0.08548 0.00450 0.14315
v 0.08383 0.00450 0.14930
v 0.08182 0.09300 0.14889
v 0.08347 0.09300 0.14274
v 0.08562 0.09750 0.14661
v 0.10926 0.00000 0.13470
v 0.11319 0.00450 0.13235
v 0.10704 0.00450 0.13070
v 0.10997 0.09750 0.13255
v 0.10769 0.09300 0.12875
v 0.11384 0.09300 0.13040
v 0.09833 0.00000 0.16525
v 0.09440 0.00450 0.16760
v 0.10054 0.00450 0.16925
v 0.09762 0.09750 0.16740
v 0.09990 0.09300 0.17119
v 0.09375 0.09300 0.16955
v 0.11976 0.00000 0.15288
v 0.12212 0.00450 0.15680
v 0.12376 0.00450 0.15065
v 0.12197 0.09750 0.15333
v 0.12577 0.09300 0.15106
v 0.12412 0.09300 0.15721
v 0.10926 0.00000 0.13470
v 0.08548 0.00450 0.14315
v 0.08783 0.00000 0.14707
v 0.10704 0.00450 0.13070
v 0.08383 0.00450 0.14930
v 0.08347 0.09300 0.14274
v 0.08182 0.09300 0.14889
v 0.08548 0.00450 0.14315
v 0.08562 0.09750 0.14661
v 0.10769 0.09300 0.12875
v 0.10997 0.09750 0.13255
v 0.08347 0.09300 0.14274
v 0.11384 0.09300 0.13040
v 0.10704 0.00450 0.13070
v 0.11319 0.00450 0.13235
v 0.10769 0.09300 0.12875
v 0.11976 0.00000 0.15288
v 0.11319 0.00450 0.13235
v 0.10926 0.00000 0.13470
v 0.12376 0.00450 0.15065
v 0.10997 0.09750 0.13255
v 0.12577 0.09300 0.15106
v 0.12197 0.09750 0.15333
v 0.11384 0.09300 0.13040
v 0.12412 0.09300 0.15721
v 0.12376 0.00450 0.15065
v 0.12212 0.00450 0.15680
v 0.12577 0.09300 0.15106
v 0.09833 0.00000 0.16525
v 0.12212 0.00450 0.15680
v 0.11976 0.00000 0.15288
v 0.10054 0.00450 0.16925
v 0.12197 0.09750 0.15333
v 0.09990 0.09300 0.17119
v 0.09762 0.09750 0.16740
v 0.12412 0.09300 0.15721
v 0.09375 0.09300 0.16955
v 0.10054 0.00450 0.16925
v 0.09440 0.00450 0.16760
v 0.09990 0.09300 0.17119
v 0.08783 0.00000 0.14707
v 0.09440 0.00450 0.16760
v 0.09833 0.00000 0.16525
v 0.08383 0.00450 0.14930
v 0.09762 0.09750 0.16740
v 0.08182 0.09300 0.14889
v 0.08562 0.09750 0.14661
v 0.09375 0.09300 0.16955
v 0.10926 0.00000 0.13470
v 0.09833 0.00000 0.16525
v 0.11976 0.00000 0.15288
v 0.08783 0.00000 0.14707
v 0.08548 0.00450 0.14315
v 0.10769 0.09300 0.12875
v 0.08347 0.09300 0.14274
v 0.10704 0.00450 0.13070
v 0.09440 0.00450 0.16760
v 0.08182 0.09300 0.14889
v 0.09375 0.09300 0.16955
v 0.08383 0.00450 0.14930
v 0.12197 0.09750 0.15333
v 0.08562 0.09750 0.14661
v 0.10997 0.09750 0.13255
v 0.09762 0.09750 0.16740
v 0.11319 0.00450 0.13235
v 0.12577 0.09300 0.15106
v 0.11384 0.09300 0.13040
v 0.12376 0.00450 0.15065
v 0.12212 0.00450 0.15680
v 0.09990 0.09300 0.17119
v 0.12412 0.09300 0.15721
v 0.10054 0.00450 0.16925
v 0.21773 0.00000 0.07207
v 0.21538 0.00450 0.06815
v 0.21373 0.00450 0.07430
v 0.21173 0.09300 0.07388
v 0.21337 0.09300 0.06774
v 0.21552 0.09750 0.07161
v 0.23917 0.00000 0.05969
v 0.24310 0.00450 0.05735
v 0.23695 0.00450 0.05570
v 0.23988 0.09750 0.05755
v 0.23760 0.09300 0.05375
v 0.24374 0.09300 0.05540
v 0.22823 0.00000 0.09026
v 0.22430 0.00450 0.09260
v 0.23045 0.00450 0.09425
v 0.22752 0.09750 0.09240
v 0.22981 0.09300 0.09620
v 0.22366 0.09300 0.09455
v 0.24966 0.00000 0.07788
v 0.25202 0.00450 0.08180
v 0.25367 0.00450 0.07565
v 0.25188 0.09750 0.07834
v 0.25568 0.09300 0.07606
v 0.25403 0.09300 0.08221
v 0.23917 0.00000 0.05969
v 0.21538 0.00450 0.06815
v 0.21773 0.00000 0.07207
v 0.23695 0.00450 0.05570
v 0.21373 0.00450 0.07430
v 0.21337 0.09300 0.06774
v 0.21173 0.09300 0.07388
v 0.21538 0.00450 0.06815
v 0.21552 0.09750 0.07161
v 0.23760 0.09300 0.05375
v 0.23988 0.09750 0.05755
v 0.21337 0.09300 0.06774
v 0.24374 0.09300 0.05540
v 0.23695 0.00450 0.05570
v 0.24310 0.00450 0.05735
v 0.23760 0.09300 0.05375
v 0.24966 0.00000 0.07788
v 0.24310 0.00450 0.05735
v 0.23917 0.00000 0.05969
v 0.25367 0.00450 0.07565
v 0.23988 0.09750 0.05755
v 0.25568 0.09300 0.07606
v 0.25188 0.09750 0.07834
v 0.24374 0.09300 0.05540
v 0.25403 0.09300 0.08221
v 0.25367 0.00450 0.07565
v 0.25202 0.00450 0.08180
v 0.25568 0.09300 0.07606
v 0.22823 0.00000 0.09026
v 0.25202 0.00450 0.08180
v 0.24966 0.00000 0.07788
v 0.23045 0.00450 0.09425
v 0.25188 0.09750 0.07834
v 0.22981 0.09300 0.09620
v 0.22752 0.09750 0.09240
v 0.25403 0.09300 0.08221
v 0.22366 0.09300 0.09455
v 0.23045 0.00450 0.09425
v 0.22430 0.00450 0.09260
v 0.22981 0.09300 0.09620
v 0.21773 0.00000 0.07207
v 0.22430 0.00450 0.09260
v 0.22823 0.00000 0.09026
v 0.21373 0.00450 0.07430
v 0.22752 0.09750 0.09240
v 0.21173 0.09300 0.07388
v 0.21552 0.09750 0.07161
v 0.22366 0.09300 0.09455
v 0.23917 0.00000 0.05969
v 0.22823 0.00000 0.09026
v 0.24966 0.00000 0.07788
v 0.21773 0.00000 0.07207
v 0.21538 0.00450 0.06815
v 0.23760 0.09300 0.05375
v 0.21337 0.09300 0.06774
v 0.23695 0.00450 0.05570
v 0.22430 0.00450 0.09260
v 0.21173 0.09300 0.07388
v 0.22366 0.09300 0.09455
v 0.21373 0.00450 0.07430
v 0.25188 0.09750 0.07834
v 0.21552 0.09750 0.07161
v 0.23988 0.09750 0.05755
v 0.22752 0.09750 0.09240
v 0.24310 0.00450 0.05735
v 0.25568 0.09300 0.07606
v 0.24374 0.09300 0.05540
v 0.25367 0.00450 0.07565
v 0.25202 0.00450 0.08180
v 0.22981 0.09300 0.09620
v 0.25403 0.09300 0.08221
v 0.23045 0.00450 0.09425
v 0.03375 0.13800 0.12503
v 0.03315 0.14579 0.11499
v 0.03090 0.15029 0.12668
v 0.06857 0.22564 0.10492
v 0.07082 0.22114 0.09323
v 0.07922 0.22893 0.09878
v 0.06525 0.11700 0.10684
v 0.07590 0.12029 0.10070
v 0.06465 0.12479 0.09680
v 0.11072 0.20793 0.08059
v 0.10232 0.20013 0.07505
v 0.11357 0.19564 0.07894
v 0.05288 0.13800 0.15815
v 0.05002 0.15029 0.15980
v 0.06127 0.14579 0.16370
v 0.09835 0.22893 0.13190
v 0.09895 0.22114 0.14195
v 0.08770 0.22564 0.13805
v 0.08438 0.11700 0.13997
v 0.09277 0.12479 0.14551
v 0.09502 0.12029 0.13382
v 0.12984 0.20793 0.11372
v 0.13270 0.19564 0.11207
v 0.13045 0.20013 0.12376
v 0.06525 0.11700 0.10684
v 0.03315 0.14579 0.11499
v 0.03375 0.13800 0.12503
v 0.06465 0.12479 0.09680
v 0.03090 0.15029 0.12668
v 0.07082 0.22114 0.09323
v 0.06857 0.22564 0.10492
v 0.03315 0.14579 0.11499
v 0.07922 0.22893 0.09878
v 0.10232 0.20013 0.07505
v 0.11072 0.20793 0.08059
v 0.07082 0.22114 0.09323
v 0.11357 0.19564 0.07894
v 0.06465 0.12479 0.09680
v 0.07590 0.12029 0.10070
v 0.10232 0.20013 0.07505
v 0.08438 0.11700 0.13997
v 0.07590 0.12029 0.10070
v 0.06525 0.11700 0.10684
v 0.09502 0.12029 0.13382
v 0.11072 0.20793 0.08059
v 0.13270 0.19564 0.11207
v 0.12984 0.20793 0.11372
v 0.11357 0.19564 0.07894
v 0.13045 0.20013 0.12376
v 0.09502 0.12029 0.13382
v 0.09277 0.12479 0.14551
v 0.13270 0.19564 0.11207
v 0.05288 0.13800 0.15815
v 0.09277 0.12479 0.14551
v 0.08438 0.11700 0.13997
v 0.06127 0.14579 0.16370
v 0.12984 0.20793 0.11372
v 0.09895 0.22114 0.14195
v 0.09835 0.22893 0.13190
v 0.13045 0.20013 0.12376
v 0.08770 0.22564 0.13805
v 0.06127 0.14579 0.16370
v 0.05002 0.15029 0.15980
v 0.09895 0.22114 0.14195
v 0.03375 0.13800 0.12503
v 0.05002 0.15029 0.15980
v 0.05288 0.13800 0.15815
v 0.03090 0.15029 0.12668
v 0.09835 0.22893 0.13190
v 0.06857 0.22564 0.10492
v 0.07922 0.22893 0.09878
v 0.08770 0.22564 0.13805
v 0.06525 0.11700 0.10684
v 0.05288 0.13800 0.15815
v 0.08438 0.11700 0.13997
v 0.03375 0.13800 0.12503
v 0.03315 0.14579 0.11499
v 0.10232 0.20013 0.07505
v 0.07082 0.22114 0.09323
v 0.06465 0.12479 0.09680
v 0.05002 0.15029 0.15980
v 0.06857 0.22564 0.10492
v 0.08770 0.22564 0.13805
v 0.03090 0.15029 0.12668
v 0.12984 0.20793 0.11372
v 0.07922 0.22893 0.09878
v 0.11072 0.20793 0.08059
v 0.09835 0.22893 0.13190
v 0.07590 0.12029 0.10070
v 0.13270 0.19564 0.11207
v 0.11357 0.19564 0.07894
v 0.09502 0.12029 0.13382
v 0.09277 0.12479 0.14551
v 0.09895 0.22114 0.14195
v 0.13045 0.20013 0.12376
v 0.06127 0.14579 0.16370
v -0.02540 0.18942 0.16308
v -0.03376 0.19928 0.15578
v -0.03706 0.19569 0.16981
v -0.04417 0.21824 0.17391
v -0.04087 0.22184 0.15989
v -0.03873 0.23170 0.17078
v 0.03685 0.21558 0.12714
v 0.04229 0.22904 0.12400
v 0.02849 0.22545 0.11984
v 0.02352 0.25787 0.13483
v 0.02138 0.24800 0.12394
v 0.03518 0.25159 0.12810
v -0.00965 0.18942 0.19036
v -0.02131 0.19569 0.19709
v -0.00751 0.19928 0.20125
v -0.02298 0.23170 0.19805
v -0.01462 0.22184 0.20535
v -0.02842 0.21824 0.20119
v 0.05260 0.21558 0.15442
v 0.05474 0.22545 0.16530
v 0.05804 0.22904 0.15128
v 0.03927 0.25787 0.16211
v 0.05093 0.25159 0.15538
v 0.04763 0.24800 0.16941
v 0.03685 0.21558 0.12714
v -0.03376 0.19928 0.15578
v -0.02540 0.18942 0.16308
v 0.02849 0.22545 0.11984
v -0.03706 0.19569 0.16981
v -0.04087 0.22184 0.15989
v -0.04417 0.21824 0.17391
v -0.03376 0.19928 0.15578
v -0.03873 0.23170 0.17078
v 0.02138 0.24800 0.12394
v 0.02352 0.25787 0.13483
v -0.04087 0.22184 0.15989
v 0.03518 0.25159 0.12810
v 0.02849 0.22545 0.11984
v 0.04229 0.22904 0.12400
v 0.02138 0.24800 0.12394
v 0.05260 0.21558 0.15442
v 0.04229 0.22904 0.12400
v 0.03685 0.21558 0.12714
v 0.05804 0.22904 0.15128
v 0.02352 0.25787 0.13483
v 0.05093 0.25159 0.15538
v 0.03927 0.25787 0.16211
v 0.03518 0.25159 0.12810
v 0.04763 0.24800 0.16941
v 0.05804 0.22904 0.15128
v 0.05474 0.22545 0.16530
v 0.05093 0.25159 0.15538
v -0.00965 0.18942 0.19036
v 0.05474 0.22545 0.16530
v 0.05260 0.21558 0.15442
v -0.00751 0.19928 0.20125
v 0.03927 0.25787 0.16211
v -0.01462 0.22184 0.20535
v -0.02298 0.23170 0.19805
v 0.04763 0.24800 0.16941
v -0.02842 0.21824 0.20119
v -0.00751 0.19928 0.20125
v -0.02131 0.19569 0.19709
v -0.01462 0.22184 0.20535
v -0.02540 0.18942 0.16308
v -0.02131 0.19569 0.19709
v -0.00965 0.18942 0.19036
v -0.03706 0.19569 0.16981
v -0.02298 0.23170 0.19805
v -0.04417 0.21824 0.17391
v -0.03873 0.23170 0.17078
v -0.02842 0.21824 0.20119
v 0.03685 0.21558 0.12714
v -0.00965 0.18942 0.19036
v 0.05260 0.21558 0.15442
v -0.02540 0.18942 0.16308
v -0.03376 0.19928 0.15578
v 0.02138 0.24800 0.12394
v -0.04087 0.22184 0.15989
v 0.02849 0.22545 0.11984
v -0.02131 0.19569 0.19709
v -0.04417 0.21824 0.17391
v -0.02842 0.21824 0.20119
v -0.03706 0.19569 0.16981
v 0.03927 0.25787 0.16211
v -0.03873 0.23170 0.17078
v 0.02352 0.25787 0.13483
v -0.02298 0.23170 0.19805
v 0.04229 0.22904 0.12400
v 0.05093 0.25159 0.15538
v 0.03518 0.25159 0.12810
v 0.05804 0.22904 0.15128
v 0.05474 0.22545 0.16530
v -0.01462 0.22184 0.20535
v 0.04763 0.24800 0.16941
v -0.00751 0.19928 0.20125
v 0.03133 0.23250 0.12946
v 0.03658 0.23250 0.13855
v 0.04042 0.23250 0.12421
v 0.02224 0.23250 0.13471
v 0.02608 0.23250 0.12036
v 0.04042 0.23250 0.12421
v 0.03658 0.23250 0.13855
v 0.03133 0.26250 0.12946
v 0.03658 0.23250 0.13855
v 0.02224 0.23250 0.13471
v 0.03133 0.26250 0.12946
v 0.02224 0.23250 0.13471
v 0.02608 0.23250 0.12036
v 0.03133 0.26250 0.12946
v 0.02608 0.23250 0.12036
v 0.04042 0.23250 0.12421
v 0.03133 0.26250 0.12946
v 0.04783 0.23250 0.15804
v 0.05308 0.23250 0.16713
v 0.05692 0.23250 0.15279
v 0.03874 0.23250 0.16329
v 0.04258 0.23250 0.14895
v 0.05692 0.23250 0.15279
v 0.05308 0.23250 0.16713
v 0.04783 0.26250 0.15804
v 0.05308 0.23250 0.16713
v 0.03874 0.23250 0.16329
v 0.04783 0.26250 0.15804
v 0.03874 0.23250 0.16329
v 0.04258 0.23250 0.14895
v 0.04783 0.26250 0.15804
v 0.04258 0.23250 0.14895
v 0.05692 0.23250 0.15279
v 0.04783 0.26250 0.15804
vn 0.0255 0.8959 -0.4436
vn 0.0255 0.8959 -0.4436
vn 0.0255 0.8959 -0.4436
vn -0.1328 0.8583 0.4956
vn -0.1328 0.8583 0.4956
vn -0.1328 0.8583 0.4956
vn -0.6325 0.7121 -0.3046
vn -0.6325 0.7121 -0.3046
vn -0.6325 0.7121 -0.3046
vn 0.5715 -0.7982 -0.1901
vn 0.5715 -0.7982 -0.1901
vn 0.5715 -0.7982 -0.1901
vn -0.3217 -0.2194 0.9211
vn -0.3217 -0.2194 0.9211
vn -0.3217 -0.2194 0.9211
vn 0.1531 0.3886 0.9086
vn 0.1531 0.3886 0.9086
vn 0.1531 0.3886 0.9086
vn 0.4472 -0.4472 0.7746
vn 0.4472 -0.4472 0.7746
vn 0.4472 -0.4472 0.7746
vn -0.4961 -0.3853 -0.7781
vn -0.4961 -0.3853 -0.7781
vn -0.4961 -0.3853 -0.7781
vn -0.1924 0.9135 -0.3584
vn -0.1924 0.9135 -0.3584
vn -0.1924 0.9135 -0.3584
vn -0.1924 0.9135 -0.3584
vn -0.0346 0.9990 0.0265
vn -0.0346 0.9990 0.0265
vn -0.0346 0.9990 0.0265
vn -0.0346 0.9990 0.0265
vn -0.3760 0.8155 0.4400
vn -0.3760 0.8155 0.4400
vn -0.3760 0.8155 0.4400
vn -0.3760 0.8155 0.4400
vn 0.7917 -0.6020 0.1042
vn 0.7917 -0.6020 0.1042
vn 0.7917 -0.6020 0.1042
vn 0.7917 -0.6020 0.1042
vn -0.5820 0.5824 -0.5675
vn -0.5820 0.5824 -0.5675
vn -0.5820 0.5824 -0.5675
vn -0.5820 0.5824 -0.5675
vn -0.4059 -0.7217 -0.5607
vn -0.4059 -0.7217 -0.5607
vn -0.4059 -0.7217 -0.5607
vn -0.4059 -0.7217 -0.5607
vn 0.6086 -0.0211 0.7932
vn 0.6086 -0.0211 0.7932
vn 0.6086 -0.0211 0.7932
vn 0.6086 -0.0211 0.7932
vn 0.0150 -0.4749 0.8799
vn 0.0150 -0.4749 0.8799
vn 0.0150 -0.4749 0.8799
vn 0.0150 -0.4749 0.8799
vn 0.2786 0.3508 0.8941
vn 0.2786 0.3508 0.8941
vn 0.2786 0.3508 0.8941
vn 0.2786 0.3508 0.8941
vn -0.1287 0.1692 0.9772
vn -0.1287 0.1692 0.9772
vn -0.1287 0.1692 0.9772
vn -0.1287 0.1692 0.9772
vn 0.1243 0.6087 -0.7836
vn 0.1243 0.6087 -0.7836
vn 0.1243 0.6087 -0.7836
vn 0.1243 0.6087 -0.7836
vn 0.0497 0.6970 0.7154
vn 0.0497 0.6970 0.7154
vn 0.0497 0.6970 0.7154
vn 0.0497 0.6970 0.7154
vn -0.0000 -0.7071 0.7071
vn -0.0000 -0.7071 0.7071
vn -0.0000 -0.7071 0.7071
vn -0.0000 -0.7071 0.7071
vn -0.4681 0.8747 0.1254
vn -0.4681 0.8747 0.1254
vn -0.4681 0.8747 0.1254
vn -0.4681 0.8747 0.1254
vn -0.1361 0.9622 0.2358
vn -0.1361 0.9622 0.2358
vn -0.1361 0.9622 0.2358
vn -0.1361 0.9622 0.2358
vn -0.0000 0.7071 0.7071
vn -0.0000 0.7071 0.7071
vn -0.0000 0.7071 0.7071
vn -0.0000 0.7071 0.7071
vn 0.8596 -0.1216 0.4963
vn 0.8596 -0.1216 0.4963
vn 0.8596 -0.1216 0.4963
vn 0.8596 -0.1216 0.4963
vn 0.2563 -0.1372 0.9568
vn 0.2563 -0.1372 0.9568
vn 0.2563 -0.1372 0.9568
vn 0.2563 -0.1372 0.9568
vn 0.0269 0.8915 -0.4521
vn 0.0269 0.8915 -0.4521
vn 0.0269 0.8915 -0.4521
vn -0.1306 0.8633 0.4874
vn -0.1306 0.8633 0.4874
vn -0.1306 0.8633 0.4874
vn -0.6239 0.7171 -0.3108
vn -0.6239 0.7171 -0.3108
vn -0.6239 0.7171 -0.3108
vn 0.5851 -0.7910 -0.1789
vn 0.5851 -0.7910 -0.1789
vn 0.5851 -0.7910 -0.1789
vn -0.3191 -0.2298 0.9194
vn -0.3191 -0.2298 0.9194
vn -0.3191 -0.2298 0.9194
vn 0.1511 0.3842 0.9108
vn 0.1511 0.3842 0.9108
vn 0.1511 0.3842 0.9108
vn 0.4396 -0.4563 0.7737
vn 0.4396 -0.4563 0.7737
vn 0.4396 -0.4563 0.7737
vn -0.5019 -0.3759 -0.7789
vn -0.5019 -0.3759 -0.7789
vn -0.5019 -0.3759 -0.7789
vn -0.1895 0.9123 -0.3630
vn -0.1895 0.9123 -0.3630
vn -0.1895 0.9123 -0.3630
vn -0.1895 0.9123 -0.3630
vn -0.0319 0.9995 0.0061
vn -0.0319 0.9995 0.0061
vn -0.0319 0.9995 0.0061
vn -0.0319 0.9995 0.0061
vn -0.3788 0.8156 0.4374
vn -0.3788 0.8156 0.4374
vn -0.3788 0.8156 0.4374
vn -0.3788 0.8156 0.4374
vn 0.7912 -0.6014 0.1112
vn 0.7912 -0.6014 0.1112
vn 0.7912 -0.6014 0.1112
vn 0.7912 -0.6014 0.1112
vn -0.5756 0.5873 -0.5689
vn -0.5756 0.5873 -0.5689
vn -0.5756 0.5873 -0.5689
vn -0.5756 0.5873 -0.5689
vn -0.4175 -0.7157 -0.5599
vn -0.4175 -0.7157 -0.5599
vn -0.4175 -0.7157 -0.5599
vn -0.4175 -0.7157 -0.5599
vn 0.6079 -0.0374 0.7931
vn 0.6079 -0.0374 0.7931
vn 0.6079 -0.0374 0.7931
vn 0.6079 -0.0374 0.7931
vn 0.0135 -0.4772 0.8787
vn 0.0135 -0.4772 0.8787
vn 0.0135 -0.4772 0.8787
vn 0.0135 -0.4772 0.8787
vn 0.2802 0.3463 0.8953
vn 0.2802 0.3463 0.8953
vn 0.2802 0.3463 0.8953
vn 0.2802 0.3463 0.8953
vn -0.1437 0.1573 0.9770
vn -0.1437 0.1573 0.9770
vn -0.1437 0.1573 0.9770
vn -0.1437 0.1573 0.9770
vn 0.1281 0.6061 -0.7850
vn 0.1281 0.6061 -0.7850
vn 0.1281 0.6061 -0.7850
vn 0.1281 0.6061 -0.7850
vn 0.0507 0.6992 0.7132
vn 0.0507 0.6992 0.7132
vn 0.0507 0.6992 0.7132
vn 0.0507 0.6992 0.7132
vn -0.0000 -0.7071 0.7071
vn -0.0000 -0.7071 0.7071
vn -0.0000 -0.7071 0.7071
vn -0.0000 -0.7071 0.7071
vn -0.4656 0.8772 0.1175
vn -0.4656 0.8772 0.1175
vn -0.4656 0.8772 0.1175
vn -0.4656 0.8772 0.1175
vn -0.1445 0.9654 0.2169
vn -0.1445 0.9654 0.2169
vn -0.1445 0.9654 0.2169
vn -0.1445 0.9654 0.2169
vn -0.0000 0.7071 0.7071
vn -0.0000 0.7071 0.7071
vn -0.0000 0.7071 0.7071
vn -0.0000 0.7071 0.7071
vn 0.8578 -0.1317 0.4967
vn 0.8578 -0.1317 0.4967
vn 0.8578 -0.1317 0.4967
vn 0.8578 -0.1317 0.4967
vn 0.2520 -0.1462 0.9566
vn 0.2520 -0.1462 0.9566
vn 0.2520 -0.1462 0.9566
vn 0.2520 -0.1462 0.9566
vn 0.0269 0.8915 -0.4521
vn 0.0269 0.8915 -0.4521
vn 0.0269 0.8915 -0.4521
vn -0.1306 0.8633 0.4874
vn -0.1306 0.8633 0.4874
vn -0.1306 0.8633 0.4874
vn -0.6239 0.7171 -0.3108
vn -0.6239 0.7171 -0.3108
vn -0.6239 0.7171 -0.3108
vn 0.5851 -0.7910 -0.1789
vn 0.5851 -0.7910 -0.1789
vn 0.5851 -0.7910 -0.1789
vn -0.3191 -0.2298 0.9194
vn -0.3191 -0.2298 0.9194
vn -0.3191 -0.2298 0.9194
vn 0.1511 0.3842 0.9108
vn 0.1511 0.3842 0.9108
vn 0.1511 0.3842 0.9108
vn 0.4396 -0.4563 0.7737
vn 0.4396 -0.4563 0.7737
vn 0.4396 -0.4563 0.7737
vn -0.5019 -0.3759 -0.7789
vn -0.5019 -0.3759 -0.7789
vn -0.5019 -0.3759 -0.7789
vn -0.1895 0.9123 -0.3630
vn -0.1895 0.9123 -0.3630
vn -0.1895 0.9123 -0.3630
vn -0.1895 0.9123 -0.3630
vn -0.0319 0.9995 0.0061
vn -0.0319 0.9995 0.0061
vn -0.0319 0.9995 0.0061
vn -0.0319 0.9995 0.0061
vn -0.3788 0.8156 0.4374
vn -0.3788 0.8156 0.4374
vn -0.3788 0.8156 0.4374
vn -0.3788 0.8156 0.4374
vn 0.7912 -0.6014 0.1112
vn 0.7912 -0.6014 0.1112
vn 0.7912 -0.6014 0.1112
vn 0.7912 -0.6014 0.1112
vn -0.5756 0.5873 -0.5689
vn -0.5756 0.5873 -0.5689
vn -0.5756 0.5873 -0.5689
vn -0.5756 0.5873 -0.5689
vn -0.4175 -0.7157 -0.5599
vn -0.4175 -0.7157 -0.5599
vn -0.4175 -0.7157 -0.5599
vn -0.4175 -0.7157 -0.5599
vn 0.6079 -0.0374 0.7931
vn 0.6079 -0.0374 0.7931
vn 0.6079 -0.0374 0.7931
vn 0.6079 -0.0374 0.7931
vn 0.0135 -0.4772 0.8787
vn 0.0135 -0.4772 0.8787
vn 0.0135 -0.4772 0.8787
vn 0.0135 -0.4772 0.8787
vn 0.2802 0.3463 0.8953
vn 0.2802 0.3463 0.8953
vn 0.2802 0.3463 0.8953
vn 0.2802 0.3463 0.8953
vn -0.1437 0.1573 0.9770
vn -0.1437 0.1573 0.9770
vn -0.1437 0.1573 0.9770
vn -0.1437 0.1573 0.9770
vn 0.1281 0.6061 -0.7850
vn 0.1281 0.6061 -0.7850
vn 0.1281 0.6061 -0.7850
vn 0.1281 0.6061 -0.7850
vn 0.0507 0.6992 0.7132
vn 0.0507 0.6992 0.7132
vn 0.0507 0.6992 0.7132
vn 0.0507 0.6992 0.7132
vn -0.0000 -0.7071 0.7071
vn -0.0000 -0.7071 0.7071
vn -0.0000 -0.7071 0.7071
vn -0.0000 -0.7071 0.7071
vn -0.4656 0.8772 0.1175
vn -0.4656 0.8772 0.1175
vn -0.4656 0.8772 0.1175
vn -0.4656 0.8772 0.1175
vn -0.1445 0.9654 0.2169
vn -0.1445 0.9654 0.2169
vn -0.1445 0.9654 0.2169
vn -0.1445 0.9654 0.2169
vn -0.0000 0.7071 0.7071
vn -0.0000 0.7071 0.7071
vn -0.0000 0.7071 0.7071
vn -0.0000 0.7071 0.7071
vn 0.8578 -0.1317 0.4967
vn 0.8578 -0.1317 0.4967
vn 0.8578 -0.1317 0.4967
vn 0.8578 -0.1317 0.4967
vn 0.2520 -0.1462 0.9566
vn 0.2520 -0.1462 0.9566
vn 0.2520 -0.1462 0.9566
vn 0.2520 -0.1462 0.9566
vn 0.0269 0.8915 -0.4521
vn 0.0269 0.8915 -0.4521
vn 0.0269 0.8915 -0.4521
vn -0.1306 0.8633 0.4874
vn -0.1306 0.8633 0.4874
vn -0.1306 0.8633 0.4874
vn -0.6239 0.7171 -0.3108
vn -0.6239 0.7171 -0.3108
vn -0.6239 0.7171 -0.3108
vn 0.5851 -0.7910 -0.1789
vn 0.5851 -0.7910 -0.1789
vn 0.5851 -0.7910 -0.1789
vn -0.3191 -0.2298 0.9194
vn -0.3191 -0.2298 0.9194
vn -0.3191 -0.2298 0.9194
vn 0.1511 0.3842 0.9108
vn 0.1511 0.3842 0.9108
vn 0.1511 0.3842 0.9108
vn 0.4396 -0.4563 0.7737
vn 0.4396 -0.4563 0.7737
vn 0.4396 -0.4563 0.7737
vn -0.5019 -0.3759 -0.7789
vn -0.5019 -0.3759 -0.7789
vn -0.5019 -0.3759 -0.7789
vn -0.1895 0.9123 -0.3630
vn -0.1895 0.9123 -0.3630
vn -0.1895 0.9123 -0.3630
vn -0.1895 0.9123 -0.3630
vn -0.0319 0.9995 0.0061
vn -0.0319 0.9995 0.0061
vn -0.0319 0.9995 0.0061
vn -0.0319 0.9995 0.0061
vn -0.3788 0.8156 0.4374
vn -0.3788 0.8156 0.4374
vn -0.3788 0.8156 0.4374
vn -0.3788 0.8156 0.4374
vn 0.7912 -0.6014 0.1112
vn 0.7912 -0.6014 0.1112
vn 0.7912 -0.6014 0.1112
vn 0.7912 -0.6014 0.1112
vn -0.5756 0.5873 -0.5689
vn -0.5756 0.5873 -0.5689
vn -0.5756 0.5873 -0.5689
vn -0.5756 0.5873 -0.5689
vn -0.4175 -0.7157 -0.5599
vn -0.4175 -0.7157 -0.5599
vn -0.4175 -0.7157 -0.5599
vn -0.4175 -0.7157 -0.5599
vn 0.6079 -0.0374 0.7931
vn 0.6079 -0.0374 0.7931
vn 0.6079 -0.0374 0.7931
vn 0.6079 -0.0374 0.7931
vn 0.0135 -0.4772 0.8787
vn 0.0135 -0.4772 0.8787
vn 0.0135 -0.4772 0.8787
vn 0.0135 -0.4772 0.8787
vn 0.2802 0.3463 0.8953
vn 0.2802 0.3463 0.8953
vn 0.2802 0.3463 0.8953
vn 0.2802 0.3463 0.8953
vn -0.1437 0.1573 0.9770
vn -0.1437 0.1573 0.9770
vn -0.1437 0.1573 0.9770
vn -0.1437 0.1573 0.9770
vn 0.1281 0.6061 -0.7850
vn 0.1281 0.6061 -0.7850
vn 0.1281 0.6061 -0.7850
vn 0.1281 0.6061 -0.7850
vn 0.0507 0.6992 0.7132
vn 0.0507 0.6992 0.7132
vn 0.0507 0.6992 0.7132
vn 0.0507 0.6992 0.7132
vn -0.0000 -0.7071 0.7071
vn -0.0000 -0.7071 0.7071
vn -0.0000 -0.7071 0.7071
vn -0.0000 -0.7071 0.7071
vn -0.4656 0.8772 0.1175
vn -0.4656 0.8772 0.1175
vn -0.4656 0.8772 0.1175
vn -0.4656 0.8772 0.1175
vn -0.1445 0.9654 0.2169
vn -0.1445 0.9654 0.2169
vn -0.1445 0.9654 0.2169
vn -0.1445 0.9654 0.2169
vn -0.0000 0.7071 0.7071
vn -0.0000 0.7071 0.7071
vn -0.0000 0.7071 0.7071
vn -0.0000 0.7071 0.7071
vn 0.8578 -0.1317 0.4967
vn 0.8578 -0.1317 0.4967
vn 0.8578 -0.1317 0.4967
vn 0.8578 -0.1317 0.4967
vn 0.2520 -0.1462 0.9566
vn 0.2520 -0.1462 0.9566
vn 0.2520 -0.1462 0.9566
vn 0.2520 -0.1462 0.9566
vn 0.0269 0.8915 -0.4521
vn 0.0269 0.8915 -0.4521
vn 0.0269 0.8915 -0.4521
vn -0.1306 0.8633 0.4874
vn -0.1306 0.8633 0.4874
vn -0.1306 0.8633 0.4874
vn -0.6239 0.7171 -0.3108
vn -0.6239 0.7171 -0.3108
vn -0.6239 0.7171 -0.3108
vn 0.5851 -0.7910 -0.1789
vn 0.5851 -0.7910 -0.1789
vn 0.5851 -0.7910 -0.1789
vn -0.3191 -0.2298 0.9194
vn -0.3191 -0.2298 0.9194
vn -0.3191 -0.2298 0.9194
vn 0.1511 0.3842 0.9108
vn 0.1511 0.3842 0.9108
vn 0.1511 0.3842 0.9108
vn 0.4395 -0.4563 0.7737
vn 0.4395 -0.4563 0.7737
vn 0.4395 -0.4563 0.7737
vn -0.5019 -0.3759 -0.7789
vn -0.5019 -0.3759 -0.7789
vn -0.5019 -0.3759 -0.7789
vn -0.1895 0.9123 -0.3630
vn -0.1895 0.9123 -0.3630
vn -0.1895 0.9123 -0.3630
vn -0.1895 0.9123 -0.3630
vn -0.0319 0.9995 0.0061
vn -0.0319 0.9995 0.0061
vn -0.0319 0.9995 0.0061
vn -0.0319 0.9995 0.0061
vn -0.3788 0.8156 0.4374
vn -0.3788 0.8156 0.4374
vn -0.3788 0.8156 0.4374
vn -0.3788 0.8156 0.4374
vn 0.7912 -0.6014 0.1112
vn 0.7912 -0.6014 0.1112
vn 0.7912 -0.6014 0.1112
vn 0.7912 -0.6014 0.1112
vn -0.5756 0.5874 -0.5689
vn -0.5756 0.5874 -0.5689
vn -0.5756 0.5874 -0.5689
vn -0.5756 0.5874 -0.5689
vn -0.4175 -0.7157 -0.5599
vn -0.4175 -0.7157 -0.5599
vn -0.4175 -0.7157 -0.5599
vn -0.4175 -0.7157 -0.5599
vn 0.6079 -0.0374 0.7931
vn 0.6079 -0.0374 0.7931
vn 0.6079 -0.0374 0.7931
vn 0.6079 -0.0374 0.7931
vn 0.0135 -0.4772 0.8787
vn 0.0135 -0.4772 0.8787
vn 0.0135 -0.4772 0.8787
vn 0.0135 -0.4772 0.8787
vn 0.2802 0.3463 0.8953
vn 0.2802 0.3463 0.8953
vn 0.2802 0.3463 0.8953
vn 0.2802 0.3463 0.8953
vn -0.1437 0.1573 0.9770
vn -0.1437 0.1573 0.9770
vn -0.1437 0.1573 0.9770
vn -0.1437 0.1573 0.9770
vn 0.1281 0.6061 -0.7850
vn 0.1281 0.6061 -0.7850
vn 0.1281 0.6061 -0.7850
vn 0.1281 0.6061 -0.7850
vn 0.0507 0.6992 0.7132
vn 0.0507 0.6992 0.7132
vn 0.0507 0.6992 0.7132
vn 0.0507 0.6992 0.7132
vn -0.0000 -0.7071 0.7071
vn -0.0000 -0.7071 0.7071
vn -0.0000 -0.7071 0.7071
vn -0.0000 -0.7071 0.7071
vn -0.4656 0.8772 0.1175
vn -0.4656 0.8772 0.1175
vn -0.4656 0.8772 0.1175
vn -0.4656 0.8772 0.1175
vn -0.1445 0.9654 0.2169
vn -0.1445 0.9654 0.2169
vn -0.1445 0.9654 0.2169
vn -0.1445 0.9654 0.2169
vn -0.0000 0.7071 0.7071
vn -0.0000 0.7071 0.7071
vn -0.0000 0.7071 0.7071
vn -0.0000 0.7071 0.7071
vn 0.8578 -0.1317 0.4967
vn 0.8578 -0.1317 0.4967
vn 0.8578 -0.1317 0.4967
vn 0.8578 -0.1317 0.4967
vn 0.2520 -0.1462 0.9566
vn 0.2520 -0.1462 0.9566
vn 0.2520 -0.1462 0.9566
vn 0.2520 -0.1462 0.9566
vn 0.0047 0.9815 -0.1916
vn 0.0047 0.9815 -0.1916
vn 0.0047 0.9815 -0.1916
vn -0.2640 0.7985 0.5410
vn -0.2640 0.7985 0.5410
vn -0.2640 0.7985 0.5410
vn -0.2829 0.8682 -0.4078
vn -0.2829 0.8682 -0.4078
vn -0.2829 0.8682 -0.4078
vn 0.8272 -0.5508 0.1108
vn 0.8272 -0.5508 0.1108
vn 0.8272 -0.5508 0.1108
vn -0.3456 0.1849 0.9200
vn -0.3456 0.1849 0.9200
vn -0.3456 0.1849 0.9200
vn 0.2003 0.4165 0.8868
vn 0.2003 0.4165 0.8868
vn 0.2003 0.4165 0.8868
vn 0.1243 -0.5566 0.8215
vn 0.1243 -0.5566 0.8215
vn 0.1243 -0.5566 0.8215
vn -0.6527 -0.1452 -0.7436
vn -0.6527 -0.1452 -0.7436
vn -0.6527 -0.1452 -0.7436
vn -0.0400 0.9256 -0.3765
vn -0.0400 0.9256 -0.3765
vn -0.0400 0.9256 -0.3765
vn -0.0400 0.9256 -0.3765
vn -0.1210 0.9345 0.3348
vn -0.1210 0.9345 0.3348
vn -0.1210 0.9345 0.3348
vn -0.1210 0.9345 0.3348
vn 0.5063 -0.8117 -0.2912
vn 0.5063 -0.8117 -0.2912
vn 0.5063 -0.8117 -0.2912
vn 0.5063 -0.8117 -0.2912
vn -0.7189 0.6688 -0.1895
vn -0.7189 0.6688 -0.1895
vn -0.7189 0.6688 -0.1895
vn -0.7189 0.6688 -0.1895
vn 0.1548 -0.7354 0.6597
vn 0.1548 -0.7354 0.6597
vn 0.1548 -0.7354 0.6597
vn 0.1548 -0.7354 0.6597
vn 0.8656 0.0544 0.4978
vn 0.8656 0.0544 0.4978
vn 0.8656 0.0544 0.4978
vn 0.8656 0.0544 0.4978
vn 0.5170 -0.2888 0.8058
vn 0.5170 -0.2888 0.8058
vn 0.5170 -0.2888 0.8058
vn 0.5170 -0.2888 0.8058
vn -0.1734 -0.3327 0.9270
vn -0.1734 -0.3327 0.9270
vn -0.1734 -0.3327 0.9270
vn -0.1734 -0.3327 0.9270
vn 0.4048 0.3445 0.8470
vn 0.4048 0.3445 0.8470
vn 0.4048 0.3445 0.8470
vn 0.4048 0.3445 0.8470
vn 0.1014 0.2712 0.9572
vn 0.1014 0.2712 0.9572
vn 0.1014 0.2712 0.9572
vn 0.1014 0.2712 0.9572
vn -0.2337 0.9665 -0.1057
vn -0.2337 0.9665 -0.1057
vn -0.2337 0.9665 -0.1057
vn -0.2337 0.9665 -0.1057
vn -0.0137 0.6677 0.7443
vn -0.0137 0.6677 0.7443
vn -0.0137 0.6677 0.7443
vn -0.0137 0.6677 0.7443
vn 0.1553 0.6012 -0.7839
vn 0.1553 0.6012 -0.7839
vn 0.1553 0.6012 -0.7839
vn 0.1553 0.6012 -0.7839
vn -0.4681 0.8747 0.1254
vn -0.4681 0.8747 0.1254
vn -0.4681 0.8747 0.1254
vn -0.4681 0.8747 0.1254
vn 0.0507 0.7813 0.6221
vn 0.0507 0.7813 0.6221
vn 0.0507 0.7813 0.6221
vn 0.0507 0.7813 0.6221
vn -0.1674 -0.7823 -0.6000
vn -0.1674 -0.7823 -0.6000
vn -0.1674 -0.7823 -0.6000
vn -0.1674 -0.7823 -0.6000
vn -0.7337 0.4232 -0.5316
vn -0.7337 0.4232 -0.5316
vn -0.7337 0.4232 -0.5316
vn -0.7337 0.4232 -0.5316
vn 0.2563 -0.1372 0.9568
vn 0.2563 -0.1372 0.9568
vn 0.2563 -0.1372 0.9568
vn 0.2563 -0.1372 0.9568
vn -0.0000 0.8735 -0.4869
vn -0.0000 0.8735 -0.4869
vn -0.0000 0.8735 -0.4869
vn -0.0451 0.9444 0.3256
vn -0.0451 0.9444 0.3256
vn -0.0451 0.9444 0.3256
vn -0.7707 0.5849 -0.2530
vn -0.7707 0.5849 -0.2530
vn -0.7707 0.5849 -0.2530
vn 0.3980 -0.8398 -0.3692
vn 0.3980 -0.8398 -0.3692
vn 0.3980 -0.8398 -0.3692
vn -0.1939 -0.3948 0.8981
vn -0.1939 -0.3948 0.8981
vn -0.1939 -0.3948 0.8981
vn 0.0502 0.3966 0.9166
vn 0.0502 0.3966 0.9166
vn 0.0502 0.3966 0.9166
vn 0.6070 -0.2590 0.7513
vn 0.6070 -0.2590 0.7513
vn 0.6070 -0.2590 0.7513
vn 0.3605 0.4541 0.8147
vn 0.3605 0.4541 0.8147
vn 0.3605 0.4541 0.8147
vn -0.3816 0.8732 -0.3030
vn -0.3816 0.8732 -0.3030
vn -0.3816 0.8732 -0.3030
vn -0.3816 0.8732 -0.3030
vn -0.0147 0.9844 -0.1753
vn -0.0147 0.9844 -0.1753
vn -0.0147 0.9844 -0.1753
vn -0.0147 0.9844 -0.1753
vn -0.3065 0.8211 0.4816
vn -0.3065 0.8211 0.4816
vn -0.3065 0.8211 0.4816
vn -0.3065 0.8211 0.4816
vn 0.7583 -0.6519 0.0055
vn 0.7583 -0.6519 0.0055
vn 0.7583 -0.6519 0.0055
vn 0.7583 -0.6519 0.0055
vn -0.7679 0.3706 -0.5225
vn -0.7679 0.3706 -0.5225
vn -0.7679 0.3706 -0.5225
vn -0.7679 0.3706 -0.5225
vn -0.1214 -0.7768 -0.6180
vn -0.1214 -0.7768 -0.6180
vn -0.1214 -0.7768 -0.6180
vn -0.1214 -0.7768 -0.6180
vn 0.5828 0.1424 0.8000
vn 0.5828 0.1424 0.8000
vn 0.5828 0.1424 0.8000
vn 0.5828 0.1424 0.8000
vn 0.1792 -0.4977 0.8486
vn 0.1792 -0.4977 0.8486
vn 0.1792 -0.4977 0.8486
vn 0.1792 -0.4977 0.8486
vn 0.2304 0.3190 0.9193
vn 0.2304 0.3190 0.9193
vn 0.2304 0.3190 0.9193
vn 0.2304 0.3190 0.9193
vn -0.2505 0.0081 0.9681
vn -0.2505 0.0081 0.9681
vn -0.2505 0.0081 0.9681
vn -0.2505 0.0081 0.9681
vn 0.1434 0.6161 -0.7745
vn 0.1434 0.6161 -0.7745
vn 0.1434 0.6161 -0.7745
vn 0.1434 0.6161 -0.7745
vn 0.0360 0.8151 0.5783
vn 0.0360 0.8151 0.5783
vn 0.0360 0.8151 0.5783
vn 0.0360 0.8151 0.5783
vn 0.2197 -0.7330 0.6438
vn 0.2197 -0.7330 0.6438
vn 0.2197 -0.7330 0.6438
vn 0.2197 -0.7330 0.6438
vn -0.4681 0.8747 0.1254
vn -0.4681 0.8747 0.1254
vn -0.4681 0.8747 0.1254
vn -0.4681 0.8747 0.1254
vn -0.2326 0.9401 -0.2494
vn -0.2326 0.9401 -0.2494
vn -0.2326 0.9401 -0.2494
vn -0.2326 0.9401 -0.2494
vn -0.0093 0.6599 0.7513
vn -0.0093 0.6599 0.7513
vn -0.0093 0.6599 0.7513
vn -0.0093 0.6599 0.7513
vn 0.8535 0.1336 0.5037
vn 0.8535 0.1336 0.5037
vn 0.8535 0.1336 0.5037
vn 0.8535 0.1336 0.5037
vn 0.2563 -0.1372 0.9568
vn 0.2563 -0.1372 0.9568
vn 0.2563 -0.1372 0.9568
vn 0.2563 -0.1372 0.9568
vn -0.0000 -0.7071 0.7071
vn -0.0000 -0.7071 0.7071
vn -0.0000 -0.7071 0.7071
vn -0.0000 -0.7071 0.7071
vn -0.0000 -0.7071 0.7071
vn 0.5941 0.1464 0.7910
vn 0.5941 0.1464 0.7910
vn 0.5941 0.1464 0.7910
vn 0.0237 0.2743 0.9613
vn 0.0237 0.2743 0.9613
vn 0.0237 0.2743 0.9613
vn -0.0697 0.9687 0.2382
vn -0.0697 0.9687 0.2382
vn -0.0697 0.9687 0.2382
vn 0.7692 -0.6387 0.0205
vn 0.7692 -0.6387 0.0205
vn 0.7692 -0.6387 0.0205
vn -0.0000 -0.7071 0.7071
vn -0.0000 -0.7071 0.7071
vn -0.0000 -0.7071 0.7071
vn -0.0000 -0.7071 0.7071
vn -0.0000 -0.7071 0.7071
vn 0.5941 0.1464 0.7910
vn 0.5941 0.1464 0.7910
vn 0.5941 0.1464 0.7910
vn 0.0237 0.2743 0.9613
vn 0.0237 0.2743 0.9613
vn 0.0237 0.2743 0.9613
vn -0.0697 0.9687 0.2382
vn -0.0697 0.9687 0.2382
vn -0.0697 0.9687 0.2382
vn 0.7692 -0.6387 0.0205
vn 0.7692 -0.6387 0.0205
vn 0.7692 -0.6387 0.0205
f 2891//2891 2893//2893 2892//2892
f 2894//2894 2896//2896 2895//2895
f 2897//2897 2899//2899 2898//2898
f 2900//2900 2902//2902 2901//2901
f 2903//2903 2905//2905 2904//2904
f 2906//2906 2908//2908 2907//2907
f 2909//2909 2911//2911 2910//2910
f 2912//2912 2914//2914 2913//2913
f 2915//2915 2917//2917 2916//2916
f 2915//2915 2916//2916 2918//2918
f 2919//2919 2921//2921 2920//2920
f 2919//2919 2920//2920 2922//2922
f 2923//2923 2925//2925 2924//2924
f 2923//2923 2924//2924 2926//2926
f 2927//2927 2929//2929 2928//2928
f 2927//2927 2928//2928 2930//2930
f 2931//2931 2933//2933 2932//2932
f 2931//2931 2932//2932 2934//2934
f 2935//2935 2937//2937 2936//2936
f 2935//2935 2936//2936 2938//2938
f 2939//2939 2941//2941 2940//2940
f 2939//2939 2940//2940 2942//2942
f 2943//2943 2945//2945 2944//2944
f 2943//2943 2944//2944 2946//2946
f 2947//2947 2949//2949 2948//2948
f 2947//2947 2948//2948 2950//2950
f 2951//2951 2953//2953 2952//2952
f 2951//2951 2952//2952 2954//2954
f 2955//2955 2957//2957 2956//2956
f 2955//2955 2956//2956 2958//2958
f 2959//2959 2961//2961 2960//2960
f 2959//2959 2960//2960 2962//2962
f 2963//2963 2965//2965 2964//2964
f 2963//2963 2964//2964 2966//2966
f 2967//2967 2969//2969 2968//2968
f 2967//2967 2968//2968 2970//2970
f 2971//2971 2973//2973 2972//2972
f 2971//2971 2972//2972 2974//2974
f 2975//2975 2977//2977 2976//2976
f 2975//2975 2976//2976 2978//2978
f 2979//2979 2981//2981 2980//2980
f 2979//2979 2980//2980 2982//2982
f 2983//2983 2985//2985 2984//2984
f 2983//2983 2984//2984 2986//2986
f 2987//2987 2989//2989 2988//2988
f 2990//2990 2992//2992 2991//2991
f 2993//2993 2995//2995 2994//2994
f 2996//2996 2998//2998 2997//2997
f 2999//2999 3001//3001 3000//3000
f 3002//3002 3004//3004 3003//3003
f 3005//3005 3007//3007 3006//3006
f 3008//3008 3010//3010 3009//3009
f 3011//3011 3013//3013 3012//3012
f 3011//3011 3012//3012 3014//3014
f 3015//3015 3017//3017 3016//3016
f 3015//3015 3016//3016 3018//3018
f 3019//3019 3021//3021 3020//3020
f 3019//3019 3020//3020 3022//3022
f 3023//3023 3025//3025 3024//3024
f 3023//3023 3024//3024 3026//3026
f 3027//3027 3029//3029 3028//3028
f 3027//3027 3028//3028 3030//3030
f 3031//3031 3033//3033 3032//3032
f 3031//3031 3032//3032 3034//3034
f 3035//3035 3037//3037 3036//3036
f 3035//3035 3036//3036 3038//3038
f 3039//3039 3041//3041 3040//3040
f 3039//3039 3040//3040 3042//3042
f 3043//3043 3045//3045 3044//3044
f 3043//3043 3044//3044 3046//3046
f 3047//3047 3049//3049 3048//3048
f 3047//3047 3048//3048 3050//3050
f 3051//3051 3053//3053 3052//3052
f 3051//3051 3052//3052 3054//3054
f 3055//3055 3057//3057 3056//3056
f 3055//3055 3056//3056 3058//3058
f 3059//3059 3061//3061 3060//3060
f 3059//3059 3060//3060 3062//3062
f 3063//3063 3065//3065 3064//3064
f 3063//3063 3064//3064 3066//3066
f 3067//3067 3069//3069 3068//3068
f 3067//3067 3068//3068 3070//3070
f 3071//3071 3073//3073 3072//3072
f 3071//3071 3072//3072 3074//3074
f 3075//3075 3077//3077 3076//3076
f 3075//3075 3076//3076 3078//3078
f 3079//3079 3081//3081 3080//3080
f 3079//3079 3080//3080 3082//3082
f 3083//3083 3085//3085 3084//3084
f 3086//3086 3088//3088 3087//3087
f 3089//3089 3091//3091 3090//3090
f 3092//3092 3094//3094 3093//3093
f 3095//3095 3097//3097 3096//3096
f 3098//3098 3100//3100 3099//3099
f 3101//3101 3103//3103 3102//3102
f 3104//3104 3106//3106 3105//3105
f 3107//3107 3109//3109 3108//3108
f 3107//3107 3108//3108 3110//3110
f 3111//3111 3113//3113 3112//3112
f 3111//3111 3112//3112 3114//3114
f 3115//3115 3117//3117 3116//3116
f 3115//3115 3116//3116 3118//3118
f 3119//3119 3121//3121 3120//3120
f 3119//3119 3120//3120 3122//3122
f 3123//3123 3125//3125 3124//3124
f 3123//3123 3124//3124 3126//3126
f 3127//3127 3129//3129 3128//3128
f 3127//3127 3128//3128 3130//3130
f 3131//3131 3133//3133 3132//3132
f 3131//3131 3132//3132 3134//3134
f 3135//3135 3137//3137 3136//3136
f 3135//3135 3136//3136 3138//3138
f 3139//3139 3141//3141 3140//3140
f 3139//3139 3140//3140 3142//3142
f 3143//3143 3145//3145 3144//3144
f 3143//3143 3144//3144 3146//3146
f 3147//3147 3149//3149 3148//3148
f 3147//3147 3148//3148 3150//3150
f 3151//3151 3153//3153 3152//3152
f 3151//3151 3152//3152 3154//3154
f 3155//3155 3157//3157 3156//3156
f 3155//3155 3156//3156 3158//3158
f 3159//3159 3161//3161 3160//3160
f 3159//3159 3160//3160 3162//3162
f 3163//3163 3165//3165 3164//3164
f 3163//3163 3164//3164 3166//3166
f 3167//3167 3169//3169 3168//3168
f 3167//3167 3168//3168 3170//3170
f 3171//3171 3173//3173 3172//3172
f 3171//3171 3172//3172 3174//3174
f 3175//3175 3177//3177 3176//3176
f 3175//3175 3176//3176 3178//3178
f 3179//3179 3181//3181 3180//3180
f 3182//3182 3184//3184 3183//3183
f 3185//3185 3187//3187 3186//3186
f 3188//3188 3190//3190 3189//3189
f 3191//3191 3193//3193 3192//3192
f 3194//3194 3196//3196 3195//3195
f 3197//3197 3199//3199 3198//3198
f 3200//3200 3202//3202 3201//3201
f 3203//3203 3205//3205 3204//3204
f 3203//3203 3204//3204 3206//3206
f 3207//3207 3209//3209 3208//3208
f 3207//3207 3208//3208 3210//3210
f 3211//3211 3213//3213 3212//3212
f 3211//3211 3212//3212 3214//3214
f 3215//3215 3217//3217 3216//3216
f 3215//3215 3216//3216 3218//3218
f 3219//3219 3221//3221 3220//3220
f 3219//3219 3220//3220 3222//3222
f 3223//3223 3225//3225 3224//3224
f 3223//3223 3224//3224 3226//3226
f 3227//3227 3229//3229 3228//3228
f 3227//3227 3228//3228 3230//3230
f 3231//3231 3233//3233 3232//3232
f 3231//3231 3232//3232 3234//3234
f 3235//3235 3237//3237 3236//3236
f 3235//3235 3236//3236 3238//3238
f 3239//3239 3241//3241 3240//3240
f 3239//3239 3240//3240 3242//3242
f 3243//3243 3245//3245 3244//3244
f 3243//3243 3244//3244 3246//3246
f 3247//3247 3249//3249 3248//3248
f 3247//3247 3248//3248 3250//3250
f 3251//3251 3253//3253 3252//3252
f 3251//3251 3252//3252 3254//3254
f 3255//3255 3257//3257 3256//3256
f 3255//3255 3256//3256 3258//3258
f 3259//3259 3261//3261 3260//3260
f 3259//3259 3260//3260 3262//3262
f 3263//3263 3265//3265 3264//3264
f 3263//3263 3264//3264 3266//3266
f 3267//3267 3269//3269 3268//3268
f 3267//3267 3268//3268 3270//3270
f 3271//3271 3273//3273 3272//3272
f 3271//3271 3272//3272 3274//3274
f 2795//2795 2797//2797 2796//2796
f 2798//2798 2800//2800 2799//2799
f 2801//2801 2803//2803 2802//2802
f 2804//2804 2806//2806 2805//2805
f 2807//2807 2809//2809 2808//2808
f 2810//2810 2812//2812 2811//2811
f 2813//2813 2815//2815 2814//2814
f 2816//2816 2818//2818 2817//2817
f 2819//2819 2821//2821 2820//2820
f 2819//2819 2820//2820 2822//2822
f 2823//2823 2825//2825 2824//2824
f 2823//2823 2824//2824 2826//2826
f 2827//2827 2829//2829 2828//2828
f 2827//2827 2828//2828 2830//2830
f 2831//2831 2833//2833 2832//2832
f 2831//2831 2832//2832 2834//2834
f 2835//2835 2837//2837 2836//2836
f 2835//2835 2836//2836 2838//2838
f 2839//2839 2841//2841 2840//2840
f 2839//2839 2840//2840 2842//2842
f 2843//2843 2845//2845 2844//2844
f 2843//2843 2844//2844 2846//2846
f 2847//2847 2849//2849 2848//2848
f 2847//2847 2848//2848 2850//2850
f 2851//2851 2853//2853 2852//2852
f 2851//2851 2852//2852 2854//2854
f 2855//2855 2857//2857 2856//2856
f 2855//2855 2856//2856 2858//2858
f 2859//2859 2861//2861 2860//2860
f 2859//2859 2860//2860 2862//2862
f 2863//2863 2865//2865 2864//2864
f 2863//2863 2864//2864 2866//2866
f 2867//2867 2869//2869 2868//2868
f 2867//2867 2868//2868 2870//2870
f 2871//2871 2873//2873 2872//2872
f 2871//2871 2872//2872 2874//2874
f 2875//2875 2877//2877 2876//2876
f 2875//2875 2876//2876 2878//2878
f 2879//2879 2881//2881 2880//2880
f 2879//2879 2880//2880 2882//2882
f 2883//2883 2885//2885 2884//2884
f 2883//2883 2884//2884 2886//2886
f 2887//2887 2889//2889 2888//2888
f 2887//2887 2888//2888 2890//2890
f 3275//3275 3277//3277 3276//3276
f 3278//3278 3280//3280 3279//3279
f 3281//3281 3283//3283 3282//3282
f 3284//3284 3286//3286 3285//3285
f 3287//3287 3289//3289 3288//3288
f 3290//3290 3292//3292 3291//3291
f 3293//3293 3295//3295 3294//3294
f 3296//3296 3298//3298 3297//3297
f 3299//3299 3301//3301 3300//3300
f 3299//3299 3300//3300 3302//3302
f 3303//3303 3305//3305 3304//3304
f 3303//3303 3304//3304 3306//3306
f 3307//3307 3309//3309 3308//3308
f 3307//3307 3308//3308 3310//3310
f 3311//3311 3313//3313 3312//3312
f 3311//3311 3312//3312 3314//3314
f 3315//3315 3317//3317 3316//3316
f 3315//3315 3316//3316 3318//3318
f 3319//3319 3321//3321 3320//3320
f 3319//3319 3320//3320 3322//3322
f 3323//3323 3325//3325 3324//3324
f 3323//3323 3324//3324 3326//3326
f 3327//3327 3329//3329 3328//3328
f 3327//3327 3328//3328 3330//3330
f 3331//3331 3333//3333 3332//3332
f 3331//3331 3332//3332 3334//3334
f 3335//3335 3337//3337 3336//3336
f 3335//3335 3336//3336 3338//3338
f 3339//3339 3341//3341 3340//3340
f 3339//3339 3340//3340 3342//3342
f 3343//3343 3345//3345 3344//3344
f 3343//3343 3344//3344 3346//3346
f 3347//3347 3349//3349 3348//3348
f 3347//3347 3348//3348 3350//3350
f 3351//3351 3353//3353 3352//3352
f 3351//3351 3352//3352 3354//3354
f 3355//3355 3357//3357 3356//3356
f 3355//3355 3356//3356 3358//3358
f 3359//3359 3361//3361 3360//3360
f 3359//3359 3360//3360 3362//3362
f 3363//3363 3365//3365 3364//3364
f 3363//3363 3364//3364 3366//3366
f 3367//3367 3369//3369 3368//3368
f 3367//3367 3368//3368 3370//3370
f 3371//3371 3373//3373 3372//3372
f 3374//3374 3376//3376 3375//3375
f 3377//3377 3379//3379 3378//3378
f 3380//3380 3382//3382 3381//3381
f 3383//3383 3385//3385 3384//3384
f 3386//3386 3388//3388 3387//3387
f 3389//3389 3391//3391 3390//3390
f 3392//3392 3394//3394 3393//3393
f 3395//3395 3397//3397 3396//3396
f 3395//3395 3396//3396 3398//3398
f 3399//3399 3401//3401 3400//3400
f 3399//3399 3400//3400 3402//3402
f 3403//3403 3405//3405 3404//3404
f 3403//3403 3404//3404 3406//3406
f 3407//3407 3409//3409 3408//3408
f 3407//3407 3408//3408 3410//3410
f 3411//3411 3413//3413 3412//3412
f 3411//3411 3412//3412 3414//3414
f 3415//3415 3417//3417 3416//3416
f 3415//3415 3416//3416 3418//3418
f 3419//3419 3421//3421 3420//3420
f 3419//3419 3420//3420 3422//3422
f 3423//3423 3425//3425 3424//3424
f 3423//3423 3424//3424 3426//3426
f 3427//3427 3429//3429 3428//3428
f 3427//3427 3428//3428 3430//3430
f 3431//3431 3433//3433 3432//3432
f 3431//3431 3432//3432 3434//3434
f 3435//3435 3437//3437 3436//3436
f 3435//3435 3436//3436 3438//3438
f 3439//3439 3441//3441 3440//3440
f 3439//3439 3440//3440 3442//3442
f 3443//3443 3445//3445 3444//3444
f 3443//3443 3444//3444 3446//3446
f 3447//3447 3449//3449 3448//3448
f 3447//3447 3448//3448 3450//3450
f 3451//3451 3453//3453 3452//3452
f 3451//3451 3452//3452 3454//3454
f 3455//3455 3457//3457 3456//3456
f 3455//3455 3456//3456 3458//3458
f 3459//3459 3461//3461 3460//3460
f 3459//3459 3460//3460 3462//3462
f 3463//3463 3465//3465 3464//3464
f 3463//3463 3464//3464 3466//3466
f 3467//3467 3469//3469 3468//3468
f 3467//3467 3468//3468 3470//3470
f 3467//3467 3471//3471 3469//3469
f 3467//3467 3470//3470 3471//3471
f 3472//3472 3474//3474 3473//3473
f 3475//3475 3477//3477 3476//3476
f 3478//3478 3480//3480 3479//3479
f 3481//3481 3483//3483 3482//3482
f 3484//3484 3486//3486 3485//3485
f 3484//3484 3485//3485 3487//3487
f 3484//3484 3488//3488 3486//3486
f 3484//3484 3487//3487 3488//3488
f 3489//3489 3491//3491 3490//3490
f 3492//3492 3494//3494 3493//3493
f 3495//3495 3497//3497 3496//3496
f 3498//3498 3500//3500 3499//3499
g core_hay
usemtl hay
v 0.17500 0.00000 -0.18500
v 0.17000 0.00500 -0.18500
v 0.17500 0.00500 -0.18000
v 0.17500 0.03000 -0.18000
v 0.17000 0.03000 -0.18500
v 0.17500 0.03500 -0.18500
v 0.17500 0.00000 -0.21500
v 0.17500 0.00500 -0.22000
v 0.17000 0.00500 -0.21500
v 0.17500 0.03500 -0.21500
v 0.17000 0.03000 -0.21500
v 0.17500 0.03000 -0.22000
v 0.22500 0.00000 -0.18500
v 0.22500 0.00500 -0.18000
v 0.23000 0.00500 -0.18500
v 0.22500 0.03500 -0.18500
v 0.23000 0.03000 -0.18500
v 0.22500 0.03000 -0.18000
v 0.22500 0.00000 -0.21500
v 0.23000 0.00500 -0.21500
v 0.22500 0.00500 -0.22000
v 0.22500 0.03500 -0.21500
v 0.22500 0.03000 -0.22000
v 0.23000 0.03000 -0.21500
v 0.17500 0.00000 -0.21500
v 0.17000 0.00500 -0.18500
v 0.17500 0.00000 -0.18500
v 0.17000 0.00500 -0.21500
v 0.17500 0.00500 -0.18000
v 0.17000 0.03000 -0.18500
v 0.17500 0.03000 -0.18000
v 0.17000 0.00500 -0.18500
v 0.17500 0.03500 -0.18500
v 0.17000 0.03000 -0.21500
v 0.17500 0.03500 -0.21500
v 0.17000 0.03000 -0.18500
v 0.17500 0.03000 -0.22000
v 0.17000 0.00500 -0.21500
v 0.17500 0.00500 -0.22000
v 0.17000 0.03000 -0.21500
v 0.22500 0.00000 -0.21500
v 0.17500 0.00500 -0.22000
v 0.17500 0.00000 -0.21500
v 0.22500 0.00500 -0.22000
v 0.17500 0.03500 -0.21500
v 0.22500 0.03000 -0.22000
v 0.22500 0.03500 -0.21500
v 0.17500 0.03000 -0.22000
v 0.23000 0.03000 -0.21500
v 0.22500 0.00500 -0.22000
v 0.23000 0.00500 -0.21500
v 0.22500 0.03000 -0.22000
v 0.22500 0.00000 -0.18500
v 0.23000 0.00500 -0.21500
v 0.22500 0.00000 -0.21500
v 0.23000 0.00500 -0.18500
v 0.22500 0.03500 -0.21500
v 0.23000 0.03000 -0.18500
v 0.22500 0.03500 -0.18500
v 0.23000 0.03000 -0.21500
v 0.22500 0.03000 -0.18000
v 0.23000 0.00500 -0.18500
v 0.22500 0.00500 -0.18000
v 0.23000 0.03000 -0.18500
v 0.17500 0.00000 -0.18500
v 0.22500 0.00500 -0.18000
v 0.22500 0.00000 -0.18500
v 0.17500 0.00500 -0.18000
v 0.22500 0.03500 -0.18500
v 0.17500 0.03000 -0.18000
v 0.17500 0.03500 -0.18500
v 0.22500 0.03000 -0.18000
v 0.17500 0.00000 -0.21500
v 0.22500 0.00000 -0.18500
v 0.22500 0.00000 -0.21500
v 0.17500 0.00000 -0.18500
v 0.17000 0.00500 -0.18500
v 0.17000 0.03000 -0.21500
v 0.17000 0.03000 -0.18500
v 0.17000 0.00500 -0.21500
v 0.22500 0.00500 -0.18000
v 0.17500 0.03000 -0.18000
v 0.22500 0.03000 -0.18000
v 0.17500 0.00500 -0.18000
v 0.22500 0.03500 -0.21500
v 0.17500 0.03500 -0.18500
v 0.17500 0.03500 -0.21500
v 0.22500 0.03500 -0.18500
v 0.17500 0.00500 -0.22000
v 0.22500 0.03000 -0.22000
v 0.17500 0.03000 -0.22000
v 0.22500 0.00500 -0.22000
v 0.23000 0.00500 -0.21500
v 0.23000 0.03000 -0.18500
v 0.23000 0.03000 -0.21500
v 0.23000 0.00500 -0.18500
vn -0.5774 -0.5773 0.5774
vn -0.5774 -0.5773 0.5774
vn -0.5774 -0.5773 0.5774
vn -0.5774 0.5774 0.5773
vn -0.5774 0.5774 0.5773
vn -0.5774 0.5774 0.5773
vn -0.5773 -0.5773 -0.5774
vn -0.5773 -0.5773 -0.5774
vn -0.5773 -0.5773 -0.5774
vn -0.5774 0.5773 -0.5774
vn -0.5774 0.5773 -0.5774
vn -0.5774 0.5773 -0.5774
vn 0.5774 -0.5774 0.5773
vn 0.5774 -0.5774 0.5773
vn 0.5774 -0.5774 0.5773
vn 0.5774 0.5774 0.5774
vn 0.5774 0.5774 0.5774
vn 0.5774 0.5774 0.5774
vn 0.5773 -0.5774 -0.5774
vn 0.5773 -0.5774 -0.5774
vn 0.5773 -0.5774 -0.5774
vn 0.5774 0.5774 -0.5773
vn 0.5774 0.5774 -0.5773
vn 0.5774 0.5774 -0.5773
vn -0.7071 -0.7071 -0.0001
vn -0.7071 -0.7071 -0.0001
vn -0.7071 -0.7071 -0.0001
vn -0.7071 -0.7071 -0.0001
vn -0.7071 -0.0000 0.7071
vn -0.7071 -0.0000 0.7071
vn -0.7071 -0.0000 0.7071
vn -0.7071 -0.0000 0.7071
vn -0.7071 0.7071 -0.0000
vn -0.7071 0.7071 -0.0000
vn -0.7071 0.7071 -0.0000
vn -0.7071 0.7071 -0.0000
vn -0.7071 0.0000 -0.7071
vn -0.7071 0.0000 -0.7071
vn -0.7071 0.0000 -0.7071
vn -0.7071 0.0000 -0.7071
vn 0.0000 -0.7071 -0.7071
vn 0.0000 -0.7071 -0.7071
vn 0.0000 -0.7071 -0.7071
vn 0.0000 -0.7071 -0.7071
vn 0.0000 0.7071 -0.7071
vn 0.0000 0.7071 -0.7071
vn 0.0000 0.7071 -0.7071
vn 0.0000 0.7071 -0.7071
vn 0.7071 0.0000 -0.7071
vn 0.7071 0.0000 -0.7071
vn 0.7071 0.0000 -0.7071
vn 0.7071 0.0000 -0.7071
vn 0.7071 -0.7071 -0.0000
vn 0.7071 -0.7071 -0.0000
vn 0.7071 -0.7071 -0.0000
vn 0.7071 -0.7071 -0.0000
vn 0.7071 0.7071 0.0000
vn 0.7071 0.7071 0.0000
vn 0.7071 0.7071 0.0000
vn 0.7071 0.7071 0.0000
vn 0.7071 -0.0000 0.7071
vn 0.7071 -0.0000 0.7071
vn 0.7071 -0.0000 0.7071
vn 0.7071 -0.0000 0.7071
vn -0.0000 -0.7071 0.7071
vn -0.0000 -0.7071 0.7071
vn -0.0000 -0.7071 0.7071
vn -0.0000 -0.7071 0.7071
vn -0.0000 0.7071 0.7071
vn -0.0000 0.7071 0.7071
vn -0.0000 0.7071 0.7071
vn -0.0000 0.7071 0.7071
vn 0.0000 -1.0000 -0.0000
vn 0.0000 -1.0000 -0.0000
vn 0.0000 -1.0000 -0.0000
vn 0.0000 -1.0000 -0.0000
vn -1.0000 0.0000 -0.0000
vn -1.0000 0.0000 -0.0000
vn -1.0000 0.0000 -0.0000
vn -1.0000 0.0000 -0.0000
vn -0.0000 -0.0000 1.0000
vn -0.0000 -0.0000 1.0000
vn -0.0000 -0.0000 1.0000
vn -0.0000 -0.0000 1.0000
vn 0.0000 1.0000 -0.0000
vn 0.0000 1.0000 -0.0000
vn 0.0000 1.0000 -0.0000
vn 0.0000 1.0000 -0.0000
vn 0.0000 0.0000 -1.0000
vn 0.0000 0.0000 -1.0000
vn 0.0000 0.0000 -1.0000
vn 0.0000 0.0000 -1.0000
vn 1.0000 0.0000 -0.0000
vn 1.0000 0.0000 -0.0000
vn 1.0000 0.0000 -0.0000
vn 1.0000 0.0000 -0.0000
f 3501//3501 3503//3503 3502//3502
f 3504//3504 3506//3506 3505//3505
f 3507//3507 3509//3509 3508//3508
f 3510//3510 3512//3512 3511//3511
f 3513//3513 3515//3515 3514//3514
f 3516//3516 3518//3518 3517//3517
f 3519//3519 3521//3521 3520//3520
f 3522//3522 3524//3524 3523//3523
f 3525//3525 3527//3527 3526//3526
f 3525//3525 3526//3526 3528//3528
f 3529//3529 3531//3531 3530//3530
f 3529//3529 3530//3530 3532//3532
f 3533//3533 3535//3535 3534//3534
f 3533//3533 3534//3534 3536//3536
f 3537//3537 3539//3539 3538//3538
f 3537//3537 3538//3538 3540//3540
f 3541//3541 3543//3543 3542//3542
f 3541//3541 3542//3542 3544//3544
f 3545//3545 3547//3547 3546//3546
f 3545//3545 3546//3546 3548//3548
f 3549//3549 3551//3551 3550//3550
f 3549//3549 3550//3550 3552//3552
f 3553//3553 3555//3555 3554//3554
f 3553//3553 3554//3554 3556//3556
f 3557//3557 3559//3559 3558//3558
f 3557//3557 3558//3558 3560//3560
f 3561//3561 3563//3563 3562//3562
f 3561//3561 3562//3562 3564//3564
f 3565//3565 3567//3567 3566//3566
f 3565//3565 3566//3566 3568//3568
f 3569//3569 3571//3571 3570//3570
f 3569//3569 3570//3570 3572//3572
f 3573//3573 3575//3575 3574//3574
f 3573//3573 3574//3574 3576//3576
f 3577//3577 3579//3579 3578//3578
f 3577//3577 3578//3578 3580//3580
f 3581//3581 3583//3583 3582//3582
f 3581//3581 3582//3582 3584//3584
f 3585//3585 3587//3587 3586//3586
f 3585//3585 3586//3586 3588//3588
f 3589//3589 3591//3591 3590//3590
f 3589//3589 3590//3590 3592//3592
f 3593//3593 3595//3595 3594//3594
f 3593//3593 3594//3594 3596//3596
g core_plank
usemtl plank
v -0.25600 0.00000 0.23600
v -0.26000 0.00400 0.23600
v -0.25600 0.00400 0.24000
v -0.25600 0.02600 0.24000
v -0.26000 0.02600 0.23600
v -0.25600 0.03000 0.23600
v -0.25600 0.00000 0.20400
v -0.25600 0.00400 0.20000
v -0.26000 0.00400 0.20400
v -0.25600 0.03000 0.20400
v -0.26000 0.02600 0.20400
v -0.25600 0.02600 0.20000
v -0.14400 0.00000 0.23600
v -0.14400 0.00400 0.24000
v -0.14000 0.00400 0.23600
v -0.14400 0.03000 0.23600
v -0.14000 0.02600 0.23600
v -0.14400 0.02600 0.24000
v -0.14400 0.00000 0.20400
v -0.14000 0.00400 0.20400
v -0.14400 0.00400 0.20000
v -0.14400 0.03000 0.20400
v -0.14400 0.02600 0.20000
v -0.14000 0.02600 0.20400
v -0.25600 0.00000 0.20400
v -0.26000 0.00400 0.23600
v -0.25600 0.00000 0.23600
v -0.26000 0.00400 0.20400
v -0.25600 0.00400 0.24000
v -0.26000 0.02600 0.23600
v -0.25600 0.02600 0.24000
v -0.26000 0.00400 0.23600
v -0.25600 0.03000 0.23600
v -0.26000 0.02600 0.20400
v -0.25600 0.03000 0.20400
v -0.26000 0.02600 0.23600
v -0.25600 0.02600 0.20000
v -0.26000 0.00400 0.20400
v -0.25600 0.00400 0.20000
v -0.26000 0.02600 0.20400
v -0.14400 0.00000 0.20400
v -0.25600 0.00400 0.20000
v -0.25600 0.00000 0.20400
v -0.14400 0.00400 0.20000
v -0.25600 0.03000 0.20400
v -0.14400 0.02600 0.20000
v -0.14400 0.03000 0.20400
v -0.25600 0.02600 0.20000
v -0.14000 0.02600 0.20400
v -0.14400 0.00400 0.20000
v -0.14000 0.00400 0.20400
v -0.14400 0.02600 0.20000
v -0.14400 0.00000 0.23600
v -0.14000 0.00400 0.20400
v -0.14400 0.00000 0.20400
v -0.14000 0.00400 0.23600
v -0.14400 0.03000 0.20400
v -0.14000 0.02600 0.23600
v -0.14400 0.03000 0.23600
v -0.14000 0.02600 0.20400
v -0.14400 0.02600 0.24000
v -0.14000 0.00400 0.23600
v -0.14400 0.00400 0.24000
v -0.14000 0.02600 0.23600
v -0.25600 0.00000 0.23600
v -0.14400 0.00400 0.24000
v -0.14400 0.00000 0.23600
v -0.25600 0.00400 0.24000
v -0.14400 0.03000 0.23600
v -0.25600 0.02600 0.24000
v -0.25600 0.03000 0.23600
v -0.14400 0.02600 0.24000
v -0.25600 0.00000 0.20400
v -0.14400 0.00000 0.23600
v -0.14400 0.00000 0.20400
v -0.25600 0.00000 0.23600
v -0.26000 0.00400 0.23600
v -0.26000 0.02600 0.20400
v -0.26000 0.02600 0.23600
v -0.26000 0.00400 0.20400
v -0.14400 0.00400 0.24000
v -0.25600 0.02600 0.24000
v -0.14400 0.02600 0.24000
v -0.25600 0.00400 0.24000
v -0.14400 0.03000 0.20400
v -0.25600 0.03000 0.23600
v -0.25600 0.03000 0.20400
v -0.14400 0.03000 0.23600
v -0.25600 0.00400 0.20000
v -0.14400 0.02600 0.20000
v -0.25600 0.02600 0.20000
v -0.14400 0.00400 0.20000
v -0.14000 0.00400 0.20400
v -0.14000 0.02600 0.23600
v -0.14000 0.02600 0.20400
v -0.14000 0.00400 0.23600
vn -0.5775 -0.5774 0.5772
vn -0.5775 -0.5774 0.5772
vn -0.5775 -0.5774 0.5772
vn -0.5774 0.5773 0.5774
vn -0.5774 0.5773 0.5774
vn -0.5774 0.5773 0.5774
vn -0.5774 -0.5774 -0.5773
vn -0.5774 -0.5774 -0.5773
vn -0.5774 -0.5774 -0.5773
vn -0.5773 0.5773 -0.5775
vn -0.5773 0.5773 -0.5775
vn -0.5773 0.5773 -0.5775
vn 0.5772 -0.5774 0.5774
vn 0.5772 -0.5774 0.5774
vn 0.5772 -0.5774 0.5774
vn 0.5773 0.5774 0.5774
vn 0.5773 0.5774 0.5774
vn 0.5773 0.5774 0.5774
vn 0.5773 -0.5773 -0.5775
vn 0.5773 -0.5773 -0.5775
vn 0.5773 -0.5773 -0.5775
vn 0.5773 0.5774 -0.5773
vn 0.5773 0.5774 -0.5773
vn 0.5773 0.5774 -0.5773
vn -0.7071 -0.7071 -0.0001
vn -0.7071 -0.7071 -0.0001
vn -0.7071 -0.7071 -0.0001
vn -0.7071 -0.7071 -0.0001
vn -0.7071 -0.0000 0.7071
vn -0.7071 -0.0000 0.7071
vn -0.7071 -0.0000 0.7071
vn -0.7071 -0.0000 0.7071
vn -0.7071 0.7071 -0.0000
vn -0.7071 0.7071 -0.0000
vn -0.7071 0.7071 -0.0000
vn -0.7071 0.7071 -0.0000
vn -0.7071 0.0000 -0.7071
vn -0.7071 0.0000 -0.7071
vn -0.7071 0.0000 -0.7071
vn -0.7071 0.0000 -0.7071
vn 0.0000 -0.7071 -0.7071
vn 0.0000 -0.7071 -0.7071
vn 0.0000 -0.7071 -0.7071
vn 0.0000 -0.7071 -0.7071
vn 0.0000 0.7071 -0.7071
vn 0.0000 0.7071 -0.7071
vn 0.0000 0.7071 -0.7071
vn 0.0000 0.7071 -0.7071
vn 0.7071 0.0000 -0.7071
vn 0.7071 0.0000 -0.7071
vn 0.7071 0.0000 -0.7071
vn 0.7071 0.0000 -0.7071
vn 0.7071 -0.7071 -0.0000
vn 0.7071 -0.7071 -0.0000
vn 0.7071 -0.7071 -0.0000
vn 0.7071 -0.7071 -0.0000
vn 0.7071 0.7071 0.0000
vn 0.7071 0.7071 0.0000
vn 0.7071 0.7071 0.0000
vn 0.7071 0.7071 0.0000
vn 0.7071 -0.0000 0.7071
vn 0.7071 -0.0000 0.7071
vn 0.7071 -0.0000 0.7071
vn 0.7071 -0.0000 0.7071
vn -0.0000 -0.7071 0.7071
vn -0.0000 -0.7071 0.7071
vn -0.0000 -0.7071 0.7071
vn -0.0000 -0.7071 0.7071
vn -0.0000 0.7071 0.7071
vn -0.0000 0.7071 0.7071
vn -0.0000 0.7071 0.7071
vn -0.0000 0.7071 0.7071
vn 0.0000 -1.0000 -0.0000
vn 0.0000 -1.0000 -0.0000
vn 0.0000 -1.0000 -0.0000
vn 0.0000 -1.0000 -0.0000
vn -1.0000 0.0000 -0.0000
vn -1.0000 0.0000 -0.0000
vn -1.0000 0.0000 -0.0000
vn -1.0000 0.0000 -0.0000
vn -0.0000 -0.0000 1.0000
vn -0.0000 -0.0000 1.0000
vn -0.0000 -0.0000 1.0000
vn -0.0000 -0.0000 1.0000
vn 0.0000 1.0000 -0.0000
vn 0.0000 1.0000 -0.0000
vn 0.0000 1.0000 -0.0000
vn 0.0000 1.0000 -0.0000
vn 0.0000 0.0000 -1.0000
vn 0.0000 0.0000 -1.0000
vn 0.0000 0.0000 -1.0000
vn 0.0000 0.0000 -1.0000
vn 1.0000 0.0000 -0.0000
vn 1.0000 0.0000 -0.0000
vn 1.0000 0.0000 -0.0000
vn 1.0000 0.0000 -0.0000
f 3597//3597 3599//3599 3598//3598
f 3600//3600 3602//3602 3601//3601
f 3603//3603 3605//3605 3604//3604
f 3606//3606 3608//3608 3607//3607
f 3609//3609 3611//3611 3610//3610
f 3612//3612 3614//3614 3613//3613
f 3615//3615 3617//3617 3616//3616
f 3618//3618 3620//3620 3619//3619
f 3621//3621 3623//3623 3622//3622
f 3621//3621 3622//3622 3624//3624
f 3625//3625 3627//3627 3626//3626
f 3625//3625 3626//3626 3628//3628
f 3629//3629 3631//3631 3630//3630
f 3629//3629 3630//3630 3632//3632
f 3633//3633 3635//3635 3634//3634
f 3633//3633 3634//3634 3636//3636
f 3637//3637 3639//3639 3638//3638
f 3637//3637 3638//3638 3640//3640
f 3641//3641 3643//3643 3642//3642
f 3641//3641 3642//3642 3644//3644
f 3645//3645 3647//3647 3646//3646
f 3645//3645 3646//3646 3648//3648
f 3649//3649 3651//3651 3650//3650
f 3649//3649 3650//3650 3652//3652
f 3653//3653 3655//3655 3654//3654
f 3653//3653 3654//3654 3656//3656
f 3657//3657 3659//3659 3658//3658
f 3657//3657 3658//3658 3660//3660
f 3661//3661 3663//3663 3662//3662
f 3661//3661 3662//3662 3664//3664
f 3665//3665 3667//3667 3666//3666
f 3665//3665 3666//3666 3668//3668
f 3669//3669 3671//3671 3670//3670
f 3669//3669 3670//3670 3672//3672
f 3673//3673 3675//3675 3674//3674
f 3673//3673 3674//3674 3676//3676
f 3677//3677 3679//3679 3678//3678
f 3677//3677 3678//3678 3680//3680
f 3681//3681 3683//3683 3682//3682
f 3681//3681 3682//3682 3684//3684
f 3685//3685 3687//3687 3686//3686
f 3685//3685 3686//3686 3688//3688
f 3689//3689 3691//3691 3690//3690
f 3689//3689 3690//3690 3692//3692
