mtllib scout.mtl
o body
g body_leather
usemtl leather
v 0.05899 0.14400 0.04275
v -0.05899 0.15200 0.04275
v 0.05899 0.15200 0.04275
v -0.05899 0.14400 0.04275
v 0.06299 0.14400 -0.03875
v 0.06299 0.15200 0.03875
v 0.06299 0.15200 -0.03875
v 0.06299 0.14400 0.03875
v 0.05899 0.15600 -0.03875
v -0.05899 0.15600 0.03875
v -0.05899 0.15600 -0.03875
v 0.05899 0.15600 0.03875
v -0.06299 0.14400 0.03875
v -0.06299 0.15200 -0.03875
v -0.06299 0.15200 0.03875
v -0.06299 0.14400 -0.03875
v -0.05899 0.14400 -0.04275
v 0.05899 0.15200 -0.04275
v -0.05899 0.15200 -0.04275
v 0.05899 0.14400 -0.04275
v -0.05899 0.14000 0.03875
v -0.06299 0.14400 0.03875
v -0.05899 0.14400 0.04275
v -0.05899 0.15200 0.04275
v -0.06299 0.15200 0.03875
v -0.05899 0.15600 0.03875
v -0.05899 0.14000 -0.03875
v -0.05899 0.14400 -0.04275
v -0.06299 0.14400 -0.03875
v -0.05899 0.15600 -0.03875
v -0.06299 0.15200 -0.03875
v -0.05899 0.15200 -0.04275
v 0.05899 0.14000 0.03875
v 0.05899 0.14400 0.04275
v 0.06299 0.14400 0.03875
v 0.05899 0.15600 0.03875
v 0.06299 0.15200 0.03875
v 0.05899 0.15200 0.04275
v 0.05899 0.14000 -0.03875
v 0.06299 0.14400 -0.03875
v 0.05899 0.14400 -0.04275
v 0.05899 0.15600 -0.03875
v 0.05899 0.15200 -0.04275
v 0.06299 0.15200 -0.03875
v -0.05899 0.14000 -0.03875
v -0.06299 0.14400 0.03875
v -0.05899 0.14000 0.03875
v -0.06299 0.14400 -0.03875
v -0.05899 0.14400 0.04275
v -0.06299 0.15200 0.03875
v -0.05899 0.15200 0.04275
v -0.06299 0.14400 0.03875
v -0.05899 0.15600 0.03875
v -0.06299 0.15200 -0.03875
v -0.05899 0.15600 -0.03875
v -0.06299 0.15200 0.03875
v -0.05899 0.15200 -0.04275
v -0.06299 0.14400 -0.03875
v -0.05899 0.14400 -0.04275
v -0.06299 0.15200 -0.03875
v 0.05899 0.14000 -0.03875
v -0.05899 0.14400 -0.04275
v -0.05899 0.14000 -0.03875
v 0.05899 0.14400 -0.04275
v -0.05899 0.15600 -0.03875
v 0.05899 0.15200 -0.04275
v 0.05899 0.15600 -0.03875
v -0.05899 0.15200 -0.04275
v 0.06299 0.15200 -0.03875
v 0.05899 0.14400 -0.04275
v 0.06299 0.14400 -0.03875
v 0.05899 0.15200 -0.04275
v 0.05899 0.14000 0.03875
v 0.06299 0.14400 -0.03875
v 0.05899 0.14000 -0.03875
v 0.06299 0.14400 0.03875
v 0.05899 0.15600 -0.03875
v 0.06299 0.15200 0.03875
v 0.05899 0.15600 0.03875
v 0.06299 0.15200 -0.03875
v 0.05899 0.15200 0.04275
v 0.06299 0.14400 0.03875
v 0.05899 0.14400 0.04275
v 0.06299 0.15200 0.03875
v -0.05899 0.14000 0.03875
v 0.05899 0.14400 0.04275
v 0.05899 0.14000 0.03875
v -0.05899 0.14400 0.04275
v 0.05899 0.15600 0.03875
v -0.05899 0.15200 0.04275
v -0.05899 0.15600 0.03875
v 0.05899 0.15200 0.04275
v -0.05899 0.14000 -0.03875
v 0.05899 0.14000 0.03875
v 0.05899 0.14000 -0.03875
v -0.05899 0.14000 0.03875
v -0.01800 0.00800 0.04050
v -0.05200 0.02200 0.04050
v -0.01800 0.02200 0.04050
v -0.05200 0.00800 0.04050
v -0.01000 0.00800 -0.01650
v -0.01000 0.02200 0.03250
v -0.01000 0.02200 -0.01650
v -0.01000 0.00800 0.03250
v -0.01800 0.03000 -0.01650
v -0.05200 0.03000 0.03250
v -0.05200 0.03000 -0.01650
v -0.01800 0.03000 0.03250
v -0.06000 0.00800 0.03250
v -0.06000 0.02200 -0.01650
v -0.06000 0.02200 0.03250
v -0.06000 0.00800 -0.01650
v -0.05200 0.00800 -0.02450
v -0.01800 0.02200 -0.02450
v -0.05200 0.02200 -0.02450
v -0.01800 0.00800 -0.02450
v -0.05200 0.00000 0.03250
v -0.06000 0.00800 0.03250
v -0.05200 0.00800 0.04050
v -0.05200 0.02200 0.04050
v -0.06000 0.02200 0.03250
v -0.05200 0.03000 0.03250
v -0.05200 0.00000 -0.01650
v -0.05200 0.00800 -0.02450
v -0.06000 0.00800 -0.01650
v -0.05200 0.03000 -0.01650
v -0.06000 0.02200 -0.01650
v -0.05200 0.02200 -0.02450
v -0.01800 0.00000 0.03250
v -0.01800 0.00800 0.04050
v -0.01000 0.00800 0.03250
v -0.01800 0.03000 0.03250
v -0.01000 0.02200 0.03250
v -0.01800 0.02200 0.04050
v -0.01800 0.00000 -0.01650
v -0.01000 0.00800 -0.01650
v -0.01800 0.00800 -0.02450
v -0.01800 0.03000 -0.01650
v -0.01800 0.02200 -0.02450
v -0.01000 0.02200 -0.01650
v -0.05200 0.00000 -0.01650
v -0.06000 0.00800 0.03250
v -0.05200 0.00000 0.03250
v -0.06000 0.00800 -0.01650
v -0.05200 0.00800 0.04050
v -0.06000 0.02200 0.03250
v -0.05200 0.02200 0.04050
v -0.06000 0.00800 0.03250
v -0.05200 0.03000 0.03250
v -0.06000 0.02200 -0.01650
v -0.05200 0.03000 -0.01650
v -0.06000 0.02200 0.03250
v -0.05200 0.02200 -0.02450
v -0.06000 0.00800 -0.01650
v -0.05200 0.00800 -0.02450
v -0.06000 0.02200 -0.01650
v -0.01800 0.00000 -0.01650
v -0.05200 0.00800 -0.02450
v -0.05200 0.00000 -0.01650
v -0.01800 0.00800 -0.02450
v -0.05200 0.03000 -0.01650
v -0.01800 0.02200 -0.02450
v -0.01800 0.03000 -0.01650
v -0.05200 0.02200 -0.02450
v -0.01000 0.02200 -0.01650
v -0.01800 0.00800 -0.02450
v -0.01000 0.00800 -0.01650
v -0.01800 0.02200 -0.02450
v -0.01800 0.00000 0.03250
v -0.01000 0.00800 -0.01650
v -0.01800 0.00000 -0.01650
v -0.01000 0.00800 0.03250
v -0.01800 0.03000 -0.01650
v -0.01000 0.02200 0.03250
v -0.01800 0.03000 0.03250
v -0.01000 0.02200 -0.01650
v -0.01800 0.02200 0.04050
v -0.01000 0.00800 0.03250
v -0.01800 0.00800 0.04050
v -0.01000 0.02200 0.03250
v -0.05200 0.00000 0.03250
v -0.01800 0.00800 0.04050
v -0.01800 0.00000 0.03250
v -0.05200 0.00800 0.04050
v -0.01800 0.03000 0.03250
v -0.05200 0.02200 0.04050
v -0.05200 0.03000 0.03250
v -0.01800 0.02200 0.04050
v -0.05200 0.00000 -0.01650
v -0.01800 0.00000 0.03250
v -0.01800 0.00000 -0.01650
v -0.05200 0.00000 0.03250
v 0.05200 0.00800 0.04050
v 0.01800 0.02200 0.04050
v 0.05200 0.02200 0.04050
v 0.01800 0.00800 0.04050
v 0.06000 0.00800 -0.01650
v 0.06000 0.02200 0.03250
v 0.06000 0.02200 -0.01650
v 0.06000 0.00800 0.03250
v 0.05200 0.03000 -0.01650
v 0.01800 0.03000 0.03250
v 0.01800 0.03000 -0.01650
v 0.05200 0.03000 0.03250
v 0.01000 0.00800 0.03250
v 0.01000 0.02200 -0.01650
v 0.01000 0.02200 0.03250
v 0.01000 0.00800 -0.01650
v 0.01800 0.00800 -0.02450
v 0.05200 0.02200 -0.02450
v 0.01800 0.02200 -0.02450
v 0.05200 0.00800 -0.02450
v 0.01800 0.00000 0.03250
v 0.01000 0.00800 0.03250
v 0.01800 0.00800 0.04050
v 0.01800 0.02200 0.04050
v 0.01000 0.02200 0.03250
v 0.01800 0.03000 0.03250
v 0.01800 0.00000 -0.01650
v 0.01800 0.00800 -0.02450
v 0.01000 0.00800 -0.01650
v 0.01800 0.03000 -0.01650
v 0.01000 0.02200 -0.01650
v 0.01800 0.02200 -0.02450
v 0.05200 0.00000 0.03250
v 0.05200 0.00800 0.04050
v 0.06000 0.00800 0.03250
v 0.05200 0.03000 0.03250
v 0.06000 0.02200 0.03250
v 0.05200 0.02200 0.04050
v 0.05200 0.00000 -0.01650
v 0.06000 0.00800 -0.01650
v 0.05200 0.00800 -0.02450
v 0.05200 0.03000 -0.01650
v 0.05200 0.02200 -0.02450
v 0.06000 0.02200 -0.01650
v 0.01800 0.00000 -0.01650
v 0.01000 0.00800 0.03250
v 0.01800 0.00000 0.03250
v 0.01000 0.00800 -0.01650
v 0.01800 0.00800 0.04050
v 0.01000 0.02200 0.03250
v 0.01800 0.02200 0.04050
v 0.01000 0.00800 0.03250
v 0.01800 0.03000 0.03250
v 0.01000 0.02200 -0.01650
v 0.01800 0.03000 -0.01650
v 0.01000 0.02200 0.03250
v 0.01800 0.02200 -0.02450
v 0.01000 0.00800 -0.01650
v 0.01800 0.00800 -0.02450
v 0.01000 0.02200 -0.01650
v 0.05200 0.00000 -0.01650
v 0.01800 0.00800 -0.02450
v 0.01800 0.00000 -0.01650
v 0.05200 0.00800 -0.02450
v 0.01800 0.03000 -0.01650
v 0.05200 0.02200 -0.02450
v 0.05200 0.03000 -0.01650
v 0.01800 0.02200 -0.02450
v 0.06000 0.02200 -0.01650
v 0.05200 0.00800 -0.02450
v 0.06000 0.00800 -0.01650
v 0.05200 0.02200 -0.02450
v 0.05200 0.00000 0.03250
v 0.06000 0.00800 -0.01650
v 0.05200 0.00000 -0.01650
v 0.06000 0.00800 0.03250
v 0.05200 0.03000 -0.01650
v 0.06000 0.02200 0.03250
v 0.05200 0.03000 0.03250
v 0.06000 0.02200 -0.01650
v 0.05200 0.02200 0.04050
v 0.06000 0.00800 0.03250
v 0.05200 0.00800 0.04050
v 0.06000 0.02200 0.03250
v 0.01800 0.00000 0.03250
v 0.05200 0.00800 0.04050
v 0.05200 0.00000 0.03250
v 0.01800 0.00800 0.04050
v 0.05200 0.03000 0.03250
v 0.01800 0.02200 0.04050
v 0.01800 0.03000 0.03250
v 0.05200 0.02200 0.04050
v 0.01800 0.00000 -0.01650
v 0.05200 0.00000 0.03250
v 0.05200 0.00000 -0.01650
v 0.01800 0.00000 0.03250
v 0.05500 0.09000 -0.02500
v 0.05500 0.16000 -0.05500
v 0.05500 0.16000 -0.02500
v 0.05500 0.09000 -0.05500
v 0.05500 0.09000 -0.05500
v 0.08500 0.16000 -0.05500
v 0.05500 0.16000 -0.05500
v 0.08500 0.09000 -0.05500
v 0.08500 0.09000 -0.05500
v 0.08500 0.16000 -0.02500
v 0.08500 0.16000 -0.05500
v 0.08500 0.09000 -0.02500
v 0.08500 0.09000 -0.02500
v 0.05500 0.16000 -0.02500
v 0.08500 0.16000 -0.02500
v 0.05500 0.09000 -0.02500
v 0.05500 0.09000 -0.05500
v 0.08500 0.09000 -0.02500
v 0.08500 0.09000 -0.05500
v 0.05500 0.09000 -0.02500
v 0.08500 0.16000 -0.05500
v 0.05500 0.16000 -0.02500
v 0.05500 0.16000 -0.05500
v 0.08500 0.16000 -0.02500
vn -0.0000 -0.0000 1.0000
vn -0.0000 -0.0000 1.0000
vn -0.0000 -0.0000 1.0000
vn -0.0000 -0.0000 1.0000
vn 1.0000 0.0000 -0.0000
vn 1.0000 0.0000 -0.0000
vn 1.0000 0.0000 -0.0000
vn 1.0000 0.0000 -0.0000
vn 0.0000 1.0000 -0.0000
vn 0.0000 1.0000 -0.0000
vn 0.0000 1.0000 -0.0000
vn 0.0000 1.0000 -0.0000
vn -1.0000 0.0000 -0.0000
vn -1.0000 0.0000 -0.0000
vn -1.0000 0.0000 -0.0000
vn -1.0000 0.0000 -0.0000
vn 0.0000 0.0000 -1.0000
vn 0.0000 0.0000 -1.0000
vn 0.0000 0.0000 -1.0000
vn 0.0000 0.0000 -1.0000
vn -0.5774 -0.5774 0.5772
vn -0.5774 -0.5774 0.5772
vn -0.5774 -0.5774 0.5772
vn -0.5774 0.5773 0.5774
vn -0.5774 0.5773 0.5774
vn -0.5774 0.5773 0.5774
vn -0.5774 -0.5774 -0.5773
vn -0.5774 -0.5774 -0.5773
vn -0.5774 -0.5774 -0.5773
vn -0.5773 0.5773 -0.5775
vn -0.5773 0.5773 -0.5775
vn -0.5773 0.5773 -0.5775
vn 0.5774 -0.5774 0.5773
vn 0.5774 -0.5774 0.5773
vn 0.5774 -0.5774 0.5773
vn 0.5773 0.5773 0.5775
vn 0.5773 0.5773 0.5775
vn 0.5773 0.5773 0.5775
vn 0.5774 -0.5774 -0.5772
vn 0.5774 -0.5774 -0.5772
vn 0.5774 -0.5774 -0.5772
vn 0.5773 0.5773 -0.5774
vn 0.5773 0.5773 -0.5774
vn 0.5773 0.5773 -0.5774
vn -0.7071 -0.7071 -0.0001
vn -0.7071 -0.7071 -0.0001
vn -0.7071 -0.7071 -0.0001
vn -0.7071 -0.7071 -0.0001
vn -0.7071 -0.0000 0.7071
vn -0.7071 -0.0000 0.7071
vn -0.7071 -0.0000 0.7071
vn -0.7071 -0.0000 0.7071
vn -0.7071 0.7071 -0.0000
vn -0.7071 0.7071 -0.0000
vn -0.7071 0.7071 -0.0000
vn -0.7071 0.7071 -0.0000
vn -0.7071 0.0000 -0.7071
vn -0.7071 0.0000 -0.7071
vn -0.7071 0.0000 -0.7071
vn -0.7071 0.0000 -0.7071
vn 0.0000 -0.7071 -0.7071
vn 0.0000 -0.7071 -0.7071
vn 0.0000 -0.7071 -0.7071
vn 0.0000 -0.7071 -0.7071
vn 0.0000 0.7071 -0.7071
vn 0.0000 0.7071 -0.7071
vn 0.0000 0.7071 -0.7071
vn 0.0000 0.7071 -0.7071
vn 0.7071 0.0000 -0.7071
vn 0.7071 0.0000 -0.7071
vn 0.7071 0.0000 -0.7071
vn 0.7071 0.0000 -0.7071
vn 0.7071 -0.7071 -0.0000
vn 0.7071 -0.7071 -0.0000
vn 0.7071 -0.7071 -0.0000
vn 0.7071 -0.7071 -0.0000
vn 0.7071 0.7071 0.0000
vn 0.7071 0.7071 0.0000
vn 0.7071 0.7071 0.0000
vn 0.7071 0.7071 0.0000
vn 0.7071 -0.0000 0.7071
vn 0.7071 -0.0000 0.7071
vn 0.7071 -0.0000 0.7071
vn 0.7071 -0.0000 0.7071
vn -0.0000 -0.7071 0.7071
vn -0.0000 -0.7071 0.7071
vn -0.0000 -0.7071 0.7071
vn -0.0000 -0.7071 0.7071
vn -0.0000 0.7071 0.7071
vn -0.0000 0.7071 0.7071
vn -0.0000 0.7071 0.7071
vn -0.0000 0.7071 0.7071
vn 0.0000 -1.0000 -0.0000
vn 0.0000 -1.0000 -0.0000
vn 0.0000 -1.0000 -0.0000
vn 0.0000 -1.0000 -0.0000
vn -0.0000 -0.0000 1.0000
vn -0.0000 -0.0000 1.0000
vn -0.0000 -0.0000 1.0000
vn -0.0000 -0.0000 1.0000
vn 1.0000 0.0000 -0.0000
vn 1.0000 0.0000 -0.0000
vn 1.0000 0.0000 -0.0000
vn 1.0000 0.0000 -0.0000
vn 0.0000 1.0000 -0.0000
vn 0.0000 1.0000 -0.0000
vn 0.0000 1.0000 -0.0000
vn 0.0000 1.0000 -0.0000
vn -1.0000 0.0000 -0.0000
vn -1.0000 0.0000 -0.0000
vn -1.0000 0.0000 -0.0000
vn -1.0000 0.0000 -0.0000
vn 0.0000 0.0000 -1.0000
vn 0.0000 0.0000 -1.0000
vn 0.0000 0.0000 -1.0000
vn 0.0000 0.0000 -1.0000
vn -0.5774 -0.5774 0.5772
vn -0.5774 -0.5774 0.5772
vn -0.5774 -0.5774 0.5772
vn -0.5774 0.5774 0.5773
vn -0.5774 0.5774 0.5773
vn -0.5774 0.5774 0.5773
vn -0.5773 -0.5773 -0.5774
vn -0.5773 -0.5773 -0.5774
vn -0.5773 -0.5773 -0.5774
vn -0.5774 0.5773 -0.5774
vn -0.5774 0.5773 -0.5774
vn -0.5774 0.5773 -0.5774
vn 0.5774 -0.5774 0.5773
vn 0.5774 -0.5774 0.5773
vn 0.5774 -0.5774 0.5773
vn 0.5774 0.5774 0.5774
vn 0.5774 0.5774 0.5774
vn 0.5774 0.5774 0.5774
vn 0.5773 -0.5774 -0.5774
vn 0.5773 -0.5774 -0.5774
vn 0.5773 -0.5774 -0.5774
vn 0.5774 0.5774 -0.5773
vn 0.5774 0.5774 -0.5773
vn 0.5774 0.5774 -0.5773
vn -0.7071 -0.7071 -0.0001
vn -0.7071 -0.7071 -0.0001
vn -0.7071 -0.7071 -0.0001
vn -0.7071 -0.7071 -0.0001
vn -0.7071 -0.0000 0.7071
vn -0.7071 -0.0000 0.7071
vn -0.7071 -0.0000 0.7071
vn -0.7071 -0.0000 0.7071
vn -0.7071 0.7071 -0.0000
vn -0.7071 0.7071 -0.0000
vn -0.7071 0.7071 -0.0000
vn -0.7071 0.7071 -0.0000
vn -0.7071 0.0000 -0.7071
vn -0.7071 0.0000 -0.7071
vn -0.7071 0.0000 -0.7071
vn -0.7071 0.0000 -0.7071
vn 0.0000 -0.7071 -0.7071
vn 0.0000 -0.7071 -0.7071
vn 0.0000 -0.7071 -0.7071
vn 0.0000 -0.7071 -0.7071
vn 0.0000 0.7071 -0.7071
vn 0.0000 0.7071 -0.7071
vn 0.0000 0.7071 -0.7071
vn 0.0000 0.7071 -0.7071
vn 0.7071 0.0000 -0.7071
vn 0.7071 0.0000 -0.7071
vn 0.7071 0.0000 -0.7071
vn 0.7071 0.0000 -0.7071
vn 0.7071 -0.7071 -0.0000
vn 0.7071 -0.7071 -0.0000
vn 0.7071 -0.7071 -0.0000
vn 0.7071 -0.7071 -0.0000
vn 0.7071 0.7071 0.0000
vn 0.7071 0.7071 0.0000
vn 0.7071 0.7071 0.0000
vn 0.7071 0.7071 0.0000
vn 0.7071 -0.0000 0.7071
vn 0.7071 -0.0000 0.7071
vn 0.7071 -0.0000 0.7071
vn 0.7071 -0.0000 0.7071
vn -0.0000 -0.7071 0.7071
vn -0.0000 -0.7071 0.7071
vn -0.0000 -0.7071 0.7071
vn -0.0000 -0.7071 0.7071
vn -0.0000 0.7071 0.7071
vn -0.0000 0.7071 0.7071
vn -0.0000 0.7071 0.7071
vn -0.0000 0.7071 0.7071
vn 0.0000 -1.0000 -0.0000
vn 0.0000 -1.0000 -0.0000
vn 0.0000 -1.0000 -0.0000
vn 0.0000 -1.0000 -0.0000
vn -0.0000 -0.0000 1.0000
vn -0.0000 -0.0000 1.0000
vn -0.0000 -0.0000 1.0000
vn -0.0000 -0.0000 1.0000
vn 1.0000 0.0000 -0.0000
vn 1.0000 0.0000 -0.0000
vn 1.0000 0.0000 -0.0000
vn 1.0000 0.0000 -0.0000
vn 0.0000 1.0000 -0.0000
vn 0.0000 1.0000 -0.0000
vn 0.0000 1.0000 -0.0000
vn 0.0000 1.0000 -0.0000
vn -1.0000 0.0000 -0.0000
vn -1.0000 0.0000 -0.0000
vn -1.0000 0.0000 -0.0000
vn -1.0000 0.0000 -0.0000
vn 0.0000 0.0000 -1.0000
vn 0.0000 0.0000 -1.0000
vn 0.0000 0.0000 -1.0000
vn 0.0000 0.0000 -1.0000
vn -0.5774 -0.5774 0.5772
vn -0.5774 -0.5774 0.5772
vn -0.5774 -0.5774 0.5772
vn -0.5774 0.5774 0.5773
vn -0.5774 0.5774 0.5773
vn -0.5774 0.5774 0.5773
vn -0.5773 -0.5773 -0.5774
vn -0.5773 -0.5773 -0.5774
vn -0.5773 -0.5773 -0.5774
vn -0.5774 0.5773 -0.5774
vn -0.5774 0.5773 -0.5774
vn -0.5774 0.5773 -0.5774
vn 0.5774 -0.5774 0.5773
vn 0.5774 -0.5774 0.5773
vn 0.5774 -0.5774 0.5773
vn 0.5774 0.5774 0.5774
vn 0.5774 0.5774 0.5774
vn 0.5774 0.5774 0.5774
vn 0.5773 -0.5774 -0.5774
vn 0.5773 -0.5774 -0.5774
vn 0.5773 -0.5774 -0.5774
vn 0.5774 0.5774 -0.5773
vn 0.5774 0.5774 -0.5773
vn 0.5774 0.5774 -0.5773
vn -0.7071 -0.7071 -0.0001
vn -0.7071 -0.7071 -0.0001
vn -0.7071 -0.7071 -0.0001
vn -0.7071 -0.7071 -0.0001
vn -0.7071 -0.0000 0.7071
vn -0.7071 -0.0000 0.7071
vn -0.7071 -0.0000 0.7071
vn -0.7071 -0.0000 0.7071
vn -0.7071 0.7071 -0.0000
vn -0.7071 0.7071 -0.0000
vn -0.7071 0.7071 -0.0000
vn -0.7071 0.7071 -0.0000
vn -0.7071 0.0000 -0.7071
vn -0.7071 0.0000 -0.7071
vn -0.7071 0.0000 -0.7071
vn -0.7071 0.0000 -0.7071
vn 0.0000 -0.7071 -0.7071
vn 0.0000 -0.7071 -0.7071
vn 0.0000 -0.7071 -0.7071
vn 0.0000 -0.7071 -0.7071
vn 0.0000 0.7071 -0.7071
vn 0.0000 0.7071 -0.7071
vn 0.0000 0.7071 -0.7071
vn 0.0000 0.7071 -0.7071
vn 0.7071 0.0000 -0.7071
vn 0.7071 0.0000 -0.7071
vn 0.7071 0.0000 -0.7071
vn 0.7071 0.0000 -0.7071
vn 0.7071 -0.7071 -0.0000
vn 0.7071 -0.7071 -0.0000
vn 0.7071 -0.7071 -0.0000
vn 0.7071 -0.7071 -0.0000
vn 0.7071 0.7071 0.0000
vn 0.7071 0.7071 0.0000
vn 0.7071 0.7071 0.0000
vn 0.7071 0.7071 0.0000
vn 0.7071 -0.0000 0.7071
vn 0.7071 -0.0000 0.7071
vn 0.7071 -0.0000 0.7071
vn 0.7071 -0.0000 0.7071
vn -0.0000 -0.7071 0.7071
vn -0.0000 -0.7071 0.7071
vn -0.0000 -0.7071 0.7071
vn -0.0000 -0.7071 0.7071
vn -0.0000 0.7071 0.7071
vn -0.0000 0.7071 0.7071
vn -0.0000 0.7071 0.7071
vn -0.0000 0.7071 0.7071
vn 0.0000 -1.0000 -0.0000
vn 0.0000 -1.0000 -0.0000
vn 0.0000 -1.0000 -0.0000
vn 0.0000 -1.0000 -0.0000
vn -1.0000 0.0000 -0.0000
vn -1.0000 0.0000 -0.0000
vn -1.0000 0.0000 -0.0000
vn -1.0000 0.0000 -0.0000
vn 0.0000 0.0000 -1.0000
vn 0.0000 0.0000 -1.0000
vn 0.0000 0.0000 -1.0000
vn 0.0000 0.0000 -1.0000
vn 1.0000 0.0000 -0.0000
vn 1.0000 0.0000 -0.0000
vn 1.0000 0.0000 -0.0000
vn 1.0000 0.0000 -0.0000
vn -0.0000 -0.0000 1.0000
vn -0.0000 -0.0000 1.0000
vn -0.0000 -0.0000 1.0000
vn -0.0000 -0.0000 1.0000
vn 0.0000 -1.0000 -0.0000
vn 0.0000 -1.0000 -0.0000
vn 0.0000 -1.0000 -0.0000
vn 0.0000 -1.0000 -0.0000
vn 0.0000 1.0000 -0.0000
vn 0.0000 1.0000 -0.0000
vn 0.0000 1.0000 -0.0000
vn 0.0000 1.0000 -0.0000
f 97//97 99//99 98//98
f 97//97 98//98 100//100
f 101//101 103//103 102//102
f 101//101 102//102 104//104
f 105//105 107//107 106//106
f 105//105 106//106 108//108
f 109//109 111//111 110//110
f 109//109 110//110 112//112
f 113//113 115//115 114//114
f 113//113 114//114 116//116
f 117//117 119//119 118//118
f 120//120 122//122 121//121
f 123//123 125//125 124//124
f 126//126 128//128 127//127
f 129//129 131//131 130//130
f 132//132 134//134 133//133
f 135//135 137//137 136//136
f 138//138 140//140 139//139
f 141//141 143//143 142//142
f 141//141 142//142 144//144
f 145//145 147//147 146//146
f 145//145 146//146 148//148
f 149//149 151//151 150//150
f 149//149 150//150 152//152
f 153//153 155//155 154//154
f 153//153 154//154 156//156
f 157//157 159//159 158//158
f 157//157 158//158 160//160
f 161//161 163//163 162//162
f 161//161 162//162 164//164
f 165//165 167//167 166//166
f 165//165 166//166 168//168
f 169//169 171//171 170//170
f 169//169 170//170 172//172
f 173//173 175//175 174//174
f 173//173 174//174 176//176
f 177//177 179//179 178//178
f 177//177 178//178 180//180
f 181//181 183//183 182//182
f 181//181 182//182 184//184
f 185//185 187//187 186//186
f 185//185 186//186 188//188
f 189//189 191//191 190//190
f 189//189 190//190 192//192
f 193//193 195//195 194//194
f 193//193 194//194 196//196
f 197//197 199//199 198//198
f 197//197 198//198 200//200
f 201//201 203//203 202//202
f 201//201 202//202 204//204
f 205//205 207//207 206//206
f 205//205 206//206 208//208
f 209//209 211//211 210//210
f 209//209 210//210 212//212
f 213//213 215//215 214//214
f 216//216 218//218 217//217
f 219//219 221//221 220//220
f 222//222 224//224 223//223
f 225//225 227//227 226//226
f 228//228 230//230 229//229
f 231//231 233//233 232//232
f 234//234 236//236 235//235
f 237//237 239//239 238//238
f 237//237 238//238 240//240
f 241//241 243//243 242//242
f 241//241 242//242 244//244
f 245//245 247//247 246//246
f 245//245 246//246 248//248
f 249//249 251//251 250//250
f 249//249 250//250 252//252
f 253//253 255//255 254//254
f 253//253 254//254 256//256
f 257//257 259//259 258//258
f 257//257 258//258 260//260
f 261//261 263//263 262//262
f 261//261 262//262 264//264
f 265//265 267//267 266//266
f 265//265 266//266 268//268
f 269//269 271//271 270//270
f 269//269 270//270 272//272
f 273//273 275//275 274//274
f 273//273 274//274 276//276
f 277//277 279//279 278//278
f 277//277 278//278 280//280
f 281//281 283//283 282//282
f 281//281 282//282 284//284
f 285//285 287//287 286//286
f 285//285 286//286 288//288
f 1//1 3//3 2//2
f 1//1 2//2 4//4
f 5//5 7//7 6//6
f 5//5 6//6 8//8
f 9//9 11//11 10//10
f 9//9 10//10 12//12
f 13//13 15//15 14//14
f 13//13 14//14 16//16
f 17//17 19//19 18//18
f 17//17 18//18 20//20
f 21//21 23//23 22//22
f 24//24 26//26 25//25
f 27//27 29//29 28//28
f 30//30 32//32 31//31
f 33//33 35//35 34//34
f 36//36 38//38 37//37
f 39//39 41//41 40//40
f 42//42 44//44 43//43
f 45//45 47//47 46//46
f 45//45 46//46 48//48
f 49//49 51//51 50//50
f 49//49 50//50 52//52
f 53//53 55//55 54//54
f 53//53 54//54 56//56
f 57//57 59//59 58//58
f 57//57 58//58 60//60
f 61//61 63//63 62//62
f 61//61 62//62 64//64
f 65//65 67//67 66//66
f 65//65 66//66 68//68
f 69//69 71//71 70//70
f 69//69 70//70 72//72
f 73//73 75//75 74//74
f 73//73 74//74 76//76
f 77//77 79//79 78//78
f 77//77 78//78 80//80
f 81//81 83//83 82//82
f 81//81 82//82 84//84
f 85//85 87//87 86//86
f 85//85 86//86 88//88
f 89//89 91//91 90//90
f 89//89 90//90 92//92
f 93//93 95//95 94//94
f 93//93 94//94 96//96
f 289//289 291//291 290//290
f 289//289 290//290 292//292
f 293//293 295//295 294//294
f 293//293 294//294 296//296
f 297//297 299//299 298//298
f 297//297 298//298 300//300
f 301//301 303//303 302//302
f 301//301 302//302 304//304
f 305//305 307//307 306//306
f 305//305 306//306 308//308
f 309//309 311//311 310//310
f 309//309 310//310 312//312
g body_cloth_dark
usemtl cloth_dark
v -0.01900 0.03100 0.02300
v -0.04900 0.12900 0.02300
v -0.01900 0.12900 0.02300
v -0.04900 0.03100 0.02300
v -0.01300 0.03100 -0.01700
v -0.01300 0.12900 0.01700
v -0.01300 0.12900 -0.01700
v -0.01300 0.03100 0.01700
v -0.01900 0.13500 -0.01700
v -0.04900 0.13500 0.01700
v -0.04900 0.13500 -0.01700
v -0.01900 0.13500 0.01700
v -0.05500 0.03100 0.01700
v -0.05500 0.12900 -0.01700
v -0.05500 0.12900 0.01700
v -0.05500 0.03100 -0.01700
v -0.04900 0.03100 -0.02300
v -0.01900 0.12900 -0.02300
v -0.04900 0.12900 -0.02300
v -0.01900 0.03100 -0.02300
v -0.04900 0.02500 0.01700
v -0.05500 0.03100 0.01700
v -0.04900 0.03100 0.02300
v -0.04900 0.12900 0.02300
v -0.05500 0.12900 0.01700
v -0.04900 0.13500 0.01700
v -0.04900 0.02500 -0.01700
v -0.04900 0.03100 -0.02300
v -0.05500 0.03100 -0.01700
v -0.04900 0.13500 -0.01700
v -0.05500 0.12900 -0.01700
v -0.04900 0.12900 -0.02300
v -0.01900 0.02500 0.01700
v -0.01900 0.03100 0.02300
v -0.01300 0.03100 0.01700
v -0.01900 0.13500 0.01700
v -0.01300 0.12900 0.01700
v -0.01900 0.12900 0.02300
v -0.01900 0.02500 -0.01700
v -0.01300 0.03100 -0.01700
v -0.01900 0.03100 -0.02300
v -0.01900 0.13500 -0.01700
v -0.01900 0.12900 -0.02300
v -0.01300 0.12900 -0.01700
v -0.04900 0.02500 -0.01700
v -0.05500 0.03100 0.01700
v -0.04900 0.02500 0.01700
v -0.05500 0.03100 -0.01700
v -0.04900 0.03100 0.02300
v -0.05500 0.12900 0.01700
v -0.04900 0.12900 0.02300
v -0.05500 0.03100 0.01700
v -0.04900 0.13500 0.01700
v -0.05500 0.12900 -0.01700
v -0.04900 0.13500 -0.01700
v -0.05500 0.12900 0.01700
v -0.04900 0.12900 -0.02300
v -0.05500 0.03100 -0.01700
v -0.04900 0.03100 -0.02300
v -0.05500 0.12900 -0.01700
v -0.01900 0.02500 -0.01700
v -0.04900 0.03100 -0.02300
v -0.04900 0.02500 -0.01700
v -0.01900 0.03100 -0.02300
v -0.04900 0.13500 -0.01700
v -0.01900 0.12900 -0.02300
v -0.01900 0.13500 -0.01700
v -0.04900 0.12900 -0.02300
v -0.01300 0.12900 -0.01700
v -0.01900 0.03100 -0.02300
v -0.01300 0.03100 -0.01700
v -0.01900 0.12900 -0.02300
v -0.01900 0.02500 0.01700
v -0.01300 0.03100 -0.01700
v -0.01900 0.02500 -0.01700
v -0.01300 0.03100 0.01700
v -0.01900 0.13500 -0.01700
v -0.01300 0.12900 0.01700
v -0.01900 0.13500 0.01700
v -0.01300 0.12900 -0.01700
v -0.01900 0.12900 0.02300
v -0.01300 0.03100 0.01700
v -0.01900 0.03100 0.02300
v -0.01300 0.12900 0.01700
v -0.04900 0.02500 0.01700
v -0.01900 0.03100 0.02300
v -0.01900 0.02500 0.01700
v -0.04900 0.03100 0.02300
v -0.01900 0.13500 0.01700
v -0.04900 0.12900 0.02300
v -0.04900 0.13500 0.01700
v -0.01900 0.12900 0.02300
v -0.04900 0.02500 -0.01700
v -0.01900 0.02500 0.01700
v -0.01900 0.02500 -0.01700
v -0.04900 0.02500 0.01700
v 0.04900 0.03100 0.02300
v 0.01900 0.12900 0.02300
v 0.04900 0.12900 0.02300
v 0.01900 0.03100 0.02300
v 0.05500 0.03100 -0.01700
v 0.05500 0.12900 0.01700
v 0.05500 0.12900 -0.01700
v 0.05500 0.03100 0.01700
v 0.04900 0.13500 -0.01700
v 0.01900 0.13500 0.01700
v 0.01900 0.13500 -0.01700
v 0.04900 0.13500 0.01700
v 0.01300 0.03100 0.01700
v 0.01300 0.12900 -0.01700
v 0.01300 0.12900 0.01700
v 0.01300 0.03100 -0.01700
v 0.01900 0.03100 -0.02300
v 0.04900 0.12900 -0.02300
v 0.01900 0.12900 -0.02300
v 0.04900 0.03100 -0.02300
v 0.01900 0.02500 0.01700
v 0.01300 0.03100 0.01700
v 0.01900 0.03100 0.02300
v 0.01900 0.12900 0.02300
v 0.01300 0.12900 0.01700
v 0.01900 0.13500 0.01700
v 0.01900 0.02500 -0.01700
v 0.01900 0.03100 -0.02300
v 0.01300 0.03100 -0.01700
v 0.01900 0.13500 -0.01700
v 0.01300 0.12900 -0.01700
v 0.01900 0.12900 -0.02300
v 0.04900 0.02500 0.01700
v 0.04900 0.03100 0.02300
v 0.05500 0.03100 0.01700
v 0.04900 0.13500 0.01700
v 0.05500 0.12900 0.01700
v 0.04900 0.12900 0.02300
v 0.04900 0.02500 -0.01700
v 0.05500 0.03100 -0.01700
v 0.04900 0.03100 -0.02300
v 0.04900 0.13500 -0.01700
v 0.04900 0.12900 -0.02300
v 0.05500 0.12900 -0.01700
v 0.01900 0.02500 -0.01700
v 0.01300 0.03100 0.01700
v 0.01900 0.02500 0.01700
v 0.01300 0.03100 -0.01700
v 0.01900 0.03100 0.02300
v 0.01300 0.12900 0.01700
v 0.01900 0.12900 0.02300
v 0.01300 0.03100 0.01700
v 0.01900 0.13500 0.01700
v 0.01300 0.12900 -0.01700
v 0.01900 0.13500 -0.01700
v 0.01300 0.12900 0.01700
v 0.01900 0.12900 -0.02300
v 0.01300 0.03100 -0.01700
v 0.01900 0.03100 -0.02300
v 0.01300 0.12900 -0.01700
v 0.04900 0.02500 -0.01700
v 0.01900 0.03100 -0.02300
v 0.01900 0.02500 -0.01700
v 0.04900 0.03100 -0.02300
v 0.01900 0.13500 -0.01700
v 0.04900 0.12900 -0.02300
v 0.04900 0.13500 -0.01700
v 0.01900 0.12900 -0.02300
v 0.05500 0.12900 -0.01700
v 0.04900 0.03100 -0.02300
v 0.05500 0.03100 -0.01700
v 0.04900 0.12900 -0.02300
v 0.04900 0.02500 0.01700
v 0.05500 0.03100 -0.01700
v 0.04900 0.02500 -0.01700
v 0.05500 0.03100 0.01700
v 0.04900 0.13500 -0.01700
v 0.05500 0.12900 0.01700
v 0.04900 0.13500 0.01700
v 0.05500 0.12900 -0.01700
v 0.04900 0.12900 0.02300
v 0.05500 0.03100 0.01700
v 0.04900 0.03100 0.02300
v 0.05500 0.12900 0.01700
v 0.01900 0.02500 0.01700
v 0.04900 0.03100 0.02300
v 0.04900 0.02500 0.01700
v 0.01900 0.03100 0.02300
v 0.04900 0.13500 0.01700
v 0.01900 0.12900 0.02300
v 0.01900 0.13500 0.01700
v 0.04900 0.12900 0.02300
v 0.01900 0.02500 -0.01700
v 0.04900 0.02500 0.01700
v 0.04900 0.02500 -0.01700
v 0.01900 0.02500 0.01700
vn -0.0000 -0.0000 1.0000
vn -0.0000 -0.0000 1.0000
vn -0.0000 -0.0000 1.0000
vn -0.0000 -0.0000 1.0000
vn 1.0000 0.0000 -0.0000
vn 1.0000 0.0000 -0.0000
vn 1.0000 0.0000 -0.0000
vn 1.0000 0.0000 -0.0000
vn 0.0000 1.0000 -0.0000
vn 0.0000 1.0000 -0.0000
vn 0.0000 1.0000 -0.0000
vn 0.0000 1.0000 -0.0000
vn -1.0000 0.0000 -0.0000
vn -1.0000 0.0000 -0.0000
vn -1.0000 0.0000 -0.0000
vn -1.0000 0.0000 -0.0000
vn 0.0000 0.0000 -1.0000
vn 0.0000 0.0000 -1.0000
vn 0.0000 0.0000 -1.0000
vn 0.0000 0.0000 -1.0000
vn -0.5774 -0.5774 0.5772
vn -0.5774 -0.5774 0.5772
vn -0.5774 -0.5774 0.5772
vn -0.5773 0.5774 0.5774
vn -0.5773 0.5774 0.5774
vn -0.5773 0.5774 0.5774
vn -0.5773 -0.5773 -0.5774
vn -0.5773 -0.5773 -0.5774
vn -0.5773 -0.5773 -0.5774
vn -0.5773 0.5774 -0.5774
vn -0.5773 0.5774 -0.5774
vn -0.5773 0.5774 -0.5774
vn 0.5774 -0.5774 0.5773
vn 0.5774 -0.5774 0.5773
vn 0.5774 -0.5774 0.5773
vn 0.5772 0.5774 0.5775
vn 0.5772 0.5774 0.5775
vn 0.5772 0.5774 0.5775
vn 0.5773 -0.5774 -0.5774
vn 0.5773 -0.5774 -0.5774
vn 0.5773 -0.5774 -0.5774
vn 0.5773 0.5774 -0.5773
vn 0.5773 0.5774 -0.5773
vn 0.5773 0.5774 -0.5773
vn -0.7071 -0.7071 -0.0001
vn -0.7071 -0.7071 -0.0001
vn -0.7071 -0.7071 -0.0001
vn -0.7071 -0.7071 -0.0001
vn -0.7071 -0.0000 0.7071
vn -0.7071 -0.0000 0.7071
vn -0.7071 -0.0000 0.7071
vn -0.7071 -0.0000 0.7071
vn -0.7071 0.7071 -0.0000
vn -0.7071 0.7071 -0.0000
vn -0.7071 0.7071 -0.0000
vn -0.7071 0.7071 -0.0000
vn -0.7071 0.0000 -0.7071
vn -0.7071 0.0000 -0.7071
vn -0.7071 0.0000 -0.7071
vn -0.7071 0.0000 -0.7071
vn 0.0000 -0.7071 -0.7071
vn 0.0000 -0.7071 -0.7071
vn 0.0000 -0.7071 -0.7071
vn 0.0000 -0.7071 -0.7071
vn 0.0000 0.7071 -0.7071
vn 0.0000 0.7071 -0.7071
vn 0.0000 0.7071 -0.7071
vn 0.0000 0.7071 -0.7071
vn 0.7071 0.0000 -0.7071
vn 0.7071 0.0000 -0.7071
vn 0.7071 0.0000 -0.7071
vn 0.7071 0.0000 -0.7071
vn 0.7071 -0.7071 -0.0000
vn 0.7071 -0.7071 -0.0000
vn 0.7071 -0.7071 -0.0000
vn 0.7071 -0.7071 -0.0000
vn 0.7071 0.7071 0.0000
vn 0.7071 0.7071 0.0000
vn 0.7071 0.7071 0.0000
vn 0.7071 0.7071 0.0000
vn 0.7071 -0.0000 0.7071
vn 0.7071 -0.0000 0.7071
vn 0.7071 -0.0000 0.7071
vn 0.7071 -0.0000 0.7071
vn -0.0000 -0.7071 0.7071
vn -0.0000 -0.7071 0.7071
vn -0.0000 -0.7071 0.7071
vn -0.0000 -0.7071 0.7071
vn -0.0000 0.7071 0.7071
vn -0.0000 0.7071 0.7071
vn -0.0000 0.7071 0.7071
vn -0.0000 0.7071 0.7071
vn 0.0000 -1.0000 -0.0000
vn 0.0000 -1.0000 -0.0000
vn 0.0000 -1.0000 -0.0000
vn 0.0000 -1.0000 -0.0000
vn -0.0000 -0.0000 1.0000
vn -0.0000 -0.0000 1.0000
vn -0.0000 -0.0000 1.0000
vn -0.0000 -0.0000 1.0000
vn 1.0000 0.0000 -0.0000
vn 1.0000 0.0000 -0.0000
vn 1.0000 0.0000 -0.0000
vn 1.0000 0.0000 -0.0000
vn 0.0000 1.0000 -0.0000
vn 0.0000 1.0000 -0.0000
vn 0.0000 1.0000 -0.0000
vn 0.0000 1.0000 -0.0000
vn -1.0000 0.0000 -0.0000
vn -1.0000 0.0000 -0.0000
vn -1.0000 0.0000 -0.0000
vn -1.0000 0.0000 -0.0000
vn 0.0000 0.0000 -1.0000
vn 0.0000 0.0000 -1.0000
vn 0.0000 0.0000 -1.0000
vn 0.0000 0.0000 -1.0000
vn -0.5774 -0.5774 0.5772
vn -0.5774 -0.5774 0.5772
vn -0.5774 -0.5774 0.5772
vn -0.5773 0.5774 0.5774
vn -0.5773 0.5774 0.5774
vn -0.5773 0.5774 0.5774
vn -0.5773 -0.5773 -0.5774
vn -0.5773 -0.5773 -0.5774
vn -0.5773 -0.5773 -0.5774
vn -0.5773 0.5774 -0.5774
vn -0.5773 0.5774 -0.5774
vn -0.5773 0.5774 -0.5774
vn 0.5774 -0.5774 0.5773
vn 0.5774 -0.5774 0.5773
vn 0.5774 -0.5774 0.5773
vn 0.5772 0.5774 0.5775
vn 0.5772 0.5774 0.5775
vn 0.5772 0.5774 0.5775
vn 0.5773 -0.5774 -0.5774
vn 0.5773 -0.5774 -0.5774
vn 0.5773 -0.5774 -0.5774
vn 0.5773 0.5774 -0.5773
vn 0.5773 0.5774 -0.5773
vn 0.5773 0.5774 -0.5773
vn -0.7071 -0.7071 -0.0001
vn -0.7071 -0.7071 -0.0001
vn -0.7071 -0.7071 -0.0001
vn -0.7071 -0.7071 -0.0001
vn -0.7071 -0.0000 0.7071
vn -0.7071 -0.0000 0.7071
vn -0.7071 -0.0000 0.7071
vn -0.7071 -0.0000 0.7071
vn -0.7071 0.7071 -0.0000
vn -0.7071 0.7071 -0.0000
vn -0.7071 0.7071 -0.0000
vn -0.7071 0.7071 -0.0000
vn -0.7071 0.0000 -0.7071
vn -0.7071 0.0000 -0.7071
vn -0.7071 0.0000 -0.7071
vn -0.7071 0.0000 -0.7071
vn 0.0000 -0.7071 -0.7071
vn 0.0000 -0.7071 -0.7071
vn 0.0000 -0.7071 -0.7071
vn 0.0000 -0.7071 -0.7071
vn 0.0000 0.7071 -0.7071
vn 0.0000 0.7071 -0.7071
vn 0.0000 0.7071 -0.7071
vn 0.0000 0.7071 -0.7071
vn 0.7071 0.0000 -0.7071
vn 0.7071 0.0000 -0.7071
vn 0.7071 0.0000 -0.7071
vn 0.7071 0.0000 -0.7071
vn 0.7071 -0.7071 -0.0000
vn 0.7071 -0.7071 -0.0000
vn 0.7071 -0.7071 -0.0000
vn 0.7071 -0.7071 -0.0000
vn 0.7071 0.7071 0.0000
vn 0.7071 0.7071 0.0000
vn 0.7071 0.7071 0.0000
vn 0.7071 0.7071 0.0000
vn 0.7071 -0.0000 0.7071
vn 0.7071 -0.0000 0.7071
vn 0.7071 -0.0000 0.7071
vn 0.7071 -0.0000 0.7071
vn -0.0000 -0.7071 0.7071
vn -0.0000 -0.7071 0.7071
vn -0.0000 -0.7071 0.7071
vn -0.0000 -0.7071 0.7071
vn -0.0000 0.7071 0.7071
vn -0.0000 0.7071 0.7071
vn -0.0000 0.7071 0.7071
vn -0.0000 0.7071 0.7071
vn 0.0000 -1.0000 -0.0000
vn 0.0000 -1.0000 -0.0000
vn 0.0000 -1.0000 -0.0000
vn 0.0000 -1.0000 -0.0000
f 313//313 315//315 314//314
f 313//313 314//314 316//316
f 317//317 319//319 318//318
f 317//317 318//318 320//320
f 321//321 323//323 322//322
f 321//321 322//322 324//324
f 325//325 327//327 326//326
f 325//325 326//326 328//328
f 329//329 331//331 330//330
f 329//329 330//330 332//332
f 333//333 335//335 334//334
f 336//336 338//338 337//337
f 339//339 341//341 340//340
f 342//342 344//344 343//343
f 345//345 347//347 346//346
f 348//348 350//350 349//349
f 351//351 353//353 352//352
f 354//354 356//356 355//355
f 357//357 359//359 358//358
f 357//357 358//358 360//360
f 361//361 363//363 362//362
f 361//361 362//362 364//364
f 365//365 367//367 366//366
f 365//365 366//366 368//368
f 369//369 371//371 370//370
f 369//369 370//370 372//372
f 373//373 375//375 374//374
f 373//373 374//374 376//376
f 377//377 379//379 378//378
f 377//377 378//378 380//380
f 381//381 383//383 382//382
f 381//381 382//382 384//384
f 385//385 387//387 386//386
f 385//385 386//386 388//388
f 389//389 391//391 390//390
f 389//389 390//390 392//392
f 393//393 395//395 394//394
f 393//393 394//394 396//396
f 397//397 399//399 398//398
f 397//397 398//398 400//400
f 401//401 403//403 402//402
f 401//401 402//402 404//404
f 405//405 407//407 406//406
f 405//405 406//406 408//408
f 409//409 411//411 410//410
f 409//409 410//410 412//412
f 413//413 415//415 414//414
f 413//413 414//414 416//416
f 417//417 419//419 418//418
f 417//417 418//418 420//420
f 421//421 423//423 422//422
f 421//421 422//422 424//424
f 425//425 427//427 426//426
f 425//425 426//426 428//428
f 429//429 431//431 430//430
f 432//432 434//434 433//433
f 435//435 437//437 436//436
f 438//438 440//440 439//439
f 441//441 443//443 442//442
f 444//444 446//446 445//445
f 447//447 449//449 448//448
f 450//450 452//452 451//451
f 453//453 455//455 454//454
f 453//453 454//454 456//456
f 457//457 459//459 458//458
f 457//457 458//458 460//460
f 461//461 463//463 462//462
f 461//461 462//462 464//464
f 465//465 467//467 466//466
f 465//465 466//466 468//468
f 469//469 471//471 470//470
f 469//469 470//470 472//472
f 473//473 475//475 474//474
f 473//473 474//474 476//476
f 477//477 479//479 478//478
f 477//477 478//478 480//480
f 481//481 483//483 482//482
f 481//481 482//482 484//484
f 485//485 487//487 486//486
f 485//485 486//486 488//488
f 489//489 491//491 490//490
f 489//489 490//490 492//492
f 493//493 495//495 494//494
f 493//493 494//494 496//496
f 497//497 499//499 498//498
f 497//497 498//498 500//500
f 501//501 503//503 502//502
f 501//501 502//502 504//504
g body_team
usemtl team
v 0.05044 0.14200 0.04057
v -0.05643 0.24300 0.04220
v 0.05643 0.24300 0.04220
v -0.05044 0.14200 0.04057
v 0.06246 0.14198 -0.02857
v 0.06845 0.24302 0.03020
v 0.06845 0.24302 -0.03020
v 0.06246 0.14198 0.02857
v 0.05716 0.25500 -0.03039
v -0.05716 0.25500 0.03039
v -0.05716 0.25500 -0.03039
v 0.05716 0.25500 0.03039
v -0.06246 0.14198 0.02857
v -0.06845 0.24302 -0.03020
v -0.06845 0.24302 0.03020
v -0.06246 0.14198 -0.02857
v -0.05044 0.14200 -0.04057
v 0.05643 0.24300 -0.04220
v -0.05643 0.24300 -0.04220
v 0.05044 0.14200 -0.04057
v -0.04975 0.13000 0.02838
v -0.06246 0.14198 0.02857
v -0.05044 0.14200 0.04057
v -0.05643 0.24300 0.04220
v -0.06845 0.24302 0.03020
v -0.05716 0.25500 0.03039
v -0.04975 0.13000 -0.02838
v -0.05044 0.14200 -0.04057
v -0.06246 0.14198 -0.02857
v -0.05716 0.25500 -0.03039
v -0.06845 0.24302 -0.03020
v -0.05643 0.24300 -0.04220
v 0.04975 0.13000 0.02838
v 0.05044 0.14200 0.04057
v 0.06246 0.14198 0.02857
v 0.05716 0.25500 0.03039
v 0.06845 0.24302 0.03020
v 0.05643 0.24300 0.04220
v 0.04975 0.13000 -0.02838
v 0.06246 0.14198 -0.02857
v 0.05044 0.14200 -0.04057
v 0.05716 0.25500 -0.03039
v 0.05643 0.24300 -0.04220
v 0.06845 0.24302 -0.03020
v -0.04975 0.13000 -0.02838
v -0.06246 0.14198 0.02857
v -0.04975 0.13000 0.02838
v -0.06246 0.14198 -0.02857
v -0.05044 0.14200 0.04057
v -0.06845 0.24302 0.03020
v -0.05643 0.24300 0.04220
v -0.06246 0.14198 0.02857
v -0.05716 0.25500 0.03039
v -0.06845 0.24302 -0.03020
v -0.05716 0.25500 -0.03039
v -0.06845 0.24302 0.03020
v -0.05643 0.24300 -0.04220
v -0.06246 0.14198 -0.02857
v -0.05044 0.14200 -0.04057
v -0.06845 0.24302 -0.03020
v 0.04975 0.13000 -0.02838
v -0.05044 0.14200 -0.04057
v -0.04975 0.13000 -0.02838
v 0.05044 0.14200 -0.04057
v -0.05716 0.25500 -0.03039
v 0.05643 0.24300 -0.04220
v 0.05716 0.25500 -0.03039
v -0.05643 0.24300 -0.04220
v 0.06845 0.24302 -0.03020
v 0.05044 0.14200 -0.04057
v 0.06246 0.14198 -0.02857
v 0.05643 0.24300 -0.04220
v 0.04975 0.13000 0.02838
v 0.06246 0.14198 -0.02857
v 0.04975 0.13000 -0.02838
v 0.06246 0.14198 0.02857
v 0.05716 0.25500 -0.03039
v 0.06845 0.24302 0.03020
v 0.05716 0.25500 0.03039
v 0.06845 0.24302 -0.03020
v 0.05643 0.24300 0.04220
v 0.06246 0.14198 0.02857
v 0.05044 0.14200 0.04057
v 0.06845 0.24302 0.03020
v -0.04975 0.13000 0.02838
v 0.05044 0.14200 0.04057
v 0.04975 0.13000 0.02838
v -0.05044 0.14200 0.04057
v 0.05716 0.25500 0.03039
v -0.05643 0.24300 0.04220
v -0.05716 0.25500 0.03039
v 0.05643 0.24300 0.04220
v -0.04975 0.13000 -0.02838
v 0.04975 0.13000 0.02838
v 0.04975 0.13000 -0.02838
v -0.04975 0.13000 0.02838
v 0.05788 0.10798 0.04460
v -0.05409 0.14702 0.04204
v 0.05409 0.14702 0.04204
v -0.05788 0.10798 0.04460
v 0.06592 0.10796 -0.03659
v 0.06213 0.14704 0.03402
v 0.06213 0.14704 -0.03402
v 0.06592 0.10796 0.03659
v 0.05335 0.15500 -0.03351
v -0.05335 0.15500 0.03351
v -0.05335 0.15500 -0.03351
v 0.05335 0.15500 0.03351
v -0.06592 0.10796 0.03659
v -0.06213 0.14704 -0.03402
v -0.06213 0.14704 0.03402
v -0.06592 0.10796 -0.03659
v -0.05788 0.10798 -0.04460
v 0.05409 0.14702 -0.04204
v -0.05409 0.14702 -0.04204
v 0.05788 0.10798 -0.04460
v -0.05869 0.10000 0.03712
v -0.06592 0.10796 0.03659
v -0.05788 0.10798 0.04460
v -0.05409 0.14702 0.04204
v -0.06213 0.14704 0.03402
v -0.05335 0.15500 0.03351
v -0.05869 0.10000 -0.03712
v -0.05788 0.10798 -0.04460
v -0.06592 0.10796 -0.03659
v -0.05335 0.15500 -0.03351
v -0.06213 0.14704 -0.03402
v -0.05409 0.14702 -0.04204
v 0.05869 0.10000 0.03712
v 0.05788 0.10798 0.04460
v 0.06592 0.10796 0.03659
v 0.05335 0.15500 0.03351
v 0.06213 0.14704 0.03402
v 0.05409 0.14702 0.04204
v 0.05869 0.10000 -0.03712
v 0.06592 0.10796 -0.03659
v 0.05788 0.10798 -0.04460
v 0.05335 0.15500 -0.03351
v 0.05409 0.14702 -0.04204
v 0.06213 0.14704 -0.03402
v -0.05869 0.10000 -0.03712
v -0.06592 0.10796 0.03659
v -0.05869 0.10000 0.03712
v -0.06592 0.10796 -0.03659
v -0.05788 0.10798 0.04460
v -0.06213 0.14704 0.03402
v -0.05409 0.14702 0.04204
v -0.06592 0.10796 0.03659
v -0.05335 0.15500 0.03351
v -0.06213 0.14704 -0.03402
v -0.05335 0.15500 -0.03351
v -0.06213 0.14704 0.03402
v -0.05409 0.14702 -0.04204
v -0.06592 0.10796 -0.03659
v -0.05788 0.10798 -0.04460
v -0.06213 0.14704 -0.03402
v 0.05869 0.10000 -0.03712
v -0.05788 0.10798 -0.04460
v -0.05869 0.10000 -0.03712
v 0.05788 0.10798 -0.04460
v -0.05335 0.15500 -0.03351
v 0.05409 0.14702 -0.04204
v 0.05335 0.15500 -0.03351
v -0.05409 0.14702 -0.04204
v 0.06213 0.14704 -0.03402
v 0.05788 0.10798 -0.04460
v 0.06592 0.10796 -0.03659
v 0.05409 0.14702 -0.04204
v 0.05869 0.10000 0.03712
v 0.06592 0.10796 -0.03659
v 0.05869 0.10000 -0.03712
v 0.06592 0.10796 0.03659
v 0.05335 0.15500 -0.03351
v 0.06213 0.14704 0.03402
v 0.05335 0.15500 0.03351
v 0.06213 0.14704 -0.03402
v 0.05409 0.14702 0.04204
v 0.06592 0.10796 0.03659
v 0.05788 0.10798 0.04460
v 0.06213 0.14704 0.03402
v -0.05869 0.10000 0.03712
v 0.05788 0.10798 0.04460
v 0.05869 0.10000 0.03712
v -0.05788 0.10798 0.04460
v 0.05335 0.15500 0.03351
v -0.05409 0.14702 0.04204
v -0.05335 0.15500 0.03351
v 0.05409 0.14702 0.04204
v -0.05869 0.10000 -0.03712
v 0.05869 0.10000 0.03712
v 0.05869 0.10000 -0.03712
v -0.05869 0.10000 0.03712
v 0.00000 0.24516 -0.01032
v -0.01711 0.27939 0.04499
v 0.04481 0.27939 0.02386
v 0.04481 0.27939 0.02386
v 0.04481 0.27939 -0.04450
v 0.00000 0.24516 -0.01032
v 0.00000 0.24516 -0.01032
v -0.05538 0.27939 -0.01032
v -0.01711 0.27939 0.04499
v 0.00000 0.24516 -0.01032
v -0.01711 0.27939 -0.06563
v -0.05538 0.27939 -0.01032
v 0.00000 0.24516 -0.01032
v 0.04481 0.27939 -0.04450
v -0.01711 0.27939 -0.06563
v 0.04481 0.27939 0.02386
v 0.05538 0.33477 -0.01032
v 0.04481 0.27939 -0.04450
v -0.01711 0.27939 0.04499
v 0.01711 0.33477 0.04499
v 0.04481 0.27939 0.02386
v -0.05538 0.27939 -0.01032
v -0.04481 0.33477 0.02386
v -0.01711 0.27939 0.04499
v -0.01711 0.27939 -0.06563
v -0.04481 0.33477 -0.04450
v -0.05538 0.27939 -0.01032
v 0.04481 0.27939 -0.04450
v 0.01711 0.33477 -0.06563
v -0.01711 0.27939 -0.06563
v 0.04481 0.27939 0.02386
v 0.01711 0.33477 0.04499
v 0.05538 0.33477 -0.01032
v -0.01711 0.27939 0.04499
v -0.04481 0.33477 0.02386
v 0.01711 0.33477 0.04499
v -0.05538 0.27939 -0.01032
v -0.04481 0.33477 -0.04450
v -0.04481 0.33477 0.02386
v -0.01711 0.27939 -0.06563
v 0.01711 0.33477 -0.06563
v -0.04481 0.33477 -0.04450
v 0.04481 0.27939 -0.04450
v 0.05538 0.33477 -0.01032
v 0.01711 0.33477 -0.06563
v 0.01711 0.33477 0.04499
v 0.00000 0.36900 -0.01032
v 0.05538 0.33477 -0.01032
v -0.04481 0.33477 0.02386
v 0.00000 0.36900 -0.01032
v 0.01711 0.33477 0.04499
v -0.04481 0.33477 -0.04450
v 0.00000 0.36900 -0.01032
v -0.04481 0.33477 0.02386
v 0.01711 0.33477 -0.06563
v 0.00000 0.36900 -0.01032
v -0.04481 0.33477 -0.04450
v 0.05538 0.33477 -0.01032
v 0.00000 0.36900 -0.01032
v 0.01711 0.33477 -0.06563
v 0.00000 0.33030 -0.04300
v 0.02830 0.34445 -0.05117
v 0.00000 0.35860 -0.05934
v 0.02830 0.31615 -0.03483
v -0.02830 0.34445 -0.05117
v 0.00000 0.30200 -0.02666
v -0.02830 0.31615 -0.03483
v 0.00000 0.35860 -0.05934
v 0.02830 0.34445 -0.05117
v 0.00000 0.35395 -0.00204
v 0.02830 0.34445 -0.05117
v 0.02830 0.31615 -0.03483
v 0.00000 0.35395 -0.00204
v 0.02830 0.31615 -0.03483
v 0.00000 0.30200 -0.02666
v 0.00000 0.35395 -0.00204
v 0.00000 0.30200 -0.02666
v -0.02830 0.31615 -0.03483
v 0.00000 0.35395 -0.00204
v -0.02830 0.31615 -0.03483
v -0.02830 0.34445 -0.05117
v 0.00000 0.35395 -0.00204
v -0.02830 0.34445 -0.05117
v 0.00000 0.35860 -0.05934
v 0.00000 0.35395 -0.00204
vn -0.0000 -0.0161 0.9999
vn -0.0000 -0.0161 0.9999
vn -0.0000 -0.0161 0.9999
vn -0.0000 -0.0161 0.9999
vn 0.9982 -0.0592 -0.0000
vn 0.9982 -0.0592 -0.0000
vn 0.9982 -0.0592 -0.0000
vn 0.9982 -0.0592 -0.0000
vn 0.0000 1.0000 -0.0000
vn 0.0000 1.0000 -0.0000
vn 0.0000 1.0000 -0.0000
vn 0.0000 1.0000 -0.0000
vn -0.9982 -0.0592 -0.0000
vn -0.9982 -0.0592 -0.0000
vn -0.9982 -0.0592 -0.0000
vn -0.9982 -0.0592 -0.0000
vn 0.0000 -0.0161 -0.9999
vn 0.0000 -0.0161 -0.9999
vn 0.0000 -0.0161 -0.9999
vn 0.0000 -0.0161 -0.9999
vn -0.5620 -0.6053 0.5637
vn -0.5620 -0.6053 0.5637
vn -0.5620 -0.6053 0.5637
vn -0.5909 0.5472 0.5928
vn -0.5909 0.5472 0.5928
vn -0.5909 0.5472 0.5928
vn -0.5619 -0.6052 -0.5639
vn -0.5619 -0.6052 -0.5639
vn -0.5619 -0.6052 -0.5639
vn -0.5909 0.5471 -0.5928
vn -0.5909 0.5471 -0.5928
vn -0.5909 0.5471 -0.5928
vn 0.5619 -0.6053 0.5637
vn 0.5619 -0.6053 0.5637
vn 0.5619 -0.6053 0.5637
vn 0.5909 0.5472 0.5929
vn 0.5909 0.5472 0.5929
vn 0.5909 0.5472 0.5929
vn 0.5619 -0.6053 -0.5638
vn 0.5619 -0.6053 -0.5638
vn 0.5619 -0.6053 -0.5638
vn 0.5909 0.5472 -0.5928
vn 0.5909 0.5472 -0.5928
vn 0.5909 0.5472 -0.5928
vn -0.6859 -0.7277 -0.0000
vn -0.6859 -0.7277 -0.0000
vn -0.6859 -0.7277 -0.0000
vn -0.6859 -0.7277 -0.0000
vn -0.7056 -0.0532 0.7066
vn -0.7056 -0.0532 0.7066
vn -0.7056 -0.0532 0.7066
vn -0.7056 -0.0532 0.7066
vn -0.7277 0.6859 0.0000
vn -0.7277 0.6859 0.0000
vn -0.7277 0.6859 0.0000
vn -0.7277 0.6859 0.0000
vn -0.7055 -0.0532 -0.7067
vn -0.7055 -0.0532 -0.7067
vn -0.7055 -0.0532 -0.7067
vn -0.7055 -0.0532 -0.7067
vn 0.0000 -0.7128 -0.7014
vn 0.0000 -0.7128 -0.7014
vn 0.0000 -0.7128 -0.7014
vn 0.0000 -0.7128 -0.7014
vn 0.0000 0.7014 -0.7128
vn 0.0000 0.7014 -0.7128
vn 0.0000 0.7014 -0.7128
vn 0.0000 0.7014 -0.7128
vn 0.7055 -0.0532 -0.7067
vn 0.7055 -0.0532 -0.7067
vn 0.7055 -0.0532 -0.7067
vn 0.7055 -0.0532 -0.7067
vn 0.6859 -0.7277 0.0000
vn 0.6859 -0.7277 0.0000
vn 0.6859 -0.7277 0.0000
vn 0.6859 -0.7277 0.0000
vn 0.7277 0.6859 0.0001
vn 0.7277 0.6859 0.0001
vn 0.7277 0.6859 0.0001
vn 0.7277 0.6859 0.0001
vn 0.7055 -0.0532 0.7067
vn 0.7055 -0.0532 0.7067
vn 0.7055 -0.0532 0.7067
vn 0.7055 -0.0532 0.7067
vn -0.0000 -0.7128 0.7013
vn -0.0000 -0.7128 0.7013
vn -0.0000 -0.7128 0.7013
vn -0.0000 -0.7128 0.7013
vn -0.0000 0.7014 0.7128
vn -0.0000 0.7014 0.7128
vn -0.0000 0.7014 0.7128
vn -0.0000 0.7014 0.7128
vn 0.0000 -1.0000 -0.0000
vn 0.0000 -1.0000 -0.0000
vn 0.0000 -1.0000 -0.0000
vn 0.0000 -1.0000 -0.0000
vn -0.0000 0.0655 0.9979
vn -0.0000 0.0655 0.9979
vn -0.0000 0.0655 0.9979
vn -0.0000 0.0655 0.9979
vn 0.9953 0.0966 0.0000
vn 0.9953 0.0966 0.0000
vn 0.9953 0.0966 0.0000
vn 0.9953 0.0966 0.0000
vn 0.0000 1.0000 -0.0000
vn 0.0000 1.0000 -0.0000
vn 0.0000 1.0000 -0.0000
vn 0.0000 1.0000 -0.0000
vn -0.9953 0.0966 -0.0000
vn -0.9953 0.0966 -0.0000
vn -0.9953 0.0966 -0.0000
vn -0.9953 0.0966 -0.0000
vn 0.0000 0.0655 -0.9979
vn 0.0000 0.0655 -0.9979
vn 0.0000 0.0655 -0.9979
vn 0.0000 0.0655 -0.9979
vn -0.6069 -0.5095 0.6100
vn -0.6069 -0.5095 0.6100
vn -0.6069 -0.5095 0.6100
vn -0.5448 0.6350 0.5477
vn -0.5448 0.6350 0.5477
vn -0.5448 0.6350 0.5477
vn -0.6069 -0.5095 -0.6100
vn -0.6069 -0.5095 -0.6100
vn -0.6069 -0.5095 -0.6100
vn -0.5449 0.6350 -0.5476
vn -0.5449 0.6350 -0.5476
vn -0.5449 0.6350 -0.5476
vn 0.6069 -0.5095 0.6100
vn 0.6069 -0.5095 0.6100
vn 0.6069 -0.5095 0.6100
vn 0.5448 0.6350 0.5477
vn 0.5448 0.6350 0.5477
vn 0.5448 0.6350 0.5477
vn 0.6069 -0.5095 -0.6100
vn 0.6069 -0.5095 -0.6100
vn 0.6069 -0.5095 -0.6100
vn 0.5449 0.6351 -0.5476
vn 0.5449 0.6351 -0.5476
vn 0.5449 0.6351 -0.5476
vn -0.7405 -0.6721 -0.0000
vn -0.7405 -0.6721 -0.0000
vn -0.7405 -0.6721 -0.0000
vn -0.7405 -0.6721 -0.0000
vn -0.7016 0.1142 0.7034
vn -0.7016 0.1142 0.7034
vn -0.7016 0.1142 0.7034
vn -0.7016 0.1142 0.7034
vn -0.6721 0.7405 0.0000
vn -0.6721 0.7405 0.0000
vn -0.6721 0.7405 0.0000
vn -0.6721 0.7405 0.0000
vn -0.7016 0.1142 -0.7034
vn -0.7016 0.1142 -0.7034
vn -0.7016 0.1142 -0.7034
vn -0.7016 0.1142 -0.7034
vn 0.0000 -0.6836 -0.7298
vn 0.0000 -0.6836 -0.7298
vn 0.0000 -0.6836 -0.7298
vn 0.0000 -0.6836 -0.7298
vn 0.0000 0.7299 -0.6836
vn 0.0000 0.7299 -0.6836
vn 0.0000 0.7299 -0.6836
vn 0.0000 0.7299 -0.6836
vn 0.7016 0.1142 -0.7033
vn 0.7016 0.1142 -0.7033
vn 0.7016 0.1142 -0.7033
vn 0.7016 0.1142 -0.7033
vn 0.7405 -0.6721 0.0000
vn 0.7405 -0.6721 0.0000
vn 0.7405 -0.6721 0.0000
vn 0.7405 -0.6721 0.0000
vn 0.6721 0.7405 0.0001
vn 0.6721 0.7405 0.0001
vn 0.6721 0.7405 0.0001
vn 0.6721 0.7405 0.0001
vn 0.7016 0.1142 0.7034
vn 0.7016 0.1142 0.7034
vn 0.7016 0.1142 0.7034
vn 0.7016 0.1142 0.7034
vn -0.0000 -0.6836 0.7298
vn -0.0000 -0.6836 0.7298
vn -0.0000 -0.6836 0.7298
vn -0.0000 -0.6836 0.7298
vn -0.0000 0.7298 0.6836
vn -0.0000 0.7298 0.6836
vn -0.0000 0.7298 0.6836
vn -0.0000 0.7298 0.6836
vn 0.0000 -1.0000 -0.0000
vn 0.0000 -1.0000 -0.0000
vn 0.0000 -1.0000 -0.0000
vn 0.0000 -1.0000 -0.0000
vn 0.1906 -0.8073 0.5586
vn 0.1906 -0.8073 0.5586
vn 0.1906 -0.8073 0.5586
vn 0.6070 -0.7947 0.0000
vn 0.6070 -0.7947 0.0000
vn 0.6070 -0.7947 0.0000
vn -0.4941 -0.7994 0.3418
vn -0.4941 -0.7994 0.3418
vn -0.4941 -0.7994 0.3418
vn -0.4940 -0.7994 -0.3419
vn -0.4940 -0.7994 -0.3419
vn -0.4940 -0.7994 -0.3419
vn 0.1906 -0.8073 -0.5586
vn 0.1906 -0.8073 -0.5586
vn 0.1906 -0.8073 -0.5586
vn 0.9822 -0.1876 -0.0000
vn 0.9822 -0.1876 -0.0000
vn 0.9822 -0.1876 -0.0000
vn 0.3167 -0.1957 0.9281
vn 0.3167 -0.1957 0.9281
vn 0.3167 -0.1957 0.9281
vn -0.8073 -0.1906 0.5585
vn -0.8073 -0.1906 0.5585
vn -0.8073 -0.1906 0.5585
vn -0.8072 -0.1906 -0.5586
vn -0.8072 -0.1906 -0.5586
vn -0.8072 -0.1906 -0.5586
vn 0.3167 -0.1957 -0.9281
vn 0.3167 -0.1957 -0.9281
vn 0.3167 -0.1957 -0.9281
vn 0.8072 0.1906 0.5586
vn 0.8072 0.1906 0.5586
vn 0.8072 0.1906 0.5586
vn -0.3167 0.1957 0.9281
vn -0.3167 0.1957 0.9281
vn -0.3167 0.1957 0.9281
vn -0.9823 0.1876 -0.0000
vn -0.9823 0.1876 -0.0000
vn -0.9823 0.1876 -0.0000
vn -0.3167 0.1957 -0.9281
vn -0.3167 0.1957 -0.9281
vn -0.3167 0.1957 -0.9281
vn 0.8073 0.1906 -0.5585
vn 0.8073 0.1906 -0.5585
vn 0.8073 0.1906 -0.5585
vn 0.4941 0.7994 0.3419
vn 0.4941 0.7994 0.3419
vn 0.4941 0.7994 0.3419
vn -0.1906 0.8072 0.5586
vn -0.1906 0.8072 0.5586
vn -0.1906 0.8072 0.5586
vn -0.6071 0.7946 0.0000
vn -0.6071 0.7946 0.0000
vn -0.6071 0.7946 0.0000
vn -0.1906 0.8073 -0.5586
vn -0.1906 0.8073 -0.5586
vn -0.1906 0.8073 -0.5586
vn 0.4941 0.7994 -0.3418
vn 0.4941 0.7994 -0.3418
vn 0.4941 0.7994 -0.3418
vn 0.0000 -0.5000 -0.8660
vn 0.0000 -0.5000 -0.8660
vn 0.0000 -0.5000 -0.8660
vn 0.0000 -0.5000 -0.8660
vn 0.0000 -0.5000 -0.8660
vn 0.0000 -0.5000 -0.8660
vn 0.0000 -0.5000 -0.8660
vn 0.4291 0.9003 0.0732
vn 0.4291 0.9003 0.0732
vn 0.4291 0.9003 0.0732
vn 0.8581 0.2567 0.4447
vn 0.8581 0.2567 0.4447
vn 0.8581 0.2567 0.4447
vn 0.4290 -0.3869 0.8162
vn 0.4290 -0.3869 0.8162
vn 0.4290 -0.3869 0.8162
vn -0.4291 -0.3869 0.8162
vn -0.4291 -0.3869 0.8162
vn -0.4291 -0.3869 0.8162
vn -0.8581 0.2567 0.4447
vn -0.8581 0.2567 0.4447
vn -0.8581 0.2567 0.4447
vn -0.4291 0.9003 0.0731
vn -0.4291 0.9003 0.0731
vn -0.4291 0.9003 0.0731
f 505//505 507//507 506//506
f 505//505 506//506 508//508
f 509//509 511//511 510//510
f 509//509 510//510 512//512
f 513//513 515//515 514//514
f 513//513 514//514 516//516
f 517//517 519//519 518//518
f 517//517 518//518 520//520
f 521//521 523//523 522//522
f 521//521 522//522 524//524
f 525//525 527//527 526//526
f 528//528 530//530 529//529
f 531//531 533//533 532//532
f 534//534 536//536 535//535
f 537//537 539//539 538//538
f 540//540 542//542 541//541
f 543//543 545//545 544//544
f 546//546 548//548 547//547
f 549//549 551//551 550//550
f 549//549 550//550 552//552
f 553//553 555//555 554//554
f 553//553 554//554 556//556
f 557//557 559//559 558//558
f 557//557 558//558 560//560
f 561//561 563//563 562//562
f 561//561 562//562 564//564
f 565//565 567//567 566//566
f 565//565 566//566 568//568
f 569//569 571//571 570//570
f 569//569 570//570 572//572
f 573//573 575//575 574//574
f 573//573 574//574 576//576
f 577//577 579//579 578//578
f 577//577 578//578 580//580
f 581//581 583//583 582//582
f 581//581 582//582 584//584
f 585//585 587//587 586//586
f 585//585 586//586 588//588
f 589//589 591//591 590//590
f 589//589 590//590 592//592
f 593//593 595//595 594//594
f 593//593 594//594 596//596
f 597//597 599//599 598//598
f 597//597 598//598 600//600
f 601//601 603//603 602//602
f 601//601 602//602 604//604
f 605//605 607//607 606//606
f 605//605 606//606 608//608
f 609//609 611//611 610//610
f 609//609 610//610 612//612
f 613//613 615//615 614//614
f 613//613 614//614 616//616
f 617//617 619//619 618//618
f 617//617 618//618 620//620
f 621//621 623//623 622//622
f 624//624 626//626 625//625
f 627//627 629//629 628//628
f 630//630 632//632 631//631
f 633//633 635//635 634//634
f 636//636 638//638 637//637
f 639//639 641//641 640//640
f 642//642 644//644 643//643
f 645//645 647//647 646//646
f 645//645 646//646 648//648
f 649//649 651//651 650//650
f 649//649 650//650 652//652
f 653//653 655//655 654//654
f 653//653 654//654 656//656
f 657//657 659//659 658//658
f 657//657 658//658 660//660
f 661//661 663//663 662//662
f 661//661 662//662 664//664
f 665//665 667//667 666//666
f 665//665 666//666 668//668
f 669//669 671//671 670//670
f 669//669 670//670 672//672
f 673//673 675//675 674//674
f 673//673 674//674 676//676
f 677//677 679//679 678//678
f 677//677 678//678 680//680
f 681//681 683//683 682//682
f 681//681 682//682 684//684
f 685//685 687//687 686//686
f 685//685 686//686 688//688
f 689//689 691//691 690//690
f 689//689 690//690 692//692
f 693//693 695//695 694//694
f 693//693 694//694 696//696
f 697//697 699//699 698//698
f 700//700 702//702 701//701
f 703//703 705//705 704//704
f 706//706 708//708 707//707
f 709//709 711//711 710//710
f 712//712 714//714 713//713
f 715//715 717//717 716//716
f 718//718 720//720 719//719
f 721//721 723//723 722//722
f 724//724 726//726 725//725
f 727//727 729//729 728//728
f 730//730 732//732 731//731
f 733//733 735//735 734//734
f 736//736 738//738 737//737
f 739//739 741//741 740//740
f 742//742 744//744 743//743
f 745//745 747//747 746//746
f 748//748 750//750 749//749
f 751//751 753//753 752//752
f 754//754 756//756 755//755
f 757//757 759//759 758//758
f 757//757 758//758 760//760
f 757//757 761//761 759//759
f 757//757 760//760 762//762
f 757//757 763//763 761//761
f 757//757 762//762 763//763
f 764//764 766//766 765//765
f 767//767 769//769 768//768
f 770//770 772//772 771//771
f 773//773 775//775 774//774
f 776//776 778//778 777//777
f 779//779 781//781 780//780
g body_wool
usemtl wool
v -0.07061 0.15337 0.02000
v -0.07371 0.25422 0.02000
v -0.05024 0.24923 0.02000
v -0.09409 0.15836 0.02000
v -0.06475 0.15213 -0.01400
v -0.04437 0.24798 0.01400
v -0.04437 0.24798 -0.01400
v -0.06475 0.15213 0.01400
v -0.04899 0.25510 -0.01400
v -0.07247 0.26009 0.01400
v -0.07247 0.26009 -0.01400
v -0.04899 0.25510 0.01400
v -0.09996 0.15961 0.01400
v -0.07958 0.25547 -0.01400
v -0.07958 0.25547 0.01400
v -0.09996 0.15961 -0.01400
v -0.09409 0.15836 -0.02000
v -0.05024 0.24923 -0.02000
v -0.07371 0.25422 -0.02000
v -0.07061 0.15337 -0.02000
v -0.09534 0.15249 0.01400
v -0.09996 0.15961 0.01400
v -0.09409 0.15836 0.02000
v -0.07371 0.25422 0.02000
v -0.07958 0.25547 0.01400
v -0.07247 0.26009 0.01400
v -0.09534 0.15249 -0.01400
v -0.09409 0.15836 -0.02000
v -0.09996 0.15961 -0.01400
v -0.07247 0.26009 -0.01400
v -0.07958 0.25547 -0.01400
v -0.07371 0.25422 -0.02000
v -0.07186 0.14751 0.01400
v -0.07061 0.15337 0.02000
v -0.06475 0.15213 0.01400
v -0.04899 0.25510 0.01400
v -0.04437 0.24798 0.01400
v -0.05024 0.24923 0.02000
v -0.07186 0.14751 -0.01400
v -0.06475 0.15213 -0.01400
v -0.07061 0.15337 -0.02000
v -0.04899 0.25510 -0.01400
v -0.05024 0.24923 -0.02000
v -0.04437 0.24798 -0.01400
v -0.09534 0.15249 -0.01400
v -0.09996 0.15961 0.01400
v -0.09534 0.15249 0.01400
v -0.09996 0.15961 -0.01400
v -0.09409 0.15836 0.02000
v -0.07958 0.25547 0.01400
v -0.07371 0.25422 0.02000
v -0.09996 0.15961 0.01400
v -0.07247 0.26009 0.01400
v -0.07958 0.25547 -0.01400
v -0.07247 0.26009 -0.01400
v -0.07958 0.25547 0.01400
v -0.07371 0.25422 -0.02000
v -0.09996 0.15961 -0.01400
v -0.09409 0.15836 -0.02000
v -0.07958 0.25547 -0.01400
v -0.07186 0.14751 -0.01400
v -0.09409 0.15836 -0.02000
v -0.09534 0.15249 -0.01400
v -0.07061 0.15337 -0.02000
v -0.07247 0.26009 -0.01400
v -0.05024 0.24923 -0.02000
v -0.04899 0.25510 -0.01400
v -0.07371 0.25422 -0.02000
v -0.04437 0.24798 -0.01400
v -0.07061 0.15337 -0.02000
v -0.06475 0.15213 -0.01400
v -0.05024 0.24923 -0.02000
v -0.07186 0.14751 0.01400
v -0.06475 0.15213 -0.01400
v -0.07186 0.14751 -0.01400
v -0.06475 0.15213 0.01400
v -0.04899 0.25510 -0.01400
v -0.04437 0.24798 0.01400
v -0.04899 0.25510 0.01400
v -0.04437 0.24798 -0.01400
v -0.05024 0.24923 0.02000
v -0.06475 0.15213 0.01400
v -0.07061 0.15337 0.02000
v -0.04437 0.24798 0.01400
v -0.09534 0.15249 0.01400
v -0.07061 0.15337 0.02000
v -0.07186 0.14751 0.01400
v -0.09409 0.15836 0.02000
v -0.04899 0.25510 0.01400
v -0.07371 0.25422 0.02000
v -0.07247 0.26009 0.01400
v -0.05024 0.24923 0.02000
v -0.09534 0.15249 -0.01400
v -0.07186 0.14751 0.01400
v -0.07186 0.14751 -0.01400
v -0.09534 0.15249 0.01400
v 0.09409 0.15836 0.02000
v 0.05024 0.24923 0.02000
v 0.07371 0.25422 0.02000
v 0.07061 0.15337 0.02000
v 0.09996 0.15961 -0.01400
v 0.07958 0.25547 0.01400
v 0.07958 0.25547 -0.01400
v 0.09996 0.15961 0.01400
v 0.07247 0.26009 -0.01400
v 0.04899 0.25510 0.01400
v 0.04899 0.25510 -0.01400
v 0.07247 0.26009 0.01400
v 0.06475 0.15213 0.01400
v 0.04437 0.24798 -0.01400
v 0.04437 0.24798 0.01400
v 0.06475 0.15213 -0.01400
v 0.07061 0.15337 -0.02000
v 0.07371 0.25422 -0.02000
v 0.05024 0.24923 -0.02000
v 0.09409 0.15836 -0.02000
v 0.07186 0.14751 0.01400
v 0.06475 0.15213 0.01400
v 0.07061 0.15337 0.02000
v 0.05024 0.24923 0.02000
v 0.04437 0.24798 0.01400
v 0.04899 0.25510 0.01400
v 0.07186 0.14751 -0.01400
v 0.07061 0.15337 -0.02000
v 0.06475 0.15213 -0.01400
v 0.04899 0.25510 -0.01400
v 0.04437 0.24798 -0.01400
v 0.05024 0.24923 -0.02000
v 0.09534 0.15249 0.01400
v 0.09409 0.15836 0.02000
v 0.09996 0.15961 0.01400
v 0.07247 0.26009 0.01400
v 0.07958 0.25547 0.01400
v 0.07371 0.25422 0.02000
v 0.09534 0.15249 -0.01400
v 0.09996 0.15961 -0.01400
v 0.09409 0.15836 -0.02000
v 0.07247 0.26009 -0.01400
v 0.07371 0.25422 -0.02000
v 0.07958 0.25547 -0.01400
v 0.07186 0.14751 -0.01400
v 0.06475 0.15213 0.01400
v 0.07186 0.14751 0.01400
v 0.06475 0.15213 -0.01400
v 0.07061 0.15337 0.02000
v 0.04437 0.24798 0.01400
v 0.05024 0.24923 0.02000
v 0.06475 0.15213 0.01400
v 0.04899 0.25510 0.01400
v 0.04437 0.24798 -0.01400
v 0.04899 0.25510 -0.01400
v 0.04437 0.24798 0.01400
v 0.05024 0.24923 -0.02000
v 0.06475 0.15213 -0.01400
v 0.07061 0.15337 -0.02000
v 0.04437 0.24798 -0.01400
v 0.09534 0.15249 -0.01400
v 0.07061 0.15337 -0.02000
v 0.07186 0.14751 -0.01400
v 0.09409 0.15836 -0.02000
v 0.04899 0.25510 -0.01400
v 0.07371 0.25422 -0.02000
v 0.07247 0.26009 -0.01400
v 0.05024 0.24923 -0.02000
v 0.07958 0.25547 -0.01400
v 0.09409 0.15836 -0.02000
v 0.09996 0.15961 -0.01400
v 0.07371 0.25422 -0.02000
v 0.09534 0.15249 0.01400
v 0.09996 0.15961 -0.01400
v 0.09534 0.15249 -0.01400
v 0.09996 0.15961 0.01400
v 0.07247 0.26009 -0.01400
v 0.07958 0.25547 0.01400
v 0.07247 0.26009 0.01400
v 0.07958 0.25547 -0.01400
v 0.07371 0.25422 0.02000
v 0.09996 0.15961 0.01400
v 0.09409 0.15836 0.02000
v 0.07958 0.25547 0.01400
v 0.07186 0.14751 0.01400
v 0.09409 0.15836 0.02000
v 0.09534 0.15249 0.01400
v 0.07061 0.15337 0.02000
v 0.07247 0.26009 0.01400
v 0.05024 0.24923 0.02000
v 0.04899 0.25510 0.01400
v 0.07371 0.25422 0.02000
v 0.07186 0.14751 -0.01400
v 0.09534 0.15249 0.01400
v 0.09534 0.15249 -0.01400
v 0.07186 0.14751 0.01400
vn -0.0000 -0.0000 1.0000
vn -0.0000 -0.0000 1.0000
vn -0.0000 -0.0000 1.0000
vn -0.0000 -0.0000 1.0000
vn 0.9781 -0.2079 -0.0000
vn 0.9781 -0.2079 -0.0000
vn 0.9781 -0.2079 -0.0000
vn 0.9781 -0.2079 -0.0000
vn 0.2079 0.9782 0.0000
vn 0.2079 0.9782 0.0000
vn 0.2079 0.9782 0.0000
vn 0.2079 0.9782 0.0000
vn -0.9782 0.2079 -0.0000
vn -0.9782 0.2079 -0.0000
vn -0.9782 0.2079 -0.0000
vn -0.9782 0.2079 -0.0000
vn 0.0000 0.0000 -1.0000
vn 0.0000 0.0000 -1.0000
vn 0.0000 0.0000 -1.0000
vn 0.0000 0.0000 -1.0000
vn -0.6848 -0.4447 0.5773
vn -0.6848 -0.4447 0.5773
vn -0.6848 -0.4447 0.5773
vn -0.4447 0.6847 0.5774
vn -0.4447 0.6847 0.5774
vn -0.4447 0.6847 0.5774
vn -0.6848 -0.4446 -0.5774
vn -0.6848 -0.4446 -0.5774
vn -0.6848 -0.4446 -0.5774
vn -0.4447 0.6848 -0.5774
vn -0.4447 0.6848 -0.5774
vn -0.4447 0.6848 -0.5774
vn 0.4447 -0.6848 0.5774
vn 0.4447 -0.6848 0.5774
vn 0.4447 -0.6848 0.5774
vn 0.6847 0.4447 0.5774
vn 0.6847 0.4447 0.5774
vn 0.6847 0.4447 0.5774
vn 0.4446 -0.6848 -0.5774
vn 0.4446 -0.6848 -0.5774
vn 0.4446 -0.6848 -0.5774
vn 0.6848 0.4447 -0.5773
vn 0.6848 0.4447 -0.5773
vn 0.6848 0.4447 -0.5773
vn -0.8387 -0.5446 -0.0000
vn -0.8387 -0.5446 -0.0000
vn -0.8387 -0.5446 -0.0000
vn -0.8387 -0.5446 -0.0000
vn -0.6917 0.1470 0.7071
vn -0.6917 0.1470 0.7071
vn -0.6917 0.1470 0.7071
vn -0.6917 0.1470 0.7071
vn -0.5446 0.8387 0.0000
vn -0.5446 0.8387 0.0000
vn -0.5446 0.8387 0.0000
vn -0.5446 0.8387 0.0000
vn -0.6917 0.1470 -0.7071
vn -0.6917 0.1470 -0.7071
vn -0.6917 0.1470 -0.7071
vn -0.6917 0.1470 -0.7071
vn -0.1470 -0.6917 -0.7071
vn -0.1470 -0.6917 -0.7071
vn -0.1470 -0.6917 -0.7071
vn -0.1470 -0.6917 -0.7071
vn 0.1470 0.6917 -0.7070
vn 0.1470 0.6917 -0.7070
vn 0.1470 0.6917 -0.7070
vn 0.1470 0.6917 -0.7070
vn 0.6917 -0.1470 -0.7071
vn 0.6917 -0.1470 -0.7071
vn 0.6917 -0.1470 -0.7071
vn 0.6917 -0.1470 -0.7071
vn 0.5446 -0.8387 0.0000
vn 0.5446 -0.8387 0.0000
vn 0.5446 -0.8387 0.0000
vn 0.5446 -0.8387 0.0000
vn 0.8387 0.5446 0.0001
vn 0.8387 0.5446 0.0001
vn 0.8387 0.5446 0.0001
vn 0.8387 0.5446 0.0001
vn 0.6916 -0.1470 0.7071
vn 0.6916 -0.1470 0.7071
vn 0.6916 -0.1470 0.7071
vn 0.6916 -0.1470 0.7071
vn -0.1470 -0.6917 0.7071
vn -0.1470 -0.6917 0.7071
vn -0.1470 -0.6917 0.7071
vn -0.1470 -0.6917 0.7071
vn 0.1470 0.6916 0.7071
vn 0.1470 0.6916 0.7071
vn 0.1470 0.6916 0.7071
vn 0.1470 0.6916 0.7071
vn -0.2079 -0.9782 -0.0001
vn -0.2079 -0.9782 -0.0001
vn -0.2079 -0.9782 -0.0001
vn -0.2079 -0.9782 -0.0001
vn -0.0000 -0.0000 1.0000
vn -0.0000 -0.0000 1.0000
vn -0.0000 -0.0000 1.0000
vn -0.0000 -0.0000 1.0000
vn 0.9782 0.2079 0.0000
vn 0.9782 0.2079 0.0000
vn 0.9782 0.2079 0.0000
vn 0.9782 0.2079 0.0000
vn -0.2079 0.9781 -0.0000
vn -0.2079 0.9781 -0.0000
vn -0.2079 0.9781 -0.0000
vn -0.2079 0.9781 -0.0000
vn -0.9782 -0.2079 -0.0001
vn -0.9782 -0.2079 -0.0001
vn -0.9782 -0.2079 -0.0001
vn -0.9782 -0.2079 -0.0001
vn 0.0000 0.0000 -1.0000
vn 0.0000 0.0000 -1.0000
vn 0.0000 0.0000 -1.0000
vn 0.0000 0.0000 -1.0000
vn -0.4447 -0.6848 0.5773
vn -0.4447 -0.6848 0.5773
vn -0.4447 -0.6848 0.5773
vn -0.6848 0.4447 0.5774
vn -0.6848 0.4447 0.5774
vn -0.6848 0.4447 0.5774
vn -0.4446 -0.6848 -0.5774
vn -0.4446 -0.6848 -0.5774
vn -0.4446 -0.6848 -0.5774
vn -0.6848 0.4446 -0.5774
vn -0.6848 0.4446 -0.5774
vn -0.6848 0.4446 -0.5774
vn 0.6847 -0.4447 0.5774
vn 0.6847 -0.4447 0.5774
vn 0.6847 -0.4447 0.5774
vn 0.4447 0.6847 0.5774
vn 0.4447 0.6847 0.5774
vn 0.4447 0.6847 0.5774
vn 0.6848 -0.4447 -0.5774
vn 0.6848 -0.4447 -0.5774
vn 0.6848 -0.4447 -0.5774
vn 0.4447 0.6848 -0.5773
vn 0.4447 0.6848 -0.5773
vn 0.4447 0.6848 -0.5773
vn -0.5446 -0.8387 -0.0000
vn -0.5446 -0.8387 -0.0000
vn -0.5446 -0.8387 -0.0000
vn -0.5446 -0.8387 -0.0000
vn -0.6917 -0.1470 0.7071
vn -0.6917 -0.1470 0.7071
vn -0.6917 -0.1470 0.7071
vn -0.6917 -0.1470 0.7071
vn -0.8387 0.5446 0.0000
vn -0.8387 0.5446 0.0000
vn -0.8387 0.5446 0.0000
vn -0.8387 0.5446 0.0000
vn -0.6917 -0.1470 -0.7071
vn -0.6917 -0.1470 -0.7071
vn -0.6917 -0.1470 -0.7071
vn -0.6917 -0.1470 -0.7071
vn 0.1470 -0.6917 -0.7071
vn 0.1470 -0.6917 -0.7071
vn 0.1470 -0.6917 -0.7071
vn 0.1470 -0.6917 -0.7071
vn -0.1470 0.6917 -0.7071
vn -0.1470 0.6917 -0.7071
vn -0.1470 0.6917 -0.7071
vn -0.1470 0.6917 -0.7071
vn 0.6917 0.1470 -0.7070
vn 0.6917 0.1470 -0.7070
vn 0.6917 0.1470 -0.7070
vn 0.6917 0.1470 -0.7070
vn 0.8387 -0.5446 0.0000
vn 0.8387 -0.5446 0.0000
vn 0.8387 -0.5446 0.0000
vn 0.8387 -0.5446 0.0000
vn 0.5446 0.8387 0.0001
vn 0.5446 0.8387 0.0001
vn 0.5446 0.8387 0.0001
vn 0.5446 0.8387 0.0001
vn 0.6916 0.1470 0.7071
vn 0.6916 0.1470 0.7071
vn 0.6916 0.1470 0.7071
vn 0.6916 0.1470 0.7071
vn 0.1470 -0.6917 0.7071
vn 0.1470 -0.6917 0.7071
vn 0.1470 -0.6917 0.7071
vn 0.1470 -0.6917 0.7071
vn -0.1470 0.6916 0.7071
vn -0.1470 0.6916 0.7071
vn -0.1470 0.6916 0.7071
vn -0.1470 0.6916 0.7071
vn 0.2079 -0.9782 -0.0000
vn 0.2079 -0.9782 -0.0000
vn 0.2079 -0.9782 -0.0000
vn 0.2079 -0.9782 -0.0000
f 782//782 784//784 783//783
f 782//782 783//783 785//785
f 786//786 788//788 787//787
f 786//786 787//787 789//789
f 790//790 792//792 791//791
f 790//790 791//791 793//793
f 794//794 796//796 795//795
f 794//794 795//795 797//797
f 798//798 800//800 799//799
f 798//798 799//799 801//801
f 802//802 804//804 803//803
f 805//805 807//807 806//806
f 808//808 810//810 809//809
f 811//811 813//813 812//812
f 814//814 816//816 815//815
f 817//817 819//819 818//818
f 820//820 822//822 821//821
f 823//823 825//825 824//824
f 826//826 828//828 827//827
f 826//826 827//827 829//829
f 830//830 832//832 831//831
f 830//830 831//831 833//833
f 834//834 836//836 835//835
f 834//834 835//835 837//837
f 838//838 840//840 839//839
f 838//838 839//839 841//841
f 842//842 844//844 843//843
f 842//842 843//843 845//845
f 846//846 848//848 847//847
f 846//846 847//847 849//849
f 850//850 852//852 851//851
f 850//850 851//851 853//853
f 854//854 856//856 855//855
f 854//854 855//855 857//857
f 858//858 860//860 859//859
f 858//858 859//859 861//861
f 862//862 864//864 863//863
f 862//862 863//863 865//865
f 866//866 868//868 867//867
f 866//866 867//867 869//869
f 870//870 872//872 871//871
f 870//870 871//871 873//873
f 874//874 876//876 875//875
f 874//874 875//875 877//877
f 878//878 880//880 879//879
f 878//878 879//879 881//881
f 882//882 884//884 883//883
f 882//882 883//883 885//885
f 886//886 888//888 887//887
f 886//886 887//887 889//889
f 890//890 892//892 891//891
f 890//890 891//891 893//893
f 894//894 896//896 895//895
f 894//894 895//895 897//897
f 898//898 900//900 899//899
f 901//901 903//903 902//902
f 904//904 906//906 905//905
f 907//907 909//909 908//908
f 910//910 912//912 911//911
f 913//913 915//915 914//914
f 916//916 918//918 917//917
f 919//919 921//921 920//920
f 922//922 924//924 923//923
f 922//922 923//923 925//925
f 926//926 928//928 927//927
f 926//926 927//927 929//929
f 930//930 932//932 931//931
f 930//930 931//931 933//933
f 934//934 936//936 935//935
f 934//934 935//935 937//937
f 938//938 940//940 939//939
f 938//938 939//939 941//941
f 942//942 944//944 943//943
f 942//942 943//943 945//945
f 946//946 948//948 947//947
f 946//946 947//947 949//949
f 950//950 952//952 951//951
f 950//950 951//951 953//953
f 954//954 956//956 955//955
f 954//954 955//955 957//957
f 958//958 960//960 959//959
f 958//958 959//959 961//961
f 962//962 964//964 963//963
f 962//962 963//963 965//965
f 966//966 968//968 967//967
f 966//966 967//967 969//969
f 970//970 972//972 971//971
f 970//970 971//971 973//973
g body_skin
usemtl skin
v 0.00000 0.24757 0.00000
v -0.01426 0.27666 0.04170
v 0.03734 0.27666 0.02577
v 0.03734 0.27666 0.02577
v 0.03734 0.27666 -0.02577
v 0.00000 0.24757 0.00000
v 0.00000 0.24757 0.00000
v -0.04615 0.27666 0.00000
v -0.01426 0.27666 0.04170
v 0.00000 0.24757 0.00000
v -0.01426 0.27666 -0.04170
v -0.04615 0.27666 0.00000
v 0.00000 0.24757 0.00000
v 0.03734 0.27666 -0.02577
v -0.01426 0.27666 -0.04170
v 0.03734 0.27666 0.02577
v 0.04615 0.32374 0.00000
v 0.03734 0.27666 -0.02577
v -0.01426 0.27666 0.04170
v 0.01426 0.32374 0.04170
v 0.03734 0.27666 0.02577
v -0.04615 0.27666 0.00000
v -0.03734 0.32374 0.02577
v -0.01426 0.27666 0.04170
v -0.01426 0.27666 -0.04170
v -0.03734 0.32374 -0.02577
v -0.04615 0.27666 0.00000
v 0.03734 0.27666 -0.02577
v 0.01426 0.32374 -0.04170
v -0.01426 0.27666 -0.04170
v 0.03734 0.27666 0.02577
v 0.01426 0.32374 0.04170
v 0.04615 0.32374 0.00000
v -0.01426 0.27666 0.04170
v -0.03734 0.32374 0.02577
v 0.01426 0.32374 0.04170
v -0.04615 0.27666 0.00000
v -0.03734 0.32374 -0.02577
v -0.03734 0.32374 0.02577
v -0.01426 0.27666 -0.04170
v 0.01426 0.32374 -0.04170
v -0.03734 0.32374 -0.02577
v 0.03734 0.27666 -0.02577
v 0.04615 0.32374 0.00000
v 0.01426 0.32374 -0.04170
v 0.01426 0.32374 0.04170
v 0.00000 0.35283 0.00000
v 0.04615 0.32374 0.00000
v -0.03734 0.32374 0.02577
v 0.00000 0.35283 0.00000
v 0.01426 0.32374 0.04170
v -0.03734 0.32374 -0.02577
v 0.00000 0.35283 0.00000
v -0.03734 0.32374 0.02577
v 0.01426 0.32374 -0.04170
v 0.00000 0.35283 0.00000
v -0.03734 0.32374 -0.02577
v 0.04615 0.32374 0.00000
v 0.00000 0.35283 0.00000
v 0.01426 0.32374 -0.04170
v 0.00000 0.25204 0.02580
v -0.01188 0.27581 0.05506
v 0.03111 0.27581 0.04388
v 0.03111 0.27581 0.04388
v 0.03111 0.27581 0.00772
v 0.00000 0.25204 0.02580
v 0.00000 0.25204 0.02580
v -0.03846 0.27581 0.02580
v -0.01188 0.27581 0.05506
v 0.00000 0.25204 0.02580
v -0.01188 0.27581 -0.00346
v -0.03846 0.27581 0.02580
v 0.00000 0.25204 0.02580
v 0.03111 0.27581 0.00772
v -0.01188 0.27581 -0.00346
v 0.03111 0.27581 0.04388
v 0.03846 0.31427 0.02580
v 0.03111 0.27581 0.00772
v -0.01188 0.27581 0.05506
v 0.01188 0.31427 0.05506
v 0.03111 0.27581 0.04388
v -0.03846 0.27581 0.02580
v -0.03111 0.31427 0.04388
v -0.01188 0.27581 0.05506
v -0.01188 0.27581 -0.00346
v -0.03111 0.31427 0.00772
v -0.03846 0.27581 0.02580
v 0.03111 0.27581 0.00772
v 0.01188 0.31427 -0.00346
v -0.01188 0.27581 -0.00346
v 0.03111 0.27581 0.04388
v 0.01188 0.31427 0.05506
v 0.03846 0.31427 0.02580
v -0.01188 0.27581 0.05506
v -0.03111 0.31427 0.04388
v 0.01188 0.31427 0.05506
v -0.03846 0.27581 0.02580
v -0.03111 0.31427 0.00772
v -0.03111 0.31427 0.04388
v -0.01188 0.27581 -0.00346
v 0.01188 0.31427 -0.00346
v -0.03111 0.31427 0.00772
v 0.03111 0.27581 0.00772
v 0.03846 0.31427 0.02580
v 0.01188 0.31427 -0.00346
v 0.01188 0.31427 0.05506
v 0.00000 0.33804 0.02580
v 0.03846 0.31427 0.02580
v -0.03111 0.31427 0.04388
v 0.00000 0.33804 0.02580
v 0.01188 0.31427 0.05506
v -0.03111 0.31427 0.00772
v 0.00000 0.33804 0.02580
v -0.03111 0.31427 0.04388
v 0.01188 0.31427 -0.00346
v 0.00000 0.33804 0.02580
v -0.03111 0.31427 0.00772
v 0.03846 0.31427 0.02580
v 0.00000 0.33804 0.02580
v 0.01188 0.31427 -0.00346
v -0.09500 0.12800 0.01000
v -0.10108 0.14016 0.02871
v -0.07908 0.14016 0.02157
v -0.07908 0.14016 0.02157
v -0.07908 0.14016 -0.00157
v -0.09500 0.12800 0.01000
v -0.09500 0.12800 0.01000
v -0.11468 0.14016 0.01000
v -0.10108 0.14016 0.02871
v -0.09500 0.12800 0.01000
v -0.10108 0.14016 -0.00871
v -0.11468 0.14016 0.01000
v -0.09500 0.12800 0.01000
v -0.07908 0.14016 -0.00157
v -0.10108 0.14016 -0.00871
v -0.07908 0.14016 0.02157
v -0.07532 0.15984 0.01000
v -0.07908 0.14016 -0.00157
v -0.10108 0.14016 0.02871
v -0.08892 0.15984 0.02871
v -0.07908 0.14016 0.02157
v -0.11468 0.14016 0.01000
v -0.11092 0.15984 0.02157
v -0.10108 0.14016 0.02871
v -0.10108 0.14016 -0.00871
v -0.11092 0.15984 -0.00157
v -0.11468 0.14016 0.01000
v -0.07908 0.14016 -0.00157
v -0.08892 0.15984 -0.00871
v -0.10108 0.14016 -0.00871
v -0.07908 0.14016 0.02157
v -0.08892 0.15984 0.02871
v -0.07532 0.15984 0.01000
v -0.10108 0.14016 0.02871
v -0.11092 0.15984 0.02157
v -0.08892 0.15984 0.02871
v -0.11468 0.14016 0.01000
v -0.11092 0.15984 -0.00157
v -0.11092 0.15984 0.02157
v -0.10108 0.14016 -0.00871
v -0.08892 0.15984 -0.00871
v -0.11092 0.15984 -0.00157
v -0.07908 0.14016 -0.00157
v -0.07532 0.15984 0.01000
v -0.08892 0.15984 -0.00871
v -0.08892 0.15984 0.02871
v -0.09500 0.17200 0.01000
v -0.07532 0.15984 0.01000
v -0.11092 0.15984 0.02157
v -0.09500 0.17200 0.01000
v -0.08892 0.15984 0.02871
v -0.11092 0.15984 -0.00157
v -0.09500 0.17200 0.01000
v -0.11092 0.15984 0.02157
v -0.08892 0.15984 -0.00871
v -0.09500 0.17200 0.01000
v -0.11092 0.15984 -0.00157
v -0.07532 0.15984 0.01000
v -0.09500 0.17200 0.01000
v -0.08892 0.15984 -0.00871
v 0.09500 0.12800 0.01000
v 0.08892 0.14016 0.02871
v 0.11092 0.14016 0.02157
v 0.11092 0.14016 0.02157
v 0.11092 0.14016 -0.00157
v 0.09500 0.12800 0.01000
v 0.09500 0.12800 0.01000
v 0.07532 0.14016 0.01000
v 0.08892 0.14016 0.02871
v 0.09500 0.12800 0.01000
v 0.08892 0.14016 -0.00871
v 0.07532 0.14016 0.01000
v 0.09500 0.12800 0.01000
v 0.11092 0.14016 -0.00157
v 0.08892 0.14016 -0.00871
v 0.11092 0.14016 0.02157
v 0.11468 0.15984 0.01000
v 0.11092 0.14016 -0.00157
v 0.08892 0.14016 0.02871
v 0.10108 0.15984 0.02871
v 0.11092 0.14016 0.02157
v 0.07532 0.14016 0.01000
v 0.07908 0.15984 0.02157
v 0.08892 0.14016 0.02871
v 0.08892 0.14016 -0.00871
v 0.07908 0.15984 -0.00157
v 0.07532 0.14016 0.01000
v 0.11092 0.14016 -0.00157
v 0.10108 0.15984 -0.00871
v 0.08892 0.14016 -0.00871
v 0.11092 0.14016 0.02157
v 0.10108 0.15984 0.02871
v 0.11468 0.15984 0.01000
v 0.08892 0.14016 0.02871
v 0.07908 0.15984 0.02157
v 0.10108 0.15984 0.02871
v 0.07532 0.14016 0.01000
v 0.07908 0.15984 -0.00157
v 0.07908 0.15984 0.02157
v 0.08892 0.14016 -0.00871
v 0.10108 0.15984 -0.00871
v 0.07908 0.15984 -0.00157
v 0.11092 0.14016 -0.00157
v 0.11468 0.15984 0.01000
v 0.10108 0.15984 -0.00871
v 0.10108 0.15984 0.02871
v 0.09500 0.17200 0.01000
v 0.11468 0.15984 0.01000
v 0.07908 0.15984 0.02157
v 0.09500 0.17200 0.01000
v 0.10108 0.15984 0.02871
v 0.07908 0.15984 -0.00157
v 0.09500 0.17200 0.01000
v 0.07908 0.15984 0.02157
v 0.10108 0.15984 -0.00871
v 0.09500 0.17200 0.01000
v 0.07908 0.15984 -0.00157
v 0.11468 0.15984 0.01000
v 0.09500 0.17200 0.01000
v 0.10108 0.15984 -0.00871
v 0.00000 0.24430 -0.02150
v 0.01862 0.27010 -0.01075
v 0.00000 0.27010 -0.02150
v 0.01862 0.24430 -0.01075
v 0.01862 0.24430 -0.01075
v 0.01862 0.27010 0.01075
v 0.01862 0.27010 -0.01075
v 0.01862 0.24430 0.01075
v 0.01862 0.24430 0.01075
v 0.00000 0.27010 0.02150
v 0.01862 0.27010 0.01075
v 0.00000 0.24430 0.02150
v 0.00000 0.24430 0.02150
v -0.01862 0.27010 0.01075
v 0.00000 0.27010 0.02150
v -0.01862 0.24430 0.01075
v 0.01862 0.27010 0.01075
v 0.00000 0.27010 -0.02150
v 0.01862 0.27010 -0.01075
v -0.01862 0.27010 0.01075
v 0.00000 0.27010 0.02150
v -0.01862 0.27010 -0.01075
v -0.01862 0.24430 0.01075
v -0.01862 0.27010 -0.01075
v -0.01862 0.27010 0.01075
v -0.01862 0.24430 -0.01075
v -0.01862 0.24430 -0.01075
v 0.00000 0.27010 -0.02150
v -0.01862 0.27010 -0.01075
v 0.00000 0.24430 -0.02150
v -0.01862 0.24430 -0.01075
v 0.01862 0.24430 -0.01075
v 0.00000 0.24430 -0.02150
v 0.00000 0.24430 0.02150
v -0.01862 0.24430 0.01075
v 0.01862 0.24430 0.01075
vn 0.1865 -0.7746 0.6043
vn 0.1865 -0.7746 0.6043
vn 0.1865 -0.7746 0.6043
vn 0.6146 -0.7888 0.0000
vn 0.6146 -0.7888 0.0000
vn 0.6146 -0.7888 0.0000
vn -0.4938 -0.7833 0.3776
vn -0.4938 -0.7833 0.3776
vn -0.4938 -0.7833 0.3776
vn -0.4938 -0.7833 -0.3777
vn -0.4938 -0.7833 -0.3777
vn -0.4938 -0.7833 -0.3777
vn 0.1865 -0.7746 -0.6043
vn 0.1865 -0.7746 -0.6043
vn 0.1865 -0.7746 -0.6043
vn 0.9829 -0.1840 -0.0000
vn 0.9829 -0.1840 -0.0000
vn 0.9829 -0.1840 -0.0000
vn 0.2903 -0.1759 0.9406
vn 0.2903 -0.1759 0.9406
vn 0.2903 -0.1759 0.9406
vn -0.7812 -0.1808 0.5975
vn -0.7812 -0.1808 0.5975
vn -0.7812 -0.1808 0.5975
vn -0.7812 -0.1808 -0.5976
vn -0.7812 -0.1808 -0.5976
vn -0.7812 -0.1808 -0.5976
vn 0.2903 -0.1759 -0.9406
vn 0.2903 -0.1759 -0.9406
vn 0.2903 -0.1759 -0.9406
vn 0.7812 0.1808 0.5976
vn 0.7812 0.1808 0.5976
vn 0.7812 0.1808 0.5976
vn -0.2903 0.1759 0.9406
vn -0.2903 0.1759 0.9406
vn -0.2903 0.1759 0.9406
vn -0.9829 0.1840 -0.0000
vn -0.9829 0.1840 -0.0000
vn -0.9829 0.1840 -0.0000
vn -0.2903 0.1759 -0.9406
vn -0.2903 0.1759 -0.9406
vn -0.2903 0.1759 -0.9406
vn 0.7812 0.1808 -0.5975
vn 0.7812 0.1808 -0.5975
vn 0.7812 0.1808 -0.5975
vn 0.4938 0.7833 0.3777
vn 0.4938 0.7833 0.3777
vn 0.4938 0.7833 0.3777
vn -0.1865 0.7746 0.6043
vn -0.1865 0.7746 0.6043
vn -0.1865 0.7746 0.6043
vn -0.6146 0.7888 0.0000
vn -0.6146 0.7888 0.0000
vn -0.6146 0.7888 0.0000
vn -0.1865 0.7746 -0.6043
vn -0.1865 0.7746 -0.6043
vn -0.1865 0.7746 -0.6043
vn 0.4938 0.7833 -0.3775
vn 0.4938 0.7833 -0.3775
vn 0.4938 0.7833 -0.3775
vn 0.1721 -0.7292 0.6623
vn 0.1721 -0.7292 0.6623
vn 0.1721 -0.7292 0.6623
vn 0.6070 -0.7947 0.0000
vn 0.6070 -0.7947 0.0000
vn 0.6070 -0.7947 0.0000
vn -0.4744 -0.7676 0.4309
vn -0.4744 -0.7676 0.4309
vn -0.4744 -0.7676 0.4309
vn -0.4744 -0.7676 -0.4309
vn -0.4744 -0.7676 -0.4309
vn -0.4744 -0.7676 -0.4309
vn 0.1722 -0.7292 -0.6623
vn 0.1722 -0.7292 -0.6623
vn 0.1722 -0.7292 -0.6623
vn 0.9822 -0.1876 -0.0000
vn 0.9822 -0.1876 -0.0000
vn 0.9822 -0.1876 -0.0000
vn 0.2486 -0.1536 0.9564
vn 0.2486 -0.1536 0.9564
vn 0.2486 -0.1536 0.9564
vn -0.7292 -0.1721 0.6623
vn -0.7292 -0.1721 0.6623
vn -0.7292 -0.1721 0.6623
vn -0.7292 -0.1721 -0.6623
vn -0.7292 -0.1721 -0.6623
vn -0.7292 -0.1721 -0.6623
vn 0.2486 -0.1536 -0.9563
vn 0.2486 -0.1536 -0.9563
vn 0.2486 -0.1536 -0.9563
vn 0.7292 0.1721 0.6624
vn 0.7292 0.1721 0.6624
vn 0.7292 0.1721 0.6624
vn -0.2486 0.1536 0.9563
vn -0.2486 0.1536 0.9563
vn -0.2486 0.1536 0.9563
vn -0.9823 0.1876 -0.0000
vn -0.9823 0.1876 -0.0000
vn -0.9823 0.1876 -0.0000
vn -0.2486 0.1536 -0.9563
vn -0.2486 0.1536 -0.9563
vn -0.2486 0.1536 -0.9563
vn 0.7292 0.1721 -0.6623
vn 0.7292 0.1721 -0.6623
vn 0.7292 0.1721 -0.6623
vn 0.4744 0.7676 0.4310
vn 0.4744 0.7676 0.4310
vn 0.4744 0.7676 0.4310
vn -0.1722 0.7291 0.6623
vn -0.1722 0.7291 0.6623
vn -0.1722 0.7291 0.6623
vn -0.6071 0.7946 0.0000
vn -0.6071 0.7946 0.0000
vn -0.6071 0.7946 0.0000
vn -0.1722 0.7292 -0.6623
vn -0.1722 0.7292 -0.6623
vn -0.1722 0.7292 -0.6623
vn 0.4744 0.7677 -0.4308
vn 0.4744 0.7677 -0.4308
vn 0.4744 0.7677 -0.4308
vn 0.1875 -0.7947 0.5773
vn 0.1875 -0.7947 0.5773
vn 0.1875 -0.7947 0.5773
vn 0.6070 -0.7947 0.0000
vn 0.6070 -0.7947 0.0000
vn 0.6070 -0.7947 0.0000
vn -0.4911 -0.7947 0.3567
vn -0.4911 -0.7947 0.3567
vn -0.4911 -0.7947 0.3567
vn -0.4911 -0.7947 -0.3568
vn -0.4911 -0.7947 -0.3568
vn -0.4911 -0.7947 -0.3568
vn 0.1876 -0.7947 -0.5774
vn 0.1876 -0.7947 -0.5774
vn 0.1876 -0.7947 -0.5774
vn 0.9822 -0.1876 -0.0000
vn 0.9822 -0.1876 -0.0000
vn 0.9822 -0.1876 -0.0000
vn 0.3035 -0.1876 0.9342
vn 0.3035 -0.1876 0.9342
vn 0.3035 -0.1876 0.9342
vn -0.7947 -0.1877 0.5773
vn -0.7947 -0.1877 0.5773
vn -0.7947 -0.1877 0.5773
vn -0.7946 -0.1876 -0.5775
vn -0.7946 -0.1876 -0.5775
vn -0.7946 -0.1876 -0.5775
vn 0.3035 -0.1876 -0.9342
vn 0.3035 -0.1876 -0.9342
vn 0.3035 -0.1876 -0.9342
vn 0.7946 0.1876 0.5774
vn 0.7946 0.1876 0.5774
vn 0.7946 0.1876 0.5774
vn -0.3035 0.1876 0.9342
vn -0.3035 0.1876 0.9342
vn -0.3035 0.1876 0.9342
vn -0.9823 0.1876 -0.0000
vn -0.9823 0.1876 -0.0000
vn -0.9823 0.1876 -0.0000
vn -0.3035 0.1876 -0.9342
vn -0.3035 0.1876 -0.9342
vn -0.3035 0.1876 -0.9342
vn 0.7946 0.1876 -0.5774
vn 0.7946 0.1876 -0.5774
vn 0.7946 0.1876 -0.5774
vn 0.4911 0.7947 0.3568
vn 0.4911 0.7947 0.3568
vn 0.4911 0.7947 0.3568
vn -0.1876 0.7946 0.5774
vn -0.1876 0.7946 0.5774
vn -0.1876 0.7946 0.5774
vn -0.6071 0.7946 0.0000
vn -0.6071 0.7946 0.0000
vn -0.6071 0.7946 0.0000
vn -0.1876 0.7946 -0.5774
vn -0.1876 0.7946 -0.5774
vn -0.1876 0.7946 -0.5774
vn 0.4911 0.7947 -0.3567
vn 0.4911 0.7947 -0.3567
vn 0.4911 0.7947 -0.3567
vn 0.1875 -0.7947 0.5773
vn 0.1875 -0.7947 0.5773
vn 0.1875 -0.7947 0.5773
vn 0.6070 -0.7947 0.0000
vn 0.6070 -0.7947 0.0000
vn 0.6070 -0.7947 0.0000
vn -0.4911 -0.7947 0.3567
vn -0.4911 -0.7947 0.3567
vn -0.4911 -0.7947 0.3567
vn -0.4911 -0.7947 -0.3568
vn -0.4911 -0.7947 -0.3568
vn -0.4911 -0.7947 -0.3568
vn 0.1876 -0.7947 -0.5774
vn 0.1876 -0.7947 -0.5774
vn 0.1876 -0.7947 -0.5774
vn 0.9822 -0.1876 -0.0000
vn 0.9822 -0.1876 -0.0000
vn 0.9822 -0.1876 -0.0000
vn 0.3035 -0.1876 0.9342
vn 0.3035 -0.1876 0.9342
vn 0.3035 -0.1876 0.9342
vn -0.7947 -0.1877 0.5773
vn -0.7947 -0.1877 0.5773
vn -0.7947 -0.1877 0.5773
vn -0.7946 -0.1876 -0.5775
vn -0.7946 -0.1876 -0.5775
vn -0.7946 -0.1876 -0.5775
vn 0.3035 -0.1876 -0.9342
vn 0.3035 -0.1876 -0.9342
vn 0.3035 -0.1876 -0.9342
vn 0.7946 0.1876 0.5774
vn 0.7946 0.1876 0.5774
vn 0.7946 0.1876 0.5774
vn -0.3035 0.1876 0.9342
vn -0.3035 0.1876 0.9342
vn -0.3035 0.1876 0.9342
vn -0.9823 0.1876 -0.0000
vn -0.9823 0.1876 -0.0000
vn -0.9823 0.1876 -0.0000
vn -0.3035 0.1876 -0.9342
vn -0.3035 0.1876 -0.9342
vn -0.3035 0.1876 -0.9342
vn 0.7946 0.1876 -0.5774
vn 0.7946 0.1876 -0.5774
vn 0.7946 0.1876 -0.5774
vn 0.4911 0.7947 0.3568
vn 0.4911 0.7947 0.3568
vn 0.4911 0.7947 0.3568
vn -0.1876 0.7946 0.5774
vn -0.1876 0.7946 0.5774
vn -0.1876 0.7946 0.5774
vn -0.6071 0.7946 0.0000
vn -0.6071 0.7946 0.0000
vn -0.6071 0.7946 0.0000
vn -0.1876 0.7946 -0.5774
vn -0.1876 0.7946 -0.5774
vn -0.1876 0.7946 -0.5774
vn 0.4911 0.7947 -0.3567
vn 0.4911 0.7947 -0.3567
vn 0.4911 0.7947 -0.3567
vn 0.5000 0.0000 -0.8660
vn 0.5000 0.0000 -0.8660
vn 0.5000 0.0000 -0.8660
vn 0.5000 0.0000 -0.8660
vn 1.0000 0.0000 -0.0000
vn 1.0000 0.0000 -0.0000
vn 1.0000 0.0000 -0.0000
vn 1.0000 0.0000 -0.0000
vn 0.5000 -0.0000 0.8660
vn 0.5000 -0.0000 0.8660
vn 0.5000 -0.0000 0.8660
vn 0.5000 -0.0000 0.8660
vn -0.5000 -0.0000 0.8660
vn -0.5000 -0.0000 0.8660
vn -0.5000 -0.0000 0.8660
vn -0.5000 -0.0000 0.8660
vn 0.0000 1.0000 -0.0000
vn 0.0000 1.0000 -0.0000
vn 0.0000 1.0000 -0.0000
vn 0.0000 1.0000 -0.0000
vn 0.0000 1.0000 -0.0000
vn 0.0000 1.0000 -0.0000
vn -1.0000 0.0000 -0.0000
vn -1.0000 0.0000 -0.0000
vn -1.0000 0.0000 -0.0000
vn -1.0000 0.0000 -0.0000
vn -0.5000 0.0000 -0.8660
vn -0.5000 0.0000 -0.8660
vn -0.5000 0.0000 -0.8660
vn -0.5000 0.0000 -0.8660
vn 0.0000 -1.0000 -0.0000
vn 0.0000 -1.0000 -0.0000
vn 0.0000 -1.0000 -0.0000
vn 0.0000 -1.0000 -0.0000
vn 0.0000 -1.0000 -0.0000
vn 0.0000 -1.0000 -0.0000
f 1094//1094 1096//1096 1095//1095
f 1097//1097 1099//1099 1098//1098
f 1100//1100 1102//1102 1101//1101
f 1103//1103 1105//1105 1104//1104
f 1106//1106 1108//1108 1107//1107
f 1109//1109 1111//1111 1110//1110
f 1112//1112 1114//1114 1113//1113
f 1115//1115 1117//1117 1116//1116
f 1118//1118 1120//1120 1119//1119
f 1121//1121 1123//1123 1122//1122
f 1124//1124 1126//1126 1125//1125
f 1127//1127 1129//1129 1128//1128
f 1130//1130 1132//1132 1131//1131
f 1133//1133 1135//1135 1134//1134
f 1136//1136 1138//1138 1137//1137
f 1139//1139 1141//1141 1140//1140
f 1142//1142 1144//1144 1143//1143
f 1145//1145 1147//1147 1146//1146
f 1148//1148 1150//1150 1149//1149
f 1151//1151 1153//1153 1152//1152
f 1154//1154 1156//1156 1155//1155
f 1157//1157 1159//1159 1158//1158
f 1160//1160 1162//1162 1161//1161
f 1163//1163 1165//1165 1164//1164
f 1166//1166 1168//1168 1167//1167
f 1169//1169 1171//1171 1170//1170
f 1172//1172 1174//1174 1173//1173
f 1175//1175 1177//1177 1176//1176
f 1178//1178 1180//1180 1179//1179
f 1181//1181 1183//1183 1182//1182
f 1184//1184 1186//1186 1185//1185
f 1187//1187 1189//1189 1188//1188
f 1190//1190 1192//1192 1191//1191
f 1193//1193 1195//1195 1194//1194
f 1196//1196 1198//1198 1197//1197
f 1199//1199 1201//1201 1200//1200
f 1202//1202 1204//1204 1203//1203
f 1205//1205 1207//1207 1206//1206
f 1208//1208 1210//1210 1209//1209
f 1211//1211 1213//1213 1212//1212
f 1214//1214 1216//1216 1215//1215
f 1214//1214 1215//1215 1217//1217
f 1218//1218 1220//1220 1219//1219
f 1218//1218 1219//1219 1221//1221
f 1222//1222 1224//1224 1223//1223
f 1222//1222 1223//1223 1225//1225
f 1226//1226 1228//1228 1227//1227
f 1226//1226 1227//1227 1229//1229
f 1230//1230 1232//1232 1231//1231
f 1231//1231 1233//1233 1230//1230
f 1233//1233 1234//1234 1230//1230
f 1231//1231 1235//1235 1233//1233
f 1236//1236 1238//1238 1237//1237
f 1236//1236 1237//1237 1239//1239
f 1240//1240 1242//1242 1241//1241
f 1240//1240 1241//1241 1243//1243
f 1244//1244 1246//1246 1245//1245
f 1245//1245 1247//1247 1244//1244
f 1247//1247 1248//1248 1244//1244
f 1245//1245 1249//1249 1247//1247
f 974//974 976//976 975//975
f 977//977 979//979 978//978
f 980//980 982//982 981//981
f 983//983 985//985 984//984
f 986//986 988//988 987//987
f 989//989 991//991 990//990
f 992//992 994//994 993//993
f 995//995 997//997 996//996
f 998//998 1000//1000 999//999
f 1001//1001 1003//1003 1002//1002
f 1004//1004 1006//1006 1005//1005
f 1007//1007 1009//1009 1008//1008
f 1010//1010 1012//1012 1011//1011
f 1013//1013 1015//1015 1014//1014
f 1016//1016 1018//1018 1017//1017
f 1019//1019 1021//1021 1020//1020
f 1022//1022 1024//1024 1023//1023
f 1025//1025 1027//1027 1026//1026
f 1028//1028 1030//1030 1029//1029
f 1031//1031 1033//1033 1032//1032
f 1034//1034 1036//1036 1035//1035
f 1037//1037 1039//1039 1038//1038
f 1040//1040 1042//1042 1041//1041
f 1043//1043 1045//1045 1044//1044
f 1046//1046 1048//1048 1047//1047
f 1049//1049 1051//1051 1050//1050
f 1052//1052 1054//1054 1053//1053
f 1055//1055 1057//1057 1056//1056
f 1058//1058 1060//1060 1059//1059
f 1061//1061 1063//1063 1062//1062
f 1064//1064 1066//1066 1065//1065
f 1067//1067 1069//1069 1068//1068
f 1070//1070 1072//1072 1071//1071
f 1073//1073 1075//1075 1074//1074
f 1076//1076 1078//1078 1077//1077
f 1079//1079 1081//1081 1080//1080
f 1082//1082 1084//1084 1083//1083
f 1085//1085 1087//1087 1086//1086
f 1088//1088 1090//1090 1089//1089
f 1091//1091 1093//1093 1092//1092
g body_black
usemtl black
v -0.02451 0.29676 0.05074
v -0.02451 0.31052 0.04558
v -0.02451 0.31052 0.05074
v -0.02451 0.29676 0.04558
v -0.02451 0.29676 0.04558
v -0.01333 0.31052 0.04558
v -0.02451 0.31052 0.04558
v -0.01333 0.29676 0.04558
v -0.01333 0.29676 0.04558
v -0.01333 0.31052 0.05074
v -0.01333 0.31052 0.04558
v -0.01333 0.29676 0.05074
v -0.01333 0.29676 0.05074
v -0.02451 0.31052 0.05074
v -0.01333 0.31052 0.05074
v -0.02451 0.29676 0.05074
v -0.02451 0.29676 0.04558
v -0.01333 0.29676 0.05074
v -0.01333 0.29676 0.04558
v -0.02451 0.29676 0.05074
v -0.01333 0.31052 0.04558
v -0.02451 0.31052 0.05074
v -0.02451 0.31052 0.04558
v -0.01333 0.31052 0.05074
v 0.01333 0.29676 0.05074
v 0.01333 0.31052 0.04558
v 0.01333 0.31052 0.05074
v 0.01333 0.29676 0.04558
v 0.01333 0.29676 0.04558
v 0.02451 0.31052 0.04558
v 0.01333 0.31052 0.04558
v 0.02451 0.29676 0.04558
v 0.02451 0.29676 0.04558
v 0.02451 0.31052 0.05074
v 0.02451 0.31052 0.04558
v 0.02451 0.29676 0.05074
v 0.02451 0.29676 0.05074
v 0.01333 0.31052 0.05074
v 0.02451 0.31052 0.05074
v 0.01333 0.29676 0.05074
v 0.01333 0.29676 0.04558
v 0.02451 0.29676 0.05074
v 0.02451 0.29676 0.04558
v 0.01333 0.29676 0.05074
v 0.02451 0.31052 0.04558
v 0.01333 0.31052 0.05074
v 0.01333 0.31052 0.04558
v 0.02451 0.31052 0.05074
v -0.02279 0.29504 0.06278
v -0.02279 0.30880 0.05762
v -0.02279 0.30880 0.06278
v -0.02279 0.29504 0.05762
v -0.02279 0.29504 0.05762
v -0.01161 0.30880 0.05762
v -0.02279 0.30880 0.05762
v -0.01161 0.29504 0.05762
v -0.01161 0.29504 0.05762
v -0.01161 0.30880 0.06278
v -0.01161 0.30880 0.05762
v -0.01161 0.29504 0.06278
v -0.01161 0.29504 0.06278
v -0.02279 0.30880 0.06278
v -0.01161 0.30880 0.06278
v -0.02279 0.29504 0.06278
v -0.02279 0.29504 0.05762
v -0.01161 0.29504 0.06278
v -0.01161 0.29504 0.05762
v -0.02279 0.29504 0.06278
v -0.01161 0.30880 0.05762
v -0.02279 0.30880 0.06278
v -0.02279 0.30880 0.05762
v -0.01161 0.30880 0.06278
v 0.01161 0.29504 0.06278
v 0.01161 0.30880 0.05762
v 0.01161 0.30880 0.06278
v 0.01161 0.29504 0.05762
v 0.01161 0.29504 0.05762
v 0.02279 0.30880 0.05762
v 0.01161 0.30880 0.05762
v 0.02279 0.29504 0.05762
v 0.02279 0.29504 0.05762
v 0.02279 0.30880 0.06278
v 0.02279 0.30880 0.05762
v 0.02279 0.29504 0.06278
v 0.02279 0.29504 0.06278
v 0.01161 0.30880 0.06278
v 0.02279 0.30880 0.06278
v 0.01161 0.29504 0.06278
v 0.01161 0.29504 0.05762
v 0.02279 0.29504 0.06278
v 0.02279 0.29504 0.05762
v 0.01161 0.29504 0.06278
v 0.02279 0.30880 0.05762
v 0.01161 0.30880 0.06278
v 0.01161 0.30880 0.05762
v 0.02279 0.30880 0.06278
vn -1.0000 0.0000 -0.0000
vn -1.0000 0.0000 -0.0000
vn -1.0000 0.0000 -0.0000
vn -1.0000 0.0000 -0.0000
vn 0.0000 0.0000 -1.0000
vn 0.0000 0.0000 -1.0000
vn 0.0000 0.0000 -1.0000
vn 0.0000 0.0000 -1.0000
vn 1.0000 0.0000 -0.0000
vn 1.0000 0.0000 -0.0000
vn 1.0000 0.0000 -0.0000
vn 1.0000 0.0000 -0.0000
vn -0.0000 -0.0000 1.0000
vn -0.0000 -0.0000 1.0000
vn -0.0000 -0.0000 1.0000
vn -0.0000 -0.0000 1.0000
vn 0.0000 -1.0000 -0.0000
vn 0.0000 -1.0000 -0.0000
vn 0.0000 -1.0000 -0.0000
vn 0.0000 -1.0000 -0.0000
vn 0.0000 1.0000 -0.0000
vn 0.0000 1.0000 -0.0000
vn 0.0000 1.0000 -0.0000
vn 0.0000 1.0000 -0.0000
vn -1.0000 0.0000 -0.0000
vn -1.0000 0.0000 -0.0000
vn -1.0000 0.0000 -0.0000
vn -1.0000 0.0000 -0.0000
vn 0.0000 0.0000 -1.0000
vn 0.0000 0.0000 -1.0000
vn 0.0000 0.0000 -1.0000
vn 0.0000 0.0000 -1.0000
vn 1.0000 0.0000 -0.0000
vn 1.0000 0.0000 -0.0000
vn 1.0000 0.0000 -0.0000
vn 1.0000 0.0000 -0.0000
vn -0.0000 -0.0000 1.0000
vn -0.0000 -0.0000 1.0000
vn -0.0000 -0.0000 1.0000
vn -0.0000 -0.0000 1.0000
vn 0.0000 -1.0000 -0.0000
vn 0.0000 -1.0000 -0.0000
vn 0.0000 -1.0000 -0.0000
vn 0.0000 -1.0000 -0.0000
vn 0.0000 1.0000 -0.0000
vn 0.0000 1.0000 -0.0000
vn 0.0000 1.0000 -0.0000
vn 0.0000 1.0000 -0.0000
vn -1.0000 0.0000 -0.0000
vn -1.0000 0.0000 -0.0000
vn -1.0000 0.0000 -0.0000
vn -1.0000 0.0000 -0.0000
vn 0.0000 0.0000 -1.0000
vn 0.0000 0.0000 -1.0000
vn 0.0000 0.0000 -1.0000
vn 0.0000 0.0000 -1.0000
vn 1.0000 0.0000 -0.0000
vn 1.0000 0.0000 -0.0000
vn 1.0000 0.0000 -0.0000
vn 1.0000 0.0000 -0.0000
vn -0.0000 -0.0000 1.0000
vn -0.0000 -0.0000 1.0000
vn -0.0000 -0.0000 1.0000
vn -0.0000 -0.0000 1.0000
vn 0.0000 -1.0000 -0.0000
vn 0.0000 -1.0000 -0.0000
vn 0.0000 -1.0000 -0.0000
vn 0.0000 -1.0000 -0.0000
vn 0.0000 1.0000 -0.0000
vn 0.0000 1.0000 -0.0000
vn 0.0000 1.0000 -0.0000
vn 0.0000 1.0000 -0.0000
vn -1.0000 0.0000 -0.0000
vn -1.0000 0.0000 -0.0000
vn -1.0000 0.0000 -0.0000
vn -1.0000 0.0000 -0.0000
vn 0.0000 0.0000 -1.0000
vn 0.0000 0.0000 -1.0000
vn 0.0000 0.0000 -1.0000
vn 0.0000 0.0000 -1.0000
vn 1.0000 0.0000 -0.0000
vn 1.0000 0.0000 -0.0000
vn 1.0000 0.0000 -0.0000
vn 1.0000 0.0000 -0.0000
vn -0.0000 -0.0000 1.0000
vn -0.0000 -0.0000 1.0000
vn -0.0000 -0.0000 1.0000
vn -0.0000 -0.0000 1.0000
vn 0.0000 -1.0000 -0.0000
vn 0.0000 -1.0000 -0.0000
vn 0.0000 -1.0000 -0.0000
vn 0.0000 -1.0000 -0.0000
vn 0.0000 1.0000 -0.0000
vn 0.0000 1.0000 -0.0000
vn 0.0000 1.0000 -0.0000
vn 0.0000 1.0000 -0.0000
f 1250//1250 1252//1252 1251//1251
f 1250//1250 1251//1251 1253//1253
f 1254//1254 1256//1256 1255//1255
f 1254//1254 1255//1255 1257//1257
f 1258//1258 1260//1260 1259//1259
f 1258//1258 1259//1259 1261//1261
f 1262//1262 1264//1264 1263//1263
f 1262//1262 1263//1263 1265//1265
f 1266//1266 1268//1268 1267//1267
f 1266//1266 1267//1267 1269//1269
f 1270//1270 1272//1272 1271//1271
f 1270//1270 1271//1271 1273//1273
f 1274//1274 1276//1276 1275//1275
f 1274//1274 1275//1275 1277//1277
f 1278//1278 1280//1280 1279//1279
f 1278//1278 1279//1279 1281//1281
f 1282//1282 1284//1284 1283//1283
f 1282//1282 1283//1283 1285//1285
f 1286//1286 1288//1288 1287//1287
f 1286//1286 1287//1287 1289//1289
f 1290//1290 1292//1292 1291//1291
f 1290//1290 1291//1291 1293//1293
f 1294//1294 1296//1296 1295//1295
f 1294//1294 1295//1295 1297//1297
f 1298//1298 1300//1300 1299//1299
f 1298//1298 1299//1299 1301//1301
f 1302//1302 1304//1304 1303//1303
f 1302//1302 1303//1303 1305//1305
f 1306//1306 1308//1308 1307//1307
f 1306//1306 1307//1307 1309//1309
f 1310//1310 1312//1312 1311//1311
f 1310//1310 1311//1311 1313//1313
f 1314//1314 1316//1316 1315//1315
f 1314//1314 1315//1315 1317//1317
f 1318//1318 1320//1320 1319//1319
f 1318//1318 1319//1319 1321//1321
f 1322//1322 1324//1324 1323//1323
f 1322//1322 1323//1323 1325//1325
f 1326//1326 1328//1328 1327//1327
f 1326//1326 1327//1327 1329//1329
f 1330//1330 1332//1332 1331//1331
f 1330//1330 1331//1331 1333//1333
f 1334//1334 1336//1336 1335//1335
f 1334//1334 1335//1335 1337//1337
f 1338//1338 1340//1340 1339//1339
f 1338//1338 1339//1339 1341//1341
f 1342//1342 1344//1344 1343//1343
f 1342//1342 1343//1343 1345//1345
g body_team_dark
usemtl team_dark
v 0.06853 0.06440 -0.03946
v -0.05443 0.25137 -0.01980
v 0.05443 0.25137 -0.01980
v -0.06853 0.06440 -0.03946
v 0.07455 0.06689 -0.06333
v 0.06045 0.25201 -0.02577
v 0.06045 0.25389 -0.04367
v 0.07455 0.06501 -0.04542
v 0.05400 0.25985 -0.04305
v -0.05400 0.25796 -0.02514
v -0.05400 0.25985 -0.04305
v 0.05400 0.25796 -0.02514
v -0.07455 0.06501 -0.04542
v -0.06045 0.25389 -0.04367
v -0.06045 0.25201 -0.02577
v -0.07455 0.06689 -0.06333
v -0.06853 0.06754 -0.06929
v 0.05443 0.25451 -0.04964
v -0.05443 0.25451 -0.04964
v 0.06853 0.06754 -0.06929
v -0.06900 0.05906 -0.04605
v -0.07455 0.06501 -0.04542
v -0.06853 0.06440 -0.03946
v -0.05443 0.25137 -0.01980
v -0.06045 0.25201 -0.02577
v -0.05400 0.25796 -0.02514
v -0.06900 0.06094 -0.06395
v -0.06853 0.06754 -0.06929
v -0.07455 0.06689 -0.06333
v -0.05400 0.25985 -0.04305
v -0.06045 0.25389 -0.04367
v -0.05443 0.25451 -0.04964
v 0.06900 0.05906 -0.04605
v 0.06853 0.06440 -0.03946
v 0.07455 0.06501 -0.04542
v 0.05400 0.25796 -0.02514
v 0.06045 0.25201 -0.02577
v 0.05443 0.25137 -0.01980
v 0.06900 0.06094 -0.06395
v 0.07455 0.06689 -0.06333
v 0.06853 0.06754 -0.06929
v 0.05400 0.25985 -0.04305
v 0.05443 0.25451 -0.04964
v 0.06045 0.25389 -0.04367
v -0.06900 0.06094 -0.06395
v -0.07455 0.06501 -0.04542
v -0.06900 0.05906 -0.04605
v -0.07455 0.06689 -0.06333
v -0.06853 0.06440 -0.03946
v -0.06045 0.25201 -0.02577
v -0.05443 0.25137 -0.01980
v -0.07455 0.06501 -0.04542
v -0.05400 0.25796 -0.02514
v -0.06045 0.25389 -0.04367
v -0.05400 0.25985 -0.04305
v -0.06045 0.25201 -0.02577
v -0.05443 0.25451 -0.04964
v -0.07455 0.06689 -0.06333
v -0.06853 0.06754 -0.06929
v -0.06045 0.25389 -0.04367
v 0.06900 0.06094 -0.06395
v -0.06853 0.06754 -0.06929
v -0.06900 0.06094 -0.06395
v 0.06853 0.06754 -0.06929
v -0.05400 0.25985 -0.04305
v 0.05443 0.25451 -0.04964
v 0.05400 0.25985 -0.04305
v -0.05443 0.25451 -0.04964
v 0.06045 0.25389 -0.04367
v 0.06853 0.06754 -0.06929
v 0.07455 0.06689 -0.06333
v 0.05443 0.25451 -0.04964
v 0.06900 0.05906 -0.04605
v 0.07455 0.06689 -0.06333
v 0.06900 0.06094 -0.06395
v 0.07455 0.06501 -0.04542
v 0.05400 0.25985 -0.04305
v 0.06045 0.25201 -0.02577
v 0.05400 0.25796 -0.02514
v 0.06045 0.25389 -0.04367
v 0.05443 0.25137 -0.01980
v 0.07455 0.06501 -0.04542
v 0.06853 0.06440 -0.03946
v 0.06045 0.25201 -0.02577
v -0.06900 0.05906 -0.04605
v 0.06853 0.06440 -0.03946
v 0.06900 0.05906 -0.04605
v -0.06853 0.06440 -0.03946
v 0.05400 0.25796 -0.02514
v -0.05443 0.25137 -0.01980
v -0.05400 0.25796 -0.02514
v 0.05443 0.25137 -0.01980
v -0.06900 0.06094 -0.06395
v 0.06900 0.05906 -0.04605
v 0.06900 0.06094 -0.06395
v -0.06900 0.05906 -0.04605
vn -0.0000 -0.1045 0.9945
vn -0.0000 -0.1045 0.9945
vn -0.0000 -0.1045 0.9945
vn -0.0000 -0.1045 0.9945
vn 0.9972 0.0744 0.0078
vn 0.9972 0.0744 0.0078
vn 0.9972 0.0744 0.0078
vn 0.9972 0.0744 0.0078
vn -0.0000 0.9945 0.1045
vn -0.0000 0.9945 0.1045
vn -0.0000 0.9945 0.1045
vn -0.0000 0.9945 0.1045
vn -0.9972 0.0744 0.0078
vn -0.9972 0.0744 0.0078
vn -0.9972 0.0744 0.0078
vn -0.9972 0.0744 0.0078
vn 0.0000 0.1045 -0.9945
vn 0.0000 0.1045 -0.9945
vn 0.0000 0.1045 -0.9945
vn 0.0000 0.1045 -0.9945
vn -0.5901 -0.6065 0.5328
vn -0.5901 -0.6065 0.5328
vn -0.5901 -0.6065 0.5328
vn -0.5614 0.5428 0.6247
vn -0.5614 0.5428 0.6247
vn -0.5614 0.5428 0.6247
vn -0.5900 -0.4823 -0.6474
vn -0.5900 -0.4823 -0.6474
vn -0.5900 -0.4823 -0.6474
vn -0.5614 0.6607 -0.4982
vn -0.5614 0.6607 -0.4982
vn -0.5614 0.6607 -0.4982
vn 0.5901 -0.6065 0.5329
vn 0.5901 -0.6065 0.5329
vn 0.5901 -0.6065 0.5329
vn 0.5614 0.5428 0.6247
vn 0.5614 0.5428 0.6247
vn 0.5614 0.5428 0.6247
vn 0.5901 -0.4824 -0.6474
vn 0.5901 -0.4824 -0.6474
vn 0.5901 -0.4824 -0.6474
vn 0.5614 0.6608 -0.4982
vn 0.5614 0.6608 -0.4982
vn 0.5614 0.6608 -0.4982
vn -0.7331 -0.6764 -0.0711
vn -0.7331 -0.6764 -0.0711
vn -0.7331 -0.6764 -0.0711
vn -0.7331 -0.6764 -0.0711
vn -0.7051 -0.0213 0.7088
vn -0.7051 -0.0213 0.7088
vn -0.7051 -0.0213 0.7088
vn -0.7051 -0.0213 0.7088
vn -0.6802 0.7290 0.0766
vn -0.6802 0.7290 0.0766
vn -0.6802 0.7290 0.0766
vn -0.6802 0.7290 0.0766
vn -0.7051 0.1265 -0.6977
vn -0.7051 0.1265 -0.6977
vn -0.7051 0.1265 -0.6977
vn -0.7051 0.1265 -0.6977
vn 0.0000 -0.6293 -0.7771
vn 0.0000 -0.6293 -0.7771
vn 0.0000 -0.6293 -0.7771
vn 0.0000 -0.6293 -0.7771
vn 0.0000 0.7772 -0.6293
vn 0.0000 0.7772 -0.6293
vn 0.0000 0.7772 -0.6293
vn 0.0000 0.7772 -0.6293
vn 0.7051 0.1265 -0.6977
vn 0.7051 0.1265 -0.6977
vn 0.7051 0.1265 -0.6977
vn 0.7051 0.1265 -0.6977
vn 0.7331 -0.6764 -0.0711
vn 0.7331 -0.6764 -0.0711
vn 0.7331 -0.6764 -0.0711
vn 0.7331 -0.6764 -0.0711
vn 0.6802 0.7290 0.0767
vn 0.6802 0.7290 0.0767
vn 0.6802 0.7290 0.0767
vn 0.6802 0.7290 0.0767
vn 0.7051 -0.0213 0.7088
vn 0.7051 -0.0213 0.7088
vn 0.7051 -0.0213 0.7088
vn 0.7051 -0.0213 0.7088
vn -0.0000 -0.7772 0.6293
vn -0.0000 -0.7772 0.6293
vn -0.0000 -0.7772 0.6293
vn -0.0000 -0.7772 0.6293
vn -0.0000 0.6293 0.7771
vn -0.0000 0.6293 0.7771
vn -0.0000 0.6293 0.7771
vn -0.0000 0.6293 0.7771
vn 0.0000 -0.9945 -0.1045
vn 0.0000 -0.9945 -0.1045
vn 0.0000 -0.9945 -0.1045
vn 0.0000 -0.9945 -0.1045
f 1346//1346 1348//1348 1347//1347
f 1346//1346 1347//1347 1349//1349
f 1350//1350 1352//1352 1351//1351
f 1350//1350 1351//1351 1353//1353
f 1354//1354 1356//1356 1355//1355
f 1354//1354 1355//1355 1357//1357
f 1358//1358 1360//1360 1359//1359
f 1358//1358 1359//1359 1361//1361
f 1362//1362 1364//1364 1363//1363
f 1362//1362 1363//1363 1365//1365
f 1366//1366 1368//1368 1367//1367
f 1369//1369 1371//1371 1370//1370
f 1372//1372 1374//1374 1373//1373
f 1375//1375 1377//1377 1376//1376
f 1378//1378 1380//1380 1379//1379
f 1381//1381 1383//1383 1382//1382
f 1384//1384 1386//1386 1385//1385
f 1387//1387 1389//1389 1388//1388
f 1390//1390 1392//1392 1391//1391
f 1390//1390 1391//1391 1393//1393
f 1394//1394 1396//1396 1395//1395
f 1394//1394 1395//1395 1397//1397
f 1398//1398 1400//1400 1399//1399
f 1398//1398 1399//1399 1401//1401
f 1402//1402 1404//1404 1403//1403
f 1402//1402 1403//1403 1405//1405
f 1406//1406 1408//1408 1407//1407
f 1406//1406 1407//1407 1409//1409
f 1410//1410 1412//1412 1411//1411
f 1410//1410 1411//1411 1413//1413
f 1414//1414 1416//1416 1415//1415
f 1414//1414 1415//1415 1417//1417
f 1418//1418 1420//1420 1419//1419
f 1418//1418 1419//1419 1421//1421
f 1422//1422 1424//1424 1423//1423
f 1422//1422 1423//1423 1425//1425
f 1426//1426 1428//1428 1427//1427
f 1426//1426 1427//1427 1429//1429
f 1430//1430 1432//1432 1431//1431
f 1430//1430 1431//1431 1433//1433
f 1434//1434 1436//1436 1435//1435
f 1434//1434 1435//1435 1437//1437
f 1438//1438 1440//1440 1439//1439
f 1438//1438 1439//1439 1441//1441
g body_wood_dark
usemtl wood_dark
v -0.03666 0.19756 0.05400
v -0.03666 0.14036 0.05400
v -0.02872 0.16896 0.05400
v -0.08800 0.11176 0.05400
v -0.05836 0.11942 0.05400
v -0.08800 0.22616 0.05400
v -0.05836 0.21850 0.05400
v -0.13934 0.19756 0.05400
v -0.11764 0.21850 0.05400
v -0.13934 0.14036 0.05400
v -0.14728 0.16896 0.05400
v -0.11764 0.11942 0.05400
v -0.03666 0.14036 0.06400
v -0.03666 0.19756 0.06400
v -0.02872 0.16896 0.06400
v -0.08800 0.22616 0.06400
v -0.05836 0.21850 0.06400
v -0.08800 0.11176 0.06400
v -0.05836 0.11942 0.06400
v -0.13934 0.14036 0.06400
v -0.11764 0.11942 0.06400
v -0.13934 0.19756 0.06400
v -0.14728 0.16896 0.06400
v -0.11764 0.21850 0.06400
v -0.02872 0.16896 0.05400
v -0.03666 0.19756 0.06400
v -0.03666 0.19756 0.05400
v -0.02872 0.16896 0.06400
v -0.03666 0.19756 0.05400
v -0.05836 0.21850 0.06400
v -0.05836 0.21850 0.05400
v -0.03666 0.19756 0.06400
v -0.05836 0.21850 0.05400
v -0.08800 0.22616 0.06400
v -0.08800 0.22616 0.05400
v -0.05836 0.21850 0.06400
v -0.08800 0.22616 0.05400
v -0.11764 0.21850 0.06400
v -0.11764 0.21850 0.05400
v -0.08800 0.22616 0.06400
v -0.11764 0.21850 0.05400
v -0.13934 0.19756 0.06400
v -0.13934 0.19756 0.05400
v -0.11764 0.21850 0.06400
v -0.13934 0.19756 0.05400
v -0.14728 0.16896 0.06400
v -0.14728 0.16896 0.05400
v -0.13934 0.19756 0.06400
v -0.14728 0.16896 0.05400
v -0.13934 0.14036 0.06400
v -0.13934 0.14036 0.05400
v -0.14728 0.16896 0.06400
v -0.13934 0.14036 0.05400
v -0.11764 0.11942 0.06400
v -0.11764 0.11942 0.05400
v -0.13934 0.14036 0.06400
v -0.11764 0.11942 0.05400
v -0.08800 0.11176 0.06400
v -0.08800 0.11176 0.05400
v -0.11764 0.11942 0.06400
v -0.08800 0.11176 0.05400
v -0.05836 0.11942 0.06400
v -0.05836 0.11942 0.05400
v -0.08800 0.11176 0.06400
v -0.05836 0.11942 0.05400
v -0.03666 0.14036 0.06400
v -0.03666 0.14036 0.05400
v -0.05836 0.11942 0.06400
v -0.03666 0.14036 0.05400
v -0.02872 0.16896 0.06400
v -0.02872 0.16896 0.05400
v -0.03666 0.14036 0.06400
vn 0.0000 0.0000 -1.0000
vn 0.0000 0.0000 -1.0000
vn 0.0000 0.0000 -1.0000
vn 0.0000 0.0000 -1.0000
vn 0.0000 0.0000 -1.0000
vn 0.0000 0.0000 -1.0000
vn 0.0000 0.0000 -1.0000
vn 0.0000 0.0000 -1.0000
vn 0.0000 0.0000 -1.0000
vn 0.0000 0.0000 -1.0000
vn 0.0000 0.0000 -1.0000
vn 0.0000 0.0000 -1.0000
vn -0.0000 -0.0000 1.0000
vn -0.0000 -0.0000 1.0000
vn -0.0000 -0.0000 1.0000
vn -0.0000 -0.0000 1.0000
vn -0.0000 -0.0000 1.0000
vn -0.0000 -0.0000 1.0000
vn -0.0000 -0.0000 1.0000
vn -0.0000 -0.0000 1.0000
vn -0.0000 -0.0000 1.0000
vn -0.0000 -0.0000 1.0000
vn -0.0000 -0.0000 1.0000
vn -0.0000 -0.0000 1.0000
vn 0.9635 0.2676 0.0000
vn 0.9635 0.2676 0.0000
vn 0.9635 0.2676 0.0000
vn 0.9635 0.2676 0.0000
vn 0.6944 0.7196 0.0000
vn 0.6944 0.7196 0.0000
vn 0.6944 0.7196 0.0000
vn 0.6944 0.7196 0.0000
vn 0.2503 0.9682 0.0000
vn 0.2503 0.9682 0.0000
vn 0.2503 0.9682 0.0000
vn 0.2503 0.9682 0.0000
vn -0.2503 0.9682 -0.0000
vn -0.2503 0.9682 -0.0000
vn -0.2503 0.9682 -0.0000
vn -0.2503 0.9682 -0.0000
vn -0.6944 0.7196 -0.0000
vn -0.6944 0.7196 -0.0000
vn -0.6944 0.7196 -0.0000
vn -0.6944 0.7196 -0.0000
vn -0.9635 0.2676 -0.0000
vn -0.9635 0.2676 -0.0000
vn -0.9635 0.2676 -0.0000
vn -0.9635 0.2676 -0.0000
vn -0.9635 -0.2676 -0.0001
vn -0.9635 -0.2676 -0.0001
vn -0.9635 -0.2676 -0.0001
vn -0.9635 -0.2676 -0.0001
vn -0.6944 -0.7196 -0.0001
vn -0.6944 -0.7196 -0.0001
vn -0.6944 -0.7196 -0.0001
vn -0.6944 -0.7196 -0.0001
vn -0.2503 -0.9682 -0.0001
vn -0.2503 -0.9682 -0.0001
vn -0.2503 -0.9682 -0.0001
vn -0.2503 -0.9682 -0.0001
vn 0.2503 -0.9682 -0.0000
vn 0.2503 -0.9682 -0.0000
vn 0.2503 -0.9682 -0.0000
vn 0.2503 -0.9682 -0.0000
vn 0.6944 -0.7196 -0.0000
vn 0.6944 -0.7196 -0.0000
vn 0.6944 -0.7196 -0.0000
vn 0.6944 -0.7196 -0.0000
vn 0.9635 -0.2676 -0.0000
vn 0.9635 -0.2676 -0.0000
vn 0.9635 -0.2676 -0.0000
vn 0.9635 -0.2676 -0.0000
f 1442//1442 1444//1444 1443//1443
f 1442//1442 1443//1443 1445//1445
f 1443//1443 1446//1446 1445//1445
f 1447//1447 1448//1448 1442//1442
f 1449//1449 1447//1447 1442//1442
f 1445//1445 1449//1449 1442//1442
f 1449//1449 1450//1450 1447//1447
f 1445//1445 1451//1451 1449//1449
f 1451//1451 1452//1452 1449//1449
f 1445//1445 1453//1453 1451//1451
f 1454//1454 1456//1456 1455//1455
f 1454//1454 1455//1455 1457//1457
f 1455//1455 1458//1458 1457//1457
f 1459//1459 1460//1460 1454//1454
f 1461//1461 1459//1459 1454//1454
f 1457//1457 1461//1461 1454//1454
f 1461//1461 1462//1462 1459//1459
f 1457//1457 1463//1463 1461//1461
f 1463//1463 1464//1464 1461//1461
f 1457//1457 1465//1465 1463//1463
f 1466//1466 1468//1468 1467//1467
f 1466//1466 1467//1467 1469//1469
f 1470//1470 1472//1472 1471//1471
f 1470//1470 1471//1471 1473//1473
f 1474//1474 1476//1476 1475//1475
f 1474//1474 1475//1475 1477//1477
f 1478//1478 1480//1480 1479//1479
f 1478//1478 1479//1479 1481//1481
f 1482//1482 1484//1484 1483//1483
f 1482//1482 1483//1483 1485//1485
f 1486//1486 1488//1488 1487//1487
f 1486//1486 1487//1487 1489//1489
f 1490//1490 1492//1492 1491//1491
f 1490//1490 1491//1491 1493//1493
f 1494//1494 1496//1496 1495//1495
f 1494//1494 1495//1495 1497//1497
f 1498//1498 1500//1500 1499//1499
f 1498//1498 1499//1499 1501//1501
f 1502//1502 1504//1504 1503//1503
f 1502//1502 1503//1503 1505//1505
f 1506//1506 1508//1508 1507//1507
f 1506//1506 1507//1507 1509//1509
f 1510//1510 1512//1512 1511//1511
f 1510//1510 1511//1511 1513//1513
g body_blazon
usemtl blazon
v -0.04297 0.19600 0.06000
v -0.04297 0.14400 0.06000
v -0.03600 0.17000 0.06000
v -0.08800 0.11800 0.06000
v -0.06200 0.12497 0.06000
v -0.08800 0.22200 0.06000
v -0.06200 0.21503 0.06000
v -0.13303 0.19600 0.06000
v -0.11400 0.21503 0.06000
v -0.13303 0.14400 0.06000
v -0.14000 0.17000 0.06000
v -0.11400 0.12497 0.06000
v -0.04297 0.14400 0.07400
v -0.04297 0.19600 0.07400
v -0.03600 0.17000 0.07400
v -0.08800 0.22200 0.07400
v -0.06200 0.21503 0.07400
v -0.08800 0.11800 0.07400
v -0.06200 0.12497 0.07400
v -0.13303 0.14400 0.07400
v -0.11400 0.12497 0.07400
v -0.13303 0.19600 0.07400
v -0.14000 0.17000 0.07400
v -0.11400 0.21503 0.07400
v -0.03600 0.17000 0.06000
v -0.04297 0.19600 0.07400
v -0.04297 0.19600 0.06000
v -0.03600 0.17000 0.07400
v -0.04297 0.19600 0.06000
v -0.06200 0.21503 0.07400
v -0.06200 0.21503 0.06000
v -0.04297 0.19600 0.07400
v -0.06200 0.21503 0.06000
v -0.08800 0.22200 0.07400
v -0.08800 0.22200 0.06000
v -0.06200 0.21503 0.07400
v -0.08800 0.22200 0.06000
v -0.11400 0.21503 0.07400
v -0.11400 0.21503 0.06000
v -0.08800 0.22200 0.07400
v -0.11400 0.21503 0.06000
v -0.13303 0.19600 0.07400
v -0.13303 0.19600 0.06000
v -0.11400 0.21503 0.07400
v -0.13303 0.19600 0.06000
v -0.14000 0.17000 0.07400
v -0.14000 0.17000 0.06000
v -0.13303 0.19600 0.07400
v -0.14000 0.17000 0.06000
v -0.13303 0.14400 0.07400
v -0.13303 0.14400 0.06000
v -0.14000 0.17000 0.07400
v -0.13303 0.14400 0.06000
v -0.11400 0.12497 0.07400
v -0.11400 0.12497 0.06000
v -0.13303 0.14400 0.07400
v -0.11400 0.12497 0.06000
v -0.08800 0.11800 0.07400
v -0.08800 0.11800 0.06000
v -0.11400 0.12497 0.07400
v -0.08800 0.11800 0.06000
v -0.06200 0.12497 0.07400
v -0.06200 0.12497 0.06000
v -0.08800 0.11800 0.07400
v -0.06200 0.12497 0.06000
v -0.04297 0.14400 0.07400
v -0.04297 0.14400 0.06000
v -0.06200 0.12497 0.07400
v -0.04297 0.14400 0.06000
v -0.03600 0.17000 0.07400
v -0.03600 0.17000 0.06000
v -0.04297 0.14400 0.07400
vn 0.0000 0.0000 -1.0000
vn 0.0000 0.0000 -1.0000
vn 0.0000 0.0000 -1.0000
vn 0.0000 0.0000 -1.0000
vn 0.0000 0.0000 -1.0000
vn 0.0000 0.0000 -1.0000
vn 0.0000 0.0000 -1.0000
vn 0.0000 0.0000 -1.0000
vn 0.0000 0.0000 -1.0000
vn 0.0000 0.0000 -1.0000
vn 0.0000 0.0000 -1.0000
vn 0.0000 0.0000 -1.0000
vn -0.0000 -0.0000 1.0000
vn -0.0000 -0.0000 1.0000
vn -0.0000 -0.0000 1.0000
vn -0.0000 -0.0000 1.0000
vn -0.0000 -0.0000 1.0000
vn -0.0000 -0.0000 1.0000
vn -0.0000 -0.0000 1.0000
vn -0.0000 -0.0000 1.0000
vn -0.0000 -0.0000 1.0000
vn -0.0000 -0.0000 1.0000
vn -0.0000 -0.0000 1.0000
vn -0.0000 -0.0000 1.0000
vn 0.9659 0.2588 0.0001
vn 0.9659 0.2588 0.0001
vn 0.9659 0.2588 0.0001
vn 0.9659 0.2588 0.0001
vn 0.7071 0.7071 0.0000
vn 0.7071 0.7071 0.0000
vn 0.7071 0.7071 0.0000
vn 0.7071 0.7071 0.0000
vn 0.2588 0.9659 0.0001
vn 0.2588 0.9659 0.0001
vn 0.2588 0.9659 0.0001
vn 0.2588 0.9659 0.0001
vn -0.2588 0.9659 0.0000
vn -0.2588 0.9659 0.0000
vn -0.2588 0.9659 0.0000
vn -0.2588 0.9659 0.0000
vn -0.7071 0.7071 -0.0000
vn -0.7071 0.7071 -0.0000
vn -0.7071 0.7071 -0.0000
vn -0.7071 0.7071 -0.0000
vn -0.9659 0.2588 0.0000
vn -0.9659 0.2588 0.0000
vn -0.9659 0.2588 0.0000
vn -0.9659 0.2588 0.0000
vn -0.9659 -0.2588 -0.0000
vn -0.9659 -0.2588 -0.0000
vn -0.9659 -0.2588 -0.0000
vn -0.9659 -0.2588 -0.0000
vn -0.7071 -0.7071 -0.0001
vn -0.7071 -0.7071 -0.0001
vn -0.7071 -0.7071 -0.0001
vn -0.7071 -0.7071 -0.0001
vn -0.2588 -0.9659 -0.0000
vn -0.2588 -0.9659 -0.0000
vn -0.2588 -0.9659 -0.0000
vn -0.2588 -0.9659 -0.0000
vn 0.2588 -0.9659 0.0000
vn 0.2588 -0.9659 0.0000
vn 0.2588 -0.9659 0.0000
vn 0.2588 -0.9659 0.0000
vn 0.7071 -0.7071 -0.0000
vn 0.7071 -0.7071 -0.0000
vn 0.7071 -0.7071 -0.0000
vn 0.7071 -0.7071 -0.0000
vn 0.9659 -0.2588 0.0000
vn 0.9659 -0.2588 0.0000
vn 0.9659 -0.2588 0.0000
vn 0.9659 -0.2588 0.0000
f 1514//1514 1516//1516 1515//1515
f 1514//1514 1515//1515 1517//1517
f 1515//1515 1518//1518 1517//1517
f 1519//1519 1520//1520 1514//1514
f 1521//1521 1519//1519 1514//1514
f 1517//1517 1521//1521 1514//1514
f 1521//1521 1522//1522 1519//1519
f 1517//1517 1523//1523 1521//1521
f 1523//1523 1524//1524 1521//1521
f 1517//1517 1525//1525 1523//1523
f 1526//1526 1528//1528 1527//1527
f 1526//1526 1527//1527 1529//1529
f 1527//1527 1530//1530 1529//1529
f 1531//1531 1532//1532 1526//1526
f 1533//1533 1531//1531 1526//1526
f 1529//1529 1533//1533 1526//1526
f 1533//1533 1534//1534 1531//1531
f 1529//1529 1535//1535 1533//1533
f 1535//1535 1536//1536 1533//1533
f 1529//1529 1537//1537 1535//1535
f 1538//1538 1540//1540 1539//1539
f 1538//1538 1539//1539 1541//1541
f 1542//1542 1544//1544 1543//1543
f 1542//1542 1543//1543 1545//1545
f 1546//1546 1548//1548 1547//1547
f 1546//1546 1547//1547 1549//1549
f 1550//1550 1552//1552 1551//1551
f 1550//1550 1551//1551 1553//1553
f 1554//1554 1556//1556 1555//1555
f 1554//1554 1555//1555 1557//1557
f 1558//1558 1560//1560 1559//1559
f 1558//1558 1559//1559 1561//1561
f 1562//1562 1564//1564 1563//1563
f 1562//1562 1563//1563 1565//1565
f 1566//1566 1568//1568 1567//1567
f 1566//1566 1567//1567 1569//1569
f 1570//1570 1572//1572 1571//1571
f 1570//1570 1571//1571 1573//1573
f 1574//1574 1576//1576 1575//1575
f 1574//1574 1575//1575 1577//1577
f 1578//1578 1580//1580 1579//1579
f 1578//1578 1579//1579 1581//1581
f 1582//1582 1584//1584 1583//1583
f 1582//1582 1583//1583 1585//1585
o tool
g tool_leather
usemtl leather
v 0.09300 0.14000 0.03500
v 0.09300 0.17000 0.02500
v 0.09300 0.17000 0.03500
v 0.09300 0.14000 0.02500
v 0.09300 0.14000 0.02500
v 0.10700 0.17000 0.02500
v 0.09300 0.17000 0.02500
v 0.10700 0.14000 0.02500
v 0.10700 0.14000 0.02500
v 0.10700 0.17000 0.03500
v 0.10700 0.17000 0.02500
v 0.10700 0.14000 0.03500
v 0.10700 0.14000 0.03500
v 0.09300 0.17000 0.03500
v 0.10700 0.17000 0.03500
v 0.09300 0.14000 0.03500
v 0.09300 0.14000 0.02500
v 0.10700 0.14000 0.03500
v 0.10700 0.14000 0.02500
v 0.09300 0.14000 0.03500
v 0.10700 0.17000 0.02500
v 0.09300 0.17000 0.03500
v 0.09300 0.17000 0.02500
v 0.10700 0.17000 0.03500
vn 0.0000 1.0000 -0.0000
vn 0.0000 1.0000 -0.0000
vn 0.0000 1.0000 -0.0000
vn 0.0000 1.0000 -0.0000
vn -0.7071 0.7071 -0.0000
vn -0.7071 0.7071 -0.0000
vn -0.7071 0.7071 -0.0000
vn -0.7071 0.7071 -0.0000
vn 0.7071 -0.0000 0.7071
vn 0.7071 -0.0000 0.7071
vn 0.7071 -0.0000 0.7071
vn 0.7071 -0.0000 0.7071
vn -0.0000 -0.0000 1.0000
vn -0.0000 -0.0000 1.0000
vn -0.0000 -0.0000 1.0000
vn -0.0000 -0.0000 1.0000
vn -0.0000 -0.7071 0.7071
vn -0.0000 -0.7071 0.7071
vn -0.0000 -0.7071 0.7071
vn -0.0000 -0.7071 0.7071
vn -0.0000 0.7071 0.7071
vn -0.0000 0.7071 0.7071
vn -0.0000 0.7071 0.7071
vn -0.0000 0.7071 0.7071
f 1586//1586 1588//1588 1587//1587
f 1586//1586 1587//1587 1589//1589
f 1590//1590 1592//1592 1591//1591
f 1590//1590 1591//1591 1593//1593
f 1594//1594 1596//1596 1595//1595
f 1594//1594 1595//1595 1597//1597
f 1598//1598 1600//1600 1599//1599
f 1598//1598 1599//1599 1601//1601
f 1602//1602 1604//1604 1603//1603
f 1602//1602 1603//1603 1605//1605
f 1606//1606 1608//1608 1607//1607
f 1606//1606 1607//1607 1609//1609
g tool_metal
usemtl metal
v 0.09000 0.17000 0.03300
v 0.09600 0.25500 0.02700
v 0.09600 0.25500 0.03300
v 0.09000 0.17000 0.02700
v 0.09000 0.17000 0.02700
v 0.10400 0.25500 0.02700
v 0.09600 0.25500 0.02700
v 0.11000 0.17000 0.02700
v 0.11000 0.17000 0.02700
v 0.10400 0.25500 0.03300
v 0.10400 0.25500 0.02700
v 0.11000 0.17000 0.03300
v 0.11000 0.17000 0.03300
v 0.09600 0.25500 0.03300
v 0.10400 0.25500 0.03300
v 0.09000 0.17000 0.03300
v 0.09000 0.17000 0.02700
v 0.11000 0.17000 0.03300
v 0.11000 0.17000 0.02700
v 0.09000 0.17000 0.03300
v 0.10400 0.25500 0.02700
v 0.09600 0.25500 0.03300
v 0.09600 0.25500 0.02700
v 0.10400 0.25500 0.03300
vn -0.0001 0.9975 0.0703
vn -0.0001 0.9975 0.0703
vn -0.0001 0.9975 0.0703
vn -0.0001 0.9975 0.0703
vn -0.7071 0.7071 -0.0000
vn -0.7071 0.7071 -0.0000
vn -0.7071 0.7071 -0.0000
vn -0.7071 0.7071 -0.0000
vn -0.7053 -0.0499 -0.7071
vn -0.7053 -0.0499 -0.7071
vn -0.7053 -0.0499 -0.7071
vn -0.7053 -0.0499 -0.7071
vn -0.0000 -0.0000 1.0000
vn -0.0000 -0.0000 1.0000
vn -0.0000 -0.0000 1.0000
vn -0.0000 -0.0000 1.0000
vn -0.0000 -0.7071 0.7071
vn -0.0000 -0.7071 0.7071
vn -0.0000 -0.7071 0.7071
vn -0.0000 -0.7071 0.7071
vn -0.0000 0.7071 0.7071
vn -0.0000 0.7071 0.7071
vn -0.0000 0.7071 0.7071
vn -0.0000 0.7071 0.7071
f 1610//1610 1612//1612 1611//1611
f 1610//1610 1611//1611 1613//1613
f 1614//1614 1616//1616 1615//1615
f 1614//1614 1615//1615 1617//1617
f 1618//1618 1620//1620 1619//1619
f 1618//1618 1619//1619 1621//1621
f 1622//1622 1624//1624 1623//1623
f 1622//1622 1623//1623 1625//1625
f 1626//1626 1628//1628 1627//1627
f 1626//1626 1627//1627 1629//1629
f 1630//1630 1632//1632 1631//1631
f 1630//1630 1631//1631 1633//1633
