mtllib settle_1_1.mtl
o core
g core_cloth
usemtl cloth
v 0.33499 0.00000 -0.39456
v 0.33499 0.00000 0.39456
v 0.67000 0.00000 -0.00001
v -0.67000 0.00000 -0.00001
v -0.33502 0.00000 -0.39456
v -0.33502 0.00000 0.39456
v 0.33499 0.00800 0.39456
v 0.33499 0.00800 -0.39456
v 0.67000 0.00800 -0.00001
v -0.67000 0.00800 -0.00001
v -0.33502 0.00800 0.39456
v -0.33502 0.00800 -0.39456
v 0.67000 0.00000 -0.00001
v 0.33499 0.00800 -0.39456
v 0.33499 0.00000 -0.39456
v 0.67000 0.00800 -0.00001
v 0.33499 0.00000 -0.39456
v -0.33502 0.00800 -0.39456
v -0.33502 0.00000 -0.39456
v 0.33499 0.00800 -0.39456
v -0.33502 0.00000 -0.39456
v -0.67000 0.00800 -0.00001
v -0.67000 0.00000 -0.00001
v -0.33502 0.00800 -0.39456
v -0.67000 0.00000 -0.00001
v -0.33502 0.00800 0.39456
v -0.33502 0.00000 0.39456
v -0.67000 0.00800 -0.00001
v -0.33502 0.00000 0.39456
v 0.33499 0.00800 0.39456
v 0.33499 0.00000 0.39456
v -0.33502 0.00800 0.39456
v 0.33499 0.00000 0.39456
v 0.67000 0.00800 -0.00001
v 0.67000 0.00000 -0.00001
v 0.33499 0.00800 0.39456
vn -0.0000 -0.7071 0.7071
vn -0.0000 -0.7071 0.7071
vn -0.0000 -0.7071 0.7071
vn -0.0000 -0.7071 0.7071
vn -0.0000 -0.7071 0.7071
vn -0.0000 -0.7071 0.7071
vn -0.0000 0.7071 0.7071
vn -0.0000 0.7071 0.7071
vn -0.0000 0.7071 0.7071
vn -0.0000 0.7071 0.7071
vn -0.0000 0.7071 0.7071
vn -0.0000 0.7071 0.7071
vn 0.8839 -0.2269 0.4091
vn 0.8839 -0.2269 0.4091
vn 0.8839 -0.2269 0.4091
vn 0.8839 -0.2269 0.4091
vn -0.7071 0.7071 -0.0000
vn -0.7071 0.7071 -0.0000
vn -0.7071 0.7071 -0.0000
vn -0.7071 0.7071 -0.0000
vn -0.2470 0.9623 0.1143
vn -0.2470 0.9623 0.1143
vn -0.2470 0.9623 0.1143
vn -0.2470 0.9623 0.1143
vn -0.2190 0.8533 0.4732
vn -0.2190 0.8533 0.4732
vn -0.2190 0.8533 0.4732
vn -0.2190 0.8533 0.4732
vn -0.0000 -0.0000 1.0000
vn -0.0000 -0.0000 1.0000
vn -0.0000 -0.0000 1.0000
vn -0.0000 -0.0000 1.0000
vn 0.4175 -0.1072 0.9023
vn 0.4175 -0.1072 0.9023
vn 0.4175 -0.1072 0.9023
vn 0.4175 -0.1072 0.9023
f 1//1 3//3 2//2
f 2//2 4//4 1//1
f 4//4 5//5 1//1
f 2//2 6//6 4//4
f 7//7 9//9 8//8
f 8//8 10//10 7//7
f 10//10 11//11 7//7
f 8//8 12//12 10//10
f 13//13 15//15 14//14
f 13//13 14//14 16//16
f 17//17 19//19 18//18
f 17//17 18//18 20//20
f 21//21 23//23 22//22
f 21//21 22//22 24//24
f 25//25 27//27 26//26
f 25//25 26//26 28//28
f 29//29 31//31 30//30
f 29//29 30//30 32//32
f 33//33 35//35 34//34
f 33//33 34//34 36//36
g core_stone
usemtl stone
v -0.33700 0.00300 -0.43045
v 0.33700 0.12700 -0.43045
v -0.33700 0.12700 -0.43045
v 0.33700 0.00300 -0.43045
v -0.34000 0.00300 -0.37345
v -0.34000 0.12700 -0.42745
v -0.34000 0.12700 -0.37345
v -0.34000 0.00300 -0.42745
v -0.33700 0.13000 -0.37345
v 0.33700 0.13000 -0.42745
v 0.33700 0.13000 -0.37345
v -0.33700 0.13000 -0.42745
v 0.34000 0.00300 -0.42745
v 0.34000 0.12700 -0.37345
v 0.34000 0.12700 -0.42745
v 0.34000 0.00300 -0.37345
v 0.33700 0.00300 -0.37045
v -0.33700 0.12700 -0.37045
v 0.33700 0.12700 -0.37045
v -0.33700 0.00300 -0.37045
v 0.33700 0.00000 -0.42745
v 0.34000 0.00300 -0.42745
v 0.33700 0.00300 -0.43045
v 0.33700 0.12700 -0.43045
v 0.34000 0.12700 -0.42745
v 0.33700 0.13000 -0.42745
v 0.33700 0.00000 -0.37345
v 0.33700 0.00300 -0.37045
v 0.34000 0.00300 -0.37345
v 0.33700 0.13000 -0.37345
v 0.34000 0.12700 -0.37345
v 0.33700 0.12700 -0.37045
v -0.33700 0.00000 -0.42745
v -0.33700 0.00300 -0.43045
v -0.34000 0.00300 -0.42745
v -0.33700 0.13000 -0.42745
v -0.34000 0.12700 -0.42745
v -0.33700 0.12700 -0.43045
v -0.33700 0.00000 -0.37345
v -0.34000 0.00300 -0.37345
v -0.33700 0.00300 -0.37045
v -0.33700 0.13000 -0.37345
v -0.33700 0.12700 -0.37045
v -0.34000 0.12700 -0.37345
v 0.33700 0.00000 -0.37345
v 0.34000 0.00300 -0.42745
v 0.33700 0.00000 -0.42745
v 0.34000 0.00300 -0.37345
v 0.33700 0.00300 -0.43045
v 0.34000 0.12700 -0.42745
v 0.33700 0.12700 -0.43045
v 0.34000 0.00300 -0.42745
v 0.33700 0.13000 -0.42745
v 0.34000 0.12700 -0.37345
v 0.33700 0.13000 -0.37345
v 0.34000 0.12700 -0.42745
v 0.33700 0.12700 -0.37045
v 0.34000 0.00300 -0.37345
v 0.33700 0.00300 -0.37045
v 0.34000 0.12700 -0.37345
v -0.33700 0.00000 -0.37345
v 0.33700 0.00300 -0.37045
v 0.33700 0.00000 -0.37345
v -0.33700 0.00300 -0.37045
v 0.33700 0.13000 -0.37345
v -0.33700 0.12700 -0.37045
v -0.33700 0.13000 -0.37345
v 0.33700 0.12700 -0.37045
v -0.34000 0.12700 -0.37345
v -0.33700 0.00300 -0.37045
v -0.34000 0.00300 -0.37345
v -0.33700 0.12700 -0.37045
v -0.33700 0.00000 -0.42745
v -0.34000 0.00300 -0.37345
v -0.33700 0.00000 -0.37345
v -0.34000 0.00300 -0.42745
v -0.33700 0.13000 -0.37345
v -0.34000 0.12700 -0.42745
v -0.33700 0.13000 -0.42745
v -0.34000 0.12700 -0.37345
v -0.33700 0.12700 -0.43045
v -0.34000 0.00300 -0.42745
v -0.33700 0.00300 -0.43045
v -0.34000 0.12700 -0.42745
v 0.33700 0.00000 -0.42745
v -0.33700 0.00300 -0.43045
v -0.33700 0.00000 -0.42745
v 0.33700 0.00300 -0.43045
v -0.33700 0.13000 -0.42745
v 0.33700 0.12700 -0.43045
v 0.33700 0.13000 -0.42745
v -0.33700 0.12700 -0.43045
v 0.33700 0.00000 -0.37345
v -0.33700 0.00000 -0.42745
v -0.33700 0.00000 -0.37345
v 0.33700 0.00000 -0.42745
v 0.34000 0.13000 -0.43795
v 0.34000 0.14800 -0.38170
v 0.34000 0.14800 -0.41920
v 0.34000 0.13000 -0.36295
v 0.34000 0.13000 -0.36295
v -0.34000 0.14800 -0.38170
v 0.34000 0.14800 -0.38170
v -0.34000 0.13000 -0.36295
v -0.34000 0.13000 -0.36295
v -0.34000 0.14800 -0.41920
v -0.34000 0.14800 -0.38170
v -0.34000 0.13000 -0.43795
v -0.34000 0.13000 -0.43795
v 0.34000 0.14800 -0.41920
v -0.34000 0.14800 -0.41920
v 0.34000 0.13000 -0.43795
v 0.34000 0.13000 -0.36295
v -0.34000 0.13000 -0.43795
v -0.34000 0.13000 -0.36295
v 0.34000 0.13000 -0.43795
v -0.34000 0.14800 -0.38170
v 0.34000 0.14800 -0.41920
v 0.34000 0.14800 -0.38170
v -0.34000 0.14800 -0.41920
v 0.36481 0.00300 -0.41758
v 0.70093 0.12700 -0.02170
v 0.36481 0.12700 -0.41758
v 0.70093 0.00300 -0.02170
v 0.31942 0.00300 -0.38298
v 0.36058 0.12700 -0.41793
v 0.31942 0.12700 -0.38298
v 0.36058 0.00300 -0.41793
v 0.32136 0.13000 -0.38069
v 0.69864 0.13000 -0.01976
v 0.65748 0.13000 0.01519
v 0.36252 0.13000 -0.41564
v 0.70058 0.00300 -0.01748
v 0.65942 0.12700 0.01748
v 0.70058 0.12700 -0.01748
v 0.65942 0.00300 0.01748
v 0.65519 0.00300 0.01713
v 0.31907 0.12700 -0.37875
v 0.65519 0.12700 0.01713
v 0.31907 0.00300 -0.37875
v 0.69864 0.00000 -0.01976
v 0.70058 0.00300 -0.01748
v 0.70093 0.00300 -0.02170
v 0.70093 0.12700 -0.02170
v 0.70058 0.12700 -0.01748
v 0.69864 0.13000 -0.01976
v 0.65748 0.00000 0.01519
v 0.65519 0.00300 0.01713
v 0.65942 0.00300 0.01748
v 0.65748 0.13000 0.01519
v 0.65942 0.12700 0.01748
v 0.65519 0.12700 0.01713
v 0.36252 0.00000 -0.41564
v 0.36481 0.00300 -0.41758
v 0.36058 0.00300 -0.41793
v 0.36252 0.13000 -0.41564
v 0.36058 0.12700 -0.41793
v 0.36481 0.12700 -0.41758
v 0.32136 0.00000 -0.38069
v 0.31942 0.00300 -0.38298
v 0.31907 0.00300 -0.37875
v 0.32136 0.13000 -0.38069
v 0.31907 0.12700 -0.37875
v 0.31942 0.12700 -0.38298
v 0.65748 0.00000 0.01519
v 0.70058 0.00300 -0.01748
v 0.69864 0.00000 -0.01976
v 0.65942 0.00300 0.01748
v 0.70093 0.00300 -0.02170
v 0.70058 0.12700 -0.01748
v 0.70093 0.12700 -0.02170
v 0.70058 0.00300 -0.01748
v 0.69864 0.13000 -0.01976
v 0.65942 0.12700 0.01748
v 0.65748 0.13000 0.01519
v 0.70058 0.12700 -0.01748
v 0.65519 0.12700 0.01713
v 0.65942 0.00300 0.01748
v 0.65519 0.00300 0.01713
v 0.65942 0.12700 0.01748
v 0.32136 0.00000 -0.38069
v 0.65519 0.00300 0.01713
v 0.65748 0.00000 0.01519
v 0.31907 0.00300 -0.37875
v 0.65748 0.13000 0.01519
v 0.31907 0.12700 -0.37875
v 0.32136 0.13000 -0.38069
v 0.65519 0.12700 0.01713
v 0.31942 0.12700 -0.38298
v 0.31907 0.00300 -0.37875
v 0.31942 0.00300 -0.38298
v 0.31907 0.12700 -0.37875
v 0.36252 0.00000 -0.41564
v 0.31942 0.00300 -0.38298
v 0.32136 0.00000 -0.38069
v 0.36058 0.00300 -0.41793
v 0.32136 0.13000 -0.38069
v 0.36058 0.12700 -0.41793
v 0.36252 0.13000 -0.41564
v 0.31942 0.12700 -0.38298
v 0.36481 0.12700 -0.41758
v 0.36058 0.00300 -0.41793
v 0.36481 0.00300 -0.41758
v 0.36058 0.12700 -0.41793
v 0.69864 0.00000 -0.01976
v 0.36481 0.00300 -0.41758
v 0.36252 0.00000 -0.41564
v 0.70093 0.00300 -0.02170
v 0.36252 0.13000 -0.41564
v 0.70093 0.12700 -0.02170
v 0.69864 0.13000 -0.01976
v 0.36481 0.12700 -0.41758
v 0.65748 0.00000 0.01519
v 0.36252 0.00000 -0.41564
v 0.32136 0.00000 -0.38069
v 0.69864 0.00000 -0.01976
v 0.70859 0.13000 -0.02427
v 0.66571 0.14800 0.01214
v 0.69429 0.14800 -0.01214
v 0.65141 0.13000 0.02427
v 0.65141 0.13000 0.02427
v 0.32571 0.14800 -0.38831
v 0.66571 0.14800 0.01214
v 0.31141 0.13000 -0.37618
v 0.31141 0.13000 -0.37618
v 0.35429 0.14800 -0.41259
v 0.32571 0.14800 -0.38831
v 0.36859 0.13000 -0.42472
v 0.36859 0.13000 -0.42472
v 0.69429 0.14800 -0.01214
v 0.35429 0.14800 -0.41259
v 0.70859 0.13000 -0.02427
v 0.65141 0.13000 0.02427
v 0.36859 0.13000 -0.42472
v 0.31141 0.13000 -0.37618
v 0.70859 0.13000 -0.02427
v 0.32571 0.14800 -0.38831
v 0.69429 0.14800 -0.01214
v 0.66571 0.14800 0.01214
v 0.35429 0.14800 -0.41259
v -0.70093 0.00300 -0.02170
v -0.36481 0.12700 -0.41758
v -0.70093 0.12700 -0.02170
v -0.36481 0.00300 -0.41758
v -0.65942 0.00300 0.01748
v -0.70058 0.12700 -0.01748
v -0.65942 0.12700 0.01748
v -0.70058 0.00300 -0.01748
v -0.65748 0.13000 0.01519
v -0.36252 0.13000 -0.41564
v -0.32136 0.13000 -0.38069
v -0.69864 0.13000 -0.01976
v -0.36058 0.00300 -0.41793
v -0.31942 0.12700 -0.38298
v -0.36058 0.12700 -0.41793
v -0.31942 0.00300 -0.38298
v -0.31907 0.00300 -0.37875
v -0.65519 0.12700 0.01713
v -0.31907 0.12700 -0.37875
v -0.65519 0.00300 0.01713
v -0.36252 0.00000 -0.41564
v -0.36058 0.00300 -0.41793
v -0.36481 0.00300 -0.41758
v -0.36481 0.12700 -0.41758
v -0.36058 0.12700 -0.41793
v -0.36252 0.13000 -0.41564
v -0.32136 0.00000 -0.38069
v -0.31907 0.00300 -0.37875
v -0.31942 0.00300 -0.38298
v -0.32136 0.13000 -0.38069
v -0.31942 0.12700 -0.38298
v -0.31907 0.12700 -0.37875
v -0.69864 0.00000 -0.01976
v -0.70093 0.00300 -0.02170
v -0.70058 0.00300 -0.01748
v -0.69864 0.13000 -0.01976
v -0.70058 0.12700 -0.01748
v -0.70093 0.12700 -0.02170
v -0.65748 0.00000 0.01519
v -0.65942 0.00300 0.01748
v -0.65519 0.00300 0.01713
v -0.65748 0.13000 0.01519
v -0.65519 0.12700 0.01713
v -0.65942 0.12700 0.01748
v -0.32136 0.00000 -0.38069
v -0.36058 0.00300 -0.41793
v -0.36252 0.00000 -0.41564
v -0.31942 0.00300 -0.38298
v -0.36481 0.00300 -0.41758
v -0.36058 0.12700 -0.41793
v -0.36481 0.12700 -0.41758
v -0.36058 0.00300 -0.41793
v -0.36252 0.13000 -0.41564
v -0.31942 0.12700 -0.38298
v -0.32136 0.13000 -0.38069
v -0.36058 0.12700 -0.41793
v -0.31907 0.12700 -0.37875
v -0.31942 0.00300 -0.38298
v -0.31907 0.00300 -0.37875
v -0.31942 0.12700 -0.38298
v -0.65748 0.00000 0.01519
v -0.31907 0.00300 -0.37875
v -0.32136 0.00000 -0.38069
v -0.65519 0.00300 0.01713
v -0.32136 0.13000 -0.38069
v -0.65519 0.12700 0.01713
v -0.65748 0.13000 0.01519
v -0.31907 0.12700 -0.37875
v -0.65942 0.12700 0.01748
v -0.65519 0.00300 0.01713
v -0.65942 0.00300 0.01748
v -0.65519 0.12700 0.01713
v -0.69864 0.00000 -0.01976
v -0.65942 0.00300 0.01748
v -0.65748 0.00000 0.01519
v -0.70058 0.00300 -0.01748
v -0.65748 0.13000 0.01519
v -0.70058 0.12700 -0.01748
v -0.69864 0.13000 -0.01976
v -0.65942 0.12700 0.01748
v -0.70093 0.12700 -0.02170
v -0.70058 0.00300 -0.01748
v -0.70093 0.00300 -0.02170
v -0.70058 0.12700 -0.01748
v -0.36252 0.00000 -0.41564
v -0.70093 0.00300 -0.02170
v -0.69864 0.00000 -0.01976
v -0.36481 0.00300 -0.41758
v -0.69864 0.13000 -0.01976
v -0.36481 0.12700 -0.41758
v -0.36252 0.13000 -0.41564
v -0.70093 0.12700 -0.02170
v -0.32136 0.00000 -0.38069
v -0.69864 0.00000 -0.01976
v -0.65748 0.00000 0.01519
v -0.36252 0.00000 -0.41564
v -0.36859 0.13000 -0.42472
v -0.32571 0.14800 -0.38831
v -0.35429 0.14800 -0.41259
v -0.31141 0.13000 -0.37618
v -0.31141 0.13000 -0.37618
v -0.66571 0.14800 0.01214
v -0.32571 0.14800 -0.38831
v -0.65141 0.13000 0.02427
v -0.65141 0.13000 0.02427
v -0.69429 0.14800 -0.01214
v -0.66571 0.14800 0.01214
v -0.70859 0.13000 -0.02427
v -0.70859 0.13000 -0.02427
v -0.35429 0.14800 -0.41259
v -0.69429 0.14800 -0.01214
v -0.36859 0.13000 -0.42472
v -0.31141 0.13000 -0.37618
v -0.70859 0.13000 -0.02427
v -0.65141 0.13000 0.02427
v -0.36859 0.13000 -0.42472
v -0.66571 0.14800 0.01214
v -0.35429 0.14800 -0.41259
v -0.32571 0.14800 -0.38831
v -0.69429 0.14800 -0.01214
v -0.36481 0.00300 0.41758
v -0.70093 0.12700 0.02170
v -0.36481 0.12700 0.41758
v -0.70093 0.00300 0.02170
v -0.31942 0.00300 0.38298
v -0.36058 0.12700 0.41793
v -0.31942 0.12700 0.38298
v -0.36058 0.00300 0.41793
v -0.32136 0.13000 0.38069
v -0.69864 0.13000 0.01976
v -0.65748 0.13000 -0.01519
v -0.36252 0.13000 0.41564
v -0.70058 0.00300 0.01748
v -0.65942 0.12700 -0.01748
v -0.70058 0.12700 0.01748
v -0.65942 0.00300 -0.01748
v -0.65519 0.00300 -0.01713
v -0.31907 0.12700 0.37875
v -0.65519 0.12700 -0.01713
v -0.31907 0.00300 0.37875
v -0.69864 0.00000 0.01976
v -0.70058 0.00300 0.01748
v -0.70093 0.00300 0.02170
v -0.70093 0.12700 0.02170
v -0.70058 0.12700 0.01748
v -0.69864 0.13000 0.01976
v -0.65748 0.00000 -0.01519
v -0.65519 0.00300 -0.01713
v -0.65942 0.00300 -0.01748
v -0.65748 0.13000 -0.01519
v -0.65942 0.12700 -0.01748
v -0.65519 0.12700 -0.01713
v -0.36252 0.00000 0.41564
v -0.36481 0.00300 0.41758
v -0.36058 0.00300 0.41793
v -0.36252 0.13000 0.41564
v -0.36058 0.12700 0.41793
v -0.36481 0.12700 0.41758
v -0.32136 0.00000 0.38069
v -0.31942 0.00300 0.38298
v -0.31907 0.00300 0.37875
v -0.32136 0.13000 0.38069
v -0.31907 0.12700 0.37875
v -0.31942 0.12700 0.38298
v -0.65748 0.00000 -0.01519
v -0.70058 0.00300 0.01748
v -0.69864 0.00000 0.01976
v -0.65942 0.00300 -0.01748
v -0.70093 0.00300 0.02170
v -0.70058 0.12700 0.01748
v -0.70093 0.12700 0.02170
v -0.70058 0.00300 0.01748
v -0.69864 0.13000 0.01976
v -0.65942 0.12700 -0.01748
v -0.65748 0.13000 -0.01519
v -0.70058 0.12700 0.01748
v -0.65519 0.12700 -0.01713
v -0.65942 0.00300 -0.01748
v -0.65519 0.00300 -0.01713
v -0.65942 0.12700 -0.01748
v -0.32136 0.00000 0.38069
v -0.65519 0.00300 -0.01713
v -0.65748 0.00000 -0.01519
v -0.31907 0.00300 0.37875
v -0.65748 0.13000 -0.01519
v -0.31907 0.12700 0.37875
v -0.32136 0.13000 0.38069
v -0.65519 0.12700 -0.01713
v -0.31942 0.12700 0.38298
v -0.31907 0.00300 0.37875
v -0.31942 0.00300 0.38298
v -0.31907 0.12700 0.37875
v -0.36252 0.00000 0.41564
v -0.31942 0.00300 0.38298
v -0.32136 0.00000 0.38069
v -0.36058 0.00300 0.41793
v -0.32136 0.13000 0.38069
v -0.36058 0.12700 0.41793
v -0.36252 0.13000 0.41564
v -0.31942 0.12700 0.38298
v -0.36481 0.12700 0.41758
v -0.36058 0.00300 0.41793
v -0.36481 0.00300 0.41758
v -0.36058 0.12700 0.41793
v -0.69864 0.00000 0.01976
v -0.36481 0.00300 0.41758
v -0.36252 0.00000 0.41564
v -0.70093 0.00300 0.02170
v -0.36252 0.13000 0.41564
v -0.70093 0.12700 0.02170
v -0.69864 0.13000 0.01976
v -0.36481 0.12700 0.41758
v -0.65748 0.00000 -0.01519
v -0.36252 0.00000 0.41564
v -0.32136 0.00000 0.38069
v -0.69864 0.00000 0.01976
v -0.70859 0.13000 0.02427
v -0.66571 0.14800 -0.01214
v -0.69429 0.14800 0.01214
v -0.65141 0.13000 -0.02427
v -0.65141 0.13000 -0.02427
v -0.32571 0.14800 0.38831
v -0.66571 0.14800 -0.01214
v -0.31141 0.13000 0.37618
v -0.31141 0.13000 0.37618
v -0.35429 0.14800 0.41259
v -0.32571 0.14800 0.38831
v -0.36859 0.13000 0.42472
v -0.36859 0.13000 0.42472
v -0.69429 0.14800 0.01214
v -0.35429 0.14800 0.41259
v -0.70859 0.13000 0.02427
v -0.65141 0.13000 -0.02427
v -0.36859 0.13000 0.42472
v -0.31141 0.13000 0.37618
v -0.70859 0.13000 0.02427
v -0.32571 0.14800 0.38831
v -0.69429 0.14800 0.01214
v -0.66571 0.14800 -0.01214
v -0.35429 0.14800 0.41259
v 0.70093 0.00300 0.02170
v 0.36481 0.12700 0.41758
v 0.70093 0.12700 0.02170
v 0.36481 0.00300 0.41758
v 0.65942 0.00300 -0.01748
v 0.70058 0.12700 0.01748
v 0.65942 0.12700 -0.01748
v 0.70058 0.00300 0.01748
v 0.65748 0.13000 -0.01519
v 0.36252 0.13000 0.41564
v 0.32136 0.13000 0.38069
v 0.69864 0.13000 0.01976
v 0.36058 0.00300 0.41793
v 0.31942 0.12700 0.38298
v 0.36058 0.12700 0.41793
v 0.31942 0.00300 0.38298
v 0.31907 0.00300 0.37875
v 0.65519 0.12700 -0.01713
v 0.31907 0.12700 0.37875
v 0.65519 0.00300 -0.01713
v 0.36252 0.00000 0.41564
v 0.36058 0.00300 0.41793
v 0.36481 0.00300 0.41758
v 0.36481 0.12700 0.41758
v 0.36058 0.12700 0.41793
v 0.36252 0.13000 0.41564
v 0.32136 0.00000 0.38069
v 0.31907 0.00300 0.37875
v 0.31942 0.00300 0.38298
v 0.32136 0.13000 0.38069
v 0.31942 0.12700 0.38298
v 0.31907 0.12700 0.37875
v 0.69864 0.00000 0.01976
v 0.70093 0.00300 0.02170
v 0.70058 0.00300 0.01748
v 0.69864 0.13000 0.01976
v 0.70058 0.12700 0.01748
v 0.70093 0.12700 0.02170
v 0.65748 0.00000 -0.01519
v 0.65942 0.00300 -0.01748
v 0.65519 0.00300 -0.01713
v 0.65748 0.13000 -0.01519
v 0.65519 0.12700 -0.01713
v 0.65942 0.12700 -0.01748
v 0.32136 0.00000 0.38069
v 0.36058 0.00300 0.41793
v 0.36252 0.00000 0.41564
v 0.31942 0.00300 0.38298
v 0.36481 0.00300 0.41758
v 0.36058 0.12700 0.41793
v 0.36481 0.12700 0.41758
v 0.36058 0.00300 0.41793
v 0.36252 0.13000 0.41564
v 0.31942 0.12700 0.38298
v 0.32136 0.13000 0.38069
v 0.36058 0.12700 0.41793
v 0.31907 0.12700 0.37875
v 0.31942 0.00300 0.38298
v 0.31907 0.00300 0.37875
v 0.31942 0.12700 0.38298
v 0.65748 0.00000 -0.01519
v 0.31907 0.00300 0.37875
v 0.32136 0.00000 0.38069
v 0.65519 0.00300 -0.01713
v 0.32136 0.13000 0.38069
v 0.65519 0.12700 -0.01713
v 0.65748 0.13000 -0.01519
v 0.31907 0.12700 0.37875
v 0.65942 0.12700 -0.01748
v 0.65519 0.00300 -0.01713
v 0.65942 0.00300 -0.01748
v 0.65519 0.12700 -0.01713
v 0.69864 0.00000 0.01976
v 0.65942 0.00300 -0.01748
v 0.65748 0.00000 -0.01519
v 0.70058 0.00300 0.01748
v 0.65748 0.13000 -0.01519
v 0.70058 0.12700 0.01748
v 0.69864 0.13000 0.01976
v 0.65942 0.12700 -0.01748
v 0.70093 0.12700 0.02170
v 0.70058 0.00300 0.01748
v 0.70093 0.00300 0.02170
v 0.70058 0.12700 0.01748
v 0.36252 0.00000 0.41564
v 0.70093 0.00300 0.02170
v 0.69864 0.00000 0.01976
v 0.36481 0.00300 0.41758
v 0.69864 0.13000 0.01976
v 0.36481 0.12700 0.41758
v 0.36252 0.13000 0.41564
v 0.70093 0.12700 0.02170
v 0.32136 0.00000 0.38069
v 0.69864 0.00000 0.01976
v 0.65748 0.00000 -0.01519
v 0.36252 0.00000 0.41564
v 0.36859 0.13000 0.42472
v 0.32571 0.14800 0.38831
v 0.35429 0.14800 0.41259
v 0.31141 0.13000 0.37618
v 0.31141 0.13000 0.37618
v 0.66571 0.14800 -0.01214
v 0.32571 0.14800 0.38831
v 0.65141 0.13000 -0.02427
v 0.65141 0.13000 -0.02427
v 0.69429 0.14800 0.01214
v 0.66571 0.14800 -0.01214
v 0.70859 0.13000 0.02427
v 0.70859 0.13000 0.02427
v 0.35429 0.14800 0.41259
v 0.69429 0.14800 0.01214
v 0.36859 0.13000 0.42472
v 0.31141 0.13000 0.37618
v 0.70859 0.13000 0.02427
v 0.65141 0.13000 -0.02427
v 0.36859 0.13000 0.42472
v 0.66571 0.14800 -0.01214
v 0.35429 0.14800 0.41259
v 0.32571 0.14800 0.38831
v 0.69429 0.14800 0.01214
v -0.05800 0.00300 0.43045
v -0.33700 0.12700 0.43045
v -0.05800 0.12700 0.43045
v -0.33700 0.00300 0.43045
v -0.05500 0.00300 0.37345
v -0.05500 0.12700 0.42745
v -0.05500 0.12700 0.37345
v -0.05500 0.00300 0.42745
v -0.05800 0.13000 0.37345
v -0.33700 0.13000 0.42745
v -0.33700 0.13000 0.37345
v -0.05800 0.13000 0.42745
v -0.34000 0.00300 0.42745
v -0.34000 0.12700 0.37345
v -0.34000 0.12700 0.42745
v -0.34000 0.00300 0.37345
v -0.33700 0.00300 0.37045
v -0.05800 0.12700 0.37045
v -0.33700 0.12700 0.37045
v -0.05800 0.00300 0.37045
v -0.33700 0.00000 0.42745
v -0.34000 0.00300 0.42745
v -0.33700 0.00300 0.43045
v -0.33700 0.12700 0.43045
v -0.34000 0.12700 0.42745
v -0.33700 0.13000 0.42745
v -0.33700 0.00000 0.37345
v -0.33700 0.00300 0.37045
v -0.34000 0.00300 0.37345
v -0.33700 0.13000 0.37345
v -0.34000 0.12700 0.37345
v -0.33700 0.12700 0.37045
v -0.05800 0.00000 0.42745
v -0.05800 0.00300 0.43045
v -0.05500 0.00300 0.42745
v -0.05800 0.13000 0.42745
v -0.05500 0.12700 0.42745
v -0.05800 0.12700 0.43045
v -0.05800 0.00000 0.37345
v -0.05500 0.00300 0.37345
v -0.05800 0.00300 0.37045
v -0.05800 0.13000 0.37345
v -0.05800 0.12700 0.37045
v -0.05500 0.12700 0.37345
v -0.33700 0.00000 0.37345
v -0.34000 0.00300 0.42745
v -0.33700 0.00000 0.42745
v -0.34000 0.00300 0.37345
v -0.33700 0.00300 0.43045
v -0.34000 0.12700 0.42745
v -0.33700 0.12700 0.43045
v -0.34000 0.00300 0.42745
v -0.33700 0.13000 0.42745
v -0.34000 0.12700 0.37345
v -0.33700 0.13000 0.37345
v -0.34000 0.12700 0.42745
v -0.33700 0.12700 0.37045
v -0.34000 0.00300 0.37345
v -0.33700 0.00300 0.37045
v -0.34000 0.12700 0.37345
v -0.05800 0.00000 0.37345
v -0.33700 0.00300 0.37045
v -0.33700 0.00000 0.37345
v -0.05800 0.00300 0.37045
v -0.33700 0.13000 0.37345
v -0.05800 0.12700 0.37045
v -0.05800 0.13000 0.37345
v -0.33700 0.12700 0.37045
v -0.05500 0.12700 0.37345
v -0.05800 0.00300 0.37045
v -0.05500 0.00300 0.37345
v -0.05800 0.12700 0.37045
v -0.05800 0.00000 0.42745
v -0.05500 0.00300 0.37345
v -0.05800 0.00000 0.37345
v -0.05500 0.00300 0.42745
v -0.05800 0.13000 0.37345
v -0.05500 0.12700 0.42745
v -0.05800 0.13000 0.42745
v -0.05500 0.12700 0.37345
v -0.05800 0.12700 0.43045
v -0.05500 0.00300 0.42745
v -0.05800 0.00300 0.43045
v -0.05500 0.12700 0.42745
v -0.33700 0.00000 0.42745
v -0.05800 0.00300 0.43045
v -0.05800 0.00000 0.42745
v -0.33700 0.00300 0.43045
v -0.05800 0.13000 0.42745
v -0.33700 0.12700 0.43045
v -0.33700 0.13000 0.42745
v -0.05800 0.12700 0.43045
v -0.33700 0.00000 0.37345
v -0.05800 0.00000 0.42745
v -0.05800 0.00000 0.37345
v -0.33700 0.00000 0.42745
v 0.33700 0.00300 0.43045
v 0.05800 0.12700 0.43045
v 0.33700 0.12700 0.43045
v 0.05800 0.00300 0.43045
v 0.34000 0.00300 0.37345
v 0.34000 0.12700 0.42745
v 0.34000 0.12700 0.37345
v 0.34000 0.00300 0.42745
v 0.33700 0.13000 0.37345
v 0.05800 0.13000 0.42745
v 0.05800 0.13000 0.37345
v 0.33700 0.13000 0.42745
v 0.05500 0.00300 0.42745
v 0.05500 0.12700 0.37345
v 0.05500 0.12700 0.42745
v 0.05500 0.00300 0.37345
v 0.05800 0.00300 0.37045
v 0.33700 0.12700 0.37045
v 0.05800 0.12700 0.37045
v 0.33700 0.00300 0.37045
v 0.05800 0.00000 0.42745
v 0.05500 0.00300 0.42745
v 0.05800 0.00300 0.43045
v 0.05800 0.12700 0.43045
v 0.05500 0.12700 0.42745
v 0.05800 0.13000 0.42745
v 0.05800 0.00000 0.37345
v 0.05800 0.00300 0.37045
v 0.05500 0.00300 0.37345
v 0.05800 0.13000 0.37345
v 0.05500 0.12700 0.37345
v 0.05800 0.12700 0.37045
v 0.33700 0.00000 0.42745
v 0.33700 0.00300 0.43045
v 0.34000 0.00300 0.42745
v 0.33700 0.13000 0.42745
v 0.34000 0.12700 0.42745
v 0.33700 0.12700 0.43045
v 0.33700 0.00000 0.37345
v 0.34000 0.00300 0.37345
v 0.33700 0.00300 0.37045
v 0.33700 0.13000 0.37345
v 0.33700 0.12700 0.37045
v 0.34000 0.12700 0.37345
v 0.05800 0.00000 0.37345
v 0.05500 0.00300 0.42745
v 0.05800 0.00000 0.42745
v 0.05500 0.00300 0.37345
v 0.05800 0.00300 0.43045
v 0.05500 0.12700 0.42745
v 0.05800 0.12700 0.43045
v 0.05500 0.00300 0.42745
v 0.05800 0.13000 0.42745
v 0.05500 0.12700 0.37345
v 0.05800 0.13000 0.37345
v 0.05500 0.12700 0.42745
v 0.05800 0.12700 0.37045
v 0.05500 0.00300 0.37345
v 0.05800 0.00300 0.37045
v 0.05500 0.12700 0.37345
v 0.33700 0.00000 0.37345
v 0.05800 0.00300 0.37045
v 0.05800 0.00000 0.37345
v 0.33700 0.00300 0.37045
v 0.05800 0.13000 0.37345
v 0.33700 0.12700 0.37045
v 0.33700 0.13000 0.37345
v 0.05800 0.12700 0.37045
v 0.34000 0.12700 0.37345
v 0.33700 0.00300 0.37045
v 0.34000 0.00300 0.37345
v 0.33700 0.12700 0.37045
v 0.33700 0.00000 0.42745
v 0.34000 0.00300 0.37345
v 0.33700 0.00000 0.37345
v 0.34000 0.00300 0.42745
v 0.33700 0.13000 0.37345
v 0.34000 0.12700 0.42745
v 0.33700 0.13000 0.42745
v 0.34000 0.12700 0.37345
v 0.33700 0.12700 0.43045
v 0.34000 0.00300 0.42745
v 0.33700 0.00300 0.43045
v 0.34000 0.12700 0.42745
v 0.05800 0.00000 0.42745
v 0.33700 0.00300 0.43045
v 0.33700 0.00000 0.42745
v 0.05800 0.00300 0.43045
v 0.33700 0.13000 0.42745
v 0.05800 0.12700 0.43045
v 0.05800 0.13000 0.42745
v 0.33700 0.12700 0.43045
v 0.05800 0.00000 0.37345
v 0.33700 0.00000 0.42745
v 0.33700 0.00000 0.37345
v 0.05800 0.00000 0.42745
v 0.30224 0.00300 -0.46006
v 0.37776 0.00300 -0.46006
v 0.30224 0.32100 -0.46006
v 0.27749 0.00300 -0.43319
v 0.37776 0.32100 -0.46006
v 0.27749 0.32100 -0.43319
v 0.40251 0.32100 -0.43319
v 0.26950 0.00300 -0.40335
v 0.40251 0.00300 -0.43319
v 0.26950 0.32100 -0.40335
v 0.41050 0.32100 -0.40335
v 0.27749 0.00300 -0.36771
v 0.41050 0.00300 -0.40335
v 0.27749 0.32100 -0.36771
v 0.40251 0.32100 -0.36771
v 0.30224 0.00300 -0.34084
v 0.40251 0.00300 -0.36771
v 0.30224 0.32100 -0.34084
v 0.37776 0.32100 -0.34084
v 0.37776 0.00300 -0.34084
v 0.37409 0.32400 -0.45949
v 0.28096 0.32400 -0.43454
v 0.30591 0.32400 -0.45949
v 0.39904 0.32400 -0.43454
v 0.28096 0.32400 -0.36636
v 0.27183 0.32400 -0.40045
v 0.30591 0.32400 -0.34141
v 0.39904 0.32400 -0.36636
v 0.40817 0.32400 -0.40045
v 0.37409 0.32400 -0.34141
v 0.37776 0.00300 -0.46006
v 0.30591 0.00000 -0.45949
v 0.37409 0.00000 -0.45949
v 0.30224 0.00300 -0.46006
v 0.37409 0.00000 -0.45949
v 0.39904 0.00000 -0.43454
v 0.40251 0.00300 -0.43319
v 0.39904 0.00000 -0.43454
v 0.40817 0.00000 -0.40045
v 0.41050 0.00300 -0.40335
v 0.40817 0.00000 -0.40045
v 0.39904 0.00000 -0.36636
v 0.40251 0.00300 -0.36771
v 0.39904 0.00000 -0.36636
v 0.37409 0.00000 -0.34141
v 0.37776 0.00300 -0.34084
v 0.37409 0.00000 -0.34141
v 0.30224 0.00300 -0.34084
v 0.30591 0.00000 -0.34141
v 0.30591 0.00000 -0.34141
v 0.28096 0.00000 -0.36636
v 0.27749 0.00300 -0.36771
v 0.28096 0.00000 -0.36636
v 0.27183 0.00000 -0.40045
v 0.26950 0.00300 -0.40335
v 0.27183 0.00000 -0.40045
v 0.28096 0.00000 -0.43454
v 0.27749 0.00300 -0.43319
v 0.28096 0.00000 -0.43454
v 0.30591 0.00000 -0.45949
v 0.37776 0.32100 -0.46006
v 0.37409 0.32400 -0.45949
v 0.30224 0.32100 -0.46006
v 0.30591 0.32400 -0.45949
v 0.30591 0.32400 -0.45949
v 0.28096 0.32400 -0.43454
v 0.27749 0.32100 -0.43319
v 0.28096 0.32400 -0.43454
v 0.27183 0.32400 -0.40045
v 0.26950 0.32100 -0.40335
v 0.27183 0.32400 -0.40045
v 0.28096 0.32400 -0.36636
v 0.27749 0.32100 -0.36771
v 0.28096 0.32400 -0.36636
v 0.30591 0.32400 -0.34141
v 0.30224 0.32100 -0.34084
v 0.30591 0.32400 -0.34141
v 0.37776 0.32100 -0.34084
v 0.37409 0.32400 -0.34141
v 0.37409 0.32400 -0.34141
v 0.39904 0.32400 -0.36636
v 0.40251 0.32100 -0.36771
v 0.39904 0.32400 -0.36636
v 0.40817 0.32400 -0.40045
v 0.41050 0.32100 -0.40335
v 0.40817 0.32400 -0.40045
v 0.39904 0.32400 -0.43454
v 0.40251 0.32100 -0.43319
v 0.39904 0.32400 -0.43454
v 0.37409 0.32400 -0.45949
v 0.37409 0.00000 -0.45949
v 0.40817 0.00000 -0.40045
v 0.39904 0.00000 -0.43454
v 0.30591 0.00000 -0.45949
v 0.37409 0.00000 -0.34141
v 0.39904 0.00000 -0.36636
v 0.30591 0.00000 -0.34141
v 0.27183 0.00000 -0.40045
v 0.28096 0.00000 -0.43454
v 0.28096 0.00000 -0.36636
v -0.37776 0.00300 -0.46006
v -0.30224 0.00300 -0.46006
v -0.37776 0.32100 -0.46006
v -0.40251 0.00300 -0.43319
v -0.30224 0.32100 -0.46006
v -0.40251 0.32100 -0.43319
v -0.27749 0.32100 -0.43319
v -0.41050 0.00300 -0.40335
v -0.27749 0.00300 -0.43319
v -0.41050 0.32100 -0.40335
v -0.26950 0.32100 -0.40335
v -0.40251 0.00300 -0.36771
v -0.26950 0.00300 -0.40335
v -0.40251 0.32100 -0.36771
v -0.27749 0.32100 -0.36771
v -0.37776 0.00300 -0.34084
v -0.27749 0.00300 -0.36771
v -0.37776 0.32100 -0.34084
v -0.30224 0.32100 -0.34084
v -0.30224 0.00300 -0.34084
v -0.30591 0.32400 -0.45949
v -0.39904 0.32400 -0.43454
v -0.37409 0.32400 -0.45949
v -0.28096 0.32400 -0.43454
v -0.39904 0.32400 -0.36636
v -0.40817 0.32400 -0.40045
v -0.37409 0.32400 -0.34141
v -0.28096 0.32400 -0.36636
v -0.27183 0.32400 -0.40045
v -0.30591 0.32400 -0.34141
v -0.30224 0.00300 -0.46006
v -0.37409 0.00000 -0.45949
v -0.30591 0.00000 -0.45949
v -0.37776 0.00300 -0.46006
v -0.30591 0.00000 -0.45949
v -0.28096 0.00000 -0.43454
v -0.27749 0.00300 -0.43319
v -0.28096 0.00000 -0.43454
v -0.27183 0.00000 -0.40045
v -0.26950 0.00300 -0.40335
v -0.27183 0.00000 -0.40045
v -0.28096 0.00000 -0.36636
v -0.27749 0.00300 -0.36771
v -0.28096 0.00000 -0.36636
v -0.30591 0.00000 -0.34141
v -0.30224 0.00300 -0.34084
v -0.30591 0.00000 -0.34141
v -0.37776 0.00300 -0.34084
v -0.37409 0.00000 -0.34141
v -0.37409 0.00000 -0.34141
v -0.39904 0.00000 -0.36636
v -0.40251 0.00300 -0.36771
v -0.39904 0.00000 -0.36636
v -0.40817 0.00000 -0.40045
v -0.41050 0.00300 -0.40335
v -0.40817 0.00000 -0.40045
v -0.39904 0.00000 -0.43454
v -0.40251 0.00300 -0.43319
v -0.39904 0.00000 -0.43454
v -0.37409 0.00000 -0.45949
v -0.30224 0.32100 -0.46006
v -0.30591 0.32400 -0.45949
v -0.37776 0.32100 -0.46006
v -0.37409 0.32400 -0.45949
v -0.37409 0.32400 -0.45949
v -0.39904 0.32400 -0.43454
v -0.40251 0.32100 -0.43319
v -0.39904 0.32400 -0.43454
v -0.40817 0.32400 -0.40045
v -0.41050 0.32100 -0.40335
v -0.40817 0.32400 -0.40045
v -0.39904 0.32400 -0.36636
v -0.40251 0.32100 -0.36771
v -0.39904 0.32400 -0.36636
v -0.37409 0.32400 -0.34141
v -0.37776 0.32100 -0.34084
v -0.37409 0.32400 -0.34141
v -0.30224 0.32100 -0.34084
v -0.30591 0.32400 -0.34141
v -0.30591 0.32400 -0.34141
v -0.28096 0.32400 -0.36636
v -0.27749 0.32100 -0.36771
v -0.28096 0.32400 -0.36636
v -0.27183 0.32400 -0.40045
v -0.26950 0.32100 -0.40335
v -0.27183 0.32400 -0.40045
v -0.28096 0.32400 -0.43454
v -0.27749 0.32100 -0.43319
v -0.28096 0.32400 -0.43454
v -0.30591 0.32400 -0.45949
v -0.30591 0.00000 -0.45949
v -0.27183 0.00000 -0.40045
v -0.28096 0.00000 -0.43454
v -0.37409 0.00000 -0.45949
v -0.30591 0.00000 -0.34141
v -0.28096 0.00000 -0.36636
v -0.37409 0.00000 -0.34141
v -0.40817 0.00000 -0.40045
v -0.39904 0.00000 -0.43454
v -0.39904 0.00000 -0.36636
v -0.15000 0.00000 0.15000
v -0.15000 0.01200 -0.05000
v -0.15000 0.01200 0.15000
v -0.15000 0.00000 -0.05000
v -0.15000 0.00000 -0.05000
v 0.15000 0.01200 -0.05000
v -0.15000 0.01200 -0.05000
v 0.15000 0.00000 -0.05000
v 0.15000 0.00000 -0.05000
v 0.15000 0.01200 0.15000
v 0.15000 0.01200 -0.05000
v 0.15000 0.00000 0.15000
v 0.15000 0.00000 0.15000
v -0.15000 0.01200 0.15000
v 0.15000 0.01200 0.15000
v -0.15000 0.00000 0.15000
v -0.15000 0.00000 -0.05000
v 0.15000 0.00000 0.15000
v 0.15000 0.00000 -0.05000
v -0.15000 0.00000 0.15000
v 0.15000 0.01200 -0.05000
v -0.15000 0.01200 0.15000
v -0.15000 0.01200 -0.05000
v 0.15000 0.01200 0.15000
v 0.26950 0.00300 -0.19825
v -0.00950 0.15850 -0.19825
v 0.26950 0.15850 -0.19825
v -0.00950 0.00300 -0.19825
v 0.27250 0.00300 -0.31875
v 0.27250 0.15850 -0.20125
v 0.27250 0.15850 -0.31875
v 0.27250 0.00300 -0.20125
v 0.26950 0.16150 -0.31875
v -0.00950 0.16150 -0.20125
v -0.00950 0.16150 -0.31875
v 0.26950 0.16150 -0.20125
v -0.01250 0.00300 -0.20125
v -0.01250 0.15850 -0.31875
v -0.01250 0.15850 -0.20125
v -0.01250 0.00300 -0.31875
v -0.00950 0.00300 -0.32175
v 0.26950 0.15850 -0.32175
v -0.00950 0.15850 -0.32175
v 0.26950 0.00300 -0.32175
v -0.00950 0.00000 -0.20125
v -0.01250 0.00300 -0.20125
v -0.00950 0.00300 -0.19825
v -0.00950 0.15850 -0.19825
v -0.01250 0.15850 -0.20125
v -0.00950 0.16150 -0.20125
v -0.00950 0.00000 -0.31875
v -0.00950 0.00300 -0.32175
v -0.01250 0.00300 -0.31875
v -0.00950 0.16150 -0.31875
v -0.01250 0.15850 -0.31875
v -0.00950 0.15850 -0.32175
v 0.26950 0.00000 -0.20125
v 0.26950 0.00300 -0.19825
v 0.27250 0.00300 -0.20125
v 0.26950 0.16150 -0.20125
v 0.27250 0.15850 -0.20125
v 0.26950 0.15850 -0.19825
v 0.26950 0.00000 -0.31875
v 0.27250 0.00300 -0.31875
v 0.26950 0.00300 -0.32175
v 0.26950 0.16150 -0.31875
v 0.26950 0.15850 -0.32175
v 0.27250 0.15850 -0.31875
v -0.00950 0.00000 -0.31875
v -0.01250 0.00300 -0.20125
v -0.00950 0.00000 -0.20125
v -0.01250 0.00300 -0.31875
v -0.00950 0.00300 -0.19825
v -0.01250 0.15850 -0.20125
v -0.00950 0.15850 -0.19825
v -0.01250 0.00300 -0.20125
v -0.00950 0.16150 -0.20125
v -0.01250 0.15850 -0.31875
v -0.00950 0.16150 -0.31875
v -0.01250 0.15850 -0.20125
v -0.00950 0.15850 -0.32175
v -0.01250 0.00300 -0.31875
v -0.00950 0.00300 -0.32175
v -0.01250 0.15850 -0.31875
v 0.26950 0.00000 -0.31875
v -0.00950 0.00300 -0.32175
v -0.00950 0.00000 -0.31875
v 0.26950 0.00300 -0.32175
v -0.00950 0.16150 -0.31875
v 0.26950 0.15850 -0.32175
v 0.26950 0.16150 -0.31875
v -0.00950 0.15850 -0.32175
v 0.27250 0.15850 -0.31875
v 0.26950 0.00300 -0.32175
v 0.27250 0.00300 -0.31875
v 0.26950 0.15850 -0.32175
v 0.26950 0.00000 -0.20125
v 0.27250 0.00300 -0.31875
v 0.26950 0.00000 -0.31875
v 0.27250 0.00300 -0.20125
v 0.26950 0.16150 -0.31875
v 0.27250 0.15850 -0.20125
v 0.26950 0.16150 -0.20125
v 0.27250 0.15850 -0.31875
v 0.26950 0.15850 -0.19825
v 0.27250 0.00300 -0.20125
v 0.26950 0.00300 -0.19825
v 0.27250 0.15850 -0.20125
v -0.00950 0.00000 -0.20125
v 0.26950 0.00300 -0.19825
v 0.26950 0.00000 -0.20125
v -0.00950 0.00300 -0.19825
v 0.26950 0.16150 -0.20125
v -0.00950 0.15850 -0.19825
v -0.00950 0.16150 -0.20125
v 0.26950 0.15850 -0.19825
v -0.00950 0.00000 -0.31875
v 0.26950 0.00000 -0.20125
v 0.26950 0.00000 -0.31875
v -0.00950 0.00000 -0.20125
v 0.35025 0.00300 -0.20775
v 0.25175 0.33900 -0.20775
v 0.35025 0.33900 -0.20775
v 0.25175 0.00300 -0.20775
v 0.35325 0.00300 -0.30925
v 0.35325 0.33900 -0.21075
v 0.35325 0.33900 -0.30925
v 0.35325 0.00300 -0.21075
v 0.35025 0.34200 -0.30925
v 0.25175 0.34200 -0.21075
v 0.25175 0.34200 -0.30925
v 0.35025 0.34200 -0.21075
v 0.24875 0.00300 -0.21075
v 0.24875 0.33900 -0.30925
v 0.24875 0.33900 -0.21075
v 0.24875 0.00300 -0.30925
v 0.25175 0.00300 -0.31225
v 0.35025 0.33900 -0.31225
v 0.25175 0.33900 -0.31225
v 0.35025 0.00300 -0.31225
v 0.25175 0.00000 -0.21075
v 0.24875 0.00300 -0.21075
v 0.25175 0.00300 -0.20775
v 0.25175 0.33900 -0.20775
v 0.24875 0.33900 -0.21075
v 0.25175 0.34200 -0.21075
v 0.25175 0.00000 -0.30925
v 0.25175 0.00300 -0.31225
v 0.24875 0.00300 -0.30925
v 0.25175 0.34200 -0.30925
v 0.24875 0.33900 -0.30925
v 0.25175 0.33900 -0.31225
v 0.35025 0.00000 -0.21075
v 0.35025 0.00300 -0.20775
v 0.35325 0.00300 -0.21075
v 0.35025 0.34200 -0.21075
v 0.35325 0.33900 -0.21075
v 0.35025 0.33900 -0.20775
v 0.35025 0.00000 -0.30925
v 0.35325 0.00300 -0.30925
v 0.35025 0.00300 -0.31225
v 0.35025 0.34200 -0.30925
v 0.35025 0.33900 -0.31225
v 0.35325 0.33900 -0.30925
v 0.25175 0.00000 -0.30925
v 0.24875 0.00300 -0.21075
v 0.25175 0.00000 -0.21075
v 0.24875 0.00300 -0.30925
v 0.25175 0.00300 -0.20775
v 0.24875 0.33900 -0.21075
v 0.25175 0.33900 -0.20775
v 0.24875 0.00300 -0.21075
v 0.25175 0.34200 -0.21075
v 0.24875 0.33900 -0.30925
v 0.25175 0.34200 -0.30925
v 0.24875 0.33900 -0.21075
v 0.25175 0.33900 -0.31225
v 0.24875 0.00300 -0.30925
v 0.25175 0.00300 -0.31225
v 0.24875 0.33900 -0.30925
v 0.35025 0.00000 -0.30925
v 0.25175 0.00300 -0.31225
v 0.25175 0.00000 -0.30925
v 0.35025 0.00300 -0.31225
v 0.25175 0.34200 -0.30925
v 0.35025 0.33900 -0.31225
v 0.35025 0.34200 -0.30925
v 0.25175 0.33900 -0.31225
v 0.35325 0.33900 -0.30925
v 0.35025 0.00300 -0.31225
v 0.35325 0.00300 -0.30925
v 0.35025 0.33900 -0.31225
v 0.35025 0.00000 -0.21075
v 0.35325 0.00300 -0.30925
v 0.35025 0.00000 -0.30925
v 0.35325 0.00300 -0.21075
v 0.35025 0.34200 -0.30925
v 0.35325 0.33900 -0.21075
v 0.35025 0.34200 -0.21075
v 0.35325 0.33900 -0.30925
v 0.35025 0.33900 -0.20775
v 0.35325 0.00300 -0.21075
v 0.35025 0.00300 -0.20775
v 0.35325 0.33900 -0.21075
v 0.25175 0.00000 -0.21075
v 0.35025 0.00300 -0.20775
v 0.35025 0.00000 -0.21075
v 0.25175 0.00300 -0.20775
v 0.35025 0.34200 -0.21075
v 0.25175 0.33900 -0.20775
v 0.25175 0.34200 -0.21075
v 0.35025 0.33900 -0.20775
v 0.25175 0.00000 -0.30925
v 0.35025 0.00000 -0.21075
v 0.35025 0.00000 -0.30925
v 0.25175 0.00000 -0.21075
v -0.34000 0.13000 0.43795
v -0.34000 0.14800 0.38170
v -0.34000 0.14800 0.41920
v -0.34000 0.13000 0.36295
v -0.34000 0.13000 0.36295
v -0.05500 0.14800 0.38170
v -0.34000 0.14800 0.38170
v -0.05500 0.13000 0.36295
v -0.05500 0.13000 0.36295
v -0.05500 0.14800 0.41920
v -0.05500 0.14800 0.38170
v -0.05500 0.13000 0.43795
v -0.05500 0.13000 0.43795
v -0.34000 0.14800 0.41920
v -0.05500 0.14800 0.41920
v -0.34000 0.13000 0.43795
v -0.34000 0.13000 0.36295
v -0.05500 0.13000 0.43795
v -0.05500 0.13000 0.36295
v -0.34000 0.13000 0.43795
v -0.05500 0.14800 0.38170
v -0.34000 0.14800 0.41920
v -0.34000 0.14800 0.38170
v -0.05500 0.14800 0.41920
v 0.05500 0.13000 0.43795
v 0.05500 0.14800 0.38170
v 0.05500 0.14800 0.41920
v 0.05500 0.13000 0.36295
v 0.05500 0.13000 0.36295
v 0.34000 0.14800 0.38170
v 0.05500 0.14800 0.38170
v 0.34000 0.13000 0.36295
v 0.34000 0.13000 0.36295
v 0.34000 0.14800 0.41920
v 0.34000 0.14800 0.38170
v 0.34000 0.13000 0.43795
v 0.34000 0.13000 0.43795
v 0.05500 0.14800 0.41920
v 0.34000 0.14800 0.41920
v 0.05500 0.13000 0.43795
v 0.05500 0.13000 0.36295
v 0.34000 0.13000 0.43795
v 0.34000 0.13000 0.36295
v 0.05500 0.13000 0.43795
v 0.34000 0.14800 0.38170
v 0.05500 0.14800 0.41920
v 0.05500 0.14800 0.38170
v 0.34000 0.14800 0.41920
v 0.62553 0.27000 -0.03145
v 0.62207 0.26700 -0.03010
v 0.62496 0.26700 -0.03512
v 0.71145 0.00000 0.05447
v 0.71010 0.00300 0.05793
v 0.71512 0.00300 0.05504
v 0.64990 0.00300 -0.05793
v 0.67710 0.26700 -0.06522
v 0.64990 0.26700 -0.05793
v 0.67710 0.00300 -0.06522
v 0.64855 0.00000 -0.05447
v 0.64990 0.00300 -0.05793
v 0.64488 0.00300 -0.05504
v 0.73447 0.27000 0.03145
v 0.73793 0.26700 0.03010
v 0.73504 0.26700 0.03512
v 0.73793 0.00300 -0.03010
v 0.74522 0.26700 -0.00290
v 0.73793 0.26700 -0.03010
v 0.74522 0.00300 -0.00290
v 0.61711 0.27000 -0.00000
v 0.61478 0.26700 0.00290
v 0.61478 0.26700 -0.00290
v 0.73447 0.00000 0.03145
v 0.73504 0.00300 0.03512
v 0.73793 0.00300 0.03010
v 0.74522 0.00300 0.00290
v 0.73793 0.26700 0.03010
v 0.74522 0.26700 0.00290
v 0.73793 0.00300 0.03010
v 0.61711 0.00000 0.00000
v 0.61478 0.00300 -0.00290
v 0.61478 0.00300 0.00290
v 0.74289 0.27000 0.00000
v 0.74522 0.26700 -0.00290
v 0.74522 0.26700 0.00290
v 0.73504 0.00300 0.03512
v 0.71512 0.26700 0.05504
v 0.73504 0.26700 0.03512
v 0.71512 0.00300 0.05504
v 0.62553 0.27000 0.03145
v 0.62496 0.26700 0.03512
v 0.62207 0.26700 0.03010
v 0.74289 0.00000 -0.00000
v 0.74522 0.00300 0.00290
v 0.74522 0.00300 -0.00290
v 0.71010 0.00300 0.05793
v 0.68290 0.26700 0.06522
v 0.71010 0.26700 0.05793
v 0.68290 0.00300 0.06522
v 0.62553 0.00000 0.03145
v 0.62207 0.00300 0.03010
v 0.62496 0.00300 0.03512
v 0.73447 0.27000 -0.03145
v 0.73504 0.26700 -0.03512
v 0.73793 0.26700 -0.03010
v 0.67710 0.00300 0.06522
v 0.64990 0.26700 0.05793
v 0.67710 0.26700 0.06522
v 0.64990 0.00300 0.05793
v 0.64855 0.27000 0.05447
v 0.64990 0.26700 0.05793
v 0.64488 0.26700 0.05504
v 0.73447 0.00000 -0.03145
v 0.73793 0.00300 -0.03010
v 0.73504 0.00300 -0.03512
v 0.64488 0.00300 0.05504
v 0.62496 0.26700 0.03512
v 0.64488 0.26700 0.05504
v 0.62496 0.00300 0.03512
v 0.64855 0.00000 0.05447
v 0.64488 0.00300 0.05504
v 0.64990 0.00300 0.05793
v 0.71145 0.27000 -0.05447
v 0.71010 0.26700 -0.05793
v 0.71512 0.26700 -0.05504
v 0.62207 0.00300 0.03010
v 0.61478 0.26700 0.00290
v 0.62207 0.26700 0.03010
v 0.61478 0.00300 0.00290
v 0.68000 0.27000 0.06289
v 0.68290 0.26700 0.06522
v 0.67710 0.26700 0.06522
v 0.71145 0.00000 -0.05447
v 0.71512 0.00300 -0.05504
v 0.71010 0.00300 -0.05793
v 0.61478 0.00300 -0.00290
v 0.62207 0.26700 -0.03010
v 0.61478 0.26700 -0.00290
v 0.62207 0.00300 -0.03010
v 0.68000 0.00000 0.06289
v 0.67710 0.00300 0.06522
v 0.68290 0.00300 0.06522
v 0.68000 0.27000 -0.06289
v 0.67710 0.26700 -0.06522
v 0.68290 0.26700 -0.06522
v 0.62496 0.00300 -0.03512
v 0.64488 0.26700 -0.05504
v 0.62496 0.26700 -0.03512
v 0.64488 0.00300 -0.05504
v 0.71512 0.00300 -0.05504
v 0.73504 0.26700 -0.03512
v 0.71512 0.26700 -0.05504
v 0.73504 0.00300 -0.03512
v 0.68000 0.00000 -0.06289
v 0.68290 0.00300 -0.06522
v 0.67710 0.00300 -0.06522
v 0.62553 0.00000 -0.03145
v 0.62496 0.00300 -0.03512
v 0.62207 0.00300 -0.03010
v 0.71145 0.27000 0.05447
v 0.71512 0.26700 0.05504
v 0.71010 0.26700 0.05793
v 0.73447 0.27000 -0.03145
v 0.68000 0.27000 -0.06289
v 0.71145 0.27000 -0.05447
v 0.62553 0.27000 -0.03145
v 0.64855 0.27000 -0.05447
v 0.73447 0.27000 0.03145
v 0.74289 0.27000 0.00000
v 0.68000 0.27000 0.06289
v 0.71145 0.27000 0.05447
v 0.62553 0.27000 0.03145
v 0.64855 0.27000 0.05447
v 0.61711 0.27000 -0.00000
v 0.68290 0.00300 -0.06522
v 0.71010 0.26700 -0.05793
v 0.68290 0.26700 -0.06522
v 0.71010 0.00300 -0.05793
v 0.64855 0.27000 -0.05447
v 0.64488 0.26700 -0.05504
v 0.64990 0.26700 -0.05793
v 0.68290 0.00300 -0.06522
v 0.71145 0.00000 -0.05447
v 0.71010 0.00300 -0.05793
v 0.68000 0.00000 -0.06289
v 0.71010 0.26700 -0.05793
v 0.68000 0.27000 -0.06289
v 0.68290 0.26700 -0.06522
v 0.71145 0.27000 -0.05447
v 0.67710 0.00300 -0.06522
v 0.68290 0.26700 -0.06522
v 0.67710 0.26700 -0.06522
v 0.68290 0.00300 -0.06522
v 0.71512 0.26700 -0.05504
v 0.71010 0.00300 -0.05793
v 0.71512 0.00300 -0.05504
v 0.71010 0.26700 -0.05793
v 0.71512 0.00300 -0.05504
v 0.73447 0.00000 -0.03145
v 0.73504 0.00300 -0.03512
v 0.71145 0.00000 -0.05447
v 0.73504 0.26700 -0.03512
v 0.71145 0.27000 -0.05447
v 0.71512 0.26700 -0.05504
v 0.73447 0.27000 -0.03145
v 0.73793 0.26700 -0.03010
v 0.73504 0.00300 -0.03512
v 0.73793 0.00300 -0.03010
v 0.73504 0.26700 -0.03512
v 0.73793 0.00300 -0.03010
v 0.74289 0.00000 -0.00000
v 0.74522 0.00300 -0.00290
v 0.73447 0.00000 -0.03145
v 0.74522 0.26700 -0.00290
v 0.73447 0.27000 -0.03145
v 0.73793 0.26700 -0.03010
v 0.74289 0.27000 0.00000
v 0.74522 0.26700 0.00290
v 0.74522 0.00300 -0.00290
v 0.74522 0.00300 0.00290
v 0.74522 0.26700 -0.00290
v 0.74522 0.00300 0.00290
v 0.73447 0.00000 0.03145
v 0.73793 0.00300 0.03010
v 0.74289 0.00000 -0.00000
v 0.73793 0.26700 0.03010
v 0.74289 0.27000 0.00000
v 0.74522 0.26700 0.00290
v 0.73447 0.27000 0.03145
v 0.73504 0.26700 0.03512
v 0.73793 0.00300 0.03010
v 0.73504 0.00300 0.03512
v 0.73793 0.26700 0.03010
v 0.73504 0.00300 0.03512
v 0.71145 0.00000 0.05447
v 0.71512 0.00300 0.05504
v 0.73447 0.00000 0.03145
v 0.71512 0.26700 0.05504
v 0.73447 0.27000 0.03145
v 0.73504 0.26700 0.03512
v 0.71145 0.27000 0.05447
v 0.71010 0.26700 0.05793
v 0.71512 0.00300 0.05504
v 0.71010 0.00300 0.05793
v 0.71512 0.26700 0.05504
v 0.71010 0.00300 0.05793
v 0.68000 0.00000 0.06289
v 0.68290 0.00300 0.06522
v 0.71145 0.00000 0.05447
v 0.68290 0.26700 0.06522
v 0.71145 0.27000 0.05447
v 0.71010 0.26700 0.05793
v 0.68000 0.27000 0.06289
v 0.67710 0.26700 0.06522
v 0.68290 0.00300 0.06522
v 0.67710 0.00300 0.06522
v 0.68290 0.26700 0.06522
v 0.67710 0.00300 0.06522
v 0.64855 0.00000 0.05447
v 0.64990 0.00300 0.05793
v 0.68000 0.00000 0.06289
v 0.64990 0.26700 0.05793
v 0.68000 0.27000 0.06289
v 0.67710 0.26700 0.06522
v 0.64855 0.27000 0.05447
v 0.64488 0.26700 0.05504
v 0.64990 0.00300 0.05793
v 0.64488 0.00300 0.05504
v 0.64990 0.26700 0.05793
v 0.64488 0.00300 0.05504
v 0.62553 0.00000 0.03145
v 0.62496 0.00300 0.03512
v 0.64855 0.00000 0.05447
v 0.62496 0.26700 0.03512
v 0.64855 0.27000 0.05447
v 0.64488 0.26700 0.05504
v 0.62553 0.27000 0.03145
v 0.62207 0.26700 0.03010
v 0.62496 0.00300 0.03512
v 0.62207 0.00300 0.03010
v 0.62496 0.26700 0.03512
v 0.62207 0.00300 0.03010
v 0.61711 0.00000 0.00000
v 0.61478 0.00300 0.00290
v 0.62553 0.00000 0.03145
v 0.61478 0.26700 0.00290
v 0.62553 0.27000 0.03145
v 0.62207 0.26700 0.03010
v 0.61711 0.27000 -0.00000
v 0.61478 0.26700 -0.00290
v 0.61478 0.00300 0.00290
v 0.61478 0.00300 -0.00290
v 0.61478 0.26700 0.00290
v 0.61478 0.00300 -0.00290
v 0.62553 0.00000 -0.03145
v 0.62207 0.00300 -0.03010
v 0.61711 0.00000 0.00000
v 0.62207 0.26700 -0.03010
v 0.61711 0.27000 -0.00000
v 0.61478 0.26700 -0.00290
v 0.62553 0.27000 -0.03145
v 0.62496 0.26700 -0.03512
v 0.62207 0.00300 -0.03010
v 0.62496 0.00300 -0.03512
v 0.62207 0.26700 -0.03010
v 0.62496 0.00300 -0.03512
v 0.64855 0.00000 -0.05447
v 0.64488 0.00300 -0.05504
v 0.62553 0.00000 -0.03145
v 0.64488 0.26700 -0.05504
v 0.62553 0.27000 -0.03145
v 0.62496 0.26700 -0.03512
v 0.64855 0.27000 -0.05447
v 0.64990 0.26700 -0.05793
v 0.64488 0.00300 -0.05504
v 0.64990 0.00300 -0.05793
v 0.64488 0.26700 -0.05504
v 0.64990 0.00300 -0.05793
v 0.68000 0.00000 -0.06289
v 0.67710 0.00300 -0.06522
v 0.64855 0.00000 -0.05447
v 0.67710 0.26700 -0.06522
v 0.64855 0.27000 -0.05447
v 0.64990 0.26700 -0.05793
v 0.68000 0.27000 -0.06289
v 0.64855 0.00000 -0.05447
v 0.71145 0.00000 -0.05447
v 0.68000 0.00000 -0.06289
v 0.74289 0.00000 -0.00000
v 0.73447 0.00000 -0.03145
v 0.61711 0.00000 0.00000
v 0.62553 0.00000 -0.03145
v 0.64855 0.00000 0.05447
v 0.62553 0.00000 0.03145
v 0.71145 0.00000 0.05447
v 0.68000 0.00000 0.06289
v 0.73447 0.00000 0.03145
v 0.68000 0.26000 -0.07656
v 0.71828 0.29000 -0.06630
v 0.68000 0.29000 -0.07656
v 0.71828 0.26000 -0.06630
v 0.71828 0.26000 -0.06630
v 0.74630 0.29000 -0.03828
v 0.71828 0.29000 -0.06630
v 0.74630 0.26000 -0.03828
v 0.74630 0.26000 -0.03828
v 0.75656 0.29000 0.00000
v 0.74630 0.29000 -0.03828
v 0.75656 0.26000 0.00000
v 0.75656 0.26000 0.00000
v 0.74630 0.29000 0.03828
v 0.75656 0.29000 0.00000
v 0.74630 0.26000 0.03828
v 0.74630 0.26000 0.03828
v 0.71828 0.29000 0.06630
v 0.74630 0.29000 0.03828
v 0.71828 0.26000 0.06630
v 0.71828 0.26000 0.06630
v 0.68000 0.29000 0.07656
v 0.71828 0.29000 0.06630
v 0.68000 0.26000 0.07656
v 0.68000 0.26000 0.07656
v 0.64172 0.29000 0.06630
v 0.68000 0.29000 0.07656
v 0.64172 0.26000 0.06630
v 0.64172 0.26000 0.06630
v 0.61370 0.29000 0.03828
v 0.64172 0.29000 0.06630
v 0.61370 0.26000 0.03828
v 0.61370 0.26000 0.03828
v 0.60344 0.29000 0.00000
v 0.61370 0.29000 0.03828
v 0.60344 0.26000 0.00000
v 0.60344 0.26000 0.00000
v 0.61370 0.29000 -0.03828
v 0.60344 0.29000 0.00000
v 0.61370 0.26000 -0.03828
v 0.74630 0.29000 -0.03828
v 0.68000 0.29000 -0.07656
v 0.71828 0.29000 -0.06630
v 0.61370 0.29000 -0.03828
v 0.64172 0.29000 -0.06630
v 0.74630 0.29000 0.03828
v 0.75656 0.29000 0.00000
v 0.68000 0.29000 0.07656
v 0.71828 0.29000 0.06630
v 0.61370 0.29000 0.03828
v 0.64172 0.29000 0.06630
v 0.60344 0.29000 0.00000
v 0.61370 0.26000 -0.03828
v 0.64172 0.29000 -0.06630
v 0.61370 0.29000 -0.03828
v 0.64172 0.26000 -0.06630
v 0.64172 0.26000 -0.06630
v 0.68000 0.29000 -0.07656
v 0.64172 0.29000 -0.06630
v 0.68000 0.26000 -0.07656
v 0.64172 0.26000 -0.06630
v 0.71828 0.26000 -0.06630
v 0.68000 0.26000 -0.07656
v 0.75656 0.26000 0.00000
v 0.74630 0.26000 -0.03828
v 0.60344 0.26000 0.00000
v 0.61370 0.26000 -0.03828
v 0.64172 0.26000 0.06630
v 0.61370 0.26000 0.03828
v 0.71828 0.26000 0.06630
v 0.68000 0.26000 0.07656
v 0.74630 0.26000 0.03828
v 0.28096 0.32400 -0.43454
v 0.27749 0.32100 -0.43319
v 0.28039 0.32100 -0.43821
v 0.37409 0.00000 -0.34141
v 0.37274 0.00300 -0.33794
v 0.30726 0.00300 -0.46296
v 0.33710 0.32100 -0.47095
v 0.30726 0.32100 -0.46296
v 0.33710 0.00300 -0.47095
v 0.30591 0.00000 -0.45949
v 0.30726 0.00300 -0.46296
v 0.39904 0.32400 -0.36636
v 0.40251 0.32100 -0.36771
v 0.39961 0.32100 -0.36269
v 0.40251 0.00300 -0.43319
v 0.40251 0.32100 -0.43319
v 0.27183 0.32400 -0.40045
v 0.26950 0.32100 -0.39755
v 0.26950 0.32100 -0.40335
v 0.39904 0.00000 -0.36636
v 0.39961 0.00300 -0.36269
v 0.40251 0.00300 -0.36771
v 0.41050 0.00300 -0.39755
v 0.40251 0.32100 -0.36771
v 0.41050 0.32100 -0.39755
v 0.40251 0.00300 -0.36771
v 0.27183 0.00000 -0.40045
v 0.26950 0.00300 -0.40335
v 0.26950 0.00300 -0.39755
v 0.40817 0.32400 -0.40045
v 0.41050 0.32100 -0.40335
v 0.41050 0.32100 -0.39755
v 0.39961 0.00300 -0.36269
v 0.37776 0.32100 -0.34084
v 0.39961 0.32100 -0.36269
v 0.37776 0.00300 -0.34084
v 0.28096 0.32400 -0.36636
v 0.28039 0.32100 -0.36269
v 0.27749 0.32100 -0.36771
v 0.40817 0.00000 -0.40045
v 0.41050 0.00300 -0.39755
v 0.41050 0.00300 -0.40335
v 0.37274 0.00300 -0.33794
v 0.34290 0.32100 -0.32995
v 0.37274 0.32100 -0.33794
v 0.34290 0.00300 -0.32995
v 0.28096 0.00000 -0.36636
v 0.27749 0.00300 -0.36771
v 0.28039 0.00300 -0.36269
v 0.39904 0.32400 -0.43454
v 0.39961 0.32100 -0.43821
v 0.40251 0.32100 -0.43319
v 0.33710 0.00300 -0.32995
v 0.30726 0.32100 -0.33794
v 0.33710 0.32100 -0.32995
v 0.30726 0.00300 -0.33794
v 0.30591 0.32400 -0.34141
v 0.30726 0.32100 -0.33794
v 0.39904 0.00000 -0.43454
v 0.40251 0.00300 -0.43319
v 0.39961 0.00300 -0.43821
v 0.30224 0.00300 -0.34084
v 0.28039 0.32100 -0.36269
v 0.30224 0.32100 -0.34084
v 0.28039 0.00300 -0.36269
v 0.30591 0.00000 -0.34141
v 0.30726 0.00300 -0.33794
v 0.37409 0.32400 -0.45949
v 0.37274 0.32100 -0.46296
v 0.27749 0.00300 -0.36771
v 0.26950 0.32100 -0.39755
v 0.27749 0.32100 -0.36771
v 0.26950 0.00300 -0.39755
v 0.34000 0.32400 -0.33228
v 0.34290 0.32100 -0.32995
v 0.33710 0.32100 -0.32995
v 0.37409 0.00000 -0.45949
v 0.37274 0.00300 -0.46296
v 0.27749 0.32100 -0.43319
v 0.27749 0.00300 -0.43319
v 0.34000 0.00000 -0.33228
v 0.33710 0.00300 -0.32995
v 0.34290 0.00300 -0.32995
v 0.34000 0.32400 -0.46862
v 0.33710 0.32100 -0.47095
v 0.34290 0.32100 -0.47095
v 0.28039 0.00300 -0.43821
v 0.30224 0.32100 -0.46006
v 0.28039 0.32100 -0.43821
v 0.30224 0.00300 -0.46006
v 0.37776 0.00300 -0.46006
v 0.39961 0.32100 -0.43821
v 0.37776 0.32100 -0.46006
v 0.39961 0.00300 -0.43821
v 0.34000 0.00000 -0.46862
v 0.34290 0.00300 -0.47095
v 0.33710 0.00300 -0.47095
v 0.28096 0.00000 -0.43454
v 0.28039 0.00300 -0.43821
v 0.27749 0.00300 -0.43319
v 0.37409 0.32400 -0.34141
v 0.37274 0.32100 -0.33794
v 0.34000 0.32400 -0.46862
v 0.34000 0.32400 -0.33228
v 0.34290 0.00300 -0.47095
v 0.37274 0.32100 -0.46296
v 0.34290 0.32100 -0.47095
v 0.37274 0.00300 -0.46296
v 0.30591 0.32400 -0.45949
v 0.30726 0.32100 -0.46296
v 0.34290 0.00300 -0.47095
v 0.37274 0.00300 -0.46296
v 0.34000 0.00000 -0.46862
v 0.37274 0.32100 -0.46296
v 0.34000 0.32400 -0.46862
v 0.34290 0.32100 -0.47095
v 0.33710 0.00300 -0.47095
v 0.34290 0.32100 -0.47095
v 0.33710 0.32100 -0.47095
v 0.34290 0.00300 -0.47095
v 0.37274 0.00300 -0.46296
v 0.37274 0.32100 -0.46296
v 0.37776 0.00300 -0.46006
v 0.39961 0.00300 -0.43821
v 0.39961 0.32100 -0.43821
v 0.37776 0.32100 -0.46006
v 0.39961 0.00300 -0.43821
v 0.39961 0.32100 -0.43821
v 0.41050 0.32100 -0.39755
v 0.41050 0.00300 -0.40335
v 0.41050 0.00300 -0.39755
v 0.41050 0.32100 -0.40335
v 0.41050 0.00300 -0.39755
v 0.41050 0.32100 -0.39755
v 0.39961 0.32100 -0.36269
v 0.39961 0.00300 -0.36269
v 0.39961 0.00300 -0.36269
v 0.37776 0.00300 -0.34084
v 0.37776 0.32100 -0.34084
v 0.39961 0.32100 -0.36269
v 0.37274 0.32100 -0.33794
v 0.37274 0.00300 -0.33794
v 0.37274 0.00300 -0.33794
v 0.34000 0.00000 -0.33228
v 0.34290 0.00300 -0.32995
v 0.34290 0.32100 -0.32995
v 0.37274 0.32100 -0.33794
v 0.34000 0.32400 -0.33228
v 0.33710 0.32100 -0.32995
v 0.34290 0.00300 -0.32995
v 0.33710 0.00300 -0.32995
v 0.34290 0.32100 -0.32995
v 0.33710 0.00300 -0.32995
v 0.30726 0.00300 -0.33794
v 0.34000 0.00000 -0.33228
v 0.30726 0.32100 -0.33794
v 0.34000 0.32400 -0.33228
v 0.33710 0.32100 -0.32995
v 0.30726 0.00300 -0.33794
v 0.30726 0.32100 -0.33794
v 0.30224 0.00300 -0.34084
v 0.28039 0.00300 -0.36269
v 0.28039 0.32100 -0.36269
v 0.30224 0.32100 -0.34084
v 0.28039 0.00300 -0.36269
v 0.28039 0.32100 -0.36269
v 0.26950 0.00300 -0.39755
v 0.26950 0.32100 -0.39755
v 0.26950 0.32100 -0.40335
v 0.26950 0.00300 -0.39755
v 0.26950 0.00300 -0.40335
v 0.26950 0.32100 -0.39755
v 0.28039 0.32100 -0.43821
v 0.28039 0.00300 -0.43821
v 0.28039 0.00300 -0.43821
v 0.30224 0.00300 -0.46006
v 0.30224 0.32100 -0.46006
v 0.28039 0.32100 -0.43821
v 0.30726 0.32100 -0.46296
v 0.30726 0.00300 -0.46296
v 0.30726 0.00300 -0.46296
v 0.34000 0.00000 -0.46862
v 0.33710 0.00300 -0.47095
v 0.33710 0.32100 -0.47095
v 0.30726 0.32100 -0.46296
v 0.34000 0.32400 -0.46862
v 0.34000 0.00000 -0.46862
v 0.34000 0.00000 -0.33228
v 0.34000 0.31400 -0.48313
v 0.38134 0.34400 -0.47206
v 0.34000 0.34400 -0.48313
v 0.38134 0.31400 -0.47206
v 0.38134 0.31400 -0.47206
v 0.41161 0.34400 -0.44179
v 0.38134 0.34400 -0.47206
v 0.41161 0.31400 -0.44179
v 0.41161 0.31400 -0.44179
v 0.42268 0.34400 -0.40045
v 0.41161 0.34400 -0.44179
v 0.42268 0.31400 -0.40045
v 0.42268 0.31400 -0.40045
v 0.41161 0.34400 -0.35911
v 0.42268 0.34400 -0.40045
v 0.41161 0.31400 -0.35911
v 0.41161 0.31400 -0.35911
v 0.38134 0.34400 -0.32884
v 0.41161 0.34400 -0.35911
v 0.38134 0.31400 -0.32884
v 0.38134 0.31400 -0.32884
v 0.34000 0.34400 -0.31777
v 0.38134 0.34400 -0.32884
v 0.34000 0.31400 -0.31777
v 0.34000 0.31400 -0.31777
v 0.29866 0.34400 -0.32884
v 0.34000 0.34400 -0.31777
v 0.29866 0.31400 -0.32884
v 0.29866 0.31400 -0.32884
v 0.26839 0.34400 -0.35911
v 0.29866 0.34400 -0.32884
v 0.26839 0.31400 -0.35911
v 0.26839 0.31400 -0.35911
v 0.25732 0.34400 -0.40045
v 0.26839 0.34400 -0.35911
v 0.25732 0.31400 -0.40045
v 0.25732 0.31400 -0.40045
v 0.26839 0.34400 -0.44179
v 0.25732 0.34400 -0.40045
v 0.26839 0.31400 -0.44179
v 0.41161 0.34400 -0.44179
v 0.34000 0.34400 -0.48313
v 0.38134 0.34400 -0.47206
v 0.26839 0.34400 -0.44179
v 0.29866 0.34400 -0.47206
v 0.41161 0.34400 -0.35911
v 0.42268 0.34400 -0.40045
v 0.34000 0.34400 -0.31777
v 0.38134 0.34400 -0.32884
v 0.26839 0.34400 -0.35911
v 0.29866 0.34400 -0.32884
v 0.25732 0.34400 -0.40045
v 0.26839 0.31400 -0.44179
v 0.29866 0.34400 -0.47206
v 0.26839 0.34400 -0.44179
v 0.29866 0.31400 -0.47206
v 0.29866 0.31400 -0.47206
v 0.34000 0.34400 -0.48313
v 0.29866 0.34400 -0.47206
v 0.34000 0.31400 -0.48313
v 0.29866 0.31400 -0.47206
v 0.38134 0.31400 -0.47206
v 0.34000 0.31400 -0.48313
v 0.42268 0.31400 -0.40045
v 0.41161 0.31400 -0.44179
v 0.25732 0.31400 -0.40045
v 0.26839 0.31400 -0.44179
v 0.29866 0.31400 -0.32884
v 0.26839 0.31400 -0.35911
v 0.38134 0.31400 -0.32884
v 0.34000 0.31400 -0.31777
v 0.41161 0.31400 -0.35911
v -0.39904 0.32400 -0.43454
v -0.40251 0.32100 -0.43319
v -0.39961 0.32100 -0.43821
v -0.30591 0.00000 -0.34141
v -0.30726 0.00300 -0.33794
v -0.37274 0.00300 -0.46296
v -0.34290 0.32100 -0.47095
v -0.37274 0.32100 -0.46296
v -0.34290 0.00300 -0.47095
v -0.37409 0.00000 -0.45949
v -0.37274 0.00300 -0.46296
v -0.28096 0.32400 -0.36636
v -0.27749 0.32100 -0.36771
v -0.28039 0.32100 -0.36269
v -0.27749 0.00300 -0.43319
v -0.27749 0.32100 -0.43319
v -0.40817 0.32400 -0.40045
v -0.41050 0.32100 -0.39755
v -0.41050 0.32100 -0.40335
v -0.28096 0.00000 -0.36636
v -0.28039 0.00300 -0.36269
v -0.27749 0.00300 -0.36771
v -0.26950 0.00300 -0.39755
v -0.27749 0.32100 -0.36771
v -0.26950 0.32100 -0.39755
v -0.27749 0.00300 -0.36771
v -0.40817 0.00000 -0.40045
v -0.41050 0.00300 -0.40335
v -0.41050 0.00300 -0.39755
v -0.27183 0.32400 -0.40045
v -0.26950 0.32100 -0.40335
v -0.26950 0.32100 -0.39755
v -0.28039 0.00300 -0.36269
v -0.30224 0.32100 -0.34084
v -0.28039 0.32100 -0.36269
v -0.30224 0.00300 -0.34084
v -0.39904 0.32400 -0.36636
v -0.39961 0.32100 -0.36269
v -0.40251 0.32100 -0.36771
v -0.27183 0.00000 -0.40045
v -0.26950 0.00300 -0.39755
v -0.26950 0.00300 -0.40335
v -0.30726 0.00300 -0.33794
v -0.33710 0.32100 -0.32995
v -0.30726 0.32100 -0.33794
v -0.33710 0.00300 -0.32995
v -0.39904 0.00000 -0.36636
v -0.40251 0.00300 -0.36771
v -0.39961 0.00300 -0.36269
v -0.28096 0.32400 -0.43454
v -0.28039 0.32100 -0.43821
v -0.27749 0.32100 -0.43319
v -0.34290 0.00300 -0.32995
v -0.37274 0.32100 -0.33794
v -0.34290 0.32100 -0.32995
v -0.37274 0.00300 -0.33794
v -0.37409 0.32400 -0.34141
v -0.37274 0.32100 -0.33794
v -0.28096 0.00000 -0.43454
v -0.27749 0.00300 -0.43319
v -0.28039 0.00300 -0.43821
v -0.37776 0.00300 -0.34084
v -0.39961 0.32100 -0.36269
v -0.37776 0.32100 -0.34084
v -0.39961 0.00300 -0.36269
v -0.37409 0.00000 -0.34141
v -0.37274 0.00300 -0.33794
v -0.30591 0.32400 -0.45949
v -0.30726 0.32100 -0.46296
v -0.40251 0.00300 -0.36771
v -0.41050 0.32100 -0.39755
v -0.40251 0.32100 -0.36771
v -0.41050 0.00300 -0.39755
v -0.34000 0.32400 -0.33228
v -0.33710 0.32100 -0.32995
v -0.34290 0.32100 -0.32995
v -0.30591 0.00000 -0.45949
v -0.30726 0.00300 -0.46296
v -0.40251 0.32100 -0.43319
v -0.40251 0.00300 -0.43319
v -0.34000 0.00000 -0.33228
v -0.34290 0.00300 -0.32995
v -0.33710 0.00300 -0.32995
v -0.34000 0.32400 -0.46862
v -0.34290 0.32100 -0.47095
v -0.33710 0.32100 -0.47095
v -0.39961 0.00300 -0.43821
v -0.37776 0.32100 -0.46006
v -0.39961 0.32100 -0.43821
v -0.37776 0.00300 -0.46006
v -0.30224 0.00300 -0.46006
v -0.28039 0.32100 -0.43821
v -0.30224 0.32100 -0.46006
v -0.28039 0.00300 -0.43821
v -0.34000 0.00000 -0.46862
v -0.33710 0.00300 -0.47095
v -0.34290 0.00300 -0.47095
v -0.39904 0.00000 -0.43454
v -0.39961 0.00300 -0.43821
v -0.40251 0.00300 -0.43319
v -0.30591 0.32400 -0.34141
v -0.30726 0.32100 -0.33794
v -0.34000 0.32400 -0.46862
v -0.34000 0.32400 -0.33228
v -0.33710 0.00300 -0.47095
v -0.30726 0.32100 -0.46296
v -0.33710 0.32100 -0.47095
v -0.30726 0.00300 -0.46296
v -0.37409 0.32400 -0.45949
v -0.37274 0.32100 -0.46296
v -0.33710 0.00300 -0.47095
v -0.30726 0.00300 -0.46296
v -0.34000 0.00000 -0.46862
v -0.30726 0.32100 -0.46296
v -0.34000 0.32400 -0.46862
v -0.33710 0.32100 -0.47095
v -0.34290 0.00300 -0.47095
v -0.33710 0.32100 -0.47095
v -0.34290 0.32100 -0.47095
v -0.33710 0.00300 -0.47095
v -0.30726 0.00300 -0.46296
v -0.30726 0.32100 -0.46296
v -0.30224 0.00300 -0.46006
v -0.28039 0.00300 -0.43821
v -0.28039 0.32100 -0.43821
v -0.30224 0.32100 -0.46006
v -0.28039 0.00300 -0.43821
v -0.28039 0.32100 -0.43821
v -0.26950 0.32100 -0.39755
v -0.26950 0.00300 -0.40335
v -0.26950 0.00300 -0.39755
v -0.26950 0.32100 -0.40335
v -0.26950 0.00300 -0.39755
v -0.26950 0.32100 -0.39755
v -0.28039 0.32100 -0.36269
v -0.28039 0.00300 -0.36269
v -0.28039 0.00300 -0.36269
v -0.30224 0.00300 -0.34084
v -0.30224 0.32100 -0.34084
v -0.28039 0.32100 -0.36269
v -0.30726 0.32100 -0.33794
v -0.30726 0.00300 -0.33794
v -0.30726 0.00300 -0.33794
v -0.34000 0.00000 -0.33228
v -0.33710 0.00300 -0.32995
v -0.33710 0.32100 -0.32995
v -0.30726 0.32100 -0.33794
v -0.34000 0.32400 -0.33228
v -0.34290 0.32100 -0.32995
v -0.33710 0.00300 -0.32995
v -0.34290 0.00300 -0.32995
v -0.33710 0.32100 -0.32995
v -0.34290 0.00300 -0.32995
v -0.37274 0.00300 -0.33794
v -0.34000 0.00000 -0.33228
v -0.37274 0.32100 -0.33794
v -0.34000 0.32400 -0.33228
v -0.34290 0.32100 -0.32995
v -0.37274 0.00300 -0.33794
v -0.37274 0.32100 -0.33794
v -0.37776 0.00300 -0.34084
v -0.39961 0.00300 -0.36269
v -0.39961 0.32100 -0.36269
v -0.37776 0.32100 -0.34084
v -0.39961 0.00300 -0.36269
v -0.39961 0.32100 -0.36269
v -0.41050 0.00300 -0.39755
v -0.41050 0.32100 -0.39755
v -0.41050 0.32100 -0.40335
v -0.41050 0.00300 -0.39755
v -0.41050 0.00300 -0.40335
v -0.41050 0.32100 -0.39755
v -0.39961 0.32100 -0.43821
v -0.39961 0.00300 -0.43821
v -0.39961 0.00300 -0.43821
v -0.37776 0.00300 -0.46006
v -0.37776 0.32100 -0.46006
v -0.39961 0.32100 -0.43821
v -0.37274 0.32100 -0.46296
v -0.37274 0.00300 -0.46296
v -0.37274 0.00300 -0.46296
v -0.34000 0.00000 -0.46862
v -0.34290 0.00300 -0.47095
v -0.34290 0.32100 -0.47095
v -0.37274 0.32100 -0.46296
v -0.34000 0.32400 -0.46862
v -0.34000 0.00000 -0.46862
v -0.34000 0.00000 -0.33228
v -0.34000 0.31400 -0.48313
v -0.29866 0.34400 -0.47206
v -0.34000 0.34400 -0.48313
v -0.29866 0.31400 -0.47206
v -0.29866 0.31400 -0.47206
v -0.26839 0.34400 -0.44179
v -0.29866 0.34400 -0.47206
v -0.26839 0.31400 -0.44179
v -0.26839 0.31400 -0.44179
v -0.25732 0.34400 -0.40045
v -0.26839 0.34400 -0.44179
v -0.25732 0.31400 -0.40045
v -0.25732 0.31400 -0.40045
v -0.26839 0.34400 -0.35911
v -0.25732 0.34400 -0.40045
v -0.26839 0.31400 -0.35911
v -0.26839 0.31400 -0.35911
v -0.29866 0.34400 -0.32884
v -0.26839 0.34400 -0.35911
v -0.29866 0.31400 -0.32884
v -0.29866 0.31400 -0.32884
v -0.34000 0.34400 -0.31777
v -0.29866 0.34400 -0.32884
v -0.34000 0.31400 -0.31777
v -0.34000 0.31400 -0.31777
v -0.38134 0.34400 -0.32884
v -0.34000 0.34400 -0.31777
v -0.38134 0.31400 -0.32884
v -0.38134 0.31400 -0.32884
v -0.41161 0.34400 -0.35911
v -0.38134 0.34400 -0.32884
v -0.41161 0.31400 -0.35911
v -0.41161 0.31400 -0.35911
v -0.42268 0.34400 -0.40045
v -0.41161 0.34400 -0.35911
v -0.42268 0.31400 -0.40045
v -0.42268 0.31400 -0.40045
v -0.41161 0.34400 -0.44179
v -0.42268 0.34400 -0.40045
v -0.41161 0.31400 -0.44179
v -0.26839 0.34400 -0.44179
v -0.34000 0.34400 -0.48313
v -0.29866 0.34400 -0.47206
v -0.41161 0.34400 -0.44179
v -0.38134 0.34400 -0.47206
v -0.26839 0.34400 -0.35911
v -0.25732 0.34400 -0.40045
v -0.34000 0.34400 -0.31777
v -0.29866 0.34400 -0.32884
v -0.41161 0.34400 -0.35911
v -0.38134 0.34400 -0.32884
v -0.42268 0.34400 -0.40045
v -0.41161 0.31400 -0.44179
v -0.38134 0.34400 -0.47206
v -0.41161 0.34400 -0.44179
v -0.38134 0.31400 -0.47206
v -0.38134 0.31400 -0.47206
v -0.34000 0.34400 -0.48313
v -0.38134 0.34400 -0.47206
v -0.34000 0.31400 -0.48313
v -0.38134 0.31400 -0.47206
v -0.29866 0.31400 -0.47206
v -0.34000 0.31400 -0.48313
v -0.25732 0.31400 -0.40045
v -0.26839 0.31400 -0.44179
v -0.42268 0.31400 -0.40045
v -0.41161 0.31400 -0.44179
v -0.38134 0.31400 -0.32884
v -0.41161 0.31400 -0.35911
v -0.29866 0.31400 -0.32884
v -0.34000 0.31400 -0.31777
v -0.26839 0.31400 -0.35911
v -0.73447 0.27000 -0.03145
v -0.73793 0.26700 -0.03010
v -0.73504 0.26700 -0.03512
v -0.64855 0.00000 0.05447
v -0.64990 0.00300 0.05793
v -0.64488 0.00300 0.05504
v -0.71010 0.00300 -0.05793
v -0.68290 0.26700 -0.06522
v -0.71010 0.26700 -0.05793
v -0.68290 0.00300 -0.06522
v -0.71145 0.00000 -0.05447
v -0.71010 0.00300 -0.05793
v -0.71512 0.00300 -0.05504
v -0.62553 0.27000 0.03145
v -0.62207 0.26700 0.03010
v -0.62496 0.26700 0.03512
v -0.62207 0.00300 -0.03010
v -0.61478 0.26700 -0.00290
v -0.62207 0.26700 -0.03010
v -0.61478 0.00300 -0.00290
v -0.74289 0.27000 -0.00000
v -0.74522 0.26700 0.00290
v -0.74522 0.26700 -0.00290
v -0.62553 0.00000 0.03145
v -0.62496 0.00300 0.03512
v -0.62207 0.00300 0.03010
v -0.61478 0.00300 0.00290
v -0.62207 0.26700 0.03010
v -0.61478 0.26700 0.00290
v -0.62207 0.00300 0.03010
v -0.74289 0.00000 0.00000
v -0.74522 0.00300 -0.00290
v -0.74522 0.00300 0.00290
v -0.61711 0.27000 0.00000
v -0.61478 0.26700 -0.00290
v -0.61478 0.26700 0.00290
v -0.62496 0.00300 0.03512
v -0.64488 0.26700 0.05504
v -0.62496 0.26700 0.03512
v -0.64488 0.00300 0.05504
v -0.73447 0.27000 0.03145
v -0.73504 0.26700 0.03512
v -0.73793 0.26700 0.03010
v -0.61711 0.00000 -0.00000
v -0.61478 0.00300 0.00290
v -0.61478 0.00300 -0.00290
v -0.64990 0.00300 0.05793
v -0.67710 0.26700 0.06522
v -0.64990 0.26700 0.05793
v -0.67710 0.00300 0.06522
v -0.73447 0.00000 0.03145
v -0.73793 0.00300 0.03010
v -0.73504 0.00300 0.03512
v -0.62553 0.27000 -0.03145
v -0.62496 0.26700 -0.03512
v -0.62207 0.26700 -0.03010
v -0.68290 0.00300 0.06522
v -0.71010 0.26700 0.05793
v -0.68290 0.26700 0.06522
v -0.71010 0.00300 0.05793
v -0.71145 0.27000 0.05447
v -0.71010 0.26700 0.05793
v -0.71512 0.26700 0.05504
v -0.62553 0.00000 -0.03145
v -0.62207 0.00300 -0.03010
v -0.62496 0.00300 -0.03512
v -0.71512 0.00300 0.05504
v -0.73504 0.26700 0.03512
v -0.71512 0.26700 0.05504
v -0.73504 0.00300 0.03512
v -0.71145 0.00000 0.05447
v -0.71512 0.00300 0.05504
v -0.71010 0.00300 0.05793
v -0.64855 0.27000 -0.05447
v -0.64990 0.26700 -0.05793
v -0.64488 0.26700 -0.05504
v -0.73793 0.00300 0.03010
v -0.74522 0.26700 0.00290
v -0.73793 0.26700 0.03010
v -0.74522 0.00300 0.00290
v -0.68000 0.27000 0.06289
v -0.67710 0.26700 0.06522
v -0.68290 0.26700 0.06522
v -0.64855 0.00000 -0.05447
v -0.64488 0.00300 -0.05504
v -0.64990 0.00300 -0.05793
v -0.74522 0.00300 -0.00290
v -0.73793 0.26700 -0.03010
v -0.74522 0.26700 -0.00290
v -0.73793 0.00300 -0.03010
v -0.68000 0.00000 0.06289
v -0.68290 0.00300 0.06522
v -0.67710 0.00300 0.06522
v -0.68000 0.27000 -0.06289
v -0.68290 0.26700 -0.06522
v -0.67710 0.26700 -0.06522
v -0.73504 0.00300 -0.03512
v -0.71512 0.26700 -0.05504
v -0.73504 0.26700 -0.03512
v -0.71512 0.00300 -0.05504
v -0.64488 0.00300 -0.05504
v -0.62496 0.26700 -0.03512
v -0.64488 0.26700 -0.05504
v -0.62496 0.00300 -0.03512
v -0.68000 0.00000 -0.06289
v -0.67710 0.00300 -0.06522
v -0.68290 0.00300 -0.06522
v -0.73447 0.00000 -0.03145
v -0.73504 0.00300 -0.03512
v -0.73793 0.00300 -0.03010
v -0.64855 0.27000 0.05447
v -0.64488 0.26700 0.05504
v -0.64990 0.26700 0.05793
v -0.62553 0.27000 -0.03145
v -0.68000 0.27000 -0.06289
v -0.64855 0.27000 -0.05447
v -0.73447 0.27000 -0.03145
v -0.71145 0.27000 -0.05447
v -0.62553 0.27000 0.03145
v -0.61711 0.27000 0.00000
v -0.68000 0.27000 0.06289
v -0.64855 0.27000 0.05447
v -0.73447 0.27000 0.03145
v -0.71145 0.27000 0.05447
v -0.74289 0.27000 -0.00000
v -0.67710 0.00300 -0.06522
v -0.64990 0.26700 -0.05793
v -0.67710 0.26700 -0.06522
v -0.64990 0.00300 -0.05793
v -0.71145 0.27000 -0.05447
v -0.71512 0.26700 -0.05504
v -0.71010 0.26700 -0.05793
v -0.67710 0.00300 -0.06522
v -0.64855 0.00000 -0.05447
v -0.64990 0.00300 -0.05793
v -0.68000 0.00000 -0.06289
v -0.64990 0.26700 -0.05793
v -0.68000 0.27000 -0.06289
v -0.67710 0.26700 -0.06522
v -0.64855 0.27000 -0.05447
v -0.68290 0.00300 -0.06522
v -0.67710 0.26700 -0.06522
v -0.68290 0.26700 -0.06522
v -0.67710 0.00300 -0.06522
v -0.64488 0.26700 -0.05504
v -0.64990 0.00300 -0.05793
v -0.64488 0.00300 -0.05504
v -0.64990 0.26700 -0.05793
v -0.64488 0.00300 -0.05504
v -0.62553 0.00000 -0.03145
v -0.62496 0.00300 -0.03512
v -0.64855 0.00000 -0.05447
v -0.62496 0.26700 -0.03512
v -0.64855 0.27000 -0.05447
v -0.64488 0.26700 -0.05504
v -0.62553 0.27000 -0.03145
v -0.62207 0.26700 -0.03010
v -0.62496 0.00300 -0.03512
v -0.62207 0.00300 -0.03010
v -0.62496 0.26700 -0.03512
v -0.62207 0.00300 -0.03010
v -0.61711 0.00000 -0.00000
v -0.61478 0.00300 -0.00290
v -0.62553 0.00000 -0.03145
v -0.61478 0.26700 -0.00290
v -0.62553 0.27000 -0.03145
v -0.62207 0.26700 -0.03010
v -0.61711 0.27000 0.00000
v -0.61478 0.26700 0.00290
v -0.61478 0.00300 -0.00290
v -0.61478 0.00300 0.00290
v -0.61478 0.26700 -0.00290
v -0.61478 0.00300 0.00290
v -0.62553 0.00000 0.03145
v -0.62207 0.00300 0.03010
v -0.61711 0.00000 -0.00000
v -0.62207 0.26700 0.03010
v -0.61711 0.27000 0.00000
v -0.61478 0.26700 0.00290
v -0.62553 0.27000 0.03145
v -0.62496 0.26700 0.03512
v -0.62207 0.00300 0.03010
v -0.62496 0.00300 0.03512
v -0.62207 0.26700 0.03010
v -0.62496 0.00300 0.03512
v -0.64855 0.00000 0.05447
v -0.64488 0.00300 0.05504
v -0.62553 0.00000 0.03145
v -0.64488 0.26700 0.05504
v -0.62553 0.27000 0.03145
v -0.62496 0.26700 0.03512
v -0.64855 0.27000 0.05447
v -0.64990 0.26700 0.05793
v -0.64488 0.00300 0.05504
v -0.64990 0.00300 0.05793
v -0.64488 0.26700 0.05504
v -0.64990 0.00300 0.05793
v -0.68000 0.00000 0.06289
v -0.67710 0.00300 0.06522
v -0.64855 0.00000 0.05447
v -0.67710 0.26700 0.06522
v -0.64855 0.27000 0.05447
v -0.64990 0.26700 0.05793
v -0.68000 0.27000 0.06289
v -0.68290 0.26700 0.06522
v -0.67710 0.00300 0.06522
v -0.68290 0.00300 0.06522
v -0.67710 0.26700 0.06522
v -0.68290 0.00300 0.06522
v -0.71145 0.00000 0.05447
v -0.71010 0.00300 0.05793
v -0.68000 0.00000 0.06289
v -0.71010 0.26700 0.05793
v -0.68000 0.27000 0.06289
v -0.68290 0.26700 0.06522
v -0.71145 0.27000 0.05447
v -0.71512 0.26700 0.05504
v -0.71010 0.00300 0.05793
v -0.71512 0.00300 0.05504
v -0.71010 0.26700 0.05793
v -0.71512 0.00300 0.05504
v -0.73447 0.00000 0.03145
v -0.73504 0.00300 0.03512
v -0.71145 0.00000 0.05447
v -0.73504 0.26700 0.03512
v -0.71145 0.27000 0.05447
v -0.71512 0.26700 0.05504
v -0.73447 0.27000 0.03145
v -0.73793 0.26700 0.03010
v -0.73504 0.00300 0.03512
v -0.73793 0.00300 0.03010
v -0.73504 0.26700 0.03512
v -0.73793 0.00300 0.03010
v -0.74289 0.00000 0.00000
v -0.74522 0.00300 0.00290
v -0.73447 0.00000 0.03145
v -0.74522 0.26700 0.00290
v -0.73447 0.27000 0.03145
v -0.73793 0.26700 0.03010
v -0.74289 0.27000 -0.00000
v -0.74522 0.26700 -0.00290
v -0.74522 0.00300 0.00290
v -0.74522 0.00300 -0.00290
v -0.74522 0.26700 0.00290
v -0.74522 0.00300 -0.00290
v -0.73447 0.00000 -0.03145
v -0.73793 0.00300 -0.03010
v -0.74289 0.00000 0.00000
v -0.73793 0.26700 -0.03010
v -0.74289 0.27000 -0.00000
v -0.74522 0.26700 -0.00290
v -0.73447 0.27000 -0.03145
v -0.73504 0.26700 -0.03512
v -0.73793 0.00300 -0.03010
v -0.73504 0.00300 -0.03512
v -0.73793 0.26700 -0.03010
v -0.73504 0.00300 -0.03512
v -0.71145 0.00000 -0.05447
v -0.71512 0.00300 -0.05504
v -0.73447 0.00000 -0.03145
v -0.71512 0.26700 -0.05504
v -0.73447 0.27000 -0.03145
v -0.73504 0.26700 -0.03512
v -0.71145 0.27000 -0.05447
v -0.71010 0.26700 -0.05793
v -0.71512 0.00300 -0.05504
v -0.71010 0.00300 -0.05793
v -0.71512 0.26700 -0.05504
v -0.71010 0.00300 -0.05793
v -0.68000 0.00000 -0.06289
v -0.68290 0.00300 -0.06522
v -0.71145 0.00000 -0.05447
v -0.68290 0.26700 -0.06522
v -0.71145 0.27000 -0.05447
v -0.71010 0.26700 -0.05793
v -0.68000 0.27000 -0.06289
v -0.71145 0.00000 -0.05447
v -0.64855 0.00000 -0.05447
v -0.68000 0.00000 -0.06289
v -0.61711 0.00000 -0.00000
v -0.62553 0.00000 -0.03145
v -0.74289 0.00000 0.00000
v -0.73447 0.00000 -0.03145
v -0.71145 0.00000 0.05447
v -0.73447 0.00000 0.03145
v -0.64855 0.00000 0.05447
v -0.68000 0.00000 0.06289
v -0.62553 0.00000 0.03145
v -0.68000 0.26000 -0.07656
v -0.64172 0.29000 -0.06630
v -0.68000 0.29000 -0.07656
v -0.64172 0.26000 -0.06630
v -0.64172 0.26000 -0.06630
v -0.61370 0.29000 -0.03828
v -0.64172 0.29000 -0.06630
v -0.61370 0.26000 -0.03828
v -0.61370 0.26000 -0.03828
v -0.60344 0.29000 -0.00000
v -0.61370 0.29000 -0.03828
v -0.60344 0.26000 -0.00000
v -0.60344 0.26000 -0.00000
v -0.61370 0.29000 0.03828
v -0.60344 0.29000 -0.00000
v -0.61370 0.26000 0.03828
v -0.61370 0.26000 0.03828
v -0.64172 0.29000 0.06630
v -0.61370 0.29000 0.03828
v -0.64172 0.26000 0.06630
v -0.64172 0.26000 0.06630
v -0.68000 0.29000 0.07656
v -0.64172 0.29000 0.06630
v -0.68000 0.26000 0.07656
v -0.68000 0.26000 0.07656
v -0.71828 0.29000 0.06630
v -0.68000 0.29000 0.07656
v -0.71828 0.26000 0.06630
v -0.71828 0.26000 0.06630
v -0.74630 0.29000 0.03828
v -0.71828 0.29000 0.06630
v -0.74630 0.26000 0.03828
v -0.74630 0.26000 0.03828
v -0.75656 0.29000 -0.00000
v -0.74630 0.29000 0.03828
v -0.75656 0.26000 -0.00000
v -0.75656 0.26000 -0.00000
v -0.74630 0.29000 -0.03828
v -0.75656 0.29000 -0.00000
v -0.74630 0.26000 -0.03828
v -0.61370 0.29000 -0.03828
v -0.68000 0.29000 -0.07656
v -0.64172 0.29000 -0.06630
v -0.74630 0.29000 -0.03828
v -0.71828 0.29000 -0.06630
v -0.61370 0.29000 0.03828
v -0.60344 0.29000 -0.00000
v -0.68000 0.29000 0.07656
v -0.64172 0.29000 0.06630
v -0.74630 0.29000 0.03828
v -0.71828 0.29000 0.06630
v -0.75656 0.29000 -0.00000
v -0.74630 0.26000 -0.03828
v -0.71828 0.29000 -0.06630
v -0.74630 0.29000 -0.03828
v -0.71828 0.26000 -0.06630
v -0.71828 0.26000 -0.06630
v -0.68000 0.29000 -0.07656
v -0.71828 0.29000 -0.06630
v -0.68000 0.26000 -0.07656
v -0.71828 0.26000 -0.06630
v -0.64172 0.26000 -0.06630
v -0.68000 0.26000 -0.07656
v -0.60344 0.26000 -0.00000
v -0.61370 0.26000 -0.03828
v -0.75656 0.26000 -0.00000
v -0.74630 0.26000 -0.03828
v -0.71828 0.26000 0.06630
v -0.74630 0.26000 0.03828
v -0.64172 0.26000 0.06630
v -0.68000 0.26000 0.07656
v -0.61370 0.26000 0.03828
v 0.08700 0.00300 0.44844
v -0.08700 0.21800 0.44844
v 0.08700 0.21800 0.44844
v -0.08700 0.00300 0.44844
v 0.09000 0.00300 0.35544
v 0.09000 0.21800 0.44544
v 0.09000 0.21800 0.35544
v 0.09000 0.00300 0.44544
v 0.08700 0.22100 0.35544
v -0.08700 0.22100 0.44544
v -0.08700 0.22100 0.35544
v 0.08700 0.22100 0.44544
v -0.09000 0.00300 0.44544
v -0.09000 0.21800 0.35544
v -0.09000 0.21800 0.44544
v -0.09000 0.00300 0.35544
v -0.08700 0.00300 0.35244
v 0.08700 0.21800 0.35244
v -0.08700 0.21800 0.35244
v 0.08700 0.00300 0.35244
v -0.08700 0.00000 0.44544
v -0.09000 0.00300 0.44544
v -0.08700 0.00300 0.44844
v -0.08700 0.21800 0.44844
v -0.09000 0.21800 0.44544
v -0.08700 0.22100 0.44544
v -0.08700 0.00000 0.35544
v -0.08700 0.00300 0.35244
v -0.09000 0.00300 0.35544
v -0.08700 0.22100 0.35544
v -0.09000 0.21800 0.35544
v -0.08700 0.21800 0.35244
v 0.08700 0.00000 0.44544
v 0.08700 0.00300 0.44844
v 0.09000 0.00300 0.44544
v 0.08700 0.22100 0.44544
v 0.09000 0.21800 0.44544
v 0.08700 0.21800 0.44844
v 0.08700 0.00000 0.35544
v 0.09000 0.00300 0.35544
v 0.08700 0.00300 0.35244
v 0.08700 0.22100 0.35544
v 0.08700 0.21800 0.35244
v 0.09000 0.21800 0.35544
v -0.08700 0.00000 0.35544
v -0.09000 0.00300 0.44544
v -0.08700 0.00000 0.44544
v -0.09000 0.00300 0.35544
v -0.08700 0.00300 0.44844
v -0.09000 0.21800 0.44544
v -0.08700 0.21800 0.44844
v -0.09000 0.00300 0.44544
v -0.08700 0.22100 0.44544
v -0.09000 0.21800 0.35544
v -0.08700 0.22100 0.35544
v -0.09000 0.21800 0.44544
v -0.08700 0.21800 0.35244
v -0.09000 0.00300 0.35544
v -0.08700 0.00300 0.35244
v -0.09000 0.21800 0.35544
v 0.08700 0.00000 0.35544
v -0.08700 0.00300 0.35244
v -0.08700 0.00000 0.35544
v 0.08700 0.00300 0.35244
v -0.08700 0.22100 0.35544
v 0.08700 0.21800 0.35244
v 0.08700 0.22100 0.35544
v -0.08700 0.21800 0.35244
v 0.09000 0.21800 0.35544
v 0.08700 0.00300 0.35244
v 0.09000 0.00300 0.35544
v 0.08700 0.21800 0.35244
v 0.08700 0.00000 0.44544
v 0.09000 0.00300 0.35544
v 0.08700 0.00000 0.35544
v 0.09000 0.00300 0.44544
v 0.08700 0.22100 0.35544
v 0.09000 0.21800 0.44544
v 0.08700 0.22100 0.44544
v 0.09000 0.21800 0.35544
v 0.08700 0.21800 0.44844
v 0.09000 0.00300 0.44544
v 0.08700 0.00300 0.44844
v 0.09000 0.21800 0.44544
v -0.08700 0.00000 0.44544
v 0.08700 0.00300 0.44844
v 0.08700 0.00000 0.44544
v -0.08700 0.00300 0.44844
v 0.08700 0.22100 0.44544
v -0.08700 0.21800 0.44844
v -0.08700 0.22100 0.44544
v 0.08700 0.21800 0.44844
v -0.08700 0.00000 0.35544
v 0.08700 0.00000 0.44544
v 0.08700 0.00000 0.35544
v -0.08700 0.00000 0.44544
v -0.12000 0.00000 -0.06000
v -0.12000 0.01200 -0.24000
v -0.12000 0.01200 -0.06000
v -0.12000 0.00000 -0.24000
v -0.12000 0.00000 -0.24000
v 0.12000 0.01200 -0.24000
v -0.12000 0.01200 -0.24000
v 0.12000 0.00000 -0.24000
v 0.12000 0.00000 -0.24000
v 0.12000 0.01200 -0.06000
v 0.12000 0.01200 -0.24000
v 0.12000 0.00000 -0.06000
v 0.12000 0.00000 -0.06000
v -0.12000 0.01200 -0.06000
v 0.12000 0.01200 -0.06000
v -0.12000 0.00000 -0.06000
v -0.12000 0.00000 -0.24000
v 0.12000 0.00000 -0.06000
v 0.12000 0.00000 -0.24000
v -0.12000 0.00000 -0.06000
v 0.12000 0.01200 -0.24000
v -0.12000 0.01200 -0.06000
v -0.12000 0.01200 -0.24000
v 0.12000 0.01200 -0.06000
v 0.10500 0.01200 -0.01000
v 0.12263 0.04700 -0.00427
v 0.10500 0.04700 -0.01000
v 0.12263 0.01200 -0.00427
v 0.12263 0.01200 -0.00427
v 0.13353 0.04700 0.01073
v 0.12263 0.04700 -0.00427
v 0.13353 0.01200 0.01073
v 0.13353 0.01200 0.01073
v 0.13353 0.04700 0.02927
v 0.13353 0.04700 0.01073
v 0.13353 0.01200 0.02927
v 0.13353 0.01200 0.02927
v 0.12263 0.04700 0.04427
v 0.13353 0.04700 0.02927
v 0.12263 0.01200 0.04427
v 0.12263 0.01200 0.04427
v 0.10500 0.04700 0.05000
v 0.12263 0.04700 0.04427
v 0.10500 0.01200 0.05000
v 0.10500 0.01200 0.05000
v 0.08737 0.04700 0.04427
v 0.10500 0.04700 0.05000
v 0.08737 0.01200 0.04427
v 0.08737 0.01200 0.04427
v 0.07647 0.04700 0.02927
v 0.08737 0.04700 0.04427
v 0.07647 0.01200 0.02927
v 0.07647 0.01200 0.02927
v 0.07647 0.04700 0.01073
v 0.07647 0.04700 0.02927
v 0.07647 0.01200 0.01073
v 0.13353 0.04700 0.01073
v 0.10500 0.04700 -0.01000
v 0.12263 0.04700 -0.00427
v 0.07647 0.04700 0.01073
v 0.08737 0.04700 -0.00427
v 0.12263 0.04700 0.04427
v 0.13353 0.04700 0.02927
v 0.08737 0.04700 0.04427
v 0.10500 0.04700 0.05000
v 0.07647 0.04700 0.02927
v 0.07647 0.01200 0.01073
v 0.08737 0.04700 -0.00427
v 0.07647 0.04700 0.01073
v 0.08737 0.01200 -0.00427
v 0.08737 0.01200 -0.00427
v 0.10500 0.04700 -0.01000
v 0.08737 0.04700 -0.00427
v 0.10500 0.01200 -0.01000
v 0.08737 0.01200 -0.00427
v 0.12263 0.01200 -0.00427
v 0.10500 0.01200 -0.01000
v 0.13353 0.01200 0.02927
v 0.13353 0.01200 0.01073
v 0.07647 0.01200 0.02927
v 0.07647 0.01200 0.01073
v 0.10500 0.01200 0.05000
v 0.08737 0.01200 0.04427
v 0.12263 0.01200 0.04427
v -0.01250 0.00000 -0.31225
v 0.01821 0.13727 -0.30227
v -0.01250 0.13727 -0.31225
v 0.01821 0.00000 -0.30227
v 0.01821 0.00000 -0.30227
v 0.03719 0.13727 -0.27615
v 0.01821 0.13727 -0.30227
v 0.03719 0.00000 -0.27615
v 0.03719 0.00000 -0.27615
v 0.03719 0.13727 -0.24385
v 0.03719 0.13727 -0.27615
v 0.03719 0.00000 -0.24385
v 0.03719 0.00000 -0.24385
v 0.01821 0.13727 -0.21773
v 0.03719 0.13727 -0.24385
v 0.01821 0.00000 -0.21773
v 0.01821 0.00000 -0.21773
v -0.01250 0.13727 -0.20775
v 0.01821 0.13727 -0.21773
v -0.01250 0.00000 -0.20775
v -0.01250 0.00000 -0.20775
v -0.04321 0.13727 -0.21773
v -0.01250 0.13727 -0.20775
v -0.04321 0.00000 -0.21773
v -0.04321 0.00000 -0.21773
v -0.06219 0.13727 -0.24385
v -0.04321 0.13727 -0.21773
v -0.06219 0.00000 -0.24385
v -0.06219 0.00000 -0.24385
v -0.06219 0.13727 -0.27615
v -0.06219 0.13727 -0.24385
v -0.06219 0.00000 -0.27615
v 0.03719 0.13727 -0.27615
v -0.01250 0.13727 -0.31225
v 0.01821 0.13727 -0.30227
v -0.06219 0.13727 -0.27615
v -0.04321 0.13727 -0.30227
v 0.01821 0.13727 -0.21773
v 0.03719 0.13727 -0.24385
v -0.04321 0.13727 -0.21773
v -0.01250 0.13727 -0.20775
v -0.06219 0.13727 -0.24385
v -0.06219 0.00000 -0.27615
v -0.04321 0.13727 -0.30227
v -0.06219 0.13727 -0.27615
v -0.04321 0.00000 -0.30227
v -0.04321 0.00000 -0.30227
v -0.01250 0.13727 -0.31225
v -0.04321 0.13727 -0.30227
v -0.01250 0.00000 -0.31225
v -0.04321 0.00000 -0.30227
v 0.01821 0.00000 -0.30227
v -0.01250 0.00000 -0.31225
v 0.03719 0.00000 -0.24385
v 0.03719 0.00000 -0.27615
v -0.06219 0.00000 -0.24385
v -0.06219 0.00000 -0.27615
v -0.01250 0.00000 -0.20775
v -0.04321 0.00000 -0.21773
v 0.01821 0.00000 -0.21773
v 0.24210 0.34200 -0.20110
v 0.24210 0.36600 -0.31890
v 0.24210 0.36600 -0.20110
v 0.24210 0.34200 -0.31890
v 0.24210 0.34200 -0.31890
v 0.35990 0.36600 -0.31890
v 0.24210 0.36600 -0.31890
v 0.35990 0.34200 -0.31890
v 0.35990 0.34200 -0.31890
v 0.35990 0.36600 -0.20110
v 0.35990 0.36600 -0.31890
v 0.35990 0.34200 -0.20110
v 0.35990 0.34200 -0.20110
v 0.24210 0.36600 -0.20110
v 0.35990 0.36600 -0.20110
v 0.24210 0.34200 -0.20110
v 0.24210 0.34200 -0.31890
v 0.35990 0.34200 -0.20110
v 0.35990 0.34200 -0.31890
v 0.24210 0.34200 -0.20110
v 0.35990 0.36600 -0.31890
v 0.24210 0.36600 -0.20110
v 0.24210 0.36600 -0.31890
v 0.35990 0.36600 -0.20110
v 0.12500 0.00000 -0.04000
v 0.12500 0.18356 -0.16000
v 0.12500 0.18356 -0.04000
v 0.12500 0.00000 -0.16000
v 0.12500 0.00000 -0.16000
v 0.27500 0.18356 -0.16000
v 0.12500 0.18356 -0.16000
v 0.27500 0.00000 -0.16000
v 0.27500 0.00000 -0.16000
v 0.27500 0.18356 -0.04000
v 0.27500 0.18356 -0.16000
v 0.27500 0.00000 -0.04000
v 0.27500 0.00000 -0.04000
v 0.12500 0.18356 -0.04000
v 0.27500 0.18356 -0.04000
v 0.12500 0.00000 -0.04000
v 0.12500 0.00000 -0.16000
v 0.27500 0.00000 -0.04000
v 0.27500 0.00000 -0.16000
v 0.12500 0.00000 -0.04000
v 0.27500 0.18356 -0.16000
v 0.12500 0.18356 -0.04000
v 0.12500 0.18356 -0.16000
v 0.27500 0.18356 -0.04000
v 0.17500 0.00000 0.34000
v 0.17500 0.08191 0.24000
v 0.17500 0.08191 0.34000
v 0.17500 0.00000 0.24000
v 0.17500 0.00000 0.24000
v 0.32500 0.08191 0.24000
v 0.17500 0.08191 0.24000
v 0.32500 0.00000 0.24000
v 0.32500 0.00000 0.24000
v 0.32500 0.08191 0.34000
v 0.32500 0.08191 0.24000
v 0.32500 0.00000 0.34000
v 0.32500 0.00000 0.34000
v 0.17500 0.08191 0.34000
v 0.32500 0.08191 0.34000
v 0.17500 0.00000 0.34000
v 0.17500 0.00000 0.24000
v 0.32500 0.00000 0.34000
v 0.32500 0.00000 0.24000
v 0.17500 0.00000 0.34000
v 0.32500 0.08191 0.24000
v 0.17500 0.08191 0.34000
v 0.17500 0.08191 0.24000
v 0.32500 0.08191 0.34000
v 0.32371 0.00000 0.12400
v 0.32371 0.17670 0.00000
v 0.32371 0.17670 0.12400
v 0.32371 0.00000 0.00000
v 0.32371 0.00000 0.00000
v 0.44500 0.17670 0.00000
v 0.32371 0.17670 0.00000
v 0.44500 0.00000 0.00000
v 0.44500 0.00000 0.00000
v 0.44500 0.17670 0.12400
v 0.44500 0.17670 0.00000
v 0.44500 0.00000 0.12400
v 0.44500 0.00000 0.12400
v 0.32371 0.17670 0.12400
v 0.44500 0.17670 0.12400
v 0.32371 0.00000 0.12400
v 0.32371 0.00000 0.00000
v 0.44500 0.00000 0.12400
v 0.44500 0.00000 0.00000
v 0.32371 0.00000 0.12400
v 0.44500 0.17670 0.00000
v 0.32371 0.17670 0.12400
v 0.32371 0.17670 0.00000
v 0.44500 0.17670 0.12400
vn 0.0000 0.0000 -1.0000
vn 0.0000 0.0000 -1.0000
vn 0.0000 0.0000 -1.0000
vn 0.0000 0.0000 -1.0000
vn -1.0000 0.0000 -0.0000
vn -1.0000 0.0000 -0.0000
vn -1.0000 0.0000 -0.0000
vn -1.0000 0.0000 -0.0000
vn 0.0000 1.0000 -0.0000
vn 0.0000 1.0000 -0.0000
vn 0.0000 1.0000 -0.0000
vn 0.0000 1.0000 -0.0000
vn 1.0000 0.0000 -0.0000
vn 1.0000 0.0000 -0.0000
vn 1.0000 0.0000 -0.0000
vn 1.0000 0.0000 -0.0000
vn -0.0000 -0.0000 1.0000
vn -0.0000 -0.0000 1.0000
vn -0.0000 -0.0000 1.0000
vn -0.0000 -0.0000 1.0000
vn 0.5773 -0.5774 -0.5774
vn 0.5773 -0.5774 -0.5774
vn 0.5773 -0.5774 -0.5774
vn 0.5773 0.5774 -0.5773
vn 0.5773 0.5774 -0.5773
vn 0.5773 0.5774 -0.5773
vn 0.5773 -0.5775 0.5773
vn 0.5773 -0.5775 0.5773
vn 0.5773 -0.5775 0.5773
vn 0.5772 0.5774 0.5775
vn 0.5772 0.5774 0.5775
vn 0.5772 0.5774 0.5775
vn -0.5773 -0.5774 -0.5774
vn -0.5773 -0.5774 -0.5774
vn -0.5773 -0.5774 -0.5774
vn -0.5773 0.5774 -0.5774
vn -0.5773 0.5774 -0.5774
vn -0.5773 0.5774 -0.5774
vn -0.5773 -0.5774 0.5774
vn -0.5773 -0.5774 0.5774
vn -0.5773 -0.5774 0.5774
vn -0.5773 0.5774 0.5774
vn -0.5773 0.5774 0.5774
vn -0.5773 0.5774 0.5774
vn 0.7071 -0.7071 -0.0000
vn 0.7071 -0.7071 -0.0000
vn 0.7071 -0.7071 -0.0000
vn 0.7071 -0.7071 -0.0000
vn 0.7071 0.0000 -0.7071
vn 0.7071 0.0000 -0.7071
vn 0.7071 0.0000 -0.7071
vn 0.7071 0.0000 -0.7071
vn 0.7071 0.7071 0.0000
vn 0.7071 0.7071 0.0000
vn 0.7071 0.7071 0.0000
vn 0.7071 0.7071 0.0000
vn 0.7071 -0.0000 0.7071
vn 0.7071 -0.0000 0.7071
vn 0.7071 -0.0000 0.7071
vn 0.7071 -0.0000 0.7071
vn -0.0000 -0.7071 0.7071
vn -0.0000 -0.7071 0.7071
vn -0.0000 -0.7071 0.7071
vn -0.0000 -0.7071 0.7071
vn -0.0000 0.7071 0.7071
vn -0.0000 0.7071 0.7071
vn -0.0000 0.7071 0.7071
vn -0.0000 0.7071 0.7071
vn -0.7071 -0.0000 0.7071
vn -0.7071 -0.0000 0.7071
vn -0.7071 -0.0000 0.7071
vn -0.7071 -0.0000 0.7071
vn -0.7071 -0.7071 -0.0001
vn -0.7071 -0.7071 -0.0001
vn -0.7071 -0.7071 -0.0001
vn -0.7071 -0.7071 -0.0001
vn -0.7071 0.7071 -0.0000
vn -0.7071 0.7071 -0.0000
vn -0.7071 0.7071 -0.0000
vn -0.7071 0.7071 -0.0000
vn -0.7071 0.0000 -0.7071
vn -0.7071 0.0000 -0.7071
vn -0.7071 0.0000 -0.7071
vn -0.7071 0.0000 -0.7071
vn 0.0000 -0.7071 -0.7071
vn 0.0000 -0.7071 -0.7071
vn 0.0000 -0.7071 -0.7071
vn 0.0000 -0.7071 -0.7071
vn 0.0000 0.7071 -0.7071
vn 0.0000 0.7071 -0.7071
vn 0.0000 0.7071 -0.7071
vn 0.0000 0.7071 -0.7071
vn 0.0000 -1.0000 -0.0000
vn 0.0000 -1.0000 -0.0000
vn 0.0000 -1.0000 -0.0000
vn 0.0000 -1.0000 -0.0000
vn 1.0000 0.0000 -0.0000
vn 1.0000 0.0000 -0.0000
vn 1.0000 0.0000 -0.0000
vn 1.0000 0.0000 -0.0000
vn -0.0000 0.7214 0.6925
vn -0.0000 0.7214 0.6925
vn -0.0000 0.7214 0.6925
vn -0.0000 0.7214 0.6925
vn -1.0000 0.0000 -0.0000
vn -1.0000 0.0000 -0.0000
vn -1.0000 0.0000 -0.0000
vn -1.0000 0.0000 -0.0000
vn 0.0000 0.7214 -0.6925
vn 0.0000 0.7214 -0.6925
vn 0.0000 0.7214 -0.6925
vn 0.0000 0.7214 -0.6925
vn 0.0000 -1.0000 -0.0000
vn 0.0000 -1.0000 -0.0000
vn 0.0000 -1.0000 -0.0000
vn 0.0000 -1.0000 -0.0000
vn 0.0000 1.0000 -0.0000
vn 0.0000 1.0000 -0.0000
vn 0.0000 1.0000 -0.0000
vn 0.0000 1.0000 -0.0000
vn 0.7623 0.0000 -0.6472
vn 0.7623 0.0000 -0.6472
vn 0.7623 0.0000 -0.6472
vn 0.7623 0.0000 -0.6472
vn -0.6472 0.0000 -0.7623
vn -0.6472 0.0000 -0.7623
vn -0.6472 0.0000 -0.7623
vn -0.6472 0.0000 -0.7623
vn 0.0000 1.0000 -0.0000
vn 0.0000 1.0000 -0.0000
vn 0.0000 1.0000 -0.0000
vn 0.0000 1.0000 -0.0000
vn 0.6472 -0.0000 0.7623
vn 0.6472 -0.0000 0.7623
vn 0.6472 -0.0000 0.7623
vn 0.6472 -0.0000 0.7623
vn -0.7624 -0.0000 0.6472
vn -0.7624 -0.0000 0.6472
vn -0.7624 -0.0000 0.6472
vn -0.7624 -0.0000 0.6472
vn 0.8138 -0.5774 0.0664
vn 0.8138 -0.5774 0.0664
vn 0.8138 -0.5774 0.0664
vn 0.8138 0.5774 0.0664
vn 0.8138 0.5774 0.0664
vn 0.8138 0.5774 0.0664
vn -0.0664 -0.5774 0.8138
vn -0.0664 -0.5774 0.8138
vn -0.0664 -0.5774 0.8138
vn -0.0664 0.5774 0.8138
vn -0.0664 0.5774 0.8138
vn -0.0664 0.5774 0.8138
vn 0.0664 -0.5774 -0.8138
vn 0.0664 -0.5774 -0.8138
vn 0.0664 -0.5774 -0.8138
vn 0.0664 0.5774 -0.8137
vn 0.0664 0.5774 -0.8137
vn 0.0664 0.5774 -0.8137
vn -0.8138 -0.5774 -0.0664
vn -0.8138 -0.5774 -0.0664
vn -0.8138 -0.5774 -0.0664
vn -0.8138 0.5774 -0.0664
vn -0.8138 0.5774 -0.0664
vn -0.8138 0.5774 -0.0664
vn 0.4576 -0.7071 0.5390
vn 0.4576 -0.7071 0.5390
vn 0.4576 -0.7071 0.5390
vn 0.4576 -0.7071 0.5390
vn 0.9967 -0.0000 0.0814
vn 0.9967 -0.0000 0.0814
vn 0.9967 -0.0000 0.0814
vn 0.9967 -0.0000 0.0814
vn 0.4576 0.7071 0.5391
vn 0.4576 0.7071 0.5391
vn 0.4576 0.7071 0.5391
vn 0.4576 0.7071 0.5391
vn -0.0814 -0.0000 0.9967
vn -0.0814 -0.0000 0.9967
vn -0.0814 -0.0000 0.9967
vn -0.0814 -0.0000 0.9967
vn -0.5390 -0.7071 0.4576
vn -0.5390 -0.7071 0.4576
vn -0.5390 -0.7071 0.4576
vn -0.5390 -0.7071 0.4576
vn -0.5390 0.7071 0.4577
vn -0.5390 0.7071 0.4577
vn -0.5390 0.7071 0.4577
vn -0.5390 0.7071 0.4577
vn -0.9967 0.0000 -0.0814
vn -0.9967 0.0000 -0.0814
vn -0.9967 0.0000 -0.0814
vn -0.9967 0.0000 -0.0814
vn -0.4577 -0.7071 -0.5391
vn -0.4577 -0.7071 -0.5391
vn -0.4577 -0.7071 -0.5391
vn -0.4577 -0.7071 -0.5391
vn -0.4577 0.7071 -0.5390
vn -0.4577 0.7071 -0.5390
vn -0.4577 0.7071 -0.5390
vn -0.4577 0.7071 -0.5390
vn 0.0814 0.0000 -0.9967
vn 0.0814 0.0000 -0.9967
vn 0.0814 0.0000 -0.9967
vn 0.0814 0.0000 -0.9967
vn 0.5390 -0.7071 -0.4577
vn 0.5390 -0.7071 -0.4577
vn 0.5390 -0.7071 -0.4577
vn 0.5390 -0.7071 -0.4577
vn 0.5390 0.7071 -0.4576
vn 0.5390 0.7071 -0.4576
vn 0.5390 0.7071 -0.4576
vn 0.5390 0.7071 -0.4576
vn 0.0000 -1.0000 -0.0000
vn 0.0000 -1.0000 -0.0000
vn 0.0000 -1.0000 -0.0000
vn 0.0000 -1.0000 -0.0000
vn 0.6472 -0.0000 0.7623
vn 0.6472 -0.0000 0.7623
vn 0.6472 -0.0000 0.7623
vn 0.6472 -0.0000 0.7623
vn -0.5279 0.7214 0.4482
vn -0.5279 0.7214 0.4482
vn -0.5279 0.7214 0.4482
vn -0.5279 0.7214 0.4482
vn -0.6472 0.0000 -0.7623
vn -0.6472 0.0000 -0.7623
vn -0.6472 0.0000 -0.7623
vn -0.6472 0.0000 -0.7623
vn 0.5279 0.7214 -0.4481
vn 0.5279 0.7214 -0.4481
vn 0.5279 0.7214 -0.4481
vn 0.5279 0.7214 -0.4481
vn 0.0000 -1.0000 -0.0000
vn 0.0000 -1.0000 -0.0000
vn 0.0000 -1.0000 -0.0000
vn 0.0000 -1.0000 -0.0000
vn 0.0000 1.0000 -0.0000
vn 0.0000 1.0000 -0.0000
vn 0.0000 1.0000 -0.0000
vn 0.0000 1.0000 -0.0000
vn -0.7623 0.0000 -0.6472
vn -0.7623 0.0000 -0.6472
vn -0.7623 0.0000 -0.6472
vn -0.7623 0.0000 -0.6472
vn -0.6473 -0.0000 0.7623
vn -0.6473 -0.0000 0.7623
vn -0.6473 -0.0000 0.7623
vn -0.6473 -0.0000 0.7623
vn 0.0000 1.0000 -0.0000
vn 0.0000 1.0000 -0.0000
vn 0.0000 1.0000 -0.0000
vn 0.0000 1.0000 -0.0000
vn 0.6472 0.0000 -0.7623
vn 0.6472 0.0000 -0.7623
vn 0.6472 0.0000 -0.7623
vn 0.6472 0.0000 -0.7623
vn 0.7623 -0.0000 0.6472
vn 0.7623 -0.0000 0.6472
vn 0.7623 -0.0000 0.6472
vn 0.7623 -0.0000 0.6472
vn -0.0664 -0.5774 -0.8138
vn -0.0664 -0.5774 -0.8138
vn -0.0664 -0.5774 -0.8138
vn -0.0664 0.5774 -0.8138
vn -0.0664 0.5774 -0.8138
vn -0.0664 0.5774 -0.8138
vn 0.8137 -0.5774 -0.0664
vn 0.8137 -0.5774 -0.0664
vn 0.8137 -0.5774 -0.0664
vn 0.8138 0.5774 -0.0663
vn 0.8138 0.5774 -0.0663
vn 0.8138 0.5774 -0.0663
vn -0.8138 -0.5774 0.0663
vn -0.8138 -0.5774 0.0663
vn -0.8138 -0.5774 0.0663
vn -0.8138 0.5773 0.0664
vn -0.8138 0.5773 0.0664
vn -0.8138 0.5773 0.0664
vn 0.0664 -0.5773 0.8138
vn 0.0664 -0.5773 0.8138
vn 0.0664 -0.5773 0.8138
vn 0.0664 0.5773 0.8138
vn 0.0664 0.5773 0.8138
vn 0.0664 0.5773 0.8138
vn 0.4577 -0.7071 -0.5390
vn 0.4577 -0.7071 -0.5390
vn 0.4577 -0.7071 -0.5390
vn 0.4577 -0.7071 -0.5390
vn -0.0814 0.0000 -0.9967
vn -0.0814 0.0000 -0.9967
vn -0.0814 0.0000 -0.9967
vn -0.0814 0.0000 -0.9967
vn 0.4577 0.7071 -0.5390
vn 0.4577 0.7071 -0.5390
vn 0.4577 0.7071 -0.5390
vn 0.4577 0.7071 -0.5390
vn 0.9967 0.0000 -0.0814
vn 0.9967 0.0000 -0.0814
vn 0.9967 0.0000 -0.0814
vn 0.9967 0.0000 -0.0814
vn 0.5390 -0.7071 0.4577
vn 0.5390 -0.7071 0.4577
vn 0.5390 -0.7071 0.4577
vn 0.5390 -0.7071 0.4577
vn 0.5390 0.7071 0.4578
vn 0.5390 0.7071 0.4578
vn 0.5390 0.7071 0.4578
vn 0.5390 0.7071 0.4578
vn 0.0814 -0.0000 0.9967
vn 0.0814 -0.0000 0.9967
vn 0.0814 -0.0000 0.9967
vn 0.0814 -0.0000 0.9967
vn -0.4577 -0.7071 0.5390
vn -0.4577 -0.7071 0.5390
vn -0.4577 -0.7071 0.5390
vn -0.4577 -0.7071 0.5390
vn -0.4577 0.7071 0.5390
vn -0.4577 0.7071 0.5390
vn -0.4577 0.7071 0.5390
vn -0.4577 0.7071 0.5390
vn -0.9967 -0.0000 0.0814
vn -0.9967 -0.0000 0.0814
vn -0.9967 -0.0000 0.0814
vn -0.9967 -0.0000 0.0814
vn -0.5390 -0.7071 -0.4578
vn -0.5390 -0.7071 -0.4578
vn -0.5390 -0.7071 -0.4578
vn -0.5390 -0.7071 -0.4578
vn -0.5391 0.7071 -0.4577
vn -0.5391 0.7071 -0.4577
vn -0.5391 0.7071 -0.4577
vn -0.5391 0.7071 -0.4577
vn 0.0000 -1.0000 -0.0000
vn 0.0000 -1.0000 -0.0000
vn 0.0000 -1.0000 -0.0000
vn 0.0000 -1.0000 -0.0000
vn 0.6472 0.0000 -0.7623
vn 0.6472 0.0000 -0.7623
vn 0.6472 0.0000 -0.7623
vn 0.6472 0.0000 -0.7623
vn 0.5279 0.7214 0.4483
vn 0.5279 0.7214 0.4483
vn 0.5279 0.7214 0.4483
vn 0.5279 0.7214 0.4483
vn -0.6473 -0.0000 0.7623
vn -0.6473 -0.0000 0.7623
vn -0.6473 -0.0000 0.7623
vn -0.6473 -0.0000 0.7623
vn -0.5279 0.7214 -0.4482
vn -0.5279 0.7214 -0.4482
vn -0.5279 0.7214 -0.4482
vn -0.5279 0.7214 -0.4482
vn 0.0000 -1.0000 -0.0000
vn 0.0000 -1.0000 -0.0000
vn 0.0000 -1.0000 -0.0000
vn 0.0000 -1.0000 -0.0000
vn 0.0000 1.0000 -0.0000
vn 0.0000 1.0000 -0.0000
vn 0.0000 1.0000 -0.0000
vn 0.0000 1.0000 -0.0000
vn -0.7624 -0.0000 0.6472
vn -0.7624 -0.0000 0.6472
vn -0.7624 -0.0000 0.6472
vn -0.7624 -0.0000 0.6472
vn 0.6472 -0.0000 0.7623
vn 0.6472 -0.0000 0.7623
vn 0.6472 -0.0000 0.7623
vn 0.6472 -0.0000 0.7623
vn 0.0000 1.0000 -0.0000
vn 0.0000 1.0000 -0.0000
vn 0.0000 1.0000 -0.0000
vn 0.0000 1.0000 -0.0000
vn -0.6472 0.0000 -0.7623
vn -0.6472 0.0000 -0.7623
vn -0.6472 0.0000 -0.7623
vn -0.6472 0.0000 -0.7623
vn 0.7623 0.0000 -0.6472
vn 0.7623 0.0000 -0.6472
vn 0.7623 0.0000 -0.6472
vn 0.7623 0.0000 -0.6472
vn -0.8138 -0.5773 -0.0665
vn -0.8138 -0.5773 -0.0665
vn -0.8138 -0.5773 -0.0665
vn -0.8138 0.5773 -0.0664
vn -0.8138 0.5773 -0.0664
vn -0.8138 0.5773 -0.0664
vn 0.0664 -0.5774 -0.8138
vn 0.0664 -0.5774 -0.8138
vn 0.0664 -0.5774 -0.8138
vn 0.0664 0.5774 -0.8137
vn 0.0664 0.5774 -0.8137
vn 0.0664 0.5774 -0.8137
vn -0.0664 -0.5774 0.8137
vn -0.0664 -0.5774 0.8137
vn -0.0664 -0.5774 0.8137
vn -0.0664 0.5774 0.8138
vn -0.0664 0.5774 0.8138
vn -0.0664 0.5774 0.8138
vn 0.8138 -0.5773 0.0664
vn 0.8138 -0.5773 0.0664
vn 0.8138 -0.5773 0.0664
vn 0.8138 0.5773 0.0664
vn 0.8138 0.5773 0.0664
vn 0.8138 0.5773 0.0664
vn -0.4577 -0.7071 -0.5391
vn -0.4577 -0.7071 -0.5391
vn -0.4577 -0.7071 -0.5391
vn -0.4577 -0.7071 -0.5391
vn -0.9967 0.0000 -0.0814
vn -0.9967 0.0000 -0.0814
vn -0.9967 0.0000 -0.0814
vn -0.9967 0.0000 -0.0814
vn -0.4577 0.7071 -0.5390
vn -0.4577 0.7071 -0.5390
vn -0.4577 0.7071 -0.5390
vn -0.4577 0.7071 -0.5390
vn 0.0814 0.0000 -0.9967
vn 0.0814 0.0000 -0.9967
vn 0.0814 0.0000 -0.9967
vn 0.0814 0.0000 -0.9967
vn 0.5390 -0.7071 -0.4577
vn 0.5390 -0.7071 -0.4577
vn 0.5390 -0.7071 -0.4577
vn 0.5390 -0.7071 -0.4577
vn 0.5390 0.7071 -0.4576
vn 0.5390 0.7071 -0.4576
vn 0.5390 0.7071 -0.4576
vn 0.5390 0.7071 -0.4576
vn 0.9967 -0.0000 0.0814
vn 0.9967 -0.0000 0.0814
vn 0.9967 -0.0000 0.0814
vn 0.9967 -0.0000 0.0814
vn 0.4576 -0.7071 0.5390
vn 0.4576 -0.7071 0.5390
vn 0.4576 -0.7071 0.5390
vn 0.4576 -0.7071 0.5390
vn 0.4576 0.7071 0.5391
vn 0.4576 0.7071 0.5391
vn 0.4576 0.7071 0.5391
vn 0.4576 0.7071 0.5391
vn -0.0814 -0.0000 0.9967
vn -0.0814 -0.0000 0.9967
vn -0.0814 -0.0000 0.9967
vn -0.0814 -0.0000 0.9967
vn -0.5390 -0.7071 0.4576
vn -0.5390 -0.7071 0.4576
vn -0.5390 -0.7071 0.4576
vn -0.5390 -0.7071 0.4576
vn -0.5390 0.7071 0.4577
vn -0.5390 0.7071 0.4577
vn -0.5390 0.7071 0.4577
vn -0.5390 0.7071 0.4577
vn 0.0000 -1.0000 -0.0000
vn 0.0000 -1.0000 -0.0000
vn 0.0000 -1.0000 -0.0000
vn 0.0000 -1.0000 -0.0000
vn -0.6472 0.0000 -0.7623
vn -0.6472 0.0000 -0.7623
vn -0.6472 0.0000 -0.7623
vn -0.6472 0.0000 -0.7623
vn 0.5279 0.7214 -0.4481
vn 0.5279 0.7214 -0.4481
vn 0.5279 0.7214 -0.4481
vn 0.5279 0.7214 -0.4481
vn 0.6472 -0.0000 0.7623
vn 0.6472 -0.0000 0.7623
vn 0.6472 -0.0000 0.7623
vn 0.6472 -0.0000 0.7623
vn -0.5279 0.7214 0.4482
vn -0.5279 0.7214 0.4482
vn -0.5279 0.7214 0.4482
vn -0.5279 0.7214 0.4482
vn 0.0000 -1.0000 -0.0000
vn 0.0000 -1.0000 -0.0000
vn 0.0000 -1.0000 -0.0000
vn 0.0000 -1.0000 -0.0000
vn 0.0000 1.0000 -0.0000
vn 0.0000 1.0000 -0.0000
vn 0.0000 1.0000 -0.0000
vn 0.0000 1.0000 -0.0000
vn 0.7623 -0.0000 0.6472
vn 0.7623 -0.0000 0.6472
vn 0.7623 -0.0000 0.6472
vn 0.7623 -0.0000 0.6472
vn 0.6472 0.0000 -0.7623
vn 0.6472 0.0000 -0.7623
vn 0.6472 0.0000 -0.7623
vn 0.6472 0.0000 -0.7623
vn 0.0000 1.0000 -0.0000
vn 0.0000 1.0000 -0.0000
vn 0.0000 1.0000 -0.0000
vn 0.0000 1.0000 -0.0000
vn -0.6473 -0.0000 0.7623
vn -0.6473 -0.0000 0.7623
vn -0.6473 -0.0000 0.7623
vn -0.6473 -0.0000 0.7623
vn -0.7623 0.0000 -0.6472
vn -0.7623 0.0000 -0.6472
vn -0.7623 0.0000 -0.6472
vn -0.7623 0.0000 -0.6472
vn 0.0664 -0.5774 0.8138
vn 0.0664 -0.5774 0.8138
vn 0.0664 -0.5774 0.8138
vn 0.0664 0.5773 0.8138
vn 0.0664 0.5773 0.8138
vn 0.0664 0.5773 0.8138
vn -0.8138 -0.5773 0.0663
vn -0.8138 -0.5773 0.0663
vn -0.8138 -0.5773 0.0663
vn -0.8138 0.5773 0.0664
vn -0.8138 0.5773 0.0664
vn -0.8138 0.5773 0.0664
vn 0.8138 -0.5773 -0.0664
vn 0.8138 -0.5773 -0.0664
vn 0.8138 -0.5773 -0.0664
vn 0.8138 0.5773 -0.0664
vn 0.8138 0.5773 -0.0664
vn 0.8138 0.5773 -0.0664
vn -0.0664 -0.5774 -0.8138
vn -0.0664 -0.5774 -0.8138
vn -0.0664 -0.5774 -0.8138
vn -0.0664 0.5774 -0.8138
vn -0.0664 0.5774 -0.8138
vn -0.0664 0.5774 -0.8138
vn -0.4577 -0.7071 0.5390
vn -0.4577 -0.7071 0.5390
vn -0.4577 -0.7071 0.5390
vn -0.4577 -0.7071 0.5390
vn 0.0814 -0.0000 0.9967
vn 0.0814 -0.0000 0.9967
vn 0.0814 -0.0000 0.9967
vn 0.0814 -0.0000 0.9967
vn -0.4577 0.7071 0.5390
vn -0.4577 0.7071 0.5390
vn -0.4577 0.7071 0.5390
vn -0.4577 0.7071 0.5390
vn -0.9967 -0.0000 0.0814
vn -0.9967 -0.0000 0.0814
vn -0.9967 -0.0000 0.0814
vn -0.9967 -0.0000 0.0814
vn -0.5390 -0.7071 -0.4578
vn -0.5390 -0.7071 -0.4578
vn -0.5390 -0.7071 -0.4578
vn -0.5390 -0.7071 -0.4578
vn -0.5391 0.7071 -0.4577
vn -0.5391 0.7071 -0.4577
vn -0.5391 0.7071 -0.4577
vn -0.5391 0.7071 -0.4577
vn -0.0814 0.0000 -0.9967
vn -0.0814 0.0000 -0.9967
vn -0.0814 0.0000 -0.9967
vn -0.0814 0.0000 -0.9967
vn 0.4577 -0.7071 -0.5390
vn 0.4577 -0.7071 -0.5390
vn 0.4577 -0.7071 -0.5390
vn 0.4577 -0.7071 -0.5390
vn 0.4577 0.7071 -0.5390
vn 0.4577 0.7071 -0.5390
vn 0.4577 0.7071 -0.5390
vn 0.4577 0.7071 -0.5390
vn 0.9967 0.0000 -0.0814
vn 0.9967 0.0000 -0.0814
vn 0.9967 0.0000 -0.0814
vn 0.9967 0.0000 -0.0814
vn 0.5390 -0.7071 0.4577
vn 0.5390 -0.7071 0.4577
vn 0.5390 -0.7071 0.4577
vn 0.5390 -0.7071 0.4577
vn 0.5390 0.7071 0.4578
vn 0.5390 0.7071 0.4578
vn 0.5390 0.7071 0.4578
vn 0.5390 0.7071 0.4578
vn 0.0000 -1.0000 -0.0000
vn 0.0000 -1.0000 -0.0000
vn 0.0000 -1.0000 -0.0000
vn 0.0000 -1.0000 -0.0000
vn -0.6473 -0.0000 0.7623
vn -0.6473 -0.0000 0.7623
vn -0.6473 -0.0000 0.7623
vn -0.6473 -0.0000 0.7623
vn -0.5279 0.7214 -0.4482
vn -0.5279 0.7214 -0.4482
vn -0.5279 0.7214 -0.4482
vn -0.5279 0.7214 -0.4482
vn 0.6472 0.0000 -0.7623
vn 0.6472 0.0000 -0.7623
vn 0.6472 0.0000 -0.7623
vn 0.6472 0.0000 -0.7623
vn 0.5279 0.7214 0.4483
vn 0.5279 0.7214 0.4483
vn 0.5279 0.7214 0.4483
vn 0.5279 0.7214 0.4483
vn 0.0000 -1.0000 -0.0000
vn 0.0000 -1.0000 -0.0000
vn 0.0000 -1.0000 -0.0000
vn 0.0000 -1.0000 -0.0000
vn 0.0000 1.0000 -0.0000
vn 0.0000 1.0000 -0.0000
vn 0.0000 1.0000 -0.0000
vn 0.0000 1.0000 -0.0000
vn -0.0000 -0.0000 1.0000
vn -0.0000 -0.0000 1.0000
vn -0.0000 -0.0000 1.0000
vn -0.0000 -0.0000 1.0000
vn 1.0000 0.0000 -0.0000
vn 1.0000 0.0000 -0.0000
vn 1.0000 0.0000 -0.0000
vn 1.0000 0.0000 -0.0000
vn 0.0000 1.0000 -0.0000
vn 0.0000 1.0000 -0.0000
vn 0.0000 1.0000 -0.0000
vn 0.0000 1.0000 -0.0000
vn -1.0000 0.0000 -0.0000
vn -1.0000 0.0000 -0.0000
vn -1.0000 0.0000 -0.0000
vn -1.0000 0.0000 -0.0000
vn 0.0000 0.0000 -1.0000
vn 0.0000 0.0000 -1.0000
vn 0.0000 0.0000 -1.0000
vn 0.0000 0.0000 -1.0000
vn -0.5774 -0.5774 0.5774
vn -0.5774 -0.5774 0.5774
vn -0.5774 -0.5774 0.5774
vn -0.5774 0.5772 0.5774
vn -0.5774 0.5772 0.5774
vn -0.5774 0.5772 0.5774
vn -0.5774 -0.5773 -0.5774
vn -0.5774 -0.5773 -0.5774
vn -0.5774 -0.5773 -0.5774
vn -0.5774 0.5773 -0.5774
vn -0.5774 0.5773 -0.5774
vn -0.5774 0.5773 -0.5774
vn 0.5774 -0.5773 0.5774
vn 0.5774 -0.5773 0.5774
vn 0.5774 -0.5773 0.5774
vn 0.5774 0.5772 0.5775
vn 0.5774 0.5772 0.5775
vn 0.5774 0.5772 0.5775
vn 0.5774 -0.5773 -0.5774
vn 0.5774 -0.5773 -0.5774
vn 0.5774 -0.5773 -0.5774
vn 0.5774 0.5773 -0.5773
vn 0.5774 0.5773 -0.5773
vn 0.5774 0.5773 -0.5773
vn -0.7071 -0.7071 -0.0001
vn -0.7071 -0.7071 -0.0001
vn -0.7071 -0.7071 -0.0001
vn -0.7071 -0.7071 -0.0001
vn -0.7071 -0.0000 0.7071
vn -0.7071 -0.0000 0.7071
vn -0.7071 -0.0000 0.7071
vn -0.7071 -0.0000 0.7071
vn -0.7071 0.7071 -0.0000
vn -0.7071 0.7071 -0.0000
vn -0.7071 0.7071 -0.0000
vn -0.7071 0.7071 -0.0000
vn -0.7071 0.0000 -0.7071
vn -0.7071 0.0000 -0.7071
vn -0.7071 0.0000 -0.7071
vn -0.7071 0.0000 -0.7071
vn 0.0000 -0.7071 -0.7071
vn 0.0000 -0.7071 -0.7071
vn 0.0000 -0.7071 -0.7071
vn 0.0000 -0.7071 -0.7071
vn 0.0000 0.7071 -0.7071
vn 0.0000 0.7071 -0.7071
vn 0.0000 0.7071 -0.7071
vn 0.0000 0.7071 -0.7071
vn 0.7071 0.0000 -0.7071
vn 0.7071 0.0000 -0.7071
vn 0.7071 0.0000 -0.7071
vn 0.7071 0.0000 -0.7071
vn 0.7071 -0.7071 -0.0000
vn 0.7071 -0.7071 -0.0000
vn 0.7071 -0.7071 -0.0000
vn 0.7071 -0.7071 -0.0000
vn 0.7071 0.7071 0.0000
vn 0.7071 0.7071 0.0000
vn 0.7071 0.7071 0.0000
vn 0.7071 0.7071 0.0000
vn 0.7071 -0.0000 0.7071
vn 0.7071 -0.0000 0.7071
vn 0.7071 -0.0000 0.7071
vn 0.7071 -0.0000 0.7071
vn -0.0000 -0.7071 0.7071
vn -0.0000 -0.7071 0.7071
vn -0.0000 -0.7071 0.7071
vn -0.0000 -0.7071 0.7071
vn -0.0000 0.7071 0.7071
vn -0.0000 0.7071 0.7071
vn -0.0000 0.7071 0.7071
vn -0.0000 0.7071 0.7071
vn 0.0000 -1.0000 -0.0000
vn 0.0000 -1.0000 -0.0000
vn 0.0000 -1.0000 -0.0000
vn 0.0000 -1.0000 -0.0000
vn -0.0000 -0.0000 1.0000
vn -0.0000 -0.0000 1.0000
vn -0.0000 -0.0000 1.0000
vn -0.0000 -0.0000 1.0000
vn 1.0000 0.0000 -0.0000
vn 1.0000 0.0000 -0.0000
vn 1.0000 0.0000 -0.0000
vn 1.0000 0.0000 -0.0000
vn 0.0000 1.0000 -0.0000
vn 0.0000 1.0000 -0.0000
vn 0.0000 1.0000 -0.0000
vn 0.0000 1.0000 -0.0000
vn -1.0000 0.0000 -0.0000
vn -1.0000 0.0000 -0.0000
vn -1.0000 0.0000 -0.0000
vn -1.0000 0.0000 -0.0000
vn 0.0000 0.0000 -1.0000
vn 0.0000 0.0000 -1.0000
vn 0.0000 0.0000 -1.0000
vn 0.0000 0.0000 -1.0000
vn -0.5774 -0.5773 0.5774
vn -0.5774 -0.5773 0.5774
vn -0.5774 -0.5773 0.5774
vn -0.5774 0.5772 0.5774
vn -0.5774 0.5772 0.5774
vn -0.5774 0.5772 0.5774
vn -0.5774 -0.5773 -0.5774
vn -0.5774 -0.5773 -0.5774
vn -0.5774 -0.5773 -0.5774
vn -0.5774 0.5773 -0.5774
vn -0.5774 0.5773 -0.5774
vn -0.5774 0.5773 -0.5774
vn 0.5774 -0.5773 0.5774
vn 0.5774 -0.5773 0.5774
vn 0.5774 -0.5773 0.5774
vn 0.5774 0.5772 0.5775
vn 0.5774 0.5772 0.5775
vn 0.5774 0.5772 0.5775
vn 0.5773 -0.5773 -0.5775
vn 0.5773 -0.5773 -0.5775
vn 0.5773 -0.5773 -0.5775
vn 0.5774 0.5773 -0.5773
vn 0.5774 0.5773 -0.5773
vn 0.5774 0.5773 -0.5773
vn -0.7071 -0.7071 -0.0001
vn -0.7071 -0.7071 -0.0001
vn -0.7071 -0.7071 -0.0001
vn -0.7071 -0.7071 -0.0001
vn -0.7071 -0.0000 0.7071
vn -0.7071 -0.0000 0.7071
vn -0.7071 -0.0000 0.7071
vn -0.7071 -0.0000 0.7071
vn -0.7071 0.7071 -0.0000
vn -0.7071 0.7071 -0.0000
vn -0.7071 0.7071 -0.0000
vn -0.7071 0.7071 -0.0000
vn -0.7071 0.0000 -0.7071
vn -0.7071 0.0000 -0.7071
vn -0.7071 0.0000 -0.7071
vn -0.7071 0.0000 -0.7071
vn 0.0000 -0.7071 -0.7071
vn 0.0000 -0.7071 -0.7071
vn 0.0000 -0.7071 -0.7071
vn 0.0000 -0.7071 -0.7071
vn 0.0000 0.7071 -0.7071
vn 0.0000 0.7071 -0.7071
vn 0.0000 0.7071 -0.7071
vn 0.0000 0.7071 -0.7071
vn 0.7071 0.0000 -0.7071
vn 0.7071 0.0000 -0.7071
vn 0.7071 0.0000 -0.7071
vn 0.7071 0.0000 -0.7071
vn 0.7071 -0.7071 -0.0000
vn 0.7071 -0.7071 -0.0000
vn 0.7071 -0.7071 -0.0000
vn 0.7071 -0.7071 -0.0000
vn 0.7071 0.7071 0.0000
vn 0.7071 0.7071 0.0000
vn 0.7071 0.7071 0.0000
vn 0.7071 0.7071 0.0000
vn 0.7071 -0.0000 0.7071
vn 0.7071 -0.0000 0.7071
vn 0.7071 -0.0000 0.7071
vn 0.7071 -0.0000 0.7071
vn -0.0000 -0.7071 0.7071
vn -0.0000 -0.7071 0.7071
vn -0.0000 -0.7071 0.7071
vn -0.0000 -0.7071 0.7071
vn -0.0000 0.7071 0.7071
vn -0.0000 0.7071 0.7071
vn -0.0000 0.7071 0.7071
vn -0.0000 0.7071 0.7071
vn 0.0000 -1.0000 -0.0000
vn 0.0000 -1.0000 -0.0000
vn 0.0000 -1.0000 -0.0000
vn 0.0000 -1.0000 -0.0000
vn -0.5000 0.0000 -0.8660
vn 0.5000 0.0000 -0.8660
vn -0.5000 0.0000 -0.8660
vn -0.8660 0.0000 -0.5000
vn 0.5000 0.0000 -0.8660
vn -0.8660 0.0000 -0.5000
vn 0.8660 0.0000 -0.5000
vn -0.9659 0.0000 -0.2588
vn 0.8660 0.0000 -0.5000
vn -0.9659 0.0000 -0.2588
vn 0.9659 0.0000 -0.2588
vn -0.8661 -0.0000 0.4999
vn 0.9659 0.0000 -0.2588
vn -0.8661 -0.0000 0.4999
vn 0.8660 -0.0000 0.5000
vn -0.5000 -0.0000 0.8660
vn 0.8660 -0.0000 0.5000
vn -0.5000 -0.0000 0.8660
vn 0.5000 -0.0000 0.8660
vn 0.5000 -0.0000 0.8660
vn 0.0000 1.0000 -0.0000
vn 0.0000 1.0000 -0.0000
vn 0.0000 1.0000 -0.0000
vn 0.0000 1.0000 -0.0000
vn 0.0000 1.0000 -0.0000
vn 0.0000 1.0000 -0.0000
vn 0.0000 1.0000 -0.0000
vn 0.0000 1.0000 -0.0000
vn 0.0000 1.0000 -0.0000
vn 0.0000 1.0000 -0.0000
vn 0.3949 -0.6133 -0.6840
vn -0.1830 -0.7071 -0.6831
vn 0.1830 -0.7071 -0.6830
vn -0.3949 -0.6133 -0.6841
vn 0.5000 -0.7071 -0.5000
vn 0.5000 -0.7071 -0.5000
vn 0.6830 -0.7071 -0.1830
vn 0.6830 -0.7071 -0.1830
vn 0.6830 -0.7071 -0.1830
vn 0.6830 -0.7071 -0.1830
vn 0.6830 -0.7071 0.1830
vn 0.6830 -0.7071 0.1830
vn 0.6830 -0.7071 0.1830
vn 0.5000 -0.7071 0.5000
vn 0.5000 -0.7071 0.5000
vn 0.3949 -0.6134 0.6840
vn 0.1830 -0.7071 0.6830
vn -0.3950 -0.6134 0.6840
vn -0.1830 -0.7072 0.6830
vn -0.5000 -0.7071 0.5000
vn -0.5000 -0.7071 0.5000
vn -0.6830 -0.7071 0.1829
vn -0.6830 -0.7071 0.1829
vn -0.6830 -0.7071 0.1829
vn -0.6830 -0.7071 -0.1831
vn -0.6830 -0.7071 -0.1831
vn -0.6830 -0.7071 -0.1831
vn -0.6830 -0.7071 -0.1831
vn -0.5000 -0.7071 -0.5001
vn -0.5000 -0.7071 -0.5001
vn 0.3949 0.6133 -0.6840
vn 0.1830 0.7071 -0.6830
vn -0.3949 0.6133 -0.6841
vn -0.1830 0.7071 -0.6830
vn -0.5000 0.7071 -0.5000
vn -0.5000 0.7071 -0.5000
vn -0.6830 0.7071 -0.1830
vn -0.6830 0.7071 -0.1830
vn -0.6830 0.7071 -0.1830
vn -0.6830 0.7071 -0.1830
vn -0.6830 0.7071 0.1830
vn -0.6830 0.7071 0.1830
vn -0.6830 0.7071 0.1830
vn -0.5000 0.7071 0.5000
vn -0.5000 0.7071 0.5000
vn -0.3950 0.6133 0.6840
vn -0.1830 0.7071 0.6830
vn 0.3949 0.6133 0.6840
vn 0.1830 0.7071 0.6830
vn 0.5000 0.7071 0.5001
vn 0.5000 0.7071 0.5001
vn 0.6830 0.7071 0.1830
vn 0.6830 0.7071 0.1830
vn 0.6830 0.7071 0.1830
vn 0.6830 0.7071 -0.1830
vn 0.6830 0.7071 -0.1830
vn 0.6830 0.7071 -0.1830
vn 0.6830 0.7071 -0.1830
vn 0.5000 0.7071 -0.5000
vn 0.5000 0.7071 -0.5000
vn 0.0000 -1.0000 -0.0000
vn 0.0000 -1.0000 -0.0000
vn 0.0000 -1.0000 -0.0000
vn 0.0000 -1.0000 -0.0000
vn 0.0000 -1.0000 -0.0000
vn 0.0000 -1.0000 -0.0000
vn 0.0000 -1.0000 -0.0000
vn 0.0000 -1.0000 -0.0000
vn 0.0000 -1.0000 -0.0000
vn 0.0000 -1.0000 -0.0000
vn -0.5000 0.0000 -0.8660
vn 0.5000 0.0000 -0.8660
vn -0.5000 0.0000 -0.8660
vn -0.8660 0.0000 -0.5000
vn 0.5000 0.0000 -0.8660
vn -0.8660 0.0000 -0.5000
vn 0.8660 0.0000 -0.5000
vn -0.9659 0.0000 -0.2588
vn 0.8660 0.0000 -0.5000
vn -0.9659 0.0000 -0.2588
vn 0.9659 0.0000 -0.2588
vn -0.8661 -0.0000 0.4999
vn 0.9659 0.0000 -0.2588
vn -0.8661 -0.0000 0.4999
vn 0.8660 -0.0000 0.5000
vn -0.5000 -0.0000 0.8660
vn 0.8660 -0.0000 0.5000
vn -0.5000 -0.0000 0.8660
vn 0.5000 -0.0000 0.8660
vn 0.5000 -0.0000 0.8660
vn 0.0000 1.0000 -0.0000
vn 0.0000 1.0000 -0.0000
vn 0.0000 1.0000 -0.0000
vn 0.0000 1.0000 -0.0000
vn 0.0000 1.0000 -0.0000
vn 0.0000 1.0000 -0.0000
vn 0.0000 1.0000 -0.0000
vn 0.0000 1.0000 -0.0000
vn 0.0000 1.0000 -0.0000
vn 0.0000 1.0000 -0.0000
vn 0.3949 -0.6133 -0.6840
vn -0.1830 -0.7071 -0.6831
vn 0.1830 -0.7071 -0.6830
vn -0.3949 -0.6133 -0.6841
vn 0.5000 -0.7071 -0.5000
vn 0.5000 -0.7071 -0.5000
vn 0.6830 -0.7071 -0.1830
vn 0.6830 -0.7071 -0.1830
vn 0.6830 -0.7071 -0.1830
vn 0.6830 -0.7071 -0.1830
vn 0.6830 -0.7071 0.1830
vn 0.6830 -0.7071 0.1830
vn 0.6830 -0.7071 0.1830
vn 0.5000 -0.7071 0.5000
vn 0.5000 -0.7071 0.5000
vn 0.3949 -0.6134 0.6840
vn 0.1830 -0.7071 0.6830
vn -0.3950 -0.6134 0.6840
vn -0.1830 -0.7072 0.6830
vn -0.5000 -0.7071 0.5000
vn -0.5000 -0.7071 0.5000
vn -0.6830 -0.7071 0.1829
vn -0.6830 -0.7071 0.1829
vn -0.6830 -0.7071 0.1829
vn -0.6830 -0.7071 -0.1831
vn -0.6830 -0.7071 -0.1831
vn -0.6830 -0.7071 -0.1831
vn -0.6830 -0.7071 -0.1831
vn -0.5000 -0.7071 -0.5001
vn -0.5000 -0.7071 -0.5001
vn 0.3949 0.6133 -0.6840
vn 0.1830 0.7071 -0.6830
vn -0.3949 0.6133 -0.6841
vn -0.1830 0.7071 -0.6830
vn -0.5000 0.7071 -0.5000
vn -0.5000 0.7071 -0.5000
vn -0.6830 0.7071 -0.1830
vn -0.6830 0.7071 -0.1830
vn -0.6830 0.7071 -0.1830
vn -0.6830 0.7071 -0.1830
vn -0.6830 0.7071 0.1830
vn -0.6830 0.7071 0.1830
vn -0.6830 0.7071 0.1830
vn -0.5000 0.7071 0.5000
vn -0.5000 0.7071 0.5000
vn -0.3950 0.6133 0.6840
vn -0.1830 0.7071 0.6830
vn 0.3949 0.6133 0.6840
vn 0.1830 0.7071 0.6830
vn 0.5000 0.7071 0.5001
vn 0.5000 0.7071 0.5001
vn 0.6830 0.7071 0.1830
vn 0.6830 0.7071 0.1830
vn 0.6830 0.7071 0.1830
vn 0.6830 0.7071 -0.1830
vn 0.6830 0.7071 -0.1830
vn 0.6830 0.7071 -0.1830
vn 0.6830 0.7071 -0.1830
vn 0.5000 0.7071 -0.5000
vn 0.5000 0.7071 -0.5000
vn 0.0000 -1.0000 -0.0000
vn 0.0000 -1.0000 -0.0000
vn 0.0000 -1.0000 -0.0000
vn 0.0000 -1.0000 -0.0000
vn 0.0000 -1.0000 -0.0000
vn 0.0000 -1.0000 -0.0000
vn 0.0000 -1.0000 -0.0000
vn 0.0000 -1.0000 -0.0000
vn 0.0000 -1.0000 -0.0000
vn 0.0000 -1.0000 -0.0000
vn -1.0000 0.0000 -0.0000
vn -1.0000 0.0000 -0.0000
vn -1.0000 0.0000 -0.0000
vn -1.0000 0.0000 -0.0000
vn 0.0000 0.0000 -1.0000
vn 0.0000 0.0000 -1.0000
vn 0.0000 0.0000 -1.0000
vn 0.0000 0.0000 -1.0000
vn 1.0000 0.0000 -0.0000
vn 1.0000 0.0000 -0.0000
vn 1.0000 0.0000 -0.0000
vn 1.0000 0.0000 -0.0000
vn -0.0000 -0.0000 1.0000
vn -0.0000 -0.0000 1.0000
vn -0.0000 -0.0000 1.0000
vn -0.0000 -0.0000 1.0000
vn 0.0000 -1.0000 -0.0000
vn 0.0000 -1.0000 -0.0000
vn 0.0000 -1.0000 -0.0000
vn 0.0000 -1.0000 -0.0000
vn 0.0000 1.0000 -0.0000
vn 0.0000 1.0000 -0.0000
vn 0.0000 1.0000 -0.0000
vn 0.0000 1.0000 -0.0000
vn -0.0000 -0.0000 1.0000
vn -0.0000 -0.0000 1.0000
vn -0.0000 -0.0000 1.0000
vn -0.0000 -0.0000 1.0000
vn 1.0000 0.0000 -0.0000
vn 1.0000 0.0000 -0.0000
vn 1.0000 0.0000 -0.0000
vn 1.0000 0.0000 -0.0000
vn 0.0000 1.0000 -0.0000
vn 0.0000 1.0000 -0.0000
vn 0.0000 1.0000 -0.0000
vn 0.0000 1.0000 -0.0000
vn -1.0000 0.0000 -0.0000
vn -1.0000 0.0000 -0.0000
vn -1.0000 0.0000 -0.0000
vn -1.0000 0.0000 -0.0000
vn 0.0000 0.0000 -1.0000
vn 0.0000 0.0000 -1.0000
vn 0.0000 0.0000 -1.0000
vn 0.0000 0.0000 -1.0000
vn -0.5774 -0.5774 0.5774
vn -0.5774 -0.5774 0.5774
vn -0.5774 -0.5774 0.5774
vn -0.5774 0.5773 0.5774
vn -0.5774 0.5773 0.5774
vn -0.5774 0.5773 0.5774
vn -0.5774 -0.5773 -0.5774
vn -0.5774 -0.5773 -0.5774
vn -0.5774 -0.5773 -0.5774
vn -0.5774 0.5773 -0.5774
vn -0.5774 0.5773 -0.5774
vn -0.5774 0.5773 -0.5774
vn 0.5774 -0.5774 0.5773
vn 0.5774 -0.5774 0.5773
vn 0.5774 -0.5774 0.5773
vn 0.5774 0.5774 0.5774
vn 0.5774 0.5774 0.5774
vn 0.5774 0.5774 0.5774
vn 0.5774 -0.5773 -0.5774
vn 0.5774 -0.5773 -0.5774
vn 0.5774 -0.5773 -0.5774
vn 0.5774 0.5773 -0.5773
vn 0.5774 0.5773 -0.5773
vn 0.5774 0.5773 -0.5773
vn -0.7071 -0.7071 -0.0001
vn -0.7071 -0.7071 -0.0001
vn -0.7071 -0.7071 -0.0001
vn -0.7071 -0.7071 -0.0001
vn -0.7071 -0.0000 0.7071
vn -0.7071 -0.0000 0.7071
vn -0.7071 -0.0000 0.7071
vn -0.7071 -0.0000 0.7071
vn -0.7071 0.7071 -0.0000
vn -0.7071 0.7071 -0.0000
vn -0.7071 0.7071 -0.0000
vn -0.7071 0.7071 -0.0000
vn -0.7071 0.0000 -0.7071
vn -0.7071 0.0000 -0.7071
vn -0.7071 0.0000 -0.7071
vn -0.7071 0.0000 -0.7071
vn 0.0000 -0.7071 -0.7071
vn 0.0000 -0.7071 -0.7071
vn 0.0000 -0.7071 -0.7071
vn 0.0000 -0.7071 -0.7071
vn 0.0000 0.7071 -0.7071
vn 0.0000 0.7071 -0.7071
vn 0.0000 0.7071 -0.7071
vn 0.0000 0.7071 -0.7071
vn 0.7071 0.0000 -0.7071
vn 0.7071 0.0000 -0.7071
vn 0.7071 0.0000 -0.7071
vn 0.7071 0.0000 -0.7071
vn 0.7071 -0.7071 -0.0000
vn 0.7071 -0.7071 -0.0000
vn 0.7071 -0.7071 -0.0000
vn 0.7071 -0.7071 -0.0000
vn 0.7071 0.7071 0.0000
vn 0.7071 0.7071 0.0000
vn 0.7071 0.7071 0.0000
vn 0.7071 0.7071 0.0000
vn 0.7071 -0.0000 0.7071
vn 0.7071 -0.0000 0.7071
vn 0.7071 -0.0000 0.7071
vn 0.7071 -0.0000 0.7071
vn -0.0000 -0.7071 0.7071
vn -0.0000 -0.7071 0.7071
vn -0.0000 -0.7071 0.7071
vn -0.0000 -0.7071 0.7071
vn -0.0000 0.7071 0.7071
vn -0.0000 0.7071 0.7071
vn -0.0000 0.7071 0.7071
vn -0.0000 0.7071 0.7071
vn 0.0000 -1.0000 -0.0000
vn 0.0000 -1.0000 -0.0000
vn 0.0000 -1.0000 -0.0000
vn 0.0000 -1.0000 -0.0000
vn -0.0000 -0.0000 1.0000
vn -0.0000 -0.0000 1.0000
vn -0.0000 -0.0000 1.0000
vn -0.0000 -0.0000 1.0000
vn 1.0000 0.0000 -0.0000
vn 1.0000 0.0000 -0.0000
vn 1.0000 0.0000 -0.0000
vn 1.0000 0.0000 -0.0000
vn 0.0000 1.0000 -0.0000
vn 0.0000 1.0000 -0.0000
vn 0.0000 1.0000 -0.0000
vn 0.0000 1.0000 -0.0000
vn -1.0000 0.0000 -0.0000
vn -1.0000 0.0000 -0.0000
vn -1.0000 0.0000 -0.0000
vn -1.0000 0.0000 -0.0000
vn 0.0000 0.0000 -1.0000
vn 0.0000 0.0000 -1.0000
vn 0.0000 0.0000 -1.0000
vn 0.0000 0.0000 -1.0000
vn -0.5774 -0.5774 0.5774
vn -0.5774 -0.5774 0.5774
vn -0.5774 -0.5774 0.5774
vn -0.5773 0.5774 0.5774
vn -0.5773 0.5774 0.5774
vn -0.5773 0.5774 0.5774
vn -0.5773 -0.5773 -0.5775
vn -0.5773 -0.5773 -0.5775
vn -0.5773 -0.5773 -0.5775
vn -0.5773 0.5774 -0.5774
vn -0.5773 0.5774 -0.5774
vn -0.5773 0.5774 -0.5774
vn 0.5773 -0.5774 0.5774
vn 0.5773 -0.5774 0.5774
vn 0.5773 -0.5774 0.5774
vn 0.5772 0.5774 0.5775
vn 0.5772 0.5774 0.5775
vn 0.5772 0.5774 0.5775
vn 0.5773 -0.5773 -0.5775
vn 0.5773 -0.5773 -0.5775
vn 0.5773 -0.5773 -0.5775
vn 0.5773 0.5774 -0.5773
vn 0.5773 0.5774 -0.5773
vn 0.5773 0.5774 -0.5773
vn -0.7071 -0.7071 -0.0001
vn -0.7071 -0.7071 -0.0001
vn -0.7071 -0.7071 -0.0001
vn -0.7071 -0.7071 -0.0001
vn -0.7071 -0.0000 0.7071
vn -0.7071 -0.0000 0.7071
vn -0.7071 -0.0000 0.7071
vn -0.7071 -0.0000 0.7071
vn -0.7071 0.7071 -0.0000
vn -0.7071 0.7071 -0.0000
vn -0.7071 0.7071 -0.0000
vn -0.7071 0.7071 -0.0000
vn -0.7071 0.0000 -0.7071
vn -0.7071 0.0000 -0.7071
vn -0.7071 0.0000 -0.7071
vn -0.7071 0.0000 -0.7071
vn 0.0000 -0.7071 -0.7071
vn 0.0000 -0.7071 -0.7071
vn 0.0000 -0.7071 -0.7071
vn 0.0000 -0.7071 -0.7071
vn 0.0000 0.7071 -0.7071
vn 0.0000 0.7071 -0.7071
vn 0.0000 0.7071 -0.7071
vn 0.0000 0.7071 -0.7071
vn 0.7071 0.0000 -0.7071
vn 0.7071 0.0000 -0.7071
vn 0.7071 0.0000 -0.7071
vn 0.7071 0.0000 -0.7071
vn 0.7071 -0.7071 -0.0000
vn 0.7071 -0.7071 -0.0000
vn 0.7071 -0.7071 -0.0000
vn 0.7071 -0.7071 -0.0000
vn 0.7071 0.7071 0.0000
vn 0.7071 0.7071 0.0000
vn 0.7071 0.7071 0.0000
vn 0.7071 0.7071 0.0000
vn 0.7071 -0.0000 0.7071
vn 0.7071 -0.0000 0.7071
vn 0.7071 -0.0000 0.7071
vn 0.7071 -0.0000 0.7071
vn -0.0000 -0.7071 0.7071
vn -0.0000 -0.7071 0.7071
vn -0.0000 -0.7071 0.7071
vn -0.0000 -0.7071 0.7071
vn -0.0000 0.7071 0.7071
vn -0.0000 0.7071 0.7071
vn -0.0000 0.7071 0.7071
vn -0.0000 0.7071 0.7071
vn 0.0000 -1.0000 -0.0000
vn 0.0000 -1.0000 -0.0000
vn 0.0000 -1.0000 -0.0000
vn 0.0000 -1.0000 -0.0000
vn -1.0000 0.0000 -0.0000
vn -1.0000 0.0000 -0.0000
vn -1.0000 0.0000 -0.0000
vn -1.0000 0.0000 -0.0000
vn 0.0000 0.7214 -0.6925
vn 0.0000 0.7214 -0.6925
vn 0.0000 0.7214 -0.6925
vn 0.0000 0.7214 -0.6925
vn 1.0000 0.0000 -0.0000
vn 1.0000 0.0000 -0.0000
vn 1.0000 0.0000 -0.0000
vn 1.0000 0.0000 -0.0000
vn -0.0000 0.7214 0.6925
vn -0.0000 0.7214 0.6925
vn -0.0000 0.7214 0.6925
vn -0.0000 0.7214 0.6925
vn 0.0000 -1.0000 -0.0000
vn 0.0000 -1.0000 -0.0000
vn 0.0000 -1.0000 -0.0000
vn 0.0000 -1.0000 -0.0000
vn 0.0000 1.0000 -0.0000
vn 0.0000 1.0000 -0.0000
vn 0.0000 1.0000 -0.0000
vn 0.0000 1.0000 -0.0000
vn -1.0000 0.0000 -0.0000
vn -1.0000 0.0000 -0.0000
vn -1.0000 0.0000 -0.0000
vn -1.0000 0.0000 -0.0000
vn 0.0000 0.7214 -0.6925
vn 0.0000 0.7214 -0.6925
vn 0.0000 0.7214 -0.6925
vn 0.0000 0.7214 -0.6925
vn 1.0000 0.0000 -0.0000
vn 1.0000 0.0000 -0.0000
vn 1.0000 0.0000 -0.0000
vn 1.0000 0.0000 -0.0000
vn -0.0000 0.7214 0.6925
vn -0.0000 0.7214 0.6925
vn -0.0000 0.7214 0.6925
vn -0.0000 0.7214 0.6925
vn 0.0000 -1.0000 -0.0000
vn 0.0000 -1.0000 -0.0000
vn 0.0000 -1.0000 -0.0000
vn 0.0000 -1.0000 -0.0000
vn 0.0000 1.0000 -0.0000
vn 0.0000 1.0000 -0.0000
vn 0.0000 1.0000 -0.0000
vn 0.0000 1.0000 -0.0000
vn -0.6840 0.6133 -0.3950
vn -0.6840 0.6133 -0.3950
vn -0.6840 0.6133 -0.3950
vn 0.3949 -0.6134 0.6840
vn 0.3949 -0.6134 0.6840
vn 0.3949 -0.6134 0.6840
vn -0.2588 0.0000 -0.9659
vn -0.2588 0.0000 -0.9659
vn -0.2588 0.0000 -0.9659
vn -0.2588 0.0000 -0.9659
vn -0.3949 -0.6133 -0.6841
vn -0.3949 -0.6133 -0.6841
vn -0.3949 -0.6133 -0.6841
vn 0.6840 0.6133 0.3950
vn 0.6840 0.6133 0.3950
vn 0.6840 0.6133 0.3950
vn 0.9659 0.0000 -0.2588
vn 0.9659 0.0000 -0.2588
vn 0.9659 0.0000 -0.2588
vn 0.9659 0.0000 -0.2588
vn -0.7899 0.6132 -0.0000
vn -0.7899 0.6132 -0.0000
vn -0.7899 0.6132 -0.0000
vn 0.6840 -0.6134 0.3949
vn 0.6840 -0.6134 0.3949
vn 0.6840 -0.6134 0.3949
vn 0.9659 -0.0000 0.2588
vn 0.9659 -0.0000 0.2588
vn 0.9659 -0.0000 0.2588
vn 0.9659 -0.0000 0.2588
vn -0.7899 -0.6133 -0.0001
vn -0.7899 -0.6133 -0.0001
vn -0.7899 -0.6133 -0.0001
vn 0.7899 0.6133 0.0000
vn 0.7899 0.6133 0.0000
vn 0.7899 0.6133 0.0000
vn 0.7071 -0.0000 0.7071
vn 0.7071 -0.0000 0.7071
vn 0.7071 -0.0000 0.7071
vn 0.7071 -0.0000 0.7071
vn -0.6840 0.6133 0.3949
vn -0.6840 0.6133 0.3949
vn -0.6840 0.6133 0.3949
vn 0.7899 -0.6133 -0.0000
vn 0.7899 -0.6133 -0.0000
vn 0.7899 -0.6133 -0.0000
vn 0.2588 -0.0000 0.9659
vn 0.2588 -0.0000 0.9659
vn 0.2588 -0.0000 0.9659
vn 0.2588 -0.0000 0.9659
vn -0.6840 -0.6133 0.3948
vn -0.6840 -0.6133 0.3948
vn -0.6840 -0.6133 0.3948
vn 0.6840 0.6133 -0.3949
vn 0.6840 0.6133 -0.3949
vn 0.6840 0.6133 -0.3949
vn -0.2588 -0.0000 0.9659
vn -0.2588 -0.0000 0.9659
vn -0.2588 -0.0000 0.9659
vn -0.2588 -0.0000 0.9659
vn -0.3950 0.6133 0.6840
vn -0.3950 0.6133 0.6840
vn -0.3950 0.6133 0.6840
vn 0.6840 -0.6133 -0.3950
vn 0.6840 -0.6133 -0.3950
vn 0.6840 -0.6133 -0.3950
vn -0.7071 -0.0000 0.7071
vn -0.7071 -0.0000 0.7071
vn -0.7071 -0.0000 0.7071
vn -0.7071 -0.0000 0.7071
vn -0.3950 -0.6134 0.6840
vn -0.3950 -0.6134 0.6840
vn -0.3950 -0.6134 0.6840
vn 0.3949 0.6133 -0.6840
vn 0.3949 0.6133 -0.6840
vn 0.3949 0.6133 -0.6840
vn -0.9659 -0.0000 0.2588
vn -0.9659 -0.0000 0.2588
vn -0.9659 -0.0000 0.2588
vn -0.9659 -0.0000 0.2588
vn -0.0000 0.6133 0.7899
vn -0.0000 0.6133 0.7899
vn -0.0000 0.6133 0.7899
vn 0.3949 -0.6133 -0.6840
vn 0.3949 -0.6133 -0.6840
vn 0.3949 -0.6133 -0.6840
vn -0.9659 0.0000 -0.2588
vn -0.9659 0.0000 -0.2588
vn -0.9659 0.0000 -0.2588
vn -0.9659 0.0000 -0.2588
vn -0.0000 -0.6133 0.7898
vn -0.0000 -0.6133 0.7898
vn -0.0000 -0.6133 0.7898
vn 0.0000 0.6133 -0.7899
vn 0.0000 0.6133 -0.7899
vn 0.0000 0.6133 -0.7899
vn -0.7071 0.0000 -0.7071
vn -0.7071 0.0000 -0.7071
vn -0.7071 0.0000 -0.7071
vn -0.7071 0.0000 -0.7071
vn 0.7071 0.0000 -0.7071
vn 0.7071 0.0000 -0.7071
vn 0.7071 0.0000 -0.7071
vn 0.7071 0.0000 -0.7071
vn 0.0000 -0.6133 -0.7899
vn 0.0000 -0.6133 -0.7899
vn 0.0000 -0.6133 -0.7899
vn -0.6840 -0.6133 -0.3950
vn -0.6840 -0.6133 -0.3950
vn -0.6840 -0.6133 -0.3950
vn 0.3949 0.6133 0.6840
vn 0.3949 0.6133 0.6840
vn 0.3949 0.6133 0.6840
vn 0.0000 1.0000 -0.0000
vn 0.0000 1.0000 -0.0000
vn 0.0000 1.0000 -0.0000
vn 0.0000 1.0000 -0.0000
vn 0.0000 1.0000 -0.0000
vn 0.0000 1.0000 -0.0000
vn 0.0000 1.0000 -0.0000
vn 0.0000 1.0000 -0.0000
vn 0.0000 1.0000 -0.0000
vn 0.0000 1.0000 -0.0000
vn 0.0000 1.0000 -0.0000
vn 0.0000 1.0000 -0.0000
vn 0.2588 0.0000 -0.9659
vn 0.2588 0.0000 -0.9659
vn 0.2588 0.0000 -0.9659
vn 0.2588 0.0000 -0.9659
vn -0.3949 0.6133 -0.6841
vn -0.3949 0.6133 -0.6841
vn -0.3949 0.6133 -0.6841
vn 0.1830 -0.7071 -0.6830
vn 0.1830 -0.7071 -0.6830
vn 0.1830 -0.7071 -0.6830
vn 0.1830 -0.7071 -0.6830
vn 0.1830 0.7071 -0.6830
vn 0.1830 0.7071 -0.6830
vn 0.1830 0.7071 -0.6830
vn 0.1830 0.7071 -0.6830
vn 0.0000 0.0000 -1.0000
vn 0.0000 0.0000 -1.0000
vn 0.0000 0.0000 -1.0000
vn 0.0000 0.0000 -1.0000
vn 0.5000 0.0000 -0.8660
vn 0.5000 0.0000 -0.8660
vn 0.5000 0.0000 -0.8660
vn 0.5000 0.0000 -0.8660
vn 0.5000 -0.7071 -0.5000
vn 0.5000 -0.7071 -0.5000
vn 0.5000 -0.7071 -0.5000
vn 0.5000 -0.7071 -0.5000
vn 0.5000 0.7071 -0.5000
vn 0.5000 0.7071 -0.5000
vn 0.5000 0.7071 -0.5000
vn 0.5000 0.7071 -0.5000
vn 0.8660 0.0000 -0.5000
vn 0.8660 0.0000 -0.5000
vn 0.8660 0.0000 -0.5000
vn 0.8660 0.0000 -0.5000
vn 0.6830 -0.7071 -0.1830
vn 0.6830 -0.7071 -0.1830
vn 0.6830 -0.7071 -0.1830
vn 0.6830 -0.7071 -0.1830
vn 0.6830 0.7071 -0.1830
vn 0.6830 0.7071 -0.1830
vn 0.6830 0.7071 -0.1830
vn 0.6830 0.7071 -0.1830
vn 1.0000 0.0000 -0.0000
vn 1.0000 0.0000 -0.0000
vn 1.0000 0.0000 -0.0000
vn 1.0000 0.0000 -0.0000
vn 0.6830 -0.7071 0.1830
vn 0.6830 -0.7071 0.1830
vn 0.6830 -0.7071 0.1830
vn 0.6830 -0.7071 0.1830
vn 0.6830 0.7071 0.1830
vn 0.6830 0.7071 0.1830
vn 0.6830 0.7071 0.1830
vn 0.6830 0.7071 0.1830
vn 0.8660 -0.0000 0.5000
vn 0.8660 -0.0000 0.5000
vn 0.8660 -0.0000 0.5000
vn 0.8660 -0.0000 0.5000
vn 0.5000 -0.7071 0.5000
vn 0.5000 -0.7071 0.5000
vn 0.5000 -0.7071 0.5000
vn 0.5000 -0.7071 0.5000
vn 0.5000 0.7071 0.5001
vn 0.5000 0.7071 0.5001
vn 0.5000 0.7071 0.5001
vn 0.5000 0.7071 0.5001
vn 0.5000 -0.0000 0.8660
vn 0.5000 -0.0000 0.8660
vn 0.5000 -0.0000 0.8660
vn 0.5000 -0.0000 0.8660
vn 0.1830 -0.7071 0.6830
vn 0.1830 -0.7071 0.6830
vn 0.1830 -0.7071 0.6830
vn 0.1830 -0.7071 0.6830
vn 0.1830 0.7071 0.6830
vn 0.1830 0.7071 0.6830
vn 0.1830 0.7071 0.6830
vn 0.1830 0.7071 0.6830
vn -0.0000 -0.0000 1.0000
vn -0.0000 -0.0000 1.0000
vn -0.0000 -0.0000 1.0000
vn -0.0000 -0.0000 1.0000
vn -0.1830 -0.7072 0.6830
vn -0.1830 -0.7072 0.6830
vn -0.1830 -0.7072 0.6830
vn -0.1830 -0.7072 0.6830
vn -0.1830 0.7071 0.6830
vn -0.1830 0.7071 0.6830
vn -0.1830 0.7071 0.6830
vn -0.1830 0.7071 0.6830
vn -0.5000 -0.0000 0.8660
vn -0.5000 -0.0000 0.8660
vn -0.5000 -0.0000 0.8660
vn -0.5000 -0.0000 0.8660
vn -0.5000 -0.7071 0.5000
vn -0.5000 -0.7071 0.5000
vn -0.5000 -0.7071 0.5000
vn -0.5000 -0.7071 0.5000
vn -0.5000 0.7071 0.5000
vn -0.5000 0.7071 0.5000
vn -0.5000 0.7071 0.5000
vn -0.5000 0.7071 0.5000
vn -0.8661 -0.0000 0.4999
vn -0.8661 -0.0000 0.4999
vn -0.8661 -0.0000 0.4999
vn -0.8661 -0.0000 0.4999
vn -0.6830 -0.7071 0.1829
vn -0.6830 -0.7071 0.1829
vn -0.6830 -0.7071 0.1829
vn -0.6830 -0.7071 0.1829
vn -0.6830 0.7071 0.1830
vn -0.6830 0.7071 0.1830
vn -0.6830 0.7071 0.1830
vn -0.6830 0.7071 0.1830
vn -1.0000 0.0000 -0.0000
vn -1.0000 0.0000 -0.0000
vn -1.0000 0.0000 -0.0000
vn -1.0000 0.0000 -0.0000
vn -0.6830 -0.7071 -0.1831
vn -0.6830 -0.7071 -0.1831
vn -0.6830 -0.7071 -0.1831
vn -0.6830 -0.7071 -0.1831
vn -0.6830 0.7071 -0.1830
vn -0.6830 0.7071 -0.1830
vn -0.6830 0.7071 -0.1830
vn -0.6830 0.7071 -0.1830
vn -0.8660 0.0000 -0.5000
vn -0.8660 0.0000 -0.5000
vn -0.8660 0.0000 -0.5000
vn -0.8660 0.0000 -0.5000
vn -0.5000 -0.7071 -0.5001
vn -0.5000 -0.7071 -0.5001
vn -0.5000 -0.7071 -0.5001
vn -0.5000 -0.7071 -0.5001
vn -0.5000 0.7071 -0.5000
vn -0.5000 0.7071 -0.5000
vn -0.5000 0.7071 -0.5000
vn -0.5000 0.7071 -0.5000
vn -0.5000 0.0000 -0.8660
vn -0.5000 0.0000 -0.8660
vn -0.5000 0.0000 -0.8660
vn -0.5000 0.0000 -0.8660
vn -0.1830 -0.7071 -0.6831
vn -0.1830 -0.7071 -0.6831
vn -0.1830 -0.7071 -0.6831
vn -0.1830 -0.7071 -0.6831
vn -0.1830 0.7071 -0.6830
vn -0.1830 0.7071 -0.6830
vn -0.1830 0.7071 -0.6830
vn -0.1830 0.7071 -0.6830
vn 0.0000 -1.0000 -0.0000
vn 0.0000 -1.0000 -0.0000
vn 0.0000 -1.0000 -0.0000
vn 0.0000 -1.0000 -0.0000
vn 0.0000 -1.0000 -0.0000
vn 0.0000 -1.0000 -0.0000
vn 0.0000 -1.0000 -0.0000
vn 0.0000 -1.0000 -0.0000
vn 0.0000 -1.0000 -0.0000
vn 0.0000 -1.0000 -0.0000
vn 0.0000 -1.0000 -0.0000
vn 0.0000 -1.0000 -0.0000
vn 0.2588 0.0000 -0.9659
vn 0.2588 0.0000 -0.9659
vn 0.2588 0.0000 -0.9659
vn 0.2588 0.0000 -0.9659
vn 0.7071 0.0000 -0.7071
vn 0.7071 0.0000 -0.7071
vn 0.7071 0.0000 -0.7071
vn 0.7071 0.0000 -0.7071
vn 0.9659 0.0000 -0.2588
vn 0.9659 0.0000 -0.2588
vn 0.9659 0.0000 -0.2588
vn 0.9659 0.0000 -0.2588
vn 0.9659 -0.0000 0.2588
vn 0.9659 -0.0000 0.2588
vn 0.9659 -0.0000 0.2588
vn 0.9659 -0.0000 0.2588
vn 0.7071 -0.0000 0.7071
vn 0.7071 -0.0000 0.7071
vn 0.7071 -0.0000 0.7071
vn 0.7071 -0.0000 0.7071
vn 0.2588 -0.0000 0.9659
vn 0.2588 -0.0000 0.9659
vn 0.2588 -0.0000 0.9659
vn 0.2588 -0.0000 0.9659
vn -0.2588 -0.0000 0.9659
vn -0.2588 -0.0000 0.9659
vn -0.2588 -0.0000 0.9659
vn -0.2588 -0.0000 0.9659
vn -0.7071 -0.0000 0.7071
vn -0.7071 -0.0000 0.7071
vn -0.7071 -0.0000 0.7071
vn -0.7071 -0.0000 0.7071
vn -0.9659 -0.0000 0.2588
vn -0.9659 -0.0000 0.2588
vn -0.9659 -0.0000 0.2588
vn -0.9659 -0.0000 0.2588
vn -0.9659 0.0000 -0.2588
vn -0.9659 0.0000 -0.2588
vn -0.9659 0.0000 -0.2588
vn -0.9659 0.0000 -0.2588
vn 0.0000 1.0000 -0.0000
vn 0.0000 1.0000 -0.0000
vn 0.0000 1.0000 -0.0000
vn 0.0000 1.0000 -0.0000
vn 0.0000 1.0000 -0.0000
vn 0.0000 1.0000 -0.0000
vn 0.0000 1.0000 -0.0000
vn 0.0000 1.0000 -0.0000
vn 0.0000 1.0000 -0.0000
vn 0.0000 1.0000 -0.0000
vn 0.0000 1.0000 -0.0000
vn 0.0000 1.0000 -0.0000
vn -0.7071 0.0000 -0.7071
vn -0.7071 0.0000 -0.7071
vn -0.7071 0.0000 -0.7071
vn -0.7071 0.0000 -0.7071
vn -0.2588 0.0000 -0.9659
vn -0.2588 0.0000 -0.9659
vn -0.2588 0.0000 -0.9659
vn -0.2588 0.0000 -0.9659
vn 0.0000 -1.0000 -0.0000
vn 0.0000 -1.0000 -0.0000
vn 0.0000 -1.0000 -0.0000
vn 0.0000 -1.0000 -0.0000
vn 0.0000 -1.0000 -0.0000
vn 0.0000 -1.0000 -0.0000
vn 0.0000 -1.0000 -0.0000
vn 0.0000 -1.0000 -0.0000
vn 0.0000 -1.0000 -0.0000
vn 0.0000 -1.0000 -0.0000
vn 0.0000 -1.0000 -0.0000
vn 0.0000 -1.0000 -0.0000
vn -0.6840 0.6133 -0.3950
vn -0.6840 0.6133 -0.3950
vn -0.6840 0.6133 -0.3950
vn 0.3949 -0.6134 0.6840
vn 0.3949 -0.6134 0.6840
vn -0.2588 0.0000 -0.9659
vn -0.2588 0.0000 -0.9659
vn -0.2588 0.0000 -0.9659
vn -0.2588 0.0000 -0.9659
vn -0.3949 -0.6133 -0.6841
vn -0.3949 -0.6133 -0.6841
vn 0.6840 0.6133 0.3950
vn 0.6840 0.6133 0.3950
vn 0.6840 0.6133 0.3950
vn 0.9659 0.0000 -0.2588
vn 0.9659 0.0000 -0.2588
vn -0.7899 0.6133 -0.0000
vn -0.7899 0.6133 -0.0000
vn -0.7899 0.6133 -0.0000
vn 0.6840 -0.6134 0.3949
vn 0.6840 -0.6134 0.3949
vn 0.6840 -0.6134 0.3949
vn 0.9659 -0.0000 0.2588
vn 0.9659 -0.0000 0.2588
vn 0.9659 -0.0000 0.2588
vn 0.9659 -0.0000 0.2588
vn -0.7899 -0.6133 -0.0001
vn -0.7899 -0.6133 -0.0001
vn -0.7899 -0.6133 -0.0001
vn 0.7898 0.6133 0.0000
vn 0.7898 0.6133 0.0000
vn 0.7898 0.6133 0.0000
vn 0.7071 -0.0000 0.7071
vn 0.7071 -0.0000 0.7071
vn 0.7071 -0.0000 0.7071
vn 0.7071 -0.0000 0.7071
vn -0.6840 0.6133 0.3949
vn -0.6840 0.6133 0.3949
vn -0.6840 0.6133 0.3949
vn 0.7899 -0.6133 -0.0000
vn 0.7899 -0.6133 -0.0000
vn 0.7899 -0.6133 -0.0000
vn 0.2588 -0.0000 0.9659
vn 0.2588 -0.0000 0.9659
vn 0.2588 -0.0000 0.9659
vn 0.2588 -0.0000 0.9659
vn -0.6840 -0.6133 0.3948
vn -0.6840 -0.6133 0.3948
vn -0.6840 -0.6133 0.3948
vn 0.6840 0.6133 -0.3949
vn 0.6840 0.6133 -0.3949
vn 0.6840 0.6133 -0.3949
vn -0.2588 -0.0000 0.9659
vn -0.2588 -0.0000 0.9659
vn -0.2588 -0.0000 0.9659
vn -0.2588 -0.0000 0.9659
vn -0.3950 0.6133 0.6840
vn -0.3950 0.6133 0.6840
vn 0.6840 -0.6133 -0.3950
vn 0.6840 -0.6133 -0.3950
vn 0.6840 -0.6133 -0.3950
vn -0.7071 -0.0000 0.7071
vn -0.7071 -0.0000 0.7071
vn -0.7071 -0.0000 0.7071
vn -0.7071 -0.0000 0.7071
vn -0.3950 -0.6134 0.6840
vn -0.3950 -0.6134 0.6840
vn 0.3949 0.6133 -0.6840
vn 0.3949 0.6133 -0.6840
vn -0.9659 -0.0000 0.2588
vn -0.9659 -0.0000 0.2588
vn -0.9659 -0.0000 0.2588
vn -0.9659 -0.0000 0.2588
vn -0.0000 0.6133 0.7899
vn -0.0000 0.6133 0.7899
vn -0.0000 0.6133 0.7899
vn 0.3949 -0.6133 -0.6840
vn 0.3949 -0.6133 -0.6840
vn -0.9659 0.0000 -0.2588
vn -0.9659 0.0000 -0.2588
vn -0.0000 -0.6133 0.7898
vn -0.0000 -0.6133 0.7898
vn -0.0000 -0.6133 0.7898
vn 0.0000 0.6133 -0.7899
vn 0.0000 0.6133 -0.7899
vn 0.0000 0.6133 -0.7899
vn -0.7071 0.0000 -0.7071
vn -0.7071 0.0000 -0.7071
vn -0.7071 0.0000 -0.7071
vn -0.7071 0.0000 -0.7071
vn 0.7071 0.0000 -0.7071
vn 0.7071 0.0000 -0.7071
vn 0.7071 0.0000 -0.7071
vn 0.7071 0.0000 -0.7071
vn 0.0000 -0.6133 -0.7899
vn 0.0000 -0.6133 -0.7899
vn 0.0000 -0.6133 -0.7899
vn -0.6840 -0.6133 -0.3950
vn -0.6840 -0.6133 -0.3950
vn -0.6840 -0.6133 -0.3950
vn 0.3949 0.6133 0.6840
vn 0.3949 0.6133 0.6840
vn 0.0000 1.0000 -0.0000
vn 0.0000 1.0000 -0.0000
vn 0.2588 0.0000 -0.9659
vn 0.2588 0.0000 -0.9659
vn 0.2588 0.0000 -0.9659
vn 0.2588 0.0000 -0.9659
vn -0.3949 0.6133 -0.6841
vn -0.3949 0.6133 -0.6841
vn 0.1830 -0.7071 -0.6830
vn 0.1830 -0.7071 -0.6830
vn 0.1830 -0.7071 -0.6830
vn 0.1830 0.7071 -0.6830
vn 0.1830 0.7071 -0.6830
vn 0.1830 0.7071 -0.6830
vn 0.0000 0.0000 -1.0000
vn 0.0000 0.0000 -1.0000
vn 0.0000 0.0000 -1.0000
vn 0.0000 0.0000 -1.0000
vn 0.5000 0.0000 -0.8660
vn 0.5000 0.0000 -0.8660
vn 0.5000 -0.7071 -0.5000
vn 0.5000 -0.7071 -0.5000
vn 0.5000 0.7071 -0.5000
vn 0.5000 0.7071 -0.5000
vn 0.8660 0.0000 -0.5000
vn 0.8660 0.0000 -0.5000
vn 1.0000 0.0000 -0.0000
vn 1.0000 0.0000 -0.0000
vn 1.0000 0.0000 -0.0000
vn 1.0000 0.0000 -0.0000
vn 0.6830 -0.7071 0.1830
vn 0.6830 0.7071 0.1830
vn 0.8660 -0.0000 0.5000
vn 0.8660 -0.0000 0.5000
vn 0.5000 -0.7071 0.5000
vn 0.5000 -0.7071 0.5000
vn 0.5000 0.7071 0.5001
vn 0.5000 0.7071 0.5001
vn 0.5000 -0.0000 0.8660
vn 0.5000 -0.0000 0.8660
vn 0.1830 -0.7071 0.6830
vn 0.1830 -0.7071 0.6830
vn 0.1830 -0.7071 0.6830
vn 0.1830 0.7071 0.6830
vn 0.1830 0.7071 0.6830
vn 0.1830 0.7071 0.6830
vn -0.0000 -0.0000 1.0000
vn -0.0000 -0.0000 1.0000
vn -0.0000 -0.0000 1.0000
vn -0.0000 -0.0000 1.0000
vn -0.1830 -0.7072 0.6830
vn -0.1830 -0.7072 0.6830
vn -0.1830 -0.7072 0.6830
vn -0.1830 0.7071 0.6830
vn -0.1830 0.7071 0.6830
vn -0.1830 0.7071 0.6830
vn -0.5000 -0.0000 0.8660
vn -0.5000 -0.0000 0.8660
vn -0.5000 -0.7071 0.5000
vn -0.5000 -0.7071 0.5000
vn -0.5000 0.7071 0.5000
vn -0.5000 0.7071 0.5000
vn -0.8661 -0.0000 0.4999
vn -0.8661 -0.0000 0.4999
vn -0.6830 -0.7071 0.1829
vn -0.6830 0.7071 0.1830
vn -1.0000 0.0000 -0.0000
vn -1.0000 0.0000 -0.0000
vn -1.0000 0.0000 -0.0000
vn -1.0000 0.0000 -0.0000
vn -0.8660 0.0000 -0.5000
vn -0.8660 0.0000 -0.5000
vn -0.5000 -0.7071 -0.5001
vn -0.5000 -0.7071 -0.5001
vn -0.5000 0.7071 -0.5000
vn -0.5000 0.7071 -0.5000
vn -0.5000 0.0000 -0.8660
vn -0.5000 0.0000 -0.8660
vn -0.1830 -0.7071 -0.6831
vn -0.1830 -0.7071 -0.6831
vn -0.1830 -0.7071 -0.6831
vn -0.1830 0.7071 -0.6830
vn -0.1830 0.7071 -0.6830
vn -0.1830 0.7071 -0.6830
vn 0.0000 -1.0000 -0.0000
vn 0.0000 -1.0000 -0.0000
vn 0.2588 0.0000 -0.9659
vn 0.2588 0.0000 -0.9659
vn 0.2588 0.0000 -0.9659
vn 0.2588 0.0000 -0.9659
vn 0.7071 0.0000 -0.7071
vn 0.7071 0.0000 -0.7071
vn 0.7071 0.0000 -0.7071
vn 0.7071 0.0000 -0.7071
vn 0.9659 0.0000 -0.2588
vn 0.9659 0.0000 -0.2588
vn 0.9659 0.0000 -0.2588
vn 0.9659 0.0000 -0.2588
vn 0.9659 -0.0000 0.2588
vn 0.9659 -0.0000 0.2588
vn 0.9659 -0.0000 0.2588
vn 0.9659 -0.0000 0.2588
vn 0.7071 -0.0000 0.7071
vn 0.7071 -0.0000 0.7071
vn 0.7071 -0.0000 0.7071
vn 0.7071 -0.0000 0.7071
vn 0.2588 -0.0000 0.9659
vn 0.2588 -0.0000 0.9659
vn 0.2588 -0.0000 0.9659
vn 0.2588 -0.0000 0.9659
vn -0.2588 -0.0000 0.9659
vn -0.2588 -0.0000 0.9659
vn -0.2588 -0.0000 0.9659
vn -0.2588 -0.0000 0.9659
vn -0.7071 -0.0000 0.7071
vn -0.7071 -0.0000 0.7071
vn -0.7071 -0.0000 0.7071
vn -0.7071 -0.0000 0.7071
vn -0.9659 -0.0000 0.2588
vn -0.9659 -0.0000 0.2588
vn -0.9659 -0.0000 0.2588
vn -0.9659 -0.0000 0.2588
vn -0.9659 0.0000 -0.2588
vn -0.9659 0.0000 -0.2588
vn -0.9659 0.0000 -0.2588
vn -0.9659 0.0000 -0.2588
vn 0.0000 1.0000 -0.0000
vn 0.0000 1.0000 -0.0000
vn 0.0000 1.0000 -0.0000
vn 0.0000 1.0000 -0.0000
vn 0.0000 1.0000 -0.0000
vn 0.0000 1.0000 -0.0000
vn 0.0000 1.0000 -0.0000
vn 0.0000 1.0000 -0.0000
vn 0.0000 1.0000 -0.0000
vn 0.0000 1.0000 -0.0000
vn 0.0000 1.0000 -0.0000
vn 0.0000 1.0000 -0.0000
vn -0.7071 0.0000 -0.7071
vn -0.7071 0.0000 -0.7071
vn -0.7071 0.0000 -0.7071
vn -0.7071 0.0000 -0.7071
vn -0.2588 0.0000 -0.9659
vn -0.2588 0.0000 -0.9659
vn -0.2588 0.0000 -0.9659
vn -0.2588 0.0000 -0.9659
vn 0.0000 -1.0000 -0.0000
vn 0.0000 -1.0000 -0.0000
vn 0.0000 -1.0000 -0.0000
vn 0.0000 -1.0000 -0.0000
vn 0.0000 -1.0000 -0.0000
vn 0.0000 -1.0000 -0.0000
vn 0.0000 -1.0000 -0.0000
vn 0.0000 -1.0000 -0.0000
vn 0.0000 -1.0000 -0.0000
vn 0.0000 -1.0000 -0.0000
vn 0.0000 -1.0000 -0.0000
vn 0.0000 -1.0000 -0.0000
vn -0.6840 0.6133 -0.3950
vn -0.6840 0.6133 -0.3950
vn -0.6840 0.6133 -0.3950
vn 0.3949 -0.6134 0.6840
vn 0.3949 -0.6134 0.6840
vn -0.2588 0.0000 -0.9659
vn -0.2588 0.0000 -0.9659
vn -0.2588 0.0000 -0.9659
vn -0.2588 0.0000 -0.9659
vn -0.3949 -0.6133 -0.6841
vn -0.3949 -0.6133 -0.6841
vn 0.6840 0.6133 0.3950
vn 0.6840 0.6133 0.3950
vn 0.6840 0.6133 0.3950
vn 0.9659 0.0000 -0.2588
vn 0.9659 0.0000 -0.2588
vn -0.7899 0.6133 -0.0000
vn -0.7899 0.6133 -0.0000
vn -0.7899 0.6133 -0.0000
vn 0.6840 -0.6134 0.3949
vn 0.6840 -0.6134 0.3949
vn 0.6840 -0.6134 0.3949
vn 0.9659 -0.0000 0.2588
vn 0.9659 -0.0000 0.2588
vn 0.9659 -0.0000 0.2588
vn 0.9659 -0.0000 0.2588
vn -0.7899 -0.6133 -0.0001
vn -0.7899 -0.6133 -0.0001
vn -0.7899 -0.6133 -0.0001
vn 0.7898 0.6133 0.0000
vn 0.7898 0.6133 0.0000
vn 0.7898 0.6133 0.0000
vn 0.7071 -0.0000 0.7071
vn 0.7071 -0.0000 0.7071
vn 0.7071 -0.0000 0.7071
vn 0.7071 -0.0000 0.7071
vn -0.6840 0.6133 0.3949
vn -0.6840 0.6133 0.3949
vn -0.6840 0.6133 0.3949
vn 0.7899 -0.6133 -0.0000
vn 0.7899 -0.6133 -0.0000
vn 0.7899 -0.6133 -0.0000
vn 0.2588 -0.0000 0.9659
vn 0.2588 -0.0000 0.9659
vn 0.2588 -0.0000 0.9659
vn 0.2588 -0.0000 0.9659
vn -0.6840 -0.6133 0.3948
vn -0.6840 -0.6133 0.3948
vn -0.6840 -0.6133 0.3948
vn 0.6840 0.6133 -0.3949
vn 0.6840 0.6133 -0.3949
vn 0.6840 0.6133 -0.3949
vn -0.2588 -0.0000 0.9659
vn -0.2588 -0.0000 0.9659
vn -0.2588 -0.0000 0.9659
vn -0.2588 -0.0000 0.9659
vn -0.3950 0.6133 0.6840
vn -0.3950 0.6133 0.6840
vn 0.6840 -0.6133 -0.3950
vn 0.6840 -0.6133 -0.3950
vn 0.6840 -0.6133 -0.3950
vn -0.7071 -0.0000 0.7071
vn -0.7071 -0.0000 0.7071
vn -0.7071 -0.0000 0.7071
vn -0.7071 -0.0000 0.7071
vn -0.3950 -0.6134 0.6840
vn -0.3950 -0.6134 0.6840
vn 0.3949 0.6133 -0.6840
vn 0.3949 0.6133 -0.6840
vn -0.9659 -0.0000 0.2588
vn -0.9659 -0.0000 0.2588
vn -0.9659 -0.0000 0.2588
vn -0.9659 -0.0000 0.2588
vn -0.0000 0.6133 0.7899
vn -0.0000 0.6133 0.7899
vn -0.0000 0.6133 0.7899
vn 0.3949 -0.6133 -0.6840
vn 0.3949 -0.6133 -0.6840
vn -0.9659 0.0000 -0.2588
vn -0.9659 0.0000 -0.2588
vn -0.0000 -0.6133 0.7898
vn -0.0000 -0.6133 0.7898
vn -0.0000 -0.6133 0.7898
vn 0.0000 0.6133 -0.7899
vn 0.0000 0.6133 -0.7899
vn 0.0000 0.6133 -0.7899
vn -0.7071 0.0000 -0.7071
vn -0.7071 0.0000 -0.7071
vn -0.7071 0.0000 -0.7071
vn -0.7071 0.0000 -0.7071
vn 0.7071 0.0000 -0.7071
vn 0.7071 0.0000 -0.7071
vn 0.7071 0.0000 -0.7071
vn 0.7071 0.0000 -0.7071
vn 0.0000 -0.6133 -0.7899
vn 0.0000 -0.6133 -0.7899
vn 0.0000 -0.6133 -0.7899
vn -0.6840 -0.6133 -0.3950
vn -0.6840 -0.6133 -0.3950
vn -0.6840 -0.6133 -0.3950
vn 0.3949 0.6133 0.6840
vn 0.3949 0.6133 0.6840
vn 0.0000 1.0000 -0.0000
vn 0.0000 1.0000 -0.0000
vn 0.2588 0.0000 -0.9659
vn 0.2588 0.0000 -0.9659
vn 0.2588 0.0000 -0.9659
vn 0.2588 0.0000 -0.9659
vn -0.3949 0.6133 -0.6841
vn -0.3949 0.6133 -0.6841
vn 0.1830 -0.7071 -0.6830
vn 0.1830 -0.7071 -0.6830
vn 0.1830 -0.7071 -0.6830
vn 0.1830 0.7071 -0.6830
vn 0.1830 0.7071 -0.6830
vn 0.1830 0.7071 -0.6830
vn 0.0000 0.0000 -1.0000
vn 0.0000 0.0000 -1.0000
vn 0.0000 0.0000 -1.0000
vn 0.0000 0.0000 -1.0000
vn 0.5000 0.0000 -0.8660
vn 0.5000 0.0000 -0.8660
vn 0.5000 -0.7071 -0.5000
vn 0.5000 -0.7071 -0.5000
vn 0.5000 0.7071 -0.5000
vn 0.5000 0.7071 -0.5000
vn 0.8660 0.0000 -0.5000
vn 0.8660 0.0000 -0.5000
vn 1.0000 0.0000 -0.0000
vn 1.0000 0.0000 -0.0000
vn 1.0000 0.0000 -0.0000
vn 1.0000 0.0000 -0.0000
vn 0.6830 -0.7071 0.1830
vn 0.6830 0.7071 0.1830
vn 0.8660 -0.0000 0.5000
vn 0.8660 -0.0000 0.5000
vn 0.5000 -0.7071 0.5000
vn 0.5000 -0.7071 0.5000
vn 0.5000 0.7071 0.5001
vn 0.5000 0.7071 0.5001
vn 0.5000 -0.0000 0.8660
vn 0.5000 -0.0000 0.8660
vn 0.1830 -0.7071 0.6830
vn 0.1830 -0.7071 0.6830
vn 0.1830 -0.7071 0.6830
vn 0.1830 0.7071 0.6830
vn 0.1830 0.7071 0.6830
vn 0.1830 0.7071 0.6830
vn -0.0000 -0.0000 1.0000
vn -0.0000 -0.0000 1.0000
vn -0.0000 -0.0000 1.0000
vn -0.0000 -0.0000 1.0000
vn -0.1830 -0.7072 0.6830
vn -0.1830 -0.7072 0.6830
vn -0.1830 -0.7072 0.6830
vn -0.1830 0.7071 0.6830
vn -0.1830 0.7071 0.6830
vn -0.1830 0.7071 0.6830
vn -0.5000 -0.0000 0.8660
vn -0.5000 -0.0000 0.8660
vn -0.5000 -0.7071 0.5000
vn -0.5000 -0.7071 0.5000
vn -0.5000 0.7071 0.5000
vn -0.5000 0.7071 0.5000
vn -0.8661 -0.0000 0.4999
vn -0.8661 -0.0000 0.4999
vn -0.6830 -0.7071 0.1829
vn -0.6830 0.7071 0.1830
vn -1.0000 0.0000 -0.0000
vn -1.0000 0.0000 -0.0000
vn -1.0000 0.0000 -0.0000
vn -1.0000 0.0000 -0.0000
vn -0.8660 0.0000 -0.5000
vn -0.8660 0.0000 -0.5000
vn -0.5000 -0.7071 -0.5001
vn -0.5000 -0.7071 -0.5001
vn -0.5000 0.7071 -0.5000
vn -0.5000 0.7071 -0.5000
vn -0.5000 0.0000 -0.8660
vn -0.5000 0.0000 -0.8660
vn -0.1830 -0.7071 -0.6831
vn -0.1830 -0.7071 -0.6831
vn -0.1830 -0.7071 -0.6831
vn -0.1830 0.7071 -0.6830
vn -0.1830 0.7071 -0.6830
vn -0.1830 0.7071 -0.6830
vn 0.0000 -1.0000 -0.0000
vn 0.0000 -1.0000 -0.0000
vn 0.2588 0.0000 -0.9659
vn 0.2588 0.0000 -0.9659
vn 0.2588 0.0000 -0.9659
vn 0.2588 0.0000 -0.9659
vn 0.7071 0.0000 -0.7071
vn 0.7071 0.0000 -0.7071
vn 0.7071 0.0000 -0.7071
vn 0.7071 0.0000 -0.7071
vn 0.9659 0.0000 -0.2588
vn 0.9659 0.0000 -0.2588
vn 0.9659 0.0000 -0.2588
vn 0.9659 0.0000 -0.2588
vn 0.9659 -0.0000 0.2588
vn 0.9659 -0.0000 0.2588
vn 0.9659 -0.0000 0.2588
vn 0.9659 -0.0000 0.2588
vn 0.7071 -0.0000 0.7071
vn 0.7071 -0.0000 0.7071
vn 0.7071 -0.0000 0.7071
vn 0.7071 -0.0000 0.7071
vn 0.2588 -0.0000 0.9659
vn 0.2588 -0.0000 0.9659
vn 0.2588 -0.0000 0.9659
vn 0.2588 -0.0000 0.9659
vn -0.2588 -0.0000 0.9659
vn -0.2588 -0.0000 0.9659
vn -0.2588 -0.0000 0.9659
vn -0.2588 -0.0000 0.9659
vn -0.7071 -0.0000 0.7071
vn -0.7071 -0.0000 0.7071
vn -0.7071 -0.0000 0.7071
vn -0.7071 -0.0000 0.7071
vn -0.9659 -0.0000 0.2588
vn -0.9659 -0.0000 0.2588
vn -0.9659 -0.0000 0.2588
vn -0.9659 -0.0000 0.2588
vn -0.9659 0.0000 -0.2588
vn -0.9659 0.0000 -0.2588
vn -0.9659 0.0000 -0.2588
vn -0.9659 0.0000 -0.2588
vn 0.0000 1.0000 -0.0000
vn 0.0000 1.0000 -0.0000
vn 0.0000 1.0000 -0.0000
vn 0.0000 1.0000 -0.0000
vn 0.0000 1.0000 -0.0000
vn 0.0000 1.0000 -0.0000
vn 0.0000 1.0000 -0.0000
vn 0.0000 1.0000 -0.0000
vn 0.0000 1.0000 -0.0000
vn 0.0000 1.0000 -0.0000
vn 0.0000 1.0000 -0.0000
vn 0.0000 1.0000 -0.0000
vn -0.7071 0.0000 -0.7071
vn -0.7071 0.0000 -0.7071
vn -0.7071 0.0000 -0.7071
vn -0.7071 0.0000 -0.7071
vn -0.2588 0.0000 -0.9659
vn -0.2588 0.0000 -0.9659
vn -0.2588 0.0000 -0.9659
vn -0.2588 0.0000 -0.9659
vn 0.0000 -1.0000 -0.0000
vn 0.0000 -1.0000 -0.0000
vn 0.0000 -1.0000 -0.0000
vn 0.0000 -1.0000 -0.0000
vn 0.0000 -1.0000 -0.0000
vn 0.0000 -1.0000 -0.0000
vn 0.0000 -1.0000 -0.0000
vn 0.0000 -1.0000 -0.0000
vn 0.0000 -1.0000 -0.0000
vn 0.0000 -1.0000 -0.0000
vn 0.0000 -1.0000 -0.0000
vn 0.0000 -1.0000 -0.0000
vn -0.6840 0.6133 -0.3950
vn -0.6840 0.6133 -0.3950
vn -0.6840 0.6133 -0.3950
vn 0.3949 -0.6134 0.6840
vn 0.3949 -0.6134 0.6840
vn 0.3949 -0.6134 0.6840
vn -0.2588 0.0000 -0.9659
vn -0.2588 0.0000 -0.9659
vn -0.2588 0.0000 -0.9659
vn -0.2588 0.0000 -0.9659
vn -0.3949 -0.6133 -0.6841
vn -0.3949 -0.6133 -0.6841
vn -0.3949 -0.6133 -0.6841
vn 0.6840 0.6133 0.3950
vn 0.6840 0.6133 0.3950
vn 0.6840 0.6133 0.3950
vn 0.9659 0.0000 -0.2588
vn 0.9659 0.0000 -0.2588
vn 0.9659 0.0000 -0.2588
vn 0.9659 0.0000 -0.2588
vn -0.7899 0.6132 -0.0000
vn -0.7899 0.6132 -0.0000
vn -0.7899 0.6132 -0.0000
vn 0.6840 -0.6134 0.3949
vn 0.6840 -0.6134 0.3949
vn 0.6840 -0.6134 0.3949
vn 0.9659 -0.0000 0.2588
vn 0.9659 -0.0000 0.2588
vn 0.9659 -0.0000 0.2588
vn 0.9659 -0.0000 0.2588
vn -0.7899 -0.6133 -0.0001
vn -0.7899 -0.6133 -0.0001
vn -0.7899 -0.6133 -0.0001
vn 0.7899 0.6133 0.0000
vn 0.7899 0.6133 0.0000
vn 0.7899 0.6133 0.0000
vn 0.7071 -0.0000 0.7071
vn 0.7071 -0.0000 0.7071
vn 0.7071 -0.0000 0.7071
vn 0.7071 -0.0000 0.7071
vn -0.6840 0.6133 0.3949
vn -0.6840 0.6133 0.3949
vn -0.6840 0.6133 0.3949
vn 0.7899 -0.6133 -0.0000
vn 0.7899 -0.6133 -0.0000
vn 0.7899 -0.6133 -0.0000
vn 0.2588 -0.0000 0.9659
vn 0.2588 -0.0000 0.9659
vn 0.2588 -0.0000 0.9659
vn 0.2588 -0.0000 0.9659
vn -0.6840 -0.6133 0.3948
vn -0.6840 -0.6133 0.3948
vn -0.6840 -0.6133 0.3948
vn 0.6840 0.6133 -0.3949
vn 0.6840 0.6133 -0.3949
vn 0.6840 0.6133 -0.3949
vn -0.2588 -0.0000 0.9659
vn -0.2588 -0.0000 0.9659
vn -0.2588 -0.0000 0.9659
vn -0.2588 -0.0000 0.9659
vn -0.3950 0.6133 0.6840
vn -0.3950 0.6133 0.6840
vn -0.3950 0.6133 0.6840
vn 0.6840 -0.6133 -0.3950
vn 0.6840 -0.6133 -0.3950
vn 0.6840 -0.6133 -0.3950
vn -0.7071 -0.0000 0.7071
vn -0.7071 -0.0000 0.7071
vn -0.7071 -0.0000 0.7071
vn -0.7071 -0.0000 0.7071
vn -0.3950 -0.6134 0.6840
vn -0.3950 -0.6134 0.6840
vn -0.3950 -0.6134 0.6840
vn 0.3949 0.6133 -0.6840
vn 0.3949 0.6133 -0.6840
vn 0.3949 0.6133 -0.6840
vn -0.9659 -0.0000 0.2588
vn -0.9659 -0.0000 0.2588
vn -0.9659 -0.0000 0.2588
vn -0.9659 -0.0000 0.2588
vn -0.0000 0.6133 0.7899
vn -0.0000 0.6133 0.7899
vn -0.0000 0.6133 0.7899
vn 0.3949 -0.6133 -0.6840
vn 0.3949 -0.6133 -0.6840
vn 0.3949 -0.6133 -0.6840
vn -0.9659 0.0000 -0.2588
vn -0.9659 0.0000 -0.2588
vn -0.9659 0.0000 -0.2588
vn -0.9659 0.0000 -0.2588
vn -0.0000 -0.6133 0.7898
vn -0.0000 -0.6133 0.7898
vn -0.0000 -0.6133 0.7898
vn 0.0000 0.6133 -0.7899
vn 0.0000 0.6133 -0.7899
vn 0.0000 0.6133 -0.7899
vn -0.7071 0.0000 -0.7071
vn -0.7071 0.0000 -0.7071
vn -0.7071 0.0000 -0.7071
vn -0.7071 0.0000 -0.7071
vn 0.7071 0.0000 -0.7071
vn 0.7071 0.0000 -0.7071
vn 0.7071 0.0000 -0.7071
vn 0.7071 0.0000 -0.7071
vn 0.0000 -0.6133 -0.7899
vn 0.0000 -0.6133 -0.7899
vn 0.0000 -0.6133 -0.7899
vn -0.6840 -0.6133 -0.3950
vn -0.6840 -0.6133 -0.3950
vn -0.6840 -0.6133 -0.3950
vn 0.3949 0.6133 0.6840
vn 0.3949 0.6133 0.6840
vn 0.3949 0.6133 0.6840
vn 0.0000 1.0000 -0.0000
vn 0.0000 1.0000 -0.0000
vn 0.0000 1.0000 -0.0000
vn 0.0000 1.0000 -0.0000
vn 0.0000 1.0000 -0.0000
vn 0.0000 1.0000 -0.0000
vn 0.0000 1.0000 -0.0000
vn 0.0000 1.0000 -0.0000
vn 0.0000 1.0000 -0.0000
vn 0.0000 1.0000 -0.0000
vn 0.0000 1.0000 -0.0000
vn 0.0000 1.0000 -0.0000
vn 0.2588 0.0000 -0.9659
vn 0.2588 0.0000 -0.9659
vn 0.2588 0.0000 -0.9659
vn 0.2588 0.0000 -0.9659
vn -0.3949 0.6133 -0.6841
vn -0.3949 0.6133 -0.6841
vn -0.3949 0.6133 -0.6841
vn 0.1830 -0.7071 -0.6830
vn 0.1830 -0.7071 -0.6830
vn 0.1830 -0.7071 -0.6830
vn 0.1830 -0.7071 -0.6830
vn 0.1830 0.7071 -0.6830
vn 0.1830 0.7071 -0.6830
vn 0.1830 0.7071 -0.6830
vn 0.1830 0.7071 -0.6830
vn 0.0000 0.0000 -1.0000
vn 0.0000 0.0000 -1.0000
vn 0.0000 0.0000 -1.0000
vn 0.0000 0.0000 -1.0000
vn 0.5000 0.0000 -0.8660
vn 0.5000 0.0000 -0.8660
vn 0.5000 0.0000 -0.8660
vn 0.5000 0.0000 -0.8660
vn 0.5000 -0.7071 -0.5000
vn 0.5000 -0.7071 -0.5000
vn 0.5000 -0.7071 -0.5000
vn 0.5000 -0.7071 -0.5000
vn 0.5000 0.7071 -0.5000
vn 0.5000 0.7071 -0.5000
vn 0.5000 0.7071 -0.5000
vn 0.5000 0.7071 -0.5000
vn 0.8660 0.0000 -0.5000
vn 0.8660 0.0000 -0.5000
vn 0.8660 0.0000 -0.5000
vn 0.8660 0.0000 -0.5000
vn 0.6830 -0.7071 -0.1830
vn 0.6830 -0.7071 -0.1830
vn 0.6830 -0.7071 -0.1830
vn 0.6830 -0.7071 -0.1830
vn 0.6830 0.7071 -0.1830
vn 0.6830 0.7071 -0.1830
vn 0.6830 0.7071 -0.1830
vn 0.6830 0.7071 -0.1830
vn 1.0000 0.0000 -0.0000
vn 1.0000 0.0000 -0.0000
vn 1.0000 0.0000 -0.0000
vn 1.0000 0.0000 -0.0000
vn 0.6830 -0.7071 0.1830
vn 0.6830 -0.7071 0.1830
vn 0.6830 -0.7071 0.1830
vn 0.6830 -0.7071 0.1830
vn 0.6830 0.7071 0.1830
vn 0.6830 0.7071 0.1830
vn 0.6830 0.7071 0.1830
vn 0.6830 0.7071 0.1830
vn 0.8660 -0.0000 0.5000
vn 0.8660 -0.0000 0.5000
vn 0.8660 -0.0000 0.5000
vn 0.8660 -0.0000 0.5000
vn 0.5000 -0.7071 0.5000
vn 0.5000 -0.7071 0.5000
vn 0.5000 -0.7071 0.5000
vn 0.5000 -0.7071 0.5000
vn 0.5000 0.7071 0.5001
vn 0.5000 0.7071 0.5001
vn 0.5000 0.7071 0.5001
vn 0.5000 0.7071 0.5001
vn 0.5000 -0.0000 0.8660
vn 0.5000 -0.0000 0.8660
vn 0.5000 -0.0000 0.8660
vn 0.5000 -0.0000 0.8660
vn 0.1830 -0.7071 0.6830
vn 0.1830 -0.7071 0.6830
vn 0.1830 -0.7071 0.6830
vn 0.1830 -0.7071 0.6830
vn 0.1830 0.7071 0.6830
vn 0.1830 0.7071 0.6830
vn 0.1830 0.7071 0.6830
vn 0.1830 0.7071 0.6830
vn -0.0000 -0.0000 1.0000
vn -0.0000 -0.0000 1.0000
vn -0.0000 -0.0000 1.0000
vn -0.0000 -0.0000 1.0000
vn -0.1830 -0.7072 0.6830
vn -0.1830 -0.7072 0.6830
vn -0.1830 -0.7072 0.6830
vn -0.1830 -0.7072 0.6830
vn -0.1830 0.7071 0.6830
vn -0.1830 0.7071 0.6830
vn -0.1830 0.7071 0.6830
vn -0.1830 0.7071 0.6830
vn -0.5000 -0.0000 0.8660
vn -0.5000 -0.0000 0.8660
vn -0.5000 -0.0000 0.8660
vn -0.5000 -0.0000 0.8660
vn -0.5000 -0.7071 0.5000
vn -0.5000 -0.7071 0.5000
vn -0.5000 -0.7071 0.5000
vn -0.5000 -0.7071 0.5000
vn -0.5000 0.7071 0.5000
vn -0.5000 0.7071 0.5000
vn -0.5000 0.7071 0.5000
vn -0.5000 0.7071 0.5000
vn -0.8661 -0.0000 0.4999
vn -0.8661 -0.0000 0.4999
vn -0.8661 -0.0000 0.4999
vn -0.8661 -0.0000 0.4999
vn -0.6830 -0.7071 0.1829
vn -0.6830 -0.7071 0.1829
vn -0.6830 -0.7071 0.1829
vn -0.6830 -0.7071 0.1829
vn -0.6830 0.7071 0.1830
vn -0.6830 0.7071 0.1830
vn -0.6830 0.7071 0.1830
vn -0.6830 0.7071 0.1830
vn -1.0000 0.0000 -0.0000
vn -1.0000 0.0000 -0.0000
vn -1.0000 0.0000 -0.0000
vn -1.0000 0.0000 -0.0000
vn -0.6830 -0.7071 -0.1831
vn -0.6830 -0.7071 -0.1831
vn -0.6830 -0.7071 -0.1831
vn -0.6830 -0.7071 -0.1831
vn -0.6830 0.7071 -0.1830
vn -0.6830 0.7071 -0.1830
vn -0.6830 0.7071 -0.1830
vn -0.6830 0.7071 -0.1830
vn -0.8660 0.0000 -0.5000
vn -0.8660 0.0000 -0.5000
vn -0.8660 0.0000 -0.5000
vn -0.8660 0.0000 -0.5000
vn -0.5000 -0.7071 -0.5001
vn -0.5000 -0.7071 -0.5001
vn -0.5000 -0.7071 -0.5001
vn -0.5000 -0.7071 -0.5001
vn -0.5000 0.7071 -0.5000
vn -0.5000 0.7071 -0.5000
vn -0.5000 0.7071 -0.5000
vn -0.5000 0.7071 -0.5000
vn -0.5000 0.0000 -0.8660
vn -0.5000 0.0000 -0.8660
vn -0.5000 0.0000 -0.8660
vn -0.5000 0.0000 -0.8660
vn -0.1830 -0.7071 -0.6831
vn -0.1830 -0.7071 -0.6831
vn -0.1830 -0.7071 -0.6831
vn -0.1830 -0.7071 -0.6831
vn -0.1830 0.7071 -0.6830
vn -0.1830 0.7071 -0.6830
vn -0.1830 0.7071 -0.6830
vn -0.1830 0.7071 -0.6830
vn 0.0000 -1.0000 -0.0000
vn 0.0000 -1.0000 -0.0000
vn 0.0000 -1.0000 -0.0000
vn 0.0000 -1.0000 -0.0000
vn 0.0000 -1.0000 -0.0000
vn 0.0000 -1.0000 -0.0000
vn 0.0000 -1.0000 -0.0000
vn 0.0000 -1.0000 -0.0000
vn 0.0000 -1.0000 -0.0000
vn 0.0000 -1.0000 -0.0000
vn 0.0000 -1.0000 -0.0000
vn 0.0000 -1.0000 -0.0000
vn 0.2588 0.0000 -0.9659
vn 0.2588 0.0000 -0.9659
vn 0.2588 0.0000 -0.9659
vn 0.2588 0.0000 -0.9659
vn 0.7071 0.0000 -0.7071
vn 0.7071 0.0000 -0.7071
vn 0.7071 0.0000 -0.7071
vn 0.7071 0.0000 -0.7071
vn 0.9659 0.0000 -0.2588
vn 0.9659 0.0000 -0.2588
vn 0.9659 0.0000 -0.2588
vn 0.9659 0.0000 -0.2588
vn 0.9659 -0.0000 0.2588
vn 0.9659 -0.0000 0.2588
vn 0.9659 -0.0000 0.2588
vn 0.9659 -0.0000 0.2588
vn 0.7071 -0.0000 0.7071
vn 0.7071 -0.0000 0.7071
vn 0.7071 -0.0000 0.7071
vn 0.7071 -0.0000 0.7071
vn 0.2588 -0.0000 0.9659
vn 0.2588 -0.0000 0.9659
vn 0.2588 -0.0000 0.9659
vn 0.2588 -0.0000 0.9659
vn -0.2588 -0.0000 0.9659
vn -0.2588 -0.0000 0.9659
vn -0.2588 -0.0000 0.9659
vn -0.2588 -0.0000 0.9659
vn -0.7071 -0.0000 0.7071
vn -0.7071 -0.0000 0.7071
vn -0.7071 -0.0000 0.7071
vn -0.7071 -0.0000 0.7071
vn -0.9659 -0.0000 0.2588
vn -0.9659 -0.0000 0.2588
vn -0.9659 -0.0000 0.2588
vn -0.9659 -0.0000 0.2588
vn -0.9659 0.0000 -0.2588
vn -0.9659 0.0000 -0.2588
vn -0.9659 0.0000 -0.2588
vn -0.9659 0.0000 -0.2588
vn 0.0000 1.0000 -0.0000
vn 0.0000 1.0000 -0.0000
vn 0.0000 1.0000 -0.0000
vn 0.0000 1.0000 -0.0000
vn 0.0000 1.0000 -0.0000
vn 0.0000 1.0000 -0.0000
vn 0.0000 1.0000 -0.0000
vn 0.0000 1.0000 -0.0000
vn 0.0000 1.0000 -0.0000
vn 0.0000 1.0000 -0.0000
vn 0.0000 1.0000 -0.0000
vn 0.0000 1.0000 -0.0000
vn -0.7071 0.0000 -0.7071
vn -0.7071 0.0000 -0.7071
vn -0.7071 0.0000 -0.7071
vn -0.7071 0.0000 -0.7071
vn -0.2588 0.0000 -0.9659
vn -0.2588 0.0000 -0.9659
vn -0.2588 0.0000 -0.9659
vn -0.2588 0.0000 -0.9659
vn 0.0000 -1.0000 -0.0000
vn 0.0000 -1.0000 -0.0000
vn 0.0000 -1.0000 -0.0000
vn 0.0000 -1.0000 -0.0000
vn 0.0000 -1.0000 -0.0000
vn 0.0000 -1.0000 -0.0000
vn 0.0000 -1.0000 -0.0000
vn 0.0000 -1.0000 -0.0000
vn 0.0000 -1.0000 -0.0000
vn 0.0000 -1.0000 -0.0000
vn 0.0000 -1.0000 -0.0000
vn 0.0000 -1.0000 -0.0000
vn -0.0000 -0.0000 1.0000
vn -0.0000 -0.0000 1.0000
vn -0.0000 -0.0000 1.0000
vn -0.0000 -0.0000 1.0000
vn 1.0000 0.0000 -0.0000
vn 1.0000 0.0000 -0.0000
vn 1.0000 0.0000 -0.0000
vn 1.0000 0.0000 -0.0000
vn 0.0000 1.0000 -0.0000
vn 0.0000 1.0000 -0.0000
vn 0.0000 1.0000 -0.0000
vn 0.0000 1.0000 -0.0000
vn -1.0000 0.0000 -0.0000
vn -1.0000 0.0000 -0.0000
vn -1.0000 0.0000 -0.0000
vn -1.0000 0.0000 -0.0000
vn 0.0000 0.0000 -1.0000
vn 0.0000 0.0000 -1.0000
vn 0.0000 0.0000 -1.0000
vn 0.0000 0.0000 -1.0000
vn -0.5774 -0.5773 0.5774
vn -0.5774 -0.5773 0.5774
vn -0.5774 -0.5773 0.5774
vn -0.5774 0.5772 0.5774
vn -0.5774 0.5772 0.5774
vn -0.5774 0.5772 0.5774
vn -0.5774 -0.5774 -0.5773
vn -0.5774 -0.5774 -0.5773
vn -0.5774 -0.5774 -0.5773
vn -0.5774 0.5773 -0.5774
vn -0.5774 0.5773 -0.5774
vn -0.5774 0.5773 -0.5774
vn 0.5774 -0.5773 0.5774
vn 0.5774 -0.5773 0.5774
vn 0.5774 -0.5773 0.5774
vn 0.5774 0.5772 0.5775
vn 0.5774 0.5772 0.5775
vn 0.5774 0.5772 0.5775
vn 0.5774 -0.5774 -0.5772
vn 0.5774 -0.5774 -0.5772
vn 0.5774 -0.5774 -0.5772
vn 0.5774 0.5774 -0.5773
vn 0.5774 0.5774 -0.5773
vn 0.5774 0.5774 -0.5773
vn -0.7071 -0.7071 -0.0001
vn -0.7071 -0.7071 -0.0001
vn -0.7071 -0.7071 -0.0001
vn -0.7071 -0.7071 -0.0001
vn -0.7071 -0.0000 0.7071
vn -0.7071 -0.0000 0.7071
vn -0.7071 -0.0000 0.7071
vn -0.7071 -0.0000 0.7071
vn -0.7071 0.7071 -0.0000
vn -0.7071 0.7071 -0.0000
vn -0.7071 0.7071 -0.0000
vn -0.7071 0.7071 -0.0000
vn -0.7071 0.0000 -0.7071
vn -0.7071 0.0000 -0.7071
vn -0.7071 0.0000 -0.7071
vn -0.7071 0.0000 -0.7071
vn 0.0000 -0.7071 -0.7071
vn 0.0000 -0.7071 -0.7071
vn 0.0000 -0.7071 -0.7071
vn 0.0000 -0.7071 -0.7071
vn 0.0000 0.7071 -0.7071
vn 0.0000 0.7071 -0.7071
vn 0.0000 0.7071 -0.7071
vn 0.0000 0.7071 -0.7071
vn 0.7071 0.0000 -0.7071
vn 0.7071 0.0000 -0.7071
vn 0.7071 0.0000 -0.7071
vn 0.7071 0.0000 -0.7071
vn 0.7071 -0.7071 -0.0000
vn 0.7071 -0.7071 -0.0000
vn 0.7071 -0.7071 -0.0000
vn 0.7071 -0.7071 -0.0000
vn 0.7071 0.7071 0.0000
vn 0.7071 0.7071 0.0000
vn 0.7071 0.7071 0.0000
vn 0.7071 0.7071 0.0000
vn 0.7071 -0.0000 0.7071
vn 0.7071 -0.0000 0.7071
vn 0.7071 -0.0000 0.7071
vn 0.7071 -0.0000 0.7071
vn -0.0000 -0.7071 0.7071
vn -0.0000 -0.7071 0.7071
vn -0.0000 -0.7071 0.7071
vn -0.0000 -0.7071 0.7071
vn -0.0000 0.7071 0.7071
vn -0.0000 0.7071 0.7071
vn -0.0000 0.7071 0.7071
vn -0.0000 0.7071 0.7071
vn 0.0000 -1.0000 -0.0000
vn 0.0000 -1.0000 -0.0000
vn 0.0000 -1.0000 -0.0000
vn 0.0000 -1.0000 -0.0000
vn -1.0000 0.0000 -0.0000
vn -1.0000 0.0000 -0.0000
vn -1.0000 0.0000 -0.0000
vn -1.0000 0.0000 -0.0000
vn 0.0000 0.0000 -1.0000
vn 0.0000 0.0000 -1.0000
vn 0.0000 0.0000 -1.0000
vn 0.0000 0.0000 -1.0000
vn 1.0000 0.0000 -0.0000
vn 1.0000 0.0000 -0.0000
vn 1.0000 0.0000 -0.0000
vn 1.0000 0.0000 -0.0000
vn -0.0000 -0.0000 1.0000
vn -0.0000 -0.0000 1.0000
vn -0.0000 -0.0000 1.0000
vn -0.0000 -0.0000 1.0000
vn 0.0000 -1.0000 -0.0000
vn 0.0000 -1.0000 -0.0000
vn 0.0000 -1.0000 -0.0000
vn 0.0000 -1.0000 -0.0000
vn 0.0000 1.0000 -0.0000
vn 0.0000 1.0000 -0.0000
vn 0.0000 1.0000 -0.0000
vn 0.0000 1.0000 -0.0000
vn 0.3090 0.0000 -0.9511
vn 0.3090 0.0000 -0.9511
vn 0.3090 0.0000 -0.9511
vn 0.3090 0.0000 -0.9511
vn 0.8090 0.0000 -0.5878
vn 0.8090 0.0000 -0.5878
vn 0.8090 0.0000 -0.5878
vn 0.8090 0.0000 -0.5878
vn 1.0000 0.0000 -0.0000
vn 1.0000 0.0000 -0.0000
vn 1.0000 0.0000 -0.0000
vn 1.0000 0.0000 -0.0000
vn 0.8090 -0.0000 0.5878
vn 0.8090 -0.0000 0.5878
vn 0.8090 -0.0000 0.5878
vn 0.8090 -0.0000 0.5878
vn 0.3090 -0.0000 0.9511
vn 0.3090 -0.0000 0.9511
vn 0.3090 -0.0000 0.9511
vn 0.3090 -0.0000 0.9511
vn -0.3090 -0.0000 0.9511
vn -0.3090 -0.0000 0.9511
vn -0.3090 -0.0000 0.9511
vn -0.3090 -0.0000 0.9511
vn -0.8090 -0.0000 0.5878
vn -0.8090 -0.0000 0.5878
vn -0.8090 -0.0000 0.5878
vn -0.8090 -0.0000 0.5878
vn -1.0000 0.0000 -0.0000
vn -1.0000 0.0000 -0.0000
vn -1.0000 0.0000 -0.0000
vn -1.0000 0.0000 -0.0000
vn 0.0000 1.0000 -0.0000
vn 0.0000 1.0000 -0.0000
vn 0.0000 1.0000 -0.0000
vn 0.0000 1.0000 -0.0000
vn 0.0000 1.0000 -0.0000
vn 0.0000 1.0000 -0.0000
vn 0.0000 1.0000 -0.0000
vn 0.0000 1.0000 -0.0000
vn 0.0000 1.0000 -0.0000
vn 0.0000 1.0000 -0.0000
vn -0.8090 0.0000 -0.5878
vn -0.8090 0.0000 -0.5878
vn -0.8090 0.0000 -0.5878
vn -0.8090 0.0000 -0.5878
vn -0.3090 0.0000 -0.9511
vn -0.3090 0.0000 -0.9511
vn -0.3090 0.0000 -0.9511
vn -0.3090 0.0000 -0.9511
vn 0.0000 -1.0000 -0.0000
vn 0.0000 -1.0000 -0.0000
vn 0.0000 -1.0000 -0.0000
vn 0.0000 -1.0000 -0.0000
vn 0.0000 -1.0000 -0.0000
vn 0.0000 -1.0000 -0.0000
vn 0.0000 -1.0000 -0.0000
vn 0.0000 -1.0000 -0.0000
vn 0.0000 -1.0000 -0.0000
vn 0.0000 -1.0000 -0.0000
vn 0.3090 0.0000 -0.9511
vn 0.3090 0.0000 -0.9511
vn 0.3090 0.0000 -0.9511
vn 0.3090 0.0000 -0.9511
vn 0.8090 0.0000 -0.5878
vn 0.8090 0.0000 -0.5878
vn 0.8090 0.0000 -0.5878
vn 0.8090 0.0000 -0.5878
vn 1.0000 0.0000 -0.0000
vn 1.0000 0.0000 -0.0000
vn 1.0000 0.0000 -0.0000
vn 1.0000 0.0000 -0.0000
vn 0.8090 -0.0000 0.5878
vn 0.8090 -0.0000 0.5878
vn 0.8090 -0.0000 0.5878
vn 0.8090 -0.0000 0.5878
vn 0.3090 -0.0000 0.9511
vn 0.3090 -0.0000 0.9511
vn 0.3090 -0.0000 0.9511
vn 0.3090 -0.0000 0.9511
vn -0.3090 -0.0000 0.9511
vn -0.3090 -0.0000 0.9511
vn -0.3090 -0.0000 0.9511
vn -0.3090 -0.0000 0.9511
vn -0.8090 -0.0000 0.5878
vn -0.8090 -0.0000 0.5878
vn -0.8090 -0.0000 0.5878
vn -0.8090 -0.0000 0.5878
vn -1.0000 0.0000 -0.0000
vn -1.0000 0.0000 -0.0000
vn -1.0000 0.0000 -0.0000
vn -1.0000 0.0000 -0.0000
vn 0.0000 1.0000 -0.0000
vn 0.0000 1.0000 -0.0000
vn 0.0000 1.0000 -0.0000
vn 0.0000 1.0000 -0.0000
vn 0.0000 1.0000 -0.0000
vn 0.0000 1.0000 -0.0000
vn 0.0000 1.0000 -0.0000
vn 0.0000 1.0000 -0.0000
vn 0.0000 1.0000 -0.0000
vn 0.0000 1.0000 -0.0000
vn -0.8090 0.0000 -0.5878
vn -0.8090 0.0000 -0.5878
vn -0.8090 0.0000 -0.5878
vn -0.8090 0.0000 -0.5878
vn -0.3090 0.0000 -0.9511
vn -0.3090 0.0000 -0.9511
vn -0.3090 0.0000 -0.9511
vn -0.3090 0.0000 -0.9511
vn 0.0000 -1.0000 -0.0000
vn 0.0000 -1.0000 -0.0000
vn 0.0000 -1.0000 -0.0000
vn 0.0000 -1.0000 -0.0000
vn 0.0000 -1.0000 -0.0000
vn 0.0000 -1.0000 -0.0000
vn 0.0000 -1.0000 -0.0000
vn 0.0000 -1.0000 -0.0000
vn 0.0000 -1.0000 -0.0000
vn 0.0000 -1.0000 -0.0000
vn -1.0000 0.0000 -0.0000
vn -1.0000 0.0000 -0.0000
vn -1.0000 0.0000 -0.0000
vn -1.0000 0.0000 -0.0000
vn 0.0000 0.0000 -1.0000
vn 0.0000 0.0000 -1.0000
vn 0.0000 0.0000 -1.0000
vn 0.0000 0.0000 -1.0000
vn 1.0000 0.0000 -0.0000
vn 1.0000 0.0000 -0.0000
vn 1.0000 0.0000 -0.0000
vn 1.0000 0.0000 -0.0000
vn -0.0000 -0.0000 1.0000
vn -0.0000 -0.0000 1.0000
vn -0.0000 -0.0000 1.0000
vn -0.0000 -0.0000 1.0000
vn 0.0000 -1.0000 -0.0000
vn 0.0000 -1.0000 -0.0000
vn 0.0000 -1.0000 -0.0000
vn 0.0000 -1.0000 -0.0000
vn 0.0000 1.0000 -0.0000
vn 0.0000 1.0000 -0.0000
vn 0.0000 1.0000 -0.0000
vn 0.0000 1.0000 -0.0000
vn -1.0000 0.0000 -0.0000
vn -1.0000 0.0000 -0.0000
vn -1.0000 0.0000 -0.0000
vn -1.0000 0.0000 -0.0000
vn 0.0000 0.0000 -1.0000
vn 0.0000 0.0000 -1.0000
vn 0.0000 0.0000 -1.0000
vn 0.0000 0.0000 -1.0000
vn 1.0000 0.0000 -0.0000
vn 1.0000 0.0000 -0.0000
vn 1.0000 0.0000 -0.0000
vn 1.0000 0.0000 -0.0000
vn -0.0000 -0.0000 1.0000
vn -0.0000 -0.0000 1.0000
vn -0.0000 -0.0000 1.0000
vn -0.0000 -0.0000 1.0000
vn 0.0000 -1.0000 -0.0000
vn 0.0000 -1.0000 -0.0000
vn 0.0000 -1.0000 -0.0000
vn 0.0000 -1.0000 -0.0000
vn 0.0000 1.0000 -0.0000
vn 0.0000 1.0000 -0.0000
vn 0.0000 1.0000 -0.0000
vn 0.0000 1.0000 -0.0000
vn -1.0000 0.0000 -0.0000
vn -1.0000 0.0000 -0.0000
vn -1.0000 0.0000 -0.0000
vn -1.0000 0.0000 -0.0000
vn 0.0000 0.0000 -1.0000
vn 0.0000 0.0000 -1.0000
vn 0.0000 0.0000 -1.0000
vn 0.0000 0.0000 -1.0000
vn 1.0000 0.0000 -0.0000
vn 1.0000 0.0000 -0.0000
vn 1.0000 0.0000 -0.0000
vn 1.0000 0.0000 -0.0000
vn -0.0000 -0.0000 1.0000
vn -0.0000 -0.0000 1.0000
vn -0.0000 -0.0000 1.0000
vn -0.0000 -0.0000 1.0000
vn 0.0000 -1.0000 -0.0000
vn 0.0000 -1.0000 -0.0000
vn 0.0000 -1.0000 -0.0000
vn 0.0000 -1.0000 -0.0000
vn 0.0000 1.0000 -0.0000
vn 0.0000 1.0000 -0.0000
vn 0.0000 1.0000 -0.0000
vn 0.0000 1.0000 -0.0000
vn -1.0000 0.0000 -0.0000
vn -1.0000 0.0000 -0.0000
vn -1.0000 0.0000 -0.0000
vn -1.0000 0.0000 -0.0000
vn 0.0000 0.0000 -1.0000
vn 0.0000 0.0000 -1.0000
vn 0.0000 0.0000 -1.0000
vn 0.0000 0.0000 -1.0000
vn 1.0000 0.0000 -0.0000
vn 1.0000 0.0000 -0.0000
vn 1.0000 0.0000 -0.0000
vn 1.0000 0.0000 -0.0000
vn -0.0000 -0.0000 1.0000
vn -0.0000 -0.0000 1.0000
vn -0.0000 -0.0000 1.0000
vn -0.0000 -0.0000 1.0000
vn 0.0000 -1.0000 -0.0000
vn 0.0000 -1.0000 -0.0000
vn 0.0000 -1.0000 -0.0000
vn 0.0000 -1.0000 -0.0000
vn 0.0000 1.0000 -0.0000
vn 0.0000 1.0000 -0.0000
vn 0.0000 1.0000 -0.0000
vn 0.0000 1.0000 -0.0000
f 157//157 159//159 158//158
f 157//157 158//158 160//160
f 161//161 163//163 162//162
f 161//161 162//162 164//164
f 165//165 167//167 166//166
f 165//165 166//166 168//168
f 169//169 171//171 170//170
f 169//169 170//170 172//172
f 173//173 175//175 174//174
f 173//173 174//174 176//176
f 177//177 179//179 178//178
f 180//180 182//182 181//181
f 183//183 185//185 184//184
f 186//186 188//188 187//187
f 189//189 191//191 190//190
f 192//192 194//194 193//193
f 195//195 197//197 196//196
f 198//198 200//200 199//199
f 201//201 203//203 202//202
f 201//201 202//202 204//204
f 205//205 207//207 206//206
f 205//205 206//206 208//208
f 209//209 211//211 210//210
f 209//209 210//210 212//212
f 213//213 215//215 214//214
f 213//213 214//214 216//216
f 217//217 219//219 218//218
f 217//217 218//218 220//220
f 221//221 223//223 222//222
f 221//221 222//222 224//224
f 225//225 227//227 226//226
f 225//225 226//226 228//228
f 229//229 231//231 230//230
f 229//229 230//230 232//232
f 233//233 235//235 234//234
f 233//233 234//234 236//236
f 237//237 239//239 238//238
f 237//237 238//238 240//240
f 241//241 243//243 242//242
f 241//241 242//242 244//244
f 245//245 247//247 246//246
f 245//245 246//246 248//248
f 249//249 251//251 250//250
f 249//249 250//250 252//252
f 253//253 255//255 254//254
f 253//253 254//254 256//256
f 257//257 259//259 258//258
f 257//257 258//258 260//260
f 261//261 263//263 262//262
f 261//261 262//262 264//264
f 265//265 267//267 266//266
f 265//265 266//266 268//268
f 269//269 271//271 270//270
f 269//269 270//270 272//272
f 273//273 275//275 274//274
f 273//273 274//274 276//276
f 37//37 39//39 38//38
f 37//37 38//38 40//40
f 41//41 43//43 42//42
f 41//41 42//42 44//44
f 45//45 47//47 46//46
f 45//45 46//46 48//48
f 49//49 51//51 50//50
f 49//49 50//50 52//52
f 53//53 55//55 54//54
f 53//53 54//54 56//56
f 57//57 59//59 58//58
f 60//60 62//62 61//61
f 63//63 65//65 64//64
f 66//66 68//68 67//67
f 69//69 71//71 70//70
f 72//72 74//74 73//73
f 75//75 77//77 76//76
f 78//78 80//80 79//79
f 81//81 83//83 82//82
f 81//81 82//82 84//84
f 85//85 87//87 86//86
f 85//85 86//86 88//88
f 89//89 91//91 90//90
f 89//89 90//90 92//92
f 93//93 95//95 94//94
f 93//93 94//94 96//96
f 97//97 99//99 98//98
f 97//97 98//98 100//100
f 101//101 103//103 102//102
f 101//101 102//102 104//104
f 105//105 107//107 106//106
f 105//105 106//106 108//108
f 109//109 111//111 110//110
f 109//109 110//110 112//112
f 113//113 115//115 114//114
f 113//113 114//114 116//116
f 117//117 119//119 118//118
f 117//117 118//118 120//120
f 121//121 123//123 122//122
f 121//121 122//122 124//124
f 125//125 127//127 126//126
f 125//125 126//126 128//128
f 129//129 131//131 130//130
f 129//129 130//130 132//132
f 133//133 135//135 134//134
f 133//133 134//134 136//136
f 137//137 139//139 138//138
f 137//137 138//138 140//140
f 141//141 143//143 142//142
f 141//141 142//142 144//144
f 145//145 147//147 146//146
f 145//145 146//146 148//148
f 149//149 151//151 150//150
f 149//149 150//150 152//152
f 153//153 155//155 154//154
f 153//153 154//154 156//156
f 277//277 279//279 278//278
f 277//277 278//278 280//280
f 281//281 283//283 282//282
f 281//281 282//282 284//284
f 285//285 287//287 286//286
f 285//285 286//286 288//288
f 289//289 291//291 290//290
f 289//289 290//290 292//292
f 293//293 295//295 294//294
f 293//293 294//294 296//296
f 297//297 299//299 298//298
f 300//300 302//302 301//301
f 303//303 305//305 304//304
f 306//306 308//308 307//307
f 309//309 311//311 310//310
f 312//312 314//314 313//313
f 315//315 317//317 316//316
f 318//318 320//320 319//319
f 321//321 323//323 322//322
f 321//321 322//322 324//324
f 325//325 327//327 326//326
f 325//325 326//326 328//328
f 329//329 331//331 330//330
f 329//329 330//330 332//332
f 333//333 335//335 334//334
f 333//333 334//334 336//336
f 337//337 339//339 338//338
f 337//337 338//338 340//340
f 341//341 343//343 342//342
f 341//341 342//342 344//344
f 345//345 347//347 346//346
f 345//345 346//346 348//348
f 349//349 351//351 350//350
f 349//349 350//350 352//352
f 353//353 355//355 354//354
f 353//353 354//354 356//356
f 357//357 359//359 358//358
f 357//357 358//358 360//360
f 361//361 363//363 362//362
f 361//361 362//362 364//364
f 365//365 367//367 366//366
f 365//365 366//366 368//368
f 369//369 371//371 370//370
f 369//369 370//370 372//372
f 373//373 375//375 374//374
f 373//373 374//374 376//376
f 377//377 379//379 378//378
f 377//377 378//378 380//380
f 381//381 383//383 382//382
f 381//381 382//382 384//384
f 385//385 387//387 386//386
f 385//385 386//386 388//388
f 389//389 391//391 390//390
f 389//389 390//390 392//392
f 393//393 395//395 394//394
f 393//393 394//394 396//396
f 397//397 399//399 398//398
f 397//397 398//398 400//400
f 401//401 403//403 402//402
f 401//401 402//402 404//404
f 405//405 407//407 406//406
f 405//405 406//406 408//408
f 409//409 411//411 410//410
f 409//409 410//410 412//412
f 413//413 415//415 414//414
f 413//413 414//414 416//416
f 417//417 419//419 418//418
f 420//420 422//422 421//421
f 423//423 425//425 424//424
f 426//426 428//428 427//427
f 429//429 431//431 430//430
f 432//432 434//434 433//433
f 435//435 437//437 436//436
f 438//438 440//440 439//439
f 441//441 443//443 442//442
f 441//441 442//442 444//444
f 445//445 447//447 446//446
f 445//445 446//446 448//448
f 449//449 451//451 450//450
f 449//449 450//450 452//452
f 453//453 455//455 454//454
f 453//453 454//454 456//456
f 457//457 459//459 458//458
f 457//457 458//458 460//460
f 461//461 463//463 462//462
f 461//461 462//462 464//464
f 465//465 467//467 466//466
f 465//465 466//466 468//468
f 469//469 471//471 470//470
f 469//469 470//470 472//472
f 473//473 475//475 474//474
f 473//473 474//474 476//476
f 477//477 479//479 478//478
f 477//477 478//478 480//480
f 481//481 483//483 482//482
f 481//481 482//482 484//484
f 485//485 487//487 486//486
f 485//485 486//486 488//488
f 489//489 491//491 490//490
f 489//489 490//490 492//492
f 493//493 495//495 494//494
f 493//493 494//494 496//496
f 497//497 499//499 498//498
f 497//497 498//498 500//500
f 501//501 503//503 502//502
f 501//501 502//502 504//504
f 505//505 507//507 506//506
f 505//505 506//506 508//508
f 509//509 511//511 510//510
f 509//509 510//510 512//512
f 513//513 515//515 514//514
f 513//513 514//514 516//516
f 637//637 639//639 638//638
f 637//637 638//638 640//640
f 641//641 643//643 642//642
f 641//641 642//642 644//644
f 645//645 647//647 646//646
f 645//645 646//646 648//648
f 649//649 651//651 650//650
f 649//649 650//650 652//652
f 653//653 655//655 654//654
f 653//653 654//654 656//656
f 657//657 659//659 658//658
f 660//660 662//662 661//661
f 663//663 665//665 664//664
f 666//666 668//668 667//667
f 669//669 671//671 670//670
f 672//672 674//674 673//673
f 675//675 677//677 676//676
f 678//678 680//680 679//679
f 681//681 683//683 682//682
f 681//681 682//682 684//684
f 685//685 687//687 686//686
f 685//685 686//686 688//688
f 689//689 691//691 690//690
f 689//689 690//690 692//692
f 693//693 695//695 694//694
f 693//693 694//694 696//696
f 697//697 699//699 698//698
f 697//697 698//698 700//700
f 701//701 703//703 702//702
f 701//701 702//702 704//704
f 705//705 707//707 706//706
f 705//705 706//706 708//708
f 709//709 711//711 710//710
f 709//709 710//710 712//712
f 713//713 715//715 714//714
f 713//713 714//714 716//716
f 717//717 719//719 718//718
f 717//717 718//718 720//720
f 721//721 723//723 722//722
f 721//721 722//722 724//724
f 725//725 727//727 726//726
f 725//725 726//726 728//728
f 729//729 731//731 730//730
f 729//729 730//730 732//732
f 1245//1245 1247//1247 1246//1246
f 1245//1245 1246//1246 1248//1248
f 1249//1249 1251//1251 1250//1250
f 1249//1249 1250//1250 1252//1252
f 1253//1253 1255//1255 1254//1254
f 1253//1253 1254//1254 1256//1256
f 1257//1257 1259//1259 1258//1258
f 1257//1257 1258//1258 1260//1260
f 1261//1261 1263//1263 1262//1262
f 1261//1261 1262//1262 1264//1264
f 1265//1265 1267//1267 1266//1266
f 1265//1265 1266//1266 1268//1268
f 733//733 735//735 734//734
f 733//733 734//734 736//736
f 737//737 739//739 738//738
f 737//737 738//738 740//740
f 741//741 743//743 742//742
f 741//741 742//742 744//744
f 745//745 747//747 746//746
f 745//745 746//746 748//748
f 749//749 751//751 750//750
f 749//749 750//750 752//752
f 753//753 755//755 754//754
f 756//756 758//758 757//757
f 759//759 761//761 760//760
f 762//762 764//764 763//763
f 765//765 767//767 766//766
f 768//768 770//770 769//769
f 771//771 773//773 772//772
f 774//774 776//776 775//775
f 777//777 779//779 778//778
f 777//777 778//778 780//780
f 781//781 783//783 782//782
f 781//781 782//782 784//784
f 785//785 787//787 786//786
f 785//785 786//786 788//788
f 789//789 791//791 790//790
f 789//789 790//790 792//792
f 793//793 795//795 794//794
f 793//793 794//794 796//796
f 797//797 799//799 798//798
f 797//797 798//798 800//800
f 801//801 803//803 802//802
f 801//801 802//802 804//804
f 805//805 807//807 806//806
f 805//805 806//806 808//808
f 809//809 811//811 810//810
f 809//809 810//810 812//812
f 813//813 815//815 814//814
f 813//813 814//814 816//816
f 817//817 819//819 818//818
f 817//817 818//818 820//820
f 821//821 823//823 822//822
f 821//821 822//822 824//824
f 825//825 827//827 826//826
f 825//825 826//826 828//828
f 1269//1269 1271//1271 1270//1270
f 1269//1269 1270//1270 1272//1272
f 1273//1273 1275//1275 1274//1274
f 1273//1273 1274//1274 1276//1276
f 1277//1277 1279//1279 1278//1278
f 1277//1277 1278//1278 1280//1280
f 1281//1281 1283//1283 1282//1282
f 1281//1281 1282//1282 1284//1284
f 1285//1285 1287//1287 1286//1286
f 1285//1285 1286//1286 1288//1288
f 1289//1289 1291//1291 1290//1290
f 1289//1289 1290//1290 1292//1292
f 517//517 519//519 518//518
f 517//517 518//518 520//520
f 521//521 523//523 522//522
f 521//521 522//522 524//524
f 525//525 527//527 526//526
f 525//525 526//526 528//528
f 529//529 531//531 530//530
f 529//529 530//530 532//532
f 533//533 535//535 534//534
f 533//533 534//534 536//536
f 537//537 539//539 538//538
f 540//540 542//542 541//541
f 543//543 545//545 544//544
f 546//546 548//548 547//547
f 549//549 551//551 550//550
f 552//552 554//554 553//553
f 555//555 557//557 556//556
f 558//558 560//560 559//559
f 561//561 563//563 562//562
f 561//561 562//562 564//564
f 565//565 567//567 566//566
f 565//565 566//566 568//568
f 569//569 571//571 570//570
f 569//569 570//570 572//572
f 573//573 575//575 574//574
f 573//573 574//574 576//576
f 577//577 579//579 578//578
f 577//577 578//578 580//580
f 581//581 583//583 582//582
f 581//581 582//582 584//584
f 585//585 587//587 586//586
f 585//585 586//586 588//588
f 589//589 591//591 590//590
f 589//589 590//590 592//592
f 593//593 595//595 594//594
f 593//593 594//594 596//596
f 597//597 599//599 598//598
f 597//597 598//598 600//600
f 601//601 603//603 602//602
f 601//601 602//602 604//604
f 605//605 607//607 606//606
f 605//605 606//606 608//608
f 609//609 611//611 610//610
f 609//609 610//610 612//612
f 613//613 615//615 614//614
f 613//613 614//614 616//616
f 617//617 619//619 618//618
f 617//617 618//618 620//620
f 621//621 623//623 622//622
f 621//621 622//622 624//624
f 625//625 627//627 626//626
f 625//625 626//626 628//628
f 629//629 631//631 630//630
f 629//629 630//630 632//632
f 633//633 635//635 634//634
f 633//633 634//634 636//636
f 1293//1293 1295//1295 1294//1294
f 1296//1296 1298//1298 1297//1297
f 1299//1299 1301//1301 1300//1300
f 1299//1299 1300//1300 1302//1302
f 1303//1303 1305//1305 1304//1304
f 1306//1306 1308//1308 1307//1307
f 1309//1309 1311//1311 1310//1310
f 1309//1309 1310//1310 1312//1312
f 1313//1313 1315//1315 1314//1314
f 1316//1316 1318//1318 1317//1317
f 1319//1319 1321//1321 1320//1320
f 1319//1319 1320//1320 1322//1322
f 1323//1323 1325//1325 1324//1324
f 1326//1326 1328//1328 1327//1327
f 1329//1329 1331//1331 1330//1330
f 1329//1329 1330//1330 1332//1332
f 1333//1333 1335//1335 1334//1334
f 1336//1336 1338//1338 1337//1337
f 1339//1339 1341//1341 1340//1340
f 1339//1339 1340//1340 1342//1342
f 1343//1343 1345//1345 1344//1344
f 1346//1346 1348//1348 1347//1347
f 1349//1349 1351//1351 1350//1350
f 1349//1349 1350//1350 1352//1352
f 1353//1353 1355//1355 1354//1354
f 1356//1356 1358//1358 1357//1357
f 1359//1359 1361//1361 1360//1360
f 1359//1359 1360//1360 1362//1362
f 1363//1363 1365//1365 1364//1364
f 1366//1366 1368//1368 1367//1367
f 1369//1369 1371//1371 1370//1370
f 1369//1369 1370//1370 1372//1372
f 1373//1373 1375//1375 1374//1374
f 1376//1376 1378//1378 1377//1377
f 1379//1379 1381//1381 1380//1380
f 1379//1379 1380//1380 1382//1382
f 1383//1383 1385//1385 1384//1384
f 1386//1386 1388//1388 1387//1387
f 1389//1389 1391//1391 1390//1390
f 1389//1389 1390//1390 1392//1392
f 1393//1393 1395//1395 1394//1394
f 1393//1393 1394//1394 1396//1396
f 1397//1397 1399//1399 1398//1398
f 1400//1400 1402//1402 1401//1401
f 1403//1403 1405//1405 1404//1404
f 1406//1406 1408//1408 1407//1407
f 1406//1406 1407//1407 1409//1409
f 1407//1407 1410//1410 1409//1409
f 1411//1411 1412//1412 1406//1406
f 1413//1413 1411//1411 1406//1406
f 1409//1409 1413//1413 1406//1406
f 1413//1413 1414//1414 1411//1411
f 1409//1409 1415//1415 1413//1413
f 1415//1415 1416//1416 1413//1413
f 1409//1409 1417//1417 1415//1415
f 1418//1418 1420//1420 1419//1419
f 1418//1418 1419//1419 1421//1421
f 1422//1422 1424//1424 1423//1423
f 1425//1425 1427//1427 1426//1426
f 1425//1425 1426//1426 1428//1428
f 1429//1429 1431//1431 1430//1430
f 1429//1429 1430//1430 1432//1432
f 1433//1433 1435//1435 1434//1434
f 1433//1433 1434//1434 1436//1436
f 1437//1437 1439//1439 1438//1438
f 1437//1437 1438//1438 1440//1440
f 1441//1441 1443//1443 1442//1442
f 1441//1441 1442//1442 1444//1444
f 1445//1445 1447//1447 1446//1446
f 1445//1445 1446//1446 1448//1448
f 1449//1449 1451//1451 1450//1450
f 1449//1449 1450//1450 1452//1452
f 1453//1453 1455//1455 1454//1454
f 1453//1453 1454//1454 1456//1456
f 1457//1457 1459//1459 1458//1458
f 1457//1457 1458//1458 1460//1460
f 1461//1461 1463//1463 1462//1462
f 1461//1461 1462//1462 1464//1464
f 1465//1465 1467//1467 1466//1466
f 1465//1465 1466//1466 1468//1468
f 1469//1469 1471//1471 1470//1470
f 1469//1469 1470//1470 1472//1472
f 1473//1473 1475//1475 1474//1474
f 1473//1473 1474//1474 1476//1476
f 1477//1477 1479//1479 1478//1478
f 1477//1477 1478//1478 1480//1480
f 1481//1481 1483//1483 1482//1482
f 1481//1481 1482//1482 1484//1484
f 1485//1485 1487//1487 1486//1486
f 1485//1485 1486//1486 1488//1488
f 1489//1489 1491//1491 1490//1490
f 1489//1489 1490//1490 1492//1492
f 1493//1493 1495//1495 1494//1494
f 1493//1493 1494//1494 1496//1496
f 1497//1497 1499//1499 1498//1498
f 1497//1497 1498//1498 1500//1500
f 1501//1501 1503//1503 1502//1502
f 1501//1501 1502//1502 1504//1504
f 1505//1505 1507//1507 1506//1506
f 1505//1505 1506//1506 1508//1508
f 1509//1509 1511//1511 1510//1510
f 1509//1509 1510//1510 1512//1512
f 1513//1513 1515//1515 1514//1514
f 1513//1513 1514//1514 1516//1516
f 1517//1517 1519//1519 1518//1518
f 1517//1517 1518//1518 1520//1520
f 1521//1521 1523//1523 1522//1522
f 1521//1521 1522//1522 1524//1524
f 1525//1525 1527//1527 1526//1526
f 1525//1525 1526//1526 1528//1528
f 1529//1529 1531//1531 1530//1530
f 1529//1529 1530//1530 1532//1532
f 1533//1533 1535//1535 1534//1534
f 1533//1533 1534//1534 1536//1536
f 1537//1537 1539//1539 1538//1538
f 1537//1537 1538//1538 1540//1540
f 1541//1541 1543//1543 1542//1542
f 1541//1541 1542//1542 1544//1544
f 1545//1545 1547//1547 1546//1546
f 1545//1545 1546//1546 1548//1548
f 1549//1549 1551//1551 1550//1550
f 1549//1549 1550//1550 1552//1552
f 1553//1553 1555//1555 1554//1554
f 1553//1553 1554//1554 1556//1556
f 1557//1557 1559//1559 1558//1558
f 1557//1557 1558//1558 1560//1560
f 1561//1561 1563//1563 1562//1562
f 1561//1561 1562//1562 1564//1564
f 1565//1565 1567//1567 1566//1566
f 1565//1565 1566//1566 1568//1568
f 1569//1569 1571//1571 1570//1570
f 1569//1569 1570//1570 1572//1572
f 1570//1570 1573//1573 1572//1572
f 1574//1574 1575//1575 1569//1569
f 1576//1576 1574//1574 1569//1569
f 1572//1572 1576//1576 1569//1569
f 1576//1576 1577//1577 1574//1574
f 1572//1572 1578//1578 1576//1576
f 1578//1578 1579//1579 1576//1576
f 1572//1572 1580//1580 1578//1578
f 1581//1581 1583//1583 1582//1582
f 1581//1581 1582//1582 1584//1584
f 1585//1585 1587//1587 1586//1586
f 1585//1585 1586//1586 1588//1588
f 1589//1589 1591//1591 1590//1590
f 1589//1589 1590//1590 1592//1592
f 1593//1593 1595//1595 1594//1594
f 1593//1593 1594//1594 1596//1596
f 1597//1597 1599//1599 1598//1598
f 1597//1597 1598//1598 1600//1600
f 1601//1601 1603//1603 1602//1602
f 1601//1601 1602//1602 1604//1604
f 1605//1605 1607//1607 1606//1606
f 1605//1605 1606//1606 1608//1608
f 1609//1609 1611//1611 1610//1610
f 1609//1609 1610//1610 1612//1612
f 1613//1613 1615//1615 1614//1614
f 1613//1613 1614//1614 1616//1616
f 1617//1617 1619//1619 1618//1618
f 1617//1617 1618//1618 1620//1620
f 1621//1621 1623//1623 1622//1622
f 1621//1621 1622//1622 1624//1624
f 1622//1622 1625//1625 1624//1624
f 1626//1626 1627//1627 1621//1621
f 1628//1628 1626//1626 1621//1621
f 1624//1624 1628//1628 1621//1621
f 1628//1628 1629//1629 1626//1626
f 1624//1624 1630//1630 1628//1628
f 1630//1630 1631//1631 1628//1628
f 1624//1624 1632//1632 1630//1630
f 1633//1633 1635//1635 1634//1634
f 1633//1633 1634//1634 1636//1636
f 1637//1637 1639//1639 1638//1638
f 1637//1637 1638//1638 1640//1640
f 1641//1641 1643//1643 1642//1642
f 1641//1641 1642//1642 1644//1644
f 1642//1642 1645//1645 1644//1644
f 1646//1646 1647//1647 1641//1641
f 1648//1648 1646//1646 1641//1641
f 1644//1644 1648//1648 1641//1641
f 1648//1648 1649//1649 1646//1646
f 1644//1644 1650//1650 1648//1648
f 1650//1650 1651//1651 1648//1648
f 1644//1644 1652//1652 1650//1650
f 1653//1653 1655//1655 1654//1654
f 1656//1656 874//874 1657//1657
f 1658//1658 1660//1660 1659//1659
f 1658//1658 1659//1659 1661//1661
f 1662//1662 862//862 1663//1663
f 1664//1664 1666//1666 1665//1665
f 1667//1667 1668//1668 839//839
f 1667//1667 839//839 841//841
f 1669//1669 1671//1671 1670//1670
f 1672//1672 1674//1674 1673//1673
f 1675//1675 1677//1677 1676//1676
f 1675//1675 1676//1676 1678//1678
f 1679//1679 1681//1681 1680//1680
f 1682//1682 1684//1684 1683//1683
f 1685//1685 1687//1687 1686//1686
f 1685//1685 1686//1686 1688//1688
f 1689//1689 1691//1691 1690//1690
f 1692//1692 1694//1694 1693//1693
f 1695//1695 1697//1697 1696//1696
f 1695//1695 1696//1696 1698//1698
f 1699//1699 1701//1701 1700//1700
f 1702//1702 1704//1704 1703//1703
f 1705//1705 1707//1707 1706//1706
f 1705//1705 1706//1706 1708//1708
f 1709//1709 904//904 1710//1710
f 1711//1711 1713//1713 1712//1712
f 1714//1714 1716//1716 1715//1715
f 1714//1714 1715//1715 1717//1717
f 1718//1718 1719//1719 876//876
f 1720//1720 889//889 1721//1721
f 1722//1722 1724//1724 1723//1723
f 1722//1722 1723//1723 1725//1725
f 1726//1726 1728//1728 1727//1727
f 1729//1729 1730//1730 859//859
f 836//836 838//838 1731//1731
f 836//836 1731//1731 1732//1732
f 1733//1733 1735//1735 1734//1734
f 1736//1736 1738//1738 1737//1737
f 1739//1739 1741//1741 1740//1740
f 1739//1739 1740//1740 1742//1742
f 1743//1743 1745//1745 1744//1744
f 1743//1743 1744//1744 1746//1746
f 1747//1747 1749//1749 1748//1748
f 1750//1750 1752//1752 1751//1751
f 1753//1753 1754//1754 906//906
f 852//852 849//849 1755//1755
f 852//852 1755//1755 850//850
f 1755//1755 851//851 850//850
f 856//856 857//857 852//852
f 1756//1756 856//856 852//852
f 850//850 1756//1756 852//852
f 1756//1756 858//858 856//856
f 850//850 853//853 1756//1756
f 853//853 855//855 1756//1756
f 850//850 854//854 853//853
f 1757//1757 1759//1759 1758//1758
f 1757//1757 1758//1758 1760//1760
f 1761//1761 1762//1762 891//891
f 1763//1763 1764//1764 861//861
f 1763//1763 861//861 1765//1765
f 1766//1766 1768//1768 1767//1767
f 1766//1766 1767//1767 890//890
f 1769//1769 1771//1771 1770//1770
f 1769//1769 1770//1770 1772//1772
f 833//833 830//830 1773//1773
f 833//833 1773//1773 1774//1774
f 1775//1775 1776//1776 864//864
f 1775//1775 864//864 863//863
f 1777//1777 1778//1778 918//918
f 1777//1777 918//918 917//917
f 835//835 837//837 1779//1779
f 835//835 1779//1779 1780//1780
f 865//865 868//868 867//867
f 865//865 867//867 866//866
f 913//913 916//916 915//915
f 913//913 915//915 914//914
f 1781//1781 1783//1783 1782//1782
f 1781//1781 1782//1782 1784//1784
f 1785//1785 871//871 870//870
f 1785//1785 870//870 869//869
f 910//910 1786//1786 912//912
f 910//910 912//912 911//911
f 1787//1787 1788//1788 845//845
f 1787//1787 845//845 843//843
f 1789//1789 1790//1790 873//873
f 1789//1789 873//873 872//872
f 1791//1791 1792//1792 909//909
f 1791//1791 909//909 908//908
f 1793//1793 1794//1794 848//848
f 1793//1793 848//848 847//847
f 1795//1795 1797//1797 1796//1796
f 1795//1795 1796//1796 875//875
f 1798//1798 1799//1799 907//907
f 1798//1798 907//907 1800//1800
f 1801//1801 1803//1803 1802//1802
f 1801//1801 1802//1802 1804//1804
f 1805//1805 1806//1806 877//877
f 1805//1805 877//877 1807//1807
f 1808//1808 1810//1810 1809//1809
f 1808//1808 1809//1809 905//905
f 846//846 844//844 1811//1811
f 846//846 1811//1811 1812//1812
f 1813//1813 1814//1814 879//879
f 1813//1813 879//879 878//878
f 1815//1815 1816//1816 903//903
f 1815//1815 903//903 902//902
f 842//842 840//840 1817//1817
f 842//842 1817//1817 1818//1818
f 880//880 1819//1819 882//882
f 880//880 882//882 881//881
f 1820//1820 901//901 900//900
f 1820//1820 900//900 899//899
f 1821//1821 1823//1823 1822//1822
f 1821//1821 1822//1822 1824//1824
f 883//883 886//886 885//885
f 883//883 885//885 884//884
f 895//895 898//898 897//897
f 895//895 897//897 896//896
f 1825//1825 1826//1826 832//832
f 1825//1825 832//832 834//834
f 1827//1827 1828//1828 888//888
f 1827//1827 888//888 887//887
f 1829//1829 1830//1830 894//894
f 1829//1829 894//894 893//893
f 1831//1831 1832//1832 829//829
f 1831//1831 829//829 831//831
f 1833//1833 1835//1835 1834//1834
f 1833//1833 1834//1834 860//860
f 1836//1836 1837//1837 892//892
f 1836//1836 892//892 1838//1838
f 922//922 1839//1839 919//919
f 922//922 919//919 920//920
f 919//919 921//921 920//920
f 926//926 927//927 922//922
f 925//925 926//926 922//922
f 920//920 925//925 922//922
f 925//925 928//928 926//926
f 920//920 923//923 925//925
f 923//923 1840//1840 925//925
f 920//920 924//924 923//923
f 1841//1841 1843//1843 1842//1842
f 1841//1841 1842//1842 1844//1844
f 1845//1845 1847//1847 1846//1846
f 1845//1845 1846//1846 1848//1848
f 1849//1849 1851//1851 1850//1850
f 1849//1849 1850//1850 1852//1852
f 1853//1853 1855//1855 1854//1854
f 1853//1853 1854//1854 1856//1856
f 1857//1857 1859//1859 1858//1858
f 1857//1857 1858//1858 1860//1860
f 1861//1861 1863//1863 1862//1862
f 1861//1861 1862//1862 1864//1864
f 1865//1865 1867//1867 1866//1866
f 1865//1865 1866//1866 1868//1868
f 1869//1869 1871//1871 1870//1870
f 1869//1869 1870//1870 1872//1872
f 1873//1873 1875//1875 1874//1874
f 1873//1873 1874//1874 1876//1876
f 1877//1877 1879//1879 1878//1878
f 1877//1877 1878//1878 1880//1880
f 1881//1881 1883//1883 1882//1882
f 1881//1881 1882//1882 1884//1884
f 1882//1882 1885//1885 1884//1884
f 1886//1886 1887//1887 1881//1881
f 1888//1888 1886//1886 1881//1881
f 1884//1884 1888//1888 1881//1881
f 1888//1888 1889//1889 1886//1886
f 1884//1884 1890//1890 1888//1888
f 1890//1890 1891//1891 1888//1888
f 1884//1884 1892//1892 1890//1890
f 1893//1893 1895//1895 1894//1894
f 1893//1893 1894//1894 1896//1896
f 1897//1897 1899//1899 1898//1898
f 1897//1897 1898//1898 1900//1900
f 1901//1901 1903//1903 1902//1902
f 1901//1901 1902//1902 1904//1904
f 1902//1902 1905//1905 1904//1904
f 1906//1906 1907//1907 1901//1901
f 1908//1908 1906//1906 1901//1901
f 1904//1904 1908//1908 1901//1901
f 1908//1908 1909//1909 1906//1906
f 1904//1904 1910//1910 1908//1908
f 1910//1910 1911//1911 1908//1908
f 1904//1904 1912//1912 1910//1910
f 1913//1913 1915//1915 1914//1914
f 1916//1916 974//974 1917//1917
f 1918//1918 1920//1920 1919//1919
f 1918//1918 1919//1919 1921//1921
f 1922//1922 962//962 1923//1923
f 1924//1924 1926//1926 1925//1925
f 1927//1927 1928//1928 939//939
f 1927//1927 939//939 941//941
f 1929//1929 1931//1931 1930//1930
f 1932//1932 1934//1934 1933//1933
f 1935//1935 1937//1937 1936//1936
f 1935//1935 1936//1936 1938//1938
f 1939//1939 1941//1941 1940//1940
f 1942//1942 1944//1944 1943//1943
f 1945//1945 1947//1947 1946//1946
f 1945//1945 1946//1946 1948//1948
f 1949//1949 1951//1951 1950//1950
f 1952//1952 1954//1954 1953//1953
f 1955//1955 1957//1957 1956//1956
f 1955//1955 1956//1956 1958//1958
f 1959//1959 1961//1961 1960//1960
f 1962//1962 1964//1964 1963//1963
f 1965//1965 1967//1967 1966//1966
f 1965//1965 1966//1966 1968//1968
f 1969//1969 1004//1004 1970//1970
f 1971//1971 1973//1973 1972//1972
f 1974//1974 1976//1976 1975//1975
f 1974//1974 1975//1975 1977//1977
f 1978//1978 1979//1979 976//976
f 1980//1980 989//989 1981//1981
f 1982//1982 1984//1984 1983//1983
f 1982//1982 1983//1983 1985//1985
f 1986//1986 1988//1988 1987//1987
f 1989//1989 1990//1990 959//959
f 936//936 938//938 1991//1991
f 936//936 1991//1991 1992//1992
f 1993//1993 1995//1995 1994//1994
f 1996//1996 1998//1998 1997//1997
f 1999//1999 2001//2001 2000//2000
f 1999//1999 2000//2000 2002//2002
f 2003//2003 2005//2005 2004//2004
f 2003//2003 2004//2004 2006//2006
f 2007//2007 2009//2009 2008//2008
f 2010//2010 2012//2012 2011//2011
f 2013//2013 2014//2014 1006//1006
f 952//952 949//949 2015//2015
f 952//952 2015//2015 950//950
f 2015//2015 951//951 950//950
f 956//956 957//957 952//952
f 2016//2016 956//956 952//952
f 950//950 2016//2016 952//952
f 2016//2016 958//958 956//956
f 950//950 953//953 2016//2016
f 953//953 955//955 2016//2016
f 950//950 954//954 953//953
f 2017//2017 2019//2019 2018//2018
f 2017//2017 2018//2018 2020//2020
f 2021//2021 2022//2022 991//991
f 2023//2023 2024//2024 961//961
f 2023//2023 961//961 2025//2025
f 2026//2026 2028//2028 2027//2027
f 2026//2026 2027//2027 990//990
f 2029//2029 2031//2031 2030//2030
f 2029//2029 2030//2030 2032//2032
f 933//933 930//930 2033//2033
f 933//933 2033//2033 2034//2034
f 2035//2035 2036//2036 964//964
f 2035//2035 964//964 963//963
f 2037//2037 2038//2038 1018//1018
f 2037//2037 1018//1018 1017//1017
f 935//935 937//937 2039//2039
f 935//935 2039//2039 2040//2040
f 965//965 968//968 967//967
f 965//965 967//967 966//966
f 1013//1013 1016//1016 1015//1015
f 1013//1013 1015//1015 1014//1014
f 2041//2041 2043//2043 2042//2042
f 2041//2041 2042//2042 2044//2044
f 2045//2045 971//971 970//970
f 2045//2045 970//970 969//969
f 1010//1010 2046//2046 1012//1012
f 1010//1010 1012//1012 1011//1011
f 2047//2047 2048//2048 945//945
f 2047//2047 945//945 943//943
f 2049//2049 2050//2050 973//973
f 2049//2049 973//973 972//972
f 2051//2051 2052//2052 1009//1009
f 2051//2051 1009//1009 1008//1008
f 2053//2053 2054//2054 948//948
f 2053//2053 948//948 947//947
f 2055//2055 2057//2057 2056//2056
f 2055//2055 2056//2056 975//975
f 2058//2058 2059//2059 1007//1007
f 2058//2058 1007//1007 2060//2060
f 2061//2061 2063//2063 2062//2062
f 2061//2061 2062//2062 2064//2064
f 2065//2065 2066//2066 977//977
f 2065//2065 977//977 2067//2067
f 2068//2068 2070//2070 2069//2069
f 2068//2068 2069//2069 1005//1005
f 946//946 944//944 2071//2071
f 946//946 2071//2071 2072//2072
f 2073//2073 2074//2074 979//979
f 2073//2073 979//979 978//978
f 2075//2075 2076//2076 1003//1003
f 2075//2075 1003//1003 1002//1002
f 942//942 940//940 2077//2077
f 942//942 2077//2077 2078//2078
f 980//980 2079//2079 982//982
f 980//980 982//982 981//981
f 2080//2080 1001//1001 1000//1000
f 2080//2080 1000//1000 999//999
f 2081//2081 2083//2083 2082//2082
f 2081//2081 2082//2082 2084//2084
f 983//983 986//986 985//985
f 983//983 985//985 984//984
f 995//995 998//998 997//997
f 995//995 997//997 996//996
f 2085//2085 2086//2086 932//932
f 2085//2085 932//932 934//934
f 2087//2087 2088//2088 988//988
f 2087//2087 988//988 987//987
f 2089//2089 2090//2090 994//994
f 2089//2089 994//994 993//993
f 2091//2091 2092//2092 929//929
f 2091//2091 929//929 931//931
f 2093//2093 2095//2095 2094//2094
f 2093//2093 2094//2094 960//960
f 2096//2096 2097//2097 992//992
f 2096//2096 992//992 2098//2098
f 1022//1022 2099//2099 1019//1019
f 1022//1022 1019//1019 1020//1020
f 1019//1019 1021//1021 1020//1020
f 1026//1026 1027//1027 1022//1022
f 1025//1025 1026//1026 1022//1022
f 1020//1020 1025//1025 1022//1022
f 1025//1025 1028//1028 1026//1026
f 1020//1020 1023//1023 1025//1025
f 1023//1023 2100//2100 1025//1025
f 1020//1020 1024//1024 1023//1023
f 2101//2101 2103//2103 2102//2102
f 2101//2101 2102//2102 2104//2104
f 2105//2105 2107//2107 2106//2106
f 2105//2105 2106//2106 2108//2108
f 2109//2109 2111//2111 2110//2110
f 2109//2109 2110//2110 2112//2112
f 2113//2113 2115//2115 2114//2114
f 2113//2113 2114//2114 2116//2116
f 2117//2117 2119//2119 2118//2118
f 2117//2117 2118//2118 2120//2120
f 2121//2121 2123//2123 2122//2122
f 2121//2121 2122//2122 2124//2124
f 2125//2125 2127//2127 2126//2126
f 2125//2125 2126//2126 2128//2128
f 2129//2129 2131//2131 2130//2130
f 2129//2129 2130//2130 2132//2132
f 2133//2133 2135//2135 2134//2134
f 2133//2133 2134//2134 2136//2136
f 2137//2137 2139//2139 2138//2138
f 2137//2137 2138//2138 2140//2140
f 2141//2141 2143//2143 2142//2142
f 2141//2141 2142//2142 2144//2144
f 2142//2142 2145//2145 2144//2144
f 2146//2146 2147//2147 2141//2141
f 2148//2148 2146//2146 2141//2141
f 2144//2144 2148//2148 2141//2141
f 2148//2148 2149//2149 2146//2146
f 2144//2144 2150//2150 2148//2148
f 2150//2150 2151//2151 2148//2148
f 2144//2144 2152//2152 2150//2150
f 2153//2153 2155//2155 2154//2154
f 2153//2153 2154//2154 2156//2156
f 2157//2157 2159//2159 2158//2158
f 2157//2157 2158//2158 2160//2160
f 2161//2161 2163//2163 2162//2162
f 2161//2161 2162//2162 2164//2164
f 2162//2162 2165//2165 2164//2164
f 2166//2166 2167//2167 2161//2161
f 2168//2168 2166//2166 2161//2161
f 2164//2164 2168//2168 2161//2161
f 2168//2168 2169//2169 2166//2166
f 2164//2164 2170//2170 2168//2168
f 2170//2170 2171//2171 2168//2168
f 2164//2164 2172//2172 2170//2170
f 2173//2173 2175//2175 2174//2174
f 2176//2176 2178//2178 2177//2177
f 2179//2179 2181//2181 2180//2180
f 2179//2179 2180//2180 2182//2182
f 2183//2183 2185//2185 2184//2184
f 2186//2186 2188//2188 2187//2187
f 2189//2189 2191//2191 2190//2190
f 2189//2189 2190//2190 2192//2192
f 2193//2193 2195//2195 2194//2194
f 2196//2196 2198//2198 2197//2197
f 2199//2199 2201//2201 2200//2200
f 2199//2199 2200//2200 2202//2202
f 2203//2203 2205//2205 2204//2204
f 2206//2206 2208//2208 2207//2207
f 2209//2209 2211//2211 2210//2210
f 2209//2209 2210//2210 2212//2212
f 2213//2213 2215//2215 2214//2214
f 2216//2216 2218//2218 2217//2217
f 2219//2219 2221//2221 2220//2220
f 2219//2219 2220//2220 2222//2222
f 2223//2223 2225//2225 2224//2224
f 2226//2226 2228//2228 2227//2227
f 2229//2229 2231//2231 2230//2230
f 2229//2229 2230//2230 2232//2232
f 2233//2233 2235//2235 2234//2234
f 2236//2236 2238//2238 2237//2237
f 2239//2239 2241//2241 2240//2240
f 2239//2239 2240//2240 2242//2242
f 2243//2243 2245//2245 2244//2244
f 2246//2246 2248//2248 2247//2247
f 2249//2249 2251//2251 2250//2250
f 2249//2249 2250//2250 2252//2252
f 2253//2253 2255//2255 2254//2254
f 2256//2256 2258//2258 2257//2257
f 2259//2259 2261//2261 2260//2260
f 2259//2259 2260//2260 2262//2262
f 2263//2263 2265//2265 2264//2264
f 2266//2266 2268//2268 2267//2267
f 2269//2269 2271//2271 2270//2270
f 2269//2269 2270//2270 2272//2272
f 2273//2273 2275//2275 2274//2274
f 2273//2273 2274//2274 2276//2276
f 2277//2277 2279//2279 2278//2278
f 2280//2280 2282//2282 2281//2281
f 2283//2283 2285//2285 2284//2284
f 2286//2286 2288//2288 2287//2287
f 2286//2286 2287//2287 2289//2289
f 2287//2287 2290//2290 2289//2289
f 2291//2291 2292//2292 2286//2286
f 2293//2293 2291//2291 2286//2286
f 2289//2289 2293//2293 2286//2286
f 2293//2293 2294//2294 2291//2291
f 2289//2289 2295//2295 2293//2293
f 2295//2295 2296//2296 2293//2293
f 2289//2289 2297//2297 2295//2295
f 2298//2298 2300//2300 2299//2299
f 2298//2298 2299//2299 2301//2301
f 2302//2302 2304//2304 2303//2303
f 2305//2305 2307//2307 2306//2306
f 2305//2305 2306//2306 2308//2308
f 2309//2309 2311//2311 2310//2310
f 2309//2309 2310//2310 2312//2312
f 2313//2313 2315//2315 2314//2314
f 2313//2313 2314//2314 2316//2316
f 2317//2317 2319//2319 2318//2318
f 2317//2317 2318//2318 2320//2320
f 2321//2321 2323//2323 2322//2322
f 2321//2321 2322//2322 2324//2324
f 2325//2325 2327//2327 2326//2326
f 2325//2325 2326//2326 2328//2328
f 2329//2329 2331//2331 2330//2330
f 2329//2329 2330//2330 2332//2332
f 2333//2333 2335//2335 2334//2334
f 2333//2333 2334//2334 2336//2336
f 2337//2337 2339//2339 2338//2338
f 2337//2337 2338//2338 2340//2340
f 2341//2341 2343//2343 2342//2342
f 2341//2341 2342//2342 2344//2344
f 2345//2345 2347//2347 2346//2346
f 2345//2345 2346//2346 2348//2348
f 2349//2349 2351//2351 2350//2350
f 2349//2349 2350//2350 2352//2352
f 2353//2353 2355//2355 2354//2354
f 2353//2353 2354//2354 2356//2356
f 2357//2357 2359//2359 2358//2358
f 2357//2357 2358//2358 2360//2360
f 2361//2361 2363//2363 2362//2362
f 2361//2361 2362//2362 2364//2364
f 2365//2365 2367//2367 2366//2366
f 2365//2365 2366//2366 2368//2368
f 2369//2369 2371//2371 2370//2370
f 2369//2369 2370//2370 2372//2372
f 2373//2373 2375//2375 2374//2374
f 2373//2373 2374//2374 2376//2376
f 2377//2377 2379//2379 2378//2378
f 2377//2377 2378//2378 2380//2380
f 2381//2381 2383//2383 2382//2382
f 2381//2381 2382//2382 2384//2384
f 2385//2385 2387//2387 2386//2386
f 2385//2385 2386//2386 2388//2388
f 2389//2389 2391//2391 2390//2390
f 2389//2389 2390//2390 2392//2392
f 2393//2393 2395//2395 2394//2394
f 2393//2393 2394//2394 2396//2396
f 2397//2397 2399//2399 2398//2398
f 2397//2397 2398//2398 2400//2400
f 2401//2401 2403//2403 2402//2402
f 2401//2401 2402//2402 2404//2404
f 2405//2405 2407//2407 2406//2406
f 2405//2405 2406//2406 2408//2408
f 2409//2409 2411//2411 2410//2410
f 2409//2409 2410//2410 2412//2412
f 2413//2413 2415//2415 2414//2414
f 2413//2413 2414//2414 2416//2416
f 2417//2417 2419//2419 2418//2418
f 2417//2417 2418//2418 2420//2420
f 2421//2421 2423//2423 2422//2422
f 2421//2421 2422//2422 2424//2424
f 2425//2425 2427//2427 2426//2426
f 2425//2425 2426//2426 2428//2428
f 2429//2429 2431//2431 2430//2430
f 2429//2429 2430//2430 2432//2432
f 2433//2433 2435//2435 2434//2434
f 2433//2433 2434//2434 2436//2436
f 2437//2437 2439//2439 2438//2438
f 2437//2437 2438//2438 2440//2440
f 2441//2441 2443//2443 2442//2442
f 2441//2441 2442//2442 2444//2444
f 2445//2445 2447//2447 2446//2446
f 2445//2445 2446//2446 2448//2448
f 2449//2449 2451//2451 2450//2450
f 2449//2449 2450//2450 2452//2452
f 2450//2450 2453//2453 2452//2452
f 2454//2454 2455//2455 2449//2449
f 2456//2456 2454//2454 2449//2449
f 2452//2452 2456//2456 2449//2449
f 2456//2456 2457//2457 2454//2454
f 2452//2452 2458//2458 2456//2456
f 2458//2458 2459//2459 2456//2456
f 2452//2452 2460//2460 2458//2458
f 2461//2461 2463//2463 2462//2462
f 2461//2461 2462//2462 2464//2464
f 2465//2465 2467//2467 2466//2466
f 2465//2465 2466//2466 2468//2468
f 2469//2469 2471//2471 2470//2470
f 2469//2469 2470//2470 2472//2472
f 2473//2473 2475//2475 2474//2474
f 2473//2473 2474//2474 2476//2476
f 2477//2477 2479//2479 2478//2478
f 2477//2477 2478//2478 2480//2480
f 2481//2481 2483//2483 2482//2482
f 2481//2481 2482//2482 2484//2484
f 2485//2485 2487//2487 2486//2486
f 2485//2485 2486//2486 2488//2488
f 2489//2489 2491//2491 2490//2490
f 2489//2489 2490//2490 2492//2492
f 2493//2493 2495//2495 2494//2494
f 2493//2493 2494//2494 2496//2496
f 2497//2497 2499//2499 2498//2498
f 2497//2497 2498//2498 2500//2500
f 2501//2501 2503//2503 2502//2502
f 2501//2501 2502//2502 2504//2504
f 2502//2502 2505//2505 2504//2504
f 2506//2506 2507//2507 2501//2501
f 2508//2508 2506//2506 2501//2501
f 2504//2504 2508//2508 2501//2501
f 2508//2508 2509//2509 2506//2506
f 2504//2504 2510//2510 2508//2508
f 2510//2510 2511//2511 2508//2508
f 2504//2504 2512//2512 2510//2510
f 2513//2513 2515//2515 2514//2514
f 2513//2513 2514//2514 2516//2516
f 2517//2517 2519//2519 2518//2518
f 2517//2517 2518//2518 2520//2520
f 2521//2521 2523//2523 2522//2522
f 2521//2521 2522//2522 2524//2524
f 2522//2522 2525//2525 2524//2524
f 2526//2526 2527//2527 2521//2521
f 2528//2528 2526//2526 2521//2521
f 2524//2524 2528//2528 2521//2521
f 2528//2528 2529//2529 2526//2526
f 2524//2524 2530//2530 2528//2528
f 2530//2530 2531//2531 2528//2528
f 2524//2524 2532//2532 2530//2530
f 2533//2533 2535//2535 2534//2534
f 2533//2533 2534//2534 2536//2536
f 2537//2537 2539//2539 2538//2538
f 2537//2537 2538//2538 2540//2540
f 2541//2541 2543//2543 2542//2542
f 2541//2541 2542//2542 2544//2544
f 2545//2545 2547//2547 2546//2546
f 2545//2545 2546//2546 2548//2548
f 2549//2549 2551//2551 2550//2550
f 2549//2549 2550//2550 2552//2552
f 2553//2553 2555//2555 2554//2554
f 2556//2556 2558//2558 2557//2557
f 2559//2559 2561//2561 2560//2560
f 2562//2562 2564//2564 2563//2563
f 2565//2565 2567//2567 2566//2566
f 2568//2568 2570//2570 2569//2569
f 2571//2571 2573//2573 2572//2572
f 2574//2574 2576//2576 2575//2575
f 2577//2577 2579//2579 2578//2578
f 2577//2577 2578//2578 2580//2580
f 2581//2581 2583//2583 2582//2582
f 2581//2581 2582//2582 2584//2584
f 2585//2585 2587//2587 2586//2586
f 2585//2585 2586//2586 2588//2588
f 2589//2589 2591//2591 2590//2590
f 2589//2589 2590//2590 2592//2592
f 2593//2593 2595//2595 2594//2594
f 2593//2593 2594//2594 2596//2596
f 2597//2597 2599//2599 2598//2598
f 2597//2597 2598//2598 2600//2600
f 2601//2601 2603//2603 2602//2602
f 2601//2601 2602//2602 2604//2604
f 2605//2605 2607//2607 2606//2606
f 2605//2605 2606//2606 2608//2608
f 2609//2609 2611//2611 2610//2610
f 2609//2609 2610//2610 2612//2612
f 2613//2613 2615//2615 2614//2614
f 2613//2613 2614//2614 2616//2616
f 2617//2617 2619//2619 2618//2618
f 2617//2617 2618//2618 2620//2620
f 2621//2621 2623//2623 2622//2622
f 2621//2621 2622//2622 2624//2624
f 2625//2625 2627//2627 2626//2626
f 2625//2625 2626//2626 2628//2628
f 1029//1029 1031//1031 1030//1030
f 1029//1029 1030//1030 1032//1032
f 1033//1033 1035//1035 1034//1034
f 1033//1033 1034//1034 1036//1036
f 1037//1037 1039//1039 1038//1038
f 1037//1037 1038//1038 1040//1040
f 1041//1041 1043//1043 1042//1042
f 1041//1041 1042//1042 1044//1044
f 1045//1045 1047//1047 1046//1046
f 1045//1045 1046//1046 1048//1048
f 1049//1049 1051//1051 1050//1050
f 1049//1049 1050//1050 1052//1052
f 2629//2629 2631//2631 2630//2630
f 2629//2629 2630//2630 2632//2632
f 2633//2633 2635//2635 2634//2634
f 2633//2633 2634//2634 2636//2636
f 2637//2637 2639//2639 2638//2638
f 2637//2637 2638//2638 2640//2640
f 2641//2641 2643//2643 2642//2642
f 2641//2641 2642//2642 2644//2644
f 2645//2645 2647//2647 2646//2646
f 2645//2645 2646//2646 2648//2648
f 2649//2649 2651//2651 2650//2650
f 2649//2649 2650//2650 2652//2652
f 2653//2653 2655//2655 2654//2654
f 2653//2653 2654//2654 2656//2656
f 2657//2657 2659//2659 2658//2658
f 2657//2657 2658//2658 2660//2660
f 2661//2661 2663//2663 2662//2662
f 2661//2661 2662//2662 2664//2664
f 2665//2665 2667//2667 2666//2666
f 2665//2665 2666//2666 2668//2668
f 2669//2669 2671//2671 2670//2670
f 2669//2669 2670//2670 2672//2672
f 2673//2673 2675//2675 2674//2674
f 2673//2673 2674//2674 2676//2676
f 2677//2677 2679//2679 2678//2678
f 2677//2677 2678//2678 2680//2680
f 2681//2681 2683//2683 2682//2682
f 2681//2681 2682//2682 2684//2684
f 2685//2685 2687//2687 2686//2686
f 2685//2685 2686//2686 2688//2688
f 2686//2686 2689//2689 2688//2688
f 2688//2688 2690//2690 2685//2685
f 2690//2690 2691//2691 2685//2685
f 2688//2688 2692//2692 2690//2690
f 2692//2692 2693//2693 2690//2690
f 2688//2688 2694//2694 2692//2692
f 2695//2695 2697//2697 2696//2696
f 2695//2695 2696//2696 2698//2698
f 2699//2699 2701//2701 2700//2700
f 2699//2699 2700//2700 2702//2702
f 2703//2703 2705//2705 2704//2704
f 2703//2703 2704//2704 2706//2706
f 2704//2704 2707//2707 2706//2706
f 2706//2706 2708//2708 2703//2703
f 2708//2708 2709//2709 2703//2703
f 2706//2706 2710//2710 2708//2708
f 2710//2710 2711//2711 2708//2708
f 2706//2706 2712//2712 2710//2710
f 1053//1053 1055//1055 1054//1054
f 1053//1053 1054//1054 1056//1056
f 1057//1057 1059//1059 1058//1058
f 1057//1057 1058//1058 1060//1060
f 1061//1061 1063//1063 1062//1062
f 1061//1061 1062//1062 1064//1064
f 1065//1065 1067//1067 1066//1066
f 1065//1065 1066//1066 1068//1068
f 1069//1069 1071//1071 1070//1070
f 1069//1069 1070//1070 1072//1072
f 1073//1073 1075//1075 1074//1074
f 1076//1076 1078//1078 1077//1077
f 1079//1079 1081//1081 1080//1080
f 1082//1082 1084//1084 1083//1083
f 1085//1085 1087//1087 1086//1086
f 1088//1088 1090//1090 1089//1089
f 1091//1091 1093//1093 1092//1092
f 1094//1094 1096//1096 1095//1095
f 1097//1097 1099//1099 1098//1098
f 1097//1097 1098//1098 1100//1100
f 1101//1101 1103//1103 1102//1102
f 1101//1101 1102//1102 1104//1104
f 1105//1105 1107//1107 1106//1106
f 1105//1105 1106//1106 1108//1108
f 1109//1109 1111//1111 1110//1110
f 1109//1109 1110//1110 1112//1112
f 1113//1113 1115//1115 1114//1114
f 1113//1113 1114//1114 1116//1116
f 1117//1117 1119//1119 1118//1118
f 1117//1117 1118//1118 1120//1120
f 1121//1121 1123//1123 1122//1122
f 1121//1121 1122//1122 1124//1124
f 1125//1125 1127//1127 1126//1126
f 1125//1125 1126//1126 1128//1128
f 1129//1129 1131//1131 1130//1130
f 1129//1129 1130//1130 1132//1132
f 1133//1133 1135//1135 1134//1134
f 1133//1133 1134//1134 1136//1136
f 1137//1137 1139//1139 1138//1138
f 1137//1137 1138//1138 1140//1140
f 1141//1141 1143//1143 1142//1142
f 1141//1141 1142//1142 1144//1144
f 1145//1145 1147//1147 1146//1146
f 1145//1145 1146//1146 1148//1148
f 2713//2713 2715//2715 2714//2714
f 2713//2713 2714//2714 2716//2716
f 2717//2717 2719//2719 2718//2718
f 2717//2717 2718//2718 2720//2720
f 2721//2721 2723//2723 2722//2722
f 2721//2721 2722//2722 2724//2724
f 2725//2725 2727//2727 2726//2726
f 2725//2725 2726//2726 2728//2728
f 2729//2729 2731//2731 2730//2730
f 2729//2729 2730//2730 2732//2732
f 2733//2733 2735//2735 2734//2734
f 2733//2733 2734//2734 2736//2736
f 2737//2737 2739//2739 2738//2738
f 2737//2737 2738//2738 2740//2740
f 2741//2741 2743//2743 2742//2742
f 2741//2741 2742//2742 2744//2744
f 2745//2745 2747//2747 2746//2746
f 2745//2745 2746//2746 2748//2748
f 2746//2746 2749//2749 2748//2748
f 2748//2748 2750//2750 2745//2745
f 2750//2750 2751//2751 2745//2745
f 2748//2748 2752//2752 2750//2750
f 2752//2752 2753//2753 2750//2750
f 2748//2748 2754//2754 2752//2752
f 2755//2755 2757//2757 2756//2756
f 2755//2755 2756//2756 2758//2758
f 2759//2759 2761//2761 2760//2760
f 2759//2759 2760//2760 2762//2762
f 2763//2763 2765//2765 2764//2764
f 2763//2763 2764//2764 2766//2766
f 2764//2764 2767//2767 2766//2766
f 2766//2766 2768//2768 2763//2763
f 2768//2768 2769//2769 2763//2763
f 2766//2766 2770//2770 2768//2768
f 2770//2770 2771//2771 2768//2768
f 2766//2766 2772//2772 2770//2770
f 1149//1149 1151//1151 1150//1150
f 1149//1149 1150//1150 1152//1152
f 1153//1153 1155//1155 1154//1154
f 1153//1153 1154//1154 1156//1156
f 1157//1157 1159//1159 1158//1158
f 1157//1157 1158//1158 1160//1160
f 1161//1161 1163//1163 1162//1162
f 1161//1161 1162//1162 1164//1164
f 1165//1165 1167//1167 1166//1166
f 1165//1165 1166//1166 1168//1168
f 1169//1169 1171//1171 1170//1170
f 1172//1172 1174//1174 1173//1173
f 1175//1175 1177//1177 1176//1176
f 1178//1178 1180//1180 1179//1179
f 1181//1181 1183//1183 1182//1182
f 1184//1184 1186//1186 1185//1185
f 1187//1187 1189//1189 1188//1188
f 1190//1190 1192//1192 1191//1191
f 1193//1193 1195//1195 1194//1194
f 1193//1193 1194//1194 1196//1196
f 1197//1197 1199//1199 1198//1198
f 1197//1197 1198//1198 1200//1200
f 1201//1201 1203//1203 1202//1202
f 1201//1201 1202//1202 1204//1204
f 1205//1205 1207//1207 1206//1206
f 1205//1205 1206//1206 1208//1208
f 1209//1209 1211//1211 1210//1210
f 1209//1209 1210//1210 1212//1212
f 1213//1213 1215//1215 1214//1214
f 1213//1213 1214//1214 1216//1216
f 1217//1217 1219//1219 1218//1218
f 1217//1217 1218//1218 1220//1220
f 1221//1221 1223//1223 1222//1222
f 1221//1221 1222//1222 1224//1224
f 1225//1225 1227//1227 1226//1226
f 1225//1225 1226//1226 1228//1228
f 1229//1229 1231//1231 1230//1230
f 1229//1229 1230//1230 1232//1232
f 1233//1233 1235//1235 1234//1234
f 1233//1233 1234//1234 1236//1236
f 1237//1237 1239//1239 1238//1238
f 1237//1237 1238//1238 1240//1240
f 1241//1241 1243//1243 1242//1242
f 1241//1241 1242//1242 1244//1244
f 2773//2773 2775//2775 2774//2774
f 2773//2773 2774//2774 2776//2776
f 2777//2777 2779//2779 2778//2778
f 2777//2777 2778//2778 2780//2780
f 2781//2781 2783//2783 2782//2782
f 2781//2781 2782//2782 2784//2784
f 2785//2785 2787//2787 2786//2786
f 2785//2785 2786//2786 2788//2788
f 2789//2789 2791//2791 2790//2790
f 2789//2789 2790//2790 2792//2792
f 2793//2793 2795//2795 2794//2794
f 2793//2793 2794//2794 2796//2796
f 2797//2797 2799//2799 2798//2798
f 2797//2797 2798//2798 2800//2800
f 2801//2801 2803//2803 2802//2802
f 2801//2801 2802//2802 2804//2804
f 2805//2805 2807//2807 2806//2806
f 2805//2805 2806//2806 2808//2808
f 2809//2809 2811//2811 2810//2810
f 2809//2809 2810//2810 2812//2812
f 2813//2813 2815//2815 2814//2814
f 2813//2813 2814//2814 2816//2816
f 2817//2817 2819//2819 2818//2818
f 2817//2817 2818//2818 2820//2820
f 2821//2821 2823//2823 2822//2822
f 2821//2821 2822//2822 2824//2824
f 2825//2825 2827//2827 2826//2826
f 2825//2825 2826//2826 2828//2828
f 2829//2829 2831//2831 2830//2830
f 2829//2829 2830//2830 2832//2832
f 2833//2833 2835//2835 2834//2834
f 2833//2833 2834//2834 2836//2836
f 2837//2837 2839//2839 2838//2838
f 2837//2837 2838//2838 2840//2840
f 2841//2841 2843//2843 2842//2842
f 2841//2841 2842//2842 2844//2844
f 2845//2845 2847//2847 2846//2846
f 2845//2845 2846//2846 2848//2848
f 2849//2849 2851//2851 2850//2850
f 2849//2849 2850//2850 2852//2852
f 2853//2853 2855//2855 2854//2854
f 2853//2853 2854//2854 2856//2856
f 2857//2857 2859//2859 2858//2858
f 2857//2857 2858//2858 2860//2860
f 2861//2861 2863//2863 2862//2862
f 2861//2861 2862//2862 2864//2864
f 2865//2865 2867//2867 2866//2866
f 2865//2865 2866//2866 2868//2868
g core_roof_civic
usemtl roof_civic
v -0.02251 0.16150 -0.17326
v -0.02251 0.16150 -0.34676
v -0.02251 0.27550 -0.26000
v 0.28248 0.16150 -0.17326
v 0.28248 0.27550 -0.26000
v 0.28248 0.16150 -0.34676
v -0.02251 0.16150 -0.17326
v 0.28248 0.27550 -0.26000
v 0.28248 0.16150 -0.17326
v -0.02251 0.27550 -0.26000
v -0.02251 0.16150 -0.34676
v 0.28248 0.27550 -0.26000
v -0.02251 0.27550 -0.26000
v 0.28248 0.16150 -0.34676
v -0.02251 0.16150 -0.17326
v 0.28248 0.16150 -0.34676
v -0.02251 0.16150 -0.34676
v 0.28248 0.16150 -0.17326
v 0.68000 0.29000 -0.00000
v 0.72290 0.29000 -0.07431
v 0.68000 0.29000 -0.08581
v 0.75430 0.29000 -0.04291
v 0.63709 0.29000 -0.07431
v 0.76580 0.29000 -0.00000
v 0.60569 0.29000 -0.04291
v 0.75430 0.29000 0.04290
v 0.59419 0.29000 -0.00000
v 0.72290 0.29000 0.07429
v 0.60569 0.29000 0.04290
v 0.68000 0.29000 0.08579
v 0.63709 0.29000 0.07429
v 0.68000 0.29000 -0.08581
v 0.72290 0.29000 -0.07431
v 0.68000 0.44840 -0.00000
v 0.72290 0.29000 -0.07431
v 0.75430 0.29000 -0.04291
v 0.68000 0.44840 -0.00000
v 0.75430 0.29000 -0.04291
v 0.76580 0.29000 -0.00000
v 0.68000 0.44840 -0.00000
v 0.76580 0.29000 -0.00000
v 0.75430 0.29000 0.04290
v 0.68000 0.44840 -0.00000
v 0.75430 0.29000 0.04290
v 0.72290 0.29000 0.07429
v 0.68000 0.44840 -0.00000
v 0.72290 0.29000 0.07429
v 0.68000 0.29000 0.08579
v 0.68000 0.44840 -0.00000
v 0.68000 0.29000 0.08579
v 0.63709 0.29000 0.07429
v 0.68000 0.44840 -0.00000
v 0.63709 0.29000 0.07429
v 0.60569 0.29000 0.04290
v 0.68000 0.44840 -0.00000
v 0.60569 0.29000 0.04290
v 0.59419 0.29000 -0.00000
v 0.68000 0.44840 -0.00000
v 0.59419 0.29000 -0.00000
v 0.60569 0.29000 -0.04291
v 0.68000 0.44840 -0.00000
v 0.60569 0.29000 -0.04291
v 0.63709 0.29000 -0.07431
v 0.68000 0.44840 -0.00000
v 0.63709 0.29000 -0.07431
v 0.68000 0.29000 -0.08581
v 0.68000 0.44840 -0.00000
v -0.34000 0.34400 -0.40046
v -0.29368 0.34400 -0.48071
v -0.34000 0.34400 -0.49311
v -0.25976 0.34400 -0.44679
v -0.38634 0.34400 -0.48071
v -0.24734 0.34400 -0.40046
v -0.42027 0.34400 -0.44679
v -0.25976 0.34400 -0.35413
v -0.43266 0.34400 -0.40046
v -0.29368 0.34400 -0.32021
v -0.42027 0.34400 -0.35413
v -0.34000 0.34400 -0.30779
v -0.38634 0.34400 -0.32021
v -0.34000 0.34400 -0.49311
v -0.29368 0.34400 -0.48071
v -0.34000 0.51507 -0.40046
v -0.29368 0.34400 -0.48071
v -0.25976 0.34400 -0.44679
v -0.34000 0.51507 -0.40046
v -0.25976 0.34400 -0.44679
v -0.24734 0.34400 -0.40046
v -0.34000 0.51507 -0.40046
v -0.24734 0.34400 -0.40046
v -0.25976 0.34400 -0.35413
v -0.34000 0.51507 -0.40046
v -0.25976 0.34400 -0.35413
v -0.29368 0.34400 -0.32021
v -0.34000 0.51507 -0.40046
v -0.29368 0.34400 -0.32021
v -0.34000 0.34400 -0.30779
v -0.34000 0.51507 -0.40046
v -0.34000 0.34400 -0.30779
v -0.38634 0.34400 -0.32021
v -0.34000 0.51507 -0.40046
v -0.38634 0.34400 -0.32021
v -0.42027 0.34400 -0.35413
v -0.34000 0.51507 -0.40046
v -0.42027 0.34400 -0.35413
v -0.43266 0.34400 -0.40046
v -0.34000 0.51507 -0.40046
v -0.43266 0.34400 -0.40046
v -0.42027 0.34400 -0.44679
v -0.34000 0.51507 -0.40046
v -0.42027 0.34400 -0.44679
v -0.38634 0.34400 -0.48071
v -0.34000 0.51507 -0.40046
v -0.38634 0.34400 -0.48071
v -0.34000 0.34400 -0.49311
v -0.34000 0.51507 -0.40046
v -0.10501 0.22100 0.46344
v -0.00000 0.32100 0.40043
v 0.10499 0.22100 0.46344
v 0.10499 0.22100 0.46344
v -0.00000 0.32100 0.40043
v 0.10499 0.22100 0.33743
v 0.10499 0.22100 0.33743
v -0.00000 0.32100 0.40043
v -0.10501 0.22100 0.33743
v -0.10501 0.22100 0.33743
v -0.00000 0.32100 0.40043
v -0.10501 0.22100 0.46344
v -0.10501 0.22100 0.33743
v 0.10499 0.22100 0.46344
v 0.10499 0.22100 0.33743
v -0.10501 0.22100 0.46344
v -0.01251 0.13727 -0.26000
v 0.02545 0.13727 -0.31227
v -0.01251 0.13727 -0.32460
v 0.04893 0.13727 -0.27997
v -0.05048 0.13727 -0.31227
v 0.04893 0.13727 -0.24005
v -0.07394 0.13727 -0.27997
v 0.02545 0.13727 -0.20775
v -0.07394 0.13727 -0.24005
v -0.01251 0.13727 -0.19541
v -0.05048 0.13727 -0.20775
v -0.01251 0.13727 -0.32460
v 0.02545 0.13727 -0.31227
v -0.01251 0.21327 -0.26000
v 0.02545 0.13727 -0.31227
v 0.04893 0.13727 -0.27997
v -0.01251 0.21327 -0.26000
v 0.04893 0.13727 -0.27997
v 0.04893 0.13727 -0.24005
v -0.01251 0.21327 -0.26000
v 0.04893 0.13727 -0.24005
v 0.02545 0.13727 -0.20775
v -0.01251 0.21327 -0.26000
v 0.02545 0.13727 -0.20775
v -0.01251 0.13727 -0.19541
v -0.01251 0.21327 -0.26000
v -0.01251 0.13727 -0.19541
v -0.05048 0.13727 -0.20775
v -0.01251 0.21327 -0.26000
v -0.05048 0.13727 -0.20775
v -0.07394 0.13727 -0.24005
v -0.01251 0.21327 -0.26000
v -0.07394 0.13727 -0.24005
v -0.07394 0.13727 -0.27997
v -0.01251 0.21327 -0.26000
v -0.07394 0.13727 -0.27997
v -0.05048 0.13727 -0.31227
v -0.01251 0.21327 -0.26000
v -0.05048 0.13727 -0.31227
v -0.01251 0.13727 -0.32460
v -0.01251 0.21327 -0.26000
vn 0.0000 1.0000 -0.0000
vn 0.0000 1.0000 -0.0000
vn 0.0000 1.0000 -0.0000
vn 0.7071 -0.0000 0.7071
vn 0.7071 -0.0000 0.7071
vn 0.7071 -0.0000 0.7071
vn 0.2004 0.3130 0.9284
vn 0.2004 0.3130 0.9284
vn 0.2004 0.3130 0.9284
vn 0.2004 0.3130 0.9284
vn 0.5186 -0.8102 -0.2732
vn 0.5186 -0.8102 -0.2732
vn 0.5186 -0.8102 -0.2732
vn 0.5186 -0.8102 -0.2732
vn -0.0000 -0.7071 0.7071
vn -0.0000 -0.7071 0.7071
vn -0.0000 -0.7071 0.7071
vn -0.0000 -0.7071 0.7071
vn -0.0000 -0.7071 0.7071
vn -0.0000 -0.7071 0.7071
vn -0.0000 -0.7071 0.7071
vn -0.0000 -0.7071 0.7071
vn -0.0000 -0.7071 0.7071
vn -0.0000 -0.7071 0.7071
vn -0.0000 -0.7071 0.7071
vn -0.0000 -0.7071 0.7071
vn -0.0000 -0.7071 0.7071
vn -0.0000 -0.7071 0.7071
vn -0.0000 -0.7071 0.7071
vn -0.0000 -0.7071 0.7071
vn -0.0000 -0.7071 0.7071
vn 0.6727 -0.7331 -0.1000
vn 0.6727 -0.7331 -0.1000
vn 0.6727 -0.7331 -0.1000
vn 0.9360 -0.1533 0.3168
vn 0.9360 -0.1533 0.3168
vn 0.9360 -0.1533 0.3168
vn 0.6977 0.3576 0.6207
vn 0.6977 0.3576 0.6207
vn 0.6977 0.3576 0.6207
vn -0.5416 -0.3032 -0.7840
vn -0.5416 -0.3032 -0.7840
vn -0.5416 -0.3032 -0.7840
vn 0.3889 0.1989 0.8995
vn 0.3889 0.1989 0.8995
vn 0.3889 0.1989 0.8995
vn 0.2488 0.1731 0.9529
vn 0.2488 0.1731 0.9529
vn 0.2488 0.1731 0.9529
vn 0.1263 0.3509 0.9279
vn 0.1263 0.3509 0.9279
vn 0.1263 0.3509 0.9279
vn 0.0567 0.6717 0.7386
vn 0.0567 0.6717 0.7386
vn 0.0567 0.6717 0.7386
vn 0.0252 0.8688 0.4946
vn 0.0252 0.8688 0.4946
vn 0.0252 0.8688 0.4946
vn -0.1117 0.9016 0.4178
vn -0.1117 0.9016 0.4178
vn -0.1117 0.9016 0.4178
vn -0.3563 0.8534 0.3805
vn -0.3563 0.8534 0.3805
vn -0.3563 0.8534 0.3805
vn 0.5409 -0.7979 -0.2661
vn 0.5409 -0.7979 -0.2661
vn 0.5409 -0.7979 -0.2661
vn -0.0000 -0.7071 0.7071
vn -0.0000 -0.7071 0.7071
vn -0.0000 -0.7071 0.7071
vn -0.0000 -0.7071 0.7071
vn -0.0000 -0.7071 0.7071
vn -0.0000 -0.7071 0.7071
vn -0.0000 -0.7071 0.7071
vn -0.0000 -0.7071 0.7071
vn -0.0000 -0.7071 0.7071
vn -0.0000 -0.7071 0.7071
vn -0.0000 -0.7071 0.7071
vn -0.0000 -0.7071 0.7071
vn -0.0000 -0.7071 0.7071
vn 0.6727 -0.7331 -0.1000
vn 0.6727 -0.7331 -0.1000
vn 0.6727 -0.7331 -0.1000
vn 0.9360 -0.1533 0.3168
vn 0.9360 -0.1533 0.3168
vn 0.9360 -0.1533 0.3168
vn 0.6977 0.3576 0.6207
vn 0.6977 0.3576 0.6207
vn 0.6977 0.3576 0.6207
vn -0.5416 -0.3032 -0.7840
vn -0.5416 -0.3032 -0.7840
vn -0.5416 -0.3032 -0.7840
vn 0.3889 0.1989 0.8995
vn 0.3889 0.1989 0.8995
vn 0.3889 0.1989 0.8995
vn 0.2488 0.1731 0.9529
vn 0.2488 0.1731 0.9529
vn 0.2488 0.1731 0.9529
vn 0.1263 0.3509 0.9279
vn 0.1263 0.3509 0.9279
vn 0.1263 0.3509 0.9279
vn 0.0567 0.6717 0.7386
vn 0.0567 0.6717 0.7386
vn 0.0567 0.6717 0.7386
vn 0.0252 0.8688 0.4946
vn 0.0252 0.8688 0.4946
vn 0.0252 0.8688 0.4946
vn -0.1117 0.9016 0.4178
vn -0.1117 0.9016 0.4178
vn -0.1117 0.9016 0.4178
vn -0.3563 0.8534 0.3805
vn -0.3563 0.8534 0.3805
vn -0.3563 0.8534 0.3805
vn 0.5409 -0.7979 -0.2661
vn 0.5409 -0.7979 -0.2661
vn 0.5409 -0.7979 -0.2661
vn 0.1956 0.2720 0.9422
vn 0.1956 0.2720 0.9422
vn 0.1956 0.2720 0.9422
vn -0.4406 -0.5548 -0.7057
vn -0.4406 -0.5548 -0.7057
vn -0.4406 -0.5548 -0.7057
vn 0.5684 -0.7905 -0.2283
vn 0.5684 -0.7905 -0.2283
vn 0.5684 -0.7905 -0.2283
vn -0.0707 0.7841 0.6166
vn -0.0707 0.7841 0.6166
vn -0.0707 0.7841 0.6166
vn -0.0000 -0.7071 0.7071
vn -0.0000 -0.7071 0.7071
vn -0.0000 -0.7071 0.7071
vn -0.0000 -0.7071 0.7071
vn -0.0000 -0.7071 0.7071
vn -0.0000 -0.7071 0.7071
vn -0.0000 -0.7071 0.7071
vn -0.0000 -0.7071 0.7071
vn -0.0000 -0.7071 0.7071
vn -0.0000 -0.7071 0.7071
vn -0.0000 -0.7071 0.7071
vn -0.0000 -0.7071 0.7071
vn -0.0000 -0.7071 0.7071
vn -0.0000 -0.7071 0.7071
vn -0.0000 -0.7071 0.7071
vn 0.5104 -0.8289 -0.2291
vn 0.5104 -0.8289 -0.2291
vn 0.5104 -0.8289 -0.2291
vn -0.5231 -0.6768 -0.5179
vn -0.5231 -0.6768 -0.5179
vn -0.5231 -0.6768 -0.5179
vn -0.5216 -0.4784 -0.7065
vn -0.5216 -0.4784 -0.7065
vn -0.5216 -0.4784 -0.7065
vn 0.3887 0.3478 0.8532
vn 0.3887 0.3478 0.8532
vn 0.3887 0.3478 0.8532
vn 0.2564 0.2846 0.9237
vn 0.2564 0.2846 0.9237
vn 0.2564 0.2846 0.9237
vn 0.1506 0.4269 0.8917
vn 0.1506 0.4269 0.8917
vn 0.1506 0.4269 0.8917
vn 0.0710 0.6917 0.7187
vn 0.0710 0.6917 0.7187
vn 0.0710 0.6917 0.7187
vn -0.0517 0.8268 0.5601
vn -0.0517 0.8268 0.5601
vn -0.0517 0.8268 0.5601
vn -0.2812 0.8310 0.4799
vn -0.2812 0.8310 0.4799
vn -0.2812 0.8310 0.4799
vn 0.4567 -0.8146 -0.3575
vn 0.4567 -0.8146 -0.3575
vn 0.4567 -0.8146 -0.3575
f 2887//2887 2889//2889 2888//2888
f 2887//2887 2888//2888 2890//2890
f 2887//2887 2891//2891 2889//2889
f 2887//2887 2890//2890 2892//2892
f 2887//2887 2893//2893 2891//2891
f 2887//2887 2892//2892 2894//2894
f 2887//2887 2895//2895 2893//2893
f 2887//2887 2894//2894 2896//2896
f 2887//2887 2897//2897 2895//2895
f 2887//2887 2896//2896 2898//2898
f 2887//2887 2899//2899 2897//2897
f 2887//2887 2898//2898 2899//2899
f 2900//2900 2902//2902 2901//2901
f 2903//2903 2905//2905 2904//2904
f 2906//2906 2908//2908 2907//2907
f 2909//2909 2911//2911 2910//2910
f 2912//2912 2914//2914 2913//2913
f 2915//2915 2917//2917 2916//2916
f 2918//2918 2920//2920 2919//2919
f 2921//2921 2923//2923 2922//2922
f 2924//2924 2926//2926 2925//2925
f 2927//2927 2929//2929 2928//2928
f 2930//2930 2932//2932 2931//2931
f 2933//2933 2935//2935 2934//2934
f 2936//2936 2938//2938 2937//2937
f 2936//2936 2937//2937 2939//2939
f 2936//2936 2940//2940 2938//2938
f 2936//2936 2939//2939 2941//2941
f 2936//2936 2942//2942 2940//2940
f 2936//2936 2941//2941 2943//2943
f 2936//2936 2944//2944 2942//2942
f 2936//2936 2943//2943 2945//2945
f 2936//2936 2946//2946 2944//2944
f 2936//2936 2945//2945 2947//2947
f 2936//2936 2948//2948 2946//2946
f 2936//2936 2947//2947 2948//2948
f 2949//2949 2951//2951 2950//2950
f 2952//2952 2954//2954 2953//2953
f 2955//2955 2957//2957 2956//2956
f 2958//2958 2960//2960 2959//2959
f 2961//2961 2963//2963 2962//2962
f 2964//2964 2966//2966 2965//2965
f 2967//2967 2969//2969 2968//2968
f 2970//2970 2972//2972 2971//2971
f 2973//2973 2975//2975 2974//2974
f 2976//2976 2978//2978 2977//2977
f 2979//2979 2981//2981 2980//2980
f 2982//2982 2984//2984 2983//2983
f 2985//2985 2987//2987 2986//2986
f 2988//2988 2990//2990 2989//2989
f 2991//2991 2993//2993 2992//2992
f 2994//2994 2996//2996 2995//2995
f 2997//2997 2999//2999 2998//2998
f 2997//2997 2998//2998 3000//3000
f 2869//2869 2871//2871 2870//2870
f 2872//2872 2874//2874 2873//2873
f 2875//2875 2877//2877 2876//2876
f 2875//2875 2876//2876 2878//2878
f 2879//2879 2881//2881 2880//2880
f 2879//2879 2880//2880 2882//2882
f 2883//2883 2885//2885 2884//2884
f 2883//2883 2884//2884 2886//2886
f 3001//3001 3003//3003 3002//3002
f 3001//3001 3002//3002 3004//3004
f 3001//3001 3005//3005 3003//3003
f 3001//3001 3004//3004 3006//3006
f 3001//3001 3007//3007 3005//3005
f 3001//3001 3006//3006 3008//3008
f 3001//3001 3009//3009 3007//3007
f 3001//3001 3008//3008 3010//3010
f 3001//3001 3011//3011 3009//3009
f 3001//3001 3010//3010 3011//3011
f 3012//3012 3014//3014 3013//3013
f 3015//3015 3017//3017 3016//3016
f 3018//3018 3020//3020 3019//3019
f 3021//3021 3023//3023 3022//3022
f 3024//3024 3026//3026 3025//3025
f 3027//3027 3029//3029 3028//3028
f 3030//3030 3032//3032 3031//3031
f 3033//3033 3035//3035 3034//3034
f 3036//3036 3038//3038 3037//3037
f 3039//3039 3041//3041 3040//3040
g core_window
usemtl window
v 0.04020 0.05168 -0.19126
v 0.04020 0.10868 -0.19925
v 0.04020 0.10868 -0.19126
v 0.04020 0.05168 -0.19925
v 0.04020 0.05168 -0.19925
v 0.06019 0.10868 -0.19925
v 0.04020 0.10868 -0.19925
v 0.06019 0.05168 -0.19925
v 0.06019 0.05168 -0.19925
v 0.06019 0.10868 -0.19126
v 0.06019 0.10868 -0.19925
v 0.06019 0.05168 -0.19126
v 0.06019 0.05168 -0.19126
v 0.04020 0.10868 -0.19126
v 0.06019 0.10868 -0.19126
v 0.04020 0.05168 -0.19126
v 0.04020 0.05168 -0.19925
v 0.06019 0.05168 -0.19126
v 0.06019 0.05168 -0.19925
v 0.04020 0.05168 -0.19126
v 0.06019 0.10868 -0.19925
v 0.04020 0.10868 -0.19126
v 0.04020 0.10868 -0.19925
v 0.06019 0.10868 -0.19126
v 0.11998 0.05168 -0.19126
v 0.11998 0.10868 -0.19925
v 0.11998 0.10868 -0.19126
v 0.11998 0.05168 -0.19925
v 0.11998 0.05168 -0.19925
v 0.13999 0.10868 -0.19925
v 0.11998 0.10868 -0.19925
v 0.13999 0.05168 -0.19925
v 0.13999 0.05168 -0.19925
v 0.13999 0.10868 -0.19126
v 0.13999 0.10868 -0.19925
v 0.13999 0.05168 -0.19126
v 0.13999 0.05168 -0.19126
v 0.11998 0.10868 -0.19126
v 0.13999 0.10868 -0.19126
v 0.11998 0.05168 -0.19126
v 0.11998 0.05168 -0.19925
v 0.13999 0.05168 -0.19126
v 0.13999 0.05168 -0.19925
v 0.11998 0.05168 -0.19126
v 0.13999 0.10868 -0.19925
v 0.11998 0.10868 -0.19126
v 0.11998 0.10868 -0.19925
v 0.13999 0.10868 -0.19126
v 0.19979 0.05168 -0.19126
v 0.19979 0.10868 -0.19925
v 0.19979 0.10868 -0.19126
v 0.19979 0.05168 -0.19925
v 0.19979 0.05168 -0.19925
v 0.21978 0.10868 -0.19925
v 0.19979 0.10868 -0.19925
v 0.21978 0.05168 -0.19925
v 0.21978 0.05168 -0.19925
v 0.21978 0.10868 -0.19126
v 0.21978 0.10868 -0.19925
v 0.21978 0.05168 -0.19126
v 0.21978 0.05168 -0.19126
v 0.19979 0.10868 -0.19126
v 0.21978 0.10868 -0.19126
v 0.19979 0.05168 -0.19126
v 0.19979 0.05168 -0.19925
v 0.21978 0.05168 -0.19126
v 0.21978 0.05168 -0.19925
v 0.19979 0.05168 -0.19126
v 0.21978 0.10868 -0.19925
v 0.19979 0.10868 -0.19126
v 0.19979 0.10868 -0.19925
v 0.21978 0.10868 -0.19126
v 0.67198 0.13500 0.07200
v 0.67198 0.17500 0.06200
v 0.67198 0.17500 0.07200
v 0.67198 0.13500 0.06200
v 0.67198 0.13500 0.06200
v 0.68800 0.17500 0.06200
v 0.67198 0.17500 0.06200
v 0.68800 0.13500 0.06200
v 0.68800 0.13500 0.06200
v 0.68800 0.17500 0.07200
v 0.68800 0.17500 0.06200
v 0.68800 0.13500 0.07200
v 0.68800 0.13500 0.07200
v 0.67198 0.17500 0.07200
v 0.68800 0.17500 0.07200
v 0.67198 0.13500 0.07200
v 0.67198 0.13500 0.06200
v 0.68800 0.13500 0.07200
v 0.68800 0.13500 0.06200
v 0.67198 0.13500 0.07200
v 0.68800 0.17500 0.06200
v 0.67198 0.17500 0.07200
v 0.67198 0.17500 0.06200
v 0.68800 0.17500 0.07200
v 0.33198 0.16200 -0.32317
v 0.33198 0.20200 -0.33317
v 0.33198 0.20200 -0.32317
v 0.33198 0.16200 -0.33317
v 0.33198 0.16200 -0.33317
v 0.34798 0.20200 -0.33317
v 0.33198 0.20200 -0.33317
v 0.34798 0.16200 -0.33317
v 0.34798 0.16200 -0.33317
v 0.34798 0.20200 -0.32317
v 0.34798 0.20200 -0.33317
v 0.34798 0.16200 -0.32317
v 0.34798 0.16200 -0.32317
v 0.33198 0.20200 -0.32317
v 0.34798 0.20200 -0.32317
v 0.33198 0.16200 -0.32317
v 0.33198 0.16200 -0.33317
v 0.34798 0.16200 -0.32317
v 0.34798 0.16200 -0.33317
v 0.33198 0.16200 -0.32317
v 0.34798 0.20200 -0.33317
v 0.33198 0.20200 -0.32317
v 0.33198 0.20200 -0.33317
v 0.34798 0.20200 -0.32317
v -0.34801 0.16200 -0.32317
v -0.34801 0.20200 -0.33317
v -0.34801 0.20200 -0.32317
v -0.34801 0.16200 -0.33317
v -0.34801 0.16200 -0.33317
v -0.33201 0.20200 -0.33317
v -0.34801 0.20200 -0.33317
v -0.33201 0.16200 -0.33317
v -0.33201 0.16200 -0.33317
v -0.33201 0.20200 -0.32317
v -0.33201 0.20200 -0.33317
v -0.33201 0.16200 -0.32317
v -0.33201 0.16200 -0.32317
v -0.34801 0.20200 -0.32317
v -0.33201 0.20200 -0.32317
v -0.34801 0.16200 -0.32317
v -0.34801 0.16200 -0.33317
v -0.33201 0.16200 -0.32317
v -0.33201 0.16200 -0.33317
v -0.34801 0.16200 -0.32317
v -0.33201 0.20200 -0.33317
v -0.34801 0.20200 -0.32317
v -0.34801 0.20200 -0.33317
v -0.33201 0.20200 -0.32317
v -0.68800 0.13500 0.07200
v -0.68800 0.17500 0.06200
v -0.68800 0.17500 0.07200
v -0.68800 0.13500 0.06200
v -0.68800 0.13500 0.06200
v -0.67200 0.17500 0.06200
v -0.68800 0.17500 0.06200
v -0.67200 0.13500 0.06200
v -0.67200 0.13500 0.06200
v -0.67200 0.17500 0.07200
v -0.67200 0.17500 0.06200
v -0.67200 0.13500 0.07200
v -0.67200 0.13500 0.07200
v -0.68800 0.17500 0.07200
v -0.67200 0.17500 0.07200
v -0.68800 0.13500 0.07200
v -0.68800 0.13500 0.06200
v -0.67200 0.13500 0.07200
v -0.67200 0.13500 0.06200
v -0.68800 0.13500 0.07200
v -0.67200 0.17500 0.06200
v -0.68800 0.17500 0.07200
v -0.68800 0.17500 0.06200
v -0.67200 0.17500 0.07200
v 0.10499 0.04700 -0.00201
v 0.11793 0.05100 0.00220
v 0.10499 0.05100 -0.00201
v 0.11793 0.04700 0.00220
v 0.11793 0.04700 0.00220
v 0.12590 0.05100 0.01319
v 0.11793 0.05100 0.00220
v 0.12590 0.04700 0.01319
v 0.12590 0.04700 0.01319
v 0.12590 0.05100 0.02680
v 0.12590 0.05100 0.01319
v 0.12590 0.04700 0.02680
v 0.12590 0.04700 0.02680
v 0.11793 0.05100 0.03779
v 0.12590 0.05100 0.02680
v 0.11793 0.04700 0.03779
v 0.11793 0.04700 0.03779
v 0.10499 0.05100 0.04199
v 0.11793 0.05100 0.03779
v 0.10499 0.04700 0.04199
v 0.10499 0.04700 0.04199
v 0.09206 0.05100 0.03779
v 0.10499 0.05100 0.04199
v 0.09206 0.04700 0.03779
v 0.09206 0.04700 0.03779
v 0.08406 0.05100 0.02680
v 0.09206 0.05100 0.03779
v 0.08406 0.04700 0.02680
v 0.08406 0.04700 0.02680
v 0.08406 0.05100 0.01319
v 0.08406 0.05100 0.02680
v 0.08406 0.04700 0.01319
v 0.12590 0.05100 0.01319
v 0.10499 0.05100 -0.00201
v 0.11793 0.05100 0.00220
v 0.08406 0.05100 0.01319
v 0.09206 0.05100 0.00220
v 0.11793 0.05100 0.03779
v 0.12590 0.05100 0.02680
v 0.09206 0.05100 0.03779
v 0.10499 0.05100 0.04199
v 0.08406 0.05100 0.02680
v 0.08406 0.04700 0.01319
v 0.09206 0.05100 0.00220
v 0.08406 0.05100 0.01319
v 0.09206 0.04700 0.00220
v 0.09206 0.04700 0.00220
v 0.10499 0.05100 -0.00201
v 0.09206 0.05100 0.00220
v 0.10499 0.04700 -0.00201
v 0.09206 0.04700 0.00220
v 0.11793 0.04700 0.00220
v 0.10499 0.04700 -0.00201
v 0.12590 0.04700 0.02680
v 0.12590 0.04700 0.01319
v 0.08406 0.04700 0.02680
v 0.08406 0.04700 0.01319
v 0.10499 0.04700 0.04199
v 0.09206 0.04700 0.03779
v 0.11793 0.04700 0.03779
v 0.28959 0.24624 -0.20075
v 0.28959 0.29374 -0.20876
v 0.28959 0.29374 -0.20075
v 0.28959 0.24624 -0.20876
v 0.28959 0.24624 -0.20876
v 0.31240 0.29374 -0.20876
v 0.28959 0.29374 -0.20876
v 0.31240 0.24624 -0.20876
v 0.31240 0.24624 -0.20876
v 0.31240 0.29374 -0.20075
v 0.31240 0.29374 -0.20876
v 0.31240 0.24624 -0.20075
v 0.31240 0.24624 -0.20075
v 0.28959 0.29374 -0.20075
v 0.31240 0.29374 -0.20075
v 0.28959 0.24624 -0.20075
v 0.28959 0.24624 -0.20876
v 0.31240 0.24624 -0.20075
v 0.31240 0.24624 -0.20876
v 0.28959 0.24624 -0.20075
v 0.31240 0.29374 -0.20876
v 0.28959 0.29374 -0.20075
v 0.28959 0.29374 -0.20876
v 0.31240 0.29374 -0.20075
v -0.01202 0.15912 0.45444
v -0.01202 0.18912 0.44643
v -0.01202 0.18912 0.45444
v -0.01202 0.15912 0.44643
v -0.01202 0.15912 0.44643
v 0.01200 0.18912 0.44643
v -0.01202 0.18912 0.44643
v 0.01200 0.15912 0.44643
v 0.01200 0.15912 0.44643
v 0.01200 0.18912 0.45444
v 0.01200 0.18912 0.44643
v 0.01200 0.15912 0.45444
v 0.01200 0.15912 0.45444
v -0.01202 0.18912 0.45444
v 0.01200 0.18912 0.45444
v -0.01202 0.15912 0.45444
v -0.01202 0.15912 0.44643
v 0.01200 0.15912 0.45444
v 0.01200 0.15912 0.44643
v -0.01202 0.15912 0.45444
v 0.01200 0.18912 0.44643
v -0.01202 0.18912 0.45444
v -0.01202 0.18912 0.44643
v 0.01200 0.18912 0.45444
v -0.27000 0.03856 -0.19300
v -0.27000 0.07056 -0.20101
v -0.27000 0.07056 -0.19300
v -0.27000 0.03856 -0.20101
v -0.27000 0.03856 -0.20101
v -0.24600 0.07056 -0.20101
v -0.27000 0.07056 -0.20101
v -0.24600 0.03856 -0.20101
v -0.24600 0.03856 -0.20101
v -0.24600 0.07056 -0.19300
v -0.24600 0.07056 -0.20101
v -0.24600 0.03856 -0.19300
v -0.24600 0.03856 -0.19300
v -0.27000 0.07056 -0.19300
v -0.24600 0.07056 -0.19300
v -0.27000 0.03856 -0.19300
v -0.27000 0.03856 -0.20101
v -0.24600 0.03856 -0.19300
v -0.24600 0.03856 -0.20101
v -0.27000 0.03856 -0.19300
v -0.24600 0.07056 -0.20101
v -0.27000 0.07056 -0.19300
v -0.27000 0.07056 -0.20101
v -0.24600 0.07056 -0.19300
v -0.27000 0.14004 -0.19300
v -0.27000 0.17204 -0.20101
v -0.27000 0.17204 -0.19300
v -0.27000 0.14004 -0.20101
v -0.27000 0.14004 -0.20101
v -0.24600 0.17204 -0.20101
v -0.27000 0.17204 -0.20101
v -0.24600 0.14004 -0.20101
v -0.24600 0.14004 -0.20101
v -0.24600 0.17204 -0.19300
v -0.24600 0.17204 -0.20101
v -0.24600 0.14004 -0.19300
v -0.24600 0.14004 -0.19300
v -0.27000 0.17204 -0.19300
v -0.24600 0.17204 -0.19300
v -0.27000 0.14004 -0.19300
v -0.27000 0.14004 -0.20101
v -0.24600 0.14004 -0.19300
v -0.24600 0.14004 -0.20101
v -0.27000 0.14004 -0.19300
v -0.24600 0.17204 -0.20101
v -0.27000 0.17204 -0.19300
v -0.27000 0.17204 -0.20101
v -0.24600 0.17204 -0.19300
v -0.17401 0.14004 -0.19300
v -0.17401 0.17204 -0.20101
v -0.17401 0.17204 -0.19300
v -0.17401 0.14004 -0.20101
v -0.17401 0.14004 -0.20101
v -0.15001 0.17204 -0.20101
v -0.17401 0.17204 -0.20101
v -0.15001 0.14004 -0.20101
v -0.15001 0.14004 -0.20101
v -0.15001 0.17204 -0.19300
v -0.15001 0.17204 -0.20101
v -0.15001 0.14004 -0.19300
v -0.15001 0.14004 -0.19300
v -0.17401 0.17204 -0.19300
v -0.15001 0.17204 -0.19300
v -0.17401 0.14004 -0.19300
v -0.17401 0.14004 -0.20101
v -0.15001 0.14004 -0.19300
v -0.15001 0.14004 -0.20101
v -0.17401 0.14004 -0.19300
v -0.15001 0.17204 -0.20101
v -0.17401 0.17204 -0.19300
v -0.17401 0.17204 -0.20101
v -0.15001 0.17204 -0.19300
v -0.21002 0.22362 -0.01400
v -0.21002 0.24962 -0.02201
v -0.21002 0.24962 -0.01400
v -0.21002 0.22362 -0.02201
v -0.21002 0.22362 -0.02201
v -0.19001 0.24962 -0.02201
v -0.21002 0.24962 -0.02201
v -0.19001 0.22362 -0.02201
v -0.19001 0.22362 -0.02201
v -0.19001 0.24962 -0.01400
v -0.19001 0.24962 -0.02201
v -0.19001 0.22362 -0.01400
v -0.19001 0.22362 -0.01400
v -0.21002 0.24962 -0.01400
v -0.19001 0.24962 -0.01400
v -0.21002 0.22362 -0.01400
v -0.21002 0.22362 -0.02201
v -0.19001 0.22362 -0.01400
v -0.19001 0.22362 -0.02201
v -0.21002 0.22362 -0.01400
v -0.19001 0.24962 -0.02201
v -0.21002 0.24962 -0.01400
v -0.21002 0.24962 -0.02201
v -0.19001 0.24962 -0.01400
v -0.21201 0.13707 -0.02801
v -0.21201 0.16908 -0.03601
v -0.21201 0.16908 -0.02801
v -0.21201 0.13707 -0.03601
v -0.21201 0.13707 -0.03601
v -0.18801 0.16908 -0.03601
v -0.21201 0.16908 -0.03601
v -0.18801 0.13707 -0.03601
v -0.18801 0.13707 -0.03601
v -0.18801 0.16908 -0.02801
v -0.18801 0.16908 -0.03601
v -0.18801 0.13707 -0.02801
v -0.18801 0.13707 -0.02801
v -0.21201 0.16908 -0.02801
v -0.18801 0.16908 -0.02801
v -0.21201 0.13707 -0.02801
v -0.21201 0.13707 -0.03601
v -0.18801 0.13707 -0.02801
v -0.18801 0.13707 -0.03601
v -0.21201 0.13707 -0.02801
v -0.18801 0.16908 -0.03601
v -0.21201 0.16908 -0.02801
v -0.21201 0.16908 -0.03601
v -0.18801 0.16908 -0.02801
v 0.15198 0.03488 -0.03301
v 0.15198 0.06688 -0.04101
v 0.15198 0.06688 -0.03301
v 0.15198 0.03488 -0.04101
v 0.15198 0.03488 -0.04101
v 0.17598 0.06688 -0.04101
v 0.15198 0.06688 -0.04101
v 0.17598 0.03488 -0.04101
v 0.17598 0.03488 -0.04101
v 0.17598 0.06688 -0.03301
v 0.17598 0.06688 -0.04101
v 0.17598 0.03488 -0.03301
v 0.17598 0.03488 -0.03301
v 0.15198 0.06688 -0.03301
v 0.17598 0.06688 -0.03301
v 0.15198 0.03488 -0.03301
v 0.15198 0.03488 -0.04101
v 0.17598 0.03488 -0.03301
v 0.17598 0.03488 -0.04101
v 0.15198 0.03488 -0.03301
v 0.17598 0.06688 -0.04101
v 0.15198 0.06688 -0.03301
v 0.15198 0.06688 -0.04101
v 0.17598 0.06688 -0.03301
v 0.15198 0.12665 -0.03301
v 0.15198 0.15865 -0.04101
v 0.15198 0.15865 -0.03301
v 0.15198 0.12665 -0.04101
v 0.15198 0.12665 -0.04101
v 0.17598 0.15865 -0.04101
v 0.15198 0.15865 -0.04101
v 0.17598 0.12665 -0.04101
v 0.17598 0.12665 -0.04101
v 0.17598 0.15865 -0.03301
v 0.17598 0.15865 -0.04101
v 0.17598 0.12665 -0.03301
v 0.17598 0.12665 -0.03301
v 0.15198 0.15865 -0.03301
v 0.17598 0.15865 -0.03301
v 0.15198 0.12665 -0.03301
v 0.15198 0.12665 -0.04101
v 0.17598 0.12665 -0.03301
v 0.17598 0.12665 -0.04101
v 0.15198 0.12665 -0.03301
v 0.17598 0.15865 -0.04101
v 0.15198 0.15865 -0.03301
v 0.15198 0.15865 -0.04101
v 0.17598 0.15865 -0.03301
v 0.22398 0.12665 -0.03301
v 0.22398 0.15865 -0.04101
v 0.22398 0.15865 -0.03301
v 0.22398 0.12665 -0.04101
v 0.22398 0.12665 -0.04101
v 0.24800 0.15865 -0.04101
v 0.22398 0.15865 -0.04101
v 0.24800 0.12665 -0.04101
v 0.24800 0.12665 -0.04101
v 0.24800 0.15865 -0.03301
v 0.24800 0.15865 -0.04101
v 0.24800 0.12665 -0.03301
v 0.24800 0.12665 -0.03301
v 0.22398 0.15865 -0.03301
v 0.24800 0.15865 -0.03301
v 0.22398 0.12665 -0.03301
v 0.22398 0.12665 -0.04101
v 0.24800 0.12665 -0.03301
v 0.24800 0.12665 -0.04101
v 0.22398 0.12665 -0.03301
v 0.24800 0.15865 -0.04101
v 0.22398 0.15865 -0.03301
v 0.22398 0.15865 -0.04101
v 0.24800 0.15865 -0.03301
v -0.45001 0.20043 0.01599
v -0.45001 0.22643 0.00799
v -0.45001 0.22643 0.01599
v -0.45001 0.20043 0.00799
v -0.45001 0.20043 0.00799
v -0.43002 0.22643 0.00799
v -0.45001 0.22643 0.00799
v -0.43002 0.20043 0.00799
v -0.43002 0.20043 0.00799
v -0.43002 0.22643 0.01599
v -0.43002 0.22643 0.00799
v -0.43002 0.20043 0.01599
v -0.43002 0.20043 0.01599
v -0.45001 0.22643 0.01599
v -0.43002 0.22643 0.01599
v -0.45001 0.20043 0.01599
v -0.45001 0.20043 0.00799
v -0.43002 0.20043 0.01599
v -0.43002 0.20043 0.00799
v -0.45001 0.20043 0.01599
v -0.43002 0.22643 0.00799
v -0.45001 0.22643 0.01599
v -0.45001 0.22643 0.00799
v -0.43002 0.22643 0.01599
v -0.48801 0.03261 0.00199
v -0.48801 0.06461 -0.00600
v -0.48801 0.06461 0.00199
v -0.48801 0.03261 -0.00600
v -0.48801 0.03261 -0.00600
v -0.46401 0.06461 -0.00600
v -0.48801 0.06461 -0.00600
v -0.46401 0.03261 -0.00600
v -0.46401 0.03261 -0.00600
v -0.46401 0.06461 0.00199
v -0.46401 0.06461 -0.00600
v -0.46401 0.03261 0.00199
v -0.46401 0.03261 0.00199
v -0.48801 0.06461 0.00199
v -0.46401 0.06461 0.00199
v -0.48801 0.03261 0.00199
v -0.48801 0.03261 -0.00600
v -0.46401 0.03261 0.00199
v -0.46401 0.03261 -0.00600
v -0.48801 0.03261 0.00199
v -0.46401 0.06461 -0.00600
v -0.48801 0.06461 0.00199
v -0.48801 0.06461 -0.00600
v -0.46401 0.06461 0.00199
v -0.48801 0.11842 0.00199
v -0.48801 0.15042 -0.00600
v -0.48801 0.15042 0.00199
v -0.48801 0.11842 -0.00600
v -0.48801 0.11842 -0.00600
v -0.46401 0.15042 -0.00600
v -0.48801 0.15042 -0.00600
v -0.46401 0.11842 -0.00600
v -0.46401 0.11842 -0.00600
v -0.46401 0.15042 0.00199
v -0.46401 0.15042 -0.00600
v -0.46401 0.11842 0.00199
v -0.46401 0.11842 0.00199
v -0.48801 0.15042 0.00199
v -0.46401 0.15042 0.00199
v -0.48801 0.11842 0.00199
v -0.48801 0.11842 -0.00600
v -0.46401 0.11842 0.00199
v -0.46401 0.11842 -0.00600
v -0.48801 0.11842 0.00199
v -0.46401 0.15042 -0.00600
v -0.48801 0.15042 0.00199
v -0.48801 0.15042 -0.00600
v -0.46401 0.15042 0.00199
v -0.41601 0.11842 0.00199
v -0.41601 0.15042 -0.00600
v -0.41601 0.15042 0.00199
v -0.41601 0.11842 -0.00600
v -0.41601 0.11842 -0.00600
v -0.39201 0.15042 -0.00600
v -0.41601 0.15042 -0.00600
v -0.39201 0.11842 -0.00600
v -0.39201 0.11842 -0.00600
v -0.39201 0.15042 0.00199
v -0.39201 0.15042 -0.00600
v -0.39201 0.11842 0.00199
v -0.39201 0.11842 0.00199
v -0.41601 0.15042 0.00199
v -0.39201 0.15042 0.00199
v -0.41601 0.11842 0.00199
v -0.41601 0.11842 -0.00600
v -0.39201 0.11842 0.00199
v -0.39201 0.11842 -0.00600
v -0.41601 0.11842 0.00199
v -0.39201 0.15042 -0.00600
v -0.41601 0.15042 0.00199
v -0.41601 0.15042 -0.00600
v -0.39201 0.15042 0.00199
v 0.39199 0.03137 0.00199
v 0.39199 0.06337 -0.00600
v 0.39199 0.06337 0.00199
v 0.39199 0.03137 -0.00600
v 0.39199 0.03137 -0.00600
v 0.41599 0.06337 -0.00600
v 0.39199 0.06337 -0.00600
v 0.41599 0.03137 -0.00600
v 0.41599 0.03137 -0.00600
v 0.41599 0.06337 0.00199
v 0.41599 0.06337 -0.00600
v 0.41599 0.03137 0.00199
v 0.41599 0.03137 0.00199
v 0.39199 0.06337 0.00199
v 0.41599 0.06337 0.00199
v 0.39199 0.03137 0.00199
v 0.39199 0.03137 -0.00600
v 0.41599 0.03137 0.00199
v 0.41599 0.03137 -0.00600
v 0.39199 0.03137 0.00199
v 0.41599 0.06337 -0.00600
v 0.39199 0.06337 0.00199
v 0.39199 0.06337 -0.00600
v 0.41599 0.06337 0.00199
v 0.39199 0.11393 0.00199
v 0.39199 0.14593 -0.00600
v 0.39199 0.14593 0.00199
v 0.39199 0.11393 -0.00600
v 0.39199 0.11393 -0.00600
v 0.41599 0.14593 -0.00600
v 0.39199 0.14593 -0.00600
v 0.41599 0.11393 -0.00600
v 0.41599 0.11393 -0.00600
v 0.41599 0.14593 0.00199
v 0.41599 0.14593 -0.00600
v 0.41599 0.11393 0.00199
v 0.41599 0.11393 0.00199
v 0.39199 0.14593 0.00199
v 0.41599 0.14593 0.00199
v 0.39199 0.11393 0.00199
v 0.39199 0.11393 -0.00600
v 0.41599 0.11393 0.00199
v 0.41599 0.11393 -0.00600
v 0.39199 0.11393 0.00199
v 0.41599 0.14593 -0.00600
v 0.39199 0.14593 0.00199
v 0.39199 0.14593 -0.00600
v 0.41599 0.14593 0.00199
v 0.46399 0.11393 0.00199
v 0.46399 0.14593 -0.00600
v 0.46399 0.14593 0.00199
v 0.46399 0.11393 -0.00600
v 0.46399 0.11393 -0.00600
v 0.48799 0.14593 -0.00600
v 0.46399 0.14593 -0.00600
v 0.48799 0.11393 -0.00600
v 0.48799 0.11393 -0.00600
v 0.48799 0.14593 0.00199
v 0.48799 0.14593 -0.00600
v 0.48799 0.11393 0.00199
v 0.48799 0.11393 0.00199
v 0.46399 0.14593 0.00199
v 0.48799 0.14593 0.00199
v 0.46399 0.11393 0.00199
v 0.46399 0.11393 -0.00600
v 0.48799 0.11393 0.00199
v 0.48799 0.11393 -0.00600
v 0.46399 0.11393 0.00199
v 0.48799 0.14593 -0.00600
v 0.46399 0.14593 0.00199
v 0.46399 0.14593 -0.00600
v 0.48799 0.14593 0.00199
v -0.31282 0.03092 0.34700
v -0.31282 0.06292 0.33899
v -0.31282 0.06292 0.34700
v -0.31282 0.03092 0.33899
v -0.31282 0.03092 0.33899
v -0.28882 0.06292 0.33899
v -0.31282 0.06292 0.33899
v -0.28882 0.03092 0.33899
v -0.28882 0.03092 0.33899
v -0.28882 0.06292 0.34700
v -0.28882 0.06292 0.33899
v -0.28882 0.03092 0.34700
v -0.28882 0.03092 0.34700
v -0.31282 0.06292 0.34700
v -0.28882 0.06292 0.34700
v -0.31282 0.03092 0.34700
v -0.31282 0.03092 0.33899
v -0.28882 0.03092 0.34700
v -0.28882 0.03092 0.33899
v -0.31282 0.03092 0.34700
v -0.28882 0.06292 0.33899
v -0.31282 0.06292 0.34700
v -0.31282 0.06292 0.33899
v -0.28882 0.06292 0.34700
v 0.24000 0.11071 0.36100
v 0.24000 0.13671 0.35299
v 0.24000 0.13671 0.36100
v 0.24000 0.11071 0.35299
v 0.24000 0.11071 0.35299
v 0.25999 0.13671 0.35299
v 0.24000 0.13671 0.35299
v 0.25999 0.11071 0.35299
v 0.25999 0.11071 0.35299
v 0.25999 0.13671 0.36100
v 0.25999 0.13671 0.35299
v 0.25999 0.11071 0.36100
v 0.25999 0.11071 0.36100
v 0.24000 0.13671 0.36100
v 0.25999 0.13671 0.36100
v 0.24000 0.11071 0.36100
v 0.24000 0.11071 0.35299
v 0.25999 0.11071 0.36100
v 0.25999 0.11071 0.35299
v 0.24000 0.11071 0.36100
v 0.25999 0.13671 0.35299
v 0.24000 0.13671 0.36100
v 0.24000 0.13671 0.35299
v 0.25999 0.13671 0.36100
v 0.20200 0.03113 0.34700
v 0.20200 0.06313 0.33899
v 0.20200 0.06313 0.34700
v 0.20200 0.03113 0.33899
v 0.20200 0.03113 0.33899
v 0.22599 0.06313 0.33899
v 0.20200 0.06313 0.33899
v 0.22599 0.03113 0.33899
v 0.22599 0.03113 0.33899
v 0.22599 0.06313 0.34700
v 0.22599 0.06313 0.33899
v 0.22599 0.03113 0.34700
v 0.22599 0.03113 0.34700
v 0.20200 0.06313 0.34700
v 0.22599 0.06313 0.34700
v 0.20200 0.03113 0.34700
v 0.20200 0.03113 0.33899
v 0.22599 0.03113 0.34700
v 0.22599 0.03113 0.33899
v 0.20200 0.03113 0.34700
v 0.22599 0.06313 0.33899
v 0.20200 0.06313 0.34700
v 0.20200 0.06313 0.33899
v 0.22599 0.06313 0.34700
v 0.25434 0.16237 0.22100
v 0.25434 0.18837 0.21299
v 0.25434 0.18837 0.22100
v 0.25434 0.16237 0.21299
v 0.25434 0.16237 0.21299
v 0.27435 0.18837 0.21299
v 0.25434 0.18837 0.21299
v 0.27435 0.16237 0.21299
v 0.27435 0.16237 0.21299
v 0.27435 0.18837 0.22100
v 0.27435 0.18837 0.21299
v 0.27435 0.16237 0.22100
v 0.27435 0.16237 0.22100
v 0.25434 0.18837 0.22100
v 0.27435 0.18837 0.22100
v 0.25434 0.16237 0.22100
v 0.25434 0.16237 0.21299
v 0.27435 0.16237 0.22100
v 0.27435 0.16237 0.21299
v 0.25434 0.16237 0.22100
v 0.27435 0.18837 0.21299
v 0.25434 0.18837 0.22100
v 0.25434 0.18837 0.21299
v 0.27435 0.18837 0.22100
v 0.25235 0.09896 0.20700
v 0.25235 0.13096 0.19899
v 0.25235 0.13096 0.20700
v 0.25235 0.09896 0.19899
v 0.25235 0.09896 0.19899
v 0.27634 0.13096 0.19899
v 0.25235 0.13096 0.19899
v 0.27634 0.09896 0.19899
v 0.27634 0.09896 0.19899
v 0.27634 0.13096 0.20700
v 0.27634 0.13096 0.19899
v 0.27634 0.09896 0.20700
v 0.27634 0.09896 0.20700
v 0.25235 0.13096 0.20700
v 0.27634 0.13096 0.20700
v 0.25235 0.09896 0.20700
v 0.25235 0.09896 0.19899
v 0.27634 0.09896 0.20700
v 0.27634 0.09896 0.19899
v 0.25235 0.09896 0.20700
v 0.27634 0.13096 0.19899
v 0.25235 0.13096 0.20700
v 0.25235 0.13096 0.19899
v 0.27634 0.13096 0.20700
v 0.37234 0.12192 0.13099
v 0.37234 0.15392 0.12299
v 0.37234 0.15392 0.13099
v 0.37234 0.12192 0.12299
v 0.37234 0.12192 0.12299
v 0.39634 0.15392 0.12299
v 0.37234 0.15392 0.12299
v 0.39634 0.12192 0.12299
v 0.39634 0.12192 0.12299
v 0.39634 0.15392 0.13099
v 0.39634 0.15392 0.12299
v 0.39634 0.12192 0.13099
v 0.39634 0.12192 0.13099
v 0.37234 0.15392 0.13099
v 0.39634 0.15392 0.13099
v 0.37234 0.12192 0.13099
v 0.37234 0.12192 0.12299
v 0.39634 0.12192 0.13099
v 0.39634 0.12192 0.12299
v 0.37234 0.12192 0.13099
v 0.39634 0.15392 0.12299
v 0.37234 0.15392 0.13099
v 0.37234 0.15392 0.12299
v 0.39634 0.15392 0.13099
vn 0.0000 1.0000 -0.0000
vn 0.0000 1.0000 -0.0000
vn 0.0000 1.0000 -0.0000
vn 0.0000 1.0000 -0.0000
vn -0.7071 0.7071 -0.0000
vn -0.7071 0.7071 -0.0000
vn -0.7071 0.7071 -0.0000
vn -0.7071 0.7071 -0.0000
vn 0.7071 -0.0000 0.7071
vn 0.7071 -0.0000 0.7071
vn 0.7071 -0.0000 0.7071
vn 0.7071 -0.0000 0.7071
vn -0.0000 -0.0000 1.0000
vn -0.0000 -0.0000 1.0000
vn -0.0000 -0.0000 1.0000
vn -0.0000 -0.0000 1.0000
vn -0.0000 -0.7071 0.7071
vn -0.0000 -0.7071 0.7071
vn -0.0000 -0.7071 0.7071
vn -0.0000 -0.7071 0.7071
vn -0.0000 0.7071 0.7071
vn -0.0000 0.7071 0.7071
vn -0.0000 0.7071 0.7071
vn -0.0000 0.7071 0.7071
vn 0.0000 1.0000 -0.0000
vn 0.0000 1.0000 -0.0000
vn 0.0000 1.0000 -0.0000
vn 0.0000 1.0000 -0.0000
vn -0.7071 0.7071 -0.0000
vn -0.7071 0.7071 -0.0000
vn -0.7071 0.7071 -0.0000
vn -0.7071 0.7071 -0.0000
vn 0.7071 -0.0000 0.7071
vn 0.7071 -0.0000 0.7071
vn 0.7071 -0.0000 0.7071
vn 0.7071 -0.0000 0.7071
vn -0.0000 -0.0000 1.0000
vn -0.0000 -0.0000 1.0000
vn -0.0000 -0.0000 1.0000
vn -0.0000 -0.0000 1.0000
vn -0.0000 -0.7071 0.7071
vn -0.0000 -0.7071 0.7071
vn -0.0000 -0.7071 0.7071
vn -0.0000 -0.7071 0.7071
vn -0.0000 0.7071 0.7071
vn -0.0000 0.7071 0.7071
vn -0.0000 0.7071 0.7071
vn -0.0000 0.7071 0.7071
vn 0.0000 1.0000 -0.0000
vn 0.0000 1.0000 -0.0000
vn 0.0000 1.0000 -0.0000
vn 0.0000 1.0000 -0.0000
vn -0.7071 0.7071 -0.0000
vn -0.7071 0.7071 -0.0000
vn -0.7071 0.7071 -0.0000
vn -0.7071 0.7071 -0.0000
vn 0.7071 -0.0000 0.7071
vn 0.7071 -0.0000 0.7071
vn 0.7071 -0.0000 0.7071
vn 0.7071 -0.0000 0.7071
vn -0.0000 -0.0000 1.0000
vn -0.0000 -0.0000 1.0000
vn -0.0000 -0.0000 1.0000
vn -0.0000 -0.0000 1.0000
vn -0.0000 -0.7071 0.7071
vn -0.0000 -0.7071 0.7071
vn -0.0000 -0.7071 0.7071
vn -0.0000 -0.7071 0.7071
vn -0.0000 0.7071 0.7071
vn -0.0000 0.7071 0.7071
vn -0.0000 0.7071 0.7071
vn -0.0000 0.7071 0.7071
vn 0.0000 1.0000 -0.0000
vn 0.0000 1.0000 -0.0000
vn 0.0000 1.0000 -0.0000
vn 0.0000 1.0000 -0.0000
vn -0.7071 0.7071 -0.0000
vn -0.7071 0.7071 -0.0000
vn -0.7071 0.7071 -0.0000
vn -0.7071 0.7071 -0.0000
vn 0.7071 -0.0000 0.7071
vn 0.7071 -0.0000 0.7071
vn 0.7071 -0.0000 0.7071
vn 0.7071 -0.0000 0.7071
vn -0.0000 -0.0000 1.0000
vn -0.0000 -0.0000 1.0000
vn -0.0000 -0.0000 1.0000
vn -0.0000 -0.0000 1.0000
vn -0.0000 -0.7071 0.7071
vn -0.0000 -0.7071 0.7071
vn -0.0000 -0.7071 0.7071
vn -0.0000 -0.7071 0.7071
vn -0.0000 0.7071 0.7071
vn -0.0000 0.7071 0.7071
vn -0.0000 0.7071 0.7071
vn -0.0000 0.7071 0.7071
vn 0.0000 1.0000 -0.0000
vn 0.0000 1.0000 -0.0000
vn 0.0000 1.0000 -0.0000
vn 0.0000 1.0000 -0.0000
vn -0.7071 0.7071 -0.0000
vn -0.7071 0.7071 -0.0000
vn -0.7071 0.7071 -0.0000
vn -0.7071 0.7071 -0.0000
vn 0.7071 -0.0000 0.7071
vn 0.7071 -0.0000 0.7071
vn 0.7071 -0.0000 0.7071
vn 0.7071 -0.0000 0.7071
vn -0.0000 -0.0000 1.0000
vn -0.0000 -0.0000 1.0000
vn -0.0000 -0.0000 1.0000
vn -0.0000 -0.0000 1.0000
vn -0.0000 -0.7071 0.7071
vn -0.0000 -0.7071 0.7071
vn -0.0000 -0.7071 0.7071
vn -0.0000 -0.7071 0.7071
vn -0.0000 0.7071 0.7071
vn -0.0000 0.7071 0.7071
vn -0.0000 0.7071 0.7071
vn -0.0000 0.7071 0.7071
vn 0.0000 1.0000 -0.0000
vn 0.0000 1.0000 -0.0000
vn 0.0000 1.0000 -0.0000
vn 0.0000 1.0000 -0.0000
vn -0.7071 0.7071 -0.0000
vn -0.7071 0.7071 -0.0000
vn -0.7071 0.7071 -0.0000
vn -0.7071 0.7071 -0.0000
vn 0.7071 -0.0000 0.7071
vn 0.7071 -0.0000 0.7071
vn 0.7071 -0.0000 0.7071
vn 0.7071 -0.0000 0.7071
vn -0.0000 -0.0000 1.0000
vn -0.0000 -0.0000 1.0000
vn -0.0000 -0.0000 1.0000
vn -0.0000 -0.0000 1.0000
vn -0.0000 -0.7071 0.7071
vn -0.0000 -0.7071 0.7071
vn -0.0000 -0.7071 0.7071
vn -0.0000 -0.7071 0.7071
vn -0.0000 0.7071 0.7071
vn -0.0000 0.7071 0.7071
vn -0.0000 0.7071 0.7071
vn -0.0000 0.7071 0.7071
vn 0.0000 1.0000 -0.0000
vn 0.0000 1.0000 -0.0000
vn 0.0000 1.0000 -0.0000
vn 0.0000 1.0000 -0.0000
vn -0.7071 0.7071 -0.0000
vn -0.7071 0.7071 -0.0000
vn -0.7071 0.7071 -0.0000
vn -0.7071 0.7071 -0.0000
vn 0.7071 -0.0000 0.7071
vn 0.7071 -0.0000 0.7071
vn 0.7071 -0.0000 0.7071
vn 0.7071 -0.0000 0.7071
vn -0.0000 -0.0000 1.0000
vn -0.0000 -0.0000 1.0000
vn -0.0000 -0.0000 1.0000
vn -0.0000 -0.0000 1.0000
vn -0.0000 -0.7071 0.7071
vn -0.0000 -0.7071 0.7071
vn -0.0000 -0.7071 0.7071
vn -0.0000 -0.7071 0.7071
vn -0.0000 0.7071 0.7071
vn -0.0000 0.7071 0.7071
vn -0.0000 0.7071 0.7071
vn -0.0000 0.7071 0.7071
vn 0.8067 -0.5770 0.1277
vn 0.8067 -0.5770 0.1277
vn 0.8067 -0.5770 0.1277
vn 0.8067 -0.5770 0.1277
vn 0.8765 -0.1794 0.4467
vn 0.8765 -0.1794 0.4467
vn 0.8765 -0.1794 0.4467
vn 0.8765 -0.1794 0.4467
vn 0.7071 -0.0000 0.7071
vn 0.7071 -0.0000 0.7071
vn 0.7071 -0.0000 0.7071
vn 0.7071 -0.0000 0.7071
vn 0.4520 -0.0925 0.8872
vn 0.4520 -0.0925 0.8872
vn 0.4520 -0.0925 0.8872
vn 0.4520 -0.0925 0.8872
vn 0.1554 -0.1112 0.9816
vn 0.1554 -0.1112 0.9816
vn 0.1554 -0.1112 0.9816
vn 0.1554 -0.1112 0.9816
vn -0.1528 0.2137 0.9649
vn -0.1528 0.2137 0.9649
vn -0.1528 0.2137 0.9649
vn -0.1528 0.2137 0.9649
vn -0.1866 0.9117 0.3661
vn -0.1866 0.9117 0.3661
vn -0.1866 0.9117 0.3661
vn -0.1866 0.9117 0.3661
vn 0.0000 1.0000 -0.0000
vn 0.0000 1.0000 -0.0000
vn 0.0000 1.0000 -0.0000
vn 0.0000 1.0000 -0.0000
vn -0.0000 0.7071 0.7071
vn -0.0000 0.7071 0.7071
vn -0.0000 0.7071 0.7071
vn -0.0000 0.7071 0.7071
vn -0.0000 0.7071 0.7071
vn -0.0000 0.7071 0.7071
vn -0.0000 0.7071 0.7071
vn -0.0000 0.7071 0.7071
vn -0.0000 0.7071 0.7071
vn -0.0000 0.7071 0.7071
vn -0.1994 0.9746 0.1016
vn -0.1994 0.9746 0.1016
vn -0.1994 0.9746 0.1016
vn -0.1994 0.9746 0.1016
vn -0.5792 0.8100 0.0917
vn -0.5792 0.8100 0.0917
vn -0.5792 0.8100 0.0917
vn -0.5792 0.8100 0.0917
vn -0.0000 -0.7071 0.7071
vn -0.0000 -0.7071 0.7071
vn -0.0000 -0.7071 0.7071
vn -0.0000 -0.7071 0.7071
vn -0.0000 -0.7071 0.7071
vn -0.0000 -0.7071 0.7071
vn -0.0000 -0.7071 0.7071
vn -0.0000 -0.7071 0.7071
vn -0.0000 -0.7071 0.7071
vn -0.0000 -0.7071 0.7071
vn 0.0000 1.0000 -0.0000
vn 0.0000 1.0000 -0.0000
vn 0.0000 1.0000 -0.0000
vn 0.0000 1.0000 -0.0000
vn -0.7071 0.7071 -0.0000
vn -0.7071 0.7071 -0.0000
vn -0.7071 0.7071 -0.0000
vn -0.7071 0.7071 -0.0000
vn 0.7071 -0.0000 0.7071
vn 0.7071 -0.0000 0.7071
vn 0.7071 -0.0000 0.7071
vn 0.7071 -0.0000 0.7071
vn -0.0000 -0.0000 1.0000
vn -0.0000 -0.0000 1.0000
vn -0.0000 -0.0000 1.0000
vn -0.0000 -0.0000 1.0000
vn -0.0000 -0.7071 0.7071
vn -0.0000 -0.7071 0.7071
vn -0.0000 -0.7071 0.7071
vn -0.0000 -0.7071 0.7071
vn -0.0000 0.7071 0.7071
vn -0.0000 0.7071 0.7071
vn -0.0000 0.7071 0.7071
vn -0.0000 0.7071 0.7071
vn 0.0000 1.0000 -0.0000
vn 0.0000 1.0000 -0.0000
vn 0.0000 1.0000 -0.0000
vn 0.0000 1.0000 -0.0000
vn -0.7071 0.7071 -0.0000
vn -0.7071 0.7071 -0.0000
vn -0.7071 0.7071 -0.0000
vn -0.7071 0.7071 -0.0000
vn 0.7071 -0.0000 0.7071
vn 0.7071 -0.0000 0.7071
vn 0.7071 -0.0000 0.7071
vn 0.7071 -0.0000 0.7071
vn -0.0000 -0.0000 1.0000
vn -0.0000 -0.0000 1.0000
vn -0.0000 -0.0000 1.0000
vn -0.0000 -0.0000 1.0000
vn -0.0000 -0.7071 0.7071
vn -0.0000 -0.7071 0.7071
vn -0.0000 -0.7071 0.7071
vn -0.0000 -0.7071 0.7071
vn -0.0000 0.7071 0.7071
vn -0.0000 0.7071 0.7071
vn -0.0000 0.7071 0.7071
vn -0.0000 0.7071 0.7071
vn 0.0000 1.0000 -0.0000
vn 0.0000 1.0000 -0.0000
vn 0.0000 1.0000 -0.0000
vn 0.0000 1.0000 -0.0000
vn -0.7071 0.7071 -0.0000
vn -0.7071 0.7071 -0.0000
vn -0.7071 0.7071 -0.0000
vn -0.7071 0.7071 -0.0000
vn 0.7071 -0.0000 0.7071
vn 0.7071 -0.0000 0.7071
vn 0.7071 -0.0000 0.7071
vn 0.7071 -0.0000 0.7071
vn -0.0000 -0.0000 1.0000
vn -0.0000 -0.0000 1.0000
vn -0.0000 -0.0000 1.0000
vn -0.0000 -0.0000 1.0000
vn -0.0000 -0.7071 0.7071
vn -0.0000 -0.7071 0.7071
vn -0.0000 -0.7071 0.7071
vn -0.0000 -0.7071 0.7071
vn -0.0000 0.7071 0.7071
vn -0.0000 0.7071 0.7071
vn -0.0000 0.7071 0.7071
vn -0.0000 0.7071 0.7071
vn 0.0000 1.0000 -0.0000
vn 0.0000 1.0000 -0.0000
vn 0.0000 1.0000 -0.0000
vn 0.0000 1.0000 -0.0000
vn -0.7071 0.7071 -0.0000
vn -0.7071 0.7071 -0.0000
vn -0.7071 0.7071 -0.0000
vn -0.7071 0.7071 -0.0000
vn 0.7071 -0.0000 0.7071
vn 0.7071 -0.0000 0.7071
vn 0.7071 -0.0000 0.7071
vn 0.7071 -0.0000 0.7071
vn -0.0000 -0.0000 1.0000
vn -0.0000 -0.0000 1.0000
vn -0.0000 -0.0000 1.0000
vn -0.0000 -0.0000 1.0000
vn -0.0000 -0.7071 0.7071
vn -0.0000 -0.7071 0.7071
vn -0.0000 -0.7071 0.7071
vn -0.0000 -0.7071 0.7071
vn -0.0000 0.7071 0.7071
vn -0.0000 0.7071 0.7071
vn -0.0000 0.7071 0.7071
vn -0.0000 0.7071 0.7071
vn 0.0000 1.0000 -0.0000
vn 0.0000 1.0000 -0.0000
vn 0.0000 1.0000 -0.0000
vn 0.0000 1.0000 -0.0000
vn -0.7071 0.7071 -0.0000
vn -0.7071 0.7071 -0.0000
vn -0.7071 0.7071 -0.0000
vn -0.7071 0.7071 -0.0000
vn 0.7071 -0.0000 0.7071
vn 0.7071 -0.0000 0.7071
vn 0.7071 -0.0000 0.7071
vn 0.7071 -0.0000 0.7071
vn -0.0000 -0.0000 1.0000
vn -0.0000 -0.0000 1.0000
vn -0.0000 -0.0000 1.0000
vn -0.0000 -0.0000 1.0000
vn -0.0000 -0.7071 0.7071
vn -0.0000 -0.7071 0.7071
vn -0.0000 -0.7071 0.7071
vn -0.0000 -0.7071 0.7071
vn -0.0000 0.7071 0.7071
vn -0.0000 0.7071 0.7071
vn -0.0000 0.7071 0.7071
vn -0.0000 0.7071 0.7071
vn 0.0000 1.0000 -0.0000
vn 0.0000 1.0000 -0.0000
vn 0.0000 1.0000 -0.0000
vn 0.0000 1.0000 -0.0000
vn -0.7071 0.7071 -0.0000
vn -0.7071 0.7071 -0.0000
vn -0.7071 0.7071 -0.0000
vn -0.7071 0.7071 -0.0000
vn 0.7071 -0.0000 0.7071
vn 0.7071 -0.0000 0.7071
vn 0.7071 -0.0000 0.7071
vn 0.7071 -0.0000 0.7071
vn -0.0000 -0.0000 1.0000
vn -0.0000 -0.0000 1.0000
vn -0.0000 -0.0000 1.0000
vn -0.0000 -0.0000 1.0000
vn -0.0000 -0.7071 0.7071
vn -0.0000 -0.7071 0.7071
vn -0.0000 -0.7071 0.7071
vn -0.0000 -0.7071 0.7071
vn -0.0000 0.7071 0.7071
vn -0.0000 0.7071 0.7071
vn -0.0000 0.7071 0.7071
vn -0.0000 0.7071 0.7071
vn 0.0000 1.0000 -0.0000
vn 0.0000 1.0000 -0.0000
vn 0.0000 1.0000 -0.0000
vn 0.0000 1.0000 -0.0000
vn -0.7071 0.7071 -0.0000
vn -0.7071 0.7071 -0.0000
vn -0.7071 0.7071 -0.0000
vn -0.7071 0.7071 -0.0000
vn 0.7071 -0.0000 0.7071
vn 0.7071 -0.0000 0.7071
vn 0.7071 -0.0000 0.7071
vn 0.7071 -0.0000 0.7071
vn -0.0000 -0.0000 1.0000
vn -0.0000 -0.0000 1.0000
vn -0.0000 -0.0000 1.0000
vn -0.0000 -0.0000 1.0000
vn -0.0000 -0.7071 0.7071
vn -0.0000 -0.7071 0.7071
vn -0.0000 -0.7071 0.7071
vn -0.0000 -0.7071 0.7071
vn -0.0000 0.7071 0.7071
vn -0.0000 0.7071 0.7071
vn -0.0000 0.7071 0.7071
vn -0.0000 0.7071 0.7071
vn 0.0000 1.0000 -0.0000
vn 0.0000 1.0000 -0.0000
vn 0.0000 1.0000 -0.0000
vn 0.0000 1.0000 -0.0000
vn -0.7071 0.7071 -0.0000
vn -0.7071 0.7071 -0.0000
vn -0.7071 0.7071 -0.0000
vn -0.7071 0.7071 -0.0000
vn 0.7071 -0.0000 0.7071
vn 0.7071 -0.0000 0.7071
vn 0.7071 -0.0000 0.7071
vn 0.7071 -0.0000 0.7071
vn -0.0000 -0.0000 1.0000
vn -0.0000 -0.0000 1.0000
vn -0.0000 -0.0000 1.0000
vn -0.0000 -0.0000 1.0000
vn -0.0000 -0.7071 0.7071
vn -0.0000 -0.7071 0.7071
vn -0.0000 -0.7071 0.7071
vn -0.0000 -0.7071 0.7071
vn -0.0000 0.7071 0.7071
vn -0.0000 0.7071 0.7071
vn -0.0000 0.7071 0.7071
vn -0.0000 0.7071 0.7071
vn 0.0000 1.0000 -0.0000
vn 0.0000 1.0000 -0.0000
vn 0.0000 1.0000 -0.0000
vn 0.0000 1.0000 -0.0000
vn -0.7071 0.7071 -0.0000
vn -0.7071 0.7071 -0.0000
vn -0.7071 0.7071 -0.0000
vn -0.7071 0.7071 -0.0000
vn 0.7071 -0.0000 0.7071
vn 0.7071 -0.0000 0.7071
vn 0.7071 -0.0000 0.7071
vn 0.7071 -0.0000 0.7071
vn -0.0000 -0.0000 1.0000
vn -0.0000 -0.0000 1.0000
vn -0.0000 -0.0000 1.0000
vn -0.0000 -0.0000 1.0000
vn -0.0000 -0.7071 0.7071
vn -0.0000 -0.7071 0.7071
vn -0.0000 -0.7071 0.7071
vn -0.0000 -0.7071 0.7071
vn -0.0000 0.7071 0.7071
vn -0.0000 0.7071 0.7071
vn -0.0000 0.7071 0.7071
vn -0.0000 0.7071 0.7071
vn 0.0000 1.0000 -0.0000
vn 0.0000 1.0000 -0.0000
vn 0.0000 1.0000 -0.0000
vn 0.0000 1.0000 -0.0000
vn -0.7071 0.7071 -0.0000
vn -0.7071 0.7071 -0.0000
vn -0.7071 0.7071 -0.0000
vn -0.7071 0.7071 -0.0000
vn 0.7071 -0.0000 0.7071
vn 0.7071 -0.0000 0.7071
vn 0.7071 -0.0000 0.7071
vn 0.7071 -0.0000 0.7071
vn -0.0000 -0.0000 1.0000
vn -0.0000 -0.0000 1.0000
vn -0.0000 -0.0000 1.0000
vn -0.0000 -0.0000 1.0000
vn -0.0000 -0.7071 0.7071
vn -0.0000 -0.7071 0.7071
vn -0.0000 -0.7071 0.7071
vn -0.0000 -0.7071 0.7071
vn -0.0000 0.7071 0.7071
vn -0.0000 0.7071 0.7071
vn -0.0000 0.7071 0.7071
vn -0.0000 0.7071 0.7071
vn 0.0000 1.0000 -0.0000
vn 0.0000 1.0000 -0.0000
vn 0.0000 1.0000 -0.0000
vn 0.0000 1.0000 -0.0000
vn -0.7071 0.7071 -0.0000
vn -0.7071 0.7071 -0.0000
vn -0.7071 0.7071 -0.0000
vn -0.7071 0.7071 -0.0000
vn 0.7071 -0.0000 0.7071
vn 0.7071 -0.0000 0.7071
vn 0.7071 -0.0000 0.7071
vn 0.7071 -0.0000 0.7071
vn -0.0000 -0.0000 1.0000
vn -0.0000 -0.0000 1.0000
vn -0.0000 -0.0000 1.0000
vn -0.0000 -0.0000 1.0000
vn -0.0000 -0.7071 0.7071
vn -0.0000 -0.7071 0.7071
vn -0.0000 -0.7071 0.7071
vn -0.0000 -0.7071 0.7071
vn -0.0000 0.7071 0.7071
vn -0.0000 0.7071 0.7071
vn -0.0000 0.7071 0.7071
vn -0.0000 0.7071 0.7071
vn 0.0000 1.0000 -0.0000
vn 0.0000 1.0000 -0.0000
vn 0.0000 1.0000 -0.0000
vn 0.0000 1.0000 -0.0000
vn -0.7071 0.7071 -0.0000
vn -0.7071 0.7071 -0.0000
vn -0.7071 0.7071 -0.0000
vn -0.7071 0.7071 -0.0000
vn 0.7071 -0.0000 0.7071
vn 0.7071 -0.0000 0.7071
vn 0.7071 -0.0000 0.7071
vn 0.7071 -0.0000 0.7071
vn -0.0000 -0.0000 1.0000
vn -0.0000 -0.0000 1.0000
vn -0.0000 -0.0000 1.0000
vn -0.0000 -0.0000 1.0000
vn -0.0000 -0.7071 0.7071
vn -0.0000 -0.7071 0.7071
vn -0.0000 -0.7071 0.7071
vn -0.0000 -0.7071 0.7071
vn -0.0000 0.7071 0.7071
vn -0.0000 0.7071 0.7071
vn -0.0000 0.7071 0.7071
vn -0.0000 0.7071 0.7071
vn 0.0000 1.0000 -0.0000
vn 0.0000 1.0000 -0.0000
vn 0.0000 1.0000 -0.0000
vn 0.0000 1.0000 -0.0000
vn -0.7071 0.7071 -0.0000
vn -0.7071 0.7071 -0.0000
vn -0.7071 0.7071 -0.0000
vn -0.7071 0.7071 -0.0000
vn 0.7071 -0.0000 0.7071
vn 0.7071 -0.0000 0.7071
vn 0.7071 -0.0000 0.7071
vn 0.7071 -0.0000 0.7071
vn -0.0000 -0.0000 1.0000
vn -0.0000 -0.0000 1.0000
vn -0.0000 -0.0000 1.0000
vn -0.0000 -0.0000 1.0000
vn -0.0000 -0.7071 0.7071
vn -0.0000 -0.7071 0.7071
vn -0.0000 -0.7071 0.7071
vn -0.0000 -0.7071 0.7071
vn -0.0000 0.7071 0.7071
vn -0.0000 0.7071 0.7071
vn -0.0000 0.7071 0.7071
vn -0.0000 0.7071 0.7071
vn 0.0000 1.0000 -0.0000
vn 0.0000 1.0000 -0.0000
vn 0.0000 1.0000 -0.0000
vn 0.0000 1.0000 -0.0000
vn -0.7071 0.7071 -0.0000
vn -0.7071 0.7071 -0.0000
vn -0.7071 0.7071 -0.0000
vn -0.7071 0.7071 -0.0000
vn 0.7071 -0.0000 0.7071
vn 0.7071 -0.0000 0.7071
vn 0.7071 -0.0000 0.7071
vn 0.7071 -0.0000 0.7071
vn -0.0000 -0.0000 1.0000
vn -0.0000 -0.0000 1.0000
vn -0.0000 -0.0000 1.0000
vn -0.0000 -0.0000 1.0000
vn -0.0000 -0.7071 0.7071
vn -0.0000 -0.7071 0.7071
vn -0.0000 -0.7071 0.7071
vn -0.0000 -0.7071 0.7071
vn -0.0000 0.7071 0.7071
vn -0.0000 0.7071 0.7071
vn -0.0000 0.7071 0.7071
vn -0.0000 0.7071 0.7071
vn 0.0000 1.0000 -0.0000
vn 0.0000 1.0000 -0.0000
vn 0.0000 1.0000 -0.0000
vn 0.0000 1.0000 -0.0000
vn -0.7071 0.7071 -0.0000
vn -0.7071 0.7071 -0.0000
vn -0.7071 0.7071 -0.0000
vn -0.7071 0.7071 -0.0000
vn 0.7071 -0.0000 0.7071
vn 0.7071 -0.0000 0.7071
vn 0.7071 -0.0000 0.7071
vn 0.7071 -0.0000 0.7071
vn -0.0000 -0.0000 1.0000
vn -0.0000 -0.0000 1.0000
vn -0.0000 -0.0000 1.0000
vn -0.0000 -0.0000 1.0000
vn -0.0000 -0.7071 0.7071
vn -0.0000 -0.7071 0.7071
vn -0.0000 -0.7071 0.7071
vn -0.0000 -0.7071 0.7071
vn -0.0000 0.7071 0.7071
vn -0.0000 0.7071 0.7071
vn -0.0000 0.7071 0.7071
vn -0.0000 0.7071 0.7071
vn 0.0000 1.0000 -0.0000
vn 0.0000 1.0000 -0.0000
vn 0.0000 1.0000 -0.0000
vn 0.0000 1.0000 -0.0000
vn -0.7071 0.7071 -0.0000
vn -0.7071 0.7071 -0.0000
vn -0.7071 0.7071 -0.0000
vn -0.7071 0.7071 -0.0000
vn 0.7071 -0.0000 0.7071
vn 0.7071 -0.0000 0.7071
vn 0.7071 -0.0000 0.7071
vn 0.7071 -0.0000 0.7071
vn -0.0000 -0.0000 1.0000
vn -0.0000 -0.0000 1.0000
vn -0.0000 -0.0000 1.0000
vn -0.0000 -0.0000 1.0000
vn -0.0000 -0.7071 0.7071
vn -0.0000 -0.7071 0.7071
vn -0.0000 -0.7071 0.7071
vn -0.0000 -0.7071 0.7071
vn -0.0000 0.7071 0.7071
vn -0.0000 0.7071 0.7071
vn -0.0000 0.7071 0.7071
vn -0.0000 0.7071 0.7071
vn 0.0000 1.0000 -0.0000
vn 0.0000 1.0000 -0.0000
vn 0.0000 1.0000 -0.0000
vn 0.0000 1.0000 -0.0000
vn -0.7071 0.7071 -0.0000
vn -0.7071 0.7071 -0.0000
vn -0.7071 0.7071 -0.0000
vn -0.7071 0.7071 -0.0000
vn 0.7071 -0.0000 0.7071
vn 0.7071 -0.0000 0.7071
vn 0.7071 -0.0000 0.7071
vn 0.7071 -0.0000 0.7071
vn -0.0000 -0.0000 1.0000
vn -0.0000 -0.0000 1.0000
vn -0.0000 -0.0000 1.0000
vn -0.0000 -0.0000 1.0000
vn -0.0000 -0.7071 0.7071
vn -0.0000 -0.7071 0.7071
vn -0.0000 -0.7071 0.7071
vn -0.0000 -0.7071 0.7071
vn -0.0000 0.7071 0.7071
vn -0.0000 0.7071 0.7071
vn -0.0000 0.7071 0.7071
vn -0.0000 0.7071 0.7071
vn 0.0000 1.0000 -0.0000
vn 0.0000 1.0000 -0.0000
vn 0.0000 1.0000 -0.0000
vn 0.0000 1.0000 -0.0000
vn -0.7071 0.7071 -0.0000
vn -0.7071 0.7071 -0.0000
vn -0.7071 0.7071 -0.0000
vn -0.7071 0.7071 -0.0000
vn 0.7071 -0.0000 0.7071
vn 0.7071 -0.0000 0.7071
vn 0.7071 -0.0000 0.7071
vn 0.7071 -0.0000 0.7071
vn -0.0000 -0.0000 1.0000
vn -0.0000 -0.0000 1.0000
vn -0.0000 -0.0000 1.0000
vn -0.0000 -0.0000 1.0000
vn -0.0000 -0.7071 0.7071
vn -0.0000 -0.7071 0.7071
vn -0.0000 -0.7071 0.7071
vn -0.0000 -0.7071 0.7071
vn -0.0000 0.7071 0.7071
vn -0.0000 0.7071 0.7071
vn -0.0000 0.7071 0.7071
vn -0.0000 0.7071 0.7071
vn 0.0000 1.0000 -0.0000
vn 0.0000 1.0000 -0.0000
vn 0.0000 1.0000 -0.0000
vn 0.0000 1.0000 -0.0000
vn -0.7071 0.7071 -0.0000
vn -0.7071 0.7071 -0.0000
vn -0.7071 0.7071 -0.0000
vn -0.7071 0.7071 -0.0000
vn 0.7071 -0.0000 0.7071
vn 0.7071 -0.0000 0.7071
vn 0.7071 -0.0000 0.7071
vn 0.7071 -0.0000 0.7071
vn -0.0000 -0.0000 1.0000
vn -0.0000 -0.0000 1.0000
vn -0.0000 -0.0000 1.0000
vn -0.0000 -0.0000 1.0000
vn -0.0000 -0.7071 0.7071
vn -0.0000 -0.7071 0.7071
vn -0.0000 -0.7071 0.7071
vn -0.0000 -0.7071 0.7071
vn -0.0000 0.7071 0.7071
vn -0.0000 0.7071 0.7071
vn -0.0000 0.7071 0.7071
vn -0.0000 0.7071 0.7071
vn 0.0000 1.0000 -0.0000
vn 0.0000 1.0000 -0.0000
vn 0.0000 1.0000 -0.0000
vn 0.0000 1.0000 -0.0000
vn -0.7071 0.7071 -0.0000
vn -0.7071 0.7071 -0.0000
vn -0.7071 0.7071 -0.0000
vn -0.7071 0.7071 -0.0000
vn 0.7071 -0.0000 0.7071
vn 0.7071 -0.0000 0.7071
vn 0.7071 -0.0000 0.7071
vn 0.7071 -0.0000 0.7071
vn -0.0000 -0.0000 1.0000
vn -0.0000 -0.0000 1.0000
vn -0.0000 -0.0000 1.0000
vn -0.0000 -0.0000 1.0000
vn -0.0000 -0.7071 0.7071
vn -0.0000 -0.7071 0.7071
vn -0.0000 -0.7071 0.7071
vn -0.0000 -0.7071 0.7071
vn -0.0000 0.7071 0.7071
vn -0.0000 0.7071 0.7071
vn -0.0000 0.7071 0.7071
vn -0.0000 0.7071 0.7071
vn 0.0000 1.0000 -0.0000
vn 0.0000 1.0000 -0.0000
vn 0.0000 1.0000 -0.0000
vn 0.0000 1.0000 -0.0000
vn -0.7071 0.7071 -0.0000
vn -0.7071 0.7071 -0.0000
vn -0.7071 0.7071 -0.0000
vn -0.7071 0.7071 -0.0000
vn 0.7071 -0.0000 0.7071
vn 0.7071 -0.0000 0.7071
vn 0.7071 -0.0000 0.7071
vn 0.7071 -0.0000 0.7071
vn -0.0000 -0.0000 1.0000
vn -0.0000 -0.0000 1.0000
vn -0.0000 -0.0000 1.0000
vn -0.0000 -0.0000 1.0000
vn -0.0000 -0.7071 0.7071
vn -0.0000 -0.7071 0.7071
vn -0.0000 -0.7071 0.7071
vn -0.0000 -0.7071 0.7071
vn -0.0000 0.7071 0.7071
vn -0.0000 0.7071 0.7071
vn -0.0000 0.7071 0.7071
vn -0.0000 0.7071 0.7071
vn 0.0000 1.0000 -0.0000
vn 0.0000 1.0000 -0.0000
vn 0.0000 1.0000 -0.0000
vn 0.0000 1.0000 -0.0000
vn -0.7071 0.7071 -0.0000
vn -0.7071 0.7071 -0.0000
vn -0.7071 0.7071 -0.0000
vn -0.7071 0.7071 -0.0000
vn 0.7071 -0.0000 0.7071
vn 0.7071 -0.0000 0.7071
vn 0.7071 -0.0000 0.7071
vn 0.7071 -0.0000 0.7071
vn -0.0000 -0.0000 1.0000
vn -0.0000 -0.0000 1.0000
vn -0.0000 -0.0000 1.0000
vn -0.0000 -0.0000 1.0000
vn -0.0000 -0.7071 0.7071
vn -0.0000 -0.7071 0.7071
vn -0.0000 -0.7071 0.7071
vn -0.0000 -0.7071 0.7071
vn -0.0000 0.7071 0.7071
vn -0.0000 0.7071 0.7071
vn -0.0000 0.7071 0.7071
vn -0.0000 0.7071 0.7071
vn 0.0000 1.0000 -0.0000
vn 0.0000 1.0000 -0.0000
vn 0.0000 1.0000 -0.0000
vn 0.0000 1.0000 -0.0000
vn -0.7071 0.7071 -0.0000
vn -0.7071 0.7071 -0.0000
vn -0.7071 0.7071 -0.0000
vn -0.7071 0.7071 -0.0000
vn 0.7071 -0.0000 0.7071
vn 0.7071 -0.0000 0.7071
vn 0.7071 -0.0000 0.7071
vn 0.7071 -0.0000 0.7071
vn -0.0000 -0.0000 1.0000
vn -0.0000 -0.0000 1.0000
vn -0.0000 -0.0000 1.0000
vn -0.0000 -0.0000 1.0000
vn -0.0000 -0.7071 0.7071
vn -0.0000 -0.7071 0.7071
vn -0.0000 -0.7071 0.7071
vn -0.0000 -0.7071 0.7071
vn -0.0000 0.7071 0.7071
vn -0.0000 0.7071 0.7071
vn -0.0000 0.7071 0.7071
vn -0.0000 0.7071 0.7071
f 3114//3114 3116//3116 3115//3115
f 3114//3114 3115//3115 3117//3117
f 3118//3118 3120//3120 3119//3119
f 3118//3118 3119//3119 3121//3121
f 3122//3122 3124//3124 3123//3123
f 3122//3122 3123//3123 3125//3125
f 3126//3126 3128//3128 3127//3127
f 3126//3126 3127//3127 3129//3129
f 3130//3130 3132//3132 3131//3131
f 3130//3130 3131//3131 3133//3133
f 3134//3134 3136//3136 3135//3135
f 3134//3134 3135//3135 3137//3137
f 3138//3138 3140//3140 3139//3139
f 3138//3138 3139//3139 3141//3141
f 3142//3142 3144//3144 3143//3143
f 3142//3142 3143//3143 3145//3145
f 3146//3146 3148//3148 3147//3147
f 3146//3146 3147//3147 3149//3149
f 3150//3150 3152//3152 3151//3151
f 3150//3150 3151//3151 3153//3153
f 3154//3154 3156//3156 3155//3155
f 3154//3154 3155//3155 3157//3157
f 3158//3158 3160//3160 3159//3159
f 3158//3158 3159//3159 3161//3161
f 3162//3162 3164//3164 3163//3163
f 3162//3162 3163//3163 3165//3165
f 3166//3166 3168//3168 3167//3167
f 3166//3166 3167//3167 3169//3169
f 3170//3170 3172//3172 3171//3171
f 3170//3170 3171//3171 3173//3173
f 3174//3174 3176//3176 3175//3175
f 3174//3174 3175//3175 3177//3177
f 3178//3178 3180//3180 3179//3179
f 3178//3178 3179//3179 3181//3181
f 3182//3182 3184//3184 3183//3183
f 3182//3182 3183//3183 3185//3185
f 3186//3186 3188//3188 3187//3187
f 3186//3186 3187//3187 3189//3189
f 3190//3190 3192//3192 3191//3191
f 3190//3190 3191//3191 3193//3193
f 3194//3194 3196//3196 3195//3195
f 3194//3194 3195//3195 3197//3197
f 3198//3198 3200//3200 3199//3199
f 3198//3198 3199//3199 3201//3201
f 3202//3202 3204//3204 3203//3203
f 3202//3202 3203//3203 3205//3205
f 3206//3206 3208//3208 3207//3207
f 3206//3206 3207//3207 3209//3209
f 3294//3294 3296//3296 3295//3295
f 3294//3294 3295//3295 3297//3297
f 3298//3298 3300//3300 3299//3299
f 3298//3298 3299//3299 3301//3301
f 3302//3302 3304//3304 3303//3303
f 3302//3302 3303//3303 3305//3305
f 3306//3306 3308//3308 3307//3307
f 3306//3306 3307//3307 3309//3309
f 3310//3310 3312//3312 3311//3311
f 3310//3310 3311//3311 3313//3313
f 3314//3314 3316//3316 3315//3315
f 3314//3314 3315//3315 3317//3317
f 3210//3210 3212//3212 3211//3211
f 3210//3210 3211//3211 3213//3213
f 3214//3214 3216//3216 3215//3215
f 3214//3214 3215//3215 3217//3217
f 3218//3218 3220//3220 3219//3219
f 3218//3218 3219//3219 3221//3221
f 3222//3222 3224//3224 3223//3223
f 3222//3222 3223//3223 3225//3225
f 3226//3226 3228//3228 3227//3227
f 3226//3226 3227//3227 3229//3229
f 3230//3230 3232//3232 3231//3231
f 3230//3230 3231//3231 3233//3233
f 3234//3234 3236//3236 3235//3235
f 3234//3234 3235//3235 3237//3237
f 3238//3238 3240//3240 3239//3239
f 3238//3238 3239//3239 3241//3241
f 3242//3242 3244//3244 3243//3243
f 3242//3242 3243//3243 3245//3245
f 3243//3243 3246//3246 3245//3245
f 3245//3245 3247//3247 3242//3242
f 3247//3247 3248//3248 3242//3242
f 3245//3245 3249//3249 3247//3247
f 3249//3249 3250//3250 3247//3247
f 3245//3245 3251//3251 3249//3249
f 3252//3252 3254//3254 3253//3253
f 3252//3252 3253//3253 3255//3255
f 3256//3256 3258//3258 3257//3257
f 3256//3256 3257//3257 3259//3259
f 3260//3260 3262//3262 3261//3261
f 3260//3260 3261//3261 3263//3263
f 3261//3261 3264//3264 3263//3263
f 3263//3263 3265//3265 3260//3260
f 3265//3265 3266//3266 3260//3260
f 3263//3263 3267//3267 3265//3265
f 3267//3267 3268//3268 3265//3265
f 3263//3263 3269//3269 3267//3267
f 3042//3042 3044//3044 3043//3043
f 3042//3042 3043//3043 3045//3045
f 3046//3046 3048//3048 3047//3047
f 3046//3046 3047//3047 3049//3049
f 3050//3050 3052//3052 3051//3051
f 3050//3050 3051//3051 3053//3053
f 3054//3054 3056//3056 3055//3055
f 3054//3054 3055//3055 3057//3057
f 3058//3058 3060//3060 3059//3059
f 3058//3058 3059//3059 3061//3061
f 3062//3062 3064//3064 3063//3063
f 3062//3062 3063//3063 3065//3065
f 3066//3066 3068//3068 3067//3067
f 3066//3066 3067//3067 3069//3069
f 3070//3070 3072//3072 3071//3071
f 3070//3070 3071//3071 3073//3073
f 3074//3074 3076//3076 3075//3075
f 3074//3074 3075//3075 3077//3077
f 3078//3078 3080//3080 3079//3079
f 3078//3078 3079//3079 3081//3081
f 3082//3082 3084//3084 3083//3083
f 3082//3082 3083//3083 3085//3085
f 3086//3086 3088//3088 3087//3087
f 3086//3086 3087//3087 3089//3089
f 3090//3090 3092//3092 3091//3091
f 3090//3090 3091//3091 3093//3093
f 3094//3094 3096//3096 3095//3095
f 3094//3094 3095//3095 3097//3097
f 3098//3098 3100//3100 3099//3099
f 3098//3098 3099//3099 3101//3101
f 3102//3102 3104//3104 3103//3103
f 3102//3102 3103//3103 3105//3105
f 3106//3106 3108//3108 3107//3107
f 3106//3106 3107//3107 3109//3109
f 3110//3110 3112//3112 3111//3111
f 3110//3110 3111//3111 3113//3113
f 3270//3270 3272//3272 3271//3271
f 3270//3270 3271//3271 3273//3273
f 3274//3274 3276//3276 3275//3275
f 3274//3274 3275//3275 3277//3277
f 3278//3278 3280//3280 3279//3279
f 3278//3278 3279//3279 3281//3281
f 3282//3282 3284//3284 3283//3283
f 3282//3282 3283//3283 3285//3285
f 3286//3286 3288//3288 3287//3287
f 3286//3286 3287//3287 3289//3289
f 3290//3290 3292//3292 3291//3291
f 3290//3290 3291//3291 3293//3293
f 3318//3318 3320//3320 3319//3319
f 3318//3318 3319//3319 3321//3321
f 3322//3322 3324//3324 3323//3323
f 3322//3322 3323//3323 3325//3325
f 3326//3326 3328//3328 3327//3327
f 3326//3326 3327//3327 3329//3329
f 3330//3330 3332//3332 3331//3331
f 3330//3330 3331//3331 3333//3333
f 3334//3334 3336//3336 3335//3335
f 3334//3334 3335//3335 3337//3337
f 3338//3338 3340//3340 3339//3339
f 3338//3338 3339//3339 3341//3341
f 3342//3342 3344//3344 3343//3343
f 3342//3342 3343//3343 3345//3345
f 3346//3346 3348//3348 3347//3347
f 3346//3346 3347//3347 3349//3349
f 3350//3350 3352//3352 3351//3351
f 3350//3350 3351//3351 3353//3353
f 3354//3354 3356//3356 3355//3355
f 3354//3354 3355//3355 3357//3357
f 3358//3358 3360//3360 3359//3359
f 3358//3358 3359//3359 3361//3361
f 3362//3362 3364//3364 3363//3363
f 3362//3362 3363//3363 3365//3365
f 3366//3366 3368//3368 3367//3367
f 3366//3366 3367//3367 3369//3369
f 3370//3370 3372//3372 3371//3371
f 3370//3370 3371//3371 3373//3373
f 3374//3374 3376//3376 3375//3375
f 3374//3374 3375//3375 3377//3377
f 3378//3378 3380//3380 3379//3379
f 3378//3378 3379//3379 3381//3381
f 3382//3382 3384//3384 3383//3383
f 3382//3382 3383//3383 3385//3385
f 3386//3386 3388//3388 3387//3387
f 3386//3386 3387//3387 3389//3389
f 3390//3390 3392//3392 3391//3391
f 3390//3390 3391//3391 3393//3393
f 3394//3394 3396//3396 3395//3395
f 3394//3394 3395//3395 3397//3397
f 3398//3398 3400//3400 3399//3399
f 3398//3398 3399//3399 3401//3401
f 3402//3402 3404//3404 3403//3403
f 3402//3402 3403//3403 3405//3405
f 3406//3406 3408//3408 3407//3407
f 3406//3406 3407//3407 3409//3409
f 3410//3410 3412//3412 3411//3411
f 3410//3410 3411//3411 3413//3413
f 3414//3414 3416//3416 3415//3415
f 3414//3414 3415//3415 3417//3417
f 3418//3418 3420//3420 3419//3419
f 3418//3418 3419//3419 3421//3421
f 3422//3422 3424//3424 3423//3423
f 3422//3422 3423//3423 3425//3425
f 3426//3426 3428//3428 3427//3427
f 3426//3426 3427//3427 3429//3429
f 3430//3430 3432//3432 3431//3431
f 3430//3430 3431//3431 3433//3433
f 3434//3434 3436//3436 3435//3435
f 3434//3434 3435//3435 3437//3437
f 3438//3438 3440//3440 3439//3439
f 3438//3438 3439//3439 3441//3441
f 3442//3442 3444//3444 3443//3443
f 3442//3442 3443//3443 3445//3445
f 3446//3446 3448//3448 3447//3447
f 3446//3446 3447//3447 3449//3449
f 3450//3450 3452//3452 3451//3451
f 3450//3450 3451//3451 3453//3453
f 3454//3454 3456//3456 3455//3455
f 3454//3454 3455//3455 3457//3457
f 3458//3458 3460//3460 3459//3459
f 3458//3458 3459//3459 3461//3461
f 3462//3462 3464//3464 3463//3463
f 3462//3462 3463//3463 3465//3465
f 3466//3466 3468//3468 3467//3467
f 3466//3466 3467//3467 3469//3469
f 3470//3470 3472//3472 3471//3471
f 3470//3470 3471//3471 3473//3473
f 3474//3474 3476//3476 3475//3475
f 3474//3474 3475//3475 3477//3477
f 3478//3478 3480//3480 3479//3479
f 3478//3478 3479//3479 3481//3481
f 3482//3482 3484//3484 3483//3483
f 3482//3482 3483//3483 3485//3485
f 3486//3486 3488//3488 3487//3487
f 3486//3486 3487//3487 3489//3489
f 3490//3490 3492//3492 3491//3491
f 3490//3490 3491//3491 3493//3493
f 3494//3494 3496//3496 3495//3495
f 3494//3494 3495//3495 3497//3497
f 3498//3498 3500//3500 3499//3499
f 3498//3498 3499//3499 3501//3501
f 3502//3502 3504//3504 3503//3503
f 3502//3502 3503//3503 3505//3505
f 3506//3506 3508//3508 3507//3507
f 3506//3506 3507//3507 3509//3509
f 3510//3510 3512//3512 3511//3511
f 3510//3510 3511//3511 3513//3513
f 3514//3514 3516//3516 3515//3515
f 3514//3514 3515//3515 3517//3517
f 3518//3518 3520//3520 3519//3519
f 3518//3518 3519//3519 3521//3521
f 3522//3522 3524//3524 3523//3523
f 3522//3522 3523//3523 3525//3525
f 3526//3526 3528//3528 3527//3527
f 3526//3526 3527//3527 3529//3529
f 3530//3530 3532//3532 3531//3531
f 3530//3530 3531//3531 3533//3533
f 3534//3534 3536//3536 3535//3535
f 3534//3534 3535//3535 3537//3537
f 3538//3538 3540//3540 3539//3539
f 3538//3538 3539//3539 3541//3541
f 3542//3542 3544//3544 3543//3543
f 3542//3542 3543//3543 3545//3545
f 3546//3546 3548//3548 3547//3547
f 3546//3546 3547//3547 3549//3549
f 3550//3550 3552//3552 3551//3551
f 3550//3550 3551//3551 3553//3553
f 3554//3554 3556//3556 3555//3555
f 3554//3554 3555//3555 3557//3557
f 3558//3558 3560//3560 3559//3559
f 3558//3558 3559//3559 3561//3561
f 3562//3562 3564//3564 3563//3563
f 3562//3562 3563//3563 3565//3565
f 3566//3566 3568//3568 3567//3567
f 3566//3566 3567//3567 3569//3569
f 3570//3570 3572//3572 3571//3571
f 3570//3570 3571//3571 3573//3573
f 3574//3574 3576//3576 3575//3575
f 3574//3574 3575//3575 3577//3577
f 3578//3578 3580//3580 3579//3579
f 3578//3578 3579//3579 3581//3581
f 3582//3582 3584//3584 3583//3583
f 3582//3582 3583//3583 3585//3585
f 3586//3586 3588//3588 3587//3587
f 3586//3586 3587//3587 3589//3589
f 3590//3590 3592//3592 3591//3591
f 3590//3590 3591//3591 3593//3593
f 3594//3594 3596//3596 3595//3595
f 3594//3594 3595//3595 3597//3597
f 3598//3598 3600//3600 3599//3599
f 3598//3598 3599//3599 3601//3601
f 3602//3602 3604//3604 3603//3603
f 3602//3602 3603//3603 3605//3605
f 3606//3606 3608//3608 3607//3607
f 3606//3606 3607//3607 3609//3609
f 3610//3610 3612//3612 3611//3611
f 3610//3610 3611//3611 3613//3613
f 3614//3614 3616//3616 3615//3615
f 3614//3614 3615//3615 3617//3617
f 3618//3618 3620//3620 3619//3619
f 3618//3618 3619//3619 3621//3621
f 3622//3622 3624//3624 3623//3623
f 3622//3622 3623//3623 3625//3625
f 3626//3626 3628//3628 3627//3627
f 3626//3626 3627//3627 3629//3629
f 3630//3630 3632//3632 3631//3631
f 3630//3630 3631//3631 3633//3633
f 3634//3634 3636//3636 3635//3635
f 3634//3634 3635//3635 3637//3637
f 3638//3638 3640//3640 3639//3639
f 3638//3638 3639//3639 3641//3641
f 3642//3642 3644//3644 3643//3643
f 3642//3642 3643//3643 3645//3645
f 3646//3646 3648//3648 3647//3647
f 3646//3646 3647//3647 3649//3649
f 3650//3650 3652//3652 3651//3651
f 3650//3650 3651//3651 3653//3653
f 3654//3654 3656//3656 3655//3655
f 3654//3654 3655//3655 3657//3657
f 3658//3658 3660//3660 3659//3659
f 3658//3658 3659//3659 3661//3661
f 3662//3662 3664//3664 3663//3663
f 3662//3662 3663//3663 3665//3665
f 3666//3666 3668//3668 3667//3667
f 3666//3666 3667//3667 3669//3669
f 3670//3670 3672//3672 3671//3671
f 3670//3670 3671//3671 3673//3673
f 3674//3674 3676//3676 3675//3675
f 3674//3674 3675//3675 3677//3677
f 3678//3678 3680//3680 3679//3679
f 3678//3678 3679//3679 3681//3681
f 3682//3682 3684//3684 3683//3683
f 3682//3682 3683//3683 3685//3685
f 3686//3686 3688//3688 3687//3687
f 3686//3686 3687//3687 3689//3689
f 3690//3690 3692//3692 3691//3691
f 3690//3690 3691//3691 3693//3693
f 3694//3694 3696//3696 3695//3695
f 3694//3694 3695//3695 3697//3697
f 3698//3698 3700//3700 3699//3699
f 3698//3698 3699//3699 3701//3701
f 3702//3702 3704//3704 3703//3703
f 3702//3702 3703//3703 3705//3705
f 3706//3706 3708//3708 3707//3707
f 3706//3706 3707//3707 3709//3709
f 3710//3710 3712//3712 3711//3711
f 3710//3710 3711//3711 3713//3713
f 3714//3714 3716//3716 3715//3715
f 3714//3714 3715//3715 3717//3717
f 3718//3718 3720//3720 3719//3719
f 3718//3718 3719//3719 3721//3721
f 3722//3722 3724//3724 3723//3723
f 3722//3722 3723//3723 3725//3725
f 3726//3726 3728//3728 3727//3727
f 3726//3726 3727//3727 3729//3729
f 3730//3730 3732//3732 3731//3731
f 3730//3730 3731//3731 3733//3733
f 3734//3734 3736//3736 3735//3735
f 3734//3734 3735//3735 3737//3737
f 3738//3738 3740//3740 3739//3739
f 3738//3738 3739//3739 3741//3741
f 3742//3742 3744//3744 3743//3743
f 3742//3742 3743//3743 3745//3745
f 3746//3746 3748//3748 3747//3747
f 3746//3746 3747//3747 3749//3749
f 3750//3750 3752//3752 3751//3751
f 3750//3750 3751//3751 3753//3753
f 3754//3754 3756//3756 3755//3755
f 3754//3754 3755//3755 3757//3757
f 3758//3758 3760//3760 3759//3759
f 3758//3758 3759//3759 3761//3761
f 3762//3762 3764//3764 3763//3763
f 3762//3762 3763//3763 3765//3765
f 3766//3766 3768//3768 3767//3767
f 3766//3766 3767//3767 3769//3769
f 3770//3770 3772//3772 3771//3771
f 3770//3770 3771//3771 3773//3773
f 3774//3774 3776//3776 3775//3775
f 3774//3774 3775//3775 3777//3777
f 3778//3778 3780//3780 3779//3779
f 3778//3778 3779//3779 3781//3781
f 3782//3782 3784//3784 3783//3783
f 3782//3782 3783//3783 3785//3785
f 3786//3786 3788//3788 3787//3787
f 3786//3786 3787//3787 3789//3789
f 3790//3790 3792//3792 3791//3791
f 3790//3790 3791//3791 3793//3793
f 3794//3794 3796//3796 3795//3795
f 3794//3794 3795//3795 3797//3797
f 3798//3798 3800//3800 3799//3799
f 3798//3798 3799//3799 3801//3801
f 3802//3802 3804//3804 3803//3803
f 3802//3802 3803//3803 3805//3805
f 3806//3806 3808//3808 3807//3807
f 3806//3806 3807//3807 3809//3809
f 3810//3810 3812//3812 3811//3811
f 3810//3810 3811//3811 3813//3813
f 3814//3814 3816//3816 3815//3815
f 3814//3814 3815//3815 3817//3817
f 3818//3818 3820//3820 3819//3819
f 3818//3818 3819//3819 3821//3821
g core_thatch
usemtl thatch
v 0.33998 0.34400 -0.40046
v 0.38632 0.34400 -0.48070
v 0.33998 0.34400 -0.49311
v 0.42025 0.34400 -0.44679
v 0.29366 0.34400 -0.48070
v 0.43266 0.34400 -0.40046
v 0.25974 0.34400 -0.44679
v 0.42025 0.34400 -0.35413
v 0.24732 0.34400 -0.40046
v 0.38632 0.34400 -0.32020
v 0.25974 0.34400 -0.35413
v 0.33998 0.34400 -0.30779
v 0.29366 0.34400 -0.32020
v 0.33998 0.34400 -0.49311
v 0.38632 0.34400 -0.48070
v 0.33998 0.51507 -0.40046
v 0.38632 0.34400 -0.48070
v 0.42025 0.34400 -0.44679
v 0.33998 0.51507 -0.40046
v 0.42025 0.34400 -0.44679
v 0.43266 0.34400 -0.40046
v 0.33998 0.51507 -0.40046
v 0.43266 0.34400 -0.40046
v 0.42025 0.34400 -0.35413
v 0.33998 0.51507 -0.40046
v 0.42025 0.34400 -0.35413
v 0.38632 0.34400 -0.32020
v 0.33998 0.51507 -0.40046
v 0.38632 0.34400 -0.32020
v 0.33998 0.34400 -0.30779
v 0.33998 0.51507 -0.40046
v 0.33998 0.34400 -0.30779
v 0.29366 0.34400 -0.32020
v 0.33998 0.51507 -0.40046
v 0.29366 0.34400 -0.32020
v 0.25974 0.34400 -0.35413
v 0.33998 0.51507 -0.40046
v 0.25974 0.34400 -0.35413
v 0.24732 0.34400 -0.40046
v 0.33998 0.51507 -0.40046
v 0.24732 0.34400 -0.40046
v 0.25974 0.34400 -0.44679
v 0.33998 0.51507 -0.40046
v 0.25974 0.34400 -0.44679
v 0.29366 0.34400 -0.48070
v 0.33998 0.51507 -0.40046
v 0.29366 0.34400 -0.48070
v 0.33998 0.34400 -0.49311
v 0.33998 0.51507 -0.40046
v -0.68001 0.29000 -0.00000
v -0.63711 0.29000 -0.07431
v -0.68001 0.29000 -0.08580
v -0.60571 0.29000 -0.04291
v -0.72292 0.29000 -0.07431
v -0.59421 0.29000 -0.00000
v -0.75432 0.29000 -0.04291
v -0.60571 0.29000 0.04289
v -0.76580 0.29000 -0.00000
v -0.63711 0.29000 0.07430
v -0.75432 0.29000 0.04289
v -0.68001 0.29000 0.08580
v -0.72292 0.29000 0.07430
v -0.68001 0.29000 -0.08580
v -0.63711 0.29000 -0.07431
v -0.68001 0.44840 -0.00000
v -0.63711 0.29000 -0.07431
v -0.60571 0.29000 -0.04291
v -0.68001 0.44840 -0.00000
v -0.60571 0.29000 -0.04291
v -0.59421 0.29000 -0.00000
v -0.68001 0.44840 -0.00000
v -0.59421 0.29000 -0.00000
v -0.60571 0.29000 0.04289
v -0.68001 0.44840 -0.00000
v -0.60571 0.29000 0.04289
v -0.63711 0.29000 0.07430
v -0.68001 0.44840 -0.00000
v -0.63711 0.29000 0.07430
v -0.68001 0.29000 0.08580
v -0.68001 0.44840 -0.00000
v -0.68001 0.29000 0.08580
v -0.72292 0.29000 0.07430
v -0.68001 0.44840 -0.00000
v -0.72292 0.29000 0.07430
v -0.75432 0.29000 0.04289
v -0.68001 0.44840 -0.00000
v -0.75432 0.29000 0.04289
v -0.76580 0.29000 -0.00000
v -0.68001 0.44840 -0.00000
v -0.76580 0.29000 -0.00000
v -0.75432 0.29000 -0.04291
v -0.68001 0.44840 -0.00000
v -0.75432 0.29000 -0.04291
v -0.72292 0.29000 -0.07431
v -0.68001 0.44840 -0.00000
v -0.72292 0.29000 -0.07431
v -0.68001 0.29000 -0.08580
v -0.68001 0.44840 -0.00000
vn -0.0000 -0.7071 0.7071
vn -0.0000 -0.7071 0.7071
vn -0.0000 -0.7071 0.7071
vn -0.0000 -0.7071 0.7071
vn -0.0000 -0.7071 0.7071
vn -0.0000 -0.7071 0.7071
vn -0.0000 -0.7071 0.7071
vn -0.0000 -0.7071 0.7071
vn -0.0000 -0.7071 0.7071
vn -0.0000 -0.7071 0.7071
vn -0.0000 -0.7071 0.7071
vn -0.0000 -0.7071 0.7071
vn -0.0000 -0.7071 0.7071
vn 0.6727 -0.7331 -0.1000
vn 0.6727 -0.7331 -0.1000
vn 0.6727 -0.7331 -0.1000
vn 0.9360 -0.1533 0.3168
vn 0.9360 -0.1533 0.3168
vn 0.9360 -0.1533 0.3168
vn 0.6977 0.3576 0.6207
vn 0.6977 0.3576 0.6207
vn 0.6977 0.3576 0.6207
vn -0.5416 -0.3032 -0.7840
vn -0.5416 -0.3032 -0.7840
vn -0.5416 -0.3032 -0.7840
vn 0.3889 0.1989 0.8995
vn 0.3889 0.1989 0.8995
vn 0.3889 0.1989 0.8995
vn 0.2488 0.1731 0.9529
vn 0.2488 0.1731 0.9529
vn 0.2488 0.1731 0.9529
vn 0.1263 0.3509 0.9279
vn 0.1263 0.3509 0.9279
vn 0.1263 0.3509 0.9279
vn 0.0567 0.6717 0.7386
vn 0.0567 0.6717 0.7386
vn 0.0567 0.6717 0.7386
vn 0.0252 0.8688 0.4946
vn 0.0252 0.8688 0.4946
vn 0.0252 0.8688 0.4946
vn -0.1117 0.9016 0.4178
vn -0.1117 0.9016 0.4178
vn -0.1117 0.9016 0.4178
vn -0.3563 0.8534 0.3805
vn -0.3563 0.8534 0.3805
vn -0.3563 0.8534 0.3805
vn 0.5409 -0.7979 -0.2661
vn 0.5409 -0.7979 -0.2661
vn 0.5409 -0.7979 -0.2661
vn -0.0000 -0.7071 0.7071
vn -0.0000 -0.7071 0.7071
vn -0.0000 -0.7071 0.7071
vn -0.0000 -0.7071 0.7071
vn -0.0000 -0.7071 0.7071
vn -0.0000 -0.7071 0.7071
vn -0.0000 -0.7071 0.7071
vn -0.0000 -0.7071 0.7071
vn -0.0000 -0.7071 0.7071
vn -0.0000 -0.7071 0.7071
vn -0.0000 -0.7071 0.7071
vn -0.0000 -0.7071 0.7071
vn -0.0000 -0.7071 0.7071
vn 0.6727 -0.7331 -0.1000
vn 0.6727 -0.7331 -0.1000
vn 0.6727 -0.7331 -0.1000
vn 0.9360 -0.1533 0.3168
vn 0.9360 -0.1533 0.3168
vn 0.9360 -0.1533 0.3168
vn 0.6977 0.3576 0.6207
vn 0.6977 0.3576 0.6207
vn 0.6977 0.3576 0.6207
vn -0.5416 -0.3032 -0.7840
vn -0.5416 -0.3032 -0.7840
vn -0.5416 -0.3032 -0.7840
vn 0.3889 0.1989 0.8995
vn 0.3889 0.1989 0.8995
vn 0.3889 0.1989 0.8995
vn 0.2488 0.1731 0.9529
vn 0.2488 0.1731 0.9529
vn 0.2488 0.1731 0.9529
vn 0.1263 0.3509 0.9279
vn 0.1263 0.3509 0.9279
vn 0.1263 0.3509 0.9279
vn 0.0567 0.6717 0.7386
vn 0.0567 0.6717 0.7386
vn 0.0567 0.6717 0.7386
vn 0.0252 0.8688 0.4946
vn 0.0252 0.8688 0.4946
vn 0.0252 0.8688 0.4946
vn -0.1117 0.9016 0.4178
vn -0.1117 0.9016 0.4178
vn -0.1117 0.9016 0.4178
vn -0.3563 0.8534 0.3805
vn -0.3563 0.8534 0.3805
vn -0.3563 0.8534 0.3805
vn 0.5409 -0.7979 -0.2661
vn 0.5409 -0.7979 -0.2661
vn 0.5409 -0.7979 -0.2661
f 3822//3822 3824//3824 3823//3823
f 3822//3822 3823//3823 3825//3825
f 3822//3822 3826//3826 3824//3824
f 3822//3822 3825//3825 3827//3827
f 3822//3822 3828//3828 3826//3826
f 3822//3822 3827//3827 3829//3829
f 3822//3822 3830//3830 3828//3828
f 3822//3822 3829//3829 3831//3831
f 3822//3822 3832//3832 3830//3830
f 3822//3822 3831//3831 3833//3833
f 3822//3822 3834//3834 3832//3832
f 3822//3822 3833//3833 3834//3834
f 3835//3835 3837//3837 3836//3836
f 3838//3838 3840//3840 3839//3839
f 3841//3841 3843//3843 3842//3842
f 3844//3844 3846//3846 3845//3845
f 3847//3847 3849//3849 3848//3848
f 3850//3850 3852//3852 3851//3851
f 3853//3853 3855//3855 3854//3854
f 3856//3856 3858//3858 3857//3857
f 3859//3859 3861//3861 3860//3860
f 3862//3862 3864//3864 3863//3863
f 3865//3865 3867//3867 3866//3866
f 3868//3868 3870//3870 3869//3869
f 3871//3871 3873//3873 3872//3872
f 3871//3871 3872//3872 3874//3874
f 3871//3871 3875//3875 3873//3873
f 3871//3871 3874//3874 3876//3876
f 3871//3871 3877//3877 3875//3875
f 3871//3871 3876//3876 3878//3878
f 3871//3871 3879//3879 3877//3877
f 3871//3871 3878//3878 3880//3880
f 3871//3871 3881//3881 3879//3879
f 3871//3871 3880//3880 3882//3882
f 3871//3871 3883//3883 3881//3881
f 3871//3871 3882//3882 3883//3883
f 3884//3884 3886//3886 3885//3885
f 3887//3887 3889//3889 3888//3888
f 3890//3890 3892//3892 3891//3891
f 3893//3893 3895//3895 3894//3894
f 3896//3896 3898//3898 3897//3897
f 3899//3899 3901//3901 3900//3900
f 3902//3902 3904//3904 3903//3903
f 3905//3905 3907//3907 3906//3906
f 3908//3908 3910//3910 3909//3909
f 3911//3911 3913//3913 3912//3912
f 3914//3914 3916//3916 3915//3915
f 3917//3917 3919//3919 3918//3918
g core_wood_dark
usemtl wood_dark
v 0.12599 0.00000 -0.03400
v 0.12599 0.18356 -0.04000
v 0.12599 0.18356 -0.03400
v 0.12599 0.00000 -0.04000
v 0.12599 0.00000 -0.04000
v 0.13600 0.18356 -0.04000
v 0.12599 0.18356 -0.04000
v 0.13600 0.00000 -0.04000
v 0.13600 0.00000 -0.04000
v 0.13600 0.18356 -0.03400
v 0.13600 0.18356 -0.04000
v 0.13600 0.00000 -0.03400
v 0.13600 0.00000 -0.03400
v 0.12599 0.18356 -0.03400
v 0.13600 0.18356 -0.03400
v 0.12599 0.00000 -0.03400
v 0.12599 0.00000 -0.04000
v 0.13600 0.00000 -0.03400
v 0.13600 0.00000 -0.04000
v 0.12599 0.00000 -0.03400
v 0.13600 0.18356 -0.04000
v 0.12599 0.18356 -0.03400
v 0.12599 0.18356 -0.04000
v 0.13600 0.18356 -0.03400
v 0.26400 0.00000 -0.03400
v 0.26400 0.18356 -0.04000
v 0.26400 0.18356 -0.03400
v 0.26400 0.00000 -0.04000
v 0.26400 0.00000 -0.04000
v 0.27399 0.18356 -0.04000
v 0.26400 0.18356 -0.04000
v 0.27399 0.00000 -0.04000
v 0.27399 0.00000 -0.04000
v 0.27399 0.18356 -0.03400
v 0.27399 0.18356 -0.04000
v 0.27399 0.00000 -0.03400
v 0.27399 0.00000 -0.03400
v 0.26400 0.18356 -0.03400
v 0.27399 0.18356 -0.03400
v 0.26400 0.00000 -0.03400
v 0.26400 0.00000 -0.04000
v 0.27399 0.00000 -0.03400
v 0.27399 0.00000 -0.04000
v 0.26400 0.00000 -0.03400
v 0.27399 0.18356 -0.04000
v 0.26400 0.18356 -0.03400
v 0.26400 0.18356 -0.04000
v 0.27399 0.18356 -0.03400
v -0.03850 0.00000 0.45544
v -0.03850 0.12155 0.44544
v -0.03850 0.12155 0.45544
v -0.03850 0.00000 0.44544
v -0.03850 0.00000 0.44544
v 0.03850 0.12155 0.44544
v -0.03850 0.12155 0.44544
v 0.03850 0.00000 0.44544
v 0.03850 0.00000 0.44544
v 0.03850 0.12155 0.45544
v 0.03850 0.12155 0.44544
v 0.03850 0.00000 0.45544
v 0.03850 0.00000 0.45544
v -0.03850 0.12155 0.45544
v 0.03850 0.12155 0.45544
v -0.03850 0.00000 0.45544
v -0.03850 0.00000 0.44544
v 0.03850 0.00000 0.45544
v 0.03850 0.00000 0.44544
v -0.03850 0.00000 0.45544
v 0.03850 0.12155 0.44544
v -0.03850 0.12155 0.45544
v -0.03850 0.12155 0.44544
v 0.03850 0.12155 0.45544
v 0.28390 0.00000 -0.20075
v 0.28390 0.06175 -0.20875
v 0.28390 0.06175 -0.20075
v 0.28390 0.00000 -0.20875
v 0.28390 0.00000 -0.20875
v 0.31809 0.06175 -0.20875
v 0.28390 0.06175 -0.20875
v 0.31809 0.00000 -0.20875
v 0.31809 0.00000 -0.20875
v 0.31809 0.06175 -0.20075
v 0.31809 0.06175 -0.20875
v 0.31809 0.00000 -0.20075
v 0.31809 0.00000 -0.20075
v 0.28390 0.06175 -0.20075
v 0.31809 0.06175 -0.20075
v 0.28390 0.00000 -0.20075
v 0.28390 0.00000 -0.20875
v 0.31809 0.00000 -0.20075
v 0.31809 0.00000 -0.20875
v 0.28390 0.00000 -0.20075
v 0.31809 0.06175 -0.20875
v 0.28390 0.06175 -0.20075
v 0.28390 0.06175 -0.20875
v 0.31809 0.06175 -0.20075
v 0.12499 0.09545 -0.03400
v 0.12499 0.10545 -0.04000
v 0.12499 0.10545 -0.03400
v 0.12499 0.09545 -0.04000
v 0.12499 0.09545 -0.04000
v 0.27499 0.10545 -0.04000
v 0.12499 0.10545 -0.04000
v 0.27499 0.09545 -0.04000
v 0.27499 0.09545 -0.04000
v 0.27499 0.10545 -0.03400
v 0.27499 0.10545 -0.04000
v 0.27499 0.09545 -0.03400
v 0.27499 0.09545 -0.03400
v 0.12499 0.10545 -0.03400
v 0.27499 0.10545 -0.03400
v 0.12499 0.09545 -0.03400
v 0.12499 0.09545 -0.04000
v 0.27499 0.09545 -0.03400
v 0.27499 0.09545 -0.04000
v 0.12499 0.09545 -0.03400
v 0.27499 0.10545 -0.04000
v 0.12499 0.10545 -0.03400
v 0.12499 0.10545 -0.04000
v 0.27499 0.10545 -0.03400
v 0.07699 0.04000 0.02400
v 0.07699 0.10000 0.01599
v 0.07699 0.10000 0.02400
v 0.07699 0.04000 0.01599
v 0.07699 0.04000 0.01599
v 0.08499 0.10000 0.01599
v 0.07699 0.10000 0.01599
v 0.08499 0.04000 0.01599
v 0.08499 0.04000 0.01599
v 0.08499 0.10000 0.02400
v 0.08499 0.10000 0.01599
v 0.08499 0.04000 0.02400
v 0.08499 0.04000 0.02400
v 0.07699 0.10000 0.02400
v 0.08499 0.10000 0.02400
v 0.07699 0.04000 0.02400
v 0.07699 0.04000 0.01599
v 0.08499 0.04000 0.02400
v 0.08499 0.04000 0.01599
v 0.07699 0.04000 0.02400
v 0.08499 0.10000 0.01599
v 0.07699 0.10000 0.02400
v 0.07699 0.10000 0.01599
v 0.08499 0.10000 0.02400
v 0.12499 0.04000 0.02400
v 0.12499 0.10000 0.01599
v 0.12499 0.10000 0.02400
v 0.12499 0.04000 0.01599
v 0.12499 0.04000 0.01599
v 0.13299 0.10000 0.01599
v 0.12499 0.10000 0.01599
v 0.13299 0.04000 0.01599
v 0.13299 0.04000 0.01599
v 0.13299 0.10000 0.02400
v 0.13299 0.10000 0.01599
v 0.13299 0.04000 0.02400
v 0.13299 0.04000 0.02400
v 0.12499 0.10000 0.02400
v 0.13299 0.10000 0.02400
v 0.12499 0.04000 0.02400
v 0.12499 0.04000 0.01599
v 0.13299 0.04000 0.02400
v 0.13299 0.04000 0.01599
v 0.12499 0.04000 0.02400
v 0.13299 0.10000 0.01599
v 0.12499 0.10000 0.02400
v 0.12499 0.10000 0.01599
v 0.13299 0.10000 0.02400
v 0.07699 0.10000 0.02499
v 0.07699 0.11000 0.01500
v 0.07699 0.11000 0.02499
v 0.07699 0.10000 0.01500
v 0.07699 0.10000 0.01500
v 0.13299 0.11000 0.01500
v 0.07699 0.11000 0.01500
v 0.13299 0.10000 0.01500
v 0.13299 0.10000 0.01500
v 0.13299 0.11000 0.02499
v 0.13299 0.11000 0.01500
v 0.13299 0.10000 0.02499
v 0.13299 0.10000 0.02499
v 0.07699 0.11000 0.02499
v 0.13299 0.11000 0.02499
v 0.07699 0.10000 0.02499
v 0.07699 0.10000 0.01500
v 0.13299 0.10000 0.02499
v 0.13299 0.10000 0.01500
v 0.07699 0.10000 0.02499
v 0.13299 0.11000 0.01500
v 0.07699 0.11000 0.02499
v 0.07699 0.11000 0.01500
v 0.13299 0.11000 0.02499
v -0.17801 0.00000 -0.19300
v -0.17801 0.06000 -0.20101
v -0.17801 0.06000 -0.19300
v -0.17801 0.00000 -0.20101
v -0.17801 0.00000 -0.20101
v -0.14600 0.06000 -0.20101
v -0.17801 0.06000 -0.20101
v -0.14600 0.00000 -0.20101
v -0.14600 0.00000 -0.20101
v -0.14600 0.06000 -0.19300
v -0.14600 0.06000 -0.20101
v -0.14600 0.00000 -0.19300
v -0.14600 0.00000 -0.19300
v -0.17801 0.06000 -0.19300
v -0.14600 0.06000 -0.19300
v -0.17801 0.00000 -0.19300
v -0.17801 0.00000 -0.20101
v -0.14600 0.00000 -0.19300
v -0.14600 0.00000 -0.20101
v -0.17801 0.00000 -0.19300
v -0.14600 0.06000 -0.20101
v -0.17801 0.06000 -0.19300
v -0.17801 0.06000 -0.20101
v -0.14600 0.06000 -0.19300
v -0.21600 0.00000 -0.02800
v -0.21600 0.06000 -0.03600
v -0.21600 0.06000 -0.02800
v -0.21600 0.00000 -0.03600
v -0.21600 0.00000 -0.03600
v -0.18401 0.06000 -0.03600
v -0.21600 0.06000 -0.03600
v -0.18401 0.00000 -0.03600
v -0.18401 0.00000 -0.03600
v -0.18401 0.06000 -0.02800
v -0.18401 0.06000 -0.03600
v -0.18401 0.00000 -0.02800
v -0.18401 0.00000 -0.02800
v -0.21600 0.06000 -0.02800
v -0.18401 0.06000 -0.02800
v -0.21600 0.00000 -0.02800
v -0.21600 0.00000 -0.03600
v -0.18401 0.00000 -0.02800
v -0.18401 0.00000 -0.03600
v -0.21600 0.00000 -0.02800
v -0.18401 0.06000 -0.03600
v -0.21600 0.06000 -0.02800
v -0.21600 0.06000 -0.03600
v -0.18401 0.06000 -0.02800
v 0.21999 0.00000 -0.03300
v 0.21999 0.06000 -0.04101
v 0.21999 0.06000 -0.03300
v 0.21999 0.00000 -0.04101
v 0.21999 0.00000 -0.04101
v 0.25199 0.06000 -0.04101
v 0.21999 0.06000 -0.04101
v 0.25199 0.00000 -0.04101
v 0.25199 0.00000 -0.04101
v 0.25199 0.06000 -0.03300
v 0.25199 0.06000 -0.04101
v 0.25199 0.00000 -0.03300
v 0.25199 0.00000 -0.03300
v 0.21999 0.06000 -0.03300
v 0.25199 0.06000 -0.03300
v 0.21999 0.00000 -0.03300
v 0.21999 0.00000 -0.04101
v 0.25199 0.00000 -0.03300
v 0.25199 0.00000 -0.04101
v 0.21999 0.00000 -0.03300
v 0.25199 0.06000 -0.04101
v 0.21999 0.06000 -0.03300
v 0.21999 0.06000 -0.04101
v 0.25199 0.06000 -0.03300
v -0.42000 0.00000 0.00199
v -0.42000 0.05664 -0.00600
v -0.42000 0.05664 0.00199
v -0.42000 0.00000 -0.00600
v -0.42000 0.00000 -0.00600
v -0.38801 0.05664 -0.00600
v -0.42000 0.05664 -0.00600
v -0.38801 0.00000 -0.00600
v -0.38801 0.00000 -0.00600
v -0.38801 0.05664 0.00199
v -0.38801 0.05664 -0.00600
v -0.38801 0.00000 0.00199
v -0.38801 0.00000 0.00199
v -0.42000 0.05664 0.00199
v -0.38801 0.05664 0.00199
v -0.42000 0.00000 0.00199
v -0.42000 0.00000 -0.00600
v -0.38801 0.00000 0.00199
v -0.38801 0.00000 -0.00600
v -0.42000 0.00000 0.00199
v -0.38801 0.05664 -0.00600
v -0.42000 0.05664 0.00199
v -0.42000 0.05664 -0.00600
v -0.38801 0.05664 0.00199
v 0.45999 0.00000 0.00199
v 0.45999 0.05449 -0.00600
v 0.45999 0.05449 0.00199
v 0.45999 0.00000 -0.00600
v 0.45999 0.00000 -0.00600
v 0.49200 0.05449 -0.00600
v 0.45999 0.05449 -0.00600
v 0.49200 0.00000 -0.00600
v 0.49200 0.00000 -0.00600
v 0.49200 0.05449 0.00199
v 0.49200 0.05449 -0.00600
v 0.49200 0.00000 0.00199
v 0.49200 0.00000 0.00199
v 0.45999 0.05449 0.00199
v 0.49200 0.05449 0.00199
v 0.45999 0.00000 0.00199
v 0.45999 0.00000 -0.00600
v 0.49200 0.00000 0.00199
v 0.49200 0.00000 -0.00600
v 0.45999 0.00000 0.00199
v 0.49200 0.05449 -0.00600
v 0.45999 0.05449 0.00199
v 0.45999 0.05449 -0.00600
v 0.49200 0.05449 0.00199
v -0.23521 0.00000 0.34700
v -0.23521 0.05370 0.33900
v -0.23521 0.05370 0.34700
v -0.23521 0.00000 0.33900
v -0.23521 0.00000 0.33900
v -0.20321 0.05370 0.33900
v -0.23521 0.05370 0.33900
v -0.20321 0.00000 0.33900
v -0.20321 0.00000 0.33900
v -0.20321 0.05370 0.34700
v -0.20321 0.05370 0.33900
v -0.20321 0.00000 0.34700
v -0.20321 0.00000 0.34700
v -0.23521 0.05370 0.34700
v -0.20321 0.05370 0.34700
v -0.23521 0.00000 0.34700
v -0.23521 0.00000 0.33900
v -0.20321 0.00000 0.34700
v -0.20321 0.00000 0.33900
v -0.23521 0.00000 0.34700
v -0.20321 0.05370 0.33900
v -0.23521 0.05370 0.34700
v -0.23521 0.05370 0.33900
v -0.20321 0.05370 0.34700
v 0.26999 0.00000 0.34700
v 0.26999 0.05406 0.33900
v 0.26999 0.05406 0.34700
v 0.26999 0.00000 0.33900
v 0.26999 0.00000 0.33900
v 0.30199 0.05406 0.33900
v 0.26999 0.05406 0.33900
v 0.30199 0.00000 0.33900
v 0.30199 0.00000 0.33900
v 0.30199 0.05406 0.34700
v 0.30199 0.05406 0.33900
v 0.30199 0.00000 0.34700
v 0.30199 0.00000 0.34700
v 0.26999 0.05406 0.34700
v 0.30199 0.05406 0.34700
v 0.26999 0.00000 0.34700
v 0.26999 0.00000 0.33900
v 0.30199 0.00000 0.34700
v 0.30199 0.00000 0.33900
v 0.26999 0.00000 0.34700
v 0.30199 0.05406 0.33900
v 0.26999 0.05406 0.34700
v 0.26999 0.05406 0.33900
v 0.30199 0.05406 0.34700
v 0.24835 0.00000 0.20699
v 0.24835 0.04733 0.19900
v 0.24835 0.04733 0.20699
v 0.24835 0.00000 0.19900
v 0.24835 0.00000 0.19900
v 0.28035 0.04733 0.19900
v 0.24835 0.04733 0.19900
v 0.28035 0.00000 0.19900
v 0.28035 0.00000 0.19900
v 0.28035 0.04733 0.20699
v 0.28035 0.04733 0.19900
v 0.28035 0.00000 0.20699
v 0.28035 0.00000 0.20699
v 0.24835 0.04733 0.20699
v 0.28035 0.04733 0.20699
v 0.24835 0.00000 0.20699
v 0.24835 0.00000 0.19900
v 0.28035 0.00000 0.20699
v 0.28035 0.00000 0.19900
v 0.24835 0.00000 0.20699
v 0.28035 0.04733 0.19900
v 0.24835 0.04733 0.20699
v 0.24835 0.04733 0.19900
v 0.28035 0.04733 0.20699
v 0.36835 0.00000 0.13099
v 0.36835 0.05831 0.12299
v 0.36835 0.05831 0.13099
v 0.36835 0.00000 0.12299
v 0.36835 0.00000 0.12299
v 0.40035 0.05831 0.12299
v 0.36835 0.05831 0.12299
v 0.40035 0.00000 0.12299
v 0.40035 0.00000 0.12299
v 0.40035 0.05831 0.13099
v 0.40035 0.05831 0.12299
v 0.40035 0.00000 0.13099
v 0.40035 0.00000 0.13099
v 0.36835 0.05831 0.13099
v 0.40035 0.05831 0.13099
v 0.36835 0.00000 0.13099
v 0.36835 0.00000 0.12299
v 0.40035 0.00000 0.13099
v 0.40035 0.00000 0.12299
v 0.36835 0.00000 0.13099
v 0.40035 0.05831 0.12299
v 0.36835 0.05831 0.13099
v 0.36835 0.05831 0.12299
v 0.40035 0.05831 0.13099
vn 0.0000 1.0000 -0.0000
vn 0.0000 1.0000 -0.0000
vn 0.0000 1.0000 -0.0000
vn 0.0000 1.0000 -0.0000
vn -0.7071 0.7071 -0.0000
vn -0.7071 0.7071 -0.0000
vn -0.7071 0.7071 -0.0000
vn -0.7071 0.7071 -0.0000
vn 0.7071 -0.0000 0.7071
vn 0.7071 -0.0000 0.7071
vn 0.7071 -0.0000 0.7071
vn 0.7071 -0.0000 0.7071
vn -0.0000 -0.0000 1.0000
vn -0.0000 -0.0000 1.0000
vn -0.0000 -0.0000 1.0000
vn -0.0000 -0.0000 1.0000
vn -0.0000 -0.7071 0.7071
vn -0.0000 -0.7071 0.7071
vn -0.0000 -0.7071 0.7071
vn -0.0000 -0.7071 0.7071
vn -0.0000 0.7071 0.7071
vn -0.0000 0.7071 0.7071
vn -0.0000 0.7071 0.7071
vn -0.0000 0.7071 0.7071
vn 0.0000 1.0000 -0.0000
vn 0.0000 1.0000 -0.0000
vn 0.0000 1.0000 -0.0000
vn 0.0000 1.0000 -0.0000
vn -0.7071 0.7071 -0.0000
vn -0.7071 0.7071 -0.0000
vn -0.7071 0.7071 -0.0000
vn -0.7071 0.7071 -0.0000
vn 0.7071 -0.0000 0.7071
vn 0.7071 -0.0000 0.7071
vn 0.7071 -0.0000 0.7071
vn 0.7071 -0.0000 0.7071
vn -0.0000 -0.0000 1.0000
vn -0.0000 -0.0000 1.0000
vn -0.0000 -0.0000 1.0000
vn -0.0000 -0.0000 1.0000
vn -0.0000 -0.7071 0.7071
vn -0.0000 -0.7071 0.7071
vn -0.0000 -0.7071 0.7071
vn -0.0000 -0.7071 0.7071
vn -0.0000 0.7071 0.7071
vn -0.0000 0.7071 0.7071
vn -0.0000 0.7071 0.7071
vn -0.0000 0.7071 0.7071
vn 0.0000 1.0000 -0.0000
vn 0.0000 1.0000 -0.0000
vn 0.0000 1.0000 -0.0000
vn 0.0000 1.0000 -0.0000
vn -0.7071 0.7071 -0.0000
vn -0.7071 0.7071 -0.0000
vn -0.7071 0.7071 -0.0000
vn -0.7071 0.7071 -0.0000
vn 0.7071 -0.0000 0.7071
vn 0.7071 -0.0000 0.7071
vn 0.7071 -0.0000 0.7071
vn 0.7071 -0.0000 0.7071
vn -0.0000 -0.0000 1.0000
vn -0.0000 -0.0000 1.0000
vn -0.0000 -0.0000 1.0000
vn -0.0000 -0.0000 1.0000
vn -0.0000 -0.7071 0.7071
vn -0.0000 -0.7071 0.7071
vn -0.0000 -0.7071 0.7071
vn -0.0000 -0.7071 0.7071
vn -0.0000 0.7071 0.7071
vn -0.0000 0.7071 0.7071
vn -0.0000 0.7071 0.7071
vn -0.0000 0.7071 0.7071
vn 0.0000 1.0000 -0.0000
vn 0.0000 1.0000 -0.0000
vn 0.0000 1.0000 -0.0000
vn 0.0000 1.0000 -0.0000
vn -0.7071 0.7071 -0.0000
vn -0.7071 0.7071 -0.0000
vn -0.7071 0.7071 -0.0000
vn -0.7071 0.7071 -0.0000
vn 0.7071 -0.0000 0.7071
vn 0.7071 -0.0000 0.7071
vn 0.7071 -0.0000 0.7071
vn 0.7071 -0.0000 0.7071
vn -0.0000 -0.0000 1.0000
vn -0.0000 -0.0000 1.0000
vn -0.0000 -0.0000 1.0000
vn -0.0000 -0.0000 1.0000
vn -0.0000 -0.7071 0.7071
vn -0.0000 -0.7071 0.7071
vn -0.0000 -0.7071 0.7071
vn -0.0000 -0.7071 0.7071
vn -0.0000 0.7071 0.7071
vn -0.0000 0.7071 0.7071
vn -0.0000 0.7071 0.7071
vn -0.0000 0.7071 0.7071
vn 0.0000 1.0000 -0.0000
vn 0.0000 1.0000 -0.0000
vn 0.0000 1.0000 -0.0000
vn 0.0000 1.0000 -0.0000
vn -0.7071 0.7071 -0.0000
vn -0.7071 0.7071 -0.0000
vn -0.7071 0.7071 -0.0000
vn -0.7071 0.7071 -0.0000
vn 0.7071 -0.0000 0.7071
vn 0.7071 -0.0000 0.7071
vn 0.7071 -0.0000 0.7071
vn 0.7071 -0.0000 0.7071
vn -0.0000 -0.0000 1.0000
vn -0.0000 -0.0000 1.0000
vn -0.0000 -0.0000 1.0000
vn -0.0000 -0.0000 1.0000
vn -0.0000 -0.7071 0.7071
vn -0.0000 -0.7071 0.7071
vn -0.0000 -0.7071 0.7071
vn -0.0000 -0.7071 0.7071
vn -0.0000 0.7071 0.7071
vn -0.0000 0.7071 0.7071
vn -0.0000 0.7071 0.7071
vn -0.0000 0.7071 0.7071
vn 0.0000 1.0000 -0.0000
vn 0.0000 1.0000 -0.0000
vn 0.0000 1.0000 -0.0000
vn 0.0000 1.0000 -0.0000
vn -0.7071 0.7071 -0.0000
vn -0.7071 0.7071 -0.0000
vn -0.7071 0.7071 -0.0000
vn -0.7071 0.7071 -0.0000
vn 0.7071 -0.0000 0.7071
vn 0.7071 -0.0000 0.7071
vn 0.7071 -0.0000 0.7071
vn 0.7071 -0.0000 0.7071
vn -0.0000 -0.0000 1.0000
vn -0.0000 -0.0000 1.0000
vn -0.0000 -0.0000 1.0000
vn -0.0000 -0.0000 1.0000
vn -0.0000 -0.7071 0.7071
vn -0.0000 -0.7071 0.7071
vn -0.0000 -0.7071 0.7071
vn -0.0000 -0.7071 0.7071
vn -0.0000 0.7071 0.7071
vn -0.0000 0.7071 0.7071
vn -0.0000 0.7071 0.7071
vn -0.0000 0.7071 0.7071
vn 0.0000 1.0000 -0.0000
vn 0.0000 1.0000 -0.0000
vn 0.0000 1.0000 -0.0000
vn 0.0000 1.0000 -0.0000
vn -0.7071 0.7071 -0.0000
vn -0.7071 0.7071 -0.0000
vn -0.7071 0.7071 -0.0000
vn -0.7071 0.7071 -0.0000
vn 0.7071 -0.0000 0.7071
vn 0.7071 -0.0000 0.7071
vn 0.7071 -0.0000 0.7071
vn 0.7071 -0.0000 0.7071
vn -0.0000 -0.0000 1.0000
vn -0.0000 -0.0000 1.0000
vn -0.0000 -0.0000 1.0000
vn -0.0000 -0.0000 1.0000
vn -0.0000 -0.7071 0.7071
vn -0.0000 -0.7071 0.7071
vn -0.0000 -0.7071 0.7071
vn -0.0000 -0.7071 0.7071
vn -0.0000 0.7071 0.7071
vn -0.0000 0.7071 0.7071
vn -0.0000 0.7071 0.7071
vn -0.0000 0.7071 0.7071
vn 0.0000 1.0000 -0.0000
vn 0.0000 1.0000 -0.0000
vn 0.0000 1.0000 -0.0000
vn 0.0000 1.0000 -0.0000
vn -0.7071 0.7071 -0.0000
vn -0.7071 0.7071 -0.0000
vn -0.7071 0.7071 -0.0000
vn -0.7071 0.7071 -0.0000
vn 0.7071 -0.0000 0.7071
vn 0.7071 -0.0000 0.7071
vn 0.7071 -0.0000 0.7071
vn 0.7071 -0.0000 0.7071
vn -0.0000 -0.0000 1.0000
vn -0.0000 -0.0000 1.0000
vn -0.0000 -0.0000 1.0000
vn -0.0000 -0.0000 1.0000
vn -0.0000 -0.7071 0.7071
vn -0.0000 -0.7071 0.7071
vn -0.0000 -0.7071 0.7071
vn -0.0000 -0.7071 0.7071
vn -0.0000 0.7071 0.7071
vn -0.0000 0.7071 0.7071
vn -0.0000 0.7071 0.7071
vn -0.0000 0.7071 0.7071
vn 0.0000 1.0000 -0.0000
vn 0.0000 1.0000 -0.0000
vn 0.0000 1.0000 -0.0000
vn 0.0000 1.0000 -0.0000
vn -0.7071 0.7071 -0.0000
vn -0.7071 0.7071 -0.0000
vn -0.7071 0.7071 -0.0000
vn -0.7071 0.7071 -0.0000
vn 0.7071 -0.0000 0.7071
vn 0.7071 -0.0000 0.7071
vn 0.7071 -0.0000 0.7071
vn 0.7071 -0.0000 0.7071
vn -0.0000 -0.0000 1.0000
vn -0.0000 -0.0000 1.0000
vn -0.0000 -0.0000 1.0000
vn -0.0000 -0.0000 1.0000
vn -0.0000 -0.7071 0.7071
vn -0.0000 -0.7071 0.7071
vn -0.0000 -0.7071 0.7071
vn -0.0000 -0.7071 0.7071
vn -0.0000 0.7071 0.7071
vn -0.0000 0.7071 0.7071
vn -0.0000 0.7071 0.7071
vn -0.0000 0.7071 0.7071
vn 0.0000 1.0000 -0.0000
vn 0.0000 1.0000 -0.0000
vn 0.0000 1.0000 -0.0000
vn 0.0000 1.0000 -0.0000
vn -0.7071 0.7071 -0.0000
vn -0.7071 0.7071 -0.0000
vn -0.7071 0.7071 -0.0000
vn -0.7071 0.7071 -0.0000
vn 0.7071 -0.0000 0.7071
vn 0.7071 -0.0000 0.7071
vn 0.7071 -0.0000 0.7071
vn 0.7071 -0.0000 0.7071
vn -0.0000 -0.0000 1.0000
vn -0.0000 -0.0000 1.0000
vn -0.0000 -0.0000 1.0000
vn -0.0000 -0.0000 1.0000
vn -0.0000 -0.7071 0.7071
vn -0.0000 -0.7071 0.7071
vn -0.0000 -0.7071 0.7071
vn -0.0000 -0.7071 0.7071
vn -0.0000 0.7071 0.7071
vn -0.0000 0.7071 0.7071
vn -0.0000 0.7071 0.7071
vn -0.0000 0.7071 0.7071
vn 0.0000 1.0000 -0.0000
vn 0.0000 1.0000 -0.0000
vn 0.0000 1.0000 -0.0000
vn 0.0000 1.0000 -0.0000
vn -0.7071 0.7071 -0.0000
vn -0.7071 0.7071 -0.0000
vn -0.7071 0.7071 -0.0000
vn -0.7071 0.7071 -0.0000
vn 0.7071 -0.0000 0.7071
vn 0.7071 -0.0000 0.7071
vn 0.7071 -0.0000 0.7071
vn 0.7071 -0.0000 0.7071
vn -0.0000 -0.0000 1.0000
vn -0.0000 -0.0000 1.0000
vn -0.0000 -0.0000 1.0000
vn -0.0000 -0.0000 1.0000
vn -0.0000 -0.7071 0.7071
vn -0.0000 -0.7071 0.7071
vn -0.0000 -0.7071 0.7071
vn -0.0000 -0.7071 0.7071
vn -0.0000 0.7071 0.7071
vn -0.0000 0.7071 0.7071
vn -0.0000 0.7071 0.7071
vn -0.0000 0.7071 0.7071
vn 0.0000 1.0000 -0.0000
vn 0.0000 1.0000 -0.0000
vn 0.0000 1.0000 -0.0000
vn 0.0000 1.0000 -0.0000
vn -0.7071 0.7071 -0.0000
vn -0.7071 0.7071 -0.0000
vn -0.7071 0.7071 -0.0000
vn -0.7071 0.7071 -0.0000
vn 0.7071 -0.0000 0.7071
vn 0.7071 -0.0000 0.7071
vn 0.7071 -0.0000 0.7071
vn 0.7071 -0.0000 0.7071
vn -0.0000 -0.0000 1.0000
vn -0.0000 -0.0000 1.0000
vn -0.0000 -0.0000 1.0000
vn -0.0000 -0.0000 1.0000
vn -0.0000 -0.7071 0.7071
vn -0.0000 -0.7071 0.7071
vn -0.0000 -0.7071 0.7071
vn -0.0000 -0.7071 0.7071
vn -0.0000 0.7071 0.7071
vn -0.0000 0.7071 0.7071
vn -0.0000 0.7071 0.7071
vn -0.0000 0.7071 0.7071
vn 0.0000 1.0000 -0.0000
vn 0.0000 1.0000 -0.0000
vn 0.0000 1.0000 -0.0000
vn 0.0000 1.0000 -0.0000
vn -0.7071 0.7071 -0.0000
vn -0.7071 0.7071 -0.0000
vn -0.7071 0.7071 -0.0000
vn -0.7071 0.7071 -0.0000
vn 0.7071 -0.0000 0.7071
vn 0.7071 -0.0000 0.7071
vn 0.7071 -0.0000 0.7071
vn 0.7071 -0.0000 0.7071
vn -0.0000 -0.0000 1.0000
vn -0.0000 -0.0000 1.0000
vn -0.0000 -0.0000 1.0000
vn -0.0000 -0.0000 1.0000
vn -0.0000 -0.7071 0.7071
vn -0.0000 -0.7071 0.7071
vn -0.0000 -0.7071 0.7071
vn -0.0000 -0.7071 0.7071
vn -0.0000 0.7071 0.7071
vn -0.0000 0.7071 0.7071
vn -0.0000 0.7071 0.7071
vn -0.0000 0.7071 0.7071
vn 0.0000 1.0000 -0.0000
vn 0.0000 1.0000 -0.0000
vn 0.0000 1.0000 -0.0000
vn 0.0000 1.0000 -0.0000
vn -0.7071 0.7071 -0.0000
vn -0.7071 0.7071 -0.0000
vn -0.7071 0.7071 -0.0000
vn -0.7071 0.7071 -0.0000
vn 0.7071 -0.0000 0.7071
vn 0.7071 -0.0000 0.7071
vn 0.7071 -0.0000 0.7071
vn 0.7071 -0.0000 0.7071
vn -0.0000 -0.0000 1.0000
vn -0.0000 -0.0000 1.0000
vn -0.0000 -0.0000 1.0000
vn -0.0000 -0.0000 1.0000
vn -0.0000 -0.7071 0.7071
vn -0.0000 -0.7071 0.7071
vn -0.0000 -0.7071 0.7071
vn -0.0000 -0.7071 0.7071
vn -0.0000 0.7071 0.7071
vn -0.0000 0.7071 0.7071
vn -0.0000 0.7071 0.7071
vn -0.0000 0.7071 0.7071
vn 0.0000 1.0000 -0.0000
vn 0.0000 1.0000 -0.0000
vn 0.0000 1.0000 -0.0000
vn 0.0000 1.0000 -0.0000
vn -0.7071 0.7071 -0.0000
vn -0.7071 0.7071 -0.0000
vn -0.7071 0.7071 -0.0000
vn -0.7071 0.7071 -0.0000
vn 0.7071 -0.0000 0.7071
vn 0.7071 -0.0000 0.7071
vn 0.7071 -0.0000 0.7071
vn 0.7071 -0.0000 0.7071
vn -0.0000 -0.0000 1.0000
vn -0.0000 -0.0000 1.0000
vn -0.0000 -0.0000 1.0000
vn -0.0000 -0.0000 1.0000
vn -0.0000 -0.7071 0.7071
vn -0.0000 -0.7071 0.7071
vn -0.0000 -0.7071 0.7071
vn -0.0000 -0.7071 0.7071
vn -0.0000 0.7071 0.7071
vn -0.0000 0.7071 0.7071
vn -0.0000 0.7071 0.7071
vn -0.0000 0.7071 0.7071
vn 0.0000 1.0000 -0.0000
vn 0.0000 1.0000 -0.0000
vn 0.0000 1.0000 -0.0000
vn 0.0000 1.0000 -0.0000
vn -0.7071 0.7071 -0.0000
vn -0.7071 0.7071 -0.0000
vn -0.7071 0.7071 -0.0000
vn -0.7071 0.7071 -0.0000
vn 0.7071 -0.0000 0.7071
vn 0.7071 -0.0000 0.7071
vn 0.7071 -0.0000 0.7071
vn 0.7071 -0.0000 0.7071
vn -0.0000 -0.0000 1.0000
vn -0.0000 -0.0000 1.0000
vn -0.0000 -0.0000 1.0000
vn -0.0000 -0.0000 1.0000
vn -0.0000 -0.7071 0.7071
vn -0.0000 -0.7071 0.7071
vn -0.0000 -0.7071 0.7071
vn -0.0000 -0.7071 0.7071
vn -0.0000 0.7071 0.7071
vn -0.0000 0.7071 0.7071
vn -0.0000 0.7071 0.7071
vn -0.0000 0.7071 0.7071
vn 0.0000 1.0000 -0.0000
vn 0.0000 1.0000 -0.0000
vn 0.0000 1.0000 -0.0000
vn 0.0000 1.0000 -0.0000
vn -0.7071 0.7071 -0.0000
vn -0.7071 0.7071 -0.0000
vn -0.7071 0.7071 -0.0000
vn -0.7071 0.7071 -0.0000
vn 0.7071 -0.0000 0.7071
vn 0.7071 -0.0000 0.7071
vn 0.7071 -0.0000 0.7071
vn 0.7071 -0.0000 0.7071
vn -0.0000 -0.0000 1.0000
vn -0.0000 -0.0000 1.0000
vn -0.0000 -0.0000 1.0000
vn -0.0000 -0.0000 1.0000
vn -0.0000 -0.7071 0.7071
vn -0.0000 -0.7071 0.7071
vn -0.0000 -0.7071 0.7071
vn -0.0000 -0.7071 0.7071
vn -0.0000 0.7071 0.7071
vn -0.0000 0.7071 0.7071
vn -0.0000 0.7071 0.7071
vn -0.0000 0.7071 0.7071
f 3968//3968 3970//3970 3969//3969
f 3968//3968 3969//3969 3971//3971
f 3972//3972 3974//3974 3973//3973
f 3972//3972 3973//3973 3975//3975
f 3976//3976 3978//3978 3977//3977
f 3976//3976 3977//3977 3979//3979
f 3980//3980 3982//3982 3981//3981
f 3980//3980 3981//3981 3983//3983
f 3984//3984 3986//3986 3985//3985
f 3984//3984 3985//3985 3987//3987
f 3988//3988 3990//3990 3989//3989
f 3988//3988 3989//3989 3991//3991
f 4040//4040 4042//4042 4041//4041
f 4040//4040 4041//4041 4043//4043
f 4044//4044 4046//4046 4045//4045
f 4044//4044 4045//4045 4047//4047
f 4048//4048 4050//4050 4049//4049
f 4048//4048 4049//4049 4051//4051
f 4052//4052 4054//4054 4053//4053
f 4052//4052 4053//4053 4055//4055
f 4056//4056 4058//4058 4057//4057
f 4056//4056 4057//4057 4059//4059
f 4060//4060 4062//4062 4061//4061
f 4060//4060 4061//4061 4063//4063
f 4064//4064 4066//4066 4065//4065
f 4064//4064 4065//4065 4067//4067
f 4068//4068 4070//4070 4069//4069
f 4068//4068 4069//4069 4071//4071
f 4072//4072 4074//4074 4073//4073
f 4072//4072 4073//4073 4075//4075
f 4076//4076 4078//4078 4077//4077
f 4076//4076 4077//4077 4079//4079
f 4080//4080 4082//4082 4081//4081
f 4080//4080 4081//4081 4083//4083
f 4084//4084 4086//4086 4085//4085
f 4084//4084 4085//4085 4087//4087
f 4088//4088 4090//4090 4089//4089
f 4088//4088 4089//4089 4091//4091
f 4092//4092 4094//4094 4093//4093
f 4092//4092 4093//4093 4095//4095
f 4096//4096 4098//4098 4097//4097
f 4096//4096 4097//4097 4099//4099
f 4100//4100 4102//4102 4101//4101
f 4100//4100 4101//4101 4103//4103
f 4104//4104 4106//4106 4105//4105
f 4104//4104 4105//4105 4107//4107
f 4108//4108 4110//4110 4109//4109
f 4108//4108 4109//4109 4111//4111
f 3992//3992 3994//3994 3993//3993
f 3992//3992 3993//3993 3995//3995
f 3996//3996 3998//3998 3997//3997
f 3996//3996 3997//3997 3999//3999
f 4000//4000 4002//4002 4001//4001
f 4000//4000 4001//4001 4003//4003
f 4004//4004 4006//4006 4005//4005
f 4004//4004 4005//4005 4007//4007
f 4008//4008 4010//4010 4009//4009
f 4008//4008 4009//4009 4011//4011
f 4012//4012 4014//4014 4013//4013
f 4012//4012 4013//4013 4015//4015
f 4112//4112 4114//4114 4113//4113
f 4112//4112 4113//4113 4115//4115
f 4116//4116 4118//4118 4117//4117
f 4116//4116 4117//4117 4119//4119
f 4120//4120 4122//4122 4121//4121
f 4120//4120 4121//4121 4123//4123
f 4124//4124 4126//4126 4125//4125
f 4124//4124 4125//4125 4127//4127
f 4128//4128 4130//4130 4129//4129
f 4128//4128 4129//4129 4131//4131
f 4132//4132 4134//4134 4133//4133
f 4132//4132 4133//4133 4135//4135
f 4136//4136 4138//4138 4137//4137
f 4136//4136 4137//4137 4139//4139
f 4140//4140 4142//4142 4141//4141
f 4140//4140 4141//4141 4143//4143
f 4144//4144 4146//4146 4145//4145
f 4144//4144 4145//4145 4147//4147
f 4148//4148 4150//4150 4149//4149
f 4148//4148 4149//4149 4151//4151
f 4152//4152 4154//4154 4153//4153
f 4152//4152 4153//4153 4155//4155
f 4156//4156 4158//4158 4157//4157
f 4156//4156 4157//4157 4159//4159
f 3920//3920 3922//3922 3921//3921
f 3920//3920 3921//3921 3923//3923
f 3924//3924 3926//3926 3925//3925
f 3924//3924 3925//3925 3927//3927
f 3928//3928 3930//3930 3929//3929
f 3928//3928 3929//3929 3931//3931
f 3932//3932 3934//3934 3933//3933
f 3932//3932 3933//3933 3935//3935
f 3936//3936 3938//3938 3937//3937
f 3936//3936 3937//3937 3939//3939
f 3940//3940 3942//3942 3941//3941
f 3940//3940 3941//3941 3943//3943
f 3944//3944 3946//3946 3945//3945
f 3944//3944 3945//3945 3947//3947
f 3948//3948 3950//3950 3949//3949
f 3948//3948 3949//3949 3951//3951
f 3952//3952 3954//3954 3953//3953
f 3952//3952 3953//3953 3955//3955
f 3956//3956 3958//3958 3957//3957
f 3956//3956 3957//3957 3959//3959
f 3960//3960 3962//3962 3961//3961
f 3960//3960 3961//3961 3963//3963
f 3964//3964 3966//3966 3965//3965
f 3964//3964 3965//3965 3967//3967
f 4016//4016 4018//4018 4017//4017
f 4016//4016 4017//4017 4019//4019
f 4020//4020 4022//4022 4021//4021
f 4020//4020 4021//4021 4023//4023
f 4024//4024 4026//4026 4025//4025
f 4024//4024 4025//4025 4027//4027
f 4028//4028 4030//4030 4029//4029
f 4028//4028 4029//4029 4031//4031
f 4032//4032 4034//4034 4033//4033
f 4032//4032 4033//4033 4035//4035
f 4036//4036 4038//4038 4037//4037
f 4036//4036 4037//4037 4039//4039
f 4160//4160 4162//4162 4161//4161
f 4160//4160 4161//4161 4163//4163
f 4164//4164 4166//4166 4165//4165
f 4164//4164 4165//4165 4167//4167
f 4168//4168 4170//4170 4169//4169
f 4168//4168 4169//4169 4171//4171
f 4172//4172 4174//4174 4173//4173
f 4172//4172 4173//4173 4175//4175
f 4176//4176 4178//4178 4177//4177
f 4176//4176 4177//4177 4179//4179
f 4180//4180 4182//4182 4181//4181
f 4180//4180 4181//4181 4183//4183
f 4184//4184 4186//4186 4185//4185
f 4184//4184 4185//4185 4187//4187
f 4188//4188 4190//4190 4189//4189
f 4188//4188 4189//4189 4191//4191
f 4192//4192 4194//4194 4193//4193
f 4192//4192 4193//4193 4195//4195
f 4196//4196 4198//4198 4197//4197
f 4196//4196 4197//4197 4199//4199
f 4200//4200 4202//4202 4201//4201
f 4200//4200 4201//4201 4203//4203
f 4204//4204 4206//4206 4205//4205
f 4204//4204 4205//4205 4207//4207
f 4208//4208 4210//4210 4209//4209
f 4208//4208 4209//4209 4211//4211
f 4212//4212 4214//4214 4213//4213
f 4212//4212 4213//4213 4215//4215
f 4216//4216 4218//4218 4217//4217
f 4216//4216 4217//4217 4219//4219
f 4220//4220 4222//4222 4221//4221
f 4220//4220 4221//4221 4223//4223
f 4224//4224 4226//4226 4225//4225
f 4224//4224 4225//4225 4227//4227
f 4228//4228 4230//4230 4229//4229
f 4228//4228 4229//4229 4231//4231
f 4232//4232 4234//4234 4233//4233
f 4232//4232 4233//4233 4235//4235
f 4236//4236 4238//4238 4237//4237
f 4236//4236 4237//4237 4239//4239
f 4240//4240 4242//4242 4241//4241
f 4240//4240 4241//4241 4243//4243
f 4244//4244 4246//4246 4245//4245
f 4244//4244 4245//4245 4247//4247
f 4248//4248 4250//4250 4249//4249
f 4248//4248 4249//4249 4251//4251
f 4252//4252 4254//4254 4253//4253
f 4252//4252 4253//4253 4255//4255
f 4256//4256 4258//4258 4257//4257
f 4256//4256 4257//4257 4259//4259
f 4260//4260 4262//4262 4261//4261
f 4260//4260 4261//4261 4263//4263
f 4264//4264 4266//4266 4265//4265
f 4264//4264 4265//4265 4267//4267
f 4268//4268 4270//4270 4269//4269
f 4268//4268 4269//4269 4271//4271
f 4272//4272 4274//4274 4273//4273
f 4272//4272 4273//4273 4275//4275
f 4276//4276 4278//4278 4277//4277
f 4276//4276 4277//4277 4279//4279
f 4280//4280 4282//4282 4281//4281
f 4280//4280 4281//4281 4283//4283
f 4284//4284 4286//4286 4285//4285
f 4284//4284 4285//4285 4287//4287
f 4288//4288 4290//4290 4289//4289
f 4288//4288 4289//4289 4291//4291
f 4292//4292 4294//4294 4293//4293
f 4292//4292 4293//4293 4295//4295
f 4296//4296 4298//4298 4297//4297
f 4296//4296 4297//4297 4299//4299
f 4300//4300 4302//4302 4301//4301
f 4300//4300 4301//4301 4303//4303
f 4304//4304 4306//4306 4305//4305
f 4304//4304 4305//4305 4307//4307
f 4308//4308 4310//4310 4309//4309
f 4308//4308 4309//4309 4311//4311
f 4312//4312 4314//4314 4313//4313
f 4312//4312 4313//4313 4315//4315
f 4316//4316 4318//4318 4317//4317
f 4316//4316 4317//4317 4319//4319
f 4320//4320 4322//4322 4321//4321
f 4320//4320 4321//4321 4323//4323
f 4324//4324 4326//4326 4325//4325
f 4324//4324 4325//4325 4327//4327
g core_slate
usemtl slate
v 0.24400 0.36400 -0.20300
v 0.30100 0.59200 -0.26000
v 0.35800 0.36400 -0.20300
v 0.35800 0.36400 -0.20300
v 0.30100 0.59200 -0.26000
v 0.35800 0.36400 -0.31700
v 0.35800 0.36400 -0.31700
v 0.30100 0.59200 -0.26000
v 0.24400 0.36400 -0.31700
v 0.24400 0.36400 -0.31700
v 0.30100 0.59200 -0.26000
v 0.24400 0.36400 -0.20300
v 0.24400 0.36400 -0.31700
v 0.35800 0.36400 -0.20300
v 0.35800 0.36400 -0.31700
v 0.24400 0.36400 -0.20300
vn 0.1142 0.1214 0.9860
vn 0.1142 0.1214 0.9860
vn 0.1142 0.1214 0.9860
vn -0.6854 -0.1739 -0.7071
vn -0.6854 -0.1739 -0.7071
vn -0.6854 -0.1739 -0.7071
vn 0.6826 -0.7253 -0.0893
vn 0.6826 -0.7253 -0.0893
vn 0.6826 -0.7253 -0.0893
vn -0.0035 0.9710 0.2389
vn -0.0035 0.9710 0.2389
vn -0.0035 0.9710 0.2389
vn -0.0000 -0.7071 0.7071
vn -0.0000 -0.7071 0.7071
vn -0.0000 -0.7071 0.7071
vn -0.0000 -0.7071 0.7071
f 4328//4328 4330//4330 4329//4329
f 4331//4331 4333//4333 4332//4332
f 4334//4334 4336//4336 4335//4335
f 4337//4337 4339//4339 4338//4338
f 4340//4340 4342//4342 4341//4341
f 4340//4340 4341//4341 4343//4343
g core_plaster
usemtl plaster
v -0.31001 0.00000 -0.20000
v -0.31001 0.20295 -0.32000
v -0.31001 0.20295 -0.20000
v -0.31001 0.00000 -0.32000
v -0.31001 0.00000 -0.32000
v -0.11001 0.20295 -0.32000
v -0.31001 0.20295 -0.32000
v -0.11001 0.00000 -0.32000
v -0.11001 0.00000 -0.32000
v -0.11001 0.20295 -0.20000
v -0.11001 0.20295 -0.32000
v -0.11001 0.00000 -0.20000
v -0.11001 0.00000 -0.20000
v -0.31001 0.20295 -0.20000
v -0.11001 0.20295 -0.20000
v -0.31001 0.00000 -0.20000
v -0.31001 0.00000 -0.32000
v -0.11001 0.00000 -0.20000
v -0.11001 0.00000 -0.32000
v -0.31001 0.00000 -0.20000
v -0.11001 0.20295 -0.32000
v -0.31001 0.20295 -0.20000
v -0.31001 0.20295 -0.32000
v -0.11001 0.20295 -0.20000
v -0.26501 0.00000 -0.03500
v -0.26501 0.19866 -0.16501
v -0.26501 0.19866 -0.03500
v -0.26501 0.00000 -0.16501
v -0.26501 0.00000 -0.16501
v -0.13502 0.19866 -0.16501
v -0.26501 0.19866 -0.16501
v -0.13502 0.00000 -0.16501
v -0.13502 0.00000 -0.16501
v -0.13502 0.19866 -0.03500
v -0.13502 0.19866 -0.16501
v -0.13502 0.00000 -0.03500
v -0.13502 0.00000 -0.03500
v -0.26501 0.19866 -0.03500
v -0.13502 0.19866 -0.03500
v -0.26501 0.00000 -0.03500
v -0.26501 0.00000 -0.16501
v -0.13502 0.00000 -0.03500
v -0.13502 0.00000 -0.16501
v -0.26501 0.00000 -0.03500
v -0.13502 0.19866 -0.16501
v -0.26501 0.19866 -0.03500
v -0.26501 0.19866 -0.16501
v -0.13502 0.19866 -0.03500
v -0.51500 0.00000 -0.00500
v -0.51500 0.17163 -0.11501
v -0.51500 0.17163 -0.00500
v -0.51500 0.00000 -0.11501
v -0.51500 0.00000 -0.11501
v -0.36501 0.17163 -0.11501
v -0.51500 0.17163 -0.11501
v -0.36501 0.00000 -0.11501
v -0.36501 0.00000 -0.11501
v -0.36501 0.17163 -0.00500
v -0.36501 0.17163 -0.11501
v -0.36501 0.00000 -0.00500
v -0.36501 0.00000 -0.00500
v -0.51500 0.17163 -0.00500
v -0.36501 0.17163 -0.00500
v -0.51500 0.00000 -0.00500
v -0.51500 0.00000 -0.11501
v -0.36501 0.00000 -0.00500
v -0.36501 0.00000 -0.11501
v -0.51500 0.00000 -0.00500
v -0.36501 0.17163 -0.11501
v -0.51500 0.17163 -0.00500
v -0.51500 0.17163 -0.11501
v -0.36501 0.17163 -0.00500
v 0.36500 0.00000 -0.00500
v 0.36500 0.16512 -0.11501
v 0.36500 0.16512 -0.00500
v 0.36500 0.00000 -0.11501
v 0.36500 0.00000 -0.11501
v 0.51500 0.16512 -0.11501
v 0.36500 0.16512 -0.11501
v 0.51500 0.00000 -0.11501
v 0.51500 0.00000 -0.11501
v 0.51500 0.16512 -0.00500
v 0.51500 0.16512 -0.11501
v 0.51500 0.00000 -0.00500
v 0.51500 0.00000 -0.00500
v 0.36500 0.16512 -0.00500
v 0.51500 0.16512 -0.00500
v 0.36500 0.00000 -0.00500
v 0.36500 0.00000 -0.11501
v 0.51500 0.00000 -0.00500
v 0.51500 0.00000 -0.11501
v 0.36500 0.00000 -0.00500
v 0.51500 0.16512 -0.11501
v 0.36500 0.16512 -0.00500
v 0.36500 0.16512 -0.11501
v 0.51500 0.16512 -0.00500
v -0.34501 0.00000 0.34000
v -0.34501 0.08136 0.24000
v -0.34501 0.08136 0.34000
v -0.34501 0.00000 0.24000
v -0.34501 0.00000 0.24000
v -0.17501 0.08136 0.24000
v -0.34501 0.08136 0.24000
v -0.17501 0.00000 0.24000
v -0.17501 0.00000 0.24000
v -0.17501 0.08136 0.34000
v -0.17501 0.08136 0.24000
v -0.17501 0.00000 0.34000
v -0.17501 0.00000 0.34000
v -0.34501 0.08136 0.34000
v -0.17501 0.08136 0.34000
v -0.34501 0.00000 0.34000
v -0.34501 0.00000 0.24000
v -0.17501 0.00000 0.34000
v -0.17501 0.00000 0.24000
v -0.34501 0.00000 0.34000
v -0.17501 0.08136 0.24000
v -0.34501 0.08136 0.34000
v -0.34501 0.08136 0.24000
v -0.17501 0.08136 0.34000
v 0.21500 0.00000 0.19999
v 0.21500 0.14342 0.06000
v 0.21500 0.14342 0.19999
v 0.21500 0.00000 0.06000
v 0.21500 0.00000 0.06000
v 0.31370 0.14342 0.06000
v 0.21500 0.14342 0.06000
v 0.31370 0.00000 0.06000
v 0.31370 0.00000 0.06000
v 0.31370 0.14342 0.19999
v 0.31370 0.14342 0.06000
v 0.31370 0.00000 0.19999
v 0.31370 0.00000 0.19999
v 0.21500 0.14342 0.19999
v 0.31370 0.14342 0.19999
v 0.21500 0.00000 0.19999
v 0.21500 0.00000 0.06000
v 0.31370 0.00000 0.19999
v 0.31370 0.00000 0.06000
v 0.21500 0.00000 0.19999
v 0.31370 0.14342 0.06000
v 0.21500 0.14342 0.19999
v 0.21500 0.14342 0.06000
v 0.31370 0.14342 0.19999
vn 0.0000 1.0000 -0.0000
vn 0.0000 1.0000 -0.0000
vn 0.0000 1.0000 -0.0000
vn 0.0000 1.0000 -0.0000
vn -0.7071 0.7071 -0.0000
vn -0.7071 0.7071 -0.0000
vn -0.7071 0.7071 -0.0000
vn -0.7071 0.7071 -0.0000
vn 0.7071 -0.0000 0.7071
vn 0.7071 -0.0000 0.7071
vn 0.7071 -0.0000 0.7071
vn 0.7071 -0.0000 0.7071
vn -0.0000 -0.0000 1.0000
vn -0.0000 -0.0000 1.0000
vn -0.0000 -0.0000 1.0000
vn -0.0000 -0.0000 1.0000
vn -0.0000 -0.7071 0.7071
vn -0.0000 -0.7071 0.7071
vn -0.0000 -0.7071 0.7071
vn -0.0000 -0.7071 0.7071
vn -0.0000 0.7071 0.7071
vn -0.0000 0.7071 0.7071
vn -0.0000 0.7071 0.7071
vn -0.0000 0.7071 0.7071
vn 0.0000 1.0000 -0.0000
vn 0.0000 1.0000 -0.0000
vn 0.0000 1.0000 -0.0000
vn 0.0000 1.0000 -0.0000
vn -0.7071 0.7071 -0.0000
vn -0.7071 0.7071 -0.0000
vn -0.7071 0.7071 -0.0000
vn -0.7071 0.7071 -0.0000
vn 0.7071 -0.0000 0.7071
vn 0.7071 -0.0000 0.7071
vn 0.7071 -0.0000 0.7071
vn 0.7071 -0.0000 0.7071
vn -0.0000 -0.0000 1.0000
vn -0.0000 -0.0000 1.0000
vn -0.0000 -0.0000 1.0000
vn -0.0000 -0.0000 1.0000
vn -0.0000 -0.7071 0.7071
vn -0.0000 -0.7071 0.7071
vn -0.0000 -0.7071 0.7071
vn -0.0000 -0.7071 0.7071
vn -0.0000 0.7071 0.7071
vn -0.0000 0.7071 0.7071
vn -0.0000 0.7071 0.7071
vn -0.0000 0.7071 0.7071
vn 0.0000 1.0000 -0.0000
vn 0.0000 1.0000 -0.0000
vn 0.0000 1.0000 -0.0000
vn 0.0000 1.0000 -0.0000
vn -0.7071 0.7071 -0.0000
vn -0.7071 0.7071 -0.0000
vn -0.7071 0.7071 -0.0000
vn -0.7071 0.7071 -0.0000
vn 0.7071 -0.0000 0.7071
vn 0.7071 -0.0000 0.7071
vn 0.7071 -0.0000 0.7071
vn 0.7071 -0.0000 0.7071
vn -0.0000 -0.0000 1.0000
vn -0.0000 -0.0000 1.0000
vn -0.0000 -0.0000 1.0000
vn -0.0000 -0.0000 1.0000
vn -0.0000 -0.7071 0.7071
vn -0.0000 -0.7071 0.7071
vn -0.0000 -0.7071 0.7071
vn -0.0000 -0.7071 0.7071
vn -0.0000 0.7071 0.7071
vn -0.0000 0.7071 0.7071
vn -0.0000 0.7071 0.7071
vn -0.0000 0.7071 0.7071
vn 0.0000 1.0000 -0.0000
vn 0.0000 1.0000 -0.0000
vn 0.0000 1.0000 -0.0000
vn 0.0000 1.0000 -0.0000
vn -0.7071 0.7071 -0.0000
vn -0.7071 0.7071 -0.0000
vn -0.7071 0.7071 -0.0000
vn -0.7071 0.7071 -0.0000
vn 0.7071 -0.0000 0.7071
vn 0.7071 -0.0000 0.7071
vn 0.7071 -0.0000 0.7071
vn 0.7071 -0.0000 0.7071
vn -0.0000 -0.0000 1.0000
vn -0.0000 -0.0000 1.0000
vn -0.0000 -0.0000 1.0000
vn -0.0000 -0.0000 1.0000
vn -0.0000 -0.7071 0.7071
vn -0.0000 -0.7071 0.7071
vn -0.0000 -0.7071 0.7071
vn -0.0000 -0.7071 0.7071
vn -0.0000 0.7071 0.7071
vn -0.0000 0.7071 0.7071
vn -0.0000 0.7071 0.7071
vn -0.0000 0.7071 0.7071
vn 0.0000 1.0000 -0.0000
vn 0.0000 1.0000 -0.0000
vn 0.0000 1.0000 -0.0000
vn 0.0000 1.0000 -0.0000
vn -0.7071 0.7071 -0.0000
vn -0.7071 0.7071 -0.0000
vn -0.7071 0.7071 -0.0000
vn -0.7071 0.7071 -0.0000
vn 0.7071 -0.0000 0.7071
vn 0.7071 -0.0000 0.7071
vn 0.7071 -0.0000 0.7071
vn 0.7071 -0.0000 0.7071
vn -0.0000 -0.0000 1.0000
vn -0.0000 -0.0000 1.0000
vn -0.0000 -0.0000 1.0000
vn -0.0000 -0.0000 1.0000
vn -0.0000 -0.7071 0.7071
vn -0.0000 -0.7071 0.7071
vn -0.0000 -0.7071 0.7071
vn -0.0000 -0.7071 0.7071
vn -0.0000 0.7071 0.7071
vn -0.0000 0.7071 0.7071
vn -0.0000 0.7071 0.7071
vn -0.0000 0.7071 0.7071
vn 0.0000 1.0000 -0.0000
vn 0.0000 1.0000 -0.0000
vn 0.0000 1.0000 -0.0000
vn 0.0000 1.0000 -0.0000
vn -0.7071 0.7071 -0.0000
vn -0.7071 0.7071 -0.0000
vn -0.7071 0.7071 -0.0000
vn -0.7071 0.7071 -0.0000
vn 0.7071 -0.0000 0.7071
vn 0.7071 -0.0000 0.7071
vn 0.7071 -0.0000 0.7071
vn 0.7071 -0.0000 0.7071
vn -0.0000 -0.0000 1.0000
vn -0.0000 -0.0000 1.0000
vn -0.0000 -0.0000 1.0000
vn -0.0000 -0.0000 1.0000
vn -0.0000 -0.7071 0.7071
vn -0.0000 -0.7071 0.7071
vn -0.0000 -0.7071 0.7071
vn -0.0000 -0.7071 0.7071
vn -0.0000 0.7071 0.7071
vn -0.0000 0.7071 0.7071
vn -0.0000 0.7071 0.7071
vn -0.0000 0.7071 0.7071
f 4344//4344 4346//4346 4345//4345
f 4344//4344 4345//4345 4347//4347
f 4348//4348 4350//4350 4349//4349
f 4348//4348 4349//4349 4351//4351
f 4352//4352 4354//4354 4353//4353
f 4352//4352 4353//4353 4355//4355
f 4356//4356 4358//4358 4357//4357
f 4356//4356 4357//4357 4359//4359
f 4360//4360 4362//4362 4361//4361
f 4360//4360 4361//4361 4363//4363
f 4364//4364 4366//4366 4365//4365
f 4364//4364 4365//4365 4367//4367
f 4368//4368 4370//4370 4369//4369
f 4368//4368 4369//4369 4371//4371
f 4372//4372 4374//4374 4373//4373
f 4372//4372 4373//4373 4375//4375
f 4376//4376 4378//4378 4377//4377
f 4376//4376 4377//4377 4379//4379
f 4380//4380 4382//4382 4381//4381
f 4380//4380 4381//4381 4383//4383
f 4384//4384 4386//4386 4385//4385
f 4384//4384 4385//4385 4387//4387
f 4388//4388 4390//4390 4389//4389
f 4388//4388 4389//4389 4391//4391
f 4392//4392 4394//4394 4393//4393
f 4392//4392 4393//4393 4395//4395
f 4396//4396 4398//4398 4397//4397
f 4396//4396 4397//4397 4399//4399
f 4400//4400 4402//4402 4401//4401
f 4400//4400 4401//4401 4403//4403
f 4404//4404 4406//4406 4405//4405
f 4404//4404 4405//4405 4407//4407
f 4408//4408 4410//4410 4409//4409
f 4408//4408 4409//4409 4411//4411
f 4412//4412 4414//4414 4413//4413
f 4412//4412 4413//4413 4415//4415
f 4416//4416 4418//4418 4417//4417
f 4416//4416 4417//4417 4419//4419
f 4420//4420 4422//4422 4421//4421
f 4420//4420 4421//4421 4423//4423
f 4424//4424 4426//4426 4425//4425
f 4424//4424 4425//4425 4427//4427
f 4428//4428 4430//4430 4429//4429
f 4428//4428 4429//4429 4431//4431
f 4432//4432 4434//4434 4433//4433
f 4432//4432 4433//4433 4435//4435
f 4436//4436 4438//4438 4437//4437
f 4436//4436 4437//4437 4439//4439
f 4440//4440 4442//4442 4441//4441
f 4440//4440 4441//4441 4443//4443
f 4444//4444 4446//4446 4445//4445
f 4444//4444 4445//4445 4447//4447
f 4448//4448 4450//4450 4449//4449
f 4448//4448 4449//4449 4451//4451
f 4452//4452 4454//4454 4453//4453
f 4452//4452 4453//4453 4455//4455
f 4456//4456 4458//4458 4457//4457
f 4456//4456 4457//4457 4459//4459
f 4460//4460 4462//4462 4461//4461
f 4460//4460 4461//4461 4463//4463
f 4464//4464 4466//4466 4465//4465
f 4464//4464 4465//4465 4467//4467
f 4468//4468 4470//4470 4469//4469
f 4468//4468 4469//4469 4471//4471
f 4472//4472 4474//4474 4473//4473
f 4472//4472 4473//4473 4475//4475
f 4476//4476 4478//4478 4477//4477
f 4476//4476 4477//4477 4479//4479
f 4480//4480 4482//4482 4481//4481
f 4480//4480 4481//4481 4483//4483
f 4484//4484 4486//4486 4485//4485
f 4484//4484 4485//4485 4487//4487
g core_roof_shingle
usemtl roof_shingle
v -0.32300 0.20295 -0.17801
v -0.32300 0.20295 -0.34200
v -0.32300 0.29895 -0.26001
v -0.09700 0.20295 -0.17801
v -0.09700 0.29895 -0.26001
v -0.09700 0.20295 -0.34200
v -0.32300 0.20295 -0.17801
v -0.09700 0.29895 -0.26001
v -0.09700 0.20295 -0.17801
v -0.32300 0.29895 -0.26001
v -0.32300 0.20295 -0.34200
v -0.09700 0.29895 -0.26001
v -0.32300 0.29895 -0.26001
v -0.09700 0.20295 -0.34200
v -0.32300 0.20295 -0.17801
v -0.09700 0.20295 -0.34200
v -0.32300 0.20295 -0.34200
v -0.09700 0.20295 -0.17801
v 0.32671 0.14342 0.21500
v 0.20200 0.14342 0.21500
v 0.26436 0.22239 0.21500
v 0.32671 0.14342 0.04500
v 0.26436 0.22239 0.04500
v 0.20200 0.14342 0.04500
v 0.32671 0.14342 0.21500
v 0.26436 0.22239 0.04500
v 0.32671 0.14342 0.04500
v 0.26436 0.22239 0.21500
v 0.20200 0.14342 0.21500
v 0.26436 0.22239 0.04500
v 0.26436 0.22239 0.21500
v 0.20200 0.14342 0.04500
v 0.32671 0.14342 0.21500
v 0.20200 0.14342 0.04500
v 0.20200 0.14342 0.21500
v 0.32671 0.14342 0.04500
vn 0.0000 1.0000 -0.0000
vn 0.0000 1.0000 -0.0000
vn 0.0000 1.0000 -0.0000
vn 0.7071 -0.0000 0.7071
vn 0.7071 -0.0000 0.7071
vn 0.7071 -0.0000 0.7071
vn 0.1997 0.3392 0.9193
vn 0.1997 0.3392 0.9193
vn 0.1997 0.3392 0.9193
vn 0.1997 0.3392 0.9193
vn 0.4835 -0.8212 -0.3029
vn 0.4835 -0.8212 -0.3029
vn 0.4835 -0.8212 -0.3029
vn 0.4835 -0.8212 -0.3029
vn -0.0000 -0.7071 0.7071
vn -0.0000 -0.7071 0.7071
vn -0.0000 -0.7071 0.7071
vn -0.0000 -0.7071 0.7071
vn -0.0000 -0.0000 1.0000
vn -0.0000 -0.0000 1.0000
vn -0.0000 -0.0000 1.0000
vn -0.7071 0.7071 -0.0000
vn -0.7071 0.7071 -0.0000
vn -0.7071 0.7071 -0.0000
vn -0.5281 -0.4711 -0.7065
vn -0.5281 -0.4711 -0.7065
vn -0.5281 -0.4711 -0.7065
vn -0.5281 -0.4711 -0.7065
vn -0.0499 0.8309 0.5541
vn -0.0499 0.8309 0.5541
vn -0.0499 0.8309 0.5541
vn -0.0499 0.8309 0.5541
vn -0.0000 -0.7071 0.7071
vn -0.0000 -0.7071 0.7071
vn -0.0000 -0.7071 0.7071
vn -0.0000 -0.7071 0.7071
f 4488//4488 4490//4490 4489//4489
f 4491//4491 4493//4493 4492//4492
f 4494//4494 4496//4496 4495//4495
f 4494//4494 4495//4495 4497//4497
f 4498//4498 4500//4500 4499//4499
f 4498//4498 4499//4499 4501//4501
f 4502//4502 4504//4504 4503//4503
f 4502//4502 4503//4503 4505//4505
f 4506//4506 4508//4508 4507//4507
f 4509//4509 4511//4511 4510//4510
f 4512//4512 4514//4514 4513//4513
f 4512//4512 4513//4513 4515//4515
f 4516//4516 4518//4518 4517//4517
f 4516//4516 4517//4517 4519//4519
f 4520//4520 4522//4522 4521//4521
f 4520//4520 4521//4521 4523//4523
g core_roof_thatch_old
usemtl roof_thatch_old
v -0.12200 0.19866 -0.02000
v -0.27800 0.19866 -0.02000
v -0.20000 0.30266 -0.02000
v -0.12200 0.19866 -0.18000
v -0.20000 0.30266 -0.18000
v -0.27800 0.19866 -0.18000
v -0.12200 0.19866 -0.02000
v -0.20000 0.30266 -0.18000
v -0.12200 0.19866 -0.18000
v -0.20000 0.30266 -0.02000
v -0.27800 0.19866 -0.02000
v -0.20000 0.30266 -0.18000
v -0.20000 0.30266 -0.02000
v -0.27800 0.19866 -0.18000
v -0.12200 0.19866 -0.02000
v -0.27800 0.19866 -0.18000
v -0.27800 0.19866 -0.02000
v -0.12200 0.19866 -0.18000
v 0.35199 0.16512 0.01700
v 0.35199 0.16512 -0.13700
v 0.35199 0.25312 -0.06000
v 0.52800 0.16512 0.01700
v 0.52800 0.25312 -0.06000
v 0.52800 0.16512 -0.13700
v 0.35199 0.16512 0.01700
v 0.52800 0.25312 -0.06000
v 0.52800 0.16512 0.01700
v 0.35199 0.25312 -0.06000
v 0.35199 0.16512 -0.13700
v 0.52800 0.25312 -0.06000
v 0.35199 0.25312 -0.06000
v 0.52800 0.16512 -0.13700
v 0.35199 0.16512 0.01700
v 0.52800 0.16512 -0.13700
v 0.35199 0.16512 -0.13700
v 0.52800 0.16512 0.01700
v 0.33800 0.08191 0.35500
v 0.16199 0.08191 0.35500
v 0.25000 0.20191 0.35500
v 0.33800 0.08191 0.22500
v 0.25000 0.20191 0.22500
v 0.16199 0.08191 0.22500
v 0.33800 0.08191 0.35500
v 0.25000 0.20191 0.22500
v 0.33800 0.08191 0.22500
v 0.25000 0.20191 0.35500
v 0.16199 0.08191 0.35500
v 0.25000 0.20191 0.22500
v 0.25000 0.20191 0.35500
v 0.16199 0.08191 0.22500
v 0.33800 0.08191 0.35500
v 0.16199 0.08191 0.22500
v 0.16199 0.08191 0.35500
v 0.33800 0.08191 0.22500
v 0.31071 0.17670 0.14600
v 0.31071 0.17670 -0.02200
v 0.31071 0.27590 0.06199
v 0.45800 0.17670 0.14600
v 0.45800 0.27590 0.06199
v 0.45800 0.17670 -0.02200
v 0.31071 0.17670 0.14600
v 0.45800 0.27590 0.06199
v 0.45800 0.17670 0.14600
v 0.31071 0.27590 0.06199
v 0.31071 0.17670 -0.02200
v 0.45800 0.27590 0.06199
v 0.31071 0.27590 0.06199
v 0.45800 0.17670 -0.02200
v 0.31071 0.17670 0.14600
v 0.45800 0.17670 -0.02200
v 0.31071 0.17670 -0.02200
v 0.45800 0.17670 0.14600
vn -0.0000 -0.0000 1.0000
vn -0.0000 -0.0000 1.0000
vn -0.0000 -0.0000 1.0000
vn -0.7071 0.7071 -0.0000
vn -0.7071 0.7071 -0.0000
vn -0.7071 0.7071 -0.0000
vn -0.5420 -0.4549 -0.7066
vn -0.5420 -0.4549 -0.7066
vn -0.5420 -0.4549 -0.7066
vn -0.5420 -0.4549 -0.7066
vn -0.0461 0.8399 0.5408
vn -0.0461 0.8399 0.5408
vn -0.0461 0.8399 0.5408
vn -0.0461 0.8399 0.5408
vn -0.0000 -0.7071 0.7071
vn -0.0000 -0.7071 0.7071
vn -0.0000 -0.7071 0.7071
vn -0.0000 -0.7071 0.7071
vn 0.0000 1.0000 -0.0000
vn 0.0000 1.0000 -0.0000
vn 0.0000 1.0000 -0.0000
vn 0.7071 -0.0000 0.7071
vn 0.7071 -0.0000 0.7071
vn 0.7071 -0.0000 0.7071
vn 0.1992 0.3446 0.9174
vn 0.1992 0.3446 0.9174
vn 0.1992 0.3446 0.9174
vn 0.1992 0.3446 0.9174
vn 0.4758 -0.8234 -0.3093
vn 0.4758 -0.8234 -0.3093
vn 0.4758 -0.8234 -0.3093
vn 0.4758 -0.8234 -0.3093
vn -0.0000 -0.7071 0.7071
vn -0.0000 -0.7071 0.7071
vn -0.0000 -0.7071 0.7071
vn -0.0000 -0.7071 0.7071
vn -0.0000 -0.0000 1.0000
vn -0.0000 -0.0000 1.0000
vn -0.0000 -0.0000 1.0000
vn -0.7071 0.7071 -0.0000
vn -0.7071 0.7071 -0.0000
vn -0.7071 0.7071 -0.0000
vn -0.5478 -0.4479 -0.7067
vn -0.5478 -0.4479 -0.7067
vn -0.5478 -0.4479 -0.7067
vn -0.5478 -0.4479 -0.7067
vn -0.0445 0.8438 0.5349
vn -0.0445 0.8438 0.5349
vn -0.0445 0.8438 0.5349
vn -0.0445 0.8438 0.5349
vn -0.0000 -0.7071 0.7071
vn -0.0000 -0.7071 0.7071
vn -0.0000 -0.7071 0.7071
vn -0.0000 -0.7071 0.7071
vn 0.0000 1.0000 -0.0000
vn 0.0000 1.0000 -0.0000
vn 0.0000 1.0000 -0.0000
vn 0.7071 -0.0000 0.7071
vn 0.7071 -0.0000 0.7071
vn 0.7071 -0.0000 0.7071
vn 0.1998 0.3372 0.9200
vn 0.1998 0.3372 0.9200
vn 0.1998 0.3372 0.9200
vn 0.1998 0.3372 0.9200
vn 0.4863 -0.8204 -0.3007
vn 0.4863 -0.8204 -0.3007
vn 0.4863 -0.8204 -0.3007
vn 0.4863 -0.8204 -0.3007
vn -0.0000 -0.7071 0.7071
vn -0.0000 -0.7071 0.7071
vn -0.0000 -0.7071 0.7071
vn -0.0000 -0.7071 0.7071
f 4524//4524 4526//4526 4525//4525
f 4527//4527 4529//4529 4528//4528
f 4530//4530 4532//4532 4531//4531
f 4530//4530 4531//4531 4533//4533
f 4534//4534 4536//4536 4535//4535
f 4534//4534 4535//4535 4537//4537
f 4538//4538 4540//4540 4539//4539
f 4538//4538 4539//4539 4541//4541
f 4542//4542 4544//4544 4543//4543
f 4545//4545 4547//4547 4546//4546
f 4548//4548 4550//4550 4549//4549
f 4548//4548 4549//4549 4551//4551
f 4552//4552 4554//4554 4553//4553
f 4552//4552 4553//4553 4555//4555
f 4556//4556 4558//4558 4557//4557
f 4556//4556 4557//4557 4559//4559
f 4560//4560 4562//4562 4561//4561
f 4563//4563 4565//4565 4564//4564
f 4566//4566 4568//4568 4567//4567
f 4566//4566 4567//4567 4569//4569
f 4570//4570 4572//4572 4571//4571
f 4570//4570 4571//4571 4573//4573
f 4574//4574 4576//4576 4575//4575
f 4574//4574 4575//4575 4577//4577
f 4578//4578 4580//4580 4579//4579
f 4581//4581 4583//4583 4582//4582
f 4584//4584 4586//4586 4585//4585
f 4584//4584 4585//4585 4587//4587
f 4588//4588 4590//4590 4589//4589
f 4588//4588 4589//4589 4591//4591
f 4592//4592 4594//4594 4593//4593
f 4592//4592 4593//4593 4595//4595
g core_roof_thatch
usemtl roof_thatch
v 0.11200 0.18356 -0.01800
v 0.11200 0.18356 -0.18200
v 0.11200 0.27956 -0.10000
v 0.28800 0.18356 -0.01800
v 0.28800 0.27956 -0.10000
v 0.28800 0.18356 -0.18200
v 0.11200 0.18356 -0.01800
v 0.28800 0.27956 -0.10000
v 0.28800 0.18356 -0.01800
v 0.11200 0.27956 -0.10000
v 0.11200 0.18356 -0.18200
v 0.28800 0.27956 -0.10000
v 0.11200 0.27956 -0.10000
v 0.28800 0.18356 -0.18200
v 0.11200 0.18356 -0.01800
v 0.28800 0.18356 -0.18200
v 0.11200 0.18356 -0.18200
v 0.28800 0.18356 -0.01800
v -0.35200 0.17163 0.01000
v -0.52800 0.17163 0.01000
v -0.44001 0.29163 0.01000
v -0.35200 0.17163 -0.13000
v -0.44001 0.29163 -0.13000
v -0.52800 0.17163 -0.13000
v -0.35200 0.17163 0.01000
v -0.44001 0.29163 -0.13000
v -0.35200 0.17163 -0.13000
v -0.44001 0.29163 0.01000
v -0.52800 0.17163 0.01000
v -0.44001 0.29163 -0.13000
v -0.44001 0.29163 0.01000
v -0.52800 0.17163 -0.13000
v -0.35200 0.17163 0.01000
v -0.52800 0.17163 -0.13000
v -0.52800 0.17163 0.01000
v -0.35200 0.17163 -0.13000
vn 0.0000 1.0000 -0.0000
vn 0.0000 1.0000 -0.0000
vn 0.0000 1.0000 -0.0000
vn 0.7071 -0.0000 0.7071
vn 0.7071 -0.0000 0.7071
vn 0.7071 -0.0000 0.7071
vn 0.1997 0.3392 0.9193
vn 0.1997 0.3392 0.9193
vn 0.1997 0.3392 0.9193
vn 0.1997 0.3392 0.9193
vn 0.4835 -0.8212 -0.3029
vn 0.4835 -0.8212 -0.3029
vn 0.4835 -0.8212 -0.3029
vn 0.4835 -0.8212 -0.3029
vn -0.0000 -0.7071 0.7071
vn -0.0000 -0.7071 0.7071
vn -0.0000 -0.7071 0.7071
vn -0.0000 -0.7071 0.7071
vn -0.0000 -0.0000 1.0000
vn -0.0000 -0.0000 1.0000
vn -0.0000 -0.0000 1.0000
vn -0.7071 0.7071 -0.0000
vn -0.7071 0.7071 -0.0000
vn -0.7071 0.7071 -0.0000
vn -0.5478 -0.4479 -0.7067
vn -0.5478 -0.4479 -0.7067
vn -0.5478 -0.4479 -0.7067
vn -0.5478 -0.4479 -0.7067
vn -0.0445 0.8438 0.5349
vn -0.0445 0.8438 0.5349
vn -0.0445 0.8438 0.5349
vn -0.0445 0.8438 0.5349
vn -0.0000 -0.7071 0.7071
vn -0.0000 -0.7071 0.7071
vn -0.0000 -0.7071 0.7071
vn -0.0000 -0.7071 0.7071
f 4596//4596 4598//4598 4597//4597
f 4599//4599 4601//4601 4600//4600
f 4602//4602 4604//4604 4603//4603
f 4602//4602 4603//4603 4605//4605
f 4606//4606 4608//4608 4607//4607
f 4606//4606 4607//4607 4609//4609
f 4610//4610 4612//4612 4611//4611
f 4610//4610 4611//4611 4613//4613
f 4614//4614 4616//4616 4615//4615
f 4617//4617 4619//4619 4618//4618
f 4620//4620 4622//4622 4621//4621
f 4620//4620 4621//4621 4623//4623
f 4624//4624 4626//4626 4625//4625
f 4624//4624 4625//4625 4627//4627
f 4628//4628 4630//4630 4629//4629
f 4628//4628 4629//4629 4631//4631
g core_roof_moss
usemtl roof_moss
v -0.35800 0.08136 0.36200
v -0.35800 0.08136 0.21800
v -0.35800 0.16136 0.29000
v -0.16200 0.08136 0.36200
v -0.16200 0.16136 0.29000
v -0.16200 0.08136 0.21800
v -0.35800 0.08136 0.36200
v -0.16200 0.16136 0.29000
v -0.16200 0.08136 0.36200
v -0.35800 0.16136 0.29000
v -0.35800 0.08136 0.21800
v -0.16200 0.16136 0.29000
v -0.35800 0.16136 0.29000
v -0.16200 0.08136 0.21800
v -0.35800 0.08136 0.36200
v -0.16200 0.08136 0.21800
v -0.35800 0.08136 0.21800
v -0.16200 0.08136 0.36200
vn 0.0000 1.0000 -0.0000
vn 0.0000 1.0000 -0.0000
vn 0.0000 1.0000 -0.0000
vn 0.7071 -0.0000 0.7071
vn 0.7071 -0.0000 0.7071
vn 0.7071 -0.0000 0.7071
vn 0.1984 0.3511 0.9151
vn 0.1984 0.3511 0.9151
vn 0.1984 0.3511 0.9151
vn 0.1984 0.3511 0.9151
vn 0.4666 -0.8257 -0.3168
vn 0.4666 -0.8257 -0.3168
vn 0.4666 -0.8257 -0.3168
vn 0.4666 -0.8257 -0.3168
vn -0.0000 -0.7071 0.7071
vn -0.0000 -0.7071 0.7071
vn -0.0000 -0.7071 0.7071
vn -0.0000 -0.7071 0.7071
f 4632//4632 4634//4634 4633//4633
f 4635//4635 4637//4637 4636//4636
f 4638//4638 4640//4640 4639//4639
f 4638//4638 4639//4639 4641//4641
f 4642//4642 4644//4644 4643//4643
f 4642//4642 4643//4643 4645//4645
f 4646//4646 4648//4648 4647//4647
f 4646//4646 4647//4647 4649//4649
