mtllib settle_2.mtl
o core
g core_cloth
usemtl cloth
v 0.37499 0.00000 -0.44167
v 0.37499 0.00000 0.44167
v 0.75000 0.00000 -0.00001
v -0.75000 0.00000 -0.00001
v -0.37502 0.00000 -0.44167
v -0.37502 0.00000 0.44167
v 0.37499 0.00800 0.44167
v 0.37499 0.00800 -0.44167
v 0.75000 0.00800 -0.00001
v -0.75000 0.00800 -0.00001
v -0.37502 0.00800 0.44167
v -0.37502 0.00800 -0.44167
v 0.75000 0.00000 -0.00001
v 0.37499 0.00800 -0.44167
v 0.37499 0.00000 -0.44167
v 0.75000 0.00800 -0.00001
v 0.37499 0.00000 -0.44167
v -0.37502 0.00800 -0.44167
v -0.37502 0.00000 -0.44167
v 0.37499 0.00800 -0.44167
v -0.37502 0.00000 -0.44167
v -0.75000 0.00800 -0.00001
v -0.75000 0.00000 -0.00001
v -0.37502 0.00800 -0.44167
v -0.75000 0.00000 -0.00001
v -0.37502 0.00800 0.44167
v -0.37502 0.00000 0.44167
v -0.75000 0.00800 -0.00001
v -0.37502 0.00000 0.44167
v 0.37499 0.00800 0.44167
v 0.37499 0.00000 0.44167
v -0.37502 0.00800 0.44167
v 0.37499 0.00000 0.44167
v 0.75000 0.00800 -0.00001
v 0.75000 0.00000 -0.00001
v 0.37499 0.00800 0.44167
vn -0.0000 -0.7071 0.7071
vn -0.0000 -0.7071 0.7071
vn -0.0000 -0.7071 0.7071
vn -0.0000 -0.7071 0.7071
vn -0.0000 -0.7071 0.7071
vn -0.0000 -0.7071 0.7071
vn -0.0000 0.7071 0.7071
vn -0.0000 0.7071 0.7071
vn -0.0000 0.7071 0.7071
vn -0.0000 0.7071 0.7071
vn -0.0000 0.7071 0.7071
vn -0.0000 0.7071 0.7071
vn 0.8839 -0.2269 0.4091
vn 0.8839 -0.2269 0.4091
vn 0.8839 -0.2269 0.4091
vn 0.8839 -0.2269 0.4091
vn -0.7071 0.7071 -0.0000
vn -0.7071 0.7071 -0.0000
vn -0.7071 0.7071 -0.0000
vn -0.7071 0.7071 -0.0000
vn -0.2470 0.9623 0.1143
vn -0.2470 0.9623 0.1143
vn -0.2470 0.9623 0.1143
vn -0.2470 0.9623 0.1143
vn -0.2190 0.8533 0.4732
vn -0.2190 0.8533 0.4732
vn -0.2190 0.8533 0.4732
vn -0.2190 0.8533 0.4732
vn -0.0000 -0.0000 1.0000
vn -0.0000 -0.0000 1.0000
vn -0.0000 -0.0000 1.0000
vn -0.0000 -0.0000 1.0000
vn 0.4175 -0.1072 0.9023
vn 0.4175 -0.1072 0.9023
vn 0.4175 -0.1072 0.9023
vn 0.4175 -0.1072 0.9023
f 1//1 3//3 2//2
f 2//2 4//4 1//1
f 4//4 5//5 1//1
f 2//2 6//6 4//4
f 7//7 9//9 8//8
f 8//8 10//10 7//7
f 10//10 11//11 7//7
f 8//8 12//12 10//10
f 13//13 15//15 14//14
f 13//13 14//14 16//16
f 17//17 19//19 18//18
f 17//17 18//18 20//20
f 21//21 23//23 22//22
f 21//21 22//22 24//24
f 25//25 27//27 26//26
f 25//25 26//26 28//28
f 29//29 31//31 30//30
f 29//29 30//30 32//32
f 33//33 35//35 34//34
f 33//33 34//34 36//36
g core_stone
usemtl stone
v -0.37700 0.00300 -0.48256
v 0.37700 0.18700 -0.48256
v -0.37700 0.18700 -0.48256
v 0.37700 0.00300 -0.48256
v -0.38000 0.00300 -0.41556
v -0.38000 0.18700 -0.47956
v -0.38000 0.18700 -0.41556
v -0.38000 0.00300 -0.47956
v -0.37700 0.19000 -0.41556
v 0.37700 0.19000 -0.47956
v 0.37700 0.19000 -0.41556
v -0.37700 0.19000 -0.47956
v 0.38000 0.00300 -0.47956
v 0.38000 0.18700 -0.41556
v 0.38000 0.18700 -0.47956
v 0.38000 0.00300 -0.41556
v 0.37700 0.00300 -0.41256
v -0.37700 0.18700 -0.41256
v 0.37700 0.18700 -0.41256
v -0.37700 0.00300 -0.41256
v 0.37700 0.00000 -0.47956
v 0.38000 0.00300 -0.47956
v 0.37700 0.00300 -0.48256
v 0.37700 0.18700 -0.48256
v 0.38000 0.18700 -0.47956
v 0.37700 0.19000 -0.47956
v 0.37700 0.00000 -0.41556
v 0.37700 0.00300 -0.41256
v 0.38000 0.00300 -0.41556
v 0.37700 0.19000 -0.41556
v 0.38000 0.18700 -0.41556
v 0.37700 0.18700 -0.41256
v -0.37700 0.00000 -0.47956
v -0.37700 0.00300 -0.48256
v -0.38000 0.00300 -0.47956
v -0.37700 0.19000 -0.47956
v -0.38000 0.18700 -0.47956
v -0.37700 0.18700 -0.48256
v -0.37700 0.00000 -0.41556
v -0.38000 0.00300 -0.41556
v -0.37700 0.00300 -0.41256
v -0.37700 0.19000 -0.41556
v -0.37700 0.18700 -0.41256
v -0.38000 0.18700 -0.41556
v 0.37700 0.00000 -0.41556
v 0.38000 0.00300 -0.47956
v 0.37700 0.00000 -0.47956
v 0.38000 0.00300 -0.41556
v 0.37700 0.00300 -0.48256
v 0.38000 0.18700 -0.47956
v 0.37700 0.18700 -0.48256
v 0.38000 0.00300 -0.47956
v 0.37700 0.19000 -0.47956
v 0.38000 0.18700 -0.41556
v 0.37700 0.19000 -0.41556
v 0.38000 0.18700 -0.47956
v 0.37700 0.18700 -0.41256
v 0.38000 0.00300 -0.41556
v 0.37700 0.00300 -0.41256
v 0.38000 0.18700 -0.41556
v -0.37700 0.00000 -0.41556
v 0.37700 0.00300 -0.41256
v 0.37700 0.00000 -0.41556
v -0.37700 0.00300 -0.41256
v 0.37700 0.19000 -0.41556
v -0.37700 0.18700 -0.41256
v -0.37700 0.19000 -0.41556
v 0.37700 0.18700 -0.41256
v -0.38000 0.18700 -0.41556
v -0.37700 0.00300 -0.41256
v -0.38000 0.00300 -0.41556
v -0.37700 0.18700 -0.41256
v -0.37700 0.00000 -0.47956
v -0.38000 0.00300 -0.41556
v -0.37700 0.00000 -0.41556
v -0.38000 0.00300 -0.47956
v -0.37700 0.19000 -0.41556
v -0.38000 0.18700 -0.47956
v -0.37700 0.19000 -0.47956
v -0.38000 0.18700 -0.41556
v -0.37700 0.18700 -0.48256
v -0.38000 0.00300 -0.47956
v -0.37700 0.00300 -0.48256
v -0.38000 0.18700 -0.47956
v 0.37700 0.00000 -0.47956
v -0.37700 0.00300 -0.48256
v -0.37700 0.00000 -0.47956
v 0.37700 0.00300 -0.48256
v -0.37700 0.19000 -0.47956
v 0.37700 0.18700 -0.48256
v 0.37700 0.19000 -0.47956
v -0.37700 0.18700 -0.48256
v 0.37700 0.00000 -0.41556
v -0.37700 0.00000 -0.47956
v -0.37700 0.00000 -0.41556
v 0.37700 0.00000 -0.47956
v 0.40862 0.00300 -0.46793
v 0.78474 0.18700 -0.02494
v 0.40862 0.18700 -0.46793
v 0.78474 0.00300 -0.02494
v 0.35561 0.00300 -0.42685
v 0.40439 0.18700 -0.46827
v 0.35561 0.18700 -0.42685
v 0.40439 0.00300 -0.46827
v 0.35755 0.19000 -0.42456
v 0.78245 0.19000 -0.02300
v 0.73366 0.19000 0.01842
v 0.40634 0.19000 -0.46599
v 0.78439 0.00300 -0.02071
v 0.73561 0.18700 0.02071
v 0.78439 0.18700 -0.02071
v 0.73561 0.00300 0.02071
v 0.73138 0.00300 0.02037
v 0.35526 0.18700 -0.42262
v 0.73138 0.18700 0.02037
v 0.35526 0.00300 -0.42262
v 0.78245 0.00000 -0.02300
v 0.78439 0.00300 -0.02071
v 0.78474 0.00300 -0.02494
v 0.78474 0.18700 -0.02494
v 0.78439 0.18700 -0.02071
v 0.78245 0.19000 -0.02300
v 0.73366 0.00000 0.01842
v 0.73138 0.00300 0.02037
v 0.73561 0.00300 0.02071
v 0.73366 0.19000 0.01842
v 0.73561 0.18700 0.02071
v 0.73138 0.18700 0.02037
v 0.40634 0.00000 -0.46599
v 0.40862 0.00300 -0.46793
v 0.40439 0.00300 -0.46827
v 0.40634 0.19000 -0.46599
v 0.40439 0.18700 -0.46827
v 0.40862 0.18700 -0.46793
v 0.35755 0.00000 -0.42456
v 0.35561 0.00300 -0.42685
v 0.35526 0.00300 -0.42262
v 0.35755 0.19000 -0.42456
v 0.35526 0.18700 -0.42262
v 0.35561 0.18700 -0.42685
v 0.73366 0.00000 0.01842
v 0.78439 0.00300 -0.02071
v 0.78245 0.00000 -0.02300
v 0.73561 0.00300 0.02071
v 0.78474 0.00300 -0.02494
v 0.78439 0.18700 -0.02071
v 0.78474 0.18700 -0.02494
v 0.78439 0.00300 -0.02071
v 0.78245 0.19000 -0.02300
v 0.73561 0.18700 0.02071
v 0.73366 0.19000 0.01842
v 0.78439 0.18700 -0.02071
v 0.73138 0.18700 0.02037
v 0.73561 0.00300 0.02071
v 0.73138 0.00300 0.02037
v 0.73561 0.18700 0.02071
v 0.35755 0.00000 -0.42456
v 0.73138 0.00300 0.02037
v 0.73366 0.00000 0.01842
v 0.35526 0.00300 -0.42262
v 0.73366 0.19000 0.01842
v 0.35526 0.18700 -0.42262
v 0.35755 0.19000 -0.42456
v 0.73138 0.18700 0.02037
v 0.35561 0.18700 -0.42685
v 0.35526 0.00300 -0.42262
v 0.35561 0.00300 -0.42685
v 0.35526 0.18700 -0.42262
v 0.40634 0.00000 -0.46599
v 0.35561 0.00300 -0.42685
v 0.35755 0.00000 -0.42456
v 0.40439 0.00300 -0.46827
v 0.35755 0.19000 -0.42456
v 0.40439 0.18700 -0.46827
v 0.40634 0.19000 -0.46599
v 0.35561 0.18700 -0.42685
v 0.40862 0.18700 -0.46793
v 0.40439 0.00300 -0.46827
v 0.40862 0.00300 -0.46793
v 0.40439 0.18700 -0.46827
v 0.78245 0.00000 -0.02300
v 0.40862 0.00300 -0.46793
v 0.40634 0.00000 -0.46599
v 0.78474 0.00300 -0.02494
v 0.40634 0.19000 -0.46599
v 0.78474 0.18700 -0.02494
v 0.78245 0.19000 -0.02300
v 0.40862 0.18700 -0.46793
v 0.73366 0.00000 0.01842
v 0.40634 0.00000 -0.46599
v 0.35755 0.00000 -0.42456
v 0.78245 0.00000 -0.02300
v -0.78474 0.00300 -0.02494
v -0.40862 0.18700 -0.46793
v -0.78474 0.18700 -0.02494
v -0.40862 0.00300 -0.46793
v -0.73561 0.00300 0.02071
v -0.78439 0.18700 -0.02071
v -0.73561 0.18700 0.02071
v -0.78439 0.00300 -0.02071
v -0.73366 0.19000 0.01842
v -0.40634 0.19000 -0.46599
v -0.35755 0.19000 -0.42456
v -0.78245 0.19000 -0.02300
v -0.40439 0.00300 -0.46827
v -0.35561 0.18700 -0.42685
v -0.40439 0.18700 -0.46827
v -0.35561 0.00300 -0.42685
v -0.35526 0.00300 -0.42262
v -0.73138 0.18700 0.02037
v -0.35526 0.18700 -0.42262
v -0.73138 0.00300 0.02037
v -0.40634 0.00000 -0.46599
v -0.40439 0.00300 -0.46827
v -0.40862 0.00300 -0.46793
v -0.40862 0.18700 -0.46793
v -0.40439 0.18700 -0.46827
v -0.40634 0.19000 -0.46599
v -0.35755 0.00000 -0.42456
v -0.35526 0.00300 -0.42262
v -0.35561 0.00300 -0.42685
v -0.35755 0.19000 -0.42456
v -0.35561 0.18700 -0.42685
v -0.35526 0.18700 -0.42262
v -0.78245 0.00000 -0.02300
v -0.78474 0.00300 -0.02494
v -0.78439 0.00300 -0.02071
v -0.78245 0.19000 -0.02300
v -0.78439 0.18700 -0.02071
v -0.78474 0.18700 -0.02494
v -0.73366 0.00000 0.01842
v -0.73561 0.00300 0.02071
v -0.73138 0.00300 0.02037
v -0.73366 0.19000 0.01842
v -0.73138 0.18700 0.02037
v -0.73561 0.18700 0.02071
v -0.35755 0.00000 -0.42456
v -0.40439 0.00300 -0.46827
v -0.40634 0.00000 -0.46599
v -0.35561 0.00300 -0.42685
v -0.40862 0.00300 -0.46793
v -0.40439 0.18700 -0.46827
v -0.40862 0.18700 -0.46793
v -0.40439 0.00300 -0.46827
v -0.40634 0.19000 -0.46599
v -0.35561 0.18700 -0.42685
v -0.35755 0.19000 -0.42456
v -0.40439 0.18700 -0.46827
v -0.35526 0.18700 -0.42262
v -0.35561 0.00300 -0.42685
v -0.35526 0.00300 -0.42262
v -0.35561 0.18700 -0.42685
v -0.73366 0.00000 0.01842
v -0.35526 0.00300 -0.42262
v -0.35755 0.00000 -0.42456
v -0.73138 0.00300 0.02037
v -0.35755 0.19000 -0.42456
v -0.73138 0.18700 0.02037
v -0.73366 0.19000 0.01842
v -0.35526 0.18700 -0.42262
v -0.73561 0.18700 0.02071
v -0.73138 0.00300 0.02037
v -0.73561 0.00300 0.02071
v -0.73138 0.18700 0.02037
v -0.78245 0.00000 -0.02300
v -0.73561 0.00300 0.02071
v -0.73366 0.00000 0.01842
v -0.78439 0.00300 -0.02071
v -0.73366 0.19000 0.01842
v -0.78439 0.18700 -0.02071
v -0.78245 0.19000 -0.02300
v -0.73561 0.18700 0.02071
v -0.78474 0.18700 -0.02494
v -0.78439 0.00300 -0.02071
v -0.78474 0.00300 -0.02494
v -0.78439 0.18700 -0.02071
v -0.40634 0.00000 -0.46599
v -0.78474 0.00300 -0.02494
v -0.78245 0.00000 -0.02300
v -0.40862 0.00300 -0.46793
v -0.78245 0.19000 -0.02300
v -0.40862 0.18700 -0.46793
v -0.40634 0.19000 -0.46599
v -0.78474 0.18700 -0.02494
v -0.35755 0.00000 -0.42456
v -0.78245 0.00000 -0.02300
v -0.73366 0.00000 0.01842
v -0.40634 0.00000 -0.46599
v -0.40862 0.00300 0.46793
v -0.78474 0.18700 0.02494
v -0.40862 0.18700 0.46793
v -0.78474 0.00300 0.02494
v -0.35561 0.00300 0.42685
v -0.40439 0.18700 0.46827
v -0.35561 0.18700 0.42685
v -0.40439 0.00300 0.46827
v -0.35755 0.19000 0.42456
v -0.78245 0.19000 0.02300
v -0.73366 0.19000 -0.01842
v -0.40634 0.19000 0.46599
v -0.78439 0.00300 0.02071
v -0.73561 0.18700 -0.02071
v -0.78439 0.18700 0.02071
v -0.73561 0.00300 -0.02071
v -0.73138 0.00300 -0.02037
v -0.35526 0.18700 0.42262
v -0.73138 0.18700 -0.02037
v -0.35526 0.00300 0.42262
v -0.78245 0.00000 0.02300
v -0.78439 0.00300 0.02071
v -0.78474 0.00300 0.02494
v -0.78474 0.18700 0.02494
v -0.78439 0.18700 0.02071
v -0.78245 0.19000 0.02300
v -0.73366 0.00000 -0.01842
v -0.73138 0.00300 -0.02037
v -0.73561 0.00300 -0.02071
v -0.73366 0.19000 -0.01842
v -0.73561 0.18700 -0.02071
v -0.73138 0.18700 -0.02037
v -0.40634 0.00000 0.46599
v -0.40862 0.00300 0.46793
v -0.40439 0.00300 0.46827
v -0.40634 0.19000 0.46599
v -0.40439 0.18700 0.46827
v -0.40862 0.18700 0.46793
v -0.35755 0.00000 0.42456
v -0.35561 0.00300 0.42685
v -0.35526 0.00300 0.42262
v -0.35755 0.19000 0.42456
v -0.35526 0.18700 0.42262
v -0.35561 0.18700 0.42685
v -0.73366 0.00000 -0.01842
v -0.78439 0.00300 0.02071
v -0.78245 0.00000 0.02300
v -0.73561 0.00300 -0.02071
v -0.78474 0.00300 0.02494
v -0.78439 0.18700 0.02071
v -0.78474 0.18700 0.02494
v -0.78439 0.00300 0.02071
v -0.78245 0.19000 0.02300
v -0.73561 0.18700 -0.02071
v -0.73366 0.19000 -0.01842
v -0.78439 0.18700 0.02071
v -0.73138 0.18700 -0.02037
v -0.73561 0.00300 -0.02071
v -0.73138 0.00300 -0.02037
v -0.73561 0.18700 -0.02071
v -0.35755 0.00000 0.42456
v -0.73138 0.00300 -0.02037
v -0.73366 0.00000 -0.01842
v -0.35526 0.00300 0.42262
v -0.73366 0.19000 -0.01842
v -0.35526 0.18700 0.42262
v -0.35755 0.19000 0.42456
v -0.73138 0.18700 -0.02037
v -0.35561 0.18700 0.42685
v -0.35526 0.00300 0.42262
v -0.35561 0.00300 0.42685
v -0.35526 0.18700 0.42262
v -0.40634 0.00000 0.46599
v -0.35561 0.00300 0.42685
v -0.35755 0.00000 0.42456
v -0.40439 0.00300 0.46827
v -0.35755 0.19000 0.42456
v -0.40439 0.18700 0.46827
v -0.40634 0.19000 0.46599
v -0.35561 0.18700 0.42685
v -0.40862 0.18700 0.46793
v -0.40439 0.00300 0.46827
v -0.40862 0.00300 0.46793
v -0.40439 0.18700 0.46827
v -0.78245 0.00000 0.02300
v -0.40862 0.00300 0.46793
v -0.40634 0.00000 0.46599
v -0.78474 0.00300 0.02494
v -0.40634 0.19000 0.46599
v -0.78474 0.18700 0.02494
v -0.78245 0.19000 0.02300
v -0.40862 0.18700 0.46793
v -0.73366 0.00000 -0.01842
v -0.40634 0.00000 0.46599
v -0.35755 0.00000 0.42456
v -0.78245 0.00000 0.02300
v 0.78474 0.00300 0.02494
v 0.40862 0.18700 0.46793
v 0.78474 0.18700 0.02494
v 0.40862 0.00300 0.46793
v 0.73561 0.00300 -0.02071
v 0.78439 0.18700 0.02071
v 0.73561 0.18700 -0.02071
v 0.78439 0.00300 0.02071
v 0.73366 0.19000 -0.01842
v 0.40634 0.19000 0.46599
v 0.35755 0.19000 0.42456
v 0.78245 0.19000 0.02300
v 0.40439 0.00300 0.46827
v 0.35561 0.18700 0.42685
v 0.40439 0.18700 0.46827
v 0.35561 0.00300 0.42685
v 0.35526 0.00300 0.42262
v 0.73138 0.18700 -0.02037
v 0.35526 0.18700 0.42262
v 0.73138 0.00300 -0.02037
v 0.40634 0.00000 0.46599
v 0.40439 0.00300 0.46827
v 0.40862 0.00300 0.46793
v 0.40862 0.18700 0.46793
v 0.40439 0.18700 0.46827
v 0.40634 0.19000 0.46599
v 0.35755 0.00000 0.42456
v 0.35526 0.00300 0.42262
v 0.35561 0.00300 0.42685
v 0.35755 0.19000 0.42456
v 0.35561 0.18700 0.42685
v 0.35526 0.18700 0.42262
v 0.78245 0.00000 0.02300
v 0.78474 0.00300 0.02494
v 0.78439 0.00300 0.02071
v 0.78245 0.19000 0.02300
v 0.78439 0.18700 0.02071
v 0.78474 0.18700 0.02494
v 0.73366 0.00000 -0.01842
v 0.73561 0.00300 -0.02071
v 0.73138 0.00300 -0.02037
v 0.73366 0.19000 -0.01842
v 0.73138 0.18700 -0.02037
v 0.73561 0.18700 -0.02071
v 0.35755 0.00000 0.42456
v 0.40439 0.00300 0.46827
v 0.40634 0.00000 0.46599
v 0.35561 0.00300 0.42685
v 0.40862 0.00300 0.46793
v 0.40439 0.18700 0.46827
v 0.40862 0.18700 0.46793
v 0.40439 0.00300 0.46827
v 0.40634 0.19000 0.46599
v 0.35561 0.18700 0.42685
v 0.35755 0.19000 0.42456
v 0.40439 0.18700 0.46827
v 0.35526 0.18700 0.42262
v 0.35561 0.00300 0.42685
v 0.35526 0.00300 0.42262
v 0.35561 0.18700 0.42685
v 0.73366 0.00000 -0.01842
v 0.35526 0.00300 0.42262
v 0.35755 0.00000 0.42456
v 0.73138 0.00300 -0.02037
v 0.35755 0.19000 0.42456
v 0.73138 0.18700 -0.02037
v 0.73366 0.19000 -0.01842
v 0.35526 0.18700 0.42262
v 0.73561 0.18700 -0.02071
v 0.73138 0.00300 -0.02037
v 0.73561 0.00300 -0.02071
v 0.73138 0.18700 -0.02037
v 0.78245 0.00000 0.02300
v 0.73561 0.00300 -0.02071
v 0.73366 0.00000 -0.01842
v 0.78439 0.00300 0.02071
v 0.73366 0.19000 -0.01842
v 0.78439 0.18700 0.02071
v 0.78245 0.19000 0.02300
v 0.73561 0.18700 -0.02071
v 0.78474 0.18700 0.02494
v 0.78439 0.00300 0.02071
v 0.78474 0.00300 0.02494
v 0.78439 0.18700 0.02071
v 0.40634 0.00000 0.46599
v 0.78474 0.00300 0.02494
v 0.78245 0.00000 0.02300
v 0.40862 0.00300 0.46793
v 0.78245 0.19000 0.02300
v 0.40862 0.18700 0.46793
v 0.40634 0.19000 0.46599
v 0.78474 0.18700 0.02494
v 0.35755 0.00000 0.42456
v 0.78245 0.00000 0.02300
v 0.73366 0.00000 -0.01842
v 0.40634 0.00000 0.46599
v -0.38997 0.00300 -0.34016
v -0.34715 0.00300 -0.35407
v -0.38997 0.57700 -0.34016
v -0.41182 0.00300 -0.30709
v -0.31003 0.57700 -0.34016
v -0.41182 0.57700 -0.30709
v -0.31003 0.00300 -0.34016
v -0.41182 0.00300 -0.27291
v -0.28818 0.57700 -0.30709
v -0.41182 0.57700 -0.27291
v -0.28818 0.00300 -0.30709
v -0.38997 0.00300 -0.23984
v -0.28818 0.57700 -0.27291
v -0.38997 0.57700 -0.23984
v -0.28818 0.00300 -0.27291
v -0.35285 0.00300 -0.22593
v -0.31003 0.57700 -0.23984
v -0.34715 0.57700 -0.22593
v -0.31003 0.00300 -0.23984
v -0.31365 0.58000 -0.34003
v -0.40882 0.58000 -0.30911
v -0.38635 0.58000 -0.34003
v -0.29118 0.58000 -0.30911
v -0.31365 0.58000 -0.23997
v -0.29118 0.58000 -0.27089
v -0.38635 0.58000 -0.23997
v -0.40882 0.58000 -0.27089
v -0.34715 0.00300 -0.35407
v -0.31365 0.00000 -0.34003
v -0.31003 0.00300 -0.34016
v -0.38635 0.00000 -0.34003
v -0.38997 0.00300 -0.34016
v -0.31365 0.00000 -0.34003
v -0.29118 0.00000 -0.30911
v -0.28818 0.00300 -0.30709
v -0.29118 0.00000 -0.30911
v -0.29118 0.00000 -0.27089
v -0.28818 0.00300 -0.27291
v -0.29118 0.00000 -0.27089
v -0.31365 0.00000 -0.23997
v -0.31003 0.00300 -0.23984
v -0.31365 0.00000 -0.23997
v -0.35285 0.00300 -0.22593
v -0.38635 0.00000 -0.23997
v -0.38997 0.00300 -0.23984
v -0.38635 0.00000 -0.23997
v -0.40882 0.00000 -0.27089
v -0.41182 0.00300 -0.27291
v -0.40882 0.00000 -0.27089
v -0.40882 0.00000 -0.30911
v -0.41182 0.00300 -0.30709
v -0.40882 0.00000 -0.30911
v -0.38635 0.00000 -0.34003
v -0.31003 0.57700 -0.34016
v -0.31365 0.58000 -0.34003
v -0.38997 0.57700 -0.34016
v -0.38635 0.58000 -0.34003
v -0.38635 0.58000 -0.34003
v -0.40882 0.58000 -0.30911
v -0.41182 0.57700 -0.30709
v -0.40882 0.58000 -0.30911
v -0.40882 0.58000 -0.27089
v -0.41182 0.57700 -0.27291
v -0.40882 0.58000 -0.27089
v -0.38635 0.58000 -0.23997
v -0.38997 0.57700 -0.23984
v -0.38635 0.58000 -0.23997
v -0.34715 0.57700 -0.22593
v -0.31365 0.58000 -0.23997
v -0.31003 0.57700 -0.23984
v -0.31365 0.58000 -0.23997
v -0.29118 0.58000 -0.27089
v -0.28818 0.57700 -0.27291
v -0.29118 0.58000 -0.27089
v -0.29118 0.58000 -0.30911
v -0.28818 0.57700 -0.30709
v -0.29118 0.58000 -0.30911
v -0.31365 0.58000 -0.34003
v -0.31365 0.00000 -0.34003
v -0.29118 0.00000 -0.27089
v -0.29118 0.00000 -0.30911
v -0.38635 0.00000 -0.34003
v -0.40882 0.00000 -0.27089
v -0.40882 0.00000 -0.30911
v -0.31365 0.00000 -0.23997
v -0.38635 0.00000 -0.23997
v -0.06300 0.00300 0.48256
v -0.37700 0.18700 0.48256
v -0.06300 0.18700 0.48256
v -0.37700 0.00300 0.48256
v -0.06000 0.00300 0.41556
v -0.06000 0.18700 0.47956
v -0.06000 0.18700 0.41556
v -0.06000 0.00300 0.47956
v -0.06300 0.19000 0.41556
v -0.37700 0.19000 0.47956
v -0.37700 0.19000 0.41556
v -0.06300 0.19000 0.47956
v -0.38000 0.00300 0.47956
v -0.38000 0.18700 0.41556
v -0.38000 0.18700 0.47956
v -0.38000 0.00300 0.41556
v -0.37700 0.00300 0.41256
v -0.06300 0.18700 0.41256
v -0.37700 0.18700 0.41256
v -0.06300 0.00300 0.41256
v -0.37700 0.00000 0.47956
v -0.38000 0.00300 0.47956
v -0.37700 0.00300 0.48256
v -0.37700 0.18700 0.48256
v -0.38000 0.18700 0.47956
v -0.37700 0.19000 0.47956
v -0.37700 0.00000 0.41556
v -0.37700 0.00300 0.41256
v -0.38000 0.00300 0.41556
v -0.37700 0.19000 0.41556
v -0.38000 0.18700 0.41556
v -0.37700 0.18700 0.41256
v -0.06300 0.00000 0.47956
v -0.06300 0.00300 0.48256
v -0.06000 0.00300 0.47956
v -0.06300 0.19000 0.47956
v -0.06000 0.18700 0.47956
v -0.06300 0.18700 0.48256
v -0.06300 0.00000 0.41556
v -0.06000 0.00300 0.41556
v -0.06300 0.00300 0.41256
v -0.06300 0.19000 0.41556
v -0.06300 0.18700 0.41256
v -0.06000 0.18700 0.41556
v -0.37700 0.00000 0.41556
v -0.38000 0.00300 0.47956
v -0.37700 0.00000 0.47956
v -0.38000 0.00300 0.41556
v -0.37700 0.00300 0.48256
v -0.38000 0.18700 0.47956
v -0.37700 0.18700 0.48256
v -0.38000 0.00300 0.47956
v -0.37700 0.19000 0.47956
v -0.38000 0.18700 0.41556
v -0.37700 0.19000 0.41556
v -0.38000 0.18700 0.47956
v -0.37700 0.18700 0.41256
v -0.38000 0.00300 0.41556
v -0.37700 0.00300 0.41256
v -0.38000 0.18700 0.41556
v -0.06300 0.00000 0.41556
v -0.37700 0.00300 0.41256
v -0.37700 0.00000 0.41556
v -0.06300 0.00300 0.41256
v -0.37700 0.19000 0.41556
v -0.06300 0.18700 0.41256
v -0.06300 0.19000 0.41556
v -0.37700 0.18700 0.41256
v -0.06000 0.18700 0.41556
v -0.06300 0.00300 0.41256
v -0.06000 0.00300 0.41556
v -0.06300 0.18700 0.41256
v -0.06300 0.00000 0.47956
v -0.06000 0.00300 0.41556
v -0.06300 0.00000 0.41556
v -0.06000 0.00300 0.47956
v -0.06300 0.19000 0.41556
v -0.06000 0.18700 0.47956
v -0.06300 0.19000 0.47956
v -0.06000 0.18700 0.41556
v -0.06300 0.18700 0.48256
v -0.06000 0.00300 0.47956
v -0.06300 0.00300 0.48256
v -0.06000 0.18700 0.47956
v -0.37700 0.00000 0.47956
v -0.06300 0.00300 0.48256
v -0.06300 0.00000 0.47956
v -0.37700 0.00300 0.48256
v -0.06300 0.19000 0.47956
v -0.37700 0.18700 0.48256
v -0.37700 0.19000 0.47956
v -0.06300 0.18700 0.48256
v -0.37700 0.00000 0.41556
v -0.06300 0.00000 0.47956
v -0.06300 0.00000 0.41556
v -0.37700 0.00000 0.47956
v 0.37700 0.00300 0.48256
v 0.06300 0.18700 0.48256
v 0.37700 0.18700 0.48256
v 0.06300 0.00300 0.48256
v 0.38000 0.00300 0.41556
v 0.38000 0.18700 0.47956
v 0.38000 0.18700 0.41556
v 0.38000 0.00300 0.47956
v 0.37700 0.19000 0.41556
v 0.06300 0.19000 0.47956
v 0.06300 0.19000 0.41556
v 0.37700 0.19000 0.47956
v 0.06000 0.00300 0.47956
v 0.06000 0.18700 0.41556
v 0.06000 0.18700 0.47956
v 0.06000 0.00300 0.41556
v 0.06300 0.00300 0.41256
v 0.37700 0.18700 0.41256
v 0.06300 0.18700 0.41256
v 0.37700 0.00300 0.41256
v 0.06300 0.00000 0.47956
v 0.06000 0.00300 0.47956
v 0.06300 0.00300 0.48256
v 0.06300 0.18700 0.48256
v 0.06000 0.18700 0.47956
v 0.06300 0.19000 0.47956
v 0.06300 0.00000 0.41556
v 0.06300 0.00300 0.41256
v 0.06000 0.00300 0.41556
v 0.06300 0.19000 0.41556
v 0.06000 0.18700 0.41556
v 0.06300 0.18700 0.41256
v 0.37700 0.00000 0.47956
v 0.37700 0.00300 0.48256
v 0.38000 0.00300 0.47956
v 0.37700 0.19000 0.47956
v 0.38000 0.18700 0.47956
v 0.37700 0.18700 0.48256
v 0.37700 0.00000 0.41556
v 0.38000 0.00300 0.41556
v 0.37700 0.00300 0.41256
v 0.37700 0.19000 0.41556
v 0.37700 0.18700 0.41256
v 0.38000 0.18700 0.41556
v 0.06300 0.00000 0.41556
v 0.06000 0.00300 0.47956
v 0.06300 0.00000 0.47956
v 0.06000 0.00300 0.41556
v 0.06300 0.00300 0.48256
v 0.06000 0.18700 0.47956
v 0.06300 0.18700 0.48256
v 0.06000 0.00300 0.47956
v 0.06300 0.19000 0.47956
v 0.06000 0.18700 0.41556
v 0.06300 0.19000 0.41556
v 0.06000 0.18700 0.47956
v 0.06300 0.18700 0.41256
v 0.06000 0.00300 0.41556
v 0.06300 0.00300 0.41256
v 0.06000 0.18700 0.41556
v 0.37700 0.00000 0.41556
v 0.06300 0.00300 0.41256
v 0.06300 0.00000 0.41556
v 0.37700 0.00300 0.41256
v 0.06300 0.19000 0.41556
v 0.37700 0.18700 0.41256
v 0.37700 0.19000 0.41556
v 0.06300 0.18700 0.41256
v 0.38000 0.18700 0.41556
v 0.37700 0.00300 0.41256
v 0.38000 0.00300 0.41556
v 0.37700 0.18700 0.41256
v 0.37700 0.00000 0.47956
v 0.38000 0.00300 0.41556
v 0.37700 0.00000 0.41556
v 0.38000 0.00300 0.47956
v 0.37700 0.19000 0.41556
v 0.38000 0.18700 0.47956
v 0.37700 0.19000 0.47956
v 0.38000 0.18700 0.41556
v 0.37700 0.18700 0.48256
v 0.38000 0.00300 0.47956
v 0.37700 0.00300 0.48256
v 0.38000 0.18700 0.47956
v 0.06300 0.00000 0.47956
v 0.37700 0.00300 0.48256
v 0.37700 0.00000 0.47956
v 0.06300 0.00300 0.48256
v 0.37700 0.19000 0.47956
v 0.06300 0.18700 0.48256
v 0.06300 0.19000 0.47956
v 0.37700 0.18700 0.48256
v 0.06300 0.00000 0.41556
v 0.37700 0.00000 0.47956
v 0.37700 0.00000 0.41556
v 0.06300 0.00000 0.47956
v 0.71888 0.00300 -0.06543
v 0.80112 0.00300 -0.06543
v 0.71888 0.35700 -0.06543
v 0.69167 0.00300 -0.03610
v 0.80112 0.35700 -0.06543
v 0.69167 0.35700 -0.03610
v 0.82833 0.35700 -0.03610
v 0.68278 0.00300 -0.00290
v 0.82833 0.00300 -0.03610
v 0.68278 0.35700 -0.00290
v 0.83722 0.35700 -0.00290
v 0.69167 0.00300 0.03610
v 0.83722 0.00300 -0.00290
v 0.69167 0.35700 0.03610
v 0.82833 0.35700 0.03610
v 0.71888 0.00300 0.06543
v 0.82833 0.00300 0.03610
v 0.71888 0.35700 0.06543
v 0.80112 0.35700 0.06543
v 0.80112 0.00300 0.06543
v 0.79745 0.36000 -0.06486
v 0.69514 0.36000 -0.03745
v 0.72255 0.36000 -0.06486
v 0.82486 0.36000 -0.03745
v 0.69514 0.36000 0.03745
v 0.68511 0.36000 -0.00000
v 0.72255 0.36000 0.06486
v 0.82486 0.36000 0.03745
v 0.83489 0.36000 0.00000
v 0.79745 0.36000 0.06486
v 0.80112 0.00300 -0.06543
v 0.72255 0.00000 -0.06486
v 0.79745 0.00000 -0.06486
v 0.71888 0.00300 -0.06543
v 0.79745 0.00000 -0.06486
v 0.82486 0.00000 -0.03745
v 0.82833 0.00300 -0.03610
v 0.82486 0.00000 -0.03745
v 0.83489 0.00000 -0.00000
v 0.83722 0.00300 -0.00290
v 0.83489 0.00000 -0.00000
v 0.82486 0.00000 0.03745
v 0.82833 0.00300 0.03610
v 0.82486 0.00000 0.03745
v 0.79745 0.00000 0.06486
v 0.80112 0.00300 0.06543
v 0.79745 0.00000 0.06486
v 0.71888 0.00300 0.06543
v 0.72255 0.00000 0.06486
v 0.72255 0.00000 0.06486
v 0.69514 0.00000 0.03745
v 0.69167 0.00300 0.03610
v 0.69514 0.00000 0.03745
v 0.68511 0.00000 0.00000
v 0.68278 0.00300 -0.00290
v 0.68511 0.00000 0.00000
v 0.69514 0.00000 -0.03745
v 0.69167 0.00300 -0.03610
v 0.69514 0.00000 -0.03745
v 0.72255 0.00000 -0.06486
v 0.80112 0.35700 -0.06543
v 0.79745 0.36000 -0.06486
v 0.71888 0.35700 -0.06543
v 0.72255 0.36000 -0.06486
v 0.72255 0.36000 -0.06486
v 0.69514 0.36000 -0.03745
v 0.69167 0.35700 -0.03610
v 0.69514 0.36000 -0.03745
v 0.68511 0.36000 -0.00000
v 0.68278 0.35700 -0.00290
v 0.68511 0.36000 -0.00000
v 0.69514 0.36000 0.03745
v 0.69167 0.35700 0.03610
v 0.69514 0.36000 0.03745
v 0.72255 0.36000 0.06486
v 0.71888 0.35700 0.06543
v 0.72255 0.36000 0.06486
v 0.80112 0.35700 0.06543
v 0.79745 0.36000 0.06486
v 0.79745 0.36000 0.06486
v 0.82486 0.36000 0.03745
v 0.82833 0.35700 0.03610
v 0.82486 0.36000 0.03745
v 0.83489 0.36000 0.00000
v 0.83722 0.35700 -0.00290
v 0.83489 0.36000 0.00000
v 0.82486 0.36000 -0.03745
v 0.82833 0.35700 -0.03610
v 0.82486 0.36000 -0.03745
v 0.79745 0.36000 -0.06486
v 0.79745 0.00000 -0.06486
v 0.83489 0.00000 -0.00000
v 0.82486 0.00000 -0.03745
v 0.72255 0.00000 -0.06486
v 0.79745 0.00000 0.06486
v 0.82486 0.00000 0.03745
v 0.72255 0.00000 0.06486
v 0.68511 0.00000 0.00000
v 0.69514 0.00000 -0.03745
v 0.69514 0.00000 0.03745
v 0.33576 0.00300 -0.51839
v 0.42424 0.00300 -0.51839
v 0.33576 0.42900 -0.51839
v 0.30627 0.00300 -0.48678
v 0.42424 0.42900 -0.51839
v 0.30627 0.42900 -0.48678
v 0.45373 0.42900 -0.48678
v 0.29654 0.00300 -0.45046
v 0.45373 0.00300 -0.48678
v 0.29654 0.42900 -0.45046
v 0.46346 0.42900 -0.45046
v 0.30627 0.00300 -0.40834
v 0.46346 0.00300 -0.45046
v 0.30627 0.42900 -0.40834
v 0.45373 0.42900 -0.40834
v 0.33576 0.00300 -0.37673
v 0.45373 0.00300 -0.40834
v 0.33576 0.42900 -0.37673
v 0.42424 0.42900 -0.37673
v 0.42424 0.00300 -0.37673
v 0.42057 0.43200 -0.51783
v 0.30974 0.43200 -0.48813
v 0.33943 0.43200 -0.51783
v 0.45026 0.43200 -0.48813
v 0.30974 0.43200 -0.40699
v 0.29887 0.43200 -0.44756
v 0.33943 0.43200 -0.37730
v 0.45026 0.43200 -0.40699
v 0.46113 0.43200 -0.44756
v 0.42057 0.43200 -0.37730
v 0.42424 0.00300 -0.51839
v 0.33943 0.00000 -0.51783
v 0.42057 0.00000 -0.51783
v 0.33576 0.00300 -0.51839
v 0.42057 0.00000 -0.51783
v 0.45026 0.00000 -0.48813
v 0.45373 0.00300 -0.48678
v 0.45026 0.00000 -0.48813
v 0.46113 0.00000 -0.44756
v 0.46346 0.00300 -0.45046
v 0.46113 0.00000 -0.44756
v 0.45026 0.00000 -0.40699
v 0.45373 0.00300 -0.40834
v 0.45026 0.00000 -0.40699
v 0.42057 0.00000 -0.37730
v 0.42424 0.00300 -0.37673
v 0.42057 0.00000 -0.37730
v 0.33576 0.00300 -0.37673
v 0.33943 0.00000 -0.37730
v 0.33943 0.00000 -0.37730
v 0.30974 0.00000 -0.40699
v 0.30627 0.00300 -0.40834
v 0.30974 0.00000 -0.40699
v 0.29887 0.00000 -0.44756
v 0.29654 0.00300 -0.45046
v 0.29887 0.00000 -0.44756
v 0.30974 0.00000 -0.48813
v 0.30627 0.00300 -0.48678
v 0.30974 0.00000 -0.48813
v 0.33943 0.00000 -0.51783
v 0.42424 0.42900 -0.51839
v 0.42057 0.43200 -0.51783
v 0.33576 0.42900 -0.51839
v 0.33943 0.43200 -0.51783
v 0.33943 0.43200 -0.51783
v 0.30974 0.43200 -0.48813
v 0.30627 0.42900 -0.48678
v 0.30974 0.43200 -0.48813
v 0.29887 0.43200 -0.44756
v 0.29654 0.42900 -0.45046
v 0.29887 0.43200 -0.44756
v 0.30974 0.43200 -0.40699
v 0.30627 0.42900 -0.40834
v 0.30974 0.43200 -0.40699
v 0.33943 0.43200 -0.37730
v 0.33576 0.42900 -0.37673
v 0.33943 0.43200 -0.37730
v 0.42424 0.42900 -0.37673
v 0.42057 0.43200 -0.37730
v 0.42057 0.43200 -0.37730
v 0.45026 0.43200 -0.40699
v 0.45373 0.42900 -0.40834
v 0.45026 0.43200 -0.40699
v 0.46113 0.43200 -0.44756
v 0.46346 0.42900 -0.45046
v 0.46113 0.43200 -0.44756
v 0.45026 0.43200 -0.48813
v 0.45373 0.42900 -0.48678
v 0.45026 0.43200 -0.48813
v 0.42057 0.43200 -0.51783
v 0.42057 0.00000 -0.51783
v 0.46113 0.00000 -0.44756
v 0.45026 0.00000 -0.48813
v 0.33943 0.00000 -0.51783
v 0.42057 0.00000 -0.37730
v 0.45026 0.00000 -0.40699
v 0.33943 0.00000 -0.37730
v 0.29887 0.00000 -0.44756
v 0.30974 0.00000 -0.48813
v 0.30974 0.00000 -0.40699
v -0.42424 0.00300 -0.51839
v -0.33576 0.00300 -0.51839
v -0.42424 0.42900 -0.51839
v -0.45373 0.00300 -0.48678
v -0.33576 0.42900 -0.51839
v -0.45373 0.42900 -0.48678
v -0.30627 0.42900 -0.48678
v -0.46346 0.00300 -0.45046
v -0.30627 0.00300 -0.48678
v -0.46346 0.42900 -0.45046
v -0.29654 0.42900 -0.45046
v -0.45373 0.00300 -0.40834
v -0.29654 0.00300 -0.45046
v -0.45373 0.42900 -0.40834
v -0.30627 0.42900 -0.40834
v -0.42424 0.00300 -0.37673
v -0.30627 0.00300 -0.40834
v -0.42424 0.42900 -0.37673
v -0.33576 0.42900 -0.37673
v -0.33576 0.00300 -0.37673
v -0.33943 0.43200 -0.51783
v -0.45026 0.43200 -0.48813
v -0.42057 0.43200 -0.51783
v -0.30974 0.43200 -0.48813
v -0.45026 0.43200 -0.40699
v -0.46113 0.43200 -0.44756
v -0.42057 0.43200 -0.37730
v -0.30974 0.43200 -0.40699
v -0.29887 0.43200 -0.44756
v -0.33943 0.43200 -0.37730
v -0.33576 0.00300 -0.51839
v -0.42057 0.00000 -0.51783
v -0.33943 0.00000 -0.51783
v -0.42424 0.00300 -0.51839
v -0.33943 0.00000 -0.51783
v -0.30974 0.00000 -0.48813
v -0.30627 0.00300 -0.48678
v -0.30974 0.00000 -0.48813
v -0.29887 0.00000 -0.44756
v -0.29654 0.00300 -0.45046
v -0.29887 0.00000 -0.44756
v -0.30974 0.00000 -0.40699
v -0.30627 0.00300 -0.40834
v -0.30974 0.00000 -0.40699
v -0.33943 0.00000 -0.37730
v -0.33576 0.00300 -0.37673
v -0.33943 0.00000 -0.37730
v -0.42424 0.00300 -0.37673
v -0.42057 0.00000 -0.37730
v -0.42057 0.00000 -0.37730
v -0.45026 0.00000 -0.40699
v -0.45373 0.00300 -0.40834
v -0.45026 0.00000 -0.40699
v -0.46113 0.00000 -0.44756
v -0.46346 0.00300 -0.45046
v -0.46113 0.00000 -0.44756
v -0.45026 0.00000 -0.48813
v -0.45373 0.00300 -0.48678
v -0.45026 0.00000 -0.48813
v -0.42057 0.00000 -0.51783
v -0.33576 0.42900 -0.51839
v -0.33943 0.43200 -0.51783
v -0.42424 0.42900 -0.51839
v -0.42057 0.43200 -0.51783
v -0.42057 0.43200 -0.51783
v -0.45026 0.43200 -0.48813
v -0.45373 0.42900 -0.48678
v -0.45026 0.43200 -0.48813
v -0.46113 0.43200 -0.44756
v -0.46346 0.42900 -0.45046
v -0.46113 0.43200 -0.44756
v -0.45026 0.43200 -0.40699
v -0.45373 0.42900 -0.40834
v -0.45026 0.43200 -0.40699
v -0.42057 0.43200 -0.37730
v -0.42424 0.42900 -0.37673
v -0.42057 0.43200 -0.37730
v -0.33576 0.42900 -0.37673
v -0.33943 0.43200 -0.37730
v -0.33943 0.43200 -0.37730
v -0.30974 0.43200 -0.40699
v -0.30627 0.42900 -0.40834
v -0.30974 0.43200 -0.40699
v -0.29887 0.43200 -0.44756
v -0.29654 0.42900 -0.45046
v -0.29887 0.43200 -0.44756
v -0.30974 0.43200 -0.48813
v -0.30627 0.42900 -0.48678
v -0.30974 0.43200 -0.48813
v -0.33943 0.43200 -0.51783
v -0.33943 0.00000 -0.51783
v -0.29887 0.00000 -0.44756
v -0.30974 0.00000 -0.48813
v -0.42057 0.00000 -0.51783
v -0.33943 0.00000 -0.37730
v -0.30974 0.00000 -0.40699
v -0.42057 0.00000 -0.37730
v -0.46113 0.00000 -0.44756
v -0.45026 0.00000 -0.48813
v -0.45026 0.00000 -0.40699
v -0.80112 0.00300 -0.06543
v -0.71888 0.00300 -0.06543
v -0.80112 0.35700 -0.06543
v -0.82833 0.00300 -0.03610
v -0.71888 0.35700 -0.06543
v -0.82833 0.35700 -0.03610
v -0.69167 0.35700 -0.03610
v -0.83722 0.00300 -0.00290
v -0.69167 0.00300 -0.03610
v -0.83722 0.35700 -0.00290
v -0.68278 0.35700 -0.00290
v -0.82833 0.00300 0.03610
v -0.68278 0.00300 -0.00290
v -0.82833 0.35700 0.03610
v -0.69167 0.35700 0.03610
v -0.80112 0.00300 0.06543
v -0.69167 0.00300 0.03610
v -0.80112 0.35700 0.06543
v -0.71888 0.35700 0.06543
v -0.71888 0.00300 0.06543
v -0.72255 0.36000 -0.06486
v -0.82486 0.36000 -0.03745
v -0.79745 0.36000 -0.06486
v -0.69514 0.36000 -0.03745
v -0.82486 0.36000 0.03745
v -0.83489 0.36000 -0.00000
v -0.79745 0.36000 0.06486
v -0.69514 0.36000 0.03745
v -0.68511 0.36000 0.00000
v -0.72255 0.36000 0.06486
v -0.71888 0.00300 -0.06543
v -0.79745 0.00000 -0.06486
v -0.72255 0.00000 -0.06486
v -0.80112 0.00300 -0.06543
v -0.72255 0.00000 -0.06486
v -0.69514 0.00000 -0.03745
v -0.69167 0.00300 -0.03610
v -0.69514 0.00000 -0.03745
v -0.68511 0.00000 -0.00000
v -0.68278 0.00300 -0.00290
v -0.68511 0.00000 -0.00000
v -0.69514 0.00000 0.03745
v -0.69167 0.00300 0.03610
v -0.69514 0.00000 0.03745
v -0.72255 0.00000 0.06486
v -0.71888 0.00300 0.06543
v -0.72255 0.00000 0.06486
v -0.80112 0.00300 0.06543
v -0.79745 0.00000 0.06486
v -0.79745 0.00000 0.06486
v -0.82486 0.00000 0.03745
v -0.82833 0.00300 0.03610
v -0.82486 0.00000 0.03745
v -0.83489 0.00000 0.00000
v -0.83722 0.00300 -0.00290
v -0.83489 0.00000 0.00000
v -0.82486 0.00000 -0.03745
v -0.82833 0.00300 -0.03610
v -0.82486 0.00000 -0.03745
v -0.79745 0.00000 -0.06486
v -0.71888 0.35700 -0.06543
v -0.72255 0.36000 -0.06486
v -0.80112 0.35700 -0.06543
v -0.79745 0.36000 -0.06486
v -0.79745 0.36000 -0.06486
v -0.82486 0.36000 -0.03745
v -0.82833 0.35700 -0.03610
v -0.82486 0.36000 -0.03745
v -0.83489 0.36000 -0.00000
v -0.83722 0.35700 -0.00290
v -0.83489 0.36000 -0.00000
v -0.82486 0.36000 0.03745
v -0.82833 0.35700 0.03610
v -0.82486 0.36000 0.03745
v -0.79745 0.36000 0.06486
v -0.80112 0.35700 0.06543
v -0.79745 0.36000 0.06486
v -0.71888 0.35700 0.06543
v -0.72255 0.36000 0.06486
v -0.72255 0.36000 0.06486
v -0.69514 0.36000 0.03745
v -0.69167 0.35700 0.03610
v -0.69514 0.36000 0.03745
v -0.68511 0.36000 0.00000
v -0.68278 0.35700 -0.00290
v -0.68511 0.36000 0.00000
v -0.69514 0.36000 -0.03745
v -0.69167 0.35700 -0.03610
v -0.69514 0.36000 -0.03745
v -0.72255 0.36000 -0.06486
v -0.72255 0.00000 -0.06486
v -0.68511 0.00000 -0.00000
v -0.69514 0.00000 -0.03745
v -0.79745 0.00000 -0.06486
v -0.72255 0.00000 0.06486
v -0.69514 0.00000 0.03745
v -0.79745 0.00000 0.06486
v -0.83489 0.00000 0.00000
v -0.82486 0.00000 -0.03745
v -0.82486 0.00000 0.03745
v 0.09200 0.00300 0.50355
v -0.09200 0.32000 0.50355
v 0.09200 0.32000 0.50355
v -0.09200 0.00300 0.50355
v 0.09500 0.00300 0.39455
v 0.09500 0.32000 0.50055
v 0.09500 0.32000 0.39455
v 0.09500 0.00300 0.50055
v 0.09200 0.32300 0.39455
v -0.09200 0.32300 0.50055
v -0.09200 0.32300 0.39455
v 0.09200 0.32300 0.50055
v -0.09500 0.00300 0.50055
v -0.09500 0.32000 0.39455
v -0.09500 0.32000 0.50055
v -0.09500 0.00300 0.39455
v -0.09200 0.00300 0.39155
v 0.09200 0.32000 0.39155
v -0.09200 0.32000 0.39155
v 0.09200 0.00300 0.39155
v -0.09200 0.00000 0.50055
v -0.09500 0.00300 0.50055
v -0.09200 0.00300 0.50355
v -0.09200 0.32000 0.50355
v -0.09500 0.32000 0.50055
v -0.09200 0.32300 0.50055
v -0.09200 0.00000 0.39455
v -0.09200 0.00300 0.39155
v -0.09500 0.00300 0.39455
v -0.09200 0.32300 0.39455
v -0.09500 0.32000 0.39455
v -0.09200 0.32000 0.39155
v 0.09200 0.00000 0.50055
v 0.09200 0.00300 0.50355
v 0.09500 0.00300 0.50055
v 0.09200 0.32300 0.50055
v 0.09500 0.32000 0.50055
v 0.09200 0.32000 0.50355
v 0.09200 0.00000 0.39455
v 0.09500 0.00300 0.39455
v 0.09200 0.00300 0.39155
v 0.09200 0.32300 0.39455
v 0.09200 0.32000 0.39155
v 0.09500 0.32000 0.39455
v -0.09200 0.00000 0.39455
v -0.09500 0.00300 0.50055
v -0.09200 0.00000 0.50055
v -0.09500 0.00300 0.39455
v -0.09200 0.00300 0.50355
v -0.09500 0.32000 0.50055
v -0.09200 0.32000 0.50355
v -0.09500 0.00300 0.50055
v -0.09200 0.32300 0.50055
v -0.09500 0.32000 0.39455
v -0.09200 0.32300 0.39455
v -0.09500 0.32000 0.50055
v -0.09200 0.32000 0.39155
v -0.09500 0.00300 0.39455
v -0.09200 0.00300 0.39155
v -0.09500 0.32000 0.39455
v 0.09200 0.00000 0.39455
v -0.09200 0.00300 0.39155
v -0.09200 0.00000 0.39455
v 0.09200 0.00300 0.39155
v -0.09200 0.32300 0.39455
v 0.09200 0.32000 0.39155
v 0.09200 0.32300 0.39455
v -0.09200 0.32000 0.39155
v 0.09500 0.32000 0.39455
v 0.09200 0.00300 0.39155
v 0.09500 0.00300 0.39455
v 0.09200 0.32000 0.39155
v 0.09200 0.00000 0.50055
v 0.09500 0.00300 0.39455
v 0.09200 0.00000 0.39455
v 0.09500 0.00300 0.50055
v 0.09200 0.32300 0.39455
v 0.09500 0.32000 0.50055
v 0.09200 0.32300 0.50055
v 0.09500 0.32000 0.39455
v 0.09200 0.32000 0.50355
v 0.09500 0.00300 0.50055
v 0.09200 0.00300 0.50355
v 0.09500 0.32000 0.50055
v -0.09200 0.00000 0.50055
v 0.09200 0.00300 0.50355
v 0.09200 0.00000 0.50055
v -0.09200 0.00300 0.50355
v 0.09200 0.32300 0.50055
v -0.09200 0.32000 0.50355
v -0.09200 0.32300 0.50055
v 0.09200 0.32000 0.50355
v -0.09200 0.00000 0.39455
v 0.09200 0.00000 0.50055
v 0.09200 0.00000 0.39455
v -0.09200 0.00000 0.50055
v -0.15000 0.00000 0.15000
v -0.15000 0.01200 -0.05000
v -0.15000 0.01200 0.15000
v -0.15000 0.00000 -0.05000
v -0.15000 0.00000 -0.05000
v 0.15000 0.01200 -0.05000
v -0.15000 0.01200 -0.05000
v 0.15000 0.00000 -0.05000
v 0.15000 0.00000 -0.05000
v 0.15000 0.01200 0.15000
v 0.15000 0.01200 -0.05000
v 0.15000 0.00000 0.15000
v 0.15000 0.00000 0.15000
v -0.15000 0.01200 0.15000
v 0.15000 0.01200 0.15000
v -0.15000 0.00000 0.15000
v -0.15000 0.00000 -0.05000
v 0.15000 0.00000 0.15000
v 0.15000 0.00000 -0.05000
v -0.15000 0.00000 0.15000
v 0.15000 0.01200 -0.05000
v -0.15000 0.01200 0.15000
v -0.15000 0.01200 -0.05000
v 0.15000 0.01200 0.15000
v -0.12000 0.00000 -0.06000
v -0.12000 0.01200 -0.24000
v -0.12000 0.01200 -0.06000
v -0.12000 0.00000 -0.24000
v -0.12000 0.00000 -0.24000
v 0.12000 0.01200 -0.24000
v -0.12000 0.01200 -0.24000
v 0.12000 0.00000 -0.24000
v 0.12000 0.00000 -0.24000
v 0.12000 0.01200 -0.06000
v 0.12000 0.01200 -0.24000
v 0.12000 0.00000 -0.06000
v 0.12000 0.00000 -0.06000
v -0.12000 0.01200 -0.06000
v 0.12000 0.01200 -0.06000
v -0.12000 0.00000 -0.06000
v -0.12000 0.00000 -0.24000
v 0.12000 0.00000 -0.06000
v 0.12000 0.00000 -0.24000
v -0.12000 0.00000 -0.06000
v 0.12000 0.01200 -0.24000
v -0.12000 0.01200 -0.06000
v -0.12000 0.01200 -0.24000
v 0.12000 0.01200 -0.06000
v 0.31200 0.00300 -0.23850
v -0.01200 0.18400 -0.23850
v 0.31200 0.18400 -0.23850
v -0.01200 0.00300 -0.23850
v 0.31500 0.00300 -0.37850
v 0.31500 0.18400 -0.24150
v 0.31500 0.18400 -0.37850
v 0.31500 0.00300 -0.24150
v 0.31200 0.18700 -0.37850
v -0.01200 0.18700 -0.24150
v -0.01200 0.18700 -0.37850
v 0.31200 0.18700 -0.24150
v -0.01500 0.00300 -0.24150
v -0.01500 0.18400 -0.37850
v -0.01500 0.18400 -0.24150
v -0.01500 0.00300 -0.37850
v -0.01200 0.00300 -0.38150
v 0.31200 0.18400 -0.38150
v -0.01200 0.18400 -0.38150
v 0.31200 0.00300 -0.38150
v -0.01200 0.00000 -0.24150
v -0.01500 0.00300 -0.24150
v -0.01200 0.00300 -0.23850
v -0.01200 0.18400 -0.23850
v -0.01500 0.18400 -0.24150
v -0.01200 0.18700 -0.24150
v -0.01200 0.00000 -0.37850
v -0.01200 0.00300 -0.38150
v -0.01500 0.00300 -0.37850
v -0.01200 0.18700 -0.37850
v -0.01500 0.18400 -0.37850
v -0.01200 0.18400 -0.38150
v 0.31200 0.00000 -0.24150
v 0.31200 0.00300 -0.23850
v 0.31500 0.00300 -0.24150
v 0.31200 0.18700 -0.24150
v 0.31500 0.18400 -0.24150
v 0.31200 0.18400 -0.23850
v 0.31200 0.00000 -0.37850
v 0.31500 0.00300 -0.37850
v 0.31200 0.00300 -0.38150
v 0.31200 0.18700 -0.37850
v 0.31200 0.18400 -0.38150
v 0.31500 0.18400 -0.37850
v -0.01200 0.00000 -0.37850
v -0.01500 0.00300 -0.24150
v -0.01200 0.00000 -0.24150
v -0.01500 0.00300 -0.37850
v -0.01200 0.00300 -0.23850
v -0.01500 0.18400 -0.24150
v -0.01200 0.18400 -0.23850
v -0.01500 0.00300 -0.24150
v -0.01200 0.18700 -0.24150
v -0.01500 0.18400 -0.37850
v -0.01200 0.18700 -0.37850
v -0.01500 0.18400 -0.24150
v -0.01200 0.18400 -0.38150
v -0.01500 0.00300 -0.37850
v -0.01200 0.00300 -0.38150
v -0.01500 0.18400 -0.37850
v 0.31200 0.00000 -0.37850
v -0.01200 0.00300 -0.38150
v -0.01200 0.00000 -0.37850
v 0.31200 0.00300 -0.38150
v -0.01200 0.18700 -0.37850
v 0.31200 0.18400 -0.38150
v 0.31200 0.18700 -0.37850
v -0.01200 0.18400 -0.38150
v 0.31500 0.18400 -0.37850
v 0.31200 0.00300 -0.38150
v 0.31500 0.00300 -0.37850
v 0.31200 0.18400 -0.38150
v 0.31200 0.00000 -0.24150
v 0.31500 0.00300 -0.37850
v 0.31200 0.00000 -0.37850
v 0.31500 0.00300 -0.24150
v 0.31200 0.18700 -0.37850
v 0.31500 0.18400 -0.24150
v 0.31200 0.18700 -0.24150
v 0.31500 0.18400 -0.37850
v 0.31200 0.18400 -0.23850
v 0.31500 0.00300 -0.24150
v 0.31200 0.00300 -0.23850
v 0.31500 0.18400 -0.24150
v -0.01200 0.00000 -0.24150
v 0.31200 0.00300 -0.23850
v 0.31200 0.00000 -0.24150
v -0.01200 0.00300 -0.23850
v 0.31200 0.18700 -0.24150
v -0.01200 0.18400 -0.23850
v -0.01200 0.18700 -0.24150
v 0.31200 0.18400 -0.23850
v -0.01200 0.00000 -0.37850
v 0.31200 0.00000 -0.24150
v 0.31200 0.00000 -0.37850
v -0.01200 0.00000 -0.24150
v 0.40550 0.00300 -0.24950
v 0.29050 0.39300 -0.24950
v 0.40550 0.39300 -0.24950
v 0.29050 0.00300 -0.24950
v 0.40850 0.00300 -0.36750
v 0.40850 0.39300 -0.25250
v 0.40850 0.39300 -0.36750
v 0.40850 0.00300 -0.25250
v 0.40550 0.39600 -0.36750
v 0.29050 0.39600 -0.25250
v 0.29050 0.39600 -0.36750
v 0.40550 0.39600 -0.25250
v 0.28750 0.00300 -0.25250
v 0.28750 0.39300 -0.36750
v 0.28750 0.39300 -0.25250
v 0.28750 0.00300 -0.36750
v 0.29050 0.00300 -0.37050
v 0.40550 0.39300 -0.37050
v 0.29050 0.39300 -0.37050
v 0.40550 0.00300 -0.37050
v 0.29050 0.00000 -0.25250
v 0.28750 0.00300 -0.25250
v 0.29050 0.00300 -0.24950
v 0.29050 0.39300 -0.24950
v 0.28750 0.39300 -0.25250
v 0.29050 0.39600 -0.25250
v 0.29050 0.00000 -0.36750
v 0.29050 0.00300 -0.37050
v 0.28750 0.00300 -0.36750
v 0.29050 0.39600 -0.36750
v 0.28750 0.39300 -0.36750
v 0.29050 0.39300 -0.37050
v 0.40550 0.00000 -0.25250
v 0.40550 0.00300 -0.24950
v 0.40850 0.00300 -0.25250
v 0.40550 0.39600 -0.25250
v 0.40850 0.39300 -0.25250
v 0.40550 0.39300 -0.24950
v 0.40550 0.00000 -0.36750
v 0.40850 0.00300 -0.36750
v 0.40550 0.00300 -0.37050
v 0.40550 0.39600 -0.36750
v 0.40550 0.39300 -0.37050
v 0.40850 0.39300 -0.36750
v 0.29050 0.00000 -0.36750
v 0.28750 0.00300 -0.25250
v 0.29050 0.00000 -0.25250
v 0.28750 0.00300 -0.36750
v 0.29050 0.00300 -0.24950
v 0.28750 0.39300 -0.25250
v 0.29050 0.39300 -0.24950
v 0.28750 0.00300 -0.25250
v 0.29050 0.39600 -0.25250
v 0.28750 0.39300 -0.36750
v 0.29050 0.39600 -0.36750
v 0.28750 0.39300 -0.25250
v 0.29050 0.39300 -0.37050
v 0.28750 0.00300 -0.36750
v 0.29050 0.00300 -0.37050
v 0.28750 0.39300 -0.36750
v 0.40550 0.00000 -0.36750
v 0.29050 0.00300 -0.37050
v 0.29050 0.00000 -0.36750
v 0.40550 0.00300 -0.37050
v 0.29050 0.39600 -0.36750
v 0.40550 0.39300 -0.37050
v 0.40550 0.39600 -0.36750
v 0.29050 0.39300 -0.37050
v 0.40850 0.39300 -0.36750
v 0.40550 0.00300 -0.37050
v 0.40850 0.00300 -0.36750
v 0.40550 0.39300 -0.37050
v 0.40550 0.00000 -0.25250
v 0.40850 0.00300 -0.36750
v 0.40550 0.00000 -0.36750
v 0.40850 0.00300 -0.25250
v 0.40550 0.39600 -0.36750
v 0.40850 0.39300 -0.25250
v 0.40550 0.39600 -0.25250
v 0.40850 0.39300 -0.36750
v 0.40550 0.39300 -0.24950
v 0.40850 0.00300 -0.25250
v 0.40550 0.00300 -0.24950
v 0.40850 0.39300 -0.25250
v 0.29050 0.00000 -0.25250
v 0.40550 0.00300 -0.24950
v 0.40550 0.00000 -0.25250
v 0.29050 0.00300 -0.24950
v 0.40550 0.39600 -0.25250
v 0.29050 0.39300 -0.24950
v 0.29050 0.39600 -0.25250
v 0.40550 0.39300 -0.24950
v 0.29050 0.00000 -0.36750
v 0.40550 0.00000 -0.25250
v 0.40550 0.00000 -0.36750
v 0.29050 0.00000 -0.25250
v -0.27500 0.00000 -0.04000
v -0.27500 0.26510 -0.18000
v -0.27500 0.26510 -0.04000
v -0.27500 0.00000 -0.18000
v -0.27500 0.00000 -0.18000
v -0.12500 0.26510 -0.18000
v -0.27500 0.26510 -0.18000
v -0.12500 0.00000 -0.18000
v -0.12500 0.00000 -0.18000
v -0.12500 0.26510 -0.04000
v -0.12500 0.26510 -0.18000
v -0.12500 0.00000 -0.04000
v -0.12500 0.00000 -0.04000
v -0.27500 0.26510 -0.04000
v -0.12500 0.26510 -0.04000
v -0.27500 0.00000 -0.04000
v -0.27500 0.00000 -0.18000
v -0.12500 0.00000 -0.04000
v -0.12500 0.00000 -0.18000
v -0.27500 0.00000 -0.04000
v -0.12500 0.26510 -0.18000
v -0.27500 0.26510 -0.04000
v -0.27500 0.26510 -0.18000
v -0.12500 0.26510 -0.04000
v -0.41120 0.00000 0.03000
v -0.41120 0.24135 -0.11000
v -0.41120 0.24135 0.03000
v -0.41120 0.00000 -0.11000
v -0.41120 0.00000 -0.11000
v -0.30500 0.24135 -0.11000
v -0.41120 0.24135 -0.11000
v -0.30500 0.00000 -0.11000
v -0.30500 0.00000 -0.11000
v -0.30500 0.24135 0.03000
v -0.30500 0.24135 -0.11000
v -0.30500 0.00000 0.03000
v -0.30500 0.00000 0.03000
v -0.41120 0.24135 0.03000
v -0.30500 0.24135 0.03000
v -0.41120 0.00000 0.03000
v -0.41120 0.00000 -0.11000
v -0.30500 0.00000 0.03000
v -0.30500 0.00000 -0.11000
v -0.41120 0.00000 0.03000
v -0.30500 0.24135 -0.11000
v -0.41120 0.24135 0.03000
v -0.41120 0.24135 -0.11000
v -0.30500 0.24135 0.03000
v 0.30500 0.00000 0.03000
v 0.30500 0.20477 -0.11000
v 0.30500 0.20477 0.03000
v 0.30500 0.00000 -0.11000
v 0.30500 0.00000 -0.11000
v 0.42320 0.20477 -0.11000
v 0.30500 0.20477 -0.11000
v 0.42320 0.00000 -0.11000
v 0.42320 0.00000 -0.11000
v 0.42320 0.20477 0.03000
v 0.42320 0.20477 -0.11000
v 0.42320 0.00000 0.03000
v 0.42320 0.00000 0.03000
v 0.30500 0.20477 0.03000
v 0.42320 0.20477 0.03000
v 0.30500 0.00000 0.03000
v 0.30500 0.00000 -0.11000
v 0.42320 0.00000 0.03000
v 0.42320 0.00000 -0.11000
v 0.30500 0.00000 0.03000
v 0.42320 0.20477 -0.11000
v 0.30500 0.20477 0.03000
v 0.30500 0.20477 -0.11000
v 0.42320 0.20477 0.03000
v -0.47500 0.00000 0.19400
v -0.47500 0.28849 0.07000
v -0.47500 0.28849 0.19400
v -0.47500 0.00000 0.07000
v -0.47500 0.00000 0.07000
v -0.35239 0.28849 0.07000
v -0.47500 0.28849 0.07000
v -0.35239 0.00000 0.07000
v -0.35239 0.00000 0.07000
v -0.35239 0.28849 0.19400
v -0.35239 0.28849 0.07000
v -0.35239 0.00000 0.19400
v -0.35239 0.00000 0.19400
v -0.47500 0.28849 0.19400
v -0.35239 0.28849 0.19400
v -0.47500 0.00000 0.19400
v -0.47500 0.00000 0.07000
v -0.35239 0.00000 0.19400
v -0.35239 0.00000 0.07000
v -0.47500 0.00000 0.19400
v -0.35239 0.28849 0.07000
v -0.47500 0.28849 0.19400
v -0.47500 0.28849 0.07000
v -0.35239 0.28849 0.19400
v 0.77280 0.19000 -0.04225
v 0.71623 0.22750 0.00577
v 0.77280 0.22750 -0.04225
v 0.71623 0.19000 0.00577
v 0.71623 0.19000 0.00577
v 0.68387 0.22750 -0.03234
v 0.71623 0.22750 0.00577
v 0.68387 0.19000 -0.03234
v 0.68387 0.19000 -0.03234
v 0.74043 0.22750 -0.08037
v 0.68387 0.22750 -0.03234
v 0.74043 0.19000 -0.08037
v 0.74043 0.19000 -0.08037
v 0.77280 0.22750 -0.04225
v 0.74043 0.22750 -0.08037
v 0.77280 0.19000 -0.04225
v 0.71623 0.19000 0.00577
v 0.74043 0.19000 -0.08037
v 0.68387 0.19000 -0.03234
v 0.77280 0.19000 -0.04225
v 0.68387 0.22750 -0.03234
v 0.77280 0.22750 -0.04225
v 0.71623 0.22750 0.00577
v 0.74043 0.22750 -0.08037
v 0.70946 0.19000 -0.11685
v 0.65290 0.22750 -0.06882
v 0.70946 0.22750 -0.11685
v 0.65290 0.19000 -0.06882
v 0.65290 0.19000 -0.06882
v 0.62054 0.22750 -0.10694
v 0.65290 0.22750 -0.06882
v 0.62054 0.19000 -0.10694
v 0.62054 0.19000 -0.10694
v 0.67710 0.22750 -0.15496
v 0.62054 0.22750 -0.10694
v 0.67710 0.19000 -0.15496
v 0.67710 0.19000 -0.15496
v 0.70946 0.22750 -0.11685
v 0.67710 0.22750 -0.15496
v 0.70946 0.19000 -0.11685
v 0.65290 0.19000 -0.06882
v 0.67710 0.19000 -0.15496
v 0.62054 0.19000 -0.10694
v 0.70946 0.19000 -0.11685
v 0.62054 0.22750 -0.10694
v 0.70946 0.22750 -0.11685
v 0.65290 0.22750 -0.06882
v 0.67710 0.22750 -0.15496
v 0.64613 0.19000 -0.19144
v 0.58957 0.22750 -0.14341
v 0.64613 0.22750 -0.19144
v 0.58957 0.19000 -0.14341
v 0.58957 0.19000 -0.14341
v 0.55720 0.22750 -0.18153
v 0.58957 0.22750 -0.14341
v 0.55720 0.19000 -0.18153
v 0.55720 0.19000 -0.18153
v 0.61377 0.22750 -0.22955
v 0.55720 0.22750 -0.18153
v 0.61377 0.19000 -0.22955
v 0.61377 0.19000 -0.22955
v 0.64613 0.22750 -0.19144
v 0.61377 0.22750 -0.22955
v 0.64613 0.19000 -0.19144
v 0.58957 0.19000 -0.14341
v 0.61377 0.19000 -0.22955
v 0.55720 0.19000 -0.18153
v 0.64613 0.19000 -0.19144
v 0.55720 0.22750 -0.18153
v 0.64613 0.22750 -0.19144
v 0.58957 0.22750 -0.14341
v 0.61377 0.22750 -0.22955
v 0.58280 0.19000 -0.26603
v 0.52623 0.22750 -0.21801
v 0.58280 0.22750 -0.26603
v 0.52623 0.19000 -0.21801
v 0.52623 0.19000 -0.21801
v 0.49387 0.22750 -0.25612
v 0.52623 0.22750 -0.21801
v 0.49387 0.19000 -0.25612
v 0.49387 0.19000 -0.25612
v 0.55043 0.22750 -0.30415
v 0.49387 0.22750 -0.25612
v 0.55043 0.19000 -0.30415
v 0.55043 0.19000 -0.30415
v 0.58280 0.22750 -0.26603
v 0.55043 0.22750 -0.30415
v 0.58280 0.19000 -0.26603
v 0.52623 0.19000 -0.21801
v 0.55043 0.19000 -0.30415
v 0.49387 0.19000 -0.25612
v 0.58280 0.19000 -0.26603
v 0.49387 0.22750 -0.25612
v 0.58280 0.22750 -0.26603
v 0.52623 0.22750 -0.21801
v 0.55043 0.22750 -0.30415
v 0.51946 0.19000 -0.34063
v 0.46290 0.22750 -0.29260
v 0.51946 0.22750 -0.34063
v 0.46290 0.19000 -0.29260
v 0.46290 0.19000 -0.29260
v 0.43054 0.22750 -0.33072
v 0.46290 0.22750 -0.29260
v 0.43054 0.19000 -0.33072
v 0.43054 0.19000 -0.33072
v 0.48710 0.22750 -0.37874
v 0.43054 0.22750 -0.33072
v 0.48710 0.19000 -0.37874
v 0.48710 0.19000 -0.37874
v 0.51946 0.22750 -0.34063
v 0.48710 0.22750 -0.37874
v 0.51946 0.19000 -0.34063
v 0.46290 0.19000 -0.29260
v 0.48710 0.19000 -0.37874
v 0.43054 0.19000 -0.33072
v 0.51946 0.19000 -0.34063
v 0.43054 0.22750 -0.33072
v 0.51946 0.22750 -0.34063
v 0.46290 0.22750 -0.29260
v 0.48710 0.22750 -0.37874
v 0.45613 0.19000 -0.41522
v 0.39957 0.22750 -0.36720
v 0.45613 0.22750 -0.41522
v 0.39957 0.19000 -0.36720
v 0.39957 0.19000 -0.36720
v 0.36720 0.22750 -0.40531
v 0.39957 0.22750 -0.36720
v 0.36720 0.19000 -0.40531
v 0.36720 0.19000 -0.40531
v 0.42377 0.22750 -0.45333
v 0.36720 0.22750 -0.40531
v 0.42377 0.19000 -0.45333
v 0.42377 0.19000 -0.45333
v 0.45613 0.22750 -0.41522
v 0.42377 0.22750 -0.45333
v 0.45613 0.19000 -0.41522
v 0.39957 0.19000 -0.36720
v 0.42377 0.19000 -0.45333
v 0.36720 0.19000 -0.40531
v 0.45613 0.19000 -0.41522
v 0.36720 0.22750 -0.40531
v 0.45613 0.22750 -0.41522
v 0.39957 0.22750 -0.36720
v 0.42377 0.22750 -0.45333
v 0.35750 0.19000 -0.48466
v 0.35750 0.22750 -0.41046
v 0.35750 0.22750 -0.48466
v 0.35750 0.19000 -0.41046
v 0.35750 0.19000 -0.41046
v 0.30750 0.22750 -0.41046
v 0.35750 0.22750 -0.41046
v 0.30750 0.19000 -0.41046
v 0.30750 0.19000 -0.41046
v 0.30750 0.22750 -0.48466
v 0.30750 0.22750 -0.41046
v 0.30750 0.19000 -0.48466
v 0.30750 0.19000 -0.48466
v 0.35750 0.22750 -0.48466
v 0.30750 0.22750 -0.48466
v 0.35750 0.19000 -0.48466
v 0.35750 0.19000 -0.41046
v 0.30750 0.19000 -0.48466
v 0.30750 0.19000 -0.41046
v 0.35750 0.19000 -0.48466
v 0.30750 0.22750 -0.41046
v 0.35750 0.22750 -0.48466
v 0.35750 0.22750 -0.41046
v 0.30750 0.22750 -0.48466
v 0.26250 0.19000 -0.48466
v 0.26250 0.22750 -0.41046
v 0.26250 0.22750 -0.48466
v 0.26250 0.19000 -0.41046
v 0.26250 0.19000 -0.41046
v 0.21250 0.22750 -0.41046
v 0.26250 0.22750 -0.41046
v 0.21250 0.19000 -0.41046
v 0.21250 0.19000 -0.41046
v 0.21250 0.22750 -0.48466
v 0.21250 0.22750 -0.41046
v 0.21250 0.19000 -0.48466
v 0.21250 0.19000 -0.48466
v 0.26250 0.22750 -0.48466
v 0.21250 0.22750 -0.48466
v 0.26250 0.19000 -0.48466
v 0.26250 0.19000 -0.41046
v 0.21250 0.19000 -0.48466
v 0.21250 0.19000 -0.41046
v 0.26250 0.19000 -0.48466
v 0.21250 0.22750 -0.41046
v 0.26250 0.22750 -0.48466
v 0.26250 0.22750 -0.41046
v 0.21250 0.22750 -0.48466
v 0.16750 0.19000 -0.48466
v 0.16750 0.22750 -0.41046
v 0.16750 0.22750 -0.48466
v 0.16750 0.19000 -0.41046
v 0.16750 0.19000 -0.41046
v 0.11750 0.22750 -0.41046
v 0.16750 0.22750 -0.41046
v 0.11750 0.19000 -0.41046
v 0.11750 0.19000 -0.41046
v 0.11750 0.22750 -0.48466
v 0.11750 0.22750 -0.41046
v 0.11750 0.19000 -0.48466
v 0.11750 0.19000 -0.48466
v 0.16750 0.22750 -0.48466
v 0.11750 0.22750 -0.48466
v 0.16750 0.19000 -0.48466
v 0.16750 0.19000 -0.41046
v 0.11750 0.19000 -0.48466
v 0.11750 0.19000 -0.41046
v 0.16750 0.19000 -0.48466
v 0.11750 0.22750 -0.41046
v 0.16750 0.22750 -0.48466
v 0.16750 0.22750 -0.41046
v 0.11750 0.22750 -0.48466
v 0.07250 0.19000 -0.48466
v 0.07250 0.22750 -0.41046
v 0.07250 0.22750 -0.48466
v 0.07250 0.19000 -0.41046
v 0.07250 0.19000 -0.41046
v 0.02250 0.22750 -0.41046
v 0.07250 0.22750 -0.41046
v 0.02250 0.19000 -0.41046
v 0.02250 0.19000 -0.41046
v 0.02250 0.22750 -0.48466
v 0.02250 0.22750 -0.41046
v 0.02250 0.19000 -0.48466
v 0.02250 0.19000 -0.48466
v 0.07250 0.22750 -0.48466
v 0.02250 0.22750 -0.48466
v 0.07250 0.19000 -0.48466
v 0.07250 0.19000 -0.41046
v 0.02250 0.19000 -0.48466
v 0.02250 0.19000 -0.41046
v 0.07250 0.19000 -0.48466
v 0.02250 0.22750 -0.41046
v 0.07250 0.22750 -0.48466
v 0.07250 0.22750 -0.41046
v 0.02250 0.22750 -0.48466
v -0.02250 0.19000 -0.48466
v -0.02250 0.22750 -0.41046
v -0.02250 0.22750 -0.48466
v -0.02250 0.19000 -0.41046
v -0.02250 0.19000 -0.41046
v -0.07250 0.22750 -0.41046
v -0.02250 0.22750 -0.41046
v -0.07250 0.19000 -0.41046
v -0.07250 0.19000 -0.41046
v -0.07250 0.22750 -0.48466
v -0.07250 0.22750 -0.41046
v -0.07250 0.19000 -0.48466
v -0.07250 0.19000 -0.48466
v -0.02250 0.22750 -0.48466
v -0.07250 0.22750 -0.48466
v -0.02250 0.19000 -0.48466
v -0.02250 0.19000 -0.41046
v -0.07250 0.19000 -0.48466
v -0.07250 0.19000 -0.41046
v -0.02250 0.19000 -0.48466
v -0.07250 0.22750 -0.41046
v -0.02250 0.22750 -0.48466
v -0.02250 0.22750 -0.41046
v -0.07250 0.22750 -0.48466
v -0.11750 0.19000 -0.48466
v -0.11750 0.22750 -0.41046
v -0.11750 0.22750 -0.48466
v -0.11750 0.19000 -0.41046
v -0.11750 0.19000 -0.41046
v -0.16750 0.22750 -0.41046
v -0.11750 0.22750 -0.41046
v -0.16750 0.19000 -0.41046
v -0.16750 0.19000 -0.41046
v -0.16750 0.22750 -0.48466
v -0.16750 0.22750 -0.41046
v -0.16750 0.19000 -0.48466
v -0.16750 0.19000 -0.48466
v -0.11750 0.22750 -0.48466
v -0.16750 0.22750 -0.48466
v -0.11750 0.19000 -0.48466
v -0.11750 0.19000 -0.41046
v -0.16750 0.19000 -0.48466
v -0.16750 0.19000 -0.41046
v -0.11750 0.19000 -0.48466
v -0.16750 0.22750 -0.41046
v -0.11750 0.22750 -0.48466
v -0.11750 0.22750 -0.41046
v -0.16750 0.22750 -0.48466
v -0.21250 0.19000 -0.48466
v -0.21250 0.22750 -0.41046
v -0.21250 0.22750 -0.48466
v -0.21250 0.19000 -0.41046
v -0.21250 0.19000 -0.41046
v -0.26250 0.22750 -0.41046
v -0.21250 0.22750 -0.41046
v -0.26250 0.19000 -0.41046
v -0.26250 0.19000 -0.41046
v -0.26250 0.22750 -0.48466
v -0.26250 0.22750 -0.41046
v -0.26250 0.19000 -0.48466
v -0.26250 0.19000 -0.48466
v -0.21250 0.22750 -0.48466
v -0.26250 0.22750 -0.48466
v -0.21250 0.19000 -0.48466
v -0.21250 0.19000 -0.41046
v -0.26250 0.19000 -0.48466
v -0.26250 0.19000 -0.41046
v -0.21250 0.19000 -0.48466
v -0.26250 0.22750 -0.41046
v -0.21250 0.22750 -0.48466
v -0.21250 0.22750 -0.41046
v -0.26250 0.22750 -0.48466
v -0.30750 0.19000 -0.48466
v -0.30750 0.22750 -0.41046
v -0.30750 0.22750 -0.48466
v -0.30750 0.19000 -0.41046
v -0.30750 0.19000 -0.41046
v -0.35750 0.22750 -0.41046
v -0.30750 0.22750 -0.41046
v -0.35750 0.19000 -0.41046
v -0.35750 0.19000 -0.41046
v -0.35750 0.22750 -0.48466
v -0.35750 0.22750 -0.41046
v -0.35750 0.19000 -0.48466
v -0.35750 0.19000 -0.48466
v -0.30750 0.22750 -0.48466
v -0.35750 0.22750 -0.48466
v -0.30750 0.19000 -0.48466
v -0.30750 0.19000 -0.41046
v -0.35750 0.19000 -0.48466
v -0.35750 0.19000 -0.41046
v -0.30750 0.19000 -0.48466
v -0.35750 0.22750 -0.41046
v -0.30750 0.22750 -0.48466
v -0.30750 0.22750 -0.41046
v -0.35750 0.22750 -0.48466
v -0.42377 0.19000 -0.45333
v -0.36720 0.22750 -0.40531
v -0.42377 0.22750 -0.45333
v -0.36720 0.19000 -0.40531
v -0.36720 0.19000 -0.40531
v -0.39957 0.22750 -0.36720
v -0.36720 0.22750 -0.40531
v -0.39957 0.19000 -0.36720
v -0.39957 0.19000 -0.36720
v -0.45613 0.22750 -0.41522
v -0.39957 0.22750 -0.36720
v -0.45613 0.19000 -0.41522
v -0.45613 0.19000 -0.41522
v -0.42377 0.22750 -0.45333
v -0.45613 0.22750 -0.41522
v -0.42377 0.19000 -0.45333
v -0.36720 0.19000 -0.40531
v -0.45613 0.19000 -0.41522
v -0.39957 0.19000 -0.36720
v -0.42377 0.19000 -0.45333
v -0.39957 0.22750 -0.36720
v -0.42377 0.22750 -0.45333
v -0.36720 0.22750 -0.40531
v -0.45613 0.22750 -0.41522
v -0.48710 0.19000 -0.37874
v -0.43054 0.22750 -0.33072
v -0.48710 0.22750 -0.37874
v -0.43054 0.19000 -0.33072
v -0.43054 0.19000 -0.33072
v -0.46290 0.22750 -0.29260
v -0.43054 0.22750 -0.33072
v -0.46290 0.19000 -0.29260
v -0.46290 0.19000 -0.29260
v -0.51946 0.22750 -0.34063
v -0.46290 0.22750 -0.29260
v -0.51946 0.19000 -0.34063
v -0.51946 0.19000 -0.34063
v -0.48710 0.22750 -0.37874
v -0.51946 0.22750 -0.34063
v -0.48710 0.19000 -0.37874
v -0.43054 0.19000 -0.33072
v -0.51946 0.19000 -0.34063
v -0.46290 0.19000 -0.29260
v -0.48710 0.19000 -0.37874
v -0.46290 0.22750 -0.29260
v -0.48710 0.22750 -0.37874
v -0.43054 0.22750 -0.33072
v -0.51946 0.22750 -0.34063
v -0.55043 0.19000 -0.30415
v -0.49387 0.22750 -0.25612
v -0.55043 0.22750 -0.30415
v -0.49387 0.19000 -0.25612
v -0.49387 0.19000 -0.25612
v -0.52623 0.22750 -0.21801
v -0.49387 0.22750 -0.25612
v -0.52623 0.19000 -0.21801
v -0.52623 0.19000 -0.21801
v -0.58280 0.22750 -0.26603
v -0.52623 0.22750 -0.21801
v -0.58280 0.19000 -0.26603
v -0.58280 0.19000 -0.26603
v -0.55043 0.22750 -0.30415
v -0.58280 0.22750 -0.26603
v -0.55043 0.19000 -0.30415
v -0.49387 0.19000 -0.25612
v -0.58280 0.19000 -0.26603
v -0.52623 0.19000 -0.21801
v -0.55043 0.19000 -0.30415
v -0.52623 0.22750 -0.21801
v -0.55043 0.22750 -0.30415
v -0.49387 0.22750 -0.25612
v -0.58280 0.22750 -0.26603
v -0.61377 0.19000 -0.22955
v -0.55720 0.22750 -0.18153
v -0.61377 0.22750 -0.22955
v -0.55720 0.19000 -0.18153
v -0.55720 0.19000 -0.18153
v -0.58957 0.22750 -0.14341
v -0.55720 0.22750 -0.18153
v -0.58957 0.19000 -0.14341
v -0.58957 0.19000 -0.14341
v -0.64613 0.22750 -0.19144
v -0.58957 0.22750 -0.14341
v -0.64613 0.19000 -0.19144
v -0.64613 0.19000 -0.19144
v -0.61377 0.22750 -0.22955
v -0.64613 0.22750 -0.19144
v -0.61377 0.19000 -0.22955
v -0.55720 0.19000 -0.18153
v -0.64613 0.19000 -0.19144
v -0.58957 0.19000 -0.14341
v -0.61377 0.19000 -0.22955
v -0.58957 0.22750 -0.14341
v -0.61377 0.22750 -0.22955
v -0.55720 0.22750 -0.18153
v -0.64613 0.22750 -0.19144
v -0.67710 0.19000 -0.15496
v -0.62054 0.22750 -0.10694
v -0.67710 0.22750 -0.15496
v -0.62054 0.19000 -0.10694
v -0.62054 0.19000 -0.10694
v -0.65290 0.22750 -0.06882
v -0.62054 0.22750 -0.10694
v -0.65290 0.19000 -0.06882
v -0.65290 0.19000 -0.06882
v -0.70946 0.22750 -0.11685
v -0.65290 0.22750 -0.06882
v -0.70946 0.19000 -0.11685
v -0.70946 0.19000 -0.11685
v -0.67710 0.22750 -0.15496
v -0.70946 0.22750 -0.11685
v -0.67710 0.19000 -0.15496
v -0.62054 0.19000 -0.10694
v -0.70946 0.19000 -0.11685
v -0.65290 0.19000 -0.06882
v -0.67710 0.19000 -0.15496
v -0.65290 0.22750 -0.06882
v -0.67710 0.22750 -0.15496
v -0.62054 0.22750 -0.10694
v -0.70946 0.22750 -0.11685
v -0.74043 0.19000 -0.08037
v -0.68387 0.22750 -0.03234
v -0.74043 0.22750 -0.08037
v -0.68387 0.19000 -0.03234
v -0.68387 0.19000 -0.03234
v -0.71623 0.22750 0.00577
v -0.68387 0.22750 -0.03234
v -0.71623 0.19000 0.00577
v -0.71623 0.19000 0.00577
v -0.77280 0.22750 -0.04225
v -0.71623 0.22750 0.00577
v -0.77280 0.19000 -0.04225
v -0.77280 0.19000 -0.04225
v -0.74043 0.22750 -0.08037
v -0.77280 0.22750 -0.04225
v -0.74043 0.19000 -0.08037
v -0.68387 0.19000 -0.03234
v -0.77280 0.19000 -0.04225
v -0.71623 0.19000 0.00577
v -0.74043 0.19000 -0.08037
v -0.71623 0.22750 0.00577
v -0.74043 0.22750 -0.08037
v -0.68387 0.22750 -0.03234
v -0.77280 0.22750 -0.04225
v -0.77280 0.19000 0.04225
v -0.71623 0.22750 -0.00577
v -0.77280 0.22750 0.04225
v -0.71623 0.19000 -0.00577
v -0.71623 0.19000 -0.00577
v -0.68387 0.22750 0.03234
v -0.71623 0.22750 -0.00577
v -0.68387 0.19000 0.03234
v -0.68387 0.19000 0.03234
v -0.74043 0.22750 0.08037
v -0.68387 0.22750 0.03234
v -0.74043 0.19000 0.08037
v -0.74043 0.19000 0.08037
v -0.77280 0.22750 0.04225
v -0.74043 0.22750 0.08037
v -0.77280 0.19000 0.04225
v -0.71623 0.19000 -0.00577
v -0.74043 0.19000 0.08037
v -0.68387 0.19000 0.03234
v -0.77280 0.19000 0.04225
v -0.68387 0.22750 0.03234
v -0.77280 0.22750 0.04225
v -0.71623 0.22750 -0.00577
v -0.74043 0.22750 0.08037
v -0.70946 0.19000 0.11685
v -0.65290 0.22750 0.06882
v -0.70946 0.22750 0.11685
v -0.65290 0.19000 0.06882
v -0.65290 0.19000 0.06882
v -0.62054 0.22750 0.10694
v -0.65290 0.22750 0.06882
v -0.62054 0.19000 0.10694
v -0.62054 0.19000 0.10694
v -0.67710 0.22750 0.15496
v -0.62054 0.22750 0.10694
v -0.67710 0.19000 0.15496
v -0.67710 0.19000 0.15496
v -0.70946 0.22750 0.11685
v -0.67710 0.22750 0.15496
v -0.70946 0.19000 0.11685
v -0.65290 0.19000 0.06882
v -0.67710 0.19000 0.15496
v -0.62054 0.19000 0.10694
v -0.70946 0.19000 0.11685
v -0.62054 0.22750 0.10694
v -0.70946 0.22750 0.11685
v -0.65290 0.22750 0.06882
v -0.67710 0.22750 0.15496
v -0.64613 0.19000 0.19144
v -0.58957 0.22750 0.14341
v -0.64613 0.22750 0.19144
v -0.58957 0.19000 0.14341
v -0.58957 0.19000 0.14341
v -0.55720 0.22750 0.18153
v -0.58957 0.22750 0.14341
v -0.55720 0.19000 0.18153
v -0.55720 0.19000 0.18153
v -0.61377 0.22750 0.22955
v -0.55720 0.22750 0.18153
v -0.61377 0.19000 0.22955
v -0.61377 0.19000 0.22955
v -0.64613 0.22750 0.19144
v -0.61377 0.22750 0.22955
v -0.64613 0.19000 0.19144
v -0.58957 0.19000 0.14341
v -0.61377 0.19000 0.22955
v -0.55720 0.19000 0.18153
v -0.64613 0.19000 0.19144
v -0.55720 0.22750 0.18153
v -0.64613 0.22750 0.19144
v -0.58957 0.22750 0.14341
v -0.61377 0.22750 0.22955
v -0.58280 0.19000 0.26603
v -0.52623 0.22750 0.21801
v -0.58280 0.22750 0.26603
v -0.52623 0.19000 0.21801
v -0.52623 0.19000 0.21801
v -0.49387 0.22750 0.25612
v -0.52623 0.22750 0.21801
v -0.49387 0.19000 0.25612
v -0.49387 0.19000 0.25612
v -0.55043 0.22750 0.30415
v -0.49387 0.22750 0.25612
v -0.55043 0.19000 0.30415
v -0.55043 0.19000 0.30415
v -0.58280 0.22750 0.26603
v -0.55043 0.22750 0.30415
v -0.58280 0.19000 0.26603
v -0.52623 0.19000 0.21801
v -0.55043 0.19000 0.30415
v -0.49387 0.19000 0.25612
v -0.58280 0.19000 0.26603
v -0.49387 0.22750 0.25612
v -0.58280 0.22750 0.26603
v -0.52623 0.22750 0.21801
v -0.55043 0.22750 0.30415
v -0.51946 0.19000 0.34063
v -0.46290 0.22750 0.29260
v -0.51946 0.22750 0.34063
v -0.46290 0.19000 0.29260
v -0.46290 0.19000 0.29260
v -0.43054 0.22750 0.33072
v -0.46290 0.22750 0.29260
v -0.43054 0.19000 0.33072
v -0.43054 0.19000 0.33072
v -0.48710 0.22750 0.37874
v -0.43054 0.22750 0.33072
v -0.48710 0.19000 0.37874
v -0.48710 0.19000 0.37874
v -0.51946 0.22750 0.34063
v -0.48710 0.22750 0.37874
v -0.51946 0.19000 0.34063
v -0.46290 0.19000 0.29260
v -0.48710 0.19000 0.37874
v -0.43054 0.19000 0.33072
v -0.51946 0.19000 0.34063
v -0.43054 0.22750 0.33072
v -0.51946 0.22750 0.34063
v -0.46290 0.22750 0.29260
v -0.48710 0.22750 0.37874
v -0.45613 0.19000 0.41522
v -0.39957 0.22750 0.36720
v -0.45613 0.22750 0.41522
v -0.39957 0.19000 0.36720
v -0.39957 0.19000 0.36720
v -0.36720 0.22750 0.40531
v -0.39957 0.22750 0.36720
v -0.36720 0.19000 0.40531
v -0.36720 0.19000 0.40531
v -0.42377 0.22750 0.45333
v -0.36720 0.22750 0.40531
v -0.42377 0.19000 0.45333
v -0.42377 0.19000 0.45333
v -0.45613 0.22750 0.41522
v -0.42377 0.22750 0.45333
v -0.45613 0.19000 0.41522
v -0.39957 0.19000 0.36720
v -0.42377 0.19000 0.45333
v -0.36720 0.19000 0.40531
v -0.45613 0.19000 0.41522
v -0.36720 0.22750 0.40531
v -0.45613 0.22750 0.41522
v -0.39957 0.22750 0.36720
v -0.42377 0.22750 0.45333
v -0.35167 0.19000 0.48466
v -0.35167 0.22750 0.41046
v -0.35167 0.22750 0.48466
v -0.35167 0.19000 0.41046
v -0.35167 0.19000 0.41046
v -0.30167 0.22750 0.41046
v -0.35167 0.22750 0.41046
v -0.30167 0.19000 0.41046
v -0.30167 0.19000 0.41046
v -0.30167 0.22750 0.48466
v -0.30167 0.22750 0.41046
v -0.30167 0.19000 0.48466
v -0.30167 0.19000 0.48466
v -0.35167 0.22750 0.48466
v -0.30167 0.22750 0.48466
v -0.35167 0.19000 0.48466
v -0.35167 0.19000 0.41046
v -0.30167 0.19000 0.48466
v -0.30167 0.19000 0.41046
v -0.35167 0.19000 0.48466
v -0.30167 0.22750 0.41046
v -0.35167 0.22750 0.48466
v -0.35167 0.22750 0.41046
v -0.30167 0.22750 0.48466
v -0.24500 0.19000 0.48466
v -0.24500 0.22750 0.41046
v -0.24500 0.22750 0.48466
v -0.24500 0.19000 0.41046
v -0.24500 0.19000 0.41046
v -0.19500 0.22750 0.41046
v -0.24500 0.22750 0.41046
v -0.19500 0.19000 0.41046
v -0.19500 0.19000 0.41046
v -0.19500 0.22750 0.48466
v -0.19500 0.22750 0.41046
v -0.19500 0.19000 0.48466
v -0.19500 0.19000 0.48466
v -0.24500 0.22750 0.48466
v -0.19500 0.22750 0.48466
v -0.24500 0.19000 0.48466
v -0.24500 0.19000 0.41046
v -0.19500 0.19000 0.48466
v -0.19500 0.19000 0.41046
v -0.24500 0.19000 0.48466
v -0.19500 0.22750 0.41046
v -0.24500 0.22750 0.48466
v -0.24500 0.22750 0.41046
v -0.19500 0.22750 0.48466
v -0.13833 0.19000 0.48466
v -0.13833 0.22750 0.41046
v -0.13833 0.22750 0.48466
v -0.13833 0.19000 0.41046
v -0.13833 0.19000 0.41046
v -0.08833 0.22750 0.41046
v -0.13833 0.22750 0.41046
v -0.08833 0.19000 0.41046
v -0.08833 0.19000 0.41046
v -0.08833 0.22750 0.48466
v -0.08833 0.22750 0.41046
v -0.08833 0.19000 0.48466
v -0.08833 0.19000 0.48466
v -0.13833 0.22750 0.48466
v -0.08833 0.22750 0.48466
v -0.13833 0.19000 0.48466
v -0.13833 0.19000 0.41046
v -0.08833 0.19000 0.48466
v -0.08833 0.19000 0.41046
v -0.13833 0.19000 0.48466
v -0.08833 0.22750 0.41046
v -0.13833 0.22750 0.48466
v -0.13833 0.22750 0.41046
v -0.08833 0.22750 0.48466
v 0.08833 0.19000 0.48466
v 0.08833 0.22750 0.41046
v 0.08833 0.22750 0.48466
v 0.08833 0.19000 0.41046
v 0.08833 0.19000 0.41046
v 0.13833 0.22750 0.41046
v 0.08833 0.22750 0.41046
v 0.13833 0.19000 0.41046
v 0.13833 0.19000 0.41046
v 0.13833 0.22750 0.48466
v 0.13833 0.22750 0.41046
v 0.13833 0.19000 0.48466
v 0.13833 0.19000 0.48466
v 0.08833 0.22750 0.48466
v 0.13833 0.22750 0.48466
v 0.08833 0.19000 0.48466
v 0.08833 0.19000 0.41046
v 0.13833 0.19000 0.48466
v 0.13833 0.19000 0.41046
v 0.08833 0.19000 0.48466
v 0.13833 0.22750 0.41046
v 0.08833 0.22750 0.48466
v 0.08833 0.22750 0.41046
v 0.13833 0.22750 0.48466
v 0.19500 0.19000 0.48466
v 0.19500 0.22750 0.41046
v 0.19500 0.22750 0.48466
v 0.19500 0.19000 0.41046
v 0.19500 0.19000 0.41046
v 0.24500 0.22750 0.41046
v 0.19500 0.22750 0.41046
v 0.24500 0.19000 0.41046
v 0.24500 0.19000 0.41046
v 0.24500 0.22750 0.48466
v 0.24500 0.22750 0.41046
v 0.24500 0.19000 0.48466
v 0.24500 0.19000 0.48466
v 0.19500 0.22750 0.48466
v 0.24500 0.22750 0.48466
v 0.19500 0.19000 0.48466
v 0.19500 0.19000 0.41046
v 0.24500 0.19000 0.48466
v 0.24500 0.19000 0.41046
v 0.19500 0.19000 0.48466
v 0.24500 0.22750 0.41046
v 0.19500 0.22750 0.48466
v 0.19500 0.22750 0.41046
v 0.24500 0.22750 0.48466
v 0.30167 0.19000 0.48466
v 0.30167 0.22750 0.41046
v 0.30167 0.22750 0.48466
v 0.30167 0.19000 0.41046
v 0.30167 0.19000 0.41046
v 0.35167 0.22750 0.41046
v 0.30167 0.22750 0.41046
v 0.35167 0.19000 0.41046
v 0.35167 0.19000 0.41046
v 0.35167 0.22750 0.48466
v 0.35167 0.22750 0.41046
v 0.35167 0.19000 0.48466
v 0.35167 0.19000 0.48466
v 0.30167 0.22750 0.48466
v 0.35167 0.22750 0.48466
v 0.30167 0.19000 0.48466
v 0.30167 0.19000 0.41046
v 0.35167 0.19000 0.48466
v 0.35167 0.19000 0.41046
v 0.30167 0.19000 0.48466
v 0.35167 0.22750 0.41046
v 0.30167 0.22750 0.48466
v 0.30167 0.22750 0.41046
v 0.35167 0.22750 0.48466
v 0.42377 0.19000 0.45333
v 0.36720 0.22750 0.40531
v 0.42377 0.22750 0.45333
v 0.36720 0.19000 0.40531
v 0.36720 0.19000 0.40531
v 0.39957 0.22750 0.36720
v 0.36720 0.22750 0.40531
v 0.39957 0.19000 0.36720
v 0.39957 0.19000 0.36720
v 0.45613 0.22750 0.41522
v 0.39957 0.22750 0.36720
v 0.45613 0.19000 0.41522
v 0.45613 0.19000 0.41522
v 0.42377 0.22750 0.45333
v 0.45613 0.22750 0.41522
v 0.42377 0.19000 0.45333
v 0.36720 0.19000 0.40531
v 0.45613 0.19000 0.41522
v 0.39957 0.19000 0.36720
v 0.42377 0.19000 0.45333
v 0.39957 0.22750 0.36720
v 0.42377 0.22750 0.45333
v 0.36720 0.22750 0.40531
v 0.45613 0.22750 0.41522
v 0.48710 0.19000 0.37874
v 0.43054 0.22750 0.33072
v 0.48710 0.22750 0.37874
v 0.43054 0.19000 0.33072
v 0.43054 0.19000 0.33072
v 0.46290 0.22750 0.29260
v 0.43054 0.22750 0.33072
v 0.46290 0.19000 0.29260
v 0.46290 0.19000 0.29260
v 0.51946 0.22750 0.34063
v 0.46290 0.22750 0.29260
v 0.51946 0.19000 0.34063
v 0.51946 0.19000 0.34063
v 0.48710 0.22750 0.37874
v 0.51946 0.22750 0.34063
v 0.48710 0.19000 0.37874
v 0.43054 0.19000 0.33072
v 0.51946 0.19000 0.34063
v 0.46290 0.19000 0.29260
v 0.48710 0.19000 0.37874
v 0.46290 0.22750 0.29260
v 0.48710 0.22750 0.37874
v 0.43054 0.22750 0.33072
v 0.51946 0.22750 0.34063
v 0.55043 0.19000 0.30415
v 0.49387 0.22750 0.25612
v 0.55043 0.22750 0.30415
v 0.49387 0.19000 0.25612
v 0.49387 0.19000 0.25612
v 0.52623 0.22750 0.21801
v 0.49387 0.22750 0.25612
v 0.52623 0.19000 0.21801
v 0.52623 0.19000 0.21801
v 0.58280 0.22750 0.26603
v 0.52623 0.22750 0.21801
v 0.58280 0.19000 0.26603
v 0.58280 0.19000 0.26603
v 0.55043 0.22750 0.30415
v 0.58280 0.22750 0.26603
v 0.55043 0.19000 0.30415
v 0.49387 0.19000 0.25612
v 0.58280 0.19000 0.26603
v 0.52623 0.19000 0.21801
v 0.55043 0.19000 0.30415
v 0.52623 0.22750 0.21801
v 0.55043 0.22750 0.30415
v 0.49387 0.22750 0.25612
v 0.58280 0.22750 0.26603
v 0.61377 0.19000 0.22955
v 0.55720 0.22750 0.18153
v 0.61377 0.22750 0.22955
v 0.55720 0.19000 0.18153
v 0.55720 0.19000 0.18153
v 0.58957 0.22750 0.14341
v 0.55720 0.22750 0.18153
v 0.58957 0.19000 0.14341
v 0.58957 0.19000 0.14341
v 0.64613 0.22750 0.19144
v 0.58957 0.22750 0.14341
v 0.64613 0.19000 0.19144
v 0.64613 0.19000 0.19144
v 0.61377 0.22750 0.22955
v 0.64613 0.22750 0.19144
v 0.61377 0.19000 0.22955
v 0.55720 0.19000 0.18153
v 0.64613 0.19000 0.19144
v 0.58957 0.19000 0.14341
v 0.61377 0.19000 0.22955
v 0.58957 0.22750 0.14341
v 0.61377 0.22750 0.22955
v 0.55720 0.22750 0.18153
v 0.64613 0.22750 0.19144
v 0.67710 0.19000 0.15496
v 0.62054 0.22750 0.10694
v 0.67710 0.22750 0.15496
v 0.62054 0.19000 0.10694
v 0.62054 0.19000 0.10694
v 0.65290 0.22750 0.06882
v 0.62054 0.22750 0.10694
v 0.65290 0.19000 0.06882
v 0.65290 0.19000 0.06882
v 0.70946 0.22750 0.11685
v 0.65290 0.22750 0.06882
v 0.70946 0.19000 0.11685
v 0.70946 0.19000 0.11685
v 0.67710 0.22750 0.15496
v 0.70946 0.22750 0.11685
v 0.67710 0.19000 0.15496
v 0.62054 0.19000 0.10694
v 0.70946 0.19000 0.11685
v 0.65290 0.19000 0.06882
v 0.67710 0.19000 0.15496
v 0.65290 0.22750 0.06882
v 0.67710 0.22750 0.15496
v 0.62054 0.22750 0.10694
v 0.70946 0.22750 0.11685
v 0.74043 0.19000 0.08037
v 0.68387 0.22750 0.03234
v 0.74043 0.22750 0.08037
v 0.68387 0.19000 0.03234
v 0.68387 0.19000 0.03234
v 0.71623 0.22750 -0.00577
v 0.68387 0.22750 0.03234
v 0.71623 0.19000 -0.00577
v 0.71623 0.19000 -0.00577
v 0.77280 0.22750 0.04225
v 0.71623 0.22750 -0.00577
v 0.77280 0.19000 0.04225
v 0.77280 0.19000 0.04225
v 0.74043 0.22750 0.08037
v 0.77280 0.22750 0.04225
v 0.74043 0.19000 0.08037
v 0.68387 0.19000 0.03234
v 0.77280 0.19000 0.04225
v 0.71623 0.19000 -0.00577
v 0.74043 0.19000 0.08037
v 0.71623 0.22750 -0.00577
v 0.74043 0.22750 0.08037
v 0.68387 0.22750 0.03234
v 0.77280 0.22750 0.04225
v 0.69514 0.36000 -0.03745
v 0.69167 0.35700 -0.03610
v 0.69457 0.35700 -0.04112
v 0.79745 0.00000 0.06486
v 0.79610 0.00300 0.06833
v 0.72390 0.00300 -0.06833
v 0.75710 0.35700 -0.07722
v 0.72390 0.35700 -0.06833
v 0.75710 0.00300 -0.07722
v 0.72255 0.00000 -0.06486
v 0.72390 0.00300 -0.06833
v 0.82486 0.36000 0.03745
v 0.82833 0.35700 0.03610
v 0.82543 0.35700 0.04112
v 0.82833 0.00300 -0.03610
v 0.82833 0.35700 -0.03610
v 0.68511 0.36000 -0.00000
v 0.68278 0.35700 0.00290
v 0.68278 0.35700 -0.00290
v 0.82486 0.00000 0.03745
v 0.82543 0.00300 0.04112
v 0.82833 0.00300 0.03610
v 0.83722 0.00300 0.00290
v 0.82833 0.35700 0.03610
v 0.83722 0.35700 0.00290
v 0.82833 0.00300 0.03610
v 0.68511 0.00000 0.00000
v 0.68278 0.00300 -0.00290
v 0.68278 0.00300 0.00290
v 0.83489 0.36000 0.00000
v 0.83722 0.35700 -0.00290
v 0.83722 0.35700 0.00290
v 0.82543 0.00300 0.04112
v 0.80112 0.35700 0.06543
v 0.82543 0.35700 0.04112
v 0.80112 0.00300 0.06543
v 0.69514 0.36000 0.03745
v 0.69457 0.35700 0.04112
v 0.69167 0.35700 0.03610
v 0.83489 0.00000 -0.00000
v 0.83722 0.00300 0.00290
v 0.83722 0.00300 -0.00290
v 0.79610 0.00300 0.06833
v 0.76290 0.35700 0.07722
v 0.79610 0.35700 0.06833
v 0.76290 0.00300 0.07722
v 0.69514 0.00000 0.03745
v 0.69167 0.00300 0.03610
v 0.69457 0.00300 0.04112
v 0.82486 0.36000 -0.03745
v 0.82543 0.35700 -0.04112
v 0.82833 0.35700 -0.03610
v 0.75710 0.00300 0.07722
v 0.72390 0.35700 0.06833
v 0.75710 0.35700 0.07722
v 0.72390 0.00300 0.06833
v 0.72255 0.36000 0.06486
v 0.72390 0.35700 0.06833
v 0.82486 0.00000 -0.03745
v 0.82833 0.00300 -0.03610
v 0.82543 0.00300 -0.04112
v 0.71888 0.00300 0.06543
v 0.69457 0.35700 0.04112
v 0.71888 0.35700 0.06543
v 0.69457 0.00300 0.04112
v 0.72255 0.00000 0.06486
v 0.72390 0.00300 0.06833
v 0.79745 0.36000 -0.06486
v 0.79610 0.35700 -0.06833
v 0.69167 0.00300 0.03610
v 0.68278 0.35700 0.00290
v 0.69167 0.35700 0.03610
v 0.68278 0.00300 0.00290
v 0.76000 0.36000 0.07489
v 0.76290 0.35700 0.07722
v 0.75710 0.35700 0.07722
v 0.79745 0.00000 -0.06486
v 0.79610 0.00300 -0.06833
v 0.69167 0.35700 -0.03610
v 0.69167 0.00300 -0.03610
v 0.76000 0.00000 0.07489
v 0.75710 0.00300 0.07722
v 0.76290 0.00300 0.07722
v 0.76000 0.36000 -0.07489
v 0.75710 0.35700 -0.07722
v 0.76290 0.35700 -0.07722
v 0.69457 0.00300 -0.04112
v 0.71888 0.35700 -0.06543
v 0.69457 0.35700 -0.04112
v 0.71888 0.00300 -0.06543
v 0.80112 0.00300 -0.06543
v 0.82543 0.35700 -0.04112
v 0.80112 0.35700 -0.06543
v 0.82543 0.00300 -0.04112
v 0.76000 0.00000 -0.07489
v 0.76290 0.00300 -0.07722
v 0.75710 0.00300 -0.07722
v 0.69514 0.00000 -0.03745
v 0.69457 0.00300 -0.04112
v 0.69167 0.00300 -0.03610
v 0.79745 0.36000 0.06486
v 0.79610 0.35700 0.06833
v 0.76000 0.36000 -0.07489
v 0.76000 0.36000 0.07489
v 0.76290 0.00300 -0.07722
v 0.79610 0.35700 -0.06833
v 0.76290 0.35700 -0.07722
v 0.79610 0.00300 -0.06833
v 0.72255 0.36000 -0.06486
v 0.72390 0.35700 -0.06833
v 0.76290 0.00300 -0.07722
v 0.79610 0.00300 -0.06833
v 0.76000 0.00000 -0.07489
v 0.79610 0.35700 -0.06833
v 0.76000 0.36000 -0.07489
v 0.76290 0.35700 -0.07722
v 0.75710 0.00300 -0.07722
v 0.76290 0.35700 -0.07722
v 0.75710 0.35700 -0.07722
v 0.76290 0.00300 -0.07722
v 0.79610 0.00300 -0.06833
v 0.79610 0.35700 -0.06833
v 0.80112 0.00300 -0.06543
v 0.82543 0.00300 -0.04112
v 0.82543 0.35700 -0.04112
v 0.80112 0.35700 -0.06543
v 0.82543 0.00300 -0.04112
v 0.82543 0.35700 -0.04112
v 0.83722 0.35700 0.00290
v 0.83722 0.00300 -0.00290
v 0.83722 0.00300 0.00290
v 0.83722 0.35700 -0.00290
v 0.83722 0.00300 0.00290
v 0.83722 0.35700 0.00290
v 0.82543 0.35700 0.04112
v 0.82543 0.00300 0.04112
v 0.82543 0.00300 0.04112
v 0.80112 0.00300 0.06543
v 0.80112 0.35700 0.06543
v 0.82543 0.35700 0.04112
v 0.79610 0.35700 0.06833
v 0.79610 0.00300 0.06833
v 0.79610 0.00300 0.06833
v 0.76000 0.00000 0.07489
v 0.76290 0.00300 0.07722
v 0.76290 0.35700 0.07722
v 0.79610 0.35700 0.06833
v 0.76000 0.36000 0.07489
v 0.75710 0.35700 0.07722
v 0.76290 0.00300 0.07722
v 0.75710 0.00300 0.07722
v 0.76290 0.35700 0.07722
v 0.75710 0.00300 0.07722
v 0.72390 0.00300 0.06833
v 0.76000 0.00000 0.07489
v 0.72390 0.35700 0.06833
v 0.76000 0.36000 0.07489
v 0.75710 0.35700 0.07722
v 0.72390 0.00300 0.06833
v 0.72390 0.35700 0.06833
v 0.71888 0.00300 0.06543
v 0.69457 0.00300 0.04112
v 0.69457 0.35700 0.04112
v 0.71888 0.35700 0.06543
v 0.69457 0.00300 0.04112
v 0.69457 0.35700 0.04112
v 0.68278 0.00300 0.00290
v 0.68278 0.35700 0.00290
v 0.68278 0.35700 -0.00290
v 0.68278 0.00300 0.00290
v 0.68278 0.00300 -0.00290
v 0.68278 0.35700 0.00290
v 0.69457 0.35700 -0.04112
v 0.69457 0.00300 -0.04112
v 0.69457 0.00300 -0.04112
v 0.71888 0.00300 -0.06543
v 0.71888 0.35700 -0.06543
v 0.69457 0.35700 -0.04112
v 0.72390 0.35700 -0.06833
v 0.72390 0.00300 -0.06833
v 0.72390 0.00300 -0.06833
v 0.76000 0.00000 -0.07489
v 0.75710 0.00300 -0.07722
v 0.75710 0.35700 -0.07722
v 0.72390 0.35700 -0.06833
v 0.76000 0.36000 -0.07489
v 0.76000 0.00000 -0.07489
v 0.76000 0.00000 0.07489
v 0.76000 0.35000 -0.09048
v 0.80524 0.38000 -0.07836
v 0.76000 0.38000 -0.09048
v 0.80524 0.35000 -0.07836
v 0.80524 0.35000 -0.07836
v 0.83836 0.38000 -0.04524
v 0.80524 0.38000 -0.07836
v 0.83836 0.35000 -0.04524
v 0.83836 0.35000 -0.04524
v 0.85048 0.38000 0.00000
v 0.83836 0.38000 -0.04524
v 0.85048 0.35000 0.00000
v 0.85048 0.35000 0.00000
v 0.83836 0.38000 0.04524
v 0.85048 0.38000 0.00000
v 0.83836 0.35000 0.04524
v 0.83836 0.35000 0.04524
v 0.80524 0.38000 0.07836
v 0.83836 0.38000 0.04524
v 0.80524 0.35000 0.07836
v 0.80524 0.35000 0.07836
v 0.76000 0.38000 0.09048
v 0.80524 0.38000 0.07836
v 0.76000 0.35000 0.09048
v 0.76000 0.35000 0.09048
v 0.71476 0.38000 0.07836
v 0.76000 0.38000 0.09048
v 0.71476 0.35000 0.07836
v 0.71476 0.35000 0.07836
v 0.68164 0.38000 0.04524
v 0.71476 0.38000 0.07836
v 0.68164 0.35000 0.04524
v 0.68164 0.35000 0.04524
v 0.66952 0.38000 0.00000
v 0.68164 0.38000 0.04524
v 0.66952 0.35000 0.00000
v 0.66952 0.35000 0.00000
v 0.68164 0.38000 -0.04524
v 0.66952 0.38000 0.00000
v 0.68164 0.35000 -0.04524
v 0.83836 0.38000 -0.04524
v 0.76000 0.38000 -0.09048
v 0.80524 0.38000 -0.07836
v 0.68164 0.38000 -0.04524
v 0.71476 0.38000 -0.07836
v 0.83836 0.38000 0.04524
v 0.85048 0.38000 0.00000
v 0.76000 0.38000 0.09048
v 0.80524 0.38000 0.07836
v 0.68164 0.38000 0.04524
v 0.71476 0.38000 0.07836
v 0.66952 0.38000 0.00000
v 0.68164 0.35000 -0.04524
v 0.71476 0.38000 -0.07836
v 0.68164 0.38000 -0.04524
v 0.71476 0.35000 -0.07836
v 0.71476 0.35000 -0.07836
v 0.76000 0.38000 -0.09048
v 0.71476 0.38000 -0.07836
v 0.76000 0.35000 -0.09048
v 0.71476 0.35000 -0.07836
v 0.80524 0.35000 -0.07836
v 0.76000 0.35000 -0.09048
v 0.85048 0.35000 0.00000
v 0.83836 0.35000 -0.04524
v 0.66952 0.35000 0.00000
v 0.68164 0.35000 -0.04524
v 0.71476 0.35000 0.07836
v 0.68164 0.35000 0.04524
v 0.80524 0.35000 0.07836
v 0.76000 0.35000 0.09048
v 0.83836 0.35000 0.04524
v 0.30974 0.43200 -0.48813
v 0.30627 0.42900 -0.48678
v 0.30917 0.42900 -0.49180
v 0.42057 0.00000 -0.37730
v 0.41922 0.00300 -0.37383
v 0.34078 0.00300 -0.52129
v 0.37710 0.42900 -0.53103
v 0.34078 0.42900 -0.52129
v 0.37710 0.00300 -0.53103
v 0.33943 0.00000 -0.51783
v 0.34078 0.00300 -0.52129
v 0.45026 0.43200 -0.40699
v 0.45373 0.42900 -0.40834
v 0.45083 0.42900 -0.40332
v 0.45373 0.00300 -0.48678
v 0.45373 0.42900 -0.48678
v 0.29887 0.43200 -0.44756
v 0.29654 0.42900 -0.44466
v 0.29654 0.42900 -0.45046
v 0.45026 0.00000 -0.40699
v 0.45083 0.00300 -0.40332
v 0.45373 0.00300 -0.40834
v 0.46346 0.00300 -0.44466
v 0.45373 0.42900 -0.40834
v 0.46346 0.42900 -0.44466
v 0.45373 0.00300 -0.40834
v 0.29887 0.00000 -0.44756
v 0.29654 0.00300 -0.45046
v 0.29654 0.00300 -0.44466
v 0.46113 0.43200 -0.44756
v 0.46346 0.42900 -0.45046
v 0.46346 0.42900 -0.44466
v 0.45083 0.00300 -0.40332
v 0.42424 0.42900 -0.37673
v 0.45083 0.42900 -0.40332
v 0.42424 0.00300 -0.37673
v 0.30974 0.43200 -0.40699
v 0.30917 0.42900 -0.40332
v 0.30627 0.42900 -0.40834
v 0.46113 0.00000 -0.44756
v 0.46346 0.00300 -0.44466
v 0.46346 0.00300 -0.45046
v 0.41922 0.00300 -0.37383
v 0.38290 0.42900 -0.36410
v 0.41922 0.42900 -0.37383
v 0.38290 0.00300 -0.36410
v 0.30974 0.00000 -0.40699
v 0.30627 0.00300 -0.40834
v 0.30917 0.00300 -0.40332
v 0.45026 0.43200 -0.48813
v 0.45083 0.42900 -0.49180
v 0.45373 0.42900 -0.48678
v 0.37710 0.00300 -0.36410
v 0.34078 0.42900 -0.37383
v 0.37710 0.42900 -0.36410
v 0.34078 0.00300 -0.37383
v 0.33943 0.43200 -0.37730
v 0.34078 0.42900 -0.37383
v 0.45026 0.00000 -0.48813
v 0.45373 0.00300 -0.48678
v 0.45083 0.00300 -0.49180
v 0.33576 0.00300 -0.37673
v 0.30917 0.42900 -0.40332
v 0.33576 0.42900 -0.37673
v 0.30917 0.00300 -0.40332
v 0.33943 0.00000 -0.37730
v 0.34078 0.00300 -0.37383
v 0.42057 0.43200 -0.51783
v 0.41922 0.42900 -0.52129
v 0.30627 0.00300 -0.40834
v 0.29654 0.42900 -0.44466
v 0.30627 0.42900 -0.40834
v 0.29654 0.00300 -0.44466
v 0.38000 0.43200 -0.36643
v 0.38290 0.42900 -0.36410
v 0.37710 0.42900 -0.36410
v 0.42057 0.00000 -0.51783
v 0.41922 0.00300 -0.52129
v 0.30627 0.42900 -0.48678
v 0.30627 0.00300 -0.48678
v 0.38000 0.00000 -0.36643
v 0.37710 0.00300 -0.36410
v 0.38290 0.00300 -0.36410
v 0.38000 0.43200 -0.52870
v 0.37710 0.42900 -0.53103
v 0.38290 0.42900 -0.53103
v 0.30917 0.00300 -0.49180
v 0.33576 0.42900 -0.51839
v 0.30917 0.42900 -0.49180
v 0.33576 0.00300 -0.51839
v 0.42424 0.00300 -0.51839
v 0.45083 0.42900 -0.49180
v 0.42424 0.42900 -0.51839
v 0.45083 0.00300 -0.49180
v 0.38000 0.00000 -0.52870
v 0.38290 0.00300 -0.53103
v 0.37710 0.00300 -0.53103
v 0.30974 0.00000 -0.48813
v 0.30917 0.00300 -0.49180
v 0.30627 0.00300 -0.48678
v 0.42057 0.43200 -0.37730
v 0.41922 0.42900 -0.37383
v 0.38000 0.43200 -0.52870
v 0.38000 0.43200 -0.36643
v 0.38290 0.00300 -0.53103
v 0.41922 0.42900 -0.52129
v 0.38290 0.42900 -0.53103
v 0.41922 0.00300 -0.52129
v 0.33943 0.43200 -0.51783
v 0.34078 0.42900 -0.52129
v 0.38290 0.00300 -0.53103
v 0.41922 0.00300 -0.52129
v 0.38000 0.00000 -0.52870
v 0.41922 0.42900 -0.52129
v 0.38000 0.43200 -0.52870
v 0.38290 0.42900 -0.53103
v 0.37710 0.00300 -0.53103
v 0.38290 0.42900 -0.53103
v 0.37710 0.42900 -0.53103
v 0.38290 0.00300 -0.53103
v 0.41922 0.00300 -0.52129
v 0.41922 0.42900 -0.52129
v 0.42424 0.00300 -0.51839
v 0.45083 0.00300 -0.49180
v 0.45083 0.42900 -0.49180
v 0.42424 0.42900 -0.51839
v 0.45083 0.00300 -0.49180
v 0.45083 0.42900 -0.49180
v 0.46346 0.42900 -0.44466
v 0.46346 0.00300 -0.45046
v 0.46346 0.00300 -0.44466
v 0.46346 0.42900 -0.45046
v 0.46346 0.00300 -0.44466
v 0.46346 0.42900 -0.44466
v 0.45083 0.42900 -0.40332
v 0.45083 0.00300 -0.40332
v 0.45083 0.00300 -0.40332
v 0.42424 0.00300 -0.37673
v 0.42424 0.42900 -0.37673
v 0.45083 0.42900 -0.40332
v 0.41922 0.42900 -0.37383
v 0.41922 0.00300 -0.37383
v 0.41922 0.00300 -0.37383
v 0.38000 0.00000 -0.36643
v 0.38290 0.00300 -0.36410
v 0.38290 0.42900 -0.36410
v 0.41922 0.42900 -0.37383
v 0.38000 0.43200 -0.36643
v 0.37710 0.42900 -0.36410
v 0.38290 0.00300 -0.36410
v 0.37710 0.00300 -0.36410
v 0.38290 0.42900 -0.36410
v 0.37710 0.00300 -0.36410
v 0.34078 0.00300 -0.37383
v 0.38000 0.00000 -0.36643
v 0.34078 0.42900 -0.37383
v 0.38000 0.43200 -0.36643
v 0.37710 0.42900 -0.36410
v 0.34078 0.00300 -0.37383
v 0.34078 0.42900 -0.37383
v 0.33576 0.00300 -0.37673
v 0.30917 0.00300 -0.40332
v 0.30917 0.42900 -0.40332
v 0.33576 0.42900 -0.37673
v 0.30917 0.00300 -0.40332
v 0.30917 0.42900 -0.40332
v 0.29654 0.00300 -0.44466
v 0.29654 0.42900 -0.44466
v 0.29654 0.42900 -0.45046
v 0.29654 0.00300 -0.44466
v 0.29654 0.00300 -0.45046
v 0.29654 0.42900 -0.44466
v 0.30917 0.42900 -0.49180
v 0.30917 0.00300 -0.49180
v 0.30917 0.00300 -0.49180
v 0.33576 0.00300 -0.51839
v 0.33576 0.42900 -0.51839
v 0.30917 0.42900 -0.49180
v 0.34078 0.42900 -0.52129
v 0.34078 0.00300 -0.52129
v 0.34078 0.00300 -0.52129
v 0.38000 0.00000 -0.52870
v 0.37710 0.00300 -0.53103
v 0.37710 0.42900 -0.53103
v 0.34078 0.42900 -0.52129
v 0.38000 0.43200 -0.52870
v 0.38000 0.00000 -0.52870
v 0.38000 0.00000 -0.36643
v 0.38000 0.42200 -0.54528
v 0.42886 0.45200 -0.53219
v 0.38000 0.45200 -0.54528
v 0.42886 0.42200 -0.53219
v 0.42886 0.42200 -0.53219
v 0.46463 0.45200 -0.49642
v 0.42886 0.45200 -0.53219
v 0.46463 0.42200 -0.49642
v 0.46463 0.42200 -0.49642
v 0.47772 0.45200 -0.44756
v 0.46463 0.45200 -0.49642
v 0.47772 0.42200 -0.44756
v 0.47772 0.42200 -0.44756
v 0.46463 0.45200 -0.39870
v 0.47772 0.45200 -0.44756
v 0.46463 0.42200 -0.39870
v 0.46463 0.42200 -0.39870
v 0.42886 0.45200 -0.36294
v 0.46463 0.45200 -0.39870
v 0.42886 0.42200 -0.36294
v 0.42886 0.42200 -0.36294
v 0.38000 0.45200 -0.34984
v 0.42886 0.45200 -0.36294
v 0.38000 0.42200 -0.34984
v 0.38000 0.42200 -0.34984
v 0.33114 0.45200 -0.36294
v 0.38000 0.45200 -0.34984
v 0.33114 0.42200 -0.36294
v 0.33114 0.42200 -0.36294
v 0.29537 0.45200 -0.39870
v 0.33114 0.45200 -0.36294
v 0.29537 0.42200 -0.39870
v 0.29537 0.42200 -0.39870
v 0.28228 0.45200 -0.44756
v 0.29537 0.45200 -0.39870
v 0.28228 0.42200 -0.44756
v 0.28228 0.42200 -0.44756
v 0.29537 0.45200 -0.49642
v 0.28228 0.45200 -0.44756
v 0.29537 0.42200 -0.49642
v 0.46463 0.45200 -0.49642
v 0.38000 0.45200 -0.54528
v 0.42886 0.45200 -0.53219
v 0.29537 0.45200 -0.49642
v 0.33114 0.45200 -0.53219
v 0.46463 0.45200 -0.39870
v 0.47772 0.45200 -0.44756
v 0.38000 0.45200 -0.34984
v 0.42886 0.45200 -0.36294
v 0.29537 0.45200 -0.39870
v 0.33114 0.45200 -0.36294
v 0.28228 0.45200 -0.44756
v 0.29537 0.42200 -0.49642
v 0.33114 0.45200 -0.53219
v 0.29537 0.45200 -0.49642
v 0.33114 0.42200 -0.53219
v 0.33114 0.42200 -0.53219
v 0.38000 0.45200 -0.54528
v 0.33114 0.45200 -0.53219
v 0.38000 0.42200 -0.54528
v 0.33114 0.42200 -0.53219
v 0.42886 0.42200 -0.53219
v 0.38000 0.42200 -0.54528
v 0.47772 0.42200 -0.44756
v 0.46463 0.42200 -0.49642
v 0.28228 0.42200 -0.44756
v 0.29537 0.42200 -0.49642
v 0.33114 0.42200 -0.36294
v 0.29537 0.42200 -0.39870
v 0.42886 0.42200 -0.36294
v 0.38000 0.42200 -0.34984
v 0.46463 0.42200 -0.39870
v -0.45026 0.43200 -0.48813
v -0.45373 0.42900 -0.48678
v -0.45083 0.42900 -0.49180
v -0.33943 0.00000 -0.37730
v -0.34078 0.00300 -0.37383
v -0.41922 0.00300 -0.52129
v -0.38290 0.42900 -0.53103
v -0.41922 0.42900 -0.52129
v -0.38290 0.00300 -0.53103
v -0.42057 0.00000 -0.51783
v -0.41922 0.00300 -0.52129
v -0.30974 0.43200 -0.40699
v -0.30627 0.42900 -0.40834
v -0.30917 0.42900 -0.40332
v -0.30627 0.00300 -0.48678
v -0.30627 0.42900 -0.48678
v -0.46113 0.43200 -0.44756
v -0.46346 0.42900 -0.44466
v -0.46346 0.42900 -0.45046
v -0.30974 0.00000 -0.40699
v -0.30917 0.00300 -0.40332
v -0.30627 0.00300 -0.40834
v -0.29654 0.00300 -0.44466
v -0.30627 0.42900 -0.40834
v -0.29654 0.42900 -0.44466
v -0.30627 0.00300 -0.40834
v -0.46113 0.00000 -0.44756
v -0.46346 0.00300 -0.45046
v -0.46346 0.00300 -0.44466
v -0.29887 0.43200 -0.44756
v -0.29654 0.42900 -0.45046
v -0.29654 0.42900 -0.44466
v -0.30917 0.00300 -0.40332
v -0.33576 0.42900 -0.37673
v -0.30917 0.42900 -0.40332
v -0.33576 0.00300 -0.37673
v -0.45026 0.43200 -0.40699
v -0.45083 0.42900 -0.40332
v -0.45373 0.42900 -0.40834
v -0.29887 0.00000 -0.44756
v -0.29654 0.00300 -0.44466
v -0.29654 0.00300 -0.45046
v -0.34078 0.00300 -0.37383
v -0.37710 0.42900 -0.36410
v -0.34078 0.42900 -0.37383
v -0.37710 0.00300 -0.36410
v -0.45026 0.00000 -0.40699
v -0.45373 0.00300 -0.40834
v -0.45083 0.00300 -0.40332
v -0.30974 0.43200 -0.48813
v -0.30917 0.42900 -0.49180
v -0.30627 0.42900 -0.48678
v -0.38290 0.00300 -0.36410
v -0.41922 0.42900 -0.37383
v -0.38290 0.42900 -0.36410
v -0.41922 0.00300 -0.37383
v -0.42057 0.43200 -0.37730
v -0.41922 0.42900 -0.37383
v -0.30974 0.00000 -0.48813
v -0.30627 0.00300 -0.48678
v -0.30917 0.00300 -0.49180
v -0.42424 0.00300 -0.37673
v -0.45083 0.42900 -0.40332
v -0.42424 0.42900 -0.37673
v -0.45083 0.00300 -0.40332
v -0.42057 0.00000 -0.37730
v -0.41922 0.00300 -0.37383
v -0.33943 0.43200 -0.51783
v -0.34078 0.42900 -0.52129
v -0.45373 0.00300 -0.40834
v -0.46346 0.42900 -0.44466
v -0.45373 0.42900 -0.40834
v -0.46346 0.00300 -0.44466
v -0.38000 0.43200 -0.36643
v -0.37710 0.42900 -0.36410
v -0.38290 0.42900 -0.36410
v -0.33943 0.00000 -0.51783
v -0.34078 0.00300 -0.52129
v -0.45373 0.42900 -0.48678
v -0.45373 0.00300 -0.48678
v -0.38000 0.00000 -0.36643
v -0.38290 0.00300 -0.36410
v -0.37710 0.00300 -0.36410
v -0.38000 0.43200 -0.52870
v -0.38290 0.42900 -0.53103
v -0.37710 0.42900 -0.53103
v -0.45083 0.00300 -0.49180
v -0.42424 0.42900 -0.51839
v -0.45083 0.42900 -0.49180
v -0.42424 0.00300 -0.51839
v -0.33576 0.00300 -0.51839
v -0.30917 0.42900 -0.49180
v -0.33576 0.42900 -0.51839
v -0.30917 0.00300 -0.49180
v -0.38000 0.00000 -0.52870
v -0.37710 0.00300 -0.53103
v -0.38290 0.00300 -0.53103
v -0.45026 0.00000 -0.48813
v -0.45083 0.00300 -0.49180
v -0.45373 0.00300 -0.48678
v -0.33943 0.43200 -0.37730
v -0.34078 0.42900 -0.37383
v -0.38000 0.43200 -0.52870
v -0.38000 0.43200 -0.36643
v -0.37710 0.00300 -0.53103
v -0.34078 0.42900 -0.52129
v -0.37710 0.42900 -0.53103
v -0.34078 0.00300 -0.52129
v -0.42057 0.43200 -0.51783
v -0.41922 0.42900 -0.52129
v -0.37710 0.00300 -0.53103
v -0.34078 0.00300 -0.52129
v -0.38000 0.00000 -0.52870
v -0.34078 0.42900 -0.52129
v -0.38000 0.43200 -0.52870
v -0.37710 0.42900 -0.53103
v -0.38290 0.00300 -0.53103
v -0.37710 0.42900 -0.53103
v -0.38290 0.42900 -0.53103
v -0.37710 0.00300 -0.53103
v -0.34078 0.00300 -0.52129
v -0.34078 0.42900 -0.52129
v -0.33576 0.00300 -0.51839
v -0.30917 0.00300 -0.49180
v -0.30917 0.42900 -0.49180
v -0.33576 0.42900 -0.51839
v -0.30917 0.00300 -0.49180
v -0.30917 0.42900 -0.49180
v -0.29654 0.42900 -0.44466
v -0.29654 0.00300 -0.45046
v -0.29654 0.00300 -0.44466
v -0.29654 0.42900 -0.45046
v -0.29654 0.00300 -0.44466
v -0.29654 0.42900 -0.44466
v -0.30917 0.42900 -0.40332
v -0.30917 0.00300 -0.40332
v -0.30917 0.00300 -0.40332
v -0.33576 0.00300 -0.37673
v -0.33576 0.42900 -0.37673
v -0.30917 0.42900 -0.40332
v -0.34078 0.42900 -0.37383
v -0.34078 0.00300 -0.37383
v -0.34078 0.00300 -0.37383
v -0.38000 0.00000 -0.36643
v -0.37710 0.00300 -0.36410
v -0.37710 0.42900 -0.36410
v -0.34078 0.42900 -0.37383
v -0.38000 0.43200 -0.36643
v -0.38290 0.42900 -0.36410
v -0.37710 0.00300 -0.36410
v -0.38290 0.00300 -0.36410
v -0.37710 0.42900 -0.36410
v -0.38290 0.00300 -0.36410
v -0.41922 0.00300 -0.37383
v -0.38000 0.00000 -0.36643
v -0.41922 0.42900 -0.37383
v -0.38000 0.43200 -0.36643
v -0.38290 0.42900 -0.36410
v -0.41922 0.00300 -0.37383
v -0.41922 0.42900 -0.37383
v -0.42424 0.00300 -0.37673
v -0.45083 0.00300 -0.40332
v -0.45083 0.42900 -0.40332
v -0.42424 0.42900 -0.37673
v -0.45083 0.00300 -0.40332
v -0.45083 0.42900 -0.40332
v -0.46346 0.00300 -0.44466
v -0.46346 0.42900 -0.44466
v -0.46346 0.42900 -0.45046
v -0.46346 0.00300 -0.44466
v -0.46346 0.00300 -0.45046
v -0.46346 0.42900 -0.44466
v -0.45083 0.42900 -0.49180
v -0.45083 0.00300 -0.49180
v -0.45083 0.00300 -0.49180
v -0.42424 0.00300 -0.51839
v -0.42424 0.42900 -0.51839
v -0.45083 0.42900 -0.49180
v -0.41922 0.42900 -0.52129
v -0.41922 0.00300 -0.52129
v -0.41922 0.00300 -0.52129
v -0.38000 0.00000 -0.52870
v -0.38290 0.00300 -0.53103
v -0.38290 0.42900 -0.53103
v -0.41922 0.42900 -0.52129
v -0.38000 0.43200 -0.52870
v -0.38000 0.00000 -0.52870
v -0.38000 0.00000 -0.36643
v -0.38000 0.42200 -0.54528
v -0.33114 0.45200 -0.53219
v -0.38000 0.45200 -0.54528
v -0.33114 0.42200 -0.53219
v -0.33114 0.42200 -0.53219
v -0.29537 0.45200 -0.49642
v -0.33114 0.45200 -0.53219
v -0.29537 0.42200 -0.49642
v -0.29537 0.42200 -0.49642
v -0.28228 0.45200 -0.44756
v -0.29537 0.45200 -0.49642
v -0.28228 0.42200 -0.44756
v -0.28228 0.42200 -0.44756
v -0.29537 0.45200 -0.39870
v -0.28228 0.45200 -0.44756
v -0.29537 0.42200 -0.39870
v -0.29537 0.42200 -0.39870
v -0.33114 0.45200 -0.36294
v -0.29537 0.45200 -0.39870
v -0.33114 0.42200 -0.36294
v -0.33114 0.42200 -0.36294
v -0.38000 0.45200 -0.34984
v -0.33114 0.45200 -0.36294
v -0.38000 0.42200 -0.34984
v -0.38000 0.42200 -0.34984
v -0.42886 0.45200 -0.36294
v -0.38000 0.45200 -0.34984
v -0.42886 0.42200 -0.36294
v -0.42886 0.42200 -0.36294
v -0.46463 0.45200 -0.39870
v -0.42886 0.45200 -0.36294
v -0.46463 0.42200 -0.39870
v -0.46463 0.42200 -0.39870
v -0.47772 0.45200 -0.44756
v -0.46463 0.45200 -0.39870
v -0.47772 0.42200 -0.44756
v -0.47772 0.42200 -0.44756
v -0.46463 0.45200 -0.49642
v -0.47772 0.45200 -0.44756
v -0.46463 0.42200 -0.49642
v -0.29537 0.45200 -0.49642
v -0.38000 0.45200 -0.54528
v -0.33114 0.45200 -0.53219
v -0.46463 0.45200 -0.49642
v -0.42886 0.45200 -0.53219
v -0.29537 0.45200 -0.39870
v -0.28228 0.45200 -0.44756
v -0.38000 0.45200 -0.34984
v -0.33114 0.45200 -0.36294
v -0.46463 0.45200 -0.39870
v -0.42886 0.45200 -0.36294
v -0.47772 0.45200 -0.44756
v -0.46463 0.42200 -0.49642
v -0.42886 0.45200 -0.53219
v -0.46463 0.45200 -0.49642
v -0.42886 0.42200 -0.53219
v -0.42886 0.42200 -0.53219
v -0.38000 0.45200 -0.54528
v -0.42886 0.45200 -0.53219
v -0.38000 0.42200 -0.54528
v -0.42886 0.42200 -0.53219
v -0.33114 0.42200 -0.53219
v -0.38000 0.42200 -0.54528
v -0.28228 0.42200 -0.44756
v -0.29537 0.42200 -0.49642
v -0.47772 0.42200 -0.44756
v -0.46463 0.42200 -0.49642
v -0.42886 0.42200 -0.36294
v -0.46463 0.42200 -0.39870
v -0.33114 0.42200 -0.36294
v -0.38000 0.42200 -0.34984
v -0.29537 0.42200 -0.39870
v -0.82486 0.36000 -0.03745
v -0.82833 0.35700 -0.03610
v -0.82543 0.35700 -0.04112
v -0.72255 0.00000 0.06486
v -0.72390 0.00300 0.06833
v -0.79610 0.00300 -0.06833
v -0.76290 0.35700 -0.07722
v -0.79610 0.35700 -0.06833
v -0.76290 0.00300 -0.07722
v -0.79745 0.00000 -0.06486
v -0.79610 0.00300 -0.06833
v -0.69514 0.36000 0.03745
v -0.69167 0.35700 0.03610
v -0.69457 0.35700 0.04112
v -0.69167 0.00300 -0.03610
v -0.69167 0.35700 -0.03610
v -0.83489 0.36000 -0.00000
v -0.83722 0.35700 0.00290
v -0.83722 0.35700 -0.00290
v -0.69514 0.00000 0.03745
v -0.69457 0.00300 0.04112
v -0.69167 0.00300 0.03610
v -0.68278 0.00300 0.00290
v -0.69167 0.35700 0.03610
v -0.68278 0.35700 0.00290
v -0.69167 0.00300 0.03610
v -0.83489 0.00000 0.00000
v -0.83722 0.00300 -0.00290
v -0.83722 0.00300 0.00290
v -0.68511 0.36000 0.00000
v -0.68278 0.35700 -0.00290
v -0.68278 0.35700 0.00290
v -0.69457 0.00300 0.04112
v -0.71888 0.35700 0.06543
v -0.69457 0.35700 0.04112
v -0.71888 0.00300 0.06543
v -0.82486 0.36000 0.03745
v -0.82543 0.35700 0.04112
v -0.82833 0.35700 0.03610
v -0.68511 0.00000 -0.00000
v -0.68278 0.00300 0.00290
v -0.68278 0.00300 -0.00290
v -0.72390 0.00300 0.06833
v -0.75710 0.35700 0.07722
v -0.72390 0.35700 0.06833
v -0.75710 0.00300 0.07722
v -0.82486 0.00000 0.03745
v -0.82833 0.00300 0.03610
v -0.82543 0.00300 0.04112
v -0.69514 0.36000 -0.03745
v -0.69457 0.35700 -0.04112
v -0.69167 0.35700 -0.03610
v -0.76290 0.00300 0.07722
v -0.79610 0.35700 0.06833
v -0.76290 0.35700 0.07722
v -0.79610 0.00300 0.06833
v -0.79745 0.36000 0.06486
v -0.79610 0.35700 0.06833
v -0.69514 0.00000 -0.03745
v -0.69167 0.00300 -0.03610
v -0.69457 0.00300 -0.04112
v -0.80112 0.00300 0.06543
v -0.82543 0.35700 0.04112
v -0.80112 0.35700 0.06543
v -0.82543 0.00300 0.04112
v -0.79745 0.00000 0.06486
v -0.79610 0.00300 0.06833
v -0.72255 0.36000 -0.06486
v -0.72390 0.35700 -0.06833
v -0.82833 0.00300 0.03610
v -0.83722 0.35700 0.00290
v -0.82833 0.35700 0.03610
v -0.83722 0.00300 0.00290
v -0.76000 0.36000 0.07489
v -0.75710 0.35700 0.07722
v -0.76290 0.35700 0.07722
v -0.72255 0.00000 -0.06486
v -0.72390 0.00300 -0.06833
v -0.82833 0.35700 -0.03610
v -0.82833 0.00300 -0.03610
v -0.76000 0.00000 0.07489
v -0.76290 0.00300 0.07722
v -0.75710 0.00300 0.07722
v -0.76000 0.36000 -0.07489
v -0.76290 0.35700 -0.07722
v -0.75710 0.35700 -0.07722
v -0.82543 0.00300 -0.04112
v -0.80112 0.35700 -0.06543
v -0.82543 0.35700 -0.04112
v -0.80112 0.00300 -0.06543
v -0.71888 0.00300 -0.06543
v -0.69457 0.35700 -0.04112
v -0.71888 0.35700 -0.06543
v -0.69457 0.00300 -0.04112
v -0.76000 0.00000 -0.07489
v -0.75710 0.00300 -0.07722
v -0.76290 0.00300 -0.07722
v -0.82486 0.00000 -0.03745
v -0.82543 0.00300 -0.04112
v -0.82833 0.00300 -0.03610
v -0.72255 0.36000 0.06486
v -0.72390 0.35700 0.06833
v -0.76000 0.36000 -0.07489
v -0.76000 0.36000 0.07489
v -0.75710 0.00300 -0.07722
v -0.72390 0.35700 -0.06833
v -0.75710 0.35700 -0.07722
v -0.72390 0.00300 -0.06833
v -0.79745 0.36000 -0.06486
v -0.79610 0.35700 -0.06833
v -0.75710 0.00300 -0.07722
v -0.72390 0.00300 -0.06833
v -0.76000 0.00000 -0.07489
v -0.72390 0.35700 -0.06833
v -0.76000 0.36000 -0.07489
v -0.75710 0.35700 -0.07722
v -0.76290 0.00300 -0.07722
v -0.75710 0.35700 -0.07722
v -0.76290 0.35700 -0.07722
v -0.75710 0.00300 -0.07722
v -0.72390 0.00300 -0.06833
v -0.72390 0.35700 -0.06833
v -0.71888 0.00300 -0.06543
v -0.69457 0.00300 -0.04112
v -0.69457 0.35700 -0.04112
v -0.71888 0.35700 -0.06543
v -0.69457 0.00300 -0.04112
v -0.69457 0.35700 -0.04112
v -0.68278 0.35700 0.00290
v -0.68278 0.00300 -0.00290
v -0.68278 0.00300 0.00290
v -0.68278 0.35700 -0.00290
v -0.68278 0.00300 0.00290
v -0.68278 0.35700 0.00290
v -0.69457 0.35700 0.04112
v -0.69457 0.00300 0.04112
v -0.69457 0.00300 0.04112
v -0.71888 0.00300 0.06543
v -0.71888 0.35700 0.06543
v -0.69457 0.35700 0.04112
v -0.72390 0.35700 0.06833
v -0.72390 0.00300 0.06833
v -0.72390 0.00300 0.06833
v -0.76000 0.00000 0.07489
v -0.75710 0.00300 0.07722
v -0.75710 0.35700 0.07722
v -0.72390 0.35700 0.06833
v -0.76000 0.36000 0.07489
v -0.76290 0.35700 0.07722
v -0.75710 0.00300 0.07722
v -0.76290 0.00300 0.07722
v -0.75710 0.35700 0.07722
v -0.76290 0.00300 0.07722
v -0.79610 0.00300 0.06833
v -0.76000 0.00000 0.07489
v -0.79610 0.35700 0.06833
v -0.76000 0.36000 0.07489
v -0.76290 0.35700 0.07722
v -0.79610 0.00300 0.06833
v -0.79610 0.35700 0.06833
v -0.80112 0.00300 0.06543
v -0.82543 0.00300 0.04112
v -0.82543 0.35700 0.04112
v -0.80112 0.35700 0.06543
v -0.82543 0.00300 0.04112
v -0.82543 0.35700 0.04112
v -0.83722 0.00300 0.00290
v -0.83722 0.35700 0.00290
v -0.83722 0.35700 -0.00290
v -0.83722 0.00300 0.00290
v -0.83722 0.00300 -0.00290
v -0.83722 0.35700 0.00290
v -0.82543 0.35700 -0.04112
v -0.82543 0.00300 -0.04112
v -0.82543 0.00300 -0.04112
v -0.80112 0.00300 -0.06543
v -0.80112 0.35700 -0.06543
v -0.82543 0.35700 -0.04112
v -0.79610 0.35700 -0.06833
v -0.79610 0.00300 -0.06833
v -0.79610 0.00300 -0.06833
v -0.76000 0.00000 -0.07489
v -0.76290 0.00300 -0.07722
v -0.76290 0.35700 -0.07722
v -0.79610 0.35700 -0.06833
v -0.76000 0.36000 -0.07489
v -0.76000 0.00000 -0.07489
v -0.76000 0.00000 0.07489
v -0.76000 0.35000 -0.09048
v -0.71476 0.38000 -0.07836
v -0.76000 0.38000 -0.09048
v -0.71476 0.35000 -0.07836
v -0.71476 0.35000 -0.07836
v -0.68164 0.38000 -0.04524
v -0.71476 0.38000 -0.07836
v -0.68164 0.35000 -0.04524
v -0.68164 0.35000 -0.04524
v -0.66952 0.38000 -0.00000
v -0.68164 0.38000 -0.04524
v -0.66952 0.35000 -0.00000
v -0.66952 0.35000 -0.00000
v -0.68164 0.38000 0.04524
v -0.66952 0.38000 -0.00000
v -0.68164 0.35000 0.04524
v -0.68164 0.35000 0.04524
v -0.71476 0.38000 0.07836
v -0.68164 0.38000 0.04524
v -0.71476 0.35000 0.07836
v -0.71476 0.35000 0.07836
v -0.76000 0.38000 0.09048
v -0.71476 0.38000 0.07836
v -0.76000 0.35000 0.09048
v -0.76000 0.35000 0.09048
v -0.80524 0.38000 0.07836
v -0.76000 0.38000 0.09048
v -0.80524 0.35000 0.07836
v -0.80524 0.35000 0.07836
v -0.83836 0.38000 0.04524
v -0.80524 0.38000 0.07836
v -0.83836 0.35000 0.04524
v -0.83836 0.35000 0.04524
v -0.85048 0.38000 -0.00000
v -0.83836 0.38000 0.04524
v -0.85048 0.35000 -0.00000
v -0.85048 0.35000 -0.00000
v -0.83836 0.38000 -0.04524
v -0.85048 0.38000 -0.00000
v -0.83836 0.35000 -0.04524
v -0.68164 0.38000 -0.04524
v -0.76000 0.38000 -0.09048
v -0.71476 0.38000 -0.07836
v -0.83836 0.38000 -0.04524
v -0.80524 0.38000 -0.07836
v -0.68164 0.38000 0.04524
v -0.66952 0.38000 -0.00000
v -0.76000 0.38000 0.09048
v -0.71476 0.38000 0.07836
v -0.83836 0.38000 0.04524
v -0.80524 0.38000 0.07836
v -0.85048 0.38000 -0.00000
v -0.83836 0.35000 -0.04524
v -0.80524 0.38000 -0.07836
v -0.83836 0.38000 -0.04524
v -0.80524 0.35000 -0.07836
v -0.80524 0.35000 -0.07836
v -0.76000 0.38000 -0.09048
v -0.80524 0.38000 -0.07836
v -0.76000 0.35000 -0.09048
v -0.80524 0.35000 -0.07836
v -0.71476 0.35000 -0.07836
v -0.76000 0.35000 -0.09048
v -0.66952 0.35000 -0.00000
v -0.68164 0.35000 -0.04524
v -0.85048 0.35000 -0.00000
v -0.83836 0.35000 -0.04524
v -0.80524 0.35000 0.07836
v -0.83836 0.35000 0.04524
v -0.71476 0.35000 0.07836
v -0.76000 0.35000 0.09048
v -0.68164 0.35000 0.04524
v -0.08440 0.32300 0.50579
v -0.08440 0.35300 0.38931
v -0.08440 0.35300 0.50579
v -0.08440 0.32300 0.38931
v -0.08440 0.32300 0.38931
v -0.05240 0.35300 0.38931
v -0.08440 0.35300 0.38931
v -0.05240 0.32300 0.38931
v -0.05240 0.32300 0.38931
v -0.05240 0.35300 0.50579
v -0.05240 0.35300 0.38931
v -0.05240 0.32300 0.50579
v -0.05240 0.32300 0.50579
v -0.08440 0.35300 0.50579
v -0.05240 0.35300 0.50579
v -0.08440 0.32300 0.50579
v -0.08440 0.32300 0.38931
v -0.05240 0.32300 0.50579
v -0.05240 0.32300 0.38931
v -0.08440 0.32300 0.50579
v -0.05240 0.35300 0.38931
v -0.08440 0.35300 0.50579
v -0.08440 0.35300 0.38931
v -0.05240 0.35300 0.50579
v -0.01600 0.32300 0.50579
v -0.01600 0.35300 0.38931
v -0.01600 0.35300 0.50579
v -0.01600 0.32300 0.38931
v -0.01600 0.32300 0.38931
v 0.01600 0.35300 0.38931
v -0.01600 0.35300 0.38931
v 0.01600 0.32300 0.38931
v 0.01600 0.32300 0.38931
v 0.01600 0.35300 0.50579
v 0.01600 0.35300 0.38931
v 0.01600 0.32300 0.50579
v 0.01600 0.32300 0.50579
v -0.01600 0.35300 0.50579
v 0.01600 0.35300 0.50579
v -0.01600 0.32300 0.50579
v -0.01600 0.32300 0.38931
v 0.01600 0.32300 0.50579
v 0.01600 0.32300 0.38931
v -0.01600 0.32300 0.50579
v 0.01600 0.35300 0.38931
v -0.01600 0.35300 0.50579
v -0.01600 0.35300 0.38931
v 0.01600 0.35300 0.50579
v 0.05240 0.32300 0.50579
v 0.05240 0.35300 0.38931
v 0.05240 0.35300 0.50579
v 0.05240 0.32300 0.38931
v 0.05240 0.32300 0.38931
v 0.08440 0.35300 0.38931
v 0.05240 0.35300 0.38931
v 0.08440 0.32300 0.38931
v 0.08440 0.32300 0.38931
v 0.08440 0.35300 0.50579
v 0.08440 0.35300 0.38931
v 0.08440 0.32300 0.50579
v 0.08440 0.32300 0.50579
v 0.05240 0.35300 0.50579
v 0.08440 0.35300 0.50579
v 0.05240 0.32300 0.50579
v 0.05240 0.32300 0.38931
v 0.08440 0.32300 0.50579
v 0.08440 0.32300 0.38931
v 0.05240 0.32300 0.50579
v 0.08440 0.35300 0.38931
v 0.05240 0.35300 0.50579
v 0.05240 0.35300 0.38931
v 0.08440 0.35300 0.50579
v 0.10500 0.01200 -0.01000
v 0.12263 0.04700 -0.00427
v 0.10500 0.04700 -0.01000
v 0.12263 0.01200 -0.00427
v 0.12263 0.01200 -0.00427
v 0.13353 0.04700 0.01073
v 0.12263 0.04700 -0.00427
v 0.13353 0.01200 0.01073
v 0.13353 0.01200 0.01073
v 0.13353 0.04700 0.02927
v 0.13353 0.04700 0.01073
v 0.13353 0.01200 0.02927
v 0.13353 0.01200 0.02927
v 0.12263 0.04700 0.04427
v 0.13353 0.04700 0.02927
v 0.12263 0.01200 0.04427
v 0.12263 0.01200 0.04427
v 0.10500 0.04700 0.05000
v 0.12263 0.04700 0.04427
v 0.10500 0.01200 0.05000
v 0.10500 0.01200 0.05000
v 0.08737 0.04700 0.04427
v 0.10500 0.04700 0.05000
v 0.08737 0.01200 0.04427
v 0.08737 0.01200 0.04427
v 0.07647 0.04700 0.02927
v 0.08737 0.04700 0.04427
v 0.07647 0.01200 0.02927
v 0.07647 0.01200 0.02927
v 0.07647 0.04700 0.01073
v 0.07647 0.04700 0.02927
v 0.07647 0.01200 0.01073
v 0.13353 0.04700 0.01073
v 0.10500 0.04700 -0.01000
v 0.12263 0.04700 -0.00427
v 0.07647 0.04700 0.01073
v 0.08737 0.04700 -0.00427
v 0.12263 0.04700 0.04427
v 0.13353 0.04700 0.02927
v 0.08737 0.04700 0.04427
v 0.10500 0.04700 0.05000
v 0.07647 0.04700 0.02927
v 0.07647 0.01200 0.01073
v 0.08737 0.04700 -0.00427
v 0.07647 0.04700 0.01073
v 0.08737 0.01200 -0.00427
v 0.08737 0.01200 -0.00427
v 0.10500 0.04700 -0.01000
v 0.08737 0.04700 -0.00427
v 0.10500 0.01200 -0.01000
v 0.08737 0.01200 -0.00427
v 0.12263 0.01200 -0.00427
v 0.10500 0.01200 -0.01000
v 0.13353 0.01200 0.02927
v 0.13353 0.01200 0.01073
v 0.07647 0.01200 0.02927
v 0.07647 0.01200 0.01073
v 0.10500 0.01200 0.05000
v 0.08737 0.01200 0.04427
v 0.12263 0.01200 0.04427
v -0.01500 0.00000 -0.37050
v 0.02056 0.15895 -0.35895
v -0.01500 0.15895 -0.37050
v 0.02056 0.00000 -0.35895
v 0.02056 0.00000 -0.35895
v 0.04254 0.15895 -0.32870
v 0.02056 0.15895 -0.35895
v 0.04254 0.00000 -0.32870
v 0.04254 0.00000 -0.32870
v 0.04254 0.15895 -0.29130
v 0.04254 0.15895 -0.32870
v 0.04254 0.00000 -0.29130
v 0.04254 0.00000 -0.29130
v 0.02056 0.15895 -0.26105
v 0.04254 0.15895 -0.29130
v 0.02056 0.00000 -0.26105
v 0.02056 0.00000 -0.26105
v -0.01500 0.15895 -0.24950
v 0.02056 0.15895 -0.26105
v -0.01500 0.00000 -0.24950
v -0.01500 0.00000 -0.24950
v -0.05056 0.15895 -0.26105
v -0.01500 0.15895 -0.24950
v -0.05056 0.00000 -0.26105
v -0.05056 0.00000 -0.26105
v -0.07254 0.15895 -0.29130
v -0.05056 0.15895 -0.26105
v -0.07254 0.00000 -0.29130
v -0.07254 0.00000 -0.29130
v -0.07254 0.15895 -0.32870
v -0.07254 0.15895 -0.29130
v -0.07254 0.00000 -0.32870
v 0.04254 0.15895 -0.32870
v -0.01500 0.15895 -0.37050
v 0.02056 0.15895 -0.35895
v -0.07254 0.15895 -0.32870
v -0.05056 0.15895 -0.35895
v 0.02056 0.15895 -0.26105
v 0.04254 0.15895 -0.29130
v -0.05056 0.15895 -0.26105
v -0.01500 0.15895 -0.24950
v -0.07254 0.15895 -0.29130
v -0.07254 0.00000 -0.32870
v -0.05056 0.15895 -0.35895
v -0.07254 0.15895 -0.32870
v -0.05056 0.00000 -0.35895
v -0.05056 0.00000 -0.35895
v -0.01500 0.15895 -0.37050
v -0.05056 0.15895 -0.35895
v -0.01500 0.00000 -0.37050
v -0.05056 0.00000 -0.35895
v 0.02056 0.00000 -0.35895
v -0.01500 0.00000 -0.37050
v 0.04254 0.00000 -0.29130
v 0.04254 0.00000 -0.32870
v -0.07254 0.00000 -0.29130
v -0.07254 0.00000 -0.32870
v -0.01500 0.00000 -0.24950
v -0.05056 0.00000 -0.26105
v 0.02056 0.00000 -0.26105
v 0.27980 0.39600 -0.24180
v 0.27980 0.42000 -0.37820
v 0.27980 0.42000 -0.24180
v 0.27980 0.39600 -0.37820
v 0.27980 0.39600 -0.37820
v 0.41620 0.42000 -0.37820
v 0.27980 0.42000 -0.37820
v 0.41620 0.39600 -0.37820
v 0.41620 0.39600 -0.37820
v 0.41620 0.42000 -0.24180
v 0.41620 0.42000 -0.37820
v 0.41620 0.39600 -0.24180
v 0.41620 0.39600 -0.24180
v 0.27980 0.42000 -0.24180
v 0.41620 0.42000 -0.24180
v 0.27980 0.39600 -0.24180
v 0.27980 0.39600 -0.37820
v 0.41620 0.39600 -0.24180
v 0.41620 0.39600 -0.37820
v 0.27980 0.39600 -0.24180
v 0.41620 0.42000 -0.37820
v 0.27980 0.42000 -0.24180
v 0.27980 0.42000 -0.37820
v 0.41620 0.42000 -0.24180
v -0.40882 0.58000 -0.30911
v -0.41182 0.57700 -0.30709
v -0.41006 0.57700 -0.31251
v -0.31365 0.00000 -0.23997
v -0.31465 0.00300 -0.23649
v -0.38535 0.00300 -0.34351
v -0.35285 0.57700 -0.35407
v -0.38535 0.57700 -0.34351
v -0.35285 0.00300 -0.35407
v -0.38635 0.00000 -0.34003
v -0.38535 0.00300 -0.34351
v -0.29118 0.58000 -0.27089
v -0.28818 0.57700 -0.27291
v -0.28994 0.57700 -0.26749
v -0.28818 0.00300 -0.30709
v -0.28818 0.57700 -0.27291
v -0.28818 0.57700 -0.30709
v -0.28818 0.00300 -0.27291
v -0.40882 0.58000 -0.27089
v -0.41006 0.57700 -0.26749
v -0.41182 0.57700 -0.27291
v -0.29118 0.00000 -0.27089
v -0.28994 0.00300 -0.26749
v -0.28818 0.00300 -0.27291
v -0.28994 0.00300 -0.26749
v -0.31003 0.57700 -0.23984
v -0.28994 0.57700 -0.26749
v -0.31003 0.00300 -0.23984
v -0.40882 0.00000 -0.27089
v -0.41182 0.00300 -0.27291
v -0.41006 0.00300 -0.26749
v -0.29118 0.58000 -0.30911
v -0.28994 0.57700 -0.31251
v -0.28818 0.57700 -0.30709
v -0.31465 0.00300 -0.23649
v -0.34715 0.57700 -0.22593
v -0.31465 0.57700 -0.23649
v -0.34715 0.00300 -0.22593
v -0.38635 0.58000 -0.23997
v -0.38535 0.57700 -0.23649
v -0.29118 0.00000 -0.30911
v -0.28818 0.00300 -0.30709
v -0.28994 0.00300 -0.31251
v -0.35285 0.00300 -0.22593
v -0.38535 0.57700 -0.23649
v -0.35285 0.57700 -0.22593
v -0.38535 0.00300 -0.23649
v -0.38635 0.00000 -0.23997
v -0.38535 0.00300 -0.23649
v -0.31365 0.58000 -0.34003
v -0.31465 0.57700 -0.34351
v -0.38997 0.00300 -0.23984
v -0.41006 0.57700 -0.26749
v -0.38997 0.57700 -0.23984
v -0.41006 0.00300 -0.26749
v -0.35000 0.58000 -0.22815
v -0.35285 0.57700 -0.22593
v -0.31365 0.00000 -0.34003
v -0.31465 0.00300 -0.34351
v -0.41182 0.00300 -0.27291
v -0.41182 0.57700 -0.30709
v -0.41182 0.57700 -0.27291
v -0.41182 0.00300 -0.30709
v -0.35000 0.00000 -0.22815
v -0.34715 0.00300 -0.22593
v -0.35000 0.58000 -0.35185
v -0.35285 0.57700 -0.35407
v -0.34715 0.57700 -0.35407
v -0.41006 0.00300 -0.31251
v -0.38997 0.57700 -0.34016
v -0.41006 0.57700 -0.31251
v -0.38997 0.00300 -0.34016
v -0.31003 0.00300 -0.34016
v -0.28994 0.57700 -0.31251
v -0.31003 0.57700 -0.34016
v -0.28994 0.00300 -0.31251
v -0.35000 0.00000 -0.35185
v -0.35285 0.00300 -0.35407
v -0.40882 0.00000 -0.30911
v -0.41006 0.00300 -0.31251
v -0.41182 0.00300 -0.30709
v -0.31365 0.58000 -0.23997
v -0.31465 0.57700 -0.23649
v -0.35000 0.58000 -0.35185
v -0.35000 0.58000 -0.22815
v -0.34715 0.00300 -0.35407
v -0.31465 0.57700 -0.34351
v -0.34715 0.57700 -0.35407
v -0.31465 0.00300 -0.34351
v -0.38635 0.58000 -0.34003
v -0.38535 0.57700 -0.34351
v -0.34715 0.00300 -0.35407
v -0.31465 0.00300 -0.34351
v -0.35000 0.00000 -0.35185
v -0.31465 0.57700 -0.34351
v -0.35000 0.58000 -0.35185
v -0.34715 0.57700 -0.35407
v -0.35285 0.00300 -0.35407
v -0.34715 0.57700 -0.35407
v -0.35285 0.57700 -0.35407
v -0.31465 0.00300 -0.34351
v -0.31465 0.57700 -0.34351
v -0.31003 0.00300 -0.34016
v -0.28994 0.00300 -0.31251
v -0.28994 0.57700 -0.31251
v -0.31003 0.57700 -0.34016
v -0.28994 0.00300 -0.31251
v -0.28994 0.57700 -0.31251
v -0.28994 0.57700 -0.26749
v -0.28994 0.00300 -0.26749
v -0.28994 0.00300 -0.26749
v -0.31003 0.00300 -0.23984
v -0.31003 0.57700 -0.23984
v -0.28994 0.57700 -0.26749
v -0.31465 0.57700 -0.23649
v -0.31465 0.00300 -0.23649
v -0.31465 0.00300 -0.23649
v -0.35000 0.00000 -0.22815
v -0.34715 0.00300 -0.22593
v -0.34715 0.57700 -0.22593
v -0.31465 0.57700 -0.23649
v -0.35000 0.58000 -0.22815
v -0.35285 0.57700 -0.22593
v -0.34715 0.00300 -0.22593
v -0.35285 0.00300 -0.22593
v -0.38535 0.00300 -0.23649
v -0.35000 0.00000 -0.22815
v -0.38535 0.57700 -0.23649
v -0.35000 0.58000 -0.22815
v -0.35285 0.57700 -0.22593
v -0.38535 0.00300 -0.23649
v -0.38535 0.57700 -0.23649
v -0.38997 0.00300 -0.23984
v -0.41006 0.00300 -0.26749
v -0.41006 0.57700 -0.26749
v -0.38997 0.57700 -0.23984
v -0.41006 0.00300 -0.26749
v -0.41006 0.57700 -0.26749
v -0.41006 0.57700 -0.31251
v -0.41006 0.00300 -0.31251
v -0.41006 0.00300 -0.31251
v -0.38997 0.00300 -0.34016
v -0.38997 0.57700 -0.34016
v -0.41006 0.57700 -0.31251
v -0.38535 0.57700 -0.34351
v -0.38535 0.00300 -0.34351
v -0.38535 0.00300 -0.34351
v -0.35000 0.00000 -0.35185
v -0.35285 0.00300 -0.35407
v -0.35285 0.57700 -0.35407
v -0.38535 0.57700 -0.34351
v -0.35000 0.58000 -0.35185
v -0.35000 0.00000 -0.35185
v -0.35000 0.00000 -0.22815
v -0.35000 0.57000 -0.36540
v -0.30568 0.60000 -0.35100
v -0.35000 0.60000 -0.36540
v -0.30568 0.57000 -0.35100
v -0.30568 0.57000 -0.35100
v -0.27829 0.60000 -0.31330
v -0.30568 0.60000 -0.35100
v -0.27829 0.57000 -0.31330
v -0.27829 0.57000 -0.31330
v -0.27829 0.60000 -0.26670
v -0.27829 0.60000 -0.31330
v -0.27829 0.57000 -0.26670
v -0.27829 0.57000 -0.26670
v -0.30568 0.60000 -0.22900
v -0.27829 0.60000 -0.26670
v -0.30568 0.57000 -0.22900
v -0.30568 0.57000 -0.22900
v -0.35000 0.60000 -0.21460
v -0.30568 0.60000 -0.22900
v -0.35000 0.57000 -0.21460
v -0.35000 0.57000 -0.21460
v -0.39432 0.60000 -0.22900
v -0.35000 0.60000 -0.21460
v -0.39432 0.57000 -0.22900
v -0.39432 0.57000 -0.22900
v -0.42171 0.60000 -0.26670
v -0.39432 0.60000 -0.22900
v -0.42171 0.57000 -0.26670
v -0.42171 0.57000 -0.26670
v -0.42171 0.60000 -0.31330
v -0.42171 0.60000 -0.26670
v -0.42171 0.57000 -0.31330
v -0.27829 0.60000 -0.31330
v -0.35000 0.60000 -0.36540
v -0.30568 0.60000 -0.35100
v -0.42171 0.60000 -0.31330
v -0.39432 0.60000 -0.35100
v -0.30568 0.60000 -0.22900
v -0.27829 0.60000 -0.26670
v -0.39432 0.60000 -0.22900
v -0.35000 0.60000 -0.21460
v -0.42171 0.60000 -0.26670
v -0.42171 0.57000 -0.31330
v -0.39432 0.60000 -0.35100
v -0.42171 0.60000 -0.31330
v -0.39432 0.57000 -0.35100
v -0.39432 0.57000 -0.35100
v -0.35000 0.60000 -0.36540
v -0.39432 0.60000 -0.35100
v -0.35000 0.57000 -0.36540
v -0.39432 0.57000 -0.35100
v -0.30568 0.57000 -0.35100
v -0.35000 0.57000 -0.36540
v -0.27829 0.57000 -0.26670
v -0.27829 0.57000 -0.31330
v -0.42171 0.57000 -0.26670
v -0.42171 0.57000 -0.31330
v -0.35000 0.57000 -0.21460
v -0.39432 0.57000 -0.22900
v -0.30568 0.57000 -0.22900
vn 0.0000 0.0000 -1.0000
vn 0.0000 0.0000 -1.0000
vn 0.0000 0.0000 -1.0000
vn 0.0000 0.0000 -1.0000
vn -1.0000 0.0000 -0.0000
vn -1.0000 0.0000 -0.0000
vn -1.0000 0.0000 -0.0000
vn -1.0000 0.0000 -0.0000
vn 0.0000 1.0000 -0.0000
vn 0.0000 1.0000 -0.0000
vn 0.0000 1.0000 -0.0000
vn 0.0000 1.0000 -0.0000
vn 1.0000 0.0000 -0.0000
vn 1.0000 0.0000 -0.0000
vn 1.0000 0.0000 -0.0000
vn 1.0000 0.0000 -0.0000
vn -0.0000 -0.0000 1.0000
vn -0.0000 -0.0000 1.0000
vn -0.0000 -0.0000 1.0000
vn -0.0000 -0.0000 1.0000
vn 0.5774 -0.5773 -0.5774
vn 0.5774 -0.5773 -0.5774
vn 0.5774 -0.5773 -0.5774
vn 0.5774 0.5773 -0.5773
vn 0.5774 0.5773 -0.5773
vn 0.5774 0.5773 -0.5773
vn 0.5774 -0.5774 0.5773
vn 0.5774 -0.5774 0.5773
vn 0.5774 -0.5774 0.5773
vn 0.5774 0.5773 0.5774
vn 0.5774 0.5773 0.5774
vn 0.5774 0.5773 0.5774
vn -0.5774 -0.5773 -0.5774
vn -0.5774 -0.5773 -0.5774
vn -0.5774 -0.5773 -0.5774
vn -0.5774 0.5773 -0.5774
vn -0.5774 0.5773 -0.5774
vn -0.5774 0.5773 -0.5774
vn -0.5775 -0.5774 0.5772
vn -0.5775 -0.5774 0.5772
vn -0.5775 -0.5774 0.5772
vn -0.5775 0.5773 0.5773
vn -0.5775 0.5773 0.5773
vn -0.5775 0.5773 0.5773
vn 0.7071 -0.7071 -0.0000
vn 0.7071 -0.7071 -0.0000
vn 0.7071 -0.7071 -0.0000
vn 0.7071 -0.7071 -0.0000
vn 0.7071 0.0000 -0.7071
vn 0.7071 0.0000 -0.7071
vn 0.7071 0.0000 -0.7071
vn 0.7071 0.0000 -0.7071
vn 0.7071 0.7071 0.0000
vn 0.7071 0.7071 0.0000
vn 0.7071 0.7071 0.0000
vn 0.7071 0.7071 0.0000
vn 0.7071 -0.0000 0.7071
vn 0.7071 -0.0000 0.7071
vn 0.7071 -0.0000 0.7071
vn 0.7071 -0.0000 0.7071
vn -0.0000 -0.7071 0.7071
vn -0.0000 -0.7071 0.7071
vn -0.0000 -0.7071 0.7071
vn -0.0000 -0.7071 0.7071
vn -0.0000 0.7071 0.7071
vn -0.0000 0.7071 0.7071
vn -0.0000 0.7071 0.7071
vn -0.0000 0.7071 0.7071
vn -0.7071 -0.0000 0.7071
vn -0.7071 -0.0000 0.7071
vn -0.7071 -0.0000 0.7071
vn -0.7071 -0.0000 0.7071
vn -0.7071 -0.7071 -0.0001
vn -0.7071 -0.7071 -0.0001
vn -0.7071 -0.7071 -0.0001
vn -0.7071 -0.7071 -0.0001
vn -0.7071 0.7071 -0.0000
vn -0.7071 0.7071 -0.0000
vn -0.7071 0.7071 -0.0000
vn -0.7071 0.7071 -0.0000
vn -0.7071 0.0000 -0.7071
vn -0.7071 0.0000 -0.7071
vn -0.7071 0.0000 -0.7071
vn -0.7071 0.0000 -0.7071
vn 0.0000 -0.7071 -0.7071
vn 0.0000 -0.7071 -0.7071
vn 0.0000 -0.7071 -0.7071
vn 0.0000 -0.7071 -0.7071
vn 0.0000 0.7071 -0.7071
vn 0.0000 0.7071 -0.7071
vn 0.0000 0.7071 -0.7071
vn 0.0000 0.7071 -0.7071
vn 0.0000 -1.0000 -0.0000
vn 0.0000 -1.0000 -0.0000
vn 0.0000 -1.0000 -0.0000
vn 0.0000 -1.0000 -0.0000
vn 0.7623 0.0000 -0.6472
vn 0.7623 0.0000 -0.6472
vn 0.7623 0.0000 -0.6472
vn 0.7623 0.0000 -0.6472
vn -0.6472 0.0000 -0.7623
vn -0.6472 0.0000 -0.7623
vn -0.6472 0.0000 -0.7623
vn -0.6472 0.0000 -0.7623
vn 0.0000 1.0000 -0.0000
vn 0.0000 1.0000 -0.0000
vn 0.0000 1.0000 -0.0000
vn 0.0000 1.0000 -0.0000
vn 0.6472 -0.0000 0.7623
vn 0.6472 -0.0000 0.7623
vn 0.6472 -0.0000 0.7623
vn 0.6472 -0.0000 0.7623
vn -0.7624 -0.0000 0.6472
vn -0.7624 -0.0000 0.6472
vn -0.7624 -0.0000 0.6472
vn -0.7624 -0.0000 0.6472
vn 0.8138 -0.5774 0.0664
vn 0.8138 -0.5774 0.0664
vn 0.8138 -0.5774 0.0664
vn 0.8138 0.5774 0.0664
vn 0.8138 0.5774 0.0664
vn 0.8138 0.5774 0.0664
vn -0.0664 -0.5774 0.8138
vn -0.0664 -0.5774 0.8138
vn -0.0664 -0.5774 0.8138
vn -0.0664 0.5773 0.8138
vn -0.0664 0.5773 0.8138
vn -0.0664 0.5773 0.8138
vn 0.0664 -0.5774 -0.8138
vn 0.0664 -0.5774 -0.8138
vn 0.0664 -0.5774 -0.8138
vn 0.0664 0.5773 -0.8138
vn 0.0664 0.5773 -0.8138
vn 0.0664 0.5773 -0.8138
vn -0.8138 -0.5774 -0.0664
vn -0.8138 -0.5774 -0.0664
vn -0.8138 -0.5774 -0.0664
vn -0.8138 0.5773 -0.0664
vn -0.8138 0.5773 -0.0664
vn -0.8138 0.5773 -0.0664
vn 0.4576 -0.7071 0.5390
vn 0.4576 -0.7071 0.5390
vn 0.4576 -0.7071 0.5390
vn 0.4576 -0.7071 0.5390
vn 0.9967 -0.0000 0.0814
vn 0.9967 -0.0000 0.0814
vn 0.9967 -0.0000 0.0814
vn 0.9967 -0.0000 0.0814
vn 0.4576 0.7071 0.5391
vn 0.4576 0.7071 0.5391
vn 0.4576 0.7071 0.5391
vn 0.4576 0.7071 0.5391
vn -0.0814 -0.0000 0.9967
vn -0.0814 -0.0000 0.9967
vn -0.0814 -0.0000 0.9967
vn -0.0814 -0.0000 0.9967
vn -0.5390 -0.7071 0.4576
vn -0.5390 -0.7071 0.4576
vn -0.5390 -0.7071 0.4576
vn -0.5390 -0.7071 0.4576
vn -0.5390 0.7071 0.4577
vn -0.5390 0.7071 0.4577
vn -0.5390 0.7071 0.4577
vn -0.5390 0.7071 0.4577
vn -0.9967 0.0000 -0.0814
vn -0.9967 0.0000 -0.0814
vn -0.9967 0.0000 -0.0814
vn -0.9967 0.0000 -0.0814
vn -0.4577 -0.7071 -0.5391
vn -0.4577 -0.7071 -0.5391
vn -0.4577 -0.7071 -0.5391
vn -0.4577 -0.7071 -0.5391
vn -0.4577 0.7071 -0.5390
vn -0.4577 0.7071 -0.5390
vn -0.4577 0.7071 -0.5390
vn -0.4577 0.7071 -0.5390
vn 0.0814 0.0000 -0.9967
vn 0.0814 0.0000 -0.9967
vn 0.0814 0.0000 -0.9967
vn 0.0814 0.0000 -0.9967
vn 0.5390 -0.7071 -0.4577
vn 0.5390 -0.7071 -0.4577
vn 0.5390 -0.7071 -0.4577
vn 0.5390 -0.7071 -0.4577
vn 0.5390 0.7071 -0.4576
vn 0.5390 0.7071 -0.4576
vn 0.5390 0.7071 -0.4576
vn 0.5390 0.7071 -0.4576
vn 0.0000 -1.0000 -0.0000
vn 0.0000 -1.0000 -0.0000
vn 0.0000 -1.0000 -0.0000
vn 0.0000 -1.0000 -0.0000
vn -0.7623 0.0000 -0.6472
vn -0.7623 0.0000 -0.6472
vn -0.7623 0.0000 -0.6472
vn -0.7623 0.0000 -0.6472
vn -0.6473 -0.0000 0.7623
vn -0.6473 -0.0000 0.7623
vn -0.6473 -0.0000 0.7623
vn -0.6473 -0.0000 0.7623
vn 0.0000 1.0000 -0.0000
vn 0.0000 1.0000 -0.0000
vn 0.0000 1.0000 -0.0000
vn 0.0000 1.0000 -0.0000
vn 0.6472 0.0000 -0.7623
vn 0.6472 0.0000 -0.7623
vn 0.6472 0.0000 -0.7623
vn 0.6472 0.0000 -0.7623
vn 0.7623 -0.0000 0.6472
vn 0.7623 -0.0000 0.6472
vn 0.7623 -0.0000 0.6472
vn 0.7623 -0.0000 0.6472
vn -0.0664 -0.5773 -0.8139
vn -0.0664 -0.5773 -0.8139
vn -0.0664 -0.5773 -0.8139
vn -0.0664 0.5774 -0.8138
vn -0.0664 0.5774 -0.8138
vn -0.0664 0.5774 -0.8138
vn 0.8138 -0.5773 -0.0665
vn 0.8138 -0.5773 -0.0665
vn 0.8138 -0.5773 -0.0665
vn 0.8138 0.5773 -0.0664
vn 0.8138 0.5773 -0.0664
vn 0.8138 0.5773 -0.0664
vn -0.8138 -0.5774 0.0663
vn -0.8138 -0.5774 0.0663
vn -0.8138 -0.5774 0.0663
vn -0.8138 0.5773 0.0664
vn -0.8138 0.5773 0.0664
vn -0.8138 0.5773 0.0664
vn 0.0664 -0.5773 0.8138
vn 0.0664 -0.5773 0.8138
vn 0.0664 -0.5773 0.8138
vn 0.0664 0.5773 0.8138
vn 0.0664 0.5773 0.8138
vn 0.0664 0.5773 0.8138
vn 0.4577 -0.7071 -0.5390
vn 0.4577 -0.7071 -0.5390
vn 0.4577 -0.7071 -0.5390
vn 0.4577 -0.7071 -0.5390
vn -0.0814 0.0000 -0.9967
vn -0.0814 0.0000 -0.9967
vn -0.0814 0.0000 -0.9967
vn -0.0814 0.0000 -0.9967
vn 0.4577 0.7071 -0.5390
vn 0.4577 0.7071 -0.5390
vn 0.4577 0.7071 -0.5390
vn 0.4577 0.7071 -0.5390
vn 0.9967 0.0000 -0.0814
vn 0.9967 0.0000 -0.0814
vn 0.9967 0.0000 -0.0814
vn 0.9967 0.0000 -0.0814
vn 0.5390 -0.7071 0.4577
vn 0.5390 -0.7071 0.4577
vn 0.5390 -0.7071 0.4577
vn 0.5390 -0.7071 0.4577
vn 0.5390 0.7071 0.4578
vn 0.5390 0.7071 0.4578
vn 0.5390 0.7071 0.4578
vn 0.5390 0.7071 0.4578
vn 0.0814 -0.0000 0.9967
vn 0.0814 -0.0000 0.9967
vn 0.0814 -0.0000 0.9967
vn 0.0814 -0.0000 0.9967
vn -0.4577 -0.7071 0.5390
vn -0.4577 -0.7071 0.5390
vn -0.4577 -0.7071 0.5390
vn -0.4577 -0.7071 0.5390
vn -0.4577 0.7071 0.5390
vn -0.4577 0.7071 0.5390
vn -0.4577 0.7071 0.5390
vn -0.4577 0.7071 0.5390
vn -0.9967 -0.0000 0.0814
vn -0.9967 -0.0000 0.0814
vn -0.9967 -0.0000 0.0814
vn -0.9967 -0.0000 0.0814
vn -0.5390 -0.7071 -0.4578
vn -0.5390 -0.7071 -0.4578
vn -0.5390 -0.7071 -0.4578
vn -0.5390 -0.7071 -0.4578
vn -0.5391 0.7071 -0.4577
vn -0.5391 0.7071 -0.4577
vn -0.5391 0.7071 -0.4577
vn -0.5391 0.7071 -0.4577
vn 0.0000 -1.0000 -0.0000
vn 0.0000 -1.0000 -0.0000
vn 0.0000 -1.0000 -0.0000
vn 0.0000 -1.0000 -0.0000
vn -0.7624 -0.0000 0.6472
vn -0.7624 -0.0000 0.6472
vn -0.7624 -0.0000 0.6472
vn -0.7624 -0.0000 0.6472
vn 0.6472 -0.0000 0.7623
vn 0.6472 -0.0000 0.7623
vn 0.6472 -0.0000 0.7623
vn 0.6472 -0.0000 0.7623
vn 0.0000 1.0000 -0.0000
vn 0.0000 1.0000 -0.0000
vn 0.0000 1.0000 -0.0000
vn 0.0000 1.0000 -0.0000
vn -0.6472 0.0000 -0.7623
vn -0.6472 0.0000 -0.7623
vn -0.6472 0.0000 -0.7623
vn -0.6472 0.0000 -0.7623
vn 0.7623 0.0000 -0.6472
vn 0.7623 0.0000 -0.6472
vn 0.7623 0.0000 -0.6472
vn 0.7623 0.0000 -0.6472
vn -0.8138 -0.5774 -0.0664
vn -0.8138 -0.5774 -0.0664
vn -0.8138 -0.5774 -0.0664
vn -0.8138 0.5774 -0.0664
vn -0.8138 0.5774 -0.0664
vn -0.8138 0.5774 -0.0664
vn 0.0664 -0.5773 -0.8138
vn 0.0664 -0.5773 -0.8138
vn 0.0664 -0.5773 -0.8138
vn 0.0664 0.5773 -0.8138
vn 0.0664 0.5773 -0.8138
vn 0.0664 0.5773 -0.8138
vn -0.0664 -0.5774 0.8138
vn -0.0664 -0.5774 0.8138
vn -0.0664 -0.5774 0.8138
vn -0.0664 0.5773 0.8138
vn -0.0664 0.5773 0.8138
vn -0.0664 0.5773 0.8138
vn 0.8138 -0.5774 0.0664
vn 0.8138 -0.5774 0.0664
vn 0.8138 -0.5774 0.0664
vn 0.8138 0.5774 0.0664
vn 0.8138 0.5774 0.0664
vn 0.8138 0.5774 0.0664
vn -0.4577 -0.7071 -0.5391
vn -0.4577 -0.7071 -0.5391
vn -0.4577 -0.7071 -0.5391
vn -0.4577 -0.7071 -0.5391
vn -0.9967 0.0000 -0.0814
vn -0.9967 0.0000 -0.0814
vn -0.9967 0.0000 -0.0814
vn -0.9967 0.0000 -0.0814
vn -0.4577 0.7071 -0.5390
vn -0.4577 0.7071 -0.5390
vn -0.4577 0.7071 -0.5390
vn -0.4577 0.7071 -0.5390
vn 0.0814 0.0000 -0.9967
vn 0.0814 0.0000 -0.9967
vn 0.0814 0.0000 -0.9967
vn 0.0814 0.0000 -0.9967
vn 0.5390 -0.7071 -0.4577
vn 0.5390 -0.7071 -0.4577
vn 0.5390 -0.7071 -0.4577
vn 0.5390 -0.7071 -0.4577
vn 0.5390 0.7071 -0.4576
vn 0.5390 0.7071 -0.4576
vn 0.5390 0.7071 -0.4576
vn 0.5390 0.7071 -0.4576
vn 0.9967 -0.0000 0.0814
vn 0.9967 -0.0000 0.0814
vn 0.9967 -0.0000 0.0814
vn 0.9967 -0.0000 0.0814
vn 0.4576 -0.7071 0.5390
vn 0.4576 -0.7071 0.5390
vn 0.4576 -0.7071 0.5390
vn 0.4576 -0.7071 0.5390
vn 0.4576 0.7071 0.5391
vn 0.4576 0.7071 0.5391
vn 0.4576 0.7071 0.5391
vn 0.4576 0.7071 0.5391
vn -0.0814 -0.0000 0.9967
vn -0.0814 -0.0000 0.9967
vn -0.0814 -0.0000 0.9967
vn -0.0814 -0.0000 0.9967
vn -0.5390 -0.7071 0.4576
vn -0.5390 -0.7071 0.4576
vn -0.5390 -0.7071 0.4576
vn -0.5390 -0.7071 0.4576
vn -0.5390 0.7071 0.4577
vn -0.5390 0.7071 0.4577
vn -0.5390 0.7071 0.4577
vn -0.5390 0.7071 0.4577
vn 0.0000 -1.0000 -0.0000
vn 0.0000 -1.0000 -0.0000
vn 0.0000 -1.0000 -0.0000
vn 0.0000 -1.0000 -0.0000
vn 0.7623 -0.0000 0.6472
vn 0.7623 -0.0000 0.6472
vn 0.7623 -0.0000 0.6472
vn 0.7623 -0.0000 0.6472
vn 0.6472 0.0000 -0.7623
vn 0.6472 0.0000 -0.7623
vn 0.6472 0.0000 -0.7623
vn 0.6472 0.0000 -0.7623
vn 0.0000 1.0000 -0.0000
vn 0.0000 1.0000 -0.0000
vn 0.0000 1.0000 -0.0000
vn 0.0000 1.0000 -0.0000
vn -0.6473 -0.0000 0.7623
vn -0.6473 -0.0000 0.7623
vn -0.6473 -0.0000 0.7623
vn -0.6473 -0.0000 0.7623
vn -0.7623 0.0000 -0.6472
vn -0.7623 0.0000 -0.6472
vn -0.7623 0.0000 -0.6472
vn -0.7623 0.0000 -0.6472
vn 0.0664 -0.5773 0.8138
vn 0.0664 -0.5773 0.8138
vn 0.0664 -0.5773 0.8138
vn 0.0664 0.5773 0.8138
vn 0.0664 0.5773 0.8138
vn 0.0664 0.5773 0.8138
vn -0.8138 -0.5774 0.0665
vn -0.8138 -0.5774 0.0665
vn -0.8138 -0.5774 0.0665
vn -0.8138 0.5773 0.0664
vn -0.8138 0.5773 0.0664
vn -0.8138 0.5773 0.0664
vn 0.8137 -0.5774 -0.0664
vn 0.8137 -0.5774 -0.0664
vn 0.8137 -0.5774 -0.0664
vn 0.8138 0.5773 -0.0664
vn 0.8138 0.5773 -0.0664
vn 0.8138 0.5773 -0.0664
vn -0.0664 -0.5773 -0.8139
vn -0.0664 -0.5773 -0.8139
vn -0.0664 -0.5773 -0.8139
vn -0.0664 0.5773 -0.8138
vn -0.0664 0.5773 -0.8138
vn -0.0664 0.5773 -0.8138
vn -0.4577 -0.7071 0.5390
vn -0.4577 -0.7071 0.5390
vn -0.4577 -0.7071 0.5390
vn -0.4577 -0.7071 0.5390
vn 0.0814 -0.0000 0.9967
vn 0.0814 -0.0000 0.9967
vn 0.0814 -0.0000 0.9967
vn 0.0814 -0.0000 0.9967
vn -0.4577 0.7071 0.5390
vn -0.4577 0.7071 0.5390
vn -0.4577 0.7071 0.5390
vn -0.4577 0.7071 0.5390
vn -0.9967 -0.0000 0.0814
vn -0.9967 -0.0000 0.0814
vn -0.9967 -0.0000 0.0814
vn -0.9967 -0.0000 0.0814
vn -0.5390 -0.7071 -0.4578
vn -0.5390 -0.7071 -0.4578
vn -0.5390 -0.7071 -0.4578
vn -0.5390 -0.7071 -0.4578
vn -0.5391 0.7071 -0.4577
vn -0.5391 0.7071 -0.4577
vn -0.5391 0.7071 -0.4577
vn -0.5391 0.7071 -0.4577
vn -0.0814 0.0000 -0.9967
vn -0.0814 0.0000 -0.9967
vn -0.0814 0.0000 -0.9967
vn -0.0814 0.0000 -0.9967
vn 0.4577 -0.7071 -0.5390
vn 0.4577 -0.7071 -0.5390
vn 0.4577 -0.7071 -0.5390
vn 0.4577 -0.7071 -0.5390
vn 0.4577 0.7071 -0.5390
vn 0.4577 0.7071 -0.5390
vn 0.4577 0.7071 -0.5390
vn 0.4577 0.7071 -0.5390
vn 0.9967 0.0000 -0.0814
vn 0.9967 0.0000 -0.0814
vn 0.9967 0.0000 -0.0814
vn 0.9967 0.0000 -0.0814
vn 0.5390 -0.7071 0.4577
vn 0.5390 -0.7071 0.4577
vn 0.5390 -0.7071 0.4577
vn 0.5390 -0.7071 0.4577
vn 0.5390 0.7071 0.4578
vn 0.5390 0.7071 0.4578
vn 0.5390 0.7071 0.4578
vn 0.5390 0.7071 0.4578
vn 0.0000 -1.0000 -0.0000
vn 0.0000 -1.0000 -0.0000
vn 0.0000 -1.0000 -0.0000
vn 0.0000 -1.0000 -0.0000
vn -0.5878 0.0000 -0.8090
vn 0.0000 0.0000 -1.0000
vn -0.5878 0.0000 -0.8090
vn -0.9511 0.0000 -0.3090
vn 0.5878 0.0000 -0.8090
vn -0.9511 0.0000 -0.3090
vn 0.5878 0.0000 -0.8090
vn -0.9511 -0.0000 0.3090
vn 0.9511 0.0000 -0.3090
vn -0.9511 -0.0000 0.3090
vn 0.9511 0.0000 -0.3090
vn -0.5878 -0.0000 0.8090
vn 0.9511 -0.0000 0.3090
vn -0.5878 -0.0000 0.8090
vn 0.9511 -0.0000 0.3090
vn -0.0000 -0.0000 1.0000
vn 0.5878 -0.0000 0.8090
vn -0.0000 -0.0000 1.0000
vn 0.5878 -0.0000 0.8090
vn 0.0000 1.0000 -0.0000
vn 0.0000 1.0000 -0.0000
vn 0.0000 1.0000 -0.0000
vn 0.0000 1.0000 -0.0000
vn 0.0000 1.0000 -0.0000
vn 0.0000 1.0000 -0.0000
vn 0.0000 1.0000 -0.0000
vn 0.0000 1.0000 -0.0000
vn 0.0000 -0.5961 -0.8029
vn 0.2185 -0.7071 -0.6725
vn 0.4719 -0.5961 -0.6496
vn -0.2185 -0.7071 -0.6725
vn -0.4719 -0.5961 -0.6496
vn 0.5721 -0.7071 -0.4156
vn 0.5721 -0.7071 -0.4156
vn 0.7071 -0.7071 -0.0000
vn 0.7071 -0.7071 -0.0000
vn 0.7071 -0.7071 -0.0000
vn 0.7071 -0.7071 -0.0000
vn 0.5721 -0.7071 0.4156
vn 0.5721 -0.7071 0.4156
vn 0.4719 -0.5961 0.6496
vn 0.2185 -0.7071 0.6725
vn -0.0000 -0.5961 0.8029
vn -0.2185 -0.7071 0.6725
vn -0.4719 -0.5961 0.6495
vn -0.5721 -0.7071 0.4156
vn -0.5721 -0.7071 0.4156
vn -0.7071 -0.7071 -0.0001
vn -0.7071 -0.7071 -0.0001
vn -0.7071 -0.7071 -0.0001
vn -0.7071 -0.7071 -0.0001
vn -0.5721 -0.7071 -0.4156
vn -0.5721 -0.7071 -0.4156
vn 0.4719 0.5961 -0.6495
vn 0.2185 0.7071 -0.6724
vn -0.4719 0.5961 -0.6496
vn -0.2185 0.7071 -0.6725
vn -0.5721 0.7071 -0.4156
vn -0.5721 0.7071 -0.4156
vn -0.7071 0.7071 -0.0000
vn -0.7071 0.7071 -0.0000
vn -0.7071 0.7071 -0.0000
vn -0.7071 0.7071 -0.0000
vn -0.5721 0.7071 0.4156
vn -0.5721 0.7071 0.4156
vn -0.4719 0.5961 0.6496
vn -0.2185 0.7071 0.6725
vn -0.0000 0.5961 0.8029
vn 0.2185 0.7071 0.6726
vn 0.4719 0.5961 0.6496
vn 0.5721 0.7071 0.4157
vn 0.5721 0.7071 0.4157
vn 0.7071 0.7071 0.0000
vn 0.7071 0.7071 0.0000
vn 0.7071 0.7071 0.0000
vn 0.7071 0.7071 0.0000
vn 0.5721 0.7071 -0.4155
vn 0.5721 0.7071 -0.4155
vn 0.0000 -1.0000 -0.0000
vn 0.0000 -1.0000 -0.0000
vn 0.0000 -1.0000 -0.0000
vn 0.0000 -1.0000 -0.0000
vn 0.0000 -1.0000 -0.0000
vn 0.0000 -1.0000 -0.0000
vn 0.0000 -1.0000 -0.0000
vn 0.0000 -1.0000 -0.0000
vn -0.0000 -0.0000 1.0000
vn -0.0000 -0.0000 1.0000
vn -0.0000 -0.0000 1.0000
vn -0.0000 -0.0000 1.0000
vn 1.0000 0.0000 -0.0000
vn 1.0000 0.0000 -0.0000
vn 1.0000 0.0000 -0.0000
vn 1.0000 0.0000 -0.0000
vn 0.0000 1.0000 -0.0000
vn 0.0000 1.0000 -0.0000
vn 0.0000 1.0000 -0.0000
vn 0.0000 1.0000 -0.0000
vn -1.0000 0.0000 -0.0000
vn -1.0000 0.0000 -0.0000
vn -1.0000 0.0000 -0.0000
vn -1.0000 0.0000 -0.0000
vn 0.0000 0.0000 -1.0000
vn 0.0000 0.0000 -1.0000
vn 0.0000 0.0000 -1.0000
vn 0.0000 0.0000 -1.0000
vn -0.5773 -0.5774 0.5774
vn -0.5773 -0.5774 0.5774
vn -0.5773 -0.5774 0.5774
vn -0.5773 0.5774 0.5774
vn -0.5773 0.5774 0.5774
vn -0.5773 0.5774 0.5774
vn -0.5773 -0.5774 -0.5774
vn -0.5773 -0.5774 -0.5774
vn -0.5773 -0.5774 -0.5774
vn -0.5773 0.5774 -0.5774
vn -0.5773 0.5774 -0.5774
vn -0.5773 0.5774 -0.5774
vn 0.5773 -0.5775 0.5773
vn 0.5773 -0.5775 0.5773
vn 0.5773 -0.5775 0.5773
vn 0.5772 0.5774 0.5775
vn 0.5772 0.5774 0.5775
vn 0.5772 0.5774 0.5775
vn 0.5773 -0.5774 -0.5774
vn 0.5773 -0.5774 -0.5774
vn 0.5773 -0.5774 -0.5774
vn 0.5773 0.5774 -0.5773
vn 0.5773 0.5774 -0.5773
vn 0.5773 0.5774 -0.5773
vn -0.7071 -0.7071 -0.0001
vn -0.7071 -0.7071 -0.0001
vn -0.7071 -0.7071 -0.0001
vn -0.7071 -0.7071 -0.0001
vn -0.7071 -0.0000 0.7071
vn -0.7071 -0.0000 0.7071
vn -0.7071 -0.0000 0.7071
vn -0.7071 -0.0000 0.7071
vn -0.7071 0.7071 -0.0000
vn -0.7071 0.7071 -0.0000
vn -0.7071 0.7071 -0.0000
vn -0.7071 0.7071 -0.0000
vn -0.7071 0.0000 -0.7071
vn -0.7071 0.0000 -0.7071
vn -0.7071 0.0000 -0.7071
vn -0.7071 0.0000 -0.7071
vn 0.0000 -0.7071 -0.7071
vn 0.0000 -0.7071 -0.7071
vn 0.0000 -0.7071 -0.7071
vn 0.0000 -0.7071 -0.7071
vn 0.0000 0.7071 -0.7071
vn 0.0000 0.7071 -0.7071
vn 0.0000 0.7071 -0.7071
vn 0.0000 0.7071 -0.7071
vn 0.7071 0.0000 -0.7071
vn 0.7071 0.0000 -0.7071
vn 0.7071 0.0000 -0.7071
vn 0.7071 0.0000 -0.7071
vn 0.7071 -0.7071 -0.0000
vn 0.7071 -0.7071 -0.0000
vn 0.7071 -0.7071 -0.0000
vn 0.7071 -0.7071 -0.0000
vn 0.7071 0.7071 0.0000
vn 0.7071 0.7071 0.0000
vn 0.7071 0.7071 0.0000
vn 0.7071 0.7071 0.0000
vn 0.7071 -0.0000 0.7071
vn 0.7071 -0.0000 0.7071
vn 0.7071 -0.0000 0.7071
vn 0.7071 -0.0000 0.7071
vn -0.0000 -0.7071 0.7071
vn -0.0000 -0.7071 0.7071
vn -0.0000 -0.7071 0.7071
vn -0.0000 -0.7071 0.7071
vn -0.0000 0.7071 0.7071
vn -0.0000 0.7071 0.7071
vn -0.0000 0.7071 0.7071
vn -0.0000 0.7071 0.7071
vn 0.0000 -1.0000 -0.0000
vn 0.0000 -1.0000 -0.0000
vn 0.0000 -1.0000 -0.0000
vn 0.0000 -1.0000 -0.0000
vn -0.0000 -0.0000 1.0000
vn -0.0000 -0.0000 1.0000
vn -0.0000 -0.0000 1.0000
vn -0.0000 -0.0000 1.0000
vn 1.0000 0.0000 -0.0000
vn 1.0000 0.0000 -0.0000
vn 1.0000 0.0000 -0.0000
vn 1.0000 0.0000 -0.0000
vn 0.0000 1.0000 -0.0000
vn 0.0000 1.0000 -0.0000
vn 0.0000 1.0000 -0.0000
vn 0.0000 1.0000 -0.0000
vn -1.0000 0.0000 -0.0000
vn -1.0000 0.0000 -0.0000
vn -1.0000 0.0000 -0.0000
vn -1.0000 0.0000 -0.0000
vn 0.0000 0.0000 -1.0000
vn 0.0000 0.0000 -1.0000
vn 0.0000 0.0000 -1.0000
vn 0.0000 0.0000 -1.0000
vn -0.5774 -0.5775 0.5772
vn -0.5774 -0.5775 0.5772
vn -0.5774 -0.5775 0.5772
vn -0.5773 0.5774 0.5774
vn -0.5773 0.5774 0.5774
vn -0.5773 0.5774 0.5774
vn -0.5773 -0.5774 -0.5774
vn -0.5773 -0.5774 -0.5774
vn -0.5773 -0.5774 -0.5774
vn -0.5773 0.5774 -0.5774
vn -0.5773 0.5774 -0.5774
vn -0.5773 0.5774 -0.5774
vn 0.5773 -0.5775 0.5773
vn 0.5773 -0.5775 0.5773
vn 0.5773 -0.5775 0.5773
vn 0.5772 0.5774 0.5775
vn 0.5772 0.5774 0.5775
vn 0.5772 0.5774 0.5775
vn 0.5773 -0.5774 -0.5774
vn 0.5773 -0.5774 -0.5774
vn 0.5773 -0.5774 -0.5774
vn 0.5773 0.5774 -0.5773
vn 0.5773 0.5774 -0.5773
vn 0.5773 0.5774 -0.5773
vn -0.7071 -0.7071 -0.0001
vn -0.7071 -0.7071 -0.0001
vn -0.7071 -0.7071 -0.0001
vn -0.7071 -0.7071 -0.0001
vn -0.7071 -0.0000 0.7071
vn -0.7071 -0.0000 0.7071
vn -0.7071 -0.0000 0.7071
vn -0.7071 -0.0000 0.7071
vn -0.7071 0.7071 -0.0000
vn -0.7071 0.7071 -0.0000
vn -0.7071 0.7071 -0.0000
vn -0.7071 0.7071 -0.0000
vn -0.7071 0.0000 -0.7071
vn -0.7071 0.0000 -0.7071
vn -0.7071 0.0000 -0.7071
vn -0.7071 0.0000 -0.7071
vn 0.0000 -0.7071 -0.7071
vn 0.0000 -0.7071 -0.7071
vn 0.0000 -0.7071 -0.7071
vn 0.0000 -0.7071 -0.7071
vn 0.0000 0.7071 -0.7071
vn 0.0000 0.7071 -0.7071
vn 0.0000 0.7071 -0.7071
vn 0.0000 0.7071 -0.7071
vn 0.7071 0.0000 -0.7071
vn 0.7071 0.0000 -0.7071
vn 0.7071 0.0000 -0.7071
vn 0.7071 0.0000 -0.7071
vn 0.7071 -0.7071 -0.0000
vn 0.7071 -0.7071 -0.0000
vn 0.7071 -0.7071 -0.0000
vn 0.7071 -0.7071 -0.0000
vn 0.7071 0.7071 0.0000
vn 0.7071 0.7071 0.0000
vn 0.7071 0.7071 0.0000
vn 0.7071 0.7071 0.0000
vn 0.7071 -0.0000 0.7071
vn 0.7071 -0.0000 0.7071
vn 0.7071 -0.0000 0.7071
vn 0.7071 -0.0000 0.7071
vn -0.0000 -0.7071 0.7071
vn -0.0000 -0.7071 0.7071
vn -0.0000 -0.7071 0.7071
vn -0.0000 -0.7071 0.7071
vn -0.0000 0.7071 0.7071
vn -0.0000 0.7071 0.7071
vn -0.0000 0.7071 0.7071
vn -0.0000 0.7071 0.7071
vn 0.0000 -1.0000 -0.0000
vn 0.0000 -1.0000 -0.0000
vn 0.0000 -1.0000 -0.0000
vn 0.0000 -1.0000 -0.0000
vn -0.5000 0.0000 -0.8660
vn 0.5000 0.0000 -0.8660
vn -0.5000 0.0000 -0.8660
vn -0.8660 0.0000 -0.5000
vn 0.5000 0.0000 -0.8660
vn -0.8660 0.0000 -0.5000
vn 0.8660 0.0000 -0.5000
vn -0.9659 0.0000 -0.2588
vn 0.8660 0.0000 -0.5000
vn -0.9659 0.0000 -0.2588
vn 0.9659 0.0000 -0.2588
vn -0.8661 -0.0000 0.4999
vn 0.9659 0.0000 -0.2588
vn -0.8661 -0.0000 0.4999
vn 0.8660 -0.0000 0.5000
vn -0.5000 -0.0000 0.8660
vn 0.8660 -0.0000 0.5000
vn -0.5000 -0.0000 0.8660
vn 0.5000 -0.0000 0.8660
vn 0.5000 -0.0000 0.8660
vn 0.0000 1.0000 -0.0000
vn 0.0000 1.0000 -0.0000
vn 0.0000 1.0000 -0.0000
vn 0.0000 1.0000 -0.0000
vn 0.0000 1.0000 -0.0000
vn 0.0000 1.0000 -0.0000
vn 0.0000 1.0000 -0.0000
vn 0.0000 1.0000 -0.0000
vn 0.0000 1.0000 -0.0000
vn 0.0000 1.0000 -0.0000
vn 0.3949 -0.6133 -0.6840
vn -0.1830 -0.7071 -0.6831
vn 0.1830 -0.7071 -0.6830
vn -0.3949 -0.6133 -0.6841
vn 0.5000 -0.7071 -0.5000
vn 0.5000 -0.7071 -0.5000
vn 0.6830 -0.7071 -0.1830
vn 0.6830 -0.7071 -0.1830
vn 0.6830 -0.7071 -0.1830
vn 0.6830 -0.7071 -0.1830
vn 0.6830 -0.7071 0.1830
vn 0.6830 -0.7071 0.1830
vn 0.6830 -0.7071 0.1830
vn 0.5000 -0.7071 0.5000
vn 0.5000 -0.7071 0.5000
vn 0.3949 -0.6134 0.6840
vn 0.1830 -0.7071 0.6830
vn -0.3950 -0.6134 0.6840
vn -0.1830 -0.7072 0.6830
vn -0.5000 -0.7071 0.5000
vn -0.5000 -0.7071 0.5000
vn -0.6830 -0.7071 0.1829
vn -0.6830 -0.7071 0.1829
vn -0.6830 -0.7071 0.1829
vn -0.6830 -0.7071 -0.1831
vn -0.6830 -0.7071 -0.1831
vn -0.6830 -0.7071 -0.1831
vn -0.6830 -0.7071 -0.1831
vn -0.5000 -0.7071 -0.5001
vn -0.5000 -0.7071 -0.5001
vn 0.3949 0.6133 -0.6840
vn 0.1830 0.7071 -0.6830
vn -0.3949 0.6133 -0.6841
vn -0.1830 0.7071 -0.6830
vn -0.5000 0.7071 -0.5000
vn -0.5000 0.7071 -0.5000
vn -0.6830 0.7071 -0.1830
vn -0.6830 0.7071 -0.1830
vn -0.6830 0.7071 -0.1830
vn -0.6830 0.7071 -0.1830
vn -0.6830 0.7071 0.1830
vn -0.6830 0.7071 0.1830
vn -0.6830 0.7071 0.1830
vn -0.5000 0.7071 0.5000
vn -0.5000 0.7071 0.5000
vn -0.3950 0.6133 0.6840
vn -0.1830 0.7071 0.6830
vn 0.3949 0.6133 0.6840
vn 0.1830 0.7071 0.6830
vn 0.5000 0.7071 0.5001
vn 0.5000 0.7071 0.5001
vn 0.6830 0.7071 0.1830
vn 0.6830 0.7071 0.1830
vn 0.6830 0.7071 0.1830
vn 0.6830 0.7071 -0.1830
vn 0.6830 0.7071 -0.1830
vn 0.6830 0.7071 -0.1830
vn 0.6830 0.7071 -0.1830
vn 0.5000 0.7071 -0.5000
vn 0.5000 0.7071 -0.5000
vn 0.0000 -1.0000 -0.0000
vn 0.0000 -1.0000 -0.0000
vn 0.0000 -1.0000 -0.0000
vn 0.0000 -1.0000 -0.0000
vn 0.0000 -1.0000 -0.0000
vn 0.0000 -1.0000 -0.0000
vn 0.0000 -1.0000 -0.0000
vn 0.0000 -1.0000 -0.0000
vn 0.0000 -1.0000 -0.0000
vn 0.0000 -1.0000 -0.0000
vn -0.5000 0.0000 -0.8660
vn 0.5000 0.0000 -0.8660
vn -0.5000 0.0000 -0.8660
vn -0.8660 0.0000 -0.5000
vn 0.5000 0.0000 -0.8660
vn -0.8660 0.0000 -0.5000
vn 0.8660 0.0000 -0.5000
vn -0.9659 0.0000 -0.2588
vn 0.8660 0.0000 -0.5000
vn -0.9659 0.0000 -0.2588
vn 0.9659 0.0000 -0.2588
vn -0.8661 -0.0000 0.4999
vn 0.9659 0.0000 -0.2588
vn -0.8661 -0.0000 0.4999
vn 0.8660 -0.0000 0.5000
vn -0.5000 -0.0000 0.8660
vn 0.8660 -0.0000 0.5000
vn -0.5000 -0.0000 0.8660
vn 0.5000 -0.0000 0.8660
vn 0.5000 -0.0000 0.8660
vn 0.0000 1.0000 -0.0000
vn 0.0000 1.0000 -0.0000
vn 0.0000 1.0000 -0.0000
vn 0.0000 1.0000 -0.0000
vn 0.0000 1.0000 -0.0000
vn 0.0000 1.0000 -0.0000
vn 0.0000 1.0000 -0.0000
vn 0.0000 1.0000 -0.0000
vn 0.0000 1.0000 -0.0000
vn 0.0000 1.0000 -0.0000
vn 0.3949 -0.6133 -0.6840
vn -0.1830 -0.7071 -0.6831
vn 0.1830 -0.7071 -0.6830
vn -0.3949 -0.6133 -0.6841
vn 0.5000 -0.7071 -0.5000
vn 0.5000 -0.7071 -0.5000
vn 0.6830 -0.7071 -0.1830
vn 0.6830 -0.7071 -0.1830
vn 0.6830 -0.7071 -0.1830
vn 0.6830 -0.7071 -0.1830
vn 0.6830 -0.7071 0.1830
vn 0.6830 -0.7071 0.1830
vn 0.6830 -0.7071 0.1830
vn 0.5000 -0.7071 0.5000
vn 0.5000 -0.7071 0.5000
vn 0.3949 -0.6134 0.6840
vn 0.1830 -0.7071 0.6830
vn -0.3950 -0.6134 0.6840
vn -0.1830 -0.7072 0.6830
vn -0.5000 -0.7071 0.5000
vn -0.5000 -0.7071 0.5000
vn -0.6830 -0.7071 0.1829
vn -0.6830 -0.7071 0.1829
vn -0.6830 -0.7071 0.1829
vn -0.6830 -0.7071 -0.1831
vn -0.6830 -0.7071 -0.1831
vn -0.6830 -0.7071 -0.1831
vn -0.6830 -0.7071 -0.1831
vn -0.5000 -0.7071 -0.5001
vn -0.5000 -0.7071 -0.5001
vn 0.3949 0.6133 -0.6840
vn 0.1830 0.7071 -0.6830
vn -0.3949 0.6133 -0.6841
vn -0.1830 0.7071 -0.6830
vn -0.5000 0.7071 -0.5000
vn -0.5000 0.7071 -0.5000
vn -0.6830 0.7071 -0.1830
vn -0.6830 0.7071 -0.1830
vn -0.6830 0.7071 -0.1830
vn -0.6830 0.7071 -0.1830
vn -0.6830 0.7071 0.1830
vn -0.6830 0.7071 0.1830
vn -0.6830 0.7071 0.1830
vn -0.5000 0.7071 0.5000
vn -0.5000 0.7071 0.5000
vn -0.3950 0.6133 0.6840
vn -0.1830 0.7071 0.6830
vn 0.3949 0.6133 0.6840
vn 0.1830 0.7071 0.6830
vn 0.5000 0.7071 0.5001
vn 0.5000 0.7071 0.5001
vn 0.6830 0.7071 0.1830
vn 0.6830 0.7071 0.1830
vn 0.6830 0.7071 0.1830
vn 0.6830 0.7071 -0.1830
vn 0.6830 0.7071 -0.1830
vn 0.6830 0.7071 -0.1830
vn 0.6830 0.7071 -0.1830
vn 0.5000 0.7071 -0.5000
vn 0.5000 0.7071 -0.5000
vn 0.0000 -1.0000 -0.0000
vn 0.0000 -1.0000 -0.0000
vn 0.0000 -1.0000 -0.0000
vn 0.0000 -1.0000 -0.0000
vn 0.0000 -1.0000 -0.0000
vn 0.0000 -1.0000 -0.0000
vn 0.0000 -1.0000 -0.0000
vn 0.0000 -1.0000 -0.0000
vn 0.0000 -1.0000 -0.0000
vn 0.0000 -1.0000 -0.0000
vn -0.5000 0.0000 -0.8660
vn 0.5000 0.0000 -0.8660
vn -0.5000 0.0000 -0.8660
vn -0.8660 0.0000 -0.5000
vn 0.5000 0.0000 -0.8660
vn -0.8660 0.0000 -0.5000
vn 0.8660 0.0000 -0.5000
vn -0.9659 0.0000 -0.2588
vn 0.8660 0.0000 -0.5000
vn -0.9659 0.0000 -0.2588
vn 0.9659 0.0000 -0.2588
vn -0.8661 -0.0000 0.4999
vn 0.9659 0.0000 -0.2588
vn -0.8661 -0.0000 0.4999
vn 0.8660 -0.0000 0.5000
vn -0.5000 -0.0000 0.8660
vn 0.8660 -0.0000 0.5000
vn -0.5000 -0.0000 0.8660
vn 0.5000 -0.0000 0.8660
vn 0.5000 -0.0000 0.8660
vn 0.0000 1.0000 -0.0000
vn 0.0000 1.0000 -0.0000
vn 0.0000 1.0000 -0.0000
vn 0.0000 1.0000 -0.0000
vn 0.0000 1.0000 -0.0000
vn 0.0000 1.0000 -0.0000
vn 0.0000 1.0000 -0.0000
vn 0.0000 1.0000 -0.0000
vn 0.0000 1.0000 -0.0000
vn 0.0000 1.0000 -0.0000
vn 0.3949 -0.6133 -0.6840
vn -0.1830 -0.7071 -0.6831
vn 0.1830 -0.7071 -0.6830
vn -0.3949 -0.6133 -0.6841
vn 0.5000 -0.7071 -0.5000
vn 0.5000 -0.7071 -0.5000
vn 0.6830 -0.7071 -0.1830
vn 0.6830 -0.7071 -0.1830
vn 0.6830 -0.7071 -0.1830
vn 0.6830 -0.7071 -0.1830
vn 0.6830 -0.7071 0.1830
vn 0.6830 -0.7071 0.1830
vn 0.6830 -0.7071 0.1830
vn 0.5000 -0.7071 0.5000
vn 0.5000 -0.7071 0.5000
vn 0.3949 -0.6134 0.6840
vn 0.1830 -0.7071 0.6830
vn -0.3950 -0.6134 0.6840
vn -0.1830 -0.7072 0.6830
vn -0.5000 -0.7071 0.5000
vn -0.5000 -0.7071 0.5000
vn -0.6830 -0.7071 0.1829
vn -0.6830 -0.7071 0.1829
vn -0.6830 -0.7071 0.1829
vn -0.6830 -0.7071 -0.1831
vn -0.6830 -0.7071 -0.1831
vn -0.6830 -0.7071 -0.1831
vn -0.6830 -0.7071 -0.1831
vn -0.5000 -0.7071 -0.5001
vn -0.5000 -0.7071 -0.5001
vn 0.3949 0.6133 -0.6840
vn 0.1830 0.7071 -0.6830
vn -0.3949 0.6133 -0.6841
vn -0.1830 0.7071 -0.6830
vn -0.5000 0.7071 -0.5000
vn -0.5000 0.7071 -0.5000
vn -0.6830 0.7071 -0.1830
vn -0.6830 0.7071 -0.1830
vn -0.6830 0.7071 -0.1830
vn -0.6830 0.7071 -0.1830
vn -0.6830 0.7071 0.1830
vn -0.6830 0.7071 0.1830
vn -0.6830 0.7071 0.1830
vn -0.5000 0.7071 0.5000
vn -0.5000 0.7071 0.5000
vn -0.3950 0.6133 0.6840
vn -0.1830 0.7071 0.6830
vn 0.3949 0.6133 0.6840
vn 0.1830 0.7071 0.6830
vn 0.5000 0.7071 0.5001
vn 0.5000 0.7071 0.5001
vn 0.6830 0.7071 0.1830
vn 0.6830 0.7071 0.1830
vn 0.6830 0.7071 0.1830
vn 0.6830 0.7071 -0.1830
vn 0.6830 0.7071 -0.1830
vn 0.6830 0.7071 -0.1830
vn 0.6830 0.7071 -0.1830
vn 0.5000 0.7071 -0.5000
vn 0.5000 0.7071 -0.5000
vn 0.0000 -1.0000 -0.0000
vn 0.0000 -1.0000 -0.0000
vn 0.0000 -1.0000 -0.0000
vn 0.0000 -1.0000 -0.0000
vn 0.0000 -1.0000 -0.0000
vn 0.0000 -1.0000 -0.0000
vn 0.0000 -1.0000 -0.0000
vn 0.0000 -1.0000 -0.0000
vn 0.0000 -1.0000 -0.0000
vn 0.0000 -1.0000 -0.0000
vn -0.5000 0.0000 -0.8660
vn 0.5000 0.0000 -0.8660
vn -0.5000 0.0000 -0.8660
vn -0.8660 0.0000 -0.5000
vn 0.5000 0.0000 -0.8660
vn -0.8660 0.0000 -0.5000
vn 0.8660 0.0000 -0.5000
vn -0.9659 0.0000 -0.2588
vn 0.8660 0.0000 -0.5000
vn -0.9659 0.0000 -0.2588
vn 0.9659 0.0000 -0.2588
vn -0.8661 -0.0000 0.4999
vn 0.9659 0.0000 -0.2588
vn -0.8661 -0.0000 0.4999
vn 0.8660 -0.0000 0.5000
vn -0.5000 -0.0000 0.8660
vn 0.8660 -0.0000 0.5000
vn -0.5000 -0.0000 0.8660
vn 0.5000 -0.0000 0.8660
vn 0.5000 -0.0000 0.8660
vn 0.0000 1.0000 -0.0000
vn 0.0000 1.0000 -0.0000
vn 0.0000 1.0000 -0.0000
vn 0.0000 1.0000 -0.0000
vn 0.0000 1.0000 -0.0000
vn 0.0000 1.0000 -0.0000
vn 0.0000 1.0000 -0.0000
vn 0.0000 1.0000 -0.0000
vn 0.0000 1.0000 -0.0000
vn 0.0000 1.0000 -0.0000
vn 0.3949 -0.6133 -0.6840
vn -0.1830 -0.7071 -0.6831
vn 0.1830 -0.7071 -0.6830
vn -0.3949 -0.6133 -0.6841
vn 0.5000 -0.7071 -0.5000
vn 0.5000 -0.7071 -0.5000
vn 0.6830 -0.7071 -0.1830
vn 0.6830 -0.7071 -0.1830
vn 0.6830 -0.7071 -0.1830
vn 0.6830 -0.7071 -0.1830
vn 0.6830 -0.7071 0.1830
vn 0.6830 -0.7071 0.1830
vn 0.6830 -0.7071 0.1830
vn 0.5000 -0.7071 0.5000
vn 0.5000 -0.7071 0.5000
vn 0.3949 -0.6134 0.6840
vn 0.1830 -0.7071 0.6830
vn -0.3950 -0.6134 0.6840
vn -0.1830 -0.7072 0.6830
vn -0.5000 -0.7071 0.5000
vn -0.5000 -0.7071 0.5000
vn -0.6830 -0.7071 0.1829
vn -0.6830 -0.7071 0.1829
vn -0.6830 -0.7071 0.1829
vn -0.6830 -0.7071 -0.1831
vn -0.6830 -0.7071 -0.1831
vn -0.6830 -0.7071 -0.1831
vn -0.6830 -0.7071 -0.1831
vn -0.5000 -0.7071 -0.5001
vn -0.5000 -0.7071 -0.5001
vn 0.3949 0.6133 -0.6840
vn 0.1830 0.7071 -0.6830
vn -0.3949 0.6133 -0.6841
vn -0.1830 0.7071 -0.6830
vn -0.5000 0.7071 -0.5000
vn -0.5000 0.7071 -0.5000
vn -0.6830 0.7071 -0.1830
vn -0.6830 0.7071 -0.1830
vn -0.6830 0.7071 -0.1830
vn -0.6830 0.7071 -0.1830
vn -0.6830 0.7071 0.1830
vn -0.6830 0.7071 0.1830
vn -0.6830 0.7071 0.1830
vn -0.5000 0.7071 0.5000
vn -0.5000 0.7071 0.5000
vn -0.3950 0.6133 0.6840
vn -0.1830 0.7071 0.6830
vn 0.3949 0.6133 0.6840
vn 0.1830 0.7071 0.6830
vn 0.5000 0.7071 0.5001
vn 0.5000 0.7071 0.5001
vn 0.6830 0.7071 0.1830
vn 0.6830 0.7071 0.1830
vn 0.6830 0.7071 0.1830
vn 0.6830 0.7071 -0.1830
vn 0.6830 0.7071 -0.1830
vn 0.6830 0.7071 -0.1830
vn 0.6830 0.7071 -0.1830
vn 0.5000 0.7071 -0.5000
vn 0.5000 0.7071 -0.5000
vn 0.0000 -1.0000 -0.0000
vn 0.0000 -1.0000 -0.0000
vn 0.0000 -1.0000 -0.0000
vn 0.0000 -1.0000 -0.0000
vn 0.0000 -1.0000 -0.0000
vn 0.0000 -1.0000 -0.0000
vn 0.0000 -1.0000 -0.0000
vn 0.0000 -1.0000 -0.0000
vn 0.0000 -1.0000 -0.0000
vn 0.0000 -1.0000 -0.0000
vn -0.0000 -0.0000 1.0000
vn -0.0000 -0.0000 1.0000
vn -0.0000 -0.0000 1.0000
vn -0.0000 -0.0000 1.0000
vn 1.0000 0.0000 -0.0000
vn 1.0000 0.0000 -0.0000
vn 1.0000 0.0000 -0.0000
vn 1.0000 0.0000 -0.0000
vn 0.0000 1.0000 -0.0000
vn 0.0000 1.0000 -0.0000
vn 0.0000 1.0000 -0.0000
vn 0.0000 1.0000 -0.0000
vn -1.0000 0.0000 -0.0000
vn -1.0000 0.0000 -0.0000
vn -1.0000 0.0000 -0.0000
vn -1.0000 0.0000 -0.0000
vn 0.0000 0.0000 -1.0000
vn 0.0000 0.0000 -1.0000
vn 0.0000 0.0000 -1.0000
vn 0.0000 0.0000 -1.0000
vn -0.5773 -0.5774 0.5774
vn -0.5773 -0.5774 0.5774
vn -0.5773 -0.5774 0.5774
vn -0.5773 0.5774 0.5774
vn -0.5773 0.5774 0.5774
vn -0.5773 0.5774 0.5774
vn -0.5773 -0.5774 -0.5774
vn -0.5773 -0.5774 -0.5774
vn -0.5773 -0.5774 -0.5774
vn -0.5773 0.5774 -0.5774
vn -0.5773 0.5774 -0.5774
vn -0.5773 0.5774 -0.5774
vn 0.5772 -0.5774 0.5774
vn 0.5772 -0.5774 0.5774
vn 0.5772 -0.5774 0.5774
vn 0.5772 0.5774 0.5775
vn 0.5772 0.5774 0.5775
vn 0.5772 0.5774 0.5775
vn 0.5773 -0.5774 -0.5774
vn 0.5773 -0.5774 -0.5774
vn 0.5773 -0.5774 -0.5774
vn 0.5773 0.5774 -0.5773
vn 0.5773 0.5774 -0.5773
vn 0.5773 0.5774 -0.5773
vn -0.7071 -0.7071 -0.0001
vn -0.7071 -0.7071 -0.0001
vn -0.7071 -0.7071 -0.0001
vn -0.7071 -0.7071 -0.0001
vn -0.7071 -0.0000 0.7071
vn -0.7071 -0.0000 0.7071
vn -0.7071 -0.0000 0.7071
vn -0.7071 -0.0000 0.7071
vn -0.7071 0.7071 -0.0000
vn -0.7071 0.7071 -0.0000
vn -0.7071 0.7071 -0.0000
vn -0.7071 0.7071 -0.0000
vn -0.7071 0.0000 -0.7071
vn -0.7071 0.0000 -0.7071
vn -0.7071 0.0000 -0.7071
vn -0.7071 0.0000 -0.7071
vn 0.0000 -0.7071 -0.7071
vn 0.0000 -0.7071 -0.7071
vn 0.0000 -0.7071 -0.7071
vn 0.0000 -0.7071 -0.7071
vn 0.0000 0.7071 -0.7071
vn 0.0000 0.7071 -0.7071
vn 0.0000 0.7071 -0.7071
vn 0.0000 0.7071 -0.7071
vn 0.7071 0.0000 -0.7071
vn 0.7071 0.0000 -0.7071
vn 0.7071 0.0000 -0.7071
vn 0.7071 0.0000 -0.7071
vn 0.7071 -0.7071 -0.0000
vn 0.7071 -0.7071 -0.0000
vn 0.7071 -0.7071 -0.0000
vn 0.7071 -0.7071 -0.0000
vn 0.7071 0.7071 0.0000
vn 0.7071 0.7071 0.0000
vn 0.7071 0.7071 0.0000
vn 0.7071 0.7071 0.0000
vn 0.7071 -0.0000 0.7071
vn 0.7071 -0.0000 0.7071
vn 0.7071 -0.0000 0.7071
vn 0.7071 -0.0000 0.7071
vn -0.0000 -0.7071 0.7071
vn -0.0000 -0.7071 0.7071
vn -0.0000 -0.7071 0.7071
vn -0.0000 -0.7071 0.7071
vn -0.0000 0.7071 0.7071
vn -0.0000 0.7071 0.7071
vn -0.0000 0.7071 0.7071
vn -0.0000 0.7071 0.7071
vn 0.0000 -1.0000 -0.0000
vn 0.0000 -1.0000 -0.0000
vn 0.0000 -1.0000 -0.0000
vn 0.0000 -1.0000 -0.0000
vn -1.0000 0.0000 -0.0000
vn -1.0000 0.0000 -0.0000
vn -1.0000 0.0000 -0.0000
vn -1.0000 0.0000 -0.0000
vn 0.0000 0.0000 -1.0000
vn 0.0000 0.0000 -1.0000
vn 0.0000 0.0000 -1.0000
vn 0.0000 0.0000 -1.0000
vn 1.0000 0.0000 -0.0000
vn 1.0000 0.0000 -0.0000
vn 1.0000 0.0000 -0.0000
vn 1.0000 0.0000 -0.0000
vn -0.0000 -0.0000 1.0000
vn -0.0000 -0.0000 1.0000
vn -0.0000 -0.0000 1.0000
vn -0.0000 -0.0000 1.0000
vn 0.0000 -1.0000 -0.0000
vn 0.0000 -1.0000 -0.0000
vn 0.0000 -1.0000 -0.0000
vn 0.0000 -1.0000 -0.0000
vn 0.0000 1.0000 -0.0000
vn 0.0000 1.0000 -0.0000
vn 0.0000 1.0000 -0.0000
vn 0.0000 1.0000 -0.0000
vn -1.0000 0.0000 -0.0000
vn -1.0000 0.0000 -0.0000
vn -1.0000 0.0000 -0.0000
vn -1.0000 0.0000 -0.0000
vn 0.0000 0.0000 -1.0000
vn 0.0000 0.0000 -1.0000
vn 0.0000 0.0000 -1.0000
vn 0.0000 0.0000 -1.0000
vn 1.0000 0.0000 -0.0000
vn 1.0000 0.0000 -0.0000
vn 1.0000 0.0000 -0.0000
vn 1.0000 0.0000 -0.0000
vn -0.0000 -0.0000 1.0000
vn -0.0000 -0.0000 1.0000
vn -0.0000 -0.0000 1.0000
vn -0.0000 -0.0000 1.0000
vn 0.0000 -1.0000 -0.0000
vn 0.0000 -1.0000 -0.0000
vn 0.0000 -1.0000 -0.0000
vn 0.0000 -1.0000 -0.0000
vn 0.0000 1.0000 -0.0000
vn 0.0000 1.0000 -0.0000
vn 0.0000 1.0000 -0.0000
vn 0.0000 1.0000 -0.0000
vn -0.0000 -0.0000 1.0000
vn -0.0000 -0.0000 1.0000
vn -0.0000 -0.0000 1.0000
vn -0.0000 -0.0000 1.0000
vn 1.0000 0.0000 -0.0000
vn 1.0000 0.0000 -0.0000
vn 1.0000 0.0000 -0.0000
vn 1.0000 0.0000 -0.0000
vn 0.0000 1.0000 -0.0000
vn 0.0000 1.0000 -0.0000
vn 0.0000 1.0000 -0.0000
vn 0.0000 1.0000 -0.0000
vn -1.0000 0.0000 -0.0000
vn -1.0000 0.0000 -0.0000
vn -1.0000 0.0000 -0.0000
vn -1.0000 0.0000 -0.0000
vn 0.0000 0.0000 -1.0000
vn 0.0000 0.0000 -1.0000
vn 0.0000 0.0000 -1.0000
vn 0.0000 0.0000 -1.0000
vn -0.5774 -0.5774 0.5774
vn -0.5774 -0.5774 0.5774
vn -0.5774 -0.5774 0.5774
vn -0.5774 0.5773 0.5774
vn -0.5774 0.5773 0.5774
vn -0.5774 0.5773 0.5774
vn -0.5774 -0.5773 -0.5774
vn -0.5774 -0.5773 -0.5774
vn -0.5774 -0.5773 -0.5774
vn -0.5774 0.5773 -0.5774
vn -0.5774 0.5773 -0.5774
vn -0.5774 0.5773 -0.5774
vn 0.5774 -0.5774 0.5773
vn 0.5774 -0.5774 0.5773
vn 0.5774 -0.5774 0.5773
vn 0.5774 0.5774 0.5774
vn 0.5774 0.5774 0.5774
vn 0.5774 0.5774 0.5774
vn 0.5774 -0.5774 -0.5772
vn 0.5774 -0.5774 -0.5772
vn 0.5774 -0.5774 -0.5772
vn 0.5773 0.5774 -0.5773
vn 0.5773 0.5774 -0.5773
vn 0.5773 0.5774 -0.5773
vn -0.7071 -0.7071 -0.0001
vn -0.7071 -0.7071 -0.0001
vn -0.7071 -0.7071 -0.0001
vn -0.7071 -0.7071 -0.0001
vn -0.7071 -0.0000 0.7071
vn -0.7071 -0.0000 0.7071
vn -0.7071 -0.0000 0.7071
vn -0.7071 -0.0000 0.7071
vn -0.7071 0.7071 -0.0000
vn -0.7071 0.7071 -0.0000
vn -0.7071 0.7071 -0.0000
vn -0.7071 0.7071 -0.0000
vn -0.7071 0.0000 -0.7071
vn -0.7071 0.0000 -0.7071
vn -0.7071 0.0000 -0.7071
vn -0.7071 0.0000 -0.7071
vn 0.0000 -0.7071 -0.7071
vn 0.0000 -0.7071 -0.7071
vn 0.0000 -0.7071 -0.7071
vn 0.0000 -0.7071 -0.7071
vn 0.0000 0.7071 -0.7071
vn 0.0000 0.7071 -0.7071
vn 0.0000 0.7071 -0.7071
vn 0.0000 0.7071 -0.7071
vn 0.7071 0.0000 -0.7071
vn 0.7071 0.0000 -0.7071
vn 0.7071 0.0000 -0.7071
vn 0.7071 0.0000 -0.7071
vn 0.7071 -0.7071 -0.0000
vn 0.7071 -0.7071 -0.0000
vn 0.7071 -0.7071 -0.0000
vn 0.7071 -0.7071 -0.0000
vn 0.7071 0.7071 0.0000
vn 0.7071 0.7071 0.0000
vn 0.7071 0.7071 0.0000
vn 0.7071 0.7071 0.0000
vn 0.7071 -0.0000 0.7071
vn 0.7071 -0.0000 0.7071
vn 0.7071 -0.0000 0.7071
vn 0.7071 -0.0000 0.7071
vn -0.0000 -0.7071 0.7071
vn -0.0000 -0.7071 0.7071
vn -0.0000 -0.7071 0.7071
vn -0.0000 -0.7071 0.7071
vn -0.0000 0.7071 0.7071
vn -0.0000 0.7071 0.7071
vn -0.0000 0.7071 0.7071
vn -0.0000 0.7071 0.7071
vn 0.0000 -1.0000 -0.0000
vn 0.0000 -1.0000 -0.0000
vn 0.0000 -1.0000 -0.0000
vn 0.0000 -1.0000 -0.0000
vn -0.0000 -0.0000 1.0000
vn -0.0000 -0.0000 1.0000
vn -0.0000 -0.0000 1.0000
vn -0.0000 -0.0000 1.0000
vn 1.0000 0.0000 -0.0000
vn 1.0000 0.0000 -0.0000
vn 1.0000 0.0000 -0.0000
vn 1.0000 0.0000 -0.0000
vn 0.0000 1.0000 -0.0000
vn 0.0000 1.0000 -0.0000
vn 0.0000 1.0000 -0.0000
vn 0.0000 1.0000 -0.0000
vn -1.0000 0.0000 -0.0000
vn -1.0000 0.0000 -0.0000
vn -1.0000 0.0000 -0.0000
vn -1.0000 0.0000 -0.0000
vn 0.0000 0.0000 -1.0000
vn 0.0000 0.0000 -1.0000
vn 0.0000 0.0000 -1.0000
vn 0.0000 0.0000 -1.0000
vn -0.5773 -0.5774 0.5774
vn -0.5773 -0.5774 0.5774
vn -0.5773 -0.5774 0.5774
vn -0.5774 0.5774 0.5773
vn -0.5774 0.5774 0.5773
vn -0.5774 0.5774 0.5773
vn -0.5773 -0.5774 -0.5774
vn -0.5773 -0.5774 -0.5774
vn -0.5773 -0.5774 -0.5774
vn -0.5774 0.5773 -0.5774
vn -0.5774 0.5773 -0.5774
vn -0.5774 0.5773 -0.5774
vn 0.5772 -0.5774 0.5774
vn 0.5772 -0.5774 0.5774
vn 0.5772 -0.5774 0.5774
vn 0.5774 0.5774 0.5774
vn 0.5774 0.5774 0.5774
vn 0.5774 0.5774 0.5774
vn 0.5773 -0.5774 -0.5774
vn 0.5773 -0.5774 -0.5774
vn 0.5773 -0.5774 -0.5774
vn 0.5774 0.5774 -0.5772
vn 0.5774 0.5774 -0.5772
vn 0.5774 0.5774 -0.5772
vn -0.7071 -0.7071 -0.0001
vn -0.7071 -0.7071 -0.0001
vn -0.7071 -0.7071 -0.0001
vn -0.7071 -0.7071 -0.0001
vn -0.7071 -0.0000 0.7071
vn -0.7071 -0.0000 0.7071
vn -0.7071 -0.0000 0.7071
vn -0.7071 -0.0000 0.7071
vn -0.7071 0.7071 -0.0000
vn -0.7071 0.7071 -0.0000
vn -0.7071 0.7071 -0.0000
vn -0.7071 0.7071 -0.0000
vn -0.7071 0.0000 -0.7071
vn -0.7071 0.0000 -0.7071
vn -0.7071 0.0000 -0.7071
vn -0.7071 0.0000 -0.7071
vn 0.0000 -0.7071 -0.7071
vn 0.0000 -0.7071 -0.7071
vn 0.0000 -0.7071 -0.7071
vn 0.0000 -0.7071 -0.7071
vn 0.0000 0.7071 -0.7071
vn 0.0000 0.7071 -0.7071
vn 0.0000 0.7071 -0.7071
vn 0.0000 0.7071 -0.7071
vn 0.7071 0.0000 -0.7071
vn 0.7071 0.0000 -0.7071
vn 0.7071 0.0000 -0.7071
vn 0.7071 0.0000 -0.7071
vn 0.7071 -0.7071 -0.0000
vn 0.7071 -0.7071 -0.0000
vn 0.7071 -0.7071 -0.0000
vn 0.7071 -0.7071 -0.0000
vn 0.7071 0.7071 0.0000
vn 0.7071 0.7071 0.0000
vn 0.7071 0.7071 0.0000
vn 0.7071 0.7071 0.0000
vn 0.7071 -0.0000 0.7071
vn 0.7071 -0.0000 0.7071
vn 0.7071 -0.0000 0.7071
vn 0.7071 -0.0000 0.7071
vn -0.0000 -0.7071 0.7071
vn -0.0000 -0.7071 0.7071
vn -0.0000 -0.7071 0.7071
vn -0.0000 -0.7071 0.7071
vn -0.0000 0.7071 0.7071
vn -0.0000 0.7071 0.7071
vn -0.0000 0.7071 0.7071
vn -0.0000 0.7071 0.7071
vn 0.0000 -1.0000 -0.0000
vn 0.0000 -1.0000 -0.0000
vn 0.0000 -1.0000 -0.0000
vn 0.0000 -1.0000 -0.0000
vn -1.0000 0.0000 -0.0000
vn -1.0000 0.0000 -0.0000
vn -1.0000 0.0000 -0.0000
vn -1.0000 0.0000 -0.0000
vn 0.0000 0.0000 -1.0000
vn 0.0000 0.0000 -1.0000
vn 0.0000 0.0000 -1.0000
vn 0.0000 0.0000 -1.0000
vn 1.0000 0.0000 -0.0000
vn 1.0000 0.0000 -0.0000
vn 1.0000 0.0000 -0.0000
vn 1.0000 0.0000 -0.0000
vn -0.0000 -0.0000 1.0000
vn -0.0000 -0.0000 1.0000
vn -0.0000 -0.0000 1.0000
vn -0.0000 -0.0000 1.0000
vn 0.0000 -1.0000 -0.0000
vn 0.0000 -1.0000 -0.0000
vn 0.0000 -1.0000 -0.0000
vn 0.0000 -1.0000 -0.0000
vn 0.0000 1.0000 -0.0000
vn 0.0000 1.0000 -0.0000
vn 0.0000 1.0000 -0.0000
vn 0.0000 1.0000 -0.0000
vn -1.0000 0.0000 -0.0000
vn -1.0000 0.0000 -0.0000
vn -1.0000 0.0000 -0.0000
vn -1.0000 0.0000 -0.0000
vn 0.0000 0.0000 -1.0000
vn 0.0000 0.0000 -1.0000
vn 0.0000 0.0000 -1.0000
vn 0.0000 0.0000 -1.0000
vn 1.0000 0.0000 -0.0000
vn 1.0000 0.0000 -0.0000
vn 1.0000 0.0000 -0.0000
vn 1.0000 0.0000 -0.0000
vn -0.0000 -0.0000 1.0000
vn -0.0000 -0.0000 1.0000
vn -0.0000 -0.0000 1.0000
vn -0.0000 -0.0000 1.0000
vn 0.0000 -1.0000 -0.0000
vn 0.0000 -1.0000 -0.0000
vn 0.0000 -1.0000 -0.0000
vn 0.0000 -1.0000 -0.0000
vn 0.0000 1.0000 -0.0000
vn 0.0000 1.0000 -0.0000
vn 0.0000 1.0000 -0.0000
vn 0.0000 1.0000 -0.0000
vn -1.0000 0.0000 -0.0000
vn -1.0000 0.0000 -0.0000
vn -1.0000 0.0000 -0.0000
vn -1.0000 0.0000 -0.0000
vn 0.0000 0.0000 -1.0000
vn 0.0000 0.0000 -1.0000
vn 0.0000 0.0000 -1.0000
vn 0.0000 0.0000 -1.0000
vn 1.0000 0.0000 -0.0000
vn 1.0000 0.0000 -0.0000
vn 1.0000 0.0000 -0.0000
vn 1.0000 0.0000 -0.0000
vn -0.0000 -0.0000 1.0000
vn -0.0000 -0.0000 1.0000
vn -0.0000 -0.0000 1.0000
vn -0.0000 -0.0000 1.0000
vn 0.0000 -1.0000 -0.0000
vn 0.0000 -1.0000 -0.0000
vn 0.0000 -1.0000 -0.0000
vn 0.0000 -1.0000 -0.0000
vn 0.0000 1.0000 -0.0000
vn 0.0000 1.0000 -0.0000
vn 0.0000 1.0000 -0.0000
vn 0.0000 1.0000 -0.0000
vn -1.0000 0.0000 -0.0000
vn -1.0000 0.0000 -0.0000
vn -1.0000 0.0000 -0.0000
vn -1.0000 0.0000 -0.0000
vn 0.0000 0.0000 -1.0000
vn 0.0000 0.0000 -1.0000
vn 0.0000 0.0000 -1.0000
vn 0.0000 0.0000 -1.0000
vn 1.0000 0.0000 -0.0000
vn 1.0000 0.0000 -0.0000
vn 1.0000 0.0000 -0.0000
vn 1.0000 0.0000 -0.0000
vn -0.0000 -0.0000 1.0000
vn -0.0000 -0.0000 1.0000
vn -0.0000 -0.0000 1.0000
vn -0.0000 -0.0000 1.0000
vn 0.0000 -1.0000 -0.0000
vn 0.0000 -1.0000 -0.0000
vn 0.0000 -1.0000 -0.0000
vn 0.0000 -1.0000 -0.0000
vn 0.0000 1.0000 -0.0000
vn 0.0000 1.0000 -0.0000
vn 0.0000 1.0000 -0.0000
vn 0.0000 1.0000 -0.0000
vn 0.6472 -0.0000 0.7623
vn 0.6472 -0.0000 0.7623
vn 0.6472 -0.0000 0.7623
vn 0.6472 -0.0000 0.7623
vn -0.7624 -0.0000 0.6472
vn -0.7624 -0.0000 0.6472
vn -0.7624 -0.0000 0.6472
vn -0.7624 -0.0000 0.6472
vn -0.6472 0.0000 -0.7623
vn -0.6472 0.0000 -0.7623
vn -0.6472 0.0000 -0.7623
vn -0.6472 0.0000 -0.7623
vn 0.7623 0.0000 -0.6472
vn 0.7623 0.0000 -0.6472
vn 0.7623 0.0000 -0.6472
vn 0.7623 0.0000 -0.6472
vn 0.0000 -1.0000 -0.0000
vn 0.0000 -1.0000 -0.0000
vn 0.0000 -1.0000 -0.0000
vn 0.0000 -1.0000 -0.0000
vn 0.0000 1.0000 -0.0000
vn 0.0000 1.0000 -0.0000
vn 0.0000 1.0000 -0.0000
vn 0.0000 1.0000 -0.0000
vn 0.6472 -0.0000 0.7623
vn 0.6472 -0.0000 0.7623
vn 0.6472 -0.0000 0.7623
vn 0.6472 -0.0000 0.7623
vn -0.7624 -0.0000 0.6472
vn -0.7624 -0.0000 0.6472
vn -0.7624 -0.0000 0.6472
vn -0.7624 -0.0000 0.6472
vn -0.6472 0.0000 -0.7623
vn -0.6472 0.0000 -0.7623
vn -0.6472 0.0000 -0.7623
vn -0.6472 0.0000 -0.7623
vn 0.7623 0.0000 -0.6472
vn 0.7623 0.0000 -0.6472
vn 0.7623 0.0000 -0.6472
vn 0.7623 0.0000 -0.6472
vn 0.0000 -1.0000 -0.0000
vn 0.0000 -1.0000 -0.0000
vn 0.0000 -1.0000 -0.0000
vn 0.0000 -1.0000 -0.0000
vn 0.0000 1.0000 -0.0000
vn 0.0000 1.0000 -0.0000
vn 0.0000 1.0000 -0.0000
vn 0.0000 1.0000 -0.0000
vn 0.6472 -0.0000 0.7623
vn 0.6472 -0.0000 0.7623
vn 0.6472 -0.0000 0.7623
vn 0.6472 -0.0000 0.7623
vn -0.7624 -0.0000 0.6472
vn -0.7624 -0.0000 0.6472
vn -0.7624 -0.0000 0.6472
vn -0.7624 -0.0000 0.6472
vn -0.6472 0.0000 -0.7623
vn -0.6472 0.0000 -0.7623
vn -0.6472 0.0000 -0.7623
vn -0.6472 0.0000 -0.7623
vn 0.7623 0.0000 -0.6472
vn 0.7623 0.0000 -0.6472
vn 0.7623 0.0000 -0.6472
vn 0.7623 0.0000 -0.6472
vn 0.0000 -1.0000 -0.0000
vn 0.0000 -1.0000 -0.0000
vn 0.0000 -1.0000 -0.0000
vn 0.0000 -1.0000 -0.0000
vn 0.0000 1.0000 -0.0000
vn 0.0000 1.0000 -0.0000
vn 0.0000 1.0000 -0.0000
vn 0.0000 1.0000 -0.0000
vn 0.6472 -0.0000 0.7623
vn 0.6472 -0.0000 0.7623
vn 0.6472 -0.0000 0.7623
vn 0.6472 -0.0000 0.7623
vn -0.7624 -0.0000 0.6472
vn -0.7624 -0.0000 0.6472
vn -0.7624 -0.0000 0.6472
vn -0.7624 -0.0000 0.6472
vn -0.6472 0.0000 -0.7623
vn -0.6472 0.0000 -0.7623
vn -0.6472 0.0000 -0.7623
vn -0.6472 0.0000 -0.7623
vn 0.7623 0.0000 -0.6472
vn 0.7623 0.0000 -0.6472
vn 0.7623 0.0000 -0.6472
vn 0.7623 0.0000 -0.6472
vn 0.0000 -1.0000 -0.0000
vn 0.0000 -1.0000 -0.0000
vn 0.0000 -1.0000 -0.0000
vn 0.0000 -1.0000 -0.0000
vn 0.0000 1.0000 -0.0000
vn 0.0000 1.0000 -0.0000
vn 0.0000 1.0000 -0.0000
vn 0.0000 1.0000 -0.0000
vn 0.6472 -0.0000 0.7623
vn 0.6472 -0.0000 0.7623
vn 0.6472 -0.0000 0.7623
vn 0.6472 -0.0000 0.7623
vn -0.7624 -0.0000 0.6472
vn -0.7624 -0.0000 0.6472
vn -0.7624 -0.0000 0.6472
vn -0.7624 -0.0000 0.6472
vn -0.6472 0.0000 -0.7623
vn -0.6472 0.0000 -0.7623
vn -0.6472 0.0000 -0.7623
vn -0.6472 0.0000 -0.7623
vn 0.7623 0.0000 -0.6472
vn 0.7623 0.0000 -0.6472
vn 0.7623 0.0000 -0.6472
vn 0.7623 0.0000 -0.6472
vn 0.0000 -1.0000 -0.0000
vn 0.0000 -1.0000 -0.0000
vn 0.0000 -1.0000 -0.0000
vn 0.0000 -1.0000 -0.0000
vn 0.0000 1.0000 -0.0000
vn 0.0000 1.0000 -0.0000
vn 0.0000 1.0000 -0.0000
vn 0.0000 1.0000 -0.0000
vn 0.6472 -0.0000 0.7623
vn 0.6472 -0.0000 0.7623
vn 0.6472 -0.0000 0.7623
vn 0.6472 -0.0000 0.7623
vn -0.7624 -0.0000 0.6472
vn -0.7624 -0.0000 0.6472
vn -0.7624 -0.0000 0.6472
vn -0.7624 -0.0000 0.6472
vn -0.6472 0.0000 -0.7623
vn -0.6472 0.0000 -0.7623
vn -0.6472 0.0000 -0.7623
vn -0.6472 0.0000 -0.7623
vn 0.7623 0.0000 -0.6472
vn 0.7623 0.0000 -0.6472
vn 0.7623 0.0000 -0.6472
vn 0.7623 0.0000 -0.6472
vn 0.0000 -1.0000 -0.0000
vn 0.0000 -1.0000 -0.0000
vn 0.0000 -1.0000 -0.0000
vn 0.0000 -1.0000 -0.0000
vn 0.0000 1.0000 -0.0000
vn 0.0000 1.0000 -0.0000
vn 0.0000 1.0000 -0.0000
vn 0.0000 1.0000 -0.0000
vn 1.0000 0.0000 -0.0000
vn 1.0000 0.0000 -0.0000
vn 1.0000 0.0000 -0.0000
vn 1.0000 0.0000 -0.0000
vn -0.0000 -0.0000 1.0000
vn -0.0000 -0.0000 1.0000
vn -0.0000 -0.0000 1.0000
vn -0.0000 -0.0000 1.0000
vn -1.0000 0.0000 -0.0000
vn -1.0000 0.0000 -0.0000
vn -1.0000 0.0000 -0.0000
vn -1.0000 0.0000 -0.0000
vn 0.0000 0.0000 -1.0000
vn 0.0000 0.0000 -1.0000
vn 0.0000 0.0000 -1.0000
vn 0.0000 0.0000 -1.0000
vn 0.0000 -1.0000 -0.0000
vn 0.0000 -1.0000 -0.0000
vn 0.0000 -1.0000 -0.0000
vn 0.0000 -1.0000 -0.0000
vn 0.0000 1.0000 -0.0000
vn 0.0000 1.0000 -0.0000
vn 0.0000 1.0000 -0.0000
vn 0.0000 1.0000 -0.0000
vn 1.0000 0.0000 -0.0000
vn 1.0000 0.0000 -0.0000
vn 1.0000 0.0000 -0.0000
vn 1.0000 0.0000 -0.0000
vn -0.0000 -0.0000 1.0000
vn -0.0000 -0.0000 1.0000
vn -0.0000 -0.0000 1.0000
vn -0.0000 -0.0000 1.0000
vn -1.0000 0.0000 -0.0000
vn -1.0000 0.0000 -0.0000
vn -1.0000 0.0000 -0.0000
vn -1.0000 0.0000 -0.0000
vn 0.0000 0.0000 -1.0000
vn 0.0000 0.0000 -1.0000
vn 0.0000 0.0000 -1.0000
vn 0.0000 0.0000 -1.0000
vn 0.0000 -1.0000 -0.0000
vn 0.0000 -1.0000 -0.0000
vn 0.0000 -1.0000 -0.0000
vn 0.0000 -1.0000 -0.0000
vn 0.0000 1.0000 -0.0000
vn 0.0000 1.0000 -0.0000
vn 0.0000 1.0000 -0.0000
vn 0.0000 1.0000 -0.0000
vn 1.0000 0.0000 -0.0000
vn 1.0000 0.0000 -0.0000
vn 1.0000 0.0000 -0.0000
vn 1.0000 0.0000 -0.0000
vn -0.0000 -0.0000 1.0000
vn -0.0000 -0.0000 1.0000
vn -0.0000 -0.0000 1.0000
vn -0.0000 -0.0000 1.0000
vn -1.0000 0.0000 -0.0000
vn -1.0000 0.0000 -0.0000
vn -1.0000 0.0000 -0.0000
vn -1.0000 0.0000 -0.0000
vn 0.0000 0.0000 -1.0000
vn 0.0000 0.0000 -1.0000
vn 0.0000 0.0000 -1.0000
vn 0.0000 0.0000 -1.0000
vn 0.0000 -1.0000 -0.0000
vn 0.0000 -1.0000 -0.0000
vn 0.0000 -1.0000 -0.0000
vn 0.0000 -1.0000 -0.0000
vn 0.0000 1.0000 -0.0000
vn 0.0000 1.0000 -0.0000
vn 0.0000 1.0000 -0.0000
vn 0.0000 1.0000 -0.0000
vn 1.0000 0.0000 -0.0000
vn 1.0000 0.0000 -0.0000
vn 1.0000 0.0000 -0.0000
vn 1.0000 0.0000 -0.0000
vn -0.0000 -0.0000 1.0000
vn -0.0000 -0.0000 1.0000
vn -0.0000 -0.0000 1.0000
vn -0.0000 -0.0000 1.0000
vn -1.0000 0.0000 -0.0000
vn -1.0000 0.0000 -0.0000
vn -1.0000 0.0000 -0.0000
vn -1.0000 0.0000 -0.0000
vn 0.0000 0.0000 -1.0000
vn 0.0000 0.0000 -1.0000
vn 0.0000 0.0000 -1.0000
vn 0.0000 0.0000 -1.0000
vn 0.0000 -1.0000 -0.0000
vn 0.0000 -1.0000 -0.0000
vn 0.0000 -1.0000 -0.0000
vn 0.0000 -1.0000 -0.0000
vn 0.0000 1.0000 -0.0000
vn 0.0000 1.0000 -0.0000
vn 0.0000 1.0000 -0.0000
vn 0.0000 1.0000 -0.0000
vn 1.0000 0.0000 -0.0000
vn 1.0000 0.0000 -0.0000
vn 1.0000 0.0000 -0.0000
vn 1.0000 0.0000 -0.0000
vn -0.0000 -0.0000 1.0000
vn -0.0000 -0.0000 1.0000
vn -0.0000 -0.0000 1.0000
vn -0.0000 -0.0000 1.0000
vn -1.0000 0.0000 -0.0000
vn -1.0000 0.0000 -0.0000
vn -1.0000 0.0000 -0.0000
vn -1.0000 0.0000 -0.0000
vn 0.0000 0.0000 -1.0000
vn 0.0000 0.0000 -1.0000
vn 0.0000 0.0000 -1.0000
vn 0.0000 0.0000 -1.0000
vn 0.0000 -1.0000 -0.0000
vn 0.0000 -1.0000 -0.0000
vn 0.0000 -1.0000 -0.0000
vn 0.0000 -1.0000 -0.0000
vn 0.0000 1.0000 -0.0000
vn 0.0000 1.0000 -0.0000
vn 0.0000 1.0000 -0.0000
vn 0.0000 1.0000 -0.0000
vn 1.0000 0.0000 -0.0000
vn 1.0000 0.0000 -0.0000
vn 1.0000 0.0000 -0.0000
vn 1.0000 0.0000 -0.0000
vn -0.0000 -0.0000 1.0000
vn -0.0000 -0.0000 1.0000
vn -0.0000 -0.0000 1.0000
vn -0.0000 -0.0000 1.0000
vn -1.0000 0.0000 -0.0000
vn -1.0000 0.0000 -0.0000
vn -1.0000 0.0000 -0.0000
vn -1.0000 0.0000 -0.0000
vn 0.0000 0.0000 -1.0000
vn 0.0000 0.0000 -1.0000
vn 0.0000 0.0000 -1.0000
vn 0.0000 0.0000 -1.0000
vn 0.0000 -1.0000 -0.0000
vn 0.0000 -1.0000 -0.0000
vn 0.0000 -1.0000 -0.0000
vn 0.0000 -1.0000 -0.0000
vn 0.0000 1.0000 -0.0000
vn 0.0000 1.0000 -0.0000
vn 0.0000 1.0000 -0.0000
vn 0.0000 1.0000 -0.0000
vn 1.0000 0.0000 -0.0000
vn 1.0000 0.0000 -0.0000
vn 1.0000 0.0000 -0.0000
vn 1.0000 0.0000 -0.0000
vn -0.0000 -0.0000 1.0000
vn -0.0000 -0.0000 1.0000
vn -0.0000 -0.0000 1.0000
vn -0.0000 -0.0000 1.0000
vn -1.0000 0.0000 -0.0000
vn -1.0000 0.0000 -0.0000
vn -1.0000 0.0000 -0.0000
vn -1.0000 0.0000 -0.0000
vn 0.0000 0.0000 -1.0000
vn 0.0000 0.0000 -1.0000
vn 0.0000 0.0000 -1.0000
vn 0.0000 0.0000 -1.0000
vn 0.0000 -1.0000 -0.0000
vn 0.0000 -1.0000 -0.0000
vn 0.0000 -1.0000 -0.0000
vn 0.0000 -1.0000 -0.0000
vn 0.0000 1.0000 -0.0000
vn 0.0000 1.0000 -0.0000
vn 0.0000 1.0000 -0.0000
vn 0.0000 1.0000 -0.0000
vn 1.0000 0.0000 -0.0000
vn 1.0000 0.0000 -0.0000
vn 1.0000 0.0000 -0.0000
vn 1.0000 0.0000 -0.0000
vn -0.0000 -0.0000 1.0000
vn -0.0000 -0.0000 1.0000
vn -0.0000 -0.0000 1.0000
vn -0.0000 -0.0000 1.0000
vn -1.0000 0.0000 -0.0000
vn -1.0000 0.0000 -0.0000
vn -1.0000 0.0000 -0.0000
vn -1.0000 0.0000 -0.0000
vn 0.0000 0.0000 -1.0000
vn 0.0000 0.0000 -1.0000
vn 0.0000 0.0000 -1.0000
vn 0.0000 0.0000 -1.0000
vn 0.0000 -1.0000 -0.0000
vn 0.0000 -1.0000 -0.0000
vn 0.0000 -1.0000 -0.0000
vn 0.0000 -1.0000 -0.0000
vn 0.0000 1.0000 -0.0000
vn 0.0000 1.0000 -0.0000
vn 0.0000 1.0000 -0.0000
vn 0.0000 1.0000 -0.0000
vn 0.6472 0.0000 -0.7623
vn 0.6472 0.0000 -0.7623
vn 0.6472 0.0000 -0.7623
vn 0.6472 0.0000 -0.7623
vn 0.7623 -0.0000 0.6472
vn 0.7623 -0.0000 0.6472
vn 0.7623 -0.0000 0.6472
vn 0.7623 -0.0000 0.6472
vn -0.6473 -0.0000 0.7623
vn -0.6473 -0.0000 0.7623
vn -0.6473 -0.0000 0.7623
vn -0.6473 -0.0000 0.7623
vn -0.7623 0.0000 -0.6472
vn -0.7623 0.0000 -0.6472
vn -0.7623 0.0000 -0.6472
vn -0.7623 0.0000 -0.6472
vn 0.0000 -1.0000 -0.0000
vn 0.0000 -1.0000 -0.0000
vn 0.0000 -1.0000 -0.0000
vn 0.0000 -1.0000 -0.0000
vn 0.0000 1.0000 -0.0000
vn 0.0000 1.0000 -0.0000
vn 0.0000 1.0000 -0.0000
vn 0.0000 1.0000 -0.0000
vn 0.6472 0.0000 -0.7623
vn 0.6472 0.0000 -0.7623
vn 0.6472 0.0000 -0.7623
vn 0.6472 0.0000 -0.7623
vn 0.7623 -0.0000 0.6472
vn 0.7623 -0.0000 0.6472
vn 0.7623 -0.0000 0.6472
vn 0.7623 -0.0000 0.6472
vn -0.6473 -0.0000 0.7623
vn -0.6473 -0.0000 0.7623
vn -0.6473 -0.0000 0.7623
vn -0.6473 -0.0000 0.7623
vn -0.7623 0.0000 -0.6472
vn -0.7623 0.0000 -0.6472
vn -0.7623 0.0000 -0.6472
vn -0.7623 0.0000 -0.6472
vn 0.0000 -1.0000 -0.0000
vn 0.0000 -1.0000 -0.0000
vn 0.0000 -1.0000 -0.0000
vn 0.0000 -1.0000 -0.0000
vn 0.0000 1.0000 -0.0000
vn 0.0000 1.0000 -0.0000
vn 0.0000 1.0000 -0.0000
vn 0.0000 1.0000 -0.0000
vn 0.6472 0.0000 -0.7623
vn 0.6472 0.0000 -0.7623
vn 0.6472 0.0000 -0.7623
vn 0.6472 0.0000 -0.7623
vn 0.7623 -0.0000 0.6472
vn 0.7623 -0.0000 0.6472
vn 0.7623 -0.0000 0.6472
vn 0.7623 -0.0000 0.6472
vn -0.6473 -0.0000 0.7623
vn -0.6473 -0.0000 0.7623
vn -0.6473 -0.0000 0.7623
vn -0.6473 -0.0000 0.7623
vn -0.7623 0.0000 -0.6472
vn -0.7623 0.0000 -0.6472
vn -0.7623 0.0000 -0.6472
vn -0.7623 0.0000 -0.6472
vn 0.0000 -1.0000 -0.0000
vn 0.0000 -1.0000 -0.0000
vn 0.0000 -1.0000 -0.0000
vn 0.0000 -1.0000 -0.0000
vn 0.0000 1.0000 -0.0000
vn 0.0000 1.0000 -0.0000
vn 0.0000 1.0000 -0.0000
vn 0.0000 1.0000 -0.0000
vn 0.6472 0.0000 -0.7623
vn 0.6472 0.0000 -0.7623
vn 0.6472 0.0000 -0.7623
vn 0.6472 0.0000 -0.7623
vn 0.7623 -0.0000 0.6472
vn 0.7623 -0.0000 0.6472
vn 0.7623 -0.0000 0.6472
vn 0.7623 -0.0000 0.6472
vn -0.6473 -0.0000 0.7623
vn -0.6473 -0.0000 0.7623
vn -0.6473 -0.0000 0.7623
vn -0.6473 -0.0000 0.7623
vn -0.7623 0.0000 -0.6472
vn -0.7623 0.0000 -0.6472
vn -0.7623 0.0000 -0.6472
vn -0.7623 0.0000 -0.6472
vn 0.0000 -1.0000 -0.0000
vn 0.0000 -1.0000 -0.0000
vn 0.0000 -1.0000 -0.0000
vn 0.0000 -1.0000 -0.0000
vn 0.0000 1.0000 -0.0000
vn 0.0000 1.0000 -0.0000
vn 0.0000 1.0000 -0.0000
vn 0.0000 1.0000 -0.0000
vn 0.6472 0.0000 -0.7623
vn 0.6472 0.0000 -0.7623
vn 0.6472 0.0000 -0.7623
vn 0.6472 0.0000 -0.7623
vn 0.7623 -0.0000 0.6472
vn 0.7623 -0.0000 0.6472
vn 0.7623 -0.0000 0.6472
vn 0.7623 -0.0000 0.6472
vn -0.6473 -0.0000 0.7623
vn -0.6473 -0.0000 0.7623
vn -0.6473 -0.0000 0.7623
vn -0.6473 -0.0000 0.7623
vn -0.7623 0.0000 -0.6472
vn -0.7623 0.0000 -0.6472
vn -0.7623 0.0000 -0.6472
vn -0.7623 0.0000 -0.6472
vn 0.0000 -1.0000 -0.0000
vn 0.0000 -1.0000 -0.0000
vn 0.0000 -1.0000 -0.0000
vn 0.0000 -1.0000 -0.0000
vn 0.0000 1.0000 -0.0000
vn 0.0000 1.0000 -0.0000
vn 0.0000 1.0000 -0.0000
vn 0.0000 1.0000 -0.0000
vn 0.6472 0.0000 -0.7623
vn 0.6472 0.0000 -0.7623
vn 0.6472 0.0000 -0.7623
vn 0.6472 0.0000 -0.7623
vn 0.7623 -0.0000 0.6472
vn 0.7623 -0.0000 0.6472
vn 0.7623 -0.0000 0.6472
vn 0.7623 -0.0000 0.6472
vn -0.6473 -0.0000 0.7623
vn -0.6473 -0.0000 0.7623
vn -0.6473 -0.0000 0.7623
vn -0.6473 -0.0000 0.7623
vn -0.7623 0.0000 -0.6472
vn -0.7623 0.0000 -0.6472
vn -0.7623 0.0000 -0.6472
vn -0.7623 0.0000 -0.6472
vn 0.0000 -1.0000 -0.0000
vn 0.0000 -1.0000 -0.0000
vn 0.0000 -1.0000 -0.0000
vn 0.0000 -1.0000 -0.0000
vn 0.0000 1.0000 -0.0000
vn 0.0000 1.0000 -0.0000
vn 0.0000 1.0000 -0.0000
vn 0.0000 1.0000 -0.0000
vn -0.6472 0.0000 -0.7623
vn -0.6472 0.0000 -0.7623
vn -0.6472 0.0000 -0.7623
vn -0.6472 0.0000 -0.7623
vn 0.7623 0.0000 -0.6472
vn 0.7623 0.0000 -0.6472
vn 0.7623 0.0000 -0.6472
vn 0.7623 0.0000 -0.6472
vn 0.6472 -0.0000 0.7623
vn 0.6472 -0.0000 0.7623
vn 0.6472 -0.0000 0.7623
vn 0.6472 -0.0000 0.7623
vn -0.7624 -0.0000 0.6472
vn -0.7624 -0.0000 0.6472
vn -0.7624 -0.0000 0.6472
vn -0.7624 -0.0000 0.6472
vn 0.0000 -1.0000 -0.0000
vn 0.0000 -1.0000 -0.0000
vn 0.0000 -1.0000 -0.0000
vn 0.0000 -1.0000 -0.0000
vn 0.0000 1.0000 -0.0000
vn 0.0000 1.0000 -0.0000
vn 0.0000 1.0000 -0.0000
vn 0.0000 1.0000 -0.0000
vn -0.6472 0.0000 -0.7623
vn -0.6472 0.0000 -0.7623
vn -0.6472 0.0000 -0.7623
vn -0.6472 0.0000 -0.7623
vn 0.7623 0.0000 -0.6472
vn 0.7623 0.0000 -0.6472
vn 0.7623 0.0000 -0.6472
vn 0.7623 0.0000 -0.6472
vn 0.6472 -0.0000 0.7623
vn 0.6472 -0.0000 0.7623
vn 0.6472 -0.0000 0.7623
vn 0.6472 -0.0000 0.7623
vn -0.7624 -0.0000 0.6472
vn -0.7624 -0.0000 0.6472
vn -0.7624 -0.0000 0.6472
vn -0.7624 -0.0000 0.6472
vn 0.0000 -1.0000 -0.0000
vn 0.0000 -1.0000 -0.0000
vn 0.0000 -1.0000 -0.0000
vn 0.0000 -1.0000 -0.0000
vn 0.0000 1.0000 -0.0000
vn 0.0000 1.0000 -0.0000
vn 0.0000 1.0000 -0.0000
vn 0.0000 1.0000 -0.0000
vn -0.6472 0.0000 -0.7623
vn -0.6472 0.0000 -0.7623
vn -0.6472 0.0000 -0.7623
vn -0.6472 0.0000 -0.7623
vn 0.7623 0.0000 -0.6472
vn 0.7623 0.0000 -0.6472
vn 0.7623 0.0000 -0.6472
vn 0.7623 0.0000 -0.6472
vn 0.6472 -0.0000 0.7623
vn 0.6472 -0.0000 0.7623
vn 0.6472 -0.0000 0.7623
vn 0.6472 -0.0000 0.7623
vn -0.7624 -0.0000 0.6472
vn -0.7624 -0.0000 0.6472
vn -0.7624 -0.0000 0.6472
vn -0.7624 -0.0000 0.6472
vn 0.0000 -1.0000 -0.0000
vn 0.0000 -1.0000 -0.0000
vn 0.0000 -1.0000 -0.0000
vn 0.0000 -1.0000 -0.0000
vn 0.0000 1.0000 -0.0000
vn 0.0000 1.0000 -0.0000
vn 0.0000 1.0000 -0.0000
vn 0.0000 1.0000 -0.0000
vn -0.6472 0.0000 -0.7623
vn -0.6472 0.0000 -0.7623
vn -0.6472 0.0000 -0.7623
vn -0.6472 0.0000 -0.7623
vn 0.7623 0.0000 -0.6472
vn 0.7623 0.0000 -0.6472
vn 0.7623 0.0000 -0.6472
vn 0.7623 0.0000 -0.6472
vn 0.6472 -0.0000 0.7623
vn 0.6472 -0.0000 0.7623
vn 0.6472 -0.0000 0.7623
vn 0.6472 -0.0000 0.7623
vn -0.7624 -0.0000 0.6472
vn -0.7624 -0.0000 0.6472
vn -0.7624 -0.0000 0.6472
vn -0.7624 -0.0000 0.6472
vn 0.0000 -1.0000 -0.0000
vn 0.0000 -1.0000 -0.0000
vn 0.0000 -1.0000 -0.0000
vn 0.0000 -1.0000 -0.0000
vn 0.0000 1.0000 -0.0000
vn 0.0000 1.0000 -0.0000
vn 0.0000 1.0000 -0.0000
vn 0.0000 1.0000 -0.0000
vn -0.6472 0.0000 -0.7623
vn -0.6472 0.0000 -0.7623
vn -0.6472 0.0000 -0.7623
vn -0.6472 0.0000 -0.7623
vn 0.7623 0.0000 -0.6472
vn 0.7623 0.0000 -0.6472
vn 0.7623 0.0000 -0.6472
vn 0.7623 0.0000 -0.6472
vn 0.6472 -0.0000 0.7623
vn 0.6472 -0.0000 0.7623
vn 0.6472 -0.0000 0.7623
vn 0.6472 -0.0000 0.7623
vn -0.7624 -0.0000 0.6472
vn -0.7624 -0.0000 0.6472
vn -0.7624 -0.0000 0.6472
vn -0.7624 -0.0000 0.6472
vn 0.0000 -1.0000 -0.0000
vn 0.0000 -1.0000 -0.0000
vn 0.0000 -1.0000 -0.0000
vn 0.0000 -1.0000 -0.0000
vn 0.0000 1.0000 -0.0000
vn 0.0000 1.0000 -0.0000
vn 0.0000 1.0000 -0.0000
vn 0.0000 1.0000 -0.0000
vn -0.6472 0.0000 -0.7623
vn -0.6472 0.0000 -0.7623
vn -0.6472 0.0000 -0.7623
vn -0.6472 0.0000 -0.7623
vn 0.7623 0.0000 -0.6472
vn 0.7623 0.0000 -0.6472
vn 0.7623 0.0000 -0.6472
vn 0.7623 0.0000 -0.6472
vn 0.6472 -0.0000 0.7623
vn 0.6472 -0.0000 0.7623
vn 0.6472 -0.0000 0.7623
vn 0.6472 -0.0000 0.7623
vn -0.7624 -0.0000 0.6472
vn -0.7624 -0.0000 0.6472
vn -0.7624 -0.0000 0.6472
vn -0.7624 -0.0000 0.6472
vn 0.0000 -1.0000 -0.0000
vn 0.0000 -1.0000 -0.0000
vn 0.0000 -1.0000 -0.0000
vn 0.0000 -1.0000 -0.0000
vn 0.0000 1.0000 -0.0000
vn 0.0000 1.0000 -0.0000
vn 0.0000 1.0000 -0.0000
vn 0.0000 1.0000 -0.0000
vn -1.0000 0.0000 -0.0000
vn -1.0000 0.0000 -0.0000
vn -1.0000 0.0000 -0.0000
vn -1.0000 0.0000 -0.0000
vn 0.0000 0.0000 -1.0000
vn 0.0000 0.0000 -1.0000
vn 0.0000 0.0000 -1.0000
vn 0.0000 0.0000 -1.0000
vn 1.0000 0.0000 -0.0000
vn 1.0000 0.0000 -0.0000
vn 1.0000 0.0000 -0.0000
vn 1.0000 0.0000 -0.0000
vn -0.0000 -0.0000 1.0000
vn -0.0000 -0.0000 1.0000
vn -0.0000 -0.0000 1.0000
vn -0.0000 -0.0000 1.0000
vn 0.0000 -1.0000 -0.0000
vn 0.0000 -1.0000 -0.0000
vn 0.0000 -1.0000 -0.0000
vn 0.0000 -1.0000 -0.0000
vn 0.0000 1.0000 -0.0000
vn 0.0000 1.0000 -0.0000
vn 0.0000 1.0000 -0.0000
vn 0.0000 1.0000 -0.0000
vn -1.0000 0.0000 -0.0000
vn -1.0000 0.0000 -0.0000
vn -1.0000 0.0000 -0.0000
vn -1.0000 0.0000 -0.0000
vn 0.0000 0.0000 -1.0000
vn 0.0000 0.0000 -1.0000
vn 0.0000 0.0000 -1.0000
vn 0.0000 0.0000 -1.0000
vn 1.0000 0.0000 -0.0000
vn 1.0000 0.0000 -0.0000
vn 1.0000 0.0000 -0.0000
vn 1.0000 0.0000 -0.0000
vn -0.0000 -0.0000 1.0000
vn -0.0000 -0.0000 1.0000
vn -0.0000 -0.0000 1.0000
vn -0.0000 -0.0000 1.0000
vn 0.0000 -1.0000 -0.0000
vn 0.0000 -1.0000 -0.0000
vn 0.0000 -1.0000 -0.0000
vn 0.0000 -1.0000 -0.0000
vn 0.0000 1.0000 -0.0000
vn 0.0000 1.0000 -0.0000
vn 0.0000 1.0000 -0.0000
vn 0.0000 1.0000 -0.0000
vn -1.0000 0.0000 -0.0000
vn -1.0000 0.0000 -0.0000
vn -1.0000 0.0000 -0.0000
vn -1.0000 0.0000 -0.0000
vn 0.0000 0.0000 -1.0000
vn 0.0000 0.0000 -1.0000
vn 0.0000 0.0000 -1.0000
vn 0.0000 0.0000 -1.0000
vn 1.0000 0.0000 -0.0000
vn 1.0000 0.0000 -0.0000
vn 1.0000 0.0000 -0.0000
vn 1.0000 0.0000 -0.0000
vn -0.0000 -0.0000 1.0000
vn -0.0000 -0.0000 1.0000
vn -0.0000 -0.0000 1.0000
vn -0.0000 -0.0000 1.0000
vn 0.0000 -1.0000 -0.0000
vn 0.0000 -1.0000 -0.0000
vn 0.0000 -1.0000 -0.0000
vn 0.0000 -1.0000 -0.0000
vn 0.0000 1.0000 -0.0000
vn 0.0000 1.0000 -0.0000
vn 0.0000 1.0000 -0.0000
vn 0.0000 1.0000 -0.0000
vn -1.0000 0.0000 -0.0000
vn -1.0000 0.0000 -0.0000
vn -1.0000 0.0000 -0.0000
vn -1.0000 0.0000 -0.0000
vn 0.0000 0.0000 -1.0000
vn 0.0000 0.0000 -1.0000
vn 0.0000 0.0000 -1.0000
vn 0.0000 0.0000 -1.0000
vn 1.0000 0.0000 -0.0000
vn 1.0000 0.0000 -0.0000
vn 1.0000 0.0000 -0.0000
vn 1.0000 0.0000 -0.0000
vn -0.0000 -0.0000 1.0000
vn -0.0000 -0.0000 1.0000
vn -0.0000 -0.0000 1.0000
vn -0.0000 -0.0000 1.0000
vn 0.0000 -1.0000 -0.0000
vn 0.0000 -1.0000 -0.0000
vn 0.0000 -1.0000 -0.0000
vn 0.0000 -1.0000 -0.0000
vn 0.0000 1.0000 -0.0000
vn 0.0000 1.0000 -0.0000
vn 0.0000 1.0000 -0.0000
vn 0.0000 1.0000 -0.0000
vn -1.0000 0.0000 -0.0000
vn -1.0000 0.0000 -0.0000
vn -1.0000 0.0000 -0.0000
vn -1.0000 0.0000 -0.0000
vn 0.0000 0.0000 -1.0000
vn 0.0000 0.0000 -1.0000
vn 0.0000 0.0000 -1.0000
vn 0.0000 0.0000 -1.0000
vn 1.0000 0.0000 -0.0000
vn 1.0000 0.0000 -0.0000
vn 1.0000 0.0000 -0.0000
vn 1.0000 0.0000 -0.0000
vn -0.0000 -0.0000 1.0000
vn -0.0000 -0.0000 1.0000
vn -0.0000 -0.0000 1.0000
vn -0.0000 -0.0000 1.0000
vn 0.0000 -1.0000 -0.0000
vn 0.0000 -1.0000 -0.0000
vn 0.0000 -1.0000 -0.0000
vn 0.0000 -1.0000 -0.0000
vn 0.0000 1.0000 -0.0000
vn 0.0000 1.0000 -0.0000
vn 0.0000 1.0000 -0.0000
vn 0.0000 1.0000 -0.0000
vn -1.0000 0.0000 -0.0000
vn -1.0000 0.0000 -0.0000
vn -1.0000 0.0000 -0.0000
vn -1.0000 0.0000 -0.0000
vn 0.0000 0.0000 -1.0000
vn 0.0000 0.0000 -1.0000
vn 0.0000 0.0000 -1.0000
vn 0.0000 0.0000 -1.0000
vn 1.0000 0.0000 -0.0000
vn 1.0000 0.0000 -0.0000
vn 1.0000 0.0000 -0.0000
vn 1.0000 0.0000 -0.0000
vn -0.0000 -0.0000 1.0000
vn -0.0000 -0.0000 1.0000
vn -0.0000 -0.0000 1.0000
vn -0.0000 -0.0000 1.0000
vn 0.0000 -1.0000 -0.0000
vn 0.0000 -1.0000 -0.0000
vn 0.0000 -1.0000 -0.0000
vn 0.0000 -1.0000 -0.0000
vn 0.0000 1.0000 -0.0000
vn 0.0000 1.0000 -0.0000
vn 0.0000 1.0000 -0.0000
vn 0.0000 1.0000 -0.0000
vn -0.6473 -0.0000 0.7623
vn -0.6473 -0.0000 0.7623
vn -0.6473 -0.0000 0.7623
vn -0.6473 -0.0000 0.7623
vn -0.7623 0.0000 -0.6472
vn -0.7623 0.0000 -0.6472
vn -0.7623 0.0000 -0.6472
vn -0.7623 0.0000 -0.6472
vn 0.6472 0.0000 -0.7623
vn 0.6472 0.0000 -0.7623
vn 0.6472 0.0000 -0.7623
vn 0.6472 0.0000 -0.7623
vn 0.7623 -0.0000 0.6472
vn 0.7623 -0.0000 0.6472
vn 0.7623 -0.0000 0.6472
vn 0.7623 -0.0000 0.6472
vn 0.0000 -1.0000 -0.0000
vn 0.0000 -1.0000 -0.0000
vn 0.0000 -1.0000 -0.0000
vn 0.0000 -1.0000 -0.0000
vn 0.0000 1.0000 -0.0000
vn 0.0000 1.0000 -0.0000
vn 0.0000 1.0000 -0.0000
vn 0.0000 1.0000 -0.0000
vn -0.6473 -0.0000 0.7623
vn -0.6473 -0.0000 0.7623
vn -0.6473 -0.0000 0.7623
vn -0.6473 -0.0000 0.7623
vn -0.7623 0.0000 -0.6472
vn -0.7623 0.0000 -0.6472
vn -0.7623 0.0000 -0.6472
vn -0.7623 0.0000 -0.6472
vn 0.6472 0.0000 -0.7623
vn 0.6472 0.0000 -0.7623
vn 0.6472 0.0000 -0.7623
vn 0.6472 0.0000 -0.7623
vn 0.7623 -0.0000 0.6472
vn 0.7623 -0.0000 0.6472
vn 0.7623 -0.0000 0.6472
vn 0.7623 -0.0000 0.6472
vn 0.0000 -1.0000 -0.0000
vn 0.0000 -1.0000 -0.0000
vn 0.0000 -1.0000 -0.0000
vn 0.0000 -1.0000 -0.0000
vn 0.0000 1.0000 -0.0000
vn 0.0000 1.0000 -0.0000
vn 0.0000 1.0000 -0.0000
vn 0.0000 1.0000 -0.0000
vn -0.6473 -0.0000 0.7623
vn -0.6473 -0.0000 0.7623
vn -0.6473 -0.0000 0.7623
vn -0.6473 -0.0000 0.7623
vn -0.7623 0.0000 -0.6472
vn -0.7623 0.0000 -0.6472
vn -0.7623 0.0000 -0.6472
vn -0.7623 0.0000 -0.6472
vn 0.6472 0.0000 -0.7623
vn 0.6472 0.0000 -0.7623
vn 0.6472 0.0000 -0.7623
vn 0.6472 0.0000 -0.7623
vn 0.7623 -0.0000 0.6472
vn 0.7623 -0.0000 0.6472
vn 0.7623 -0.0000 0.6472
vn 0.7623 -0.0000 0.6472
vn 0.0000 -1.0000 -0.0000
vn 0.0000 -1.0000 -0.0000
vn 0.0000 -1.0000 -0.0000
vn 0.0000 -1.0000 -0.0000
vn 0.0000 1.0000 -0.0000
vn 0.0000 1.0000 -0.0000
vn 0.0000 1.0000 -0.0000
vn 0.0000 1.0000 -0.0000
vn -0.6473 -0.0000 0.7623
vn -0.6473 -0.0000 0.7623
vn -0.6473 -0.0000 0.7623
vn -0.6473 -0.0000 0.7623
vn -0.7623 0.0000 -0.6472
vn -0.7623 0.0000 -0.6472
vn -0.7623 0.0000 -0.6472
vn -0.7623 0.0000 -0.6472
vn 0.6472 0.0000 -0.7623
vn 0.6472 0.0000 -0.7623
vn 0.6472 0.0000 -0.7623
vn 0.6472 0.0000 -0.7623
vn 0.7623 -0.0000 0.6472
vn 0.7623 -0.0000 0.6472
vn 0.7623 -0.0000 0.6472
vn 0.7623 -0.0000 0.6472
vn 0.0000 -1.0000 -0.0000
vn 0.0000 -1.0000 -0.0000
vn 0.0000 -1.0000 -0.0000
vn 0.0000 -1.0000 -0.0000
vn 0.0000 1.0000 -0.0000
vn 0.0000 1.0000 -0.0000
vn 0.0000 1.0000 -0.0000
vn 0.0000 1.0000 -0.0000
vn -0.6473 -0.0000 0.7623
vn -0.6473 -0.0000 0.7623
vn -0.6473 -0.0000 0.7623
vn -0.6473 -0.0000 0.7623
vn -0.7623 0.0000 -0.6472
vn -0.7623 0.0000 -0.6472
vn -0.7623 0.0000 -0.6472
vn -0.7623 0.0000 -0.6472
vn 0.6472 0.0000 -0.7623
vn 0.6472 0.0000 -0.7623
vn 0.6472 0.0000 -0.7623
vn 0.6472 0.0000 -0.7623
vn 0.7623 -0.0000 0.6472
vn 0.7623 -0.0000 0.6472
vn 0.7623 -0.0000 0.6472
vn 0.7623 -0.0000 0.6472
vn 0.0000 -1.0000 -0.0000
vn 0.0000 -1.0000 -0.0000
vn 0.0000 -1.0000 -0.0000
vn 0.0000 -1.0000 -0.0000
vn 0.0000 1.0000 -0.0000
vn 0.0000 1.0000 -0.0000
vn 0.0000 1.0000 -0.0000
vn 0.0000 1.0000 -0.0000
vn -0.6473 -0.0000 0.7623
vn -0.6473 -0.0000 0.7623
vn -0.6473 -0.0000 0.7623
vn -0.6473 -0.0000 0.7623
vn -0.7623 0.0000 -0.6472
vn -0.7623 0.0000 -0.6472
vn -0.7623 0.0000 -0.6472
vn -0.7623 0.0000 -0.6472
vn 0.6472 0.0000 -0.7623
vn 0.6472 0.0000 -0.7623
vn 0.6472 0.0000 -0.7623
vn 0.6472 0.0000 -0.7623
vn 0.7623 -0.0000 0.6472
vn 0.7623 -0.0000 0.6472
vn 0.7623 -0.0000 0.6472
vn 0.7623 -0.0000 0.6472
vn 0.0000 -1.0000 -0.0000
vn 0.0000 -1.0000 -0.0000
vn 0.0000 -1.0000 -0.0000
vn 0.0000 -1.0000 -0.0000
vn 0.0000 1.0000 -0.0000
vn 0.0000 1.0000 -0.0000
vn 0.0000 1.0000 -0.0000
vn 0.0000 1.0000 -0.0000
vn -0.6840 0.6133 -0.3950
vn -0.6840 0.6133 -0.3950
vn -0.6840 0.6133 -0.3950
vn 0.3949 -0.6134 0.6840
vn 0.3949 -0.6134 0.6840
vn -0.2588 0.0000 -0.9659
vn -0.2588 0.0000 -0.9659
vn -0.2588 0.0000 -0.9659
vn -0.2588 0.0000 -0.9659
vn -0.3949 -0.6133 -0.6841
vn -0.3949 -0.6133 -0.6841
vn 0.6840 0.6133 0.3950
vn 0.6840 0.6133 0.3950
vn 0.6840 0.6133 0.3950
vn 0.9659 0.0000 -0.2588
vn 0.9659 0.0000 -0.2588
vn -0.7899 0.6132 -0.0000
vn -0.7899 0.6132 -0.0000
vn -0.7899 0.6132 -0.0000
vn 0.6840 -0.6134 0.3949
vn 0.6840 -0.6134 0.3949
vn 0.6840 -0.6134 0.3949
vn 0.9659 -0.0000 0.2588
vn 0.9659 -0.0000 0.2588
vn 0.9659 -0.0000 0.2588
vn 0.9659 -0.0000 0.2588
vn -0.7899 -0.6133 -0.0001
vn -0.7899 -0.6133 -0.0001
vn -0.7899 -0.6133 -0.0001
vn 0.7899 0.6133 0.0000
vn 0.7899 0.6133 0.0000
vn 0.7899 0.6133 0.0000
vn 0.7071 -0.0000 0.7071
vn 0.7071 -0.0000 0.7071
vn 0.7071 -0.0000 0.7071
vn 0.7071 -0.0000 0.7071
vn -0.6840 0.6133 0.3949
vn -0.6840 0.6133 0.3949
vn -0.6840 0.6133 0.3949
vn 0.7899 -0.6133 -0.0000
vn 0.7899 -0.6133 -0.0000
vn 0.7899 -0.6133 -0.0000
vn 0.2588 -0.0000 0.9659
vn 0.2588 -0.0000 0.9659
vn 0.2588 -0.0000 0.9659
vn 0.2588 -0.0000 0.9659
vn -0.6840 -0.6133 0.3948
vn -0.6840 -0.6133 0.3948
vn -0.6840 -0.6133 0.3948
vn 0.6840 0.6133 -0.3949
vn 0.6840 0.6133 -0.3949
vn 0.6840 0.6133 -0.3949
vn -0.2588 -0.0000 0.9659
vn -0.2588 -0.0000 0.9659
vn -0.2588 -0.0000 0.9659
vn -0.2588 -0.0000 0.9659
vn -0.3950 0.6133 0.6840
vn -0.3950 0.6133 0.6840
vn 0.6840 -0.6133 -0.3950
vn 0.6840 -0.6133 -0.3950
vn 0.6840 -0.6133 -0.3950
vn -0.7071 -0.0000 0.7071
vn -0.7071 -0.0000 0.7071
vn -0.7071 -0.0000 0.7071
vn -0.7071 -0.0000 0.7071
vn -0.3950 -0.6134 0.6840
vn -0.3950 -0.6134 0.6840
vn 0.3949 0.6133 -0.6840
vn 0.3949 0.6133 -0.6840
vn -0.9659 -0.0000 0.2588
vn -0.9659 -0.0000 0.2588
vn -0.9659 -0.0000 0.2588
vn -0.9659 -0.0000 0.2588
vn -0.0000 0.6133 0.7899
vn -0.0000 0.6133 0.7899
vn -0.0000 0.6133 0.7899
vn 0.3949 -0.6133 -0.6840
vn 0.3949 -0.6133 -0.6840
vn -0.9659 0.0000 -0.2588
vn -0.9659 0.0000 -0.2588
vn -0.0000 -0.6133 0.7898
vn -0.0000 -0.6133 0.7898
vn -0.0000 -0.6133 0.7898
vn 0.0000 0.6133 -0.7899
vn 0.0000 0.6133 -0.7899
vn 0.0000 0.6133 -0.7899
vn -0.7071 0.0000 -0.7071
vn -0.7071 0.0000 -0.7071
vn -0.7071 0.0000 -0.7071
vn -0.7071 0.0000 -0.7071
vn 0.7071 0.0000 -0.7071
vn 0.7071 0.0000 -0.7071
vn 0.7071 0.0000 -0.7071
vn 0.7071 0.0000 -0.7071
vn 0.0000 -0.6133 -0.7899
vn 0.0000 -0.6133 -0.7899
vn 0.0000 -0.6133 -0.7899
vn -0.6840 -0.6133 -0.3950
vn -0.6840 -0.6133 -0.3950
vn -0.6840 -0.6133 -0.3950
vn 0.3949 0.6133 0.6840
vn 0.3949 0.6133 0.6840
vn 0.0000 1.0000 -0.0000
vn 0.0000 1.0000 -0.0000
vn 0.2588 0.0000 -0.9659
vn 0.2588 0.0000 -0.9659
vn 0.2588 0.0000 -0.9659
vn 0.2588 0.0000 -0.9659
vn -0.3949 0.6133 -0.6841
vn -0.3949 0.6133 -0.6841
vn 0.1830 -0.7071 -0.6830
vn 0.1830 -0.7071 -0.6830
vn 0.1830 -0.7071 -0.6830
vn 0.1830 0.7071 -0.6830
vn 0.1830 0.7071 -0.6830
vn 0.1830 0.7071 -0.6830
vn 0.0000 0.0000 -1.0000
vn 0.0000 0.0000 -1.0000
vn 0.0000 0.0000 -1.0000
vn 0.0000 0.0000 -1.0000
vn 0.5000 0.0000 -0.8660
vn 0.5000 0.0000 -0.8660
vn 0.5000 -0.7071 -0.5000
vn 0.5000 -0.7071 -0.5000
vn 0.5000 0.7071 -0.5000
vn 0.5000 0.7071 -0.5000
vn 0.8660 0.0000 -0.5000
vn 0.8660 0.0000 -0.5000
vn 1.0000 0.0000 -0.0000
vn 1.0000 0.0000 -0.0000
vn 1.0000 0.0000 -0.0000
vn 1.0000 0.0000 -0.0000
vn 0.6830 -0.7071 0.1830
vn 0.6830 0.7071 0.1830
vn 0.8660 -0.0000 0.5000
vn 0.8660 -0.0000 0.5000
vn 0.5000 -0.7071 0.5000
vn 0.5000 -0.7071 0.5000
vn 0.5000 0.7071 0.5001
vn 0.5000 0.7071 0.5001
vn 0.5000 -0.0000 0.8660
vn 0.5000 -0.0000 0.8660
vn 0.1830 -0.7071 0.6830
vn 0.1830 -0.7071 0.6830
vn 0.1830 -0.7071 0.6830
vn 0.1830 0.7071 0.6830
vn 0.1830 0.7071 0.6830
vn 0.1830 0.7071 0.6830
vn -0.0000 -0.0000 1.0000
vn -0.0000 -0.0000 1.0000
vn -0.0000 -0.0000 1.0000
vn -0.0000 -0.0000 1.0000
vn -0.1830 -0.7072 0.6830
vn -0.1830 -0.7072 0.6830
vn -0.1830 -0.7072 0.6830
vn -0.1830 0.7071 0.6830
vn -0.1830 0.7071 0.6830
vn -0.1830 0.7071 0.6830
vn -0.5000 -0.0000 0.8660
vn -0.5000 -0.0000 0.8660
vn -0.5000 -0.7071 0.5000
vn -0.5000 -0.7071 0.5000
vn -0.5000 0.7071 0.5000
vn -0.5000 0.7071 0.5000
vn -0.8661 -0.0000 0.4999
vn -0.8661 -0.0000 0.4999
vn -0.6830 -0.7071 0.1829
vn -0.6830 0.7071 0.1830
vn -1.0000 0.0000 -0.0000
vn -1.0000 0.0000 -0.0000
vn -1.0000 0.0000 -0.0000
vn -1.0000 0.0000 -0.0000
vn -0.8660 0.0000 -0.5000
vn -0.8660 0.0000 -0.5000
vn -0.5000 -0.7071 -0.5001
vn -0.5000 -0.7071 -0.5001
vn -0.5000 0.7071 -0.5000
vn -0.5000 0.7071 -0.5000
vn -0.5000 0.0000 -0.8660
vn -0.5000 0.0000 -0.8660
vn -0.1830 -0.7071 -0.6831
vn -0.1830 -0.7071 -0.6831
vn -0.1830 -0.7071 -0.6831
vn -0.1830 0.7071 -0.6830
vn -0.1830 0.7071 -0.6830
vn -0.1830 0.7071 -0.6830
vn 0.0000 -1.0000 -0.0000
vn 0.0000 -1.0000 -0.0000
vn 0.2588 0.0000 -0.9659
vn 0.2588 0.0000 -0.9659
vn 0.2588 0.0000 -0.9659
vn 0.2588 0.0000 -0.9659
vn 0.7071 0.0000 -0.7071
vn 0.7071 0.0000 -0.7071
vn 0.7071 0.0000 -0.7071
vn 0.7071 0.0000 -0.7071
vn 0.9659 0.0000 -0.2588
vn 0.9659 0.0000 -0.2588
vn 0.9659 0.0000 -0.2588
vn 0.9659 0.0000 -0.2588
vn 0.9659 -0.0000 0.2588
vn 0.9659 -0.0000 0.2588
vn 0.9659 -0.0000 0.2588
vn 0.9659 -0.0000 0.2588
vn 0.7071 -0.0000 0.7071
vn 0.7071 -0.0000 0.7071
vn 0.7071 -0.0000 0.7071
vn 0.7071 -0.0000 0.7071
vn 0.2588 -0.0000 0.9659
vn 0.2588 -0.0000 0.9659
vn 0.2588 -0.0000 0.9659
vn 0.2588 -0.0000 0.9659
vn -0.2588 -0.0000 0.9659
vn -0.2588 -0.0000 0.9659
vn -0.2588 -0.0000 0.9659
vn -0.2588 -0.0000 0.9659
vn -0.7071 -0.0000 0.7071
vn -0.7071 -0.0000 0.7071
vn -0.7071 -0.0000 0.7071
vn -0.7071 -0.0000 0.7071
vn -0.9659 -0.0000 0.2588
vn -0.9659 -0.0000 0.2588
vn -0.9659 -0.0000 0.2588
vn -0.9659 -0.0000 0.2588
vn -0.9659 0.0000 -0.2588
vn -0.9659 0.0000 -0.2588
vn -0.9659 0.0000 -0.2588
vn -0.9659 0.0000 -0.2588
vn 0.0000 1.0000 -0.0000
vn 0.0000 1.0000 -0.0000
vn 0.0000 1.0000 -0.0000
vn 0.0000 1.0000 -0.0000
vn 0.0000 1.0000 -0.0000
vn 0.0000 1.0000 -0.0000
vn 0.0000 1.0000 -0.0000
vn 0.0000 1.0000 -0.0000
vn 0.0000 1.0000 -0.0000
vn 0.0000 1.0000 -0.0000
vn 0.0000 1.0000 -0.0000
vn 0.0000 1.0000 -0.0000
vn -0.7071 0.0000 -0.7071
vn -0.7071 0.0000 -0.7071
vn -0.7071 0.0000 -0.7071
vn -0.7071 0.0000 -0.7071
vn -0.2588 0.0000 -0.9659
vn -0.2588 0.0000 -0.9659
vn -0.2588 0.0000 -0.9659
vn -0.2588 0.0000 -0.9659
vn 0.0000 -1.0000 -0.0000
vn 0.0000 -1.0000 -0.0000
vn 0.0000 -1.0000 -0.0000
vn 0.0000 -1.0000 -0.0000
vn 0.0000 -1.0000 -0.0000
vn 0.0000 -1.0000 -0.0000
vn 0.0000 -1.0000 -0.0000
vn 0.0000 -1.0000 -0.0000
vn 0.0000 -1.0000 -0.0000
vn 0.0000 -1.0000 -0.0000
vn 0.0000 -1.0000 -0.0000
vn 0.0000 -1.0000 -0.0000
vn -0.6840 0.6133 -0.3950
vn -0.6840 0.6133 -0.3950
vn -0.6840 0.6133 -0.3950
vn 0.3949 -0.6134 0.6840
vn 0.3949 -0.6134 0.6840
vn -0.2588 0.0000 -0.9659
vn -0.2588 0.0000 -0.9659
vn -0.2588 0.0000 -0.9659
vn -0.2588 0.0000 -0.9659
vn -0.3949 -0.6133 -0.6841
vn -0.3949 -0.6133 -0.6841
vn 0.6840 0.6133 0.3950
vn 0.6840 0.6133 0.3950
vn 0.6840 0.6133 0.3950
vn 0.9659 0.0000 -0.2588
vn 0.9659 0.0000 -0.2588
vn -0.7899 0.6132 -0.0000
vn -0.7899 0.6132 -0.0000
vn -0.7899 0.6132 -0.0000
vn 0.6840 -0.6134 0.3949
vn 0.6840 -0.6134 0.3949
vn 0.6840 -0.6134 0.3949
vn 0.9659 -0.0000 0.2588
vn 0.9659 -0.0000 0.2588
vn 0.9659 -0.0000 0.2588
vn 0.9659 -0.0000 0.2588
vn -0.7899 -0.6133 -0.0001
vn -0.7899 -0.6133 -0.0001
vn -0.7899 -0.6133 -0.0001
vn 0.7899 0.6133 0.0000
vn 0.7899 0.6133 0.0000
vn 0.7899 0.6133 0.0000
vn 0.7071 -0.0000 0.7071
vn 0.7071 -0.0000 0.7071
vn 0.7071 -0.0000 0.7071
vn 0.7071 -0.0000 0.7071
vn -0.6840 0.6133 0.3949
vn -0.6840 0.6133 0.3949
vn -0.6840 0.6133 0.3949
vn 0.7899 -0.6133 -0.0000
vn 0.7899 -0.6133 -0.0000
vn 0.7899 -0.6133 -0.0000
vn 0.2588 -0.0000 0.9659
vn 0.2588 -0.0000 0.9659
vn 0.2588 -0.0000 0.9659
vn 0.2588 -0.0000 0.9659
vn -0.6840 -0.6133 0.3948
vn -0.6840 -0.6133 0.3948
vn -0.6840 -0.6133 0.3948
vn 0.6840 0.6133 -0.3949
vn 0.6840 0.6133 -0.3949
vn 0.6840 0.6133 -0.3949
vn -0.2588 -0.0000 0.9659
vn -0.2588 -0.0000 0.9659
vn -0.2588 -0.0000 0.9659
vn -0.2588 -0.0000 0.9659
vn -0.3950 0.6133 0.6840
vn -0.3950 0.6133 0.6840
vn 0.6840 -0.6133 -0.3950
vn 0.6840 -0.6133 -0.3950
vn 0.6840 -0.6133 -0.3950
vn -0.7071 -0.0000 0.7071
vn -0.7071 -0.0000 0.7071
vn -0.7071 -0.0000 0.7071
vn -0.7071 -0.0000 0.7071
vn -0.3950 -0.6134 0.6840
vn -0.3950 -0.6134 0.6840
vn 0.3949 0.6133 -0.6840
vn 0.3949 0.6133 -0.6840
vn -0.9659 -0.0000 0.2588
vn -0.9659 -0.0000 0.2588
vn -0.9659 -0.0000 0.2588
vn -0.9659 -0.0000 0.2588
vn -0.0000 0.6133 0.7898
vn -0.0000 0.6133 0.7898
vn -0.0000 0.6133 0.7898
vn 0.3949 -0.6133 -0.6840
vn 0.3949 -0.6133 -0.6840
vn -0.9659 0.0000 -0.2588
vn -0.9659 0.0000 -0.2588
vn -0.0000 -0.6133 0.7898
vn -0.0000 -0.6133 0.7898
vn -0.0000 -0.6133 0.7898
vn 0.0000 0.6133 -0.7898
vn 0.0000 0.6133 -0.7898
vn 0.0000 0.6133 -0.7898
vn -0.7071 0.0000 -0.7071
vn -0.7071 0.0000 -0.7071
vn -0.7071 0.0000 -0.7071
vn -0.7071 0.0000 -0.7071
vn 0.7071 0.0000 -0.7071
vn 0.7071 0.0000 -0.7071
vn 0.7071 0.0000 -0.7071
vn 0.7071 0.0000 -0.7071
vn 0.0000 -0.6133 -0.7898
vn 0.0000 -0.6133 -0.7898
vn 0.0000 -0.6133 -0.7898
vn -0.6840 -0.6133 -0.3950
vn -0.6840 -0.6133 -0.3950
vn -0.6840 -0.6133 -0.3950
vn 0.3949 0.6133 0.6840
vn 0.3949 0.6133 0.6840
vn 0.0000 1.0000 -0.0000
vn 0.0000 1.0000 -0.0000
vn 0.2588 0.0000 -0.9659
vn 0.2588 0.0000 -0.9659
vn 0.2588 0.0000 -0.9659
vn 0.2588 0.0000 -0.9659
vn -0.3949 0.6133 -0.6841
vn -0.3949 0.6133 -0.6841
vn 0.1830 -0.7071 -0.6830
vn 0.1830 -0.7071 -0.6830
vn 0.1830 -0.7071 -0.6830
vn 0.1830 0.7071 -0.6830
vn 0.1830 0.7071 -0.6830
vn 0.1830 0.7071 -0.6830
vn 0.0000 0.0000 -1.0000
vn 0.0000 0.0000 -1.0000
vn 0.0000 0.0000 -1.0000
vn 0.0000 0.0000 -1.0000
vn 0.5000 0.0000 -0.8660
vn 0.5000 0.0000 -0.8660
vn 0.5000 -0.7071 -0.5000
vn 0.5000 -0.7071 -0.5000
vn 0.5000 0.7071 -0.5000
vn 0.5000 0.7071 -0.5000
vn 0.8660 0.0000 -0.5000
vn 0.8660 0.0000 -0.5000
vn 1.0000 0.0000 -0.0000
vn 1.0000 0.0000 -0.0000
vn 1.0000 0.0000 -0.0000
vn 1.0000 0.0000 -0.0000
vn 0.6830 -0.7071 0.1830
vn 0.6830 0.7071 0.1830
vn 0.8660 -0.0000 0.5000
vn 0.8660 -0.0000 0.5000
vn 0.5000 -0.7071 0.5000
vn 0.5000 -0.7071 0.5000
vn 0.5000 0.7071 0.5001
vn 0.5000 0.7071 0.5001
vn 0.5000 -0.0000 0.8660
vn 0.5000 -0.0000 0.8660
vn 0.1830 -0.7071 0.6830
vn 0.1830 -0.7071 0.6830
vn 0.1830 -0.7071 0.6830
vn 0.1830 0.7071 0.6830
vn 0.1830 0.7071 0.6830
vn 0.1830 0.7071 0.6830
vn -0.0000 -0.0000 1.0000
vn -0.0000 -0.0000 1.0000
vn -0.0000 -0.0000 1.0000
vn -0.0000 -0.0000 1.0000
vn -0.1830 -0.7072 0.6830
vn -0.1830 -0.7072 0.6830
vn -0.1830 -0.7072 0.6830
vn -0.1830 0.7071 0.6830
vn -0.1830 0.7071 0.6830
vn -0.1830 0.7071 0.6830
vn -0.5000 -0.0000 0.8660
vn -0.5000 -0.0000 0.8660
vn -0.5000 -0.7071 0.5000
vn -0.5000 -0.7071 0.5000
vn -0.5000 0.7071 0.5000
vn -0.5000 0.7071 0.5000
vn -0.8661 -0.0000 0.4999
vn -0.8661 -0.0000 0.4999
vn -0.6830 -0.7071 0.1829
vn -0.6830 0.7071 0.1830
vn -1.0000 0.0000 -0.0000
vn -1.0000 0.0000 -0.0000
vn -1.0000 0.0000 -0.0000
vn -1.0000 0.0000 -0.0000
vn -0.8660 0.0000 -0.5000
vn -0.8660 0.0000 -0.5000
vn -0.5000 -0.7071 -0.5001
vn -0.5000 -0.7071 -0.5001
vn -0.5000 0.7071 -0.5000
vn -0.5000 0.7071 -0.5000
vn -0.5000 0.0000 -0.8660
vn -0.5000 0.0000 -0.8660
vn -0.1830 -0.7071 -0.6831
vn -0.1830 -0.7071 -0.6831
vn -0.1830 -0.7071 -0.6831
vn -0.1830 0.7071 -0.6830
vn -0.1830 0.7071 -0.6830
vn -0.1830 0.7071 -0.6830
vn 0.0000 -1.0000 -0.0000
vn 0.0000 -1.0000 -0.0000
vn 0.2588 0.0000 -0.9659
vn 0.2588 0.0000 -0.9659
vn 0.2588 0.0000 -0.9659
vn 0.2588 0.0000 -0.9659
vn 0.7071 0.0000 -0.7071
vn 0.7071 0.0000 -0.7071
vn 0.7071 0.0000 -0.7071
vn 0.7071 0.0000 -0.7071
vn 0.9659 0.0000 -0.2588
vn 0.9659 0.0000 -0.2588
vn 0.9659 0.0000 -0.2588
vn 0.9659 0.0000 -0.2588
vn 0.9659 -0.0000 0.2588
vn 0.9659 -0.0000 0.2588
vn 0.9659 -0.0000 0.2588
vn 0.9659 -0.0000 0.2588
vn 0.7071 -0.0000 0.7071
vn 0.7071 -0.0000 0.7071
vn 0.7071 -0.0000 0.7071
vn 0.7071 -0.0000 0.7071
vn 0.2588 -0.0000 0.9659
vn 0.2588 -0.0000 0.9659
vn 0.2588 -0.0000 0.9659
vn 0.2588 -0.0000 0.9659
vn -0.2588 -0.0000 0.9659
vn -0.2588 -0.0000 0.9659
vn -0.2588 -0.0000 0.9659
vn -0.2588 -0.0000 0.9659
vn -0.7071 -0.0000 0.7071
vn -0.7071 -0.0000 0.7071
vn -0.7071 -0.0000 0.7071
vn -0.7071 -0.0000 0.7071
vn -0.9659 -0.0000 0.2588
vn -0.9659 -0.0000 0.2588
vn -0.9659 -0.0000 0.2588
vn -0.9659 -0.0000 0.2588
vn -0.9659 0.0000 -0.2588
vn -0.9659 0.0000 -0.2588
vn -0.9659 0.0000 -0.2588
vn -0.9659 0.0000 -0.2588
vn 0.0000 1.0000 -0.0000
vn 0.0000 1.0000 -0.0000
vn 0.0000 1.0000 -0.0000
vn 0.0000 1.0000 -0.0000
vn 0.0000 1.0000 -0.0000
vn 0.0000 1.0000 -0.0000
vn 0.0000 1.0000 -0.0000
vn 0.0000 1.0000 -0.0000
vn 0.0000 1.0000 -0.0000
vn 0.0000 1.0000 -0.0000
vn 0.0000 1.0000 -0.0000
vn 0.0000 1.0000 -0.0000
vn -0.7071 0.0000 -0.7071
vn -0.7071 0.0000 -0.7071
vn -0.7071 0.0000 -0.7071
vn -0.7071 0.0000 -0.7071
vn -0.2588 0.0000 -0.9659
vn -0.2588 0.0000 -0.9659
vn -0.2588 0.0000 -0.9659
vn -0.2588 0.0000 -0.9659
vn 0.0000 -1.0000 -0.0000
vn 0.0000 -1.0000 -0.0000
vn 0.0000 -1.0000 -0.0000
vn 0.0000 -1.0000 -0.0000
vn 0.0000 -1.0000 -0.0000
vn 0.0000 -1.0000 -0.0000
vn 0.0000 -1.0000 -0.0000
vn 0.0000 -1.0000 -0.0000
vn 0.0000 -1.0000 -0.0000
vn 0.0000 -1.0000 -0.0000
vn 0.0000 -1.0000 -0.0000
vn 0.0000 -1.0000 -0.0000
vn -0.6840 0.6133 -0.3950
vn -0.6840 0.6133 -0.3950
vn -0.6840 0.6133 -0.3950
vn 0.3949 -0.6134 0.6840
vn 0.3949 -0.6134 0.6840
vn -0.2588 0.0000 -0.9659
vn -0.2588 0.0000 -0.9659
vn -0.2588 0.0000 -0.9659
vn -0.2588 0.0000 -0.9659
vn -0.3949 -0.6133 -0.6841
vn -0.3949 -0.6133 -0.6841
vn 0.6840 0.6133 0.3950
vn 0.6840 0.6133 0.3950
vn 0.6840 0.6133 0.3950
vn 0.9659 0.0000 -0.2588
vn 0.9659 0.0000 -0.2588
vn -0.7899 0.6132 -0.0000
vn -0.7899 0.6132 -0.0000
vn -0.7899 0.6132 -0.0000
vn 0.6840 -0.6134 0.3949
vn 0.6840 -0.6134 0.3949
vn 0.6840 -0.6134 0.3949
vn 0.9659 -0.0000 0.2588
vn 0.9659 -0.0000 0.2588
vn 0.9659 -0.0000 0.2588
vn 0.9659 -0.0000 0.2588
vn -0.7899 -0.6133 -0.0001
vn -0.7899 -0.6133 -0.0001
vn -0.7899 -0.6133 -0.0001
vn 0.7899 0.6133 0.0000
vn 0.7899 0.6133 0.0000
vn 0.7899 0.6133 0.0000
vn 0.7071 -0.0000 0.7071
vn 0.7071 -0.0000 0.7071
vn 0.7071 -0.0000 0.7071
vn 0.7071 -0.0000 0.7071
vn -0.6840 0.6133 0.3949
vn -0.6840 0.6133 0.3949
vn -0.6840 0.6133 0.3949
vn 0.7899 -0.6133 -0.0000
vn 0.7899 -0.6133 -0.0000
vn 0.7899 -0.6133 -0.0000
vn 0.2588 -0.0000 0.9659
vn 0.2588 -0.0000 0.9659
vn 0.2588 -0.0000 0.9659
vn 0.2588 -0.0000 0.9659
vn -0.6840 -0.6133 0.3948
vn -0.6840 -0.6133 0.3948
vn -0.6840 -0.6133 0.3948
vn 0.6840 0.6133 -0.3949
vn 0.6840 0.6133 -0.3949
vn 0.6840 0.6133 -0.3949
vn -0.2588 -0.0000 0.9659
vn -0.2588 -0.0000 0.9659
vn -0.2588 -0.0000 0.9659
vn -0.2588 -0.0000 0.9659
vn -0.3950 0.6133 0.6840
vn -0.3950 0.6133 0.6840
vn 0.6840 -0.6133 -0.3950
vn 0.6840 -0.6133 -0.3950
vn 0.6840 -0.6133 -0.3950
vn -0.7071 -0.0000 0.7071
vn -0.7071 -0.0000 0.7071
vn -0.7071 -0.0000 0.7071
vn -0.7071 -0.0000 0.7071
vn -0.3950 -0.6134 0.6840
vn -0.3950 -0.6134 0.6840
vn 0.3949 0.6133 -0.6840
vn 0.3949 0.6133 -0.6840
vn -0.9659 -0.0000 0.2588
vn -0.9659 -0.0000 0.2588
vn -0.9659 -0.0000 0.2588
vn -0.9659 -0.0000 0.2588
vn -0.0000 0.6133 0.7898
vn -0.0000 0.6133 0.7898
vn -0.0000 0.6133 0.7898
vn 0.3949 -0.6133 -0.6840
vn 0.3949 -0.6133 -0.6840
vn -0.9659 0.0000 -0.2588
vn -0.9659 0.0000 -0.2588
vn -0.0000 -0.6133 0.7898
vn -0.0000 -0.6133 0.7898
vn -0.0000 -0.6133 0.7898
vn 0.0000 0.6133 -0.7898
vn 0.0000 0.6133 -0.7898
vn 0.0000 0.6133 -0.7898
vn -0.7071 0.0000 -0.7071
vn -0.7071 0.0000 -0.7071
vn -0.7071 0.0000 -0.7071
vn -0.7071 0.0000 -0.7071
vn 0.7071 0.0000 -0.7071
vn 0.7071 0.0000 -0.7071
vn 0.7071 0.0000 -0.7071
vn 0.7071 0.0000 -0.7071
vn 0.0000 -0.6133 -0.7898
vn 0.0000 -0.6133 -0.7898
vn 0.0000 -0.6133 -0.7898
vn -0.6840 -0.6133 -0.3950
vn -0.6840 -0.6133 -0.3950
vn -0.6840 -0.6133 -0.3950
vn 0.3949 0.6133 0.6840
vn 0.3949 0.6133 0.6840
vn 0.0000 1.0000 -0.0000
vn 0.0000 1.0000 -0.0000
vn 0.2588 0.0000 -0.9659
vn 0.2588 0.0000 -0.9659
vn 0.2588 0.0000 -0.9659
vn 0.2588 0.0000 -0.9659
vn -0.3949 0.6133 -0.6841
vn -0.3949 0.6133 -0.6841
vn 0.1830 -0.7071 -0.6830
vn 0.1830 -0.7071 -0.6830
vn 0.1830 -0.7071 -0.6830
vn 0.1830 0.7071 -0.6830
vn 0.1830 0.7071 -0.6830
vn 0.1830 0.7071 -0.6830
vn 0.0000 0.0000 -1.0000
vn 0.0000 0.0000 -1.0000
vn 0.0000 0.0000 -1.0000
vn 0.0000 0.0000 -1.0000
vn 0.5000 0.0000 -0.8660
vn 0.5000 0.0000 -0.8660
vn 0.5000 -0.7071 -0.5000
vn 0.5000 -0.7071 -0.5000
vn 0.5000 0.7071 -0.5000
vn 0.5000 0.7071 -0.5000
vn 0.8660 0.0000 -0.5000
vn 0.8660 0.0000 -0.5000
vn 1.0000 0.0000 -0.0000
vn 1.0000 0.0000 -0.0000
vn 1.0000 0.0000 -0.0000
vn 1.0000 0.0000 -0.0000
vn 0.6830 -0.7071 0.1830
vn 0.6830 0.7071 0.1830
vn 0.8660 -0.0000 0.5000
vn 0.8660 -0.0000 0.5000
vn 0.5000 -0.7071 0.5000
vn 0.5000 -0.7071 0.5000
vn 0.5000 0.7071 0.5001
vn 0.5000 0.7071 0.5001
vn 0.5000 -0.0000 0.8660
vn 0.5000 -0.0000 0.8660
vn 0.1830 -0.7071 0.6830
vn 0.1830 -0.7071 0.6830
vn 0.1830 -0.7071 0.6830
vn 0.1830 0.7071 0.6830
vn 0.1830 0.7071 0.6830
vn 0.1830 0.7071 0.6830
vn -0.0000 -0.0000 1.0000
vn -0.0000 -0.0000 1.0000
vn -0.0000 -0.0000 1.0000
vn -0.0000 -0.0000 1.0000
vn -0.1830 -0.7072 0.6830
vn -0.1830 -0.7072 0.6830
vn -0.1830 -0.7072 0.6830
vn -0.1830 0.7071 0.6830
vn -0.1830 0.7071 0.6830
vn -0.1830 0.7071 0.6830
vn -0.5000 -0.0000 0.8660
vn -0.5000 -0.0000 0.8660
vn -0.5000 -0.7071 0.5000
vn -0.5000 -0.7071 0.5000
vn -0.5000 0.7071 0.5000
vn -0.5000 0.7071 0.5000
vn -0.8661 -0.0000 0.4999
vn -0.8661 -0.0000 0.4999
vn -0.6830 -0.7071 0.1829
vn -0.6830 0.7071 0.1830
vn -1.0000 0.0000 -0.0000
vn -1.0000 0.0000 -0.0000
vn -1.0000 0.0000 -0.0000
vn -1.0000 0.0000 -0.0000
vn -0.8660 0.0000 -0.5000
vn -0.8660 0.0000 -0.5000
vn -0.5000 -0.7071 -0.5001
vn -0.5000 -0.7071 -0.5001
vn -0.5000 0.7071 -0.5000
vn -0.5000 0.7071 -0.5000
vn -0.5000 0.0000 -0.8660
vn -0.5000 0.0000 -0.8660
vn -0.1830 -0.7071 -0.6831
vn -0.1830 -0.7071 -0.6831
vn -0.1830 -0.7071 -0.6831
vn -0.1830 0.7071 -0.6830
vn -0.1830 0.7071 -0.6830
vn -0.1830 0.7071 -0.6830
vn 0.0000 -1.0000 -0.0000
vn 0.0000 -1.0000 -0.0000
vn 0.2588 0.0000 -0.9659
vn 0.2588 0.0000 -0.9659
vn 0.2588 0.0000 -0.9659
vn 0.2588 0.0000 -0.9659
vn 0.7071 0.0000 -0.7071
vn 0.7071 0.0000 -0.7071
vn 0.7071 0.0000 -0.7071
vn 0.7071 0.0000 -0.7071
vn 0.9659 0.0000 -0.2588
vn 0.9659 0.0000 -0.2588
vn 0.9659 0.0000 -0.2588
vn 0.9659 0.0000 -0.2588
vn 0.9659 -0.0000 0.2588
vn 0.9659 -0.0000 0.2588
vn 0.9659 -0.0000 0.2588
vn 0.9659 -0.0000 0.2588
vn 0.7071 -0.0000 0.7071
vn 0.7071 -0.0000 0.7071
vn 0.7071 -0.0000 0.7071
vn 0.7071 -0.0000 0.7071
vn 0.2588 -0.0000 0.9659
vn 0.2588 -0.0000 0.9659
vn 0.2588 -0.0000 0.9659
vn 0.2588 -0.0000 0.9659
vn -0.2588 -0.0000 0.9659
vn -0.2588 -0.0000 0.9659
vn -0.2588 -0.0000 0.9659
vn -0.2588 -0.0000 0.9659
vn -0.7071 -0.0000 0.7071
vn -0.7071 -0.0000 0.7071
vn -0.7071 -0.0000 0.7071
vn -0.7071 -0.0000 0.7071
vn -0.9659 -0.0000 0.2588
vn -0.9659 -0.0000 0.2588
vn -0.9659 -0.0000 0.2588
vn -0.9659 -0.0000 0.2588
vn -0.9659 0.0000 -0.2588
vn -0.9659 0.0000 -0.2588
vn -0.9659 0.0000 -0.2588
vn -0.9659 0.0000 -0.2588
vn 0.0000 1.0000 -0.0000
vn 0.0000 1.0000 -0.0000
vn 0.0000 1.0000 -0.0000
vn 0.0000 1.0000 -0.0000
vn 0.0000 1.0000 -0.0000
vn 0.0000 1.0000 -0.0000
vn 0.0000 1.0000 -0.0000
vn 0.0000 1.0000 -0.0000
vn 0.0000 1.0000 -0.0000
vn 0.0000 1.0000 -0.0000
vn 0.0000 1.0000 -0.0000
vn 0.0000 1.0000 -0.0000
vn -0.7071 0.0000 -0.7071
vn -0.7071 0.0000 -0.7071
vn -0.7071 0.0000 -0.7071
vn -0.7071 0.0000 -0.7071
vn -0.2588 0.0000 -0.9659
vn -0.2588 0.0000 -0.9659
vn -0.2588 0.0000 -0.9659
vn -0.2588 0.0000 -0.9659
vn 0.0000 -1.0000 -0.0000
vn 0.0000 -1.0000 -0.0000
vn 0.0000 -1.0000 -0.0000
vn 0.0000 -1.0000 -0.0000
vn 0.0000 -1.0000 -0.0000
vn 0.0000 -1.0000 -0.0000
vn 0.0000 -1.0000 -0.0000
vn 0.0000 -1.0000 -0.0000
vn 0.0000 -1.0000 -0.0000
vn 0.0000 -1.0000 -0.0000
vn 0.0000 -1.0000 -0.0000
vn 0.0000 -1.0000 -0.0000
vn -0.6840 0.6133 -0.3950
vn -0.6840 0.6133 -0.3950
vn -0.6840 0.6133 -0.3950
vn 0.3949 -0.6134 0.6840
vn 0.3949 -0.6134 0.6840
vn -0.2588 0.0000 -0.9659
vn -0.2588 0.0000 -0.9659
vn -0.2588 0.0000 -0.9659
vn -0.2588 0.0000 -0.9659
vn -0.3949 -0.6133 -0.6841
vn -0.3949 -0.6133 -0.6841
vn 0.6840 0.6133 0.3950
vn 0.6840 0.6133 0.3950
vn 0.6840 0.6133 0.3950
vn 0.9659 0.0000 -0.2588
vn 0.9659 0.0000 -0.2588
vn -0.7899 0.6132 -0.0000
vn -0.7899 0.6132 -0.0000
vn -0.7899 0.6132 -0.0000
vn 0.6840 -0.6134 0.3949
vn 0.6840 -0.6134 0.3949
vn 0.6840 -0.6134 0.3949
vn 0.9659 -0.0000 0.2588
vn 0.9659 -0.0000 0.2588
vn 0.9659 -0.0000 0.2588
vn 0.9659 -0.0000 0.2588
vn -0.7899 -0.6133 -0.0001
vn -0.7899 -0.6133 -0.0001
vn -0.7899 -0.6133 -0.0001
vn 0.7899 0.6133 0.0000
vn 0.7899 0.6133 0.0000
vn 0.7899 0.6133 0.0000
vn 0.7071 -0.0000 0.7071
vn 0.7071 -0.0000 0.7071
vn 0.7071 -0.0000 0.7071
vn 0.7071 -0.0000 0.7071
vn -0.6840 0.6133 0.3949
vn -0.6840 0.6133 0.3949
vn -0.6840 0.6133 0.3949
vn 0.7899 -0.6133 -0.0000
vn 0.7899 -0.6133 -0.0000
vn 0.7899 -0.6133 -0.0000
vn 0.2588 -0.0000 0.9659
vn 0.2588 -0.0000 0.9659
vn 0.2588 -0.0000 0.9659
vn 0.2588 -0.0000 0.9659
vn -0.6840 -0.6133 0.3948
vn -0.6840 -0.6133 0.3948
vn -0.6840 -0.6133 0.3948
vn 0.6840 0.6133 -0.3949
vn 0.6840 0.6133 -0.3949
vn 0.6840 0.6133 -0.3949
vn -0.2588 -0.0000 0.9659
vn -0.2588 -0.0000 0.9659
vn -0.2588 -0.0000 0.9659
vn -0.2588 -0.0000 0.9659
vn -0.3950 0.6133 0.6840
vn -0.3950 0.6133 0.6840
vn 0.6840 -0.6133 -0.3950
vn 0.6840 -0.6133 -0.3950
vn 0.6840 -0.6133 -0.3950
vn -0.7071 -0.0000 0.7071
vn -0.7071 -0.0000 0.7071
vn -0.7071 -0.0000 0.7071
vn -0.7071 -0.0000 0.7071
vn -0.3950 -0.6134 0.6840
vn -0.3950 -0.6134 0.6840
vn 0.3949 0.6133 -0.6840
vn 0.3949 0.6133 -0.6840
vn -0.9659 -0.0000 0.2588
vn -0.9659 -0.0000 0.2588
vn -0.9659 -0.0000 0.2588
vn -0.9659 -0.0000 0.2588
vn -0.0000 0.6133 0.7899
vn -0.0000 0.6133 0.7899
vn -0.0000 0.6133 0.7899
vn 0.3949 -0.6133 -0.6840
vn 0.3949 -0.6133 -0.6840
vn -0.9659 0.0000 -0.2588
vn -0.9659 0.0000 -0.2588
vn -0.0000 -0.6133 0.7898
vn -0.0000 -0.6133 0.7898
vn -0.0000 -0.6133 0.7898
vn 0.0000 0.6133 -0.7899
vn 0.0000 0.6133 -0.7899
vn 0.0000 0.6133 -0.7899
vn -0.7071 0.0000 -0.7071
vn -0.7071 0.0000 -0.7071
vn -0.7071 0.0000 -0.7071
vn -0.7071 0.0000 -0.7071
vn 0.7071 0.0000 -0.7071
vn 0.7071 0.0000 -0.7071
vn 0.7071 0.0000 -0.7071
vn 0.7071 0.0000 -0.7071
vn 0.0000 -0.6133 -0.7899
vn 0.0000 -0.6133 -0.7899
vn 0.0000 -0.6133 -0.7899
vn -0.6840 -0.6133 -0.3950
vn -0.6840 -0.6133 -0.3950
vn -0.6840 -0.6133 -0.3950
vn 0.3949 0.6133 0.6840
vn 0.3949 0.6133 0.6840
vn 0.0000 1.0000 -0.0000
vn 0.0000 1.0000 -0.0000
vn 0.2588 0.0000 -0.9659
vn 0.2588 0.0000 -0.9659
vn 0.2588 0.0000 -0.9659
vn 0.2588 0.0000 -0.9659
vn -0.3949 0.6133 -0.6841
vn -0.3949 0.6133 -0.6841
vn 0.1830 -0.7071 -0.6830
vn 0.1830 -0.7071 -0.6830
vn 0.1830 -0.7071 -0.6830
vn 0.1830 0.7071 -0.6830
vn 0.1830 0.7071 -0.6830
vn 0.1830 0.7071 -0.6830
vn 0.0000 0.0000 -1.0000
vn 0.0000 0.0000 -1.0000
vn 0.0000 0.0000 -1.0000
vn 0.0000 0.0000 -1.0000
vn 0.5000 0.0000 -0.8660
vn 0.5000 0.0000 -0.8660
vn 0.5000 -0.7071 -0.5000
vn 0.5000 -0.7071 -0.5000
vn 0.5000 0.7071 -0.5000
vn 0.5000 0.7071 -0.5000
vn 0.8660 0.0000 -0.5000
vn 0.8660 0.0000 -0.5000
vn 1.0000 0.0000 -0.0000
vn 1.0000 0.0000 -0.0000
vn 1.0000 0.0000 -0.0000
vn 1.0000 0.0000 -0.0000
vn 0.6830 -0.7071 0.1830
vn 0.6830 0.7071 0.1830
vn 0.8660 -0.0000 0.5000
vn 0.8660 -0.0000 0.5000
vn 0.5000 -0.7071 0.5000
vn 0.5000 -0.7071 0.5000
vn 0.5000 0.7071 0.5001
vn 0.5000 0.7071 0.5001
vn 0.5000 -0.0000 0.8660
vn 0.5000 -0.0000 0.8660
vn 0.1830 -0.7071 0.6830
vn 0.1830 -0.7071 0.6830
vn 0.1830 -0.7071 0.6830
vn 0.1830 0.7071 0.6830
vn 0.1830 0.7071 0.6830
vn 0.1830 0.7071 0.6830
vn -0.0000 -0.0000 1.0000
vn -0.0000 -0.0000 1.0000
vn -0.0000 -0.0000 1.0000
vn -0.0000 -0.0000 1.0000
vn -0.1830 -0.7072 0.6830
vn -0.1830 -0.7072 0.6830
vn -0.1830 -0.7072 0.6830
vn -0.1830 0.7071 0.6830
vn -0.1830 0.7071 0.6830
vn -0.1830 0.7071 0.6830
vn -0.5000 -0.0000 0.8660
vn -0.5000 -0.0000 0.8660
vn -0.5000 -0.7071 0.5000
vn -0.5000 -0.7071 0.5000
vn -0.5000 0.7071 0.5000
vn -0.5000 0.7071 0.5000
vn -0.8661 -0.0000 0.4999
vn -0.8661 -0.0000 0.4999
vn -0.6830 -0.7071 0.1829
vn -0.6830 0.7071 0.1830
vn -1.0000 0.0000 -0.0000
vn -1.0000 0.0000 -0.0000
vn -1.0000 0.0000 -0.0000
vn -1.0000 0.0000 -0.0000
vn -0.8660 0.0000 -0.5000
vn -0.8660 0.0000 -0.5000
vn -0.5000 -0.7071 -0.5001
vn -0.5000 -0.7071 -0.5001
vn -0.5000 0.7071 -0.5000
vn -0.5000 0.7071 -0.5000
vn -0.5000 0.0000 -0.8660
vn -0.5000 0.0000 -0.8660
vn -0.1830 -0.7071 -0.6831
vn -0.1830 -0.7071 -0.6831
vn -0.1830 -0.7071 -0.6831
vn -0.1830 0.7071 -0.6830
vn -0.1830 0.7071 -0.6830
vn -0.1830 0.7071 -0.6830
vn 0.0000 -1.0000 -0.0000
vn 0.0000 -1.0000 -0.0000
vn 0.2588 0.0000 -0.9659
vn 0.2588 0.0000 -0.9659
vn 0.2588 0.0000 -0.9659
vn 0.2588 0.0000 -0.9659
vn 0.7071 0.0000 -0.7071
vn 0.7071 0.0000 -0.7071
vn 0.7071 0.0000 -0.7071
vn 0.7071 0.0000 -0.7071
vn 0.9659 0.0000 -0.2588
vn 0.9659 0.0000 -0.2588
vn 0.9659 0.0000 -0.2588
vn 0.9659 0.0000 -0.2588
vn 0.9659 -0.0000 0.2588
vn 0.9659 -0.0000 0.2588
vn 0.9659 -0.0000 0.2588
vn 0.9659 -0.0000 0.2588
vn 0.7071 -0.0000 0.7071
vn 0.7071 -0.0000 0.7071
vn 0.7071 -0.0000 0.7071
vn 0.7071 -0.0000 0.7071
vn 0.2588 -0.0000 0.9659
vn 0.2588 -0.0000 0.9659
vn 0.2588 -0.0000 0.9659
vn 0.2588 -0.0000 0.9659
vn -0.2588 -0.0000 0.9659
vn -0.2588 -0.0000 0.9659
vn -0.2588 -0.0000 0.9659
vn -0.2588 -0.0000 0.9659
vn -0.7071 -0.0000 0.7071
vn -0.7071 -0.0000 0.7071
vn -0.7071 -0.0000 0.7071
vn -0.7071 -0.0000 0.7071
vn -0.9659 -0.0000 0.2588
vn -0.9659 -0.0000 0.2588
vn -0.9659 -0.0000 0.2588
vn -0.9659 -0.0000 0.2588
vn -0.9659 0.0000 -0.2588
vn -0.9659 0.0000 -0.2588
vn -0.9659 0.0000 -0.2588
vn -0.9659 0.0000 -0.2588
vn 0.0000 1.0000 -0.0000
vn 0.0000 1.0000 -0.0000
vn 0.0000 1.0000 -0.0000
vn 0.0000 1.0000 -0.0000
vn 0.0000 1.0000 -0.0000
vn 0.0000 1.0000 -0.0000
vn 0.0000 1.0000 -0.0000
vn 0.0000 1.0000 -0.0000
vn 0.0000 1.0000 -0.0000
vn 0.0000 1.0000 -0.0000
vn 0.0000 1.0000 -0.0000
vn 0.0000 1.0000 -0.0000
vn -0.7071 0.0000 -0.7071
vn -0.7071 0.0000 -0.7071
vn -0.7071 0.0000 -0.7071
vn -0.7071 0.0000 -0.7071
vn -0.2588 0.0000 -0.9659
vn -0.2588 0.0000 -0.9659
vn -0.2588 0.0000 -0.9659
vn -0.2588 0.0000 -0.9659
vn 0.0000 -1.0000 -0.0000
vn 0.0000 -1.0000 -0.0000
vn 0.0000 -1.0000 -0.0000
vn 0.0000 -1.0000 -0.0000
vn 0.0000 -1.0000 -0.0000
vn 0.0000 -1.0000 -0.0000
vn 0.0000 -1.0000 -0.0000
vn 0.0000 -1.0000 -0.0000
vn 0.0000 -1.0000 -0.0000
vn 0.0000 -1.0000 -0.0000
vn 0.0000 -1.0000 -0.0000
vn 0.0000 -1.0000 -0.0000
vn -1.0000 0.0000 -0.0000
vn -1.0000 0.0000 -0.0000
vn -1.0000 0.0000 -0.0000
vn -1.0000 0.0000 -0.0000
vn 0.0000 0.0000 -1.0000
vn 0.0000 0.0000 -1.0000
vn 0.0000 0.0000 -1.0000
vn 0.0000 0.0000 -1.0000
vn 1.0000 0.0000 -0.0000
vn 1.0000 0.0000 -0.0000
vn 1.0000 0.0000 -0.0000
vn 1.0000 0.0000 -0.0000
vn -0.0000 -0.0000 1.0000
vn -0.0000 -0.0000 1.0000
vn -0.0000 -0.0000 1.0000
vn -0.0000 -0.0000 1.0000
vn 0.0000 -1.0000 -0.0000
vn 0.0000 -1.0000 -0.0000
vn 0.0000 -1.0000 -0.0000
vn 0.0000 -1.0000 -0.0000
vn 0.0000 1.0000 -0.0000
vn 0.0000 1.0000 -0.0000
vn 0.0000 1.0000 -0.0000
vn 0.0000 1.0000 -0.0000
vn -1.0000 0.0000 -0.0000
vn -1.0000 0.0000 -0.0000
vn -1.0000 0.0000 -0.0000
vn -1.0000 0.0000 -0.0000
vn 0.0000 0.0000 -1.0000
vn 0.0000 0.0000 -1.0000
vn 0.0000 0.0000 -1.0000
vn 0.0000 0.0000 -1.0000
vn 1.0000 0.0000 -0.0000
vn 1.0000 0.0000 -0.0000
vn 1.0000 0.0000 -0.0000
vn 1.0000 0.0000 -0.0000
vn -0.0000 -0.0000 1.0000
vn -0.0000 -0.0000 1.0000
vn -0.0000 -0.0000 1.0000
vn -0.0000 -0.0000 1.0000
vn 0.0000 -1.0000 -0.0000
vn 0.0000 -1.0000 -0.0000
vn 0.0000 -1.0000 -0.0000
vn 0.0000 -1.0000 -0.0000
vn 0.0000 1.0000 -0.0000
vn 0.0000 1.0000 -0.0000
vn 0.0000 1.0000 -0.0000
vn 0.0000 1.0000 -0.0000
vn -1.0000 0.0000 -0.0000
vn -1.0000 0.0000 -0.0000
vn -1.0000 0.0000 -0.0000
vn -1.0000 0.0000 -0.0000
vn 0.0000 0.0000 -1.0000
vn 0.0000 0.0000 -1.0000
vn 0.0000 0.0000 -1.0000
vn 0.0000 0.0000 -1.0000
vn 1.0000 0.0000 -0.0000
vn 1.0000 0.0000 -0.0000
vn 1.0000 0.0000 -0.0000
vn 1.0000 0.0000 -0.0000
vn -0.0000 -0.0000 1.0000
vn -0.0000 -0.0000 1.0000
vn -0.0000 -0.0000 1.0000
vn -0.0000 -0.0000 1.0000
vn 0.0000 -1.0000 -0.0000
vn 0.0000 -1.0000 -0.0000
vn 0.0000 -1.0000 -0.0000
vn 0.0000 -1.0000 -0.0000
vn 0.0000 1.0000 -0.0000
vn 0.0000 1.0000 -0.0000
vn 0.0000 1.0000 -0.0000
vn 0.0000 1.0000 -0.0000
vn 0.3090 0.0000 -0.9511
vn 0.3090 0.0000 -0.9511
vn 0.3090 0.0000 -0.9511
vn 0.3090 0.0000 -0.9511
vn 0.8090 0.0000 -0.5878
vn 0.8090 0.0000 -0.5878
vn 0.8090 0.0000 -0.5878
vn 0.8090 0.0000 -0.5878
vn 1.0000 0.0000 -0.0000
vn 1.0000 0.0000 -0.0000
vn 1.0000 0.0000 -0.0000
vn 1.0000 0.0000 -0.0000
vn 0.8090 -0.0000 0.5878
vn 0.8090 -0.0000 0.5878
vn 0.8090 -0.0000 0.5878
vn 0.8090 -0.0000 0.5878
vn 0.3090 -0.0000 0.9511
vn 0.3090 -0.0000 0.9511
vn 0.3090 -0.0000 0.9511
vn 0.3090 -0.0000 0.9511
vn -0.3090 -0.0000 0.9511
vn -0.3090 -0.0000 0.9511
vn -0.3090 -0.0000 0.9511
vn -0.3090 -0.0000 0.9511
vn -0.8090 -0.0000 0.5878
vn -0.8090 -0.0000 0.5878
vn -0.8090 -0.0000 0.5878
vn -0.8090 -0.0000 0.5878
vn -1.0000 0.0000 -0.0000
vn -1.0000 0.0000 -0.0000
vn -1.0000 0.0000 -0.0000
vn -1.0000 0.0000 -0.0000
vn 0.0000 1.0000 -0.0000
vn 0.0000 1.0000 -0.0000
vn 0.0000 1.0000 -0.0000
vn 0.0000 1.0000 -0.0000
vn 0.0000 1.0000 -0.0000
vn 0.0000 1.0000 -0.0000
vn 0.0000 1.0000 -0.0000
vn 0.0000 1.0000 -0.0000
vn 0.0000 1.0000 -0.0000
vn 0.0000 1.0000 -0.0000
vn -0.8090 0.0000 -0.5878
vn -0.8090 0.0000 -0.5878
vn -0.8090 0.0000 -0.5878
vn -0.8090 0.0000 -0.5878
vn -0.3090 0.0000 -0.9511
vn -0.3090 0.0000 -0.9511
vn -0.3090 0.0000 -0.9511
vn -0.3090 0.0000 -0.9511
vn 0.0000 -1.0000 -0.0000
vn 0.0000 -1.0000 -0.0000
vn 0.0000 -1.0000 -0.0000
vn 0.0000 -1.0000 -0.0000
vn 0.0000 -1.0000 -0.0000
vn 0.0000 -1.0000 -0.0000
vn 0.0000 -1.0000 -0.0000
vn 0.0000 -1.0000 -0.0000
vn 0.0000 -1.0000 -0.0000
vn 0.0000 -1.0000 -0.0000
vn 0.3090 0.0000 -0.9511
vn 0.3090 0.0000 -0.9511
vn 0.3090 0.0000 -0.9511
vn 0.3090 0.0000 -0.9511
vn 0.8090 0.0000 -0.5878
vn 0.8090 0.0000 -0.5878
vn 0.8090 0.0000 -0.5878
vn 0.8090 0.0000 -0.5878
vn 1.0000 0.0000 -0.0000
vn 1.0000 0.0000 -0.0000
vn 1.0000 0.0000 -0.0000
vn 1.0000 0.0000 -0.0000
vn 0.8090 -0.0000 0.5878
vn 0.8090 -0.0000 0.5878
vn 0.8090 -0.0000 0.5878
vn 0.8090 -0.0000 0.5878
vn 0.3090 -0.0000 0.9511
vn 0.3090 -0.0000 0.9511
vn 0.3090 -0.0000 0.9511
vn 0.3090 -0.0000 0.9511
vn -0.3090 -0.0000 0.9511
vn -0.3090 -0.0000 0.9511
vn -0.3090 -0.0000 0.9511
vn -0.3090 -0.0000 0.9511
vn -0.8090 -0.0000 0.5878
vn -0.8090 -0.0000 0.5878
vn -0.8090 -0.0000 0.5878
vn -0.8090 -0.0000 0.5878
vn -1.0000 0.0000 -0.0000
vn -1.0000 0.0000 -0.0000
vn -1.0000 0.0000 -0.0000
vn -1.0000 0.0000 -0.0000
vn 0.0000 1.0000 -0.0000
vn 0.0000 1.0000 -0.0000
vn 0.0000 1.0000 -0.0000
vn 0.0000 1.0000 -0.0000
vn 0.0000 1.0000 -0.0000
vn 0.0000 1.0000 -0.0000
vn 0.0000 1.0000 -0.0000
vn 0.0000 1.0000 -0.0000
vn 0.0000 1.0000 -0.0000
vn 0.0000 1.0000 -0.0000
vn -0.8090 0.0000 -0.5878
vn -0.8090 0.0000 -0.5878
vn -0.8090 0.0000 -0.5878
vn -0.8090 0.0000 -0.5878
vn -0.3090 0.0000 -0.9511
vn -0.3090 0.0000 -0.9511
vn -0.3090 0.0000 -0.9511
vn -0.3090 0.0000 -0.9511
vn 0.0000 -1.0000 -0.0000
vn 0.0000 -1.0000 -0.0000
vn 0.0000 -1.0000 -0.0000
vn 0.0000 -1.0000 -0.0000
vn 0.0000 -1.0000 -0.0000
vn 0.0000 -1.0000 -0.0000
vn 0.0000 -1.0000 -0.0000
vn 0.0000 -1.0000 -0.0000
vn 0.0000 -1.0000 -0.0000
vn 0.0000 -1.0000 -0.0000
vn -1.0000 0.0000 -0.0000
vn -1.0000 0.0000 -0.0000
vn -1.0000 0.0000 -0.0000
vn -1.0000 0.0000 -0.0000
vn 0.0000 0.0000 -1.0000
vn 0.0000 0.0000 -1.0000
vn 0.0000 0.0000 -1.0000
vn 0.0000 0.0000 -1.0000
vn 1.0000 0.0000 -0.0000
vn 1.0000 0.0000 -0.0000
vn 1.0000 0.0000 -0.0000
vn 1.0000 0.0000 -0.0000
vn -0.0000 -0.0000 1.0000
vn -0.0000 -0.0000 1.0000
vn -0.0000 -0.0000 1.0000
vn -0.0000 -0.0000 1.0000
vn 0.0000 -1.0000 -0.0000
vn 0.0000 -1.0000 -0.0000
vn 0.0000 -1.0000 -0.0000
vn 0.0000 -1.0000 -0.0000
vn 0.0000 1.0000 -0.0000
vn 0.0000 1.0000 -0.0000
vn 0.0000 1.0000 -0.0000
vn 0.0000 1.0000 -0.0000
vn -0.7636 0.5961 -0.2481
vn -0.7636 0.5961 -0.2481
vn -0.7636 0.5961 -0.2481
vn 0.4719 -0.5961 0.6496
vn 0.4719 -0.5961 0.6496
vn -0.3090 0.0000 -0.9511
vn -0.3090 0.0000 -0.9511
vn -0.3090 0.0000 -0.9511
vn -0.3090 0.0000 -0.9511
vn -0.4719 -0.5961 -0.6496
vn -0.4719 -0.5961 -0.6496
vn 0.7636 0.5961 0.2482
vn 0.7636 0.5961 0.2482
vn 0.7636 0.5961 0.2482
vn 1.0000 0.0000 -0.0000
vn 1.0000 0.0000 -0.0000
vn 1.0000 0.0000 -0.0000
vn 1.0000 0.0000 -0.0000
vn -0.7636 0.5961 0.2481
vn -0.7636 0.5961 0.2481
vn -0.7636 0.5961 0.2481
vn 0.7636 -0.5962 0.2481
vn 0.7636 -0.5962 0.2481
vn 0.7636 -0.5962 0.2481
vn 0.8090 -0.0000 0.5878
vn 0.8090 -0.0000 0.5878
vn 0.8090 -0.0000 0.5878
vn 0.8090 -0.0000 0.5878
vn -0.7636 -0.5961 0.2481
vn -0.7636 -0.5961 0.2481
vn -0.7636 -0.5961 0.2481
vn 0.7636 0.5961 -0.2481
vn 0.7636 0.5961 -0.2481
vn 0.7636 0.5961 -0.2481
vn 0.3090 -0.0000 0.9511
vn 0.3090 -0.0000 0.9511
vn 0.3090 -0.0000 0.9511
vn 0.3090 -0.0000 0.9511
vn -0.4719 0.5961 0.6496
vn -0.4719 0.5961 0.6496
vn 0.7636 -0.5961 -0.2481
vn 0.7636 -0.5961 -0.2481
vn 0.7636 -0.5961 -0.2481
vn -0.3090 -0.0000 0.9511
vn -0.3090 -0.0000 0.9511
vn -0.3090 -0.0000 0.9511
vn -0.3090 -0.0000 0.9511
vn -0.4719 -0.5961 0.6495
vn -0.4719 -0.5961 0.6495
vn 0.4719 0.5961 -0.6495
vn 0.4719 0.5961 -0.6495
vn -0.8090 -0.0000 0.5878
vn -0.8090 -0.0000 0.5878
vn -0.8090 -0.0000 0.5878
vn -0.8090 -0.0000 0.5878
vn -0.0000 0.5961 0.8029
vn -0.0000 0.5961 0.8029
vn 0.4719 -0.5961 -0.6496
vn 0.4719 -0.5961 -0.6496
vn -1.0000 0.0000 -0.0000
vn -1.0000 0.0000 -0.0000
vn -1.0000 0.0000 -0.0000
vn -1.0000 0.0000 -0.0000
vn -0.0000 -0.5961 0.8029
vn -0.0000 -0.5961 0.8029
vn 0.0000 0.5961 -0.8029
vn 0.0000 0.5961 -0.8029
vn 0.0000 0.5961 -0.8029
vn -0.8090 0.0000 -0.5878
vn -0.8090 0.0000 -0.5878
vn -0.8090 0.0000 -0.5878
vn -0.8090 0.0000 -0.5878
vn 0.8090 0.0000 -0.5878
vn 0.8090 0.0000 -0.5878
vn 0.8090 0.0000 -0.5878
vn 0.8090 0.0000 -0.5878
vn 0.0000 -0.5961 -0.8029
vn 0.0000 -0.5961 -0.8029
vn -0.7636 -0.5961 -0.2482
vn -0.7636 -0.5961 -0.2482
vn -0.7636 -0.5961 -0.2482
vn 0.4719 0.5961 0.6496
vn 0.4719 0.5961 0.6496
vn 0.0000 1.0000 -0.0000
vn 0.0000 1.0000 -0.0000
vn 0.3090 0.0000 -0.9511
vn 0.3090 0.0000 -0.9511
vn 0.3090 0.0000 -0.9511
vn 0.3090 0.0000 -0.9511
vn -0.4719 0.5961 -0.6496
vn -0.4719 0.5961 -0.6496
vn 0.2185 -0.7071 -0.6725
vn 0.2185 -0.7071 -0.6725
vn 0.2185 -0.7071 -0.6725
vn 0.2185 0.7071 -0.6724
vn 0.2185 0.7071 -0.6724
vn 0.2185 0.7071 -0.6724
vn 0.0000 0.0000 -1.0000
vn 0.0000 0.0000 -1.0000
vn 0.0000 0.0000 -1.0000
vn 0.5878 0.0000 -0.8090
vn 0.5878 0.0000 -0.8090
vn 0.5721 -0.7071 -0.4156
vn 0.5721 -0.7071 -0.4156
vn 0.5721 0.7071 -0.4155
vn 0.5721 0.7071 -0.4155
vn 0.9511 0.0000 -0.3090
vn 0.9511 0.0000 -0.3090
vn 0.9511 -0.0000 0.3090
vn 0.9511 -0.0000 0.3090
vn 0.5721 -0.7071 0.4156
vn 0.5721 -0.7071 0.4156
vn 0.5721 0.7071 0.4157
vn 0.5721 0.7071 0.4157
vn 0.5878 -0.0000 0.8090
vn 0.5878 -0.0000 0.8090
vn 0.2185 -0.7071 0.6725
vn 0.2185 -0.7071 0.6725
vn 0.2185 -0.7071 0.6725
vn 0.2185 0.7071 0.6726
vn 0.2185 0.7071 0.6726
vn 0.2185 0.7071 0.6726
vn -0.0000 -0.0000 1.0000
vn -0.0000 -0.0000 1.0000
vn -0.2185 -0.7071 0.6725
vn -0.2185 -0.7071 0.6725
vn -0.2185 -0.7071 0.6725
vn -0.2185 0.7071 0.6725
vn -0.2185 0.7071 0.6725
vn -0.2185 0.7071 0.6725
vn -0.5878 -0.0000 0.8090
vn -0.5878 -0.0000 0.8090
vn -0.5721 -0.7071 0.4156
vn -0.5721 -0.7071 0.4156
vn -0.5721 0.7071 0.4156
vn -0.5721 0.7071 0.4156
vn -0.9511 -0.0000 0.3090
vn -0.9511 -0.0000 0.3090
vn -0.9511 0.0000 -0.3090
vn -0.9511 0.0000 -0.3090
vn -0.5721 -0.7071 -0.4156
vn -0.5721 -0.7071 -0.4156
vn -0.5721 0.7071 -0.4156
vn -0.5721 0.7071 -0.4156
vn -0.5878 0.0000 -0.8090
vn -0.5878 0.0000 -0.8090
vn -0.2185 -0.7071 -0.6725
vn -0.2185 -0.7071 -0.6725
vn -0.2185 -0.7071 -0.6725
vn -0.2185 0.7071 -0.6725
vn -0.2185 0.7071 -0.6725
vn -0.2185 0.7071 -0.6725
vn 0.0000 -1.0000 -0.0000
vn 0.0000 -1.0000 -0.0000
vn 0.3090 0.0000 -0.9511
vn 0.3090 0.0000 -0.9511
vn 0.3090 0.0000 -0.9511
vn 0.3090 0.0000 -0.9511
vn 0.8090 0.0000 -0.5878
vn 0.8090 0.0000 -0.5878
vn 0.8090 0.0000 -0.5878
vn 0.8090 0.0000 -0.5878
vn 1.0000 0.0000 -0.0000
vn 1.0000 0.0000 -0.0000
vn 1.0000 0.0000 -0.0000
vn 1.0000 0.0000 -0.0000
vn 0.8090 -0.0000 0.5878
vn 0.8090 -0.0000 0.5878
vn 0.8090 -0.0000 0.5878
vn 0.8090 -0.0000 0.5878
vn 0.3090 -0.0000 0.9511
vn 0.3090 -0.0000 0.9511
vn 0.3090 -0.0000 0.9511
vn 0.3090 -0.0000 0.9511
vn -0.3090 -0.0000 0.9511
vn -0.3090 -0.0000 0.9511
vn -0.3090 -0.0000 0.9511
vn -0.3090 -0.0000 0.9511
vn -0.8090 -0.0000 0.5878
vn -0.8090 -0.0000 0.5878
vn -0.8090 -0.0000 0.5878
vn -0.8090 -0.0000 0.5878
vn -1.0000 0.0000 -0.0000
vn -1.0000 0.0000 -0.0000
vn -1.0000 0.0000 -0.0000
vn -1.0000 0.0000 -0.0000
vn 0.0000 1.0000 -0.0000
vn 0.0000 1.0000 -0.0000
vn 0.0000 1.0000 -0.0000
vn 0.0000 1.0000 -0.0000
vn 0.0000 1.0000 -0.0000
vn 0.0000 1.0000 -0.0000
vn 0.0000 1.0000 -0.0000
vn 0.0000 1.0000 -0.0000
vn 0.0000 1.0000 -0.0000
vn 0.0000 1.0000 -0.0000
vn -0.8090 0.0000 -0.5878
vn -0.8090 0.0000 -0.5878
vn -0.8090 0.0000 -0.5878
vn -0.8090 0.0000 -0.5878
vn -0.3090 0.0000 -0.9511
vn -0.3090 0.0000 -0.9511
vn -0.3090 0.0000 -0.9511
vn -0.3090 0.0000 -0.9511
vn 0.0000 -1.0000 -0.0000
vn 0.0000 -1.0000 -0.0000
vn 0.0000 -1.0000 -0.0000
vn 0.0000 -1.0000 -0.0000
vn 0.0000 -1.0000 -0.0000
vn 0.0000 -1.0000 -0.0000
vn 0.0000 -1.0000 -0.0000
vn 0.0000 -1.0000 -0.0000
vn 0.0000 -1.0000 -0.0000
vn 0.0000 -1.0000 -0.0000
f 133//133 135//135 134//134
f 133//133 134//134 136//136
f 137//137 139//139 138//138
f 137//137 138//138 140//140
f 141//141 143//143 142//142
f 141//141 142//142 144//144
f 145//145 147//147 146//146
f 145//145 146//146 148//148
f 149//149 151//151 150//150
f 149//149 150//150 152//152
f 153//153 155//155 154//154
f 156//156 158//158 157//157
f 159//159 161//161 160//160
f 162//162 164//164 163//163
f 165//165 167//167 166//166
f 168//168 170//170 169//169
f 171//171 173//173 172//172
f 174//174 176//176 175//175
f 177//177 179//179 178//178
f 177//177 178//178 180//180
f 181//181 183//183 182//182
f 181//181 182//182 184//184
f 185//185 187//187 186//186
f 185//185 186//186 188//188
f 189//189 191//191 190//190
f 189//189 190//190 192//192
f 193//193 195//195 194//194
f 193//193 194//194 196//196
f 197//197 199//199 198//198
f 197//197 198//198 200//200
f 201//201 203//203 202//202
f 201//201 202//202 204//204
f 205//205 207//207 206//206
f 205//205 206//206 208//208
f 209//209 211//211 210//210
f 209//209 210//210 212//212
f 213//213 215//215 214//214
f 213//213 214//214 216//216
f 217//217 219//219 218//218
f 217//217 218//218 220//220
f 221//221 223//223 222//222
f 221//221 222//222 224//224
f 225//225 227//227 226//226
f 225//225 226//226 228//228
f 1627//1627 1629//1629 1628//1628
f 1627//1627 1628//1628 1630//1630
f 1631//1631 1633//1633 1632//1632
f 1631//1631 1632//1632 1634//1634
f 1635//1635 1637//1637 1636//1636
f 1635//1635 1636//1636 1638//1638
f 1639//1639 1641//1641 1640//1640
f 1639//1639 1640//1640 1642//1642
f 1643//1643 1645//1645 1644//1644
f 1643//1643 1644//1644 1646//1646
f 1647//1647 1649//1649 1648//1648
f 1647//1647 1648//1648 1650//1650
f 1651//1651 1653//1653 1652//1652
f 1651//1651 1652//1652 1654//1654
f 1655//1655 1657//1657 1656//1656
f 1655//1655 1656//1656 1658//1658
f 1659//1659 1661//1661 1660//1660
f 1659//1659 1660//1660 1662//1662
f 1663//1663 1665//1665 1664//1664
f 1663//1663 1664//1664 1666//1666
f 1667//1667 1669//1669 1668//1668
f 1667//1667 1668//1668 1670//1670
f 1671//1671 1673//1673 1672//1672
f 1671//1671 1672//1672 1674//1674
f 1675//1675 1677//1677 1676//1676
f 1675//1675 1676//1676 1678//1678
f 1679//1679 1681//1681 1680//1680
f 1679//1679 1680//1680 1682//1682
f 1683//1683 1685//1685 1684//1684
f 1683//1683 1684//1684 1686//1686
f 1687//1687 1689//1689 1688//1688
f 1687//1687 1688//1688 1690//1690
f 1691//1691 1693//1693 1692//1692
f 1691//1691 1692//1692 1694//1694
f 1695//1695 1697//1697 1696//1696
f 1695//1695 1696//1696 1698//1698
f 1699//1699 1701//1701 1700//1700
f 1699//1699 1700//1700 1702//1702
f 1703//1703 1705//1705 1704//1704
f 1703//1703 1704//1704 1706//1706
f 1707//1707 1709//1709 1708//1708
f 1707//1707 1708//1708 1710//1710
f 1711//1711 1713//1713 1712//1712
f 1711//1711 1712//1712 1714//1714
f 1715//1715 1717//1717 1716//1716
f 1715//1715 1716//1716 1718//1718
f 1719//1719 1721//1721 1720//1720
f 1719//1719 1720//1720 1722//1722
f 1723//1723 1725//1725 1724//1724
f 1723//1723 1724//1724 1726//1726
f 1727//1727 1729//1729 1728//1728
f 1727//1727 1728//1728 1730//1730
f 1731//1731 1733//1733 1732//1732
f 1731//1731 1732//1732 1734//1734
f 1735//1735 1737//1737 1736//1736
f 1735//1735 1736//1736 1738//1738
f 1739//1739 1741//1741 1740//1740
f 1739//1739 1740//1740 1742//1742
f 1743//1743 1745//1745 1744//1744
f 1743//1743 1744//1744 1746//1746
f 1747//1747 1749//1749 1748//1748
f 1747//1747 1748//1748 1750//1750
f 1751//1751 1753//1753 1752//1752
f 1751//1751 1752//1752 1754//1754
f 1755//1755 1757//1757 1756//1756
f 1755//1755 1756//1756 1758//1758
f 1759//1759 1761//1761 1760//1760
f 1759//1759 1760//1760 1762//1762
f 1763//1763 1765//1765 1764//1764
f 1763//1763 1764//1764 1766//1766
f 1767//1767 1769//1769 1768//1768
f 1767//1767 1768//1768 1770//1770
f 37//37 39//39 38//38
f 37//37 38//38 40//40
f 41//41 43//43 42//42
f 41//41 42//42 44//44
f 45//45 47//47 46//46
f 45//45 46//46 48//48
f 49//49 51//51 50//50
f 49//49 50//50 52//52
f 53//53 55//55 54//54
f 53//53 54//54 56//56
f 57//57 59//59 58//58
f 60//60 62//62 61//61
f 63//63 65//65 64//64
f 66//66 68//68 67//67
f 69//69 71//71 70//70
f 72//72 74//74 73//73
f 75//75 77//77 76//76
f 78//78 80//80 79//79
f 81//81 83//83 82//82
f 81//81 82//82 84//84
f 85//85 87//87 86//86
f 85//85 86//86 88//88
f 89//89 91//91 90//90
f 89//89 90//90 92//92
f 93//93 95//95 94//94
f 93//93 94//94 96//96
f 97//97 99//99 98//98
f 97//97 98//98 100//100
f 101//101 103//103 102//102
f 101//101 102//102 104//104
f 105//105 107//107 106//106
f 105//105 106//106 108//108
f 109//109 111//111 110//110
f 109//109 110//110 112//112
f 113//113 115//115 114//114
f 113//113 114//114 116//116
f 117//117 119//119 118//118
f 117//117 118//118 120//120
f 121//121 123//123 122//122
f 121//121 122//122 124//124
f 125//125 127//127 126//126
f 125//125 126//126 128//128
f 129//129 131//131 130//130
f 129//129 130//130 132//132
f 1771//1771 1773//1773 1772//1772
f 1771//1771 1772//1772 1774//1774
f 1775//1775 1777//1777 1776//1776
f 1775//1775 1776//1776 1778//1778
f 1779//1779 1781//1781 1780//1780
f 1779//1779 1780//1780 1782//1782
f 1783//1783 1785//1785 1784//1784
f 1783//1783 1784//1784 1786//1786
f 1787//1787 1789//1789 1788//1788
f 1787//1787 1788//1788 1790//1790
f 1791//1791 1793//1793 1792//1792
f 1791//1791 1792//1792 1794//1794
f 1795//1795 1797//1797 1796//1796
f 1795//1795 1796//1796 1798//1798
f 1799//1799 1801//1801 1800//1800
f 1799//1799 1800//1800 1802//1802
f 1803//1803 1805//1805 1804//1804
f 1803//1803 1804//1804 1806//1806
f 1807//1807 1809//1809 1808//1808
f 1807//1807 1808//1808 1810//1810
f 1811//1811 1813//1813 1812//1812
f 1811//1811 1812//1812 1814//1814
f 1815//1815 1817//1817 1816//1816
f 1815//1815 1816//1816 1818//1818
f 1819//1819 1821//1821 1820//1820
f 1819//1819 1820//1820 1822//1822
f 1823//1823 1825//1825 1824//1824
f 1823//1823 1824//1824 1826//1826
f 1827//1827 1829//1829 1828//1828
f 1827//1827 1828//1828 1830//1830
f 1831//1831 1833//1833 1832//1832
f 1831//1831 1832//1832 1834//1834
f 1835//1835 1837//1837 1836//1836
f 1835//1835 1836//1836 1838//1838
f 1839//1839 1841//1841 1840//1840
f 1839//1839 1840//1840 1842//1842
f 1843//1843 1845//1845 1844//1844
f 1843//1843 1844//1844 1846//1846
f 1847//1847 1849//1849 1848//1848
f 1847//1847 1848//1848 1850//1850
f 1851//1851 1853//1853 1852//1852
f 1851//1851 1852//1852 1854//1854
f 1855//1855 1857//1857 1856//1856
f 1855//1855 1856//1856 1858//1858
f 1859//1859 1861//1861 1860//1860
f 1859//1859 1860//1860 1862//1862
f 1863//1863 1865//1865 1864//1864
f 1863//1863 1864//1864 1866//1866
f 1867//1867 1869//1869 1868//1868
f 1867//1867 1868//1868 1870//1870
f 1871//1871 1873//1873 1872//1872
f 1871//1871 1872//1872 1874//1874
f 1875//1875 1877//1877 1876//1876
f 1875//1875 1876//1876 1878//1878
f 1879//1879 1881//1881 1880//1880
f 1879//1879 1880//1880 1882//1882
f 1883//1883 1885//1885 1884//1884
f 1883//1883 1884//1884 1886//1886
f 1887//1887 1889//1889 1888//1888
f 1887//1887 1888//1888 1890//1890
f 1891//1891 1893//1893 1892//1892
f 1891//1891 1892//1892 1894//1894
f 1895//1895 1897//1897 1896//1896
f 1895//1895 1896//1896 1898//1898
f 1899//1899 1901//1901 1900//1900
f 1899//1899 1900//1900 1902//1902
f 1903//1903 1905//1905 1904//1904
f 1903//1903 1904//1904 1906//1906
f 1907//1907 1909//1909 1908//1908
f 1907//1907 1908//1908 1910//1910
f 1911//1911 1913//1913 1912//1912
f 1911//1911 1912//1912 1914//1914
f 1915//1915 1917//1917 1916//1916
f 1915//1915 1916//1916 1918//1918
f 1919//1919 1921//1921 1920//1920
f 1919//1919 1920//1920 1922//1922
f 1923//1923 1925//1925 1924//1924
f 1923//1923 1924//1924 1926//1926
f 1927//1927 1929//1929 1928//1928
f 1927//1927 1928//1928 1930//1930
f 1931//1931 1933//1933 1932//1932
f 1931//1931 1932//1932 1934//1934
f 1935//1935 1937//1937 1936//1936
f 1935//1935 1936//1936 1938//1938
f 1939//1939 1941//1941 1940//1940
f 1939//1939 1940//1940 1942//1942
f 1943//1943 1945//1945 1944//1944
f 1943//1943 1944//1944 1946//1946
f 1947//1947 1949//1949 1948//1948
f 1947//1947 1948//1948 1950//1950
f 1951//1951 1953//1953 1952//1952
f 1951//1951 1952//1952 1954//1954
f 1955//1955 1957//1957 1956//1956
f 1955//1955 1956//1956 1958//1958
f 1959//1959 1961//1961 1960//1960
f 1959//1959 1960//1960 1962//1962
f 229//229 231//231 230//230
f 229//229 230//230 232//232
f 233//233 235//235 234//234
f 233//233 234//234 236//236
f 237//237 239//239 238//238
f 237//237 238//238 240//240
f 241//241 243//243 242//242
f 241//241 242//242 244//244
f 245//245 247//247 246//246
f 245//245 246//246 248//248
f 249//249 251//251 250//250
f 252//252 254//254 253//253
f 255//255 257//257 256//256
f 258//258 260//260 259//259
f 261//261 263//263 262//262
f 264//264 266//266 265//265
f 267//267 269//269 268//268
f 270//270 272//272 271//271
f 273//273 275//275 274//274
f 273//273 274//274 276//276
f 277//277 279//279 278//278
f 277//277 278//278 280//280
f 281//281 283//283 282//282
f 281//281 282//282 284//284
f 285//285 287//287 286//286
f 285//285 286//286 288//288
f 289//289 291//291 290//290
f 289//289 290//290 292//292
f 293//293 295//295 294//294
f 293//293 294//294 296//296
f 297//297 299//299 298//298
f 297//297 298//298 300//300
f 301//301 303//303 302//302
f 301//301 302//302 304//304
f 305//305 307//307 306//306
f 305//305 306//306 308//308
f 309//309 311//311 310//310
f 309//309 310//310 312//312
f 313//313 315//315 314//314
f 313//313 314//314 316//316
f 317//317 319//319 318//318
f 317//317 318//318 320//320
f 321//321 323//323 322//322
f 321//321 322//322 324//324
f 1963//1963 1965//1965 1964//1964
f 1963//1963 1964//1964 1966//1966
f 1967//1967 1969//1969 1968//1968
f 1967//1967 1968//1968 1970//1970
f 1971//1971 1973//1973 1972//1972
f 1971//1971 1972//1972 1974//1974
f 1975//1975 1977//1977 1976//1976
f 1975//1975 1976//1976 1978//1978
f 1979//1979 1981//1981 1980//1980
f 1979//1979 1980//1980 1982//1982
f 1983//1983 1985//1985 1984//1984
f 1983//1983 1984//1984 1986//1986
f 1987//1987 1989//1989 1988//1988
f 1987//1987 1988//1988 1990//1990
f 1991//1991 1993//1993 1992//1992
f 1991//1991 1992//1992 1994//1994
f 1995//1995 1997//1997 1996//1996
f 1995//1995 1996//1996 1998//1998
f 1999//1999 2001//2001 2000//2000
f 1999//1999 2000//2000 2002//2002
f 2003//2003 2005//2005 2004//2004
f 2003//2003 2004//2004 2006//2006
f 2007//2007 2009//2009 2008//2008
f 2007//2007 2008//2008 2010//2010
f 2011//2011 2013//2013 2012//2012
f 2011//2011 2012//2012 2014//2014
f 2015//2015 2017//2017 2016//2016
f 2015//2015 2016//2016 2018//2018
f 2019//2019 2021//2021 2020//2020
f 2019//2019 2020//2020 2022//2022
f 2023//2023 2025//2025 2024//2024
f 2023//2023 2024//2024 2026//2026
f 2027//2027 2029//2029 2028//2028
f 2027//2027 2028//2028 2030//2030
f 2031//2031 2033//2033 2032//2032
f 2031//2031 2032//2032 2034//2034
f 2035//2035 2037//2037 2036//2036
f 2035//2035 2036//2036 2038//2038
f 2039//2039 2041//2041 2040//2040
f 2039//2039 2040//2040 2042//2042
f 2043//2043 2045//2045 2044//2044
f 2043//2043 2044//2044 2046//2046
f 2047//2047 2049//2049 2048//2048
f 2047//2047 2048//2048 2050//2050
f 2051//2051 2053//2053 2052//2052
f 2051//2051 2052//2052 2054//2054
f 2055//2055 2057//2057 2056//2056
f 2055//2055 2056//2056 2058//2058
f 2059//2059 2061//2061 2060//2060
f 2059//2059 2060//2060 2062//2062
f 2063//2063 2065//2065 2064//2064
f 2063//2063 2064//2064 2066//2066
f 2067//2067 2069//2069 2068//2068
f 2067//2067 2068//2068 2070//2070
f 2071//2071 2073//2073 2072//2072
f 2071//2071 2072//2072 2074//2074
f 2075//2075 2077//2077 2076//2076
f 2075//2075 2076//2076 2078//2078
f 2079//2079 2081//2081 2080//2080
f 2079//2079 2080//2080 2082//2082
f 2083//2083 2085//2085 2084//2084
f 2083//2083 2084//2084 2086//2086
f 2087//2087 2089//2089 2088//2088
f 2087//2087 2088//2088 2090//2090
f 2091//2091 2093//2093 2092//2092
f 2091//2091 2092//2092 2094//2094
f 2095//2095 2097//2097 2096//2096
f 2095//2095 2096//2096 2098//2098
f 2099//2099 2101//2101 2100//2100
f 2099//2099 2100//2100 2102//2102
f 2103//2103 2105//2105 2104//2104
f 2103//2103 2104//2104 2106//2106
f 325//325 327//327 326//326
f 325//325 326//326 328//328
f 329//329 331//331 330//330
f 329//329 330//330 332//332
f 333//333 335//335 334//334
f 333//333 334//334 336//336
f 337//337 339//339 338//338
f 337//337 338//338 340//340
f 341//341 343//343 342//342
f 341//341 342//342 344//344
f 345//345 347//347 346//346
f 348//348 350//350 349//349
f 351//351 353//353 352//352
f 354//354 356//356 355//355
f 357//357 359//359 358//358
f 360//360 362//362 361//361
f 363//363 365//365 364//364
f 366//366 368//368 367//367
f 369//369 371//371 370//370
f 369//369 370//370 372//372
f 373//373 375//375 374//374
f 373//373 374//374 376//376
f 377//377 379//379 378//378
f 377//377 378//378 380//380
f 381//381 383//383 382//382
f 381//381 382//382 384//384
f 385//385 387//387 386//386
f 385//385 386//386 388//388
f 389//389 391//391 390//390
f 389//389 390//390 392//392
f 393//393 395//395 394//394
f 393//393 394//394 396//396
f 397//397 399//399 398//398
f 397//397 398//398 400//400
f 401//401 403//403 402//402
f 401//401 402//402 404//404
f 405//405 407//407 406//406
f 405//405 406//406 408//408
f 409//409 411//411 410//410
f 409//409 410//410 412//412
f 413//413 415//415 414//414
f 413//413 414//414 416//416
f 417//417 419//419 418//418
f 417//417 418//418 420//420
f 2107//2107 2109//2109 2108//2108
f 2107//2107 2108//2108 2110//2110
f 2111//2111 2113//2113 2112//2112
f 2111//2111 2112//2112 2114//2114
f 2115//2115 2117//2117 2116//2116
f 2115//2115 2116//2116 2118//2118
f 2119//2119 2121//2121 2120//2120
f 2119//2119 2120//2120 2122//2122
f 2123//2123 2125//2125 2124//2124
f 2123//2123 2124//2124 2126//2126
f 2127//2127 2129//2129 2128//2128
f 2127//2127 2128//2128 2130//2130
f 2131//2131 2133//2133 2132//2132
f 2131//2131 2132//2132 2134//2134
f 2135//2135 2137//2137 2136//2136
f 2135//2135 2136//2136 2138//2138
f 2139//2139 2141//2141 2140//2140
f 2139//2139 2140//2140 2142//2142
f 2143//2143 2145//2145 2144//2144
f 2143//2143 2144//2144 2146//2146
f 2147//2147 2149//2149 2148//2148
f 2147//2147 2148//2148 2150//2150
f 2151//2151 2153//2153 2152//2152
f 2151//2151 2152//2152 2154//2154
f 2155//2155 2157//2157 2156//2156
f 2155//2155 2156//2156 2158//2158
f 2159//2159 2161//2161 2160//2160
f 2159//2159 2160//2160 2162//2162
f 2163//2163 2165//2165 2164//2164
f 2163//2163 2164//2164 2166//2166
f 2167//2167 2169//2169 2168//2168
f 2167//2167 2168//2168 2170//2170
f 2171//2171 2173//2173 2172//2172
f 2171//2171 2172//2172 2174//2174
f 2175//2175 2177//2177 2176//2176
f 2175//2175 2176//2176 2178//2178
f 2179//2179 2181//2181 2180//2180
f 2179//2179 2180//2180 2182//2182
f 2183//2183 2185//2185 2184//2184
f 2183//2183 2184//2184 2186//2186
f 2187//2187 2189//2189 2188//2188
f 2187//2187 2188//2188 2190//2190
f 2191//2191 2193//2193 2192//2192
f 2191//2191 2192//2192 2194//2194
f 2195//2195 2197//2197 2196//2196
f 2195//2195 2196//2196 2198//2198
f 2199//2199 2201//2201 2200//2200
f 2199//2199 2200//2200 2202//2202
f 2203//2203 2205//2205 2204//2204
f 2203//2203 2204//2204 2206//2206
f 2207//2207 2209//2209 2208//2208
f 2207//2207 2208//2208 2210//2210
f 2211//2211 2213//2213 2212//2212
f 2211//2211 2212//2212 2214//2214
f 2215//2215 2217//2217 2216//2216
f 2215//2215 2216//2216 2218//2218
f 2219//2219 2221//2221 2220//2220
f 2219//2219 2220//2220 2222//2222
f 2223//2223 2225//2225 2224//2224
f 2223//2223 2224//2224 2226//2226
f 2227//2227 2229//2229 2228//2228
f 2227//2227 2228//2228 2230//2230
f 2231//2231 2233//2233 2232//2232
f 2231//2231 2232//2232 2234//2234
f 2235//2235 2237//2237 2236//2236
f 2235//2235 2236//2236 2238//2238
f 2239//2239 2241//2241 2240//2240
f 2239//2239 2240//2240 2242//2242
f 2243//2243 2245//2245 2244//2244
f 2243//2243 2244//2244 2246//2246
f 2247//2247 2249//2249 2248//2248
f 2247//2247 2248//2248 2250//2250
f 603//603 605//605 604//604
f 603//603 604//604 606//606
f 607//607 609//609 608//608
f 607//607 608//608 610//610
f 611//611 613//613 612//612
f 611//611 612//612 614//614
f 615//615 617//617 616//616
f 615//615 616//616 618//618
f 619//619 621//621 620//620
f 619//619 620//620 622//622
f 623//623 625//625 624//624
f 626//626 628//628 627//627
f 629//629 631//631 630//630
f 632//632 634//634 633//633
f 635//635 637//637 636//636
f 638//638 640//640 639//639
f 641//641 643//643 642//642
f 644//644 646//646 645//645
f 647//647 649//649 648//648
f 647//647 648//648 650//650
f 651//651 653//653 652//652
f 651//651 652//652 654//654
f 655//655 657//657 656//656
f 655//655 656//656 658//658
f 659//659 661//661 660//660
f 659//659 660//660 662//662
f 663//663 665//665 664//664
f 663//663 664//664 666//666
f 667//667 669//669 668//668
f 667//667 668//668 670//670
f 671//671 673//673 672//672
f 671//671 672//672 674//674
f 675//675 677//677 676//676
f 675//675 676//676 678//678
f 679//679 681//681 680//680
f 679//679 680//680 682//682
f 683//683 685//685 684//684
f 683//683 684//684 686//686
f 687//687 689//689 688//688
f 687//687 688//688 690//690
f 691//691 693//693 692//692
f 691//691 692//692 694//694
f 695//695 697//697 696//696
f 695//695 696//696 698//698
f 2251//2251 2253//2253 2252//2252
f 2251//2251 2252//2252 2254//2254
f 2255//2255 2257//2257 2256//2256
f 2255//2255 2256//2256 2258//2258
f 2259//2259 2261//2261 2260//2260
f 2259//2259 2260//2260 2262//2262
f 2263//2263 2265//2265 2264//2264
f 2263//2263 2264//2264 2266//2266
f 2267//2267 2269//2269 2268//2268
f 2267//2267 2268//2268 2270//2270
f 2271//2271 2273//2273 2272//2272
f 2271//2271 2272//2272 2274//2274
f 2275//2275 2277//2277 2276//2276
f 2275//2275 2276//2276 2278//2278
f 2279//2279 2281//2281 2280//2280
f 2279//2279 2280//2280 2282//2282
f 2283//2283 2285//2285 2284//2284
f 2283//2283 2284//2284 2286//2286
f 2287//2287 2289//2289 2288//2288
f 2287//2287 2288//2288 2290//2290
f 2291//2291 2293//2293 2292//2292
f 2291//2291 2292//2292 2294//2294
f 2295//2295 2297//2297 2296//2296
f 2295//2295 2296//2296 2298//2298
f 2299//2299 2301//2301 2300//2300
f 2299//2299 2300//2300 2302//2302
f 2303//2303 2305//2305 2304//2304
f 2303//2303 2304//2304 2306//2306
f 2307//2307 2309//2309 2308//2308
f 2307//2307 2308//2308 2310//2310
f 2311//2311 2313//2313 2312//2312
f 2311//2311 2312//2312 2314//2314
f 2315//2315 2317//2317 2316//2316
f 2315//2315 2316//2316 2318//2318
f 2319//2319 2321//2321 2320//2320
f 2319//2319 2320//2320 2322//2322
f 699//699 701//701 700//700
f 699//699 700//700 702//702
f 703//703 705//705 704//704
f 703//703 704//704 706//706
f 707//707 709//709 708//708
f 707//707 708//708 710//710
f 711//711 713//713 712//712
f 711//711 712//712 714//714
f 715//715 717//717 716//716
f 715//715 716//716 718//718
f 719//719 721//721 720//720
f 722//722 724//724 723//723
f 725//725 727//727 726//726
f 728//728 730//730 729//729
f 731//731 733//733 732//732
f 734//734 736//736 735//735
f 737//737 739//739 738//738
f 740//740 742//742 741//741
f 743//743 745//745 744//744
f 743//743 744//744 746//746
f 747//747 749//749 748//748
f 747//747 748//748 750//750
f 751//751 753//753 752//752
f 751//751 752//752 754//754
f 755//755 757//757 756//756
f 755//755 756//756 758//758
f 759//759 761//761 760//760
f 759//759 760//760 762//762
f 763//763 765//765 764//764
f 763//763 764//764 766//766
f 767//767 769//769 768//768
f 767//767 768//768 770//770
f 771//771 773//773 772//772
f 771//771 772//772 774//774
f 775//775 777//777 776//776
f 775//775 776//776 778//778
f 779//779 781//781 780//780
f 779//779 780//780 782//782
f 783//783 785//785 784//784
f 783//783 784//784 786//786
f 787//787 789//789 788//788
f 787//787 788//788 790//790
f 791//791 793//793 792//792
f 791//791 792//792 794//794
f 2323//2323 2325//2325 2324//2324
f 2323//2323 2324//2324 2326//2326
f 2327//2327 2329//2329 2328//2328
f 2327//2327 2328//2328 2330//2330
f 2331//2331 2333//2333 2332//2332
f 2331//2331 2332//2332 2334//2334
f 2335//2335 2337//2337 2336//2336
f 2335//2335 2336//2336 2338//2338
f 2339//2339 2341//2341 2340//2340
f 2339//2339 2340//2340 2342//2342
f 2343//2343 2345//2345 2344//2344
f 2343//2343 2344//2344 2346//2346
f 2347//2347 2349//2349 2348//2348
f 2347//2347 2348//2348 2350//2350
f 2351//2351 2353//2353 2352//2352
f 2351//2351 2352//2352 2354//2354
f 2355//2355 2357//2357 2356//2356
f 2355//2355 2356//2356 2358//2358
f 2359//2359 2361//2361 2360//2360
f 2359//2359 2360//2360 2362//2362
f 2363//2363 2365//2365 2364//2364
f 2363//2363 2364//2364 2366//2366
f 2367//2367 2369//2369 2368//2368
f 2367//2367 2368//2368 2370//2370
f 2371//2371 2373//2373 2372//2372
f 2371//2371 2372//2372 2374//2374
f 2375//2375 2377//2377 2376//2376
f 2375//2375 2376//2376 2378//2378
f 2379//2379 2381//2381 2380//2380
f 2379//2379 2380//2380 2382//2382
f 2383//2383 2385//2385 2384//2384
f 2383//2383 2384//2384 2386//2386
f 2387//2387 2389//2389 2388//2388
f 2387//2387 2388//2388 2390//2390
f 2391//2391 2393//2393 2392//2392
f 2391//2391 2392//2392 2394//2394
f 421//421 423//423 422//422
f 421//421 422//422 424//424
f 425//425 427//427 426//426
f 425//425 426//426 428//428
f 429//429 431//431 430//430
f 429//429 430//430 432//432
f 433//433 435//435 434//434
f 433//433 434//434 436//436
f 437//437 439//439 438//438
f 437//437 438//438 440//440
f 441//441 443//443 442//442
f 444//444 446//446 445//445
f 447//447 449//449 448//448
f 450//450 452//452 451//451
f 453//453 455//455 454//454
f 456//456 458//458 457//457
f 459//459 461//461 460//460
f 462//462 464//464 463//463
f 465//465 467//467 466//466
f 465//465 466//466 468//468
f 469//469 471//471 470//470
f 469//469 470//470 472//472
f 473//473 475//475 474//474
f 473//473 474//474 476//476
f 477//477 479//479 478//478
f 477//477 478//478 480//480
f 481//481 483//483 482//482
f 481//481 482//482 484//484
f 485//485 487//487 486//486
f 485//485 486//486 488//488
f 489//489 491//491 490//490
f 489//489 490//490 492//492
f 493//493 495//495 494//494
f 493//493 494//494 496//496
f 497//497 499//499 498//498
f 497//497 498//498 500//500
f 501//501 503//503 502//502
f 501//501 502//502 504//504
f 505//505 507//507 506//506
f 505//505 506//506 508//508
f 509//509 511//511 510//510
f 509//509 510//510 512//512
f 513//513 515//515 514//514
f 513//513 514//514 516//516
f 2395//2395 2397//2397 2396//2396
f 2395//2395 2396//2396 2398//2398
f 2399//2399 2401//2401 2400//2400
f 2399//2399 2400//2400 2402//2402
f 2403//2403 2405//2405 2404//2404
f 2403//2403 2404//2404 2406//2406
f 2407//2407 2409//2409 2408//2408
f 2407//2407 2408//2408 2410//2410
f 2411//2411 2413//2413 2412//2412
f 2411//2411 2412//2412 2414//2414
f 2415//2415 2417//2417 2416//2416
f 2415//2415 2416//2416 2418//2418
f 2419//2419 2421//2421 2420//2420
f 2419//2419 2420//2420 2422//2422
f 2423//2423 2425//2425 2424//2424
f 2423//2423 2424//2424 2426//2426
f 2427//2427 2429//2429 2428//2428
f 2427//2427 2428//2428 2430//2430
f 2431//2431 2433//2433 2432//2432
f 2431//2431 2432//2432 2434//2434
f 2435//2435 2437//2437 2436//2436
f 2435//2435 2436//2436 2438//2438
f 2439//2439 2441//2441 2440//2440
f 2439//2439 2440//2440 2442//2442
f 2443//2443 2445//2445 2444//2444
f 2443//2443 2444//2444 2446//2446
f 2447//2447 2449//2449 2448//2448
f 2447//2447 2448//2448 2450//2450
f 2451//2451 2453//2453 2452//2452
f 2451//2451 2452//2452 2454//2454
f 2455//2455 2457//2457 2456//2456
f 2455//2455 2456//2456 2458//2458
f 2459//2459 2461//2461 2460//2460
f 2459//2459 2460//2460 2462//2462
f 2463//2463 2465//2465 2464//2464
f 2463//2463 2464//2464 2466//2466
f 2467//2467 2469//2469 2468//2468
f 2467//2467 2468//2468 2470//2470
f 2471//2471 2473//2473 2472//2472
f 2471//2471 2472//2472 2474//2474
f 2475//2475 2477//2477 2476//2476
f 2475//2475 2476//2476 2478//2478
f 2479//2479 2481//2481 2480//2480
f 2479//2479 2480//2480 2482//2482
f 2483//2483 2485//2485 2484//2484
f 2483//2483 2484//2484 2486//2486
f 2487//2487 2489//2489 2488//2488
f 2487//2487 2488//2488 2490//2490
f 2491//2491 2493//2493 2492//2492
f 2491//2491 2492//2492 2494//2494
f 2495//2495 2497//2497 2496//2496
f 2495//2495 2496//2496 2498//2498
f 2499//2499 2501//2501 2500//2500
f 2499//2499 2500//2500 2502//2502
f 2503//2503 2505//2505 2504//2504
f 2503//2503 2504//2504 2506//2506
f 2507//2507 2509//2509 2508//2508
f 2507//2507 2508//2508 2510//2510
f 2511//2511 2513//2513 2512//2512
f 2511//2511 2512//2512 2514//2514
f 2515//2515 2517//2517 2516//2516
f 2515//2515 2516//2516 2518//2518
f 2519//2519 2521//2521 2520//2520
f 2519//2519 2520//2520 2522//2522
f 2523//2523 2525//2525 2524//2524
f 2523//2523 2524//2524 2526//2526
f 2527//2527 2529//2529 2528//2528
f 2527//2527 2528//2528 2530//2530
f 2531//2531 2533//2533 2532//2532
f 2531//2531 2532//2532 2534//2534
f 2535//2535 2537//2537 2536//2536
f 2535//2535 2536//2536 2538//2538
f 2539//2539 2541//2541 2540//2540
f 2542//2542 840//840 2543//2543
f 2544//2544 2546//2546 2545//2545
f 2544//2544 2545//2545 2547//2547
f 2548//2548 828//828 2549//2549
f 2550//2550 2552//2552 2551//2551
f 2553//2553 2554//2554 805//805
f 2553//2553 805//805 807//807
f 2555//2555 2557//2557 2556//2556
f 2558//2558 2560//2560 2559//2559
f 2561//2561 2563//2563 2562//2562
f 2561//2561 2562//2562 2564//2564
f 2565//2565 2567//2567 2566//2566
f 2568//2568 2570//2570 2569//2569
f 2571//2571 2573//2573 2572//2572
f 2571//2571 2572//2572 2574//2574
f 2575//2575 2577//2577 2576//2576
f 2578//2578 2580//2580 2579//2579
f 2581//2581 2583//2583 2582//2582
f 2581//2581 2582//2582 2584//2584
f 2585//2585 2587//2587 2586//2586
f 2588//2588 2590//2590 2589//2589
f 2591//2591 2593//2593 2592//2592
f 2591//2591 2592//2592 2594//2594
f 2595//2595 870//870 2596//2596
f 2597//2597 2599//2599 2598//2598
f 2600//2600 2602//2602 2601//2601
f 2600//2600 2601//2601 2603//2603
f 2604//2604 2605//2605 842//842
f 2606//2606 855//855 2607//2607
f 2608//2608 2610//2610 2609//2609
f 2608//2608 2609//2609 2611//2611
f 2612//2612 2614//2614 2613//2613
f 2615//2615 2616//2616 825//825
f 802//802 804//804 2617//2617
f 802//802 2617//2617 2618//2618
f 2619//2619 2621//2621 2620//2620
f 2622//2622 2624//2624 2623//2623
f 2625//2625 2627//2627 2626//2626
f 2625//2625 2626//2626 2628//2628
f 2629//2629 2631//2631 2630//2630
f 2629//2629 2630//2630 2632//2632
f 2633//2633 2635//2635 2634//2634
f 2636//2636 2638//2638 2637//2637
f 2639//2639 2640//2640 872//872
f 818//818 815//815 2641//2641
f 818//818 2641//2641 816//816
f 2641//2641 817//817 816//816
f 822//822 823//823 818//818
f 2642//2642 822//822 818//818
f 816//816 2642//2642 818//818
f 2642//2642 824//824 822//822
f 816//816 819//819 2642//2642
f 819//819 821//821 2642//2642
f 816//816 820//820 819//819
f 2643//2643 2645//2645 2644//2644
f 2643//2643 2644//2644 2646//2646
f 2647//2647 2648//2648 857//857
f 2649//2649 2650//2650 827//827
f 2649//2649 827//827 2651//2651
f 2652//2652 2654//2654 2653//2653
f 2652//2652 2653//2653 856//856
f 2655//2655 2657//2657 2656//2656
f 2655//2655 2656//2656 2658//2658
f 799//799 796//796 2659//2659
f 799//799 2659//2659 2660//2660
f 2661//2661 2662//2662 830//830
f 2661//2661 830//830 829//829
f 2663//2663 2664//2664 884//884
f 2663//2663 884//884 883//883
f 801//801 803//803 2665//2665
f 801//801 2665//2665 2666//2666
f 831//831 834//834 833//833
f 831//831 833//833 832//832
f 879//879 882//882 881//881
f 879//879 881//881 880//880
f 2667//2667 2669//2669 2668//2668
f 2667//2667 2668//2668 2670//2670
f 2671//2671 837//837 836//836
f 2671//2671 836//836 835//835
f 876//876 2672//2672 878//878
f 876//876 878//878 877//877
f 2673//2673 2674//2674 811//811
f 2673//2673 811//811 809//809
f 2675//2675 2676//2676 839//839
f 2675//2675 839//839 838//838
f 2677//2677 2678//2678 875//875
f 2677//2677 875//875 874//874
f 2679//2679 2680//2680 814//814
f 2679//2679 814//814 813//813
f 2681//2681 2683//2683 2682//2682
f 2681//2681 2682//2682 841//841
f 2684//2684 2685//2685 873//873
f 2684//2684 873//873 2686//2686
f 2687//2687 2689//2689 2688//2688
f 2687//2687 2688//2688 2690//2690
f 2691//2691 2692//2692 843//843
f 2691//2691 843//843 2693//2693
f 2694//2694 2696//2696 2695//2695
f 2694//2694 2695//2695 871//871
f 812//812 810//810 2697//2697
f 812//812 2697//2697 2698//2698
f 2699//2699 2700//2700 845//845
f 2699//2699 845//845 844//844
f 2701//2701 2702//2702 869//869
f 2701//2701 869//869 868//868
f 808//808 806//806 2703//2703
f 808//808 2703//2703 2704//2704
f 846//846 2705//2705 848//848
f 846//846 848//848 847//847
f 2706//2706 867//867 866//866
f 2706//2706 866//866 865//865
f 2707//2707 2709//2709 2708//2708
f 2707//2707 2708//2708 2710//2710
f 849//849 852//852 851//851
f 849//849 851//851 850//850
f 861//861 864//864 863//863
f 861//861 863//863 862//862
f 2711//2711 2712//2712 798//798
f 2711//2711 798//798 800//800
f 2713//2713 2714//2714 854//854
f 2713//2713 854//854 853//853
f 2715//2715 2716//2716 860//860
f 2715//2715 860//860 859//859
f 2717//2717 2718//2718 795//795
f 2717//2717 795//795 797//797
f 2719//2719 2721//2721 2720//2720
f 2719//2719 2720//2720 826//826
f 2722//2722 2723//2723 858//858
f 2722//2722 858//858 2724//2724
f 888//888 2725//2725 885//885
f 888//888 885//885 886//886
f 885//885 887//887 886//886
f 892//892 893//893 888//888
f 891//891 892//892 888//888
f 886//886 891//891 888//888
f 891//891 894//894 892//892
f 886//886 889//889 891//891
f 889//889 2726//2726 891//891
f 886//886 890//890 889//889
f 2727//2727 2729//2729 2728//2728
f 2727//2727 2728//2728 2730//2730
f 2731//2731 2733//2733 2732//2732
f 2731//2731 2732//2732 2734//2734
f 2735//2735 2737//2737 2736//2736
f 2735//2735 2736//2736 2738//2738
f 2739//2739 2741//2741 2740//2740
f 2739//2739 2740//2740 2742//2742
f 2743//2743 2745//2745 2744//2744
f 2743//2743 2744//2744 2746//2746
f 2747//2747 2749//2749 2748//2748
f 2747//2747 2748//2748 2750//2750
f 2751//2751 2753//2753 2752//2752
f 2751//2751 2752//2752 2754//2754
f 2755//2755 2757//2757 2756//2756
f 2755//2755 2756//2756 2758//2758
f 2759//2759 2761//2761 2760//2760
f 2759//2759 2760//2760 2762//2762
f 2763//2763 2765//2765 2764//2764
f 2763//2763 2764//2764 2766//2766
f 2767//2767 2769//2769 2768//2768
f 2767//2767 2768//2768 2770//2770
f 2768//2768 2771//2771 2770//2770
f 2772//2772 2773//2773 2767//2767
f 2774//2774 2772//2772 2767//2767
f 2770//2770 2774//2774 2767//2767
f 2774//2774 2775//2775 2772//2772
f 2770//2770 2776//2776 2774//2774
f 2776//2776 2777//2777 2774//2774
f 2770//2770 2778//2778 2776//2776
f 2779//2779 2781//2781 2780//2780
f 2779//2779 2780//2780 2782//2782
f 2783//2783 2785//2785 2784//2784
f 2783//2783 2784//2784 2786//2786
f 2787//2787 2789//2789 2788//2788
f 2787//2787 2788//2788 2790//2790
f 2788//2788 2791//2791 2790//2790
f 2792//2792 2793//2793 2787//2787
f 2794//2794 2792//2792 2787//2787
f 2790//2790 2794//2794 2787//2787
f 2794//2794 2795//2795 2792//2792
f 2790//2790 2796//2796 2794//2794
f 2796//2796 2797//2797 2794//2794
f 2790//2790 2798//2798 2796//2796
f 2799//2799 2801//2801 2800//2800
f 2802//2802 940//940 2803//2803
f 2804//2804 2806//2806 2805//2805
f 2804//2804 2805//2805 2807//2807
f 2808//2808 928//928 2809//2809
f 2810//2810 2812//2812 2811//2811
f 2813//2813 2814//2814 905//905
f 2813//2813 905//905 907//907
f 2815//2815 2817//2817 2816//2816
f 2818//2818 2820//2820 2819//2819
f 2821//2821 2823//2823 2822//2822
f 2821//2821 2822//2822 2824//2824
f 2825//2825 2827//2827 2826//2826
f 2828//2828 2830//2830 2829//2829
f 2831//2831 2833//2833 2832//2832
f 2831//2831 2832//2832 2834//2834
f 2835//2835 2837//2837 2836//2836
f 2838//2838 2840//2840 2839//2839
f 2841//2841 2843//2843 2842//2842
f 2841//2841 2842//2842 2844//2844
f 2845//2845 2847//2847 2846//2846
f 2848//2848 2850//2850 2849//2849
f 2851//2851 2853//2853 2852//2852
f 2851//2851 2852//2852 2854//2854
f 2855//2855 970//970 2856//2856
f 2857//2857 2859//2859 2858//2858
f 2860//2860 2862//2862 2861//2861
f 2860//2860 2861//2861 2863//2863
f 2864//2864 2865//2865 942//942
f 2866//2866 955//955 2867//2867
f 2868//2868 2870//2870 2869//2869
f 2868//2868 2869//2869 2871//2871
f 2872//2872 2874//2874 2873//2873
f 2875//2875 2876//2876 925//925
f 902//902 904//904 2877//2877
f 902//902 2877//2877 2878//2878
f 2879//2879 2881//2881 2880//2880
f 2882//2882 2884//2884 2883//2883
f 2885//2885 2887//2887 2886//2886
f 2885//2885 2886//2886 2888//2888
f 2889//2889 2891//2891 2890//2890
f 2889//2889 2890//2890 2892//2892
f 2893//2893 2895//2895 2894//2894
f 2896//2896 2898//2898 2897//2897
f 2899//2899 2900//2900 972//972
f 918//918 915//915 2901//2901
f 918//918 2901//2901 916//916
f 2901//2901 917//917 916//916
f 922//922 923//923 918//918
f 2902//2902 922//922 918//918
f 916//916 2902//2902 918//918
f 2902//2902 924//924 922//922
f 916//916 919//919 2902//2902
f 919//919 921//921 2902//2902
f 916//916 920//920 919//919
f 2903//2903 2905//2905 2904//2904
f 2903//2903 2904//2904 2906//2906
f 2907//2907 2908//2908 957//957
f 2909//2909 2910//2910 927//927
f 2909//2909 927//927 2911//2911
f 2912//2912 2914//2914 2913//2913
f 2912//2912 2913//2913 956//956
f 2915//2915 2917//2917 2916//2916
f 2915//2915 2916//2916 2918//2918
f 899//899 896//896 2919//2919
f 899//899 2919//2919 2920//2920
f 2921//2921 2922//2922 930//930
f 2921//2921 930//930 929//929
f 2923//2923 2924//2924 984//984
f 2923//2923 984//984 983//983
f 901//901 903//903 2925//2925
f 901//901 2925//2925 2926//2926
f 931//931 934//934 933//933
f 931//931 933//933 932//932
f 979//979 982//982 981//981
f 979//979 981//981 980//980
f 2927//2927 2929//2929 2928//2928
f 2927//2927 2928//2928 2930//2930
f 2931//2931 937//937 936//936
f 2931//2931 936//936 935//935
f 976//976 2932//2932 978//978
f 976//976 978//978 977//977
f 2933//2933 2934//2934 911//911
f 2933//2933 911//911 909//909
f 2935//2935 2936//2936 939//939
f 2935//2935 939//939 938//938
f 2937//2937 2938//2938 975//975
f 2937//2937 975//975 974//974
f 2939//2939 2940//2940 914//914
f 2939//2939 914//914 913//913
f 2941//2941 2943//2943 2942//2942
f 2941//2941 2942//2942 941//941
f 2944//2944 2945//2945 973//973
f 2944//2944 973//973 2946//2946
f 2947//2947 2949//2949 2948//2948
f 2947//2947 2948//2948 2950//2950
f 2951//2951 2952//2952 943//943
f 2951//2951 943//943 2953//2953
f 2954//2954 2956//2956 2955//2955
f 2954//2954 2955//2955 971//971
f 912//912 910//910 2957//2957
f 912//912 2957//2957 2958//2958
f 2959//2959 2960//2960 945//945
f 2959//2959 945//945 944//944
f 2961//2961 2962//2962 969//969
f 2961//2961 969//969 968//968
f 908//908 906//906 2963//2963
f 908//908 2963//2963 2964//2964
f 946//946 2965//2965 948//948
f 946//946 948//948 947//947
f 2966//2966 967//967 966//966
f 2966//2966 966//966 965//965
f 2967//2967 2969//2969 2968//2968
f 2967//2967 2968//2968 2970//2970
f 949//949 952//952 951//951
f 949//949 951//951 950//950
f 961//961 964//964 963//963
f 961//961 963//963 962//962
f 2971//2971 2972//2972 898//898
f 2971//2971 898//898 900//900
f 2973//2973 2974//2974 954//954
f 2973//2973 954//954 953//953
f 2975//2975 2976//2976 960//960
f 2975//2975 960//960 959//959
f 2977//2977 2978//2978 895//895
f 2977//2977 895//895 897//897
f 2979//2979 2981//2981 2980//2980
f 2979//2979 2980//2980 926//926
f 2982//2982 2983//2983 958//958
f 2982//2982 958//958 2984//2984
f 988//988 2985//2985 985//985
f 988//988 985//985 986//986
f 985//985 987//987 986//986
f 992//992 993//993 988//988
f 991//991 992//992 988//988
f 986//986 991//991 988//988
f 991//991 994//994 992//992
f 986//986 989//989 991//991
f 989//989 2986//2986 991//991
f 986//986 990//990 989//989
f 2987//2987 2989//2989 2988//2988
f 2987//2987 2988//2988 2990//2990
f 2991//2991 2993//2993 2992//2992
f 2991//2991 2992//2992 2994//2994
f 2995//2995 2997//2997 2996//2996
f 2995//2995 2996//2996 2998//2998
f 2999//2999 3001//3001 3000//3000
f 2999//2999 3000//3000 3002//3002
f 3003//3003 3005//3005 3004//3004
f 3003//3003 3004//3004 3006//3006
f 3007//3007 3009//3009 3008//3008
f 3007//3007 3008//3008 3010//3010
f 3011//3011 3013//3013 3012//3012
f 3011//3011 3012//3012 3014//3014
f 3015//3015 3017//3017 3016//3016
f 3015//3015 3016//3016 3018//3018
f 3019//3019 3021//3021 3020//3020
f 3019//3019 3020//3020 3022//3022
f 3023//3023 3025//3025 3024//3024
f 3023//3023 3024//3024 3026//3026
f 3027//3027 3029//3029 3028//3028
f 3027//3027 3028//3028 3030//3030
f 3028//3028 3031//3031 3030//3030
f 3032//3032 3033//3033 3027//3027
f 3034//3034 3032//3032 3027//3027
f 3030//3030 3034//3034 3027//3027
f 3034//3034 3035//3035 3032//3032
f 3030//3030 3036//3036 3034//3034
f 3036//3036 3037//3037 3034//3034
f 3030//3030 3038//3038 3036//3036
f 3039//3039 3041//3041 3040//3040
f 3039//3039 3040//3040 3042//3042
f 3043//3043 3045//3045 3044//3044
f 3043//3043 3044//3044 3046//3046
f 3047//3047 3049//3049 3048//3048
f 3047//3047 3048//3048 3050//3050
f 3048//3048 3051//3051 3050//3050
f 3052//3052 3053//3053 3047//3047
f 3054//3054 3052//3052 3047//3047
f 3050//3050 3054//3054 3047//3047
f 3054//3054 3055//3055 3052//3052
f 3050//3050 3056//3056 3054//3054
f 3056//3056 3057//3057 3054//3054
f 3050//3050 3058//3058 3056//3056
f 3059//3059 3061//3061 3060//3060
f 3062//3062 1040//1040 3063//3063
f 3064//3064 3066//3066 3065//3065
f 3064//3064 3065//3065 3067//3067
f 3068//3068 1028//1028 3069//3069
f 3070//3070 3072//3072 3071//3071
f 3073//3073 3074//3074 1005//1005
f 3073//3073 1005//1005 1007//1007
f 3075//3075 3077//3077 3076//3076
f 3078//3078 3080//3080 3079//3079
f 3081//3081 3083//3083 3082//3082
f 3081//3081 3082//3082 3084//3084
f 3085//3085 3087//3087 3086//3086
f 3088//3088 3090//3090 3089//3089
f 3091//3091 3093//3093 3092//3092
f 3091//3091 3092//3092 3094//3094
f 3095//3095 3097//3097 3096//3096
f 3098//3098 3100//3100 3099//3099
f 3101//3101 3103//3103 3102//3102
f 3101//3101 3102//3102 3104//3104
f 3105//3105 3107//3107 3106//3106
f 3108//3108 3110//3110 3109//3109
f 3111//3111 3113//3113 3112//3112
f 3111//3111 3112//3112 3114//3114
f 3115//3115 1070//1070 3116//3116
f 3117//3117 3119//3119 3118//3118
f 3120//3120 3122//3122 3121//3121
f 3120//3120 3121//3121 3123//3123
f 3124//3124 3125//3125 1042//1042
f 3126//3126 1055//1055 3127//3127
f 3128//3128 3130//3130 3129//3129
f 3128//3128 3129//3129 3131//3131
f 3132//3132 3134//3134 3133//3133
f 3135//3135 3136//3136 1025//1025
f 1002//1002 1004//1004 3137//3137
f 1002//1002 3137//3137 3138//3138
f 3139//3139 3141//3141 3140//3140
f 3142//3142 3144//3144 3143//3143
f 3145//3145 3147//3147 3146//3146
f 3145//3145 3146//3146 3148//3148
f 3149//3149 3151//3151 3150//3150
f 3149//3149 3150//3150 3152//3152
f 3153//3153 3155//3155 3154//3154
f 3156//3156 3158//3158 3157//3157
f 3159//3159 3160//3160 1072//1072
f 1018//1018 1015//1015 3161//3161
f 1018//1018 3161//3161 1016//1016
f 3161//3161 1017//1017 1016//1016
f 1022//1022 1023//1023 1018//1018
f 3162//3162 1022//1022 1018//1018
f 1016//1016 3162//3162 1018//1018
f 3162//3162 1024//1024 1022//1022
f 1016//1016 1019//1019 3162//3162
f 1019//1019 1021//1021 3162//3162
f 1016//1016 1020//1020 1019//1019
f 3163//3163 3165//3165 3164//3164
f 3163//3163 3164//3164 3166//3166
f 3167//3167 3168//3168 1057//1057
f 3169//3169 3170//3170 1027//1027
f 3169//3169 1027//1027 3171//3171
f 3172//3172 3174//3174 3173//3173
f 3172//3172 3173//3173 1056//1056
f 3175//3175 3177//3177 3176//3176
f 3175//3175 3176//3176 3178//3178
f 999//999 996//996 3179//3179
f 999//999 3179//3179 3180//3180
f 3181//3181 3182//3182 1030//1030
f 3181//3181 1030//1030 1029//1029
f 3183//3183 3184//3184 1084//1084
f 3183//3183 1084//1084 1083//1083
f 1001//1001 1003//1003 3185//3185
f 1001//1001 3185//3185 3186//3186
f 1031//1031 1034//1034 1033//1033
f 1031//1031 1033//1033 1032//1032
f 1079//1079 1082//1082 1081//1081
f 1079//1079 1081//1081 1080//1080
f 3187//3187 3189//3189 3188//3188
f 3187//3187 3188//3188 3190//3190
f 3191//3191 1037//1037 1036//1036
f 3191//3191 1036//1036 1035//1035
f 1076//1076 3192//3192 1078//1078
f 1076//1076 1078//1078 1077//1077
f 3193//3193 3194//3194 1011//1011
f 3193//3193 1011//1011 1009//1009
f 3195//3195 3196//3196 1039//1039
f 3195//3195 1039//1039 1038//1038
f 3197//3197 3198//3198 1075//1075
f 3197//3197 1075//1075 1074//1074
f 3199//3199 3200//3200 1014//1014
f 3199//3199 1014//1014 1013//1013
f 3201//3201 3203//3203 3202//3202
f 3201//3201 3202//3202 1041//1041
f 3204//3204 3205//3205 1073//1073
f 3204//3204 1073//1073 3206//3206
f 3207//3207 3209//3209 3208//3208
f 3207//3207 3208//3208 3210//3210
f 3211//3211 3212//3212 1043//1043
f 3211//3211 1043//1043 3213//3213
f 3214//3214 3216//3216 3215//3215
f 3214//3214 3215//3215 1071//1071
f 1012//1012 1010//1010 3217//3217
f 1012//1012 3217//3217 3218//3218
f 3219//3219 3220//3220 1045//1045
f 3219//3219 1045//1045 1044//1044
f 3221//3221 3222//3222 1069//1069
f 3221//3221 1069//1069 1068//1068
f 1008//1008 1006//1006 3223//3223
f 1008//1008 3223//3223 3224//3224
f 1046//1046 3225//3225 1048//1048
f 1046//1046 1048//1048 1047//1047
f 3226//3226 1067//1067 1066//1066
f 3226//3226 1066//1066 1065//1065
f 3227//3227 3229//3229 3228//3228
f 3227//3227 3228//3228 3230//3230
f 1049//1049 1052//1052 1051//1051
f 1049//1049 1051//1051 1050//1050
f 1061//1061 1064//1064 1063//1063
f 1061//1061 1063//1063 1062//1062
f 3231//3231 3232//3232 998//998
f 3231//3231 998//998 1000//1000
f 3233//3233 3234//3234 1054//1054
f 3233//3233 1054//1054 1053//1053
f 3235//3235 3236//3236 1060//1060
f 3235//3235 1060//1060 1059//1059
f 3237//3237 3238//3238 995//995
f 3237//3237 995//995 997//997
f 3239//3239 3241//3241 3240//3240
f 3239//3239 3240//3240 1026//1026
f 3242//3242 3243//3243 1058//1058
f 3242//3242 1058//1058 3244//3244
f 1088//1088 3245//3245 1085//1085
f 1088//1088 1085//1085 1086//1086
f 1085//1085 1087//1087 1086//1086
f 1092//1092 1093//1093 1088//1088
f 1091//1091 1092//1092 1088//1088
f 1086//1086 1091//1091 1088//1088
f 1091//1091 1094//1094 1092//1092
f 1086//1086 1089//1089 1091//1091
f 1089//1089 3246//3246 1091//1091
f 1086//1086 1090//1090 1089//1089
f 3247//3247 3249//3249 3248//3248
f 3247//3247 3248//3248 3250//3250
f 3251//3251 3253//3253 3252//3252
f 3251//3251 3252//3252 3254//3254
f 3255//3255 3257//3257 3256//3256
f 3255//3255 3256//3256 3258//3258
f 3259//3259 3261//3261 3260//3260
f 3259//3259 3260//3260 3262//3262
f 3263//3263 3265//3265 3264//3264
f 3263//3263 3264//3264 3266//3266
f 3267//3267 3269//3269 3268//3268
f 3267//3267 3268//3268 3270//3270
f 3271//3271 3273//3273 3272//3272
f 3271//3271 3272//3272 3274//3274
f 3275//3275 3277//3277 3276//3276
f 3275//3275 3276//3276 3278//3278
f 3279//3279 3281//3281 3280//3280
f 3279//3279 3280//3280 3282//3282
f 3283//3283 3285//3285 3284//3284
f 3283//3283 3284//3284 3286//3286
f 3287//3287 3289//3289 3288//3288
f 3287//3287 3288//3288 3290//3290
f 3288//3288 3291//3291 3290//3290
f 3292//3292 3293//3293 3287//3287
f 3294//3294 3292//3292 3287//3287
f 3290//3290 3294//3294 3287//3287
f 3294//3294 3295//3295 3292//3292
f 3290//3290 3296//3296 3294//3294
f 3296//3296 3297//3297 3294//3294
f 3290//3290 3298//3298 3296//3296
f 3299//3299 3301//3301 3300//3300
f 3299//3299 3300//3300 3302//3302
f 3303//3303 3305//3305 3304//3304
f 3303//3303 3304//3304 3306//3306
f 3307//3307 3309//3309 3308//3308
f 3307//3307 3308//3308 3310//3310
f 3308//3308 3311//3311 3310//3310
f 3312//3312 3313//3313 3307//3307
f 3314//3314 3312//3312 3307//3307
f 3310//3310 3314//3314 3307//3307
f 3314//3314 3315//3315 3312//3312
f 3310//3310 3316//3316 3314//3314
f 3316//3316 3317//3317 3314//3314
f 3310//3310 3318//3318 3316//3316
f 3319//3319 3321//3321 3320//3320
f 3322//3322 1140//1140 3323//3323
f 3324//3324 3326//3326 3325//3325
f 3324//3324 3325//3325 3327//3327
f 3328//3328 1128//1128 3329//3329
f 3330//3330 3332//3332 3331//3331
f 3333//3333 3334//3334 1105//1105
f 3333//3333 1105//1105 1107//1107
f 3335//3335 3337//3337 3336//3336
f 3338//3338 3340//3340 3339//3339
f 3341//3341 3343//3343 3342//3342
f 3341//3341 3342//3342 3344//3344
f 3345//3345 3347//3347 3346//3346
f 3348//3348 3350//3350 3349//3349
f 3351//3351 3353//3353 3352//3352
f 3351//3351 3352//3352 3354//3354
f 3355//3355 3357//3357 3356//3356
f 3358//3358 3360//3360 3359//3359
f 3361//3361 3363//3363 3362//3362
f 3361//3361 3362//3362 3364//3364
f 3365//3365 3367//3367 3366//3366
f 3368//3368 3370//3370 3369//3369
f 3371//3371 3373//3373 3372//3372
f 3371//3371 3372//3372 3374//3374
f 3375//3375 1170//1170 3376//3376
f 3377//3377 3379//3379 3378//3378
f 3380//3380 3382//3382 3381//3381
f 3380//3380 3381//3381 3383//3383
f 3384//3384 3385//3385 1142//1142
f 3386//3386 1155//1155 3387//3387
f 3388//3388 3390//3390 3389//3389
f 3388//3388 3389//3389 3391//3391
f 3392//3392 3394//3394 3393//3393
f 3395//3395 3396//3396 1125//1125
f 1102//1102 1104//1104 3397//3397
f 1102//1102 3397//3397 3398//3398
f 3399//3399 3401//3401 3400//3400
f 3402//3402 3404//3404 3403//3403
f 3405//3405 3407//3407 3406//3406
f 3405//3405 3406//3406 3408//3408
f 3409//3409 3411//3411 3410//3410
f 3409//3409 3410//3410 3412//3412
f 3413//3413 3415//3415 3414//3414
f 3416//3416 3418//3418 3417//3417
f 3419//3419 3420//3420 1172//1172
f 1118//1118 1115//1115 3421//3421
f 1118//1118 3421//3421 1116//1116
f 3421//3421 1117//1117 1116//1116
f 1122//1122 1123//1123 1118//1118
f 3422//3422 1122//1122 1118//1118
f 1116//1116 3422//3422 1118//1118
f 3422//3422 1124//1124 1122//1122
f 1116//1116 1119//1119 3422//3422
f 1119//1119 1121//1121 3422//3422
f 1116//1116 1120//1120 1119//1119
f 3423//3423 3425//3425 3424//3424
f 3423//3423 3424//3424 3426//3426
f 3427//3427 3428//3428 1157//1157
f 3429//3429 3430//3430 1127//1127
f 3429//3429 1127//1127 3431//3431
f 3432//3432 3434//3434 3433//3433
f 3432//3432 3433//3433 1156//1156
f 3435//3435 3437//3437 3436//3436
f 3435//3435 3436//3436 3438//3438
f 1099//1099 1096//1096 3439//3439
f 1099//1099 3439//3439 3440//3440
f 3441//3441 3442//3442 1130//1130
f 3441//3441 1130//1130 1129//1129
f 3443//3443 3444//3444 1184//1184
f 3443//3443 1184//1184 1183//1183
f 1101//1101 1103//1103 3445//3445
f 1101//1101 3445//3445 3446//3446
f 1131//1131 1134//1134 1133//1133
f 1131//1131 1133//1133 1132//1132
f 1179//1179 1182//1182 1181//1181
f 1179//1179 1181//1181 1180//1180
f 3447//3447 3449//3449 3448//3448
f 3447//3447 3448//3448 3450//3450
f 3451//3451 1137//1137 1136//1136
f 3451//3451 1136//1136 1135//1135
f 1176//1176 3452//3452 1178//1178
f 1176//1176 1178//1178 1177//1177
f 3453//3453 3454//3454 1111//1111
f 3453//3453 1111//1111 1109//1109
f 3455//3455 3456//3456 1139//1139
f 3455//3455 1139//1139 1138//1138
f 3457//3457 3458//3458 1175//1175
f 3457//3457 1175//1175 1174//1174
f 3459//3459 3460//3460 1114//1114
f 3459//3459 1114//1114 1113//1113
f 3461//3461 3463//3463 3462//3462
f 3461//3461 3462//3462 1141//1141
f 3464//3464 3465//3465 1173//1173
f 3464//3464 1173//1173 3466//3466
f 3467//3467 3469//3469 3468//3468
f 3467//3467 3468//3468 3470//3470
f 3471//3471 3472//3472 1143//1143
f 3471//3471 1143//1143 3473//3473
f 3474//3474 3476//3476 3475//3475
f 3474//3474 3475//3475 1171//1171
f 1112//1112 1110//1110 3477//3477
f 1112//1112 3477//3477 3478//3478
f 3479//3479 3480//3480 1145//1145
f 3479//3479 1145//1145 1144//1144
f 3481//3481 3482//3482 1169//1169
f 3481//3481 1169//1169 1168//1168
f 1108//1108 1106//1106 3483//3483
f 1108//1108 3483//3483 3484//3484
f 1146//1146 3485//3485 1148//1148
f 1146//1146 1148//1148 1147//1147
f 3486//3486 1167//1167 1166//1166
f 3486//3486 1166//1166 1165//1165
f 3487//3487 3489//3489 3488//3488
f 3487//3487 3488//3488 3490//3490
f 1149//1149 1152//1152 1151//1151
f 1149//1149 1151//1151 1150//1150
f 1161//1161 1164//1164 1163//1163
f 1161//1161 1163//1163 1162//1162
f 3491//3491 3492//3492 1098//1098
f 3491//3491 1098//1098 1100//1100
f 3493//3493 3494//3494 1154//1154
f 3493//3493 1154//1154 1153//1153
f 3495//3495 3496//3496 1160//1160
f 3495//3495 1160//1160 1159//1159
f 3497//3497 3498//3498 1095//1095
f 3497//3497 1095//1095 1097//1097
f 3499//3499 3501//3501 3500//3500
f 3499//3499 3500//3500 1126//1126
f 3502//3502 3503//3503 1158//1158
f 3502//3502 1158//1158 3504//3504
f 1188//1188 3505//3505 1185//1185
f 1188//1188 1185//1185 1186//1186
f 1185//1185 1187//1187 1186//1186
f 1192//1192 1193//1193 1188//1188
f 1191//1191 1192//1192 1188//1188
f 1186//1186 1191//1191 1188//1188
f 1191//1191 1194//1194 1192//1192
f 1186//1186 1189//1189 1191//1191
f 1189//1189 3506//3506 1191//1191
f 1186//1186 1190//1190 1189//1189
f 3507//3507 3509//3509 3508//3508
f 3507//3507 3508//3508 3510//3510
f 3511//3511 3513//3513 3512//3512
f 3511//3511 3512//3512 3514//3514
f 3515//3515 3517//3517 3516//3516
f 3515//3515 3516//3516 3518//3518
f 3519//3519 3521//3521 3520//3520
f 3519//3519 3520//3520 3522//3522
f 3523//3523 3525//3525 3524//3524
f 3523//3523 3524//3524 3526//3526
f 3527//3527 3529//3529 3528//3528
f 3527//3527 3528//3528 3530//3530
f 3531//3531 3533//3533 3532//3532
f 3531//3531 3532//3532 3534//3534
f 3535//3535 3537//3537 3536//3536
f 3535//3535 3536//3536 3538//3538
f 3539//3539 3541//3541 3540//3540
f 3539//3539 3540//3540 3542//3542
f 3543//3543 3545//3545 3544//3544
f 3543//3543 3544//3544 3546//3546
f 3547//3547 3549//3549 3548//3548
f 3547//3547 3548//3548 3550//3550
f 3548//3548 3551//3551 3550//3550
f 3552//3552 3553//3553 3547//3547
f 3554//3554 3552//3552 3547//3547
f 3550//3550 3554//3554 3547//3547
f 3554//3554 3555//3555 3552//3552
f 3550//3550 3556//3556 3554//3554
f 3556//3556 3557//3557 3554//3554
f 3550//3550 3558//3558 3556//3556
f 3559//3559 3561//3561 3560//3560
f 3559//3559 3560//3560 3562//3562
f 3563//3563 3565//3565 3564//3564
f 3563//3563 3564//3564 3566//3566
f 3567//3567 3569//3569 3568//3568
f 3567//3567 3568//3568 3570//3570
f 3568//3568 3571//3571 3570//3570
f 3572//3572 3573//3573 3567//3567
f 3574//3574 3572//3572 3567//3567
f 3570//3570 3574//3574 3567//3567
f 3574//3574 3575//3575 3572//3572
f 3570//3570 3576//3576 3574//3574
f 3576//3576 3577//3577 3574//3574
f 3570//3570 3578//3578 3576//3576
f 1195//1195 1197//1197 1196//1196
f 1195//1195 1196//1196 1198//1198
f 1199//1199 1201//1201 1200//1200
f 1199//1199 1200//1200 1202//1202
f 1203//1203 1205//1205 1204//1204
f 1203//1203 1204//1204 1206//1206
f 1207//1207 1209//1209 1208//1208
f 1207//1207 1208//1208 1210//1210
f 1211//1211 1213//1213 1212//1212
f 1211//1211 1212//1212 1214//1214
f 1215//1215 1217//1217 1216//1216
f 1218//1218 1220//1220 1219//1219
f 1221//1221 1223//1223 1222//1222
f 1224//1224 1226//1226 1225//1225
f 1227//1227 1229//1229 1228//1228
f 1230//1230 1232//1232 1231//1231
f 1233//1233 1235//1235 1234//1234
f 1236//1236 1238//1238 1237//1237
f 1239//1239 1241//1241 1240//1240
f 1239//1239 1240//1240 1242//1242
f 1243//1243 1245//1245 1244//1244
f 1243//1243 1244//1244 1246//1246
f 1247//1247 1249//1249 1248//1248
f 1247//1247 1248//1248 1250//1250
f 1251//1251 1253//1253 1252//1252
f 1251//1251 1252//1252 1254//1254
f 1255//1255 1257//1257 1256//1256
f 1255//1255 1256//1256 1258//1258
f 1259//1259 1261//1261 1260//1260
f 1259//1259 1260//1260 1262//1262
f 1263//1263 1265//1265 1264//1264
f 1263//1263 1264//1264 1266//1266
f 1267//1267 1269//1269 1268//1268
f 1267//1267 1268//1268 1270//1270
f 1271//1271 1273//1273 1272//1272
f 1271//1271 1272//1272 1274//1274
f 1275//1275 1277//1277 1276//1276
f 1275//1275 1276//1276 1278//1278
f 1279//1279 1281//1281 1280//1280
f 1279//1279 1280//1280 1282//1282
f 1283//1283 1285//1285 1284//1284
f 1283//1283 1284//1284 1286//1286
f 1287//1287 1289//1289 1288//1288
f 1287//1287 1288//1288 1290//1290
f 3579//3579 3581//3581 3580//3580
f 3579//3579 3580//3580 3582//3582
f 3583//3583 3585//3585 3584//3584
f 3583//3583 3584//3584 3586//3586
f 3587//3587 3589//3589 3588//3588
f 3587//3587 3588//3588 3590//3590
f 3591//3591 3593//3593 3592//3592
f 3591//3591 3592//3592 3594//3594
f 3595//3595 3597//3597 3596//3596
f 3595//3595 3596//3596 3598//3598
f 3599//3599 3601//3601 3600//3600
f 3599//3599 3600//3600 3602//3602
f 3603//3603 3605//3605 3604//3604
f 3603//3603 3604//3604 3606//3606
f 3607//3607 3609//3609 3608//3608
f 3607//3607 3608//3608 3610//3610
f 3611//3611 3613//3613 3612//3612
f 3611//3611 3612//3612 3614//3614
f 3615//3615 3617//3617 3616//3616
f 3615//3615 3616//3616 3618//3618
f 3619//3619 3621//3621 3620//3620
f 3619//3619 3620//3620 3622//3622
f 3623//3623 3625//3625 3624//3624
f 3623//3623 3624//3624 3626//3626
f 3627//3627 3629//3629 3628//3628
f 3627//3627 3628//3628 3630//3630
f 3631//3631 3633//3633 3632//3632
f 3631//3631 3632//3632 3634//3634
f 3635//3635 3637//3637 3636//3636
f 3635//3635 3636//3636 3638//3638
f 3639//3639 3641//3641 3640//3640
f 3639//3639 3640//3640 3642//3642
f 3643//3643 3645//3645 3644//3644
f 3643//3643 3644//3644 3646//3646
f 3647//3647 3649//3649 3648//3648
f 3647//3647 3648//3648 3650//3650
f 1291//1291 1293//1293 1292//1292
f 1291//1291 1292//1292 1294//1294
f 1295//1295 1297//1297 1296//1296
f 1295//1295 1296//1296 1298//1298
f 1299//1299 1301//1301 1300//1300
f 1299//1299 1300//1300 1302//1302
f 1303//1303 1305//1305 1304//1304
f 1303//1303 1304//1304 1306//1306
f 1307//1307 1309//1309 1308//1308
f 1307//1307 1308//1308 1310//1310
f 1311//1311 1313//1313 1312//1312
f 1311//1311 1312//1312 1314//1314
f 1315//1315 1317//1317 1316//1316
f 1315//1315 1316//1316 1318//1318
f 1319//1319 1321//1321 1320//1320
f 1319//1319 1320//1320 1322//1322
f 1323//1323 1325//1325 1324//1324
f 1323//1323 1324//1324 1326//1326
f 1327//1327 1329//1329 1328//1328
f 1327//1327 1328//1328 1330//1330
f 1331//1331 1333//1333 1332//1332
f 1331//1331 1332//1332 1334//1334
f 1335//1335 1337//1337 1336//1336
f 1335//1335 1336//1336 1338//1338
f 3651//3651 3653//3653 3652//3652
f 3651//3651 3652//3652 3654//3654
f 3655//3655 3657//3657 3656//3656
f 3655//3655 3656//3656 3658//3658
f 3659//3659 3661//3661 3660//3660
f 3659//3659 3660//3660 3662//3662
f 3663//3663 3665//3665 3664//3664
f 3663//3663 3664//3664 3666//3666
f 3667//3667 3669//3669 3668//3668
f 3667//3667 3668//3668 3670//3670
f 3671//3671 3673//3673 3672//3672
f 3671//3671 3672//3672 3674//3674
f 3675//3675 3677//3677 3676//3676
f 3675//3675 3676//3676 3678//3678
f 3679//3679 3681//3681 3680//3680
f 3679//3679 3680//3680 3682//3682
f 3683//3683 3685//3685 3684//3684
f 3683//3683 3684//3684 3686//3686
f 3684//3684 3687//3687 3686//3686
f 3686//3686 3688//3688 3683//3683
f 3688//3688 3689//3689 3683//3683
f 3686//3686 3690//3690 3688//3688
f 3690//3690 3691//3691 3688//3688
f 3686//3686 3692//3692 3690//3690
f 3693//3693 3695//3695 3694//3694
f 3693//3693 3694//3694 3696//3696
f 3697//3697 3699//3699 3698//3698
f 3697//3697 3698//3698 3700//3700
f 3701//3701 3703//3703 3702//3702
f 3701//3701 3702//3702 3704//3704
f 3702//3702 3705//3705 3704//3704
f 3704//3704 3706//3706 3701//3701
f 3706//3706 3707//3707 3701//3701
f 3704//3704 3708//3708 3706//3706
f 3708//3708 3709//3709 3706//3706
f 3704//3704 3710//3710 3708//3708
f 1339//1339 1341//1341 1340//1340
f 1339//1339 1340//1340 1342//1342
f 1343//1343 1345//1345 1344//1344
f 1343//1343 1344//1344 1346//1346
f 1347//1347 1349//1349 1348//1348
f 1347//1347 1348//1348 1350//1350
f 1351//1351 1353//1353 1352//1352
f 1351//1351 1352//1352 1354//1354
f 1355//1355 1357//1357 1356//1356
f 1355//1355 1356//1356 1358//1358
f 1359//1359 1361//1361 1360//1360
f 1362//1362 1364//1364 1363//1363
f 1365//1365 1367//1367 1366//1366
f 1368//1368 1370//1370 1369//1369
f 1371//1371 1373//1373 1372//1372
f 1374//1374 1376//1376 1375//1375
f 1377//1377 1379//1379 1378//1378
f 1380//1380 1382//1382 1381//1381
f 1383//1383 1385//1385 1384//1384
f 1383//1383 1384//1384 1386//1386
f 1387//1387 1389//1389 1388//1388
f 1387//1387 1388//1388 1390//1390
f 1391//1391 1393//1393 1392//1392
f 1391//1391 1392//1392 1394//1394
f 1395//1395 1397//1397 1396//1396
f 1395//1395 1396//1396 1398//1398
f 1399//1399 1401//1401 1400//1400
f 1399//1399 1400//1400 1402//1402
f 1403//1403 1405//1405 1404//1404
f 1403//1403 1404//1404 1406//1406
f 1407//1407 1409//1409 1408//1408
f 1407//1407 1408//1408 1410//1410
f 1411//1411 1413//1413 1412//1412
f 1411//1411 1412//1412 1414//1414
f 1415//1415 1417//1417 1416//1416
f 1415//1415 1416//1416 1418//1418
f 1419//1419 1421//1421 1420//1420
f 1419//1419 1420//1420 1422//1422
f 1423//1423 1425//1425 1424//1424
f 1423//1423 1424//1424 1426//1426
f 1427//1427 1429//1429 1428//1428
f 1427//1427 1428//1428 1430//1430
f 1431//1431 1433//1433 1432//1432
f 1431//1431 1432//1432 1434//1434
f 3711//3711 3713//3713 3712//3712
f 3711//3711 3712//3712 3714//3714
f 3715//3715 3717//3717 3716//3716
f 3715//3715 3716//3716 3718//3718
f 3719//3719 3721//3721 3720//3720
f 3719//3719 3720//3720 3722//3722
f 3723//3723 3725//3725 3724//3724
f 3723//3723 3724//3724 3726//3726
f 3727//3727 3729//3729 3728//3728
f 3727//3727 3728//3728 3730//3730
f 3731//3731 3733//3733 3732//3732
f 3731//3731 3732//3732 3734//3734
f 3735//3735 3737//3737 3736//3736
f 3735//3735 3736//3736 3738//3738
f 3739//3739 3741//3741 3740//3740
f 3739//3739 3740//3740 3742//3742
f 3743//3743 3745//3745 3744//3744
f 3743//3743 3744//3744 3746//3746
f 3744//3744 3747//3747 3746//3746
f 3746//3746 3748//3748 3743//3743
f 3748//3748 3749//3749 3743//3743
f 3746//3746 3750//3750 3748//3748
f 3750//3750 3751//3751 3748//3748
f 3746//3746 3752//3752 3750//3750
f 3753//3753 3755//3755 3754//3754
f 3753//3753 3754//3754 3756//3756
f 3757//3757 3759//3759 3758//3758
f 3757//3757 3758//3758 3760//3760
f 3761//3761 3763//3763 3762//3762
f 3761//3761 3762//3762 3764//3764
f 3762//3762 3765//3765 3764//3764
f 3764//3764 3766//3766 3761//3761
f 3766//3766 3767//3767 3761//3761
f 3764//3764 3768//3768 3766//3766
f 3768//3768 3769//3769 3766//3766
f 3764//3764 3770//3770 3768//3768
f 1435//1435 1437//1437 1436//1436
f 1435//1435 1436//1436 1438//1438
f 1439//1439 1441//1441 1440//1440
f 1439//1439 1440//1440 1442//1442
f 1443//1443 1445//1445 1444//1444
f 1443//1443 1444//1444 1446//1446
f 1447//1447 1449//1449 1448//1448
f 1447//1447 1448//1448 1450//1450
f 1451//1451 1453//1453 1452//1452
f 1451//1451 1452//1452 1454//1454
f 1455//1455 1457//1457 1456//1456
f 1458//1458 1460//1460 1459//1459
f 1461//1461 1463//1463 1462//1462
f 1464//1464 1466//1466 1465//1465
f 1467//1467 1469//1469 1468//1468
f 1470//1470 1472//1472 1471//1471
f 1473//1473 1475//1475 1474//1474
f 1476//1476 1478//1478 1477//1477
f 1479//1479 1481//1481 1480//1480
f 1479//1479 1480//1480 1482//1482
f 1483//1483 1485//1485 1484//1484
f 1483//1483 1484//1484 1486//1486
f 1487//1487 1489//1489 1488//1488
f 1487//1487 1488//1488 1490//1490
f 1491//1491 1493//1493 1492//1492
f 1491//1491 1492//1492 1494//1494
f 1495//1495 1497//1497 1496//1496
f 1495//1495 1496//1496 1498//1498
f 1499//1499 1501//1501 1500//1500
f 1499//1499 1500//1500 1502//1502
f 1503//1503 1505//1505 1504//1504
f 1503//1503 1504//1504 1506//1506
f 1507//1507 1509//1509 1508//1508
f 1507//1507 1508//1508 1510//1510
f 1511//1511 1513//1513 1512//1512
f 1511//1511 1512//1512 1514//1514
f 1515//1515 1517//1517 1516//1516
f 1515//1515 1516//1516 1518//1518
f 1519//1519 1521//1521 1520//1520
f 1519//1519 1520//1520 1522//1522
f 1523//1523 1525//1525 1524//1524
f 1523//1523 1524//1524 1526//1526
f 1527//1527 1529//1529 1528//1528
f 1527//1527 1528//1528 1530//1530
f 3771//3771 3773//3773 3772//3772
f 3771//3771 3772//3772 3774//3774
f 3775//3775 3777//3777 3776//3776
f 3775//3775 3776//3776 3778//3778
f 3779//3779 3781//3781 3780//3780
f 3779//3779 3780//3780 3782//3782
f 3783//3783 3785//3785 3784//3784
f 3783//3783 3784//3784 3786//3786
f 3787//3787 3789//3789 3788//3788
f 3787//3787 3788//3788 3790//3790
f 3791//3791 3793//3793 3792//3792
f 3791//3791 3792//3792 3794//3794
f 3795//3795 3797//3797 3796//3796
f 3798//3798 557//557 3799//3799
f 3800//3800 3802//3802 3801//3801
f 3800//3800 3801//3801 3803//3803
f 3804//3804 548//548 3805//3805
f 3806//3806 3808//3808 3807//3807
f 3809//3809 3811//3811 3810//3810
f 3809//3809 3810//3810 3812//3812
f 3813//3813 3815//3815 3814//3814
f 3816//3816 3818//3818 3817//3817
f 3819//3819 3821//3821 3820//3820
f 3819//3819 3820//3820 3822//3822
f 3823//3823 3825//3825 3824//3824
f 3826//3826 3828//3828 3827//3827
f 3829//3829 3831//3831 3830//3830
f 3829//3829 3830//3830 3832//3832
f 3833//3833 582//582 3834//3834
f 3835//3835 3837//3837 3836//3836
f 3838//3838 3840//3840 3839//3839
f 3838//3838 3839//3839 3841//3841
f 3842//3842 3843//3843 561//561
f 3844//3844 570//570 3845//3845
f 3846//3846 3848//3848 3847//3847
f 3846//3846 3847//3847 3849//3849
f 3850//3850 3851//3851 584//584
f 3852//3852 3853//3853 546//546
f 3854//3854 3856//3856 3855//3855
f 3854//3854 3855//3855 3857//3857
f 3858//3858 3859//3859 559//559
f 3860//3860 3862//3862 3861//3861
f 3863//3863 3865//3865 3864//3864
f 3863//3863 3864//3864 3866//3866
f 3867//3867 3869//3869 3868//3868
f 3867//3867 3868//3868 3870//3870
f 3871//3871 3872//3872 544//544
f 3873//3873 3875//3875 3874//3874
f 3876//3876 3877//3877 586//586
f 539//539 536//536 3878//3878
f 539//539 3878//3878 537//537
f 3878//3878 538//538 537//537
f 537//537 540//540 539//539
f 540//540 541//541 539//539
f 537//537 542//542 540//540
f 542//542 3879//3879 540//540
f 537//537 543//543 542//542
f 3880//3880 3882//3882 3881//3881
f 3880//3880 3881//3881 3883//3883
f 3884//3884 3885//3885 572//572
f 3886//3886 3887//3887 545//545
f 3886//3886 545//545 3888//3888
f 3889//3889 3891//3891 3890//3890
f 3889//3889 3890//3890 571//571
f 3892//3892 3894//3894 3893//3893
f 3892//3892 3893//3893 518//518
f 521//521 523//523 3895//3895
f 521//521 3895//3895 3896//3896
f 3897//3897 3898//3898 550//550
f 3897//3897 550//550 549//549
f 3899//3899 3900//3900 594//594
f 3899//3899 594//594 593//593
f 525//525 527//527 3901//3901
f 525//525 3901//3901 3902//3902
f 551//551 554//554 553//553
f 551//551 553//553 552//552
f 589//589 592//592 591//591
f 589//589 591//591 590//590
f 3903//3903 3904//3904 531//531
f 3903//3903 531//531 529//529
f 3905//3905 3906//3906 556//556
f 3905//3905 556//556 555//555
f 3907//3907 3908//3908 588//588
f 3907//3907 588//588 587//587
f 3909//3909 3910//3910 535//535
f 3909//3909 535//535 533//533
f 3911//3911 3913//3913 3912//3912
f 3911//3911 3912//3912 558//558
f 3914//3914 3915//3915 585//585
f 3914//3914 585//585 3916//3916
f 3917//3917 532//532 3918//3918
f 3917//3917 3918//3918 534//534
f 3919//3919 3920//3920 560//560
f 3919//3919 560//560 3921//3921
f 3922//3922 3924//3924 3923//3923
f 3922//3922 3923//3923 583//583
f 530//530 528//528 3925//3925
f 530//530 3925//3925 3926//3926
f 3927//3927 3928//3928 563//563
f 3927//3927 563//563 562//562
f 3929//3929 3930//3930 581//581
f 3929//3929 581//581 580//580
f 526//526 524//524 3931//3931
f 526//526 3931//3931 3932//3932
f 564//564 567//567 566//566
f 564//564 566//566 565//565
f 576//576 579//579 578//578
f 576//576 578//578 577//577
f 3933//3933 3934//3934 520//520
f 3933//3933 520//520 522//522
f 3935//3935 3936//3936 569//569
f 3935//3935 569//569 568//568
f 3937//3937 3938//3938 575//575
f 3937//3937 575//575 574//574
f 3939//3939 3940//3940 517//517
f 3939//3939 517//517 519//519
f 3941//3941 3943//3943 3942//3942
f 3941//3941 3942//3942 547//547
f 3944//3944 3945//3945 573//573
f 3944//3944 573//573 3946//3946
f 598//598 3947//3947 595//595
f 598//598 595//595 596//596
f 595//595 597//597 596//596
f 596//596 599//599 598//598
f 599//599 600//600 598//598
f 596//596 3948//3948 599//599
f 3948//3948 602//602 599//599
f 596//596 601//601 3948//3948
f 3949//3949 3951//3951 3950//3950
f 3949//3949 3950//3950 3952//3952
f 3953//3953 3955//3955 3954//3954
f 3953//3953 3954//3954 3956//3956
f 3957//3957 3959//3959 3958//3958
f 3957//3957 3958//3958 3960//3960
f 3961//3961 3963//3963 3962//3962
f 3961//3961 3962//3962 3964//3964
f 3965//3965 3967//3967 3966//3966
f 3965//3965 3966//3966 3968//3968
f 3969//3969 3971//3971 3970//3970
f 3969//3969 3970//3970 3972//3972
f 3973//3973 3975//3975 3974//3974
f 3973//3973 3974//3974 3976//3976
f 3977//3977 3979//3979 3978//3978
f 3977//3977 3978//3978 3980//3980
f 3981//3981 3983//3983 3982//3982
f 3981//3981 3982//3982 3984//3984
f 3982//3982 3985//3985 3984//3984
f 3984//3984 3986//3986 3981//3981
f 3986//3986 3987//3987 3981//3981
f 3984//3984 3988//3988 3986//3986
f 3988//3988 3989//3989 3986//3986
f 3984//3984 3990//3990 3988//3988
f 3991//3991 3993//3993 3992//3992
f 3991//3991 3992//3992 3994//3994
f 3995//3995 3997//3997 3996//3996
f 3995//3995 3996//3996 3998//3998
f 3999//3999 4001//4001 4000//4000
f 3999//3999 4000//4000 4002//4002
f 4000//4000 4003//4003 4002//4002
f 4002//4002 4004//4004 3999//3999
f 4004//4004 4005//4005 3999//3999
f 4002//4002 4006//4006 4004//4004
f 4006//4006 4007//4007 4004//4004
f 4002//4002 4008//4008 4006//4006
f 1531//1531 1533//1533 1532//1532
f 1531//1531 1532//1532 1534//1534
f 1535//1535 1537//1537 1536//1536
f 1535//1535 1536//1536 1538//1538
f 1539//1539 1541//1541 1540//1540
f 1539//1539 1540//1540 1542//1542
f 1543//1543 1545//1545 1544//1544
f 1543//1543 1544//1544 1546//1546
f 1547//1547 1549//1549 1548//1548
f 1547//1547 1548//1548 1550//1550
f 1551//1551 1553//1553 1552//1552
f 1551//1551 1552//1552 1554//1554
f 1555//1555 1557//1557 1556//1556
f 1555//1555 1556//1556 1558//1558
f 1559//1559 1561//1561 1560//1560
f 1559//1559 1560//1560 1562//1562
f 1563//1563 1565//1565 1564//1564
f 1563//1563 1564//1564 1566//1566
f 1567//1567 1569//1569 1568//1568
f 1567//1567 1568//1568 1570//1570
f 1571//1571 1573//1573 1572//1572
f 1571//1571 1572//1572 1574//1574
f 1575//1575 1577//1577 1576//1576
f 1575//1575 1576//1576 1578//1578
f 1579//1579 1581//1581 1580//1580
f 1579//1579 1580//1580 1582//1582
f 1583//1583 1585//1585 1584//1584
f 1583//1583 1584//1584 1586//1586
f 1587//1587 1589//1589 1588//1588
f 1587//1587 1588//1588 1590//1590
f 1591//1591 1593//1593 1592//1592
f 1591//1591 1592//1592 1594//1594
f 1595//1595 1597//1597 1596//1596
f 1595//1595 1596//1596 1598//1598
f 1599//1599 1601//1601 1600//1600
f 1599//1599 1600//1600 1602//1602
f 1603//1603 1605//1605 1604//1604
f 1603//1603 1604//1604 1606//1606
f 1607//1607 1609//1609 1608//1608
f 1607//1607 1608//1608 1610//1610
f 1611//1611 1613//1613 1612//1612
f 1611//1611 1612//1612 1614//1614
f 1615//1615 1617//1617 1616//1616
f 1615//1615 1616//1616 1618//1618
f 1619//1619 1621//1621 1620//1620
f 1619//1619 1620//1620 1622//1622
f 1623//1623 1625//1625 1624//1624
f 1623//1623 1624//1624 1626//1626
g core_roof_civic
usemtl roof_civic
v -0.02501 0.18700 -0.21350
v -0.02501 0.18700 -0.40651
v -0.02501 0.31899 -0.31000
v 0.32499 0.18700 -0.21350
v 0.32499 0.31899 -0.31000
v 0.32499 0.18700 -0.40651
v -0.02501 0.18700 -0.21350
v 0.32499 0.31899 -0.31000
v 0.32499 0.18700 -0.21350
v -0.02501 0.31899 -0.31000
v -0.02501 0.18700 -0.40651
v 0.32499 0.31899 -0.31000
v -0.02501 0.31899 -0.31000
v 0.32499 0.18700 -0.40651
v -0.02501 0.18700 -0.21350
v 0.32499 0.18700 -0.40651
v -0.02501 0.18700 -0.40651
v 0.32499 0.18700 -0.21350
v 0.75998 0.37999 -0.00000
v 0.81069 0.37999 -0.08782
v 0.75998 0.37999 -0.10140
v 0.84781 0.37999 -0.05070
v 0.70930 0.37999 -0.08782
v 0.86140 0.37999 -0.00000
v 0.67218 0.37999 -0.05070
v 0.84781 0.37999 0.05070
v 0.65859 0.37999 -0.00000
v 0.81069 0.37999 0.08781
v 0.67218 0.37999 0.05070
v 0.75998 0.37999 0.10140
v 0.70930 0.37999 0.08781
v 0.75998 0.37999 -0.10140
v 0.81069 0.37999 -0.08782
v 0.75998 0.55940 -0.00000
v 0.81069 0.37999 -0.08782
v 0.84781 0.37999 -0.05070
v 0.75998 0.55940 -0.00000
v 0.84781 0.37999 -0.05070
v 0.86140 0.37999 -0.00000
v 0.75998 0.55940 -0.00000
v 0.86140 0.37999 -0.00000
v 0.84781 0.37999 0.05070
v 0.75998 0.55940 -0.00000
v 0.84781 0.37999 0.05070
v 0.81069 0.37999 0.08781
v 0.75998 0.55940 -0.00000
v 0.81069 0.37999 0.08781
v 0.75998 0.37999 0.10140
v 0.75998 0.55940 -0.00000
v 0.75998 0.37999 0.10140
v 0.70930 0.37999 0.08781
v 0.75998 0.55940 -0.00000
v 0.70930 0.37999 0.08781
v 0.67218 0.37999 0.05070
v 0.75998 0.55940 -0.00000
v 0.67218 0.37999 0.05070
v 0.65859 0.37999 -0.00000
v 0.75998 0.55940 -0.00000
v 0.65859 0.37999 -0.00000
v 0.67218 0.37999 -0.05070
v 0.75998 0.55940 -0.00000
v 0.67218 0.37999 -0.05070
v 0.70930 0.37999 -0.08782
v 0.75998 0.55940 -0.00000
v 0.70930 0.37999 -0.08782
v 0.75998 0.37999 -0.10140
v 0.75998 0.55940 -0.00000
v 0.37998 0.45200 -0.44756
v 0.43474 0.45200 -0.54240
v 0.37998 0.45200 -0.55707
v 0.47483 0.45200 -0.50232
v 0.32522 0.45200 -0.54240
v 0.48950 0.45200 -0.44756
v 0.28514 0.45200 -0.50232
v 0.47483 0.45200 -0.39281
v 0.27047 0.45200 -0.44756
v 0.43474 0.45200 -0.35272
v 0.28514 0.45200 -0.39281
v 0.37998 0.45200 -0.33805
v 0.32522 0.45200 -0.35272
v 0.37998 0.45200 -0.55707
v 0.43474 0.45200 -0.54240
v 0.37998 0.64574 -0.44756
v 0.43474 0.45200 -0.54240
v 0.47483 0.45200 -0.50232
v 0.37998 0.64574 -0.44756
v 0.47483 0.45200 -0.50232
v 0.48950 0.45200 -0.44756
v 0.37998 0.64574 -0.44756
v 0.48950 0.45200 -0.44756
v 0.47483 0.45200 -0.39281
v 0.37998 0.64574 -0.44756
v 0.47483 0.45200 -0.39281
v 0.43474 0.45200 -0.35272
v 0.37998 0.64574 -0.44756
v 0.43474 0.45200 -0.35272
v 0.37998 0.45200 -0.33805
v 0.37998 0.64574 -0.44756
v 0.37998 0.45200 -0.33805
v 0.32522 0.45200 -0.35272
v 0.37998 0.64574 -0.44756
v 0.32522 0.45200 -0.35272
v 0.28514 0.45200 -0.39281
v 0.37998 0.64574 -0.44756
v 0.28514 0.45200 -0.39281
v 0.27047 0.45200 -0.44756
v 0.37998 0.64574 -0.44756
v 0.27047 0.45200 -0.44756
v 0.28514 0.45200 -0.50232
v 0.37998 0.64574 -0.44756
v 0.28514 0.45200 -0.50232
v 0.32522 0.45200 -0.54240
v 0.37998 0.64574 -0.44756
v 0.32522 0.45200 -0.54240
v 0.37998 0.45200 -0.55707
v 0.37998 0.64574 -0.44756
v -0.38001 0.45200 -0.44756
v -0.32525 0.45200 -0.54240
v -0.38001 0.45200 -0.55707
v -0.28516 0.45200 -0.50232
v -0.43477 0.45200 -0.54240
v -0.27049 0.45200 -0.44756
v -0.47486 0.45200 -0.50232
v -0.28516 0.45200 -0.39281
v -0.48953 0.45200 -0.44756
v -0.32525 0.45200 -0.35272
v -0.47486 0.45200 -0.39281
v -0.38001 0.45200 -0.33805
v -0.43477 0.45200 -0.35272
v -0.38001 0.45200 -0.55707
v -0.32525 0.45200 -0.54240
v -0.38001 0.64574 -0.44756
v -0.32525 0.45200 -0.54240
v -0.28516 0.45200 -0.50232
v -0.38001 0.64574 -0.44756
v -0.28516 0.45200 -0.50232
v -0.27049 0.45200 -0.44756
v -0.38001 0.64574 -0.44756
v -0.27049 0.45200 -0.44756
v -0.28516 0.45200 -0.39281
v -0.38001 0.64574 -0.44756
v -0.28516 0.45200 -0.39281
v -0.32525 0.45200 -0.35272
v -0.38001 0.64574 -0.44756
v -0.32525 0.45200 -0.35272
v -0.38001 0.45200 -0.33805
v -0.38001 0.64574 -0.44756
v -0.38001 0.45200 -0.33805
v -0.43477 0.45200 -0.35272
v -0.38001 0.64574 -0.44756
v -0.43477 0.45200 -0.35272
v -0.47486 0.45200 -0.39281
v -0.38001 0.64574 -0.44756
v -0.47486 0.45200 -0.39281
v -0.48953 0.45200 -0.44756
v -0.38001 0.64574 -0.44756
v -0.48953 0.45200 -0.44756
v -0.47486 0.45200 -0.50232
v -0.38001 0.64574 -0.44756
v -0.47486 0.45200 -0.50232
v -0.43477 0.45200 -0.54240
v -0.38001 0.64574 -0.44756
v -0.43477 0.45200 -0.54240
v -0.38001 0.45200 -0.55707
v -0.38001 0.64574 -0.44756
v -0.76001 0.37999 -0.00000
v -0.70932 0.37999 -0.08782
v -0.76001 0.37999 -0.10140
v -0.67220 0.37999 -0.05070
v -0.81072 0.37999 -0.08782
v -0.65861 0.37999 -0.00000
v -0.84784 0.37999 -0.05070
v -0.67220 0.37999 0.05070
v -0.86140 0.37999 -0.00000
v -0.70932 0.37999 0.08781
v -0.84784 0.37999 0.05070
v -0.76001 0.37999 0.10140
v -0.81072 0.37999 0.08781
v -0.76001 0.37999 -0.10140
v -0.70932 0.37999 -0.08782
v -0.76001 0.55940 -0.00000
v -0.70932 0.37999 -0.08782
v -0.67220 0.37999 -0.05070
v -0.76001 0.55940 -0.00000
v -0.67220 0.37999 -0.05070
v -0.65861 0.37999 -0.00000
v -0.76001 0.55940 -0.00000
v -0.65861 0.37999 -0.00000
v -0.67220 0.37999 0.05070
v -0.76001 0.55940 -0.00000
v -0.67220 0.37999 0.05070
v -0.70932 0.37999 0.08781
v -0.76001 0.55940 -0.00000
v -0.70932 0.37999 0.08781
v -0.76001 0.37999 0.10140
v -0.76001 0.55940 -0.00000
v -0.76001 0.37999 0.10140
v -0.81072 0.37999 0.08781
v -0.76001 0.55940 -0.00000
v -0.81072 0.37999 0.08781
v -0.84784 0.37999 0.05070
v -0.76001 0.55940 -0.00000
v -0.84784 0.37999 0.05070
v -0.86140 0.37999 -0.00000
v -0.76001 0.55940 -0.00000
v -0.86140 0.37999 -0.00000
v -0.84784 0.37999 -0.05070
v -0.76001 0.55940 -0.00000
v -0.84784 0.37999 -0.05070
v -0.81072 0.37999 -0.08782
v -0.76001 0.55940 -0.00000
v -0.81072 0.37999 -0.08782
v -0.76001 0.37999 -0.10140
v -0.76001 0.55940 -0.00000
v -0.01502 0.15895 -0.31000
v 0.02896 0.15895 -0.37052
v -0.01502 0.15895 -0.38481
v 0.05614 0.15895 -0.33312
v -0.05898 0.15895 -0.37052
v 0.05614 0.15895 -0.28689
v -0.08616 0.15895 -0.33312
v 0.02896 0.15895 -0.24949
v -0.08616 0.15895 -0.28689
v -0.01502 0.15895 -0.23521
v -0.05898 0.15895 -0.24949
v -0.01502 0.15895 -0.38481
v 0.02896 0.15895 -0.37052
v -0.01502 0.24695 -0.31000
v 0.02896 0.15895 -0.37052
v 0.05614 0.15895 -0.33312
v -0.01502 0.24695 -0.31000
v 0.05614 0.15895 -0.33312
v 0.05614 0.15895 -0.28689
v -0.01502 0.24695 -0.31000
v 0.05614 0.15895 -0.28689
v 0.02896 0.15895 -0.24949
v -0.01502 0.24695 -0.31000
v 0.02896 0.15895 -0.24949
v -0.01502 0.15895 -0.23521
v -0.01502 0.24695 -0.31000
v -0.01502 0.15895 -0.23521
v -0.05898 0.15895 -0.24949
v -0.01502 0.24695 -0.31000
v -0.05898 0.15895 -0.24949
v -0.08616 0.15895 -0.28689
v -0.01502 0.24695 -0.31000
v -0.08616 0.15895 -0.28689
v -0.08616 0.15895 -0.33312
v -0.01502 0.24695 -0.31000
v -0.08616 0.15895 -0.33312
v -0.05898 0.15895 -0.37052
v -0.01502 0.24695 -0.31000
v -0.05898 0.15895 -0.37052
v -0.01502 0.15895 -0.38481
v -0.01502 0.24695 -0.31000
v -0.35001 0.60000 -0.29001
v -0.30036 0.60000 -0.35837
v -0.35001 0.60000 -0.37451
v -0.26965 0.60000 -0.31612
v -0.39967 0.60000 -0.35837
v -0.26965 0.60000 -0.26389
v -0.43038 0.60000 -0.31612
v -0.30036 0.60000 -0.22164
v -0.43038 0.60000 -0.26389
v -0.35001 0.60000 -0.20551
v -0.39967 0.60000 -0.22164
v -0.35001 0.60000 -0.37451
v -0.30036 0.60000 -0.35837
v -0.35001 0.78200 -0.29001
v -0.30036 0.60000 -0.35837
v -0.26965 0.60000 -0.31612
v -0.35001 0.78200 -0.29001
v -0.26965 0.60000 -0.31612
v -0.26965 0.60000 -0.26389
v -0.35001 0.78200 -0.29001
v -0.26965 0.60000 -0.26389
v -0.30036 0.60000 -0.22164
v -0.35001 0.78200 -0.29001
v -0.30036 0.60000 -0.22164
v -0.35001 0.60000 -0.20551
v -0.35001 0.78200 -0.29001
v -0.35001 0.60000 -0.20551
v -0.39967 0.60000 -0.22164
v -0.35001 0.78200 -0.29001
v -0.39967 0.60000 -0.22164
v -0.43038 0.60000 -0.26389
v -0.35001 0.78200 -0.29001
v -0.43038 0.60000 -0.26389
v -0.43038 0.60000 -0.31612
v -0.35001 0.78200 -0.29001
v -0.43038 0.60000 -0.31612
v -0.39967 0.60000 -0.35837
v -0.35001 0.78200 -0.29001
v -0.39967 0.60000 -0.35837
v -0.35001 0.60000 -0.37451
v -0.35001 0.78200 -0.29001
vn 0.0000 1.0000 -0.0000
vn 0.0000 1.0000 -0.0000
vn 0.0000 1.0000 -0.0000
vn 0.7071 -0.0000 0.7071
vn 0.7071 -0.0000 0.7071
vn 0.7071 -0.0000 0.7071
vn 0.2000 0.3041 0.9314
vn 0.2000 0.3041 0.9314
vn 0.2000 0.3041 0.9314
vn 0.2000 0.3041 0.9314
vn 0.5301 -0.8061 -0.2632
vn 0.5301 -0.8061 -0.2632
vn 0.5301 -0.8061 -0.2632
vn 0.5301 -0.8061 -0.2632
vn -0.0000 -0.7071 0.7071
vn -0.0000 -0.7071 0.7071
vn -0.0000 -0.7071 0.7071
vn -0.0000 -0.7071 0.7071
vn -0.0000 -0.7071 0.7071
vn -0.0000 -0.7071 0.7071
vn -0.0000 -0.7071 0.7071
vn -0.0000 -0.7071 0.7071
vn -0.0000 -0.7071 0.7071
vn -0.0000 -0.7071 0.7071
vn -0.0000 -0.7071 0.7071
vn -0.0000 -0.7071 0.7071
vn -0.0000 -0.7071 0.7071
vn -0.0000 -0.7071 0.7071
vn -0.0000 -0.7071 0.7071
vn -0.0000 -0.7071 0.7071
vn -0.0000 -0.7071 0.7071
vn 0.6614 -0.7418 -0.1110
vn 0.6614 -0.7418 -0.1110
vn 0.6614 -0.7418 -0.1110
vn 0.9373 -0.1493 0.3149
vn 0.9373 -0.1493 0.3149
vn 0.9373 -0.1493 0.3149
vn 0.6883 0.3740 0.6216
vn 0.6883 0.3740 0.6216
vn 0.6883 0.3740 0.6216
vn -0.5363 -0.3144 -0.7833
vn -0.5363 -0.3144 -0.7833
vn -0.5363 -0.3144 -0.7833
vn 0.3866 0.2101 0.8980
vn 0.3866 0.2101 0.8980
vn 0.3866 0.2101 0.8980
vn 0.2499 0.1835 0.9507
vn 0.2499 0.1835 0.9507
vn 0.2499 0.1835 0.9507
vn 0.1311 0.3560 0.9252
vn 0.1311 0.3560 0.9252
vn 0.1311 0.3560 0.9252
vn 0.0618 0.6675 0.7420
vn 0.0618 0.6675 0.7420
vn 0.0618 0.6675 0.7420
vn 0.0252 0.8617 0.5068
vn 0.0252 0.8617 0.5068
vn 0.0252 0.8617 0.5068
vn -0.1148 0.8959 0.4292
vn -0.1148 0.8959 0.4292
vn -0.1148 0.8959 0.4292
vn -0.3555 0.8505 0.3876
vn -0.3555 0.8505 0.3876
vn -0.3555 0.8505 0.3876
vn 0.5353 -0.7993 -0.2731
vn 0.5353 -0.7993 -0.2731
vn 0.5353 -0.7993 -0.2731
vn -0.0000 -0.7071 0.7071
vn -0.0000 -0.7071 0.7071
vn -0.0000 -0.7071 0.7071
vn -0.0000 -0.7071 0.7071
vn -0.0000 -0.7071 0.7071
vn -0.0000 -0.7071 0.7071
vn -0.0000 -0.7071 0.7071
vn -0.0000 -0.7071 0.7071
vn -0.0000 -0.7071 0.7071
vn -0.0000 -0.7071 0.7071
vn -0.0000 -0.7071 0.7071
vn -0.0000 -0.7071 0.7071
vn -0.0000 -0.7071 0.7071
vn 0.6614 -0.7418 -0.1110
vn 0.6614 -0.7418 -0.1110
vn 0.6614 -0.7418 -0.1110
vn 0.9373 -0.1493 0.3149
vn 0.9373 -0.1493 0.3149
vn 0.9373 -0.1493 0.3149
vn 0.6883 0.3740 0.6216
vn 0.6883 0.3740 0.6216
vn 0.6883 0.3740 0.6216
vn -0.5363 -0.3144 -0.7833
vn -0.5363 -0.3144 -0.7833
vn -0.5363 -0.3144 -0.7833
vn 0.3866 0.2101 0.8980
vn 0.3866 0.2101 0.8980
vn 0.3866 0.2101 0.8980
vn 0.2499 0.1835 0.9507
vn 0.2499 0.1835 0.9507
vn 0.2499 0.1835 0.9507
vn 0.1311 0.3560 0.9252
vn 0.1311 0.3560 0.9252
vn 0.1311 0.3560 0.9252
vn 0.0618 0.6675 0.7420
vn 0.0618 0.6675 0.7420
vn 0.0618 0.6675 0.7420
vn 0.0252 0.8617 0.5068
vn 0.0252 0.8617 0.5068
vn 0.0252 0.8617 0.5068
vn -0.1148 0.8959 0.4292
vn -0.1148 0.8959 0.4292
vn -0.1148 0.8959 0.4292
vn -0.3555 0.8505 0.3876
vn -0.3555 0.8505 0.3876
vn -0.3555 0.8505 0.3876
vn 0.5353 -0.7993 -0.2731
vn 0.5353 -0.7993 -0.2731
vn 0.5353 -0.7993 -0.2731
vn -0.0000 -0.7071 0.7071
vn -0.0000 -0.7071 0.7071
vn -0.0000 -0.7071 0.7071
vn -0.0000 -0.7071 0.7071
vn -0.0000 -0.7071 0.7071
vn -0.0000 -0.7071 0.7071
vn -0.0000 -0.7071 0.7071
vn -0.0000 -0.7071 0.7071
vn -0.0000 -0.7071 0.7071
vn -0.0000 -0.7071 0.7071
vn -0.0000 -0.7071 0.7071
vn -0.0000 -0.7071 0.7071
vn -0.0000 -0.7071 0.7071
vn 0.6614 -0.7418 -0.1110
vn 0.6614 -0.7418 -0.1110
vn 0.6614 -0.7418 -0.1110
vn 0.9373 -0.1493 0.3149
vn 0.9373 -0.1493 0.3149
vn 0.9373 -0.1493 0.3149
vn 0.6883 0.3740 0.6216
vn 0.6883 0.3740 0.6216
vn 0.6883 0.3740 0.6216
vn -0.5363 -0.3144 -0.7833
vn -0.5363 -0.3144 -0.7833
vn -0.5363 -0.3144 -0.7833
vn 0.3866 0.2101 0.8980
vn 0.3866 0.2101 0.8980
vn 0.3866 0.2101 0.8980
vn 0.2499 0.1835 0.9507
vn 0.2499 0.1835 0.9507
vn 0.2499 0.1835 0.9507
vn 0.1311 0.3560 0.9252
vn 0.1311 0.3560 0.9252
vn 0.1311 0.3560 0.9252
vn 0.0618 0.6675 0.7420
vn 0.0618 0.6675 0.7420
vn 0.0618 0.6675 0.7420
vn 0.0252 0.8617 0.5068
vn 0.0252 0.8617 0.5068
vn 0.0252 0.8617 0.5068
vn -0.1148 0.8959 0.4292
vn -0.1148 0.8959 0.4292
vn -0.1148 0.8959 0.4292
vn -0.3555 0.8505 0.3876
vn -0.3555 0.8505 0.3876
vn -0.3555 0.8505 0.3876
vn 0.5353 -0.7993 -0.2731
vn 0.5353 -0.7993 -0.2731
vn 0.5353 -0.7993 -0.2731
vn -0.0000 -0.7071 0.7071
vn -0.0000 -0.7071 0.7071
vn -0.0000 -0.7071 0.7071
vn -0.0000 -0.7071 0.7071
vn -0.0000 -0.7071 0.7071
vn -0.0000 -0.7071 0.7071
vn -0.0000 -0.7071 0.7071
vn -0.0000 -0.7071 0.7071
vn -0.0000 -0.7071 0.7071
vn -0.0000 -0.7071 0.7071
vn -0.0000 -0.7071 0.7071
vn -0.0000 -0.7071 0.7071
vn -0.0000 -0.7071 0.7071
vn 0.6614 -0.7418 -0.1110
vn 0.6614 -0.7418 -0.1110
vn 0.6614 -0.7418 -0.1110
vn 0.9373 -0.1493 0.3149
vn 0.9373 -0.1493 0.3149
vn 0.9373 -0.1493 0.3149
vn 0.6883 0.3740 0.6216
vn 0.6883 0.3740 0.6216
vn 0.6883 0.3740 0.6216
vn -0.5363 -0.3144 -0.7833
vn -0.5363 -0.3144 -0.7833
vn -0.5363 -0.3144 -0.7833
vn 0.3866 0.2101 0.8980
vn 0.3866 0.2101 0.8980
vn 0.3866 0.2101 0.8980
vn 0.2499 0.1835 0.9507
vn 0.2499 0.1835 0.9507
vn 0.2499 0.1835 0.9507
vn 0.1311 0.3560 0.9252
vn 0.1311 0.3560 0.9252
vn 0.1311 0.3560 0.9252
vn 0.0618 0.6675 0.7420
vn 0.0618 0.6675 0.7420
vn 0.0618 0.6675 0.7420
vn 0.0252 0.8617 0.5068
vn 0.0252 0.8617 0.5068
vn 0.0252 0.8617 0.5068
vn -0.1148 0.8959 0.4292
vn -0.1148 0.8959 0.4292
vn -0.1148 0.8959 0.4292
vn -0.3555 0.8505 0.3876
vn -0.3555 0.8505 0.3876
vn -0.3555 0.8505 0.3876
vn 0.5353 -0.7993 -0.2731
vn 0.5353 -0.7993 -0.2731
vn 0.5353 -0.7993 -0.2731
vn -0.0000 -0.7071 0.7071
vn -0.0000 -0.7071 0.7071
vn -0.0000 -0.7071 0.7071
vn -0.0000 -0.7071 0.7071
vn -0.0000 -0.7071 0.7071
vn -0.0000 -0.7071 0.7071
vn -0.0000 -0.7071 0.7071
vn -0.0000 -0.7071 0.7071
vn -0.0000 -0.7071 0.7071
vn -0.0000 -0.7071 0.7071
vn -0.0000 -0.7071 0.7071
vn 0.5104 -0.8289 -0.2291
vn 0.5104 -0.8289 -0.2291
vn 0.5104 -0.8289 -0.2291
vn -0.5231 -0.6768 -0.5179
vn -0.5231 -0.6768 -0.5179
vn -0.5231 -0.6768 -0.5179
vn -0.5216 -0.4784 -0.7065
vn -0.5216 -0.4784 -0.7065
vn -0.5216 -0.4784 -0.7065
vn 0.3887 0.3478 0.8532
vn 0.3887 0.3478 0.8532
vn 0.3887 0.3478 0.8532
vn 0.2564 0.2846 0.9237
vn 0.2564 0.2846 0.9237
vn 0.2564 0.2846 0.9237
vn 0.1506 0.4269 0.8917
vn 0.1506 0.4269 0.8917
vn 0.1506 0.4269 0.8917
vn 0.0710 0.6917 0.7187
vn 0.0710 0.6917 0.7187
vn 0.0710 0.6917 0.7187
vn -0.0517 0.8268 0.5601
vn -0.0517 0.8268 0.5601
vn -0.0517 0.8268 0.5601
vn -0.2812 0.8310 0.4799
vn -0.2812 0.8310 0.4799
vn -0.2812 0.8310 0.4799
vn 0.4567 -0.8146 -0.3575
vn 0.4567 -0.8146 -0.3575
vn 0.4567 -0.8146 -0.3575
vn -0.0000 -0.7071 0.7071
vn -0.0000 -0.7071 0.7071
vn -0.0000 -0.7071 0.7071
vn -0.0000 -0.7071 0.7071
vn -0.0000 -0.7071 0.7071
vn -0.0000 -0.7071 0.7071
vn -0.0000 -0.7071 0.7071
vn -0.0000 -0.7071 0.7071
vn -0.0000 -0.7071 0.7071
vn -0.0000 -0.7071 0.7071
vn -0.0000 -0.7071 0.7071
vn 0.7273 -0.6853 -0.0381
vn 0.7273 -0.6853 -0.0381
vn 0.7273 -0.6853 -0.0381
vn 0.8846 0.1069 0.4539
vn 0.8846 0.1069 0.4539
vn 0.8846 0.1069 0.4539
vn -0.6419 -0.2965 -0.7071
vn -0.6419 -0.2965 -0.7071
vn -0.6419 -0.2965 -0.7071
vn 0.4449 0.1871 0.8758
vn 0.4449 0.1871 0.8758
vn 0.4449 0.1871 0.8758
vn 0.2575 0.1279 0.9578
vn 0.2575 0.1279 0.9578
vn 0.2575 0.1279 0.9578
vn 0.0931 0.3635 0.9269
vn 0.0931 0.3635 0.9269
vn 0.0931 0.3635 0.9269
vn 0.0314 0.7771 0.6286
vn 0.0314 0.7771 0.6286
vn 0.0314 0.7771 0.6286
vn -0.0157 0.9221 0.3867
vn -0.0157 0.9221 0.3867
vn -0.0157 0.9221 0.3867
vn -0.2785 0.8875 0.3672
vn -0.2785 0.8875 0.3672
vn -0.2785 0.8875 0.3672
vn -0.5436 0.7997 0.2549
vn -0.5436 0.7997 0.2549
vn -0.5436 0.7997 0.2549
f 4027//4027 4029//4029 4028//4028
f 4027//4027 4028//4028 4030//4030
f 4027//4027 4031//4031 4029//4029
f 4027//4027 4030//4030 4032//4032
f 4027//4027 4033//4033 4031//4031
f 4027//4027 4032//4032 4034//4034
f 4027//4027 4035//4035 4033//4033
f 4027//4027 4034//4034 4036//4036
f 4027//4027 4037//4037 4035//4035
f 4027//4027 4036//4036 4038//4038
f 4027//4027 4039//4039 4037//4037
f 4027//4027 4038//4038 4039//4039
f 4040//4040 4042//4042 4041//4041
f 4043//4043 4045//4045 4044//4044
f 4046//4046 4048//4048 4047//4047
f 4049//4049 4051//4051 4050//4050
f 4052//4052 4054//4054 4053//4053
f 4055//4055 4057//4057 4056//4056
f 4058//4058 4060//4060 4059//4059
f 4061//4061 4063//4063 4062//4062
f 4064//4064 4066//4066 4065//4065
f 4067//4067 4069//4069 4068//4068
f 4070//4070 4072//4072 4071//4071
f 4073//4073 4075//4075 4074//4074
f 4076//4076 4078//4078 4077//4077
f 4076//4076 4077//4077 4079//4079
f 4076//4076 4080//4080 4078//4078
f 4076//4076 4079//4079 4081//4081
f 4076//4076 4082//4082 4080//4080
f 4076//4076 4081//4081 4083//4083
f 4076//4076 4084//4084 4082//4082
f 4076//4076 4083//4083 4085//4085
f 4076//4076 4086//4086 4084//4084
f 4076//4076 4085//4085 4087//4087
f 4076//4076 4088//4088 4086//4086
f 4076//4076 4087//4087 4088//4088
f 4089//4089 4091//4091 4090//4090
f 4092//4092 4094//4094 4093//4093
f 4095//4095 4097//4097 4096//4096
f 4098//4098 4100//4100 4099//4099
f 4101//4101 4103//4103 4102//4102
f 4104//4104 4106//4106 4105//4105
f 4107//4107 4109//4109 4108//4108
f 4110//4110 4112//4112 4111//4111
f 4113//4113 4115//4115 4114//4114
f 4116//4116 4118//4118 4117//4117
f 4119//4119 4121//4121 4120//4120
f 4122//4122 4124//4124 4123//4123
f 4125//4125 4127//4127 4126//4126
f 4125//4125 4126//4126 4128//4128
f 4125//4125 4129//4129 4127//4127
f 4125//4125 4128//4128 4130//4130
f 4125//4125 4131//4131 4129//4129
f 4125//4125 4130//4130 4132//4132
f 4125//4125 4133//4133 4131//4131
f 4125//4125 4132//4132 4134//4134
f 4125//4125 4135//4135 4133//4133
f 4125//4125 4134//4134 4136//4136
f 4125//4125 4137//4137 4135//4135
f 4125//4125 4136//4136 4137//4137
f 4138//4138 4140//4140 4139//4139
f 4141//4141 4143//4143 4142//4142
f 4144//4144 4146//4146 4145//4145
f 4147//4147 4149//4149 4148//4148
f 4150//4150 4152//4152 4151//4151
f 4153//4153 4155//4155 4154//4154
f 4156//4156 4158//4158 4157//4157
f 4159//4159 4161//4161 4160//4160
f 4162//4162 4164//4164 4163//4163
f 4165//4165 4167//4167 4166//4166
f 4168//4168 4170//4170 4169//4169
f 4171//4171 4173//4173 4172//4172
f 4174//4174 4176//4176 4175//4175
f 4174//4174 4175//4175 4177//4177
f 4174//4174 4178//4178 4176//4176
f 4174//4174 4177//4177 4179//4179
f 4174//4174 4180//4180 4178//4178
f 4174//4174 4179//4179 4181//4181
f 4174//4174 4182//4182 4180//4180
f 4174//4174 4181//4181 4183//4183
f 4174//4174 4184//4184 4182//4182
f 4174//4174 4183//4183 4185//4185
f 4174//4174 4186//4186 4184//4184
f 4174//4174 4185//4185 4186//4186
f 4187//4187 4189//4189 4188//4188
f 4190//4190 4192//4192 4191//4191
f 4193//4193 4195//4195 4194//4194
f 4196//4196 4198//4198 4197//4197
f 4199//4199 4201//4201 4200//4200
f 4202//4202 4204//4204 4203//4203
f 4205//4205 4207//4207 4206//4206
f 4208//4208 4210//4210 4209//4209
f 4211//4211 4213//4213 4212//4212
f 4214//4214 4216//4216 4215//4215
f 4217//4217 4219//4219 4218//4218
f 4220//4220 4222//4222 4221//4221
f 4009//4009 4011//4011 4010//4010
f 4012//4012 4014//4014 4013//4013
f 4015//4015 4017//4017 4016//4016
f 4015//4015 4016//4016 4018//4018
f 4019//4019 4021//4021 4020//4020
f 4019//4019 4020//4020 4022//4022
f 4023//4023 4025//4025 4024//4024
f 4023//4023 4024//4024 4026//4026
f 4223//4223 4225//4225 4224//4224
f 4223//4223 4224//4224 4226//4226
f 4223//4223 4227//4227 4225//4225
f 4223//4223 4226//4226 4228//4228
f 4223//4223 4229//4229 4227//4227
f 4223//4223 4228//4228 4230//4230
f 4223//4223 4231//4231 4229//4229
f 4223//4223 4230//4230 4232//4232
f 4223//4223 4233//4233 4231//4231
f 4223//4223 4232//4232 4233//4233
f 4234//4234 4236//4236 4235//4235
f 4237//4237 4239//4239 4238//4238
f 4240//4240 4242//4242 4241//4241
f 4243//4243 4245//4245 4244//4244
f 4246//4246 4248//4248 4247//4247
f 4249//4249 4251//4251 4250//4250
f 4252//4252 4254//4254 4253//4253
f 4255//4255 4257//4257 4256//4256
f 4258//4258 4260//4260 4259//4259
f 4261//4261 4263//4263 4262//4262
f 4264//4264 4266//4266 4265//4265
f 4264//4264 4265//4265 4267//4267
f 4264//4264 4268//4268 4266//4266
f 4264//4264 4267//4267 4269//4269
f 4264//4264 4270//4270 4268//4268
f 4264//4264 4269//4269 4271//4271
f 4264//4264 4272//4272 4270//4270
f 4264//4264 4271//4271 4273//4273
f 4264//4264 4274//4274 4272//4272
f 4264//4264 4273//4273 4274//4274
f 4275//4275 4277//4277 4276//4276
f 4278//4278 4280//4280 4279//4279
f 4281//4281 4283//4283 4282//4282
f 4284//4284 4286//4286 4285//4285
f 4287//4287 4289//4289 4288//4288
f 4290//4290 4292//4292 4291//4291
f 4293//4293 4295//4295 4294//4294
f 4296//4296 4298//4298 4297//4297
f 4299//4299 4301//4301 4300//4300
f 4302//4302 4304//4304 4303//4303
g core_window
usemtl window
v 0.04759 0.05984 -0.23151
v 0.04759 0.12584 -0.23950
v 0.04759 0.12584 -0.23151
v 0.04759 0.05984 -0.23950
v 0.04759 0.05984 -0.23950
v 0.06758 0.12584 -0.23950
v 0.04759 0.12584 -0.23950
v 0.06758 0.05984 -0.23950
v 0.06758 0.05984 -0.23950
v 0.06758 0.12584 -0.23151
v 0.06758 0.12584 -0.23950
v 0.06758 0.05984 -0.23151
v 0.06758 0.05984 -0.23151
v 0.04759 0.12584 -0.23151
v 0.06758 0.12584 -0.23151
v 0.04759 0.05984 -0.23151
v 0.04759 0.05984 -0.23950
v 0.06758 0.05984 -0.23151
v 0.06758 0.05984 -0.23950
v 0.04759 0.05984 -0.23151
v 0.06758 0.12584 -0.23950
v 0.04759 0.12584 -0.23151
v 0.04759 0.12584 -0.23950
v 0.06758 0.12584 -0.23151
v 0.13998 0.05984 -0.23151
v 0.13998 0.12584 -0.23950
v 0.13998 0.12584 -0.23151
v 0.13998 0.05984 -0.23950
v 0.13998 0.05984 -0.23950
v 0.16000 0.12584 -0.23950
v 0.13998 0.12584 -0.23950
v 0.16000 0.05984 -0.23950
v 0.16000 0.05984 -0.23950
v 0.16000 0.12584 -0.23151
v 0.16000 0.12584 -0.23950
v 0.16000 0.05984 -0.23151
v 0.16000 0.05984 -0.23151
v 0.13998 0.12584 -0.23151
v 0.16000 0.12584 -0.23151
v 0.13998 0.05984 -0.23151
v 0.13998 0.05984 -0.23950
v 0.16000 0.05984 -0.23151
v 0.16000 0.05984 -0.23950
v 0.13998 0.05984 -0.23151
v 0.16000 0.12584 -0.23950
v 0.13998 0.12584 -0.23151
v 0.13998 0.12584 -0.23950
v 0.16000 0.12584 -0.23151
v 0.23240 0.05984 -0.23151
v 0.23240 0.12584 -0.23950
v 0.23240 0.12584 -0.23151
v 0.23240 0.05984 -0.23950
v 0.23240 0.05984 -0.23950
v 0.25239 0.12584 -0.23950
v 0.23240 0.12584 -0.23950
v 0.25239 0.05984 -0.23950
v 0.25239 0.05984 -0.23950
v 0.25239 0.12584 -0.23151
v 0.25239 0.12584 -0.23950
v 0.25239 0.05984 -0.23151
v 0.25239 0.05984 -0.23151
v 0.23240 0.12584 -0.23151
v 0.25239 0.12584 -0.23151
v 0.23240 0.05984 -0.23151
v 0.23240 0.05984 -0.23950
v 0.25239 0.05984 -0.23151
v 0.25239 0.05984 -0.23950
v 0.23240 0.05984 -0.23151
v 0.25239 0.12584 -0.23950
v 0.23240 0.12584 -0.23151
v 0.23240 0.12584 -0.23950
v 0.25239 0.12584 -0.23151
v 0.33480 0.28512 -0.24251
v 0.33480 0.34012 -0.25051
v 0.33480 0.34012 -0.24251
v 0.33480 0.28512 -0.25051
v 0.33480 0.28512 -0.25051
v 0.36119 0.34012 -0.25051
v 0.33480 0.34012 -0.25051
v 0.36119 0.28512 -0.25051
v 0.36119 0.28512 -0.25051
v 0.36119 0.34012 -0.24251
v 0.36119 0.34012 -0.25051
v 0.36119 0.28512 -0.24251
v 0.36119 0.28512 -0.24251
v 0.33480 0.34012 -0.24251
v 0.36119 0.34012 -0.24251
v 0.33480 0.28512 -0.24251
v 0.33480 0.28512 -0.25051
v 0.36119 0.28512 -0.24251
v 0.36119 0.28512 -0.25051
v 0.33480 0.28512 -0.24251
v 0.36119 0.34012 -0.25051
v 0.33480 0.34012 -0.24251
v 0.33480 0.34012 -0.25051
v 0.36119 0.34012 -0.24251
v 0.75199 0.18000 0.08399
v 0.75199 0.22000 0.07400
v 0.75199 0.22000 0.08399
v 0.75199 0.18000 0.07400
v 0.75199 0.18000 0.07400
v 0.76800 0.22000 0.07400
v 0.75199 0.22000 0.07400
v 0.76800 0.18000 0.07400
v 0.76800 0.18000 0.07400
v 0.76800 0.22000 0.08399
v 0.76800 0.22000 0.07400
v 0.76800 0.18000 0.08399
v 0.76800 0.18000 0.08399
v 0.75199 0.22000 0.08399
v 0.76800 0.22000 0.08399
v 0.75199 0.18000 0.08399
v 0.75199 0.18000 0.07400
v 0.76800 0.18000 0.08399
v 0.76800 0.18000 0.07400
v 0.75199 0.18000 0.08399
v 0.76800 0.22000 0.07400
v 0.75199 0.22000 0.08399
v 0.75199 0.22000 0.07400
v 0.76800 0.22000 0.08399
v 0.37199 0.21600 -0.35733
v 0.37199 0.25600 -0.36732
v 0.37199 0.25600 -0.35733
v 0.37199 0.21600 -0.36732
v 0.37199 0.21600 -0.36732
v 0.38798 0.25600 -0.36732
v 0.37199 0.25600 -0.36732
v 0.38798 0.21600 -0.36732
v 0.38798 0.21600 -0.36732
v 0.38798 0.25600 -0.35733
v 0.38798 0.25600 -0.36732
v 0.38798 0.21600 -0.35733
v 0.38798 0.21600 -0.35733
v 0.37199 0.25600 -0.35733
v 0.38798 0.25600 -0.35733
v 0.37199 0.21600 -0.35733
v 0.37199 0.21600 -0.36732
v 0.38798 0.21600 -0.35733
v 0.38798 0.21600 -0.36732
v 0.37199 0.21600 -0.35733
v 0.38798 0.25600 -0.36732
v 0.37199 0.25600 -0.35733
v 0.37199 0.25600 -0.36732
v 0.38798 0.25600 -0.35733
v -0.38800 0.21600 -0.35733
v -0.38800 0.25600 -0.36732
v -0.38800 0.25600 -0.35733
v -0.38800 0.21600 -0.36732
v -0.38800 0.21600 -0.36732
v -0.37202 0.25600 -0.36732
v -0.38800 0.25600 -0.36732
v -0.37202 0.21600 -0.36732
v -0.37202 0.21600 -0.36732
v -0.37202 0.25600 -0.35733
v -0.37202 0.25600 -0.36732
v -0.37202 0.21600 -0.35733
v -0.37202 0.21600 -0.35733
v -0.38800 0.25600 -0.35733
v -0.37202 0.25600 -0.35733
v -0.38800 0.21600 -0.35733
v -0.38800 0.21600 -0.36732
v -0.37202 0.21600 -0.35733
v -0.37202 0.21600 -0.36732
v -0.38800 0.21600 -0.35733
v -0.37202 0.25600 -0.36732
v -0.38800 0.25600 -0.35733
v -0.38800 0.25600 -0.36732
v -0.37202 0.25600 -0.35733
v -0.76800 0.18000 0.08399
v -0.76800 0.22000 0.07400
v -0.76800 0.22000 0.08399
v -0.76800 0.18000 0.07400
v -0.76800 0.18000 0.07400
v -0.75202 0.22000 0.07400
v -0.76800 0.22000 0.07400
v -0.75202 0.18000 0.07400
v -0.75202 0.18000 0.07400
v -0.75202 0.22000 0.08399
v -0.75202 0.22000 0.07400
v -0.75202 0.18000 0.08399
v -0.75202 0.18000 0.08399
v -0.76800 0.22000 0.08399
v -0.75202 0.22000 0.08399
v -0.76800 0.18000 0.08399
v -0.76800 0.18000 0.07400
v -0.75202 0.18000 0.08399
v -0.75202 0.18000 0.07400
v -0.76800 0.18000 0.08399
v -0.75202 0.22000 0.07400
v -0.76800 0.22000 0.08399
v -0.76800 0.22000 0.07400
v -0.75202 0.22000 0.08399
v 0.10499 0.04700 -0.00200
v 0.11793 0.05100 0.00220
v 0.10499 0.05100 -0.00200
v 0.11793 0.04700 0.00220
v 0.11793 0.04700 0.00220
v 0.12592 0.05100 0.01320
v 0.11793 0.05100 0.00220
v 0.12592 0.04700 0.01320
v 0.12592 0.04700 0.01320
v 0.12592 0.05100 0.02679
v 0.12592 0.05100 0.01320
v 0.12592 0.04700 0.02679
v 0.12592 0.04700 0.02679
v 0.11793 0.05100 0.03779
v 0.12592 0.05100 0.02679
v 0.11793 0.04700 0.03779
v 0.11793 0.04700 0.03779
v 0.10499 0.05100 0.04199
v 0.11793 0.05100 0.03779
v 0.10499 0.04700 0.04199
v 0.10499 0.04700 0.04199
v 0.09205 0.05100 0.03779
v 0.10499 0.05100 0.04199
v 0.09205 0.04700 0.03779
v 0.09205 0.04700 0.03779
v 0.08406 0.05100 0.02679
v 0.09205 0.05100 0.03779
v 0.08406 0.04700 0.02679
v 0.08406 0.04700 0.02679
v 0.08406 0.05100 0.01320
v 0.08406 0.05100 0.02679
v 0.08406 0.04700 0.01320
v 0.12592 0.05100 0.01320
v 0.10499 0.05100 -0.00200
v 0.11793 0.05100 0.00220
v 0.08406 0.05100 0.01320
v 0.09205 0.05100 0.00220
v 0.11793 0.05100 0.03779
v 0.12592 0.05100 0.02679
v 0.09205 0.05100 0.03779
v 0.10499 0.05100 0.04199
v 0.08406 0.05100 0.02679
v 0.08406 0.04700 0.01320
v 0.09205 0.05100 0.00220
v 0.08406 0.05100 0.01320
v 0.09205 0.04700 0.00220
v 0.09205 0.04700 0.00220
v 0.10499 0.05100 -0.00200
v 0.09205 0.05100 0.00220
v 0.10499 0.04700 -0.00200
v 0.09205 0.04700 0.00220
v 0.11793 0.04700 0.00220
v 0.10499 0.04700 -0.00200
v 0.12592 0.04700 0.02679
v 0.12592 0.04700 0.01320
v 0.08406 0.04700 0.02679
v 0.08406 0.04700 0.01320
v 0.10499 0.04700 0.04199
v 0.09205 0.04700 0.03779
v 0.11793 0.04700 0.03779
v -0.35800 0.29000 -0.21900
v -0.35800 0.33000 -0.22901
v -0.35800 0.33000 -0.21900
v -0.35800 0.29000 -0.22901
v -0.35800 0.29000 -0.22901
v -0.34202 0.33000 -0.22901
v -0.35800 0.33000 -0.22901
v -0.34202 0.29000 -0.22901
v -0.34202 0.29000 -0.22901
v -0.34202 0.33000 -0.21900
v -0.34202 0.33000 -0.22901
v -0.34202 0.29000 -0.21900
v -0.34202 0.29000 -0.21900
v -0.35800 0.33000 -0.21900
v -0.34202 0.33000 -0.21900
v -0.35800 0.29000 -0.21900
v -0.35800 0.29000 -0.22901
v -0.34202 0.29000 -0.21900
v -0.34202 0.29000 -0.22901
v -0.35800 0.29000 -0.21900
v -0.34202 0.33000 -0.22901
v -0.35800 0.33000 -0.21900
v -0.35800 0.33000 -0.22901
v -0.34202 0.33000 -0.21900
v -0.01201 0.23256 0.50955
v -0.01201 0.26256 0.50155
v -0.01201 0.26256 0.50955
v -0.01201 0.23256 0.50155
v -0.01201 0.23256 0.50155
v 0.01199 0.26256 0.50155
v -0.01201 0.26256 0.50155
v 0.01199 0.23256 0.50155
v 0.01199 0.23256 0.50155
v 0.01199 0.26256 0.50955
v 0.01199 0.26256 0.50155
v 0.01199 0.23256 0.50955
v 0.01199 0.23256 0.50955
v -0.01201 0.26256 0.50955
v 0.01199 0.26256 0.50955
v -0.01201 0.23256 0.50955
v -0.01201 0.23256 0.50155
v 0.01199 0.23256 0.50955
v 0.01199 0.23256 0.50155
v -0.01201 0.23256 0.50955
v 0.01199 0.26256 0.50155
v -0.01201 0.26256 0.50955
v -0.01201 0.26256 0.50155
v 0.01199 0.26256 0.50955
v -0.23001 0.03181 -0.23800
v -0.23001 0.06382 -0.24600
v -0.23001 0.06382 -0.23800
v -0.23001 0.03181 -0.24600
v -0.23001 0.03181 -0.24600
v -0.20601 0.06382 -0.24600
v -0.23001 0.06382 -0.24600
v -0.20601 0.03181 -0.24600
v -0.20601 0.03181 -0.24600
v -0.20601 0.06382 -0.23800
v -0.20601 0.06382 -0.24600
v -0.20601 0.03181 -0.23800
v -0.20601 0.03181 -0.23800
v -0.23001 0.06382 -0.23800
v -0.20601 0.06382 -0.23800
v -0.23001 0.03181 -0.23800
v -0.23001 0.03181 -0.24600
v -0.20601 0.03181 -0.23800
v -0.20601 0.03181 -0.24600
v -0.23001 0.03181 -0.23800
v -0.20601 0.06382 -0.24600
v -0.23001 0.06382 -0.23800
v -0.23001 0.06382 -0.24600
v -0.20601 0.06382 -0.23800
v -0.23001 0.11554 -0.23800
v -0.23001 0.14754 -0.24600
v -0.23001 0.14754 -0.23800
v -0.23001 0.11554 -0.24600
v -0.23001 0.11554 -0.24600
v -0.20601 0.14754 -0.24600
v -0.23001 0.14754 -0.24600
v -0.20601 0.11554 -0.24600
v -0.20601 0.11554 -0.24600
v -0.20601 0.14754 -0.23800
v -0.20601 0.14754 -0.24600
v -0.20601 0.11554 -0.23800
v -0.20601 0.11554 -0.23800
v -0.23001 0.14754 -0.23800
v -0.20601 0.14754 -0.23800
v -0.23001 0.11554 -0.23800
v -0.23001 0.11554 -0.24600
v -0.20601 0.11554 -0.23800
v -0.20601 0.11554 -0.24600
v -0.23001 0.11554 -0.23800
v -0.20601 0.14754 -0.24600
v -0.23001 0.14754 -0.23800
v -0.23001 0.14754 -0.24600
v -0.20601 0.14754 -0.23800
v -0.13401 0.11554 -0.23800
v -0.13401 0.14754 -0.24600
v -0.13401 0.14754 -0.23800
v -0.13401 0.11554 -0.24600
v -0.13401 0.11554 -0.24600
v -0.11001 0.14754 -0.24600
v -0.13401 0.14754 -0.24600
v -0.11001 0.11554 -0.24600
v -0.11001 0.11554 -0.24600
v -0.11001 0.14754 -0.23800
v -0.11001 0.14754 -0.24600
v -0.11001 0.11554 -0.23800
v -0.11001 0.11554 -0.23800
v -0.13401 0.14754 -0.23800
v -0.11001 0.14754 -0.23800
v -0.13401 0.11554 -0.23800
v -0.13401 0.11554 -0.24600
v -0.11001 0.11554 -0.23800
v -0.11001 0.11554 -0.24600
v -0.13401 0.11554 -0.23800
v -0.11001 0.14754 -0.24600
v -0.13401 0.14754 -0.23800
v -0.13401 0.14754 -0.24600
v -0.11001 0.14754 -0.23800
v -0.23001 0.19927 -0.23800
v -0.23001 0.23127 -0.24600
v -0.23001 0.23127 -0.23800
v -0.23001 0.19927 -0.24600
v -0.23001 0.19927 -0.24600
v -0.20601 0.23127 -0.24600
v -0.23001 0.23127 -0.24600
v -0.20601 0.19927 -0.24600
v -0.20601 0.19927 -0.24600
v -0.20601 0.23127 -0.23800
v -0.20601 0.23127 -0.24600
v -0.20601 0.19927 -0.23800
v -0.20601 0.19927 -0.23800
v -0.23001 0.23127 -0.23800
v -0.20601 0.23127 -0.23800
v -0.23001 0.19927 -0.23800
v -0.23001 0.19927 -0.24600
v -0.20601 0.19927 -0.23800
v -0.20601 0.19927 -0.24600
v -0.23001 0.19927 -0.23800
v -0.20601 0.23127 -0.24600
v -0.23001 0.23127 -0.23800
v -0.23001 0.23127 -0.24600
v -0.20601 0.23127 -0.23800
v -0.13401 0.19927 -0.23800
v -0.13401 0.23127 -0.24600
v -0.13401 0.23127 -0.23800
v -0.13401 0.19927 -0.24600
v -0.13401 0.19927 -0.24600
v -0.11001 0.23127 -0.24600
v -0.13401 0.23127 -0.24600
v -0.11001 0.19927 -0.24600
v -0.11001 0.19927 -0.24600
v -0.11001 0.23127 -0.23800
v -0.11001 0.23127 -0.24600
v -0.11001 0.19927 -0.23800
v -0.11001 0.19927 -0.23800
v -0.13401 0.23127 -0.23800
v -0.11001 0.23127 -0.23800
v -0.13401 0.19927 -0.23800
v -0.13401 0.19927 -0.24600
v -0.11001 0.19927 -0.23800
v -0.11001 0.19927 -0.24600
v -0.13401 0.19927 -0.23800
v -0.11001 0.23127 -0.24600
v -0.13401 0.23127 -0.23800
v -0.13401 0.23127 -0.24600
v -0.11001 0.23127 -0.23800
v -0.23001 0.28300 -0.23800
v -0.23001 0.31500 -0.24600
v -0.23001 0.31500 -0.23800
v -0.23001 0.28300 -0.24600
v -0.23001 0.28300 -0.24600
v -0.20601 0.31500 -0.24600
v -0.23001 0.31500 -0.24600
v -0.20601 0.28300 -0.24600
v -0.20601 0.28300 -0.24600
v -0.20601 0.31500 -0.23800
v -0.20601 0.31500 -0.24600
v -0.20601 0.28300 -0.23800
v -0.20601 0.28300 -0.23800
v -0.23001 0.31500 -0.23800
v -0.20601 0.31500 -0.23800
v -0.23001 0.28300 -0.23800
v -0.23001 0.28300 -0.24600
v -0.20601 0.28300 -0.23800
v -0.20601 0.28300 -0.24600
v -0.23001 0.28300 -0.23800
v -0.20601 0.31500 -0.24600
v -0.23001 0.31500 -0.23800
v -0.23001 0.31500 -0.24600
v -0.20601 0.31500 -0.23800
v -0.13401 0.28300 -0.23800
v -0.13401 0.31500 -0.24600
v -0.13401 0.31500 -0.23800
v -0.13401 0.28300 -0.24600
v -0.13401 0.28300 -0.24600
v -0.11001 0.31500 -0.24600
v -0.13401 0.31500 -0.24600
v -0.11001 0.28300 -0.24600
v -0.11001 0.28300 -0.24600
v -0.11001 0.31500 -0.23800
v -0.11001 0.31500 -0.24600
v -0.11001 0.28300 -0.23800
v -0.11001 0.28300 -0.23800
v -0.13401 0.31500 -0.23800
v -0.11001 0.31500 -0.23800
v -0.13401 0.28300 -0.23800
v -0.13401 0.28300 -0.24600
v -0.11001 0.28300 -0.23800
v -0.11001 0.28300 -0.24600
v -0.13401 0.28300 -0.23800
v -0.11001 0.31500 -0.24600
v -0.13401 0.31500 -0.23800
v -0.13401 0.31500 -0.24600
v -0.11001 0.31500 -0.23800
v -0.21001 0.29390 -0.01901
v -0.21001 0.31990 -0.02701
v -0.21001 0.31990 -0.01901
v -0.21001 0.29390 -0.02701
v -0.21001 0.29390 -0.02701
v -0.19002 0.31990 -0.02701
v -0.21001 0.31990 -0.02701
v -0.19002 0.29390 -0.02701
v -0.19002 0.29390 -0.02701
v -0.19002 0.31990 -0.01901
v -0.19002 0.31990 -0.02701
v -0.19002 0.29390 -0.01901
v -0.19002 0.29390 -0.01901
v -0.21001 0.31990 -0.01901
v -0.19002 0.31990 -0.01901
v -0.21001 0.29390 -0.01901
v -0.21001 0.29390 -0.02701
v -0.19002 0.29390 -0.01901
v -0.19002 0.29390 -0.02701
v -0.21001 0.29390 -0.01901
v -0.19002 0.31990 -0.02701
v -0.21001 0.31990 -0.01901
v -0.21001 0.31990 -0.02701
v -0.19002 0.31990 -0.01901
v -0.24801 0.03358 -0.03300
v -0.24801 0.06558 -0.04101
v -0.24801 0.06558 -0.03300
v -0.24801 0.03358 -0.04101
v -0.24801 0.03358 -0.04101
v -0.22401 0.06558 -0.04101
v -0.24801 0.06558 -0.04101
v -0.22401 0.03358 -0.04101
v -0.22401 0.03358 -0.04101
v -0.22401 0.06558 -0.03300
v -0.22401 0.06558 -0.04101
v -0.22401 0.03358 -0.03300
v -0.22401 0.03358 -0.03300
v -0.24801 0.06558 -0.03300
v -0.22401 0.06558 -0.03300
v -0.24801 0.03358 -0.03300
v -0.24801 0.03358 -0.04101
v -0.22401 0.03358 -0.03300
v -0.22401 0.03358 -0.04101
v -0.24801 0.03358 -0.03300
v -0.22401 0.06558 -0.04101
v -0.24801 0.06558 -0.03300
v -0.24801 0.06558 -0.04101
v -0.22401 0.06558 -0.03300
v -0.24801 0.12195 -0.03300
v -0.24801 0.15395 -0.04101
v -0.24801 0.15395 -0.03300
v -0.24801 0.12195 -0.04101
v -0.24801 0.12195 -0.04101
v -0.22401 0.15395 -0.04101
v -0.24801 0.15395 -0.04101
v -0.22401 0.12195 -0.04101
v -0.22401 0.12195 -0.04101
v -0.22401 0.15395 -0.03300
v -0.22401 0.15395 -0.04101
v -0.22401 0.12195 -0.03300
v -0.22401 0.12195 -0.03300
v -0.24801 0.15395 -0.03300
v -0.22401 0.15395 -0.03300
v -0.24801 0.12195 -0.03300
v -0.24801 0.12195 -0.04101
v -0.22401 0.12195 -0.03300
v -0.22401 0.12195 -0.04101
v -0.24801 0.12195 -0.03300
v -0.22401 0.15395 -0.04101
v -0.24801 0.15395 -0.03300
v -0.24801 0.15395 -0.04101
v -0.22401 0.15395 -0.03300
v -0.17601 0.12195 -0.03300
v -0.17601 0.15395 -0.04101
v -0.17601 0.15395 -0.03300
v -0.17601 0.12195 -0.04101
v -0.17601 0.12195 -0.04101
v -0.15201 0.15395 -0.04101
v -0.17601 0.15395 -0.04101
v -0.15201 0.12195 -0.04101
v -0.15201 0.12195 -0.04101
v -0.15201 0.15395 -0.03300
v -0.15201 0.15395 -0.04101
v -0.15201 0.12195 -0.03300
v -0.15201 0.12195 -0.03300
v -0.17601 0.15395 -0.03300
v -0.15201 0.15395 -0.03300
v -0.17601 0.12195 -0.03300
v -0.17601 0.12195 -0.04101
v -0.15201 0.12195 -0.03300
v -0.15201 0.12195 -0.04101
v -0.17601 0.12195 -0.03300
v -0.15201 0.15395 -0.04101
v -0.17601 0.15395 -0.03300
v -0.17601 0.15395 -0.04101
v -0.15201 0.15395 -0.03300
v -0.24801 0.21031 -0.03300
v -0.24801 0.24231 -0.04101
v -0.24801 0.24231 -0.03300
v -0.24801 0.21031 -0.04101
v -0.24801 0.21031 -0.04101
v -0.22401 0.24231 -0.04101
v -0.24801 0.24231 -0.04101
v -0.22401 0.21031 -0.04101
v -0.22401 0.21031 -0.04101
v -0.22401 0.24231 -0.03300
v -0.22401 0.24231 -0.04101
v -0.22401 0.21031 -0.03300
v -0.22401 0.21031 -0.03300
v -0.24801 0.24231 -0.03300
v -0.22401 0.24231 -0.03300
v -0.24801 0.21031 -0.03300
v -0.24801 0.21031 -0.04101
v -0.22401 0.21031 -0.03300
v -0.22401 0.21031 -0.04101
v -0.24801 0.21031 -0.03300
v -0.22401 0.24231 -0.04101
v -0.24801 0.24231 -0.03300
v -0.24801 0.24231 -0.04101
v -0.22401 0.24231 -0.03300
v -0.17601 0.21031 -0.03300
v -0.17601 0.24231 -0.04101
v -0.17601 0.24231 -0.03300
v -0.17601 0.21031 -0.04101
v -0.17601 0.21031 -0.04101
v -0.15201 0.24231 -0.04101
v -0.17601 0.24231 -0.04101
v -0.15201 0.21031 -0.04101
v -0.15201 0.21031 -0.04101
v -0.15201 0.24231 -0.03300
v -0.15201 0.24231 -0.04101
v -0.15201 0.21031 -0.03300
v -0.15201 0.21031 -0.03300
v -0.17601 0.24231 -0.03300
v -0.15201 0.24231 -0.03300
v -0.17601 0.21031 -0.03300
v -0.17601 0.21031 -0.04101
v -0.15201 0.21031 -0.03300
v -0.15201 0.21031 -0.04101
v -0.17601 0.21031 -0.03300
v -0.15201 0.24231 -0.04101
v -0.17601 0.24231 -0.03300
v -0.17601 0.24231 -0.04101
v -0.15201 0.24231 -0.03300
v 0.14718 0.03243 -0.03801
v 0.14718 0.06443 -0.04601
v 0.14718 0.06443 -0.03801
v 0.14718 0.03243 -0.04601
v 0.14718 0.03243 -0.04601
v 0.17118 0.06443 -0.04601
v 0.14718 0.06443 -0.04601
v 0.17118 0.03243 -0.04601
v 0.17118 0.03243 -0.04601
v 0.17118 0.06443 -0.03801
v 0.17118 0.06443 -0.04601
v 0.17118 0.03243 -0.03801
v 0.17118 0.03243 -0.03801
v 0.14718 0.06443 -0.03801
v 0.17118 0.06443 -0.03801
v 0.14718 0.03243 -0.03801
v 0.14718 0.03243 -0.04601
v 0.17118 0.03243 -0.03801
v 0.17118 0.03243 -0.04601
v 0.14718 0.03243 -0.03801
v 0.17118 0.06443 -0.04601
v 0.14718 0.06443 -0.03801
v 0.14718 0.06443 -0.04601
v 0.17118 0.06443 -0.03801
v 0.14718 0.11775 -0.03801
v 0.14718 0.14976 -0.04601
v 0.14718 0.14976 -0.03801
v 0.14718 0.11775 -0.04601
v 0.14718 0.11775 -0.04601
v 0.17118 0.14976 -0.04601
v 0.14718 0.14976 -0.04601
v 0.17118 0.11775 -0.04601
v 0.17118 0.11775 -0.04601
v 0.17118 0.14976 -0.03801
v 0.17118 0.14976 -0.04601
v 0.17118 0.11775 -0.03801
v 0.17118 0.11775 -0.03801
v 0.14718 0.14976 -0.03801
v 0.17118 0.14976 -0.03801
v 0.14718 0.11775 -0.03801
v 0.14718 0.11775 -0.04601
v 0.17118 0.11775 -0.03801
v 0.17118 0.11775 -0.04601
v 0.14718 0.11775 -0.03801
v 0.17118 0.14976 -0.04601
v 0.14718 0.14976 -0.03801
v 0.14718 0.14976 -0.04601
v 0.17118 0.14976 -0.03801
v 0.22879 0.11775 -0.03801
v 0.22879 0.14976 -0.04601
v 0.22879 0.14976 -0.03801
v 0.22879 0.11775 -0.04601
v 0.22879 0.11775 -0.04601
v 0.25279 0.14976 -0.04601
v 0.22879 0.14976 -0.04601
v 0.25279 0.11775 -0.04601
v 0.25279 0.11775 -0.04601
v 0.25279 0.14976 -0.03801
v 0.25279 0.14976 -0.04601
v 0.25279 0.11775 -0.03801
v 0.25279 0.11775 -0.03801
v 0.22879 0.14976 -0.03801
v 0.25279 0.14976 -0.03801
v 0.22879 0.11775 -0.03801
v 0.22879 0.11775 -0.04601
v 0.25279 0.11775 -0.03801
v 0.25279 0.11775 -0.04601
v 0.22879 0.11775 -0.03801
v 0.25279 0.14976 -0.04601
v 0.22879 0.14976 -0.03801
v 0.22879 0.14976 -0.04601
v 0.25279 0.14976 -0.03801
v 0.14718 0.20309 -0.03801
v 0.14718 0.23509 -0.04601
v 0.14718 0.23509 -0.03801
v 0.14718 0.20309 -0.04601
v 0.14718 0.20309 -0.04601
v 0.17118 0.23509 -0.04601
v 0.14718 0.23509 -0.04601
v 0.17118 0.20309 -0.04601
v 0.17118 0.20309 -0.04601
v 0.17118 0.23509 -0.03801
v 0.17118 0.23509 -0.04601
v 0.17118 0.20309 -0.03801
v 0.17118 0.20309 -0.03801
v 0.14718 0.23509 -0.03801
v 0.17118 0.23509 -0.03801
v 0.14718 0.20309 -0.03801
v 0.14718 0.20309 -0.04601
v 0.17118 0.20309 -0.03801
v 0.17118 0.20309 -0.04601
v 0.14718 0.20309 -0.03801
v 0.17118 0.23509 -0.04601
v 0.14718 0.23509 -0.03801
v 0.14718 0.23509 -0.04601
v 0.17118 0.23509 -0.03801
v 0.22879 0.20309 -0.03801
v 0.22879 0.23509 -0.04601
v 0.22879 0.23509 -0.03801
v 0.22879 0.20309 -0.04601
v 0.22879 0.20309 -0.04601
v 0.25279 0.23509 -0.04601
v 0.22879 0.23509 -0.04601
v 0.25279 0.20309 -0.04601
v 0.25279 0.20309 -0.04601
v 0.25279 0.23509 -0.03801
v 0.25279 0.23509 -0.04601
v 0.25279 0.20309 -0.03801
v 0.25279 0.20309 -0.03801
v 0.22879 0.23509 -0.03801
v 0.25279 0.23509 -0.03801
v 0.22879 0.20309 -0.03801
v 0.22879 0.20309 -0.04601
v 0.25279 0.20309 -0.03801
v 0.25279 0.20309 -0.04601
v 0.22879 0.20309 -0.03801
v 0.25279 0.23509 -0.04601
v 0.22879 0.23509 -0.03801
v 0.22879 0.23509 -0.04601
v 0.25279 0.23509 -0.03801
v -0.59001 0.20155 0.10100
v -0.59001 0.22754 0.09300
v -0.59001 0.22754 0.10100
v -0.59001 0.20155 0.09300
v -0.59001 0.20155 0.09300
v -0.57002 0.22754 0.09300
v -0.59001 0.22754 0.09300
v -0.57002 0.20155 0.09300
v -0.57002 0.20155 0.09300
v -0.57002 0.22754 0.10100
v -0.57002 0.22754 0.09300
v -0.57002 0.20155 0.10100
v -0.57002 0.20155 0.10100
v -0.59001 0.22754 0.10100
v -0.57002 0.22754 0.10100
v -0.59001 0.20155 0.10100
v -0.59001 0.20155 0.09300
v -0.57002 0.20155 0.10100
v -0.57002 0.20155 0.09300
v -0.59001 0.20155 0.10100
v -0.57002 0.22754 0.09300
v -0.59001 0.22754 0.10100
v -0.59001 0.22754 0.09300
v -0.57002 0.22754 0.10100
v -0.59201 0.12582 0.08699
v -0.59201 0.15781 0.07899
v -0.59201 0.15781 0.08699
v -0.59201 0.12582 0.07899
v -0.59201 0.12582 0.07899
v -0.56800 0.15781 0.07899
v -0.59201 0.15781 0.07899
v -0.56800 0.12582 0.07899
v -0.56800 0.12582 0.07899
v -0.56800 0.15781 0.08699
v -0.56800 0.15781 0.07899
v -0.56800 0.12582 0.08699
v -0.56800 0.12582 0.08699
v -0.59201 0.15781 0.08699
v -0.56800 0.15781 0.08699
v -0.59201 0.12582 0.08699
v -0.59201 0.12582 0.07899
v -0.56800 0.12582 0.08699
v -0.56800 0.12582 0.07899
v -0.59201 0.12582 0.08699
v -0.56800 0.15781 0.07899
v -0.59201 0.15781 0.08699
v -0.59201 0.15781 0.07899
v -0.56800 0.15781 0.08699
v 0.57000 0.19779 0.10100
v 0.57000 0.22378 0.09300
v 0.57000 0.22378 0.10100
v 0.57000 0.19779 0.09300
v 0.57000 0.19779 0.09300
v 0.58999 0.22378 0.09300
v 0.57000 0.22378 0.09300
v 0.58999 0.19779 0.09300
v 0.58999 0.19779 0.09300
v 0.58999 0.22378 0.10100
v 0.58999 0.22378 0.09300
v 0.58999 0.19779 0.10100
v 0.58999 0.19779 0.10100
v 0.57000 0.22378 0.10100
v 0.58999 0.22378 0.10100
v 0.57000 0.19779 0.10100
v 0.57000 0.19779 0.09300
v 0.58999 0.19779 0.10100
v 0.58999 0.19779 0.09300
v 0.57000 0.19779 0.10100
v 0.58999 0.22378 0.09300
v 0.57000 0.22378 0.10100
v 0.57000 0.22378 0.09300
v 0.58999 0.22378 0.10100
v 0.56798 0.12322 0.08699
v 0.56798 0.15522 0.07899
v 0.56798 0.15522 0.08699
v 0.56798 0.12322 0.07899
v 0.56798 0.12322 0.07899
v 0.59198 0.15522 0.07899
v 0.56798 0.15522 0.07899
v 0.59198 0.12322 0.07899
v 0.59198 0.12322 0.07899
v 0.59198 0.15522 0.08699
v 0.59198 0.15522 0.07899
v 0.59198 0.12322 0.08699
v 0.59198 0.12322 0.08699
v 0.56798 0.15522 0.08699
v 0.59198 0.15522 0.08699
v 0.56798 0.12322 0.08699
v 0.56798 0.12322 0.07899
v 0.59198 0.12322 0.08699
v 0.59198 0.12322 0.07899
v 0.56798 0.12322 0.08699
v 0.59198 0.15522 0.07899
v 0.56798 0.15522 0.08699
v 0.56798 0.15522 0.07899
v 0.59198 0.15522 0.08699
v -0.18001 0.18965 0.31099
v -0.18001 0.21565 0.30300
v -0.18001 0.21565 0.31099
v -0.18001 0.18965 0.30300
v -0.18001 0.18965 0.30300
v -0.16002 0.21565 0.30300
v -0.18001 0.21565 0.30300
v -0.16002 0.18965 0.30300
v -0.16002 0.18965 0.30300
v -0.16002 0.21565 0.31099
v -0.16002 0.21565 0.30300
v -0.16002 0.18965 0.31099
v -0.16002 0.18965 0.31099
v -0.18001 0.21565 0.31099
v -0.16002 0.21565 0.31099
v -0.18001 0.18965 0.31099
v -0.18001 0.18965 0.30300
v -0.16002 0.18965 0.31099
v -0.16002 0.18965 0.30300
v -0.18001 0.18965 0.31099
v -0.16002 0.21565 0.30300
v -0.18001 0.21565 0.31099
v -0.18001 0.21565 0.30300
v -0.16002 0.21565 0.31099
v -0.18201 0.11496 0.29699
v -0.18201 0.14696 0.28899
v -0.18201 0.14696 0.29699
v -0.18201 0.11496 0.28899
v -0.18201 0.11496 0.28899
v -0.15801 0.14696 0.28899
v -0.18201 0.14696 0.28899
v -0.15801 0.11496 0.28899
v -0.15801 0.11496 0.28899
v -0.15801 0.14696 0.29699
v -0.15801 0.14696 0.28899
v -0.15801 0.11496 0.29699
v -0.15801 0.11496 0.29699
v -0.18201 0.14696 0.29699
v -0.15801 0.14696 0.29699
v -0.18201 0.11496 0.29699
v -0.18201 0.11496 0.28899
v -0.15801 0.11496 0.29699
v -0.15801 0.11496 0.28899
v -0.18201 0.11496 0.29699
v -0.15801 0.14696 0.28899
v -0.18201 0.14696 0.29699
v -0.18201 0.14696 0.28899
v -0.15801 0.14696 0.29699
v 0.15798 0.10809 0.29699
v 0.15798 0.14010 0.28899
v 0.15798 0.14010 0.29699
v 0.15798 0.10809 0.28899
v 0.15798 0.10809 0.28899
v 0.18198 0.14010 0.28899
v 0.15798 0.14010 0.28899
v 0.18198 0.10809 0.28899
v 0.18198 0.10809 0.28899
v 0.18198 0.14010 0.29699
v 0.18198 0.14010 0.28899
v 0.18198 0.10809 0.29699
v 0.18198 0.10809 0.29699
v 0.15798 0.14010 0.29699
v 0.18198 0.14010 0.29699
v 0.15798 0.10809 0.29699
v 0.15798 0.10809 0.28899
v 0.18198 0.10809 0.29699
v 0.18198 0.10809 0.28899
v 0.15798 0.10809 0.29699
v 0.18198 0.14010 0.28899
v 0.15798 0.14010 0.29699
v 0.15798 0.14010 0.28899
v 0.18198 0.14010 0.29699
v -0.36002 0.03041 0.39699
v -0.36002 0.06240 0.38899
v -0.36002 0.06240 0.39699
v -0.36002 0.03041 0.38899
v -0.36002 0.03041 0.38899
v -0.33602 0.06240 0.38899
v -0.36002 0.06240 0.38899
v -0.33602 0.03041 0.38899
v -0.33602 0.03041 0.38899
v -0.33602 0.06240 0.39699
v -0.33602 0.06240 0.38899
v -0.33602 0.03041 0.39699
v -0.33602 0.03041 0.39699
v -0.36002 0.06240 0.39699
v -0.33602 0.06240 0.39699
v -0.36002 0.03041 0.39699
v -0.36002 0.03041 0.38899
v -0.33602 0.03041 0.39699
v -0.33602 0.03041 0.38899
v -0.36002 0.03041 0.39699
v -0.33602 0.06240 0.38899
v -0.36002 0.06240 0.39699
v -0.36002 0.06240 0.38899
v -0.33602 0.06240 0.39699
v 0.24480 0.03144 0.39699
v 0.24480 0.06344 0.38899
v 0.24480 0.06344 0.39699
v 0.24480 0.03144 0.38899
v 0.24480 0.03144 0.38899
v 0.26880 0.06344 0.38899
v 0.24480 0.06344 0.38899
v 0.26880 0.03144 0.38899
v 0.26880 0.03144 0.38899
v 0.26880 0.06344 0.39699
v 0.26880 0.06344 0.38899
v 0.26880 0.03144 0.39699
v 0.26880 0.03144 0.39699
v 0.24480 0.06344 0.39699
v 0.26880 0.06344 0.39699
v 0.24480 0.03144 0.39699
v 0.24480 0.03144 0.38899
v 0.26880 0.03144 0.39699
v 0.26880 0.03144 0.38899
v 0.24480 0.03144 0.39699
v 0.26880 0.06344 0.38899
v 0.24480 0.06344 0.39699
v 0.24480 0.06344 0.38899
v 0.26880 0.06344 0.39699
v -0.48811 0.25666 -0.02500
v -0.48811 0.28266 -0.03300
v -0.48811 0.28266 -0.02500
v -0.48811 0.25666 -0.03300
v -0.48811 0.25666 -0.03300
v -0.46811 0.28266 -0.03300
v -0.48811 0.28266 -0.03300
v -0.46811 0.25666 -0.03300
v -0.46811 0.25666 -0.03300
v -0.46811 0.28266 -0.02500
v -0.46811 0.28266 -0.03300
v -0.46811 0.25666 -0.02500
v -0.46811 0.25666 -0.02500
v -0.48811 0.28266 -0.02500
v -0.46811 0.28266 -0.02500
v -0.48811 0.25666 -0.02500
v -0.48811 0.25666 -0.03300
v -0.46811 0.25666 -0.02500
v -0.46811 0.25666 -0.03300
v -0.48811 0.25666 -0.02500
v -0.46811 0.28266 -0.03300
v -0.48811 0.28266 -0.02500
v -0.48811 0.28266 -0.03300
v -0.46811 0.28266 -0.02500
v -0.49012 0.16202 -0.03901
v -0.49012 0.19402 -0.04700
v -0.49012 0.19402 -0.03901
v -0.49012 0.16202 -0.04700
v -0.49012 0.16202 -0.04700
v -0.46612 0.19402 -0.04700
v -0.49012 0.19402 -0.04700
v -0.46612 0.16202 -0.04700
v -0.46612 0.16202 -0.04700
v -0.46612 0.19402 -0.03901
v -0.46612 0.19402 -0.04700
v -0.46612 0.16202 -0.03901
v -0.46612 0.16202 -0.03901
v -0.49012 0.19402 -0.03901
v -0.46612 0.19402 -0.03901
v -0.49012 0.16202 -0.03901
v -0.49012 0.16202 -0.04700
v -0.46612 0.16202 -0.03901
v -0.46612 0.16202 -0.04700
v -0.49012 0.16202 -0.03901
v -0.46612 0.19402 -0.04700
v -0.49012 0.19402 -0.03901
v -0.49012 0.19402 -0.04700
v -0.46612 0.19402 -0.03901
v -0.36810 0.26174 0.05100
v -0.36810 0.28774 0.04299
v -0.36810 0.28774 0.05100
v -0.36810 0.26174 0.04299
v -0.36810 0.26174 0.04299
v -0.34811 0.28774 0.04299
v -0.36810 0.28774 0.04299
v -0.34811 0.26174 0.04299
v -0.34811 0.26174 0.04299
v -0.34811 0.28774 0.05100
v -0.34811 0.28774 0.04299
v -0.34811 0.26174 0.05100
v -0.34811 0.26174 0.05100
v -0.36810 0.28774 0.05100
v -0.34811 0.28774 0.05100
v -0.36810 0.26174 0.05100
v -0.36810 0.26174 0.04299
v -0.34811 0.26174 0.05100
v -0.34811 0.26174 0.04299
v -0.36810 0.26174 0.05100
v -0.34811 0.28774 0.04299
v -0.36810 0.28774 0.05100
v -0.36810 0.28774 0.04299
v -0.34811 0.28774 0.05100
v -0.37012 0.11102 0.03699
v -0.37012 0.14302 0.02900
v -0.37012 0.14302 0.03699
v -0.37012 0.11102 0.02900
v -0.37012 0.11102 0.02900
v -0.34612 0.14302 0.02900
v -0.37012 0.14302 0.02900
v -0.34612 0.11102 0.02900
v -0.34612 0.11102 0.02900
v -0.34612 0.14302 0.03699
v -0.34612 0.14302 0.02900
v -0.34612 0.11102 0.03699
v -0.34612 0.11102 0.03699
v -0.37012 0.14302 0.03699
v -0.34612 0.14302 0.03699
v -0.37012 0.11102 0.03699
v -0.37012 0.11102 0.02900
v -0.34612 0.11102 0.03699
v -0.34612 0.11102 0.02900
v -0.37012 0.11102 0.03699
v -0.34612 0.14302 0.02900
v -0.37012 0.14302 0.03699
v -0.37012 0.14302 0.02900
v -0.34612 0.14302 0.03699
v -0.37012 0.19147 0.03699
v -0.37012 0.22346 0.02900
v -0.37012 0.22346 0.03699
v -0.37012 0.19147 0.02900
v -0.37012 0.19147 0.02900
v -0.34612 0.22346 0.02900
v -0.37012 0.22346 0.02900
v -0.34612 0.19147 0.02900
v -0.34612 0.19147 0.02900
v -0.34612 0.22346 0.03699
v -0.34612 0.22346 0.02900
v -0.34612 0.19147 0.03699
v -0.34612 0.19147 0.03699
v -0.37012 0.22346 0.03699
v -0.34612 0.22346 0.03699
v -0.37012 0.19147 0.03699
v -0.37012 0.19147 0.02900
v -0.34612 0.19147 0.03699
v -0.34612 0.19147 0.02900
v -0.37012 0.19147 0.03699
v -0.34612 0.22346 0.02900
v -0.37012 0.22346 0.03699
v -0.37012 0.22346 0.02900
v -0.34612 0.22346 0.03699
v 0.35210 0.14129 0.03699
v 0.35210 0.17329 0.02900
v 0.35210 0.17329 0.03699
v 0.35210 0.14129 0.02900
v 0.35210 0.14129 0.02900
v 0.37610 0.17329 0.02900
v 0.35210 0.17329 0.02900
v 0.37610 0.14129 0.02900
v 0.37610 0.14129 0.02900
v 0.37610 0.17329 0.03699
v 0.37610 0.17329 0.02900
v 0.37610 0.14129 0.03699
v 0.37610 0.14129 0.03699
v 0.35210 0.17329 0.03699
v 0.37610 0.17329 0.03699
v 0.35210 0.14129 0.03699
v 0.35210 0.14129 0.02900
v 0.37610 0.14129 0.03699
v 0.37610 0.14129 0.02900
v 0.35210 0.14129 0.03699
v 0.37610 0.17329 0.02900
v 0.35210 0.17329 0.03699
v 0.35210 0.17329 0.02900
v 0.37610 0.17329 0.03699
v 0.47409 0.31473 -0.02500
v 0.47409 0.34073 -0.03300
v 0.47409 0.34073 -0.02500
v 0.47409 0.31473 -0.03300
v 0.47409 0.31473 -0.03300
v 0.49408 0.34073 -0.03300
v 0.47409 0.34073 -0.03300
v 0.49408 0.31473 -0.03300
v 0.49408 0.31473 -0.03300
v 0.49408 0.34073 -0.02500
v 0.49408 0.34073 -0.03300
v 0.49408 0.31473 -0.02500
v 0.49408 0.31473 -0.02500
v 0.47409 0.34073 -0.02500
v 0.49408 0.34073 -0.02500
v 0.47409 0.31473 -0.02500
v 0.47409 0.31473 -0.03300
v 0.49408 0.31473 -0.02500
v 0.49408 0.31473 -0.03300
v 0.47409 0.31473 -0.02500
v 0.49408 0.34073 -0.03300
v 0.47409 0.34073 -0.02500
v 0.47409 0.34073 -0.03300
v 0.49408 0.34073 -0.02500
v 0.47210 0.13579 -0.03901
v 0.47210 0.16778 -0.04700
v 0.47210 0.16778 -0.03901
v 0.47210 0.13579 -0.04700
v 0.47210 0.13579 -0.04700
v 0.49610 0.16778 -0.04700
v 0.47210 0.16778 -0.04700
v 0.49610 0.13579 -0.04700
v 0.49610 0.13579 -0.04700
v 0.49610 0.16778 -0.03901
v 0.49610 0.16778 -0.04700
v 0.49610 0.13579 -0.03901
v 0.49610 0.13579 -0.03901
v 0.47210 0.16778 -0.03901
v 0.49610 0.16778 -0.03901
v 0.47210 0.13579 -0.03901
v 0.47210 0.13579 -0.04700
v 0.49610 0.13579 -0.03901
v 0.49610 0.13579 -0.04700
v 0.47210 0.13579 -0.03901
v 0.49610 0.16778 -0.04700
v 0.47210 0.16778 -0.03901
v 0.47210 0.16778 -0.04700
v 0.49610 0.16778 -0.03901
v 0.47210 0.23418 -0.03901
v 0.47210 0.26618 -0.04700
v 0.47210 0.26618 -0.03901
v 0.47210 0.23418 -0.04700
v 0.47210 0.23418 -0.04700
v 0.49610 0.26618 -0.04700
v 0.47210 0.26618 -0.04700
v 0.49610 0.23418 -0.04700
v 0.49610 0.23418 -0.04700
v 0.49610 0.26618 -0.03901
v 0.49610 0.26618 -0.04700
v 0.49610 0.23418 -0.03901
v 0.49610 0.23418 -0.03901
v 0.47210 0.26618 -0.03901
v 0.49610 0.26618 -0.03901
v 0.47210 0.23418 -0.03901
v 0.47210 0.23418 -0.04700
v 0.49610 0.23418 -0.03901
v 0.49610 0.23418 -0.04700
v 0.47210 0.23418 -0.03901
v 0.49610 0.26618 -0.04700
v 0.47210 0.26618 -0.03901
v 0.47210 0.26618 -0.04700
v 0.49610 0.26618 -0.03901
v -0.42571 0.13270 0.20099
v -0.42571 0.16470 0.19299
v -0.42571 0.16470 0.20099
v -0.42571 0.13270 0.19299
v -0.42571 0.13270 0.19299
v -0.40171 0.16470 0.19299
v -0.42571 0.16470 0.19299
v -0.40171 0.13270 0.19299
v -0.40171 0.13270 0.19299
v -0.40171 0.16470 0.20099
v -0.40171 0.16470 0.19299
v -0.40171 0.13270 0.20099
v -0.40171 0.13270 0.20099
v -0.42571 0.16470 0.20099
v -0.40171 0.16470 0.20099
v -0.42571 0.13270 0.20099
v -0.42571 0.13270 0.19299
v -0.40171 0.13270 0.20099
v -0.40171 0.13270 0.19299
v -0.42571 0.13270 0.20099
v -0.40171 0.16470 0.19299
v -0.42571 0.16470 0.20099
v -0.42571 0.16470 0.19299
v -0.40171 0.16470 0.20099
v -0.42571 0.22887 0.20099
v -0.42571 0.26087 0.19299
v -0.42571 0.26087 0.20099
v -0.42571 0.22887 0.19299
v -0.42571 0.22887 0.19299
v -0.40171 0.26087 0.19299
v -0.42571 0.26087 0.19299
v -0.40171 0.22887 0.19299
v -0.40171 0.22887 0.19299
v -0.40171 0.26087 0.20099
v -0.40171 0.26087 0.19299
v -0.40171 0.22887 0.20099
v -0.40171 0.22887 0.20099
v -0.42571 0.26087 0.20099
v -0.40171 0.26087 0.20099
v -0.42571 0.22887 0.20099
v -0.42571 0.22887 0.19299
v -0.40171 0.22887 0.20099
v -0.40171 0.22887 0.19299
v -0.42571 0.22887 0.20099
v -0.40171 0.26087 0.19299
v -0.42571 0.26087 0.20099
v -0.42571 0.26087 0.19299
v -0.40171 0.26087 0.20099
v -0.30372 0.23938 0.29100
v -0.30372 0.26539 0.28300
v -0.30372 0.26539 0.29100
v -0.30372 0.23938 0.28300
v -0.30372 0.23938 0.28300
v -0.28370 0.26539 0.28300
v -0.30372 0.26539 0.28300
v -0.28370 0.23938 0.28300
v -0.28370 0.23938 0.28300
v -0.28370 0.26539 0.29100
v -0.28370 0.26539 0.28300
v -0.28370 0.23938 0.29100
v -0.28370 0.23938 0.29100
v -0.30372 0.26539 0.29100
v -0.28370 0.26539 0.29100
v -0.30372 0.23938 0.29100
v -0.30372 0.23938 0.28300
v -0.28370 0.23938 0.29100
v -0.28370 0.23938 0.28300
v -0.30372 0.23938 0.29100
v -0.28370 0.26539 0.28300
v -0.30372 0.26539 0.29100
v -0.30372 0.26539 0.28300
v -0.28370 0.26539 0.29100
v -0.30571 0.15227 0.27699
v -0.30571 0.18427 0.26900
v -0.30571 0.18427 0.27699
v -0.30571 0.15227 0.26900
v -0.30571 0.15227 0.26900
v -0.28171 0.18427 0.26900
v -0.30571 0.18427 0.26900
v -0.28171 0.15227 0.26900
v -0.28171 0.15227 0.26900
v -0.28171 0.18427 0.27699
v -0.28171 0.18427 0.26900
v -0.28171 0.15227 0.27699
v -0.28171 0.15227 0.27699
v -0.30571 0.18427 0.27699
v -0.28171 0.18427 0.27699
v -0.30571 0.15227 0.27699
v -0.30571 0.15227 0.26900
v -0.28171 0.15227 0.27699
v -0.28171 0.15227 0.26900
v -0.30571 0.15227 0.27699
v -0.28171 0.18427 0.26900
v -0.30571 0.18427 0.27699
v -0.30571 0.18427 0.26900
v -0.28171 0.18427 0.27699
v 0.28410 0.20489 0.29100
v 0.28410 0.23088 0.28300
v 0.28410 0.23088 0.29100
v 0.28410 0.20489 0.28300
v 0.28410 0.20489 0.28300
v 0.30409 0.23088 0.28300
v 0.28410 0.23088 0.28300
v 0.30409 0.20489 0.28300
v 0.30409 0.20489 0.28300
v 0.30409 0.23088 0.29100
v 0.30409 0.23088 0.28300
v 0.30409 0.20489 0.29100
v 0.30409 0.20489 0.29100
v 0.28410 0.23088 0.29100
v 0.30409 0.23088 0.29100
v 0.28410 0.20489 0.29100
v 0.28410 0.20489 0.28300
v 0.30409 0.20489 0.29100
v 0.30409 0.20489 0.28300
v 0.28410 0.20489 0.29100
v 0.30409 0.23088 0.28300
v 0.28410 0.23088 0.29100
v 0.28410 0.23088 0.28300
v 0.30409 0.23088 0.29100
v 0.28209 0.12836 0.27699
v 0.28209 0.16036 0.26900
v 0.28209 0.16036 0.27699
v 0.28209 0.12836 0.26900
v 0.28209 0.12836 0.26900
v 0.30609 0.16036 0.26900
v 0.28209 0.16036 0.26900
v 0.30609 0.12836 0.26900
v 0.30609 0.12836 0.26900
v 0.30609 0.16036 0.27699
v 0.30609 0.16036 0.26900
v 0.30609 0.12836 0.27699
v 0.30609 0.12836 0.27699
v 0.28209 0.16036 0.27699
v 0.30609 0.16036 0.27699
v 0.28209 0.12836 0.27699
v 0.28209 0.12836 0.26900
v 0.30609 0.12836 0.27699
v 0.30609 0.12836 0.26900
v 0.28209 0.12836 0.27699
v 0.30609 0.16036 0.26900
v 0.28209 0.16036 0.27699
v 0.28209 0.16036 0.26900
v 0.30609 0.16036 0.27699
v 0.40209 0.12364 0.20099
v 0.40209 0.15564 0.19299
v 0.40209 0.15564 0.20099
v 0.40209 0.12364 0.19299
v 0.40209 0.12364 0.19299
v 0.42609 0.15564 0.19299
v 0.40209 0.15564 0.19299
v 0.42609 0.12364 0.19299
v 0.42609 0.12364 0.19299
v 0.42609 0.15564 0.20099
v 0.42609 0.15564 0.19299
v 0.42609 0.12364 0.20099
v 0.42609 0.12364 0.20099
v 0.40209 0.15564 0.20099
v 0.42609 0.15564 0.20099
v 0.40209 0.12364 0.20099
v 0.40209 0.12364 0.19299
v 0.42609 0.12364 0.20099
v 0.42609 0.12364 0.19299
v 0.40209 0.12364 0.20099
v 0.42609 0.15564 0.19299
v 0.40209 0.15564 0.20099
v 0.40209 0.15564 0.19299
v 0.42609 0.15564 0.20099
v 0.40209 0.21324 0.20099
v 0.40209 0.24524 0.19299
v 0.40209 0.24524 0.20099
v 0.40209 0.21324 0.19299
v 0.40209 0.21324 0.19299
v 0.42609 0.24524 0.19299
v 0.40209 0.24524 0.19299
v 0.42609 0.21324 0.19299
v 0.42609 0.21324 0.19299
v 0.42609 0.24524 0.20099
v 0.42609 0.24524 0.19299
v 0.42609 0.21324 0.20099
v 0.42609 0.21324 0.20099
v 0.40209 0.24524 0.20099
v 0.42609 0.24524 0.20099
v 0.40209 0.21324 0.20099
v 0.40209 0.21324 0.19299
v 0.42609 0.21324 0.20099
v 0.42609 0.21324 0.19299
v 0.40209 0.21324 0.20099
v 0.42609 0.24524 0.19299
v 0.40209 0.24524 0.20099
v 0.40209 0.24524 0.19299
v 0.42609 0.24524 0.20099
vn 0.0000 1.0000 -0.0000
vn 0.0000 1.0000 -0.0000
vn 0.0000 1.0000 -0.0000
vn 0.0000 1.0000 -0.0000
vn -0.7071 0.7071 -0.0000
vn -0.7071 0.7071 -0.0000
vn -0.7071 0.7071 -0.0000
vn -0.7071 0.7071 -0.0000
vn 0.7071 -0.0000 0.7071
vn 0.7071 -0.0000 0.7071
vn 0.7071 -0.0000 0.7071
vn 0.7071 -0.0000 0.7071
vn -0.0000 -0.0000 1.0000
vn -0.0000 -0.0000 1.0000
vn -0.0000 -0.0000 1.0000
vn -0.0000 -0.0000 1.0000
vn -0.0000 -0.7071 0.7071
vn -0.0000 -0.7071 0.7071
vn -0.0000 -0.7071 0.7071
vn -0.0000 -0.7071 0.7071
vn -0.0000 0.7071 0.7071
vn -0.0000 0.7071 0.7071
vn -0.0000 0.7071 0.7071
vn -0.0000 0.7071 0.7071
vn 0.0000 1.0000 -0.0000
vn 0.0000 1.0000 -0.0000
vn 0.0000 1.0000 -0.0000
vn 0.0000 1.0000 -0.0000
vn -0.7071 0.7071 -0.0000
vn -0.7071 0.7071 -0.0000
vn -0.7071 0.7071 -0.0000
vn -0.7071 0.7071 -0.0000
vn 0.7071 -0.0000 0.7071
vn 0.7071 -0.0000 0.7071
vn 0.7071 -0.0000 0.7071
vn 0.7071 -0.0000 0.7071
vn -0.0000 -0.0000 1.0000
vn -0.0000 -0.0000 1.0000
vn -0.0000 -0.0000 1.0000
vn -0.0000 -0.0000 1.0000
vn -0.0000 -0.7071 0.7071
vn -0.0000 -0.7071 0.7071
vn -0.0000 -0.7071 0.7071
vn -0.0000 -0.7071 0.7071
vn -0.0000 0.7071 0.7071
vn -0.0000 0.7071 0.7071
vn -0.0000 0.7071 0.7071
vn -0.0000 0.7071 0.7071
vn 0.0000 1.0000 -0.0000
vn 0.0000 1.0000 -0.0000
vn 0.0000 1.0000 -0.0000
vn 0.0000 1.0000 -0.0000
vn -0.7071 0.7071 -0.0000
vn -0.7071 0.7071 -0.0000
vn -0.7071 0.7071 -0.0000
vn -0.7071 0.7071 -0.0000
vn 0.7071 -0.0000 0.7071
vn 0.7071 -0.0000 0.7071
vn 0.7071 -0.0000 0.7071
vn 0.7071 -0.0000 0.7071
vn -0.0000 -0.0000 1.0000
vn -0.0000 -0.0000 1.0000
vn -0.0000 -0.0000 1.0000
vn -0.0000 -0.0000 1.0000
vn -0.0000 -0.7071 0.7071
vn -0.0000 -0.7071 0.7071
vn -0.0000 -0.7071 0.7071
vn -0.0000 -0.7071 0.7071
vn -0.0000 0.7071 0.7071
vn -0.0000 0.7071 0.7071
vn -0.0000 0.7071 0.7071
vn -0.0000 0.7071 0.7071
vn 0.0000 1.0000 -0.0000
vn 0.0000 1.0000 -0.0000
vn 0.0000 1.0000 -0.0000
vn 0.0000 1.0000 -0.0000
vn -0.7071 0.7071 -0.0000
vn -0.7071 0.7071 -0.0000
vn -0.7071 0.7071 -0.0000
vn -0.7071 0.7071 -0.0000
vn 0.7071 -0.0000 0.7071
vn 0.7071 -0.0000 0.7071
vn 0.7071 -0.0000 0.7071
vn 0.7071 -0.0000 0.7071
vn -0.0000 -0.0000 1.0000
vn -0.0000 -0.0000 1.0000
vn -0.0000 -0.0000 1.0000
vn -0.0000 -0.0000 1.0000
vn -0.0000 -0.7071 0.7071
vn -0.0000 -0.7071 0.7071
vn -0.0000 -0.7071 0.7071
vn -0.0000 -0.7071 0.7071
vn -0.0000 0.7071 0.7071
vn -0.0000 0.7071 0.7071
vn -0.0000 0.7071 0.7071
vn -0.0000 0.7071 0.7071
vn 0.0000 1.0000 -0.0000
vn 0.0000 1.0000 -0.0000
vn 0.0000 1.0000 -0.0000
vn 0.0000 1.0000 -0.0000
vn -0.7071 0.7071 -0.0000
vn -0.7071 0.7071 -0.0000
vn -0.7071 0.7071 -0.0000
vn -0.7071 0.7071 -0.0000
vn 0.7071 -0.0000 0.7071
vn 0.7071 -0.0000 0.7071
vn 0.7071 -0.0000 0.7071
vn 0.7071 -0.0000 0.7071
vn -0.0000 -0.0000 1.0000
vn -0.0000 -0.0000 1.0000
vn -0.0000 -0.0000 1.0000
vn -0.0000 -0.0000 1.0000
vn -0.0000 -0.7071 0.7071
vn -0.0000 -0.7071 0.7071
vn -0.0000 -0.7071 0.7071
vn -0.0000 -0.7071 0.7071
vn -0.0000 0.7071 0.7071
vn -0.0000 0.7071 0.7071
vn -0.0000 0.7071 0.7071
vn -0.0000 0.7071 0.7071
vn 0.0000 1.0000 -0.0000
vn 0.0000 1.0000 -0.0000
vn 0.0000 1.0000 -0.0000
vn 0.0000 1.0000 -0.0000
vn -0.7071 0.7071 -0.0000
vn -0.7071 0.7071 -0.0000
vn -0.7071 0.7071 -0.0000
vn -0.7071 0.7071 -0.0000
vn 0.7071 -0.0000 0.7071
vn 0.7071 -0.0000 0.7071
vn 0.7071 -0.0000 0.7071
vn 0.7071 -0.0000 0.7071
vn -0.0000 -0.0000 1.0000
vn -0.0000 -0.0000 1.0000
vn -0.0000 -0.0000 1.0000
vn -0.0000 -0.0000 1.0000
vn -0.0000 -0.7071 0.7071
vn -0.0000 -0.7071 0.7071
vn -0.0000 -0.7071 0.7071
vn -0.0000 -0.7071 0.7071
vn -0.0000 0.7071 0.7071
vn -0.0000 0.7071 0.7071
vn -0.0000 0.7071 0.7071
vn -0.0000 0.7071 0.7071
vn 0.0000 1.0000 -0.0000
vn 0.0000 1.0000 -0.0000
vn 0.0000 1.0000 -0.0000
vn 0.0000 1.0000 -0.0000
vn -0.7071 0.7071 -0.0000
vn -0.7071 0.7071 -0.0000
vn -0.7071 0.7071 -0.0000
vn -0.7071 0.7071 -0.0000
vn 0.7071 -0.0000 0.7071
vn 0.7071 -0.0000 0.7071
vn 0.7071 -0.0000 0.7071
vn 0.7071 -0.0000 0.7071
vn -0.0000 -0.0000 1.0000
vn -0.0000 -0.0000 1.0000
vn -0.0000 -0.0000 1.0000
vn -0.0000 -0.0000 1.0000
vn -0.0000 -0.7071 0.7071
vn -0.0000 -0.7071 0.7071
vn -0.0000 -0.7071 0.7071
vn -0.0000 -0.7071 0.7071
vn -0.0000 0.7071 0.7071
vn -0.0000 0.7071 0.7071
vn -0.0000 0.7071 0.7071
vn -0.0000 0.7071 0.7071
vn 0.0000 1.0000 -0.0000
vn 0.0000 1.0000 -0.0000
vn 0.0000 1.0000 -0.0000
vn 0.0000 1.0000 -0.0000
vn -0.7071 0.7071 -0.0000
vn -0.7071 0.7071 -0.0000
vn -0.7071 0.7071 -0.0000
vn -0.7071 0.7071 -0.0000
vn 0.7071 -0.0000 0.7071
vn 0.7071 -0.0000 0.7071
vn 0.7071 -0.0000 0.7071
vn 0.7071 -0.0000 0.7071
vn -0.0000 -0.0000 1.0000
vn -0.0000 -0.0000 1.0000
vn -0.0000 -0.0000 1.0000
vn -0.0000 -0.0000 1.0000
vn -0.0000 -0.7071 0.7071
vn -0.0000 -0.7071 0.7071
vn -0.0000 -0.7071 0.7071
vn -0.0000 -0.7071 0.7071
vn -0.0000 0.7071 0.7071
vn -0.0000 0.7071 0.7071
vn -0.0000 0.7071 0.7071
vn -0.0000 0.7071 0.7071
vn 0.8067 -0.5770 0.1277
vn 0.8067 -0.5770 0.1277
vn 0.8067 -0.5770 0.1277
vn 0.8067 -0.5770 0.1277
vn 0.8765 -0.1794 0.4467
vn 0.8765 -0.1794 0.4467
vn 0.8765 -0.1794 0.4467
vn 0.8765 -0.1794 0.4467
vn 0.7071 -0.0000 0.7071
vn 0.7071 -0.0000 0.7071
vn 0.7071 -0.0000 0.7071
vn 0.7071 -0.0000 0.7071
vn 0.4520 -0.0925 0.8872
vn 0.4520 -0.0925 0.8872
vn 0.4520 -0.0925 0.8872
vn 0.4520 -0.0925 0.8872
vn 0.1554 -0.1112 0.9816
vn 0.1554 -0.1112 0.9816
vn 0.1554 -0.1112 0.9816
vn 0.1554 -0.1112 0.9816
vn -0.1528 0.2137 0.9649
vn -0.1528 0.2137 0.9649
vn -0.1528 0.2137 0.9649
vn -0.1528 0.2137 0.9649
vn -0.1866 0.9117 0.3661
vn -0.1866 0.9117 0.3661
vn -0.1866 0.9117 0.3661
vn -0.1866 0.9117 0.3661
vn 0.0000 1.0000 -0.0000
vn 0.0000 1.0000 -0.0000
vn 0.0000 1.0000 -0.0000
vn 0.0000 1.0000 -0.0000
vn -0.0000 0.7071 0.7071
vn -0.0000 0.7071 0.7071
vn -0.0000 0.7071 0.7071
vn -0.0000 0.7071 0.7071
vn -0.0000 0.7071 0.7071
vn -0.0000 0.7071 0.7071
vn -0.0000 0.7071 0.7071
vn -0.0000 0.7071 0.7071
vn -0.0000 0.7071 0.7071
vn -0.0000 0.7071 0.7071
vn -0.1994 0.9746 0.1016
vn -0.1994 0.9746 0.1016
vn -0.1994 0.9746 0.1016
vn -0.1994 0.9746 0.1016
vn -0.5792 0.8100 0.0917
vn -0.5792 0.8100 0.0917
vn -0.5792 0.8100 0.0917
vn -0.5792 0.8100 0.0917
vn -0.0000 -0.7071 0.7071
vn -0.0000 -0.7071 0.7071
vn -0.0000 -0.7071 0.7071
vn -0.0000 -0.7071 0.7071
vn -0.0000 -0.7071 0.7071
vn -0.0000 -0.7071 0.7071
vn -0.0000 -0.7071 0.7071
vn -0.0000 -0.7071 0.7071
vn -0.0000 -0.7071 0.7071
vn -0.0000 -0.7071 0.7071
vn 0.0000 1.0000 -0.0000
vn 0.0000 1.0000 -0.0000
vn 0.0000 1.0000 -0.0000
vn 0.0000 1.0000 -0.0000
vn -0.7071 0.7071 -0.0000
vn -0.7071 0.7071 -0.0000
vn -0.7071 0.7071 -0.0000
vn -0.7071 0.7071 -0.0000
vn 0.7071 -0.0000 0.7071
vn 0.7071 -0.0000 0.7071
vn 0.7071 -0.0000 0.7071
vn 0.7071 -0.0000 0.7071
vn -0.0000 -0.0000 1.0000
vn -0.0000 -0.0000 1.0000
vn -0.0000 -0.0000 1.0000
vn -0.0000 -0.0000 1.0000
vn -0.0000 -0.7071 0.7071
vn -0.0000 -0.7071 0.7071
vn -0.0000 -0.7071 0.7071
vn -0.0000 -0.7071 0.7071
vn -0.0000 0.7071 0.7071
vn -0.0000 0.7071 0.7071
vn -0.0000 0.7071 0.7071
vn -0.0000 0.7071 0.7071
vn 0.0000 1.0000 -0.0000
vn 0.0000 1.0000 -0.0000
vn 0.0000 1.0000 -0.0000
vn 0.0000 1.0000 -0.0000
vn -0.7071 0.7071 -0.0000
vn -0.7071 0.7071 -0.0000
vn -0.7071 0.7071 -0.0000
vn -0.7071 0.7071 -0.0000
vn 0.7071 -0.0000 0.7071
vn 0.7071 -0.0000 0.7071
vn 0.7071 -0.0000 0.7071
vn 0.7071 -0.0000 0.7071
vn -0.0000 -0.0000 1.0000
vn -0.0000 -0.0000 1.0000
vn -0.0000 -0.0000 1.0000
vn -0.0000 -0.0000 1.0000
vn -0.0000 -0.7071 0.7071
vn -0.0000 -0.7071 0.7071
vn -0.0000 -0.7071 0.7071
vn -0.0000 -0.7071 0.7071
vn -0.0000 0.7071 0.7071
vn -0.0000 0.7071 0.7071
vn -0.0000 0.7071 0.7071
vn -0.0000 0.7071 0.7071
vn 0.0000 1.0000 -0.0000
vn 0.0000 1.0000 -0.0000
vn 0.0000 1.0000 -0.0000
vn 0.0000 1.0000 -0.0000
vn -0.7071 0.7071 -0.0000
vn -0.7071 0.7071 -0.0000
vn -0.7071 0.7071 -0.0000
vn -0.7071 0.7071 -0.0000
vn 0.7071 -0.0000 0.7071
vn 0.7071 -0.0000 0.7071
vn 0.7071 -0.0000 0.7071
vn 0.7071 -0.0000 0.7071
vn -0.0000 -0.0000 1.0000
vn -0.0000 -0.0000 1.0000
vn -0.0000 -0.0000 1.0000
vn -0.0000 -0.0000 1.0000
vn -0.0000 -0.7071 0.7071
vn -0.0000 -0.7071 0.7071
vn -0.0000 -0.7071 0.7071
vn -0.0000 -0.7071 0.7071
vn -0.0000 0.7071 0.7071
vn -0.0000 0.7071 0.7071
vn -0.0000 0.7071 0.7071
vn -0.0000 0.7071 0.7071
vn 0.0000 1.0000 -0.0000
vn 0.0000 1.0000 -0.0000
vn 0.0000 1.0000 -0.0000
vn 0.0000 1.0000 -0.0000
vn -0.7071 0.7071 -0.0000
vn -0.7071 0.7071 -0.0000
vn -0.7071 0.7071 -0.0000
vn -0.7071 0.7071 -0.0000
vn 0.7071 -0.0000 0.7071
vn 0.7071 -0.0000 0.7071
vn 0.7071 -0.0000 0.7071
vn 0.7071 -0.0000 0.7071
vn -0.0000 -0.0000 1.0000
vn -0.0000 -0.0000 1.0000
vn -0.0000 -0.0000 1.0000
vn -0.0000 -0.0000 1.0000
vn -0.0000 -0.7071 0.7071
vn -0.0000 -0.7071 0.7071
vn -0.0000 -0.7071 0.7071
vn -0.0000 -0.7071 0.7071
vn -0.0000 0.7071 0.7071
vn -0.0000 0.7071 0.7071
vn -0.0000 0.7071 0.7071
vn -0.0000 0.7071 0.7071
vn 0.0000 1.0000 -0.0000
vn 0.0000 1.0000 -0.0000
vn 0.0000 1.0000 -0.0000
vn 0.0000 1.0000 -0.0000
vn -0.7071 0.7071 -0.0000
vn -0.7071 0.7071 -0.0000
vn -0.7071 0.7071 -0.0000
vn -0.7071 0.7071 -0.0000
vn 0.7071 -0.0000 0.7071
vn 0.7071 -0.0000 0.7071
vn 0.7071 -0.0000 0.7071
vn 0.7071 -0.0000 0.7071
vn -0.0000 -0.0000 1.0000
vn -0.0000 -0.0000 1.0000
vn -0.0000 -0.0000 1.0000
vn -0.0000 -0.0000 1.0000
vn -0.0000 -0.7071 0.7071
vn -0.0000 -0.7071 0.7071
vn -0.0000 -0.7071 0.7071
vn -0.0000 -0.7071 0.7071
vn -0.0000 0.7071 0.7071
vn -0.0000 0.7071 0.7071
vn -0.0000 0.7071 0.7071
vn -0.0000 0.7071 0.7071
vn 0.0000 1.0000 -0.0000
vn 0.0000 1.0000 -0.0000
vn 0.0000 1.0000 -0.0000
vn 0.0000 1.0000 -0.0000
vn -0.7071 0.7071 -0.0000
vn -0.7071 0.7071 -0.0000
vn -0.7071 0.7071 -0.0000
vn -0.7071 0.7071 -0.0000
vn 0.7071 -0.0000 0.7071
vn 0.7071 -0.0000 0.7071
vn 0.7071 -0.0000 0.7071
vn 0.7071 -0.0000 0.7071
vn -0.0000 -0.0000 1.0000
vn -0.0000 -0.0000 1.0000
vn -0.0000 -0.0000 1.0000
vn -0.0000 -0.0000 1.0000
vn -0.0000 -0.7071 0.7071
vn -0.0000 -0.7071 0.7071
vn -0.0000 -0.7071 0.7071
vn -0.0000 -0.7071 0.7071
vn -0.0000 0.7071 0.7071
vn -0.0000 0.7071 0.7071
vn -0.0000 0.7071 0.7071
vn -0.0000 0.7071 0.7071
vn 0.0000 1.0000 -0.0000
vn 0.0000 1.0000 -0.0000
vn 0.0000 1.0000 -0.0000
vn 0.0000 1.0000 -0.0000
vn -0.7071 0.7071 -0.0000
vn -0.7071 0.7071 -0.0000
vn -0.7071 0.7071 -0.0000
vn -0.7071 0.7071 -0.0000
vn 0.7071 -0.0000 0.7071
vn 0.7071 -0.0000 0.7071
vn 0.7071 -0.0000 0.7071
vn 0.7071 -0.0000 0.7071
vn -0.0000 -0.0000 1.0000
vn -0.0000 -0.0000 1.0000
vn -0.0000 -0.0000 1.0000
vn -0.0000 -0.0000 1.0000
vn -0.0000 -0.7071 0.7071
vn -0.0000 -0.7071 0.7071
vn -0.0000 -0.7071 0.7071
vn -0.0000 -0.7071 0.7071
vn -0.0000 0.7071 0.7071
vn -0.0000 0.7071 0.7071
vn -0.0000 0.7071 0.7071
vn -0.0000 0.7071 0.7071
vn 0.0000 1.0000 -0.0000
vn 0.0000 1.0000 -0.0000
vn 0.0000 1.0000 -0.0000
vn 0.0000 1.0000 -0.0000
vn -0.7071 0.7071 -0.0000
vn -0.7071 0.7071 -0.0000
vn -0.7071 0.7071 -0.0000
vn -0.7071 0.7071 -0.0000
vn 0.7071 -0.0000 0.7071
vn 0.7071 -0.0000 0.7071
vn 0.7071 -0.0000 0.7071
vn 0.7071 -0.0000 0.7071
vn -0.0000 -0.0000 1.0000
vn -0.0000 -0.0000 1.0000
vn -0.0000 -0.0000 1.0000
vn -0.0000 -0.0000 1.0000
vn -0.0000 -0.7071 0.7071
vn -0.0000 -0.7071 0.7071
vn -0.0000 -0.7071 0.7071
vn -0.0000 -0.7071 0.7071
vn -0.0000 0.7071 0.7071
vn -0.0000 0.7071 0.7071
vn -0.0000 0.7071 0.7071
vn -0.0000 0.7071 0.7071
vn 0.0000 1.0000 -0.0000
vn 0.0000 1.0000 -0.0000
vn 0.0000 1.0000 -0.0000
vn 0.0000 1.0000 -0.0000
vn -0.7071 0.7071 -0.0000
vn -0.7071 0.7071 -0.0000
vn -0.7071 0.7071 -0.0000
vn -0.7071 0.7071 -0.0000
vn 0.7071 -0.0000 0.7071
vn 0.7071 -0.0000 0.7071
vn 0.7071 -0.0000 0.7071
vn 0.7071 -0.0000 0.7071
vn -0.0000 -0.0000 1.0000
vn -0.0000 -0.0000 1.0000
vn -0.0000 -0.0000 1.0000
vn -0.0000 -0.0000 1.0000
vn -0.0000 -0.7071 0.7071
vn -0.0000 -0.7071 0.7071
vn -0.0000 -0.7071 0.7071
vn -0.0000 -0.7071 0.7071
vn -0.0000 0.7071 0.7071
vn -0.0000 0.7071 0.7071
vn -0.0000 0.7071 0.7071
vn -0.0000 0.7071 0.7071
vn 0.0000 1.0000 -0.0000
vn 0.0000 1.0000 -0.0000
vn 0.0000 1.0000 -0.0000
vn 0.0000 1.0000 -0.0000
vn -0.7071 0.7071 -0.0000
vn -0.7071 0.7071 -0.0000
vn -0.7071 0.7071 -0.0000
vn -0.7071 0.7071 -0.0000
vn 0.7071 -0.0000 0.7071
vn 0.7071 -0.0000 0.7071
vn 0.7071 -0.0000 0.7071
vn 0.7071 -0.0000 0.7071
vn -0.0000 -0.0000 1.0000
vn -0.0000 -0.0000 1.0000
vn -0.0000 -0.0000 1.0000
vn -0.0000 -0.0000 1.0000
vn -0.0000 -0.7071 0.7071
vn -0.0000 -0.7071 0.7071
vn -0.0000 -0.7071 0.7071
vn -0.0000 -0.7071 0.7071
vn -0.0000 0.7071 0.7071
vn -0.0000 0.7071 0.7071
vn -0.0000 0.7071 0.7071
vn -0.0000 0.7071 0.7071
vn 0.0000 1.0000 -0.0000
vn 0.0000 1.0000 -0.0000
vn 0.0000 1.0000 -0.0000
vn 0.0000 1.0000 -0.0000
vn -0.7071 0.7071 -0.0000
vn -0.7071 0.7071 -0.0000
vn -0.7071 0.7071 -0.0000
vn -0.7071 0.7071 -0.0000
vn 0.7071 -0.0000 0.7071
vn 0.7071 -0.0000 0.7071
vn 0.7071 -0.0000 0.7071
vn 0.7071 -0.0000 0.7071
vn -0.0000 -0.0000 1.0000
vn -0.0000 -0.0000 1.0000
vn -0.0000 -0.0000 1.0000
vn -0.0000 -0.0000 1.0000
vn -0.0000 -0.7071 0.7071
vn -0.0000 -0.7071 0.7071
vn -0.0000 -0.7071 0.7071
vn -0.0000 -0.7071 0.7071
vn -0.0000 0.7071 0.7071
vn -0.0000 0.7071 0.7071
vn -0.0000 0.7071 0.7071
vn -0.0000 0.7071 0.7071
vn 0.0000 1.0000 -0.0000
vn 0.0000 1.0000 -0.0000
vn 0.0000 1.0000 -0.0000
vn 0.0000 1.0000 -0.0000
vn -0.7071 0.7071 -0.0000
vn -0.7071 0.7071 -0.0000
vn -0.7071 0.7071 -0.0000
vn -0.7071 0.7071 -0.0000
vn 0.7071 -0.0000 0.7071
vn 0.7071 -0.0000 0.7071
vn 0.7071 -0.0000 0.7071
vn 0.7071 -0.0000 0.7071
vn -0.0000 -0.0000 1.0000
vn -0.0000 -0.0000 1.0000
vn -0.0000 -0.0000 1.0000
vn -0.0000 -0.0000 1.0000
vn -0.0000 -0.7071 0.7071
vn -0.0000 -0.7071 0.7071
vn -0.0000 -0.7071 0.7071
vn -0.0000 -0.7071 0.7071
vn -0.0000 0.7071 0.7071
vn -0.0000 0.7071 0.7071
vn -0.0000 0.7071 0.7071
vn -0.0000 0.7071 0.7071
vn 0.0000 1.0000 -0.0000
vn 0.0000 1.0000 -0.0000
vn 0.0000 1.0000 -0.0000
vn 0.0000 1.0000 -0.0000
vn -0.7071 0.7071 -0.0000
vn -0.7071 0.7071 -0.0000
vn -0.7071 0.7071 -0.0000
vn -0.7071 0.7071 -0.0000
vn 0.7071 -0.0000 0.7071
vn 0.7071 -0.0000 0.7071
vn 0.7071 -0.0000 0.7071
vn 0.7071 -0.0000 0.7071
vn -0.0000 -0.0000 1.0000
vn -0.0000 -0.0000 1.0000
vn -0.0000 -0.0000 1.0000
vn -0.0000 -0.0000 1.0000
vn -0.0000 -0.7071 0.7071
vn -0.0000 -0.7071 0.7071
vn -0.0000 -0.7071 0.7071
vn -0.0000 -0.7071 0.7071
vn -0.0000 0.7071 0.7071
vn -0.0000 0.7071 0.7071
vn -0.0000 0.7071 0.7071
vn -0.0000 0.7071 0.7071
vn 0.0000 1.0000 -0.0000
vn 0.0000 1.0000 -0.0000
vn 0.0000 1.0000 -0.0000
vn 0.0000 1.0000 -0.0000
vn -0.7071 0.7071 -0.0000
vn -0.7071 0.7071 -0.0000
vn -0.7071 0.7071 -0.0000
vn -0.7071 0.7071 -0.0000
vn 0.7071 -0.0000 0.7071
vn 0.7071 -0.0000 0.7071
vn 0.7071 -0.0000 0.7071
vn 0.7071 -0.0000 0.7071
vn -0.0000 -0.0000 1.0000
vn -0.0000 -0.0000 1.0000
vn -0.0000 -0.0000 1.0000
vn -0.0000 -0.0000 1.0000
vn -0.0000 -0.7071 0.7071
vn -0.0000 -0.7071 0.7071
vn -0.0000 -0.7071 0.7071
vn -0.0000 -0.7071 0.7071
vn -0.0000 0.7071 0.7071
vn -0.0000 0.7071 0.7071
vn -0.0000 0.7071 0.7071
vn -0.0000 0.7071 0.7071
vn 0.0000 1.0000 -0.0000
vn 0.0000 1.0000 -0.0000
vn 0.0000 1.0000 -0.0000
vn 0.0000 1.0000 -0.0000
vn -0.7071 0.7071 -0.0000
vn -0.7071 0.7071 -0.0000
vn -0.7071 0.7071 -0.0000
vn -0.7071 0.7071 -0.0000
vn 0.7071 -0.0000 0.7071
vn 0.7071 -0.0000 0.7071
vn 0.7071 -0.0000 0.7071
vn 0.7071 -0.0000 0.7071
vn -0.0000 -0.0000 1.0000
vn -0.0000 -0.0000 1.0000
vn -0.0000 -0.0000 1.0000
vn -0.0000 -0.0000 1.0000
vn -0.0000 -0.7071 0.7071
vn -0.0000 -0.7071 0.7071
vn -0.0000 -0.7071 0.7071
vn -0.0000 -0.7071 0.7071
vn -0.0000 0.7071 0.7071
vn -0.0000 0.7071 0.7071
vn -0.0000 0.7071 0.7071
vn -0.0000 0.7071 0.7071
vn 0.0000 1.0000 -0.0000
vn 0.0000 1.0000 -0.0000
vn 0.0000 1.0000 -0.0000
vn 0.0000 1.0000 -0.0000
vn -0.7071 0.7071 -0.0000
vn -0.7071 0.7071 -0.0000
vn -0.7071 0.7071 -0.0000
vn -0.7071 0.7071 -0.0000
vn 0.7071 -0.0000 0.7071
vn 0.7071 -0.0000 0.7071
vn 0.7071 -0.0000 0.7071
vn 0.7071 -0.0000 0.7071
vn -0.0000 -0.0000 1.0000
vn -0.0000 -0.0000 1.0000
vn -0.0000 -0.0000 1.0000
vn -0.0000 -0.0000 1.0000
vn -0.0000 -0.7071 0.7071
vn -0.0000 -0.7071 0.7071
vn -0.0000 -0.7071 0.7071
vn -0.0000 -0.7071 0.7071
vn -0.0000 0.7071 0.7071
vn -0.0000 0.7071 0.7071
vn -0.0000 0.7071 0.7071
vn -0.0000 0.7071 0.7071
vn 0.0000 1.0000 -0.0000
vn 0.0000 1.0000 -0.0000
vn 0.0000 1.0000 -0.0000
vn 0.0000 1.0000 -0.0000
vn -0.7071 0.7071 -0.0000
vn -0.7071 0.7071 -0.0000
vn -0.7071 0.7071 -0.0000
vn -0.7071 0.7071 -0.0000
vn 0.7071 -0.0000 0.7071
vn 0.7071 -0.0000 0.7071
vn 0.7071 -0.0000 0.7071
vn 0.7071 -0.0000 0.7071
vn -0.0000 -0.0000 1.0000
vn -0.0000 -0.0000 1.0000
vn -0.0000 -0.0000 1.0000
vn -0.0000 -0.0000 1.0000
vn -0.0000 -0.7071 0.7071
vn -0.0000 -0.7071 0.7071
vn -0.0000 -0.7071 0.7071
vn -0.0000 -0.7071 0.7071
vn -0.0000 0.7071 0.7071
vn -0.0000 0.7071 0.7071
vn -0.0000 0.7071 0.7071
vn -0.0000 0.7071 0.7071
vn 0.0000 1.0000 -0.0000
vn 0.0000 1.0000 -0.0000
vn 0.0000 1.0000 -0.0000
vn 0.0000 1.0000 -0.0000
vn -0.7071 0.7071 -0.0000
vn -0.7071 0.7071 -0.0000
vn -0.7071 0.7071 -0.0000
vn -0.7071 0.7071 -0.0000
vn 0.7071 -0.0000 0.7071
vn 0.7071 -0.0000 0.7071
vn 0.7071 -0.0000 0.7071
vn 0.7071 -0.0000 0.7071
vn -0.0000 -0.0000 1.0000
vn -0.0000 -0.0000 1.0000
vn -0.0000 -0.0000 1.0000
vn -0.0000 -0.0000 1.0000
vn -0.0000 -0.7071 0.7071
vn -0.0000 -0.7071 0.7071
vn -0.0000 -0.7071 0.7071
vn -0.0000 -0.7071 0.7071
vn -0.0000 0.7071 0.7071
vn -0.0000 0.7071 0.7071
vn -0.0000 0.7071 0.7071
vn -0.0000 0.7071 0.7071
vn 0.0000 1.0000 -0.0000
vn 0.0000 1.0000 -0.0000
vn 0.0000 1.0000 -0.0000
vn 0.0000 1.0000 -0.0000
vn -0.7071 0.7071 -0.0000
vn -0.7071 0.7071 -0.0000
vn -0.7071 0.7071 -0.0000
vn -0.7071 0.7071 -0.0000
vn 0.7071 -0.0000 0.7071
vn 0.7071 -0.0000 0.7071
vn 0.7071 -0.0000 0.7071
vn 0.7071 -0.0000 0.7071
vn -0.0000 -0.0000 1.0000
vn -0.0000 -0.0000 1.0000
vn -0.0000 -0.0000 1.0000
vn -0.0000 -0.0000 1.0000
vn -0.0000 -0.7071 0.7071
vn -0.0000 -0.7071 0.7071
vn -0.0000 -0.7071 0.7071
vn -0.0000 -0.7071 0.7071
vn -0.0000 0.7071 0.7071
vn -0.0000 0.7071 0.7071
vn -0.0000 0.7071 0.7071
vn -0.0000 0.7071 0.7071
vn 0.0000 1.0000 -0.0000
vn 0.0000 1.0000 -0.0000
vn 0.0000 1.0000 -0.0000
vn 0.0000 1.0000 -0.0000
vn -0.7071 0.7071 -0.0000
vn -0.7071 0.7071 -0.0000
vn -0.7071 0.7071 -0.0000
vn -0.7071 0.7071 -0.0000
vn 0.7071 -0.0000 0.7071
vn 0.7071 -0.0000 0.7071
vn 0.7071 -0.0000 0.7071
vn 0.7071 -0.0000 0.7071
vn -0.0000 -0.0000 1.0000
vn -0.0000 -0.0000 1.0000
vn -0.0000 -0.0000 1.0000
vn -0.0000 -0.0000 1.0000
vn -0.0000 -0.7071 0.7071
vn -0.0000 -0.7071 0.7071
vn -0.0000 -0.7071 0.7071
vn -0.0000 -0.7071 0.7071
vn -0.0000 0.7071 0.7071
vn -0.0000 0.7071 0.7071
vn -0.0000 0.7071 0.7071
vn -0.0000 0.7071 0.7071
vn 0.0000 1.0000 -0.0000
vn 0.0000 1.0000 -0.0000
vn 0.0000 1.0000 -0.0000
vn 0.0000 1.0000 -0.0000
vn -0.7071 0.7071 -0.0000
vn -0.7071 0.7071 -0.0000
vn -0.7071 0.7071 -0.0000
vn -0.7071 0.7071 -0.0000
vn 0.7071 -0.0000 0.7071
vn 0.7071 -0.0000 0.7071
vn 0.7071 -0.0000 0.7071
vn 0.7071 -0.0000 0.7071
vn -0.0000 -0.0000 1.0000
vn -0.0000 -0.0000 1.0000
vn -0.0000 -0.0000 1.0000
vn -0.0000 -0.0000 1.0000
vn -0.0000 -0.7071 0.7071
vn -0.0000 -0.7071 0.7071
vn -0.0000 -0.7071 0.7071
vn -0.0000 -0.7071 0.7071
vn -0.0000 0.7071 0.7071
vn -0.0000 0.7071 0.7071
vn -0.0000 0.7071 0.7071
vn -0.0000 0.7071 0.7071
vn 0.0000 1.0000 -0.0000
vn 0.0000 1.0000 -0.0000
vn 0.0000 1.0000 -0.0000
vn 0.0000 1.0000 -0.0000
vn -0.7071 0.7071 -0.0000
vn -0.7071 0.7071 -0.0000
vn -0.7071 0.7071 -0.0000
vn -0.7071 0.7071 -0.0000
vn 0.7071 -0.0000 0.7071
vn 0.7071 -0.0000 0.7071
vn 0.7071 -0.0000 0.7071
vn 0.7071 -0.0000 0.7071
vn -0.0000 -0.0000 1.0000
vn -0.0000 -0.0000 1.0000
vn -0.0000 -0.0000 1.0000
vn -0.0000 -0.0000 1.0000
vn -0.0000 -0.7071 0.7071
vn -0.0000 -0.7071 0.7071
vn -0.0000 -0.7071 0.7071
vn -0.0000 -0.7071 0.7071
vn -0.0000 0.7071 0.7071
vn -0.0000 0.7071 0.7071
vn -0.0000 0.7071 0.7071
vn -0.0000 0.7071 0.7071
vn 0.0000 1.0000 -0.0000
vn 0.0000 1.0000 -0.0000
vn 0.0000 1.0000 -0.0000
vn 0.0000 1.0000 -0.0000
vn -0.7071 0.7071 -0.0000
vn -0.7071 0.7071 -0.0000
vn -0.7071 0.7071 -0.0000
vn -0.7071 0.7071 -0.0000
vn 0.7071 -0.0000 0.7071
vn 0.7071 -0.0000 0.7071
vn 0.7071 -0.0000 0.7071
vn 0.7071 -0.0000 0.7071
vn -0.0000 -0.0000 1.0000
vn -0.0000 -0.0000 1.0000
vn -0.0000 -0.0000 1.0000
vn -0.0000 -0.0000 1.0000
vn -0.0000 -0.7071 0.7071
vn -0.0000 -0.7071 0.7071
vn -0.0000 -0.7071 0.7071
vn -0.0000 -0.7071 0.7071
vn -0.0000 0.7071 0.7071
vn -0.0000 0.7071 0.7071
vn -0.0000 0.7071 0.7071
vn -0.0000 0.7071 0.7071
vn 0.0000 1.0000 -0.0000
vn 0.0000 1.0000 -0.0000
vn 0.0000 1.0000 -0.0000
vn 0.0000 1.0000 -0.0000
vn -0.7071 0.7071 -0.0000
vn -0.7071 0.7071 -0.0000
vn -0.7071 0.7071 -0.0000
vn -0.7071 0.7071 -0.0000
vn 0.7071 -0.0000 0.7071
vn 0.7071 -0.0000 0.7071
vn 0.7071 -0.0000 0.7071
vn 0.7071 -0.0000 0.7071
vn -0.0000 -0.0000 1.0000
vn -0.0000 -0.0000 1.0000
vn -0.0000 -0.0000 1.0000
vn -0.0000 -0.0000 1.0000
vn -0.0000 -0.7071 0.7071
vn -0.0000 -0.7071 0.7071
vn -0.0000 -0.7071 0.7071
vn -0.0000 -0.7071 0.7071
vn -0.0000 0.7071 0.7071
vn -0.0000 0.7071 0.7071
vn -0.0000 0.7071 0.7071
vn -0.0000 0.7071 0.7071
vn 0.0000 1.0000 -0.0000
vn 0.0000 1.0000 -0.0000
vn 0.0000 1.0000 -0.0000
vn 0.0000 1.0000 -0.0000
vn -0.7071 0.7071 -0.0000
vn -0.7071 0.7071 -0.0000
vn -0.7071 0.7071 -0.0000
vn -0.7071 0.7071 -0.0000
vn 0.7071 -0.0000 0.7071
vn 0.7071 -0.0000 0.7071
vn 0.7071 -0.0000 0.7071
vn 0.7071 -0.0000 0.7071
vn -0.0000 -0.0000 1.0000
vn -0.0000 -0.0000 1.0000
vn -0.0000 -0.0000 1.0000
vn -0.0000 -0.0000 1.0000
vn -0.0000 -0.7071 0.7071
vn -0.0000 -0.7071 0.7071
vn -0.0000 -0.7071 0.7071
vn -0.0000 -0.7071 0.7071
vn -0.0000 0.7071 0.7071
vn -0.0000 0.7071 0.7071
vn -0.0000 0.7071 0.7071
vn -0.0000 0.7071 0.7071
vn 0.0000 1.0000 -0.0000
vn 0.0000 1.0000 -0.0000
vn 0.0000 1.0000 -0.0000
vn 0.0000 1.0000 -0.0000
vn -0.7071 0.7071 -0.0000
vn -0.7071 0.7071 -0.0000
vn -0.7071 0.7071 -0.0000
vn -0.7071 0.7071 -0.0000
vn 0.7071 -0.0000 0.7071
vn 0.7071 -0.0000 0.7071
vn 0.7071 -0.0000 0.7071
vn 0.7071 -0.0000 0.7071
vn -0.0000 -0.0000 1.0000
vn -0.0000 -0.0000 1.0000
vn -0.0000 -0.0000 1.0000
vn -0.0000 -0.0000 1.0000
vn -0.0000 -0.7071 0.7071
vn -0.0000 -0.7071 0.7071
vn -0.0000 -0.7071 0.7071
vn -0.0000 -0.7071 0.7071
vn -0.0000 0.7071 0.7071
vn -0.0000 0.7071 0.7071
vn -0.0000 0.7071 0.7071
vn -0.0000 0.7071 0.7071
vn 0.0000 1.0000 -0.0000
vn 0.0000 1.0000 -0.0000
vn 0.0000 1.0000 -0.0000
vn 0.0000 1.0000 -0.0000
vn -0.7071 0.7071 -0.0000
vn -0.7071 0.7071 -0.0000
vn -0.7071 0.7071 -0.0000
vn -0.7071 0.7071 -0.0000
vn 0.7071 -0.0000 0.7071
vn 0.7071 -0.0000 0.7071
vn 0.7071 -0.0000 0.7071
vn 0.7071 -0.0000 0.7071
vn -0.0000 -0.0000 1.0000
vn -0.0000 -0.0000 1.0000
vn -0.0000 -0.0000 1.0000
vn -0.0000 -0.0000 1.0000
vn -0.0000 -0.7071 0.7071
vn -0.0000 -0.7071 0.7071
vn -0.0000 -0.7071 0.7071
vn -0.0000 -0.7071 0.7071
vn -0.0000 0.7071 0.7071
vn -0.0000 0.7071 0.7071
vn -0.0000 0.7071 0.7071
vn -0.0000 0.7071 0.7071
vn 0.0000 1.0000 -0.0000
vn 0.0000 1.0000 -0.0000
vn 0.0000 1.0000 -0.0000
vn 0.0000 1.0000 -0.0000
vn -0.7071 0.7071 -0.0000
vn -0.7071 0.7071 -0.0000
vn -0.7071 0.7071 -0.0000
vn -0.7071 0.7071 -0.0000
vn 0.7071 -0.0000 0.7071
vn 0.7071 -0.0000 0.7071
vn 0.7071 -0.0000 0.7071
vn 0.7071 -0.0000 0.7071
vn -0.0000 -0.0000 1.0000
vn -0.0000 -0.0000 1.0000
vn -0.0000 -0.0000 1.0000
vn -0.0000 -0.0000 1.0000
vn -0.0000 -0.7071 0.7071
vn -0.0000 -0.7071 0.7071
vn -0.0000 -0.7071 0.7071
vn -0.0000 -0.7071 0.7071
vn -0.0000 0.7071 0.7071
vn -0.0000 0.7071 0.7071
vn -0.0000 0.7071 0.7071
vn -0.0000 0.7071 0.7071
vn 0.0000 1.0000 -0.0000
vn 0.0000 1.0000 -0.0000
vn 0.0000 1.0000 -0.0000
vn 0.0000 1.0000 -0.0000
vn -0.7071 0.7071 -0.0000
vn -0.7071 0.7071 -0.0000
vn -0.7071 0.7071 -0.0000
vn -0.7071 0.7071 -0.0000
vn 0.7071 -0.0000 0.7071
vn 0.7071 -0.0000 0.7071
vn 0.7071 -0.0000 0.7071
vn 0.7071 -0.0000 0.7071
vn -0.0000 -0.0000 1.0000
vn -0.0000 -0.0000 1.0000
vn -0.0000 -0.0000 1.0000
vn -0.0000 -0.0000 1.0000
vn -0.0000 -0.7071 0.7071
vn -0.0000 -0.7071 0.7071
vn -0.0000 -0.7071 0.7071
vn -0.0000 -0.7071 0.7071
vn -0.0000 0.7071 0.7071
vn -0.0000 0.7071 0.7071
vn -0.0000 0.7071 0.7071
vn -0.0000 0.7071 0.7071
vn 0.0000 1.0000 -0.0000
vn 0.0000 1.0000 -0.0000
vn 0.0000 1.0000 -0.0000
vn 0.0000 1.0000 -0.0000
vn -0.7071 0.7071 -0.0000
vn -0.7071 0.7071 -0.0000
vn -0.7071 0.7071 -0.0000
vn -0.7071 0.7071 -0.0000
vn 0.7071 -0.0000 0.7071
vn 0.7071 -0.0000 0.7071
vn 0.7071 -0.0000 0.7071
vn 0.7071 -0.0000 0.7071
vn -0.0000 -0.0000 1.0000
vn -0.0000 -0.0000 1.0000
vn -0.0000 -0.0000 1.0000
vn -0.0000 -0.0000 1.0000
vn -0.0000 -0.7071 0.7071
vn -0.0000 -0.7071 0.7071
vn -0.0000 -0.7071 0.7071
vn -0.0000 -0.7071 0.7071
vn -0.0000 0.7071 0.7071
vn -0.0000 0.7071 0.7071
vn -0.0000 0.7071 0.7071
vn -0.0000 0.7071 0.7071
vn 0.0000 1.0000 -0.0000
vn 0.0000 1.0000 -0.0000
vn 0.0000 1.0000 -0.0000
vn 0.0000 1.0000 -0.0000
vn -0.7071 0.7071 -0.0000
vn -0.7071 0.7071 -0.0000
vn -0.7071 0.7071 -0.0000
vn -0.7071 0.7071 -0.0000
vn 0.7071 -0.0000 0.7071
vn 0.7071 -0.0000 0.7071
vn 0.7071 -0.0000 0.7071
vn 0.7071 -0.0000 0.7071
vn -0.0000 -0.0000 1.0000
vn -0.0000 -0.0000 1.0000
vn -0.0000 -0.0000 1.0000
vn -0.0000 -0.0000 1.0000
vn -0.0000 -0.7071 0.7071
vn -0.0000 -0.7071 0.7071
vn -0.0000 -0.7071 0.7071
vn -0.0000 -0.7071 0.7071
vn -0.0000 0.7071 0.7071
vn -0.0000 0.7071 0.7071
vn -0.0000 0.7071 0.7071
vn -0.0000 0.7071 0.7071
vn 0.0000 1.0000 -0.0000
vn 0.0000 1.0000 -0.0000
vn 0.0000 1.0000 -0.0000
vn 0.0000 1.0000 -0.0000
vn -0.7071 0.7071 -0.0000
vn -0.7071 0.7071 -0.0000
vn -0.7071 0.7071 -0.0000
vn -0.7071 0.7071 -0.0000
vn 0.7071 -0.0000 0.7071
vn 0.7071 -0.0000 0.7071
vn 0.7071 -0.0000 0.7071
vn 0.7071 -0.0000 0.7071
vn -0.0000 -0.0000 1.0000
vn -0.0000 -0.0000 1.0000
vn -0.0000 -0.0000 1.0000
vn -0.0000 -0.0000 1.0000
vn -0.0000 -0.7071 0.7071
vn -0.0000 -0.7071 0.7071
vn -0.0000 -0.7071 0.7071
vn -0.0000 -0.7071 0.7071
vn -0.0000 0.7071 0.7071
vn -0.0000 0.7071 0.7071
vn -0.0000 0.7071 0.7071
vn -0.0000 0.7071 0.7071
vn 0.0000 1.0000 -0.0000
vn 0.0000 1.0000 -0.0000
vn 0.0000 1.0000 -0.0000
vn 0.0000 1.0000 -0.0000
vn -0.7071 0.7071 -0.0000
vn -0.7071 0.7071 -0.0000
vn -0.7071 0.7071 -0.0000
vn -0.7071 0.7071 -0.0000
vn 0.7071 -0.0000 0.7071
vn 0.7071 -0.0000 0.7071
vn 0.7071 -0.0000 0.7071
vn 0.7071 -0.0000 0.7071
vn -0.0000 -0.0000 1.0000
vn -0.0000 -0.0000 1.0000
vn -0.0000 -0.0000 1.0000
vn -0.0000 -0.0000 1.0000
vn -0.0000 -0.7071 0.7071
vn -0.0000 -0.7071 0.7071
vn -0.0000 -0.7071 0.7071
vn -0.0000 -0.7071 0.7071
vn -0.0000 0.7071 0.7071
vn -0.0000 0.7071 0.7071
vn -0.0000 0.7071 0.7071
vn -0.0000 0.7071 0.7071
vn 0.0000 1.0000 -0.0000
vn 0.0000 1.0000 -0.0000
vn 0.0000 1.0000 -0.0000
vn 0.0000 1.0000 -0.0000
vn -0.7071 0.7071 -0.0000
vn -0.7071 0.7071 -0.0000
vn -0.7071 0.7071 -0.0000
vn -0.7071 0.7071 -0.0000
vn 0.7071 -0.0000 0.7071
vn 0.7071 -0.0000 0.7071
vn 0.7071 -0.0000 0.7071
vn 0.7071 -0.0000 0.7071
vn -0.0000 -0.0000 1.0000
vn -0.0000 -0.0000 1.0000
vn -0.0000 -0.0000 1.0000
vn -0.0000 -0.0000 1.0000
vn -0.0000 -0.7071 0.7071
vn -0.0000 -0.7071 0.7071
vn -0.0000 -0.7071 0.7071
vn -0.0000 -0.7071 0.7071
vn -0.0000 0.7071 0.7071
vn -0.0000 0.7071 0.7071
vn -0.0000 0.7071 0.7071
vn -0.0000 0.7071 0.7071
vn 0.0000 1.0000 -0.0000
vn 0.0000 1.0000 -0.0000
vn 0.0000 1.0000 -0.0000
vn 0.0000 1.0000 -0.0000
vn -0.7071 0.7071 -0.0000
vn -0.7071 0.7071 -0.0000
vn -0.7071 0.7071 -0.0000
vn -0.7071 0.7071 -0.0000
vn 0.7071 -0.0000 0.7071
vn 0.7071 -0.0000 0.7071
vn 0.7071 -0.0000 0.7071
vn 0.7071 -0.0000 0.7071
vn -0.0000 -0.0000 1.0000
vn -0.0000 -0.0000 1.0000
vn -0.0000 -0.0000 1.0000
vn -0.0000 -0.0000 1.0000
vn -0.0000 -0.7071 0.7071
vn -0.0000 -0.7071 0.7071
vn -0.0000 -0.7071 0.7071
vn -0.0000 -0.7071 0.7071
vn -0.0000 0.7071 0.7071
vn -0.0000 0.7071 0.7071
vn -0.0000 0.7071 0.7071
vn -0.0000 0.7071 0.7071
vn 0.0000 1.0000 -0.0000
vn 0.0000 1.0000 -0.0000
vn 0.0000 1.0000 -0.0000
vn 0.0000 1.0000 -0.0000
vn -0.7071 0.7071 -0.0000
vn -0.7071 0.7071 -0.0000
vn -0.7071 0.7071 -0.0000
vn -0.7071 0.7071 -0.0000
vn 0.7071 -0.0000 0.7071
vn 0.7071 -0.0000 0.7071
vn 0.7071 -0.0000 0.7071
vn 0.7071 -0.0000 0.7071
vn -0.0000 -0.0000 1.0000
vn -0.0000 -0.0000 1.0000
vn -0.0000 -0.0000 1.0000
vn -0.0000 -0.0000 1.0000
vn -0.0000 -0.7071 0.7071
vn -0.0000 -0.7071 0.7071
vn -0.0000 -0.7071 0.7071
vn -0.0000 -0.7071 0.7071
vn -0.0000 0.7071 0.7071
vn -0.0000 0.7071 0.7071
vn -0.0000 0.7071 0.7071
vn -0.0000 0.7071 0.7071
vn 0.0000 1.0000 -0.0000
vn 0.0000 1.0000 -0.0000
vn 0.0000 1.0000 -0.0000
vn 0.0000 1.0000 -0.0000
vn -0.7071 0.7071 -0.0000
vn -0.7071 0.7071 -0.0000
vn -0.7071 0.7071 -0.0000
vn -0.7071 0.7071 -0.0000
vn 0.7071 -0.0000 0.7071
vn 0.7071 -0.0000 0.7071
vn 0.7071 -0.0000 0.7071
vn 0.7071 -0.0000 0.7071
vn -0.0000 -0.0000 1.0000
vn -0.0000 -0.0000 1.0000
vn -0.0000 -0.0000 1.0000
vn -0.0000 -0.0000 1.0000
vn -0.0000 -0.7071 0.7071
vn -0.0000 -0.7071 0.7071
vn -0.0000 -0.7071 0.7071
vn -0.0000 -0.7071 0.7071
vn -0.0000 0.7071 0.7071
vn -0.0000 0.7071 0.7071
vn -0.0000 0.7071 0.7071
vn -0.0000 0.7071 0.7071
vn 0.0000 1.0000 -0.0000
vn 0.0000 1.0000 -0.0000
vn 0.0000 1.0000 -0.0000
vn 0.0000 1.0000 -0.0000
vn -0.7071 0.7071 -0.0000
vn -0.7071 0.7071 -0.0000
vn -0.7071 0.7071 -0.0000
vn -0.7071 0.7071 -0.0000
vn 0.7071 -0.0000 0.7071
vn 0.7071 -0.0000 0.7071
vn 0.7071 -0.0000 0.7071
vn 0.7071 -0.0000 0.7071
vn -0.0000 -0.0000 1.0000
vn -0.0000 -0.0000 1.0000
vn -0.0000 -0.0000 1.0000
vn -0.0000 -0.0000 1.0000
vn -0.0000 -0.7071 0.7071
vn -0.0000 -0.7071 0.7071
vn -0.0000 -0.7071 0.7071
vn -0.0000 -0.7071 0.7071
vn -0.0000 0.7071 0.7071
vn -0.0000 0.7071 0.7071
vn -0.0000 0.7071 0.7071
vn -0.0000 0.7071 0.7071
vn 0.0000 1.0000 -0.0000
vn 0.0000 1.0000 -0.0000
vn 0.0000 1.0000 -0.0000
vn 0.0000 1.0000 -0.0000
vn -0.7071 0.7071 -0.0000
vn -0.7071 0.7071 -0.0000
vn -0.7071 0.7071 -0.0000
vn -0.7071 0.7071 -0.0000
vn 0.7071 -0.0000 0.7071
vn 0.7071 -0.0000 0.7071
vn 0.7071 -0.0000 0.7071
vn 0.7071 -0.0000 0.7071
vn -0.0000 -0.0000 1.0000
vn -0.0000 -0.0000 1.0000
vn -0.0000 -0.0000 1.0000
vn -0.0000 -0.0000 1.0000
vn -0.0000 -0.7071 0.7071
vn -0.0000 -0.7071 0.7071
vn -0.0000 -0.7071 0.7071
vn -0.0000 -0.7071 0.7071
vn -0.0000 0.7071 0.7071
vn -0.0000 0.7071 0.7071
vn -0.0000 0.7071 0.7071
vn -0.0000 0.7071 0.7071
vn 0.0000 1.0000 -0.0000
vn 0.0000 1.0000 -0.0000
vn 0.0000 1.0000 -0.0000
vn 0.0000 1.0000 -0.0000
vn -0.7071 0.7071 -0.0000
vn -0.7071 0.7071 -0.0000
vn -0.7071 0.7071 -0.0000
vn -0.7071 0.7071 -0.0000
vn 0.7071 -0.0000 0.7071
vn 0.7071 -0.0000 0.7071
vn 0.7071 -0.0000 0.7071
vn 0.7071 -0.0000 0.7071
vn -0.0000 -0.0000 1.0000
vn -0.0000 -0.0000 1.0000
vn -0.0000 -0.0000 1.0000
vn -0.0000 -0.0000 1.0000
vn -0.0000 -0.7071 0.7071
vn -0.0000 -0.7071 0.7071
vn -0.0000 -0.7071 0.7071
vn -0.0000 -0.7071 0.7071
vn -0.0000 0.7071 0.7071
vn -0.0000 0.7071 0.7071
vn -0.0000 0.7071 0.7071
vn -0.0000 0.7071 0.7071
vn 0.0000 1.0000 -0.0000
vn 0.0000 1.0000 -0.0000
vn 0.0000 1.0000 -0.0000
vn 0.0000 1.0000 -0.0000
vn -0.7071 0.7071 -0.0000
vn -0.7071 0.7071 -0.0000
vn -0.7071 0.7071 -0.0000
vn -0.7071 0.7071 -0.0000
vn 0.7071 -0.0000 0.7071
vn 0.7071 -0.0000 0.7071
vn 0.7071 -0.0000 0.7071
vn 0.7071 -0.0000 0.7071
vn -0.0000 -0.0000 1.0000
vn -0.0000 -0.0000 1.0000
vn -0.0000 -0.0000 1.0000
vn -0.0000 -0.0000 1.0000
vn -0.0000 -0.7071 0.7071
vn -0.0000 -0.7071 0.7071
vn -0.0000 -0.7071 0.7071
vn -0.0000 -0.7071 0.7071
vn -0.0000 0.7071 0.7071
vn -0.0000 0.7071 0.7071
vn -0.0000 0.7071 0.7071
vn -0.0000 0.7071 0.7071
vn 0.0000 1.0000 -0.0000
vn 0.0000 1.0000 -0.0000
vn 0.0000 1.0000 -0.0000
vn 0.0000 1.0000 -0.0000
vn -0.7071 0.7071 -0.0000
vn -0.7071 0.7071 -0.0000
vn -0.7071 0.7071 -0.0000
vn -0.7071 0.7071 -0.0000
vn 0.7071 -0.0000 0.7071
vn 0.7071 -0.0000 0.7071
vn 0.7071 -0.0000 0.7071
vn 0.7071 -0.0000 0.7071
vn -0.0000 -0.0000 1.0000
vn -0.0000 -0.0000 1.0000
vn -0.0000 -0.0000 1.0000
vn -0.0000 -0.0000 1.0000
vn -0.0000 -0.7071 0.7071
vn -0.0000 -0.7071 0.7071
vn -0.0000 -0.7071 0.7071
vn -0.0000 -0.7071 0.7071
vn -0.0000 0.7071 0.7071
vn -0.0000 0.7071 0.7071
vn -0.0000 0.7071 0.7071
vn -0.0000 0.7071 0.7071
vn 0.0000 1.0000 -0.0000
vn 0.0000 1.0000 -0.0000
vn 0.0000 1.0000 -0.0000
vn 0.0000 1.0000 -0.0000
vn -0.7071 0.7071 -0.0000
vn -0.7071 0.7071 -0.0000
vn -0.7071 0.7071 -0.0000
vn -0.7071 0.7071 -0.0000
vn 0.7071 -0.0000 0.7071
vn 0.7071 -0.0000 0.7071
vn 0.7071 -0.0000 0.7071
vn 0.7071 -0.0000 0.7071
vn -0.0000 -0.0000 1.0000
vn -0.0000 -0.0000 1.0000
vn -0.0000 -0.0000 1.0000
vn -0.0000 -0.0000 1.0000
vn -0.0000 -0.7071 0.7071
vn -0.0000 -0.7071 0.7071
vn -0.0000 -0.7071 0.7071
vn -0.0000 -0.7071 0.7071
vn -0.0000 0.7071 0.7071
vn -0.0000 0.7071 0.7071
vn -0.0000 0.7071 0.7071
vn -0.0000 0.7071 0.7071
vn 0.0000 1.0000 -0.0000
vn 0.0000 1.0000 -0.0000
vn 0.0000 1.0000 -0.0000
vn 0.0000 1.0000 -0.0000
vn -0.7071 0.7071 -0.0000
vn -0.7071 0.7071 -0.0000
vn -0.7071 0.7071 -0.0000
vn -0.7071 0.7071 -0.0000
vn 0.7071 -0.0000 0.7071
vn 0.7071 -0.0000 0.7071
vn 0.7071 -0.0000 0.7071
vn 0.7071 -0.0000 0.7071
vn -0.0000 -0.0000 1.0000
vn -0.0000 -0.0000 1.0000
vn -0.0000 -0.0000 1.0000
vn -0.0000 -0.0000 1.0000
vn -0.0000 -0.7071 0.7071
vn -0.0000 -0.7071 0.7071
vn -0.0000 -0.7071 0.7071
vn -0.0000 -0.7071 0.7071
vn -0.0000 0.7071 0.7071
vn -0.0000 0.7071 0.7071
vn -0.0000 0.7071 0.7071
vn -0.0000 0.7071 0.7071
vn 0.0000 1.0000 -0.0000
vn 0.0000 1.0000 -0.0000
vn 0.0000 1.0000 -0.0000
vn 0.0000 1.0000 -0.0000
vn -0.7071 0.7071 -0.0000
vn -0.7071 0.7071 -0.0000
vn -0.7071 0.7071 -0.0000
vn -0.7071 0.7071 -0.0000
vn 0.7071 -0.0000 0.7071
vn 0.7071 -0.0000 0.7071
vn 0.7071 -0.0000 0.7071
vn 0.7071 -0.0000 0.7071
vn -0.0000 -0.0000 1.0000
vn -0.0000 -0.0000 1.0000
vn -0.0000 -0.0000 1.0000
vn -0.0000 -0.0000 1.0000
vn -0.0000 -0.7071 0.7071
vn -0.0000 -0.7071 0.7071
vn -0.0000 -0.7071 0.7071
vn -0.0000 -0.7071 0.7071
vn -0.0000 0.7071 0.7071
vn -0.0000 0.7071 0.7071
vn -0.0000 0.7071 0.7071
vn -0.0000 0.7071 0.7071
vn 0.0000 1.0000 -0.0000
vn 0.0000 1.0000 -0.0000
vn 0.0000 1.0000 -0.0000
vn 0.0000 1.0000 -0.0000
vn -0.7071 0.7071 -0.0000
vn -0.7071 0.7071 -0.0000
vn -0.7071 0.7071 -0.0000
vn -0.7071 0.7071 -0.0000
vn 0.7071 -0.0000 0.7071
vn 0.7071 -0.0000 0.7071
vn 0.7071 -0.0000 0.7071
vn 0.7071 -0.0000 0.7071
vn -0.0000 -0.0000 1.0000
vn -0.0000 -0.0000 1.0000
vn -0.0000 -0.0000 1.0000
vn -0.0000 -0.0000 1.0000
vn -0.0000 -0.7071 0.7071
vn -0.0000 -0.7071 0.7071
vn -0.0000 -0.7071 0.7071
vn -0.0000 -0.7071 0.7071
vn -0.0000 0.7071 0.7071
vn -0.0000 0.7071 0.7071
vn -0.0000 0.7071 0.7071
vn -0.0000 0.7071 0.7071
f 4401//4401 4403//4403 4402//4402
f 4401//4401 4402//4402 4404//4404
f 4405//4405 4407//4407 4406//4406
f 4405//4405 4406//4406 4408//4408
f 4409//4409 4411//4411 4410//4410
f 4409//4409 4410//4410 4412//4412
f 4413//4413 4415//4415 4414//4414
f 4413//4413 4414//4414 4416//4416
f 4417//4417 4419//4419 4418//4418
f 4417//4417 4418//4418 4420//4420
f 4421//4421 4423//4423 4422//4422
f 4421//4421 4422//4422 4424//4424
f 4425//4425 4427//4427 4426//4426
f 4425//4425 4426//4426 4428//4428
f 4429//4429 4431//4431 4430//4430
f 4429//4429 4430//4430 4432//4432
f 4433//4433 4435//4435 4434//4434
f 4433//4433 4434//4434 4436//4436
f 4437//4437 4439//4439 4438//4438
f 4437//4437 4438//4438 4440//4440
f 4441//4441 4443//4443 4442//4442
f 4441//4441 4442//4442 4444//4444
f 4445//4445 4447//4447 4446//4446
f 4445//4445 4446//4446 4448//4448
f 4449//4449 4451//4451 4450//4450
f 4449//4449 4450//4450 4452//4452
f 4453//4453 4455//4455 4454//4454
f 4453//4453 4454//4454 4456//4456
f 4457//4457 4459//4459 4458//4458
f 4457//4457 4458//4458 4460//4460
f 4461//4461 4463//4463 4462//4462
f 4461//4461 4462//4462 4464//4464
f 4465//4465 4467//4467 4466//4466
f 4465//4465 4466//4466 4468//4468
f 4469//4469 4471//4471 4470//4470
f 4469//4469 4470//4470 4472//4472
f 4473//4473 4475//4475 4474//4474
f 4473//4473 4474//4474 4476//4476
f 4477//4477 4479//4479 4478//4478
f 4477//4477 4478//4478 4480//4480
f 4481//4481 4483//4483 4482//4482
f 4481//4481 4482//4482 4484//4484
f 4485//4485 4487//4487 4486//4486
f 4485//4485 4486//4486 4488//4488
f 4489//4489 4491//4491 4490//4490
f 4489//4489 4490//4490 4492//4492
f 4493//4493 4495//4495 4494//4494
f 4493//4493 4494//4494 4496//4496
f 4581//4581 4583//4583 4582//4582
f 4581//4581 4582//4582 4584//4584
f 4585//4585 4587//4587 4586//4586
f 4585//4585 4586//4586 4588//4588
f 4589//4589 4591//4591 4590//4590
f 4589//4589 4590//4590 4592//4592
f 4593//4593 4595//4595 4594//4594
f 4593//4593 4594//4594 4596//4596
f 4597//4597 4599//4599 4598//4598
f 4597//4597 4598//4598 4600//4600
f 4601//4601 4603//4603 4602//4602
f 4601//4601 4602//4602 4604//4604
f 4497//4497 4499//4499 4498//4498
f 4497//4497 4498//4498 4500//4500
f 4501//4501 4503//4503 4502//4502
f 4501//4501 4502//4502 4504//4504
f 4505//4505 4507//4507 4506//4506
f 4505//4505 4506//4506 4508//4508
f 4509//4509 4511//4511 4510//4510
f 4509//4509 4510//4510 4512//4512
f 4513//4513 4515//4515 4514//4514
f 4513//4513 4514//4514 4516//4516
f 4517//4517 4519//4519 4518//4518
f 4517//4517 4518//4518 4520//4520
f 4521//4521 4523//4523 4522//4522
f 4521//4521 4522//4522 4524//4524
f 4525//4525 4527//4527 4526//4526
f 4525//4525 4526//4526 4528//4528
f 4529//4529 4531//4531 4530//4530
f 4529//4529 4530//4530 4532//4532
f 4530//4530 4533//4533 4532//4532
f 4532//4532 4534//4534 4529//4529
f 4534//4534 4535//4535 4529//4529
f 4532//4532 4536//4536 4534//4534
f 4536//4536 4537//4537 4534//4534
f 4532//4532 4538//4538 4536//4536
f 4539//4539 4541//4541 4540//4540
f 4539//4539 4540//4540 4542//4542
f 4543//4543 4545//4545 4544//4544
f 4543//4543 4544//4544 4546//4546
f 4547//4547 4549//4549 4548//4548
f 4547//4547 4548//4548 4550//4550
f 4548//4548 4551//4551 4550//4550
f 4550//4550 4552//4552 4547//4547
f 4552//4552 4553//4553 4547//4547
f 4550//4550 4554//4554 4552//4552
f 4554//4554 4555//4555 4552//4552
f 4550//4550 4556//4556 4554//4554
f 4305//4305 4307//4307 4306//4306
f 4305//4305 4306//4306 4308//4308
f 4309//4309 4311//4311 4310//4310
f 4309//4309 4310//4310 4312//4312
f 4313//4313 4315//4315 4314//4314
f 4313//4313 4314//4314 4316//4316
f 4317//4317 4319//4319 4318//4318
f 4317//4317 4318//4318 4320//4320
f 4321//4321 4323//4323 4322//4322
f 4321//4321 4322//4322 4324//4324
f 4325//4325 4327//4327 4326//4326
f 4325//4325 4326//4326 4328//4328
f 4329//4329 4331//4331 4330//4330
f 4329//4329 4330//4330 4332//4332
f 4333//4333 4335//4335 4334//4334
f 4333//4333 4334//4334 4336//4336
f 4337//4337 4339//4339 4338//4338
f 4337//4337 4338//4338 4340//4340
f 4341//4341 4343//4343 4342//4342
f 4341//4341 4342//4342 4344//4344
f 4345//4345 4347//4347 4346//4346
f 4345//4345 4346//4346 4348//4348
f 4349//4349 4351//4351 4350//4350
f 4349//4349 4350//4350 4352//4352
f 4353//4353 4355//4355 4354//4354
f 4353//4353 4354//4354 4356//4356
f 4357//4357 4359//4359 4358//4358
f 4357//4357 4358//4358 4360//4360
f 4361//4361 4363//4363 4362//4362
f 4361//4361 4362//4362 4364//4364
f 4365//4365 4367//4367 4366//4366
f 4365//4365 4366//4366 4368//4368
f 4369//4369 4371//4371 4370//4370
f 4369//4369 4370//4370 4372//4372
f 4373//4373 4375//4375 4374//4374
f 4373//4373 4374//4374 4376//4376
f 4377//4377 4379//4379 4378//4378
f 4377//4377 4378//4378 4380//4380
f 4381//4381 4383//4383 4382//4382
f 4381//4381 4382//4382 4384//4384
f 4385//4385 4387//4387 4386//4386
f 4385//4385 4386//4386 4388//4388
f 4389//4389 4391//4391 4390//4390
f 4389//4389 4390//4390 4392//4392
f 4393//4393 4395//4395 4394//4394
f 4393//4393 4394//4394 4396//4396
f 4397//4397 4399//4399 4398//4398
f 4397//4397 4398//4398 4400//4400
f 4557//4557 4559//4559 4558//4558
f 4557//4557 4558//4558 4560//4560
f 4561//4561 4563//4563 4562//4562
f 4561//4561 4562//4562 4564//4564
f 4565//4565 4567//4567 4566//4566
f 4565//4565 4566//4566 4568//4568
f 4569//4569 4571//4571 4570//4570
f 4569//4569 4570//4570 4572//4572
f 4573//4573 4575//4575 4574//4574
f 4573//4573 4574//4574 4576//4576
f 4577//4577 4579//4579 4578//4578
f 4577//4577 4578//4578 4580//4580
f 4605//4605 4607//4607 4606//4606
f 4605//4605 4606//4606 4608//4608
f 4609//4609 4611//4611 4610//4610
f 4609//4609 4610//4610 4612//4612
f 4613//4613 4615//4615 4614//4614
f 4613//4613 4614//4614 4616//4616
f 4617//4617 4619//4619 4618//4618
f 4617//4617 4618//4618 4620//4620
f 4621//4621 4623//4623 4622//4622
f 4621//4621 4622//4622 4624//4624
f 4625//4625 4627//4627 4626//4626
f 4625//4625 4626//4626 4628//4628
f 4629//4629 4631//4631 4630//4630
f 4629//4629 4630//4630 4632//4632
f 4633//4633 4635//4635 4634//4634
f 4633//4633 4634//4634 4636//4636
f 4637//4637 4639//4639 4638//4638
f 4637//4637 4638//4638 4640//4640
f 4641//4641 4643//4643 4642//4642
f 4641//4641 4642//4642 4644//4644
f 4645//4645 4647//4647 4646//4646
f 4645//4645 4646//4646 4648//4648
f 4649//4649 4651//4651 4650//4650
f 4649//4649 4650//4650 4652//4652
f 4653//4653 4655//4655 4654//4654
f 4653//4653 4654//4654 4656//4656
f 4657//4657 4659//4659 4658//4658
f 4657//4657 4658//4658 4660//4660
f 4661//4661 4663//4663 4662//4662
f 4661//4661 4662//4662 4664//4664
f 4665//4665 4667//4667 4666//4666
f 4665//4665 4666//4666 4668//4668
f 4669//4669 4671//4671 4670//4670
f 4669//4669 4670//4670 4672//4672
f 4673//4673 4675//4675 4674//4674
f 4673//4673 4674//4674 4676//4676
f 4677//4677 4679//4679 4678//4678
f 4677//4677 4678//4678 4680//4680
f 4681//4681 4683//4683 4682//4682
f 4681//4681 4682//4682 4684//4684
f 4685//4685 4687//4687 4686//4686
f 4685//4685 4686//4686 4688//4688
f 4689//4689 4691//4691 4690//4690
f 4689//4689 4690//4690 4692//4692
f 4693//4693 4695//4695 4694//4694
f 4693//4693 4694//4694 4696//4696
f 4697//4697 4699//4699 4698//4698
f 4697//4697 4698//4698 4700//4700
f 4701//4701 4703//4703 4702//4702
f 4701//4701 4702//4702 4704//4704
f 4705//4705 4707//4707 4706//4706
f 4705//4705 4706//4706 4708//4708
f 4709//4709 4711//4711 4710//4710
f 4709//4709 4710//4710 4712//4712
f 4713//4713 4715//4715 4714//4714
f 4713//4713 4714//4714 4716//4716
f 4717//4717 4719//4719 4718//4718
f 4717//4717 4718//4718 4720//4720
f 4721//4721 4723//4723 4722//4722
f 4721//4721 4722//4722 4724//4724
f 4725//4725 4727//4727 4726//4726
f 4725//4725 4726//4726 4728//4728
f 4729//4729 4731//4731 4730//4730
f 4729//4729 4730//4730 4732//4732
f 4733//4733 4735//4735 4734//4734
f 4733//4733 4734//4734 4736//4736
f 4737//4737 4739//4739 4738//4738
f 4737//4737 4738//4738 4740//4740
f 4741//4741 4743//4743 4742//4742
f 4741//4741 4742//4742 4744//4744
f 4745//4745 4747//4747 4746//4746
f 4745//4745 4746//4746 4748//4748
f 4749//4749 4751//4751 4750//4750
f 4749//4749 4750//4750 4752//4752
f 4753//4753 4755//4755 4754//4754
f 4753//4753 4754//4754 4756//4756
f 4757//4757 4759//4759 4758//4758
f 4757//4757 4758//4758 4760//4760
f 4761//4761 4763//4763 4762//4762
f 4761//4761 4762//4762 4764//4764
f 4765//4765 4767//4767 4766//4766
f 4765//4765 4766//4766 4768//4768
f 4769//4769 4771//4771 4770//4770
f 4769//4769 4770//4770 4772//4772
f 4773//4773 4775//4775 4774//4774
f 4773//4773 4774//4774 4776//4776
f 4777//4777 4779//4779 4778//4778
f 4777//4777 4778//4778 4780//4780
f 4781//4781 4783//4783 4782//4782
f 4781//4781 4782//4782 4784//4784
f 4785//4785 4787//4787 4786//4786
f 4785//4785 4786//4786 4788//4788
f 4789//4789 4791//4791 4790//4790
f 4789//4789 4790//4790 4792//4792
f 4793//4793 4795//4795 4794//4794
f 4793//4793 4794//4794 4796//4796
f 4797//4797 4799//4799 4798//4798
f 4797//4797 4798//4798 4800//4800
f 4801//4801 4803//4803 4802//4802
f 4801//4801 4802//4802 4804//4804
f 4805//4805 4807//4807 4806//4806
f 4805//4805 4806//4806 4808//4808
f 4809//4809 4811//4811 4810//4810
f 4809//4809 4810//4810 4812//4812
f 4813//4813 4815//4815 4814//4814
f 4813//4813 4814//4814 4816//4816
f 4817//4817 4819//4819 4818//4818
f 4817//4817 4818//4818 4820//4820
f 4821//4821 4823//4823 4822//4822
f 4821//4821 4822//4822 4824//4824
f 4825//4825 4827//4827 4826//4826
f 4825//4825 4826//4826 4828//4828
f 4829//4829 4831//4831 4830//4830
f 4829//4829 4830//4830 4832//4832
f 4833//4833 4835//4835 4834//4834
f 4833//4833 4834//4834 4836//4836
f 4837//4837 4839//4839 4838//4838
f 4837//4837 4838//4838 4840//4840
f 4841//4841 4843//4843 4842//4842
f 4841//4841 4842//4842 4844//4844
f 4845//4845 4847//4847 4846//4846
f 4845//4845 4846//4846 4848//4848
f 4849//4849 4851//4851 4850//4850
f 4849//4849 4850//4850 4852//4852
f 4853//4853 4855//4855 4854//4854
f 4853//4853 4854//4854 4856//4856
f 4857//4857 4859//4859 4858//4858
f 4857//4857 4858//4858 4860//4860
f 4861//4861 4863//4863 4862//4862
f 4861//4861 4862//4862 4864//4864
f 4865//4865 4867//4867 4866//4866
f 4865//4865 4866//4866 4868//4868
f 4869//4869 4871//4871 4870//4870
f 4869//4869 4870//4870 4872//4872
f 4873//4873 4875//4875 4874//4874
f 4873//4873 4874//4874 4876//4876
f 4877//4877 4879//4879 4878//4878
f 4877//4877 4878//4878 4880//4880
f 4881//4881 4883//4883 4882//4882
f 4881//4881 4882//4882 4884//4884
f 4885//4885 4887//4887 4886//4886
f 4885//4885 4886//4886 4888//4888
f 4889//4889 4891//4891 4890//4890
f 4889//4889 4890//4890 4892//4892
f 4893//4893 4895//4895 4894//4894
f 4893//4893 4894//4894 4896//4896
f 4897//4897 4899//4899 4898//4898
f 4897//4897 4898//4898 4900//4900
f 4901//4901 4903//4903 4902//4902
f 4901//4901 4902//4902 4904//4904
f 4905//4905 4907//4907 4906//4906
f 4905//4905 4906//4906 4908//4908
f 4909//4909 4911//4911 4910//4910
f 4909//4909 4910//4910 4912//4912
f 4913//4913 4915//4915 4914//4914
f 4913//4913 4914//4914 4916//4916
f 4917//4917 4919//4919 4918//4918
f 4917//4917 4918//4918 4920//4920
f 4921//4921 4923//4923 4922//4922
f 4921//4921 4922//4922 4924//4924
f 4925//4925 4927//4927 4926//4926
f 4925//4925 4926//4926 4928//4928
f 4929//4929 4931//4931 4930//4930
f 4929//4929 4930//4930 4932//4932
f 4933//4933 4935//4935 4934//4934
f 4933//4933 4934//4934 4936//4936
f 4937//4937 4939//4939 4938//4938
f 4937//4937 4938//4938 4940//4940
f 4941//4941 4943//4943 4942//4942
f 4941//4941 4942//4942 4944//4944
f 4945//4945 4947//4947 4946//4946
f 4945//4945 4946//4946 4948//4948
f 4949//4949 4951//4951 4950//4950
f 4949//4949 4950//4950 4952//4952
f 4953//4953 4955//4955 4954//4954
f 4953//4953 4954//4954 4956//4956
f 4957//4957 4959//4959 4958//4958
f 4957//4957 4958//4958 4960//4960
f 4961//4961 4963//4963 4962//4962
f 4961//4961 4962//4962 4964//4964
f 4965//4965 4967//4967 4966//4966
f 4965//4965 4966//4966 4968//4968
f 4969//4969 4971//4971 4970//4970
f 4969//4969 4970//4970 4972//4972
f 4973//4973 4975//4975 4974//4974
f 4973//4973 4974//4974 4976//4976
f 4977//4977 4979//4979 4978//4978
f 4977//4977 4978//4978 4980//4980
f 4981//4981 4983//4983 4982//4982
f 4981//4981 4982//4982 4984//4984
f 4985//4985 4987//4987 4986//4986
f 4985//4985 4986//4986 4988//4988
f 4989//4989 4991//4991 4990//4990
f 4989//4989 4990//4990 4992//4992
f 4993//4993 4995//4995 4994//4994
f 4993//4993 4994//4994 4996//4996
f 4997//4997 4999//4999 4998//4998
f 4997//4997 4998//4998 5000//5000
f 5001//5001 5003//5003 5002//5002
f 5001//5001 5002//5002 5004//5004
f 5005//5005 5007//5007 5006//5006
f 5005//5005 5006//5006 5008//5008
f 5009//5009 5011//5011 5010//5010
f 5009//5009 5010//5010 5012//5012
f 5013//5013 5015//5015 5014//5014
f 5013//5013 5014//5014 5016//5016
f 5017//5017 5019//5019 5018//5018
f 5017//5017 5018//5018 5020//5020
f 5021//5021 5023//5023 5022//5022
f 5021//5021 5022//5022 5024//5024
f 5025//5025 5027//5027 5026//5026
f 5025//5025 5026//5026 5028//5028
f 5029//5029 5031//5031 5030//5030
f 5029//5029 5030//5030 5032//5032
f 5033//5033 5035//5035 5034//5034
f 5033//5033 5034//5034 5036//5036
f 5037//5037 5039//5039 5038//5038
f 5037//5037 5038//5038 5040//5040
f 5041//5041 5043//5043 5042//5042
f 5041//5041 5042//5042 5044//5044
f 5045//5045 5047//5047 5046//5046
f 5045//5045 5046//5046 5048//5048
f 5049//5049 5051//5051 5050//5050
f 5049//5049 5050//5050 5052//5052
f 5053//5053 5055//5055 5054//5054
f 5053//5053 5054//5054 5056//5056
f 5057//5057 5059//5059 5058//5058
f 5057//5057 5058//5058 5060//5060
f 5061//5061 5063//5063 5062//5062
f 5061//5061 5062//5062 5064//5064
f 5065//5065 5067//5067 5066//5066
f 5065//5065 5066//5066 5068//5068
f 5069//5069 5071//5071 5070//5070
f 5069//5069 5070//5070 5072//5072
f 5073//5073 5075//5075 5074//5074
f 5073//5073 5074//5074 5076//5076
f 5077//5077 5079//5079 5078//5078
f 5077//5077 5078//5078 5080//5080
f 5081//5081 5083//5083 5082//5082
f 5081//5081 5082//5082 5084//5084
f 5085//5085 5087//5087 5086//5086
f 5085//5085 5086//5086 5088//5088
f 5089//5089 5091//5091 5090//5090
f 5089//5089 5090//5090 5092//5092
f 5093//5093 5095//5095 5094//5094
f 5093//5093 5094//5094 5096//5096
f 5097//5097 5099//5099 5098//5098
f 5097//5097 5098//5098 5100//5100
f 5101//5101 5103//5103 5102//5102
f 5101//5101 5102//5102 5104//5104
f 5105//5105 5107//5107 5106//5106
f 5105//5105 5106//5106 5108//5108
f 5109//5109 5111//5111 5110//5110
f 5109//5109 5110//5110 5112//5112
f 5113//5113 5115//5115 5114//5114
f 5113//5113 5114//5114 5116//5116
f 5117//5117 5119//5119 5118//5118
f 5117//5117 5118//5118 5120//5120
f 5121//5121 5123//5123 5122//5122
f 5121//5121 5122//5122 5124//5124
f 5125//5125 5127//5127 5126//5126
f 5125//5125 5126//5126 5128//5128
f 5129//5129 5131//5131 5130//5130
f 5129//5129 5130//5130 5132//5132
f 5133//5133 5135//5135 5134//5134
f 5133//5133 5134//5134 5136//5136
f 5137//5137 5139//5139 5138//5138
f 5137//5137 5138//5138 5140//5140
f 5141//5141 5143//5143 5142//5142
f 5141//5141 5142//5142 5144//5144
f 5145//5145 5147//5147 5146//5146
f 5145//5145 5146//5146 5148//5148
f 5149//5149 5151//5151 5150//5150
f 5149//5149 5150//5150 5152//5152
f 5153//5153 5155//5155 5154//5154
f 5153//5153 5154//5154 5156//5156
f 5157//5157 5159//5159 5158//5158
f 5157//5157 5158//5158 5160//5160
f 5161//5161 5163//5163 5162//5162
f 5161//5161 5162//5162 5164//5164
f 5165//5165 5167//5167 5166//5166
f 5165//5165 5166//5166 5168//5168
f 5169//5169 5171//5171 5170//5170
f 5169//5169 5170//5170 5172//5172
f 5173//5173 5175//5175 5174//5174
f 5173//5173 5174//5174 5176//5176
f 5177//5177 5179//5179 5178//5178
f 5177//5177 5178//5178 5180//5180
f 5181//5181 5183//5183 5182//5182
f 5181//5181 5182//5182 5184//5184
f 5185//5185 5187//5187 5186//5186
f 5185//5185 5186//5186 5188//5188
f 5189//5189 5191//5191 5190//5190
f 5189//5189 5190//5190 5192//5192
f 5193//5193 5195//5195 5194//5194
f 5193//5193 5194//5194 5196//5196
f 5197//5197 5199//5199 5198//5198
f 5197//5197 5198//5198 5200//5200
f 5201//5201 5203//5203 5202//5202
f 5201//5201 5202//5202 5204//5204
f 5205//5205 5207//5207 5206//5206
f 5205//5205 5206//5206 5208//5208
f 5209//5209 5211//5211 5210//5210
f 5209//5209 5210//5210 5212//5212
f 5213//5213 5215//5215 5214//5214
f 5213//5213 5214//5214 5216//5216
f 5217//5217 5219//5219 5218//5218
f 5217//5217 5218//5218 5220//5220
f 5221//5221 5223//5223 5222//5222
f 5221//5221 5222//5222 5224//5224
f 5225//5225 5227//5227 5226//5226
f 5225//5225 5226//5226 5228//5228
f 5229//5229 5231//5231 5230//5230
f 5229//5229 5230//5230 5232//5232
f 5233//5233 5235//5235 5234//5234
f 5233//5233 5234//5234 5236//5236
f 5237//5237 5239//5239 5238//5238
f 5237//5237 5238//5238 5240//5240
f 5241//5241 5243//5243 5242//5242
f 5241//5241 5242//5242 5244//5244
f 5245//5245 5247//5247 5246//5246
f 5245//5245 5246//5246 5248//5248
f 5249//5249 5251//5251 5250//5250
f 5249//5249 5250//5250 5252//5252
f 5253//5253 5255//5255 5254//5254
f 5253//5253 5254//5254 5256//5256
f 5257//5257 5259//5259 5258//5258
f 5257//5257 5258//5258 5260//5260
f 5261//5261 5263//5263 5262//5262
f 5261//5261 5262//5262 5264//5264
f 5265//5265 5267//5267 5266//5266
f 5265//5265 5266//5266 5268//5268
f 5269//5269 5271//5271 5270//5270
f 5269//5269 5270//5270 5272//5272
f 5273//5273 5275//5275 5274//5274
f 5273//5273 5274//5274 5276//5276
f 5277//5277 5279//5279 5278//5278
f 5277//5277 5278//5278 5280//5280
f 5281//5281 5283//5283 5282//5282
f 5281//5281 5282//5282 5284//5284
f 5285//5285 5287//5287 5286//5286
f 5285//5285 5286//5286 5288//5288
f 5289//5289 5291//5291 5290//5290
f 5289//5289 5290//5290 5292//5292
f 5293//5293 5295//5295 5294//5294
f 5293//5293 5294//5294 5296//5296
f 5297//5297 5299//5299 5298//5298
f 5297//5297 5298//5298 5300//5300
f 5301//5301 5303//5303 5302//5302
f 5301//5301 5302//5302 5304//5304
f 5305//5305 5307//5307 5306//5306
f 5305//5305 5306//5306 5308//5308
f 5309//5309 5311//5311 5310//5310
f 5309//5309 5310//5310 5312//5312
f 5313//5313 5315//5315 5314//5314
f 5313//5313 5314//5314 5316//5316
f 5317//5317 5319//5319 5318//5318
f 5317//5317 5318//5318 5320//5320
f 5321//5321 5323//5323 5322//5322
f 5321//5321 5322//5322 5324//5324
f 5325//5325 5327//5327 5326//5326
f 5325//5325 5326//5326 5328//5328
f 5329//5329 5331//5331 5330//5330
f 5329//5329 5330//5330 5332//5332
f 5333//5333 5335//5335 5334//5334
f 5333//5333 5334//5334 5336//5336
f 5337//5337 5339//5339 5338//5338
f 5337//5337 5338//5338 5340//5340
f 5341//5341 5343//5343 5342//5342
f 5341//5341 5342//5342 5344//5344
f 5345//5345 5347//5347 5346//5346
f 5345//5345 5346//5346 5348//5348
f 5349//5349 5351//5351 5350//5350
f 5349//5349 5350//5350 5352//5352
f 5353//5353 5355//5355 5354//5354
f 5353//5353 5354//5354 5356//5356
f 5357//5357 5359//5359 5358//5358
f 5357//5357 5358//5358 5360//5360
f 5361//5361 5363//5363 5362//5362
f 5361//5361 5362//5362 5364//5364
f 5365//5365 5367//5367 5366//5366
f 5365//5365 5366//5366 5368//5368
f 5369//5369 5371//5371 5370//5370
f 5369//5369 5370//5370 5372//5372
f 5373//5373 5375//5375 5374//5374
f 5373//5373 5374//5374 5376//5376
f 5377//5377 5379//5379 5378//5378
f 5377//5377 5378//5378 5380//5380
f 5381//5381 5383//5383 5382//5382
f 5381//5381 5382//5382 5384//5384
f 5385//5385 5387//5387 5386//5386
f 5385//5385 5386//5386 5388//5388
f 5389//5389 5391//5391 5390//5390
f 5389//5389 5390//5390 5392//5392
f 5393//5393 5395//5395 5394//5394
f 5393//5393 5394//5394 5396//5396
f 5397//5397 5399//5399 5398//5398
f 5397//5397 5398//5398 5400//5400
f 5401//5401 5403//5403 5402//5402
f 5401//5401 5402//5402 5404//5404
f 5405//5405 5407//5407 5406//5406
f 5405//5405 5406//5406 5408//5408
f 5409//5409 5411//5411 5410//5410
f 5409//5409 5410//5410 5412//5412
f 5413//5413 5415//5415 5414//5414
f 5413//5413 5414//5414 5416//5416
f 5417//5417 5419//5419 5418//5418
f 5417//5417 5418//5418 5420//5420
f 5421//5421 5423//5423 5422//5422
f 5421//5421 5422//5422 5424//5424
f 5425//5425 5427//5427 5426//5426
f 5425//5425 5426//5426 5428//5428
f 5429//5429 5431//5431 5430//5430
f 5429//5429 5430//5430 5432//5432
f 5433//5433 5435//5435 5434//5434
f 5433//5433 5434//5434 5436//5436
f 5437//5437 5439//5439 5438//5438
f 5437//5437 5438//5438 5440//5440
f 5441//5441 5443//5443 5442//5442
f 5441//5441 5442//5442 5444//5444
f 5445//5445 5447//5447 5446//5446
f 5445//5445 5446//5446 5448//5448
f 5449//5449 5451//5451 5450//5450
f 5449//5449 5450//5450 5452//5452
f 5453//5453 5455//5455 5454//5454
f 5453//5453 5454//5454 5456//5456
f 5457//5457 5459//5459 5458//5458
f 5457//5457 5458//5458 5460//5460
f 5461//5461 5463//5463 5462//5462
f 5461//5461 5462//5462 5464//5464
f 5465//5465 5467//5467 5466//5466
f 5465//5465 5466//5466 5468//5468
f 5469//5469 5471//5471 5470//5470
f 5469//5469 5470//5470 5472//5472
f 5473//5473 5475//5475 5474//5474
f 5473//5473 5474//5474 5476//5476
f 5477//5477 5479//5479 5478//5478
f 5477//5477 5478//5478 5480//5480
f 5481//5481 5483//5483 5482//5482
f 5481//5481 5482//5482 5484//5484
f 5485//5485 5487//5487 5486//5486
f 5485//5485 5486//5486 5488//5488
f 5489//5489 5491//5491 5490//5490
f 5489//5489 5490//5490 5492//5492
f 5493//5493 5495//5495 5494//5494
f 5493//5493 5494//5494 5496//5496
f 5497//5497 5499//5499 5498//5498
f 5497//5497 5498//5498 5500//5500
f 5501//5501 5503//5503 5502//5502
f 5501//5501 5502//5502 5504//5504
f 5505//5505 5507//5507 5506//5506
f 5505//5505 5506//5506 5508//5508
f 5509//5509 5511//5511 5510//5510
f 5509//5509 5510//5510 5512//5512
f 5513//5513 5515//5515 5514//5514
f 5513//5513 5514//5514 5516//5516
f 5517//5517 5519//5519 5518//5518
f 5517//5517 5518//5518 5520//5520
f 5521//5521 5523//5523 5522//5522
f 5521//5521 5522//5522 5524//5524
f 5525//5525 5527//5527 5526//5526
f 5525//5525 5526//5526 5528//5528
f 5529//5529 5531//5531 5530//5530
f 5529//5529 5530//5530 5532//5532
f 5533//5533 5535//5535 5534//5534
f 5533//5533 5534//5534 5536//5536
f 5537//5537 5539//5539 5538//5538
f 5537//5537 5538//5538 5540//5540
f 5541//5541 5543//5543 5542//5542
f 5541//5541 5542//5542 5544//5544
f 5545//5545 5547//5547 5546//5546
f 5545//5545 5546//5546 5548//5548
f 5549//5549 5551//5551 5550//5550
f 5549//5549 5550//5550 5552//5552
f 5553//5553 5555//5555 5554//5554
f 5553//5553 5554//5554 5556//5556
f 5557//5557 5559//5559 5558//5558
f 5557//5557 5558//5558 5560//5560
f 5561//5561 5563//5563 5562//5562
f 5561//5561 5562//5562 5564//5564
f 5565//5565 5567//5567 5566//5566
f 5565//5565 5566//5566 5568//5568
f 5569//5569 5571//5571 5570//5570
f 5569//5569 5570//5570 5572//5572
f 5573//5573 5575//5575 5574//5574
f 5573//5573 5574//5574 5576//5576
f 5577//5577 5579//5579 5578//5578
f 5577//5577 5578//5578 5580//5580
f 5581//5581 5583//5583 5582//5582
f 5581//5581 5582//5582 5584//5584
f 5585//5585 5587//5587 5586//5586
f 5585//5585 5586//5586 5588//5588
f 5589//5589 5591//5591 5590//5590
f 5589//5589 5590//5590 5592//5592
f 5593//5593 5595//5595 5594//5594
f 5593//5593 5594//5594 5596//5596
f 5597//5597 5599//5599 5598//5598
f 5597//5597 5598//5598 5600//5600
f 5601//5601 5603//5603 5602//5602
f 5601//5601 5602//5602 5604//5604
f 5605//5605 5607//5607 5606//5606
f 5605//5605 5606//5606 5608//5608
f 5609//5609 5611//5611 5610//5610
f 5609//5609 5610//5610 5612//5612
f 5613//5613 5615//5615 5614//5614
f 5613//5613 5614//5614 5616//5616
f 5617//5617 5619//5619 5618//5618
f 5617//5617 5618//5618 5620//5620
f 5621//5621 5623//5623 5622//5622
f 5621//5621 5622//5622 5624//5624
f 5625//5625 5627//5627 5626//5626
f 5625//5625 5626//5626 5628//5628
f 5629//5629 5631//5631 5630//5630
f 5629//5629 5630//5630 5632//5632
f 5633//5633 5635//5635 5634//5634
f 5633//5633 5634//5634 5636//5636
f 5637//5637 5639//5639 5638//5638
f 5637//5637 5638//5638 5640//5640
f 5641//5641 5643//5643 5642//5642
f 5641//5641 5642//5642 5644//5644
f 5645//5645 5647//5647 5646//5646
f 5645//5645 5646//5646 5648//5648
f 5649//5649 5651//5651 5650//5650
f 5649//5649 5650//5650 5652//5652
f 5653//5653 5655//5655 5654//5654
f 5653//5653 5654//5654 5656//5656
f 5657//5657 5659//5659 5658//5658
f 5657//5657 5658//5658 5660//5660
g core_wood_dark
usemtl wood_dark
v -0.04201 0.00000 0.51055
v -0.04201 0.17765 0.50054
v -0.04201 0.17765 0.51055
v -0.04201 0.00000 0.50054
v -0.04201 0.00000 0.50054
v 0.04199 0.17765 0.50054
v -0.04201 0.17765 0.50054
v 0.04199 0.00000 0.50054
v 0.04199 0.00000 0.50054
v 0.04199 0.17765 0.51055
v 0.04199 0.17765 0.50054
v 0.04199 0.00000 0.51055
v 0.04199 0.00000 0.51055
v -0.04201 0.17765 0.51055
v 0.04199 0.17765 0.51055
v -0.04201 0.00000 0.51055
v -0.04201 0.00000 0.50054
v 0.04199 0.00000 0.51055
v 0.04199 0.00000 0.50054
v -0.04201 0.00000 0.51055
v 0.04199 0.17765 0.50054
v -0.04201 0.17765 0.51055
v -0.04201 0.17765 0.50054
v 0.04199 0.17765 0.51055
v 0.32819 0.00000 -0.24251
v 0.32819 0.07150 -0.25050
v 0.32819 0.07150 -0.24251
v 0.32819 0.00000 -0.25050
v 0.32819 0.00000 -0.25050
v 0.36779 0.07150 -0.25050
v 0.32819 0.07150 -0.25050
v 0.36779 0.00000 -0.25050
v 0.36779 0.00000 -0.25050
v 0.36779 0.07150 -0.24251
v 0.36779 0.07150 -0.25050
v 0.36779 0.00000 -0.24251
v 0.36779 0.00000 -0.24251
v 0.32819 0.07150 -0.24251
v 0.36779 0.07150 -0.24251
v 0.32819 0.00000 -0.24251
v 0.32819 0.00000 -0.25050
v 0.36779 0.00000 -0.24251
v 0.36779 0.00000 -0.25050
v 0.32819 0.00000 -0.24251
v 0.36779 0.07150 -0.25050
v 0.32819 0.07150 -0.24251
v 0.32819 0.07150 -0.25050
v 0.36779 0.07150 -0.24251
v 0.07698 0.04000 0.02399
v 0.07698 0.10000 0.01599
v 0.07698 0.10000 0.02399
v 0.07698 0.04000 0.01599
v 0.07698 0.04000 0.01599
v 0.08499 0.10000 0.01599
v 0.07698 0.10000 0.01599
v 0.08499 0.04000 0.01599
v 0.08499 0.04000 0.01599
v 0.08499 0.10000 0.02399
v 0.08499 0.10000 0.01599
v 0.08499 0.04000 0.02399
v 0.08499 0.04000 0.02399
v 0.07698 0.10000 0.02399
v 0.08499 0.10000 0.02399
v 0.07698 0.04000 0.02399
v 0.07698 0.04000 0.01599
v 0.08499 0.04000 0.02399
v 0.08499 0.04000 0.01599
v 0.07698 0.04000 0.02399
v 0.08499 0.10000 0.01599
v 0.07698 0.10000 0.02399
v 0.07698 0.10000 0.01599
v 0.08499 0.10000 0.02399
v 0.12498 0.04000 0.02399
v 0.12498 0.10000 0.01599
v 0.12498 0.10000 0.02399
v 0.12498 0.04000 0.01599
v 0.12498 0.04000 0.01599
v 0.13299 0.10000 0.01599
v 0.12498 0.10000 0.01599
v 0.13299 0.04000 0.01599
v 0.13299 0.04000 0.01599
v 0.13299 0.10000 0.02399
v 0.13299 0.10000 0.01599
v 0.13299 0.04000 0.02399
v 0.13299 0.04000 0.02399
v 0.12498 0.10000 0.02399
v 0.13299 0.10000 0.02399
v 0.12498 0.04000 0.02399
v 0.12498 0.04000 0.01599
v 0.13299 0.04000 0.02399
v 0.13299 0.04000 0.01599
v 0.12498 0.04000 0.02399
v 0.13299 0.10000 0.01599
v 0.12498 0.10000 0.02399
v 0.12498 0.10000 0.01599
v 0.13299 0.10000 0.02399
v 0.07698 0.10000 0.02499
v 0.07698 0.11000 0.01499
v 0.07698 0.11000 0.02499
v 0.07698 0.10000 0.01499
v 0.07698 0.10000 0.01499
v 0.13299 0.11000 0.01499
v 0.07698 0.11000 0.01499
v 0.13299 0.10000 0.01499
v 0.13299 0.10000 0.01499
v 0.13299 0.11000 0.02499
v 0.13299 0.11000 0.01499
v 0.13299 0.10000 0.02499
v 0.13299 0.10000 0.02499
v 0.07698 0.11000 0.02499
v 0.13299 0.11000 0.02499
v 0.07698 0.10000 0.02499
v 0.07698 0.10000 0.01499
v 0.13299 0.10000 0.02499
v 0.13299 0.10000 0.01499
v 0.07698 0.10000 0.02499
v 0.13299 0.11000 0.01499
v 0.07698 0.11000 0.02499
v 0.07698 0.11000 0.01499
v 0.13299 0.11000 0.02499
v -0.13801 0.00000 -0.23800
v -0.13801 0.05526 -0.24601
v -0.13801 0.05526 -0.23800
v -0.13801 0.00000 -0.24601
v -0.13801 0.00000 -0.24601
v -0.10601 0.05526 -0.24601
v -0.13801 0.05526 -0.24601
v -0.10601 0.00000 -0.24601
v -0.10601 0.00000 -0.24601
v -0.10601 0.05526 -0.23800
v -0.10601 0.05526 -0.24601
v -0.10601 0.00000 -0.23800
v -0.10601 0.00000 -0.23800
v -0.13801 0.05526 -0.23800
v -0.10601 0.05526 -0.23800
v -0.13801 0.00000 -0.23800
v -0.13801 0.00000 -0.24601
v -0.10601 0.00000 -0.23800
v -0.10601 0.00000 -0.24601
v -0.13801 0.00000 -0.23800
v -0.10601 0.05526 -0.24601
v -0.13801 0.05526 -0.23800
v -0.13801 0.05526 -0.24601
v -0.10601 0.05526 -0.23800
v -0.18000 0.00000 -0.03300
v -0.18000 0.05832 -0.04100
v -0.18000 0.05832 -0.03300
v -0.18000 0.00000 -0.04100
v -0.18000 0.00000 -0.04100
v -0.14801 0.05832 -0.04100
v -0.18000 0.05832 -0.04100
v -0.14801 0.00000 -0.04100
v -0.14801 0.00000 -0.04100
v -0.14801 0.05832 -0.03300
v -0.14801 0.05832 -0.04100
v -0.14801 0.00000 -0.03300
v -0.14801 0.00000 -0.03300
v -0.18000 0.05832 -0.03300
v -0.14801 0.05832 -0.03300
v -0.18000 0.00000 -0.03300
v -0.18000 0.00000 -0.04100
v -0.14801 0.00000 -0.03300
v -0.14801 0.00000 -0.04100
v -0.18000 0.00000 -0.03300
v -0.14801 0.05832 -0.04100
v -0.18000 0.05832 -0.03300
v -0.18000 0.05832 -0.04100
v -0.14801 0.05832 -0.03300
v 0.22479 0.00000 -0.03801
v 0.22479 0.05632 -0.04601
v 0.22479 0.05632 -0.03801
v 0.22479 0.00000 -0.04601
v 0.22479 0.00000 -0.04601
v 0.25680 0.05632 -0.04601
v 0.22479 0.05632 -0.04601
v 0.25680 0.00000 -0.04601
v 0.25680 0.00000 -0.04601
v 0.25680 0.05632 -0.03801
v 0.25680 0.05632 -0.04601
v 0.25680 0.00000 -0.03801
v 0.25680 0.00000 -0.03801
v 0.22479 0.05632 -0.03801
v 0.25680 0.05632 -0.03801
v 0.22479 0.00000 -0.03801
v 0.22479 0.00000 -0.04601
v 0.25680 0.00000 -0.03801
v 0.25680 0.00000 -0.04601
v 0.22479 0.00000 -0.03801
v 0.25680 0.05632 -0.04601
v 0.22479 0.05632 -0.03801
v 0.22479 0.05632 -0.04601
v 0.25680 0.05632 -0.03801
v -0.59600 0.00000 0.08699
v -0.59600 0.06000 0.07899
v -0.59600 0.06000 0.08699
v -0.59600 0.00000 0.07899
v -0.59600 0.00000 0.07899
v -0.56401 0.06000 0.07899
v -0.59600 0.06000 0.07899
v -0.56401 0.00000 0.07899
v -0.56401 0.00000 0.07899
v -0.56401 0.06000 0.08699
v -0.56401 0.06000 0.07899
v -0.56401 0.00000 0.08699
v -0.56401 0.00000 0.08699
v -0.59600 0.06000 0.08699
v -0.56401 0.06000 0.08699
v -0.59600 0.00000 0.08699
v -0.59600 0.00000 0.07899
v -0.56401 0.00000 0.08699
v -0.56401 0.00000 0.07899
v -0.59600 0.00000 0.08699
v -0.56401 0.06000 0.07899
v -0.59600 0.06000 0.08699
v -0.59600 0.06000 0.07899
v -0.56401 0.06000 0.08699
v 0.56399 0.00000 0.08699
v 0.56399 0.05893 0.07899
v 0.56399 0.05893 0.08699
v 0.56399 0.00000 0.07899
v 0.56399 0.00000 0.07899
v 0.59600 0.05893 0.07899
v 0.56399 0.05893 0.07899
v 0.59600 0.00000 0.07899
v 0.59600 0.00000 0.07899
v 0.59600 0.05893 0.08699
v 0.59600 0.05893 0.07899
v 0.59600 0.00000 0.08699
v 0.59600 0.00000 0.08699
v 0.56399 0.05893 0.08699
v 0.59600 0.05893 0.08699
v 0.56399 0.00000 0.08699
v 0.56399 0.00000 0.07899
v 0.59600 0.00000 0.08699
v 0.59600 0.00000 0.07899
v 0.56399 0.00000 0.08699
v 0.59600 0.05893 0.07899
v 0.56399 0.05893 0.08699
v 0.56399 0.05893 0.07899
v 0.59600 0.05893 0.08699
v -0.18601 0.00000 0.29700
v -0.18601 0.05498 0.28900
v -0.18601 0.05498 0.29700
v -0.18601 0.00000 0.28900
v -0.18601 0.00000 0.28900
v -0.15401 0.05498 0.28900
v -0.18601 0.05498 0.28900
v -0.15401 0.00000 0.28900
v -0.15401 0.00000 0.28900
v -0.15401 0.05498 0.29700
v -0.15401 0.05498 0.28900
v -0.15401 0.00000 0.29700
v -0.15401 0.00000 0.29700
v -0.18601 0.05498 0.29700
v -0.15401 0.05498 0.29700
v -0.18601 0.00000 0.29700
v -0.18601 0.00000 0.28900
v -0.15401 0.00000 0.29700
v -0.15401 0.00000 0.28900
v -0.18601 0.00000 0.29700
v -0.15401 0.05498 0.28900
v -0.18601 0.05498 0.29700
v -0.18601 0.05498 0.28900
v -0.15401 0.05498 0.29700
v 0.15400 0.00000 0.29700
v 0.15400 0.05170 0.28900
v 0.15400 0.05170 0.29700
v 0.15400 0.00000 0.28900
v 0.15400 0.00000 0.28900
v 0.18599 0.05170 0.28900
v 0.15400 0.05170 0.28900
v 0.18599 0.00000 0.28900
v 0.18599 0.00000 0.28900
v 0.18599 0.05170 0.29700
v 0.18599 0.05170 0.28900
v 0.18599 0.00000 0.29700
v 0.18599 0.00000 0.29700
v 0.15400 0.05170 0.29700
v 0.18599 0.05170 0.29700
v 0.15400 0.00000 0.29700
v 0.15400 0.00000 0.28900
v 0.18599 0.00000 0.29700
v 0.18599 0.00000 0.28900
v 0.15400 0.00000 0.29700
v 0.18599 0.05170 0.28900
v 0.15400 0.05170 0.29700
v 0.15400 0.05170 0.28900
v 0.18599 0.05170 0.29700
v -0.26800 0.00000 0.39700
v -0.26800 0.05281 0.38900
v -0.26800 0.05281 0.39700
v -0.26800 0.00000 0.38900
v -0.26800 0.00000 0.38900
v -0.23601 0.05281 0.38900
v -0.26800 0.05281 0.38900
v -0.23601 0.00000 0.38900
v -0.23601 0.00000 0.38900
v -0.23601 0.05281 0.39700
v -0.23601 0.05281 0.38900
v -0.23601 0.00000 0.39700
v -0.23601 0.00000 0.39700
v -0.26800 0.05281 0.39700
v -0.23601 0.05281 0.39700
v -0.26800 0.00000 0.39700
v -0.26800 0.00000 0.38900
v -0.23601 0.00000 0.39700
v -0.23601 0.00000 0.38900
v -0.26800 0.00000 0.39700
v -0.23601 0.05281 0.38900
v -0.26800 0.05281 0.39700
v -0.26800 0.05281 0.38900
v -0.23601 0.05281 0.39700
v 0.32719 0.00000 0.39700
v 0.32719 0.05461 0.38900
v 0.32719 0.05461 0.39700
v 0.32719 0.00000 0.38900
v 0.32719 0.00000 0.38900
v 0.35918 0.05461 0.38900
v 0.32719 0.05461 0.38900
v 0.35918 0.00000 0.38900
v 0.35918 0.00000 0.38900
v 0.35918 0.05461 0.39700
v 0.35918 0.05461 0.38900
v 0.35918 0.00000 0.39700
v 0.35918 0.00000 0.39700
v 0.32719 0.05461 0.39700
v 0.35918 0.05461 0.39700
v 0.32719 0.00000 0.39700
v 0.32719 0.00000 0.38900
v 0.35918 0.00000 0.39700
v 0.35918 0.00000 0.38900
v 0.32719 0.00000 0.39700
v 0.35918 0.05461 0.38900
v 0.32719 0.05461 0.39700
v 0.32719 0.05461 0.38900
v 0.35918 0.05461 0.39700
v -0.49411 0.00000 -0.03901
v -0.49411 0.06000 -0.04701
v -0.49411 0.06000 -0.03901
v -0.49411 0.00000 -0.04701
v -0.49411 0.00000 -0.04701
v -0.46211 0.06000 -0.04701
v -0.49411 0.06000 -0.04701
v -0.46211 0.00000 -0.04701
v -0.46211 0.00000 -0.04701
v -0.46211 0.06000 -0.03901
v -0.46211 0.06000 -0.04701
v -0.46211 0.00000 -0.03901
v -0.46211 0.00000 -0.03901
v -0.49411 0.06000 -0.03901
v -0.46211 0.06000 -0.03901
v -0.49411 0.00000 -0.03901
v -0.49411 0.00000 -0.04701
v -0.46211 0.00000 -0.03901
v -0.46211 0.00000 -0.04701
v -0.49411 0.00000 -0.03901
v -0.46211 0.06000 -0.04701
v -0.49411 0.06000 -0.03901
v -0.49411 0.06000 -0.04701
v -0.46211 0.06000 -0.03901
v -0.37412 0.00000 0.03700
v -0.37412 0.05310 0.02900
v -0.37412 0.05310 0.03700
v -0.37412 0.00000 0.02900
v -0.37412 0.00000 0.02900
v -0.34210 0.05310 0.02900
v -0.37412 0.05310 0.02900
v -0.34210 0.00000 0.02900
v -0.34210 0.00000 0.02900
v -0.34210 0.05310 0.03700
v -0.34210 0.05310 0.02900
v -0.34210 0.00000 0.03700
v -0.34210 0.00000 0.03700
v -0.37412 0.05310 0.03700
v -0.34210 0.05310 0.03700
v -0.37412 0.00000 0.03700
v -0.37412 0.00000 0.02900
v -0.34210 0.00000 0.03700
v -0.34210 0.00000 0.02900
v -0.37412 0.00000 0.03700
v -0.34210 0.05310 0.02900
v -0.37412 0.05310 0.03700
v -0.37412 0.05310 0.02900
v -0.34210 0.05310 0.03700
v 0.34809 0.00000 0.03700
v 0.34809 0.06000 0.02900
v 0.34809 0.06000 0.03700
v 0.34809 0.00000 0.02900
v 0.34809 0.00000 0.02900
v 0.38010 0.06000 0.02900
v 0.34809 0.06000 0.02900
v 0.38010 0.00000 0.02900
v 0.38010 0.00000 0.02900
v 0.38010 0.06000 0.03700
v 0.38010 0.06000 0.02900
v 0.38010 0.00000 0.03700
v 0.38010 0.00000 0.03700
v 0.34809 0.06000 0.03700
v 0.38010 0.06000 0.03700
v 0.34809 0.00000 0.03700
v 0.34809 0.00000 0.02900
v 0.38010 0.00000 0.03700
v 0.38010 0.00000 0.02900
v 0.34809 0.00000 0.03700
v 0.38010 0.06000 0.02900
v 0.34809 0.06000 0.03700
v 0.34809 0.06000 0.02900
v 0.38010 0.06000 0.03700
v 0.46810 0.00000 -0.03901
v 0.46810 0.06000 -0.04701
v 0.46810 0.06000 -0.03901
v 0.46810 0.00000 -0.04701
v 0.46810 0.00000 -0.04701
v 0.50009 0.06000 -0.04701
v 0.46810 0.06000 -0.04701
v 0.50009 0.00000 -0.04701
v 0.50009 0.00000 -0.04701
v 0.50009 0.06000 -0.03901
v 0.50009 0.06000 -0.04701
v 0.50009 0.00000 -0.03901
v 0.50009 0.00000 -0.03901
v 0.46810 0.06000 -0.03901
v 0.50009 0.06000 -0.03901
v 0.46810 0.00000 -0.03901
v 0.46810 0.00000 -0.04701
v 0.50009 0.00000 -0.03901
v 0.50009 0.00000 -0.04701
v 0.46810 0.00000 -0.03901
v 0.50009 0.06000 -0.04701
v 0.46810 0.06000 -0.03901
v 0.46810 0.06000 -0.04701
v 0.50009 0.06000 -0.03901
v -0.42970 0.00000 0.20100
v -0.42970 0.06000 0.19300
v -0.42970 0.06000 0.20100
v -0.42970 0.00000 0.19300
v -0.42970 0.00000 0.19300
v -0.39771 0.06000 0.19300
v -0.42970 0.06000 0.19300
v -0.39771 0.00000 0.19300
v -0.39771 0.00000 0.19300
v -0.39771 0.06000 0.20100
v -0.39771 0.06000 0.19300
v -0.39771 0.00000 0.20100
v -0.39771 0.00000 0.20100
v -0.42970 0.06000 0.20100
v -0.39771 0.06000 0.20100
v -0.42970 0.00000 0.20100
v -0.42970 0.00000 0.19300
v -0.39771 0.00000 0.20100
v -0.39771 0.00000 0.19300
v -0.42970 0.00000 0.20100
v -0.39771 0.06000 0.19300
v -0.42970 0.06000 0.20100
v -0.42970 0.06000 0.19300
v -0.39771 0.06000 0.20100
v -0.30971 0.00000 0.27699
v -0.30971 0.06000 0.26899
v -0.30971 0.06000 0.27699
v -0.30971 0.00000 0.26899
v -0.30971 0.00000 0.26899
v -0.27771 0.06000 0.26899
v -0.30971 0.06000 0.26899
v -0.27771 0.00000 0.26899
v -0.27771 0.00000 0.26899
v -0.27771 0.06000 0.27699
v -0.27771 0.06000 0.26899
v -0.27771 0.00000 0.27699
v -0.27771 0.00000 0.27699
v -0.30971 0.06000 0.27699
v -0.27771 0.06000 0.27699
v -0.30971 0.00000 0.27699
v -0.30971 0.00000 0.26899
v -0.27771 0.00000 0.27699
v -0.27771 0.00000 0.26899
v -0.30971 0.00000 0.27699
v -0.27771 0.06000 0.26899
v -0.30971 0.06000 0.27699
v -0.30971 0.06000 0.26899
v -0.27771 0.06000 0.27699
v 0.27810 0.00000 0.27699
v 0.27810 0.06000 0.26899
v 0.27810 0.06000 0.27699
v 0.27810 0.00000 0.26899
v 0.27810 0.00000 0.26899
v 0.31009 0.06000 0.26899
v 0.27810 0.06000 0.26899
v 0.31009 0.00000 0.26899
v 0.31009 0.00000 0.26899
v 0.31009 0.06000 0.27699
v 0.31009 0.06000 0.26899
v 0.31009 0.00000 0.27699
v 0.31009 0.00000 0.27699
v 0.27810 0.06000 0.27699
v 0.31009 0.06000 0.27699
v 0.27810 0.00000 0.27699
v 0.27810 0.00000 0.26899
v 0.31009 0.00000 0.27699
v 0.31009 0.00000 0.26899
v 0.27810 0.00000 0.27699
v 0.31009 0.06000 0.26899
v 0.27810 0.06000 0.27699
v 0.27810 0.06000 0.26899
v 0.31009 0.06000 0.27699
v 0.39809 0.00000 0.20100
v 0.39809 0.05913 0.19300
v 0.39809 0.05913 0.20100
v 0.39809 0.00000 0.19300
v 0.39809 0.00000 0.19300
v 0.43010 0.05913 0.19300
v 0.39809 0.05913 0.19300
v 0.43010 0.00000 0.19300
v 0.43010 0.00000 0.19300
v 0.43010 0.05913 0.20100
v 0.43010 0.05913 0.19300
v 0.43010 0.00000 0.20100
v 0.43010 0.00000 0.20100
v 0.39809 0.05913 0.20100
v 0.43010 0.05913 0.20100
v 0.39809 0.00000 0.20100
v 0.39809 0.00000 0.19300
v 0.43010 0.00000 0.20100
v 0.43010 0.00000 0.19300
v 0.39809 0.00000 0.20100
v 0.43010 0.05913 0.19300
v 0.39809 0.05913 0.20100
v 0.39809 0.05913 0.19300
v 0.43010 0.05913 0.20100
vn 0.0000 1.0000 -0.0000
vn 0.0000 1.0000 -0.0000
vn 0.0000 1.0000 -0.0000
vn 0.0000 1.0000 -0.0000
vn -0.7071 0.7071 -0.0000
vn -0.7071 0.7071 -0.0000
vn -0.7071 0.7071 -0.0000
vn -0.7071 0.7071 -0.0000
vn 0.7071 -0.0000 0.7071
vn 0.7071 -0.0000 0.7071
vn 0.7071 -0.0000 0.7071
vn 0.7071 -0.0000 0.7071
vn -0.0000 -0.0000 1.0000
vn -0.0000 -0.0000 1.0000
vn -0.0000 -0.0000 1.0000
vn -0.0000 -0.0000 1.0000
vn -0.0000 -0.7071 0.7071
vn -0.0000 -0.7071 0.7071
vn -0.0000 -0.7071 0.7071
vn -0.0000 -0.7071 0.7071
vn -0.0000 0.7071 0.7071
vn -0.0000 0.7071 0.7071
vn -0.0000 0.7071 0.7071
vn -0.0000 0.7071 0.7071
vn 0.0000 1.0000 -0.0000
vn 0.0000 1.0000 -0.0000
vn 0.0000 1.0000 -0.0000
vn 0.0000 1.0000 -0.0000
vn -0.7071 0.7071 -0.0000
vn -0.7071 0.7071 -0.0000
vn -0.7071 0.7071 -0.0000
vn -0.7071 0.7071 -0.0000
vn 0.7071 -0.0000 0.7071
vn 0.7071 -0.0000 0.7071
vn 0.7071 -0.0000 0.7071
vn 0.7071 -0.0000 0.7071
vn -0.0000 -0.0000 1.0000
vn -0.0000 -0.0000 1.0000
vn -0.0000 -0.0000 1.0000
vn -0.0000 -0.0000 1.0000
vn -0.0000 -0.7071 0.7071
vn -0.0000 -0.7071 0.7071
vn -0.0000 -0.7071 0.7071
vn -0.0000 -0.7071 0.7071
vn -0.0000 0.7071 0.7071
vn -0.0000 0.7071 0.7071
vn -0.0000 0.7071 0.7071
vn -0.0000 0.7071 0.7071
vn 0.0000 1.0000 -0.0000
vn 0.0000 1.0000 -0.0000
vn 0.0000 1.0000 -0.0000
vn 0.0000 1.0000 -0.0000
vn -0.7071 0.7071 -0.0000
vn -0.7071 0.7071 -0.0000
vn -0.7071 0.7071 -0.0000
vn -0.7071 0.7071 -0.0000
vn 0.7071 -0.0000 0.7071
vn 0.7071 -0.0000 0.7071
vn 0.7071 -0.0000 0.7071
vn 0.7071 -0.0000 0.7071
vn -0.0000 -0.0000 1.0000
vn -0.0000 -0.0000 1.0000
vn -0.0000 -0.0000 1.0000
vn -0.0000 -0.0000 1.0000
vn -0.0000 -0.7071 0.7071
vn -0.0000 -0.7071 0.7071
vn -0.0000 -0.7071 0.7071
vn -0.0000 -0.7071 0.7071
vn -0.0000 0.7071 0.7071
vn -0.0000 0.7071 0.7071
vn -0.0000 0.7071 0.7071
vn -0.0000 0.7071 0.7071
vn 0.0000 1.0000 -0.0000
vn 0.0000 1.0000 -0.0000
vn 0.0000 1.0000 -0.0000
vn 0.0000 1.0000 -0.0000
vn -0.7071 0.7071 -0.0000
vn -0.7071 0.7071 -0.0000
vn -0.7071 0.7071 -0.0000
vn -0.7071 0.7071 -0.0000
vn 0.7071 -0.0000 0.7071
vn 0.7071 -0.0000 0.7071
vn 0.7071 -0.0000 0.7071
vn 0.7071 -0.0000 0.7071
vn -0.0000 -0.0000 1.0000
vn -0.0000 -0.0000 1.0000
vn -0.0000 -0.0000 1.0000
vn -0.0000 -0.0000 1.0000
vn -0.0000 -0.7071 0.7071
vn -0.0000 -0.7071 0.7071
vn -0.0000 -0.7071 0.7071
vn -0.0000 -0.7071 0.7071
vn -0.0000 0.7071 0.7071
vn -0.0000 0.7071 0.7071
vn -0.0000 0.7071 0.7071
vn -0.0000 0.7071 0.7071
vn 0.0000 1.0000 -0.0000
vn 0.0000 1.0000 -0.0000
vn 0.0000 1.0000 -0.0000
vn 0.0000 1.0000 -0.0000
vn -0.7071 0.7071 -0.0000
vn -0.7071 0.7071 -0.0000
vn -0.7071 0.7071 -0.0000
vn -0.7071 0.7071 -0.0000
vn 0.7071 -0.0000 0.7071
vn 0.7071 -0.0000 0.7071
vn 0.7071 -0.0000 0.7071
vn 0.7071 -0.0000 0.7071
vn -0.0000 -0.0000 1.0000
vn -0.0000 -0.0000 1.0000
vn -0.0000 -0.0000 1.0000
vn -0.0000 -0.0000 1.0000
vn -0.0000 -0.7071 0.7071
vn -0.0000 -0.7071 0.7071
vn -0.0000 -0.7071 0.7071
vn -0.0000 -0.7071 0.7071
vn -0.0000 0.7071 0.7071
vn -0.0000 0.7071 0.7071
vn -0.0000 0.7071 0.7071
vn -0.0000 0.7071 0.7071
vn 0.0000 1.0000 -0.0000
vn 0.0000 1.0000 -0.0000
vn 0.0000 1.0000 -0.0000
vn 0.0000 1.0000 -0.0000
vn -0.7071 0.7071 -0.0000
vn -0.7071 0.7071 -0.0000
vn -0.7071 0.7071 -0.0000
vn -0.7071 0.7071 -0.0000
vn 0.7071 -0.0000 0.7071
vn 0.7071 -0.0000 0.7071
vn 0.7071 -0.0000 0.7071
vn 0.7071 -0.0000 0.7071
vn -0.0000 -0.0000 1.0000
vn -0.0000 -0.0000 1.0000
vn -0.0000 -0.0000 1.0000
vn -0.0000 -0.0000 1.0000
vn -0.0000 -0.7071 0.7071
vn -0.0000 -0.7071 0.7071
vn -0.0000 -0.7071 0.7071
vn -0.0000 -0.7071 0.7071
vn -0.0000 0.7071 0.7071
vn -0.0000 0.7071 0.7071
vn -0.0000 0.7071 0.7071
vn -0.0000 0.7071 0.7071
vn 0.0000 1.0000 -0.0000
vn 0.0000 1.0000 -0.0000
vn 0.0000 1.0000 -0.0000
vn 0.0000 1.0000 -0.0000
vn -0.7071 0.7071 -0.0000
vn -0.7071 0.7071 -0.0000
vn -0.7071 0.7071 -0.0000
vn -0.7071 0.7071 -0.0000
vn 0.7071 -0.0000 0.7071
vn 0.7071 -0.0000 0.7071
vn 0.7071 -0.0000 0.7071
vn 0.7071 -0.0000 0.7071
vn -0.0000 -0.0000 1.0000
vn -0.0000 -0.0000 1.0000
vn -0.0000 -0.0000 1.0000
vn -0.0000 -0.0000 1.0000
vn -0.0000 -0.7071 0.7071
vn -0.0000 -0.7071 0.7071
vn -0.0000 -0.7071 0.7071
vn -0.0000 -0.7071 0.7071
vn -0.0000 0.7071 0.7071
vn -0.0000 0.7071 0.7071
vn -0.0000 0.7071 0.7071
vn -0.0000 0.7071 0.7071
vn 0.0000 1.0000 -0.0000
vn 0.0000 1.0000 -0.0000
vn 0.0000 1.0000 -0.0000
vn 0.0000 1.0000 -0.0000
vn -0.7071 0.7071 -0.0000
vn -0.7071 0.7071 -0.0000
vn -0.7071 0.7071 -0.0000
vn -0.7071 0.7071 -0.0000
vn 0.7071 -0.0000 0.7071
vn 0.7071 -0.0000 0.7071
vn 0.7071 -0.0000 0.7071
vn 0.7071 -0.0000 0.7071
vn -0.0000 -0.0000 1.0000
vn -0.0000 -0.0000 1.0000
vn -0.0000 -0.0000 1.0000
vn -0.0000 -0.0000 1.0000
vn -0.0000 -0.7071 0.7071
vn -0.0000 -0.7071 0.7071
vn -0.0000 -0.7071 0.7071
vn -0.0000 -0.7071 0.7071
vn -0.0000 0.7071 0.7071
vn -0.0000 0.7071 0.7071
vn -0.0000 0.7071 0.7071
vn -0.0000 0.7071 0.7071
vn 0.0000 1.0000 -0.0000
vn 0.0000 1.0000 -0.0000
vn 0.0000 1.0000 -0.0000
vn 0.0000 1.0000 -0.0000
vn -0.7071 0.7071 -0.0000
vn -0.7071 0.7071 -0.0000
vn -0.7071 0.7071 -0.0000
vn -0.7071 0.7071 -0.0000
vn 0.7071 -0.0000 0.7071
vn 0.7071 -0.0000 0.7071
vn 0.7071 -0.0000 0.7071
vn 0.7071 -0.0000 0.7071
vn -0.0000 -0.0000 1.0000
vn -0.0000 -0.0000 1.0000
vn -0.0000 -0.0000 1.0000
vn -0.0000 -0.0000 1.0000
vn -0.0000 -0.7071 0.7071
vn -0.0000 -0.7071 0.7071
vn -0.0000 -0.7071 0.7071
vn -0.0000 -0.7071 0.7071
vn -0.0000 0.7071 0.7071
vn -0.0000 0.7071 0.7071
vn -0.0000 0.7071 0.7071
vn -0.0000 0.7071 0.7071
vn 0.0000 1.0000 -0.0000
vn 0.0000 1.0000 -0.0000
vn 0.0000 1.0000 -0.0000
vn 0.0000 1.0000 -0.0000
vn -0.7071 0.7071 -0.0000
vn -0.7071 0.7071 -0.0000
vn -0.7071 0.7071 -0.0000
vn -0.7071 0.7071 -0.0000
vn 0.7071 -0.0000 0.7071
vn 0.7071 -0.0000 0.7071
vn 0.7071 -0.0000 0.7071
vn 0.7071 -0.0000 0.7071
vn -0.0000 -0.0000 1.0000
vn -0.0000 -0.0000 1.0000
vn -0.0000 -0.0000 1.0000
vn -0.0000 -0.0000 1.0000
vn -0.0000 -0.7071 0.7071
vn -0.0000 -0.7071 0.7071
vn -0.0000 -0.7071 0.7071
vn -0.0000 -0.7071 0.7071
vn -0.0000 0.7071 0.7071
vn -0.0000 0.7071 0.7071
vn -0.0000 0.7071 0.7071
vn -0.0000 0.7071 0.7071
vn 0.0000 1.0000 -0.0000
vn 0.0000 1.0000 -0.0000
vn 0.0000 1.0000 -0.0000
vn 0.0000 1.0000 -0.0000
vn -0.7071 0.7071 -0.0000
vn -0.7071 0.7071 -0.0000
vn -0.7071 0.7071 -0.0000
vn -0.7071 0.7071 -0.0000
vn 0.7071 -0.0000 0.7071
vn 0.7071 -0.0000 0.7071
vn 0.7071 -0.0000 0.7071
vn 0.7071 -0.0000 0.7071
vn -0.0000 -0.0000 1.0000
vn -0.0000 -0.0000 1.0000
vn -0.0000 -0.0000 1.0000
vn -0.0000 -0.0000 1.0000
vn -0.0000 -0.7071 0.7071
vn -0.0000 -0.7071 0.7071
vn -0.0000 -0.7071 0.7071
vn -0.0000 -0.7071 0.7071
vn -0.0000 0.7071 0.7071
vn -0.0000 0.7071 0.7071
vn -0.0000 0.7071 0.7071
vn -0.0000 0.7071 0.7071
vn 0.0000 1.0000 -0.0000
vn 0.0000 1.0000 -0.0000
vn 0.0000 1.0000 -0.0000
vn 0.0000 1.0000 -0.0000
vn -0.7071 0.7071 -0.0000
vn -0.7071 0.7071 -0.0000
vn -0.7071 0.7071 -0.0000
vn -0.7071 0.7071 -0.0000
vn 0.7071 -0.0000 0.7071
vn 0.7071 -0.0000 0.7071
vn 0.7071 -0.0000 0.7071
vn 0.7071 -0.0000 0.7071
vn -0.0000 -0.0000 1.0000
vn -0.0000 -0.0000 1.0000
vn -0.0000 -0.0000 1.0000
vn -0.0000 -0.0000 1.0000
vn -0.0000 -0.7071 0.7071
vn -0.0000 -0.7071 0.7071
vn -0.0000 -0.7071 0.7071
vn -0.0000 -0.7071 0.7071
vn -0.0000 0.7071 0.7071
vn -0.0000 0.7071 0.7071
vn -0.0000 0.7071 0.7071
vn -0.0000 0.7071 0.7071
vn 0.0000 1.0000 -0.0000
vn 0.0000 1.0000 -0.0000
vn 0.0000 1.0000 -0.0000
vn 0.0000 1.0000 -0.0000
vn -0.7071 0.7071 -0.0000
vn -0.7071 0.7071 -0.0000
vn -0.7071 0.7071 -0.0000
vn -0.7071 0.7071 -0.0000
vn 0.7071 -0.0000 0.7071
vn 0.7071 -0.0000 0.7071
vn 0.7071 -0.0000 0.7071
vn 0.7071 -0.0000 0.7071
vn -0.0000 -0.0000 1.0000
vn -0.0000 -0.0000 1.0000
vn -0.0000 -0.0000 1.0000
vn -0.0000 -0.0000 1.0000
vn -0.0000 -0.7071 0.7071
vn -0.0000 -0.7071 0.7071
vn -0.0000 -0.7071 0.7071
vn -0.0000 -0.7071 0.7071
vn -0.0000 0.7071 0.7071
vn -0.0000 0.7071 0.7071
vn -0.0000 0.7071 0.7071
vn -0.0000 0.7071 0.7071
vn 0.0000 1.0000 -0.0000
vn 0.0000 1.0000 -0.0000
vn 0.0000 1.0000 -0.0000
vn 0.0000 1.0000 -0.0000
vn -0.7071 0.7071 -0.0000
vn -0.7071 0.7071 -0.0000
vn -0.7071 0.7071 -0.0000
vn -0.7071 0.7071 -0.0000
vn 0.7071 -0.0000 0.7071
vn 0.7071 -0.0000 0.7071
vn 0.7071 -0.0000 0.7071
vn 0.7071 -0.0000 0.7071
vn -0.0000 -0.0000 1.0000
vn -0.0000 -0.0000 1.0000
vn -0.0000 -0.0000 1.0000
vn -0.0000 -0.0000 1.0000
vn -0.0000 -0.7071 0.7071
vn -0.0000 -0.7071 0.7071
vn -0.0000 -0.7071 0.7071
vn -0.0000 -0.7071 0.7071
vn -0.0000 0.7071 0.7071
vn -0.0000 0.7071 0.7071
vn -0.0000 0.7071 0.7071
vn -0.0000 0.7071 0.7071
vn 0.0000 1.0000 -0.0000
vn 0.0000 1.0000 -0.0000
vn 0.0000 1.0000 -0.0000
vn 0.0000 1.0000 -0.0000
vn -0.7071 0.7071 -0.0000
vn -0.7071 0.7071 -0.0000
vn -0.7071 0.7071 -0.0000
vn -0.7071 0.7071 -0.0000
vn 0.7071 -0.0000 0.7071
vn 0.7071 -0.0000 0.7071
vn 0.7071 -0.0000 0.7071
vn 0.7071 -0.0000 0.7071
vn -0.0000 -0.0000 1.0000
vn -0.0000 -0.0000 1.0000
vn -0.0000 -0.0000 1.0000
vn -0.0000 -0.0000 1.0000
vn -0.0000 -0.7071 0.7071
vn -0.0000 -0.7071 0.7071
vn -0.0000 -0.7071 0.7071
vn -0.0000 -0.7071 0.7071
vn -0.0000 0.7071 0.7071
vn -0.0000 0.7071 0.7071
vn -0.0000 0.7071 0.7071
vn -0.0000 0.7071 0.7071
vn 0.0000 1.0000 -0.0000
vn 0.0000 1.0000 -0.0000
vn 0.0000 1.0000 -0.0000
vn 0.0000 1.0000 -0.0000
vn -0.7071 0.7071 -0.0000
vn -0.7071 0.7071 -0.0000
vn -0.7071 0.7071 -0.0000
vn -0.7071 0.7071 -0.0000
vn 0.7071 -0.0000 0.7071
vn 0.7071 -0.0000 0.7071
vn 0.7071 -0.0000 0.7071
vn 0.7071 -0.0000 0.7071
vn -0.0000 -0.0000 1.0000
vn -0.0000 -0.0000 1.0000
vn -0.0000 -0.0000 1.0000
vn -0.0000 -0.0000 1.0000
vn -0.0000 -0.7071 0.7071
vn -0.0000 -0.7071 0.7071
vn -0.0000 -0.7071 0.7071
vn -0.0000 -0.7071 0.7071
vn -0.0000 0.7071 0.7071
vn -0.0000 0.7071 0.7071
vn -0.0000 0.7071 0.7071
vn -0.0000 0.7071 0.7071
vn 0.0000 1.0000 -0.0000
vn 0.0000 1.0000 -0.0000
vn 0.0000 1.0000 -0.0000
vn 0.0000 1.0000 -0.0000
vn -0.7071 0.7071 -0.0000
vn -0.7071 0.7071 -0.0000
vn -0.7071 0.7071 -0.0000
vn -0.7071 0.7071 -0.0000
vn 0.7071 -0.0000 0.7071
vn 0.7071 -0.0000 0.7071
vn 0.7071 -0.0000 0.7071
vn 0.7071 -0.0000 0.7071
vn -0.0000 -0.0000 1.0000
vn -0.0000 -0.0000 1.0000
vn -0.0000 -0.0000 1.0000
vn -0.0000 -0.0000 1.0000
vn -0.0000 -0.7071 0.7071
vn -0.0000 -0.7071 0.7071
vn -0.0000 -0.7071 0.7071
vn -0.0000 -0.7071 0.7071
vn -0.0000 0.7071 0.7071
vn -0.0000 0.7071 0.7071
vn -0.0000 0.7071 0.7071
vn -0.0000 0.7071 0.7071
vn 0.0000 1.0000 -0.0000
vn 0.0000 1.0000 -0.0000
vn 0.0000 1.0000 -0.0000
vn 0.0000 1.0000 -0.0000
vn -0.7071 0.7071 -0.0000
vn -0.7071 0.7071 -0.0000
vn -0.7071 0.7071 -0.0000
vn -0.7071 0.7071 -0.0000
vn 0.7071 -0.0000 0.7071
vn 0.7071 -0.0000 0.7071
vn 0.7071 -0.0000 0.7071
vn 0.7071 -0.0000 0.7071
vn -0.0000 -0.0000 1.0000
vn -0.0000 -0.0000 1.0000
vn -0.0000 -0.0000 1.0000
vn -0.0000 -0.0000 1.0000
vn -0.0000 -0.7071 0.7071
vn -0.0000 -0.7071 0.7071
vn -0.0000 -0.7071 0.7071
vn -0.0000 -0.7071 0.7071
vn -0.0000 0.7071 0.7071
vn -0.0000 0.7071 0.7071
vn -0.0000 0.7071 0.7071
vn -0.0000 0.7071 0.7071
vn 0.0000 1.0000 -0.0000
vn 0.0000 1.0000 -0.0000
vn 0.0000 1.0000 -0.0000
vn 0.0000 1.0000 -0.0000
vn -0.7071 0.7071 -0.0000
vn -0.7071 0.7071 -0.0000
vn -0.7071 0.7071 -0.0000
vn -0.7071 0.7071 -0.0000
vn 0.7071 -0.0000 0.7071
vn 0.7071 -0.0000 0.7071
vn 0.7071 -0.0000 0.7071
vn 0.7071 -0.0000 0.7071
vn -0.0000 -0.0000 1.0000
vn -0.0000 -0.0000 1.0000
vn -0.0000 -0.0000 1.0000
vn -0.0000 -0.0000 1.0000
vn -0.0000 -0.7071 0.7071
vn -0.0000 -0.7071 0.7071
vn -0.0000 -0.7071 0.7071
vn -0.0000 -0.7071 0.7071
vn -0.0000 0.7071 0.7071
vn -0.0000 0.7071 0.7071
vn -0.0000 0.7071 0.7071
vn -0.0000 0.7071 0.7071
vn 0.0000 1.0000 -0.0000
vn 0.0000 1.0000 -0.0000
vn 0.0000 1.0000 -0.0000
vn 0.0000 1.0000 -0.0000
vn -0.7071 0.7071 -0.0000
vn -0.7071 0.7071 -0.0000
vn -0.7071 0.7071 -0.0000
vn -0.7071 0.7071 -0.0000
vn 0.7071 -0.0000 0.7071
vn 0.7071 -0.0000 0.7071
vn 0.7071 -0.0000 0.7071
vn 0.7071 -0.0000 0.7071
vn -0.0000 -0.0000 1.0000
vn -0.0000 -0.0000 1.0000
vn -0.0000 -0.0000 1.0000
vn -0.0000 -0.0000 1.0000
vn -0.0000 -0.7071 0.7071
vn -0.0000 -0.7071 0.7071
vn -0.0000 -0.7071 0.7071
vn -0.0000 -0.7071 0.7071
vn -0.0000 0.7071 0.7071
vn -0.0000 0.7071 0.7071
vn -0.0000 0.7071 0.7071
vn -0.0000 0.7071 0.7071
vn 0.0000 1.0000 -0.0000
vn 0.0000 1.0000 -0.0000
vn 0.0000 1.0000 -0.0000
vn 0.0000 1.0000 -0.0000
vn -0.7071 0.7071 -0.0000
vn -0.7071 0.7071 -0.0000
vn -0.7071 0.7071 -0.0000
vn -0.7071 0.7071 -0.0000
vn 0.7071 -0.0000 0.7071
vn 0.7071 -0.0000 0.7071
vn 0.7071 -0.0000 0.7071
vn 0.7071 -0.0000 0.7071
vn -0.0000 -0.0000 1.0000
vn -0.0000 -0.0000 1.0000
vn -0.0000 -0.0000 1.0000
vn -0.0000 -0.0000 1.0000
vn -0.0000 -0.7071 0.7071
vn -0.0000 -0.7071 0.7071
vn -0.0000 -0.7071 0.7071
vn -0.0000 -0.7071 0.7071
vn -0.0000 0.7071 0.7071
vn -0.0000 0.7071 0.7071
vn -0.0000 0.7071 0.7071
vn -0.0000 0.7071 0.7071
vn 0.0000 1.0000 -0.0000
vn 0.0000 1.0000 -0.0000
vn 0.0000 1.0000 -0.0000
vn 0.0000 1.0000 -0.0000
vn -0.7071 0.7071 -0.0000
vn -0.7071 0.7071 -0.0000
vn -0.7071 0.7071 -0.0000
vn -0.7071 0.7071 -0.0000
vn 0.7071 -0.0000 0.7071
vn 0.7071 -0.0000 0.7071
vn 0.7071 -0.0000 0.7071
vn 0.7071 -0.0000 0.7071
vn -0.0000 -0.0000 1.0000
vn -0.0000 -0.0000 1.0000
vn -0.0000 -0.0000 1.0000
vn -0.0000 -0.0000 1.0000
vn -0.0000 -0.7071 0.7071
vn -0.0000 -0.7071 0.7071
vn -0.0000 -0.7071 0.7071
vn -0.0000 -0.7071 0.7071
vn -0.0000 0.7071 0.7071
vn -0.0000 0.7071 0.7071
vn -0.0000 0.7071 0.7071
vn -0.0000 0.7071 0.7071
f 5661//5661 5663//5663 5662//5662
f 5661//5661 5662//5662 5664//5664
f 5665//5665 5667//5667 5666//5666
f 5665//5665 5666//5666 5668//5668
f 5669//5669 5671//5671 5670//5670
f 5669//5669 5670//5670 5672//5672
f 5673//5673 5675//5675 5674//5674
f 5673//5673 5674//5674 5676//5676
f 5677//5677 5679//5679 5678//5678
f 5677//5677 5678//5678 5680//5680
f 5681//5681 5683//5683 5682//5682
f 5681//5681 5682//5682 5684//5684
f 5709//5709 5711//5711 5710//5710
f 5709//5709 5710//5710 5712//5712
f 5713//5713 5715//5715 5714//5714
f 5713//5713 5714//5714 5716//5716
f 5717//5717 5719//5719 5718//5718
f 5717//5717 5718//5718 5720//5720
f 5721//5721 5723//5723 5722//5722
f 5721//5721 5722//5722 5724//5724
f 5725//5725 5727//5727 5726//5726
f 5725//5725 5726//5726 5728//5728
f 5729//5729 5731//5731 5730//5730
f 5729//5729 5730//5730 5732//5732
f 5733//5733 5735//5735 5734//5734
f 5733//5733 5734//5734 5736//5736
f 5737//5737 5739//5739 5738//5738
f 5737//5737 5738//5738 5740//5740
f 5741//5741 5743//5743 5742//5742
f 5741//5741 5742//5742 5744//5744
f 5745//5745 5747//5747 5746//5746
f 5745//5745 5746//5746 5748//5748
f 5749//5749 5751//5751 5750//5750
f 5749//5749 5750//5750 5752//5752
f 5753//5753 5755//5755 5754//5754
f 5753//5753 5754//5754 5756//5756
f 5757//5757 5759//5759 5758//5758
f 5757//5757 5758//5758 5760//5760
f 5761//5761 5763//5763 5762//5762
f 5761//5761 5762//5762 5764//5764
f 5765//5765 5767//5767 5766//5766
f 5765//5765 5766//5766 5768//5768
f 5769//5769 5771//5771 5770//5770
f 5769//5769 5770//5770 5772//5772
f 5773//5773 5775//5775 5774//5774
f 5773//5773 5774//5774 5776//5776
f 5777//5777 5779//5779 5778//5778
f 5777//5777 5778//5778 5780//5780
f 5685//5685 5687//5687 5686//5686
f 5685//5685 5686//5686 5688//5688
f 5689//5689 5691//5691 5690//5690
f 5689//5689 5690//5690 5692//5692
f 5693//5693 5695//5695 5694//5694
f 5693//5693 5694//5694 5696//5696
f 5697//5697 5699//5699 5698//5698
f 5697//5697 5698//5698 5700//5700
f 5701//5701 5703//5703 5702//5702
f 5701//5701 5702//5702 5704//5704
f 5705//5705 5707//5707 5706//5706
f 5705//5705 5706//5706 5708//5708
f 5781//5781 5783//5783 5782//5782
f 5781//5781 5782//5782 5784//5784
f 5785//5785 5787//5787 5786//5786
f 5785//5785 5786//5786 5788//5788
f 5789//5789 5791//5791 5790//5790
f 5789//5789 5790//5790 5792//5792
f 5793//5793 5795//5795 5794//5794
f 5793//5793 5794//5794 5796//5796
f 5797//5797 5799//5799 5798//5798
f 5797//5797 5798//5798 5800//5800
f 5801//5801 5803//5803 5802//5802
f 5801//5801 5802//5802 5804//5804
f 5805//5805 5807//5807 5806//5806
f 5805//5805 5806//5806 5808//5808
f 5809//5809 5811//5811 5810//5810
f 5809//5809 5810//5810 5812//5812
f 5813//5813 5815//5815 5814//5814
f 5813//5813 5814//5814 5816//5816
f 5817//5817 5819//5819 5818//5818
f 5817//5817 5818//5818 5820//5820
f 5821//5821 5823//5823 5822//5822
f 5821//5821 5822//5822 5824//5824
f 5825//5825 5827//5827 5826//5826
f 5825//5825 5826//5826 5828//5828
f 5829//5829 5831//5831 5830//5830
f 5829//5829 5830//5830 5832//5832
f 5833//5833 5835//5835 5834//5834
f 5833//5833 5834//5834 5836//5836
f 5837//5837 5839//5839 5838//5838
f 5837//5837 5838//5838 5840//5840
f 5841//5841 5843//5843 5842//5842
f 5841//5841 5842//5842 5844//5844
f 5845//5845 5847//5847 5846//5846
f 5845//5845 5846//5846 5848//5848
f 5849//5849 5851//5851 5850//5850
f 5849//5849 5850//5850 5852//5852
f 5853//5853 5855//5855 5854//5854
f 5853//5853 5854//5854 5856//5856
f 5857//5857 5859//5859 5858//5858
f 5857//5857 5858//5858 5860//5860
f 5861//5861 5863//5863 5862//5862
f 5861//5861 5862//5862 5864//5864
f 5865//5865 5867//5867 5866//5866
f 5865//5865 5866//5866 5868//5868
f 5869//5869 5871//5871 5870//5870
f 5869//5869 5870//5870 5872//5872
f 5873//5873 5875//5875 5874//5874
f 5873//5873 5874//5874 5876//5876
f 5877//5877 5879//5879 5878//5878
f 5877//5877 5878//5878 5880//5880
f 5881//5881 5883//5883 5882//5882
f 5881//5881 5882//5882 5884//5884
f 5885//5885 5887//5887 5886//5886
f 5885//5885 5886//5886 5888//5888
f 5889//5889 5891//5891 5890//5890
f 5889//5889 5890//5890 5892//5892
f 5893//5893 5895//5895 5894//5894
f 5893//5893 5894//5894 5896//5896
f 5897//5897 5899//5899 5898//5898
f 5897//5897 5898//5898 5900//5900
f 5901//5901 5903//5903 5902//5902
f 5901//5901 5902//5902 5904//5904
f 5905//5905 5907//5907 5906//5906
f 5905//5905 5906//5906 5908//5908
f 5909//5909 5911//5911 5910//5910
f 5909//5909 5910//5910 5912//5912
f 5913//5913 5915//5915 5914//5914
f 5913//5913 5914//5914 5916//5916
f 5917//5917 5919//5919 5918//5918
f 5917//5917 5918//5918 5920//5920
f 5921//5921 5923//5923 5922//5922
f 5921//5921 5922//5922 5924//5924
f 5925//5925 5927//5927 5926//5926
f 5925//5925 5926//5926 5928//5928
f 5929//5929 5931//5931 5930//5930
f 5929//5929 5930//5930 5932//5932
f 5933//5933 5935//5935 5934//5934
f 5933//5933 5934//5934 5936//5936
f 5937//5937 5939//5939 5938//5938
f 5937//5937 5938//5938 5940//5940
f 5941//5941 5943//5943 5942//5942
f 5941//5941 5942//5942 5944//5944
f 5945//5945 5947//5947 5946//5946
f 5945//5945 5946//5946 5948//5948
f 5949//5949 5951//5951 5950//5950
f 5949//5949 5950//5950 5952//5952
f 5953//5953 5955//5955 5954//5954
f 5953//5953 5954//5954 5956//5956
f 5957//5957 5959//5959 5958//5958
f 5957//5957 5958//5958 5960//5960
f 5961//5961 5963//5963 5962//5962
f 5961//5961 5962//5962 5964//5964
f 5965//5965 5967//5967 5966//5966
f 5965//5965 5966//5966 5968//5968
f 5969//5969 5971//5971 5970//5970
f 5969//5969 5970//5970 5972//5972
f 5973//5973 5975//5975 5974//5974
f 5973//5973 5974//5974 5976//5976
f 5977//5977 5979//5979 5978//5978
f 5977//5977 5978//5978 5980//5980
f 5981//5981 5983//5983 5982//5982
f 5981//5981 5982//5982 5984//5984
f 5985//5985 5987//5987 5986//5986
f 5985//5985 5986//5986 5988//5988
f 5989//5989 5991//5991 5990//5990
f 5989//5989 5990//5990 5992//5992
f 5993//5993 5995//5995 5994//5994
f 5993//5993 5994//5994 5996//5996
f 5997//5997 5999//5999 5998//5998
f 5997//5997 5998//5998 6000//6000
f 6001//6001 6003//6003 6002//6002
f 6001//6001 6002//6002 6004//6004
f 6005//6005 6007//6007 6006//6006
f 6005//6005 6006//6006 6008//6008
f 6009//6009 6011//6011 6010//6010
f 6009//6009 6010//6010 6012//6012
f 6013//6013 6015//6015 6014//6014
f 6013//6013 6014//6014 6016//6016
f 6017//6017 6019//6019 6018//6018
f 6017//6017 6018//6018 6020//6020
f 6021//6021 6023//6023 6022//6022
f 6021//6021 6022//6022 6024//6024
f 6025//6025 6027//6027 6026//6026
f 6025//6025 6026//6026 6028//6028
f 6029//6029 6031//6031 6030//6030
f 6029//6029 6030//6030 6032//6032
f 6033//6033 6035//6035 6034//6034
f 6033//6033 6034//6034 6036//6036
f 6037//6037 6039//6039 6038//6038
f 6037//6037 6038//6038 6040//6040
f 6041//6041 6043//6043 6042//6042
f 6041//6041 6042//6042 6044//6044
f 6045//6045 6047//6047 6046//6046
f 6045//6045 6046//6046 6048//6048
f 6049//6049 6051//6051 6050//6050
f 6049//6049 6050//6050 6052//6052
f 6053//6053 6055//6055 6054//6054
f 6053//6053 6054//6054 6056//6056
f 6057//6057 6059//6059 6058//6058
f 6057//6057 6058//6058 6060//6060
f 6061//6061 6063//6063 6062//6062
f 6061//6061 6062//6062 6064//6064
f 6065//6065 6067//6067 6066//6066
f 6065//6065 6066//6066 6068//6068
f 6069//6069 6071//6071 6070//6070
f 6069//6069 6070//6070 6072//6072
f 6073//6073 6075//6075 6074//6074
f 6073//6073 6074//6074 6076//6076
f 6077//6077 6079//6079 6078//6078
f 6077//6077 6078//6078 6080//6080
f 6081//6081 6083//6083 6082//6082
f 6081//6081 6082//6082 6084//6084
f 6085//6085 6087//6087 6086//6086
f 6085//6085 6086//6086 6088//6088
f 6089//6089 6091//6091 6090//6090
f 6089//6089 6090//6090 6092//6092
f 6093//6093 6095//6095 6094//6094
f 6093//6093 6094//6094 6096//6096
f 6097//6097 6099//6099 6098//6098
f 6097//6097 6098//6098 6100//6100
f 6101//6101 6103//6103 6102//6102
f 6101//6101 6102//6102 6104//6104
f 6105//6105 6107//6107 6106//6106
f 6105//6105 6106//6106 6108//6108
f 6109//6109 6111//6111 6110//6110
f 6109//6109 6110//6110 6112//6112
f 6113//6113 6115//6115 6114//6114
f 6113//6113 6114//6114 6116//6116
f 6117//6117 6119//6119 6118//6118
f 6117//6117 6118//6118 6120//6120
f 6121//6121 6123//6123 6122//6122
f 6121//6121 6122//6122 6124//6124
f 6125//6125 6127//6127 6126//6126
f 6125//6125 6126//6126 6128//6128
f 6129//6129 6131//6131 6130//6130
f 6129//6129 6130//6130 6132//6132
f 6133//6133 6135//6135 6134//6134
f 6133//6133 6134//6134 6136//6136
f 6137//6137 6139//6139 6138//6138
f 6137//6137 6138//6138 6140//6140
f 6141//6141 6143//6143 6142//6142
f 6141//6141 6142//6142 6144//6144
f 6145//6145 6147//6147 6146//6146
f 6145//6145 6146//6146 6148//6148
f 6149//6149 6151//6151 6150//6150
f 6149//6149 6150//6150 6152//6152
f 6153//6153 6155//6155 6154//6154
f 6153//6153 6154//6154 6156//6156
f 6157//6157 6159//6159 6158//6158
f 6157//6157 6158//6158 6160//6160
f 6161//6161 6163//6163 6162//6162
f 6161//6161 6162//6162 6164//6164
f 6165//6165 6167//6167 6166//6166
f 6165//6165 6166//6166 6168//6168
f 6169//6169 6171//6171 6170//6170
f 6169//6169 6170//6170 6172//6172
f 6173//6173 6175//6175 6174//6174
f 6173//6173 6174//6174 6176//6176
f 6177//6177 6179//6179 6178//6178
f 6177//6177 6178//6178 6180//6180
f 6181//6181 6183//6183 6182//6182
f 6181//6181 6182//6182 6184//6184
f 6185//6185 6187//6187 6186//6186
f 6185//6185 6186//6186 6188//6188
g core_slate
usemtl slate
v 0.28200 0.41800 -0.24400
v 0.34800 0.68200 -0.31000
v 0.41400 0.41800 -0.24400
v 0.41400 0.41800 -0.24400
v 0.34800 0.68200 -0.31000
v 0.41400 0.41800 -0.37600
v 0.41400 0.41800 -0.37600
v 0.34800 0.68200 -0.31000
v 0.28200 0.41800 -0.37600
v 0.28200 0.41800 -0.37600
v 0.34800 0.68200 -0.31000
v 0.28200 0.41800 -0.24400
v 0.28200 0.41800 -0.37600
v 0.41400 0.41800 -0.24400
v 0.41400 0.41800 -0.37600
v 0.28200 0.41800 -0.24400
vn 0.1142 0.1214 0.9860
vn 0.1142 0.1214 0.9860
vn 0.1142 0.1214 0.9860
vn -0.6854 -0.1739 -0.7071
vn -0.6854 -0.1739 -0.7071
vn -0.6854 -0.1739 -0.7071
vn 0.6826 -0.7253 -0.0893
vn 0.6826 -0.7253 -0.0893
vn 0.6826 -0.7253 -0.0893
vn -0.0035 0.9710 0.2389
vn -0.0035 0.9710 0.2389
vn -0.0035 0.9710 0.2389
vn -0.0000 -0.7071 0.7071
vn -0.0000 -0.7071 0.7071
vn -0.0000 -0.7071 0.7071
vn -0.0000 -0.7071 0.7071
f 6189//6189 6191//6191 6190//6190
f 6192//6192 6194//6194 6193//6193
f 6195//6195 6197//6197 6196//6196
f 6198//6198 6200//6200 6199//6199
f 6201//6201 6203//6203 6202//6202
f 6201//6201 6202//6202 6204//6204
g core_plaster
usemtl plaster
v -0.27001 0.00000 -0.24501
v -0.27001 0.33491 -0.37500
v -0.27001 0.33491 -0.24501
v -0.27001 0.00000 -0.37500
v -0.27001 0.00000 -0.37500
v -0.07001 0.33491 -0.37500
v -0.27001 0.33491 -0.37500
v -0.07001 0.00000 -0.37500
v -0.07001 0.00000 -0.37500
v -0.07001 0.33491 -0.24501
v -0.07001 0.33491 -0.37500
v -0.07001 0.00000 -0.24501
v -0.07001 0.00000 -0.24501
v -0.27001 0.33491 -0.24501
v -0.07001 0.33491 -0.24501
v -0.27001 0.00000 -0.24501
v -0.27001 0.00000 -0.37500
v -0.07001 0.00000 -0.24501
v -0.07001 0.00000 -0.37500
v -0.27001 0.00000 -0.24501
v -0.07001 0.33491 -0.37500
v -0.27001 0.33491 -0.24501
v -0.27001 0.33491 -0.37500
v -0.07001 0.33491 -0.24501
v 0.11498 0.00000 -0.04501
v 0.11498 0.25600 -0.17500
v 0.11498 0.25600 -0.04501
v 0.11498 0.00000 -0.17500
v 0.11498 0.00000 -0.17500
v 0.28498 0.25600 -0.17500
v 0.11498 0.25600 -0.17500
v 0.28498 0.00000 -0.17500
v 0.28498 0.00000 -0.17500
v 0.28498 0.25600 -0.04501
v 0.28498 0.25600 -0.17500
v 0.28498 0.00000 -0.04501
v 0.28498 0.00000 -0.04501
v 0.11498 0.25600 -0.04501
v 0.28498 0.25600 -0.04501
v 0.11498 0.00000 -0.04501
v 0.11498 0.00000 -0.17500
v 0.28498 0.00000 -0.04501
v 0.28498 0.00000 -0.17500
v 0.11498 0.00000 -0.04501
v 0.28498 0.25600 -0.17500
v 0.11498 0.25600 -0.04501
v 0.11498 0.25600 -0.17500
v 0.28498 0.25600 -0.04501
v -0.53500 0.00000 -0.04600
v -0.53500 0.23481 -0.17001
v -0.53500 0.23481 -0.04600
v -0.53500 0.00000 -0.17001
v -0.53500 0.00000 -0.17001
v -0.42120 0.23481 -0.17001
v -0.53500 0.23481 -0.17001
v -0.42120 0.00000 -0.17001
v -0.42120 0.00000 -0.17001
v -0.42120 0.23481 -0.04600
v -0.42120 0.23481 -0.17001
v -0.42120 0.00000 -0.04600
v -0.42120 0.00000 -0.04600
v -0.53500 0.23481 -0.04600
v -0.42120 0.23481 -0.04600
v -0.53500 0.00000 -0.04600
v -0.53500 0.00000 -0.17001
v -0.42120 0.00000 -0.04600
v -0.42120 0.00000 -0.17001
v -0.53500 0.00000 -0.04600
v -0.42120 0.23481 -0.17001
v -0.53500 0.23481 -0.04600
v -0.53500 0.23481 -0.17001
v -0.42120 0.23481 -0.04600
v 0.43320 0.00000 -0.04600
v 0.43320 0.29518 -0.17001
v 0.43320 0.29518 -0.04600
v 0.43320 0.00000 -0.17001
v 0.43320 0.00000 -0.17001
v 0.53498 0.29518 -0.17001
v 0.43320 0.29518 -0.17001
v 0.53498 0.00000 -0.17001
v 0.53498 0.00000 -0.17001
v 0.53498 0.29518 -0.04600
v 0.53498 0.29518 -0.17001
v 0.53498 0.00000 -0.04600
v 0.53498 0.00000 -0.04600
v 0.43320 0.29518 -0.04600
v 0.53498 0.29518 -0.04600
v 0.43320 0.00000 -0.04600
v 0.43320 0.00000 -0.17001
v 0.53498 0.00000 -0.04600
v 0.53498 0.00000 -0.17001
v 0.43320 0.00000 -0.04600
v 0.53498 0.29518 -0.17001
v 0.43320 0.29518 -0.04600
v 0.43320 0.29518 -0.17001
v 0.53498 0.29518 -0.04600
v -0.34241 0.00000 0.27000
v -0.34241 0.22068 0.12999
v -0.34241 0.22068 0.27000
v -0.34241 0.00000 0.12999
v -0.34241 0.00000 0.12999
v -0.24501 0.22068 0.12999
v -0.34241 0.22068 0.12999
v -0.24501 0.00000 0.12999
v -0.24501 0.00000 0.12999
v -0.24501 0.22068 0.27000
v -0.24501 0.22068 0.12999
v -0.24501 0.00000 0.27000
v -0.24501 0.00000 0.27000
v -0.34241 0.22068 0.27000
v -0.24501 0.22068 0.27000
v -0.34241 0.00000 0.27000
v -0.34241 0.00000 0.12999
v -0.24501 0.00000 0.27000
v -0.24501 0.00000 0.12999
v -0.34241 0.00000 0.27000
v -0.24501 0.22068 0.12999
v -0.34241 0.22068 0.27000
v -0.34241 0.22068 0.12999
v -0.24501 0.22068 0.27000
v 0.35320 0.00000 0.19400
v 0.35320 0.26879 0.06999
v 0.35320 0.26879 0.19400
v 0.35320 0.00000 0.06999
v 0.35320 0.00000 0.06999
v 0.47500 0.26879 0.06999
v 0.35320 0.26879 0.06999
v 0.47500 0.00000 0.06999
v 0.47500 0.00000 0.06999
v 0.47500 0.26879 0.19400
v 0.47500 0.26879 0.06999
v 0.47500 0.00000 0.19400
v 0.47500 0.00000 0.19400
v 0.35320 0.26879 0.19400
v 0.47500 0.26879 0.19400
v 0.35320 0.00000 0.19400
v 0.35320 0.00000 0.06999
v 0.47500 0.00000 0.19400
v 0.47500 0.00000 0.06999
v 0.35320 0.00000 0.19400
v 0.47500 0.26879 0.06999
v 0.35320 0.26879 0.19400
v 0.35320 0.26879 0.06999
v 0.47500 0.26879 0.19400
v -0.63000 0.00000 0.08000
v -0.63000 0.18235 -0.04000
v -0.63000 0.18235 0.08000
v -0.63000 0.00000 -0.04000
v -0.63000 0.00000 -0.04000
v -0.53000 0.18235 -0.04000
v -0.63000 0.18235 -0.04000
v -0.53000 0.00000 -0.04000
v -0.53000 0.00000 -0.04000
v -0.53000 0.18235 0.08000
v -0.53000 0.18235 -0.04000
v -0.53000 0.00000 0.08000
v -0.53000 0.00000 0.08000
v -0.63000 0.18235 0.08000
v -0.53000 0.18235 0.08000
v -0.63000 0.00000 0.08000
v -0.63000 0.00000 -0.04000
v -0.53000 0.00000 0.08000
v -0.53000 0.00000 -0.04000
v -0.63000 0.00000 0.08000
v -0.53000 0.18235 -0.04000
v -0.63000 0.18235 0.08000
v -0.63000 0.18235 -0.04000
v -0.53000 0.18235 0.08000
v 0.52998 0.00000 0.08000
v 0.52998 0.17858 -0.04000
v 0.52998 0.17858 0.08000
v 0.52998 0.00000 -0.04000
v 0.52998 0.00000 -0.04000
v 0.63000 0.17858 -0.04000
v 0.52998 0.17858 -0.04000
v 0.63000 0.00000 -0.04000
v 0.63000 0.00000 -0.04000
v 0.63000 0.17858 0.08000
v 0.63000 0.17858 -0.04000
v 0.63000 0.00000 0.08000
v 0.63000 0.00000 0.08000
v 0.52998 0.17858 0.08000
v 0.63000 0.17858 0.08000
v 0.52998 0.00000 0.08000
v 0.52998 0.00000 -0.04000
v 0.63000 0.00000 0.08000
v 0.63000 0.00000 -0.04000
v 0.52998 0.00000 0.08000
v 0.63000 0.17858 -0.04000
v 0.52998 0.17858 0.08000
v 0.52998 0.17858 -0.04000
v 0.63000 0.17858 0.08000
v -0.23001 0.00000 0.29000
v -0.23001 0.16661 0.17000
v -0.23001 0.16661 0.29000
v -0.23001 0.00000 0.17000
v -0.23001 0.00000 0.17000
v -0.11000 0.16661 0.17000
v -0.23001 0.16661 0.17000
v -0.11000 0.00000 0.17000
v -0.11000 0.00000 0.17000
v -0.11000 0.16661 0.29000
v -0.11000 0.16661 0.17000
v -0.11000 0.00000 0.29000
v -0.11000 0.00000 0.29000
v -0.23001 0.16661 0.29000
v -0.11000 0.16661 0.29000
v -0.23001 0.00000 0.29000
v -0.23001 0.00000 0.17000
v -0.11000 0.00000 0.29000
v -0.11000 0.00000 0.17000
v -0.23001 0.00000 0.29000
v -0.11000 0.16661 0.17000
v -0.23001 0.16661 0.29000
v -0.23001 0.16661 0.17000
v -0.11000 0.16661 0.29000
v 0.10998 0.00000 0.29000
v 0.10998 0.15666 0.17000
v 0.10998 0.15666 0.29000
v 0.10998 0.00000 0.17000
v 0.10998 0.00000 0.17000
v 0.23000 0.15666 0.17000
v 0.10998 0.15666 0.17000
v 0.23000 0.00000 0.17000
v 0.23000 0.00000 0.17000
v 0.23000 0.15666 0.29000
v 0.23000 0.15666 0.17000
v 0.23000 0.00000 0.29000
v 0.23000 0.00000 0.29000
v 0.10998 0.15666 0.29000
v 0.23000 0.15666 0.29000
v 0.10998 0.00000 0.29000
v 0.10998 0.00000 0.17000
v 0.23000 0.00000 0.29000
v 0.23000 0.00000 0.17000
v 0.10998 0.00000 0.29000
v 0.23000 0.15666 0.17000
v 0.10998 0.15666 0.29000
v 0.10998 0.15666 0.17000
v 0.23000 0.15666 0.29000
v -0.40001 0.00000 0.39000
v -0.40001 0.08002 0.29000
v -0.40001 0.08002 0.39000
v -0.40001 0.00000 0.29000
v -0.40001 0.00000 0.29000
v -0.20000 0.08002 0.29000
v -0.40001 0.08002 0.29000
v -0.20000 0.00000 0.29000
v -0.20000 0.00000 0.29000
v -0.20000 0.08002 0.39000
v -0.20000 0.08002 0.29000
v -0.20000 0.00000 0.39000
v -0.20000 0.00000 0.39000
v -0.40001 0.08002 0.39000
v -0.20000 0.08002 0.39000
v -0.40001 0.00000 0.39000
v -0.40001 0.00000 0.29000
v -0.20000 0.00000 0.39000
v -0.20000 0.00000 0.29000
v -0.40001 0.00000 0.39000
v -0.20000 0.08002 0.29000
v -0.40001 0.08002 0.39000
v -0.40001 0.08002 0.29000
v -0.20000 0.08002 0.39000
v 0.21000 0.00000 0.39000
v 0.21000 0.08275 0.29000
v 0.21000 0.08275 0.39000
v 0.21000 0.00000 0.29000
v 0.21000 0.00000 0.29000
v 0.39000 0.08275 0.29000
v 0.21000 0.08275 0.29000
v 0.39000 0.00000 0.29000
v 0.39000 0.00000 0.29000
v 0.39000 0.08275 0.39000
v 0.39000 0.08275 0.29000
v 0.39000 0.00000 0.39000
v 0.39000 0.00000 0.39000
v 0.21000 0.08275 0.39000
v 0.39000 0.08275 0.39000
v 0.21000 0.00000 0.39000
v 0.21000 0.00000 0.29000
v 0.39000 0.00000 0.39000
v 0.39000 0.00000 0.29000
v 0.21000 0.00000 0.39000
v 0.39000 0.08275 0.29000
v 0.21000 0.08275 0.39000
v 0.21000 0.08275 0.29000
v 0.39000 0.08275 0.39000
v 0.24499 0.00000 0.27000
v 0.24499 0.18603 0.12999
v 0.24499 0.18603 0.27000
v 0.24499 0.00000 0.12999
v 0.24499 0.00000 0.12999
v 0.34320 0.18603 0.12999
v 0.24499 0.18603 0.12999
v 0.34320 0.00000 0.12999
v 0.34320 0.00000 0.12999
v 0.34320 0.18603 0.27000
v 0.34320 0.18603 0.12999
v 0.34320 0.00000 0.27000
v 0.34320 0.00000 0.27000
v 0.24499 0.18603 0.27000
v 0.34320 0.18603 0.27000
v 0.24499 0.00000 0.27000
v 0.24499 0.00000 0.12999
v 0.34320 0.00000 0.27000
v 0.34320 0.00000 0.12999
v 0.24499 0.00000 0.27000
v 0.34320 0.18603 0.12999
v 0.24499 0.18603 0.27000
v 0.24499 0.18603 0.12999
v 0.34320 0.18603 0.27000
vn 0.0000 1.0000 -0.0000
vn 0.0000 1.0000 -0.0000
vn 0.0000 1.0000 -0.0000
vn 0.0000 1.0000 -0.0000
vn -0.7071 0.7071 -0.0000
vn -0.7071 0.7071 -0.0000
vn -0.7071 0.7071 -0.0000
vn -0.7071 0.7071 -0.0000
vn 0.7071 -0.0000 0.7071
vn 0.7071 -0.0000 0.7071
vn 0.7071 -0.0000 0.7071
vn 0.7071 -0.0000 0.7071
vn -0.0000 -0.0000 1.0000
vn -0.0000 -0.0000 1.0000
vn -0.0000 -0.0000 1.0000
vn -0.0000 -0.0000 1.0000
vn -0.0000 -0.7071 0.7071
vn -0.0000 -0.7071 0.7071
vn -0.0000 -0.7071 0.7071
vn -0.0000 -0.7071 0.7071
vn -0.0000 0.7071 0.7071
vn -0.0000 0.7071 0.7071
vn -0.0000 0.7071 0.7071
vn -0.0000 0.7071 0.7071
vn 0.0000 1.0000 -0.0000
vn 0.0000 1.0000 -0.0000
vn 0.0000 1.0000 -0.0000
vn 0.0000 1.0000 -0.0000
vn -0.7071 0.7071 -0.0000
vn -0.7071 0.7071 -0.0000
vn -0.7071 0.7071 -0.0000
vn -0.7071 0.7071 -0.0000
vn 0.7071 -0.0000 0.7071
vn 0.7071 -0.0000 0.7071
vn 0.7071 -0.0000 0.7071
vn 0.7071 -0.0000 0.7071
vn -0.0000 -0.0000 1.0000
vn -0.0000 -0.0000 1.0000
vn -0.0000 -0.0000 1.0000
vn -0.0000 -0.0000 1.0000
vn -0.0000 -0.7071 0.7071
vn -0.0000 -0.7071 0.7071
vn -0.0000 -0.7071 0.7071
vn -0.0000 -0.7071 0.7071
vn -0.0000 0.7071 0.7071
vn -0.0000 0.7071 0.7071
vn -0.0000 0.7071 0.7071
vn -0.0000 0.7071 0.7071
vn 0.0000 1.0000 -0.0000
vn 0.0000 1.0000 -0.0000
vn 0.0000 1.0000 -0.0000
vn 0.0000 1.0000 -0.0000
vn -0.7071 0.7071 -0.0000
vn -0.7071 0.7071 -0.0000
vn -0.7071 0.7071 -0.0000
vn -0.7071 0.7071 -0.0000
vn 0.7071 -0.0000 0.7071
vn 0.7071 -0.0000 0.7071
vn 0.7071 -0.0000 0.7071
vn 0.7071 -0.0000 0.7071
vn -0.0000 -0.0000 1.0000
vn -0.0000 -0.0000 1.0000
vn -0.0000 -0.0000 1.0000
vn -0.0000 -0.0000 1.0000
vn -0.0000 -0.7071 0.7071
vn -0.0000 -0.7071 0.7071
vn -0.0000 -0.7071 0.7071
vn -0.0000 -0.7071 0.7071
vn -0.0000 0.7071 0.7071
vn -0.0000 0.7071 0.7071
vn -0.0000 0.7071 0.7071
vn -0.0000 0.7071 0.7071
vn 0.0000 1.0000 -0.0000
vn 0.0000 1.0000 -0.0000
vn 0.0000 1.0000 -0.0000
vn 0.0000 1.0000 -0.0000
vn -0.7071 0.7071 -0.0000
vn -0.7071 0.7071 -0.0000
vn -0.7071 0.7071 -0.0000
vn -0.7071 0.7071 -0.0000
vn 0.7071 -0.0000 0.7071
vn 0.7071 -0.0000 0.7071
vn 0.7071 -0.0000 0.7071
vn 0.7071 -0.0000 0.7071
vn -0.0000 -0.0000 1.0000
vn -0.0000 -0.0000 1.0000
vn -0.0000 -0.0000 1.0000
vn -0.0000 -0.0000 1.0000
vn -0.0000 -0.7071 0.7071
vn -0.0000 -0.7071 0.7071
vn -0.0000 -0.7071 0.7071
vn -0.0000 -0.7071 0.7071
vn -0.0000 0.7071 0.7071
vn -0.0000 0.7071 0.7071
vn -0.0000 0.7071 0.7071
vn -0.0000 0.7071 0.7071
vn 0.0000 1.0000 -0.0000
vn 0.0000 1.0000 -0.0000
vn 0.0000 1.0000 -0.0000
vn 0.0000 1.0000 -0.0000
vn -0.7071 0.7071 -0.0000
vn -0.7071 0.7071 -0.0000
vn -0.7071 0.7071 -0.0000
vn -0.7071 0.7071 -0.0000
vn 0.7071 -0.0000 0.7071
vn 0.7071 -0.0000 0.7071
vn 0.7071 -0.0000 0.7071
vn 0.7071 -0.0000 0.7071
vn -0.0000 -0.0000 1.0000
vn -0.0000 -0.0000 1.0000
vn -0.0000 -0.0000 1.0000
vn -0.0000 -0.0000 1.0000
vn -0.0000 -0.7071 0.7071
vn -0.0000 -0.7071 0.7071
vn -0.0000 -0.7071 0.7071
vn -0.0000 -0.7071 0.7071
vn -0.0000 0.7071 0.7071
vn -0.0000 0.7071 0.7071
vn -0.0000 0.7071 0.7071
vn -0.0000 0.7071 0.7071
vn 0.0000 1.0000 -0.0000
vn 0.0000 1.0000 -0.0000
vn 0.0000 1.0000 -0.0000
vn 0.0000 1.0000 -0.0000
vn -0.7071 0.7071 -0.0000
vn -0.7071 0.7071 -0.0000
vn -0.7071 0.7071 -0.0000
vn -0.7071 0.7071 -0.0000
vn 0.7071 -0.0000 0.7071
vn 0.7071 -0.0000 0.7071
vn 0.7071 -0.0000 0.7071
vn 0.7071 -0.0000 0.7071
vn -0.0000 -0.0000 1.0000
vn -0.0000 -0.0000 1.0000
vn -0.0000 -0.0000 1.0000
vn -0.0000 -0.0000 1.0000
vn -0.0000 -0.7071 0.7071
vn -0.0000 -0.7071 0.7071
vn -0.0000 -0.7071 0.7071
vn -0.0000 -0.7071 0.7071
vn -0.0000 0.7071 0.7071
vn -0.0000 0.7071 0.7071
vn -0.0000 0.7071 0.7071
vn -0.0000 0.7071 0.7071
vn 0.0000 1.0000 -0.0000
vn 0.0000 1.0000 -0.0000
vn 0.0000 1.0000 -0.0000
vn 0.0000 1.0000 -0.0000
vn -0.7071 0.7071 -0.0000
vn -0.7071 0.7071 -0.0000
vn -0.7071 0.7071 -0.0000
vn -0.7071 0.7071 -0.0000
vn 0.7071 -0.0000 0.7071
vn 0.7071 -0.0000 0.7071
vn 0.7071 -0.0000 0.7071
vn 0.7071 -0.0000 0.7071
vn -0.0000 -0.0000 1.0000
vn -0.0000 -0.0000 1.0000
vn -0.0000 -0.0000 1.0000
vn -0.0000 -0.0000 1.0000
vn -0.0000 -0.7071 0.7071
vn -0.0000 -0.7071 0.7071
vn -0.0000 -0.7071 0.7071
vn -0.0000 -0.7071 0.7071
vn -0.0000 0.7071 0.7071
vn -0.0000 0.7071 0.7071
vn -0.0000 0.7071 0.7071
vn -0.0000 0.7071 0.7071
vn 0.0000 1.0000 -0.0000
vn 0.0000 1.0000 -0.0000
vn 0.0000 1.0000 -0.0000
vn 0.0000 1.0000 -0.0000
vn -0.7071 0.7071 -0.0000
vn -0.7071 0.7071 -0.0000
vn -0.7071 0.7071 -0.0000
vn -0.7071 0.7071 -0.0000
vn 0.7071 -0.0000 0.7071
vn 0.7071 -0.0000 0.7071
vn 0.7071 -0.0000 0.7071
vn 0.7071 -0.0000 0.7071
vn -0.0000 -0.0000 1.0000
vn -0.0000 -0.0000 1.0000
vn -0.0000 -0.0000 1.0000
vn -0.0000 -0.0000 1.0000
vn -0.0000 -0.7071 0.7071
vn -0.0000 -0.7071 0.7071
vn -0.0000 -0.7071 0.7071
vn -0.0000 -0.7071 0.7071
vn -0.0000 0.7071 0.7071
vn -0.0000 0.7071 0.7071
vn -0.0000 0.7071 0.7071
vn -0.0000 0.7071 0.7071
vn 0.0000 1.0000 -0.0000
vn 0.0000 1.0000 -0.0000
vn 0.0000 1.0000 -0.0000
vn 0.0000 1.0000 -0.0000
vn -0.7071 0.7071 -0.0000
vn -0.7071 0.7071 -0.0000
vn -0.7071 0.7071 -0.0000
vn -0.7071 0.7071 -0.0000
vn 0.7071 -0.0000 0.7071
vn 0.7071 -0.0000 0.7071
vn 0.7071 -0.0000 0.7071
vn 0.7071 -0.0000 0.7071
vn -0.0000 -0.0000 1.0000
vn -0.0000 -0.0000 1.0000
vn -0.0000 -0.0000 1.0000
vn -0.0000 -0.0000 1.0000
vn -0.0000 -0.7071 0.7071
vn -0.0000 -0.7071 0.7071
vn -0.0000 -0.7071 0.7071
vn -0.0000 -0.7071 0.7071
vn -0.0000 0.7071 0.7071
vn -0.0000 0.7071 0.7071
vn -0.0000 0.7071 0.7071
vn -0.0000 0.7071 0.7071
vn 0.0000 1.0000 -0.0000
vn 0.0000 1.0000 -0.0000
vn 0.0000 1.0000 -0.0000
vn 0.0000 1.0000 -0.0000
vn -0.7071 0.7071 -0.0000
vn -0.7071 0.7071 -0.0000
vn -0.7071 0.7071 -0.0000
vn -0.7071 0.7071 -0.0000
vn 0.7071 -0.0000 0.7071
vn 0.7071 -0.0000 0.7071
vn 0.7071 -0.0000 0.7071
vn 0.7071 -0.0000 0.7071
vn -0.0000 -0.0000 1.0000
vn -0.0000 -0.0000 1.0000
vn -0.0000 -0.0000 1.0000
vn -0.0000 -0.0000 1.0000
vn -0.0000 -0.7071 0.7071
vn -0.0000 -0.7071 0.7071
vn -0.0000 -0.7071 0.7071
vn -0.0000 -0.7071 0.7071
vn -0.0000 0.7071 0.7071
vn -0.0000 0.7071 0.7071
vn -0.0000 0.7071 0.7071
vn -0.0000 0.7071 0.7071
vn 0.0000 1.0000 -0.0000
vn 0.0000 1.0000 -0.0000
vn 0.0000 1.0000 -0.0000
vn 0.0000 1.0000 -0.0000
vn -0.7071 0.7071 -0.0000
vn -0.7071 0.7071 -0.0000
vn -0.7071 0.7071 -0.0000
vn -0.7071 0.7071 -0.0000
vn 0.7071 -0.0000 0.7071
vn 0.7071 -0.0000 0.7071
vn 0.7071 -0.0000 0.7071
vn 0.7071 -0.0000 0.7071
vn -0.0000 -0.0000 1.0000
vn -0.0000 -0.0000 1.0000
vn -0.0000 -0.0000 1.0000
vn -0.0000 -0.0000 1.0000
vn -0.0000 -0.7071 0.7071
vn -0.0000 -0.7071 0.7071
vn -0.0000 -0.7071 0.7071
vn -0.0000 -0.7071 0.7071
vn -0.0000 0.7071 0.7071
vn -0.0000 0.7071 0.7071
vn -0.0000 0.7071 0.7071
vn -0.0000 0.7071 0.7071
vn 0.0000 1.0000 -0.0000
vn 0.0000 1.0000 -0.0000
vn 0.0000 1.0000 -0.0000
vn 0.0000 1.0000 -0.0000
vn -0.7071 0.7071 -0.0000
vn -0.7071 0.7071 -0.0000
vn -0.7071 0.7071 -0.0000
vn -0.7071 0.7071 -0.0000
vn 0.7071 -0.0000 0.7071
vn 0.7071 -0.0000 0.7071
vn 0.7071 -0.0000 0.7071
vn 0.7071 -0.0000 0.7071
vn -0.0000 -0.0000 1.0000
vn -0.0000 -0.0000 1.0000
vn -0.0000 -0.0000 1.0000
vn -0.0000 -0.0000 1.0000
vn -0.0000 -0.7071 0.7071
vn -0.0000 -0.7071 0.7071
vn -0.0000 -0.7071 0.7071
vn -0.0000 -0.7071 0.7071
vn -0.0000 0.7071 0.7071
vn -0.0000 0.7071 0.7071
vn -0.0000 0.7071 0.7071
vn -0.0000 0.7071 0.7071
vn 0.0000 1.0000 -0.0000
vn 0.0000 1.0000 -0.0000
vn 0.0000 1.0000 -0.0000
vn 0.0000 1.0000 -0.0000
vn -0.7071 0.7071 -0.0000
vn -0.7071 0.7071 -0.0000
vn -0.7071 0.7071 -0.0000
vn -0.7071 0.7071 -0.0000
vn 0.7071 -0.0000 0.7071
vn 0.7071 -0.0000 0.7071
vn 0.7071 -0.0000 0.7071
vn 0.7071 -0.0000 0.7071
vn -0.0000 -0.0000 1.0000
vn -0.0000 -0.0000 1.0000
vn -0.0000 -0.0000 1.0000
vn -0.0000 -0.0000 1.0000
vn -0.0000 -0.7071 0.7071
vn -0.0000 -0.7071 0.7071
vn -0.0000 -0.7071 0.7071
vn -0.0000 -0.7071 0.7071
vn -0.0000 0.7071 0.7071
vn -0.0000 0.7071 0.7071
vn -0.0000 0.7071 0.7071
vn -0.0000 0.7071 0.7071
f 6205//6205 6207//6207 6206//6206
f 6205//6205 6206//6206 6208//6208
f 6209//6209 6211//6211 6210//6210
f 6209//6209 6210//6210 6212//6212
f 6213//6213 6215//6215 6214//6214
f 6213//6213 6214//6214 6216//6216
f 6217//6217 6219//6219 6218//6218
f 6217//6217 6218//6218 6220//6220
f 6221//6221 6223//6223 6222//6222
f 6221//6221 6222//6222 6224//6224
f 6225//6225 6227//6227 6226//6226
f 6225//6225 6226//6226 6228//6228
f 6229//6229 6231//6231 6230//6230
f 6229//6229 6230//6230 6232//6232
f 6233//6233 6235//6235 6234//6234
f 6233//6233 6234//6234 6236//6236
f 6237//6237 6239//6239 6238//6238
f 6237//6237 6238//6238 6240//6240
f 6241//6241 6243//6243 6242//6242
f 6241//6241 6242//6242 6244//6244
f 6245//6245 6247//6247 6246//6246
f 6245//6245 6246//6246 6248//6248
f 6249//6249 6251//6251 6250//6250
f 6249//6249 6250//6250 6252//6252
f 6349//6349 6351//6351 6350//6350
f 6349//6349 6350//6350 6352//6352
f 6353//6353 6355//6355 6354//6354
f 6353//6353 6354//6354 6356//6356
f 6357//6357 6359//6359 6358//6358
f 6357//6357 6358//6358 6360//6360
f 6361//6361 6363//6363 6362//6362
f 6361//6361 6362//6362 6364//6364
f 6365//6365 6367//6367 6366//6366
f 6365//6365 6366//6366 6368//6368
f 6369//6369 6371//6371 6370//6370
f 6369//6369 6370//6370 6372//6372
f 6373//6373 6375//6375 6374//6374
f 6373//6373 6374//6374 6376//6376
f 6377//6377 6379//6379 6378//6378
f 6377//6377 6378//6378 6380//6380
f 6381//6381 6383//6383 6382//6382
f 6381//6381 6382//6382 6384//6384
f 6385//6385 6387//6387 6386//6386
f 6385//6385 6386//6386 6388//6388
f 6389//6389 6391//6391 6390//6390
f 6389//6389 6390//6390 6392//6392
f 6393//6393 6395//6395 6394//6394
f 6393//6393 6394//6394 6396//6396
f 6397//6397 6399//6399 6398//6398
f 6397//6397 6398//6398 6400//6400
f 6401//6401 6403//6403 6402//6402
f 6401//6401 6402//6402 6404//6404
f 6405//6405 6407//6407 6406//6406
f 6405//6405 6406//6406 6408//6408
f 6409//6409 6411//6411 6410//6410
f 6409//6409 6410//6410 6412//6412
f 6413//6413 6415//6415 6414//6414
f 6413//6413 6414//6414 6416//6416
f 6417//6417 6419//6419 6418//6418
f 6417//6417 6418//6418 6420//6420
f 6421//6421 6423//6423 6422//6422
f 6421//6421 6422//6422 6424//6424
f 6425//6425 6427//6427 6426//6426
f 6425//6425 6426//6426 6428//6428
f 6429//6429 6431//6431 6430//6430
f 6429//6429 6430//6430 6432//6432
f 6433//6433 6435//6435 6434//6434
f 6433//6433 6434//6434 6436//6436
f 6437//6437 6439//6439 6438//6438
f 6437//6437 6438//6438 6440//6440
f 6441//6441 6443//6443 6442//6442
f 6441//6441 6442//6442 6444//6444
f 6445//6445 6447//6447 6446//6446
f 6445//6445 6446//6446 6448//6448
f 6449//6449 6451//6451 6450//6450
f 6449//6449 6450//6450 6452//6452
f 6453//6453 6455//6455 6454//6454
f 6453//6453 6454//6454 6456//6456
f 6457//6457 6459//6459 6458//6458
f 6457//6457 6458//6458 6460//6460
f 6461//6461 6463//6463 6462//6462
f 6461//6461 6462//6462 6464//6464
f 6465//6465 6467//6467 6466//6466
f 6465//6465 6466//6466 6468//6468
f 6469//6469 6471//6471 6470//6470
f 6469//6469 6470//6470 6472//6472
f 6473//6473 6475//6475 6474//6474
f 6473//6473 6474//6474 6476//6476
f 6477//6477 6479//6479 6478//6478
f 6477//6477 6478//6478 6480//6480
f 6481//6481 6483//6483 6482//6482
f 6481//6481 6482//6482 6484//6484
f 6485//6485 6487//6487 6486//6486
f 6485//6485 6486//6486 6488//6488
f 6489//6489 6491//6491 6490//6490
f 6489//6489 6490//6490 6492//6492
f 6253//6253 6255//6255 6254//6254
f 6253//6253 6254//6254 6256//6256
f 6257//6257 6259//6259 6258//6258
f 6257//6257 6258//6258 6260//6260
f 6261//6261 6263//6263 6262//6262
f 6261//6261 6262//6262 6264//6264
f 6265//6265 6267//6267 6266//6266
f 6265//6265 6266//6266 6268//6268
f 6269//6269 6271//6271 6270//6270
f 6269//6269 6270//6270 6272//6272
f 6273//6273 6275//6275 6274//6274
f 6273//6273 6274//6274 6276//6276
f 6277//6277 6279//6279 6278//6278
f 6277//6277 6278//6278 6280//6280
f 6281//6281 6283//6283 6282//6282
f 6281//6281 6282//6282 6284//6284
f 6285//6285 6287//6287 6286//6286
f 6285//6285 6286//6286 6288//6288
f 6289//6289 6291//6291 6290//6290
f 6289//6289 6290//6290 6292//6292
f 6293//6293 6295//6295 6294//6294
f 6293//6293 6294//6294 6296//6296
f 6297//6297 6299//6299 6298//6298
f 6297//6297 6298//6298 6300//6300
f 6301//6301 6303//6303 6302//6302
f 6301//6301 6302//6302 6304//6304
f 6305//6305 6307//6307 6306//6306
f 6305//6305 6306//6306 6308//6308
f 6309//6309 6311//6311 6310//6310
f 6309//6309 6310//6310 6312//6312
f 6313//6313 6315//6315 6314//6314
f 6313//6313 6314//6314 6316//6316
f 6317//6317 6319//6319 6318//6318
f 6317//6317 6318//6318 6320//6320
f 6321//6321 6323//6323 6322//6322
f 6321//6321 6322//6322 6324//6324
f 6493//6493 6495//6495 6494//6494
f 6493//6493 6494//6494 6496//6496
f 6497//6497 6499//6499 6498//6498
f 6497//6497 6498//6498 6500//6500
f 6501//6501 6503//6503 6502//6502
f 6501//6501 6502//6502 6504//6504
f 6505//6505 6507//6507 6506//6506
f 6505//6505 6506//6506 6508//6508
f 6509//6509 6511//6511 6510//6510
f 6509//6509 6510//6510 6512//6512
f 6513//6513 6515//6515 6514//6514
f 6513//6513 6514//6514 6516//6516
f 6325//6325 6327//6327 6326//6326
f 6325//6325 6326//6326 6328//6328
f 6329//6329 6331//6331 6330//6330
f 6329//6329 6330//6330 6332//6332
f 6333//6333 6335//6335 6334//6334
f 6333//6333 6334//6334 6336//6336
f 6337//6337 6339//6339 6338//6338
f 6337//6337 6338//6338 6340//6340
f 6341//6341 6343//6343 6342//6342
f 6341//6341 6342//6342 6344//6344
f 6345//6345 6347//6347 6346//6346
f 6345//6345 6346//6346 6348//6348
g core_roof_tile_old
usemtl roof_tile_old
v -0.28301 0.33491 -0.22300
v -0.28301 0.33491 -0.39700
v -0.28301 0.43891 -0.31001
v -0.05700 0.33491 -0.22300
v -0.05700 0.43891 -0.31001
v -0.05700 0.33491 -0.39700
v -0.28301 0.33491 -0.22300
v -0.05700 0.43891 -0.31001
v -0.05700 0.33491 -0.22300
v -0.28301 0.43891 -0.31001
v -0.28301 0.33491 -0.39700
v -0.05700 0.43891 -0.31001
v -0.28301 0.43891 -0.31001
v -0.05700 0.33491 -0.39700
v -0.28301 0.33491 -0.22300
v -0.05700 0.33491 -0.39700
v -0.28301 0.33491 -0.39700
v -0.05700 0.33491 -0.22300
v -0.11201 0.26510 -0.02501
v -0.28801 0.26510 -0.02501
v -0.20001 0.38510 -0.02501
v -0.11201 0.26510 -0.19501
v -0.20001 0.38510 -0.19501
v -0.28801 0.26510 -0.19501
v -0.11201 0.26510 -0.02501
v -0.20001 0.38510 -0.19501
v -0.11201 0.26510 -0.19501
v -0.20001 0.38510 -0.02501
v -0.28801 0.26510 -0.02501
v -0.20001 0.38510 -0.19501
v -0.20001 0.38510 -0.02501
v -0.28801 0.26510 -0.19501
v -0.11201 0.26510 -0.02501
v -0.28801 0.26510 -0.19501
v -0.28801 0.26510 -0.02501
v -0.11201 0.26510 -0.19501
v 0.19700 0.08275 0.41200
v 0.19700 0.08275 0.26799
v 0.19700 0.16275 0.33999
v 0.40299 0.08275 0.41200
v 0.40299 0.16275 0.33999
v 0.40299 0.08275 0.26799
v 0.19700 0.08275 0.41200
v 0.40299 0.16275 0.33999
v 0.40299 0.08275 0.41200
v 0.19700 0.16275 0.33999
v 0.19700 0.08275 0.26799
v 0.40299 0.16275 0.33999
v 0.19700 0.16275 0.33999
v 0.40299 0.08275 0.26799
v 0.19700 0.08275 0.41200
v 0.40299 0.08275 0.26799
v 0.19700 0.08275 0.26799
v 0.40299 0.08275 0.41200
v -0.40821 0.23481 -0.03101
v -0.54800 0.23481 -0.03101
v -0.47811 0.32585 -0.03101
v -0.40821 0.23481 -0.18501
v -0.47811 0.32585 -0.18501
v -0.54800 0.23481 -0.18501
v -0.40821 0.23481 -0.03101
v -0.47811 0.32585 -0.18501
v -0.40821 0.23481 -0.18501
v -0.47811 0.32585 -0.03101
v -0.54800 0.23481 -0.03101
v -0.47811 0.32585 -0.18501
v -0.47811 0.32585 -0.03101
v -0.54800 0.23481 -0.18501
v -0.40821 0.23481 -0.03101
v -0.54800 0.23481 -0.18501
v -0.54800 0.23481 -0.03101
v -0.40821 0.23481 -0.18501
v 0.54800 0.29519 -0.03101
v 0.42020 0.29519 -0.03101
v 0.48410 0.37662 -0.03101
v 0.54800 0.29519 -0.18501
v 0.48410 0.37662 -0.18501
v 0.42020 0.29519 -0.18501
v 0.54800 0.29519 -0.03101
v 0.48410 0.37662 -0.18501
v 0.54800 0.29519 -0.18501
v 0.48410 0.37662 -0.03101
v 0.42020 0.29519 -0.03101
v 0.48410 0.37662 -0.18501
v 0.48410 0.37662 -0.03101
v 0.42020 0.29519 -0.18501
v 0.54800 0.29519 -0.03101
v 0.42020 0.29519 -0.18501
v 0.42020 0.29519 -0.03101
v 0.54800 0.29519 -0.18501
v 0.35619 0.18603 0.28500
v 0.23199 0.18603 0.28500
v 0.29410 0.26460 0.28500
v 0.35619 0.18603 0.11499
v 0.29410 0.26460 0.11499
v 0.23199 0.18603 0.11499
v 0.35619 0.18603 0.28500
v 0.29410 0.26460 0.11499
v 0.35619 0.18603 0.11499
v 0.29410 0.26460 0.28500
v 0.23199 0.18603 0.28500
v 0.29410 0.26460 0.11499
v 0.29410 0.26460 0.28500
v 0.23199 0.18603 0.11499
v 0.35619 0.18603 0.28500
v 0.23199 0.18603 0.11499
v 0.23199 0.18603 0.28500
v 0.35619 0.18603 0.11499
vn 0.0000 1.0000 -0.0000
vn 0.0000 1.0000 -0.0000
vn 0.0000 1.0000 -0.0000
vn 0.7071 -0.0000 0.7071
vn 0.7071 -0.0000 0.7071
vn 0.7071 -0.0000 0.7071
vn 0.2000 0.3344 0.9210
vn 0.2000 0.3344 0.9210
vn 0.2000 0.3344 0.9210
vn 0.2000 0.3344 0.9210
vn 0.4901 -0.8193 -0.2975
vn 0.4901 -0.8193 -0.2975
vn 0.4901 -0.8193 -0.2975
vn 0.4901 -0.8193 -0.2975
vn -0.0000 -0.7071 0.7071
vn -0.0000 -0.7071 0.7071
vn -0.0000 -0.7071 0.7071
vn -0.0000 -0.7071 0.7071
vn -0.0000 -0.0000 1.0000
vn -0.0000 -0.0000 1.0000
vn -0.0000 -0.0000 1.0000
vn -0.7071 0.7071 -0.0000
vn -0.7071 0.7071 -0.0000
vn -0.7071 0.7071 -0.0000
vn -0.5478 -0.4479 -0.7067
vn -0.5478 -0.4479 -0.7067
vn -0.5478 -0.4479 -0.7067
vn -0.5478 -0.4479 -0.7067
vn -0.0445 0.8438 0.5349
vn -0.0445 0.8438 0.5349
vn -0.0445 0.8438 0.5349
vn -0.0445 0.8438 0.5349
vn -0.0000 -0.7071 0.7071
vn -0.0000 -0.7071 0.7071
vn -0.0000 -0.7071 0.7071
vn -0.0000 -0.7071 0.7071
vn 0.0000 1.0000 -0.0000
vn 0.0000 1.0000 -0.0000
vn 0.0000 1.0000 -0.0000
vn 0.7071 -0.0000 0.7071
vn 0.7071 -0.0000 0.7071
vn 0.7071 -0.0000 0.7071
vn 0.1984 0.3511 0.9151
vn 0.1984 0.3511 0.9151
vn 0.1984 0.3511 0.9151
vn 0.1984 0.3511 0.9151
vn 0.4666 -0.8257 -0.3168
vn 0.4666 -0.8257 -0.3168
vn 0.4666 -0.8257 -0.3168
vn 0.4666 -0.8257 -0.3168
vn -0.0000 -0.7071 0.7071
vn -0.0000 -0.7071 0.7071
vn -0.0000 -0.7071 0.7071
vn -0.0000 -0.7071 0.7071
vn -0.0000 -0.0000 1.0000
vn -0.0000 -0.0000 1.0000
vn -0.0000 -0.0000 1.0000
vn -0.7071 0.7071 -0.0000
vn -0.7071 0.7071 -0.0000
vn -0.7071 0.7071 -0.0000
vn -0.5357 -0.4623 -0.7066
vn -0.5357 -0.4623 -0.7066
vn -0.5357 -0.4623 -0.7066
vn -0.5357 -0.4623 -0.7066
vn -0.0479 0.8358 0.5469
vn -0.0479 0.8358 0.5469
vn -0.0479 0.8358 0.5469
vn -0.0479 0.8358 0.5469
vn -0.0000 -0.7071 0.7071
vn -0.0000 -0.7071 0.7071
vn -0.0000 -0.7071 0.7071
vn -0.0000 -0.7071 0.7071
vn -0.0000 -0.0000 1.0000
vn -0.0000 -0.0000 1.0000
vn -0.0000 -0.0000 1.0000
vn -0.7071 0.7071 -0.0000
vn -0.7071 0.7071 -0.0000
vn -0.7071 0.7071 -0.0000
vn -0.5299 -0.4691 -0.7065
vn -0.5299 -0.4691 -0.7065
vn -0.5299 -0.4691 -0.7065
vn -0.5299 -0.4691 -0.7065
vn -0.0495 0.8320 0.5525
vn -0.0495 0.8320 0.5525
vn -0.0495 0.8320 0.5525
vn -0.0495 0.8320 0.5525
vn -0.0000 -0.7071 0.7071
vn -0.0000 -0.7071 0.7071
vn -0.0000 -0.7071 0.7071
vn -0.0000 -0.7071 0.7071
vn -0.0000 -0.0000 1.0000
vn -0.0000 -0.0000 1.0000
vn -0.0000 -0.0000 1.0000
vn -0.7071 0.7071 -0.0000
vn -0.7071 0.7071 -0.0000
vn -0.7071 0.7071 -0.0000
vn -0.5278 -0.4714 -0.7065
vn -0.5278 -0.4714 -0.7065
vn -0.5278 -0.4714 -0.7065
vn -0.5278 -0.4714 -0.7065
vn -0.0500 0.8308 0.5544
vn -0.0500 0.8308 0.5544
vn -0.0500 0.8308 0.5544
vn -0.0500 0.8308 0.5544
vn -0.0000 -0.7071 0.7071
vn -0.0000 -0.7071 0.7071
vn -0.0000 -0.7071 0.7071
vn -0.0000 -0.7071 0.7071
f 6517//6517 6519//6519 6518//6518
f 6520//6520 6522//6522 6521//6521
f 6523//6523 6525//6525 6524//6524
f 6523//6523 6524//6524 6526//6526
f 6527//6527 6529//6529 6528//6528
f 6527//6527 6528//6528 6530//6530
f 6531//6531 6533//6533 6532//6532
f 6531//6531 6532//6532 6534//6534
f 6535//6535 6537//6537 6536//6536
f 6538//6538 6540//6540 6539//6539
f 6541//6541 6543//6543 6542//6542
f 6541//6541 6542//6542 6544//6544
f 6545//6545 6547//6547 6546//6546
f 6545//6545 6546//6546 6548//6548
f 6549//6549 6551//6551 6550//6550
f 6549//6549 6550//6550 6552//6552
f 6553//6553 6555//6555 6554//6554
f 6556//6556 6558//6558 6557//6557
f 6559//6559 6561//6561 6560//6560
f 6559//6559 6560//6560 6562//6562
f 6563//6563 6565//6565 6564//6564
f 6563//6563 6564//6564 6566//6566
f 6567//6567 6569//6569 6568//6568
f 6567//6567 6568//6568 6570//6570
f 6571//6571 6573//6573 6572//6572
f 6574//6574 6576//6576 6575//6575
f 6577//6577 6579//6579 6578//6578
f 6577//6577 6578//6578 6580//6580
f 6581//6581 6583//6583 6582//6582
f 6581//6581 6582//6582 6584//6584
f 6585//6585 6587//6587 6586//6586
f 6585//6585 6586//6586 6588//6588
f 6589//6589 6591//6591 6590//6590
f 6592//6592 6594//6594 6593//6593
f 6595//6595 6597//6597 6596//6596
f 6595//6595 6596//6596 6598//6598
f 6599//6599 6601//6601 6600//6600
f 6599//6599 6600//6600 6602//6602
f 6603//6603 6605//6605 6604//6604
f 6603//6603 6604//6604 6606//6606
f 6607//6607 6609//6609 6608//6608
f 6610//6610 6612//6612 6611//6611
f 6613//6613 6615//6615 6614//6614
f 6613//6613 6614//6614 6616//6616
f 6617//6617 6619//6619 6618//6618
f 6617//6617 6618//6618 6620//6620
f 6621//6621 6623//6623 6622//6622
f 6621//6621 6622//6622 6624//6624
g core_roof_shingle
usemtl roof_shingle
v 0.10200 0.25600 -0.02300
v 0.10200 0.25600 -0.19700
v 0.10200 0.36000 -0.11000
v 0.29800 0.25600 -0.02300
v 0.29800 0.36000 -0.11000
v 0.29800 0.25600 -0.19700
v 0.10200 0.25600 -0.02300
v 0.29800 0.36000 -0.11000
v 0.29800 0.25600 -0.02300
v 0.10200 0.36000 -0.11000
v 0.10200 0.25600 -0.19700
v 0.29800 0.36000 -0.11000
v 0.10200 0.36000 -0.11000
v 0.29800 0.25600 -0.19700
v 0.10200 0.25600 -0.02300
v 0.29800 0.25600 -0.19700
v 0.10200 0.25600 -0.19700
v 0.29800 0.25600 -0.02300
vn 0.0000 1.0000 -0.0000
vn 0.0000 1.0000 -0.0000
vn 0.0000 1.0000 -0.0000
vn 0.7071 -0.0000 0.7071
vn 0.7071 -0.0000 0.7071
vn 0.7071 -0.0000 0.7071
vn 0.2000 0.3344 0.9210
vn 0.2000 0.3344 0.9210
vn 0.2000 0.3344 0.9210
vn 0.2000 0.3344 0.9210
vn 0.4901 -0.8193 -0.2975
vn 0.4901 -0.8193 -0.2975
vn 0.4901 -0.8193 -0.2975
vn 0.4901 -0.8193 -0.2975
vn -0.0000 -0.7071 0.7071
vn -0.0000 -0.7071 0.7071
vn -0.0000 -0.7071 0.7071
vn -0.0000 -0.7071 0.7071
f 6625//6625 6627//6627 6626//6626
f 6628//6628 6630//6630 6629//6629
f 6631//6631 6633//6633 6632//6632
f 6631//6631 6632//6632 6634//6634
f 6635//6635 6637//6637 6636//6636
f 6635//6635 6636//6636 6638//6638
f 6639//6639 6641//6641 6640//6640
f 6639//6639 6640//6640 6642//6642
g core_roof_tile
usemtl roof_tile
v -0.41302 0.08002 0.41200
v -0.41302 0.08002 0.26800
v -0.41302 0.16002 0.34000
v -0.18702 0.08002 0.41200
v -0.18702 0.16002 0.34000
v -0.18702 0.08002 0.26800
v -0.41302 0.08002 0.41200
v -0.18702 0.16002 0.34000
v -0.18702 0.08002 0.41200
v -0.41302 0.16002 0.34000
v -0.41302 0.08002 0.26800
v -0.18702 0.16002 0.34000
v -0.41302 0.16002 0.34000
v -0.18702 0.08002 0.26800
v -0.41302 0.08002 0.41200
v -0.18702 0.08002 0.26800
v -0.41302 0.08002 0.26800
v -0.18702 0.08002 0.41200
v -0.51700 0.18235 0.09500
v -0.64300 0.18235 0.09500
v -0.58001 0.26235 0.09500
v -0.51700 0.18235 -0.05500
v -0.58001 0.26235 -0.05500
v -0.64300 0.18235 -0.05500
v -0.51700 0.18235 0.09500
v -0.58001 0.26235 -0.05500
v -0.51700 0.18235 -0.05500
v -0.58001 0.26235 0.09500
v -0.64300 0.18235 0.09500
v -0.58001 0.26235 -0.05500
v -0.58001 0.26235 0.09500
v -0.64300 0.18235 -0.05500
v -0.51700 0.18235 0.09500
v -0.64300 0.18235 -0.05500
v -0.64300 0.18235 0.09500
v -0.51700 0.18235 -0.05500
v 0.64300 0.17858 0.09500
v 0.51698 0.17858 0.09500
v 0.57999 0.25858 0.09500
v 0.64300 0.17858 -0.05500
v 0.57999 0.25858 -0.05500
v 0.51698 0.17858 -0.05500
v 0.64300 0.17858 0.09500
v 0.57999 0.25858 -0.05500
v 0.64300 0.17858 -0.05500
v 0.57999 0.25858 0.09500
v 0.51698 0.17858 0.09500
v 0.57999 0.25858 -0.05500
v 0.57999 0.25858 0.09500
v 0.51698 0.17858 -0.05500
v 0.64300 0.17858 0.09500
v 0.51698 0.17858 -0.05500
v 0.51698 0.17858 0.09500
v 0.64300 0.17858 -0.05500
v -0.09701 0.16661 0.30499
v -0.24300 0.16661 0.30499
v -0.17000 0.26261 0.30499
v -0.09701 0.16661 0.15500
v -0.17000 0.26261 0.15500
v -0.24300 0.16661 0.15500
v -0.09701 0.16661 0.30499
v -0.17000 0.26261 0.15500
v -0.09701 0.16661 0.15500
v -0.17000 0.26261 0.30499
v -0.24300 0.16661 0.30499
v -0.17000 0.26261 0.15500
v -0.17000 0.26261 0.30499
v -0.24300 0.16661 0.15500
v -0.09701 0.16661 0.30499
v -0.24300 0.16661 0.15500
v -0.24300 0.16661 0.30499
v -0.09701 0.16661 0.15500
v -0.29200 0.24135 0.04499
v -0.42420 0.24135 0.04499
v -0.35811 0.32630 0.04499
v -0.29200 0.24135 -0.12500
v -0.35811 0.32630 -0.12500
v -0.42420 0.24135 -0.12500
v -0.29200 0.24135 0.04499
v -0.35811 0.32630 -0.12500
v -0.29200 0.24135 -0.12500
v -0.35811 0.32630 0.04499
v -0.42420 0.24135 0.04499
v -0.35811 0.32630 -0.12500
v -0.35811 0.32630 0.04499
v -0.42420 0.24135 -0.12500
v -0.29200 0.24135 0.04499
v -0.42420 0.24135 -0.12500
v -0.42420 0.24135 0.04499
v -0.29200 0.24135 -0.12500
v 0.29198 0.20477 0.05200
v 0.29198 0.20477 -0.13200
v 0.29198 0.31677 -0.04000
v 0.43619 0.20477 0.05200
v 0.43619 0.31677 -0.04000
v 0.43619 0.20477 -0.13200
v 0.29198 0.20477 0.05200
v 0.43619 0.31677 -0.04000
v 0.43619 0.20477 0.05200
v 0.29198 0.31677 -0.04000
v 0.29198 0.20477 -0.13200
v 0.43619 0.31677 -0.04000
v 0.29198 0.31677 -0.04000
v 0.43619 0.20477 -0.13200
v 0.29198 0.20477 0.05200
v 0.43619 0.20477 -0.13200
v 0.29198 0.20477 -0.13200
v 0.43619 0.20477 0.05200
v -0.23201 0.22068 0.28500
v -0.35540 0.22068 0.28500
v -0.29371 0.29860 0.28500
v -0.23201 0.22068 0.11499
v -0.29371 0.29860 0.11499
v -0.35540 0.22068 0.11499
v -0.23201 0.22068 0.28500
v -0.29371 0.29860 0.11499
v -0.23201 0.22068 0.11499
v -0.29371 0.29860 0.28500
v -0.35540 0.22068 0.28500
v -0.29371 0.29860 0.11499
v -0.29371 0.29860 0.28500
v -0.35540 0.22068 0.11499
v -0.23201 0.22068 0.28500
v -0.35540 0.22068 0.11499
v -0.35540 0.22068 0.28500
v -0.23201 0.22068 0.11499
v 0.34020 0.26879 0.21600
v 0.34020 0.26879 0.04800
v 0.34020 0.36799 0.13199
v 0.48800 0.26879 0.21600
v 0.48800 0.36799 0.13199
v 0.48800 0.26879 0.04800
v 0.34020 0.26879 0.21600
v 0.48800 0.36799 0.13199
v 0.48800 0.26879 0.21600
v 0.34020 0.36799 0.13199
v 0.34020 0.26879 0.04800
v 0.48800 0.36799 0.13199
v 0.34020 0.36799 0.13199
v 0.48800 0.26879 0.04800
v 0.34020 0.26879 0.21600
v 0.48800 0.26879 0.04800
v 0.34020 0.26879 0.04800
v 0.48800 0.26879 0.21600
vn 0.0000 1.0000 -0.0000
vn 0.0000 1.0000 -0.0000
vn 0.0000 1.0000 -0.0000
vn 0.7071 -0.0000 0.7071
vn 0.7071 -0.0000 0.7071
vn 0.7071 -0.0000 0.7071
vn 0.1984 0.3511 0.9151
vn 0.1984 0.3511 0.9151
vn 0.1984 0.3511 0.9151
vn 0.1984 0.3511 0.9151
vn 0.4666 -0.8257 -0.3168
vn 0.4666 -0.8257 -0.3168
vn 0.4666 -0.8257 -0.3168
vn 0.4666 -0.8257 -0.3168
vn -0.0000 -0.7071 0.7071
vn -0.0000 -0.7071 0.7071
vn -0.0000 -0.7071 0.7071
vn -0.0000 -0.7071 0.7071
vn -0.0000 -0.0000 1.0000
vn -0.0000 -0.0000 1.0000
vn -0.0000 -0.0000 1.0000
vn -0.7071 0.7071 -0.0000
vn -0.7071 0.7071 -0.0000
vn -0.7071 0.7071 -0.0000
vn -0.5289 -0.4703 -0.7065
vn -0.5289 -0.4703 -0.7065
vn -0.5289 -0.4703 -0.7065
vn -0.5289 -0.4703 -0.7065
vn -0.0498 0.8314 0.5535
vn -0.0498 0.8314 0.5535
vn -0.0498 0.8314 0.5535
vn -0.0498 0.8314 0.5535
vn -0.0000 -0.7071 0.7071
vn -0.0000 -0.7071 0.7071
vn -0.0000 -0.7071 0.7071
vn -0.0000 -0.7071 0.7071
vn -0.0000 -0.0000 1.0000
vn -0.0000 -0.0000 1.0000
vn -0.0000 -0.0000 1.0000
vn -0.7071 0.7071 -0.0000
vn -0.7071 0.7071 -0.0000
vn -0.7071 0.7071 -0.0000
vn -0.5289 -0.4703 -0.7065
vn -0.5289 -0.4703 -0.7065
vn -0.5289 -0.4703 -0.7065
vn -0.5289 -0.4703 -0.7065
vn -0.0498 0.8314 0.5535
vn -0.0498 0.8314 0.5535
vn -0.0498 0.8314 0.5535
vn -0.0498 0.8314 0.5535
vn -0.0000 -0.7071 0.7071
vn -0.0000 -0.7071 0.7071
vn -0.0000 -0.7071 0.7071
vn -0.0000 -0.7071 0.7071
vn -0.0000 -0.0000 1.0000
vn -0.0000 -0.0000 1.0000
vn -0.0000 -0.0000 1.0000
vn -0.7071 0.7071 -0.0000
vn -0.7071 0.7071 -0.0000
vn -0.7071 0.7071 -0.0000
vn -0.5383 -0.4593 -0.7066
vn -0.5383 -0.4593 -0.7066
vn -0.5383 -0.4593 -0.7066
vn -0.5383 -0.4593 -0.7066
vn -0.0471 0.8375 0.5445
vn -0.0471 0.8375 0.5445
vn -0.0471 0.8375 0.5445
vn -0.0471 0.8375 0.5445
vn -0.0000 -0.7071 0.7071
vn -0.0000 -0.7071 0.7071
vn -0.0000 -0.7071 0.7071
vn -0.0000 -0.7071 0.7071
vn -0.0000 -0.0000 1.0000
vn -0.0000 -0.0000 1.0000
vn -0.0000 -0.0000 1.0000
vn -0.7071 0.7071 -0.0000
vn -0.7071 0.7071 -0.0000
vn -0.7071 0.7071 -0.0000
vn -0.5321 -0.4665 -0.7066
vn -0.5321 -0.4665 -0.7066
vn -0.5321 -0.4665 -0.7066
vn -0.5321 -0.4665 -0.7066
vn -0.0489 0.8335 0.5504
vn -0.0489 0.8335 0.5504
vn -0.0489 0.8335 0.5504
vn -0.0489 0.8335 0.5504
vn -0.0000 -0.7071 0.7071
vn -0.0000 -0.7071 0.7071
vn -0.0000 -0.7071 0.7071
vn -0.0000 -0.7071 0.7071
vn 0.0000 1.0000 -0.0000
vn 0.0000 1.0000 -0.0000
vn 0.0000 1.0000 -0.0000
vn 0.7071 -0.0000 0.7071
vn 0.7071 -0.0000 0.7071
vn 0.7071 -0.0000 0.7071
vn 0.2003 0.3302 0.9224
vn 0.2003 0.3302 0.9224
vn 0.2003 0.3302 0.9224
vn 0.2003 0.3302 0.9224
vn 0.4957 -0.8176 -0.2927
vn 0.4957 -0.8176 -0.2927
vn 0.4957 -0.8176 -0.2927
vn 0.4957 -0.8176 -0.2927
vn -0.0000 -0.7071 0.7071
vn -0.0000 -0.7071 0.7071
vn -0.0000 -0.7071 0.7071
vn -0.0000 -0.7071 0.7071
vn -0.0000 -0.0000 1.0000
vn -0.0000 -0.0000 1.0000
vn -0.0000 -0.0000 1.0000
vn -0.7071 0.7071 -0.0000
vn -0.7071 0.7071 -0.0000
vn -0.7071 0.7071 -0.0000
vn -0.5274 -0.4720 -0.7065
vn -0.5274 -0.4720 -0.7065
vn -0.5274 -0.4720 -0.7065
vn -0.5274 -0.4720 -0.7065
vn -0.0502 0.8304 0.5548
vn -0.0502 0.8304 0.5548
vn -0.0502 0.8304 0.5548
vn -0.0502 0.8304 0.5548
vn -0.0000 -0.7071 0.7071
vn -0.0000 -0.7071 0.7071
vn -0.0000 -0.7071 0.7071
vn -0.0000 -0.7071 0.7071
vn 0.0000 1.0000 -0.0000
vn 0.0000 1.0000 -0.0000
vn 0.0000 1.0000 -0.0000
vn 0.7071 -0.0000 0.7071
vn 0.7071 -0.0000 0.7071
vn 0.7071 -0.0000 0.7071
vn 0.1998 0.3372 0.9200
vn 0.1998 0.3372 0.9200
vn 0.1998 0.3372 0.9200
vn 0.1998 0.3372 0.9200
vn 0.4863 -0.8204 -0.3007
vn 0.4863 -0.8204 -0.3007
vn 0.4863 -0.8204 -0.3007
vn 0.4863 -0.8204 -0.3007
vn -0.0000 -0.7071 0.7071
vn -0.0000 -0.7071 0.7071
vn -0.0000 -0.7071 0.7071
vn -0.0000 -0.7071 0.7071
f 6661//6661 6663//6663 6662//6662
f 6664//6664 6666//6666 6665//6665
f 6667//6667 6669//6669 6668//6668
f 6667//6667 6668//6668 6670//6670
f 6671//6671 6673//6673 6672//6672
f 6671//6671 6672//6672 6674//6674
f 6675//6675 6677//6677 6676//6676
f 6675//6675 6676//6676 6678//6678
f 6679//6679 6681//6681 6680//6680
f 6682//6682 6684//6684 6683//6683
f 6685//6685 6687//6687 6686//6686
f 6685//6685 6686//6686 6688//6688
f 6689//6689 6691//6691 6690//6690
f 6689//6689 6690//6690 6692//6692
f 6693//6693 6695//6695 6694//6694
f 6693//6693 6694//6694 6696//6696
f 6697//6697 6699//6699 6698//6698
f 6700//6700 6702//6702 6701//6701
f 6703//6703 6705//6705 6704//6704
f 6703//6703 6704//6704 6706//6706
f 6707//6707 6709//6709 6708//6708
f 6707//6707 6708//6708 6710//6710
f 6711//6711 6713//6713 6712//6712
f 6711//6711 6712//6712 6714//6714
f 6643//6643 6645//6645 6644//6644
f 6646//6646 6648//6648 6647//6647
f 6649//6649 6651//6651 6650//6650
f 6649//6649 6650//6650 6652//6652
f 6653//6653 6655//6655 6654//6654
f 6653//6653 6654//6654 6656//6656
f 6657//6657 6659//6659 6658//6658
f 6657//6657 6658//6658 6660//6660
f 6715//6715 6717//6717 6716//6716
f 6718//6718 6720//6720 6719//6719
f 6721//6721 6723//6723 6722//6722
f 6721//6721 6722//6722 6724//6724
f 6725//6725 6727//6727 6726//6726
f 6725//6725 6726//6726 6728//6728
f 6729//6729 6731//6731 6730//6730
f 6729//6729 6730//6730 6732//6732
f 6733//6733 6735//6735 6734//6734
f 6736//6736 6738//6738 6737//6737
f 6739//6739 6741//6741 6740//6740
f 6739//6739 6740//6740 6742//6742
f 6743//6743 6745//6745 6744//6744
f 6743//6743 6744//6744 6746//6746
f 6747//6747 6749//6749 6748//6748
f 6747//6747 6748//6748 6750//6750
f 6751//6751 6753//6753 6752//6752
f 6754//6754 6756//6756 6755//6755
f 6757//6757 6759//6759 6758//6758
f 6757//6757 6758//6758 6760//6760
f 6761//6761 6763//6763 6762//6762
f 6761//6761 6762//6762 6764//6764
f 6765//6765 6767//6767 6766//6766
f 6765//6765 6766//6766 6768//6768
f 6769//6769 6771//6771 6770//6770
f 6772//6772 6774//6774 6773//6773
f 6775//6775 6777//6777 6776//6776
f 6775//6775 6776//6776 6778//6778
f 6779//6779 6781//6781 6780//6780
f 6779//6779 6780//6780 6782//6782
f 6783//6783 6785//6785 6784//6784
f 6783//6783 6784//6784 6786//6786
g core_roof_slate
usemtl roof_slate
v 0.09699 0.15666 0.31200
v 0.09699 0.15666 0.14800
v 0.09699 0.25266 0.23000
v 0.24300 0.15666 0.31200
v 0.24300 0.25266 0.23000
v 0.24300 0.15666 0.14800
v 0.09699 0.15666 0.31200
v 0.24300 0.25266 0.23000
v 0.24300 0.15666 0.31200
v 0.09699 0.25266 0.23000
v 0.09699 0.15666 0.14800
v 0.24300 0.25266 0.23000
v 0.09699 0.25266 0.23000
v 0.24300 0.15666 0.14800
v 0.09699 0.15666 0.31200
v 0.24300 0.15666 0.14800
v 0.09699 0.15666 0.14800
v 0.24300 0.15666 0.31200
v -0.48800 0.28849 0.21600
v -0.48800 0.28849 0.04800
v -0.48800 0.38769 0.13200
v -0.33940 0.28849 0.21600
v -0.33940 0.38769 0.13200
v -0.33940 0.28849 0.04800
v -0.48800 0.28849 0.21600
v -0.33940 0.38769 0.13200
v -0.33940 0.28849 0.21600
v -0.48800 0.38769 0.13200
v -0.48800 0.28849 0.04800
v -0.33940 0.38769 0.13200
v -0.48800 0.38769 0.13200
v -0.33940 0.28849 0.04800
v -0.48800 0.28849 0.21600
v -0.33940 0.28849 0.04800
v -0.48800 0.28849 0.04800
v -0.33940 0.28849 0.21600
vn 0.0000 1.0000 -0.0000
vn 0.0000 1.0000 -0.0000
vn 0.0000 1.0000 -0.0000
vn 0.7071 -0.0000 0.7071
vn 0.7071 -0.0000 0.7071
vn 0.7071 -0.0000 0.7071
vn 0.1997 0.3392 0.9193
vn 0.1997 0.3392 0.9193
vn 0.1997 0.3392 0.9193
vn 0.1997 0.3392 0.9193
vn 0.4835 -0.8212 -0.3029
vn 0.4835 -0.8212 -0.3029
vn 0.4835 -0.8212 -0.3029
vn 0.4835 -0.8212 -0.3029
vn -0.0000 -0.7071 0.7071
vn -0.0000 -0.7071 0.7071
vn -0.0000 -0.7071 0.7071
vn -0.0000 -0.7071 0.7071
vn 0.0000 1.0000 -0.0000
vn 0.0000 1.0000 -0.0000
vn 0.0000 1.0000 -0.0000
vn 0.7071 -0.0000 0.7071
vn 0.7071 -0.0000 0.7071
vn 0.7071 -0.0000 0.7071
vn 0.1998 0.3372 0.9200
vn 0.1998 0.3372 0.9200
vn 0.1998 0.3372 0.9200
vn 0.1998 0.3372 0.9200
vn 0.4863 -0.8204 -0.3007
vn 0.4863 -0.8204 -0.3007
vn 0.4863 -0.8204 -0.3007
vn 0.4863 -0.8204 -0.3007
vn -0.0000 -0.7071 0.7071
vn -0.0000 -0.7071 0.7071
vn -0.0000 -0.7071 0.7071
vn -0.0000 -0.7071 0.7071
f 6787//6787 6789//6789 6788//6788
f 6790//6790 6792//6792 6791//6791
f 6793//6793 6795//6795 6794//6794
f 6793//6793 6794//6794 6796//6796
f 6797//6797 6799//6799 6798//6798
f 6797//6797 6798//6798 6800//6800
f 6801//6801 6803//6803 6802//6802
f 6801//6801 6802//6802 6804//6804
f 6805//6805 6807//6807 6806//6806
f 6808//6808 6810//6810 6809//6809
f 6811//6811 6813//6813 6812//6812
f 6811//6811 6812//6812 6814//6814
f 6815//6815 6817//6817 6816//6816
f 6815//6815 6816//6816 6818//6818
f 6819//6819 6821//6821 6820//6820
f 6819//6819 6820//6820 6822//6822
