mtllib settle_0.mtl
o core
g core_cloth
usemtl cloth
v 0.22500 0.00000 -0.26500
v 0.22500 0.00000 0.26500
v 0.45000 0.00000 -0.00000
v -0.45000 0.00000 -0.00000
v -0.22501 0.00000 -0.26500
v -0.22501 0.00000 0.26500
v 0.22500 0.00600 0.26500
v 0.22500 0.00600 -0.26500
v 0.45000 0.00600 -0.00000
v -0.45000 0.00600 -0.00000
v -0.22501 0.00600 0.26500
v -0.22501 0.00600 -0.26500
v 0.45000 0.00000 -0.00000
v 0.22500 0.00600 -0.26500
v 0.22500 0.00000 -0.26500
v 0.45000 0.00600 -0.00000
v 0.22500 0.00000 -0.26500
v -0.22501 0.00600 -0.26500
v -0.22501 0.00000 -0.26500
v 0.22500 0.00600 -0.26500
v -0.22501 0.00000 -0.26500
v -0.45000 0.00600 -0.00000
v -0.45000 0.00000 -0.00000
v -0.22501 0.00600 -0.26500
v -0.45000 0.00000 -0.00000
v -0.22501 0.00600 0.26500
v -0.22501 0.00000 0.26500
v -0.45000 0.00600 -0.00000
v -0.22501 0.00000 0.26500
v 0.22500 0.00600 0.26500
v 0.22500 0.00000 0.26500
v -0.22501 0.00600 0.26500
v 0.22500 0.00000 0.26500
v 0.45000 0.00600 -0.00000
v 0.45000 0.00000 -0.00000
v 0.22500 0.00600 0.26500
v 0.19753 0.00000 0.15786
v 0.24999 0.12000 0.10000
v 0.31636 0.00000 0.14116
v 0.31636 0.00000 0.14116
v 0.24999 0.12000 0.10000
v 0.30245 0.00000 0.04213
v 0.30245 0.00000 0.04213
v 0.24999 0.12000 0.10000
v 0.18362 0.00000 0.05883
v 0.18362 0.00000 0.05883
v 0.24999 0.12000 0.10000
v 0.19753 0.00000 0.15786
v 0.18362 0.00000 0.05883
v 0.31636 0.00000 0.14116
v 0.30245 0.00000 0.04213
v 0.19753 0.00000 0.15786
vn -0.0000 -0.7071 0.7071
vn -0.0000 -0.7071 0.7071
vn -0.0000 -0.7071 0.7071
vn -0.0000 -0.7071 0.7071
vn -0.0000 -0.7071 0.7071
vn -0.0000 -0.7071 0.7071
vn -0.0000 0.7071 0.7071
vn -0.0000 0.7071 0.7071
vn -0.0000 0.7071 0.7071
vn -0.0000 0.7071 0.7071
vn -0.0000 0.7071 0.7071
vn -0.0000 0.7071 0.7071
vn 0.8839 -0.2269 0.4091
vn 0.8839 -0.2269 0.4091
vn 0.8839 -0.2269 0.4091
vn 0.8839 -0.2269 0.4091
vn -0.7071 0.7071 -0.0000
vn -0.7071 0.7071 -0.0000
vn -0.7071 0.7071 -0.0000
vn -0.7071 0.7071 -0.0000
vn -0.2470 0.9623 0.1143
vn -0.2470 0.9623 0.1143
vn -0.2470 0.9623 0.1143
vn -0.2470 0.9623 0.1143
vn -0.2190 0.8533 0.4732
vn -0.2190 0.8533 0.4732
vn -0.2190 0.8533 0.4732
vn -0.2190 0.8533 0.4732
vn -0.0000 -0.0000 1.0000
vn -0.0000 -0.0000 1.0000
vn -0.0000 -0.0000 1.0000
vn -0.0000 -0.0000 1.0000
vn 0.4175 -0.1072 0.9023
vn 0.4175 -0.1072 0.9023
vn 0.4175 -0.1072 0.9023
vn 0.4175 -0.1072 0.9023
vn 0.2045 0.1478 0.9676
vn 0.2045 0.1478 0.9676
vn 0.2045 0.1478 0.9676
vn -0.6676 -0.3413 -0.6617
vn -0.6676 -0.3413 -0.6617
vn -0.6676 -0.3413 -0.6617
vn 0.6016 -0.7744 -0.1959
vn 0.6016 -0.7744 -0.1959
vn 0.6016 -0.7744 -0.1959
vn 0.0083 0.8939 0.4482
vn 0.0083 0.8939 0.4482
vn 0.0083 0.8939 0.4482
vn -0.0000 -0.7071 0.7071
vn -0.0000 -0.7071 0.7071
vn -0.0000 -0.7071 0.7071
vn -0.0000 -0.7071 0.7071
f 1//1 3//3 2//2
f 2//2 4//4 1//1
f 4//4 5//5 1//1
f 2//2 6//6 4//4
f 7//7 9//9 8//8
f 8//8 10//10 7//7
f 10//10 11//11 7//7
f 8//8 12//12 10//10
f 13//13 15//15 14//14
f 13//13 14//14 16//16
f 17//17 19//19 18//18
f 17//17 18//18 20//20
f 21//21 23//23 22//22
f 21//21 22//22 24//24
f 25//25 27//27 26//26
f 25//25 26//26 28//28
f 29//29 31//31 30//30
f 29//29 30//30 32//32
f 33//33 35//35 34//34
f 33//33 34//34 36//36
f 37//37 39//39 38//38
f 40//40 42//42 41//41
f 43//43 45//45 44//44
f 46//46 48//48 47//47
f 49//49 51//51 50//50
f 49//49 50//50 52//52
g core_plank
usemtl plank
v -0.23000 -0.00000 -0.25789
v 0.23000 0.10000 -0.25789
v 0.23000 -0.00000 -0.25789
v 0.19714 0.09400 -0.25789
v 0.21357 0.12900 -0.25789
v 0.16429 0.10000 -0.25789
v 0.18071 0.13500 -0.25789
v 0.13143 0.09100 -0.25789
v 0.14786 0.12600 -0.25789
v 0.06571 0.08800 -0.25789
v 0.09857 0.09700 -0.25789
v 0.11500 0.13200 -0.25789
v 0.08214 0.12300 -0.25789
v -0.09857 0.08800 -0.25789
v 0.03286 0.09400 -0.25789
v 0.04929 0.12900 -0.25789
v -0.03286 0.09100 -0.25789
v 0.00000 0.10000 -0.25789
v 0.01643 0.13500 -0.25789
v -0.01643 0.12600 -0.25789
v -0.06571 0.09700 -0.25789
v -0.04929 0.13200 -0.25789
v -0.08214 0.12300 -0.25789
v -0.13143 0.09400 -0.25789
v -0.11500 0.12900 -0.25789
v -0.19714 0.09100 -0.25789
v -0.23000 0.09700 -0.25789
v -0.21357 0.13200 -0.25789
v -0.16429 0.10000 -0.25789
v -0.18071 0.12600 -0.25789
v -0.14786 0.13500 -0.25789
v 0.23000 0.10000 -0.28389
v -0.23000 0.00000 -0.28389
v 0.23000 0.00000 -0.28389
v -0.21357 0.13200 -0.28389
v -0.23000 0.09700 -0.28389
v -0.19714 0.09100 -0.28389
v -0.16429 0.10000 -0.28389
v -0.18071 0.12600 -0.28389
v -0.13143 0.09400 -0.28389
v -0.14786 0.13500 -0.28389
v 0.19714 0.09400 -0.28389
v 0.21357 0.12900 -0.28389
v -0.09857 0.08800 -0.28389
v -0.11500 0.12900 -0.28389
v 0.06571 0.08800 -0.28389
v 0.16429 0.10000 -0.28389
v 0.18071 0.13500 -0.28389
v 0.13143 0.09100 -0.28389
v 0.14786 0.12600 -0.28389
v 0.09857 0.09700 -0.28389
v 0.11500 0.13200 -0.28389
v 0.08214 0.12300 -0.28389
v 0.03286 0.09400 -0.28389
v 0.04929 0.12900 -0.28389
v -0.03286 0.09100 -0.28389
v 0.00000 0.10000 -0.28389
v 0.01643 0.13500 -0.28389
v -0.01643 0.12600 -0.28389
v -0.06571 0.09700 -0.28389
v -0.04929 0.13200 -0.28389
v -0.08214 0.12300 -0.28389
v 0.23000 -0.00000 -0.25789
v -0.23000 0.00000 -0.28389
v -0.23000 -0.00000 -0.25789
v 0.23000 0.00000 -0.28389
v -0.23000 -0.00000 -0.25789
v -0.23000 0.09700 -0.28389
v -0.23000 0.09700 -0.25789
v -0.23000 0.00000 -0.28389
v -0.23000 0.09700 -0.25789
v -0.21357 0.13200 -0.28389
v -0.21357 0.13200 -0.25789
v -0.23000 0.09700 -0.28389
v -0.21357 0.13200 -0.25789
v -0.19714 0.09100 -0.28389
v -0.19714 0.09100 -0.25789
v -0.21357 0.13200 -0.28389
v -0.19714 0.09100 -0.25789
v -0.18071 0.12600 -0.28389
v -0.18071 0.12600 -0.25789
v -0.19714 0.09100 -0.28389
v -0.18071 0.12600 -0.25789
v -0.16429 0.10000 -0.28389
v -0.16429 0.10000 -0.25789
v -0.18071 0.12600 -0.28389
v -0.16429 0.10000 -0.25789
v -0.14786 0.13500 -0.28389
v -0.14786 0.13500 -0.25789
v -0.16429 0.10000 -0.28389
v -0.14786 0.13500 -0.25789
v -0.13143 0.09400 -0.28389
v -0.13143 0.09400 -0.25789
v -0.14786 0.13500 -0.28389
v -0.13143 0.09400 -0.25789
v -0.11500 0.12900 -0.28389
v -0.11500 0.12900 -0.25789
v -0.13143 0.09400 -0.28389
v -0.11500 0.12900 -0.25789
v -0.09857 0.08800 -0.28389
v -0.09857 0.08800 -0.25789
v -0.11500 0.12900 -0.28389
v -0.09857 0.08800 -0.25789
v -0.08214 0.12300 -0.28389
v -0.08214 0.12300 -0.25789
v -0.09857 0.08800 -0.28389
v -0.08214 0.12300 -0.25789
v -0.06571 0.09700 -0.28389
v -0.06571 0.09700 -0.25789
v -0.08214 0.12300 -0.28389
v -0.06571 0.09700 -0.25789
v -0.04929 0.13200 -0.28389
v -0.04929 0.13200 -0.25789
v -0.06571 0.09700 -0.28389
v -0.04929 0.13200 -0.25789
v -0.03286 0.09100 -0.28389
v -0.03286 0.09100 -0.25789
v -0.04929 0.13200 -0.28389
v -0.03286 0.09100 -0.25789
v -0.01643 0.12600 -0.28389
v -0.01643 0.12600 -0.25789
v -0.03286 0.09100 -0.28389
v -0.01643 0.12600 -0.25789
v 0.00000 0.10000 -0.28389
v 0.00000 0.10000 -0.25789
v -0.01643 0.12600 -0.28389
v 0.00000 0.10000 -0.25789
v 0.01643 0.13500 -0.28389
v 0.01643 0.13500 -0.25789
v 0.00000 0.10000 -0.28389
v 0.01643 0.13500 -0.25789
v 0.03286 0.09400 -0.28389
v 0.03286 0.09400 -0.25789
v 0.01643 0.13500 -0.28389
v 0.03286 0.09400 -0.25789
v 0.04929 0.12900 -0.28389
v 0.04929 0.12900 -0.25789
v 0.03286 0.09400 -0.28389
v 0.04929 0.12900 -0.25789
v 0.06571 0.08800 -0.28389
v 0.06571 0.08800 -0.25789
v 0.04929 0.12900 -0.28389
v 0.06571 0.08800 -0.25789
v 0.08214 0.12300 -0.28389
v 0.08214 0.12300 -0.25789
v 0.06571 0.08800 -0.28389
v 0.08214 0.12300 -0.25789
v 0.09857 0.09700 -0.28389
v 0.09857 0.09700 -0.25789
v 0.08214 0.12300 -0.28389
v 0.09857 0.09700 -0.25789
v 0.11500 0.13200 -0.28389
v 0.11500 0.13200 -0.25789
v 0.09857 0.09700 -0.28389
v 0.11500 0.13200 -0.25789
v 0.13143 0.09100 -0.28389
v 0.13143 0.09100 -0.25789
v 0.11500 0.13200 -0.28389
v 0.13143 0.09100 -0.25789
v 0.14786 0.12600 -0.28389
v 0.14786 0.12600 -0.25789
v 0.13143 0.09100 -0.28389
v 0.14786 0.12600 -0.25789
v 0.16429 0.10000 -0.28389
v 0.16429 0.10000 -0.25789
v 0.14786 0.12600 -0.28389
v 0.16429 0.10000 -0.25789
v 0.18071 0.13500 -0.28389
v 0.18071 0.13500 -0.25789
v 0.16429 0.10000 -0.28389
v 0.18071 0.13500 -0.25789
v 0.19714 0.09400 -0.28389
v 0.19714 0.09400 -0.25789
v 0.18071 0.13500 -0.28389
v 0.19714 0.09400 -0.25789
v 0.21357 0.12900 -0.28389
v 0.21357 0.12900 -0.25789
v 0.19714 0.09400 -0.28389
v 0.21357 0.12900 -0.25789
v 0.23000 0.10000 -0.28389
v 0.23000 0.10000 -0.25789
v 0.21357 0.12900 -0.28389
v 0.23000 0.10000 -0.25789
v 0.23000 0.00000 -0.28389
v 0.23000 -0.00000 -0.25789
v 0.23000 0.10000 -0.28389
v 0.22009 -0.00000 -0.26248
v 0.45009 0.10000 0.00841
v 0.45009 -0.00000 0.00841
v 0.42709 0.09400 -0.01868
v 0.43859 0.12900 -0.00513
v 0.40409 0.10000 -0.04576
v 0.41559 0.13500 -0.03222
v 0.38109 0.09100 -0.07285
v 0.39259 0.12600 -0.05931
v 0.33509 0.08800 -0.12703
v 0.22009 0.08800 -0.26248
v 0.35809 0.09700 -0.09994
v 0.36959 0.13200 -0.08640
v 0.34659 0.12300 -0.11349
v 0.24309 0.09700 -0.23539
v 0.23159 0.12300 -0.24893
v 0.26609 0.09100 -0.20830
v 0.25459 0.13200 -0.22184
v 0.28909 0.10000 -0.18121
v 0.27759 0.12600 -0.19476
v 0.31209 0.09400 -0.15412
v 0.30059 0.13500 -0.16767
v 0.32359 0.12900 -0.14058
v 0.46991 0.10000 -0.00841
v 0.23991 0.00000 -0.27931
v 0.46991 0.00000 -0.00841
v 0.44691 0.09400 -0.03550
v 0.45841 0.12900 -0.02196
v 0.42391 0.10000 -0.06259
v 0.43541 0.13500 -0.04905
v 0.40091 0.09100 -0.08968
v 0.41241 0.12600 -0.07614
v 0.25141 0.12300 -0.26576
v 0.23991 0.08800 -0.27931
v 0.26291 0.09700 -0.25222
v 0.28591 0.09100 -0.22513
v 0.27441 0.13200 -0.23867
v 0.30891 0.10000 -0.19804
v 0.29741 0.12600 -0.21158
v 0.35491 0.08800 -0.14386
v 0.37791 0.09700 -0.11677
v 0.38941 0.13200 -0.10323
v 0.36641 0.12300 -0.13032
v 0.33191 0.09400 -0.17095
v 0.34341 0.12900 -0.15740
v 0.32041 0.13500 -0.18449
v 0.45009 -0.00000 0.00841
v 0.23991 0.00000 -0.27931
v 0.22009 -0.00000 -0.26248
v 0.46991 0.00000 -0.00841
v 0.22009 -0.00000 -0.26248
v 0.23991 0.08800 -0.27931
v 0.22009 0.08800 -0.26248
v 0.23991 0.00000 -0.27931
v 0.22009 0.08800 -0.26248
v 0.25141 0.12300 -0.26576
v 0.23159 0.12300 -0.24893
v 0.23991 0.08800 -0.27931
v 0.23159 0.12300 -0.24893
v 0.26291 0.09700 -0.25222
v 0.24309 0.09700 -0.23539
v 0.25141 0.12300 -0.26576
v 0.24309 0.09700 -0.23539
v 0.27441 0.13200 -0.23867
v 0.25459 0.13200 -0.22184
v 0.26291 0.09700 -0.25222
v 0.25459 0.13200 -0.22184
v 0.28591 0.09100 -0.22513
v 0.26609 0.09100 -0.20830
v 0.27441 0.13200 -0.23867
v 0.26609 0.09100 -0.20830
v 0.29741 0.12600 -0.21158
v 0.27759 0.12600 -0.19476
v 0.28591 0.09100 -0.22513
v 0.27759 0.12600 -0.19476
v 0.30891 0.10000 -0.19804
v 0.28909 0.10000 -0.18121
v 0.29741 0.12600 -0.21158
v 0.28909 0.10000 -0.18121
v 0.32041 0.13500 -0.18449
v 0.30059 0.13500 -0.16767
v 0.30891 0.10000 -0.19804
v 0.30059 0.13500 -0.16767
v 0.33191 0.09400 -0.17095
v 0.31209 0.09400 -0.15412
v 0.32041 0.13500 -0.18449
v 0.31209 0.09400 -0.15412
v 0.34341 0.12900 -0.15740
v 0.32359 0.12900 -0.14058
v 0.33191 0.09400 -0.17095
v 0.32359 0.12900 -0.14058
v 0.35491 0.08800 -0.14386
v 0.33509 0.08800 -0.12703
v 0.34341 0.12900 -0.15740
v 0.33509 0.08800 -0.12703
v 0.36641 0.12300 -0.13032
v 0.34659 0.12300 -0.11349
v 0.35491 0.08800 -0.14386
v 0.34659 0.12300 -0.11349
v 0.37791 0.09700 -0.11677
v 0.35809 0.09700 -0.09994
v 0.36641 0.12300 -0.13032
v 0.35809 0.09700 -0.09994
v 0.38941 0.13200 -0.10323
v 0.36959 0.13200 -0.08640
v 0.37791 0.09700 -0.11677
v 0.36959 0.13200 -0.08640
v 0.40091 0.09100 -0.08968
v 0.38109 0.09100 -0.07285
v 0.38941 0.13200 -0.10323
v 0.38109 0.09100 -0.07285
v 0.41241 0.12600 -0.07614
v 0.39259 0.12600 -0.05931
v 0.40091 0.09100 -0.08968
v 0.39259 0.12600 -0.05931
v 0.42391 0.10000 -0.06259
v 0.40409 0.10000 -0.04576
v 0.41241 0.12600 -0.07614
v 0.40409 0.10000 -0.04576
v 0.43541 0.13500 -0.04905
v 0.41559 0.13500 -0.03222
v 0.42391 0.10000 -0.06259
v 0.41559 0.13500 -0.03222
v 0.44691 0.09400 -0.03550
v 0.42709 0.09400 -0.01868
v 0.43541 0.13500 -0.04905
v 0.42709 0.09400 -0.01868
v 0.45841 0.12900 -0.02196
v 0.43859 0.12900 -0.00513
v 0.44691 0.09400 -0.03550
v 0.43859 0.12900 -0.00513
v 0.46991 0.10000 -0.00841
v 0.45009 0.10000 0.00841
v 0.45841 0.12900 -0.02196
v 0.45009 0.10000 0.00841
v 0.46991 0.00000 -0.00841
v 0.45009 -0.00000 0.00841
v 0.46991 0.10000 -0.00841
v -0.45009 -0.00000 0.00841
v -0.22009 0.10000 -0.26248
v -0.22009 -0.00000 -0.26248
v -0.24309 0.09400 -0.23539
v -0.23159 0.12900 -0.24893
v -0.26609 0.10000 -0.20830
v -0.25459 0.13500 -0.22184
v -0.28909 0.09100 -0.18121
v -0.27759 0.12600 -0.19476
v -0.33509 0.08800 -0.12703
v -0.45009 0.08800 0.00841
v -0.31209 0.09700 -0.15412
v -0.30059 0.13200 -0.16767
v -0.32359 0.12300 -0.14058
v -0.42709 0.09700 -0.01868
v -0.43859 0.12300 -0.00513
v -0.40409 0.09100 -0.04576
v -0.41559 0.13200 -0.03222
v -0.35809 0.09400 -0.09994
v -0.34659 0.12900 -0.11349
v -0.38109 0.10000 -0.07285
v -0.39259 0.12600 -0.05931
v -0.36959 0.13500 -0.08640
v -0.23991 0.10000 -0.27931
v -0.46991 0.00000 -0.00841
v -0.23991 0.00000 -0.27931
v -0.45841 0.12300 -0.02196
v -0.46991 0.08800 -0.00841
v -0.44691 0.09700 -0.03550
v -0.26291 0.09400 -0.25222
v -0.25141 0.12900 -0.26576
v -0.42391 0.09100 -0.06259
v -0.43541 0.13200 -0.04905
v -0.35491 0.08800 -0.14386
v -0.28591 0.10000 -0.22513
v -0.27441 0.13500 -0.23867
v -0.30891 0.09100 -0.19804
v -0.29741 0.12600 -0.21158
v -0.33191 0.09700 -0.17095
v -0.32041 0.13200 -0.18449
v -0.34341 0.12300 -0.15740
v -0.37791 0.09400 -0.11677
v -0.36641 0.12900 -0.13032
v -0.40091 0.10000 -0.08968
v -0.38941 0.13500 -0.10323
v -0.41241 0.12600 -0.07614
v -0.22009 -0.00000 -0.26248
v -0.46991 0.00000 -0.00841
v -0.45009 -0.00000 0.00841
v -0.23991 0.00000 -0.27931
v -0.45009 -0.00000 0.00841
v -0.46991 0.08800 -0.00841
v -0.45009 0.08800 0.00841
v -0.46991 0.00000 -0.00841
v -0.45009 0.08800 0.00841
v -0.45841 0.12300 -0.02196
v -0.43859 0.12300 -0.00513
v -0.46991 0.08800 -0.00841
v -0.43859 0.12300 -0.00513
v -0.44691 0.09700 -0.03550
v -0.42709 0.09700 -0.01868
v -0.45841 0.12300 -0.02196
v -0.42709 0.09700 -0.01868
v -0.43541 0.13200 -0.04905
v -0.41559 0.13200 -0.03222
v -0.44691 0.09700 -0.03550
v -0.41559 0.13200 -0.03222
v -0.42391 0.09100 -0.06259
v -0.40409 0.09100 -0.04576
v -0.43541 0.13200 -0.04905
v -0.40409 0.09100 -0.04576
v -0.41241 0.12600 -0.07614
v -0.39259 0.12600 -0.05931
v -0.42391 0.09100 -0.06259
v -0.39259 0.12600 -0.05931
v -0.40091 0.10000 -0.08968
v -0.38109 0.10000 -0.07285
v -0.41241 0.12600 -0.07614
v -0.38109 0.10000 -0.07285
v -0.38941 0.13500 -0.10323
v -0.36959 0.13500 -0.08640
v -0.40091 0.10000 -0.08968
v -0.36959 0.13500 -0.08640
v -0.37791 0.09400 -0.11677
v -0.35809 0.09400 -0.09994
v -0.38941 0.13500 -0.10323
v -0.35809 0.09400 -0.09994
v -0.36641 0.12900 -0.13032
v -0.34659 0.12900 -0.11349
v -0.37791 0.09400 -0.11677
v -0.34659 0.12900 -0.11349
v -0.35491 0.08800 -0.14386
v -0.33509 0.08800 -0.12703
v -0.36641 0.12900 -0.13032
v -0.33509 0.08800 -0.12703
v -0.34341 0.12300 -0.15740
v -0.32359 0.12300 -0.14058
v -0.35491 0.08800 -0.14386
v -0.32359 0.12300 -0.14058
v -0.33191 0.09700 -0.17095
v -0.31209 0.09700 -0.15412
v -0.34341 0.12300 -0.15740
v -0.31209 0.09700 -0.15412
v -0.32041 0.13200 -0.18449
v -0.30059 0.13200 -0.16767
v -0.33191 0.09700 -0.17095
v -0.30059 0.13200 -0.16767
v -0.30891 0.09100 -0.19804
v -0.28909 0.09100 -0.18121
v -0.32041 0.13200 -0.18449
v -0.28909 0.09100 -0.18121
v -0.29741 0.12600 -0.21158
v -0.27759 0.12600 -0.19476
v -0.30891 0.09100 -0.19804
v -0.27759 0.12600 -0.19476
v -0.28591 0.10000 -0.22513
v -0.26609 0.10000 -0.20830
v -0.29741 0.12600 -0.21158
v -0.26609 0.10000 -0.20830
v -0.27441 0.13500 -0.23867
v -0.25459 0.13500 -0.22184
v -0.28591 0.10000 -0.22513
v -0.25459 0.13500 -0.22184
v -0.26291 0.09400 -0.25222
v -0.24309 0.09400 -0.23539
v -0.27441 0.13500 -0.23867
v -0.24309 0.09400 -0.23539
v -0.25141 0.12900 -0.26576
v -0.23159 0.12900 -0.24893
v -0.26291 0.09400 -0.25222
v -0.23159 0.12900 -0.24893
v -0.23991 0.10000 -0.27931
v -0.22009 0.10000 -0.26248
v -0.25141 0.12900 -0.26576
v -0.22009 0.10000 -0.26248
v -0.23991 0.00000 -0.27931
v -0.22009 -0.00000 -0.26248
v -0.23991 0.10000 -0.27931
v -0.22009 -0.00000 0.26248
v -0.45009 0.10000 -0.00841
v -0.45009 -0.00000 -0.00841
v -0.42709 0.09400 0.01868
v -0.43859 0.12900 0.00513
v -0.33509 0.08800 0.12703
v -0.22009 0.08800 0.26248
v -0.40409 0.10000 0.04576
v -0.41559 0.13500 0.03222
v -0.38109 0.09100 0.07285
v -0.39259 0.12600 0.05931
v -0.35809 0.09700 0.09994
v -0.36959 0.13200 0.08640
v -0.34659 0.12300 0.11349
v -0.31209 0.09400 0.15412
v -0.32359 0.12900 0.14058
v -0.26609 0.09100 0.20830
v -0.28909 0.10000 0.18121
v -0.30059 0.13500 0.16767
v -0.27759 0.12600 0.19476
v -0.24309 0.09700 0.23539
v -0.23159 0.12300 0.24893
v -0.25459 0.13200 0.22184
v -0.46991 0.10000 0.00841
v -0.23991 0.00000 0.27931
v -0.46991 0.00000 0.00841
v -0.25141 0.12300 0.26576
v -0.23991 0.08800 0.27931
v -0.26291 0.09700 0.25222
v -0.44691 0.09400 0.03550
v -0.45841 0.12900 0.02196
v -0.28591 0.09100 0.22513
v -0.27441 0.13200 0.23867
v -0.40091 0.09100 0.08968
v -0.42391 0.10000 0.06259
v -0.43541 0.13500 0.04905
v -0.41241 0.12600 0.07614
v -0.35491 0.08800 0.14386
v -0.37791 0.09700 0.11677
v -0.38941 0.13200 0.10323
v -0.36641 0.12300 0.13032
v -0.33191 0.09400 0.17095
v -0.34341 0.12900 0.15740
v -0.30891 0.10000 0.19804
v -0.32041 0.13500 0.18449
v -0.29741 0.12600 0.21158
v -0.45009 -0.00000 -0.00841
v -0.23991 0.00000 0.27931
v -0.22009 -0.00000 0.26248
v -0.46991 0.00000 0.00841
v -0.22009 -0.00000 0.26248
v -0.23991 0.08800 0.27931
v -0.22009 0.08800 0.26248
v -0.23991 0.00000 0.27931
v -0.22009 0.08800 0.26248
v -0.25141 0.12300 0.26576
v -0.23159 0.12300 0.24893
v -0.23991 0.08800 0.27931
v -0.23159 0.12300 0.24893
v -0.26291 0.09700 0.25222
v -0.24309 0.09700 0.23539
v -0.25141 0.12300 0.26576
v -0.24309 0.09700 0.23539
v -0.27441 0.13200 0.23867
v -0.25459 0.13200 0.22184
v -0.26291 0.09700 0.25222
v -0.25459 0.13200 0.22184
v -0.28591 0.09100 0.22513
v -0.26609 0.09100 0.20830
v -0.27441 0.13200 0.23867
v -0.26609 0.09100 0.20830
v -0.29741 0.12600 0.21158
v -0.27759 0.12600 0.19476
v -0.28591 0.09100 0.22513
v -0.27759 0.12600 0.19476
v -0.30891 0.10000 0.19804
v -0.28909 0.10000 0.18121
v -0.29741 0.12600 0.21158
v -0.28909 0.10000 0.18121
v -0.32041 0.13500 0.18449
v -0.30059 0.13500 0.16767
v -0.30891 0.10000 0.19804
v -0.30059 0.13500 0.16767
v -0.33191 0.09400 0.17095
v -0.31209 0.09400 0.15412
v -0.32041 0.13500 0.18449
v -0.31209 0.09400 0.15412
v -0.34341 0.12900 0.15740
v -0.32359 0.12900 0.14058
v -0.33191 0.09400 0.17095
v -0.32359 0.12900 0.14058
v -0.35491 0.08800 0.14386
v -0.33509 0.08800 0.12703
v -0.34341 0.12900 0.15740
v -0.33509 0.08800 0.12703
v -0.36641 0.12300 0.13032
v -0.34659 0.12300 0.11349
v -0.35491 0.08800 0.14386
v -0.34659 0.12300 0.11349
v -0.37791 0.09700 0.11677
v -0.35809 0.09700 0.09994
v -0.36641 0.12300 0.13032
v -0.35809 0.09700 0.09994
v -0.38941 0.13200 0.10323
v -0.36959 0.13200 0.08640
v -0.37791 0.09700 0.11677
v -0.36959 0.13200 0.08640
v -0.40091 0.09100 0.08968
v -0.38109 0.09100 0.07285
v -0.38941 0.13200 0.10323
v -0.38109 0.09100 0.07285
v -0.41241 0.12600 0.07614
v -0.39259 0.12600 0.05931
v -0.40091 0.09100 0.08968
v -0.39259 0.12600 0.05931
v -0.42391 0.10000 0.06259
v -0.40409 0.10000 0.04576
v -0.41241 0.12600 0.07614
v -0.40409 0.10000 0.04576
v -0.43541 0.13500 0.04905
v -0.41559 0.13500 0.03222
v -0.42391 0.10000 0.06259
v -0.41559 0.13500 0.03222
v -0.44691 0.09400 0.03550
v -0.42709 0.09400 0.01868
v -0.43541 0.13500 0.04905
v -0.42709 0.09400 0.01868
v -0.45841 0.12900 0.02196
v -0.43859 0.12900 0.00513
v -0.44691 0.09400 0.03550
v -0.43859 0.12900 0.00513
v -0.46991 0.10000 0.00841
v -0.45009 0.10000 -0.00841
v -0.45841 0.12900 0.02196
v -0.45009 0.10000 -0.00841
v -0.46991 0.00000 0.00841
v -0.45009 -0.00000 -0.00841
v -0.46991 0.10000 0.00841
v -0.05000 -0.00000 0.25789
v -0.23000 0.10000 0.25789
v -0.23000 -0.00000 0.25789
v -0.19400 0.09400 0.25789
v -0.21200 0.12900 0.25789
v -0.12200 0.09100 0.25789
v -0.05000 0.08800 0.25789
v -0.15800 0.10000 0.25789
v -0.17600 0.13500 0.25789
v -0.14000 0.12600 0.25789
v -0.08600 0.09700 0.25789
v -0.06800 0.12300 0.25789
v -0.10400 0.13200 0.25789
v -0.23000 0.10000 0.28389
v -0.05000 0.00000 0.28389
v -0.23000 0.00000 0.28389
v -0.06800 0.12300 0.28389
v -0.05000 0.08800 0.28389
v -0.08600 0.09700 0.28389
v -0.19400 0.09400 0.28389
v -0.21200 0.12900 0.28389
v -0.12200 0.09100 0.28389
v -0.10400 0.13200 0.28389
v -0.15800 0.10000 0.28389
v -0.17600 0.13500 0.28389
v -0.14000 0.12600 0.28389
v -0.23000 -0.00000 0.25789
v -0.05000 0.00000 0.28389
v -0.05000 -0.00000 0.25789
v -0.23000 0.00000 0.28389
v -0.05000 -0.00000 0.25789
v -0.05000 0.08800 0.28389
v -0.05000 0.08800 0.25789
v -0.05000 0.00000 0.28389
v -0.05000 0.08800 0.25789
v -0.06800 0.12300 0.28389
v -0.06800 0.12300 0.25789
v -0.05000 0.08800 0.28389
v -0.06800 0.12300 0.25789
v -0.08600 0.09700 0.28389
v -0.08600 0.09700 0.25789
v -0.06800 0.12300 0.28389
v -0.08600 0.09700 0.25789
v -0.10400 0.13200 0.28389
v -0.10400 0.13200 0.25789
v -0.08600 0.09700 0.28389
v -0.10400 0.13200 0.25789
v -0.12200 0.09100 0.28389
v -0.12200 0.09100 0.25789
v -0.10400 0.13200 0.28389
v -0.12200 0.09100 0.25789
v -0.14000 0.12600 0.28389
v -0.14000 0.12600 0.25789
v -0.12200 0.09100 0.28389
v -0.14000 0.12600 0.25789
v -0.15800 0.10000 0.28389
v -0.15800 0.10000 0.25789
v -0.14000 0.12600 0.28389
v -0.15800 0.10000 0.25789
v -0.17600 0.13500 0.28389
v -0.17600 0.13500 0.25789
v -0.15800 0.10000 0.28389
v -0.17600 0.13500 0.25789
v -0.19400 0.09400 0.28389
v -0.19400 0.09400 0.25789
v -0.17600 0.13500 0.28389
v -0.19400 0.09400 0.25789
v -0.21200 0.12900 0.28389
v -0.21200 0.12900 0.25789
v -0.19400 0.09400 0.28389
v -0.21200 0.12900 0.25789
v -0.23000 0.10000 0.28389
v -0.23000 0.10000 0.25789
v -0.21200 0.12900 0.28389
v -0.23000 0.10000 0.25789
v -0.23000 0.00000 0.28389
v -0.23000 -0.00000 0.25789
v -0.23000 0.10000 0.28389
v 0.23000 -0.00000 0.25789
v 0.05000 0.10000 0.25789
v 0.05000 -0.00000 0.25789
v 0.08600 0.09400 0.25789
v 0.06800 0.12900 0.25789
v 0.15800 0.09100 0.25789
v 0.23000 0.08800 0.25789
v 0.12200 0.10000 0.25789
v 0.10400 0.13500 0.25789
v 0.14000 0.12600 0.25789
v 0.19400 0.09700 0.25789
v 0.21200 0.12300 0.25789
v 0.17600 0.13200 0.25789
v 0.05000 0.10000 0.28389
v 0.23000 0.00000 0.28389
v 0.05000 0.00000 0.28389
v 0.21200 0.12300 0.28389
v 0.23000 0.08800 0.28389
v 0.19400 0.09700 0.28389
v 0.08600 0.09400 0.28389
v 0.06800 0.12900 0.28389
v 0.15800 0.09100 0.28389
v 0.17600 0.13200 0.28389
v 0.12200 0.10000 0.28389
v 0.10400 0.13500 0.28389
v 0.14000 0.12600 0.28389
v 0.05000 -0.00000 0.25789
v 0.23000 0.00000 0.28389
v 0.23000 -0.00000 0.25789
v 0.05000 0.00000 0.28389
v 0.23000 -0.00000 0.25789
v 0.23000 0.08800 0.28389
v 0.23000 0.08800 0.25789
v 0.23000 0.00000 0.28389
v 0.23000 0.08800 0.25789
v 0.21200 0.12300 0.28389
v 0.21200 0.12300 0.25789
v 0.23000 0.08800 0.28389
v 0.21200 0.12300 0.25789
v 0.19400 0.09700 0.28389
v 0.19400 0.09700 0.25789
v 0.21200 0.12300 0.28389
v 0.19400 0.09700 0.25789
v 0.17600 0.13200 0.28389
v 0.17600 0.13200 0.25789
v 0.19400 0.09700 0.28389
v 0.17600 0.13200 0.25789
v 0.15800 0.09100 0.28389
v 0.15800 0.09100 0.25789
v 0.17600 0.13200 0.28389
v 0.15800 0.09100 0.25789
v 0.14000 0.12600 0.28389
v 0.14000 0.12600 0.25789
v 0.15800 0.09100 0.28389
v 0.14000 0.12600 0.25789
v 0.12200 0.10000 0.28389
v 0.12200 0.10000 0.25789
v 0.14000 0.12600 0.28389
v 0.12200 0.10000 0.25789
v 0.10400 0.13500 0.28389
v 0.10400 0.13500 0.25789
v 0.12200 0.10000 0.28389
v 0.10400 0.13500 0.25789
v 0.08600 0.09400 0.28389
v 0.08600 0.09400 0.25789
v 0.10400 0.13500 0.28389
v 0.08600 0.09400 0.25789
v 0.06800 0.12900 0.28389
v 0.06800 0.12900 0.25789
v 0.08600 0.09400 0.28389
v 0.06800 0.12900 0.25789
v 0.05000 0.10000 0.28389
v 0.05000 0.10000 0.25789
v 0.06800 0.12900 0.28389
v 0.05000 0.10000 0.25789
v 0.05000 0.00000 0.28389
v 0.05000 -0.00000 0.25789
v 0.05000 0.10000 0.28389
v 0.45009 -0.00000 -0.00841
v 0.22009 0.10000 0.26248
v 0.22009 -0.00000 0.26248
v 0.24309 0.09400 0.23539
v 0.23159 0.12900 0.24893
v 0.26609 0.10000 0.20830
v 0.25459 0.13500 0.22184
v 0.28909 0.09100 0.18121
v 0.27759 0.12600 0.19476
v 0.33509 0.08800 0.12703
v 0.45009 0.08800 -0.00841
v 0.31209 0.09700 0.15412
v 0.30059 0.13200 0.16767
v 0.32359 0.12300 0.14058
v 0.42709 0.09700 0.01868
v 0.43859 0.12300 0.00513
v 0.40409 0.09100 0.04576
v 0.41559 0.13200 0.03222
v 0.35809 0.09400 0.09994
v 0.34659 0.12900 0.11349
v 0.38109 0.10000 0.07285
v 0.39259 0.12600 0.05931
v 0.36959 0.13500 0.08640
v 0.23991 0.10000 0.27931
v 0.46991 0.00000 0.00841
v 0.23991 0.00000 0.27931
v 0.45841 0.12300 0.02196
v 0.46991 0.08800 0.00841
v 0.44691 0.09700 0.03550
v 0.26291 0.09400 0.25222
v 0.25141 0.12900 0.26576
v 0.42391 0.09100 0.06259
v 0.43541 0.13200 0.04905
v 0.35491 0.08800 0.14386
v 0.28591 0.10000 0.22513
v 0.27441 0.13500 0.23867
v 0.30891 0.09100 0.19804
v 0.29741 0.12600 0.21158
v 0.33191 0.09700 0.17095
v 0.32041 0.13200 0.18449
v 0.34341 0.12300 0.15740
v 0.37791 0.09400 0.11677
v 0.36641 0.12900 0.13032
v 0.40091 0.10000 0.08968
v 0.38941 0.13500 0.10323
v 0.41241 0.12600 0.07614
v 0.22009 -0.00000 0.26248
v 0.46991 0.00000 0.00841
v 0.45009 -0.00000 -0.00841
v 0.23991 0.00000 0.27931
v 0.45009 -0.00000 -0.00841
v 0.46991 0.08800 0.00841
v 0.45009 0.08800 -0.00841
v 0.46991 0.00000 0.00841
v 0.45009 0.08800 -0.00841
v 0.45841 0.12300 0.02196
v 0.43859 0.12300 0.00513
v 0.46991 0.08800 0.00841
v 0.43859 0.12300 0.00513
v 0.44691 0.09700 0.03550
v 0.42709 0.09700 0.01868
v 0.45841 0.12300 0.02196
v 0.42709 0.09700 0.01868
v 0.43541 0.13200 0.04905
v 0.41559 0.13200 0.03222
v 0.44691 0.09700 0.03550
v 0.41559 0.13200 0.03222
v 0.42391 0.09100 0.06259
v 0.40409 0.09100 0.04576
v 0.43541 0.13200 0.04905
v 0.40409 0.09100 0.04576
v 0.41241 0.12600 0.07614
v 0.39259 0.12600 0.05931
v 0.42391 0.09100 0.06259
v 0.39259 0.12600 0.05931
v 0.40091 0.10000 0.08968
v 0.38109 0.10000 0.07285
v 0.41241 0.12600 0.07614
v 0.38109 0.10000 0.07285
v 0.38941 0.13500 0.10323
v 0.36959 0.13500 0.08640
v 0.40091 0.10000 0.08968
v 0.36959 0.13500 0.08640
v 0.37791 0.09400 0.11677
v 0.35809 0.09400 0.09994
v 0.38941 0.13500 0.10323
v 0.35809 0.09400 0.09994
v 0.36641 0.12900 0.13032
v 0.34659 0.12900 0.11349
v 0.37791 0.09400 0.11677
v 0.34659 0.12900 0.11349
v 0.35491 0.08800 0.14386
v 0.33509 0.08800 0.12703
v 0.36641 0.12900 0.13032
v 0.33509 0.08800 0.12703
v 0.34341 0.12300 0.15740
v 0.32359 0.12300 0.14058
v 0.35491 0.08800 0.14386
v 0.32359 0.12300 0.14058
v 0.33191 0.09700 0.17095
v 0.31209 0.09700 0.15412
v 0.34341 0.12300 0.15740
v 0.31209 0.09700 0.15412
v 0.32041 0.13200 0.18449
v 0.30059 0.13200 0.16767
v 0.33191 0.09700 0.17095
v 0.30059 0.13200 0.16767
v 0.30891 0.09100 0.19804
v 0.28909 0.09100 0.18121
v 0.32041 0.13200 0.18449
v 0.28909 0.09100 0.18121
v 0.29741 0.12600 0.21158
v 0.27759 0.12600 0.19476
v 0.30891 0.09100 0.19804
v 0.27759 0.12600 0.19476
v 0.28591 0.10000 0.22513
v 0.26609 0.10000 0.20830
v 0.29741 0.12600 0.21158
v 0.26609 0.10000 0.20830
v 0.27441 0.13500 0.23867
v 0.25459 0.13500 0.22184
v 0.28591 0.10000 0.22513
v 0.25459 0.13500 0.22184
v 0.26291 0.09400 0.25222
v 0.24309 0.09400 0.23539
v 0.27441 0.13500 0.23867
v 0.24309 0.09400 0.23539
v 0.25141 0.12900 0.26576
v 0.23159 0.12900 0.24893
v 0.26291 0.09400 0.25222
v 0.23159 0.12900 0.24893
v 0.23991 0.10000 0.27931
v 0.22009 0.10000 0.26248
v 0.25141 0.12900 0.26576
v 0.22009 0.10000 0.26248
v 0.23991 0.00000 0.27931
v 0.22009 -0.00000 0.26248
v 0.23991 0.10000 0.27931
v -0.16088 -0.00052 -0.02943
v -0.16256 0.34052 -0.02788
v -0.14788 0.33948 -0.04143
v -0.17556 0.00052 -0.01588
v -0.17556 0.00052 -0.01588
v -0.17612 0.34052 -0.04257
v -0.16256 0.34052 -0.02788
v -0.18912 0.00052 -0.03057
v -0.18912 0.00052 -0.03057
v -0.16145 0.33948 -0.05612
v -0.17612 0.34052 -0.04257
v -0.17444 -0.00052 -0.04412
v -0.17444 -0.00052 -0.04412
v -0.14788 0.33948 -0.04143
v -0.16145 0.33948 -0.05612
v -0.16088 -0.00052 -0.02943
v -0.17556 0.00052 -0.01588
v -0.17444 -0.00052 -0.04412
v -0.18912 0.00052 -0.03057
v -0.16088 -0.00052 -0.02943
v -0.17612 0.34052 -0.04257
v -0.14788 0.33948 -0.04143
v -0.16256 0.34052 -0.02788
v -0.16145 0.33948 -0.05612
v -0.06556 -0.00052 -0.04412
v -0.06388 0.34052 -0.04257
v -0.07855 0.33948 -0.05612
v -0.05088 0.00052 -0.03057
v -0.05088 0.00052 -0.03057
v -0.07744 0.34052 -0.02788
v -0.06388 0.34052 -0.04257
v -0.06444 0.00052 -0.01588
v -0.06444 0.00052 -0.01588
v -0.09212 0.33948 -0.04143
v -0.07744 0.34052 -0.02788
v -0.07912 -0.00052 -0.02943
v -0.07912 -0.00052 -0.02943
v -0.07855 0.33948 -0.05612
v -0.09212 0.33948 -0.04143
v -0.06556 -0.00052 -0.04412
v -0.05088 0.00052 -0.03057
v -0.07912 -0.00052 -0.02943
v -0.06444 0.00052 -0.01588
v -0.06556 -0.00052 -0.04412
v -0.07744 0.34052 -0.02788
v -0.07855 0.33948 -0.05612
v -0.06388 0.34052 -0.04257
v -0.09212 0.33948 -0.04143
v -0.17444 -0.00052 -0.11588
v -0.17612 0.34052 -0.11743
v -0.16144 0.33948 -0.10388
v -0.18912 0.00052 -0.12943
v -0.18912 0.00052 -0.12943
v -0.16255 0.34052 -0.13212
v -0.17612 0.34052 -0.11743
v -0.17556 0.00052 -0.14412
v -0.17556 0.00052 -0.14412
v -0.14788 0.33948 -0.11857
v -0.16255 0.34052 -0.13212
v -0.16088 -0.00052 -0.13057
v -0.16088 -0.00052 -0.13057
v -0.16144 0.33948 -0.10388
v -0.14788 0.33948 -0.11857
v -0.17444 -0.00052 -0.11588
v -0.18912 0.00052 -0.12943
v -0.16088 -0.00052 -0.13057
v -0.17556 0.00052 -0.14412
v -0.17444 -0.00052 -0.11588
v -0.16255 0.34052 -0.13212
v -0.16144 0.33948 -0.10388
v -0.17612 0.34052 -0.11743
v -0.14788 0.33948 -0.11857
v -0.07912 -0.00052 -0.13057
v -0.07745 0.34052 -0.13212
v -0.09212 0.33948 -0.11857
v -0.06444 0.00052 -0.14412
v -0.06444 0.00052 -0.14412
v -0.06388 0.34052 -0.11743
v -0.07745 0.34052 -0.13212
v -0.05088 0.00052 -0.12943
v -0.05088 0.00052 -0.12943
v -0.07856 0.33948 -0.10388
v -0.06388 0.34052 -0.11743
v -0.06556 -0.00052 -0.11588
v -0.06556 -0.00052 -0.11588
v -0.09212 0.33948 -0.11857
v -0.07856 0.33948 -0.10388
v -0.07912 -0.00052 -0.13057
v -0.06444 0.00052 -0.14412
v -0.06556 -0.00052 -0.11588
v -0.05088 0.00052 -0.12943
v -0.07912 -0.00052 -0.13057
v -0.06388 0.34052 -0.11743
v -0.09212 0.33948 -0.11857
v -0.07745 0.34052 -0.13212
v -0.07856 0.33948 -0.10388
v -0.05800 0.34300 -0.02000
v -0.18200 0.35700 -0.02000
v -0.05800 0.35700 -0.02000
v -0.18200 0.34300 -0.02000
v -0.05500 0.34300 -0.13700
v -0.05500 0.35700 -0.02300
v -0.05500 0.35700 -0.13700
v -0.05500 0.34300 -0.02300
v -0.05800 0.36000 -0.13700
v -0.18200 0.36000 -0.02300
v -0.18200 0.36000 -0.13700
v -0.05800 0.36000 -0.02300
v -0.18500 0.34300 -0.02300
v -0.18500 0.35700 -0.13700
v -0.18500 0.35700 -0.02300
v -0.18500 0.34300 -0.13700
v -0.18200 0.34300 -0.14000
v -0.05800 0.35700 -0.14000
v -0.18200 0.35700 -0.14000
v -0.05800 0.34300 -0.14000
v -0.18200 0.34000 -0.02300
v -0.18500 0.34300 -0.02300
v -0.18200 0.34300 -0.02000
v -0.18200 0.35700 -0.02000
v -0.18500 0.35700 -0.02300
v -0.18200 0.36000 -0.02300
v -0.18200 0.34000 -0.13700
v -0.18200 0.34300 -0.14000
v -0.18500 0.34300 -0.13700
v -0.18200 0.36000 -0.13700
v -0.18500 0.35700 -0.13700
v -0.18200 0.35700 -0.14000
v -0.05800 0.34000 -0.02300
v -0.05800 0.34300 -0.02000
v -0.05500 0.34300 -0.02300
v -0.05800 0.36000 -0.02300
v -0.05500 0.35700 -0.02300
v -0.05800 0.35700 -0.02000
v -0.05800 0.34000 -0.13700
v -0.05500 0.34300 -0.13700
v -0.05800 0.34300 -0.14000
v -0.05800 0.36000 -0.13700
v -0.05800 0.35700 -0.14000
v -0.05500 0.35700 -0.13700
v -0.18200 0.34000 -0.13700
v -0.18500 0.34300 -0.02300
v -0.18200 0.34000 -0.02300
v -0.18500 0.34300 -0.13700
v -0.18200 0.34300 -0.02000
v -0.18500 0.35700 -0.02300
v -0.18200 0.35700 -0.02000
v -0.18500 0.34300 -0.02300
v -0.18200 0.36000 -0.02300
v -0.18500 0.35700 -0.13700
v -0.18200 0.36000 -0.13700
v -0.18500 0.35700 -0.02300
v -0.18200 0.35700 -0.14000
v -0.18500 0.34300 -0.13700
v -0.18200 0.34300 -0.14000
v -0.18500 0.35700 -0.13700
v -0.05800 0.34000 -0.13700
v -0.18200 0.34300 -0.14000
v -0.18200 0.34000 -0.13700
v -0.05800 0.34300 -0.14000
v -0.18200 0.36000 -0.13700
v -0.05800 0.35700 -0.14000
v -0.05800 0.36000 -0.13700
v -0.18200 0.35700 -0.14000
v -0.05500 0.35700 -0.13700
v -0.05800 0.34300 -0.14000
v -0.05500 0.34300 -0.13700
v -0.05800 0.35700 -0.14000
v -0.05800 0.34000 -0.02300
v -0.05500 0.34300 -0.13700
v -0.05800 0.34000 -0.13700
v -0.05500 0.34300 -0.02300
v -0.05800 0.36000 -0.13700
v -0.05500 0.35700 -0.02300
v -0.05800 0.36000 -0.02300
v -0.05500 0.35700 -0.13700
v -0.05800 0.35700 -0.02000
v -0.05500 0.34300 -0.02300
v -0.05800 0.34300 -0.02000
v -0.05500 0.35700 -0.02300
v -0.18200 0.34000 -0.02300
v -0.05800 0.34300 -0.02000
v -0.05800 0.34000 -0.02300
v -0.18200 0.34300 -0.02000
v -0.05800 0.36000 -0.02300
v -0.18200 0.35700 -0.02000
v -0.18200 0.36000 -0.02300
v -0.05800 0.35700 -0.02000
v -0.18200 0.34000 -0.13700
v -0.05800 0.34000 -0.02300
v -0.05800 0.34000 -0.13700
v -0.18200 0.34000 -0.02300
v -0.25400 0.00400 -0.03000
v -0.28600 0.03600 -0.03000
v -0.25400 0.03600 -0.03000
v -0.28600 0.00400 -0.03000
v -0.25000 0.00400 -0.06600
v -0.25000 0.03600 -0.03400
v -0.25000 0.03600 -0.06600
v -0.25000 0.00400 -0.03400
v -0.25400 0.04000 -0.06600
v -0.28600 0.04000 -0.03400
v -0.28600 0.04000 -0.06600
v -0.25400 0.04000 -0.03400
v -0.29000 0.00400 -0.03400
v -0.29000 0.03600 -0.06600
v -0.29000 0.03600 -0.03400
v -0.29000 0.00400 -0.06600
v -0.28600 0.00400 -0.07000
v -0.25400 0.03600 -0.07000
v -0.28600 0.03600 -0.07000
v -0.25400 0.00400 -0.07000
v -0.28600 0.00000 -0.03400
v -0.29000 0.00400 -0.03400
v -0.28600 0.00400 -0.03000
v -0.28600 0.03600 -0.03000
v -0.29000 0.03600 -0.03400
v -0.28600 0.04000 -0.03400
v -0.28600 0.00000 -0.06600
v -0.28600 0.00400 -0.07000
v -0.29000 0.00400 -0.06600
v -0.28600 0.04000 -0.06600
v -0.29000 0.03600 -0.06600
v -0.28600 0.03600 -0.07000
v -0.25400 0.00000 -0.03400
v -0.25400 0.00400 -0.03000
v -0.25000 0.00400 -0.03400
v -0.25400 0.04000 -0.03400
v -0.25000 0.03600 -0.03400
v -0.25400 0.03600 -0.03000
v -0.25400 0.00000 -0.06600
v -0.25000 0.00400 -0.06600
v -0.25400 0.00400 -0.07000
v -0.25400 0.04000 -0.06600
v -0.25400 0.03600 -0.07000
v -0.25000 0.03600 -0.06600
v -0.28600 0.00000 -0.06600
v -0.29000 0.00400 -0.03400
v -0.28600 0.00000 -0.03400
v -0.29000 0.00400 -0.06600
v -0.28600 0.00400 -0.03000
v -0.29000 0.03600 -0.03400
v -0.28600 0.03600 -0.03000
v -0.29000 0.00400 -0.03400
v -0.28600 0.04000 -0.03400
v -0.29000 0.03600 -0.06600
v -0.28600 0.04000 -0.06600
v -0.29000 0.03600 -0.03400
v -0.28600 0.03600 -0.07000
v -0.29000 0.00400 -0.06600
v -0.28600 0.00400 -0.07000
v -0.29000 0.03600 -0.06600
v -0.25400 0.00000 -0.06600
v -0.28600 0.00400 -0.07000
v -0.28600 0.00000 -0.06600
v -0.25400 0.00400 -0.07000
v -0.28600 0.04000 -0.06600
v -0.25400 0.03600 -0.07000
v -0.25400 0.04000 -0.06600
v -0.28600 0.03600 -0.07000
v -0.25000 0.03600 -0.06600
v -0.25400 0.00400 -0.07000
v -0.25000 0.00400 -0.06600
v -0.25400 0.03600 -0.07000
v -0.25400 0.00000 -0.03400
v -0.25000 0.00400 -0.06600
v -0.25400 0.00000 -0.06600
v -0.25000 0.00400 -0.03400
v -0.25400 0.04000 -0.06600
v -0.25000 0.03600 -0.03400
v -0.25400 0.04000 -0.03400
v -0.25000 0.03600 -0.06600
v -0.25400 0.03600 -0.03000
v -0.25000 0.00400 -0.03400
v -0.25400 0.00400 -0.03000
v -0.25000 0.03600 -0.03400
v -0.28600 0.00000 -0.03400
v -0.25400 0.00400 -0.03000
v -0.25400 0.00000 -0.03400
v -0.28600 0.00400 -0.03000
v -0.25400 0.04000 -0.03400
v -0.28600 0.03600 -0.03000
v -0.28600 0.04000 -0.03400
v -0.25400 0.03600 -0.03000
v -0.28600 0.00000 -0.06600
v -0.25400 0.00000 -0.03400
v -0.25400 0.00000 -0.06600
v -0.28600 0.00000 -0.03400
vn -0.0000 -0.0000 1.0000
vn -0.0000 -0.0000 1.0000
vn -0.0000 -0.0000 1.0000
vn -0.0000 -0.0000 1.0000
vn -0.0000 -0.0000 1.0000
vn -0.0000 -0.0000 1.0000
vn -0.0000 -0.0000 1.0000
vn -0.0000 -0.0000 1.0000
vn -0.0000 -0.0000 1.0000
vn -0.0000 -0.0000 1.0000
vn -0.0000 -0.0000 1.0000
vn -0.0000 -0.0000 1.0000
vn -0.0000 -0.0000 1.0000
vn -0.0000 -0.0000 1.0000
vn -0.0000 -0.0000 1.0000
vn -0.0000 -0.0000 1.0000
vn -0.0000 -0.0000 1.0000
vn -0.0000 -0.0000 1.0000
vn -0.0000 -0.0000 1.0000
vn -0.0000 -0.0000 1.0000
vn -0.0000 -0.0000 1.0000
vn -0.0000 -0.0000 1.0000
vn -0.0000 -0.0000 1.0000
vn -0.0000 -0.0000 1.0000
vn -0.0000 -0.0000 1.0000
vn -0.0000 -0.0000 1.0000
vn -0.0000 -0.0000 1.0000
vn -0.0000 -0.0000 1.0000
vn -0.0000 -0.0000 1.0000
vn -0.0000 -0.0000 1.0000
vn -0.0000 -0.0000 1.0000
vn 0.0000 0.0000 -1.0000
vn 0.0000 0.0000 -1.0000
vn 0.0000 0.0000 -1.0000
vn 0.0000 0.0000 -1.0000
vn 0.0000 0.0000 -1.0000
vn 0.0000 0.0000 -1.0000
vn 0.0000 0.0000 -1.0000
vn 0.0000 0.0000 -1.0000
vn 0.0000 0.0000 -1.0000
vn 0.0000 0.0000 -1.0000
vn 0.0000 0.0000 -1.0000
vn 0.0000 0.0000 -1.0000
vn 0.0000 0.0000 -1.0000
vn 0.0000 0.0000 -1.0000
vn 0.0000 0.0000 -1.0000
vn 0.0000 0.0000 -1.0000
vn 0.0000 0.0000 -1.0000
vn 0.0000 0.0000 -1.0000
vn 0.0000 0.0000 -1.0000
vn 0.0000 0.0000 -1.0000
vn 0.0000 0.0000 -1.0000
vn 0.0000 0.0000 -1.0000
vn 0.0000 0.0000 -1.0000
vn 0.0000 0.0000 -1.0000
vn 0.0000 0.0000 -1.0000
vn 0.0000 0.0000 -1.0000
vn 0.0000 0.0000 -1.0000
vn 0.0000 0.0000 -1.0000
vn 0.0000 0.0000 -1.0000
vn 0.0000 0.0000 -1.0000
vn 0.0000 0.0000 -1.0000
vn 0.0000 -1.0000 -0.0000
vn 0.0000 -1.0000 -0.0000
vn 0.0000 -1.0000 -0.0000
vn 0.0000 -1.0000 -0.0000
vn -1.0000 0.0000 -0.0000
vn -1.0000 0.0000 -0.0000
vn -1.0000 0.0000 -0.0000
vn -1.0000 0.0000 -0.0000
vn -0.9052 0.4249 -0.0000
vn -0.9052 0.4249 -0.0000
vn -0.9052 0.4249 -0.0000
vn -0.9052 0.4249 -0.0000
vn 0.9283 0.3719 0.0000
vn 0.9283 0.3719 0.0000
vn 0.9283 0.3719 0.0000
vn 0.9283 0.3719 0.0000
vn -0.9052 0.4249 -0.0000
vn -0.9052 0.4249 -0.0000
vn -0.9052 0.4249 -0.0000
vn -0.9052 0.4249 -0.0000
vn 0.8454 0.5342 0.0001
vn 0.8454 0.5342 0.0001
vn 0.8454 0.5342 0.0001
vn 0.8454 0.5342 0.0001
vn -0.9052 0.4249 -0.0000
vn -0.9052 0.4249 -0.0000
vn -0.9052 0.4249 -0.0000
vn -0.9052 0.4249 -0.0000
vn 0.9283 0.3719 0.0000
vn 0.9283 0.3719 0.0000
vn 0.9283 0.3719 0.0000
vn 0.9283 0.3719 0.0000
vn -0.9052 0.4249 -0.0000
vn -0.9052 0.4249 -0.0000
vn -0.9052 0.4249 -0.0000
vn -0.9052 0.4249 -0.0000
vn 0.9283 0.3719 0.0000
vn 0.9283 0.3719 0.0000
vn 0.9283 0.3719 0.0000
vn 0.9283 0.3719 0.0000
vn -0.9052 0.4249 -0.0000
vn -0.9052 0.4249 -0.0000
vn -0.9052 0.4249 -0.0000
vn -0.9052 0.4249 -0.0000
vn 0.8454 0.5342 0.0001
vn 0.8454 0.5342 0.0001
vn 0.8454 0.5342 0.0001
vn 0.8454 0.5342 0.0001
vn -0.9052 0.4249 -0.0000
vn -0.9052 0.4249 -0.0000
vn -0.9052 0.4249 -0.0000
vn -0.9052 0.4249 -0.0000
vn 0.9283 0.3719 0.0000
vn 0.9283 0.3719 0.0000
vn 0.9283 0.3719 0.0000
vn 0.9283 0.3719 0.0000
vn -0.9052 0.4249 -0.0000
vn -0.9052 0.4249 -0.0000
vn -0.9052 0.4249 -0.0000
vn -0.9052 0.4249 -0.0000
vn 0.8454 0.5342 0.0001
vn 0.8454 0.5342 0.0001
vn 0.8454 0.5342 0.0001
vn 0.8454 0.5342 0.0001
vn -0.9052 0.4249 -0.0000
vn -0.9052 0.4249 -0.0000
vn -0.9052 0.4249 -0.0000
vn -0.9052 0.4249 -0.0000
vn 0.9283 0.3719 0.0000
vn 0.9283 0.3719 0.0000
vn 0.9283 0.3719 0.0000
vn 0.9283 0.3719 0.0000
vn -0.9052 0.4249 -0.0000
vn -0.9052 0.4249 -0.0000
vn -0.9052 0.4249 -0.0000
vn -0.9052 0.4249 -0.0000
vn 0.9283 0.3719 0.0000
vn 0.9283 0.3719 0.0000
vn 0.9283 0.3719 0.0000
vn 0.9283 0.3719 0.0000
vn -0.9052 0.4249 -0.0000
vn -0.9052 0.4249 -0.0000
vn -0.9052 0.4249 -0.0000
vn -0.9052 0.4249 -0.0000
vn 0.8454 0.5342 0.0001
vn 0.8454 0.5342 0.0001
vn 0.8454 0.5342 0.0001
vn 0.8454 0.5342 0.0001
vn -0.9052 0.4249 -0.0000
vn -0.9052 0.4249 -0.0000
vn -0.9052 0.4249 -0.0000
vn -0.9052 0.4249 -0.0000
vn 0.9283 0.3719 0.0000
vn 0.9283 0.3719 0.0000
vn 0.9283 0.3719 0.0000
vn 0.9283 0.3719 0.0000
vn -0.9052 0.4249 -0.0000
vn -0.9052 0.4249 -0.0000
vn -0.9052 0.4249 -0.0000
vn -0.9052 0.4249 -0.0000
vn 0.8454 0.5342 0.0001
vn 0.8454 0.5342 0.0001
vn 0.8454 0.5342 0.0001
vn 0.8454 0.5342 0.0001
vn -0.9052 0.4249 -0.0000
vn -0.9052 0.4249 -0.0000
vn -0.9052 0.4249 -0.0000
vn -0.9052 0.4249 -0.0000
vn 0.9283 0.3719 0.0000
vn 0.9283 0.3719 0.0000
vn 0.9283 0.3719 0.0000
vn 0.9283 0.3719 0.0000
vn -0.9052 0.4249 -0.0000
vn -0.9052 0.4249 -0.0000
vn -0.9052 0.4249 -0.0000
vn -0.9052 0.4249 -0.0000
vn 0.8701 0.4929 0.0000
vn 0.8701 0.4929 0.0000
vn 0.8701 0.4929 0.0000
vn 0.8701 0.4929 0.0000
vn 1.0000 0.0000 -0.0000
vn 1.0000 0.0000 -0.0000
vn 1.0000 0.0000 -0.0000
vn 1.0000 0.0000 -0.0000
vn -0.7624 -0.0000 0.6472
vn -0.7624 -0.0000 0.6472
vn -0.7624 -0.0000 0.6472
vn -0.7624 -0.0000 0.6472
vn -0.7624 -0.0000 0.6472
vn -0.7624 -0.0000 0.6472
vn -0.7624 -0.0000 0.6472
vn -0.7624 -0.0000 0.6472
vn -0.7624 -0.0000 0.6472
vn -0.7624 -0.0000 0.6472
vn -0.7624 -0.0000 0.6472
vn -0.7624 -0.0000 0.6472
vn -0.7624 -0.0000 0.6472
vn -0.7624 -0.0000 0.6472
vn -0.7624 -0.0000 0.6472
vn -0.7624 -0.0000 0.6472
vn -0.7624 -0.0000 0.6472
vn -0.7624 -0.0000 0.6472
vn -0.7624 -0.0000 0.6472
vn -0.7624 -0.0000 0.6472
vn -0.7624 -0.0000 0.6472
vn -0.7624 -0.0000 0.6472
vn -0.7624 -0.0000 0.6472
vn 0.7623 0.0000 -0.6472
vn 0.7623 0.0000 -0.6472
vn 0.7623 0.0000 -0.6472
vn 0.7623 0.0000 -0.6472
vn 0.7623 0.0000 -0.6472
vn 0.7623 0.0000 -0.6472
vn 0.7623 0.0000 -0.6472
vn 0.7623 0.0000 -0.6472
vn 0.7623 0.0000 -0.6472
vn 0.7623 0.0000 -0.6472
vn 0.7623 0.0000 -0.6472
vn 0.7623 0.0000 -0.6472
vn 0.7623 0.0000 -0.6472
vn 0.7623 0.0000 -0.6472
vn 0.7623 0.0000 -0.6472
vn 0.7623 0.0000 -0.6472
vn 0.7623 0.0000 -0.6472
vn 0.7623 0.0000 -0.6472
vn 0.7623 0.0000 -0.6472
vn 0.7623 0.0000 -0.6472
vn 0.7623 0.0000 -0.6472
vn 0.7623 0.0000 -0.6472
vn 0.7623 0.0000 -0.6472
vn 0.0000 -1.0000 -0.0000
vn 0.0000 -1.0000 -0.0000
vn 0.0000 -1.0000 -0.0000
vn 0.0000 -1.0000 -0.0000
vn -0.6472 0.0000 -0.7623
vn -0.6472 0.0000 -0.7623
vn -0.6472 0.0000 -0.7623
vn -0.6472 0.0000 -0.7623
vn -0.5771 0.4527 -0.6797
vn -0.5771 0.4527 -0.6797
vn -0.5771 0.4527 -0.6797
vn -0.5771 0.4527 -0.6797
vn 0.5344 0.5642 0.6294
vn 0.5344 0.5642 0.6294
vn 0.5344 0.5642 0.6294
vn 0.5344 0.5642 0.6294
vn -0.5771 0.4527 -0.6797
vn -0.5771 0.4527 -0.6797
vn -0.5771 0.4527 -0.6797
vn -0.5771 0.4527 -0.6797
vn 0.5939 0.3976 0.6995
vn 0.5939 0.3976 0.6995
vn 0.5939 0.3976 0.6995
vn 0.5939 0.3976 0.6995
vn -0.5771 0.4527 -0.6797
vn -0.5771 0.4527 -0.6797
vn -0.5771 0.4527 -0.6797
vn -0.5771 0.4527 -0.6797
vn 0.5344 0.5642 0.6294
vn 0.5344 0.5642 0.6294
vn 0.5344 0.5642 0.6294
vn 0.5344 0.5642 0.6294
vn -0.5771 0.4527 -0.6797
vn -0.5771 0.4527 -0.6797
vn -0.5771 0.4527 -0.6797
vn -0.5771 0.4527 -0.6797
vn 0.5939 0.3976 0.6995
vn 0.5939 0.3976 0.6995
vn 0.5939 0.3976 0.6995
vn 0.5939 0.3976 0.6995
vn -0.5771 0.4527 -0.6797
vn -0.5771 0.4527 -0.6797
vn -0.5771 0.4527 -0.6797
vn -0.5771 0.4527 -0.6797
vn 0.5939 0.3976 0.6995
vn 0.5939 0.3976 0.6995
vn 0.5939 0.3976 0.6995
vn 0.5939 0.3976 0.6995
vn -0.5771 0.4527 -0.6797
vn -0.5771 0.4527 -0.6797
vn -0.5771 0.4527 -0.6797
vn -0.5771 0.4527 -0.6797
vn 0.5344 0.5642 0.6294
vn 0.5344 0.5642 0.6294
vn 0.5344 0.5642 0.6294
vn 0.5344 0.5642 0.6294
vn -0.5771 0.4527 -0.6797
vn -0.5771 0.4527 -0.6797
vn -0.5771 0.4527 -0.6797
vn -0.5771 0.4527 -0.6797
vn 0.5939 0.3976 0.6995
vn 0.5939 0.3976 0.6995
vn 0.5939 0.3976 0.6995
vn 0.5939 0.3976 0.6995
vn -0.5771 0.4527 -0.6797
vn -0.5771 0.4527 -0.6797
vn -0.5771 0.4527 -0.6797
vn -0.5771 0.4527 -0.6797
vn 0.5344 0.5642 0.6294
vn 0.5344 0.5642 0.6294
vn 0.5344 0.5642 0.6294
vn 0.5344 0.5642 0.6294
vn -0.5771 0.4527 -0.6797
vn -0.5771 0.4527 -0.6797
vn -0.5771 0.4527 -0.6797
vn -0.5771 0.4527 -0.6797
vn 0.5939 0.3976 0.6995
vn 0.5939 0.3976 0.6995
vn 0.5939 0.3976 0.6995
vn 0.5939 0.3976 0.6995
vn -0.5771 0.4527 -0.6797
vn -0.5771 0.4527 -0.6797
vn -0.5771 0.4527 -0.6797
vn -0.5771 0.4527 -0.6797
vn 0.5519 0.5224 0.6501
vn 0.5519 0.5224 0.6501
vn 0.5519 0.5224 0.6501
vn 0.5519 0.5224 0.6501
vn 0.6472 -0.0000 0.7623
vn 0.6472 -0.0000 0.7623
vn 0.6472 -0.0000 0.7623
vn 0.6472 -0.0000 0.7623
vn 0.7623 -0.0000 0.6472
vn 0.7623 -0.0000 0.6472
vn 0.7623 -0.0000 0.6472
vn 0.7623 -0.0000 0.6472
vn 0.7623 -0.0000 0.6472
vn 0.7623 -0.0000 0.6472
vn 0.7623 -0.0000 0.6472
vn 0.7623 -0.0000 0.6472
vn 0.7623 -0.0000 0.6472
vn 0.7623 -0.0000 0.6472
vn 0.7623 -0.0000 0.6472
vn 0.7623 -0.0000 0.6472
vn 0.7623 -0.0000 0.6472
vn 0.7623 -0.0000 0.6472
vn 0.7623 -0.0000 0.6472
vn 0.7623 -0.0000 0.6472
vn 0.7623 -0.0000 0.6472
vn 0.7623 -0.0000 0.6472
vn 0.7623 -0.0000 0.6472
vn 0.7623 -0.0000 0.6472
vn 0.7623 -0.0000 0.6472
vn 0.7623 -0.0000 0.6472
vn 0.7623 -0.0000 0.6472
vn -0.7623 0.0000 -0.6472
vn -0.7623 0.0000 -0.6472
vn -0.7623 0.0000 -0.6472
vn -0.7623 0.0000 -0.6472
vn -0.7623 0.0000 -0.6472
vn -0.7623 0.0000 -0.6472
vn -0.7623 0.0000 -0.6472
vn -0.7623 0.0000 -0.6472
vn -0.7623 0.0000 -0.6472
vn -0.7623 0.0000 -0.6472
vn -0.7623 0.0000 -0.6472
vn -0.7623 0.0000 -0.6472
vn -0.7623 0.0000 -0.6472
vn -0.7623 0.0000 -0.6472
vn -0.7623 0.0000 -0.6472
vn -0.7623 0.0000 -0.6472
vn -0.7623 0.0000 -0.6472
vn -0.7623 0.0000 -0.6472
vn -0.7623 0.0000 -0.6472
vn -0.7623 0.0000 -0.6472
vn -0.7623 0.0000 -0.6472
vn -0.7623 0.0000 -0.6472
vn -0.7623 0.0000 -0.6472
vn 0.0000 -1.0000 -0.0000
vn 0.0000 -1.0000 -0.0000
vn 0.0000 -1.0000 -0.0000
vn 0.0000 -1.0000 -0.0000
vn -0.6473 -0.0000 0.7623
vn -0.6473 -0.0000 0.7623
vn -0.6473 -0.0000 0.7623
vn -0.6473 -0.0000 0.7623
vn -0.5771 0.4527 0.6797
vn -0.5771 0.4527 0.6797
vn -0.5771 0.4527 0.6797
vn -0.5771 0.4527 0.6797
vn 0.5344 0.5642 -0.6294
vn 0.5344 0.5642 -0.6294
vn 0.5344 0.5642 -0.6294
vn 0.5344 0.5642 -0.6294
vn -0.5771 0.4527 0.6797
vn -0.5771 0.4527 0.6797
vn -0.5771 0.4527 0.6797
vn -0.5771 0.4527 0.6797
vn 0.5940 0.3976 -0.6994
vn 0.5940 0.3976 -0.6994
vn 0.5940 0.3976 -0.6994
vn 0.5940 0.3976 -0.6994
vn -0.5771 0.4527 0.6797
vn -0.5771 0.4527 0.6797
vn -0.5771 0.4527 0.6797
vn -0.5771 0.4527 0.6797
vn 0.5344 0.5642 -0.6294
vn 0.5344 0.5642 -0.6294
vn 0.5344 0.5642 -0.6294
vn 0.5344 0.5642 -0.6294
vn -0.5771 0.4527 0.6797
vn -0.5771 0.4527 0.6797
vn -0.5771 0.4527 0.6797
vn -0.5771 0.4527 0.6797
vn 0.5940 0.3976 -0.6994
vn 0.5940 0.3976 -0.6994
vn 0.5940 0.3976 -0.6994
vn 0.5940 0.3976 -0.6994
vn -0.5771 0.4527 0.6797
vn -0.5771 0.4527 0.6797
vn -0.5771 0.4527 0.6797
vn -0.5771 0.4527 0.6797
vn 0.5940 0.3976 -0.6994
vn 0.5940 0.3976 -0.6994
vn 0.5940 0.3976 -0.6994
vn 0.5940 0.3976 -0.6994
vn -0.5771 0.4527 0.6797
vn -0.5771 0.4527 0.6797
vn -0.5771 0.4527 0.6797
vn -0.5771 0.4527 0.6797
vn 0.5344 0.5642 -0.6294
vn 0.5344 0.5642 -0.6294
vn 0.5344 0.5642 -0.6294
vn 0.5344 0.5642 -0.6294
vn -0.5771 0.4527 0.6797
vn -0.5771 0.4527 0.6797
vn -0.5771 0.4527 0.6797
vn -0.5771 0.4527 0.6797
vn 0.5940 0.3976 -0.6994
vn 0.5940 0.3976 -0.6994
vn 0.5940 0.3976 -0.6994
vn 0.5940 0.3976 -0.6994
vn -0.5771 0.4527 0.6797
vn -0.5771 0.4527 0.6797
vn -0.5771 0.4527 0.6797
vn -0.5771 0.4527 0.6797
vn 0.5344 0.5642 -0.6294
vn 0.5344 0.5642 -0.6294
vn 0.5344 0.5642 -0.6294
vn 0.5344 0.5642 -0.6294
vn -0.5771 0.4527 0.6797
vn -0.5771 0.4527 0.6797
vn -0.5771 0.4527 0.6797
vn -0.5771 0.4527 0.6797
vn 0.5940 0.3976 -0.6994
vn 0.5940 0.3976 -0.6994
vn 0.5940 0.3976 -0.6994
vn 0.5940 0.3976 -0.6994
vn -0.5771 0.4527 0.6797
vn -0.5771 0.4527 0.6797
vn -0.5771 0.4527 0.6797
vn -0.5771 0.4527 0.6797
vn 0.5519 0.5224 -0.6500
vn 0.5519 0.5224 -0.6500
vn 0.5519 0.5224 -0.6500
vn 0.5519 0.5224 -0.6500
vn 0.6472 0.0000 -0.7623
vn 0.6472 0.0000 -0.7623
vn 0.6472 0.0000 -0.7623
vn 0.6472 0.0000 -0.7623
vn 0.7623 0.0000 -0.6472
vn 0.7623 0.0000 -0.6472
vn 0.7623 0.0000 -0.6472
vn 0.7623 0.0000 -0.6472
vn 0.7623 0.0000 -0.6472
vn 0.7623 0.0000 -0.6472
vn 0.7623 0.0000 -0.6472
vn 0.7623 0.0000 -0.6472
vn 0.7623 0.0000 -0.6472
vn 0.7623 0.0000 -0.6472
vn 0.7623 0.0000 -0.6472
vn 0.7623 0.0000 -0.6472
vn 0.7623 0.0000 -0.6472
vn 0.7623 0.0000 -0.6472
vn 0.7623 0.0000 -0.6472
vn 0.7623 0.0000 -0.6472
vn 0.7623 0.0000 -0.6472
vn 0.7623 0.0000 -0.6472
vn 0.7623 0.0000 -0.6472
vn 0.7623 0.0000 -0.6472
vn 0.7623 0.0000 -0.6472
vn 0.7623 0.0000 -0.6472
vn 0.7623 0.0000 -0.6472
vn -0.7624 -0.0000 0.6472
vn -0.7624 -0.0000 0.6472
vn -0.7624 -0.0000 0.6472
vn -0.7624 -0.0000 0.6472
vn -0.7624 -0.0000 0.6472
vn -0.7624 -0.0000 0.6472
vn -0.7624 -0.0000 0.6472
vn -0.7624 -0.0000 0.6472
vn -0.7624 -0.0000 0.6472
vn -0.7624 -0.0000 0.6472
vn -0.7624 -0.0000 0.6472
vn -0.7624 -0.0000 0.6472
vn -0.7624 -0.0000 0.6472
vn -0.7624 -0.0000 0.6472
vn -0.7624 -0.0000 0.6472
vn -0.7624 -0.0000 0.6472
vn -0.7624 -0.0000 0.6472
vn -0.7624 -0.0000 0.6472
vn -0.7624 -0.0000 0.6472
vn -0.7624 -0.0000 0.6472
vn -0.7624 -0.0000 0.6472
vn -0.7624 -0.0000 0.6472
vn -0.7624 -0.0000 0.6472
vn 0.0000 -1.0000 -0.0000
vn 0.0000 -1.0000 -0.0000
vn 0.0000 -1.0000 -0.0000
vn 0.0000 -1.0000 -0.0000
vn 0.6472 -0.0000 0.7623
vn 0.6472 -0.0000 0.7623
vn 0.6472 -0.0000 0.7623
vn 0.6472 -0.0000 0.7623
vn 0.5771 0.4527 0.6798
vn 0.5771 0.4527 0.6798
vn 0.5771 0.4527 0.6798
vn 0.5771 0.4527 0.6798
vn -0.5344 0.5641 -0.6294
vn -0.5344 0.5641 -0.6294
vn -0.5344 0.5641 -0.6294
vn -0.5344 0.5641 -0.6294
vn 0.5771 0.4527 0.6798
vn 0.5771 0.4527 0.6798
vn 0.5771 0.4527 0.6798
vn 0.5771 0.4527 0.6798
vn -0.5940 0.3976 -0.6994
vn -0.5940 0.3976 -0.6994
vn -0.5940 0.3976 -0.6994
vn -0.5940 0.3976 -0.6994
vn 0.5771 0.4527 0.6798
vn 0.5771 0.4527 0.6798
vn 0.5771 0.4527 0.6798
vn 0.5771 0.4527 0.6798
vn -0.5344 0.5641 -0.6294
vn -0.5344 0.5641 -0.6294
vn -0.5344 0.5641 -0.6294
vn -0.5344 0.5641 -0.6294
vn 0.5771 0.4527 0.6798
vn 0.5771 0.4527 0.6798
vn 0.5771 0.4527 0.6798
vn 0.5771 0.4527 0.6798
vn -0.5940 0.3976 -0.6994
vn -0.5940 0.3976 -0.6994
vn -0.5940 0.3976 -0.6994
vn -0.5940 0.3976 -0.6994
vn 0.5771 0.4527 0.6798
vn 0.5771 0.4527 0.6798
vn 0.5771 0.4527 0.6798
vn 0.5771 0.4527 0.6798
vn -0.5940 0.3976 -0.6994
vn -0.5940 0.3976 -0.6994
vn -0.5940 0.3976 -0.6994
vn -0.5940 0.3976 -0.6994
vn 0.5771 0.4527 0.6798
vn 0.5771 0.4527 0.6798
vn 0.5771 0.4527 0.6798
vn 0.5771 0.4527 0.6798
vn -0.5344 0.5641 -0.6294
vn -0.5344 0.5641 -0.6294
vn -0.5344 0.5641 -0.6294
vn -0.5344 0.5641 -0.6294
vn 0.5771 0.4527 0.6798
vn 0.5771 0.4527 0.6798
vn 0.5771 0.4527 0.6798
vn 0.5771 0.4527 0.6798
vn -0.5940 0.3976 -0.6994
vn -0.5940 0.3976 -0.6994
vn -0.5940 0.3976 -0.6994
vn -0.5940 0.3976 -0.6994
vn 0.5771 0.4527 0.6798
vn 0.5771 0.4527 0.6798
vn 0.5771 0.4527 0.6798
vn 0.5771 0.4527 0.6798
vn -0.5344 0.5641 -0.6294
vn -0.5344 0.5641 -0.6294
vn -0.5344 0.5641 -0.6294
vn -0.5344 0.5641 -0.6294
vn 0.5771 0.4527 0.6798
vn 0.5771 0.4527 0.6798
vn 0.5771 0.4527 0.6798
vn 0.5771 0.4527 0.6798
vn -0.5940 0.3976 -0.6994
vn -0.5940 0.3976 -0.6994
vn -0.5940 0.3976 -0.6994
vn -0.5940 0.3976 -0.6994
vn 0.5771 0.4527 0.6798
vn 0.5771 0.4527 0.6798
vn 0.5771 0.4527 0.6798
vn 0.5771 0.4527 0.6798
vn -0.5519 0.5224 -0.6500
vn -0.5519 0.5224 -0.6500
vn -0.5519 0.5224 -0.6500
vn -0.5519 0.5224 -0.6500
vn -0.6472 0.0000 -0.7623
vn -0.6472 0.0000 -0.7623
vn -0.6472 0.0000 -0.7623
vn -0.6472 0.0000 -0.7623
vn 0.0000 0.0000 -1.0000
vn 0.0000 0.0000 -1.0000
vn 0.0000 0.0000 -1.0000
vn 0.0000 0.0000 -1.0000
vn 0.0000 0.0000 -1.0000
vn 0.0000 0.0000 -1.0000
vn 0.0000 0.0000 -1.0000
vn 0.0000 0.0000 -1.0000
vn 0.0000 0.0000 -1.0000
vn 0.0000 0.0000 -1.0000
vn 0.0000 0.0000 -1.0000
vn 0.0000 0.0000 -1.0000
vn 0.0000 0.0000 -1.0000
vn -0.0000 -0.0000 1.0000
vn -0.0000 -0.0000 1.0000
vn -0.0000 -0.0000 1.0000
vn -0.0000 -0.0000 1.0000
vn -0.0000 -0.0000 1.0000
vn -0.0000 -0.0000 1.0000
vn -0.0000 -0.0000 1.0000
vn -0.0000 -0.0000 1.0000
vn -0.0000 -0.0000 1.0000
vn -0.0000 -0.0000 1.0000
vn -0.0000 -0.0000 1.0000
vn -0.0000 -0.0000 1.0000
vn -0.0000 -0.0000 1.0000
vn 0.0000 -1.0000 -0.0000
vn 0.0000 -1.0000 -0.0000
vn 0.0000 -1.0000 -0.0000
vn 0.0000 -1.0000 -0.0000
vn 1.0000 0.0000 -0.0000
vn 1.0000 0.0000 -0.0000
vn 1.0000 0.0000 -0.0000
vn 1.0000 0.0000 -0.0000
vn 0.8893 0.4573 0.0000
vn 0.8893 0.4573 0.0000
vn 0.8893 0.4573 0.0000
vn 0.8893 0.4573 0.0000
vn -0.8222 0.5692 -0.0000
vn -0.8222 0.5692 -0.0000
vn -0.8222 0.5692 -0.0000
vn -0.8222 0.5692 -0.0000
vn 0.8893 0.4573 0.0000
vn 0.8893 0.4573 0.0000
vn 0.8893 0.4573 0.0000
vn 0.8893 0.4573 0.0000
vn -0.9156 0.4020 0.0000
vn -0.9156 0.4020 0.0000
vn -0.9156 0.4020 0.0000
vn -0.9156 0.4020 0.0000
vn 0.8893 0.4573 0.0000
vn 0.8893 0.4573 0.0000
vn 0.8893 0.4573 0.0000
vn 0.8893 0.4573 0.0000
vn -0.8222 0.5692 -0.0000
vn -0.8222 0.5692 -0.0000
vn -0.8222 0.5692 -0.0000
vn -0.8222 0.5692 -0.0000
vn 0.8893 0.4573 0.0000
vn 0.8893 0.4573 0.0000
vn 0.8893 0.4573 0.0000
vn 0.8893 0.4573 0.0000
vn -0.9156 0.4020 0.0000
vn -0.9156 0.4020 0.0000
vn -0.9156 0.4020 0.0000
vn -0.9156 0.4020 0.0000
vn 0.8893 0.4573 0.0000
vn 0.8893 0.4573 0.0000
vn 0.8893 0.4573 0.0000
vn 0.8893 0.4573 0.0000
vn -0.8496 0.5274 0.0000
vn -0.8496 0.5274 0.0000
vn -0.8496 0.5274 0.0000
vn -0.8496 0.5274 0.0000
vn -1.0000 0.0000 -0.0000
vn -1.0000 0.0000 -0.0000
vn -1.0000 0.0000 -0.0000
vn -1.0000 0.0000 -0.0000
vn 0.0000 0.0000 -1.0000
vn 0.0000 0.0000 -1.0000
vn 0.0000 0.0000 -1.0000
vn 0.0000 0.0000 -1.0000
vn 0.0000 0.0000 -1.0000
vn 0.0000 0.0000 -1.0000
vn 0.0000 0.0000 -1.0000
vn 0.0000 0.0000 -1.0000
vn 0.0000 0.0000 -1.0000
vn 0.0000 0.0000 -1.0000
vn 0.0000 0.0000 -1.0000
vn 0.0000 0.0000 -1.0000
vn 0.0000 0.0000 -1.0000
vn -0.0000 -0.0000 1.0000
vn -0.0000 -0.0000 1.0000
vn -0.0000 -0.0000 1.0000
vn -0.0000 -0.0000 1.0000
vn -0.0000 -0.0000 1.0000
vn -0.0000 -0.0000 1.0000
vn -0.0000 -0.0000 1.0000
vn -0.0000 -0.0000 1.0000
vn -0.0000 -0.0000 1.0000
vn -0.0000 -0.0000 1.0000
vn -0.0000 -0.0000 1.0000
vn -0.0000 -0.0000 1.0000
vn -0.0000 -0.0000 1.0000
vn 0.0000 -1.0000 -0.0000
vn 0.0000 -1.0000 -0.0000
vn 0.0000 -1.0000 -0.0000
vn 0.0000 -1.0000 -0.0000
vn 1.0000 0.0000 -0.0000
vn 1.0000 0.0000 -0.0000
vn 1.0000 0.0000 -0.0000
vn 1.0000 0.0000 -0.0000
vn 0.8893 0.4573 0.0000
vn 0.8893 0.4573 0.0000
vn 0.8893 0.4573 0.0000
vn 0.8893 0.4573 0.0000
vn -0.8222 0.5692 -0.0000
vn -0.8222 0.5692 -0.0000
vn -0.8222 0.5692 -0.0000
vn -0.8222 0.5692 -0.0000
vn 0.8893 0.4573 0.0000
vn 0.8893 0.4573 0.0000
vn 0.8893 0.4573 0.0000
vn 0.8893 0.4573 0.0000
vn -0.9156 0.4020 0.0000
vn -0.9156 0.4020 0.0000
vn -0.9156 0.4020 0.0000
vn -0.9156 0.4020 0.0000
vn 0.8893 0.4573 0.0000
vn 0.8893 0.4573 0.0000
vn 0.8893 0.4573 0.0000
vn 0.8893 0.4573 0.0000
vn -0.8222 0.5692 -0.0000
vn -0.8222 0.5692 -0.0000
vn -0.8222 0.5692 -0.0000
vn -0.8222 0.5692 -0.0000
vn 0.8893 0.4573 0.0000
vn 0.8893 0.4573 0.0000
vn 0.8893 0.4573 0.0000
vn 0.8893 0.4573 0.0000
vn -0.9156 0.4020 0.0000
vn -0.9156 0.4020 0.0000
vn -0.9156 0.4020 0.0000
vn -0.9156 0.4020 0.0000
vn 0.8893 0.4573 0.0000
vn 0.8893 0.4573 0.0000
vn 0.8893 0.4573 0.0000
vn 0.8893 0.4573 0.0000
vn -0.8496 0.5274 0.0000
vn -0.8496 0.5274 0.0000
vn -0.8496 0.5274 0.0000
vn -0.8496 0.5274 0.0000
vn -1.0000 0.0000 -0.0000
vn -1.0000 0.0000 -0.0000
vn -1.0000 0.0000 -0.0000
vn -1.0000 0.0000 -0.0000
vn -0.7623 0.0000 -0.6472
vn -0.7623 0.0000 -0.6472
vn -0.7623 0.0000 -0.6472
vn -0.7623 0.0000 -0.6472
vn -0.7623 0.0000 -0.6472
vn -0.7623 0.0000 -0.6472
vn -0.7623 0.0000 -0.6472
vn -0.7623 0.0000 -0.6472
vn -0.7623 0.0000 -0.6472
vn -0.7623 0.0000 -0.6472
vn -0.7623 0.0000 -0.6472
vn -0.7623 0.0000 -0.6472
vn -0.7623 0.0000 -0.6472
vn -0.7623 0.0000 -0.6472
vn -0.7623 0.0000 -0.6472
vn -0.7623 0.0000 -0.6472
vn -0.7623 0.0000 -0.6472
vn -0.7623 0.0000 -0.6472
vn -0.7623 0.0000 -0.6472
vn -0.7623 0.0000 -0.6472
vn -0.7623 0.0000 -0.6472
vn -0.7623 0.0000 -0.6472
vn -0.7623 0.0000 -0.6472
vn 0.7623 -0.0000 0.6472
vn 0.7623 -0.0000 0.6472
vn 0.7623 -0.0000 0.6472
vn 0.7623 -0.0000 0.6472
vn 0.7623 -0.0000 0.6472
vn 0.7623 -0.0000 0.6472
vn 0.7623 -0.0000 0.6472
vn 0.7623 -0.0000 0.6472
vn 0.7623 -0.0000 0.6472
vn 0.7623 -0.0000 0.6472
vn 0.7623 -0.0000 0.6472
vn 0.7623 -0.0000 0.6472
vn 0.7623 -0.0000 0.6472
vn 0.7623 -0.0000 0.6472
vn 0.7623 -0.0000 0.6472
vn 0.7623 -0.0000 0.6472
vn 0.7623 -0.0000 0.6472
vn 0.7623 -0.0000 0.6472
vn 0.7623 -0.0000 0.6472
vn 0.7623 -0.0000 0.6472
vn 0.7623 -0.0000 0.6472
vn 0.7623 -0.0000 0.6472
vn 0.7623 -0.0000 0.6472
vn 0.0000 -1.0000 -0.0000
vn 0.0000 -1.0000 -0.0000
vn 0.0000 -1.0000 -0.0000
vn 0.0000 -1.0000 -0.0000
vn 0.6472 0.0000 -0.7623
vn 0.6472 0.0000 -0.7623
vn 0.6472 0.0000 -0.7623
vn 0.6472 0.0000 -0.7623
vn 0.5771 0.4527 -0.6797
vn 0.5771 0.4527 -0.6797
vn 0.5771 0.4527 -0.6797
vn 0.5771 0.4527 -0.6797
vn -0.5344 0.5642 0.6294
vn -0.5344 0.5642 0.6294
vn -0.5344 0.5642 0.6294
vn -0.5344 0.5642 0.6294
vn 0.5771 0.4527 -0.6797
vn 0.5771 0.4527 -0.6797
vn 0.5771 0.4527 -0.6797
vn 0.5771 0.4527 -0.6797
vn -0.5939 0.3976 0.6994
vn -0.5939 0.3976 0.6994
vn -0.5939 0.3976 0.6994
vn -0.5939 0.3976 0.6994
vn 0.5771 0.4527 -0.6797
vn 0.5771 0.4527 -0.6797
vn 0.5771 0.4527 -0.6797
vn 0.5771 0.4527 -0.6797
vn -0.5344 0.5642 0.6294
vn -0.5344 0.5642 0.6294
vn -0.5344 0.5642 0.6294
vn -0.5344 0.5642 0.6294
vn 0.5771 0.4527 -0.6797
vn 0.5771 0.4527 -0.6797
vn 0.5771 0.4527 -0.6797
vn 0.5771 0.4527 -0.6797
vn -0.5939 0.3976 0.6994
vn -0.5939 0.3976 0.6994
vn -0.5939 0.3976 0.6994
vn -0.5939 0.3976 0.6994
vn 0.5771 0.4527 -0.6797
vn 0.5771 0.4527 -0.6797
vn 0.5771 0.4527 -0.6797
vn 0.5771 0.4527 -0.6797
vn -0.5939 0.3976 0.6994
vn -0.5939 0.3976 0.6994
vn -0.5939 0.3976 0.6994
vn -0.5939 0.3976 0.6994
vn 0.5771 0.4527 -0.6797
vn 0.5771 0.4527 -0.6797
vn 0.5771 0.4527 -0.6797
vn 0.5771 0.4527 -0.6797
vn -0.5344 0.5642 0.6294
vn -0.5344 0.5642 0.6294
vn -0.5344 0.5642 0.6294
vn -0.5344 0.5642 0.6294
vn 0.5771 0.4527 -0.6797
vn 0.5771 0.4527 -0.6797
vn 0.5771 0.4527 -0.6797
vn 0.5771 0.4527 -0.6797
vn -0.5939 0.3976 0.6994
vn -0.5939 0.3976 0.6994
vn -0.5939 0.3976 0.6994
vn -0.5939 0.3976 0.6994
vn 0.5771 0.4527 -0.6797
vn 0.5771 0.4527 -0.6797
vn 0.5771 0.4527 -0.6797
vn 0.5771 0.4527 -0.6797
vn -0.5344 0.5642 0.6294
vn -0.5344 0.5642 0.6294
vn -0.5344 0.5642 0.6294
vn -0.5344 0.5642 0.6294
vn 0.5771 0.4527 -0.6797
vn 0.5771 0.4527 -0.6797
vn 0.5771 0.4527 -0.6797
vn 0.5771 0.4527 -0.6797
vn -0.5939 0.3976 0.6994
vn -0.5939 0.3976 0.6994
vn -0.5939 0.3976 0.6994
vn -0.5939 0.3976 0.6994
vn 0.5771 0.4527 -0.6797
vn 0.5771 0.4527 -0.6797
vn 0.5771 0.4527 -0.6797
vn 0.5771 0.4527 -0.6797
vn -0.5519 0.5224 0.6500
vn -0.5519 0.5224 0.6500
vn -0.5519 0.5224 0.6500
vn -0.5519 0.5224 0.6500
vn -0.6473 -0.0000 0.7623
vn -0.6473 -0.0000 0.7623
vn -0.6473 -0.0000 0.7623
vn -0.6473 -0.0000 0.7623
vn 0.6783 -0.0000 0.7348
vn 0.6783 -0.0000 0.7348
vn 0.6783 -0.0000 0.7348
vn 0.6783 -0.0000 0.7348
vn -0.7338 0.0520 0.6774
vn -0.7338 0.0520 0.6774
vn -0.7338 0.0520 0.6774
vn -0.7338 0.0520 0.6774
vn -0.6783 0.0000 -0.7348
vn -0.6783 0.0000 -0.7348
vn -0.6783 0.0000 -0.7348
vn -0.6783 0.0000 -0.7348
vn 0.7338 -0.0520 -0.6774
vn 0.7338 -0.0520 -0.6774
vn 0.7338 -0.0520 -0.6774
vn 0.7338 -0.0520 -0.6774
vn -0.0382 -0.9987 0.0352
vn -0.0382 -0.9987 0.0352
vn -0.0382 -0.9987 0.0352
vn -0.0382 -0.9987 0.0352
vn 0.0382 0.9986 -0.0352
vn 0.0382 0.9986 -0.0352
vn 0.0382 0.9986 -0.0352
vn 0.0382 0.9986 -0.0352
vn 0.6783 0.0000 -0.7348
vn 0.6783 0.0000 -0.7348
vn 0.6783 0.0000 -0.7348
vn 0.6783 0.0000 -0.7348
vn 0.7338 0.0520 0.6774
vn 0.7338 0.0520 0.6774
vn 0.7338 0.0520 0.6774
vn 0.7338 0.0520 0.6774
vn -0.6783 -0.0000 0.7347
vn -0.6783 -0.0000 0.7347
vn -0.6783 -0.0000 0.7347
vn -0.6783 -0.0000 0.7347
vn -0.7338 -0.0520 -0.6774
vn -0.7338 -0.0520 -0.6774
vn -0.7338 -0.0520 -0.6774
vn -0.7338 -0.0520 -0.6774
vn 0.0382 -0.9987 0.0352
vn 0.0382 -0.9987 0.0352
vn 0.0382 -0.9987 0.0352
vn 0.0382 -0.9987 0.0352
vn -0.0382 0.9986 -0.0352
vn -0.0382 0.9986 -0.0352
vn -0.0382 0.9986 -0.0352
vn -0.0382 0.9986 -0.0352
vn -0.6783 -0.0000 0.7347
vn -0.6783 -0.0000 0.7347
vn -0.6783 -0.0000 0.7347
vn -0.6783 -0.0000 0.7347
vn -0.7338 0.0520 -0.6774
vn -0.7338 0.0520 -0.6774
vn -0.7338 0.0520 -0.6774
vn -0.7338 0.0520 -0.6774
vn 0.6783 0.0000 -0.7348
vn 0.6783 0.0000 -0.7348
vn 0.6783 0.0000 -0.7348
vn 0.6783 0.0000 -0.7348
vn 0.7338 -0.0520 0.6774
vn 0.7338 -0.0520 0.6774
vn 0.7338 -0.0520 0.6774
vn 0.7338 -0.0520 0.6774
vn -0.0382 -0.9986 -0.0353
vn -0.0382 -0.9986 -0.0353
vn -0.0382 -0.9986 -0.0353
vn -0.0382 -0.9986 -0.0353
vn 0.0382 0.9986 0.0352
vn 0.0382 0.9986 0.0352
vn 0.0382 0.9986 0.0352
vn 0.0382 0.9986 0.0352
vn -0.6783 0.0000 -0.7348
vn -0.6783 0.0000 -0.7348
vn -0.6783 0.0000 -0.7348
vn -0.6783 0.0000 -0.7348
vn 0.7338 0.0520 -0.6773
vn 0.7338 0.0520 -0.6773
vn 0.7338 0.0520 -0.6773
vn 0.7338 0.0520 -0.6773
vn 0.6783 -0.0000 0.7348
vn 0.6783 -0.0000 0.7348
vn 0.6783 -0.0000 0.7348
vn 0.6783 -0.0000 0.7348
vn -0.7338 -0.0520 0.6773
vn -0.7338 -0.0520 0.6773
vn -0.7338 -0.0520 0.6773
vn -0.7338 -0.0520 0.6773
vn 0.0382 -0.9987 -0.0352
vn 0.0382 -0.9987 -0.0352
vn 0.0382 -0.9987 -0.0352
vn 0.0382 -0.9987 -0.0352
vn -0.0382 0.9986 0.0352
vn -0.0382 0.9986 0.0352
vn -0.0382 0.9986 0.0352
vn -0.0382 0.9986 0.0352
vn -0.0000 -0.0000 1.0000
vn -0.0000 -0.0000 1.0000
vn -0.0000 -0.0000 1.0000
vn -0.0000 -0.0000 1.0000
vn 1.0000 0.0000 -0.0000
vn 1.0000 0.0000 -0.0000
vn 1.0000 0.0000 -0.0000
vn 1.0000 0.0000 -0.0000
vn 0.0000 1.0000 -0.0000
vn 0.0000 1.0000 -0.0000
vn 0.0000 1.0000 -0.0000
vn 0.0000 1.0000 -0.0000
vn -1.0000 0.0000 -0.0000
vn -1.0000 0.0000 -0.0000
vn -1.0000 0.0000 -0.0000
vn -1.0000 0.0000 -0.0000
vn 0.0000 0.0000 -1.0000
vn 0.0000 0.0000 -1.0000
vn 0.0000 0.0000 -1.0000
vn 0.0000 0.0000 -1.0000
vn -0.5774 -0.5774 0.5772
vn -0.5774 -0.5774 0.5772
vn -0.5774 -0.5774 0.5772
vn -0.5774 0.5772 0.5774
vn -0.5774 0.5772 0.5774
vn -0.5774 0.5772 0.5774
vn -0.5774 -0.5774 -0.5773
vn -0.5774 -0.5774 -0.5773
vn -0.5774 -0.5774 -0.5773
vn -0.5774 0.5773 -0.5774
vn -0.5774 0.5773 -0.5774
vn -0.5774 0.5773 -0.5774
vn 0.5774 -0.5774 0.5773
vn 0.5774 -0.5774 0.5773
vn 0.5774 -0.5774 0.5773
vn 0.5774 0.5772 0.5775
vn 0.5774 0.5772 0.5775
vn 0.5774 0.5772 0.5775
vn 0.5774 -0.5774 -0.5772
vn 0.5774 -0.5774 -0.5772
vn 0.5774 -0.5774 -0.5772
vn 0.5774 0.5774 -0.5772
vn 0.5774 0.5774 -0.5772
vn 0.5774 0.5774 -0.5772
vn -0.7071 -0.7071 -0.0001
vn -0.7071 -0.7071 -0.0001
vn -0.7071 -0.7071 -0.0001
vn -0.7071 -0.7071 -0.0001
vn -0.7071 -0.0000 0.7071
vn -0.7071 -0.0000 0.7071
vn -0.7071 -0.0000 0.7071
vn -0.7071 -0.0000 0.7071
vn -0.7071 0.7071 -0.0000
vn -0.7071 0.7071 -0.0000
vn -0.7071 0.7071 -0.0000
vn -0.7071 0.7071 -0.0000
vn -0.7071 0.0000 -0.7071
vn -0.7071 0.0000 -0.7071
vn -0.7071 0.0000 -0.7071
vn -0.7071 0.0000 -0.7071
vn 0.0000 -0.7071 -0.7071
vn 0.0000 -0.7071 -0.7071
vn 0.0000 -0.7071 -0.7071
vn 0.0000 -0.7071 -0.7071
vn 0.0000 0.7071 -0.7071
vn 0.0000 0.7071 -0.7071
vn 0.0000 0.7071 -0.7071
vn 0.0000 0.7071 -0.7071
vn 0.7071 0.0000 -0.7071
vn 0.7071 0.0000 -0.7071
vn 0.7071 0.0000 -0.7071
vn 0.7071 0.0000 -0.7071
vn 0.7071 -0.7071 -0.0000
vn 0.7071 -0.7071 -0.0000
vn 0.7071 -0.7071 -0.0000
vn 0.7071 -0.7071 -0.0000
vn 0.7071 0.7071 0.0000
vn 0.7071 0.7071 0.0000
vn 0.7071 0.7071 0.0000
vn 0.7071 0.7071 0.0000
vn 0.7071 -0.0000 0.7071
vn 0.7071 -0.0000 0.7071
vn 0.7071 -0.0000 0.7071
vn 0.7071 -0.0000 0.7071
vn -0.0000 -0.7071 0.7071
vn -0.0000 -0.7071 0.7071
vn -0.0000 -0.7071 0.7071
vn -0.0000 -0.7071 0.7071
vn -0.0000 0.7071 0.7071
vn -0.0000 0.7071 0.7071
vn -0.0000 0.7071 0.7071
vn -0.0000 0.7071 0.7071
vn 0.0000 -1.0000 -0.0000
vn 0.0000 -1.0000 -0.0000
vn 0.0000 -1.0000 -0.0000
vn 0.0000 -1.0000 -0.0000
vn -0.0000 -0.0000 1.0000
vn -0.0000 -0.0000 1.0000
vn -0.0000 -0.0000 1.0000
vn -0.0000 -0.0000 1.0000
vn 1.0000 0.0000 -0.0000
vn 1.0000 0.0000 -0.0000
vn 1.0000 0.0000 -0.0000
vn 1.0000 0.0000 -0.0000
vn 0.0000 1.0000 -0.0000
vn 0.0000 1.0000 -0.0000
vn 0.0000 1.0000 -0.0000
vn 0.0000 1.0000 -0.0000
vn -1.0000 0.0000 -0.0000
vn -1.0000 0.0000 -0.0000
vn -1.0000 0.0000 -0.0000
vn -1.0000 0.0000 -0.0000
vn 0.0000 0.0000 -1.0000
vn 0.0000 0.0000 -1.0000
vn 0.0000 0.0000 -1.0000
vn 0.0000 0.0000 -1.0000
vn -0.5774 -0.5774 0.5774
vn -0.5774 -0.5774 0.5774
vn -0.5774 -0.5774 0.5774
vn -0.5774 0.5773 0.5774
vn -0.5774 0.5773 0.5774
vn -0.5774 0.5773 0.5774
vn -0.5773 -0.5773 -0.5775
vn -0.5773 -0.5773 -0.5775
vn -0.5773 -0.5773 -0.5775
vn -0.5773 0.5774 -0.5774
vn -0.5773 0.5774 -0.5774
vn -0.5773 0.5774 -0.5774
vn 0.5774 -0.5774 0.5773
vn 0.5774 -0.5774 0.5773
vn 0.5774 -0.5774 0.5773
vn 0.5774 0.5774 0.5774
vn 0.5774 0.5774 0.5774
vn 0.5774 0.5774 0.5774
vn 0.5774 -0.5774 -0.5772
vn 0.5774 -0.5774 -0.5772
vn 0.5774 -0.5774 -0.5772
vn 0.5774 0.5774 -0.5772
vn 0.5774 0.5774 -0.5772
vn 0.5774 0.5774 -0.5772
vn -0.7071 -0.7071 -0.0001
vn -0.7071 -0.7071 -0.0001
vn -0.7071 -0.7071 -0.0001
vn -0.7071 -0.7071 -0.0001
vn -0.7071 -0.0000 0.7071
vn -0.7071 -0.0000 0.7071
vn -0.7071 -0.0000 0.7071
vn -0.7071 -0.0000 0.7071
vn -0.7071 0.7071 -0.0000
vn -0.7071 0.7071 -0.0000
vn -0.7071 0.7071 -0.0000
vn -0.7071 0.7071 -0.0000
vn -0.7071 0.0000 -0.7071
vn -0.7071 0.0000 -0.7071
vn -0.7071 0.0000 -0.7071
vn -0.7071 0.0000 -0.7071
vn 0.0000 -0.7071 -0.7071
vn 0.0000 -0.7071 -0.7071
vn 0.0000 -0.7071 -0.7071
vn 0.0000 -0.7071 -0.7071
vn 0.0000 0.7071 -0.7071
vn 0.0000 0.7071 -0.7071
vn 0.0000 0.7071 -0.7071
vn 0.0000 0.7071 -0.7071
vn 0.7071 0.0000 -0.7071
vn 0.7071 0.0000 -0.7071
vn 0.7071 0.0000 -0.7071
vn 0.7071 0.0000 -0.7071
vn 0.7071 -0.7071 -0.0000
vn 0.7071 -0.7071 -0.0000
vn 0.7071 -0.7071 -0.0000
vn 0.7071 -0.7071 -0.0000
vn 0.7071 0.7071 0.0000
vn 0.7071 0.7071 0.0000
vn 0.7071 0.7071 0.0000
vn 0.7071 0.7071 0.0000
vn 0.7071 -0.0000 0.7071
vn 0.7071 -0.0000 0.7071
vn 0.7071 -0.0000 0.7071
vn 0.7071 -0.0000 0.7071
vn -0.0000 -0.7071 0.7071
vn -0.0000 -0.7071 0.7071
vn -0.0000 -0.7071 0.7071
vn -0.0000 -0.7071 0.7071
vn -0.0000 0.7071 0.7071
vn -0.0000 0.7071 0.7071
vn -0.0000 0.7071 0.7071
vn -0.0000 0.7071 0.7071
vn 0.0000 -1.0000 -0.0000
vn 0.0000 -1.0000 -0.0000
vn 0.0000 -1.0000 -0.0000
vn 0.0000 -1.0000 -0.0000
f 239//239 241//241 240//240
f 239//239 240//240 242//242
f 240//240 243//243 242//242
f 242//242 245//245 244//244
f 242//242 244//244 246//246
f 239//239 242//242 246//246
f 244//244 247//247 246//246
f 239//239 246//246 248//248
f 248//248 249//249 239//239
f 246//246 251//251 250//250
f 246//246 250//250 248//248
f 250//250 252//252 248//248
f 253//253 254//254 249//249
f 255//255 253//253 249//249
f 248//248 255//255 249//249
f 255//255 256//256 253//253
f 248//248 257//257 255//255
f 257//257 258//258 255//255
f 248//248 259//259 257//257
f 259//259 260//260 257//257
f 248//248 261//261 259//259
f 262//262 264//264 263//263
f 265//265 266//266 262//262
f 265//265 262//262 263//263
f 267//267 268//268 265//265
f 269//269 267//267 265//265
f 269//269 265//265 263//263
f 269//269 270//270 267//267
f 263//263 272//272 271//271
f 263//263 271//271 273//273
f 263//263 273//273 274//274
f 273//273 275//275 274//274
f 263//263 274//274 276//276
f 274//274 277//277 276//276
f 263//263 278//278 269//269
f 263//263 276//276 278//278
f 278//278 279//279 269//269
f 279//279 280//280 269//269
f 278//278 281//281 279//279
f 276//276 282//282 278//278
f 282//282 283//283 278//278
f 276//276 284//284 282//282
f 285//285 287//287 286//286
f 285//285 286//286 288//288
f 289//289 291//291 290//290
f 289//289 290//290 292//292
f 293//293 295//295 294//294
f 293//293 294//294 296//296
f 297//297 299//299 298//298
f 297//297 298//298 300//300
f 301//301 303//303 302//302
f 301//301 302//302 304//304
f 305//305 307//307 306//306
f 305//305 306//306 308//308
f 309//309 311//311 310//310
f 309//309 310//310 312//312
f 313//313 315//315 314//314
f 313//313 314//314 316//316
f 317//317 319//319 318//318
f 317//317 318//318 320//320
f 321//321 323//323 322//322
f 321//321 322//322 324//324
f 325//325 327//327 326//326
f 325//325 326//326 328//328
f 329//329 331//331 330//330
f 329//329 330//330 332//332
f 333//333 335//335 334//334
f 333//333 334//334 336//336
f 337//337 339//339 338//338
f 337//337 338//338 340//340
f 341//341 343//343 342//342
f 341//341 342//342 344//344
f 345//345 347//347 346//346
f 345//345 346//346 348//348
f 349//349 351//351 350//350
f 349//349 350//350 352//352
f 353//353 355//355 354//354
f 353//353 354//354 356//356
f 357//357 359//359 358//358
f 357//357 358//358 360//360
f 361//361 363//363 362//362
f 361//361 362//362 364//364
f 365//365 367//367 366//366
f 365//365 366//366 368//368
f 369//369 371//371 370//370
f 369//369 370//370 372//372
f 373//373 375//375 374//374
f 373//373 374//374 376//376
f 53//53 55//55 54//54
f 54//54 57//57 56//56
f 53//53 54//54 56//56
f 56//56 59//59 58//58
f 56//56 58//58 60//60
f 58//58 61//61 60//60
f 53//53 56//56 62//62
f 56//56 60//60 62//62
f 60//60 64//64 63//63
f 60//60 63//63 62//62
f 63//63 65//65 62//62
f 62//62 66//66 53//53
f 62//62 68//68 67//67
f 62//62 67//67 69//69
f 62//62 69//69 66//66
f 67//67 70//70 69//69
f 67//67 71//71 70//70
f 70//70 72//72 69//69
f 69//69 74//74 73//73
f 69//69 73//73 66//66
f 73//73 75//75 66//66
f 66//66 77//77 76//76
f 66//66 78//78 53//53
f 66//66 76//76 78//78
f 78//78 79//79 53//53
f 78//78 80//80 79//79
f 76//76 81//81 78//78
f 81//81 82//82 78//78
f 76//76 83//83 81//81
f 84//84 86//86 85//85
f 85//85 88//88 87//87
f 85//85 87//87 89//89
f 89//89 91//91 90//90
f 85//85 89//89 90//90
f 90//90 93//93 92//92
f 85//85 90//90 92//92
f 94//94 84//84 85//85
f 94//94 95//95 84//84
f 85//85 92//92 96//96
f 92//92 97//97 96//96
f 98//98 94//94 85//85
f 85//85 96//96 98//98
f 99//99 100//100 94//94
f 101//101 99//99 94//94
f 101//101 102//102 99//99
f 98//98 101//101 94//94
f 103//103 104//104 101//101
f 98//98 103//103 101//101
f 98//98 105//105 103//103
f 106//106 107//107 98//98
f 108//108 106//106 98//98
f 96//96 108//108 98//98
f 108//108 109//109 106//106
f 109//109 110//110 106//106
f 108//108 111//111 109//109
f 96//96 112//112 108//108
f 112//112 113//113 108//108
f 96//96 114//114 112//112
f 115//115 117//117 116//116
f 115//115 116//116 118//118
f 119//119 121//121 120//120
f 119//119 120//120 122//122
f 123//123 125//125 124//124
f 123//123 124//124 126//126
f 127//127 129//129 128//128
f 127//127 128//128 130//130
f 131//131 133//133 132//132
f 131//131 132//132 134//134
f 135//135 137//137 136//136
f 135//135 136//136 138//138
f 139//139 141//141 140//140
f 139//139 140//140 142//142
f 143//143 145//145 144//144
f 143//143 144//144 146//146
f 147//147 149//149 148//148
f 147//147 148//148 150//150
f 151//151 153//153 152//152
f 151//151 152//152 154//154
f 155//155 157//157 156//156
f 155//155 156//156 158//158
f 159//159 161//161 160//160
f 159//159 160//160 162//162
f 163//163 165//165 164//164
f 163//163 164//164 166//166
f 167//167 169//169 168//168
f 167//167 168//168 170//170
f 171//171 173//173 172//172
f 171//171 172//172 174//174
f 175//175 177//177 176//176
f 175//175 176//176 178//178
f 179//179 181//181 180//180
f 179//179 180//180 182//182
f 183//183 185//185 184//184
f 183//183 184//184 186//186
f 187//187 189//189 188//188
f 187//187 188//188 190//190
f 191//191 193//193 192//192
f 191//191 192//192 194//194
f 195//195 197//197 196//196
f 195//195 196//196 198//198
f 199//199 201//201 200//200
f 199//199 200//200 202//202
f 203//203 205//205 204//204
f 203//203 204//204 206//206
f 207//207 209//209 208//208
f 207//207 208//208 210//210
f 211//211 213//213 212//212
f 211//211 212//212 214//214
f 215//215 217//217 216//216
f 215//215 216//216 218//218
f 219//219 221//221 220//220
f 219//219 220//220 222//222
f 223//223 225//225 224//224
f 223//223 224//224 226//226
f 227//227 229//229 228//228
f 227//227 228//228 230//230
f 231//231 233//233 232//232
f 231//231 232//232 234//234
f 235//235 237//237 236//236
f 235//235 236//236 238//238
f 377//377 379//379 378//378
f 377//377 378//378 380//380
f 378//378 381//381 380//380
f 380//380 383//383 382//382
f 380//380 382//382 384//384
f 377//377 380//380 384//384
f 382//382 385//385 384//384
f 377//377 384//384 386//386
f 386//386 387//387 377//377
f 384//384 389//389 388//388
f 384//384 388//388 386//386
f 388//388 390//390 386//386
f 391//391 392//392 387//387
f 393//393 391//391 387//387
f 386//386 393//393 387//387
f 393//393 394//394 391//391
f 386//386 395//395 393//393
f 386//386 396//396 395//395
f 395//395 397//397 393//393
f 397//397 398//398 393//393
f 395//395 399//399 397//397
f 400//400 402//402 401//401
f 401//401 404//404 403//403
f 401//401 403//403 405//405
f 406//406 400//400 401//401
f 406//406 407//407 400//400
f 401//401 405//405 408//408
f 405//405 409//409 408//408
f 410//410 406//406 401//401
f 401//401 408//408 410//410
f 411//411 412//412 406//406
f 413//413 411//411 406//406
f 413//413 414//414 411//411
f 410//410 413//413 406//406
f 410//410 415//415 413//413
f 415//415 416//416 413//413
f 410//410 417//417 415//415
f 408//408 418//418 410//410
f 418//418 419//419 410//410
f 408//408 420//420 418//418
f 420//420 421//421 418//418
f 408//408 422//422 420//420
f 423//423 425//425 424//424
f 423//423 424//424 426//426
f 427//427 429//429 428//428
f 427//427 428//428 430//430
f 431//431 433//433 432//432
f 431//431 432//432 434//434
f 435//435 437//437 436//436
f 435//435 436//436 438//438
f 439//439 441//441 440//440
f 439//439 440//440 442//442
f 443//443 445//445 444//444
f 443//443 444//444 446//446
f 447//447 449//449 448//448
f 447//447 448//448 450//450
f 451//451 453//453 452//452
f 451//451 452//452 454//454
f 455//455 457//457 456//456
f 455//455 456//456 458//458
f 459//459 461//461 460//460
f 459//459 460//460 462//462
f 463//463 465//465 464//464
f 463//463 464//464 466//466
f 467//467 469//469 468//468
f 467//467 468//468 470//470
f 471//471 473//473 472//472
f 471//471 472//472 474//474
f 475//475 477//477 476//476
f 475//475 476//476 478//478
f 479//479 481//481 480//480
f 479//479 480//480 482//482
f 483//483 485//485 484//484
f 483//483 484//484 486//486
f 487//487 489//489 488//488
f 487//487 488//488 490//490
f 491//491 493//493 492//492
f 491//491 492//492 494//494
f 495//495 497//497 496//496
f 495//495 496//496 498//498
f 499//499 501//501 500//500
f 499//499 500//500 502//502
f 503//503 505//505 504//504
f 503//503 504//504 506//506
f 507//507 509//509 508//508
f 507//507 508//508 510//510
f 511//511 513//513 512//512
f 511//511 512//512 514//514
f 515//515 517//517 516//516
f 515//515 516//516 518//518
f 516//516 519//519 518//518
f 515//515 518//518 520//520
f 520//520 521//521 515//515
f 518//518 523//523 522//522
f 518//518 522//522 524//524
f 522//522 525//525 524//524
f 518//518 524//524 520//520
f 524//524 527//527 526//526
f 524//524 526//526 520//520
f 526//526 528//528 520//520
f 520//520 530//530 529//529
f 520//520 529//529 531//531
f 520//520 531//531 521//521
f 529//529 532//532 531//531
f 529//529 533//533 532//532
f 532//532 534//534 531//531
f 531//531 535//535 521//521
f 535//535 536//536 521//521
f 531//531 537//537 535//535
f 538//538 540//540 539//539
f 539//539 542//542 541//541
f 539//539 541//541 543//543
f 544//544 545//545 538//538
f 544//544 538//538 539//539
f 539//539 543//543 546//546
f 543//543 547//547 546//546
f 548//548 544//544 539//539
f 549//549 550//550 544//544
f 548//548 549//549 544//544
f 548//548 551//551 549//549
f 539//539 552//552 548//548
f 539//539 546//546 552//552
f 552//552 553//553 548//548
f 553//553 554//554 548//548
f 552//552 555//555 553//553
f 546//546 556//556 552//552
f 556//556 557//557 552//552
f 546//546 558//558 556//556
f 558//558 559//559 556//556
f 546//546 560//560 558//558
f 561//561 563//563 562//562
f 561//561 562//562 564//564
f 565//565 567//567 566//566
f 565//565 566//566 568//568
f 569//569 571//571 570//570
f 569//569 570//570 572//572
f 573//573 575//575 574//574
f 573//573 574//574 576//576
f 577//577 579//579 578//578
f 577//577 578//578 580//580
f 581//581 583//583 582//582
f 581//581 582//582 584//584
f 585//585 587//587 586//586
f 585//585 586//586 588//588
f 589//589 591//591 590//590
f 589//589 590//590 592//592
f 593//593 595//595 594//594
f 593//593 594//594 596//596
f 597//597 599//599 598//598
f 597//597 598//598 600//600
f 601//601 603//603 602//602
f 601//601 602//602 604//604
f 605//605 607//607 606//606
f 605//605 606//606 608//608
f 609//609 611//611 610//610
f 609//609 610//610 612//612
f 613//613 615//615 614//614
f 613//613 614//614 616//616
f 617//617 619//619 618//618
f 617//617 618//618 620//620
f 621//621 623//623 622//622
f 621//621 622//622 624//624
f 625//625 627//627 626//626
f 625//625 626//626 628//628
f 629//629 631//631 630//630
f 629//629 630//630 632//632
f 633//633 635//635 634//634
f 633//633 634//634 636//636
f 637//637 639//639 638//638
f 637//637 638//638 640//640
f 641//641 643//643 642//642
f 641//641 642//642 644//644
f 645//645 647//647 646//646
f 645//645 646//646 648//648
f 649//649 651//651 650//650
f 649//649 650//650 652//652
f 653//653 655//655 654//654
f 653//653 654//654 656//656
f 654//654 657//657 656//656
f 653//653 656//656 658//658
f 658//658 659//659 653//653
f 656//656 660//660 658//658
f 656//656 661//661 660//660
f 660//660 662//662 658//658
f 658//658 663//663 659//659
f 663//663 664//664 659//659
f 658//658 665//665 663//663
f 666//666 668//668 667//667
f 667//667 670//670 669//669
f 667//667 669//669 671//671
f 672//672 666//666 667//667
f 672//672 673//673 666//666
f 667//667 671//671 674//674
f 667//667 674//674 672//672
f 671//671 675//675 674//674
f 674//674 676//676 672//672
f 676//676 677//677 672//672
f 674//674 678//678 676//676
f 679//679 681//681 680//680
f 679//679 680//680 682//682
f 683//683 685//685 684//684
f 683//683 684//684 686//686
f 687//687 689//689 688//688
f 687//687 688//688 690//690
f 691//691 693//693 692//692
f 691//691 692//692 694//694
f 695//695 697//697 696//696
f 695//695 696//696 698//698
f 699//699 701//701 700//700
f 699//699 700//700 702//702
f 703//703 705//705 704//704
f 703//703 704//704 706//706
f 707//707 709//709 708//708
f 707//707 708//708 710//710
f 711//711 713//713 712//712
f 711//711 712//712 714//714
f 715//715 717//717 716//716
f 715//715 716//716 718//718
f 719//719 721//721 720//720
f 719//719 720//720 722//722
f 723//723 725//725 724//724
f 723//723 724//724 726//726
f 727//727 729//729 728//728
f 727//727 728//728 730//730
f 731//731 733//733 732//732
f 731//731 732//732 734//734
f 732//732 735//735 734//734
f 731//731 734//734 736//736
f 736//736 737//737 731//731
f 734//734 738//738 736//736
f 734//734 739//739 738//738
f 738//738 740//740 736//736
f 736//736 741//741 737//737
f 741//741 742//742 737//737
f 736//736 743//743 741//741
f 744//744 746//746 745//745
f 745//745 748//748 747//747
f 745//745 747//747 749//749
f 750//750 744//744 745//745
f 750//750 751//751 744//744
f 745//745 749//749 752//752
f 745//745 752//752 750//750
f 749//749 753//753 752//752
f 752//752 754//754 750//750
f 754//754 755//755 750//750
f 752//752 756//756 754//754
f 757//757 759//759 758//758
f 757//757 758//758 760//760
f 761//761 763//763 762//762
f 761//761 762//762 764//764
f 765//765 767//767 766//766
f 765//765 766//766 768//768
f 769//769 771//771 770//770
f 769//769 770//770 772//772
f 773//773 775//775 774//774
f 773//773 774//774 776//776
f 777//777 779//779 778//778
f 777//777 778//778 780//780
f 781//781 783//783 782//782
f 781//781 782//782 784//784
f 785//785 787//787 786//786
f 785//785 786//786 788//788
f 789//789 791//791 790//790
f 789//789 790//790 792//792
f 793//793 795//795 794//794
f 793//793 794//794 796//796
f 797//797 799//799 798//798
f 797//797 798//798 800//800
f 801//801 803//803 802//802
f 801//801 802//802 804//804
f 805//805 807//807 806//806
f 805//805 806//806 808//808
f 809//809 811//811 810//810
f 809//809 810//810 812//812
f 810//810 813//813 812//812
f 812//812 815//815 814//814
f 812//812 814//814 816//816
f 809//809 812//812 816//816
f 814//814 817//817 816//816
f 809//809 816//816 818//818
f 818//818 819//819 809//809
f 816//816 821//821 820//820
f 816//816 820//820 818//818
f 820//820 822//822 818//818
f 823//823 824//824 819//819
f 825//825 823//823 819//819
f 818//818 825//825 819//819
f 825//825 826//826 823//823
f 818//818 827//827 825//825
f 818//818 828//828 827//827
f 827//827 829//829 825//825
f 829//829 830//830 825//825
f 827//827 831//831 829//829
f 832//832 834//834 833//833
f 833//833 836//836 835//835
f 833//833 835//835 837//837
f 838//838 832//832 833//833
f 838//838 839//839 832//832
f 833//833 837//837 840//840
f 837//837 841//841 840//840
f 842//842 838//838 833//833
f 833//833 840//840 842//842
f 843//843 844//844 838//838
f 845//845 843//843 838//838
f 845//845 846//846 843//843
f 842//842 845//845 838//838
f 842//842 847//847 845//845
f 847//847 848//848 845//845
f 842//842 849//849 847//847
f 840//840 850//850 842//842
f 850//850 851//851 842//842
f 840//840 852//852 850//850
f 852//852 853//853 850//850
f 840//840 854//854 852//852
f 855//855 857//857 856//856
f 855//855 856//856 858//858
f 859//859 861//861 860//860
f 859//859 860//860 862//862
f 863//863 865//865 864//864
f 863//863 864//864 866//866
f 867//867 869//869 868//868
f 867//867 868//868 870//870
f 871//871 873//873 872//872
f 871//871 872//872 874//874
f 875//875 877//877 876//876
f 875//875 876//876 878//878
f 879//879 881//881 880//880
f 879//879 880//880 882//882
f 883//883 885//885 884//884
f 883//883 884//884 886//886
f 887//887 889//889 888//888
f 887//887 888//888 890//890
f 891//891 893//893 892//892
f 891//891 892//892 894//894
f 895//895 897//897 896//896
f 895//895 896//896 898//898
f 899//899 901//901 900//900
f 899//899 900//900 902//902
f 903//903 905//905 904//904
f 903//903 904//904 906//906
f 907//907 909//909 908//908
f 907//907 908//908 910//910
f 911//911 913//913 912//912
f 911//911 912//912 914//914
f 915//915 917//917 916//916
f 915//915 916//916 918//918
f 919//919 921//921 920//920
f 919//919 920//920 922//922
f 923//923 925//925 924//924
f 923//923 924//924 926//926
f 927//927 929//929 928//928
f 927//927 928//928 930//930
f 931//931 933//933 932//932
f 931//931 932//932 934//934
f 935//935 937//937 936//936
f 935//935 936//936 938//938
f 939//939 941//941 940//940
f 939//939 940//940 942//942
f 943//943 945//945 944//944
f 943//943 944//944 946//946
f 947//947 949//949 948//948
f 947//947 948//948 950//950
f 951//951 953//953 952//952
f 951//951 952//952 954//954
f 955//955 957//957 956//956
f 955//955 956//956 958//958
f 959//959 961//961 960//960
f 959//959 960//960 962//962
f 963//963 965//965 964//964
f 963//963 964//964 966//966
f 967//967 969//969 968//968
f 967//967 968//968 970//970
f 971//971 973//973 972//972
f 971//971 972//972 974//974
f 975//975 977//977 976//976
f 975//975 976//976 978//978
f 979//979 981//981 980//980
f 979//979 980//980 982//982
f 983//983 985//985 984//984
f 983//983 984//984 986//986
f 987//987 989//989 988//988
f 987//987 988//988 990//990
f 991//991 993//993 992//992
f 991//991 992//992 994//994
f 995//995 997//997 996//996
f 995//995 996//996 998//998
f 999//999 1001//1001 1000//1000
f 999//999 1000//1000 1002//1002
f 1003//1003 1005//1005 1004//1004
f 1003//1003 1004//1004 1006//1006
f 1007//1007 1009//1009 1008//1008
f 1007//1007 1008//1008 1010//1010
f 1011//1011 1013//1013 1012//1012
f 1011//1011 1012//1012 1014//1014
f 1015//1015 1017//1017 1016//1016
f 1015//1015 1016//1016 1018//1018
f 1019//1019 1021//1021 1020//1020
f 1019//1019 1020//1020 1022//1022
f 1023//1023 1025//1025 1024//1024
f 1023//1023 1024//1024 1026//1026
f 1027//1027 1029//1029 1028//1028
f 1027//1027 1028//1028 1030//1030
f 1031//1031 1033//1033 1032//1032
f 1031//1031 1032//1032 1034//1034
f 1035//1035 1037//1037 1036//1036
f 1035//1035 1036//1036 1038//1038
f 1039//1039 1041//1041 1040//1040
f 1039//1039 1040//1040 1042//1042
f 1043//1043 1045//1045 1044//1044
f 1043//1043 1044//1044 1046//1046
f 1047//1047 1049//1049 1048//1048
f 1047//1047 1048//1048 1050//1050
f 1051//1051 1053//1053 1052//1052
f 1051//1051 1052//1052 1054//1054
f 1055//1055 1057//1057 1056//1056
f 1055//1055 1056//1056 1058//1058
f 1059//1059 1061//1061 1060//1060
f 1059//1059 1060//1060 1062//1062
f 1063//1063 1065//1065 1064//1064
f 1066//1066 1068//1068 1067//1067
f 1069//1069 1071//1071 1070//1070
f 1072//1072 1074//1074 1073//1073
f 1075//1075 1077//1077 1076//1076
f 1078//1078 1080//1080 1079//1079
f 1081//1081 1083//1083 1082//1082
f 1084//1084 1086//1086 1085//1085
f 1087//1087 1089//1089 1088//1088
f 1087//1087 1088//1088 1090//1090
f 1091//1091 1093//1093 1092//1092
f 1091//1091 1092//1092 1094//1094
f 1095//1095 1097//1097 1096//1096
f 1095//1095 1096//1096 1098//1098
f 1099//1099 1101//1101 1100//1100
f 1099//1099 1100//1100 1102//1102
f 1103//1103 1105//1105 1104//1104
f 1103//1103 1104//1104 1106//1106
f 1107//1107 1109//1109 1108//1108
f 1107//1107 1108//1108 1110//1110
f 1111//1111 1113//1113 1112//1112
f 1111//1111 1112//1112 1114//1114
f 1115//1115 1117//1117 1116//1116
f 1115//1115 1116//1116 1118//1118
f 1119//1119 1121//1121 1120//1120
f 1119//1119 1120//1120 1122//1122
f 1123//1123 1125//1125 1124//1124
f 1123//1123 1124//1124 1126//1126
f 1127//1127 1129//1129 1128//1128
f 1127//1127 1128//1128 1130//1130
f 1131//1131 1133//1133 1132//1132
f 1131//1131 1132//1132 1134//1134
f 1135//1135 1137//1137 1136//1136
f 1135//1135 1136//1136 1138//1138
f 1139//1139 1141//1141 1140//1140
f 1139//1139 1140//1140 1142//1142
f 1143//1143 1145//1145 1144//1144
f 1143//1143 1144//1144 1146//1146
f 1147//1147 1149//1149 1148//1148
f 1147//1147 1148//1148 1150//1150
f 1151//1151 1153//1153 1152//1152
f 1151//1151 1152//1152 1154//1154
f 1155//1155 1157//1157 1156//1156
f 1155//1155 1156//1156 1158//1158
f 1159//1159 1161//1161 1160//1160
f 1162//1162 1164//1164 1163//1163
f 1165//1165 1167//1167 1166//1166
f 1168//1168 1170//1170 1169//1169
f 1171//1171 1173//1173 1172//1172
f 1174//1174 1176//1176 1175//1175
f 1177//1177 1179//1179 1178//1178
f 1180//1180 1182//1182 1181//1181
f 1183//1183 1185//1185 1184//1184
f 1183//1183 1184//1184 1186//1186
f 1187//1187 1189//1189 1188//1188
f 1187//1187 1188//1188 1190//1190
f 1191//1191 1193//1193 1192//1192
f 1191//1191 1192//1192 1194//1194
f 1195//1195 1197//1197 1196//1196
f 1195//1195 1196//1196 1198//1198
f 1199//1199 1201//1201 1200//1200
f 1199//1199 1200//1200 1202//1202
f 1203//1203 1205//1205 1204//1204
f 1203//1203 1204//1204 1206//1206
f 1207//1207 1209//1209 1208//1208
f 1207//1207 1208//1208 1210//1210
f 1211//1211 1213//1213 1212//1212
f 1211//1211 1212//1212 1214//1214
f 1215//1215 1217//1217 1216//1216
f 1215//1215 1216//1216 1218//1218
f 1219//1219 1221//1221 1220//1220
f 1219//1219 1220//1220 1222//1222
f 1223//1223 1225//1225 1224//1224
f 1223//1223 1224//1224 1226//1226
f 1227//1227 1229//1229 1228//1228
f 1227//1227 1228//1228 1230//1230
f 1231//1231 1233//1233 1232//1232
f 1231//1231 1232//1232 1234//1234
g core_wood
usemtl wood
v -0.07500 -0.00000 0.28388
v -0.07500 0.16000 0.25788
v -0.07500 0.16000 0.28388
v -0.07500 -0.00000 0.25788
v -0.07500 -0.00000 0.25788
v -0.04900 0.16000 0.25788
v -0.07500 0.16000 0.25788
v -0.04900 -0.00000 0.25788
v -0.04900 -0.00000 0.25788
v -0.04900 0.16000 0.28388
v -0.04900 0.16000 0.25788
v -0.04900 -0.00000 0.28388
v -0.04900 -0.00000 0.28388
v -0.07500 0.16000 0.28388
v -0.04900 0.16000 0.28388
v -0.07500 -0.00000 0.28388
v -0.07500 -0.00000 0.25788
v -0.04900 -0.00000 0.28388
v -0.04900 -0.00000 0.25788
v -0.07500 -0.00000 0.28388
v -0.04900 0.16000 0.25788
v -0.07500 0.16000 0.28388
v -0.07500 0.16000 0.25788
v -0.04900 0.16000 0.28388
v 0.04900 -0.00000 0.28388
v 0.04900 0.16000 0.25788
v 0.04900 0.16000 0.28388
v 0.04900 -0.00000 0.25788
v 0.04900 -0.00000 0.25788
v 0.07500 0.16000 0.25788
v 0.04900 0.16000 0.25788
v 0.07500 -0.00000 0.25788
v 0.07500 -0.00000 0.25788
v 0.07500 0.16000 0.28388
v 0.07500 0.16000 0.25788
v 0.07500 -0.00000 0.28388
v 0.07500 -0.00000 0.28388
v 0.04900 0.16000 0.28388
v 0.07500 0.16000 0.28388
v 0.04900 -0.00000 0.28388
v 0.04900 -0.00000 0.25788
v 0.07500 -0.00000 0.28388
v 0.07500 -0.00000 0.25788
v 0.04900 -0.00000 0.28388
v 0.07500 0.16000 0.25788
v 0.04900 0.16000 0.28388
v 0.04900 0.16000 0.25788
v 0.07500 0.16000 0.28388
v -0.07500 0.15000 0.28488
v -0.07500 0.17400 0.25688
v -0.07500 0.17400 0.28488
v -0.07500 0.15000 0.25688
v -0.07500 0.15000 0.25688
v 0.07500 0.17400 0.25688
v -0.07500 0.17400 0.25688
v 0.07500 0.15000 0.25688
v 0.07500 0.15000 0.25688
v 0.07500 0.17400 0.28488
v 0.07500 0.17400 0.25688
v 0.07500 0.15000 0.28488
v 0.07500 0.15000 0.28488
v -0.07500 0.17400 0.28488
v 0.07500 0.17400 0.28488
v -0.07500 0.15000 0.28488
v -0.07500 0.15000 0.25688
v 0.07500 0.15000 0.28488
v 0.07500 0.15000 0.25688
v -0.07500 0.15000 0.28488
v 0.07500 0.17400 0.25688
v -0.07500 0.17400 0.28488
v -0.07500 0.17400 0.25688
v 0.07500 0.17400 0.28488
v -0.17000 0.11500 -0.03001
v -0.07000 0.12500 -0.03001
v -0.07000 0.11500 -0.03001
v -0.17000 0.12500 -0.03001
v -0.17000 0.12500 -0.03001
v -0.07000 0.12500 -0.04000
v -0.07000 0.12500 -0.03001
v -0.17000 0.12500 -0.04000
v -0.17000 0.12500 -0.04000
v -0.07000 0.11500 -0.04000
v -0.07000 0.12500 -0.04000
v -0.17000 0.11500 -0.04000
v -0.17000 0.11500 -0.04000
v -0.07000 0.11500 -0.03001
v -0.07000 0.11500 -0.04000
v -0.17000 0.11500 -0.03001
v -0.17000 0.12500 -0.03001
v -0.17000 0.11500 -0.04000
v -0.17000 0.12500 -0.04000
v -0.17000 0.11500 -0.03001
v -0.07000 0.12500 -0.04000
v -0.07000 0.11500 -0.03001
v -0.07000 0.12500 -0.03001
v -0.07000 0.11500 -0.04000
v -0.06500 0.11500 -0.03501
v -0.06500 0.12500 -0.12500
v -0.06500 0.11500 -0.12500
v -0.06500 0.12500 -0.03501
v -0.06500 0.12500 -0.03501
v -0.07500 0.12500 -0.12500
v -0.06500 0.12500 -0.12500
v -0.07500 0.12500 -0.03501
v -0.07500 0.12500 -0.03501
v -0.07500 0.11500 -0.12500
v -0.07500 0.12500 -0.12500
v -0.07500 0.11500 -0.03501
v -0.07500 0.11500 -0.03501
v -0.06500 0.11500 -0.12500
v -0.07500 0.11500 -0.12500
v -0.06500 0.11500 -0.03501
v -0.06500 0.12500 -0.03501
v -0.07500 0.11500 -0.03501
v -0.07500 0.12500 -0.03501
v -0.06500 0.11500 -0.03501
v -0.07500 0.12500 -0.12500
v -0.06500 0.11500 -0.12500
v -0.06500 0.12500 -0.12500
v -0.07500 0.11500 -0.12500
v -0.07000 0.11500 -0.13000
v -0.17000 0.12500 -0.13000
v -0.17000 0.11500 -0.13000
v -0.07000 0.12500 -0.13000
v -0.07000 0.12500 -0.13000
v -0.17000 0.12500 -0.12001
v -0.17000 0.12500 -0.13000
v -0.07000 0.12500 -0.12001
v -0.07000 0.12500 -0.12001
v -0.17000 0.11500 -0.12001
v -0.17000 0.12500 -0.12001
v -0.07000 0.11500 -0.12001
v -0.07000 0.11500 -0.12001
v -0.17000 0.11500 -0.13000
v -0.17000 0.11500 -0.12001
v -0.07000 0.11500 -0.13000
v -0.07000 0.12500 -0.13000
v -0.07000 0.11500 -0.12001
v -0.07000 0.12500 -0.12001
v -0.07000 0.11500 -0.13000
v -0.17000 0.12500 -0.12001
v -0.17000 0.11500 -0.13000
v -0.17000 0.12500 -0.13000
v -0.17000 0.11500 -0.12001
v -0.17500 0.11500 -0.12500
v -0.17500 0.12500 -0.03501
v -0.17500 0.11500 -0.03501
v -0.17500 0.12500 -0.12500
v -0.17500 0.12500 -0.12500
v -0.16500 0.12500 -0.03501
v -0.17500 0.12500 -0.03501
v -0.16500 0.12500 -0.12500
v -0.16500 0.12500 -0.12500
v -0.16500 0.11500 -0.03501
v -0.16500 0.12500 -0.03501
v -0.16500 0.11500 -0.12500
v -0.16500 0.11500 -0.12500
v -0.17500 0.11500 -0.03501
v -0.16500 0.11500 -0.03501
v -0.17500 0.11500 -0.12500
v -0.17500 0.12500 -0.12500
v -0.16500 0.11500 -0.12500
v -0.16500 0.12500 -0.12500
v -0.17500 0.11500 -0.12500
v -0.16500 0.12500 -0.03501
v -0.17500 0.11500 -0.03501
v -0.17500 0.12500 -0.03501
v -0.16500 0.11500 -0.03501
v -0.17000 0.23500 -0.03001
v -0.07000 0.24500 -0.03001
v -0.07000 0.23500 -0.03001
v -0.17000 0.24500 -0.03001
v -0.17000 0.24500 -0.03001
v -0.07000 0.24500 -0.04000
v -0.07000 0.24500 -0.03001
v -0.17000 0.24500 -0.04000
v -0.17000 0.24500 -0.04000
v -0.07000 0.23500 -0.04000
v -0.07000 0.24500 -0.04000
v -0.17000 0.23500 -0.04000
v -0.17000 0.23500 -0.04000
v -0.07000 0.23500 -0.03001
v -0.07000 0.23500 -0.04000
v -0.17000 0.23500 -0.03001
v -0.17000 0.24500 -0.03001
v -0.17000 0.23500 -0.04000
v -0.17000 0.24500 -0.04000
v -0.17000 0.23500 -0.03001
v -0.07000 0.24500 -0.04000
v -0.07000 0.23500 -0.03001
v -0.07000 0.24500 -0.03001
v -0.07000 0.23500 -0.04000
v -0.06500 0.23500 -0.03501
v -0.06500 0.24500 -0.12500
v -0.06500 0.23500 -0.12500
v -0.06500 0.24500 -0.03501
v -0.06500 0.24500 -0.03501
v -0.07500 0.24500 -0.12500
v -0.06500 0.24500 -0.12500
v -0.07500 0.24500 -0.03501
v -0.07500 0.24500 -0.03501
v -0.07500 0.23500 -0.12500
v -0.07500 0.24500 -0.12500
v -0.07500 0.23500 -0.03501
v -0.07500 0.23500 -0.03501
v -0.06500 0.23500 -0.12500
v -0.07500 0.23500 -0.12500
v -0.06500 0.23500 -0.03501
v -0.06500 0.24500 -0.03501
v -0.07500 0.23500 -0.03501
v -0.07500 0.24500 -0.03501
v -0.06500 0.23500 -0.03501
v -0.07500 0.24500 -0.12500
v -0.06500 0.23500 -0.12500
v -0.06500 0.24500 -0.12500
v -0.07500 0.23500 -0.12500
v -0.07000 0.23500 -0.13000
v -0.17000 0.24500 -0.13000
v -0.17000 0.23500 -0.13000
v -0.07000 0.24500 -0.13000
v -0.07000 0.24500 -0.13000
v -0.17000 0.24500 -0.12001
v -0.17000 0.24500 -0.13000
v -0.07000 0.24500 -0.12001
v -0.07000 0.24500 -0.12001
v -0.17000 0.23500 -0.12001
v -0.17000 0.24500 -0.12001
v -0.07000 0.23500 -0.12001
v -0.07000 0.23500 -0.12001
v -0.17000 0.23500 -0.13000
v -0.17000 0.23500 -0.12001
v -0.07000 0.23500 -0.13000
v -0.07000 0.24500 -0.13000
v -0.07000 0.23500 -0.12001
v -0.07000 0.24500 -0.12001
v -0.07000 0.23500 -0.13000
v -0.17000 0.24500 -0.12001
v -0.17000 0.23500 -0.13000
v -0.17000 0.24500 -0.13000
v -0.17000 0.23500 -0.12001
v -0.17500 0.23500 -0.12500
v -0.17500 0.24500 -0.03501
v -0.17500 0.23500 -0.03501
v -0.17500 0.24500 -0.12500
v -0.17500 0.24500 -0.12500
v -0.16500 0.24500 -0.03501
v -0.17500 0.24500 -0.03501
v -0.16500 0.24500 -0.12500
v -0.16500 0.24500 -0.12500
v -0.16500 0.23500 -0.03501
v -0.16500 0.24500 -0.03501
v -0.16500 0.23500 -0.12500
v -0.16500 0.23500 -0.12500
v -0.17500 0.23500 -0.03501
v -0.16500 0.23500 -0.03501
v -0.17500 0.23500 -0.12500
v -0.17500 0.24500 -0.12500
v -0.16500 0.23500 -0.12500
v -0.16500 0.24500 -0.12500
v -0.17500 0.23500 -0.12500
v -0.16500 0.24500 -0.03501
v -0.17500 0.23500 -0.03501
v -0.17500 0.24500 -0.03501
v -0.16500 0.23500 -0.03501
v -0.18200 0.35999 -0.02300
v -0.18200 0.42000 -0.03701
v -0.18200 0.42000 -0.02300
v -0.18200 0.35999 -0.03701
v -0.18200 0.35999 -0.03701
v -0.16800 0.42000 -0.03701
v -0.18200 0.42000 -0.03701
v -0.16800 0.35999 -0.03701
v -0.16800 0.35999 -0.03701
v -0.16800 0.42000 -0.02300
v -0.16800 0.42000 -0.03701
v -0.16800 0.35999 -0.02300
v -0.16800 0.35999 -0.02300
v -0.18200 0.42000 -0.02300
v -0.16800 0.42000 -0.02300
v -0.18200 0.35999 -0.02300
v -0.18200 0.35999 -0.03701
v -0.16800 0.35999 -0.02300
v -0.16800 0.35999 -0.03701
v -0.18200 0.35999 -0.02300
v -0.16800 0.42000 -0.03701
v -0.18200 0.42000 -0.02300
v -0.18200 0.42000 -0.03701
v -0.16800 0.42000 -0.02300
v -0.07200 0.35999 -0.02300
v -0.07200 0.42000 -0.03701
v -0.07200 0.42000 -0.02300
v -0.07200 0.35999 -0.03701
v -0.07200 0.35999 -0.03701
v -0.05800 0.42000 -0.03701
v -0.07200 0.42000 -0.03701
v -0.05800 0.35999 -0.03701
v -0.05800 0.35999 -0.03701
v -0.05800 0.42000 -0.02300
v -0.05800 0.42000 -0.03701
v -0.05800 0.35999 -0.02300
v -0.05800 0.35999 -0.02300
v -0.07200 0.42000 -0.02300
v -0.05800 0.42000 -0.02300
v -0.07200 0.35999 -0.02300
v -0.07200 0.35999 -0.03701
v -0.05800 0.35999 -0.02300
v -0.05800 0.35999 -0.03701
v -0.07200 0.35999 -0.02300
v -0.05800 0.42000 -0.03701
v -0.07200 0.42000 -0.02300
v -0.07200 0.42000 -0.03701
v -0.05800 0.42000 -0.02300
v -0.18200 0.35999 -0.12300
v -0.18200 0.42000 -0.13700
v -0.18200 0.42000 -0.12300
v -0.18200 0.35999 -0.13700
v -0.18200 0.35999 -0.13700
v -0.16800 0.42000 -0.13700
v -0.18200 0.42000 -0.13700
v -0.16800 0.35999 -0.13700
v -0.16800 0.35999 -0.13700
v -0.16800 0.42000 -0.12300
v -0.16800 0.42000 -0.13700
v -0.16800 0.35999 -0.12300
v -0.16800 0.35999 -0.12300
v -0.18200 0.42000 -0.12300
v -0.16800 0.42000 -0.12300
v -0.18200 0.35999 -0.12300
v -0.18200 0.35999 -0.13700
v -0.16800 0.35999 -0.12300
v -0.16800 0.35999 -0.13700
v -0.18200 0.35999 -0.12300
v -0.16800 0.42000 -0.13700
v -0.18200 0.42000 -0.12300
v -0.18200 0.42000 -0.13700
v -0.16800 0.42000 -0.12300
v -0.07200 0.35999 -0.12300
v -0.07200 0.42000 -0.13700
v -0.07200 0.42000 -0.12300
v -0.07200 0.35999 -0.13700
v -0.07200 0.35999 -0.13700
v -0.05800 0.42000 -0.13700
v -0.07200 0.42000 -0.13700
v -0.05800 0.35999 -0.13700
v -0.05800 0.35999 -0.13700
v -0.05800 0.42000 -0.12300
v -0.05800 0.42000 -0.13700
v -0.05800 0.35999 -0.12300
v -0.05800 0.35999 -0.12300
v -0.07200 0.42000 -0.12300
v -0.05800 0.42000 -0.12300
v -0.07200 0.35999 -0.12300
v -0.07200 0.35999 -0.13700
v -0.05800 0.35999 -0.12300
v -0.05800 0.35999 -0.13700
v -0.07200 0.35999 -0.12300
v -0.05800 0.42000 -0.13700
v -0.07200 0.42000 -0.12300
v -0.07200 0.42000 -0.13700
v -0.05800 0.42000 -0.12300
v 0.01371 0.03400 -0.14458
v 0.10963 0.02549 -0.17644
v 0.11219 0.03400 -0.16194
v 0.01116 0.02549 -0.15908
v 0.01116 0.02549 -0.15908
v 0.10963 0.00850 -0.17644
v 0.10963 0.02549 -0.17644
v 0.01116 0.00850 -0.15908
v 0.01116 0.00850 -0.15908
v 0.11219 -0.00000 -0.16194
v 0.10963 0.00850 -0.17644
v 0.01371 -0.00000 -0.14458
v 0.01371 -0.00000 -0.14458
v 0.11475 0.00850 -0.14744
v 0.11219 -0.00000 -0.16194
v 0.01627 0.00850 -0.13008
v 0.10963 0.00850 -0.17644
v 0.11219 0.03400 -0.16194
v 0.10963 0.02549 -0.17644
v 0.11475 0.00850 -0.14744
v 0.11219 -0.00000 -0.16194
v 0.11475 0.02549 -0.14744
v 0.01627 0.00850 -0.13008
v 0.11475 0.02549 -0.14744
v 0.11475 0.00850 -0.14744
v 0.01627 0.02549 -0.13008
v 0.01627 0.02549 -0.13008
v 0.11219 0.03400 -0.16194
v 0.11475 0.02549 -0.14744
v 0.01371 0.03400 -0.14458
v 0.01627 0.02549 -0.13008
v 0.01116 0.02549 -0.15908
v 0.01371 0.03400 -0.14458
v 0.01371 -0.00000 -0.14458
v 0.01627 0.00850 -0.13008
v 0.01116 0.00850 -0.15908
v 0.00780 0.03400 -0.17806
v 0.10373 0.02549 -0.20992
v 0.10629 0.03400 -0.19543
v 0.00525 0.02549 -0.19256
v 0.00525 0.02549 -0.19256
v 0.10373 0.00850 -0.20992
v 0.10373 0.02549 -0.20992
v 0.00525 0.00850 -0.19256
v 0.00525 0.00850 -0.19256
v 0.10629 -0.00000 -0.19543
v 0.10373 0.00850 -0.20992
v 0.00780 -0.00000 -0.17806
v 0.00780 -0.00000 -0.17806
v 0.10884 0.00850 -0.18093
v 0.10629 -0.00000 -0.19543
v 0.01036 0.00850 -0.16356
v 0.10373 0.00850 -0.20992
v 0.10629 0.03400 -0.19543
v 0.10373 0.02549 -0.20992
v 0.10884 0.00850 -0.18093
v 0.10629 -0.00000 -0.19543
v 0.10884 0.02549 -0.18093
v 0.01036 0.00850 -0.16356
v 0.10884 0.02549 -0.18093
v 0.10884 0.00850 -0.18093
v 0.01036 0.02549 -0.16356
v 0.01036 0.02549 -0.16356
v 0.10629 0.03400 -0.19543
v 0.10884 0.02549 -0.18093
v 0.00780 0.03400 -0.17806
v 0.01036 0.02549 -0.16356
v 0.00525 0.02549 -0.19256
v 0.00780 0.03400 -0.17806
v 0.00780 -0.00000 -0.17806
v 0.01036 0.00850 -0.16356
v 0.00525 0.00850 -0.19256
v 0.01076 0.06300 -0.16132
v 0.10668 0.05449 -0.19318
v 0.10924 0.06300 -0.17869
v 0.00820 0.05449 -0.17582
v 0.00820 0.05449 -0.17582
v 0.10668 0.03750 -0.19318
v 0.10668 0.05449 -0.19318
v 0.00820 0.03750 -0.17582
v 0.00820 0.03750 -0.17582
v 0.10924 0.02900 -0.17869
v 0.10668 0.03750 -0.19318
v 0.01076 0.02900 -0.16132
v 0.01076 0.02900 -0.16132
v 0.11180 0.03750 -0.16419
v 0.10924 0.02900 -0.17869
v 0.01331 0.03750 -0.14683
v 0.10668 0.03750 -0.19318
v 0.10924 0.06300 -0.17869
v 0.10668 0.05449 -0.19318
v 0.11180 0.03750 -0.16419
v 0.10924 0.02900 -0.17869
v 0.11180 0.05449 -0.16419
v 0.01331 0.03750 -0.14683
v 0.11180 0.05449 -0.16419
v 0.11180 0.03750 -0.16419
v 0.01331 0.05449 -0.14683
v 0.01331 0.05449 -0.14683
v 0.10924 0.06300 -0.17869
v 0.11180 0.05449 -0.16419
v 0.01076 0.06300 -0.16132
v 0.01331 0.05449 -0.14683
v 0.00820 0.05449 -0.17582
v 0.01076 0.06300 -0.16132
v 0.01076 0.02900 -0.16132
v 0.01331 0.03750 -0.14683
v 0.00820 0.03750 -0.17582
v 0.01076 0.09200 -0.16132
v 0.10668 0.08349 -0.19318
v 0.10924 0.09200 -0.17869
v 0.00820 0.08349 -0.17582
v 0.00820 0.08349 -0.17582
v 0.10668 0.06650 -0.19318
v 0.10668 0.08349 -0.19318
v 0.00820 0.06650 -0.17582
v 0.00820 0.06650 -0.17582
v 0.10924 0.05800 -0.17869
v 0.10668 0.06650 -0.19318
v 0.01076 0.05800 -0.16132
v 0.01076 0.05800 -0.16132
v 0.11180 0.06650 -0.16419
v 0.10924 0.05800 -0.17869
v 0.01331 0.06650 -0.14683
v 0.10668 0.06650 -0.19318
v 0.10924 0.09200 -0.17869
v 0.10668 0.08349 -0.19318
v 0.11180 0.06650 -0.16419
v 0.10924 0.05800 -0.17869
v 0.11180 0.08349 -0.16419
v 0.01331 0.06650 -0.14683
v 0.11180 0.08349 -0.16419
v 0.11180 0.06650 -0.16419
v 0.01331 0.08349 -0.14683
v 0.01331 0.08349 -0.14683
v 0.10924 0.09200 -0.17869
v 0.11180 0.08349 -0.16419
v 0.01076 0.09200 -0.16132
v 0.01331 0.08349 -0.14683
v 0.00820 0.08349 -0.17582
v 0.01076 0.09200 -0.16132
v 0.01076 0.05800 -0.16132
v 0.01331 0.06650 -0.14683
v 0.00820 0.06650 -0.17582
vn 0.0000 1.0000 -0.0000
vn 0.0000 1.0000 -0.0000
vn 0.0000 1.0000 -0.0000
vn 0.0000 1.0000 -0.0000
vn -0.7071 0.7071 -0.0000
vn -0.7071 0.7071 -0.0000
vn -0.7071 0.7071 -0.0000
vn -0.7071 0.7071 -0.0000
vn 0.7071 -0.0000 0.7071
vn 0.7071 -0.0000 0.7071
vn 0.7071 -0.0000 0.7071
vn 0.7071 -0.0000 0.7071
vn -0.0000 -0.0000 1.0000
vn -0.0000 -0.0000 1.0000
vn -0.0000 -0.0000 1.0000
vn -0.0000 -0.0000 1.0000
vn -0.0000 -0.7071 0.7071
vn -0.0000 -0.7071 0.7071
vn -0.0000 -0.7071 0.7071
vn -0.0000 -0.7071 0.7071
vn -0.0000 0.7071 0.7071
vn -0.0000 0.7071 0.7071
vn -0.0000 0.7071 0.7071
vn -0.0000 0.7071 0.7071
vn 0.0000 1.0000 -0.0000
vn 0.0000 1.0000 -0.0000
vn 0.0000 1.0000 -0.0000
vn 0.0000 1.0000 -0.0000
vn -0.7071 0.7071 -0.0000
vn -0.7071 0.7071 -0.0000
vn -0.7071 0.7071 -0.0000
vn -0.7071 0.7071 -0.0000
vn 0.7071 -0.0000 0.7071
vn 0.7071 -0.0000 0.7071
vn 0.7071 -0.0000 0.7071
vn 0.7071 -0.0000 0.7071
vn -0.0000 -0.0000 1.0000
vn -0.0000 -0.0000 1.0000
vn -0.0000 -0.0000 1.0000
vn -0.0000 -0.0000 1.0000
vn -0.0000 -0.7071 0.7071
vn -0.0000 -0.7071 0.7071
vn -0.0000 -0.7071 0.7071
vn -0.0000 -0.7071 0.7071
vn -0.0000 0.7071 0.7071
vn -0.0000 0.7071 0.7071
vn -0.0000 0.7071 0.7071
vn -0.0000 0.7071 0.7071
vn 0.0000 1.0000 -0.0000
vn 0.0000 1.0000 -0.0000
vn 0.0000 1.0000 -0.0000
vn 0.0000 1.0000 -0.0000
vn -0.7071 0.7071 -0.0000
vn -0.7071 0.7071 -0.0000
vn -0.7071 0.7071 -0.0000
vn -0.7071 0.7071 -0.0000
vn 0.7071 -0.0000 0.7071
vn 0.7071 -0.0000 0.7071
vn 0.7071 -0.0000 0.7071
vn 0.7071 -0.0000 0.7071
vn -0.0000 -0.0000 1.0000
vn -0.0000 -0.0000 1.0000
vn -0.0000 -0.0000 1.0000
vn -0.0000 -0.0000 1.0000
vn -0.0000 -0.7071 0.7071
vn -0.0000 -0.7071 0.7071
vn -0.0000 -0.7071 0.7071
vn -0.0000 -0.7071 0.7071
vn -0.0000 0.7071 0.7071
vn -0.0000 0.7071 0.7071
vn -0.0000 0.7071 0.7071
vn -0.0000 0.7071 0.7071
vn -0.0000 -0.0000 1.0000
vn -0.0000 -0.0000 1.0000
vn -0.0000 -0.0000 1.0000
vn -0.0000 -0.0000 1.0000
vn -0.0000 0.7071 0.7071
vn -0.0000 0.7071 0.7071
vn -0.0000 0.7071 0.7071
vn -0.0000 0.7071 0.7071
vn -0.7071 0.7071 -0.0000
vn -0.7071 0.7071 -0.0000
vn -0.7071 0.7071 -0.0000
vn -0.7071 0.7071 -0.0000
vn -0.0000 -0.7071 0.7071
vn -0.0000 -0.7071 0.7071
vn -0.0000 -0.7071 0.7071
vn -0.0000 -0.7071 0.7071
vn 0.0000 1.0000 -0.0000
vn 0.0000 1.0000 -0.0000
vn 0.0000 1.0000 -0.0000
vn 0.0000 1.0000 -0.0000
vn 0.7071 -0.0000 0.7071
vn 0.7071 -0.0000 0.7071
vn 0.7071 -0.0000 0.7071
vn 0.7071 -0.0000 0.7071
vn 0.7071 -0.0000 0.7071
vn 0.7071 -0.0000 0.7071
vn 0.7071 -0.0000 0.7071
vn 0.7071 -0.0000 0.7071
vn -0.0000 0.7071 0.7071
vn -0.0000 0.7071 0.7071
vn -0.0000 0.7071 0.7071
vn -0.0000 0.7071 0.7071
vn 0.0000 1.0000 -0.0000
vn 0.0000 1.0000 -0.0000
vn 0.0000 1.0000 -0.0000
vn 0.0000 1.0000 -0.0000
vn -0.0000 -0.7071 0.7071
vn -0.0000 -0.7071 0.7071
vn -0.0000 -0.7071 0.7071
vn -0.0000 -0.7071 0.7071
vn -0.0000 -0.0000 1.0000
vn -0.0000 -0.0000 1.0000
vn -0.0000 -0.0000 1.0000
vn -0.0000 -0.0000 1.0000
vn -0.7071 0.7071 -0.0000
vn -0.7071 0.7071 -0.0000
vn -0.7071 0.7071 -0.0000
vn -0.7071 0.7071 -0.0000
vn -0.7071 0.7071 -0.0000
vn -0.7071 0.7071 -0.0000
vn -0.7071 0.7071 -0.0000
vn -0.7071 0.7071 -0.0000
vn -0.0000 0.7071 0.7071
vn -0.0000 0.7071 0.7071
vn -0.0000 0.7071 0.7071
vn -0.0000 0.7071 0.7071
vn -0.0000 -0.0000 1.0000
vn -0.0000 -0.0000 1.0000
vn -0.0000 -0.0000 1.0000
vn -0.0000 -0.0000 1.0000
vn -0.0000 -0.7071 0.7071
vn -0.0000 -0.7071 0.7071
vn -0.0000 -0.7071 0.7071
vn -0.0000 -0.7071 0.7071
vn 0.7071 -0.0000 0.7071
vn 0.7071 -0.0000 0.7071
vn 0.7071 -0.0000 0.7071
vn 0.7071 -0.0000 0.7071
vn 0.0000 1.0000 -0.0000
vn 0.0000 1.0000 -0.0000
vn 0.0000 1.0000 -0.0000
vn 0.0000 1.0000 -0.0000
vn 0.0000 1.0000 -0.0000
vn 0.0000 1.0000 -0.0000
vn 0.0000 1.0000 -0.0000
vn 0.0000 1.0000 -0.0000
vn -0.0000 0.7071 0.7071
vn -0.0000 0.7071 0.7071
vn -0.0000 0.7071 0.7071
vn -0.0000 0.7071 0.7071
vn 0.7071 -0.0000 0.7071
vn 0.7071 -0.0000 0.7071
vn 0.7071 -0.0000 0.7071
vn 0.7071 -0.0000 0.7071
vn -0.0000 -0.7071 0.7071
vn -0.0000 -0.7071 0.7071
vn -0.0000 -0.7071 0.7071
vn -0.0000 -0.7071 0.7071
vn -0.7071 0.7071 -0.0000
vn -0.7071 0.7071 -0.0000
vn -0.7071 0.7071 -0.0000
vn -0.7071 0.7071 -0.0000
vn -0.0000 -0.0000 1.0000
vn -0.0000 -0.0000 1.0000
vn -0.0000 -0.0000 1.0000
vn -0.0000 -0.0000 1.0000
vn -0.0000 -0.0000 1.0000
vn -0.0000 -0.0000 1.0000
vn -0.0000 -0.0000 1.0000
vn -0.0000 -0.0000 1.0000
vn -0.0000 0.7071 0.7071
vn -0.0000 0.7071 0.7071
vn -0.0000 0.7071 0.7071
vn -0.0000 0.7071 0.7071
vn -0.7071 0.7071 -0.0000
vn -0.7071 0.7071 -0.0000
vn -0.7071 0.7071 -0.0000
vn -0.7071 0.7071 -0.0000
vn -0.0000 -0.7071 0.7071
vn -0.0000 -0.7071 0.7071
vn -0.0000 -0.7071 0.7071
vn -0.0000 -0.7071 0.7071
vn 0.0000 1.0000 -0.0000
vn 0.0000 1.0000 -0.0000
vn 0.0000 1.0000 -0.0000
vn 0.0000 1.0000 -0.0000
vn 0.7071 -0.0000 0.7071
vn 0.7071 -0.0000 0.7071
vn 0.7071 -0.0000 0.7071
vn 0.7071 -0.0000 0.7071
vn 0.7071 -0.0000 0.7071
vn 0.7071 -0.0000 0.7071
vn 0.7071 -0.0000 0.7071
vn 0.7071 -0.0000 0.7071
vn -0.0000 0.7071 0.7071
vn -0.0000 0.7071 0.7071
vn -0.0000 0.7071 0.7071
vn -0.0000 0.7071 0.7071
vn 0.0000 1.0000 -0.0000
vn 0.0000 1.0000 -0.0000
vn 0.0000 1.0000 -0.0000
vn 0.0000 1.0000 -0.0000
vn -0.0000 -0.7071 0.7071
vn -0.0000 -0.7071 0.7071
vn -0.0000 -0.7071 0.7071
vn -0.0000 -0.7071 0.7071
vn -0.0000 -0.0000 1.0000
vn -0.0000 -0.0000 1.0000
vn -0.0000 -0.0000 1.0000
vn -0.0000 -0.0000 1.0000
vn -0.7071 0.7071 -0.0000
vn -0.7071 0.7071 -0.0000
vn -0.7071 0.7071 -0.0000
vn -0.7071 0.7071 -0.0000
vn -0.7071 0.7071 -0.0000
vn -0.7071 0.7071 -0.0000
vn -0.7071 0.7071 -0.0000
vn -0.7071 0.7071 -0.0000
vn -0.0000 0.7071 0.7071
vn -0.0000 0.7071 0.7071
vn -0.0000 0.7071 0.7071
vn -0.0000 0.7071 0.7071
vn -0.0000 -0.0000 1.0000
vn -0.0000 -0.0000 1.0000
vn -0.0000 -0.0000 1.0000
vn -0.0000 -0.0000 1.0000
vn -0.0000 -0.7071 0.7071
vn -0.0000 -0.7071 0.7071
vn -0.0000 -0.7071 0.7071
vn -0.0000 -0.7071 0.7071
vn 0.7071 -0.0000 0.7071
vn 0.7071 -0.0000 0.7071
vn 0.7071 -0.0000 0.7071
vn 0.7071 -0.0000 0.7071
vn 0.0000 1.0000 -0.0000
vn 0.0000 1.0000 -0.0000
vn 0.0000 1.0000 -0.0000
vn 0.0000 1.0000 -0.0000
vn 0.0000 1.0000 -0.0000
vn 0.0000 1.0000 -0.0000
vn 0.0000 1.0000 -0.0000
vn 0.0000 1.0000 -0.0000
vn -0.0000 0.7071 0.7071
vn -0.0000 0.7071 0.7071
vn -0.0000 0.7071 0.7071
vn -0.0000 0.7071 0.7071
vn 0.7071 -0.0000 0.7071
vn 0.7071 -0.0000 0.7071
vn 0.7071 -0.0000 0.7071
vn 0.7071 -0.0000 0.7071
vn -0.0000 -0.7071 0.7071
vn -0.0000 -0.7071 0.7071
vn -0.0000 -0.7071 0.7071
vn -0.0000 -0.7071 0.7071
vn -0.7071 0.7071 -0.0000
vn -0.7071 0.7071 -0.0000
vn -0.7071 0.7071 -0.0000
vn -0.7071 0.7071 -0.0000
vn -0.0000 -0.0000 1.0000
vn -0.0000 -0.0000 1.0000
vn -0.0000 -0.0000 1.0000
vn -0.0000 -0.0000 1.0000
vn 0.0000 1.0000 -0.0000
vn 0.0000 1.0000 -0.0000
vn 0.0000 1.0000 -0.0000
vn 0.0000 1.0000 -0.0000
vn -0.7071 0.7071 -0.0000
vn -0.7071 0.7071 -0.0000
vn -0.7071 0.7071 -0.0000
vn -0.7071 0.7071 -0.0000
vn 0.7071 -0.0000 0.7071
vn 0.7071 -0.0000 0.7071
vn 0.7071 -0.0000 0.7071
vn 0.7071 -0.0000 0.7071
vn -0.0000 -0.0000 1.0000
vn -0.0000 -0.0000 1.0000
vn -0.0000 -0.0000 1.0000
vn -0.0000 -0.0000 1.0000
vn -0.0000 -0.7071 0.7071
vn -0.0000 -0.7071 0.7071
vn -0.0000 -0.7071 0.7071
vn -0.0000 -0.7071 0.7071
vn -0.0000 0.7071 0.7071
vn -0.0000 0.7071 0.7071
vn -0.0000 0.7071 0.7071
vn -0.0000 0.7071 0.7071
vn 0.0000 1.0000 -0.0000
vn 0.0000 1.0000 -0.0000
vn 0.0000 1.0000 -0.0000
vn 0.0000 1.0000 -0.0000
vn -0.7071 0.7071 -0.0000
vn -0.7071 0.7071 -0.0000
vn -0.7071 0.7071 -0.0000
vn -0.7071 0.7071 -0.0000
vn 0.7071 -0.0000 0.7071
vn 0.7071 -0.0000 0.7071
vn 0.7071 -0.0000 0.7071
vn 0.7071 -0.0000 0.7071
vn -0.0000 -0.0000 1.0000
vn -0.0000 -0.0000 1.0000
vn -0.0000 -0.0000 1.0000
vn -0.0000 -0.0000 1.0000
vn -0.0000 -0.7071 0.7071
vn -0.0000 -0.7071 0.7071
vn -0.0000 -0.7071 0.7071
vn -0.0000 -0.7071 0.7071
vn -0.0000 0.7071 0.7071
vn -0.0000 0.7071 0.7071
vn -0.0000 0.7071 0.7071
vn -0.0000 0.7071 0.7071
vn 0.0000 1.0000 -0.0000
vn 0.0000 1.0000 -0.0000
vn 0.0000 1.0000 -0.0000
vn 0.0000 1.0000 -0.0000
vn -0.7071 0.7071 -0.0000
vn -0.7071 0.7071 -0.0000
vn -0.7071 0.7071 -0.0000
vn -0.7071 0.7071 -0.0000
vn 0.7071 -0.0000 0.7071
vn 0.7071 -0.0000 0.7071
vn 0.7071 -0.0000 0.7071
vn 0.7071 -0.0000 0.7071
vn -0.0000 -0.0000 1.0000
vn -0.0000 -0.0000 1.0000
vn -0.0000 -0.0000 1.0000
vn -0.0000 -0.0000 1.0000
vn -0.0000 -0.7071 0.7071
vn -0.0000 -0.7071 0.7071
vn -0.0000 -0.7071 0.7071
vn -0.0000 -0.7071 0.7071
vn -0.0000 0.7071 0.7071
vn -0.0000 0.7071 0.7071
vn -0.0000 0.7071 0.7071
vn -0.0000 0.7071 0.7071
vn 0.0000 1.0000 -0.0000
vn 0.0000 1.0000 -0.0000
vn 0.0000 1.0000 -0.0000
vn 0.0000 1.0000 -0.0000
vn -0.7071 0.7071 -0.0000
vn -0.7071 0.7071 -0.0000
vn -0.7071 0.7071 -0.0000
vn -0.7071 0.7071 -0.0000
vn 0.7071 -0.0000 0.7071
vn 0.7071 -0.0000 0.7071
vn 0.7071 -0.0000 0.7071
vn 0.7071 -0.0000 0.7071
vn -0.0000 -0.0000 1.0000
vn -0.0000 -0.0000 1.0000
vn -0.0000 -0.0000 1.0000
vn -0.0000 -0.0000 1.0000
vn -0.0000 -0.7071 0.7071
vn -0.0000 -0.7071 0.7071
vn -0.0000 -0.7071 0.7071
vn -0.0000 -0.7071 0.7071
vn -0.0000 0.7071 0.7071
vn -0.0000 0.7071 0.7071
vn -0.0000 0.7071 0.7071
vn -0.0000 0.7071 0.7071
vn 0.2693 -0.8261 -0.4950
vn 0.2693 -0.8261 -0.4950
vn 0.2693 -0.8261 -0.4950
vn 0.2693 -0.8261 -0.4950
vn -0.6408 0.7656 0.0560
vn -0.6408 0.7656 0.0560
vn -0.6408 0.7656 0.0560
vn -0.6408 0.7656 0.0560
vn -0.2055 0.8516 -0.4822
vn -0.2055 0.8516 -0.4822
vn -0.2055 0.8516 -0.4822
vn -0.2055 0.8516 -0.4822
vn -0.1117 -0.5108 0.8524
vn -0.1117 -0.5108 0.8524
vn -0.1117 -0.5108 0.8524
vn -0.1117 -0.5108 0.8524
vn 0.7660 -0.0117 0.6428
vn 0.7660 -0.0117 0.6428
vn 0.7660 -0.0117 0.6428
vn 0.7660 -0.0117 0.6428
vn 0.7660 -0.0117 0.6428
vn 0.7660 -0.0117 0.6428
vn 0.0869 -0.0728 0.9936
vn 0.0869 -0.0728 0.9936
vn 0.0869 -0.0728 0.9936
vn 0.0869 -0.0728 0.9936
vn 0.1699 0.4855 0.8576
vn 0.1699 0.4855 0.8576
vn 0.1699 0.4855 0.8576
vn 0.1699 0.4855 0.8576
vn -0.0153 0.9997 0.0182
vn -0.0153 0.9997 0.0182
vn -0.0153 0.9997 0.0182
vn -0.0153 0.9997 0.0182
vn -0.0153 0.9997 0.0182
vn -0.0153 0.9997 0.0182
vn 0.2693 -0.8261 -0.4950
vn 0.2693 -0.8261 -0.4950
vn 0.2693 -0.8261 -0.4950
vn 0.2693 -0.8261 -0.4950
vn -0.6408 0.7656 0.0560
vn -0.6408 0.7656 0.0560
vn -0.6408 0.7656 0.0560
vn -0.6408 0.7656 0.0560
vn -0.2055 0.8516 -0.4822
vn -0.2055 0.8516 -0.4822
vn -0.2055 0.8516 -0.4822
vn -0.2055 0.8516 -0.4822
vn -0.1117 -0.5108 0.8524
vn -0.1117 -0.5108 0.8524
vn -0.1117 -0.5108 0.8524
vn -0.1117 -0.5108 0.8524
vn 0.7660 -0.0117 0.6428
vn 0.7660 -0.0117 0.6428
vn 0.7660 -0.0117 0.6428
vn 0.7660 -0.0117 0.6428
vn 0.7660 -0.0117 0.6428
vn 0.7660 -0.0117 0.6428
vn 0.0869 -0.0728 0.9936
vn 0.0869 -0.0728 0.9936
vn 0.0869 -0.0728 0.9936
vn 0.0869 -0.0728 0.9936
vn 0.1699 0.4855 0.8576
vn 0.1699 0.4855 0.8576
vn 0.1699 0.4855 0.8576
vn 0.1699 0.4855 0.8576
vn -0.0153 0.9997 0.0182
vn -0.0153 0.9997 0.0182
vn -0.0153 0.9997 0.0182
vn -0.0153 0.9997 0.0182
vn -0.0153 0.9997 0.0182
vn -0.0153 0.9997 0.0182
vn 0.2693 -0.8261 -0.4950
vn 0.2693 -0.8261 -0.4950
vn 0.2693 -0.8261 -0.4950
vn 0.2693 -0.8261 -0.4950
vn -0.6408 0.7656 0.0560
vn -0.6408 0.7656 0.0560
vn -0.6408 0.7656 0.0560
vn -0.6408 0.7656 0.0560
vn -0.2055 0.8516 -0.4822
vn -0.2055 0.8516 -0.4822
vn -0.2055 0.8516 -0.4822
vn -0.2055 0.8516 -0.4822
vn -0.1117 -0.5108 0.8524
vn -0.1117 -0.5108 0.8524
vn -0.1117 -0.5108 0.8524
vn -0.1117 -0.5108 0.8524
vn 0.7660 -0.0117 0.6428
vn 0.7660 -0.0117 0.6428
vn 0.7660 -0.0117 0.6428
vn 0.7660 -0.0117 0.6428
vn 0.7660 -0.0117 0.6428
vn 0.7660 -0.0117 0.6428
vn 0.0869 -0.0728 0.9936
vn 0.0869 -0.0728 0.9936
vn 0.0869 -0.0728 0.9936
vn 0.0869 -0.0728 0.9936
vn 0.1699 0.4855 0.8576
vn 0.1699 0.4855 0.8576
vn 0.1699 0.4855 0.8576
vn 0.1699 0.4855 0.8576
vn -0.0153 0.9997 0.0182
vn -0.0153 0.9997 0.0182
vn -0.0153 0.9997 0.0182
vn -0.0153 0.9997 0.0182
vn -0.0153 0.9997 0.0182
vn -0.0153 0.9997 0.0182
vn 0.2693 -0.8261 -0.4950
vn 0.2693 -0.8261 -0.4950
vn 0.2693 -0.8261 -0.4950
vn 0.2693 -0.8261 -0.4950
vn -0.6408 0.7656 0.0560
vn -0.6408 0.7656 0.0560
vn -0.6408 0.7656 0.0560
vn -0.6408 0.7656 0.0560
vn -0.2055 0.8516 -0.4822
vn -0.2055 0.8516 -0.4822
vn -0.2055 0.8516 -0.4822
vn -0.2055 0.8516 -0.4822
vn -0.1117 -0.5108 0.8524
vn -0.1117 -0.5108 0.8524
vn -0.1117 -0.5108 0.8524
vn -0.1117 -0.5108 0.8524
vn 0.7660 -0.0117 0.6428
vn 0.7660 -0.0117 0.6428
vn 0.7660 -0.0117 0.6428
vn 0.7660 -0.0117 0.6428
vn 0.7660 -0.0117 0.6428
vn 0.7660 -0.0117 0.6428
vn 0.0869 -0.0728 0.9936
vn 0.0869 -0.0728 0.9936
vn 0.0869 -0.0728 0.9936
vn 0.0869 -0.0728 0.9936
vn 0.1699 0.4855 0.8576
vn 0.1699 0.4855 0.8576
vn 0.1699 0.4855 0.8576
vn 0.1699 0.4855 0.8576
vn -0.0153 0.9997 0.0182
vn -0.0153 0.9997 0.0182
vn -0.0153 0.9997 0.0182
vn -0.0153 0.9997 0.0182
vn -0.0153 0.9997 0.0182
vn -0.0153 0.9997 0.0182
f 1235//1235 1237//1237 1236//1236
f 1235//1235 1236//1236 1238//1238
f 1239//1239 1241//1241 1240//1240
f 1239//1239 1240//1240 1242//1242
f 1243//1243 1245//1245 1244//1244
f 1243//1243 1244//1244 1246//1246
f 1247//1247 1249//1249 1248//1248
f 1247//1247 1248//1248 1250//1250
f 1251//1251 1253//1253 1252//1252
f 1251//1251 1252//1252 1254//1254
f 1255//1255 1257//1257 1256//1256
f 1255//1255 1256//1256 1258//1258
f 1259//1259 1261//1261 1260//1260
f 1259//1259 1260//1260 1262//1262
f 1263//1263 1265//1265 1264//1264
f 1263//1263 1264//1264 1266//1266
f 1267//1267 1269//1269 1268//1268
f 1267//1267 1268//1268 1270//1270
f 1271//1271 1273//1273 1272//1272
f 1271//1271 1272//1272 1274//1274
f 1275//1275 1277//1277 1276//1276
f 1275//1275 1276//1276 1278//1278
f 1279//1279 1281//1281 1280//1280
f 1279//1279 1280//1280 1282//1282
f 1283//1283 1285//1285 1284//1284
f 1283//1283 1284//1284 1286//1286
f 1287//1287 1289//1289 1288//1288
f 1287//1287 1288//1288 1290//1290
f 1291//1291 1293//1293 1292//1292
f 1291//1291 1292//1292 1294//1294
f 1295//1295 1297//1297 1296//1296
f 1295//1295 1296//1296 1298//1298
f 1299//1299 1301//1301 1300//1300
f 1299//1299 1300//1300 1302//1302
f 1303//1303 1305//1305 1304//1304
f 1303//1303 1304//1304 1306//1306
f 1307//1307 1309//1309 1308//1308
f 1307//1307 1308//1308 1310//1310
f 1311//1311 1313//1313 1312//1312
f 1311//1311 1312//1312 1314//1314
f 1315//1315 1317//1317 1316//1316
f 1315//1315 1316//1316 1318//1318
f 1319//1319 1321//1321 1320//1320
f 1319//1319 1320//1320 1322//1322
f 1323//1323 1325//1325 1324//1324
f 1323//1323 1324//1324 1326//1326
f 1327//1327 1329//1329 1328//1328
f 1327//1327 1328//1328 1330//1330
f 1331//1331 1333//1333 1332//1332
f 1331//1331 1332//1332 1334//1334
f 1335//1335 1337//1337 1336//1336
f 1335//1335 1336//1336 1338//1338
f 1339//1339 1341//1341 1340//1340
f 1339//1339 1340//1340 1342//1342
f 1343//1343 1345//1345 1344//1344
f 1343//1343 1344//1344 1346//1346
f 1347//1347 1349//1349 1348//1348
f 1347//1347 1348//1348 1350//1350
f 1351//1351 1353//1353 1352//1352
f 1351//1351 1352//1352 1354//1354
f 1355//1355 1357//1357 1356//1356
f 1355//1355 1356//1356 1358//1358
f 1359//1359 1361//1361 1360//1360
f 1359//1359 1360//1360 1362//1362
f 1363//1363 1365//1365 1364//1364
f 1363//1363 1364//1364 1366//1366
f 1367//1367 1369//1369 1368//1368
f 1367//1367 1368//1368 1370//1370
f 1371//1371 1373//1373 1372//1372
f 1371//1371 1372//1372 1374//1374
f 1375//1375 1377//1377 1376//1376
f 1375//1375 1376//1376 1378//1378
f 1379//1379 1381//1381 1380//1380
f 1379//1379 1380//1380 1382//1382
f 1383//1383 1385//1385 1384//1384
f 1383//1383 1384//1384 1386//1386
f 1387//1387 1389//1389 1388//1388
f 1387//1387 1388//1388 1390//1390
f 1391//1391 1393//1393 1392//1392
f 1391//1391 1392//1392 1394//1394
f 1395//1395 1397//1397 1396//1396
f 1395//1395 1396//1396 1398//1398
f 1399//1399 1401//1401 1400//1400
f 1399//1399 1400//1400 1402//1402
f 1403//1403 1405//1405 1404//1404
f 1403//1403 1404//1404 1406//1406
f 1407//1407 1409//1409 1408//1408
f 1407//1407 1408//1408 1410//1410
f 1411//1411 1413//1413 1412//1412
f 1411//1411 1412//1412 1414//1414
f 1415//1415 1417//1417 1416//1416
f 1415//1415 1416//1416 1418//1418
f 1419//1419 1421//1421 1420//1420
f 1419//1419 1420//1420 1422//1422
f 1423//1423 1425//1425 1424//1424
f 1423//1423 1424//1424 1426//1426
f 1427//1427 1429//1429 1428//1428
f 1427//1427 1428//1428 1430//1430
f 1431//1431 1433//1433 1432//1432
f 1431//1431 1432//1432 1434//1434
f 1435//1435 1437//1437 1436//1436
f 1435//1435 1436//1436 1438//1438
f 1439//1439 1441//1441 1440//1440
f 1439//1439 1440//1440 1442//1442
f 1443//1443 1445//1445 1444//1444
f 1443//1443 1444//1444 1446//1446
f 1447//1447 1449//1449 1448//1448
f 1447//1447 1448//1448 1450//1450
f 1451//1451 1453//1453 1452//1452
f 1451//1451 1452//1452 1454//1454
f 1455//1455 1457//1457 1456//1456
f 1455//1455 1456//1456 1458//1458
f 1459//1459 1461//1461 1460//1460
f 1459//1459 1460//1460 1462//1462
f 1463//1463 1465//1465 1464//1464
f 1463//1463 1464//1464 1466//1466
f 1467//1467 1469//1469 1468//1468
f 1467//1467 1468//1468 1470//1470
f 1471//1471 1473//1473 1472//1472
f 1471//1471 1472//1472 1474//1474
f 1475//1475 1477//1477 1476//1476
f 1475//1475 1476//1476 1478//1478
f 1479//1479 1481//1481 1480//1480
f 1479//1479 1480//1480 1482//1482
f 1483//1483 1485//1485 1484//1484
f 1483//1483 1484//1484 1486//1486
f 1487//1487 1489//1489 1488//1488
f 1487//1487 1488//1488 1490//1490
f 1491//1491 1493//1493 1492//1492
f 1491//1491 1492//1492 1494//1494
f 1495//1495 1497//1497 1496//1496
f 1495//1495 1496//1496 1498//1498
f 1499//1499 1501//1501 1500//1500
f 1499//1499 1500//1500 1502//1502
f 1503//1503 1505//1505 1504//1504
f 1503//1503 1504//1504 1506//1506
f 1507//1507 1509//1509 1508//1508
f 1507//1507 1508//1508 1510//1510
f 1511//1511 1513//1513 1512//1512
f 1511//1511 1512//1512 1514//1514
f 1515//1515 1517//1517 1516//1516
f 1515//1515 1516//1516 1518//1518
f 1519//1519 1521//1521 1520//1520
f 1519//1519 1520//1520 1522//1522
f 1523//1523 1525//1525 1524//1524
f 1523//1523 1524//1524 1526//1526
f 1527//1527 1529//1529 1528//1528
f 1527//1527 1528//1528 1530//1530
f 1531//1531 1533//1533 1532//1532
f 1531//1531 1532//1532 1534//1534
f 1535//1535 1537//1537 1536//1536
f 1535//1535 1536//1536 1538//1538
f 1539//1539 1541//1541 1540//1540
f 1539//1539 1540//1540 1542//1542
f 1543//1543 1545//1545 1544//1544
f 1543//1543 1544//1544 1546//1546
f 1547//1547 1549//1549 1548//1548
f 1547//1547 1548//1548 1550//1550
f 1551//1551 1553//1553 1552//1552
f 1551//1551 1552//1552 1554//1554
f 1555//1555 1557//1557 1556//1556
f 1555//1555 1556//1556 1558//1558
f 1559//1559 1561//1561 1560//1560
f 1559//1559 1560//1560 1562//1562
f 1563//1563 1565//1565 1564//1564
f 1563//1563 1564//1564 1566//1566
f 1567//1567 1569//1569 1568//1568
f 1567//1567 1568//1568 1570//1570
f 1571//1571 1573//1573 1572//1572
f 1571//1571 1572//1572 1574//1574
f 1575//1575 1577//1577 1576//1576
f 1575//1575 1576//1576 1578//1578
f 1579//1579 1581//1581 1580//1580
f 1579//1579 1580//1580 1582//1582
f 1583//1583 1585//1585 1584//1584
f 1583//1583 1584//1584 1586//1586
f 1587//1587 1589//1589 1588//1588
f 1587//1587 1588//1588 1590//1590
f 1591//1591 1593//1593 1592//1592
f 1591//1591 1592//1592 1594//1594
f 1595//1595 1597//1597 1596//1596
f 1595//1595 1596//1596 1598//1598
f 1599//1599 1601//1601 1600//1600
f 1599//1599 1600//1600 1602//1602
f 1603//1603 1605//1605 1604//1604
f 1603//1603 1604//1604 1606//1606
f 1607//1607 1609//1609 1608//1608
f 1607//1607 1608//1608 1610//1610
f 1611//1611 1613//1613 1612//1612
f 1612//1612 1614//1614 1611//1611
f 1614//1614 1615//1615 1611//1611
f 1612//1612 1616//1616 1614//1614
f 1617//1617 1619//1619 1618//1618
f 1617//1617 1618//1618 1620//1620
f 1621//1621 1623//1623 1622//1622
f 1621//1621 1622//1622 1624//1624
f 1625//1625 1627//1627 1626//1626
f 1626//1626 1628//1628 1625//1625
f 1628//1628 1629//1629 1625//1625
f 1626//1626 1630//1630 1628//1628
f 1631//1631 1633//1633 1632//1632
f 1631//1631 1632//1632 1634//1634
f 1635//1635 1637//1637 1636//1636
f 1635//1635 1636//1636 1638//1638
f 1639//1639 1641//1641 1640//1640
f 1639//1639 1640//1640 1642//1642
f 1643//1643 1645//1645 1644//1644
f 1643//1643 1644//1644 1646//1646
f 1647//1647 1649//1649 1648//1648
f 1648//1648 1650//1650 1647//1647
f 1650//1650 1651//1651 1647//1647
f 1648//1648 1652//1652 1650//1650
f 1653//1653 1655//1655 1654//1654
f 1653//1653 1654//1654 1656//1656
f 1657//1657 1659//1659 1658//1658
f 1657//1657 1658//1658 1660//1660
f 1661//1661 1663//1663 1662//1662
f 1662//1662 1664//1664 1661//1661
f 1664//1664 1665//1665 1661//1661
f 1662//1662 1666//1666 1664//1664
f 1667//1667 1669//1669 1668//1668
f 1667//1667 1668//1668 1670//1670
f 1671//1671 1673//1673 1672//1672
f 1671//1671 1672//1672 1674//1674
f 1675//1675 1677//1677 1676//1676
f 1675//1675 1676//1676 1678//1678
f 1679//1679 1681//1681 1680//1680
f 1679//1679 1680//1680 1682//1682
f 1683//1683 1685//1685 1684//1684
f 1684//1684 1686//1686 1683//1683
f 1686//1686 1687//1687 1683//1683
f 1684//1684 1688//1688 1686//1686
f 1689//1689 1691//1691 1690//1690
f 1689//1689 1690//1690 1692//1692
f 1693//1693 1695//1695 1694//1694
f 1693//1693 1694//1694 1696//1696
f 1697//1697 1699//1699 1698//1698
f 1698//1698 1700//1700 1697//1697
f 1700//1700 1701//1701 1697//1697
f 1698//1698 1702//1702 1700//1700
f 1703//1703 1705//1705 1704//1704
f 1703//1703 1704//1704 1706//1706
f 1707//1707 1709//1709 1708//1708
f 1707//1707 1708//1708 1710//1710
f 1711//1711 1713//1713 1712//1712
f 1711//1711 1712//1712 1714//1714
f 1715//1715 1717//1717 1716//1716
f 1715//1715 1716//1716 1718//1718
f 1719//1719 1721//1721 1720//1720
f 1720//1720 1722//1722 1719//1719
f 1722//1722 1723//1723 1719//1719
f 1720//1720 1724//1724 1722//1722
f 1725//1725 1727//1727 1726//1726
f 1725//1725 1726//1726 1728//1728
f 1729//1729 1731//1731 1730//1730
f 1729//1729 1730//1730 1732//1732
f 1733//1733 1735//1735 1734//1734
f 1734//1734 1736//1736 1733//1733
f 1736//1736 1737//1737 1733//1733
f 1734//1734 1738//1738 1736//1736
g core_thatch
usemtl thatch
v -0.20500 0.42000 0.00000
v -0.12000 0.54000 -0.08000
v -0.03500 0.42000 0.00000
v -0.03500 0.42000 0.00000
v -0.12000 0.54000 -0.08000
v -0.03500 0.42000 -0.16000
v -0.03500 0.42000 -0.16000
v -0.12000 0.54000 -0.08000
v -0.20500 0.42000 -0.16000
v -0.20500 0.42000 -0.16000
v -0.12000 0.54000 -0.08000
v -0.20500 0.42000 0.00000
v -0.20500 0.42000 -0.16000
v -0.03500 0.42000 0.00000
v -0.03500 0.42000 -0.16000
v -0.20500 0.42000 0.00000
vn 0.1978 0.2840 0.9382
vn 0.1978 0.2840 0.9382
vn 0.1978 0.2840 0.9382
vn -0.5565 -0.4369 -0.7067
vn -0.5565 -0.4369 -0.7067
vn -0.5565 -0.4369 -0.7067
vn 0.5546 -0.7964 -0.2411
vn 0.5546 -0.7964 -0.2411
vn 0.5546 -0.7964 -0.2411
vn -0.0419 0.8498 0.5254
vn -0.0419 0.8498 0.5254
vn -0.0419 0.8498 0.5254
vn -0.0000 -0.7071 0.7071
vn -0.0000 -0.7071 0.7071
vn -0.0000 -0.7071 0.7071
vn -0.0000 -0.7071 0.7071
f 1739//1739 1741//1741 1740//1740
f 1742//1742 1744//1744 1743//1743
f 1745//1745 1747//1747 1746//1746
f 1748//1748 1750//1750 1749//1749
f 1751//1751 1753//1753 1752//1752
f 1751//1751 1752//1752 1754//1754
g core_wood_dark
usemtl wood_dark
v -0.07000 0.54000 -0.05800
v -0.06307 0.72000 -0.05400
v -0.07000 0.72000 -0.05800
v -0.06307 0.54000 -0.05400
v -0.06307 0.54000 -0.05400
v -0.06307 0.72000 -0.04600
v -0.06307 0.72000 -0.05400
v -0.06307 0.54000 -0.04600
v -0.06307 0.54000 -0.04600
v -0.07000 0.72000 -0.04200
v -0.06307 0.72000 -0.04600
v -0.07000 0.54000 -0.04200
v -0.07000 0.54000 -0.04200
v -0.07693 0.72000 -0.04600
v -0.07000 0.72000 -0.04200
v -0.07693 0.54000 -0.04600
v -0.06307 0.72000 -0.04600
v -0.07000 0.72000 -0.05800
v -0.06307 0.72000 -0.05400
v -0.07693 0.72000 -0.04600
v -0.07000 0.72000 -0.04200
v -0.07693 0.72000 -0.05400
v -0.07693 0.54000 -0.04600
v -0.07693 0.72000 -0.05400
v -0.07693 0.72000 -0.04600
v -0.07693 0.54000 -0.05400
v -0.07693 0.54000 -0.05400
v -0.07000 0.72000 -0.05800
v -0.07693 0.72000 -0.05400
v -0.07000 0.54000 -0.05800
v -0.07693 0.54000 -0.05400
v -0.06307 0.54000 -0.05400
v -0.07000 0.54000 -0.05800
v -0.07000 0.54000 -0.04200
v -0.07693 0.54000 -0.04600
v -0.06307 0.54000 -0.04600
vn 0.8581 -0.4592 0.2299
vn 0.8581 -0.4592 0.2299
vn 0.8581 -0.4592 0.2299
vn 0.8581 -0.4592 0.2299
vn 0.7071 -0.0000 0.7071
vn 0.7071 -0.0000 0.7071
vn 0.7071 -0.0000 0.7071
vn 0.7071 -0.0000 0.7071
vn 0.2563 -0.1372 0.9568
vn 0.2563 -0.1372 0.9568
vn 0.2563 -0.1372 0.9568
vn 0.2563 -0.1372 0.9568
vn -0.2330 0.4353 0.8696
vn -0.2330 0.4353 0.8696
vn -0.2330 0.4353 0.8696
vn -0.2330 0.4353 0.8696
vn -0.0000 0.7071 0.7071
vn -0.0000 0.7071 0.7071
vn -0.0000 0.7071 0.7071
vn -0.0000 0.7071 0.7071
vn -0.0000 0.7071 0.7071
vn -0.0000 0.7071 0.7071
vn 0.0000 1.0000 -0.0000
vn 0.0000 1.0000 -0.0000
vn 0.0000 1.0000 -0.0000
vn 0.0000 1.0000 -0.0000
vn -0.4681 0.8747 0.1254
vn -0.4681 0.8747 0.1254
vn -0.4681 0.8747 0.1254
vn -0.4681 0.8747 0.1254
vn -0.0000 -0.7071 0.7071
vn -0.0000 -0.7071 0.7071
vn -0.0000 -0.7071 0.7071
vn -0.0000 -0.7071 0.7071
vn -0.0000 -0.7071 0.7071
vn -0.0000 -0.7071 0.7071
f 1755//1755 1757//1757 1756//1756
f 1755//1755 1756//1756 1758//1758
f 1759//1759 1761//1761 1760//1760
f 1759//1759 1760//1760 1762//1762
f 1763//1763 1765//1765 1764//1764
f 1763//1763 1764//1764 1766//1766
f 1767//1767 1769//1769 1768//1768
f 1767//1767 1768//1768 1770//1770
f 1771//1771 1773//1773 1772//1772
f 1772//1772 1774//1774 1771//1771
f 1774//1774 1775//1775 1771//1771
f 1772//1772 1776//1776 1774//1774
f 1777//1777 1779//1779 1778//1778
f 1777//1777 1778//1778 1780//1780
f 1781//1781 1783//1783 1782//1782
f 1781//1781 1782//1782 1784//1784
f 1785//1785 1787//1787 1786//1786
f 1786//1786 1788//1788 1785//1785
f 1788//1788 1789//1789 1785//1785
f 1786//1786 1790//1790 1788//1788
g core_gold
usemtl gold
v -0.07300 0.62800 -0.05500
v -0.07300 0.64000 -0.15500
v -0.07300 0.64000 -0.05500
v -0.07300 0.62800 -0.15500
v -0.07300 0.62800 -0.15500
v -0.06700 0.64000 -0.15500
v -0.07300 0.64000 -0.15500
v -0.06700 0.62800 -0.15500
v -0.06700 0.62800 -0.15500
v -0.06700 0.64000 -0.05500
v -0.06700 0.64000 -0.15500
v -0.06700 0.62800 -0.05500
v -0.06700 0.62800 -0.05500
v -0.07300 0.64000 -0.05500
v -0.06700 0.64000 -0.05500
v -0.07300 0.62800 -0.05500
v -0.07300 0.62800 -0.15500
v -0.06700 0.62800 -0.05500
v -0.06700 0.62800 -0.15500
v -0.07300 0.62800 -0.05500
v -0.06700 0.64000 -0.15500
v -0.07300 0.64000 -0.05500
v -0.07300 0.64000 -0.15500
v -0.06700 0.64000 -0.05500
v -0.07000 0.71200 -0.05000
v -0.07387 0.71974 -0.03809
v -0.05987 0.71974 -0.04264
v -0.05987 0.71974 -0.04264
v -0.05987 0.71974 -0.05736
v -0.07000 0.71200 -0.05000
v -0.07000 0.71200 -0.05000
v -0.08252 0.71974 -0.05000
v -0.07387 0.71974 -0.03809
v -0.07000 0.71200 -0.05000
v -0.07387 0.71974 -0.06191
v -0.08252 0.71974 -0.05000
v -0.07000 0.71200 -0.05000
v -0.05987 0.71974 -0.05736
v -0.07387 0.71974 -0.06191
v -0.05987 0.71974 -0.04264
v -0.05748 0.73226 -0.05000
v -0.05987 0.71974 -0.05736
v -0.07387 0.71974 -0.03809
v -0.06613 0.73226 -0.03809
v -0.05987 0.71974 -0.04264
v -0.08252 0.71974 -0.05000
v -0.08013 0.73226 -0.04264
v -0.07387 0.71974 -0.03809
v -0.07387 0.71974 -0.06191
v -0.08013 0.73226 -0.05736
v -0.08252 0.71974 -0.05000
v -0.05987 0.71974 -0.05736
v -0.06613 0.73226 -0.06191
v -0.07387 0.71974 -0.06191
v -0.05987 0.71974 -0.04264
v -0.06613 0.73226 -0.03809
v -0.05748 0.73226 -0.05000
v -0.07387 0.71974 -0.03809
v -0.08013 0.73226 -0.04264
v -0.06613 0.73226 -0.03809
v -0.08252 0.71974 -0.05000
v -0.08013 0.73226 -0.05736
v -0.08013 0.73226 -0.04264
v -0.07387 0.71974 -0.06191
v -0.06613 0.73226 -0.06191
v -0.08013 0.73226 -0.05736
v -0.05987 0.71974 -0.05736
v -0.05748 0.73226 -0.05000
v -0.06613 0.73226 -0.06191
v -0.06613 0.73226 -0.03809
v -0.07000 0.74000 -0.05000
v -0.05748 0.73226 -0.05000
v -0.08013 0.73226 -0.04264
v -0.07000 0.74000 -0.05000
v -0.06613 0.73226 -0.03809
v -0.08013 0.73226 -0.05736
v -0.07000 0.74000 -0.05000
v -0.08013 0.73226 -0.04264
v -0.06613 0.73226 -0.06191
v -0.07000 0.74000 -0.05000
v -0.08013 0.73226 -0.05736
v -0.05748 0.73226 -0.05000
v -0.07000 0.74000 -0.05000
v -0.06613 0.73226 -0.06191
vn 0.0000 1.0000 -0.0000
vn 0.0000 1.0000 -0.0000
vn 0.0000 1.0000 -0.0000
vn 0.0000 1.0000 -0.0000
vn -0.7071 0.7071 -0.0000
vn -0.7071 0.7071 -0.0000
vn -0.7071 0.7071 -0.0000
vn -0.7071 0.7071 -0.0000
vn 0.7071 -0.0000 0.7071
vn 0.7071 -0.0000 0.7071
vn 0.7071 -0.0000 0.7071
vn 0.7071 -0.0000 0.7071
vn -0.0000 -0.0000 1.0000
vn -0.0000 -0.0000 1.0000
vn -0.0000 -0.0000 1.0000
vn -0.0000 -0.0000 1.0000
vn -0.0000 -0.7071 0.7071
vn -0.0000 -0.7071 0.7071
vn -0.0000 -0.7071 0.7071
vn -0.0000 -0.7071 0.7071
vn -0.0000 0.7071 0.7071
vn -0.0000 0.7071 0.7071
vn -0.0000 0.7071 0.7071
vn -0.0000 0.7071 0.7071
vn -0.0795 -0.4827 0.8722
vn -0.0795 -0.4827 0.8722
vn -0.0795 -0.4827 0.8722
vn 0.3666 -0.6071 0.7050
vn 0.3666 -0.6071 0.7050
vn 0.3666 -0.6071 0.7050
vn 0.1816 0.5485 -0.8162
vn 0.1816 0.5485 -0.8162
vn 0.1816 0.5485 -0.8162
vn -0.0193 0.8657 -0.5001
vn -0.0193 0.8657 -0.5001
vn -0.0193 0.8657 -0.5001
vn -0.4310 0.7842 -0.4464
vn -0.4310 0.7842 -0.4464
vn -0.4310 0.7842 -0.4464
vn 0.6943 -0.1338 0.7071
vn 0.6943 -0.1338 0.7071
vn 0.6943 -0.1338 0.7071
vn 0.0843 -0.2056 0.9750
vn 0.0843 -0.2056 0.9750
vn 0.0843 -0.2056 0.9750
vn -0.3099 0.9359 0.1672
vn -0.3099 0.9359 0.1672
vn -0.3099 0.9359 0.1672
vn -0.1515 0.9876 -0.0412
vn -0.1515 0.9876 -0.0412
vn -0.1515 0.9876 -0.0412
vn 0.7901 -0.5858 0.1808
vn 0.7901 -0.5858 0.1808
vn 0.7901 -0.5858 0.1808
vn 0.4624 0.0369 0.8859
vn 0.4624 0.0369 0.8859
vn 0.4624 0.0369 0.8859
vn -0.0249 0.2948 0.9552
vn -0.0249 0.2948 0.9552
vn -0.0249 0.2948 0.9552
vn -0.0017 0.9826 0.1859
vn -0.0017 0.9826 0.1859
vn -0.0017 0.9826 0.1859
vn -0.5790 0.7977 0.1683
vn -0.5790 0.7977 0.1683
vn -0.5790 0.7977 0.1683
vn 0.8940 -0.0789 0.4410
vn 0.8940 -0.0789 0.4410
vn 0.8940 -0.0789 0.4410
vn 0.3088 0.4757 0.8236
vn 0.3088 0.4757 0.8236
vn 0.3088 0.4757 0.8236
vn 0.1359 0.4900 0.8611
vn 0.1359 0.4900 0.8611
vn 0.1359 0.4900 0.8611
vn -0.0827 0.7552 0.6503
vn -0.0827 0.7552 0.6503
vn -0.0827 0.7552 0.6503
vn 0.3427 -0.8220 -0.4549
vn 0.3427 -0.8220 -0.4549
vn 0.3427 -0.8220 -0.4549
vn -0.1939 -0.8143 -0.5472
vn -0.1939 -0.8143 -0.5472
vn -0.1939 -0.8143 -0.5472
f 1815//1815 1817//1817 1816//1816
f 1818//1818 1820//1820 1819//1819
f 1821//1821 1823//1823 1822//1822
f 1824//1824 1826//1826 1825//1825
f 1827//1827 1829//1829 1828//1828
f 1830//1830 1832//1832 1831//1831
f 1833//1833 1835//1835 1834//1834
f 1836//1836 1838//1838 1837//1837
f 1839//1839 1841//1841 1840//1840
f 1842//1842 1844//1844 1843//1843
f 1845//1845 1847//1847 1846//1846
f 1848//1848 1850//1850 1849//1849
f 1851//1851 1853//1853 1852//1852
f 1854//1854 1856//1856 1855//1855
f 1857//1857 1859//1859 1858//1858
f 1860//1860 1862//1862 1861//1861
f 1863//1863 1865//1865 1864//1864
f 1866//1866 1868//1868 1867//1867
f 1869//1869 1871//1871 1870//1870
f 1872//1872 1874//1874 1873//1873
f 1791//1791 1793//1793 1792//1792
f 1791//1791 1792//1792 1794//1794
f 1795//1795 1797//1797 1796//1796
f 1795//1795 1796//1796 1798//1798
f 1799//1799 1801//1801 1800//1800
f 1799//1799 1800//1800 1802//1802
f 1803//1803 1805//1805 1804//1804
f 1803//1803 1804//1804 1806//1806
f 1807//1807 1809//1809 1808//1808
f 1807//1807 1808//1808 1810//1810
f 1811//1811 1813//1813 1812//1812
f 1811//1811 1812//1812 1814//1814
g core_team
usemtl team
v -0.27039 0.00000 0.12790
v -0.20000 0.13000 0.08000
v -0.14111 0.00000 0.14149
v -0.14111 0.00000 0.14149
v -0.20000 0.13000 0.08000
v -0.12961 0.00000 0.03210
v -0.12961 0.00000 0.03210
v -0.20000 0.13000 0.08000
v -0.25889 0.00000 0.01851
v -0.25889 0.00000 0.01851
v -0.20000 0.13000 0.08000
v -0.27039 0.00000 0.12790
v -0.25889 0.00000 0.01851
v -0.14111 0.00000 0.14149
v -0.12961 0.00000 0.03210
v -0.27039 0.00000 0.12790
v -0.06900 0.64200 -0.05500
v -0.07100 0.70800 -0.05500
v -0.06900 0.70800 -0.05500
v -0.07100 0.64200 -0.05500
v -0.06700 0.64200 -0.15300
v -0.06700 0.70800 -0.05700
v -0.06700 0.70800 -0.15300
v -0.06700 0.64200 -0.05700
v -0.06900 0.71000 -0.15300
v -0.07100 0.71000 -0.05700
v -0.07100 0.71000 -0.15300
v -0.06900 0.71000 -0.05700
v -0.07300 0.64200 -0.05700
v -0.07300 0.70800 -0.15300
v -0.07300 0.70800 -0.05700
v -0.07300 0.64200 -0.15300
v -0.07100 0.64200 -0.15500
v -0.06900 0.70800 -0.15500
v -0.07100 0.70800 -0.15500
v -0.06900 0.64200 -0.15500
v -0.07100 0.64000 -0.05700
v -0.07300 0.64200 -0.05700
v -0.07100 0.64200 -0.05500
v -0.07100 0.70800 -0.05500
v -0.07300 0.70800 -0.05700
v -0.07100 0.71000 -0.05700
v -0.07100 0.64000 -0.15300
v -0.07100 0.64200 -0.15500
v -0.07300 0.64200 -0.15300
v -0.07100 0.71000 -0.15300
v -0.07300 0.70800 -0.15300
v -0.07100 0.70800 -0.15500
v -0.06900 0.64000 -0.05700
v -0.06900 0.64200 -0.05500
v -0.06700 0.64200 -0.05700
v -0.06900 0.71000 -0.05700
v -0.06700 0.70800 -0.05700
v -0.06900 0.70800 -0.05500
v -0.06900 0.64000 -0.15300
v -0.06700 0.64200 -0.15300
v -0.06900 0.64200 -0.15500
v -0.06900 0.71000 -0.15300
v -0.06900 0.70800 -0.15500
v -0.06700 0.70800 -0.15300
v -0.07100 0.64000 -0.15300
v -0.07300 0.64200 -0.05700
v -0.07100 0.64000 -0.05700
v -0.07300 0.64200 -0.15300
v -0.07100 0.64200 -0.05500
v -0.07300 0.70800 -0.05700
v -0.07100 0.70800 -0.05500
v -0.07300 0.64200 -0.05700
v -0.07100 0.71000 -0.05700
v -0.07300 0.70800 -0.15300
v -0.07100 0.71000 -0.15300
v -0.07300 0.70800 -0.05700
v -0.07100 0.70800 -0.15500
v -0.07300 0.64200 -0.15300
v -0.07100 0.64200 -0.15500
v -0.07300 0.70800 -0.15300
v -0.06900 0.64000 -0.15300
v -0.07100 0.64200 -0.15500
v -0.07100 0.64000 -0.15300
v -0.06900 0.64200 -0.15500
v -0.07100 0.71000 -0.15300
v -0.06900 0.70800 -0.15500
v -0.06900 0.71000 -0.15300
v -0.07100 0.70800 -0.15500
v -0.06700 0.70800 -0.15300
v -0.06900 0.64200 -0.15500
v -0.06700 0.64200 -0.15300
v -0.06900 0.70800 -0.15500
v -0.06900 0.64000 -0.05700
v -0.06700 0.64200 -0.15300
v -0.06900 0.64000 -0.15300
v -0.06700 0.64200 -0.05700
v -0.06900 0.71000 -0.15300
v -0.06700 0.70800 -0.05700
v -0.06900 0.71000 -0.05700
v -0.06700 0.70800 -0.15300
v -0.06900 0.70800 -0.05500
v -0.06700 0.64200 -0.05700
v -0.06900 0.64200 -0.05500
v -0.06700 0.70800 -0.05700
v -0.07100 0.64000 -0.05700
v -0.06900 0.64200 -0.05500
v -0.06900 0.64000 -0.05700
v -0.07100 0.64200 -0.05500
v -0.06900 0.71000 -0.05700
v -0.07100 0.70800 -0.05500
v -0.07100 0.71000 -0.05700
v -0.06900 0.70800 -0.05500
v -0.07100 0.64000 -0.15300
v -0.06900 0.64000 -0.05700
v -0.06900 0.64000 -0.15300
v -0.07100 0.64000 -0.05700
vn -0.0963 0.3896 0.9159
vn -0.0963 0.3896 0.9159
vn -0.0963 0.3896 0.9159
vn 0.8895 0.4472 0.0936
vn 0.8895 0.4472 0.0936
vn 0.8895 0.4472 0.0936
vn 0.0963 0.3897 -0.9159
vn 0.0963 0.3897 -0.9159
vn 0.0963 0.3897 -0.9159
vn -0.8895 0.4472 -0.0935
vn -0.8895 0.4472 -0.0935
vn -0.8895 0.4472 -0.0935
vn 0.0000 -1.0000 -0.0000
vn 0.0000 -1.0000 -0.0000
vn 0.0000 -1.0000 -0.0000
vn 0.0000 -1.0000 -0.0000
vn -0.0000 -0.0000 1.0000
vn -0.0000 -0.0000 1.0000
vn -0.0000 -0.0000 1.0000
vn -0.0000 -0.0000 1.0000
vn 1.0000 0.0000 -0.0000
vn 1.0000 0.0000 -0.0000
vn 1.0000 0.0000 -0.0000
vn 1.0000 0.0000 -0.0000
vn 0.0000 1.0000 -0.0000
vn 0.0000 1.0000 -0.0000
vn 0.0000 1.0000 -0.0000
vn 0.0000 1.0000 -0.0000
vn -1.0000 0.0000 -0.0000
vn -1.0000 0.0000 -0.0000
vn -1.0000 0.0000 -0.0000
vn -1.0000 0.0000 -0.0000
vn 0.0000 0.0000 -1.0000
vn 0.0000 0.0000 -1.0000
vn 0.0000 0.0000 -1.0000
vn 0.0000 0.0000 -1.0000
vn -0.5774 -0.5774 0.5772
vn -0.5774 -0.5774 0.5772
vn -0.5774 -0.5774 0.5772
vn -0.5774 0.5774 0.5773
vn -0.5774 0.5774 0.5773
vn -0.5774 0.5774 0.5773
vn -0.5774 -0.5773 -0.5774
vn -0.5774 -0.5773 -0.5774
vn -0.5774 -0.5773 -0.5774
vn -0.5774 0.5773 -0.5774
vn -0.5774 0.5773 -0.5774
vn -0.5774 0.5773 -0.5774
vn 0.5774 -0.5774 0.5773
vn 0.5774 -0.5774 0.5773
vn 0.5774 -0.5774 0.5773
vn 0.5774 0.5774 0.5774
vn 0.5774 0.5774 0.5774
vn 0.5774 0.5774 0.5774
vn 0.5774 -0.5774 -0.5772
vn 0.5774 -0.5774 -0.5772
vn 0.5774 -0.5774 -0.5772
vn 0.5774 0.5774 -0.5772
vn 0.5774 0.5774 -0.5772
vn 0.5774 0.5774 -0.5772
vn -0.7071 -0.7071 -0.0001
vn -0.7071 -0.7071 -0.0001
vn -0.7071 -0.7071 -0.0001
vn -0.7071 -0.7071 -0.0001
vn -0.7071 -0.0000 0.7071
vn -0.7071 -0.0000 0.7071
vn -0.7071 -0.0000 0.7071
vn -0.7071 -0.0000 0.7071
vn -0.7071 0.7071 -0.0000
vn -0.7071 0.7071 -0.0000
vn -0.7071 0.7071 -0.0000
vn -0.7071 0.7071 -0.0000
vn -0.7071 0.0000 -0.7071
vn -0.7071 0.0000 -0.7071
vn -0.7071 0.0000 -0.7071
vn -0.7071 0.0000 -0.7071
vn 0.0000 -0.7071 -0.7071
vn 0.0000 -0.7071 -0.7071
vn 0.0000 -0.7071 -0.7071
vn 0.0000 -0.7071 -0.7071
vn 0.0000 0.7071 -0.7071
vn 0.0000 0.7071 -0.7071
vn 0.0000 0.7071 -0.7071
vn 0.0000 0.7071 -0.7071
vn 0.7071 0.0000 -0.7071
vn 0.7071 0.0000 -0.7071
vn 0.7071 0.0000 -0.7071
vn 0.7071 0.0000 -0.7071
vn 0.7071 -0.7071 -0.0000
vn 0.7071 -0.7071 -0.0000
vn 0.7071 -0.7071 -0.0000
vn 0.7071 -0.7071 -0.0000
vn 0.7071 0.7071 0.0000
vn 0.7071 0.7071 0.0000
vn 0.7071 0.7071 0.0000
vn 0.7071 0.7071 0.0000
vn 0.7071 -0.0000 0.7071
vn 0.7071 -0.0000 0.7071
vn 0.7071 -0.0000 0.7071
vn 0.7071 -0.0000 0.7071
vn -0.0000 -0.7071 0.7071
vn -0.0000 -0.7071 0.7071
vn -0.0000 -0.7071 0.7071
vn -0.0000 -0.7071 0.7071
vn -0.0000 0.7071 0.7071
vn -0.0000 0.7071 0.7071
vn -0.0000 0.7071 0.7071
vn -0.0000 0.7071 0.7071
vn 0.0000 -1.0000 -0.0000
vn 0.0000 -1.0000 -0.0000
vn 0.0000 -1.0000 -0.0000
vn 0.0000 -1.0000 -0.0000
f 1891//1891 1893//1893 1892//1892
f 1891//1891 1892//1892 1894//1894
f 1895//1895 1897//1897 1896//1896
f 1895//1895 1896//1896 1898//1898
f 1899//1899 1901//1901 1900//1900
f 1899//1899 1900//1900 1902//1902
f 1903//1903 1905//1905 1904//1904
f 1903//1903 1904//1904 1906//1906
f 1907//1907 1909//1909 1908//1908
f 1907//1907 1908//1908 1910//1910
f 1911//1911 1913//1913 1912//1912
f 1914//1914 1916//1916 1915//1915
f 1917//1917 1919//1919 1918//1918
f 1920//1920 1922//1922 1921//1921
f 1923//1923 1925//1925 1924//1924
f 1926//1926 1928//1928 1927//1927
f 1929//1929 1931//1931 1930//1930
f 1932//1932 1934//1934 1933//1933
f 1935//1935 1937//1937 1936//1936
f 1935//1935 1936//1936 1938//1938
f 1939//1939 1941//1941 1940//1940
f 1939//1939 1940//1940 1942//1942
f 1943//1943 1945//1945 1944//1944
f 1943//1943 1944//1944 1946//1946
f 1947//1947 1949//1949 1948//1948
f 1947//1947 1948//1948 1950//1950
f 1951//1951 1953//1953 1952//1952
f 1951//1951 1952//1952 1954//1954
f 1955//1955 1957//1957 1956//1956
f 1955//1955 1956//1956 1958//1958
f 1959//1959 1961//1961 1960//1960
f 1959//1959 1960//1960 1962//1962
f 1963//1963 1965//1965 1964//1964
f 1963//1963 1964//1964 1966//1966
f 1967//1967 1969//1969 1968//1968
f 1967//1967 1968//1968 1970//1970
f 1971//1971 1973//1973 1972//1972
f 1971//1971 1972//1972 1974//1974
f 1975//1975 1977//1977 1976//1976
f 1975//1975 1976//1976 1978//1978
f 1979//1979 1981//1981 1980//1980
f 1979//1979 1980//1980 1982//1982
f 1983//1983 1985//1985 1984//1984
f 1983//1983 1984//1984 1986//1986
f 1875//1875 1877//1877 1876//1876
f 1878//1878 1880//1880 1879//1879
f 1881//1881 1883//1883 1882//1882
f 1884//1884 1886//1886 1885//1885
f 1887//1887 1889//1889 1888//1888
f 1887//1887 1888//1888 1890//1890
g core_white
usemtl white
v 0.07937 0.00000 -0.00491
v 0.15000 0.15000 -0.07000
v 0.22900 0.00000 -0.01538
v 0.22900 0.00000 -0.01538
v 0.15000 0.15000 -0.07000
v 0.22063 0.00000 -0.13509
v 0.22063 0.00000 -0.13509
v 0.15000 0.15000 -0.07000
v 0.07100 0.00000 -0.12462
v 0.07100 0.00000 -0.12462
v 0.15000 0.15000 -0.07000
v 0.07937 0.00000 -0.00491
v 0.07100 0.00000 -0.12462
v 0.22900 0.00000 -0.01538
v 0.22063 0.00000 -0.13509
v 0.07937 0.00000 -0.00491
vn 0.1811 0.1611 0.9702
vn 0.1811 0.1611 0.9702
vn 0.1811 0.1611 0.9702
vn -0.6461 -0.3372 -0.6847
vn -0.6461 -0.3372 -0.6847
vn -0.6461 -0.3372 -0.6847
vn 0.6261 -0.7614 -0.1679
vn 0.6261 -0.7614 -0.1679
vn 0.6261 -0.7614 -0.1679
vn -0.0048 0.9008 0.4343
vn -0.0048 0.9008 0.4343
vn -0.0048 0.9008 0.4343
vn -0.0000 -0.7071 0.7071
vn -0.0000 -0.7071 0.7071
vn -0.0000 -0.7071 0.7071
vn -0.0000 -0.7071 0.7071
f 1987//1987 1989//1989 1988//1988
f 1990//1990 1992//1992 1991//1991
f 1993//1993 1995//1995 1994//1994
f 1996//1996 1998//1998 1997//1997
f 1999//1999 2001//2001 2000//2000
f 1999//1999 2000//2000 2002//2002
g core_black
usemtl black
v 0.13400 0.00000 -0.00400
v 0.13400 0.06000 -0.01000
v 0.13400 0.06000 -0.00400
v 0.13400 0.00000 -0.01000
v 0.13400 0.00000 -0.01000
v 0.16600 0.06000 -0.01000
v 0.13400 0.06000 -0.01000
v 0.16600 0.00000 -0.01000
v 0.16600 0.00000 -0.01000
v 0.16600 0.06000 -0.00400
v 0.16600 0.06000 -0.01000
v 0.16600 0.00000 -0.00400
v 0.16600 0.00000 -0.00400
v 0.13400 0.06000 -0.00400
v 0.16600 0.06000 -0.00400
v 0.13400 0.00000 -0.00400
v 0.13400 0.00000 -0.01000
v 0.16600 0.00000 -0.00400
v 0.16600 0.00000 -0.01000
v 0.13400 0.00000 -0.00400
v 0.16600 0.06000 -0.01000
v 0.13400 0.06000 -0.00400
v 0.13400 0.06000 -0.01000
v 0.16600 0.06000 -0.00400
vn 0.0000 1.0000 -0.0000
vn 0.0000 1.0000 -0.0000
vn 0.0000 1.0000 -0.0000
vn 0.0000 1.0000 -0.0000
vn -0.7071 0.7071 -0.0000
vn -0.7071 0.7071 -0.0000
vn -0.7071 0.7071 -0.0000
vn -0.7071 0.7071 -0.0000
vn 0.7071 -0.0000 0.7071
vn 0.7071 -0.0000 0.7071
vn 0.7071 -0.0000 0.7071
vn 0.7071 -0.0000 0.7071
vn -0.0000 -0.0000 1.0000
vn -0.0000 -0.0000 1.0000
vn -0.0000 -0.0000 1.0000
vn -0.0000 -0.0000 1.0000
vn -0.0000 -0.7071 0.7071
vn -0.0000 -0.7071 0.7071
vn -0.0000 -0.7071 0.7071
vn -0.0000 -0.7071 0.7071
vn -0.0000 0.7071 0.7071
vn -0.0000 0.7071 0.7071
vn -0.0000 0.7071 0.7071
vn -0.0000 0.7071 0.7071
f 2003//2003 2005//2005 2004//2004
f 2003//2003 2004//2004 2006//2006
f 2007//2007 2009//2009 2008//2008
f 2007//2007 2008//2008 2010//2010
f 2011//2011 2013//2013 2012//2012
f 2011//2011 2012//2012 2014//2014
f 2015//2015 2017//2017 2016//2016
f 2015//2015 2016//2016 2018//2018
f 2019//2019 2021//2021 2020//2020
f 2019//2019 2020//2020 2022//2022
f 2023//2023 2025//2025 2024//2024
f 2023//2023 2024//2024 2026//2026
g core_stone_dark
usemtl stone_dark
v 0.06500 -0.00600 0.10000
v 0.06168 0.00063 0.11021
v 0.07368 0.00063 0.10631
v 0.07368 0.00063 0.10631
v 0.07368 0.00063 0.09369
v 0.06500 -0.00600 0.10000
v 0.06500 -0.00600 0.10000
v 0.05427 0.00063 0.10000
v 0.06168 0.00063 0.11021
v 0.06500 -0.00600 0.10000
v 0.06168 0.00063 0.08979
v 0.05427 0.00063 0.10000
v 0.06500 -0.00600 0.10000
v 0.07368 0.00063 0.09369
v 0.06168 0.00063 0.08979
v 0.07368 0.00063 0.10631
v 0.07573 0.01137 0.10000
v 0.07368 0.00063 0.09369
v 0.06168 0.00063 0.11021
v 0.06832 0.01137 0.11021
v 0.07368 0.00063 0.10631
v 0.05427 0.00063 0.10000
v 0.05632 0.01137 0.10631
v 0.06168 0.00063 0.11021
v 0.06168 0.00063 0.08979
v 0.05632 0.01137 0.09369
v 0.05427 0.00063 0.10000
v 0.07368 0.00063 0.09369
v 0.06832 0.01137 0.08979
v 0.06168 0.00063 0.08979
v 0.07368 0.00063 0.10631
v 0.06832 0.01137 0.11021
v 0.07573 0.01137 0.10000
v 0.06168 0.00063 0.11021
v 0.05632 0.01137 0.10631
v 0.06832 0.01137 0.11021
v 0.05427 0.00063 0.10000
v 0.05632 0.01137 0.09369
v 0.05632 0.01137 0.10631
v 0.06168 0.00063 0.08979
v 0.06832 0.01137 0.08979
v 0.05632 0.01137 0.09369
v 0.07368 0.00063 0.09369
v 0.07573 0.01137 0.10000
v 0.06832 0.01137 0.08979
v 0.06832 0.01137 0.11021
v 0.06500 0.01800 0.10000
v 0.07573 0.01137 0.10000
v 0.05632 0.01137 0.10631
v 0.06500 0.01800 0.10000
v 0.06832 0.01137 0.11021
v 0.05632 0.01137 0.09369
v 0.06500 0.01800 0.10000
v 0.05632 0.01137 0.10631
v 0.06832 0.01137 0.08979
v 0.06500 0.01800 0.10000
v 0.05632 0.01137 0.09369
v 0.07573 0.01137 0.10000
v 0.06500 0.01800 0.10000
v 0.06832 0.01137 0.08979
v 0.04750 -0.00600 0.06969
v 0.04418 0.00063 0.07990
v 0.05618 0.00063 0.07600
v 0.05618 0.00063 0.07600
v 0.05618 0.00063 0.06338
v 0.04750 -0.00600 0.06969
v 0.04750 -0.00600 0.06969
v 0.03677 0.00063 0.06969
v 0.04418 0.00063 0.07990
v 0.04750 -0.00600 0.06969
v 0.04418 0.00063 0.05948
v 0.03677 0.00063 0.06969
v 0.04750 -0.00600 0.06969
v 0.05618 0.00063 0.06338
v 0.04418 0.00063 0.05948
v 0.05618 0.00063 0.07600
v 0.05823 0.01137 0.06969
v 0.05618 0.00063 0.06338
v 0.04418 0.00063 0.07990
v 0.05082 0.01137 0.07990
v 0.05618 0.00063 0.07600
v 0.03677 0.00063 0.06969
v 0.03882 0.01137 0.07600
v 0.04418 0.00063 0.07990
v 0.04418 0.00063 0.05948
v 0.03882 0.01137 0.06338
v 0.03677 0.00063 0.06969
v 0.05618 0.00063 0.06338
v 0.05082 0.01137 0.05948
v 0.04418 0.00063 0.05948
v 0.05618 0.00063 0.07600
v 0.05082 0.01137 0.07990
v 0.05823 0.01137 0.06969
v 0.04418 0.00063 0.07990
v 0.03882 0.01137 0.07600
v 0.05082 0.01137 0.07990
v 0.03677 0.00063 0.06969
v 0.03882 0.01137 0.06338
v 0.03882 0.01137 0.07600
v 0.04418 0.00063 0.05948
v 0.05082 0.01137 0.05948
v 0.03882 0.01137 0.06338
v 0.05618 0.00063 0.06338
v 0.05823 0.01137 0.06969
v 0.05082 0.01137 0.05948
v 0.05082 0.01137 0.07990
v 0.04750 0.01800 0.06969
v 0.05823 0.01137 0.06969
v 0.03882 0.01137 0.07600
v 0.04750 0.01800 0.06969
v 0.05082 0.01137 0.07990
v 0.03882 0.01137 0.06338
v 0.04750 0.01800 0.06969
v 0.03882 0.01137 0.07600
v 0.05082 0.01137 0.05948
v 0.04750 0.01800 0.06969
v 0.03882 0.01137 0.06338
v 0.05823 0.01137 0.06969
v 0.04750 0.01800 0.06969
v 0.05082 0.01137 0.05948
v 0.01250 -0.00600 0.06969
v 0.00918 0.00063 0.07990
v 0.02118 0.00063 0.07600
v 0.02118 0.00063 0.07600
v 0.02118 0.00063 0.06338
v 0.01250 -0.00600 0.06969
v 0.01250 -0.00600 0.06969
v 0.00177 0.00063 0.06969
v 0.00918 0.00063 0.07990
v 0.01250 -0.00600 0.06969
v 0.00918 0.00063 0.05948
v 0.00177 0.00063 0.06969
v 0.01250 -0.00600 0.06969
v 0.02118 0.00063 0.06338
v 0.00918 0.00063 0.05948
v 0.02118 0.00063 0.07600
v 0.02323 0.01137 0.06969
v 0.02118 0.00063 0.06338
v 0.00918 0.00063 0.07990
v 0.01582 0.01137 0.07990
v 0.02118 0.00063 0.07600
v 0.00177 0.00063 0.06969
v 0.00382 0.01137 0.07600
v 0.00918 0.00063 0.07990
v 0.00918 0.00063 0.05948
v 0.00382 0.01137 0.06338
v 0.00177 0.00063 0.06969
v 0.02118 0.00063 0.06338
v 0.01582 0.01137 0.05948
v 0.00918 0.00063 0.05948
v 0.02118 0.00063 0.07600
v 0.01582 0.01137 0.07990
v 0.02323 0.01137 0.06969
v 0.00918 0.00063 0.07990
v 0.00382 0.01137 0.07600
v 0.01582 0.01137 0.07990
v 0.00177 0.00063 0.06969
v 0.00382 0.01137 0.06338
v 0.00382 0.01137 0.07600
v 0.00918 0.00063 0.05948
v 0.01582 0.01137 0.05948
v 0.00382 0.01137 0.06338
v 0.02118 0.00063 0.06338
v 0.02323 0.01137 0.06969
v 0.01582 0.01137 0.05948
v 0.01582 0.01137 0.07990
v 0.01250 0.01800 0.06969
v 0.02323 0.01137 0.06969
v 0.00382 0.01137 0.07600
v 0.01250 0.01800 0.06969
v 0.01582 0.01137 0.07990
v 0.00382 0.01137 0.06338
v 0.01250 0.01800 0.06969
v 0.00382 0.01137 0.07600
v 0.01582 0.01137 0.05948
v 0.01250 0.01800 0.06969
v 0.00382 0.01137 0.06338
v 0.02323 0.01137 0.06969
v 0.01250 0.01800 0.06969
v 0.01582 0.01137 0.05948
v -0.00500 -0.00600 0.10000
v -0.00832 0.00063 0.11021
v 0.00368 0.00063 0.10631
v 0.00368 0.00063 0.10631
v 0.00368 0.00063 0.09369
v -0.00500 -0.00600 0.10000
v -0.00500 -0.00600 0.10000
v -0.01573 0.00063 0.10000
v -0.00832 0.00063 0.11021
v -0.00500 -0.00600 0.10000
v -0.00832 0.00063 0.08979
v -0.01573 0.00063 0.10000
v -0.00500 -0.00600 0.10000
v 0.00368 0.00063 0.09369
v -0.00832 0.00063 0.08979
v 0.00368 0.00063 0.10631
v 0.00573 0.01137 0.10000
v 0.00368 0.00063 0.09369
v -0.00832 0.00063 0.11021
v -0.00168 0.01137 0.11021
v 0.00368 0.00063 0.10631
v -0.01573 0.00063 0.10000
v -0.01368 0.01137 0.10631
v -0.00832 0.00063 0.11021
v -0.00832 0.00063 0.08979
v -0.01368 0.01137 0.09369
v -0.01573 0.00063 0.10000
v 0.00368 0.00063 0.09369
v -0.00168 0.01137 0.08979
v -0.00832 0.00063 0.08979
v 0.00368 0.00063 0.10631
v -0.00168 0.01137 0.11021
v 0.00573 0.01137 0.10000
v -0.00832 0.00063 0.11021
v -0.01368 0.01137 0.10631
v -0.00168 0.01137 0.11021
v -0.01573 0.00063 0.10000
v -0.01368 0.01137 0.09369
v -0.01368 0.01137 0.10631
v -0.00832 0.00063 0.08979
v -0.00168 0.01137 0.08979
v -0.01368 0.01137 0.09369
v 0.00368 0.00063 0.09369
v 0.00573 0.01137 0.10000
v -0.00168 0.01137 0.08979
v -0.00168 0.01137 0.11021
v -0.00500 0.01800 0.10000
v 0.00573 0.01137 0.10000
v -0.01368 0.01137 0.10631
v -0.00500 0.01800 0.10000
v -0.00168 0.01137 0.11021
v -0.01368 0.01137 0.09369
v -0.00500 0.01800 0.10000
v -0.01368 0.01137 0.10631
v -0.00168 0.01137 0.08979
v -0.00500 0.01800 0.10000
v -0.01368 0.01137 0.09369
v 0.00573 0.01137 0.10000
v -0.00500 0.01800 0.10000
v -0.00168 0.01137 0.08979
v 0.01250 -0.00600 0.13031
v 0.00918 0.00063 0.14052
v 0.02118 0.00063 0.13662
v 0.02118 0.00063 0.13662
v 0.02118 0.00063 0.12400
v 0.01250 -0.00600 0.13031
v 0.01250 -0.00600 0.13031
v 0.00177 0.00063 0.13031
v 0.00918 0.00063 0.14052
v 0.01250 -0.00600 0.13031
v 0.00918 0.00063 0.12010
v 0.00177 0.00063 0.13031
v 0.01250 -0.00600 0.13031
v 0.02118 0.00063 0.12400
v 0.00918 0.00063 0.12010
v 0.02118 0.00063 0.13662
v 0.02323 0.01137 0.13031
v 0.02118 0.00063 0.12400
v 0.00918 0.00063 0.14052
v 0.01582 0.01137 0.14052
v 0.02118 0.00063 0.13662
v 0.00177 0.00063 0.13031
v 0.00382 0.01137 0.13662
v 0.00918 0.00063 0.14052
v 0.00918 0.00063 0.12010
v 0.00382 0.01137 0.12400
v 0.00177 0.00063 0.13031
v 0.02118 0.00063 0.12400
v 0.01582 0.01137 0.12010
v 0.00918 0.00063 0.12010
v 0.02118 0.00063 0.13662
v 0.01582 0.01137 0.14052
v 0.02323 0.01137 0.13031
v 0.00918 0.00063 0.14052
v 0.00382 0.01137 0.13662
v 0.01582 0.01137 0.14052
v 0.00177 0.00063 0.13031
v 0.00382 0.01137 0.12400
v 0.00382 0.01137 0.13662
v 0.00918 0.00063 0.12010
v 0.01582 0.01137 0.12010
v 0.00382 0.01137 0.12400
v 0.02118 0.00063 0.12400
v 0.02323 0.01137 0.13031
v 0.01582 0.01137 0.12010
v 0.01582 0.01137 0.14052
v 0.01250 0.01800 0.13031
v 0.02323 0.01137 0.13031
v 0.00382 0.01137 0.13662
v 0.01250 0.01800 0.13031
v 0.01582 0.01137 0.14052
v 0.00382 0.01137 0.12400
v 0.01250 0.01800 0.13031
v 0.00382 0.01137 0.13662
v 0.01582 0.01137 0.12010
v 0.01250 0.01800 0.13031
v 0.00382 0.01137 0.12400
v 0.02323 0.01137 0.13031
v 0.01250 0.01800 0.13031
v 0.01582 0.01137 0.12010
v 0.04750 -0.00600 0.13031
v 0.04418 0.00063 0.14052
v 0.05618 0.00063 0.13662
v 0.05618 0.00063 0.13662
v 0.05618 0.00063 0.12400
v 0.04750 -0.00600 0.13031
v 0.04750 -0.00600 0.13031
v 0.03677 0.00063 0.13031
v 0.04418 0.00063 0.14052
v 0.04750 -0.00600 0.13031
v 0.04418 0.00063 0.12010
v 0.03677 0.00063 0.13031
v 0.04750 -0.00600 0.13031
v 0.05618 0.00063 0.12400
v 0.04418 0.00063 0.12010
v 0.05618 0.00063 0.13662
v 0.05823 0.01137 0.13031
v 0.05618 0.00063 0.12400
v 0.04418 0.00063 0.14052
v 0.05082 0.01137 0.14052
v 0.05618 0.00063 0.13662
v 0.03677 0.00063 0.13031
v 0.03882 0.01137 0.13662
v 0.04418 0.00063 0.14052
v 0.04418 0.00063 0.12010
v 0.03882 0.01137 0.12400
v 0.03677 0.00063 0.13031
v 0.05618 0.00063 0.12400
v 0.05082 0.01137 0.12010
v 0.04418 0.00063 0.12010
v 0.05618 0.00063 0.13662
v 0.05082 0.01137 0.14052
v 0.05823 0.01137 0.13031
v 0.04418 0.00063 0.14052
v 0.03882 0.01137 0.13662
v 0.05082 0.01137 0.14052
v 0.03677 0.00063 0.13031
v 0.03882 0.01137 0.12400
v 0.03882 0.01137 0.13662
v 0.04418 0.00063 0.12010
v 0.05082 0.01137 0.12010
v 0.03882 0.01137 0.12400
v 0.05618 0.00063 0.12400
v 0.05823 0.01137 0.13031
v 0.05082 0.01137 0.12010
v 0.05082 0.01137 0.14052
v 0.04750 0.01800 0.13031
v 0.05823 0.01137 0.13031
v 0.03882 0.01137 0.13662
v 0.04750 0.01800 0.13031
v 0.05082 0.01137 0.14052
v 0.03882 0.01137 0.12400
v 0.04750 0.01800 0.13031
v 0.03882 0.01137 0.13662
v 0.05082 0.01137 0.12010
v 0.04750 0.01800 0.13031
v 0.03882 0.01137 0.12400
v 0.05823 0.01137 0.13031
v 0.04750 0.01800 0.13031
v 0.05082 0.01137 0.12010
vn -0.0795 -0.4827 0.8722
vn -0.0795 -0.4827 0.8722
vn -0.0795 -0.4827 0.8722
vn 0.3666 -0.6071 0.7050
vn 0.3666 -0.6071 0.7050
vn 0.3666 -0.6071 0.7050
vn 0.1816 0.5485 -0.8162
vn 0.1816 0.5485 -0.8162
vn 0.1816 0.5485 -0.8162
vn -0.0193 0.8657 -0.5001
vn -0.0193 0.8657 -0.5001
vn -0.0193 0.8657 -0.5001
vn -0.4310 0.7842 -0.4464
vn -0.4310 0.7842 -0.4464
vn -0.4310 0.7842 -0.4464
vn 0.6943 -0.1338 0.7071
vn 0.6943 -0.1338 0.7071
vn 0.6943 -0.1338 0.7071
vn 0.0843 -0.2056 0.9750
vn 0.0843 -0.2056 0.9750
vn 0.0843 -0.2056 0.9750
vn -0.3100 0.9359 0.1673
vn -0.3100 0.9359 0.1673
vn -0.3100 0.9359 0.1673
vn -0.1515 0.9876 -0.0411
vn -0.1515 0.9876 -0.0411
vn -0.1515 0.9876 -0.0411
vn 0.7901 -0.5858 0.1808
vn 0.7901 -0.5858 0.1808
vn 0.7901 -0.5858 0.1808
vn 0.4624 0.0369 0.8859
vn 0.4624 0.0369 0.8859
vn 0.4624 0.0369 0.8859
vn -0.0249 0.2948 0.9552
vn -0.0249 0.2948 0.9552
vn -0.0249 0.2948 0.9552
vn -0.0017 0.9826 0.1859
vn -0.0017 0.9826 0.1859
vn -0.0017 0.9826 0.1859
vn -0.5790 0.7977 0.1683
vn -0.5790 0.7977 0.1683
vn -0.5790 0.7977 0.1683
vn 0.8940 -0.0789 0.4410
vn 0.8940 -0.0789 0.4410
vn 0.8940 -0.0789 0.4410
vn 0.3088 0.4757 0.8236
vn 0.3088 0.4757 0.8236
vn 0.3088 0.4757 0.8236
vn 0.1359 0.4900 0.8611
vn 0.1359 0.4900 0.8611
vn 0.1359 0.4900 0.8611
vn -0.0827 0.7552 0.6503
vn -0.0827 0.7552 0.6503
vn -0.0827 0.7552 0.6503
vn 0.3427 -0.8220 -0.4549
vn 0.3427 -0.8220 -0.4549
vn 0.3427 -0.8220 -0.4549
vn -0.1939 -0.8143 -0.5472
vn -0.1939 -0.8143 -0.5472
vn -0.1939 -0.8143 -0.5472
vn -0.0795 -0.4827 0.8722
vn -0.0795 -0.4827 0.8722
vn -0.0795 -0.4827 0.8722
vn 0.3666 -0.6071 0.7050
vn 0.3666 -0.6071 0.7050
vn 0.3666 -0.6071 0.7050
vn 0.1816 0.5485 -0.8162
vn 0.1816 0.5485 -0.8162
vn 0.1816 0.5485 -0.8162
vn -0.0193 0.8657 -0.5001
vn -0.0193 0.8657 -0.5001
vn -0.0193 0.8657 -0.5001
vn -0.4310 0.7842 -0.4464
vn -0.4310 0.7842 -0.4464
vn -0.4310 0.7842 -0.4464
vn 0.6943 -0.1338 0.7071
vn 0.6943 -0.1338 0.7071
vn 0.6943 -0.1338 0.7071
vn 0.0843 -0.2056 0.9750
vn 0.0843 -0.2056 0.9750
vn 0.0843 -0.2056 0.9750
vn -0.3100 0.9359 0.1673
vn -0.3100 0.9359 0.1673
vn -0.3100 0.9359 0.1673
vn -0.1515 0.9876 -0.0411
vn -0.1515 0.9876 -0.0411
vn -0.1515 0.9876 -0.0411
vn 0.7901 -0.5858 0.1808
vn 0.7901 -0.5858 0.1808
vn 0.7901 -0.5858 0.1808
vn 0.4624 0.0369 0.8859
vn 0.4624 0.0369 0.8859
vn 0.4624 0.0369 0.8859
vn -0.0249 0.2948 0.9552
vn -0.0249 0.2948 0.9552
vn -0.0249 0.2948 0.9552
vn -0.0017 0.9826 0.1859
vn -0.0017 0.9826 0.1859
vn -0.0017 0.9826 0.1859
vn -0.5790 0.7977 0.1683
vn -0.5790 0.7977 0.1683
vn -0.5790 0.7977 0.1683
vn 0.8940 -0.0789 0.4410
vn 0.8940 -0.0789 0.4410
vn 0.8940 -0.0789 0.4410
vn 0.3088 0.4757 0.8236
vn 0.3088 0.4757 0.8236
vn 0.3088 0.4757 0.8236
vn 0.1359 0.4900 0.8611
vn 0.1359 0.4900 0.8611
vn 0.1359 0.4900 0.8611
vn -0.0827 0.7552 0.6503
vn -0.0827 0.7552 0.6503
vn -0.0827 0.7552 0.6503
vn 0.3427 -0.8220 -0.4549
vn 0.3427 -0.8220 -0.4549
vn 0.3427 -0.8220 -0.4549
vn -0.1939 -0.8143 -0.5472
vn -0.1939 -0.8143 -0.5472
vn -0.1939 -0.8143 -0.5472
vn -0.0795 -0.4827 0.8722
vn -0.0795 -0.4827 0.8722
vn -0.0795 -0.4827 0.8722
vn 0.3666 -0.6071 0.7050
vn 0.3666 -0.6071 0.7050
vn 0.3666 -0.6071 0.7050
vn 0.1816 0.5485 -0.8162
vn 0.1816 0.5485 -0.8162
vn 0.1816 0.5485 -0.8162
vn -0.0193 0.8657 -0.5001
vn -0.0193 0.8657 -0.5001
vn -0.0193 0.8657 -0.5001
vn -0.4310 0.7842 -0.4464
vn -0.4310 0.7842 -0.4464
vn -0.4310 0.7842 -0.4464
vn 0.6943 -0.1338 0.7071
vn 0.6943 -0.1338 0.7071
vn 0.6943 -0.1338 0.7071
vn 0.0843 -0.2056 0.9750
vn 0.0843 -0.2056 0.9750
vn 0.0843 -0.2056 0.9750
vn -0.3100 0.9359 0.1673
vn -0.3100 0.9359 0.1673
vn -0.3100 0.9359 0.1673
vn -0.1515 0.9876 -0.0411
vn -0.1515 0.9876 -0.0411
vn -0.1515 0.9876 -0.0411
vn 0.7901 -0.5858 0.1808
vn 0.7901 -0.5858 0.1808
vn 0.7901 -0.5858 0.1808
vn 0.4624 0.0369 0.8859
vn 0.4624 0.0369 0.8859
vn 0.4624 0.0369 0.8859
vn -0.0249 0.2948 0.9552
vn -0.0249 0.2948 0.9552
vn -0.0249 0.2948 0.9552
vn -0.0017 0.9826 0.1859
vn -0.0017 0.9826 0.1859
vn -0.0017 0.9826 0.1859
vn -0.5790 0.7977 0.1683
vn -0.5790 0.7977 0.1683
vn -0.5790 0.7977 0.1683
vn 0.8940 -0.0789 0.4410
vn 0.8940 -0.0789 0.4410
vn 0.8940 -0.0789 0.4410
vn 0.3088 0.4757 0.8236
vn 0.3088 0.4757 0.8236
vn 0.3088 0.4757 0.8236
vn 0.1359 0.4900 0.8611
vn 0.1359 0.4900 0.8611
vn 0.1359 0.4900 0.8611
vn -0.0827 0.7552 0.6503
vn -0.0827 0.7552 0.6503
vn -0.0827 0.7552 0.6503
vn 0.3427 -0.8220 -0.4549
vn 0.3427 -0.8220 -0.4549
vn 0.3427 -0.8220 -0.4549
vn -0.1939 -0.8143 -0.5472
vn -0.1939 -0.8143 -0.5472
vn -0.1939 -0.8143 -0.5472
vn -0.0795 -0.4827 0.8722
vn -0.0795 -0.4827 0.8722
vn -0.0795 -0.4827 0.8722
vn 0.3666 -0.6071 0.7050
vn 0.3666 -0.6071 0.7050
vn 0.3666 -0.6071 0.7050
vn 0.1816 0.5485 -0.8162
vn 0.1816 0.5485 -0.8162
vn 0.1816 0.5485 -0.8162
vn -0.0193 0.8657 -0.5001
vn -0.0193 0.8657 -0.5001
vn -0.0193 0.8657 -0.5001
vn -0.4310 0.7842 -0.4464
vn -0.4310 0.7842 -0.4464
vn -0.4310 0.7842 -0.4464
vn 0.6943 -0.1338 0.7071
vn 0.6943 -0.1338 0.7071
vn 0.6943 -0.1338 0.7071
vn 0.0843 -0.2056 0.9750
vn 0.0843 -0.2056 0.9750
vn 0.0843 -0.2056 0.9750
vn -0.3100 0.9359 0.1673
vn -0.3100 0.9359 0.1673
vn -0.3100 0.9359 0.1673
vn -0.1515 0.9876 -0.0411
vn -0.1515 0.9876 -0.0411
vn -0.1515 0.9876 -0.0411
vn 0.7901 -0.5858 0.1808
vn 0.7901 -0.5858 0.1808
vn 0.7901 -0.5858 0.1808
vn 0.4624 0.0369 0.8859
vn 0.4624 0.0369 0.8859
vn 0.4624 0.0369 0.8859
vn -0.0249 0.2948 0.9552
vn -0.0249 0.2948 0.9552
vn -0.0249 0.2948 0.9552
vn -0.0017 0.9826 0.1859
vn -0.0017 0.9826 0.1859
vn -0.0017 0.9826 0.1859
vn -0.5790 0.7977 0.1683
vn -0.5790 0.7977 0.1683
vn -0.5790 0.7977 0.1683
vn 0.8940 -0.0789 0.4410
vn 0.8940 -0.0789 0.4410
vn 0.8940 -0.0789 0.4410
vn 0.3088 0.4757 0.8236
vn 0.3088 0.4757 0.8236
vn 0.3088 0.4757 0.8236
vn 0.1359 0.4900 0.8611
vn 0.1359 0.4900 0.8611
vn 0.1359 0.4900 0.8611
vn -0.0827 0.7552 0.6503
vn -0.0827 0.7552 0.6503
vn -0.0827 0.7552 0.6503
vn 0.3427 -0.8220 -0.4549
vn 0.3427 -0.8220 -0.4549
vn 0.3427 -0.8220 -0.4549
vn -0.1939 -0.8143 -0.5472
vn -0.1939 -0.8143 -0.5472
vn -0.1939 -0.8143 -0.5472
vn -0.0795 -0.4827 0.8722
vn -0.0795 -0.4827 0.8722
vn -0.0795 -0.4827 0.8722
vn 0.3666 -0.6071 0.7050
vn 0.3666 -0.6071 0.7050
vn 0.3666 -0.6071 0.7050
vn 0.1816 0.5485 -0.8162
vn 0.1816 0.5485 -0.8162
vn 0.1816 0.5485 -0.8162
vn -0.0193 0.8657 -0.5001
vn -0.0193 0.8657 -0.5001
vn -0.0193 0.8657 -0.5001
vn -0.4310 0.7842 -0.4464
vn -0.4310 0.7842 -0.4464
vn -0.4310 0.7842 -0.4464
vn 0.6943 -0.1338 0.7071
vn 0.6943 -0.1338 0.7071
vn 0.6943 -0.1338 0.7071
vn 0.0843 -0.2056 0.9750
vn 0.0843 -0.2056 0.9750
vn 0.0843 -0.2056 0.9750
vn -0.3100 0.9359 0.1673
vn -0.3100 0.9359 0.1673
vn -0.3100 0.9359 0.1673
vn -0.1515 0.9876 -0.0411
vn -0.1515 0.9876 -0.0411
vn -0.1515 0.9876 -0.0411
vn 0.7901 -0.5858 0.1808
vn 0.7901 -0.5858 0.1808
vn 0.7901 -0.5858 0.1808
vn 0.4624 0.0369 0.8859
vn 0.4624 0.0369 0.8859
vn 0.4624 0.0369 0.8859
vn -0.0249 0.2948 0.9552
vn -0.0249 0.2948 0.9552
vn -0.0249 0.2948 0.9552
vn -0.0017 0.9826 0.1859
vn -0.0017 0.9826 0.1859
vn -0.0017 0.9826 0.1859
vn -0.5790 0.7977 0.1683
vn -0.5790 0.7977 0.1683
vn -0.5790 0.7977 0.1683
vn 0.8940 -0.0789 0.4410
vn 0.8940 -0.0789 0.4410
vn 0.8940 -0.0789 0.4410
vn 0.3088 0.4757 0.8236
vn 0.3088 0.4757 0.8236
vn 0.3088 0.4757 0.8236
vn 0.1359 0.4900 0.8611
vn 0.1359 0.4900 0.8611
vn 0.1359 0.4900 0.8611
vn -0.0827 0.7552 0.6503
vn -0.0827 0.7552 0.6503
vn -0.0827 0.7552 0.6503
vn 0.3427 -0.8220 -0.4549
vn 0.3427 -0.8220 -0.4549
vn 0.3427 -0.8220 -0.4549
vn -0.1939 -0.8143 -0.5472
vn -0.1939 -0.8143 -0.5472
vn -0.1939 -0.8143 -0.5472
vn -0.0795 -0.4827 0.8722
vn -0.0795 -0.4827 0.8722
vn -0.0795 -0.4827 0.8722
vn 0.3666 -0.6071 0.7050
vn 0.3666 -0.6071 0.7050
vn 0.3666 -0.6071 0.7050
vn 0.1816 0.5485 -0.8162
vn 0.1816 0.5485 -0.8162
vn 0.1816 0.5485 -0.8162
vn -0.0193 0.8657 -0.5001
vn -0.0193 0.8657 -0.5001
vn -0.0193 0.8657 -0.5001
vn -0.4310 0.7842 -0.4464
vn -0.4310 0.7842 -0.4464
vn -0.4310 0.7842 -0.4464
vn 0.6943 -0.1338 0.7071
vn 0.6943 -0.1338 0.7071
vn 0.6943 -0.1338 0.7071
vn 0.0843 -0.2056 0.9750
vn 0.0843 -0.2056 0.9750
vn 0.0843 -0.2056 0.9750
vn -0.3100 0.9359 0.1673
vn -0.3100 0.9359 0.1673
vn -0.3100 0.9359 0.1673
vn -0.1515 0.9876 -0.0411
vn -0.1515 0.9876 -0.0411
vn -0.1515 0.9876 -0.0411
vn 0.7901 -0.5858 0.1808
vn 0.7901 -0.5858 0.1808
vn 0.7901 -0.5858 0.1808
vn 0.4624 0.0369 0.8859
vn 0.4624 0.0369 0.8859
vn 0.4624 0.0369 0.8859
vn -0.0249 0.2948 0.9552
vn -0.0249 0.2948 0.9552
vn -0.0249 0.2948 0.9552
vn -0.0017 0.9826 0.1859
vn -0.0017 0.9826 0.1859
vn -0.0017 0.9826 0.1859
vn -0.5790 0.7977 0.1683
vn -0.5790 0.7977 0.1683
vn -0.5790 0.7977 0.1683
vn 0.8940 -0.0789 0.4410
vn 0.8940 -0.0789 0.4410
vn 0.8940 -0.0789 0.4410
vn 0.3088 0.4757 0.8236
vn 0.3088 0.4757 0.8236
vn 0.3088 0.4757 0.8236
vn 0.1359 0.4900 0.8611
vn 0.1359 0.4900 0.8611
vn 0.1359 0.4900 0.8611
vn -0.0827 0.7552 0.6503
vn -0.0827 0.7552 0.6503
vn -0.0827 0.7552 0.6503
vn 0.3427 -0.8220 -0.4549
vn 0.3427 -0.8220 -0.4549
vn 0.3427 -0.8220 -0.4549
vn -0.1939 -0.8143 -0.5472
vn -0.1939 -0.8143 -0.5472
vn -0.1939 -0.8143 -0.5472
f 2027//2027 2029//2029 2028//2028
f 2030//2030 2032//2032 2031//2031
f 2033//2033 2035//2035 2034//2034
f 2036//2036 2038//2038 2037//2037
f 2039//2039 2041//2041 2040//2040
f 2042//2042 2044//2044 2043//2043
f 2045//2045 2047//2047 2046//2046
f 2048//2048 2050//2050 2049//2049
f 2051//2051 2053//2053 2052//2052
f 2054//2054 2056//2056 2055//2055
f 2057//2057 2059//2059 2058//2058
f 2060//2060 2062//2062 2061//2061
f 2063//2063 2065//2065 2064//2064
f 2066//2066 2068//2068 2067//2067
f 2069//2069 2071//2071 2070//2070
f 2072//2072 2074//2074 2073//2073
f 2075//2075 2077//2077 2076//2076
f 2078//2078 2080//2080 2079//2079
f 2081//2081 2083//2083 2082//2082
f 2084//2084 2086//2086 2085//2085
f 2087//2087 2089//2089 2088//2088
f 2090//2090 2092//2092 2091//2091
f 2093//2093 2095//2095 2094//2094
f 2096//2096 2098//2098 2097//2097
f 2099//2099 2101//2101 2100//2100
f 2102//2102 2104//2104 2103//2103
f 2105//2105 2107//2107 2106//2106
f 2108//2108 2110//2110 2109//2109
f 2111//2111 2113//2113 2112//2112
f 2114//2114 2116//2116 2115//2115
f 2117//2117 2119//2119 2118//2118
f 2120//2120 2122//2122 2121//2121
f 2123//2123 2125//2125 2124//2124
f 2126//2126 2128//2128 2127//2127
f 2129//2129 2131//2131 2130//2130
f 2132//2132 2134//2134 2133//2133
f 2135//2135 2137//2137 2136//2136
f 2138//2138 2140//2140 2139//2139
f 2141//2141 2143//2143 2142//2142
f 2144//2144 2146//2146 2145//2145
f 2147//2147 2149//2149 2148//2148
f 2150//2150 2152//2152 2151//2151
f 2153//2153 2155//2155 2154//2154
f 2156//2156 2158//2158 2157//2157
f 2159//2159 2161//2161 2160//2160
f 2162//2162 2164//2164 2163//2163
f 2165//2165 2167//2167 2166//2166
f 2168//2168 2170//2170 2169//2169
f 2171//2171 2173//2173 2172//2172
f 2174//2174 2176//2176 2175//2175
f 2177//2177 2179//2179 2178//2178
f 2180//2180 2182//2182 2181//2181
f 2183//2183 2185//2185 2184//2184
f 2186//2186 2188//2188 2187//2187
f 2189//2189 2191//2191 2190//2190
f 2192//2192 2194//2194 2193//2193
f 2195//2195 2197//2197 2196//2196
f 2198//2198 2200//2200 2199//2199
f 2201//2201 2203//2203 2202//2202
f 2204//2204 2206//2206 2205//2205
f 2207//2207 2209//2209 2208//2208
f 2210//2210 2212//2212 2211//2211
f 2213//2213 2215//2215 2214//2214
f 2216//2216 2218//2218 2217//2217
f 2219//2219 2221//2221 2220//2220
f 2222//2222 2224//2224 2223//2223
f 2225//2225 2227//2227 2226//2226
f 2228//2228 2230//2230 2229//2229
f 2231//2231 2233//2233 2232//2232
f 2234//2234 2236//2236 2235//2235
f 2237//2237 2239//2239 2238//2238
f 2240//2240 2242//2242 2241//2241
f 2243//2243 2245//2245 2244//2244
f 2246//2246 2248//2248 2247//2247
f 2249//2249 2251//2251 2250//2250
f 2252//2252 2254//2254 2253//2253
f 2255//2255 2257//2257 2256//2256
f 2258//2258 2260//2260 2259//2259
f 2261//2261 2263//2263 2262//2262
f 2264//2264 2266//2266 2265//2265
f 2267//2267 2269//2269 2268//2268
f 2270//2270 2272//2272 2271//2271
f 2273//2273 2275//2275 2274//2274
f 2276//2276 2278//2278 2277//2277
f 2279//2279 2281//2281 2280//2280
f 2282//2282 2284//2284 2283//2283
f 2285//2285 2287//2287 2286//2286
f 2288//2288 2290//2290 2289//2289
f 2291//2291 2293//2293 2292//2292
f 2294//2294 2296//2296 2295//2295
f 2297//2297 2299//2299 2298//2298
f 2300//2300 2302//2302 2301//2301
f 2303//2303 2305//2305 2304//2304
f 2306//2306 2308//2308 2307//2307
f 2309//2309 2311//2311 2310//2310
f 2312//2312 2314//2314 2313//2313
f 2315//2315 2317//2317 2316//2316
f 2318//2318 2320//2320 2319//2319
f 2321//2321 2323//2323 2322//2322
f 2324//2324 2326//2326 2325//2325
f 2327//2327 2329//2329 2328//2328
f 2330//2330 2332//2332 2331//2331
f 2333//2333 2335//2335 2334//2334
f 2336//2336 2338//2338 2337//2337
f 2339//2339 2341//2341 2340//2340
f 2342//2342 2344//2344 2343//2343
f 2345//2345 2347//2347 2346//2346
f 2348//2348 2350//2350 2349//2349
f 2351//2351 2353//2353 2352//2352
f 2354//2354 2356//2356 2355//2355
f 2357//2357 2359//2359 2358//2358
f 2360//2360 2362//2362 2361//2361
f 2363//2363 2365//2365 2364//2364
f 2366//2366 2368//2368 2367//2367
f 2369//2369 2371//2371 2370//2370
f 2372//2372 2374//2374 2373//2373
f 2375//2375 2377//2377 2376//2376
f 2378//2378 2380//2380 2379//2379
f 2381//2381 2383//2383 2382//2382
f 2384//2384 2386//2386 2385//2385
g core_fire
usemtl fire
v 0.03000 0.00000 0.10000
v 0.05378 0.00000 0.09227
v 0.03000 0.00000 0.07500
v 0.04469 0.00000 0.12023
v 0.00622 0.00000 0.09227
v 0.01531 0.00000 0.12023
v 0.03000 0.00000 0.07500
v 0.05378 0.00000 0.09227
v 0.03000 0.05000 0.10000
v 0.05378 0.00000 0.09227
v 0.04469 0.00000 0.12023
v 0.03000 0.05000 0.10000
v 0.04469 0.00000 0.12023
v 0.01531 0.00000 0.12023
v 0.03000 0.05000 0.10000
v 0.01531 0.00000 0.12023
v 0.00622 0.00000 0.09227
v 0.03000 0.05000 0.10000
v 0.00622 0.00000 0.09227
v 0.03000 0.00000 0.07500
v 0.03000 0.05000 0.10000
vn -0.0000 -0.7071 0.7071
vn -0.0000 -0.7071 0.7071
vn -0.0000 -0.7071 0.7071
vn -0.0000 -0.7071 0.7071
vn -0.0000 -0.7071 0.7071
vn -0.0000 -0.7071 0.7071
vn 0.8822 -0.4344 0.1816
vn 0.8822 -0.4344 0.1816
vn 0.8822 -0.4344 0.1816
vn 0.5507 0.2312 0.8021
vn 0.5507 0.2312 0.8021
vn 0.5507 0.2312 0.8021
vn 0.1620 0.1885 0.9686
vn 0.1620 0.1885 0.9686
vn 0.1620 0.1885 0.9686
vn 0.0238 0.8968 0.4418
vn 0.0238 0.8968 0.4418
vn 0.0238 0.8968 0.4418
vn -0.4310 0.8454 0.3154
vn -0.4310 0.8454 0.3154
vn -0.4310 0.8454 0.3154
f 2387//2387 2389//2389 2388//2388
f 2387//2387 2388//2388 2390//2390
f 2387//2387 2391//2391 2389//2389
f 2387//2387 2390//2390 2392//2392
f 2387//2387 2392//2392 2391//2391
f 2393//2393 2395//2395 2394//2394
f 2396//2396 2398//2398 2397//2397
f 2399//2399 2401//2401 2400//2400
f 2402//2402 2404//2404 2403//2403
f 2405//2405 2407//2407 2406//2406
