mtllib walls_3.mtl
o core
g core_stone
usemtl stone
v -0.41700 0.00300 -0.54967
v 0.41700 0.29700 -0.54967
v -0.41700 0.29700 -0.54967
v 0.41700 0.00300 -0.54967
v -0.42000 0.00300 -0.44267
v -0.42000 0.29700 -0.54667
v -0.42000 0.29700 -0.44267
v -0.42000 0.00300 -0.54667
v -0.41700 0.30000 -0.44267
v 0.41700 0.30000 -0.54667
v 0.41700 0.30000 -0.44267
v -0.41700 0.30000 -0.54667
v 0.42000 0.00300 -0.54667
v 0.42000 0.29700 -0.44267
v 0.42000 0.29700 -0.54667
v 0.42000 0.00300 -0.44267
v 0.41700 0.00300 -0.43967
v -0.41700 0.29700 -0.43967
v 0.41700 0.29700 -0.43967
v -0.41700 0.00300 -0.43967
v 0.41700 0.00000 -0.54667
v 0.42000 0.00300 -0.54667
v 0.41700 0.00300 -0.54967
v 0.41700 0.29700 -0.54967
v 0.42000 0.29700 -0.54667
v 0.41700 0.30000 -0.54667
v 0.41700 0.00000 -0.44267
v 0.41700 0.00300 -0.43967
v 0.42000 0.00300 -0.44267
v 0.41700 0.30000 -0.44267
v 0.42000 0.29700 -0.44267
v 0.41700 0.29700 -0.43967
v -0.41700 0.00000 -0.54667
v -0.41700 0.00300 -0.54967
v -0.42000 0.00300 -0.54667
v -0.41700 0.30000 -0.54667
v -0.42000 0.29700 -0.54667
v -0.41700 0.29700 -0.54967
v -0.41700 0.00000 -0.44267
v -0.42000 0.00300 -0.44267
v -0.41700 0.00300 -0.43967
v -0.41700 0.30000 -0.44267
v -0.41700 0.29700 -0.43967
v -0.42000 0.29700 -0.44267
v 0.41700 0.00000 -0.44267
v 0.42000 0.00300 -0.54667
v 0.41700 0.00000 -0.54667
v 0.42000 0.00300 -0.44267
v 0.41700 0.00300 -0.54967
v 0.42000 0.29700 -0.54667
v 0.41700 0.29700 -0.54967
v 0.42000 0.00300 -0.54667
v 0.41700 0.30000 -0.54667
v 0.42000 0.29700 -0.44267
v 0.41700 0.30000 -0.44267
v 0.42000 0.29700 -0.54667
v 0.41700 0.29700 -0.43967
v 0.42000 0.00300 -0.44267
v 0.41700 0.00300 -0.43967
v 0.42000 0.29700 -0.44267
v -0.41700 0.00000 -0.44267
v 0.41700 0.00300 -0.43967
v 0.41700 0.00000 -0.44267
v -0.41700 0.00300 -0.43967
v 0.41700 0.30000 -0.44267
v -0.41700 0.29700 -0.43967
v -0.41700 0.30000 -0.44267
v 0.41700 0.29700 -0.43967
v -0.42000 0.29700 -0.44267
v -0.41700 0.00300 -0.43967
v -0.42000 0.00300 -0.44267
v -0.41700 0.29700 -0.43967
v -0.41700 0.00000 -0.54667
v -0.42000 0.00300 -0.44267
v -0.41700 0.00000 -0.44267
v -0.42000 0.00300 -0.54667
v -0.41700 0.30000 -0.44267
v -0.42000 0.29700 -0.54667
v -0.41700 0.30000 -0.54667
v -0.42000 0.29700 -0.44267
v -0.41700 0.29700 -0.54967
v -0.42000 0.00300 -0.54667
v -0.41700 0.00300 -0.54967
v -0.42000 0.29700 -0.54667
v 0.41700 0.00000 -0.54667
v -0.41700 0.00300 -0.54967
v -0.41700 0.00000 -0.54667
v 0.41700 0.00300 -0.54967
v -0.41700 0.30000 -0.54667
v 0.41700 0.29700 -0.54967
v 0.41700 0.30000 -0.54667
v -0.41700 0.29700 -0.54967
v 0.41700 0.00000 -0.44267
v -0.41700 0.00000 -0.54667
v -0.41700 0.00000 -0.44267
v 0.41700 0.00000 -0.54667
v 0.46387 0.00300 -0.52798
v 0.87998 0.29700 -0.03788
v 0.46387 0.29700 -0.52798
v 0.87998 0.00300 -0.03788
v 0.38036 0.00300 -0.46102
v 0.45964 0.29700 -0.52833
v 0.38036 0.29700 -0.46102
v 0.45964 0.00300 -0.52833
v 0.38230 0.30000 -0.45873
v 0.87770 0.30000 -0.03594
v 0.79842 0.30000 0.03137
v 0.46158 0.30000 -0.52604
v 0.87964 0.00300 -0.03366
v 0.80036 0.29700 0.03366
v 0.87964 0.29700 -0.03366
v 0.80036 0.00300 0.03366
v 0.79613 0.00300 0.03331
v 0.38002 0.29700 -0.45679
v 0.79613 0.29700 0.03331
v 0.38002 0.00300 -0.45679
v 0.87770 0.00000 -0.03594
v 0.87964 0.00300 -0.03366
v 0.87998 0.00300 -0.03788
v 0.87998 0.29700 -0.03788
v 0.87964 0.29700 -0.03366
v 0.87770 0.30000 -0.03594
v 0.79842 0.00000 0.03137
v 0.79613 0.00300 0.03331
v 0.80036 0.00300 0.03366
v 0.79842 0.30000 0.03137
v 0.80036 0.29700 0.03366
v 0.79613 0.29700 0.03331
v 0.46158 0.00000 -0.52604
v 0.46387 0.00300 -0.52798
v 0.45964 0.00300 -0.52833
v 0.46158 0.30000 -0.52604
v 0.45964 0.29700 -0.52833
v 0.46387 0.29700 -0.52798
v 0.38230 0.00000 -0.45873
v 0.38036 0.00300 -0.46102
v 0.38002 0.00300 -0.45679
v 0.38230 0.30000 -0.45873
v 0.38002 0.29700 -0.45679
v 0.38036 0.29700 -0.46102
v 0.79842 0.00000 0.03137
v 0.87964 0.00300 -0.03366
v 0.87770 0.00000 -0.03594
v 0.80036 0.00300 0.03366
v 0.87998 0.00300 -0.03788
v 0.87964 0.29700 -0.03366
v 0.87998 0.29700 -0.03788
v 0.87964 0.00300 -0.03366
v 0.87770 0.30000 -0.03594
v 0.80036 0.29700 0.03366
v 0.79842 0.30000 0.03137
v 0.87964 0.29700 -0.03366
v 0.79613 0.29700 0.03331
v 0.80036 0.00300 0.03366
v 0.79613 0.00300 0.03331
v 0.80036 0.29700 0.03366
v 0.38230 0.00000 -0.45873
v 0.79613 0.00300 0.03331
v 0.79842 0.00000 0.03137
v 0.38002 0.00300 -0.45679
v 0.79842 0.30000 0.03137
v 0.38002 0.29700 -0.45679
v 0.38230 0.30000 -0.45873
v 0.79613 0.29700 0.03331
v 0.38036 0.29700 -0.46102
v 0.38002 0.00300 -0.45679
v 0.38036 0.00300 -0.46102
v 0.38002 0.29700 -0.45679
v 0.46158 0.00000 -0.52604
v 0.38036 0.00300 -0.46102
v 0.38230 0.00000 -0.45873
v 0.45964 0.00300 -0.52833
v 0.38230 0.30000 -0.45873
v 0.45964 0.29700 -0.52833
v 0.46158 0.30000 -0.52604
v 0.38036 0.29700 -0.46102
v 0.46387 0.29700 -0.52798
v 0.45964 0.00300 -0.52833
v 0.46387 0.00300 -0.52798
v 0.45964 0.29700 -0.52833
v 0.87770 0.00000 -0.03594
v 0.46387 0.00300 -0.52798
v 0.46158 0.00000 -0.52604
v 0.87998 0.00300 -0.03788
v 0.46158 0.30000 -0.52604
v 0.87998 0.29700 -0.03788
v 0.87770 0.30000 -0.03594
v 0.46387 0.29700 -0.52798
v 0.79842 0.00000 0.03137
v 0.46158 0.00000 -0.52604
v 0.38230 0.00000 -0.45873
v 0.87770 0.00000 -0.03594
v -0.87998 0.00300 -0.03788
v -0.46387 0.29700 -0.52798
v -0.87998 0.29700 -0.03788
v -0.46387 0.00300 -0.52798
v -0.80036 0.00300 0.03366
v -0.87964 0.29700 -0.03366
v -0.80036 0.29700 0.03366
v -0.87964 0.00300 -0.03366
v -0.79842 0.30000 0.03137
v -0.46158 0.30000 -0.52604
v -0.38230 0.30000 -0.45873
v -0.87770 0.30000 -0.03594
v -0.45964 0.00300 -0.52833
v -0.38036 0.29700 -0.46102
v -0.45964 0.29700 -0.52833
v -0.38036 0.00300 -0.46102
v -0.38002 0.00300 -0.45679
v -0.79613 0.29700 0.03331
v -0.38002 0.29700 -0.45679
v -0.79613 0.00300 0.03331
v -0.46158 0.00000 -0.52604
v -0.45964 0.00300 -0.52833
v -0.46387 0.00300 -0.52798
v -0.46387 0.29700 -0.52798
v -0.45964 0.29700 -0.52833
v -0.46158 0.30000 -0.52604
v -0.38230 0.00000 -0.45873
v -0.38002 0.00300 -0.45679
v -0.38036 0.00300 -0.46102
v -0.38230 0.30000 -0.45873
v -0.38036 0.29700 -0.46102
v -0.38002 0.29700 -0.45679
v -0.87770 0.00000 -0.03594
v -0.87998 0.00300 -0.03788
v -0.87964 0.00300 -0.03366
v -0.87770 0.30000 -0.03594
v -0.87964 0.29700 -0.03366
v -0.87998 0.29700 -0.03788
v -0.79842 0.00000 0.03137
v -0.80036 0.00300 0.03366
v -0.79613 0.00300 0.03331
v -0.79842 0.30000 0.03137
v -0.79613 0.29700 0.03331
v -0.80036 0.29700 0.03366
v -0.38230 0.00000 -0.45873
v -0.45964 0.00300 -0.52833
v -0.46158 0.00000 -0.52604
v -0.38036 0.00300 -0.46102
v -0.46387 0.00300 -0.52798
v -0.45964 0.29700 -0.52833
v -0.46387 0.29700 -0.52798
v -0.45964 0.00300 -0.52833
v -0.46158 0.30000 -0.52604
v -0.38036 0.29700 -0.46102
v -0.38230 0.30000 -0.45873
v -0.45964 0.29700 -0.52833
v -0.38002 0.29700 -0.45679
v -0.38036 0.00300 -0.46102
v -0.38002 0.00300 -0.45679
v -0.38036 0.29700 -0.46102
v -0.79842 0.00000 0.03137
v -0.38002 0.00300 -0.45679
v -0.38230 0.00000 -0.45873
v -0.79613 0.00300 0.03331
v -0.38230 0.30000 -0.45873
v -0.79613 0.29700 0.03331
v -0.79842 0.30000 0.03137
v -0.38002 0.29700 -0.45679
v -0.80036 0.29700 0.03366
v -0.79613 0.00300 0.03331
v -0.80036 0.00300 0.03366
v -0.79613 0.29700 0.03331
v -0.87770 0.00000 -0.03594
v -0.80036 0.00300 0.03366
v -0.79842 0.00000 0.03137
v -0.87964 0.00300 -0.03366
v -0.79842 0.30000 0.03137
v -0.87964 0.29700 -0.03366
v -0.87770 0.30000 -0.03594
v -0.80036 0.29700 0.03366
v -0.87998 0.29700 -0.03788
v -0.87964 0.00300 -0.03366
v -0.87998 0.00300 -0.03788
v -0.87964 0.29700 -0.03366
v -0.46158 0.00000 -0.52604
v -0.87998 0.00300 -0.03788
v -0.87770 0.00000 -0.03594
v -0.46387 0.00300 -0.52798
v -0.87770 0.30000 -0.03594
v -0.46387 0.29700 -0.52798
v -0.46158 0.30000 -0.52604
v -0.87998 0.29700 -0.03788
v -0.38230 0.00000 -0.45873
v -0.87770 0.00000 -0.03594
v -0.79842 0.00000 0.03137
v -0.46158 0.00000 -0.52604
v -0.46387 0.00300 0.52798
v -0.87998 0.29700 0.03788
v -0.46387 0.29700 0.52798
v -0.87998 0.00300 0.03788
v -0.38036 0.00300 0.46102
v -0.45964 0.29700 0.52833
v -0.38036 0.29700 0.46102
v -0.45964 0.00300 0.52833
v -0.38230 0.30000 0.45873
v -0.87770 0.30000 0.03594
v -0.79842 0.30000 -0.03137
v -0.46158 0.30000 0.52604
v -0.87964 0.00300 0.03366
v -0.80036 0.29700 -0.03366
v -0.87964 0.29700 0.03366
v -0.80036 0.00300 -0.03366
v -0.79613 0.00300 -0.03331
v -0.38002 0.29700 0.45679
v -0.79613 0.29700 -0.03331
v -0.38002 0.00300 0.45679
v -0.87770 0.00000 0.03594
v -0.87964 0.00300 0.03366
v -0.87998 0.00300 0.03788
v -0.87998 0.29700 0.03788
v -0.87964 0.29700 0.03366
v -0.87770 0.30000 0.03594
v -0.79842 0.00000 -0.03137
v -0.79613 0.00300 -0.03331
v -0.80036 0.00300 -0.03366
v -0.79842 0.30000 -0.03137
v -0.80036 0.29700 -0.03366
v -0.79613 0.29700 -0.03331
v -0.46158 0.00000 0.52604
v -0.46387 0.00300 0.52798
v -0.45964 0.00300 0.52833
v -0.46158 0.30000 0.52604
v -0.45964 0.29700 0.52833
v -0.46387 0.29700 0.52798
v -0.38230 0.00000 0.45873
v -0.38036 0.00300 0.46102
v -0.38002 0.00300 0.45679
v -0.38230 0.30000 0.45873
v -0.38002 0.29700 0.45679
v -0.38036 0.29700 0.46102
v -0.79842 0.00000 -0.03137
v -0.87964 0.00300 0.03366
v -0.87770 0.00000 0.03594
v -0.80036 0.00300 -0.03366
v -0.87998 0.00300 0.03788
v -0.87964 0.29700 0.03366
v -0.87998 0.29700 0.03788
v -0.87964 0.00300 0.03366
v -0.87770 0.30000 0.03594
v -0.80036 0.29700 -0.03366
v -0.79842 0.30000 -0.03137
v -0.87964 0.29700 0.03366
v -0.79613 0.29700 -0.03331
v -0.80036 0.00300 -0.03366
v -0.79613 0.00300 -0.03331
v -0.80036 0.29700 -0.03366
v -0.38230 0.00000 0.45873
v -0.79613 0.00300 -0.03331
v -0.79842 0.00000 -0.03137
v -0.38002 0.00300 0.45679
v -0.79842 0.30000 -0.03137
v -0.38002 0.29700 0.45679
v -0.38230 0.30000 0.45873
v -0.79613 0.29700 -0.03331
v -0.38036 0.29700 0.46102
v -0.38002 0.00300 0.45679
v -0.38036 0.00300 0.46102
v -0.38002 0.29700 0.45679
v -0.46158 0.00000 0.52604
v -0.38036 0.00300 0.46102
v -0.38230 0.00000 0.45873
v -0.45964 0.00300 0.52833
v -0.38230 0.30000 0.45873
v -0.45964 0.29700 0.52833
v -0.46158 0.30000 0.52604
v -0.38036 0.29700 0.46102
v -0.46387 0.29700 0.52798
v -0.45964 0.00300 0.52833
v -0.46387 0.00300 0.52798
v -0.45964 0.29700 0.52833
v -0.87770 0.00000 0.03594
v -0.46387 0.00300 0.52798
v -0.46158 0.00000 0.52604
v -0.87998 0.00300 0.03788
v -0.46158 0.30000 0.52604
v -0.87998 0.29700 0.03788
v -0.87770 0.30000 0.03594
v -0.46387 0.29700 0.52798
v -0.79842 0.00000 -0.03137
v -0.46158 0.00000 0.52604
v -0.38230 0.00000 0.45873
v -0.87770 0.00000 0.03594
v -0.08300 0.00300 0.54967
v -0.41700 0.29700 0.54967
v -0.08300 0.29700 0.54967
v -0.41700 0.00300 0.54967
v -0.08000 0.00300 0.44267
v -0.08000 0.29700 0.54667
v -0.08000 0.29700 0.44267
v -0.08000 0.00300 0.54667
v -0.08300 0.30000 0.44267
v -0.41700 0.30000 0.54667
v -0.41700 0.30000 0.44267
v -0.08300 0.30000 0.54667
v -0.42000 0.00300 0.54667
v -0.42000 0.29700 0.44267
v -0.42000 0.29700 0.54667
v -0.42000 0.00300 0.44267
v -0.41700 0.00300 0.43967
v -0.08300 0.29700 0.43967
v -0.41700 0.29700 0.43967
v -0.08300 0.00300 0.43967
v -0.41700 0.00000 0.54667
v -0.42000 0.00300 0.54667
v -0.41700 0.00300 0.54967
v -0.41700 0.29700 0.54967
v -0.42000 0.29700 0.54667
v -0.41700 0.30000 0.54667
v -0.41700 0.00000 0.44267
v -0.41700 0.00300 0.43967
v -0.42000 0.00300 0.44267
v -0.41700 0.30000 0.44267
v -0.42000 0.29700 0.44267
v -0.41700 0.29700 0.43967
v -0.08300 0.00000 0.54667
v -0.08300 0.00300 0.54967
v -0.08000 0.00300 0.54667
v -0.08300 0.30000 0.54667
v -0.08000 0.29700 0.54667
v -0.08300 0.29700 0.54967
v -0.08300 0.00000 0.44267
v -0.08000 0.00300 0.44267
v -0.08300 0.00300 0.43967
v -0.08300 0.30000 0.44267
v -0.08300 0.29700 0.43967
v -0.08000 0.29700 0.44267
v -0.41700 0.00000 0.44267
v -0.42000 0.00300 0.54667
v -0.41700 0.00000 0.54667
v -0.42000 0.00300 0.44267
v -0.41700 0.00300 0.54967
v -0.42000 0.29700 0.54667
v -0.41700 0.29700 0.54967
v -0.42000 0.00300 0.54667
v -0.41700 0.30000 0.54667
v -0.42000 0.29700 0.44267
v -0.41700 0.30000 0.44267
v -0.42000 0.29700 0.54667
v -0.41700 0.29700 0.43967
v -0.42000 0.00300 0.44267
v -0.41700 0.00300 0.43967
v -0.42000 0.29700 0.44267
v -0.08300 0.00000 0.44267
v -0.41700 0.00300 0.43967
v -0.41700 0.00000 0.44267
v -0.08300 0.00300 0.43967
v -0.41700 0.30000 0.44267
v -0.08300 0.29700 0.43967
v -0.08300 0.30000 0.44267
v -0.41700 0.29700 0.43967
v -0.08000 0.29700 0.44267
v -0.08300 0.00300 0.43967
v -0.08000 0.00300 0.44267
v -0.08300 0.29700 0.43967
v -0.08300 0.00000 0.54667
v -0.08000 0.00300 0.44267
v -0.08300 0.00000 0.44267
v -0.08000 0.00300 0.54667
v -0.08300 0.30000 0.44267
v -0.08000 0.29700 0.54667
v -0.08300 0.30000 0.54667
v -0.08000 0.29700 0.44267
v -0.08300 0.29700 0.54967
v -0.08000 0.00300 0.54667
v -0.08300 0.00300 0.54967
v -0.08000 0.29700 0.54667
v -0.41700 0.00000 0.54667
v -0.08300 0.00300 0.54967
v -0.08300 0.00000 0.54667
v -0.41700 0.00300 0.54967
v -0.08300 0.30000 0.54667
v -0.41700 0.29700 0.54967
v -0.41700 0.30000 0.54667
v -0.08300 0.29700 0.54967
v -0.41700 0.00000 0.44267
v -0.08300 0.00000 0.54667
v -0.08300 0.00000 0.44267
v -0.41700 0.00000 0.54667
v 0.41700 0.00300 0.54967
v 0.08300 0.29700 0.54967
v 0.41700 0.29700 0.54967
v 0.08300 0.00300 0.54967
v 0.42000 0.00300 0.44267
v 0.42000 0.29700 0.54667
v 0.42000 0.29700 0.44267
v 0.42000 0.00300 0.54667
v 0.41700 0.30000 0.44267
v 0.08300 0.30000 0.54667
v 0.08300 0.30000 0.44267
v 0.41700 0.30000 0.54667
v 0.08000 0.00300 0.54667
v 0.08000 0.29700 0.44267
v 0.08000 0.29700 0.54667
v 0.08000 0.00300 0.44267
v 0.08300 0.00300 0.43967
v 0.41700 0.29700 0.43967
v 0.08300 0.29700 0.43967
v 0.41700 0.00300 0.43967
v 0.08300 0.00000 0.54667
v 0.08000 0.00300 0.54667
v 0.08300 0.00300 0.54967
v 0.08300 0.29700 0.54967
v 0.08000 0.29700 0.54667
v 0.08300 0.30000 0.54667
v 0.08300 0.00000 0.44267
v 0.08300 0.00300 0.43967
v 0.08000 0.00300 0.44267
v 0.08300 0.30000 0.44267
v 0.08000 0.29700 0.44267
v 0.08300 0.29700 0.43967
v 0.41700 0.00000 0.54667
v 0.41700 0.00300 0.54967
v 0.42000 0.00300 0.54667
v 0.41700 0.30000 0.54667
v 0.42000 0.29700 0.54667
v 0.41700 0.29700 0.54967
v 0.41700 0.00000 0.44267
v 0.42000 0.00300 0.44267
v 0.41700 0.00300 0.43967
v 0.41700 0.30000 0.44267
v 0.41700 0.29700 0.43967
v 0.42000 0.29700 0.44267
v 0.08300 0.00000 0.44267
v 0.08000 0.00300 0.54667
v 0.08300 0.00000 0.54667
v 0.08000 0.00300 0.44267
v 0.08300 0.00300 0.54967
v 0.08000 0.29700 0.54667
v 0.08300 0.29700 0.54967
v 0.08000 0.00300 0.54667
v 0.08300 0.30000 0.54667
v 0.08000 0.29700 0.44267
v 0.08300 0.30000 0.44267
v 0.08000 0.29700 0.54667
v 0.08300 0.29700 0.43967
v 0.08000 0.00300 0.44267
v 0.08300 0.00300 0.43967
v 0.08000 0.29700 0.44267
v 0.41700 0.00000 0.44267
v 0.08300 0.00300 0.43967
v 0.08300 0.00000 0.44267
v 0.41700 0.00300 0.43967
v 0.08300 0.30000 0.44267
v 0.41700 0.29700 0.43967
v 0.41700 0.30000 0.44267
v 0.08300 0.29700 0.43967
v 0.42000 0.29700 0.44267
v 0.41700 0.00300 0.43967
v 0.42000 0.00300 0.44267
v 0.41700 0.29700 0.43967
v 0.41700 0.00000 0.54667
v 0.42000 0.00300 0.44267
v 0.41700 0.00000 0.44267
v 0.42000 0.00300 0.54667
v 0.41700 0.30000 0.44267
v 0.42000 0.29700 0.54667
v 0.41700 0.30000 0.54667
v 0.42000 0.29700 0.44267
v 0.41700 0.29700 0.54967
v 0.42000 0.00300 0.54667
v 0.41700 0.00300 0.54967
v 0.42000 0.29700 0.54667
v 0.08300 0.00000 0.54667
v 0.41700 0.00300 0.54967
v 0.41700 0.00000 0.54667
v 0.08300 0.00300 0.54967
v 0.41700 0.30000 0.54667
v 0.08300 0.29700 0.54967
v 0.08300 0.30000 0.54667
v 0.41700 0.29700 0.54967
v 0.08300 0.00000 0.44267
v 0.41700 0.00000 0.54667
v 0.41700 0.00000 0.44267
v 0.08300 0.00000 0.54667
v 0.87998 0.00300 0.03788
v 0.46387 0.29700 0.52798
v 0.87998 0.29700 0.03788
v 0.46387 0.00300 0.52798
v 0.80036 0.00300 -0.03366
v 0.87964 0.29700 0.03366
v 0.80036 0.29700 -0.03366
v 0.87964 0.00300 0.03366
v 0.79842 0.30000 -0.03137
v 0.46158 0.30000 0.52604
v 0.38230 0.30000 0.45873
v 0.87770 0.30000 0.03594
v 0.45964 0.00300 0.52833
v 0.38036 0.29700 0.46102
v 0.45964 0.29700 0.52833
v 0.38036 0.00300 0.46102
v 0.38002 0.00300 0.45679
v 0.79613 0.29700 -0.03331
v 0.38002 0.29700 0.45679
v 0.79613 0.00300 -0.03331
v 0.46158 0.00000 0.52604
v 0.45964 0.00300 0.52833
v 0.46387 0.00300 0.52798
v 0.46387 0.29700 0.52798
v 0.45964 0.29700 0.52833
v 0.46158 0.30000 0.52604
v 0.38230 0.00000 0.45873
v 0.38002 0.00300 0.45679
v 0.38036 0.00300 0.46102
v 0.38230 0.30000 0.45873
v 0.38036 0.29700 0.46102
v 0.38002 0.29700 0.45679
v 0.87770 0.00000 0.03594
v 0.87998 0.00300 0.03788
v 0.87964 0.00300 0.03366
v 0.87770 0.30000 0.03594
v 0.87964 0.29700 0.03366
v 0.87998 0.29700 0.03788
v 0.79842 0.00000 -0.03137
v 0.80036 0.00300 -0.03366
v 0.79613 0.00300 -0.03331
v 0.79842 0.30000 -0.03137
v 0.79613 0.29700 -0.03331
v 0.80036 0.29700 -0.03366
v 0.38230 0.00000 0.45873
v 0.45964 0.00300 0.52833
v 0.46158 0.00000 0.52604
v 0.38036 0.00300 0.46102
v 0.46387 0.00300 0.52798
v 0.45964 0.29700 0.52833
v 0.46387 0.29700 0.52798
v 0.45964 0.00300 0.52833
v 0.46158 0.30000 0.52604
v 0.38036 0.29700 0.46102
v 0.38230 0.30000 0.45873
v 0.45964 0.29700 0.52833
v 0.38002 0.29700 0.45679
v 0.38036 0.00300 0.46102
v 0.38002 0.00300 0.45679
v 0.38036 0.29700 0.46102
v 0.79842 0.00000 -0.03137
v 0.38002 0.00300 0.45679
v 0.38230 0.00000 0.45873
v 0.79613 0.00300 -0.03331
v 0.38230 0.30000 0.45873
v 0.79613 0.29700 -0.03331
v 0.79842 0.30000 -0.03137
v 0.38002 0.29700 0.45679
v 0.80036 0.29700 -0.03366
v 0.79613 0.00300 -0.03331
v 0.80036 0.00300 -0.03366
v 0.79613 0.29700 -0.03331
v 0.87770 0.00000 0.03594
v 0.80036 0.00300 -0.03366
v 0.79842 0.00000 -0.03137
v 0.87964 0.00300 0.03366
v 0.79842 0.30000 -0.03137
v 0.87964 0.29700 0.03366
v 0.87770 0.30000 0.03594
v 0.80036 0.29700 -0.03366
v 0.87998 0.29700 0.03788
v 0.87964 0.00300 0.03366
v 0.87998 0.00300 0.03788
v 0.87964 0.29700 0.03366
v 0.46158 0.00000 0.52604
v 0.87998 0.00300 0.03788
v 0.87770 0.00000 0.03594
v 0.46387 0.00300 0.52798
v 0.87770 0.30000 0.03594
v 0.46387 0.29700 0.52798
v 0.46158 0.30000 0.52604
v 0.87998 0.29700 0.03788
v 0.38230 0.00000 0.45873
v 0.87770 0.00000 0.03594
v 0.79842 0.00000 -0.03137
v 0.46158 0.00000 0.52604
v 0.77628 0.00300 -0.10457
v 0.90372 0.00300 -0.10457
v 0.77628 0.45900 -0.10457
v 0.73253 0.00300 -0.05870
v 0.90372 0.45900 -0.10457
v 0.73253 0.45900 -0.05870
v 0.94747 0.45900 -0.05870
v 0.71758 0.00300 -0.00290
v 0.94747 0.00300 -0.05870
v 0.71758 0.45900 -0.00290
v 0.96242 0.45900 -0.00290
v 0.73253 0.00300 0.05870
v 0.96242 0.00300 -0.00290
v 0.73253 0.45900 0.05870
v 0.94747 0.45900 0.05870
v 0.77628 0.00300 0.10457
v 0.94747 0.00300 0.05870
v 0.77628 0.45900 0.10457
v 0.90372 0.45900 0.10457
v 0.90372 0.00300 0.10457
v 0.90005 0.46200 -0.10400
v 0.73600 0.46200 -0.06005
v 0.77995 0.46200 -0.10400
v 0.94400 0.46200 -0.06005
v 0.73600 0.46200 0.06005
v 0.71991 0.46200 0.00000
v 0.77995 0.46200 0.10400
v 0.94400 0.46200 0.06005
v 0.96009 0.46200 -0.00000
v 0.90005 0.46200 0.10400
v 0.90372 0.00300 -0.10457
v 0.77995 0.00000 -0.10400
v 0.90005 0.00000 -0.10400
v 0.77628 0.00300 -0.10457
v 0.90005 0.00000 -0.10400
v 0.94400 0.00000 -0.06005
v 0.94747 0.00300 -0.05870
v 0.94400 0.00000 -0.06005
v 0.96009 0.00000 0.00000
v 0.96242 0.00300 -0.00290
v 0.96009 0.00000 0.00000
v 0.94400 0.00000 0.06005
v 0.94747 0.00300 0.05870
v 0.94400 0.00000 0.06005
v 0.90005 0.00000 0.10400
v 0.90372 0.00300 0.10457
v 0.90005 0.00000 0.10400
v 0.77628 0.00300 0.10457
v 0.77995 0.00000 0.10400
v 0.77995 0.00000 0.10400
v 0.73600 0.00000 0.06005
v 0.73253 0.00300 0.05870
v 0.73600 0.00000 0.06005
v 0.71991 0.00000 -0.00000
v 0.71758 0.00300 -0.00290
v 0.71991 0.00000 -0.00000
v 0.73600 0.00000 -0.06005
v 0.73253 0.00300 -0.05870
v 0.73600 0.00000 -0.06005
v 0.77995 0.00000 -0.10400
v 0.90372 0.45900 -0.10457
v 0.90005 0.46200 -0.10400
v 0.77628 0.45900 -0.10457
v 0.77995 0.46200 -0.10400
v 0.77995 0.46200 -0.10400
v 0.73600 0.46200 -0.06005
v 0.73253 0.45900 -0.05870
v 0.73600 0.46200 -0.06005
v 0.71991 0.46200 0.00000
v 0.71758 0.45900 -0.00290
v 0.71991 0.46200 0.00000
v 0.73600 0.46200 0.06005
v 0.73253 0.45900 0.05870
v 0.73600 0.46200 0.06005
v 0.77995 0.46200 0.10400
v 0.77628 0.45900 0.10457
v 0.77995 0.46200 0.10400
v 0.90372 0.45900 0.10457
v 0.90005 0.46200 0.10400
v 0.90005 0.46200 0.10400
v 0.94400 0.46200 0.06005
v 0.94747 0.45900 0.05870
v 0.94400 0.46200 0.06005
v 0.96009 0.46200 -0.00000
v 0.96242 0.45900 -0.00290
v 0.96009 0.46200 -0.00000
v 0.94400 0.46200 -0.06005
v 0.94747 0.45900 -0.05870
v 0.94400 0.46200 -0.06005
v 0.90005 0.46200 -0.10400
v 0.90005 0.00000 -0.10400
v 0.96009 0.00000 0.00000
v 0.94400 0.00000 -0.06005
v 0.77995 0.00000 -0.10400
v 0.90005 0.00000 0.10400
v 0.94400 0.00000 0.06005
v 0.77995 0.00000 0.10400
v 0.71991 0.00000 -0.00000
v 0.73600 0.00000 -0.06005
v 0.73600 0.00000 0.06005
v 0.35628 0.00300 -0.59925
v 0.48372 0.00300 -0.59925
v 0.35628 0.53380 -0.59925
v 0.31253 0.00300 -0.55338
v 0.48372 0.53380 -0.59925
v 0.31253 0.53380 -0.55338
v 0.52747 0.53380 -0.55338
v 0.29758 0.00300 -0.49757
v 0.52747 0.00300 -0.55338
v 0.29758 0.53380 -0.49757
v 0.54242 0.53380 -0.49757
v 0.31253 0.00300 -0.43597
v 0.54242 0.00300 -0.49757
v 0.31253 0.53380 -0.43597
v 0.52747 0.53380 -0.43597
v 0.35628 0.00300 -0.39010
v 0.52747 0.00300 -0.43597
v 0.35628 0.53380 -0.39010
v 0.48372 0.53380 -0.39010
v 0.48372 0.00300 -0.39010
v 0.48005 0.53680 -0.59868
v 0.31600 0.53680 -0.55472
v 0.35995 0.53680 -0.59868
v 0.52400 0.53680 -0.55472
v 0.31600 0.53680 -0.43463
v 0.29991 0.53680 -0.49467
v 0.35995 0.53680 -0.39067
v 0.52400 0.53680 -0.43463
v 0.54009 0.53680 -0.49467
v 0.48005 0.53680 -0.39067
v 0.48372 0.00300 -0.59925
v 0.35995 0.00000 -0.59868
v 0.48005 0.00000 -0.59868
v 0.35628 0.00300 -0.59925
v 0.48005 0.00000 -0.59868
v 0.52400 0.00000 -0.55472
v 0.52747 0.00300 -0.55338
v 0.52400 0.00000 -0.55472
v 0.54009 0.00000 -0.49467
v 0.54242 0.00300 -0.49757
v 0.54009 0.00000 -0.49467
v 0.52400 0.00000 -0.43463
v 0.52747 0.00300 -0.43597
v 0.52400 0.00000 -0.43463
v 0.48005 0.00000 -0.39067
v 0.48372 0.00300 -0.39010
v 0.48005 0.00000 -0.39067
v 0.35628 0.00300 -0.39010
v 0.35995 0.00000 -0.39067
v 0.35995 0.00000 -0.39067
v 0.31600 0.00000 -0.43463
v 0.31253 0.00300 -0.43597
v 0.31600 0.00000 -0.43463
v 0.29991 0.00000 -0.49467
v 0.29758 0.00300 -0.49757
v 0.29991 0.00000 -0.49467
v 0.31600 0.00000 -0.55472
v 0.31253 0.00300 -0.55338
v 0.31600 0.00000 -0.55472
v 0.35995 0.00000 -0.59868
v 0.48372 0.53380 -0.59925
v 0.48005 0.53680 -0.59868
v 0.35628 0.53380 -0.59925
v 0.35995 0.53680 -0.59868
v 0.35995 0.53680 -0.59868
v 0.31600 0.53680 -0.55472
v 0.31253 0.53380 -0.55338
v 0.31600 0.53680 -0.55472
v 0.29991 0.53680 -0.49467
v 0.29758 0.53380 -0.49757
v 0.29991 0.53680 -0.49467
v 0.31600 0.53680 -0.43463
v 0.31253 0.53380 -0.43597
v 0.31600 0.53680 -0.43463
v 0.35995 0.53680 -0.39067
v 0.35628 0.53380 -0.39010
v 0.35995 0.53680 -0.39067
v 0.48372 0.53380 -0.39010
v 0.48005 0.53680 -0.39067
v 0.48005 0.53680 -0.39067
v 0.52400 0.53680 -0.43463
v 0.52747 0.53380 -0.43597
v 0.52400 0.53680 -0.43463
v 0.54009 0.53680 -0.49467
v 0.54242 0.53380 -0.49757
v 0.54009 0.53680 -0.49467
v 0.52400 0.53680 -0.55472
v 0.52747 0.53380 -0.55338
v 0.52400 0.53680 -0.55472
v 0.48005 0.53680 -0.59868
v 0.48005 0.00000 -0.59868
v 0.54009 0.00000 -0.49467
v 0.52400 0.00000 -0.55472
v 0.35995 0.00000 -0.59868
v 0.48005 0.00000 -0.39067
v 0.52400 0.00000 -0.43463
v 0.35995 0.00000 -0.39067
v 0.29991 0.00000 -0.49467
v 0.31600 0.00000 -0.55472
v 0.31600 0.00000 -0.43463
v -0.48372 0.00300 -0.59925
v -0.35628 0.00300 -0.59925
v -0.48372 0.53380 -0.59925
v -0.52747 0.00300 -0.55338
v -0.35628 0.53380 -0.59925
v -0.52747 0.53380 -0.55338
v -0.31253 0.53380 -0.55338
v -0.54242 0.00300 -0.49757
v -0.31253 0.00300 -0.55338
v -0.54242 0.53380 -0.49757
v -0.29758 0.53380 -0.49757
v -0.52747 0.00300 -0.43597
v -0.29758 0.00300 -0.49757
v -0.52747 0.53380 -0.43597
v -0.31253 0.53380 -0.43597
v -0.48372 0.00300 -0.39010
v -0.31253 0.00300 -0.43597
v -0.48372 0.53380 -0.39010
v -0.35628 0.53380 -0.39010
v -0.35628 0.00300 -0.39010
v -0.35995 0.53680 -0.59868
v -0.52400 0.53680 -0.55472
v -0.48005 0.53680 -0.59868
v -0.31600 0.53680 -0.55472
v -0.52400 0.53680 -0.43463
v -0.54009 0.53680 -0.49467
v -0.48005 0.53680 -0.39067
v -0.31600 0.53680 -0.43463
v -0.29991 0.53680 -0.49467
v -0.35995 0.53680 -0.39067
v -0.35628 0.00300 -0.59925
v -0.48005 0.00000 -0.59868
v -0.35995 0.00000 -0.59868
v -0.48372 0.00300 -0.59925
v -0.35995 0.00000 -0.59868
v -0.31600 0.00000 -0.55472
v -0.31253 0.00300 -0.55338
v -0.31600 0.00000 -0.55472
v -0.29991 0.00000 -0.49467
v -0.29758 0.00300 -0.49757
v -0.29991 0.00000 -0.49467
v -0.31600 0.00000 -0.43463
v -0.31253 0.00300 -0.43597
v -0.31600 0.00000 -0.43463
v -0.35995 0.00000 -0.39067
v -0.35628 0.00300 -0.39010
v -0.35995 0.00000 -0.39067
v -0.48372 0.00300 -0.39010
v -0.48005 0.00000 -0.39067
v -0.48005 0.00000 -0.39067
v -0.52400 0.00000 -0.43463
v -0.52747 0.00300 -0.43597
v -0.52400 0.00000 -0.43463
v -0.54009 0.00000 -0.49467
v -0.54242 0.00300 -0.49757
v -0.54009 0.00000 -0.49467
v -0.52400 0.00000 -0.55472
v -0.52747 0.00300 -0.55338
v -0.52400 0.00000 -0.55472
v -0.48005 0.00000 -0.59868
v -0.35628 0.53380 -0.59925
v -0.35995 0.53680 -0.59868
v -0.48372 0.53380 -0.59925
v -0.48005 0.53680 -0.59868
v -0.48005 0.53680 -0.59868
v -0.52400 0.53680 -0.55472
v -0.52747 0.53380 -0.55338
v -0.52400 0.53680 -0.55472
v -0.54009 0.53680 -0.49467
v -0.54242 0.53380 -0.49757
v -0.54009 0.53680 -0.49467
v -0.52400 0.53680 -0.43463
v -0.52747 0.53380 -0.43597
v -0.52400 0.53680 -0.43463
v -0.48005 0.53680 -0.39067
v -0.48372 0.53380 -0.39010
v -0.48005 0.53680 -0.39067
v -0.35628 0.53380 -0.39010
v -0.35995 0.53680 -0.39067
v -0.35995 0.53680 -0.39067
v -0.31600 0.53680 -0.43463
v -0.31253 0.53380 -0.43597
v -0.31600 0.53680 -0.43463
v -0.29991 0.53680 -0.49467
v -0.29758 0.53380 -0.49757
v -0.29991 0.53680 -0.49467
v -0.31600 0.53680 -0.55472
v -0.31253 0.53380 -0.55338
v -0.31600 0.53680 -0.55472
v -0.35995 0.53680 -0.59868
v -0.35995 0.00000 -0.59868
v -0.29991 0.00000 -0.49467
v -0.31600 0.00000 -0.55472
v -0.48005 0.00000 -0.59868
v -0.35995 0.00000 -0.39067
v -0.31600 0.00000 -0.43463
v -0.48005 0.00000 -0.39067
v -0.54009 0.00000 -0.49467
v -0.52400 0.00000 -0.55472
v -0.52400 0.00000 -0.43463
v -0.90372 0.00300 -0.10457
v -0.77628 0.00300 -0.10457
v -0.90372 0.45900 -0.10457
v -0.94747 0.00300 -0.05870
v -0.77628 0.45900 -0.10457
v -0.94747 0.45900 -0.05870
v -0.73253 0.45900 -0.05870
v -0.96242 0.00300 -0.00290
v -0.73253 0.00300 -0.05870
v -0.96242 0.45900 -0.00290
v -0.71758 0.45900 -0.00290
v -0.94747 0.00300 0.05870
v -0.71758 0.00300 -0.00290
v -0.94747 0.45900 0.05870
v -0.73253 0.45900 0.05870
v -0.90372 0.00300 0.10457
v -0.73253 0.00300 0.05870
v -0.90372 0.45900 0.10457
v -0.77628 0.45900 0.10457
v -0.77628 0.00300 0.10457
v -0.77995 0.46200 -0.10400
v -0.94400 0.46200 -0.06005
v -0.90005 0.46200 -0.10400
v -0.73600 0.46200 -0.06005
v -0.94400 0.46200 0.06005
v -0.96009 0.46200 0.00000
v -0.90005 0.46200 0.10400
v -0.73600 0.46200 0.06005
v -0.71991 0.46200 -0.00000
v -0.77995 0.46200 0.10400
v -0.77628 0.00300 -0.10457
v -0.90005 0.00000 -0.10400
v -0.77995 0.00000 -0.10400
v -0.90372 0.00300 -0.10457
v -0.77995 0.00000 -0.10400
v -0.73600 0.00000 -0.06005
v -0.73253 0.00300 -0.05870
v -0.73600 0.00000 -0.06005
v -0.71991 0.00000 0.00000
v -0.71758 0.00300 -0.00290
v -0.71991 0.00000 0.00000
v -0.73600 0.00000 0.06005
v -0.73253 0.00300 0.05870
v -0.73600 0.00000 0.06005
v -0.77995 0.00000 0.10400
v -0.77628 0.00300 0.10457
v -0.77995 0.00000 0.10400
v -0.90372 0.00300 0.10457
v -0.90005 0.00000 0.10400
v -0.90005 0.00000 0.10400
v -0.94400 0.00000 0.06005
v -0.94747 0.00300 0.05870
v -0.94400 0.00000 0.06005
v -0.96009 0.00000 -0.00000
v -0.96242 0.00300 -0.00290
v -0.96009 0.00000 -0.00000
v -0.94400 0.00000 -0.06005
v -0.94747 0.00300 -0.05870
v -0.94400 0.00000 -0.06005
v -0.90005 0.00000 -0.10400
v -0.77628 0.45900 -0.10457
v -0.77995 0.46200 -0.10400
v -0.90372 0.45900 -0.10457
v -0.90005 0.46200 -0.10400
v -0.90005 0.46200 -0.10400
v -0.94400 0.46200 -0.06005
v -0.94747 0.45900 -0.05870
v -0.94400 0.46200 -0.06005
v -0.96009 0.46200 0.00000
v -0.96242 0.45900 -0.00290
v -0.96009 0.46200 0.00000
v -0.94400 0.46200 0.06005
v -0.94747 0.45900 0.05870
v -0.94400 0.46200 0.06005
v -0.90005 0.46200 0.10400
v -0.90372 0.45900 0.10457
v -0.90005 0.46200 0.10400
v -0.77628 0.45900 0.10457
v -0.77995 0.46200 0.10400
v -0.77995 0.46200 0.10400
v -0.73600 0.46200 0.06005
v -0.73253 0.45900 0.05870
v -0.73600 0.46200 0.06005
v -0.71991 0.46200 -0.00000
v -0.71758 0.45900 -0.00290
v -0.71991 0.46200 -0.00000
v -0.73600 0.46200 -0.06005
v -0.73253 0.45900 -0.05870
v -0.73600 0.46200 -0.06005
v -0.77995 0.46200 -0.10400
v -0.77995 0.00000 -0.10400
v -0.71991 0.00000 0.00000
v -0.73600 0.00000 -0.06005
v -0.90005 0.00000 -0.10400
v -0.77995 0.00000 0.10400
v -0.73600 0.00000 0.06005
v -0.90005 0.00000 0.10400
v -0.96009 0.00000 -0.00000
v -0.94400 0.00000 -0.06005
v -0.94400 0.00000 0.06005
v 0.09700 0.00300 0.58266
v -0.09700 0.41700 0.58266
v 0.09700 0.41700 0.58266
v -0.09700 0.00300 0.58266
v 0.10000 0.00300 0.40966
v 0.10000 0.41700 0.57966
v 0.10000 0.41700 0.40966
v 0.10000 0.00300 0.57966
v 0.09700 0.42000 0.40966
v -0.09700 0.42000 0.57966
v -0.09700 0.42000 0.40966
v 0.09700 0.42000 0.57966
v -0.10000 0.00300 0.57966
v -0.10000 0.41700 0.40966
v -0.10000 0.41700 0.57966
v -0.10000 0.00300 0.40966
v -0.09700 0.00300 0.40666
v 0.09700 0.41700 0.40666
v -0.09700 0.41700 0.40666
v 0.09700 0.00300 0.40666
v -0.09700 0.00000 0.57966
v -0.10000 0.00300 0.57966
v -0.09700 0.00300 0.58266
v -0.09700 0.41700 0.58266
v -0.10000 0.41700 0.57966
v -0.09700 0.42000 0.57966
v -0.09700 0.00000 0.40966
v -0.09700 0.00300 0.40666
v -0.10000 0.00300 0.40966
v -0.09700 0.42000 0.40966
v -0.10000 0.41700 0.40966
v -0.09700 0.41700 0.40666
v 0.09700 0.00000 0.57966
v 0.09700 0.00300 0.58266
v 0.10000 0.00300 0.57966
v 0.09700 0.42000 0.57966
v 0.10000 0.41700 0.57966
v 0.09700 0.41700 0.58266
v 0.09700 0.00000 0.40966
v 0.10000 0.00300 0.40966
v 0.09700 0.00300 0.40666
v 0.09700 0.42000 0.40966
v 0.09700 0.41700 0.40666
v 0.10000 0.41700 0.40966
v -0.09700 0.00000 0.40966
v -0.10000 0.00300 0.57966
v -0.09700 0.00000 0.57966
v -0.10000 0.00300 0.40966
v -0.09700 0.00300 0.58266
v -0.10000 0.41700 0.57966
v -0.09700 0.41700 0.58266
v -0.10000 0.00300 0.57966
v -0.09700 0.42000 0.57966
v -0.10000 0.41700 0.40966
v -0.09700 0.42000 0.40966
v -0.10000 0.41700 0.57966
v -0.09700 0.41700 0.40666
v -0.10000 0.00300 0.40966
v -0.09700 0.00300 0.40666
v -0.10000 0.41700 0.40966
v 0.09700 0.00000 0.40966
v -0.09700 0.00300 0.40666
v -0.09700 0.00000 0.40966
v 0.09700 0.00300 0.40666
v -0.09700 0.42000 0.40966
v 0.09700 0.41700 0.40666
v 0.09700 0.42000 0.40966
v -0.09700 0.41700 0.40666
v 0.10000 0.41700 0.40966
v 0.09700 0.00300 0.40666
v 0.10000 0.00300 0.40966
v 0.09700 0.41700 0.40666
v 0.09700 0.00000 0.57966
v 0.10000 0.00300 0.40966
v 0.09700 0.00000 0.40966
v 0.10000 0.00300 0.57966
v 0.09700 0.42000 0.40966
v 0.10000 0.41700 0.57966
v 0.09700 0.42000 0.57966
v 0.10000 0.41700 0.40966
v 0.09700 0.41700 0.58266
v 0.10000 0.00300 0.57966
v 0.09700 0.00300 0.58266
v 0.10000 0.41700 0.57966
v -0.09700 0.00000 0.57966
v 0.09700 0.00300 0.58266
v 0.09700 0.00000 0.57966
v -0.09700 0.00300 0.58266
v 0.09700 0.42000 0.57966
v -0.09700 0.41700 0.58266
v -0.09700 0.42000 0.57966
v 0.09700 0.41700 0.58266
v -0.09700 0.00000 0.40966
v 0.09700 0.00000 0.57966
v 0.09700 0.00000 0.40966
v -0.09700 0.00000 0.57966
v 0.86724 0.30000 -0.05799
v 0.77836 0.34125 0.01747
v 0.86724 0.34125 -0.05799
v 0.77836 0.30000 0.01747
v 0.77836 0.30000 0.01747
v 0.74276 0.34125 -0.02445
v 0.77836 0.34125 0.01747
v 0.74276 0.30000 -0.02445
v 0.74276 0.30000 -0.02445
v 0.83164 0.34125 -0.09992
v 0.74276 0.34125 -0.02445
v 0.83164 0.30000 -0.09992
v 0.83164 0.30000 -0.09992
v 0.86724 0.34125 -0.05799
v 0.83164 0.34125 -0.09992
v 0.86724 0.30000 -0.05799
v 0.77836 0.30000 0.01747
v 0.83164 0.30000 -0.09992
v 0.74276 0.30000 -0.02445
v 0.86724 0.30000 -0.05799
v 0.74276 0.34125 -0.02445
v 0.86724 0.34125 -0.05799
v 0.77836 0.34125 0.01747
v 0.83164 0.34125 -0.09992
v 0.79724 0.30000 -0.14044
v 0.70836 0.34125 -0.06497
v 0.79724 0.34125 -0.14044
v 0.70836 0.30000 -0.06497
v 0.70836 0.30000 -0.06497
v 0.67276 0.34125 -0.10690
v 0.70836 0.34125 -0.06497
v 0.67276 0.30000 -0.10690
v 0.67276 0.30000 -0.10690
v 0.76164 0.34125 -0.18236
v 0.67276 0.34125 -0.10690
v 0.76164 0.30000 -0.18236
v 0.76164 0.30000 -0.18236
v 0.79724 0.34125 -0.14044
v 0.76164 0.34125 -0.18236
v 0.79724 0.30000 -0.14044
v 0.70836 0.30000 -0.06497
v 0.76164 0.30000 -0.18236
v 0.67276 0.30000 -0.10690
v 0.79724 0.30000 -0.14044
v 0.67276 0.34125 -0.10690
v 0.79724 0.34125 -0.14044
v 0.70836 0.34125 -0.06497
v 0.76164 0.34125 -0.18236
v 0.72724 0.30000 -0.22288
v 0.63836 0.34125 -0.14742
v 0.72724 0.34125 -0.22288
v 0.63836 0.30000 -0.14742
v 0.63836 0.30000 -0.14742
v 0.60276 0.34125 -0.18934
v 0.63836 0.34125 -0.14742
v 0.60276 0.30000 -0.18934
v 0.60276 0.30000 -0.18934
v 0.69164 0.34125 -0.26481
v 0.60276 0.34125 -0.18934
v 0.69164 0.30000 -0.26481
v 0.69164 0.30000 -0.26481
v 0.72724 0.34125 -0.22288
v 0.69164 0.34125 -0.26481
v 0.72724 0.30000 -0.22288
v 0.63836 0.30000 -0.14742
v 0.69164 0.30000 -0.26481
v 0.60276 0.30000 -0.18934
v 0.72724 0.30000 -0.22288
v 0.60276 0.34125 -0.18934
v 0.72724 0.34125 -0.22288
v 0.63836 0.34125 -0.14742
v 0.69164 0.34125 -0.26481
v 0.65724 0.30000 -0.30533
v 0.56836 0.34125 -0.22986
v 0.65724 0.34125 -0.30533
v 0.56836 0.30000 -0.22986
v 0.56836 0.30000 -0.22986
v 0.53276 0.34125 -0.27179
v 0.56836 0.34125 -0.22986
v 0.53276 0.30000 -0.27179
v 0.53276 0.30000 -0.27179
v 0.62164 0.34125 -0.34726
v 0.53276 0.34125 -0.27179
v 0.62164 0.30000 -0.34726
v 0.62164 0.30000 -0.34726
v 0.65724 0.34125 -0.30533
v 0.62164 0.34125 -0.34726
v 0.65724 0.30000 -0.30533
v 0.56836 0.30000 -0.22986
v 0.62164 0.30000 -0.34726
v 0.53276 0.30000 -0.27179
v 0.65724 0.30000 -0.30533
v 0.53276 0.34125 -0.27179
v 0.65724 0.34125 -0.30533
v 0.56836 0.34125 -0.22986
v 0.62164 0.34125 -0.34726
v 0.58724 0.30000 -0.38778
v 0.49836 0.34125 -0.31231
v 0.58724 0.34125 -0.38778
v 0.49836 0.30000 -0.31231
v 0.49836 0.30000 -0.31231
v 0.46276 0.34125 -0.35424
v 0.49836 0.34125 -0.31231
v 0.46276 0.30000 -0.35424
v 0.46276 0.30000 -0.35424
v 0.55164 0.34125 -0.42970
v 0.46276 0.34125 -0.35424
v 0.55164 0.30000 -0.42970
v 0.55164 0.30000 -0.42970
v 0.58724 0.34125 -0.38778
v 0.55164 0.34125 -0.42970
v 0.58724 0.30000 -0.38778
v 0.49836 0.30000 -0.31231
v 0.55164 0.30000 -0.42970
v 0.46276 0.30000 -0.35424
v 0.58724 0.30000 -0.38778
v 0.46276 0.34125 -0.35424
v 0.58724 0.34125 -0.38778
v 0.49836 0.34125 -0.31231
v 0.55164 0.34125 -0.42970
v 0.51724 0.30000 -0.47022
v 0.42836 0.34125 -0.39475
v 0.51724 0.34125 -0.47022
v 0.42836 0.30000 -0.39475
v 0.42836 0.30000 -0.39475
v 0.39276 0.34125 -0.43668
v 0.42836 0.34125 -0.39475
v 0.39276 0.30000 -0.43668
v 0.39276 0.30000 -0.43668
v 0.48164 0.34125 -0.51215
v 0.39276 0.34125 -0.43668
v 0.48164 0.30000 -0.51215
v 0.48164 0.30000 -0.51215
v 0.51724 0.34125 -0.47022
v 0.48164 0.34125 -0.51215
v 0.51724 0.30000 -0.47022
v 0.42836 0.30000 -0.39475
v 0.48164 0.30000 -0.51215
v 0.39276 0.30000 -0.43668
v 0.51724 0.30000 -0.47022
v 0.39276 0.34125 -0.43668
v 0.51724 0.34125 -0.47022
v 0.42836 0.34125 -0.39475
v 0.48164 0.34125 -0.51215
v 0.39500 0.30000 -0.55297
v 0.39500 0.34125 -0.43637
v 0.39500 0.34125 -0.55297
v 0.39500 0.30000 -0.43637
v 0.39500 0.30000 -0.43637
v 0.34000 0.34125 -0.43637
v 0.39500 0.34125 -0.43637
v 0.34000 0.30000 -0.43637
v 0.34000 0.30000 -0.43637
v 0.34000 0.34125 -0.55297
v 0.34000 0.34125 -0.43637
v 0.34000 0.30000 -0.55297
v 0.34000 0.30000 -0.55297
v 0.39500 0.34125 -0.55297
v 0.34000 0.34125 -0.55297
v 0.39500 0.30000 -0.55297
v 0.39500 0.30000 -0.43637
v 0.34000 0.30000 -0.55297
v 0.34000 0.30000 -0.43637
v 0.39500 0.30000 -0.55297
v 0.34000 0.34125 -0.43637
v 0.39500 0.34125 -0.55297
v 0.39500 0.34125 -0.43637
v 0.34000 0.34125 -0.55297
v 0.29000 0.30000 -0.55297
v 0.29000 0.34125 -0.43637
v 0.29000 0.34125 -0.55297
v 0.29000 0.30000 -0.43637
v 0.29000 0.30000 -0.43637
v 0.23500 0.34125 -0.43637
v 0.29000 0.34125 -0.43637
v 0.23500 0.30000 -0.43637
v 0.23500 0.30000 -0.43637
v 0.23500 0.34125 -0.55297
v 0.23500 0.34125 -0.43637
v 0.23500 0.30000 -0.55297
v 0.23500 0.30000 -0.55297
v 0.29000 0.34125 -0.55297
v 0.23500 0.34125 -0.55297
v 0.29000 0.30000 -0.55297
v 0.29000 0.30000 -0.43637
v 0.23500 0.30000 -0.55297
v 0.23500 0.30000 -0.43637
v 0.29000 0.30000 -0.55297
v 0.23500 0.34125 -0.43637
v 0.29000 0.34125 -0.55297
v 0.29000 0.34125 -0.43637
v 0.23500 0.34125 -0.55297
v 0.18500 0.30000 -0.55297
v 0.18500 0.34125 -0.43637
v 0.18500 0.34125 -0.55297
v 0.18500 0.30000 -0.43637
v 0.18500 0.30000 -0.43637
v 0.13000 0.34125 -0.43637
v 0.18500 0.34125 -0.43637
v 0.13000 0.30000 -0.43637
v 0.13000 0.30000 -0.43637
v 0.13000 0.34125 -0.55297
v 0.13000 0.34125 -0.43637
v 0.13000 0.30000 -0.55297
v 0.13000 0.30000 -0.55297
v 0.18500 0.34125 -0.55297
v 0.13000 0.34125 -0.55297
v 0.18500 0.30000 -0.55297
v 0.18500 0.30000 -0.43637
v 0.13000 0.30000 -0.55297
v 0.13000 0.30000 -0.43637
v 0.18500 0.30000 -0.55297
v 0.13000 0.34125 -0.43637
v 0.18500 0.34125 -0.55297
v 0.18500 0.34125 -0.43637
v 0.13000 0.34125 -0.55297
v 0.08000 0.30000 -0.55297
v 0.08000 0.34125 -0.43637
v 0.08000 0.34125 -0.55297
v 0.08000 0.30000 -0.43637
v 0.08000 0.30000 -0.43637
v 0.02500 0.34125 -0.43637
v 0.08000 0.34125 -0.43637
v 0.02500 0.30000 -0.43637
v 0.02500 0.30000 -0.43637
v 0.02500 0.34125 -0.55297
v 0.02500 0.34125 -0.43637
v 0.02500 0.30000 -0.55297
v 0.02500 0.30000 -0.55297
v 0.08000 0.34125 -0.55297
v 0.02500 0.34125 -0.55297
v 0.08000 0.30000 -0.55297
v 0.08000 0.30000 -0.43637
v 0.02500 0.30000 -0.55297
v 0.02500 0.30000 -0.43637
v 0.08000 0.30000 -0.55297
v 0.02500 0.34125 -0.43637
v 0.08000 0.34125 -0.55297
v 0.08000 0.34125 -0.43637
v 0.02500 0.34125 -0.55297
v -0.02500 0.30000 -0.55297
v -0.02500 0.34125 -0.43637
v -0.02500 0.34125 -0.55297
v -0.02500 0.30000 -0.43637
v -0.02500 0.30000 -0.43637
v -0.08000 0.34125 -0.43637
v -0.02500 0.34125 -0.43637
v -0.08000 0.30000 -0.43637
v -0.08000 0.30000 -0.43637
v -0.08000 0.34125 -0.55297
v -0.08000 0.34125 -0.43637
v -0.08000 0.30000 -0.55297
v -0.08000 0.30000 -0.55297
v -0.02500 0.34125 -0.55297
v -0.08000 0.34125 -0.55297
v -0.02500 0.30000 -0.55297
v -0.02500 0.30000 -0.43637
v -0.08000 0.30000 -0.55297
v -0.08000 0.30000 -0.43637
v -0.02500 0.30000 -0.55297
v -0.08000 0.34125 -0.43637
v -0.02500 0.34125 -0.55297
v -0.02500 0.34125 -0.43637
v -0.08000 0.34125 -0.55297
v -0.13000 0.30000 -0.55297
v -0.13000 0.34125 -0.43637
v -0.13000 0.34125 -0.55297
v -0.13000 0.30000 -0.43637
v -0.13000 0.30000 -0.43637
v -0.18500 0.34125 -0.43637
v -0.13000 0.34125 -0.43637
v -0.18500 0.30000 -0.43637
v -0.18500 0.30000 -0.43637
v -0.18500 0.34125 -0.55297
v -0.18500 0.34125 -0.43637
v -0.18500 0.30000 -0.55297
v -0.18500 0.30000 -0.55297
v -0.13000 0.34125 -0.55297
v -0.18500 0.34125 -0.55297
v -0.13000 0.30000 -0.55297
v -0.13000 0.30000 -0.43637
v -0.18500 0.30000 -0.55297
v -0.18500 0.30000 -0.43637
v -0.13000 0.30000 -0.55297
v -0.18500 0.34125 -0.43637
v -0.13000 0.34125 -0.55297
v -0.13000 0.34125 -0.43637
v -0.18500 0.34125 -0.55297
v -0.23500 0.30000 -0.55297
v -0.23500 0.34125 -0.43637
v -0.23500 0.34125 -0.55297
v -0.23500 0.30000 -0.43637
v -0.23500 0.30000 -0.43637
v -0.29000 0.34125 -0.43637
v -0.23500 0.34125 -0.43637
v -0.29000 0.30000 -0.43637
v -0.29000 0.30000 -0.43637
v -0.29000 0.34125 -0.55297
v -0.29000 0.34125 -0.43637
v -0.29000 0.30000 -0.55297
v -0.29000 0.30000 -0.55297
v -0.23500 0.34125 -0.55297
v -0.29000 0.34125 -0.55297
v -0.23500 0.30000 -0.55297
v -0.23500 0.30000 -0.43637
v -0.29000 0.30000 -0.55297
v -0.29000 0.30000 -0.43637
v -0.23500 0.30000 -0.55297
v -0.29000 0.34125 -0.43637
v -0.23500 0.34125 -0.55297
v -0.23500 0.34125 -0.43637
v -0.29000 0.34125 -0.55297
v -0.34000 0.30000 -0.55297
v -0.34000 0.34125 -0.43637
v -0.34000 0.34125 -0.55297
v -0.34000 0.30000 -0.43637
v -0.34000 0.30000 -0.43637
v -0.39500 0.34125 -0.43637
v -0.34000 0.34125 -0.43637
v -0.39500 0.30000 -0.43637
v -0.39500 0.30000 -0.43637
v -0.39500 0.34125 -0.55297
v -0.39500 0.34125 -0.43637
v -0.39500 0.30000 -0.55297
v -0.39500 0.30000 -0.55297
v -0.34000 0.34125 -0.55297
v -0.39500 0.34125 -0.55297
v -0.34000 0.30000 -0.55297
v -0.34000 0.30000 -0.43637
v -0.39500 0.30000 -0.55297
v -0.39500 0.30000 -0.43637
v -0.34000 0.30000 -0.55297
v -0.39500 0.34125 -0.43637
v -0.34000 0.34125 -0.55297
v -0.34000 0.34125 -0.43637
v -0.39500 0.34125 -0.55297
v -0.48164 0.30000 -0.51215
v -0.39276 0.34125 -0.43668
v -0.48164 0.34125 -0.51215
v -0.39276 0.30000 -0.43668
v -0.39276 0.30000 -0.43668
v -0.42836 0.34125 -0.39475
v -0.39276 0.34125 -0.43668
v -0.42836 0.30000 -0.39475
v -0.42836 0.30000 -0.39475
v -0.51724 0.34125 -0.47022
v -0.42836 0.34125 -0.39475
v -0.51724 0.30000 -0.47022
v -0.51724 0.30000 -0.47022
v -0.48164 0.34125 -0.51215
v -0.51724 0.34125 -0.47022
v -0.48164 0.30000 -0.51215
v -0.39276 0.30000 -0.43668
v -0.51724 0.30000 -0.47022
v -0.42836 0.30000 -0.39475
v -0.48164 0.30000 -0.51215
v -0.42836 0.34125 -0.39475
v -0.48164 0.34125 -0.51215
v -0.39276 0.34125 -0.43668
v -0.51724 0.34125 -0.47022
v -0.55164 0.30000 -0.42970
v -0.46276 0.34125 -0.35424
v -0.55164 0.34125 -0.42970
v -0.46276 0.30000 -0.35424
v -0.46276 0.30000 -0.35424
v -0.49836 0.34125 -0.31231
v -0.46276 0.34125 -0.35424
v -0.49836 0.30000 -0.31231
v -0.49836 0.30000 -0.31231
v -0.58724 0.34125 -0.38778
v -0.49836 0.34125 -0.31231
v -0.58724 0.30000 -0.38778
v -0.58724 0.30000 -0.38778
v -0.55164 0.34125 -0.42970
v -0.58724 0.34125 -0.38778
v -0.55164 0.30000 -0.42970
v -0.46276 0.30000 -0.35424
v -0.58724 0.30000 -0.38778
v -0.49836 0.30000 -0.31231
v -0.55164 0.30000 -0.42970
v -0.49836 0.34125 -0.31231
v -0.55164 0.34125 -0.42970
v -0.46276 0.34125 -0.35424
v -0.58724 0.34125 -0.38778
v -0.62164 0.30000 -0.34726
v -0.53276 0.34125 -0.27179
v -0.62164 0.34125 -0.34726
v -0.53276 0.30000 -0.27179
v -0.53276 0.30000 -0.27179
v -0.56836 0.34125 -0.22986
v -0.53276 0.34125 -0.27179
v -0.56836 0.30000 -0.22986
v -0.56836 0.30000 -0.22986
v -0.65724 0.34125 -0.30533
v -0.56836 0.34125 -0.22986
v -0.65724 0.30000 -0.30533
v -0.65724 0.30000 -0.30533
v -0.62164 0.34125 -0.34726
v -0.65724 0.34125 -0.30533
v -0.62164 0.30000 -0.34726
v -0.53276 0.30000 -0.27179
v -0.65724 0.30000 -0.30533
v -0.56836 0.30000 -0.22986
v -0.62164 0.30000 -0.34726
v -0.56836 0.34125 -0.22986
v -0.62164 0.34125 -0.34726
v -0.53276 0.34125 -0.27179
v -0.65724 0.34125 -0.30533
v -0.69164 0.30000 -0.26481
v -0.60276 0.34125 -0.18934
v -0.69164 0.34125 -0.26481
v -0.60276 0.30000 -0.18934
v -0.60276 0.30000 -0.18934
v -0.63836 0.34125 -0.14742
v -0.60276 0.34125 -0.18934
v -0.63836 0.30000 -0.14742
v -0.63836 0.30000 -0.14742
v -0.72724 0.34125 -0.22288
v -0.63836 0.34125 -0.14742
v -0.72724 0.30000 -0.22288
v -0.72724 0.30000 -0.22288
v -0.69164 0.34125 -0.26481
v -0.72724 0.34125 -0.22288
v -0.69164 0.30000 -0.26481
v -0.60276 0.30000 -0.18934
v -0.72724 0.30000 -0.22288
v -0.63836 0.30000 -0.14742
v -0.69164 0.30000 -0.26481
v -0.63836 0.34125 -0.14742
v -0.69164 0.34125 -0.26481
v -0.60276 0.34125 -0.18934
v -0.72724 0.34125 -0.22288
v -0.76164 0.30000 -0.18236
v -0.67276 0.34125 -0.10690
v -0.76164 0.34125 -0.18236
v -0.67276 0.30000 -0.10690
v -0.67276 0.30000 -0.10690
v -0.70836 0.34125 -0.06497
v -0.67276 0.34125 -0.10690
v -0.70836 0.30000 -0.06497
v -0.70836 0.30000 -0.06497
v -0.79724 0.34125 -0.14044
v -0.70836 0.34125 -0.06497
v -0.79724 0.30000 -0.14044
v -0.79724 0.30000 -0.14044
v -0.76164 0.34125 -0.18236
v -0.79724 0.34125 -0.14044
v -0.76164 0.30000 -0.18236
v -0.67276 0.30000 -0.10690
v -0.79724 0.30000 -0.14044
v -0.70836 0.30000 -0.06497
v -0.76164 0.30000 -0.18236
v -0.70836 0.34125 -0.06497
v -0.76164 0.34125 -0.18236
v -0.67276 0.34125 -0.10690
v -0.79724 0.34125 -0.14044
v -0.83164 0.30000 -0.09992
v -0.74276 0.34125 -0.02445
v -0.83164 0.34125 -0.09992
v -0.74276 0.30000 -0.02445
v -0.74276 0.30000 -0.02445
v -0.77836 0.34125 0.01747
v -0.74276 0.34125 -0.02445
v -0.77836 0.30000 0.01747
v -0.77836 0.30000 0.01747
v -0.86724 0.34125 -0.05799
v -0.77836 0.34125 0.01747
v -0.86724 0.30000 -0.05799
v -0.86724 0.30000 -0.05799
v -0.83164 0.34125 -0.09992
v -0.86724 0.34125 -0.05799
v -0.83164 0.30000 -0.09992
v -0.74276 0.30000 -0.02445
v -0.86724 0.30000 -0.05799
v -0.77836 0.30000 0.01747
v -0.83164 0.30000 -0.09992
v -0.77836 0.34125 0.01747
v -0.83164 0.34125 -0.09992
v -0.74276 0.34125 -0.02445
v -0.86724 0.34125 -0.05799
v -0.86724 0.30000 0.05799
v -0.77836 0.34125 -0.01747
v -0.86724 0.34125 0.05799
v -0.77836 0.30000 -0.01747
v -0.77836 0.30000 -0.01747
v -0.74276 0.34125 0.02445
v -0.77836 0.34125 -0.01747
v -0.74276 0.30000 0.02445
v -0.74276 0.30000 0.02445
v -0.83164 0.34125 0.09992
v -0.74276 0.34125 0.02445
v -0.83164 0.30000 0.09992
v -0.83164 0.30000 0.09992
v -0.86724 0.34125 0.05799
v -0.83164 0.34125 0.09992
v -0.86724 0.30000 0.05799
v -0.77836 0.30000 -0.01747
v -0.83164 0.30000 0.09992
v -0.74276 0.30000 0.02445
v -0.86724 0.30000 0.05799
v -0.74276 0.34125 0.02445
v -0.86724 0.34125 0.05799
v -0.77836 0.34125 -0.01747
v -0.83164 0.34125 0.09992
v -0.79724 0.30000 0.14044
v -0.70836 0.34125 0.06497
v -0.79724 0.34125 0.14044
v -0.70836 0.30000 0.06497
v -0.70836 0.30000 0.06497
v -0.67276 0.34125 0.10690
v -0.70836 0.34125 0.06497
v -0.67276 0.30000 0.10690
v -0.67276 0.30000 0.10690
v -0.76164 0.34125 0.18236
v -0.67276 0.34125 0.10690
v -0.76164 0.30000 0.18236
v -0.76164 0.30000 0.18236
v -0.79724 0.34125 0.14044
v -0.76164 0.34125 0.18236
v -0.79724 0.30000 0.14044
v -0.70836 0.30000 0.06497
v -0.76164 0.30000 0.18236
v -0.67276 0.30000 0.10690
v -0.79724 0.30000 0.14044
v -0.67276 0.34125 0.10690
v -0.79724 0.34125 0.14044
v -0.70836 0.34125 0.06497
v -0.76164 0.34125 0.18236
v -0.72724 0.30000 0.22288
v -0.63836 0.34125 0.14742
v -0.72724 0.34125 0.22288
v -0.63836 0.30000 0.14742
v -0.63836 0.30000 0.14742
v -0.60276 0.34125 0.18934
v -0.63836 0.34125 0.14742
v -0.60276 0.30000 0.18934
v -0.60276 0.30000 0.18934
v -0.69164 0.34125 0.26481
v -0.60276 0.34125 0.18934
v -0.69164 0.30000 0.26481
v -0.69164 0.30000 0.26481
v -0.72724 0.34125 0.22288
v -0.69164 0.34125 0.26481
v -0.72724 0.30000 0.22288
v -0.63836 0.30000 0.14742
v -0.69164 0.30000 0.26481
v -0.60276 0.30000 0.18934
v -0.72724 0.30000 0.22288
v -0.60276 0.34125 0.18934
v -0.72724 0.34125 0.22288
v -0.63836 0.34125 0.14742
v -0.69164 0.34125 0.26481
v -0.65724 0.30000 0.30533
v -0.56836 0.34125 0.22986
v -0.65724 0.34125 0.30533
v -0.56836 0.30000 0.22986
v -0.56836 0.30000 0.22986
v -0.53276 0.34125 0.27179
v -0.56836 0.34125 0.22986
v -0.53276 0.30000 0.27179
v -0.53276 0.30000 0.27179
v -0.62164 0.34125 0.34726
v -0.53276 0.34125 0.27179
v -0.62164 0.30000 0.34726
v -0.62164 0.30000 0.34726
v -0.65724 0.34125 0.30533
v -0.62164 0.34125 0.34726
v -0.65724 0.30000 0.30533
v -0.56836 0.30000 0.22986
v -0.62164 0.30000 0.34726
v -0.53276 0.30000 0.27179
v -0.65724 0.30000 0.30533
v -0.53276 0.34125 0.27179
v -0.65724 0.34125 0.30533
v -0.56836 0.34125 0.22986
v -0.62164 0.34125 0.34726
v -0.58724 0.30000 0.38778
v -0.49836 0.34125 0.31231
v -0.58724 0.34125 0.38778
v -0.49836 0.30000 0.31231
v -0.49836 0.30000 0.31231
v -0.46276 0.34125 0.35424
v -0.49836 0.34125 0.31231
v -0.46276 0.30000 0.35424
v -0.46276 0.30000 0.35424
v -0.55164 0.34125 0.42970
v -0.46276 0.34125 0.35424
v -0.55164 0.30000 0.42970
v -0.55164 0.30000 0.42970
v -0.58724 0.34125 0.38778
v -0.55164 0.34125 0.42970
v -0.58724 0.30000 0.38778
v -0.49836 0.30000 0.31231
v -0.55164 0.30000 0.42970
v -0.46276 0.30000 0.35424
v -0.58724 0.30000 0.38778
v -0.46276 0.34125 0.35424
v -0.58724 0.34125 0.38778
v -0.49836 0.34125 0.31231
v -0.55164 0.34125 0.42970
v -0.51724 0.30000 0.47022
v -0.42836 0.34125 0.39475
v -0.51724 0.34125 0.47022
v -0.42836 0.30000 0.39475
v -0.42836 0.30000 0.39475
v -0.39276 0.34125 0.43668
v -0.42836 0.34125 0.39475
v -0.39276 0.30000 0.43668
v -0.39276 0.30000 0.43668
v -0.48164 0.34125 0.51215
v -0.39276 0.34125 0.43668
v -0.48164 0.30000 0.51215
v -0.48164 0.30000 0.51215
v -0.51724 0.34125 0.47022
v -0.48164 0.34125 0.51215
v -0.51724 0.30000 0.47022
v -0.42836 0.30000 0.39475
v -0.48164 0.30000 0.51215
v -0.39276 0.30000 0.43668
v -0.51724 0.30000 0.47022
v -0.39276 0.34125 0.43668
v -0.51724 0.34125 0.47022
v -0.42836 0.34125 0.39475
v -0.48164 0.34125 0.51215
v -0.39083 0.30000 0.55297
v -0.39083 0.34125 0.43637
v -0.39083 0.34125 0.55297
v -0.39083 0.30000 0.43637
v -0.39083 0.30000 0.43637
v -0.33583 0.34125 0.43637
v -0.39083 0.34125 0.43637
v -0.33583 0.30000 0.43637
v -0.33583 0.30000 0.43637
v -0.33583 0.34125 0.55297
v -0.33583 0.34125 0.43637
v -0.33583 0.30000 0.55297
v -0.33583 0.30000 0.55297
v -0.39083 0.34125 0.55297
v -0.33583 0.34125 0.55297
v -0.39083 0.30000 0.55297
v -0.39083 0.30000 0.43637
v -0.33583 0.30000 0.55297
v -0.33583 0.30000 0.43637
v -0.39083 0.30000 0.55297
v -0.33583 0.34125 0.43637
v -0.39083 0.34125 0.55297
v -0.39083 0.34125 0.43637
v -0.33583 0.34125 0.55297
v -0.27750 0.30000 0.55297
v -0.27750 0.34125 0.43637
v -0.27750 0.34125 0.55297
v -0.27750 0.30000 0.43637
v -0.27750 0.30000 0.43637
v -0.22250 0.34125 0.43637
v -0.27750 0.34125 0.43637
v -0.22250 0.30000 0.43637
v -0.22250 0.30000 0.43637
v -0.22250 0.34125 0.55297
v -0.22250 0.34125 0.43637
v -0.22250 0.30000 0.55297
v -0.22250 0.30000 0.55297
v -0.27750 0.34125 0.55297
v -0.22250 0.34125 0.55297
v -0.27750 0.30000 0.55297
v -0.27750 0.30000 0.43637
v -0.22250 0.30000 0.55297
v -0.22250 0.30000 0.43637
v -0.27750 0.30000 0.55297
v -0.22250 0.34125 0.43637
v -0.27750 0.34125 0.55297
v -0.27750 0.34125 0.43637
v -0.22250 0.34125 0.55297
v -0.16417 0.30000 0.55297
v -0.16417 0.34125 0.43637
v -0.16417 0.34125 0.55297
v -0.16417 0.30000 0.43637
v -0.16417 0.30000 0.43637
v -0.10917 0.34125 0.43637
v -0.16417 0.34125 0.43637
v -0.10917 0.30000 0.43637
v -0.10917 0.30000 0.43637
v -0.10917 0.34125 0.55297
v -0.10917 0.34125 0.43637
v -0.10917 0.30000 0.55297
v -0.10917 0.30000 0.55297
v -0.16417 0.34125 0.55297
v -0.10917 0.34125 0.55297
v -0.16417 0.30000 0.55297
v -0.16417 0.30000 0.43637
v -0.10917 0.30000 0.55297
v -0.10917 0.30000 0.43637
v -0.16417 0.30000 0.55297
v -0.10917 0.34125 0.43637
v -0.16417 0.34125 0.55297
v -0.16417 0.34125 0.43637
v -0.10917 0.34125 0.55297
v 0.10917 0.30000 0.55297
v 0.10917 0.34125 0.43637
v 0.10917 0.34125 0.55297
v 0.10917 0.30000 0.43637
v 0.10917 0.30000 0.43637
v 0.16417 0.34125 0.43637
v 0.10917 0.34125 0.43637
v 0.16417 0.30000 0.43637
v 0.16417 0.30000 0.43637
v 0.16417 0.34125 0.55297
v 0.16417 0.34125 0.43637
v 0.16417 0.30000 0.55297
v 0.16417 0.30000 0.55297
v 0.10917 0.34125 0.55297
v 0.16417 0.34125 0.55297
v 0.10917 0.30000 0.55297
v 0.10917 0.30000 0.43637
v 0.16417 0.30000 0.55297
v 0.16417 0.30000 0.43637
v 0.10917 0.30000 0.55297
v 0.16417 0.34125 0.43637
v 0.10917 0.34125 0.55297
v 0.10917 0.34125 0.43637
v 0.16417 0.34125 0.55297
v 0.22250 0.30000 0.55297
v 0.22250 0.34125 0.43637
v 0.22250 0.34125 0.55297
v 0.22250 0.30000 0.43637
v 0.22250 0.30000 0.43637
v 0.27750 0.34125 0.43637
v 0.22250 0.34125 0.43637
v 0.27750 0.30000 0.43637
v 0.27750 0.30000 0.43637
v 0.27750 0.34125 0.55297
v 0.27750 0.34125 0.43637
v 0.27750 0.30000 0.55297
v 0.27750 0.30000 0.55297
v 0.22250 0.34125 0.55297
v 0.27750 0.34125 0.55297
v 0.22250 0.30000 0.55297
v 0.22250 0.30000 0.43637
v 0.27750 0.30000 0.55297
v 0.27750 0.30000 0.43637
v 0.22250 0.30000 0.55297
v 0.27750 0.34125 0.43637
v 0.22250 0.34125 0.55297
v 0.22250 0.34125 0.43637
v 0.27750 0.34125 0.55297
v 0.33583 0.30000 0.55297
v 0.33583 0.34125 0.43637
v 0.33583 0.34125 0.55297
v 0.33583 0.30000 0.43637
v 0.33583 0.30000 0.43637
v 0.39083 0.34125 0.43637
v 0.33583 0.34125 0.43637
v 0.39083 0.30000 0.43637
v 0.39083 0.30000 0.43637
v 0.39083 0.34125 0.55297
v 0.39083 0.34125 0.43637
v 0.39083 0.30000 0.55297
v 0.39083 0.30000 0.55297
v 0.33583 0.34125 0.55297
v 0.39083 0.34125 0.55297
v 0.33583 0.30000 0.55297
v 0.33583 0.30000 0.43637
v 0.39083 0.30000 0.55297
v 0.39083 0.30000 0.43637
v 0.33583 0.30000 0.55297
v 0.39083 0.34125 0.43637
v 0.33583 0.34125 0.55297
v 0.33583 0.34125 0.43637
v 0.39083 0.34125 0.55297
v 0.48164 0.30000 0.51215
v 0.39276 0.34125 0.43668
v 0.48164 0.34125 0.51215
v 0.39276 0.30000 0.43668
v 0.39276 0.30000 0.43668
v 0.42836 0.34125 0.39475
v 0.39276 0.34125 0.43668
v 0.42836 0.30000 0.39475
v 0.42836 0.30000 0.39475
v 0.51724 0.34125 0.47022
v 0.42836 0.34125 0.39475
v 0.51724 0.30000 0.47022
v 0.51724 0.30000 0.47022
v 0.48164 0.34125 0.51215
v 0.51724 0.34125 0.47022
v 0.48164 0.30000 0.51215
v 0.39276 0.30000 0.43668
v 0.51724 0.30000 0.47022
v 0.42836 0.30000 0.39475
v 0.48164 0.30000 0.51215
v 0.42836 0.34125 0.39475
v 0.48164 0.34125 0.51215
v 0.39276 0.34125 0.43668
v 0.51724 0.34125 0.47022
v 0.55164 0.30000 0.42970
v 0.46276 0.34125 0.35424
v 0.55164 0.34125 0.42970
v 0.46276 0.30000 0.35424
v 0.46276 0.30000 0.35424
v 0.49836 0.34125 0.31231
v 0.46276 0.34125 0.35424
v 0.49836 0.30000 0.31231
v 0.49836 0.30000 0.31231
v 0.58724 0.34125 0.38778
v 0.49836 0.34125 0.31231
v 0.58724 0.30000 0.38778
v 0.58724 0.30000 0.38778
v 0.55164 0.34125 0.42970
v 0.58724 0.34125 0.38778
v 0.55164 0.30000 0.42970
v 0.46276 0.30000 0.35424
v 0.58724 0.30000 0.38778
v 0.49836 0.30000 0.31231
v 0.55164 0.30000 0.42970
v 0.49836 0.34125 0.31231
v 0.55164 0.34125 0.42970
v 0.46276 0.34125 0.35424
v 0.58724 0.34125 0.38778
v 0.62164 0.30000 0.34726
v 0.53276 0.34125 0.27179
v 0.62164 0.34125 0.34726
v 0.53276 0.30000 0.27179
v 0.53276 0.30000 0.27179
v 0.56836 0.34125 0.22986
v 0.53276 0.34125 0.27179
v 0.56836 0.30000 0.22986
v 0.56836 0.30000 0.22986
v 0.65724 0.34125 0.30533
v 0.56836 0.34125 0.22986
v 0.65724 0.30000 0.30533
v 0.65724 0.30000 0.30533
v 0.62164 0.34125 0.34726
v 0.65724 0.34125 0.30533
v 0.62164 0.30000 0.34726
v 0.53276 0.30000 0.27179
v 0.65724 0.30000 0.30533
v 0.56836 0.30000 0.22986
v 0.62164 0.30000 0.34726
v 0.56836 0.34125 0.22986
v 0.62164 0.34125 0.34726
v 0.53276 0.34125 0.27179
v 0.65724 0.34125 0.30533
v 0.69164 0.30000 0.26481
v 0.60276 0.34125 0.18934
v 0.69164 0.34125 0.26481
v 0.60276 0.30000 0.18934
v 0.60276 0.30000 0.18934
v 0.63836 0.34125 0.14742
v 0.60276 0.34125 0.18934
v 0.63836 0.30000 0.14742
v 0.63836 0.30000 0.14742
v 0.72724 0.34125 0.22288
v 0.63836 0.34125 0.14742
v 0.72724 0.30000 0.22288
v 0.72724 0.30000 0.22288
v 0.69164 0.34125 0.26481
v 0.72724 0.34125 0.22288
v 0.69164 0.30000 0.26481
v 0.60276 0.30000 0.18934
v 0.72724 0.30000 0.22288
v 0.63836 0.30000 0.14742
v 0.69164 0.30000 0.26481
v 0.63836 0.34125 0.14742
v 0.69164 0.34125 0.26481
v 0.60276 0.34125 0.18934
v 0.72724 0.34125 0.22288
v 0.76164 0.30000 0.18236
v 0.67276 0.34125 0.10690
v 0.76164 0.34125 0.18236
v 0.67276 0.30000 0.10690
v 0.67276 0.30000 0.10690
v 0.70836 0.34125 0.06497
v 0.67276 0.34125 0.10690
v 0.70836 0.30000 0.06497
v 0.70836 0.30000 0.06497
v 0.79724 0.34125 0.14044
v 0.70836 0.34125 0.06497
v 0.79724 0.30000 0.14044
v 0.79724 0.30000 0.14044
v 0.76164 0.34125 0.18236
v 0.79724 0.34125 0.14044
v 0.76164 0.30000 0.18236
v 0.67276 0.30000 0.10690
v 0.79724 0.30000 0.14044
v 0.70836 0.30000 0.06497
v 0.76164 0.30000 0.18236
v 0.70836 0.34125 0.06497
v 0.76164 0.34125 0.18236
v 0.67276 0.34125 0.10690
v 0.79724 0.34125 0.14044
v 0.83164 0.30000 0.09992
v 0.74276 0.34125 0.02445
v 0.83164 0.34125 0.09992
v 0.74276 0.30000 0.02445
v 0.74276 0.30000 0.02445
v 0.77836 0.34125 -0.01747
v 0.74276 0.34125 0.02445
v 0.77836 0.30000 -0.01747
v 0.77836 0.30000 -0.01747
v 0.86724 0.34125 0.05799
v 0.77836 0.34125 -0.01747
v 0.86724 0.30000 0.05799
v 0.86724 0.30000 0.05799
v 0.83164 0.34125 0.09992
v 0.86724 0.34125 0.05799
v 0.83164 0.30000 0.09992
v 0.74276 0.30000 0.02445
v 0.86724 0.30000 0.05799
v 0.77836 0.30000 -0.01747
v 0.83164 0.30000 0.09992
v 0.77836 0.34125 -0.01747
v 0.83164 0.34125 0.09992
v 0.74276 0.34125 0.02445
v 0.86724 0.34125 0.05799
v 0.73600 0.46200 -0.06005
v 0.73253 0.45900 -0.05870
v 0.73543 0.45900 -0.06372
v 0.90005 0.00000 0.10400
v 0.89870 0.00300 0.10747
v 0.78130 0.00300 -0.10747
v 0.83710 0.45900 -0.12242
v 0.78130 0.45900 -0.10747
v 0.83710 0.00300 -0.12242
v 0.77995 0.00000 -0.10400
v 0.78130 0.00300 -0.10747
v 0.94400 0.46200 0.06005
v 0.94747 0.45900 0.05870
v 0.94457 0.45900 0.06372
v 0.94747 0.00300 -0.05870
v 0.94747 0.45900 -0.05870
v 0.71991 0.46200 0.00000
v 0.71758 0.45900 0.00290
v 0.71758 0.45900 -0.00290
v 0.94400 0.00000 0.06005
v 0.94457 0.00300 0.06372
v 0.94747 0.00300 0.05870
v 0.96242 0.00300 0.00290
v 0.94747 0.45900 0.05870
v 0.96242 0.45900 0.00290
v 0.94747 0.00300 0.05870
v 0.71991 0.00000 -0.00000
v 0.71758 0.00300 -0.00290
v 0.71758 0.00300 0.00290
v 0.96009 0.46200 -0.00000
v 0.96242 0.45900 -0.00290
v 0.96242 0.45900 0.00290
v 0.94457 0.00300 0.06372
v 0.90372 0.45900 0.10457
v 0.94457 0.45900 0.06372
v 0.90372 0.00300 0.10457
v 0.73600 0.46200 0.06005
v 0.73543 0.45900 0.06372
v 0.73253 0.45900 0.05870
v 0.96009 0.00000 0.00000
v 0.96242 0.00300 0.00290
v 0.96242 0.00300 -0.00290
v 0.89870 0.00300 0.10747
v 0.84290 0.45900 0.12242
v 0.89870 0.45900 0.10747
v 0.84290 0.00300 0.12242
v 0.73600 0.00000 0.06005
v 0.73253 0.00300 0.05870
v 0.73543 0.00300 0.06372
v 0.94400 0.46200 -0.06005
v 0.94457 0.45900 -0.06372
v 0.94747 0.45900 -0.05870
v 0.83710 0.00300 0.12242
v 0.78130 0.45900 0.10747
v 0.83710 0.45900 0.12242
v 0.78130 0.00300 0.10747
v 0.77995 0.46200 0.10400
v 0.78130 0.45900 0.10747
v 0.94400 0.00000 -0.06005
v 0.94747 0.00300 -0.05870
v 0.94457 0.00300 -0.06372
v 0.77628 0.00300 0.10457
v 0.73543 0.45900 0.06372
v 0.77628 0.45900 0.10457
v 0.73543 0.00300 0.06372
v 0.77995 0.00000 0.10400
v 0.78130 0.00300 0.10747
v 0.90005 0.46200 -0.10400
v 0.89870 0.45900 -0.10747
v 0.73253 0.00300 0.05870
v 0.71758 0.45900 0.00290
v 0.73253 0.45900 0.05870
v 0.71758 0.00300 0.00290
v 0.84000 0.46200 0.12009
v 0.84290 0.45900 0.12242
v 0.83710 0.45900 0.12242
v 0.90005 0.00000 -0.10400
v 0.89870 0.00300 -0.10747
v 0.73253 0.45900 -0.05870
v 0.73253 0.00300 -0.05870
v 0.84000 0.00000 0.12009
v 0.83710 0.00300 0.12242
v 0.84290 0.00300 0.12242
v 0.84000 0.46200 -0.12009
v 0.83710 0.45900 -0.12242
v 0.84290 0.45900 -0.12242
v 0.73543 0.00300 -0.06372
v 0.77628 0.45900 -0.10457
v 0.73543 0.45900 -0.06372
v 0.77628 0.00300 -0.10457
v 0.90372 0.00300 -0.10457
v 0.94457 0.45900 -0.06372
v 0.90372 0.45900 -0.10457
v 0.94457 0.00300 -0.06372
v 0.84000 0.00000 -0.12009
v 0.84290 0.00300 -0.12242
v 0.83710 0.00300 -0.12242
v 0.73600 0.00000 -0.06005
v 0.73543 0.00300 -0.06372
v 0.73253 0.00300 -0.05870
v 0.90005 0.46200 0.10400
v 0.89870 0.45900 0.10747
v 0.84000 0.46200 -0.12009
v 0.84000 0.46200 0.12009
v 0.84290 0.00300 -0.12242
v 0.89870 0.45900 -0.10747
v 0.84290 0.45900 -0.12242
v 0.89870 0.00300 -0.10747
v 0.77995 0.46200 -0.10400
v 0.78130 0.45900 -0.10747
v 0.84290 0.00300 -0.12242
v 0.89870 0.00300 -0.10747
v 0.84000 0.00000 -0.12009
v 0.89870 0.45900 -0.10747
v 0.84000 0.46200 -0.12009
v 0.84290 0.45900 -0.12242
v 0.83710 0.00300 -0.12242
v 0.84290 0.45900 -0.12242
v 0.83710 0.45900 -0.12242
v 0.84290 0.00300 -0.12242
v 0.89870 0.00300 -0.10747
v 0.89870 0.45900 -0.10747
v 0.90372 0.00300 -0.10457
v 0.94457 0.00300 -0.06372
v 0.94457 0.45900 -0.06372
v 0.90372 0.45900 -0.10457
v 0.94457 0.00300 -0.06372
v 0.94457 0.45900 -0.06372
v 0.96242 0.45900 0.00290
v 0.96242 0.00300 -0.00290
v 0.96242 0.00300 0.00290
v 0.96242 0.45900 -0.00290
v 0.96242 0.00300 0.00290
v 0.96242 0.45900 0.00290
v 0.94457 0.45900 0.06372
v 0.94457 0.00300 0.06372
v 0.94457 0.00300 0.06372
v 0.90372 0.00300 0.10457
v 0.90372 0.45900 0.10457
v 0.94457 0.45900 0.06372
v 0.89870 0.45900 0.10747
v 0.89870 0.00300 0.10747
v 0.89870 0.00300 0.10747
v 0.84000 0.00000 0.12009
v 0.84290 0.00300 0.12242
v 0.84290 0.45900 0.12242
v 0.89870 0.45900 0.10747
v 0.84000 0.46200 0.12009
v 0.83710 0.45900 0.12242
v 0.84290 0.00300 0.12242
v 0.83710 0.00300 0.12242
v 0.84290 0.45900 0.12242
v 0.83710 0.00300 0.12242
v 0.78130 0.00300 0.10747
v 0.84000 0.00000 0.12009
v 0.78130 0.45900 0.10747
v 0.84000 0.46200 0.12009
v 0.83710 0.45900 0.12242
v 0.78130 0.00300 0.10747
v 0.78130 0.45900 0.10747
v 0.77628 0.00300 0.10457
v 0.73543 0.00300 0.06372
v 0.73543 0.45900 0.06372
v 0.77628 0.45900 0.10457
v 0.73543 0.00300 0.06372
v 0.73543 0.45900 0.06372
v 0.71758 0.00300 0.00290
v 0.71758 0.45900 0.00290
v 0.71758 0.45900 -0.00290
v 0.71758 0.00300 0.00290
v 0.71758 0.00300 -0.00290
v 0.71758 0.45900 0.00290
v 0.73543 0.45900 -0.06372
v 0.73543 0.00300 -0.06372
v 0.73543 0.00300 -0.06372
v 0.77628 0.00300 -0.10457
v 0.77628 0.45900 -0.10457
v 0.73543 0.45900 -0.06372
v 0.78130 0.45900 -0.10747
v 0.78130 0.00300 -0.10747
v 0.78130 0.00300 -0.10747
v 0.84000 0.00000 -0.12009
v 0.83710 0.00300 -0.12242
v 0.83710 0.45900 -0.12242
v 0.78130 0.45900 -0.10747
v 0.84000 0.46200 -0.12009
v 0.84000 0.00000 -0.12009
v 0.84000 0.00000 0.12009
v 0.84000 0.45200 -0.14291
v 0.91146 0.48200 -0.12377
v 0.84000 0.48200 -0.14291
v 0.91146 0.45200 -0.12377
v 0.91146 0.45200 -0.12377
v 0.96377 0.48200 -0.07146
v 0.91146 0.48200 -0.12377
v 0.96377 0.45200 -0.07146
v 0.96377 0.45200 -0.07146
v 0.98291 0.48200 0.00000
v 0.96377 0.48200 -0.07146
v 0.98291 0.45200 0.00000
v 0.98291 0.45200 0.00000
v 0.96377 0.48200 0.07146
v 0.98291 0.48200 0.00000
v 0.96377 0.45200 0.07146
v 0.96377 0.45200 0.07146
v 0.91146 0.48200 0.12377
v 0.96377 0.48200 0.07146
v 0.91146 0.45200 0.12377
v 0.91146 0.45200 0.12377
v 0.84000 0.48200 0.14291
v 0.91146 0.48200 0.12377
v 0.84000 0.45200 0.14291
v 0.84000 0.45200 0.14291
v 0.76854 0.48200 0.12377
v 0.84000 0.48200 0.14291
v 0.76854 0.45200 0.12377
v 0.76854 0.45200 0.12377
v 0.71623 0.48200 0.07146
v 0.76854 0.48200 0.12377
v 0.71623 0.45200 0.07146
v 0.71623 0.45200 0.07146
v 0.69709 0.48200 0.00000
v 0.71623 0.48200 0.07146
v 0.69709 0.45200 0.00000
v 0.69709 0.45200 0.00000
v 0.71623 0.48200 -0.07146
v 0.69709 0.48200 0.00000
v 0.71623 0.45200 -0.07146
v 0.96377 0.48200 -0.07146
v 0.84000 0.48200 -0.14291
v 0.91146 0.48200 -0.12377
v 0.71623 0.48200 -0.07146
v 0.76854 0.48200 -0.12377
v 0.96377 0.48200 0.07146
v 0.98291 0.48200 0.00000
v 0.84000 0.48200 0.14291
v 0.91146 0.48200 0.12377
v 0.71623 0.48200 0.07146
v 0.76854 0.48200 0.12377
v 0.69709 0.48200 0.00000
v 0.71623 0.45200 -0.07146
v 0.76854 0.48200 -0.12377
v 0.71623 0.48200 -0.07146
v 0.76854 0.45200 -0.12377
v 0.76854 0.45200 -0.12377
v 0.84000 0.48200 -0.14291
v 0.76854 0.48200 -0.12377
v 0.84000 0.45200 -0.14291
v 0.76854 0.45200 -0.12377
v 0.91146 0.45200 -0.12377
v 0.84000 0.45200 -0.14291
v 0.98291 0.45200 0.00000
v 0.96377 0.45200 -0.07146
v 0.69709 0.45200 0.00000
v 0.71623 0.45200 -0.07146
v 0.76854 0.45200 0.12377
v 0.71623 0.45200 0.07146
v 0.91146 0.45200 0.12377
v 0.84000 0.45200 0.14291
v 0.96377 0.45200 0.07146
v 0.31600 0.53680 -0.55472
v 0.31253 0.53380 -0.55338
v 0.31543 0.53380 -0.55840
v 0.48005 0.00000 -0.39067
v 0.47870 0.00300 -0.38720
v 0.36130 0.00300 -0.60214
v 0.41710 0.53380 -0.61710
v 0.36130 0.53380 -0.60214
v 0.41710 0.00300 -0.61710
v 0.35995 0.00000 -0.59868
v 0.36130 0.00300 -0.60214
v 0.52400 0.53680 -0.43463
v 0.52747 0.53380 -0.43597
v 0.52457 0.53380 -0.43095
v 0.52747 0.00300 -0.55338
v 0.52747 0.53380 -0.55338
v 0.29991 0.53680 -0.49467
v 0.29758 0.53380 -0.49178
v 0.29758 0.53380 -0.49757
v 0.52400 0.00000 -0.43463
v 0.52457 0.00300 -0.43095
v 0.52747 0.00300 -0.43597
v 0.54242 0.00300 -0.49178
v 0.52747 0.53380 -0.43597
v 0.54242 0.53380 -0.49178
v 0.52747 0.00300 -0.43597
v 0.29991 0.00000 -0.49467
v 0.29758 0.00300 -0.49757
v 0.29758 0.00300 -0.49178
v 0.54009 0.53680 -0.49467
v 0.54242 0.53380 -0.49757
v 0.54242 0.53380 -0.49178
v 0.52457 0.00300 -0.43095
v 0.48372 0.53380 -0.39010
v 0.52457 0.53380 -0.43095
v 0.48372 0.00300 -0.39010
v 0.31600 0.53680 -0.43463
v 0.31543 0.53380 -0.43095
v 0.31253 0.53380 -0.43597
v 0.54009 0.00000 -0.49467
v 0.54242 0.00300 -0.49178
v 0.54242 0.00300 -0.49757
v 0.47870 0.00300 -0.38720
v 0.42290 0.53380 -0.37225
v 0.47870 0.53380 -0.38720
v 0.42290 0.00300 -0.37225
v 0.31600 0.00000 -0.43463
v 0.31253 0.00300 -0.43597
v 0.31543 0.00300 -0.43095
v 0.52400 0.53680 -0.55472
v 0.52457 0.53380 -0.55840
v 0.52747 0.53380 -0.55338
v 0.41710 0.00300 -0.37225
v 0.36130 0.53380 -0.38720
v 0.41710 0.53380 -0.37225
v 0.36130 0.00300 -0.38720
v 0.35995 0.53680 -0.39067
v 0.36130 0.53380 -0.38720
v 0.52400 0.00000 -0.55472
v 0.52747 0.00300 -0.55338
v 0.52457 0.00300 -0.55840
v 0.35628 0.00300 -0.39010
v 0.31543 0.53380 -0.43095
v 0.35628 0.53380 -0.39010
v 0.31543 0.00300 -0.43095
v 0.35995 0.00000 -0.39067
v 0.36130 0.00300 -0.38720
v 0.48005 0.53680 -0.59868
v 0.47870 0.53380 -0.60214
v 0.31253 0.00300 -0.43597
v 0.29758 0.53380 -0.49178
v 0.31253 0.53380 -0.43597
v 0.29758 0.00300 -0.49178
v 0.42000 0.53680 -0.37458
v 0.42290 0.53380 -0.37225
v 0.41710 0.53380 -0.37225
v 0.48005 0.00000 -0.59868
v 0.47870 0.00300 -0.60214
v 0.31253 0.53380 -0.55338
v 0.31253 0.00300 -0.55338
v 0.42000 0.00000 -0.37458
v 0.41710 0.00300 -0.37225
v 0.42290 0.00300 -0.37225
v 0.42000 0.53680 -0.61477
v 0.41710 0.53380 -0.61710
v 0.42290 0.53380 -0.61710
v 0.31543 0.00300 -0.55840
v 0.35628 0.53380 -0.59925
v 0.31543 0.53380 -0.55840
v 0.35628 0.00300 -0.59925
v 0.48372 0.00300 -0.59925
v 0.52457 0.53380 -0.55840
v 0.48372 0.53380 -0.59925
v 0.52457 0.00300 -0.55840
v 0.42000 0.00000 -0.61477
v 0.42290 0.00300 -0.61710
v 0.41710 0.00300 -0.61710
v 0.31600 0.00000 -0.55472
v 0.31543 0.00300 -0.55840
v 0.31253 0.00300 -0.55338
v 0.48005 0.53680 -0.39067
v 0.47870 0.53380 -0.38720
v 0.42000 0.53680 -0.61477
v 0.42000 0.53680 -0.37458
v 0.42290 0.00300 -0.61710
v 0.47870 0.53380 -0.60214
v 0.42290 0.53380 -0.61710
v 0.47870 0.00300 -0.60214
v 0.35995 0.53680 -0.59868
v 0.36130 0.53380 -0.60214
v 0.42290 0.00300 -0.61710
v 0.47870 0.00300 -0.60214
v 0.42000 0.00000 -0.61477
v 0.47870 0.53380 -0.60214
v 0.42000 0.53680 -0.61477
v 0.42290 0.53380 -0.61710
v 0.41710 0.00300 -0.61710
v 0.42290 0.53380 -0.61710
v 0.41710 0.53380 -0.61710
v 0.42290 0.00300 -0.61710
v 0.47870 0.00300 -0.60214
v 0.47870 0.53380 -0.60214
v 0.48372 0.00300 -0.59925
v 0.52457 0.00300 -0.55840
v 0.52457 0.53380 -0.55840
v 0.48372 0.53380 -0.59925
v 0.52457 0.00300 -0.55840
v 0.52457 0.53380 -0.55840
v 0.54242 0.53380 -0.49178
v 0.54242 0.00300 -0.49757
v 0.54242 0.00300 -0.49178
v 0.54242 0.53380 -0.49757
v 0.54242 0.00300 -0.49178
v 0.54242 0.53380 -0.49178
v 0.52457 0.53380 -0.43095
v 0.52457 0.00300 -0.43095
v 0.52457 0.00300 -0.43095
v 0.48372 0.00300 -0.39010
v 0.48372 0.53380 -0.39010
v 0.52457 0.53380 -0.43095
v 0.47870 0.53380 -0.38720
v 0.47870 0.00300 -0.38720
v 0.47870 0.00300 -0.38720
v 0.42000 0.00000 -0.37458
v 0.42290 0.00300 -0.37225
v 0.42290 0.53380 -0.37225
v 0.47870 0.53380 -0.38720
v 0.42000 0.53680 -0.37458
v 0.41710 0.53380 -0.37225
v 0.42290 0.00300 -0.37225
v 0.41710 0.00300 -0.37225
v 0.42290 0.53380 -0.37225
v 0.41710 0.00300 -0.37225
v 0.36130 0.00300 -0.38720
v 0.42000 0.00000 -0.37458
v 0.36130 0.53380 -0.38720
v 0.42000 0.53680 -0.37458
v 0.41710 0.53380 -0.37225
v 0.36130 0.00300 -0.38720
v 0.36130 0.53380 -0.38720
v 0.35628 0.00300 -0.39010
v 0.31543 0.00300 -0.43095
v 0.31543 0.53380 -0.43095
v 0.35628 0.53380 -0.39010
v 0.31543 0.00300 -0.43095
v 0.31543 0.53380 -0.43095
v 0.29758 0.00300 -0.49178
v 0.29758 0.53380 -0.49178
v 0.29758 0.53380 -0.49757
v 0.29758 0.00300 -0.49178
v 0.29758 0.00300 -0.49757
v 0.29758 0.53380 -0.49178
v 0.31543 0.53380 -0.55840
v 0.31543 0.00300 -0.55840
v 0.31543 0.00300 -0.55840
v 0.35628 0.00300 -0.59925
v 0.35628 0.53380 -0.59925
v 0.31543 0.53380 -0.55840
v 0.36130 0.53380 -0.60214
v 0.36130 0.00300 -0.60214
v 0.36130 0.00300 -0.60214
v 0.42000 0.00000 -0.61477
v 0.41710 0.00300 -0.61710
v 0.41710 0.53380 -0.61710
v 0.36130 0.53380 -0.60214
v 0.42000 0.53680 -0.61477
v 0.42000 0.00000 -0.61477
v 0.42000 0.00000 -0.37458
v 0.42000 0.52680 -0.63759
v 0.49146 0.55680 -0.61844
v 0.42000 0.55680 -0.63759
v 0.49146 0.52680 -0.61844
v 0.49146 0.52680 -0.61844
v 0.54377 0.55680 -0.56613
v 0.49146 0.55680 -0.61844
v 0.54377 0.52680 -0.56613
v 0.54377 0.52680 -0.56613
v 0.56291 0.55680 -0.49467
v 0.54377 0.55680 -0.56613
v 0.56291 0.52680 -0.49467
v 0.56291 0.52680 -0.49467
v 0.54377 0.55680 -0.42322
v 0.56291 0.55680 -0.49467
v 0.54377 0.52680 -0.42322
v 0.54377 0.52680 -0.42322
v 0.49146 0.55680 -0.37091
v 0.54377 0.55680 -0.42322
v 0.49146 0.52680 -0.37091
v 0.49146 0.52680 -0.37091
v 0.42000 0.55680 -0.35176
v 0.49146 0.55680 -0.37091
v 0.42000 0.52680 -0.35176
v 0.42000 0.52680 -0.35176
v 0.34854 0.55680 -0.37091
v 0.42000 0.55680 -0.35176
v 0.34854 0.52680 -0.37091
v 0.34854 0.52680 -0.37091
v 0.29623 0.55680 -0.42322
v 0.34854 0.55680 -0.37091
v 0.29623 0.52680 -0.42322
v 0.29623 0.52680 -0.42322
v 0.27709 0.55680 -0.49467
v 0.29623 0.55680 -0.42322
v 0.27709 0.52680 -0.49467
v 0.27709 0.52680 -0.49467
v 0.29623 0.55680 -0.56613
v 0.27709 0.55680 -0.49467
v 0.29623 0.52680 -0.56613
v 0.54377 0.55680 -0.56613
v 0.42000 0.55680 -0.63759
v 0.49146 0.55680 -0.61844
v 0.29623 0.55680 -0.56613
v 0.34854 0.55680 -0.61844
v 0.54377 0.55680 -0.42322
v 0.56291 0.55680 -0.49467
v 0.42000 0.55680 -0.35176
v 0.49146 0.55680 -0.37091
v 0.29623 0.55680 -0.42322
v 0.34854 0.55680 -0.37091
v 0.27709 0.55680 -0.49467
v 0.29623 0.52680 -0.56613
v 0.34854 0.55680 -0.61844
v 0.29623 0.55680 -0.56613
v 0.34854 0.52680 -0.61844
v 0.34854 0.52680 -0.61844
v 0.42000 0.55680 -0.63759
v 0.34854 0.55680 -0.61844
v 0.42000 0.52680 -0.63759
v 0.34854 0.52680 -0.61844
v 0.49146 0.52680 -0.61844
v 0.42000 0.52680 -0.63759
v 0.56291 0.52680 -0.49467
v 0.54377 0.52680 -0.56613
v 0.27709 0.52680 -0.49467
v 0.29623 0.52680 -0.56613
v 0.34854 0.52680 -0.37091
v 0.29623 0.52680 -0.42322
v 0.49146 0.52680 -0.37091
v 0.42000 0.52680 -0.35176
v 0.54377 0.52680 -0.42322
v -0.52400 0.53680 -0.55472
v -0.52747 0.53380 -0.55338
v -0.52457 0.53380 -0.55840
v -0.35995 0.00000 -0.39067
v -0.36130 0.00300 -0.38720
v -0.47870 0.00300 -0.60214
v -0.42290 0.53380 -0.61710
v -0.47870 0.53380 -0.60214
v -0.42290 0.00300 -0.61710
v -0.48005 0.00000 -0.59868
v -0.47870 0.00300 -0.60214
v -0.31600 0.53680 -0.43463
v -0.31253 0.53380 -0.43597
v -0.31543 0.53380 -0.43095
v -0.31253 0.00300 -0.55338
v -0.31253 0.53380 -0.55338
v -0.54009 0.53680 -0.49467
v -0.54242 0.53380 -0.49178
v -0.54242 0.53380 -0.49757
v -0.31600 0.00000 -0.43463
v -0.31543 0.00300 -0.43095
v -0.31253 0.00300 -0.43597
v -0.29758 0.00300 -0.49178
v -0.31253 0.53380 -0.43597
v -0.29758 0.53380 -0.49178
v -0.31253 0.00300 -0.43597
v -0.54009 0.00000 -0.49467
v -0.54242 0.00300 -0.49757
v -0.54242 0.00300 -0.49178
v -0.29991 0.53680 -0.49467
v -0.29758 0.53380 -0.49757
v -0.29758 0.53380 -0.49178
v -0.31543 0.00300 -0.43095
v -0.35628 0.53380 -0.39010
v -0.31543 0.53380 -0.43095
v -0.35628 0.00300 -0.39010
v -0.52400 0.53680 -0.43463
v -0.52457 0.53380 -0.43095
v -0.52747 0.53380 -0.43597
v -0.29991 0.00000 -0.49467
v -0.29758 0.00300 -0.49178
v -0.29758 0.00300 -0.49757
v -0.36130 0.00300 -0.38720
v -0.41710 0.53380 -0.37225
v -0.36130 0.53380 -0.38720
v -0.41710 0.00300 -0.37225
v -0.52400 0.00000 -0.43463
v -0.52747 0.00300 -0.43597
v -0.52457 0.00300 -0.43095
v -0.31600 0.53680 -0.55472
v -0.31543 0.53380 -0.55840
v -0.31253 0.53380 -0.55338
v -0.42290 0.00300 -0.37225
v -0.47870 0.53380 -0.38720
v -0.42290 0.53380 -0.37225
v -0.47870 0.00300 -0.38720
v -0.48005 0.53680 -0.39067
v -0.47870 0.53380 -0.38720
v -0.31600 0.00000 -0.55472
v -0.31253 0.00300 -0.55338
v -0.31543 0.00300 -0.55840
v -0.48372 0.00300 -0.39010
v -0.52457 0.53380 -0.43095
v -0.48372 0.53380 -0.39010
v -0.52457 0.00300 -0.43095
v -0.48005 0.00000 -0.39067
v -0.47870 0.00300 -0.38720
v -0.35995 0.53680 -0.59868
v -0.36130 0.53380 -0.60214
v -0.52747 0.00300 -0.43597
v -0.54242 0.53380 -0.49178
v -0.52747 0.53380 -0.43597
v -0.54242 0.00300 -0.49178
v -0.42000 0.53680 -0.37458
v -0.41710 0.53380 -0.37225
v -0.42290 0.53380 -0.37225
v -0.35995 0.00000 -0.59868
v -0.36130 0.00300 -0.60214
v -0.52747 0.53380 -0.55338
v -0.52747 0.00300 -0.55338
v -0.42000 0.00000 -0.37458
v -0.42290 0.00300 -0.37225
v -0.41710 0.00300 -0.37225
v -0.42000 0.53680 -0.61477
v -0.42290 0.53380 -0.61710
v -0.41710 0.53380 -0.61710
v -0.52457 0.00300 -0.55840
v -0.48372 0.53380 -0.59925
v -0.52457 0.53380 -0.55840
v -0.48372 0.00300 -0.59925
v -0.35628 0.00300 -0.59925
v -0.31543 0.53380 -0.55840
v -0.35628 0.53380 -0.59925
v -0.31543 0.00300 -0.55840
v -0.42000 0.00000 -0.61477
v -0.41710 0.00300 -0.61710
v -0.42290 0.00300 -0.61710
v -0.52400 0.00000 -0.55472
v -0.52457 0.00300 -0.55840
v -0.52747 0.00300 -0.55338
v -0.35995 0.53680 -0.39067
v -0.36130 0.53380 -0.38720
v -0.42000 0.53680 -0.61477
v -0.42000 0.53680 -0.37458
v -0.41710 0.00300 -0.61710
v -0.36130 0.53380 -0.60214
v -0.41710 0.53380 -0.61710
v -0.36130 0.00300 -0.60214
v -0.48005 0.53680 -0.59868
v -0.47870 0.53380 -0.60214
v -0.41710 0.00300 -0.61710
v -0.36130 0.00300 -0.60214
v -0.42000 0.00000 -0.61477
v -0.36130 0.53380 -0.60214
v -0.42000 0.53680 -0.61477
v -0.41710 0.53380 -0.61710
v -0.42290 0.00300 -0.61710
v -0.41710 0.53380 -0.61710
v -0.42290 0.53380 -0.61710
v -0.41710 0.00300 -0.61710
v -0.36130 0.00300 -0.60214
v -0.36130 0.53380 -0.60214
v -0.35628 0.00300 -0.59925
v -0.31543 0.00300 -0.55840
v -0.31543 0.53380 -0.55840
v -0.35628 0.53380 -0.59925
v -0.31543 0.00300 -0.55840
v -0.31543 0.53380 -0.55840
v -0.29758 0.53380 -0.49178
v -0.29758 0.00300 -0.49757
v -0.29758 0.00300 -0.49178
v -0.29758 0.53380 -0.49757
v -0.29758 0.00300 -0.49178
v -0.29758 0.53380 -0.49178
v -0.31543 0.53380 -0.43095
v -0.31543 0.00300 -0.43095
v -0.31543 0.00300 -0.43095
v -0.35628 0.00300 -0.39010
v -0.35628 0.53380 -0.39010
v -0.31543 0.53380 -0.43095
v -0.36130 0.53380 -0.38720
v -0.36130 0.00300 -0.38720
v -0.36130 0.00300 -0.38720
v -0.42000 0.00000 -0.37458
v -0.41710 0.00300 -0.37225
v -0.41710 0.53380 -0.37225
v -0.36130 0.53380 -0.38720
v -0.42000 0.53680 -0.37458
v -0.42290 0.53380 -0.37225
v -0.41710 0.00300 -0.37225
v -0.42290 0.00300 -0.37225
v -0.41710 0.53380 -0.37225
v -0.42290 0.00300 -0.37225
v -0.47870 0.00300 -0.38720
v -0.42000 0.00000 -0.37458
v -0.47870 0.53380 -0.38720
v -0.42000 0.53680 -0.37458
v -0.42290 0.53380 -0.37225
v -0.47870 0.00300 -0.38720
v -0.47870 0.53380 -0.38720
v -0.48372 0.00300 -0.39010
v -0.52457 0.00300 -0.43095
v -0.52457 0.53380 -0.43095
v -0.48372 0.53380 -0.39010
v -0.52457 0.00300 -0.43095
v -0.52457 0.53380 -0.43095
v -0.54242 0.00300 -0.49178
v -0.54242 0.53380 -0.49178
v -0.54242 0.53380 -0.49757
v -0.54242 0.00300 -0.49178
v -0.54242 0.00300 -0.49757
v -0.54242 0.53380 -0.49178
v -0.52457 0.53380 -0.55840
v -0.52457 0.00300 -0.55840
v -0.52457 0.00300 -0.55840
v -0.48372 0.00300 -0.59925
v -0.48372 0.53380 -0.59925
v -0.52457 0.53380 -0.55840
v -0.47870 0.53380 -0.60214
v -0.47870 0.00300 -0.60214
v -0.47870 0.00300 -0.60214
v -0.42000 0.00000 -0.61477
v -0.42290 0.00300 -0.61710
v -0.42290 0.53380 -0.61710
v -0.47870 0.53380 -0.60214
v -0.42000 0.53680 -0.61477
v -0.42000 0.00000 -0.61477
v -0.42000 0.00000 -0.37458
v -0.42000 0.52680 -0.63759
v -0.34854 0.55680 -0.61844
v -0.42000 0.55680 -0.63759
v -0.34854 0.52680 -0.61844
v -0.34854 0.52680 -0.61844
v -0.29623 0.55680 -0.56613
v -0.34854 0.55680 -0.61844
v -0.29623 0.52680 -0.56613
v -0.29623 0.52680 -0.56613
v -0.27709 0.55680 -0.49467
v -0.29623 0.55680 -0.56613
v -0.27709 0.52680 -0.49467
v -0.27709 0.52680 -0.49467
v -0.29623 0.55680 -0.42322
v -0.27709 0.55680 -0.49467
v -0.29623 0.52680 -0.42322
v -0.29623 0.52680 -0.42322
v -0.34854 0.55680 -0.37091
v -0.29623 0.55680 -0.42322
v -0.34854 0.52680 -0.37091
v -0.34854 0.52680 -0.37091
v -0.42000 0.55680 -0.35176
v -0.34854 0.55680 -0.37091
v -0.42000 0.52680 -0.35176
v -0.42000 0.52680 -0.35176
v -0.49146 0.55680 -0.37091
v -0.42000 0.55680 -0.35176
v -0.49146 0.52680 -0.37091
v -0.49146 0.52680 -0.37091
v -0.54377 0.55680 -0.42322
v -0.49146 0.55680 -0.37091
v -0.54377 0.52680 -0.42322
v -0.54377 0.52680 -0.42322
v -0.56291 0.55680 -0.49467
v -0.54377 0.55680 -0.42322
v -0.56291 0.52680 -0.49467
v -0.56291 0.52680 -0.49467
v -0.54377 0.55680 -0.56613
v -0.56291 0.55680 -0.49467
v -0.54377 0.52680 -0.56613
v -0.29623 0.55680 -0.56613
v -0.42000 0.55680 -0.63759
v -0.34854 0.55680 -0.61844
v -0.54377 0.55680 -0.56613
v -0.49146 0.55680 -0.61844
v -0.29623 0.55680 -0.42322
v -0.27709 0.55680 -0.49467
v -0.42000 0.55680 -0.35176
v -0.34854 0.55680 -0.37091
v -0.54377 0.55680 -0.42322
v -0.49146 0.55680 -0.37091
v -0.56291 0.55680 -0.49467
v -0.54377 0.52680 -0.56613
v -0.49146 0.55680 -0.61844
v -0.54377 0.55680 -0.56613
v -0.49146 0.52680 -0.61844
v -0.49146 0.52680 -0.61844
v -0.42000 0.55680 -0.63759
v -0.49146 0.55680 -0.61844
v -0.42000 0.52680 -0.63759
v -0.49146 0.52680 -0.61844
v -0.34854 0.52680 -0.61844
v -0.42000 0.52680 -0.63759
v -0.27709 0.52680 -0.49467
v -0.29623 0.52680 -0.56613
v -0.56291 0.52680 -0.49467
v -0.54377 0.52680 -0.56613
v -0.49146 0.52680 -0.37091
v -0.54377 0.52680 -0.42322
v -0.34854 0.52680 -0.37091
v -0.42000 0.52680 -0.35176
v -0.29623 0.52680 -0.42322
v -0.94400 0.46200 -0.06005
v -0.94747 0.45900 -0.05870
v -0.94457 0.45900 -0.06372
v -0.77995 0.00000 0.10400
v -0.78130 0.00300 0.10747
v -0.89870 0.00300 -0.10747
v -0.84290 0.45900 -0.12242
v -0.89870 0.45900 -0.10747
v -0.84290 0.00300 -0.12242
v -0.90005 0.00000 -0.10400
v -0.89870 0.00300 -0.10747
v -0.73600 0.46200 0.06005
v -0.73253 0.45900 0.05870
v -0.73543 0.45900 0.06372
v -0.73253 0.00300 -0.05870
v -0.73253 0.45900 -0.05870
v -0.96009 0.46200 0.00000
v -0.96242 0.45900 0.00290
v -0.96242 0.45900 -0.00290
v -0.73600 0.00000 0.06005
v -0.73543 0.00300 0.06372
v -0.73253 0.00300 0.05870
v -0.71758 0.00300 0.00290
v -0.73253 0.45900 0.05870
v -0.71758 0.45900 0.00290
v -0.73253 0.00300 0.05870
v -0.96009 0.00000 -0.00000
v -0.96242 0.00300 -0.00290
v -0.96242 0.00300 0.00290
v -0.71991 0.46200 -0.00000
v -0.71758 0.45900 -0.00290
v -0.71758 0.45900 0.00290
v -0.73543 0.00300 0.06372
v -0.77628 0.45900 0.10457
v -0.73543 0.45900 0.06372
v -0.77628 0.00300 0.10457
v -0.94400 0.46200 0.06005
v -0.94457 0.45900 0.06372
v -0.94747 0.45900 0.05870
v -0.71991 0.00000 0.00000
v -0.71758 0.00300 0.00290
v -0.71758 0.00300 -0.00290
v -0.78130 0.00300 0.10747
v -0.83710 0.45900 0.12242
v -0.78130 0.45900 0.10747
v -0.83710 0.00300 0.12242
v -0.94400 0.00000 0.06005
v -0.94747 0.00300 0.05870
v -0.94457 0.00300 0.06372
v -0.73600 0.46200 -0.06005
v -0.73543 0.45900 -0.06372
v -0.73253 0.45900 -0.05870
v -0.84290 0.00300 0.12242
v -0.89870 0.45900 0.10747
v -0.84290 0.45900 0.12242
v -0.89870 0.00300 0.10747
v -0.90005 0.46200 0.10400
v -0.89870 0.45900 0.10747
v -0.73600 0.00000 -0.06005
v -0.73253 0.00300 -0.05870
v -0.73543 0.00300 -0.06372
v -0.90372 0.00300 0.10457
v -0.94457 0.45900 0.06372
v -0.90372 0.45900 0.10457
v -0.94457 0.00300 0.06372
v -0.90005 0.00000 0.10400
v -0.89870 0.00300 0.10747
v -0.77995 0.46200 -0.10400
v -0.78130 0.45900 -0.10747
v -0.94747 0.00300 0.05870
v -0.96242 0.45900 0.00290
v -0.94747 0.45900 0.05870
v -0.96242 0.00300 0.00290
v -0.84000 0.46200 0.12009
v -0.83710 0.45900 0.12242
v -0.84290 0.45900 0.12242
v -0.77995 0.00000 -0.10400
v -0.78130 0.00300 -0.10747
v -0.94747 0.45900 -0.05870
v -0.94747 0.00300 -0.05870
v -0.84000 0.00000 0.12009
v -0.84290 0.00300 0.12242
v -0.83710 0.00300 0.12242
v -0.84000 0.46200 -0.12009
v -0.84290 0.45900 -0.12242
v -0.83710 0.45900 -0.12242
v -0.94457 0.00300 -0.06372
v -0.90372 0.45900 -0.10457
v -0.94457 0.45900 -0.06372
v -0.90372 0.00300 -0.10457
v -0.77628 0.00300 -0.10457
v -0.73543 0.45900 -0.06372
v -0.77628 0.45900 -0.10457
v -0.73543 0.00300 -0.06372
v -0.84000 0.00000 -0.12009
v -0.83710 0.00300 -0.12242
v -0.84290 0.00300 -0.12242
v -0.94400 0.00000 -0.06005
v -0.94457 0.00300 -0.06372
v -0.94747 0.00300 -0.05870
v -0.77995 0.46200 0.10400
v -0.78130 0.45900 0.10747
v -0.84000 0.46200 -0.12009
v -0.84000 0.46200 0.12009
v -0.83710 0.00300 -0.12242
v -0.78130 0.45900 -0.10747
v -0.83710 0.45900 -0.12242
v -0.78130 0.00300 -0.10747
v -0.90005 0.46200 -0.10400
v -0.89870 0.45900 -0.10747
v -0.83710 0.00300 -0.12242
v -0.78130 0.00300 -0.10747
v -0.84000 0.00000 -0.12009
v -0.78130 0.45900 -0.10747
v -0.84000 0.46200 -0.12009
v -0.83710 0.45900 -0.12242
v -0.84290 0.00300 -0.12242
v -0.83710 0.45900 -0.12242
v -0.84290 0.45900 -0.12242
v -0.83710 0.00300 -0.12242
v -0.78130 0.00300 -0.10747
v -0.78130 0.45900 -0.10747
v -0.77628 0.00300 -0.10457
v -0.73543 0.00300 -0.06372
v -0.73543 0.45900 -0.06372
v -0.77628 0.45900 -0.10457
v -0.73543 0.00300 -0.06372
v -0.73543 0.45900 -0.06372
v -0.71758 0.45900 0.00290
v -0.71758 0.00300 -0.00290
v -0.71758 0.00300 0.00290
v -0.71758 0.45900 -0.00290
v -0.71758 0.00300 0.00290
v -0.71758 0.45900 0.00290
v -0.73543 0.45900 0.06372
v -0.73543 0.00300 0.06372
v -0.73543 0.00300 0.06372
v -0.77628 0.00300 0.10457
v -0.77628 0.45900 0.10457
v -0.73543 0.45900 0.06372
v -0.78130 0.45900 0.10747
v -0.78130 0.00300 0.10747
v -0.78130 0.00300 0.10747
v -0.84000 0.00000 0.12009
v -0.83710 0.00300 0.12242
v -0.83710 0.45900 0.12242
v -0.78130 0.45900 0.10747
v -0.84000 0.46200 0.12009
v -0.84290 0.45900 0.12242
v -0.83710 0.00300 0.12242
v -0.84290 0.00300 0.12242
v -0.83710 0.45900 0.12242
v -0.84290 0.00300 0.12242
v -0.89870 0.00300 0.10747
v -0.84000 0.00000 0.12009
v -0.89870 0.45900 0.10747
v -0.84000 0.46200 0.12009
v -0.84290 0.45900 0.12242
v -0.89870 0.00300 0.10747
v -0.89870 0.45900 0.10747
v -0.90372 0.00300 0.10457
v -0.94457 0.00300 0.06372
v -0.94457 0.45900 0.06372
v -0.90372 0.45900 0.10457
v -0.94457 0.00300 0.06372
v -0.94457 0.45900 0.06372
v -0.96242 0.00300 0.00290
v -0.96242 0.45900 0.00290
v -0.96242 0.45900 -0.00290
v -0.96242 0.00300 0.00290
v -0.96242 0.00300 -0.00290
v -0.96242 0.45900 0.00290
v -0.94457 0.45900 -0.06372
v -0.94457 0.00300 -0.06372
v -0.94457 0.00300 -0.06372
v -0.90372 0.00300 -0.10457
v -0.90372 0.45900 -0.10457
v -0.94457 0.45900 -0.06372
v -0.89870 0.45900 -0.10747
v -0.89870 0.00300 -0.10747
v -0.89870 0.00300 -0.10747
v -0.84000 0.00000 -0.12009
v -0.84290 0.00300 -0.12242
v -0.84290 0.45900 -0.12242
v -0.89870 0.45900 -0.10747
v -0.84000 0.46200 -0.12009
v -0.84000 0.00000 -0.12009
v -0.84000 0.00000 0.12009
v -0.84000 0.45200 -0.14291
v -0.76854 0.48200 -0.12377
v -0.84000 0.48200 -0.14291
v -0.76854 0.45200 -0.12377
v -0.76854 0.45200 -0.12377
v -0.71623 0.48200 -0.07146
v -0.76854 0.48200 -0.12377
v -0.71623 0.45200 -0.07146
v -0.71623 0.45200 -0.07146
v -0.69709 0.48200 -0.00000
v -0.71623 0.48200 -0.07146
v -0.69709 0.45200 -0.00000
v -0.69709 0.45200 -0.00000
v -0.71623 0.48200 0.07146
v -0.69709 0.48200 -0.00000
v -0.71623 0.45200 0.07146
v -0.71623 0.45200 0.07146
v -0.76854 0.48200 0.12377
v -0.71623 0.48200 0.07146
v -0.76854 0.45200 0.12377
v -0.76854 0.45200 0.12377
v -0.84000 0.48200 0.14291
v -0.76854 0.48200 0.12377
v -0.84000 0.45200 0.14291
v -0.84000 0.45200 0.14291
v -0.91146 0.48200 0.12377
v -0.84000 0.48200 0.14291
v -0.91146 0.45200 0.12377
v -0.91146 0.45200 0.12377
v -0.96377 0.48200 0.07146
v -0.91146 0.48200 0.12377
v -0.96377 0.45200 0.07146
v -0.96377 0.45200 0.07146
v -0.98291 0.48200 -0.00000
v -0.96377 0.48200 0.07146
v -0.98291 0.45200 -0.00000
v -0.98291 0.45200 -0.00000
v -0.96377 0.48200 -0.07146
v -0.98291 0.48200 -0.00000
v -0.96377 0.45200 -0.07146
v -0.71623 0.48200 -0.07146
v -0.84000 0.48200 -0.14291
v -0.76854 0.48200 -0.12377
v -0.96377 0.48200 -0.07146
v -0.91146 0.48200 -0.12377
v -0.71623 0.48200 0.07146
v -0.69709 0.48200 -0.00000
v -0.84000 0.48200 0.14291
v -0.76854 0.48200 0.12377
v -0.96377 0.48200 0.07146
v -0.91146 0.48200 0.12377
v -0.98291 0.48200 -0.00000
v -0.96377 0.45200 -0.07146
v -0.91146 0.48200 -0.12377
v -0.96377 0.48200 -0.07146
v -0.91146 0.45200 -0.12377
v -0.91146 0.45200 -0.12377
v -0.84000 0.48200 -0.14291
v -0.91146 0.48200 -0.12377
v -0.84000 0.45200 -0.14291
v -0.91146 0.45200 -0.12377
v -0.76854 0.45200 -0.12377
v -0.84000 0.45200 -0.14291
v -0.69709 0.45200 -0.00000
v -0.71623 0.45200 -0.07146
v -0.98291 0.45200 -0.00000
v -0.96377 0.45200 -0.07146
v -0.91146 0.45200 0.12377
v -0.96377 0.45200 0.07146
v -0.76854 0.45200 0.12377
v -0.84000 0.45200 0.14291
v -0.71623 0.45200 0.07146
vn 0.0000 0.0000 -1.0000
vn 0.0000 0.0000 -1.0000
vn 0.0000 0.0000 -1.0000
vn 0.0000 0.0000 -1.0000
vn -1.0000 0.0000 -0.0000
vn -1.0000 0.0000 -0.0000
vn -1.0000 0.0000 -0.0000
vn -1.0000 0.0000 -0.0000
vn 0.0000 1.0000 -0.0000
vn 0.0000 1.0000 -0.0000
vn 0.0000 1.0000 -0.0000
vn 0.0000 1.0000 -0.0000
vn 1.0000 0.0000 -0.0000
vn 1.0000 0.0000 -0.0000
vn 1.0000 0.0000 -0.0000
vn 1.0000 0.0000 -0.0000
vn -0.0000 -0.0000 1.0000
vn -0.0000 -0.0000 1.0000
vn -0.0000 -0.0000 1.0000
vn -0.0000 -0.0000 1.0000
vn 0.5773 -0.5773 -0.5775
vn 0.5773 -0.5773 -0.5775
vn 0.5773 -0.5773 -0.5775
vn 0.5773 0.5774 -0.5773
vn 0.5773 0.5774 -0.5773
vn 0.5773 0.5774 -0.5773
vn 0.5774 -0.5774 0.5773
vn 0.5774 -0.5774 0.5773
vn 0.5774 -0.5774 0.5773
vn 0.5772 0.5774 0.5775
vn 0.5772 0.5774 0.5775
vn 0.5772 0.5774 0.5775
vn -0.5773 -0.5773 -0.5774
vn -0.5773 -0.5773 -0.5774
vn -0.5773 -0.5773 -0.5774
vn -0.5773 0.5774 -0.5774
vn -0.5773 0.5774 -0.5774
vn -0.5773 0.5774 -0.5774
vn -0.5774 -0.5773 0.5774
vn -0.5774 -0.5773 0.5774
vn -0.5774 -0.5773 0.5774
vn -0.5774 0.5773 0.5774
vn -0.5774 0.5773 0.5774
vn -0.5774 0.5773 0.5774
vn 0.7071 -0.7071 -0.0000
vn 0.7071 -0.7071 -0.0000
vn 0.7071 -0.7071 -0.0000
vn 0.7071 -0.7071 -0.0000
vn 0.7071 0.0000 -0.7071
vn 0.7071 0.0000 -0.7071
vn 0.7071 0.0000 -0.7071
vn 0.7071 0.0000 -0.7071
vn 0.7071 0.7071 0.0000
vn 0.7071 0.7071 0.0000
vn 0.7071 0.7071 0.0000
vn 0.7071 0.7071 0.0000
vn 0.7071 -0.0000 0.7071
vn 0.7071 -0.0000 0.7071
vn 0.7071 -0.0000 0.7071
vn 0.7071 -0.0000 0.7071
vn -0.0000 -0.7071 0.7071
vn -0.0000 -0.7071 0.7071
vn -0.0000 -0.7071 0.7071
vn -0.0000 -0.7071 0.7071
vn -0.0000 0.7071 0.7071
vn -0.0000 0.7071 0.7071
vn -0.0000 0.7071 0.7071
vn -0.0000 0.7071 0.7071
vn -0.7071 -0.0000 0.7071
vn -0.7071 -0.0000 0.7071
vn -0.7071 -0.0000 0.7071
vn -0.7071 -0.0000 0.7071
vn -0.7071 -0.7071 -0.0001
vn -0.7071 -0.7071 -0.0001
vn -0.7071 -0.7071 -0.0001
vn -0.7071 -0.7071 -0.0001
vn -0.7071 0.7071 -0.0000
vn -0.7071 0.7071 -0.0000
vn -0.7071 0.7071 -0.0000
vn -0.7071 0.7071 -0.0000
vn -0.7071 0.0000 -0.7071
vn -0.7071 0.0000 -0.7071
vn -0.7071 0.0000 -0.7071
vn -0.7071 0.0000 -0.7071
vn 0.0000 -0.7071 -0.7071
vn 0.0000 -0.7071 -0.7071
vn 0.0000 -0.7071 -0.7071
vn 0.0000 -0.7071 -0.7071
vn 0.0000 0.7071 -0.7071
vn 0.0000 0.7071 -0.7071
vn 0.0000 0.7071 -0.7071
vn 0.0000 0.7071 -0.7071
vn 0.0000 -1.0000 -0.0000
vn 0.0000 -1.0000 -0.0000
vn 0.0000 -1.0000 -0.0000
vn 0.0000 -1.0000 -0.0000
vn 0.7623 0.0000 -0.6472
vn 0.7623 0.0000 -0.6472
vn 0.7623 0.0000 -0.6472
vn 0.7623 0.0000 -0.6472
vn -0.6472 0.0000 -0.7623
vn -0.6472 0.0000 -0.7623
vn -0.6472 0.0000 -0.7623
vn -0.6472 0.0000 -0.7623
vn 0.0000 1.0000 -0.0000
vn 0.0000 1.0000 -0.0000
vn 0.0000 1.0000 -0.0000
vn 0.0000 1.0000 -0.0000
vn 0.6472 -0.0000 0.7623
vn 0.6472 -0.0000 0.7623
vn 0.6472 -0.0000 0.7623
vn 0.6472 -0.0000 0.7623
vn -0.7624 -0.0000 0.6472
vn -0.7624 -0.0000 0.6472
vn -0.7624 -0.0000 0.6472
vn -0.7624 -0.0000 0.6472
vn 0.8138 -0.5773 0.0664
vn 0.8138 -0.5773 0.0664
vn 0.8138 -0.5773 0.0664
vn 0.8138 0.5773 0.0664
vn 0.8138 0.5773 0.0664
vn 0.8138 0.5773 0.0664
vn -0.0664 -0.5774 0.8137
vn -0.0664 -0.5774 0.8137
vn -0.0664 -0.5774 0.8137
vn -0.0664 0.5774 0.8138
vn -0.0664 0.5774 0.8138
vn -0.0664 0.5774 0.8138
vn 0.0664 -0.5773 -0.8138
vn 0.0664 -0.5773 -0.8138
vn 0.0664 -0.5773 -0.8138
vn 0.0664 0.5773 -0.8138
vn 0.0664 0.5773 -0.8138
vn 0.0664 0.5773 -0.8138
vn -0.8138 -0.5773 -0.0665
vn -0.8138 -0.5773 -0.0665
vn -0.8138 -0.5773 -0.0665
vn -0.8138 0.5774 -0.0664
vn -0.8138 0.5774 -0.0664
vn -0.8138 0.5774 -0.0664
vn 0.4576 -0.7071 0.5390
vn 0.4576 -0.7071 0.5390
vn 0.4576 -0.7071 0.5390
vn 0.4576 -0.7071 0.5390
vn 0.9967 -0.0000 0.0814
vn 0.9967 -0.0000 0.0814
vn 0.9967 -0.0000 0.0814
vn 0.9967 -0.0000 0.0814
vn 0.4576 0.7071 0.5391
vn 0.4576 0.7071 0.5391
vn 0.4576 0.7071 0.5391
vn 0.4576 0.7071 0.5391
vn -0.0814 -0.0000 0.9967
vn -0.0814 -0.0000 0.9967
vn -0.0814 -0.0000 0.9967
vn -0.0814 -0.0000 0.9967
vn -0.5390 -0.7071 0.4576
vn -0.5390 -0.7071 0.4576
vn -0.5390 -0.7071 0.4576
vn -0.5390 -0.7071 0.4576
vn -0.5390 0.7071 0.4577
vn -0.5390 0.7071 0.4577
vn -0.5390 0.7071 0.4577
vn -0.5390 0.7071 0.4577
vn -0.9967 0.0000 -0.0814
vn -0.9967 0.0000 -0.0814
vn -0.9967 0.0000 -0.0814
vn -0.9967 0.0000 -0.0814
vn -0.4577 -0.7071 -0.5391
vn -0.4577 -0.7071 -0.5391
vn -0.4577 -0.7071 -0.5391
vn -0.4577 -0.7071 -0.5391
vn -0.4577 0.7071 -0.5390
vn -0.4577 0.7071 -0.5390
vn -0.4577 0.7071 -0.5390
vn -0.4577 0.7071 -0.5390
vn 0.0814 0.0000 -0.9967
vn 0.0814 0.0000 -0.9967
vn 0.0814 0.0000 -0.9967
vn 0.0814 0.0000 -0.9967
vn 0.5390 -0.7071 -0.4577
vn 0.5390 -0.7071 -0.4577
vn 0.5390 -0.7071 -0.4577
vn 0.5390 -0.7071 -0.4577
vn 0.5390 0.7071 -0.4576
vn 0.5390 0.7071 -0.4576
vn 0.5390 0.7071 -0.4576
vn 0.5390 0.7071 -0.4576
vn 0.0000 -1.0000 -0.0000
vn 0.0000 -1.0000 -0.0000
vn 0.0000 -1.0000 -0.0000
vn 0.0000 -1.0000 -0.0000
vn -0.7623 0.0000 -0.6472
vn -0.7623 0.0000 -0.6472
vn -0.7623 0.0000 -0.6472
vn -0.7623 0.0000 -0.6472
vn -0.6473 -0.0000 0.7623
vn -0.6473 -0.0000 0.7623
vn -0.6473 -0.0000 0.7623
vn -0.6473 -0.0000 0.7623
vn 0.0000 1.0000 -0.0000
vn 0.0000 1.0000 -0.0000
vn 0.0000 1.0000 -0.0000
vn 0.0000 1.0000 -0.0000
vn 0.6472 0.0000 -0.7623
vn 0.6472 0.0000 -0.7623
vn 0.6472 0.0000 -0.7623
vn 0.6472 0.0000 -0.7623
vn 0.7623 -0.0000 0.6472
vn 0.7623 -0.0000 0.6472
vn 0.7623 -0.0000 0.6472
vn 0.7623 -0.0000 0.6472
vn -0.0664 -0.5773 -0.8139
vn -0.0664 -0.5773 -0.8139
vn -0.0664 -0.5773 -0.8139
vn -0.0664 0.5774 -0.8138
vn -0.0664 0.5774 -0.8138
vn -0.0664 0.5774 -0.8138
vn 0.8138 -0.5773 -0.0664
vn 0.8138 -0.5773 -0.0664
vn 0.8138 -0.5773 -0.0664
vn 0.8138 0.5774 -0.0663
vn 0.8138 0.5774 -0.0663
vn 0.8138 0.5774 -0.0663
vn -0.8138 -0.5773 0.0663
vn -0.8138 -0.5773 0.0663
vn -0.8138 -0.5773 0.0663
vn -0.8138 0.5773 0.0664
vn -0.8138 0.5773 0.0664
vn -0.8138 0.5773 0.0664
vn 0.0664 -0.5774 0.8138
vn 0.0664 -0.5774 0.8138
vn 0.0664 -0.5774 0.8138
vn 0.0664 0.5773 0.8138
vn 0.0664 0.5773 0.8138
vn 0.0664 0.5773 0.8138
vn 0.4577 -0.7071 -0.5390
vn 0.4577 -0.7071 -0.5390
vn 0.4577 -0.7071 -0.5390
vn 0.4577 -0.7071 -0.5390
vn -0.0814 0.0000 -0.9967
vn -0.0814 0.0000 -0.9967
vn -0.0814 0.0000 -0.9967
vn -0.0814 0.0000 -0.9967
vn 0.4577 0.7071 -0.5390
vn 0.4577 0.7071 -0.5390
vn 0.4577 0.7071 -0.5390
vn 0.4577 0.7071 -0.5390
vn 0.9967 0.0000 -0.0814
vn 0.9967 0.0000 -0.0814
vn 0.9967 0.0000 -0.0814
vn 0.9967 0.0000 -0.0814
vn 0.5390 -0.7071 0.4577
vn 0.5390 -0.7071 0.4577
vn 0.5390 -0.7071 0.4577
vn 0.5390 -0.7071 0.4577
vn 0.5390 0.7071 0.4578
vn 0.5390 0.7071 0.4578
vn 0.5390 0.7071 0.4578
vn 0.5390 0.7071 0.4578
vn 0.0814 -0.0000 0.9967
vn 0.0814 -0.0000 0.9967
vn 0.0814 -0.0000 0.9967
vn 0.0814 -0.0000 0.9967
vn -0.4577 -0.7071 0.5390
vn -0.4577 -0.7071 0.5390
vn -0.4577 -0.7071 0.5390
vn -0.4577 -0.7071 0.5390
vn -0.4577 0.7071 0.5390
vn -0.4577 0.7071 0.5390
vn -0.4577 0.7071 0.5390
vn -0.4577 0.7071 0.5390
vn -0.9967 -0.0000 0.0814
vn -0.9967 -0.0000 0.0814
vn -0.9967 -0.0000 0.0814
vn -0.9967 -0.0000 0.0814
vn -0.5390 -0.7071 -0.4578
vn -0.5390 -0.7071 -0.4578
vn -0.5390 -0.7071 -0.4578
vn -0.5390 -0.7071 -0.4578
vn -0.5391 0.7071 -0.4577
vn -0.5391 0.7071 -0.4577
vn -0.5391 0.7071 -0.4577
vn -0.5391 0.7071 -0.4577
vn 0.0000 -1.0000 -0.0000
vn 0.0000 -1.0000 -0.0000
vn 0.0000 -1.0000 -0.0000
vn 0.0000 -1.0000 -0.0000
vn -0.7624 -0.0000 0.6472
vn -0.7624 -0.0000 0.6472
vn -0.7624 -0.0000 0.6472
vn -0.7624 -0.0000 0.6472
vn 0.6472 -0.0000 0.7623
vn 0.6472 -0.0000 0.7623
vn 0.6472 -0.0000 0.7623
vn 0.6472 -0.0000 0.7623
vn 0.0000 1.0000 -0.0000
vn 0.0000 1.0000 -0.0000
vn 0.0000 1.0000 -0.0000
vn 0.0000 1.0000 -0.0000
vn -0.6472 0.0000 -0.7623
vn -0.6472 0.0000 -0.7623
vn -0.6472 0.0000 -0.7623
vn -0.6472 0.0000 -0.7623
vn 0.7623 0.0000 -0.6472
vn 0.7623 0.0000 -0.6472
vn 0.7623 0.0000 -0.6472
vn 0.7623 0.0000 -0.6472
vn -0.8138 -0.5774 -0.0664
vn -0.8138 -0.5774 -0.0664
vn -0.8138 -0.5774 -0.0664
vn -0.8138 0.5774 -0.0664
vn -0.8138 0.5774 -0.0664
vn -0.8138 0.5774 -0.0664
vn 0.0664 -0.5773 -0.8138
vn 0.0664 -0.5773 -0.8138
vn 0.0664 -0.5773 -0.8138
vn 0.0664 0.5774 -0.8137
vn 0.0664 0.5774 -0.8137
vn 0.0664 0.5774 -0.8137
vn -0.0664 -0.5774 0.8138
vn -0.0664 -0.5774 0.8138
vn -0.0664 -0.5774 0.8138
vn -0.0664 0.5773 0.8138
vn -0.0664 0.5773 0.8138
vn -0.0664 0.5773 0.8138
vn 0.8138 -0.5774 0.0664
vn 0.8138 -0.5774 0.0664
vn 0.8138 -0.5774 0.0664
vn 0.8138 0.5773 0.0665
vn 0.8138 0.5773 0.0665
vn 0.8138 0.5773 0.0665
vn -0.4577 -0.7071 -0.5391
vn -0.4577 -0.7071 -0.5391
vn -0.4577 -0.7071 -0.5391
vn -0.4577 -0.7071 -0.5391
vn -0.9967 0.0000 -0.0814
vn -0.9967 0.0000 -0.0814
vn -0.9967 0.0000 -0.0814
vn -0.9967 0.0000 -0.0814
vn -0.4577 0.7071 -0.5390
vn -0.4577 0.7071 -0.5390
vn -0.4577 0.7071 -0.5390
vn -0.4577 0.7071 -0.5390
vn 0.0814 0.0000 -0.9967
vn 0.0814 0.0000 -0.9967
vn 0.0814 0.0000 -0.9967
vn 0.0814 0.0000 -0.9967
vn 0.5390 -0.7071 -0.4577
vn 0.5390 -0.7071 -0.4577
vn 0.5390 -0.7071 -0.4577
vn 0.5390 -0.7071 -0.4577
vn 0.5390 0.7071 -0.4576
vn 0.5390 0.7071 -0.4576
vn 0.5390 0.7071 -0.4576
vn 0.5390 0.7071 -0.4576
vn 0.9967 -0.0000 0.0814
vn 0.9967 -0.0000 0.0814
vn 0.9967 -0.0000 0.0814
vn 0.9967 -0.0000 0.0814
vn 0.4576 -0.7071 0.5390
vn 0.4576 -0.7071 0.5390
vn 0.4576 -0.7071 0.5390
vn 0.4576 -0.7071 0.5390
vn 0.4576 0.7071 0.5391
vn 0.4576 0.7071 0.5391
vn 0.4576 0.7071 0.5391
vn 0.4576 0.7071 0.5391
vn -0.0814 -0.0000 0.9967
vn -0.0814 -0.0000 0.9967
vn -0.0814 -0.0000 0.9967
vn -0.0814 -0.0000 0.9967
vn -0.5390 -0.7071 0.4576
vn -0.5390 -0.7071 0.4576
vn -0.5390 -0.7071 0.4576
vn -0.5390 -0.7071 0.4576
vn -0.5390 0.7071 0.4577
vn -0.5390 0.7071 0.4577
vn -0.5390 0.7071 0.4577
vn -0.5390 0.7071 0.4577
vn 0.0000 -1.0000 -0.0000
vn 0.0000 -1.0000 -0.0000
vn 0.0000 -1.0000 -0.0000
vn 0.0000 -1.0000 -0.0000
vn -0.0000 -0.0000 1.0000
vn -0.0000 -0.0000 1.0000
vn -0.0000 -0.0000 1.0000
vn -0.0000 -0.0000 1.0000
vn 1.0000 0.0000 -0.0000
vn 1.0000 0.0000 -0.0000
vn 1.0000 0.0000 -0.0000
vn 1.0000 0.0000 -0.0000
vn 0.0000 1.0000 -0.0000
vn 0.0000 1.0000 -0.0000
vn 0.0000 1.0000 -0.0000
vn 0.0000 1.0000 -0.0000
vn -1.0000 0.0000 -0.0000
vn -1.0000 0.0000 -0.0000
vn -1.0000 0.0000 -0.0000
vn -1.0000 0.0000 -0.0000
vn 0.0000 0.0000 -1.0000
vn 0.0000 0.0000 -1.0000
vn 0.0000 0.0000 -1.0000
vn 0.0000 0.0000 -1.0000
vn -0.5774 -0.5774 0.5774
vn -0.5774 -0.5774 0.5774
vn -0.5774 -0.5774 0.5774
vn -0.5774 0.5773 0.5774
vn -0.5774 0.5773 0.5774
vn -0.5774 0.5773 0.5774
vn -0.5773 -0.5774 -0.5774
vn -0.5773 -0.5774 -0.5774
vn -0.5773 -0.5774 -0.5774
vn -0.5773 0.5774 -0.5774
vn -0.5773 0.5774 -0.5774
vn -0.5773 0.5774 -0.5774
vn 0.5774 -0.5773 0.5774
vn 0.5774 -0.5773 0.5774
vn 0.5774 -0.5773 0.5774
vn 0.5774 0.5772 0.5775
vn 0.5774 0.5772 0.5775
vn 0.5774 0.5772 0.5775
vn 0.5773 -0.5774 -0.5774
vn 0.5773 -0.5774 -0.5774
vn 0.5773 -0.5774 -0.5774
vn 0.5773 0.5774 -0.5773
vn 0.5773 0.5774 -0.5773
vn 0.5773 0.5774 -0.5773
vn -0.7071 -0.7071 -0.0001
vn -0.7071 -0.7071 -0.0001
vn -0.7071 -0.7071 -0.0001
vn -0.7071 -0.7071 -0.0001
vn -0.7071 -0.0000 0.7071
vn -0.7071 -0.0000 0.7071
vn -0.7071 -0.0000 0.7071
vn -0.7071 -0.0000 0.7071
vn -0.7071 0.7071 -0.0000
vn -0.7071 0.7071 -0.0000
vn -0.7071 0.7071 -0.0000
vn -0.7071 0.7071 -0.0000
vn -0.7071 0.0000 -0.7071
vn -0.7071 0.0000 -0.7071
vn -0.7071 0.0000 -0.7071
vn -0.7071 0.0000 -0.7071
vn 0.0000 -0.7071 -0.7071
vn 0.0000 -0.7071 -0.7071
vn 0.0000 -0.7071 -0.7071
vn 0.0000 -0.7071 -0.7071
vn 0.0000 0.7071 -0.7071
vn 0.0000 0.7071 -0.7071
vn 0.0000 0.7071 -0.7071
vn 0.0000 0.7071 -0.7071
vn 0.7071 0.0000 -0.7071
vn 0.7071 0.0000 -0.7071
vn 0.7071 0.0000 -0.7071
vn 0.7071 0.0000 -0.7071
vn 0.7071 -0.7071 -0.0000
vn 0.7071 -0.7071 -0.0000
vn 0.7071 -0.7071 -0.0000
vn 0.7071 -0.7071 -0.0000
vn 0.7071 0.7071 0.0000
vn 0.7071 0.7071 0.0000
vn 0.7071 0.7071 0.0000
vn 0.7071 0.7071 0.0000
vn 0.7071 -0.0000 0.7071
vn 0.7071 -0.0000 0.7071
vn 0.7071 -0.0000 0.7071
vn 0.7071 -0.0000 0.7071
vn -0.0000 -0.7071 0.7071
vn -0.0000 -0.7071 0.7071
vn -0.0000 -0.7071 0.7071
vn -0.0000 -0.7071 0.7071
vn -0.0000 0.7071 0.7071
vn -0.0000 0.7071 0.7071
vn -0.0000 0.7071 0.7071
vn -0.0000 0.7071 0.7071
vn 0.0000 -1.0000 -0.0000
vn 0.0000 -1.0000 -0.0000
vn 0.0000 -1.0000 -0.0000
vn 0.0000 -1.0000 -0.0000
vn -0.0000 -0.0000 1.0000
vn -0.0000 -0.0000 1.0000
vn -0.0000 -0.0000 1.0000
vn -0.0000 -0.0000 1.0000
vn 1.0000 0.0000 -0.0000
vn 1.0000 0.0000 -0.0000
vn 1.0000 0.0000 -0.0000
vn 1.0000 0.0000 -0.0000
vn 0.0000 1.0000 -0.0000
vn 0.0000 1.0000 -0.0000
vn 0.0000 1.0000 -0.0000
vn 0.0000 1.0000 -0.0000
vn -1.0000 0.0000 -0.0000
vn -1.0000 0.0000 -0.0000
vn -1.0000 0.0000 -0.0000
vn -1.0000 0.0000 -0.0000
vn 0.0000 0.0000 -1.0000
vn 0.0000 0.0000 -1.0000
vn 0.0000 0.0000 -1.0000
vn 0.0000 0.0000 -1.0000
vn -0.5774 -0.5773 0.5774
vn -0.5774 -0.5773 0.5774
vn -0.5774 -0.5773 0.5774
vn -0.5774 0.5772 0.5774
vn -0.5774 0.5772 0.5774
vn -0.5774 0.5772 0.5774
vn -0.5773 -0.5774 -0.5774
vn -0.5773 -0.5774 -0.5774
vn -0.5773 -0.5774 -0.5774
vn -0.5773 0.5774 -0.5774
vn -0.5773 0.5774 -0.5774
vn -0.5773 0.5774 -0.5774
vn 0.5773 -0.5774 0.5774
vn 0.5773 -0.5774 0.5774
vn 0.5773 -0.5774 0.5774
vn 0.5773 0.5773 0.5775
vn 0.5773 0.5773 0.5775
vn 0.5773 0.5773 0.5775
vn 0.5773 -0.5774 -0.5774
vn 0.5773 -0.5774 -0.5774
vn 0.5773 -0.5774 -0.5774
vn 0.5773 0.5774 -0.5773
vn 0.5773 0.5774 -0.5773
vn 0.5773 0.5774 -0.5773
vn -0.7071 -0.7071 -0.0001
vn -0.7071 -0.7071 -0.0001
vn -0.7071 -0.7071 -0.0001
vn -0.7071 -0.7071 -0.0001
vn -0.7071 -0.0000 0.7071
vn -0.7071 -0.0000 0.7071
vn -0.7071 -0.0000 0.7071
vn -0.7071 -0.0000 0.7071
vn -0.7071 0.7071 -0.0000
vn -0.7071 0.7071 -0.0000
vn -0.7071 0.7071 -0.0000
vn -0.7071 0.7071 -0.0000
vn -0.7071 0.0000 -0.7071
vn -0.7071 0.0000 -0.7071
vn -0.7071 0.0000 -0.7071
vn -0.7071 0.0000 -0.7071
vn 0.0000 -0.7071 -0.7071
vn 0.0000 -0.7071 -0.7071
vn 0.0000 -0.7071 -0.7071
vn 0.0000 -0.7071 -0.7071
vn 0.0000 0.7071 -0.7071
vn 0.0000 0.7071 -0.7071
vn 0.0000 0.7071 -0.7071
vn 0.0000 0.7071 -0.7071
vn 0.7071 0.0000 -0.7071
vn 0.7071 0.0000 -0.7071
vn 0.7071 0.0000 -0.7071
vn 0.7071 0.0000 -0.7071
vn 0.7071 -0.7071 -0.0000
vn 0.7071 -0.7071 -0.0000
vn 0.7071 -0.7071 -0.0000
vn 0.7071 -0.7071 -0.0000
vn 0.7071 0.7071 0.0000
vn 0.7071 0.7071 0.0000
vn 0.7071 0.7071 0.0000
vn 0.7071 0.7071 0.0000
vn 0.7071 -0.0000 0.7071
vn 0.7071 -0.0000 0.7071
vn 0.7071 -0.0000 0.7071
vn 0.7071 -0.0000 0.7071
vn -0.0000 -0.7071 0.7071
vn -0.0000 -0.7071 0.7071
vn -0.0000 -0.7071 0.7071
vn -0.0000 -0.7071 0.7071
vn -0.0000 0.7071 0.7071
vn -0.0000 0.7071 0.7071
vn -0.0000 0.7071 0.7071
vn -0.0000 0.7071 0.7071
vn 0.0000 -1.0000 -0.0000
vn 0.0000 -1.0000 -0.0000
vn 0.0000 -1.0000 -0.0000
vn 0.0000 -1.0000 -0.0000
vn 0.7623 -0.0000 0.6472
vn 0.7623 -0.0000 0.6472
vn 0.7623 -0.0000 0.6472
vn 0.7623 -0.0000 0.6472
vn 0.6472 0.0000 -0.7623
vn 0.6472 0.0000 -0.7623
vn 0.6472 0.0000 -0.7623
vn 0.6472 0.0000 -0.7623
vn 0.0000 1.0000 -0.0000
vn 0.0000 1.0000 -0.0000
vn 0.0000 1.0000 -0.0000
vn 0.0000 1.0000 -0.0000
vn -0.6473 -0.0000 0.7623
vn -0.6473 -0.0000 0.7623
vn -0.6473 -0.0000 0.7623
vn -0.6473 -0.0000 0.7623
vn -0.7623 0.0000 -0.6472
vn -0.7623 0.0000 -0.6472
vn -0.7623 0.0000 -0.6472
vn -0.7623 0.0000 -0.6472
vn 0.0664 -0.5773 0.8138
vn 0.0664 -0.5773 0.8138
vn 0.0664 -0.5773 0.8138
vn 0.0664 0.5773 0.8138
vn 0.0664 0.5773 0.8138
vn 0.0664 0.5773 0.8138
vn -0.8138 -0.5774 0.0663
vn -0.8138 -0.5774 0.0663
vn -0.8138 -0.5774 0.0663
vn -0.8138 0.5773 0.0665
vn -0.8138 0.5773 0.0665
vn -0.8138 0.5773 0.0665
vn 0.8137 -0.5774 -0.0664
vn 0.8137 -0.5774 -0.0664
vn 0.8137 -0.5774 -0.0664
vn 0.8138 0.5773 -0.0664
vn 0.8138 0.5773 -0.0664
vn 0.8138 0.5773 -0.0664
vn -0.0664 -0.5773 -0.8139
vn -0.0664 -0.5773 -0.8139
vn -0.0664 -0.5773 -0.8139
vn -0.0664 0.5774 -0.8138
vn -0.0664 0.5774 -0.8138
vn -0.0664 0.5774 -0.8138
vn -0.4577 -0.7071 0.5390
vn -0.4577 -0.7071 0.5390
vn -0.4577 -0.7071 0.5390
vn -0.4577 -0.7071 0.5390
vn 0.0814 -0.0000 0.9967
vn 0.0814 -0.0000 0.9967
vn 0.0814 -0.0000 0.9967
vn 0.0814 -0.0000 0.9967
vn -0.4577 0.7071 0.5390
vn -0.4577 0.7071 0.5390
vn -0.4577 0.7071 0.5390
vn -0.4577 0.7071 0.5390
vn -0.9967 -0.0000 0.0814
vn -0.9967 -0.0000 0.0814
vn -0.9967 -0.0000 0.0814
vn -0.9967 -0.0000 0.0814
vn -0.5390 -0.7071 -0.4578
vn -0.5390 -0.7071 -0.4578
vn -0.5390 -0.7071 -0.4578
vn -0.5390 -0.7071 -0.4578
vn -0.5391 0.7071 -0.4577
vn -0.5391 0.7071 -0.4577
vn -0.5391 0.7071 -0.4577
vn -0.5391 0.7071 -0.4577
vn -0.0814 0.0000 -0.9967
vn -0.0814 0.0000 -0.9967
vn -0.0814 0.0000 -0.9967
vn -0.0814 0.0000 -0.9967
vn 0.4577 -0.7071 -0.5390
vn 0.4577 -0.7071 -0.5390
vn 0.4577 -0.7071 -0.5390
vn 0.4577 -0.7071 -0.5390
vn 0.4577 0.7071 -0.5390
vn 0.4577 0.7071 -0.5390
vn 0.4577 0.7071 -0.5390
vn 0.4577 0.7071 -0.5390
vn 0.9967 0.0000 -0.0814
vn 0.9967 0.0000 -0.0814
vn 0.9967 0.0000 -0.0814
vn 0.9967 0.0000 -0.0814
vn 0.5390 -0.7071 0.4577
vn 0.5390 -0.7071 0.4577
vn 0.5390 -0.7071 0.4577
vn 0.5390 -0.7071 0.4577
vn 0.5390 0.7071 0.4578
vn 0.5390 0.7071 0.4578
vn 0.5390 0.7071 0.4578
vn 0.5390 0.7071 0.4578
vn 0.0000 -1.0000 -0.0000
vn 0.0000 -1.0000 -0.0000
vn 0.0000 -1.0000 -0.0000
vn 0.0000 -1.0000 -0.0000
vn -0.5000 0.0000 -0.8660
vn 0.5000 0.0000 -0.8660
vn -0.5000 0.0000 -0.8660
vn -0.8660 0.0000 -0.5000
vn 0.5000 0.0000 -0.8660
vn -0.8660 0.0000 -0.5000
vn 0.8660 0.0000 -0.5000
vn -0.9659 0.0000 -0.2588
vn 0.8660 0.0000 -0.5000
vn -0.9659 0.0000 -0.2588
vn 0.9659 0.0000 -0.2588
vn -0.8661 -0.0000 0.4999
vn 0.9659 0.0000 -0.2588
vn -0.8661 -0.0000 0.4999
vn 0.8660 -0.0000 0.5000
vn -0.5000 -0.0000 0.8660
vn 0.8660 -0.0000 0.5000
vn -0.5000 -0.0000 0.8660
vn 0.5000 -0.0000 0.8660
vn 0.5000 -0.0000 0.8660
vn 0.0000 1.0000 -0.0000
vn 0.0000 1.0000 -0.0000
vn 0.0000 1.0000 -0.0000
vn 0.0000 1.0000 -0.0000
vn 0.0000 1.0000 -0.0000
vn 0.0000 1.0000 -0.0000
vn 0.0000 1.0000 -0.0000
vn 0.0000 1.0000 -0.0000
vn 0.0000 1.0000 -0.0000
vn 0.0000 1.0000 -0.0000
vn 0.3949 -0.6133 -0.6840
vn -0.1830 -0.7071 -0.6831
vn 0.1830 -0.7071 -0.6830
vn -0.3949 -0.6133 -0.6841
vn 0.5000 -0.7071 -0.5000
vn 0.5000 -0.7071 -0.5000
vn 0.6830 -0.7071 -0.1830
vn 0.6830 -0.7071 -0.1830
vn 0.6830 -0.7071 -0.1830
vn 0.6830 -0.7071 -0.1830
vn 0.6830 -0.7071 0.1830
vn 0.6830 -0.7071 0.1830
vn 0.6830 -0.7071 0.1830
vn 0.5000 -0.7071 0.5000
vn 0.5000 -0.7071 0.5000
vn 0.3949 -0.6134 0.6840
vn 0.1830 -0.7071 0.6830
vn -0.3950 -0.6134 0.6840
vn -0.1830 -0.7072 0.6830
vn -0.5000 -0.7071 0.5000
vn -0.5000 -0.7071 0.5000
vn -0.6830 -0.7071 0.1829
vn -0.6830 -0.7071 0.1829
vn -0.6830 -0.7071 0.1829
vn -0.6830 -0.7071 -0.1831
vn -0.6830 -0.7071 -0.1831
vn -0.6830 -0.7071 -0.1831
vn -0.6830 -0.7071 -0.1831
vn -0.5000 -0.7071 -0.5001
vn -0.5000 -0.7071 -0.5001
vn 0.3949 0.6133 -0.6840
vn 0.1830 0.7071 -0.6830
vn -0.3949 0.6133 -0.6841
vn -0.1830 0.7071 -0.6830
vn -0.5000 0.7071 -0.5000
vn -0.5000 0.7071 -0.5000
vn -0.6830 0.7071 -0.1830
vn -0.6830 0.7071 -0.1830
vn -0.6830 0.7071 -0.1830
vn -0.6830 0.7071 -0.1830
vn -0.6830 0.7071 0.1830
vn -0.6830 0.7071 0.1830
vn -0.6830 0.7071 0.1830
vn -0.5000 0.7071 0.5000
vn -0.5000 0.7071 0.5000
vn -0.3950 0.6133 0.6840
vn -0.1830 0.7071 0.6830
vn 0.3949 0.6133 0.6840
vn 0.1830 0.7071 0.6830
vn 0.5000 0.7071 0.5001
vn 0.5000 0.7071 0.5001
vn 0.6830 0.7071 0.1830
vn 0.6830 0.7071 0.1830
vn 0.6830 0.7071 0.1830
vn 0.6830 0.7071 -0.1830
vn 0.6830 0.7071 -0.1830
vn 0.6830 0.7071 -0.1830
vn 0.6830 0.7071 -0.1830
vn 0.5000 0.7071 -0.5000
vn 0.5000 0.7071 -0.5000
vn 0.0000 -1.0000 -0.0000
vn 0.0000 -1.0000 -0.0000
vn 0.0000 -1.0000 -0.0000
vn 0.0000 -1.0000 -0.0000
vn 0.0000 -1.0000 -0.0000
vn 0.0000 -1.0000 -0.0000
vn 0.0000 -1.0000 -0.0000
vn 0.0000 -1.0000 -0.0000
vn 0.0000 -1.0000 -0.0000
vn 0.0000 -1.0000 -0.0000
vn -0.5000 0.0000 -0.8660
vn 0.5000 0.0000 -0.8660
vn -0.5000 0.0000 -0.8660
vn -0.8660 0.0000 -0.5000
vn 0.5000 0.0000 -0.8660
vn -0.8660 0.0000 -0.5000
vn 0.8660 0.0000 -0.5000
vn -0.9659 0.0000 -0.2588
vn 0.8660 0.0000 -0.5000
vn -0.9659 0.0000 -0.2588
vn 0.9659 0.0000 -0.2588
vn -0.8661 -0.0000 0.4999
vn 0.9659 0.0000 -0.2588
vn -0.8661 -0.0000 0.4999
vn 0.8660 -0.0000 0.5000
vn -0.5000 -0.0000 0.8660
vn 0.8660 -0.0000 0.5000
vn -0.5000 -0.0000 0.8660
vn 0.5000 -0.0000 0.8660
vn 0.5000 -0.0000 0.8660
vn 0.0000 1.0000 -0.0000
vn 0.0000 1.0000 -0.0000
vn 0.0000 1.0000 -0.0000
vn 0.0000 1.0000 -0.0000
vn 0.0000 1.0000 -0.0000
vn 0.0000 1.0000 -0.0000
vn 0.0000 1.0000 -0.0000
vn 0.0000 1.0000 -0.0000
vn 0.0000 1.0000 -0.0000
vn 0.0000 1.0000 -0.0000
vn 0.3949 -0.6133 -0.6840
vn -0.1830 -0.7071 -0.6831
vn 0.1830 -0.7071 -0.6830
vn -0.3949 -0.6133 -0.6841
vn 0.5000 -0.7071 -0.5000
vn 0.5000 -0.7071 -0.5000
vn 0.6830 -0.7071 -0.1830
vn 0.6830 -0.7071 -0.1830
vn 0.6830 -0.7071 -0.1830
vn 0.6830 -0.7071 -0.1830
vn 0.6830 -0.7071 0.1830
vn 0.6830 -0.7071 0.1830
vn 0.6830 -0.7071 0.1830
vn 0.5000 -0.7071 0.5000
vn 0.5000 -0.7071 0.5000
vn 0.3949 -0.6134 0.6840
vn 0.1830 -0.7071 0.6830
vn -0.3950 -0.6134 0.6840
vn -0.1830 -0.7072 0.6830
vn -0.5000 -0.7071 0.5000
vn -0.5000 -0.7071 0.5000
vn -0.6830 -0.7071 0.1829
vn -0.6830 -0.7071 0.1829
vn -0.6830 -0.7071 0.1829
vn -0.6830 -0.7071 -0.1831
vn -0.6830 -0.7071 -0.1831
vn -0.6830 -0.7071 -0.1831
vn -0.6830 -0.7071 -0.1831
vn -0.5000 -0.7071 -0.5001
vn -0.5000 -0.7071 -0.5001
vn 0.3949 0.6133 -0.6840
vn 0.1830 0.7071 -0.6830
vn -0.3949 0.6133 -0.6841
vn -0.1830 0.7071 -0.6830
vn -0.5000 0.7071 -0.5000
vn -0.5000 0.7071 -0.5000
vn -0.6830 0.7071 -0.1830
vn -0.6830 0.7071 -0.1830
vn -0.6830 0.7071 -0.1830
vn -0.6830 0.7071 -0.1830
vn -0.6830 0.7071 0.1830
vn -0.6830 0.7071 0.1830
vn -0.6830 0.7071 0.1830
vn -0.5000 0.7071 0.5000
vn -0.5000 0.7071 0.5000
vn -0.3950 0.6133 0.6840
vn -0.1830 0.7071 0.6830
vn 0.3949 0.6133 0.6840
vn 0.1830 0.7071 0.6830
vn 0.5000 0.7071 0.5001
vn 0.5000 0.7071 0.5001
vn 0.6830 0.7071 0.1830
vn 0.6830 0.7071 0.1830
vn 0.6830 0.7071 0.1830
vn 0.6830 0.7071 -0.1830
vn 0.6830 0.7071 -0.1830
vn 0.6830 0.7071 -0.1830
vn 0.6830 0.7071 -0.1830
vn 0.5000 0.7071 -0.5000
vn 0.5000 0.7071 -0.5000
vn 0.0000 -1.0000 -0.0000
vn 0.0000 -1.0000 -0.0000
vn 0.0000 -1.0000 -0.0000
vn 0.0000 -1.0000 -0.0000
vn 0.0000 -1.0000 -0.0000
vn 0.0000 -1.0000 -0.0000
vn 0.0000 -1.0000 -0.0000
vn 0.0000 -1.0000 -0.0000
vn 0.0000 -1.0000 -0.0000
vn 0.0000 -1.0000 -0.0000
vn -0.5000 0.0000 -0.8660
vn 0.5000 0.0000 -0.8660
vn -0.5000 0.0000 -0.8660
vn -0.8660 0.0000 -0.5000
vn 0.5000 0.0000 -0.8660
vn -0.8660 0.0000 -0.5000
vn 0.8660 0.0000 -0.5000
vn -0.9659 0.0000 -0.2588
vn 0.8660 0.0000 -0.5000
vn -0.9659 0.0000 -0.2588
vn 0.9659 0.0000 -0.2588
vn -0.8661 -0.0000 0.4999
vn 0.9659 0.0000 -0.2588
vn -0.8661 -0.0000 0.4999
vn 0.8660 -0.0000 0.5000
vn -0.5000 -0.0000 0.8660
vn 0.8660 -0.0000 0.5000
vn -0.5000 -0.0000 0.8660
vn 0.5000 -0.0000 0.8660
vn 0.5000 -0.0000 0.8660
vn 0.0000 1.0000 -0.0000
vn 0.0000 1.0000 -0.0000
vn 0.0000 1.0000 -0.0000
vn 0.0000 1.0000 -0.0000
vn 0.0000 1.0000 -0.0000
vn 0.0000 1.0000 -0.0000
vn 0.0000 1.0000 -0.0000
vn 0.0000 1.0000 -0.0000
vn 0.0000 1.0000 -0.0000
vn 0.0000 1.0000 -0.0000
vn 0.3949 -0.6133 -0.6840
vn -0.1830 -0.7071 -0.6831
vn 0.1830 -0.7071 -0.6830
vn -0.3949 -0.6133 -0.6841
vn 0.5000 -0.7071 -0.5000
vn 0.5000 -0.7071 -0.5000
vn 0.6830 -0.7071 -0.1830
vn 0.6830 -0.7071 -0.1830
vn 0.6830 -0.7071 -0.1830
vn 0.6830 -0.7071 -0.1830
vn 0.6830 -0.7071 0.1830
vn 0.6830 -0.7071 0.1830
vn 0.6830 -0.7071 0.1830
vn 0.5000 -0.7071 0.5000
vn 0.5000 -0.7071 0.5000
vn 0.3949 -0.6134 0.6840
vn 0.1830 -0.7071 0.6830
vn -0.3950 -0.6134 0.6840
vn -0.1830 -0.7072 0.6830
vn -0.5000 -0.7071 0.5000
vn -0.5000 -0.7071 0.5000
vn -0.6830 -0.7071 0.1829
vn -0.6830 -0.7071 0.1829
vn -0.6830 -0.7071 0.1829
vn -0.6830 -0.7071 -0.1831
vn -0.6830 -0.7071 -0.1831
vn -0.6830 -0.7071 -0.1831
vn -0.6830 -0.7071 -0.1831
vn -0.5000 -0.7071 -0.5001
vn -0.5000 -0.7071 -0.5001
vn 0.3949 0.6133 -0.6840
vn 0.1830 0.7071 -0.6830
vn -0.3949 0.6133 -0.6841
vn -0.1830 0.7071 -0.6830
vn -0.5000 0.7071 -0.5000
vn -0.5000 0.7071 -0.5000
vn -0.6830 0.7071 -0.1830
vn -0.6830 0.7071 -0.1830
vn -0.6830 0.7071 -0.1830
vn -0.6830 0.7071 -0.1830
vn -0.6830 0.7071 0.1830
vn -0.6830 0.7071 0.1830
vn -0.6830 0.7071 0.1830
vn -0.5000 0.7071 0.5000
vn -0.5000 0.7071 0.5000
vn -0.3950 0.6133 0.6840
vn -0.1830 0.7071 0.6830
vn 0.3949 0.6133 0.6840
vn 0.1830 0.7071 0.6830
vn 0.5000 0.7071 0.5001
vn 0.5000 0.7071 0.5001
vn 0.6830 0.7071 0.1830
vn 0.6830 0.7071 0.1830
vn 0.6830 0.7071 0.1830
vn 0.6830 0.7071 -0.1830
vn 0.6830 0.7071 -0.1830
vn 0.6830 0.7071 -0.1830
vn 0.6830 0.7071 -0.1830
vn 0.5000 0.7071 -0.5000
vn 0.5000 0.7071 -0.5000
vn 0.0000 -1.0000 -0.0000
vn 0.0000 -1.0000 -0.0000
vn 0.0000 -1.0000 -0.0000
vn 0.0000 -1.0000 -0.0000
vn 0.0000 -1.0000 -0.0000
vn 0.0000 -1.0000 -0.0000
vn 0.0000 -1.0000 -0.0000
vn 0.0000 -1.0000 -0.0000
vn 0.0000 -1.0000 -0.0000
vn 0.0000 -1.0000 -0.0000
vn -0.5000 0.0000 -0.8660
vn 0.5000 0.0000 -0.8660
vn -0.5000 0.0000 -0.8660
vn -0.8660 0.0000 -0.5000
vn 0.5000 0.0000 -0.8660
vn -0.8660 0.0000 -0.5000
vn 0.8660 0.0000 -0.5000
vn -0.9659 0.0000 -0.2588
vn 0.8660 0.0000 -0.5000
vn -0.9659 0.0000 -0.2588
vn 0.9659 0.0000 -0.2588
vn -0.8661 -0.0000 0.4999
vn 0.9659 0.0000 -0.2588
vn -0.8661 -0.0000 0.4999
vn 0.8660 -0.0000 0.5000
vn -0.5000 -0.0000 0.8660
vn 0.8660 -0.0000 0.5000
vn -0.5000 -0.0000 0.8660
vn 0.5000 -0.0000 0.8660
vn 0.5000 -0.0000 0.8660
vn 0.0000 1.0000 -0.0000
vn 0.0000 1.0000 -0.0000
vn 0.0000 1.0000 -0.0000
vn 0.0000 1.0000 -0.0000
vn 0.0000 1.0000 -0.0000
vn 0.0000 1.0000 -0.0000
vn 0.0000 1.0000 -0.0000
vn 0.0000 1.0000 -0.0000
vn 0.0000 1.0000 -0.0000
vn 0.0000 1.0000 -0.0000
vn 0.3949 -0.6133 -0.6840
vn -0.1830 -0.7071 -0.6831
vn 0.1830 -0.7071 -0.6830
vn -0.3949 -0.6133 -0.6841
vn 0.5000 -0.7071 -0.5000
vn 0.5000 -0.7071 -0.5000
vn 0.6830 -0.7071 -0.1830
vn 0.6830 -0.7071 -0.1830
vn 0.6830 -0.7071 -0.1830
vn 0.6830 -0.7071 -0.1830
vn 0.6830 -0.7071 0.1830
vn 0.6830 -0.7071 0.1830
vn 0.6830 -0.7071 0.1830
vn 0.5000 -0.7071 0.5000
vn 0.5000 -0.7071 0.5000
vn 0.3949 -0.6134 0.6840
vn 0.1830 -0.7071 0.6830
vn -0.3950 -0.6134 0.6840
vn -0.1830 -0.7072 0.6830
vn -0.5000 -0.7071 0.5000
vn -0.5000 -0.7071 0.5000
vn -0.6830 -0.7071 0.1829
vn -0.6830 -0.7071 0.1829
vn -0.6830 -0.7071 0.1829
vn -0.6830 -0.7071 -0.1831
vn -0.6830 -0.7071 -0.1831
vn -0.6830 -0.7071 -0.1831
vn -0.6830 -0.7071 -0.1831
vn -0.5000 -0.7071 -0.5001
vn -0.5000 -0.7071 -0.5001
vn 0.3949 0.6133 -0.6840
vn 0.1830 0.7071 -0.6830
vn -0.3949 0.6133 -0.6841
vn -0.1830 0.7071 -0.6830
vn -0.5000 0.7071 -0.5000
vn -0.5000 0.7071 -0.5000
vn -0.6830 0.7071 -0.1830
vn -0.6830 0.7071 -0.1830
vn -0.6830 0.7071 -0.1830
vn -0.6830 0.7071 -0.1830
vn -0.6830 0.7071 0.1830
vn -0.6830 0.7071 0.1830
vn -0.6830 0.7071 0.1830
vn -0.5000 0.7071 0.5000
vn -0.5000 0.7071 0.5000
vn -0.3950 0.6133 0.6840
vn -0.1830 0.7071 0.6830
vn 0.3949 0.6133 0.6840
vn 0.1830 0.7071 0.6830
vn 0.5000 0.7071 0.5001
vn 0.5000 0.7071 0.5001
vn 0.6830 0.7071 0.1830
vn 0.6830 0.7071 0.1830
vn 0.6830 0.7071 0.1830
vn 0.6830 0.7071 -0.1830
vn 0.6830 0.7071 -0.1830
vn 0.6830 0.7071 -0.1830
vn 0.6830 0.7071 -0.1830
vn 0.5000 0.7071 -0.5000
vn 0.5000 0.7071 -0.5000
vn 0.0000 -1.0000 -0.0000
vn 0.0000 -1.0000 -0.0000
vn 0.0000 -1.0000 -0.0000
vn 0.0000 -1.0000 -0.0000
vn 0.0000 -1.0000 -0.0000
vn 0.0000 -1.0000 -0.0000
vn 0.0000 -1.0000 -0.0000
vn 0.0000 -1.0000 -0.0000
vn 0.0000 -1.0000 -0.0000
vn 0.0000 -1.0000 -0.0000
vn -0.0000 -0.0000 1.0000
vn -0.0000 -0.0000 1.0000
vn -0.0000 -0.0000 1.0000
vn -0.0000 -0.0000 1.0000
vn 1.0000 0.0000 -0.0000
vn 1.0000 0.0000 -0.0000
vn 1.0000 0.0000 -0.0000
vn 1.0000 0.0000 -0.0000
vn 0.0000 1.0000 -0.0000
vn 0.0000 1.0000 -0.0000
vn 0.0000 1.0000 -0.0000
vn 0.0000 1.0000 -0.0000
vn -1.0000 0.0000 -0.0000
vn -1.0000 0.0000 -0.0000
vn -1.0000 0.0000 -0.0000
vn -1.0000 0.0000 -0.0000
vn 0.0000 0.0000 -1.0000
vn 0.0000 0.0000 -1.0000
vn 0.0000 0.0000 -1.0000
vn 0.0000 0.0000 -1.0000
vn -0.5774 -0.5774 0.5772
vn -0.5774 -0.5774 0.5772
vn -0.5774 -0.5774 0.5772
vn -0.5774 0.5774 0.5773
vn -0.5774 0.5774 0.5773
vn -0.5774 0.5774 0.5773
vn -0.5774 -0.5773 -0.5774
vn -0.5774 -0.5773 -0.5774
vn -0.5774 -0.5773 -0.5774
vn -0.5774 0.5773 -0.5774
vn -0.5774 0.5773 -0.5774
vn -0.5774 0.5773 -0.5774
vn 0.5774 -0.5774 0.5773
vn 0.5774 -0.5774 0.5773
vn 0.5774 -0.5774 0.5773
vn 0.5774 0.5774 0.5774
vn 0.5774 0.5774 0.5774
vn 0.5774 0.5774 0.5774
vn 0.5774 -0.5773 -0.5774
vn 0.5774 -0.5773 -0.5774
vn 0.5774 -0.5773 -0.5774
vn 0.5774 0.5773 -0.5773
vn 0.5774 0.5773 -0.5773
vn 0.5774 0.5773 -0.5773
vn -0.7071 -0.7071 -0.0001
vn -0.7071 -0.7071 -0.0001
vn -0.7071 -0.7071 -0.0001
vn -0.7071 -0.7071 -0.0001
vn -0.7071 -0.0000 0.7071
vn -0.7071 -0.0000 0.7071
vn -0.7071 -0.0000 0.7071
vn -0.7071 -0.0000 0.7071
vn -0.7071 0.7071 -0.0000
vn -0.7071 0.7071 -0.0000
vn -0.7071 0.7071 -0.0000
vn -0.7071 0.7071 -0.0000
vn -0.7071 0.0000 -0.7071
vn -0.7071 0.0000 -0.7071
vn -0.7071 0.0000 -0.7071
vn -0.7071 0.0000 -0.7071
vn 0.0000 -0.7071 -0.7071
vn 0.0000 -0.7071 -0.7071
vn 0.0000 -0.7071 -0.7071
vn 0.0000 -0.7071 -0.7071
vn 0.0000 0.7071 -0.7071
vn 0.0000 0.7071 -0.7071
vn 0.0000 0.7071 -0.7071
vn 0.0000 0.7071 -0.7071
vn 0.7071 0.0000 -0.7071
vn 0.7071 0.0000 -0.7071
vn 0.7071 0.0000 -0.7071
vn 0.7071 0.0000 -0.7071
vn 0.7071 -0.7071 -0.0000
vn 0.7071 -0.7071 -0.0000
vn 0.7071 -0.7071 -0.0000
vn 0.7071 -0.7071 -0.0000
vn 0.7071 0.7071 0.0000
vn 0.7071 0.7071 0.0000
vn 0.7071 0.7071 0.0000
vn 0.7071 0.7071 0.0000
vn 0.7071 -0.0000 0.7071
vn 0.7071 -0.0000 0.7071
vn 0.7071 -0.0000 0.7071
vn 0.7071 -0.0000 0.7071
vn -0.0000 -0.7071 0.7071
vn -0.0000 -0.7071 0.7071
vn -0.0000 -0.7071 0.7071
vn -0.0000 -0.7071 0.7071
vn -0.0000 0.7071 0.7071
vn -0.0000 0.7071 0.7071
vn -0.0000 0.7071 0.7071
vn -0.0000 0.7071 0.7071
vn 0.0000 -1.0000 -0.0000
vn 0.0000 -1.0000 -0.0000
vn 0.0000 -1.0000 -0.0000
vn 0.0000 -1.0000 -0.0000
vn 0.6472 -0.0000 0.7623
vn 0.6472 -0.0000 0.7623
vn 0.6472 -0.0000 0.7623
vn 0.6472 -0.0000 0.7623
vn -0.7624 -0.0000 0.6472
vn -0.7624 -0.0000 0.6472
vn -0.7624 -0.0000 0.6472
vn -0.7624 -0.0000 0.6472
vn -0.6472 0.0000 -0.7623
vn -0.6472 0.0000 -0.7623
vn -0.6472 0.0000 -0.7623
vn -0.6472 0.0000 -0.7623
vn 0.7623 0.0000 -0.6472
vn 0.7623 0.0000 -0.6472
vn 0.7623 0.0000 -0.6472
vn 0.7623 0.0000 -0.6472
vn 0.0000 -1.0000 -0.0000
vn 0.0000 -1.0000 -0.0000
vn 0.0000 -1.0000 -0.0000
vn 0.0000 -1.0000 -0.0000
vn 0.0000 1.0000 -0.0000
vn 0.0000 1.0000 -0.0000
vn 0.0000 1.0000 -0.0000
vn 0.0000 1.0000 -0.0000
vn 0.6472 -0.0000 0.7623
vn 0.6472 -0.0000 0.7623
vn 0.6472 -0.0000 0.7623
vn 0.6472 -0.0000 0.7623
vn -0.7624 -0.0000 0.6472
vn -0.7624 -0.0000 0.6472
vn -0.7624 -0.0000 0.6472
vn -0.7624 -0.0000 0.6472
vn -0.6472 0.0000 -0.7623
vn -0.6472 0.0000 -0.7623
vn -0.6472 0.0000 -0.7623
vn -0.6472 0.0000 -0.7623
vn 0.7623 0.0000 -0.6472
vn 0.7623 0.0000 -0.6472
vn 0.7623 0.0000 -0.6472
vn 0.7623 0.0000 -0.6472
vn 0.0000 -1.0000 -0.0000
vn 0.0000 -1.0000 -0.0000
vn 0.0000 -1.0000 -0.0000
vn 0.0000 -1.0000 -0.0000
vn 0.0000 1.0000 -0.0000
vn 0.0000 1.0000 -0.0000
vn 0.0000 1.0000 -0.0000
vn 0.0000 1.0000 -0.0000
vn 0.6472 -0.0000 0.7623
vn 0.6472 -0.0000 0.7623
vn 0.6472 -0.0000 0.7623
vn 0.6472 -0.0000 0.7623
vn -0.7624 -0.0000 0.6472
vn -0.7624 -0.0000 0.6472
vn -0.7624 -0.0000 0.6472
vn -0.7624 -0.0000 0.6472
vn -0.6472 0.0000 -0.7623
vn -0.6472 0.0000 -0.7623
vn -0.6472 0.0000 -0.7623
vn -0.6472 0.0000 -0.7623
vn 0.7623 0.0000 -0.6472
vn 0.7623 0.0000 -0.6472
vn 0.7623 0.0000 -0.6472
vn 0.7623 0.0000 -0.6472
vn 0.0000 -1.0000 -0.0000
vn 0.0000 -1.0000 -0.0000
vn 0.0000 -1.0000 -0.0000
vn 0.0000 -1.0000 -0.0000
vn 0.0000 1.0000 -0.0000
vn 0.0000 1.0000 -0.0000
vn 0.0000 1.0000 -0.0000
vn 0.0000 1.0000 -0.0000
vn 0.6472 -0.0000 0.7623
vn 0.6472 -0.0000 0.7623
vn 0.6472 -0.0000 0.7623
vn 0.6472 -0.0000 0.7623
vn -0.7624 -0.0000 0.6472
vn -0.7624 -0.0000 0.6472
vn -0.7624 -0.0000 0.6472
vn -0.7624 -0.0000 0.6472
vn -0.6472 0.0000 -0.7623
vn -0.6472 0.0000 -0.7623
vn -0.6472 0.0000 -0.7623
vn -0.6472 0.0000 -0.7623
vn 0.7623 0.0000 -0.6472
vn 0.7623 0.0000 -0.6472
vn 0.7623 0.0000 -0.6472
vn 0.7623 0.0000 -0.6472
vn 0.0000 -1.0000 -0.0000
vn 0.0000 -1.0000 -0.0000
vn 0.0000 -1.0000 -0.0000
vn 0.0000 -1.0000 -0.0000
vn 0.0000 1.0000 -0.0000
vn 0.0000 1.0000 -0.0000
vn 0.0000 1.0000 -0.0000
vn 0.0000 1.0000 -0.0000
vn 0.6472 -0.0000 0.7623
vn 0.6472 -0.0000 0.7623
vn 0.6472 -0.0000 0.7623
vn 0.6472 -0.0000 0.7623
vn -0.7624 -0.0000 0.6472
vn -0.7624 -0.0000 0.6472
vn -0.7624 -0.0000 0.6472
vn -0.7624 -0.0000 0.6472
vn -0.6472 0.0000 -0.7623
vn -0.6472 0.0000 -0.7623
vn -0.6472 0.0000 -0.7623
vn -0.6472 0.0000 -0.7623
vn 0.7623 0.0000 -0.6472
vn 0.7623 0.0000 -0.6472
vn 0.7623 0.0000 -0.6472
vn 0.7623 0.0000 -0.6472
vn 0.0000 -1.0000 -0.0000
vn 0.0000 -1.0000 -0.0000
vn 0.0000 -1.0000 -0.0000
vn 0.0000 -1.0000 -0.0000
vn 0.0000 1.0000 -0.0000
vn 0.0000 1.0000 -0.0000
vn 0.0000 1.0000 -0.0000
vn 0.0000 1.0000 -0.0000
vn 0.6472 -0.0000 0.7623
vn 0.6472 -0.0000 0.7623
vn 0.6472 -0.0000 0.7623
vn 0.6472 -0.0000 0.7623
vn -0.7624 -0.0000 0.6472
vn -0.7624 -0.0000 0.6472
vn -0.7624 -0.0000 0.6472
vn -0.7624 -0.0000 0.6472
vn -0.6472 0.0000 -0.7623
vn -0.6472 0.0000 -0.7623
vn -0.6472 0.0000 -0.7623
vn -0.6472 0.0000 -0.7623
vn 0.7623 0.0000 -0.6472
vn 0.7623 0.0000 -0.6472
vn 0.7623 0.0000 -0.6472
vn 0.7623 0.0000 -0.6472
vn 0.0000 -1.0000 -0.0000
vn 0.0000 -1.0000 -0.0000
vn 0.0000 -1.0000 -0.0000
vn 0.0000 -1.0000 -0.0000
vn 0.0000 1.0000 -0.0000
vn 0.0000 1.0000 -0.0000
vn 0.0000 1.0000 -0.0000
vn 0.0000 1.0000 -0.0000
vn 1.0000 0.0000 -0.0000
vn 1.0000 0.0000 -0.0000
vn 1.0000 0.0000 -0.0000
vn 1.0000 0.0000 -0.0000
vn -0.0000 -0.0000 1.0000
vn -0.0000 -0.0000 1.0000
vn -0.0000 -0.0000 1.0000
vn -0.0000 -0.0000 1.0000
vn -1.0000 0.0000 -0.0000
vn -1.0000 0.0000 -0.0000
vn -1.0000 0.0000 -0.0000
vn -1.0000 0.0000 -0.0000
vn 0.0000 0.0000 -1.0000
vn 0.0000 0.0000 -1.0000
vn 0.0000 0.0000 -1.0000
vn 0.0000 0.0000 -1.0000
vn 0.0000 -1.0000 -0.0000
vn 0.0000 -1.0000 -0.0000
vn 0.0000 -1.0000 -0.0000
vn 0.0000 -1.0000 -0.0000
vn 0.0000 1.0000 -0.0000
vn 0.0000 1.0000 -0.0000
vn 0.0000 1.0000 -0.0000
vn 0.0000 1.0000 -0.0000
vn 1.0000 0.0000 -0.0000
vn 1.0000 0.0000 -0.0000
vn 1.0000 0.0000 -0.0000
vn 1.0000 0.0000 -0.0000
vn -0.0000 -0.0000 1.0000
vn -0.0000 -0.0000 1.0000
vn -0.0000 -0.0000 1.0000
vn -0.0000 -0.0000 1.0000
vn -1.0000 0.0000 -0.0000
vn -1.0000 0.0000 -0.0000
vn -1.0000 0.0000 -0.0000
vn -1.0000 0.0000 -0.0000
vn 0.0000 0.0000 -1.0000
vn 0.0000 0.0000 -1.0000
vn 0.0000 0.0000 -1.0000
vn 0.0000 0.0000 -1.0000
vn 0.0000 -1.0000 -0.0000
vn 0.0000 -1.0000 -0.0000
vn 0.0000 -1.0000 -0.0000
vn 0.0000 -1.0000 -0.0000
vn 0.0000 1.0000 -0.0000
vn 0.0000 1.0000 -0.0000
vn 0.0000 1.0000 -0.0000
vn 0.0000 1.0000 -0.0000
vn 1.0000 0.0000 -0.0000
vn 1.0000 0.0000 -0.0000
vn 1.0000 0.0000 -0.0000
vn 1.0000 0.0000 -0.0000
vn -0.0000 -0.0000 1.0000
vn -0.0000 -0.0000 1.0000
vn -0.0000 -0.0000 1.0000
vn -0.0000 -0.0000 1.0000
vn -1.0000 0.0000 -0.0000
vn -1.0000 0.0000 -0.0000
vn -1.0000 0.0000 -0.0000
vn -1.0000 0.0000 -0.0000
vn 0.0000 0.0000 -1.0000
vn 0.0000 0.0000 -1.0000
vn 0.0000 0.0000 -1.0000
vn 0.0000 0.0000 -1.0000
vn 0.0000 -1.0000 -0.0000
vn 0.0000 -1.0000 -0.0000
vn 0.0000 -1.0000 -0.0000
vn 0.0000 -1.0000 -0.0000
vn 0.0000 1.0000 -0.0000
vn 0.0000 1.0000 -0.0000
vn 0.0000 1.0000 -0.0000
vn 0.0000 1.0000 -0.0000
vn 1.0000 0.0000 -0.0000
vn 1.0000 0.0000 -0.0000
vn 1.0000 0.0000 -0.0000
vn 1.0000 0.0000 -0.0000
vn -0.0000 -0.0000 1.0000
vn -0.0000 -0.0000 1.0000
vn -0.0000 -0.0000 1.0000
vn -0.0000 -0.0000 1.0000
vn -1.0000 0.0000 -0.0000
vn -1.0000 0.0000 -0.0000
vn -1.0000 0.0000 -0.0000
vn -1.0000 0.0000 -0.0000
vn 0.0000 0.0000 -1.0000
vn 0.0000 0.0000 -1.0000
vn 0.0000 0.0000 -1.0000
vn 0.0000 0.0000 -1.0000
vn 0.0000 -1.0000 -0.0000
vn 0.0000 -1.0000 -0.0000
vn 0.0000 -1.0000 -0.0000
vn 0.0000 -1.0000 -0.0000
vn 0.0000 1.0000 -0.0000
vn 0.0000 1.0000 -0.0000
vn 0.0000 1.0000 -0.0000
vn 0.0000 1.0000 -0.0000
vn 1.0000 0.0000 -0.0000
vn 1.0000 0.0000 -0.0000
vn 1.0000 0.0000 -0.0000
vn 1.0000 0.0000 -0.0000
vn -0.0000 -0.0000 1.0000
vn -0.0000 -0.0000 1.0000
vn -0.0000 -0.0000 1.0000
vn -0.0000 -0.0000 1.0000
vn -1.0000 0.0000 -0.0000
vn -1.0000 0.0000 -0.0000
vn -1.0000 0.0000 -0.0000
vn -1.0000 0.0000 -0.0000
vn 0.0000 0.0000 -1.0000
vn 0.0000 0.0000 -1.0000
vn 0.0000 0.0000 -1.0000
vn 0.0000 0.0000 -1.0000
vn 0.0000 -1.0000 -0.0000
vn 0.0000 -1.0000 -0.0000
vn 0.0000 -1.0000 -0.0000
vn 0.0000 -1.0000 -0.0000
vn 0.0000 1.0000 -0.0000
vn 0.0000 1.0000 -0.0000
vn 0.0000 1.0000 -0.0000
vn 0.0000 1.0000 -0.0000
vn 1.0000 0.0000 -0.0000
vn 1.0000 0.0000 -0.0000
vn 1.0000 0.0000 -0.0000
vn 1.0000 0.0000 -0.0000
vn -0.0000 -0.0000 1.0000
vn -0.0000 -0.0000 1.0000
vn -0.0000 -0.0000 1.0000
vn -0.0000 -0.0000 1.0000
vn -1.0000 0.0000 -0.0000
vn -1.0000 0.0000 -0.0000
vn -1.0000 0.0000 -0.0000
vn -1.0000 0.0000 -0.0000
vn 0.0000 0.0000 -1.0000
vn 0.0000 0.0000 -1.0000
vn 0.0000 0.0000 -1.0000
vn 0.0000 0.0000 -1.0000
vn 0.0000 -1.0000 -0.0000
vn 0.0000 -1.0000 -0.0000
vn 0.0000 -1.0000 -0.0000
vn 0.0000 -1.0000 -0.0000
vn 0.0000 1.0000 -0.0000
vn 0.0000 1.0000 -0.0000
vn 0.0000 1.0000 -0.0000
vn 0.0000 1.0000 -0.0000
vn 1.0000 0.0000 -0.0000
vn 1.0000 0.0000 -0.0000
vn 1.0000 0.0000 -0.0000
vn 1.0000 0.0000 -0.0000
vn -0.0000 -0.0000 1.0000
vn -0.0000 -0.0000 1.0000
vn -0.0000 -0.0000 1.0000
vn -0.0000 -0.0000 1.0000
vn -1.0000 0.0000 -0.0000
vn -1.0000 0.0000 -0.0000
vn -1.0000 0.0000 -0.0000
vn -1.0000 0.0000 -0.0000
vn 0.0000 0.0000 -1.0000
vn 0.0000 0.0000 -1.0000
vn 0.0000 0.0000 -1.0000
vn 0.0000 0.0000 -1.0000
vn 0.0000 -1.0000 -0.0000
vn 0.0000 -1.0000 -0.0000
vn 0.0000 -1.0000 -0.0000
vn 0.0000 -1.0000 -0.0000
vn 0.0000 1.0000 -0.0000
vn 0.0000 1.0000 -0.0000
vn 0.0000 1.0000 -0.0000
vn 0.0000 1.0000 -0.0000
vn 1.0000 0.0000 -0.0000
vn 1.0000 0.0000 -0.0000
vn 1.0000 0.0000 -0.0000
vn 1.0000 0.0000 -0.0000
vn -0.0000 -0.0000 1.0000
vn -0.0000 -0.0000 1.0000
vn -0.0000 -0.0000 1.0000
vn -0.0000 -0.0000 1.0000
vn -1.0000 0.0000 -0.0000
vn -1.0000 0.0000 -0.0000
vn -1.0000 0.0000 -0.0000
vn -1.0000 0.0000 -0.0000
vn 0.0000 0.0000 -1.0000
vn 0.0000 0.0000 -1.0000
vn 0.0000 0.0000 -1.0000
vn 0.0000 0.0000 -1.0000
vn 0.0000 -1.0000 -0.0000
vn 0.0000 -1.0000 -0.0000
vn 0.0000 -1.0000 -0.0000
vn 0.0000 -1.0000 -0.0000
vn 0.0000 1.0000 -0.0000
vn 0.0000 1.0000 -0.0000
vn 0.0000 1.0000 -0.0000
vn 0.0000 1.0000 -0.0000
vn 0.6472 0.0000 -0.7623
vn 0.6472 0.0000 -0.7623
vn 0.6472 0.0000 -0.7623
vn 0.6472 0.0000 -0.7623
vn 0.7623 -0.0000 0.6472
vn 0.7623 -0.0000 0.6472
vn 0.7623 -0.0000 0.6472
vn 0.7623 -0.0000 0.6472
vn -0.6473 -0.0000 0.7623
vn -0.6473 -0.0000 0.7623
vn -0.6473 -0.0000 0.7623
vn -0.6473 -0.0000 0.7623
vn -0.7623 0.0000 -0.6472
vn -0.7623 0.0000 -0.6472
vn -0.7623 0.0000 -0.6472
vn -0.7623 0.0000 -0.6472
vn 0.0000 -1.0000 -0.0000
vn 0.0000 -1.0000 -0.0000
vn 0.0000 -1.0000 -0.0000
vn 0.0000 -1.0000 -0.0000
vn 0.0000 1.0000 -0.0000
vn 0.0000 1.0000 -0.0000
vn 0.0000 1.0000 -0.0000
vn 0.0000 1.0000 -0.0000
vn 0.6472 0.0000 -0.7623
vn 0.6472 0.0000 -0.7623
vn 0.6472 0.0000 -0.7623
vn 0.6472 0.0000 -0.7623
vn 0.7623 -0.0000 0.6472
vn 0.7623 -0.0000 0.6472
vn 0.7623 -0.0000 0.6472
vn 0.7623 -0.0000 0.6472
vn -0.6473 -0.0000 0.7623
vn -0.6473 -0.0000 0.7623
vn -0.6473 -0.0000 0.7623
vn -0.6473 -0.0000 0.7623
vn -0.7623 0.0000 -0.6472
vn -0.7623 0.0000 -0.6472
vn -0.7623 0.0000 -0.6472
vn -0.7623 0.0000 -0.6472
vn 0.0000 -1.0000 -0.0000
vn 0.0000 -1.0000 -0.0000
vn 0.0000 -1.0000 -0.0000
vn 0.0000 -1.0000 -0.0000
vn 0.0000 1.0000 -0.0000
vn 0.0000 1.0000 -0.0000
vn 0.0000 1.0000 -0.0000
vn 0.0000 1.0000 -0.0000
vn 0.6472 0.0000 -0.7623
vn 0.6472 0.0000 -0.7623
vn 0.6472 0.0000 -0.7623
vn 0.6472 0.0000 -0.7623
vn 0.7623 -0.0000 0.6472
vn 0.7623 -0.0000 0.6472
vn 0.7623 -0.0000 0.6472
vn 0.7623 -0.0000 0.6472
vn -0.6473 -0.0000 0.7623
vn -0.6473 -0.0000 0.7623
vn -0.6473 -0.0000 0.7623
vn -0.6473 -0.0000 0.7623
vn -0.7623 0.0000 -0.6472
vn -0.7623 0.0000 -0.6472
vn -0.7623 0.0000 -0.6472
vn -0.7623 0.0000 -0.6472
vn 0.0000 -1.0000 -0.0000
vn 0.0000 -1.0000 -0.0000
vn 0.0000 -1.0000 -0.0000
vn 0.0000 -1.0000 -0.0000
vn 0.0000 1.0000 -0.0000
vn 0.0000 1.0000 -0.0000
vn 0.0000 1.0000 -0.0000
vn 0.0000 1.0000 -0.0000
vn 0.6472 0.0000 -0.7623
vn 0.6472 0.0000 -0.7623
vn 0.6472 0.0000 -0.7623
vn 0.6472 0.0000 -0.7623
vn 0.7623 -0.0000 0.6472
vn 0.7623 -0.0000 0.6472
vn 0.7623 -0.0000 0.6472
vn 0.7623 -0.0000 0.6472
vn -0.6473 -0.0000 0.7623
vn -0.6473 -0.0000 0.7623
vn -0.6473 -0.0000 0.7623
vn -0.6473 -0.0000 0.7623
vn -0.7623 0.0000 -0.6472
vn -0.7623 0.0000 -0.6472
vn -0.7623 0.0000 -0.6472
vn -0.7623 0.0000 -0.6472
vn 0.0000 -1.0000 -0.0000
vn 0.0000 -1.0000 -0.0000
vn 0.0000 -1.0000 -0.0000
vn 0.0000 -1.0000 -0.0000
vn 0.0000 1.0000 -0.0000
vn 0.0000 1.0000 -0.0000
vn 0.0000 1.0000 -0.0000
vn 0.0000 1.0000 -0.0000
vn 0.6472 0.0000 -0.7623
vn 0.6472 0.0000 -0.7623
vn 0.6472 0.0000 -0.7623
vn 0.6472 0.0000 -0.7623
vn 0.7623 -0.0000 0.6472
vn 0.7623 -0.0000 0.6472
vn 0.7623 -0.0000 0.6472
vn 0.7623 -0.0000 0.6472
vn -0.6473 -0.0000 0.7623
vn -0.6473 -0.0000 0.7623
vn -0.6473 -0.0000 0.7623
vn -0.6473 -0.0000 0.7623
vn -0.7623 0.0000 -0.6472
vn -0.7623 0.0000 -0.6472
vn -0.7623 0.0000 -0.6472
vn -0.7623 0.0000 -0.6472
vn 0.0000 -1.0000 -0.0000
vn 0.0000 -1.0000 -0.0000
vn 0.0000 -1.0000 -0.0000
vn 0.0000 -1.0000 -0.0000
vn 0.0000 1.0000 -0.0000
vn 0.0000 1.0000 -0.0000
vn 0.0000 1.0000 -0.0000
vn 0.0000 1.0000 -0.0000
vn 0.6472 0.0000 -0.7623
vn 0.6472 0.0000 -0.7623
vn 0.6472 0.0000 -0.7623
vn 0.6472 0.0000 -0.7623
vn 0.7623 -0.0000 0.6472
vn 0.7623 -0.0000 0.6472
vn 0.7623 -0.0000 0.6472
vn 0.7623 -0.0000 0.6472
vn -0.6473 -0.0000 0.7623
vn -0.6473 -0.0000 0.7623
vn -0.6473 -0.0000 0.7623
vn -0.6473 -0.0000 0.7623
vn -0.7623 0.0000 -0.6472
vn -0.7623 0.0000 -0.6472
vn -0.7623 0.0000 -0.6472
vn -0.7623 0.0000 -0.6472
vn 0.0000 -1.0000 -0.0000
vn 0.0000 -1.0000 -0.0000
vn 0.0000 -1.0000 -0.0000
vn 0.0000 -1.0000 -0.0000
vn 0.0000 1.0000 -0.0000
vn 0.0000 1.0000 -0.0000
vn 0.0000 1.0000 -0.0000
vn 0.0000 1.0000 -0.0000
vn -0.6472 0.0000 -0.7623
vn -0.6472 0.0000 -0.7623
vn -0.6472 0.0000 -0.7623
vn -0.6472 0.0000 -0.7623
vn 0.7623 0.0000 -0.6472
vn 0.7623 0.0000 -0.6472
vn 0.7623 0.0000 -0.6472
vn 0.7623 0.0000 -0.6472
vn 0.6472 -0.0000 0.7623
vn 0.6472 -0.0000 0.7623
vn 0.6472 -0.0000 0.7623
vn 0.6472 -0.0000 0.7623
vn -0.7624 -0.0000 0.6472
vn -0.7624 -0.0000 0.6472
vn -0.7624 -0.0000 0.6472
vn -0.7624 -0.0000 0.6472
vn 0.0000 -1.0000 -0.0000
vn 0.0000 -1.0000 -0.0000
vn 0.0000 -1.0000 -0.0000
vn 0.0000 -1.0000 -0.0000
vn 0.0000 1.0000 -0.0000
vn 0.0000 1.0000 -0.0000
vn 0.0000 1.0000 -0.0000
vn 0.0000 1.0000 -0.0000
vn -0.6472 0.0000 -0.7623
vn -0.6472 0.0000 -0.7623
vn -0.6472 0.0000 -0.7623
vn -0.6472 0.0000 -0.7623
vn 0.7623 0.0000 -0.6472
vn 0.7623 0.0000 -0.6472
vn 0.7623 0.0000 -0.6472
vn 0.7623 0.0000 -0.6472
vn 0.6472 -0.0000 0.7623
vn 0.6472 -0.0000 0.7623
vn 0.6472 -0.0000 0.7623
vn 0.6472 -0.0000 0.7623
vn -0.7624 -0.0000 0.6472
vn -0.7624 -0.0000 0.6472
vn -0.7624 -0.0000 0.6472
vn -0.7624 -0.0000 0.6472
vn 0.0000 -1.0000 -0.0000
vn 0.0000 -1.0000 -0.0000
vn 0.0000 -1.0000 -0.0000
vn 0.0000 -1.0000 -0.0000
vn 0.0000 1.0000 -0.0000
vn 0.0000 1.0000 -0.0000
vn 0.0000 1.0000 -0.0000
vn 0.0000 1.0000 -0.0000
vn -0.6472 0.0000 -0.7623
vn -0.6472 0.0000 -0.7623
vn -0.6472 0.0000 -0.7623
vn -0.6472 0.0000 -0.7623
vn 0.7623 0.0000 -0.6472
vn 0.7623 0.0000 -0.6472
vn 0.7623 0.0000 -0.6472
vn 0.7623 0.0000 -0.6472
vn 0.6472 -0.0000 0.7623
vn 0.6472 -0.0000 0.7623
vn 0.6472 -0.0000 0.7623
vn 0.6472 -0.0000 0.7623
vn -0.7624 -0.0000 0.6472
vn -0.7624 -0.0000 0.6472
vn -0.7624 -0.0000 0.6472
vn -0.7624 -0.0000 0.6472
vn 0.0000 -1.0000 -0.0000
vn 0.0000 -1.0000 -0.0000
vn 0.0000 -1.0000 -0.0000
vn 0.0000 -1.0000 -0.0000
vn 0.0000 1.0000 -0.0000
vn 0.0000 1.0000 -0.0000
vn 0.0000 1.0000 -0.0000
vn 0.0000 1.0000 -0.0000
vn -0.6472 0.0000 -0.7623
vn -0.6472 0.0000 -0.7623
vn -0.6472 0.0000 -0.7623
vn -0.6472 0.0000 -0.7623
vn 0.7623 0.0000 -0.6472
vn 0.7623 0.0000 -0.6472
vn 0.7623 0.0000 -0.6472
vn 0.7623 0.0000 -0.6472
vn 0.6472 -0.0000 0.7623
vn 0.6472 -0.0000 0.7623
vn 0.6472 -0.0000 0.7623
vn 0.6472 -0.0000 0.7623
vn -0.7624 -0.0000 0.6472
vn -0.7624 -0.0000 0.6472
vn -0.7624 -0.0000 0.6472
vn -0.7624 -0.0000 0.6472
vn 0.0000 -1.0000 -0.0000
vn 0.0000 -1.0000 -0.0000
vn 0.0000 -1.0000 -0.0000
vn 0.0000 -1.0000 -0.0000
vn 0.0000 1.0000 -0.0000
vn 0.0000 1.0000 -0.0000
vn 0.0000 1.0000 -0.0000
vn 0.0000 1.0000 -0.0000
vn -0.6472 0.0000 -0.7623
vn -0.6472 0.0000 -0.7623
vn -0.6472 0.0000 -0.7623
vn -0.6472 0.0000 -0.7623
vn 0.7623 0.0000 -0.6472
vn 0.7623 0.0000 -0.6472
vn 0.7623 0.0000 -0.6472
vn 0.7623 0.0000 -0.6472
vn 0.6472 -0.0000 0.7623
vn 0.6472 -0.0000 0.7623
vn 0.6472 -0.0000 0.7623
vn 0.6472 -0.0000 0.7623
vn -0.7624 -0.0000 0.6472
vn -0.7624 -0.0000 0.6472
vn -0.7624 -0.0000 0.6472
vn -0.7624 -0.0000 0.6472
vn 0.0000 -1.0000 -0.0000
vn 0.0000 -1.0000 -0.0000
vn 0.0000 -1.0000 -0.0000
vn 0.0000 -1.0000 -0.0000
vn 0.0000 1.0000 -0.0000
vn 0.0000 1.0000 -0.0000
vn 0.0000 1.0000 -0.0000
vn 0.0000 1.0000 -0.0000
vn -0.6472 0.0000 -0.7623
vn -0.6472 0.0000 -0.7623
vn -0.6472 0.0000 -0.7623
vn -0.6472 0.0000 -0.7623
vn 0.7623 0.0000 -0.6472
vn 0.7623 0.0000 -0.6472
vn 0.7623 0.0000 -0.6472
vn 0.7623 0.0000 -0.6472
vn 0.6472 -0.0000 0.7623
vn 0.6472 -0.0000 0.7623
vn 0.6472 -0.0000 0.7623
vn 0.6472 -0.0000 0.7623
vn -0.7624 -0.0000 0.6472
vn -0.7624 -0.0000 0.6472
vn -0.7624 -0.0000 0.6472
vn -0.7624 -0.0000 0.6472
vn 0.0000 -1.0000 -0.0000
vn 0.0000 -1.0000 -0.0000
vn 0.0000 -1.0000 -0.0000
vn 0.0000 -1.0000 -0.0000
vn 0.0000 1.0000 -0.0000
vn 0.0000 1.0000 -0.0000
vn 0.0000 1.0000 -0.0000
vn 0.0000 1.0000 -0.0000
vn -1.0000 0.0000 -0.0000
vn -1.0000 0.0000 -0.0000
vn -1.0000 0.0000 -0.0000
vn -1.0000 0.0000 -0.0000
vn 0.0000 0.0000 -1.0000
vn 0.0000 0.0000 -1.0000
vn 0.0000 0.0000 -1.0000
vn 0.0000 0.0000 -1.0000
vn 1.0000 0.0000 -0.0000
vn 1.0000 0.0000 -0.0000
vn 1.0000 0.0000 -0.0000
vn 1.0000 0.0000 -0.0000
vn -0.0000 -0.0000 1.0000
vn -0.0000 -0.0000 1.0000
vn -0.0000 -0.0000 1.0000
vn -0.0000 -0.0000 1.0000
vn 0.0000 -1.0000 -0.0000
vn 0.0000 -1.0000 -0.0000
vn 0.0000 -1.0000 -0.0000
vn 0.0000 -1.0000 -0.0000
vn 0.0000 1.0000 -0.0000
vn 0.0000 1.0000 -0.0000
vn 0.0000 1.0000 -0.0000
vn 0.0000 1.0000 -0.0000
vn -1.0000 0.0000 -0.0000
vn -1.0000 0.0000 -0.0000
vn -1.0000 0.0000 -0.0000
vn -1.0000 0.0000 -0.0000
vn 0.0000 0.0000 -1.0000
vn 0.0000 0.0000 -1.0000
vn 0.0000 0.0000 -1.0000
vn 0.0000 0.0000 -1.0000
vn 1.0000 0.0000 -0.0000
vn 1.0000 0.0000 -0.0000
vn 1.0000 0.0000 -0.0000
vn 1.0000 0.0000 -0.0000
vn -0.0000 -0.0000 1.0000
vn -0.0000 -0.0000 1.0000
vn -0.0000 -0.0000 1.0000
vn -0.0000 -0.0000 1.0000
vn 0.0000 -1.0000 -0.0000
vn 0.0000 -1.0000 -0.0000
vn 0.0000 -1.0000 -0.0000
vn 0.0000 -1.0000 -0.0000
vn 0.0000 1.0000 -0.0000
vn 0.0000 1.0000 -0.0000
vn 0.0000 1.0000 -0.0000
vn 0.0000 1.0000 -0.0000
vn -1.0000 0.0000 -0.0000
vn -1.0000 0.0000 -0.0000
vn -1.0000 0.0000 -0.0000
vn -1.0000 0.0000 -0.0000
vn 0.0000 0.0000 -1.0000
vn 0.0000 0.0000 -1.0000
vn 0.0000 0.0000 -1.0000
vn 0.0000 0.0000 -1.0000
vn 1.0000 0.0000 -0.0000
vn 1.0000 0.0000 -0.0000
vn 1.0000 0.0000 -0.0000
vn 1.0000 0.0000 -0.0000
vn -0.0000 -0.0000 1.0000
vn -0.0000 -0.0000 1.0000
vn -0.0000 -0.0000 1.0000
vn -0.0000 -0.0000 1.0000
vn 0.0000 -1.0000 -0.0000
vn 0.0000 -1.0000 -0.0000
vn 0.0000 -1.0000 -0.0000
vn 0.0000 -1.0000 -0.0000
vn 0.0000 1.0000 -0.0000
vn 0.0000 1.0000 -0.0000
vn 0.0000 1.0000 -0.0000
vn 0.0000 1.0000 -0.0000
vn -1.0000 0.0000 -0.0000
vn -1.0000 0.0000 -0.0000
vn -1.0000 0.0000 -0.0000
vn -1.0000 0.0000 -0.0000
vn 0.0000 0.0000 -1.0000
vn 0.0000 0.0000 -1.0000
vn 0.0000 0.0000 -1.0000
vn 0.0000 0.0000 -1.0000
vn 1.0000 0.0000 -0.0000
vn 1.0000 0.0000 -0.0000
vn 1.0000 0.0000 -0.0000
vn 1.0000 0.0000 -0.0000
vn -0.0000 -0.0000 1.0000
vn -0.0000 -0.0000 1.0000
vn -0.0000 -0.0000 1.0000
vn -0.0000 -0.0000 1.0000
vn 0.0000 -1.0000 -0.0000
vn 0.0000 -1.0000 -0.0000
vn 0.0000 -1.0000 -0.0000
vn 0.0000 -1.0000 -0.0000
vn 0.0000 1.0000 -0.0000
vn 0.0000 1.0000 -0.0000
vn 0.0000 1.0000 -0.0000
vn 0.0000 1.0000 -0.0000
vn -1.0000 0.0000 -0.0000
vn -1.0000 0.0000 -0.0000
vn -1.0000 0.0000 -0.0000
vn -1.0000 0.0000 -0.0000
vn 0.0000 0.0000 -1.0000
vn 0.0000 0.0000 -1.0000
vn 0.0000 0.0000 -1.0000
vn 0.0000 0.0000 -1.0000
vn 1.0000 0.0000 -0.0000
vn 1.0000 0.0000 -0.0000
vn 1.0000 0.0000 -0.0000
vn 1.0000 0.0000 -0.0000
vn -0.0000 -0.0000 1.0000
vn -0.0000 -0.0000 1.0000
vn -0.0000 -0.0000 1.0000
vn -0.0000 -0.0000 1.0000
vn 0.0000 -1.0000 -0.0000
vn 0.0000 -1.0000 -0.0000
vn 0.0000 -1.0000 -0.0000
vn 0.0000 -1.0000 -0.0000
vn 0.0000 1.0000 -0.0000
vn 0.0000 1.0000 -0.0000
vn 0.0000 1.0000 -0.0000
vn 0.0000 1.0000 -0.0000
vn -1.0000 0.0000 -0.0000
vn -1.0000 0.0000 -0.0000
vn -1.0000 0.0000 -0.0000
vn -1.0000 0.0000 -0.0000
vn 0.0000 0.0000 -1.0000
vn 0.0000 0.0000 -1.0000
vn 0.0000 0.0000 -1.0000
vn 0.0000 0.0000 -1.0000
vn 1.0000 0.0000 -0.0000
vn 1.0000 0.0000 -0.0000
vn 1.0000 0.0000 -0.0000
vn 1.0000 0.0000 -0.0000
vn -0.0000 -0.0000 1.0000
vn -0.0000 -0.0000 1.0000
vn -0.0000 -0.0000 1.0000
vn -0.0000 -0.0000 1.0000
vn 0.0000 -1.0000 -0.0000
vn 0.0000 -1.0000 -0.0000
vn 0.0000 -1.0000 -0.0000
vn 0.0000 -1.0000 -0.0000
vn 0.0000 1.0000 -0.0000
vn 0.0000 1.0000 -0.0000
vn 0.0000 1.0000 -0.0000
vn 0.0000 1.0000 -0.0000
vn -0.6473 -0.0000 0.7623
vn -0.6473 -0.0000 0.7623
vn -0.6473 -0.0000 0.7623
vn -0.6473 -0.0000 0.7623
vn -0.7623 0.0000 -0.6472
vn -0.7623 0.0000 -0.6472
vn -0.7623 0.0000 -0.6472
vn -0.7623 0.0000 -0.6472
vn 0.6472 0.0000 -0.7623
vn 0.6472 0.0000 -0.7623
vn 0.6472 0.0000 -0.7623
vn 0.6472 0.0000 -0.7623
vn 0.7623 -0.0000 0.6472
vn 0.7623 -0.0000 0.6472
vn 0.7623 -0.0000 0.6472
vn 0.7623 -0.0000 0.6472
vn 0.0000 -1.0000 -0.0000
vn 0.0000 -1.0000 -0.0000
vn 0.0000 -1.0000 -0.0000
vn 0.0000 -1.0000 -0.0000
vn 0.0000 1.0000 -0.0000
vn 0.0000 1.0000 -0.0000
vn 0.0000 1.0000 -0.0000
vn 0.0000 1.0000 -0.0000
vn -0.6473 -0.0000 0.7623
vn -0.6473 -0.0000 0.7623
vn -0.6473 -0.0000 0.7623
vn -0.6473 -0.0000 0.7623
vn -0.7623 0.0000 -0.6472
vn -0.7623 0.0000 -0.6472
vn -0.7623 0.0000 -0.6472
vn -0.7623 0.0000 -0.6472
vn 0.6472 0.0000 -0.7623
vn 0.6472 0.0000 -0.7623
vn 0.6472 0.0000 -0.7623
vn 0.6472 0.0000 -0.7623
vn 0.7623 -0.0000 0.6472
vn 0.7623 -0.0000 0.6472
vn 0.7623 -0.0000 0.6472
vn 0.7623 -0.0000 0.6472
vn 0.0000 -1.0000 -0.0000
vn 0.0000 -1.0000 -0.0000
vn 0.0000 -1.0000 -0.0000
vn 0.0000 -1.0000 -0.0000
vn 0.0000 1.0000 -0.0000
vn 0.0000 1.0000 -0.0000
vn 0.0000 1.0000 -0.0000
vn 0.0000 1.0000 -0.0000
vn -0.6473 -0.0000 0.7623
vn -0.6473 -0.0000 0.7623
vn -0.6473 -0.0000 0.7623
vn -0.6473 -0.0000 0.7623
vn -0.7623 0.0000 -0.6472
vn -0.7623 0.0000 -0.6472
vn -0.7623 0.0000 -0.6472
vn -0.7623 0.0000 -0.6472
vn 0.6472 0.0000 -0.7623
vn 0.6472 0.0000 -0.7623
vn 0.6472 0.0000 -0.7623
vn 0.6472 0.0000 -0.7623
vn 0.7623 -0.0000 0.6472
vn 0.7623 -0.0000 0.6472
vn 0.7623 -0.0000 0.6472
vn 0.7623 -0.0000 0.6472
vn 0.0000 -1.0000 -0.0000
vn 0.0000 -1.0000 -0.0000
vn 0.0000 -1.0000 -0.0000
vn 0.0000 -1.0000 -0.0000
vn 0.0000 1.0000 -0.0000
vn 0.0000 1.0000 -0.0000
vn 0.0000 1.0000 -0.0000
vn 0.0000 1.0000 -0.0000
vn -0.6473 -0.0000 0.7623
vn -0.6473 -0.0000 0.7623
vn -0.6473 -0.0000 0.7623
vn -0.6473 -0.0000 0.7623
vn -0.7623 0.0000 -0.6472
vn -0.7623 0.0000 -0.6472
vn -0.7623 0.0000 -0.6472
vn -0.7623 0.0000 -0.6472
vn 0.6472 0.0000 -0.7623
vn 0.6472 0.0000 -0.7623
vn 0.6472 0.0000 -0.7623
vn 0.6472 0.0000 -0.7623
vn 0.7623 -0.0000 0.6472
vn 0.7623 -0.0000 0.6472
vn 0.7623 -0.0000 0.6472
vn 0.7623 -0.0000 0.6472
vn 0.0000 -1.0000 -0.0000
vn 0.0000 -1.0000 -0.0000
vn 0.0000 -1.0000 -0.0000
vn 0.0000 -1.0000 -0.0000
vn 0.0000 1.0000 -0.0000
vn 0.0000 1.0000 -0.0000
vn 0.0000 1.0000 -0.0000
vn 0.0000 1.0000 -0.0000
vn -0.6473 -0.0000 0.7623
vn -0.6473 -0.0000 0.7623
vn -0.6473 -0.0000 0.7623
vn -0.6473 -0.0000 0.7623
vn -0.7623 0.0000 -0.6472
vn -0.7623 0.0000 -0.6472
vn -0.7623 0.0000 -0.6472
vn -0.7623 0.0000 -0.6472
vn 0.6472 0.0000 -0.7623
vn 0.6472 0.0000 -0.7623
vn 0.6472 0.0000 -0.7623
vn 0.6472 0.0000 -0.7623
vn 0.7623 -0.0000 0.6472
vn 0.7623 -0.0000 0.6472
vn 0.7623 -0.0000 0.6472
vn 0.7623 -0.0000 0.6472
vn 0.0000 -1.0000 -0.0000
vn 0.0000 -1.0000 -0.0000
vn 0.0000 -1.0000 -0.0000
vn 0.0000 -1.0000 -0.0000
vn 0.0000 1.0000 -0.0000
vn 0.0000 1.0000 -0.0000
vn 0.0000 1.0000 -0.0000
vn 0.0000 1.0000 -0.0000
vn -0.6473 -0.0000 0.7623
vn -0.6473 -0.0000 0.7623
vn -0.6473 -0.0000 0.7623
vn -0.6473 -0.0000 0.7623
vn -0.7623 0.0000 -0.6472
vn -0.7623 0.0000 -0.6472
vn -0.7623 0.0000 -0.6472
vn -0.7623 0.0000 -0.6472
vn 0.6472 0.0000 -0.7623
vn 0.6472 0.0000 -0.7623
vn 0.6472 0.0000 -0.7623
vn 0.6472 0.0000 -0.7623
vn 0.7623 -0.0000 0.6472
vn 0.7623 -0.0000 0.6472
vn 0.7623 -0.0000 0.6472
vn 0.7623 -0.0000 0.6472
vn 0.0000 -1.0000 -0.0000
vn 0.0000 -1.0000 -0.0000
vn 0.0000 -1.0000 -0.0000
vn 0.0000 -1.0000 -0.0000
vn 0.0000 1.0000 -0.0000
vn 0.0000 1.0000 -0.0000
vn 0.0000 1.0000 -0.0000
vn 0.0000 1.0000 -0.0000
vn -0.6840 0.6133 -0.3950
vn -0.6840 0.6133 -0.3950
vn -0.6840 0.6133 -0.3950
vn 0.3949 -0.6134 0.6840
vn 0.3949 -0.6134 0.6840
vn -0.2588 0.0000 -0.9659
vn -0.2588 0.0000 -0.9659
vn -0.2588 0.0000 -0.9659
vn -0.2588 0.0000 -0.9659
vn -0.3949 -0.6133 -0.6841
vn -0.3949 -0.6133 -0.6841
vn 0.6840 0.6133 0.3950
vn 0.6840 0.6133 0.3950
vn 0.6840 0.6133 0.3950
vn 0.9659 0.0000 -0.2588
vn 0.9659 0.0000 -0.2588
vn -0.7899 0.6132 -0.0000
vn -0.7899 0.6132 -0.0000
vn -0.7899 0.6132 -0.0000
vn 0.6840 -0.6134 0.3949
vn 0.6840 -0.6134 0.3949
vn 0.6840 -0.6134 0.3949
vn 0.9659 -0.0000 0.2588
vn 0.9659 -0.0000 0.2588
vn 0.9659 -0.0000 0.2588
vn 0.9659 -0.0000 0.2588
vn -0.7899 -0.6133 -0.0001
vn -0.7899 -0.6133 -0.0001
vn -0.7899 -0.6133 -0.0001
vn 0.7899 0.6133 0.0000
vn 0.7899 0.6133 0.0000
vn 0.7899 0.6133 0.0000
vn 0.7071 -0.0000 0.7071
vn 0.7071 -0.0000 0.7071
vn 0.7071 -0.0000 0.7071
vn 0.7071 -0.0000 0.7071
vn -0.6840 0.6133 0.3949
vn -0.6840 0.6133 0.3949
vn -0.6840 0.6133 0.3949
vn 0.7899 -0.6133 -0.0000
vn 0.7899 -0.6133 -0.0000
vn 0.7899 -0.6133 -0.0000
vn 0.2588 -0.0000 0.9659
vn 0.2588 -0.0000 0.9659
vn 0.2588 -0.0000 0.9659
vn 0.2588 -0.0000 0.9659
vn -0.6840 -0.6133 0.3948
vn -0.6840 -0.6133 0.3948
vn -0.6840 -0.6133 0.3948
vn 0.6840 0.6133 -0.3949
vn 0.6840 0.6133 -0.3949
vn 0.6840 0.6133 -0.3949
vn -0.2588 -0.0000 0.9659
vn -0.2588 -0.0000 0.9659
vn -0.2588 -0.0000 0.9659
vn -0.2588 -0.0000 0.9659
vn -0.3950 0.6133 0.6840
vn -0.3950 0.6133 0.6840
vn 0.6840 -0.6133 -0.3950
vn 0.6840 -0.6133 -0.3950
vn 0.6840 -0.6133 -0.3950
vn -0.7071 -0.0000 0.7071
vn -0.7071 -0.0000 0.7071
vn -0.7071 -0.0000 0.7071
vn -0.7071 -0.0000 0.7071
vn -0.3950 -0.6134 0.6840
vn -0.3950 -0.6134 0.6840
vn 0.3949 0.6133 -0.6840
vn 0.3949 0.6133 -0.6840
vn -0.9659 -0.0000 0.2588
vn -0.9659 -0.0000 0.2588
vn -0.9659 -0.0000 0.2588
vn -0.9659 -0.0000 0.2588
vn -0.0000 0.6133 0.7899
vn -0.0000 0.6133 0.7899
vn -0.0000 0.6133 0.7899
vn 0.3949 -0.6133 -0.6840
vn 0.3949 -0.6133 -0.6840
vn -0.9659 0.0000 -0.2588
vn -0.9659 0.0000 -0.2588
vn -0.0000 -0.6133 0.7898
vn -0.0000 -0.6133 0.7898
vn -0.0000 -0.6133 0.7898
vn 0.0000 0.6133 -0.7899
vn 0.0000 0.6133 -0.7899
vn 0.0000 0.6133 -0.7899
vn -0.7071 0.0000 -0.7071
vn -0.7071 0.0000 -0.7071
vn -0.7071 0.0000 -0.7071
vn -0.7071 0.0000 -0.7071
vn 0.7071 0.0000 -0.7071
vn 0.7071 0.0000 -0.7071
vn 0.7071 0.0000 -0.7071
vn 0.7071 0.0000 -0.7071
vn 0.0000 -0.6133 -0.7899
vn 0.0000 -0.6133 -0.7899
vn 0.0000 -0.6133 -0.7899
vn -0.6840 -0.6133 -0.3950
vn -0.6840 -0.6133 -0.3950
vn -0.6840 -0.6133 -0.3950
vn 0.3949 0.6133 0.6840
vn 0.3949 0.6133 0.6840
vn 0.0000 1.0000 -0.0000
vn 0.0000 1.0000 -0.0000
vn 0.2588 0.0000 -0.9659
vn 0.2588 0.0000 -0.9659
vn 0.2588 0.0000 -0.9659
vn 0.2588 0.0000 -0.9659
vn -0.3949 0.6133 -0.6841
vn -0.3949 0.6133 -0.6841
vn 0.1830 -0.7071 -0.6830
vn 0.1830 -0.7071 -0.6830
vn 0.1830 -0.7071 -0.6830
vn 0.1830 0.7071 -0.6830
vn 0.1830 0.7071 -0.6830
vn 0.1830 0.7071 -0.6830
vn 0.0000 0.0000 -1.0000
vn 0.0000 0.0000 -1.0000
vn 0.0000 0.0000 -1.0000
vn 0.0000 0.0000 -1.0000
vn 0.5000 0.0000 -0.8660
vn 0.5000 0.0000 -0.8660
vn 0.5000 -0.7071 -0.5000
vn 0.5000 -0.7071 -0.5000
vn 0.5000 0.7071 -0.5000
vn 0.5000 0.7071 -0.5000
vn 0.8660 0.0000 -0.5000
vn 0.8660 0.0000 -0.5000
vn 1.0000 0.0000 -0.0000
vn 1.0000 0.0000 -0.0000
vn 1.0000 0.0000 -0.0000
vn 1.0000 0.0000 -0.0000
vn 0.6830 -0.7071 0.1830
vn 0.6830 0.7071 0.1830
vn 0.8660 -0.0000 0.5000
vn 0.8660 -0.0000 0.5000
vn 0.5000 -0.7071 0.5000
vn 0.5000 -0.7071 0.5000
vn 0.5000 0.7071 0.5001
vn 0.5000 0.7071 0.5001
vn 0.5000 -0.0000 0.8660
vn 0.5000 -0.0000 0.8660
vn 0.1830 -0.7071 0.6830
vn 0.1830 -0.7071 0.6830
vn 0.1830 -0.7071 0.6830
vn 0.1830 0.7071 0.6830
vn 0.1830 0.7071 0.6830
vn 0.1830 0.7071 0.6830
vn -0.0000 -0.0000 1.0000
vn -0.0000 -0.0000 1.0000
vn -0.0000 -0.0000 1.0000
vn -0.0000 -0.0000 1.0000
vn -0.1830 -0.7072 0.6830
vn -0.1830 -0.7072 0.6830
vn -0.1830 -0.7072 0.6830
vn -0.1830 0.7071 0.6830
vn -0.1830 0.7071 0.6830
vn -0.1830 0.7071 0.6830
vn -0.5000 -0.0000 0.8660
vn -0.5000 -0.0000 0.8660
vn -0.5000 -0.7071 0.5000
vn -0.5000 -0.7071 0.5000
vn -0.5000 0.7071 0.5000
vn -0.5000 0.7071 0.5000
vn -0.8661 -0.0000 0.4999
vn -0.8661 -0.0000 0.4999
vn -0.6830 -0.7071 0.1829
vn -0.6830 0.7071 0.1830
vn -1.0000 0.0000 -0.0000
vn -1.0000 0.0000 -0.0000
vn -1.0000 0.0000 -0.0000
vn -1.0000 0.0000 -0.0000
vn -0.8660 0.0000 -0.5000
vn -0.8660 0.0000 -0.5000
vn -0.5000 -0.7071 -0.5001
vn -0.5000 -0.7071 -0.5001
vn -0.5000 0.7071 -0.5000
vn -0.5000 0.7071 -0.5000
vn -0.5000 0.0000 -0.8660
vn -0.5000 0.0000 -0.8660
vn -0.1830 -0.7071 -0.6831
vn -0.1830 -0.7071 -0.6831
vn -0.1830 -0.7071 -0.6831
vn -0.1830 0.7071 -0.6830
vn -0.1830 0.7071 -0.6830
vn -0.1830 0.7071 -0.6830
vn 0.0000 -1.0000 -0.0000
vn 0.0000 -1.0000 -0.0000
vn 0.2588 0.0000 -0.9659
vn 0.2588 0.0000 -0.9659
vn 0.2588 0.0000 -0.9659
vn 0.2588 0.0000 -0.9659
vn 0.7071 0.0000 -0.7071
vn 0.7071 0.0000 -0.7071
vn 0.7071 0.0000 -0.7071
vn 0.7071 0.0000 -0.7071
vn 0.9659 0.0000 -0.2588
vn 0.9659 0.0000 -0.2588
vn 0.9659 0.0000 -0.2588
vn 0.9659 0.0000 -0.2588
vn 0.9659 -0.0000 0.2588
vn 0.9659 -0.0000 0.2588
vn 0.9659 -0.0000 0.2588
vn 0.9659 -0.0000 0.2588
vn 0.7071 -0.0000 0.7071
vn 0.7071 -0.0000 0.7071
vn 0.7071 -0.0000 0.7071
vn 0.7071 -0.0000 0.7071
vn 0.2588 -0.0000 0.9659
vn 0.2588 -0.0000 0.9659
vn 0.2588 -0.0000 0.9659
vn 0.2588 -0.0000 0.9659
vn -0.2588 -0.0000 0.9659
vn -0.2588 -0.0000 0.9659
vn -0.2588 -0.0000 0.9659
vn -0.2588 -0.0000 0.9659
vn -0.7071 -0.0000 0.7071
vn -0.7071 -0.0000 0.7071
vn -0.7071 -0.0000 0.7071
vn -0.7071 -0.0000 0.7071
vn -0.9659 -0.0000 0.2588
vn -0.9659 -0.0000 0.2588
vn -0.9659 -0.0000 0.2588
vn -0.9659 -0.0000 0.2588
vn -0.9659 0.0000 -0.2588
vn -0.9659 0.0000 -0.2588
vn -0.9659 0.0000 -0.2588
vn -0.9659 0.0000 -0.2588
vn 0.0000 1.0000 -0.0000
vn 0.0000 1.0000 -0.0000
vn 0.0000 1.0000 -0.0000
vn 0.0000 1.0000 -0.0000
vn 0.0000 1.0000 -0.0000
vn 0.0000 1.0000 -0.0000
vn 0.0000 1.0000 -0.0000
vn 0.0000 1.0000 -0.0000
vn 0.0000 1.0000 -0.0000
vn 0.0000 1.0000 -0.0000
vn 0.0000 1.0000 -0.0000
vn 0.0000 1.0000 -0.0000
vn -0.7071 0.0000 -0.7071
vn -0.7071 0.0000 -0.7071
vn -0.7071 0.0000 -0.7071
vn -0.7071 0.0000 -0.7071
vn -0.2588 0.0000 -0.9659
vn -0.2588 0.0000 -0.9659
vn -0.2588 0.0000 -0.9659
vn -0.2588 0.0000 -0.9659
vn 0.0000 -1.0000 -0.0000
vn 0.0000 -1.0000 -0.0000
vn 0.0000 -1.0000 -0.0000
vn 0.0000 -1.0000 -0.0000
vn 0.0000 -1.0000 -0.0000
vn 0.0000 -1.0000 -0.0000
vn 0.0000 -1.0000 -0.0000
vn 0.0000 -1.0000 -0.0000
vn 0.0000 -1.0000 -0.0000
vn 0.0000 -1.0000 -0.0000
vn 0.0000 -1.0000 -0.0000
vn 0.0000 -1.0000 -0.0000
vn -0.6840 0.6133 -0.3950
vn -0.6840 0.6133 -0.3950
vn -0.6840 0.6133 -0.3950
vn 0.3949 -0.6134 0.6840
vn 0.3949 -0.6134 0.6840
vn -0.2588 0.0000 -0.9659
vn -0.2588 0.0000 -0.9659
vn -0.2588 0.0000 -0.9659
vn -0.2588 0.0000 -0.9659
vn -0.3949 -0.6133 -0.6841
vn -0.3949 -0.6133 -0.6841
vn 0.6840 0.6133 0.3950
vn 0.6840 0.6133 0.3950
vn 0.6840 0.6133 0.3950
vn 0.9659 0.0000 -0.2588
vn 0.9659 0.0000 -0.2588
vn -0.7899 0.6132 -0.0000
vn -0.7899 0.6132 -0.0000
vn -0.7899 0.6132 -0.0000
vn 0.6840 -0.6134 0.3949
vn 0.6840 -0.6134 0.3949
vn 0.6840 -0.6134 0.3949
vn 0.9659 -0.0000 0.2588
vn 0.9659 -0.0000 0.2588
vn 0.9659 -0.0000 0.2588
vn 0.9659 -0.0000 0.2588
vn -0.7899 -0.6133 -0.0001
vn -0.7899 -0.6133 -0.0001
vn -0.7899 -0.6133 -0.0001
vn 0.7899 0.6133 0.0000
vn 0.7899 0.6133 0.0000
vn 0.7899 0.6133 0.0000
vn 0.7071 -0.0000 0.7071
vn 0.7071 -0.0000 0.7071
vn 0.7071 -0.0000 0.7071
vn 0.7071 -0.0000 0.7071
vn -0.6840 0.6133 0.3949
vn -0.6840 0.6133 0.3949
vn -0.6840 0.6133 0.3949
vn 0.7899 -0.6133 -0.0000
vn 0.7899 -0.6133 -0.0000
vn 0.7899 -0.6133 -0.0000
vn 0.2588 -0.0000 0.9659
vn 0.2588 -0.0000 0.9659
vn 0.2588 -0.0000 0.9659
vn 0.2588 -0.0000 0.9659
vn -0.6840 -0.6133 0.3948
vn -0.6840 -0.6133 0.3948
vn -0.6840 -0.6133 0.3948
vn 0.6840 0.6133 -0.3949
vn 0.6840 0.6133 -0.3949
vn 0.6840 0.6133 -0.3949
vn -0.2588 -0.0000 0.9659
vn -0.2588 -0.0000 0.9659
vn -0.2588 -0.0000 0.9659
vn -0.2588 -0.0000 0.9659
vn -0.3950 0.6133 0.6840
vn -0.3950 0.6133 0.6840
vn 0.6840 -0.6133 -0.3950
vn 0.6840 -0.6133 -0.3950
vn 0.6840 -0.6133 -0.3950
vn -0.7071 -0.0000 0.7071
vn -0.7071 -0.0000 0.7071
vn -0.7071 -0.0000 0.7071
vn -0.7071 -0.0000 0.7071
vn -0.3950 -0.6134 0.6840
vn -0.3950 -0.6134 0.6840
vn 0.3949 0.6133 -0.6840
vn 0.3949 0.6133 -0.6840
vn -0.9659 -0.0000 0.2588
vn -0.9659 -0.0000 0.2588
vn -0.9659 -0.0000 0.2588
vn -0.9659 -0.0000 0.2588
vn -0.0000 0.6133 0.7899
vn -0.0000 0.6133 0.7899
vn -0.0000 0.6133 0.7899
vn 0.3949 -0.6133 -0.6840
vn 0.3949 -0.6133 -0.6840
vn -0.9659 0.0000 -0.2588
vn -0.9659 0.0000 -0.2588
vn -0.0000 -0.6133 0.7898
vn -0.0000 -0.6133 0.7898
vn -0.0000 -0.6133 0.7898
vn 0.0000 0.6133 -0.7899
vn 0.0000 0.6133 -0.7899
vn 0.0000 0.6133 -0.7899
vn -0.7071 0.0000 -0.7071
vn -0.7071 0.0000 -0.7071
vn -0.7071 0.0000 -0.7071
vn -0.7071 0.0000 -0.7071
vn 0.7071 0.0000 -0.7071
vn 0.7071 0.0000 -0.7071
vn 0.7071 0.0000 -0.7071
vn 0.7071 0.0000 -0.7071
vn 0.0000 -0.6133 -0.7899
vn 0.0000 -0.6133 -0.7899
vn 0.0000 -0.6133 -0.7899
vn -0.6840 -0.6133 -0.3950
vn -0.6840 -0.6133 -0.3950
vn -0.6840 -0.6133 -0.3950
vn 0.3949 0.6133 0.6840
vn 0.3949 0.6133 0.6840
vn 0.0000 1.0000 -0.0000
vn 0.0000 1.0000 -0.0000
vn 0.2588 0.0000 -0.9659
vn 0.2588 0.0000 -0.9659
vn 0.2588 0.0000 -0.9659
vn 0.2588 0.0000 -0.9659
vn -0.3949 0.6133 -0.6841
vn -0.3949 0.6133 -0.6841
vn 0.1830 -0.7071 -0.6830
vn 0.1830 -0.7071 -0.6830
vn 0.1830 -0.7071 -0.6830
vn 0.1830 0.7071 -0.6830
vn 0.1830 0.7071 -0.6830
vn 0.1830 0.7071 -0.6830
vn 0.0000 0.0000 -1.0000
vn 0.0000 0.0000 -1.0000
vn 0.0000 0.0000 -1.0000
vn 0.0000 0.0000 -1.0000
vn 0.5000 0.0000 -0.8660
vn 0.5000 0.0000 -0.8660
vn 0.5000 -0.7071 -0.5000
vn 0.5000 -0.7071 -0.5000
vn 0.5000 0.7071 -0.5000
vn 0.5000 0.7071 -0.5000
vn 0.8660 0.0000 -0.5000
vn 0.8660 0.0000 -0.5000
vn 1.0000 0.0000 -0.0000
vn 1.0000 0.0000 -0.0000
vn 1.0000 0.0000 -0.0000
vn 1.0000 0.0000 -0.0000
vn 0.6830 -0.7071 0.1830
vn 0.6830 0.7071 0.1830
vn 0.8660 -0.0000 0.5000
vn 0.8660 -0.0000 0.5000
vn 0.5000 -0.7071 0.5000
vn 0.5000 -0.7071 0.5000
vn 0.5000 0.7071 0.5001
vn 0.5000 0.7071 0.5001
vn 0.5000 -0.0000 0.8660
vn 0.5000 -0.0000 0.8660
vn 0.1830 -0.7071 0.6830
vn 0.1830 -0.7071 0.6830
vn 0.1830 -0.7071 0.6830
vn 0.1830 0.7071 0.6830
vn 0.1830 0.7071 0.6830
vn 0.1830 0.7071 0.6830
vn -0.0000 -0.0000 1.0000
vn -0.0000 -0.0000 1.0000
vn -0.0000 -0.0000 1.0000
vn -0.0000 -0.0000 1.0000
vn -0.1830 -0.7072 0.6830
vn -0.1830 -0.7072 0.6830
vn -0.1830 -0.7072 0.6830
vn -0.1830 0.7071 0.6830
vn -0.1830 0.7071 0.6830
vn -0.1830 0.7071 0.6830
vn -0.5000 -0.0000 0.8660
vn -0.5000 -0.0000 0.8660
vn -0.5000 -0.7071 0.5000
vn -0.5000 -0.7071 0.5000
vn -0.5000 0.7071 0.5000
vn -0.5000 0.7071 0.5000
vn -0.8661 -0.0000 0.4999
vn -0.8661 -0.0000 0.4999
vn -0.6830 -0.7071 0.1829
vn -0.6830 0.7071 0.1830
vn -1.0000 0.0000 -0.0000
vn -1.0000 0.0000 -0.0000
vn -1.0000 0.0000 -0.0000
vn -1.0000 0.0000 -0.0000
vn -0.8660 0.0000 -0.5000
vn -0.8660 0.0000 -0.5000
vn -0.5000 -0.7071 -0.5001
vn -0.5000 -0.7071 -0.5001
vn -0.5000 0.7071 -0.5000
vn -0.5000 0.7071 -0.5000
vn -0.5000 0.0000 -0.8660
vn -0.5000 0.0000 -0.8660
vn -0.1830 -0.7071 -0.6831
vn -0.1830 -0.7071 -0.6831
vn -0.1830 -0.7071 -0.6831
vn -0.1830 0.7071 -0.6830
vn -0.1830 0.7071 -0.6830
vn -0.1830 0.7071 -0.6830
vn 0.0000 -1.0000 -0.0000
vn 0.0000 -1.0000 -0.0000
vn 0.2588 0.0000 -0.9659
vn 0.2588 0.0000 -0.9659
vn 0.2588 0.0000 -0.9659
vn 0.2588 0.0000 -0.9659
vn 0.7071 0.0000 -0.7071
vn 0.7071 0.0000 -0.7071
vn 0.7071 0.0000 -0.7071
vn 0.7071 0.0000 -0.7071
vn 0.9659 0.0000 -0.2588
vn 0.9659 0.0000 -0.2588
vn 0.9659 0.0000 -0.2588
vn 0.9659 0.0000 -0.2588
vn 0.9659 -0.0000 0.2588
vn 0.9659 -0.0000 0.2588
vn 0.9659 -0.0000 0.2588
vn 0.9659 -0.0000 0.2588
vn 0.7071 -0.0000 0.7071
vn 0.7071 -0.0000 0.7071
vn 0.7071 -0.0000 0.7071
vn 0.7071 -0.0000 0.7071
vn 0.2588 -0.0000 0.9659
vn 0.2588 -0.0000 0.9659
vn 0.2588 -0.0000 0.9659
vn 0.2588 -0.0000 0.9659
vn -0.2588 -0.0000 0.9659
vn -0.2588 -0.0000 0.9659
vn -0.2588 -0.0000 0.9659
vn -0.2588 -0.0000 0.9659
vn -0.7071 -0.0000 0.7071
vn -0.7071 -0.0000 0.7071
vn -0.7071 -0.0000 0.7071
vn -0.7071 -0.0000 0.7071
vn -0.9659 -0.0000 0.2588
vn -0.9659 -0.0000 0.2588
vn -0.9659 -0.0000 0.2588
vn -0.9659 -0.0000 0.2588
vn -0.9659 0.0000 -0.2588
vn -0.9659 0.0000 -0.2588
vn -0.9659 0.0000 -0.2588
vn -0.9659 0.0000 -0.2588
vn 0.0000 1.0000 -0.0000
vn 0.0000 1.0000 -0.0000
vn 0.0000 1.0000 -0.0000
vn 0.0000 1.0000 -0.0000
vn 0.0000 1.0000 -0.0000
vn 0.0000 1.0000 -0.0000
vn 0.0000 1.0000 -0.0000
vn 0.0000 1.0000 -0.0000
vn 0.0000 1.0000 -0.0000
vn 0.0000 1.0000 -0.0000
vn 0.0000 1.0000 -0.0000
vn 0.0000 1.0000 -0.0000
vn -0.7071 0.0000 -0.7071
vn -0.7071 0.0000 -0.7071
vn -0.7071 0.0000 -0.7071
vn -0.7071 0.0000 -0.7071
vn -0.2588 0.0000 -0.9659
vn -0.2588 0.0000 -0.9659
vn -0.2588 0.0000 -0.9659
vn -0.2588 0.0000 -0.9659
vn 0.0000 -1.0000 -0.0000
vn 0.0000 -1.0000 -0.0000
vn 0.0000 -1.0000 -0.0000
vn 0.0000 -1.0000 -0.0000
vn 0.0000 -1.0000 -0.0000
vn 0.0000 -1.0000 -0.0000
vn 0.0000 -1.0000 -0.0000
vn 0.0000 -1.0000 -0.0000
vn 0.0000 -1.0000 -0.0000
vn 0.0000 -1.0000 -0.0000
vn 0.0000 -1.0000 -0.0000
vn 0.0000 -1.0000 -0.0000
vn -0.6840 0.6133 -0.3950
vn -0.6840 0.6133 -0.3950
vn -0.6840 0.6133 -0.3950
vn 0.3949 -0.6134 0.6840
vn 0.3949 -0.6134 0.6840
vn -0.2588 0.0000 -0.9659
vn -0.2588 0.0000 -0.9659
vn -0.2588 0.0000 -0.9659
vn -0.2588 0.0000 -0.9659
vn -0.3949 -0.6133 -0.6841
vn -0.3949 -0.6133 -0.6841
vn 0.6840 0.6133 0.3950
vn 0.6840 0.6133 0.3950
vn 0.6840 0.6133 0.3950
vn 0.9659 0.0000 -0.2588
vn 0.9659 0.0000 -0.2588
vn -0.7899 0.6132 -0.0000
vn -0.7899 0.6132 -0.0000
vn -0.7899 0.6132 -0.0000
vn 0.6840 -0.6134 0.3949
vn 0.6840 -0.6134 0.3949
vn 0.6840 -0.6134 0.3949
vn 0.9659 -0.0000 0.2588
vn 0.9659 -0.0000 0.2588
vn 0.9659 -0.0000 0.2588
vn 0.9659 -0.0000 0.2588
vn -0.7899 -0.6133 -0.0001
vn -0.7899 -0.6133 -0.0001
vn -0.7899 -0.6133 -0.0001
vn 0.7899 0.6133 0.0000
vn 0.7899 0.6133 0.0000
vn 0.7899 0.6133 0.0000
vn 0.7071 -0.0000 0.7071
vn 0.7071 -0.0000 0.7071
vn 0.7071 -0.0000 0.7071
vn 0.7071 -0.0000 0.7071
vn -0.6840 0.6133 0.3949
vn -0.6840 0.6133 0.3949
vn -0.6840 0.6133 0.3949
vn 0.7899 -0.6133 -0.0000
vn 0.7899 -0.6133 -0.0000
vn 0.7899 -0.6133 -0.0000
vn 0.2588 -0.0000 0.9659
vn 0.2588 -0.0000 0.9659
vn 0.2588 -0.0000 0.9659
vn 0.2588 -0.0000 0.9659
vn -0.6840 -0.6133 0.3948
vn -0.6840 -0.6133 0.3948
vn -0.6840 -0.6133 0.3948
vn 0.6840 0.6133 -0.3949
vn 0.6840 0.6133 -0.3949
vn 0.6840 0.6133 -0.3949
vn -0.2588 -0.0000 0.9659
vn -0.2588 -0.0000 0.9659
vn -0.2588 -0.0000 0.9659
vn -0.2588 -0.0000 0.9659
vn -0.3950 0.6133 0.6840
vn -0.3950 0.6133 0.6840
vn 0.6840 -0.6133 -0.3950
vn 0.6840 -0.6133 -0.3950
vn 0.6840 -0.6133 -0.3950
vn -0.7071 -0.0000 0.7071
vn -0.7071 -0.0000 0.7071
vn -0.7071 -0.0000 0.7071
vn -0.7071 -0.0000 0.7071
vn -0.3950 -0.6134 0.6840
vn -0.3950 -0.6134 0.6840
vn 0.3949 0.6133 -0.6840
vn 0.3949 0.6133 -0.6840
vn -0.9659 -0.0000 0.2588
vn -0.9659 -0.0000 0.2588
vn -0.9659 -0.0000 0.2588
vn -0.9659 -0.0000 0.2588
vn -0.0000 0.6133 0.7899
vn -0.0000 0.6133 0.7899
vn -0.0000 0.6133 0.7899
vn 0.3949 -0.6133 -0.6840
vn 0.3949 -0.6133 -0.6840
vn -0.9659 0.0000 -0.2588
vn -0.9659 0.0000 -0.2588
vn -0.0000 -0.6133 0.7898
vn -0.0000 -0.6133 0.7898
vn -0.0000 -0.6133 0.7898
vn 0.0000 0.6133 -0.7899
vn 0.0000 0.6133 -0.7899
vn 0.0000 0.6133 -0.7899
vn -0.7071 0.0000 -0.7071
vn -0.7071 0.0000 -0.7071
vn -0.7071 0.0000 -0.7071
vn -0.7071 0.0000 -0.7071
vn 0.7071 0.0000 -0.7071
vn 0.7071 0.0000 -0.7071
vn 0.7071 0.0000 -0.7071
vn 0.7071 0.0000 -0.7071
vn 0.0000 -0.6133 -0.7899
vn 0.0000 -0.6133 -0.7899
vn 0.0000 -0.6133 -0.7899
vn -0.6840 -0.6133 -0.3950
vn -0.6840 -0.6133 -0.3950
vn -0.6840 -0.6133 -0.3950
vn 0.3949 0.6133 0.6840
vn 0.3949 0.6133 0.6840
vn 0.0000 1.0000 -0.0000
vn 0.0000 1.0000 -0.0000
vn 0.2588 0.0000 -0.9659
vn 0.2588 0.0000 -0.9659
vn 0.2588 0.0000 -0.9659
vn 0.2588 0.0000 -0.9659
vn -0.3949 0.6133 -0.6841
vn -0.3949 0.6133 -0.6841
vn 0.1830 -0.7071 -0.6830
vn 0.1830 -0.7071 -0.6830
vn 0.1830 -0.7071 -0.6830
vn 0.1830 0.7071 -0.6830
vn 0.1830 0.7071 -0.6830
vn 0.1830 0.7071 -0.6830
vn 0.0000 0.0000 -1.0000
vn 0.0000 0.0000 -1.0000
vn 0.0000 0.0000 -1.0000
vn 0.0000 0.0000 -1.0000
vn 0.5000 0.0000 -0.8660
vn 0.5000 0.0000 -0.8660
vn 0.5000 -0.7071 -0.5000
vn 0.5000 -0.7071 -0.5000
vn 0.5000 0.7071 -0.5000
vn 0.5000 0.7071 -0.5000
vn 0.8660 0.0000 -0.5000
vn 0.8660 0.0000 -0.5000
vn 1.0000 0.0000 -0.0000
vn 1.0000 0.0000 -0.0000
vn 1.0000 0.0000 -0.0000
vn 1.0000 0.0000 -0.0000
vn 0.6830 -0.7071 0.1830
vn 0.6830 0.7071 0.1830
vn 0.8660 -0.0000 0.5000
vn 0.8660 -0.0000 0.5000
vn 0.5000 -0.7071 0.5000
vn 0.5000 -0.7071 0.5000
vn 0.5000 0.7071 0.5001
vn 0.5000 0.7071 0.5001
vn 0.5000 -0.0000 0.8660
vn 0.5000 -0.0000 0.8660
vn 0.1830 -0.7071 0.6830
vn 0.1830 -0.7071 0.6830
vn 0.1830 -0.7071 0.6830
vn 0.1830 0.7071 0.6830
vn 0.1830 0.7071 0.6830
vn 0.1830 0.7071 0.6830
vn -0.0000 -0.0000 1.0000
vn -0.0000 -0.0000 1.0000
vn -0.0000 -0.0000 1.0000
vn -0.0000 -0.0000 1.0000
vn -0.1830 -0.7072 0.6830
vn -0.1830 -0.7072 0.6830
vn -0.1830 -0.7072 0.6830
vn -0.1830 0.7071 0.6830
vn -0.1830 0.7071 0.6830
vn -0.1830 0.7071 0.6830
vn -0.5000 -0.0000 0.8660
vn -0.5000 -0.0000 0.8660
vn -0.5000 -0.7071 0.5000
vn -0.5000 -0.7071 0.5000
vn -0.5000 0.7071 0.5000
vn -0.5000 0.7071 0.5000
vn -0.8661 -0.0000 0.4999
vn -0.8661 -0.0000 0.4999
vn -0.6830 -0.7071 0.1829
vn -0.6830 0.7071 0.1830
vn -1.0000 0.0000 -0.0000
vn -1.0000 0.0000 -0.0000
vn -1.0000 0.0000 -0.0000
vn -1.0000 0.0000 -0.0000
vn -0.8660 0.0000 -0.5000
vn -0.8660 0.0000 -0.5000
vn -0.5000 -0.7071 -0.5001
vn -0.5000 -0.7071 -0.5001
vn -0.5000 0.7071 -0.5000
vn -0.5000 0.7071 -0.5000
vn -0.5000 0.0000 -0.8660
vn -0.5000 0.0000 -0.8660
vn -0.1830 -0.7071 -0.6831
vn -0.1830 -0.7071 -0.6831
vn -0.1830 -0.7071 -0.6831
vn -0.1830 0.7071 -0.6830
vn -0.1830 0.7071 -0.6830
vn -0.1830 0.7071 -0.6830
vn 0.0000 -1.0000 -0.0000
vn 0.0000 -1.0000 -0.0000
vn 0.2588 0.0000 -0.9659
vn 0.2588 0.0000 -0.9659
vn 0.2588 0.0000 -0.9659
vn 0.2588 0.0000 -0.9659
vn 0.7071 0.0000 -0.7071
vn 0.7071 0.0000 -0.7071
vn 0.7071 0.0000 -0.7071
vn 0.7071 0.0000 -0.7071
vn 0.9659 0.0000 -0.2588
vn 0.9659 0.0000 -0.2588
vn 0.9659 0.0000 -0.2588
vn 0.9659 0.0000 -0.2588
vn 0.9659 -0.0000 0.2588
vn 0.9659 -0.0000 0.2588
vn 0.9659 -0.0000 0.2588
vn 0.9659 -0.0000 0.2588
vn 0.7071 -0.0000 0.7071
vn 0.7071 -0.0000 0.7071
vn 0.7071 -0.0000 0.7071
vn 0.7071 -0.0000 0.7071
vn 0.2588 -0.0000 0.9659
vn 0.2588 -0.0000 0.9659
vn 0.2588 -0.0000 0.9659
vn 0.2588 -0.0000 0.9659
vn -0.2588 -0.0000 0.9659
vn -0.2588 -0.0000 0.9659
vn -0.2588 -0.0000 0.9659
vn -0.2588 -0.0000 0.9659
vn -0.7071 -0.0000 0.7071
vn -0.7071 -0.0000 0.7071
vn -0.7071 -0.0000 0.7071
vn -0.7071 -0.0000 0.7071
vn -0.9659 -0.0000 0.2588
vn -0.9659 -0.0000 0.2588
vn -0.9659 -0.0000 0.2588
vn -0.9659 -0.0000 0.2588
vn -0.9659 0.0000 -0.2588
vn -0.9659 0.0000 -0.2588
vn -0.9659 0.0000 -0.2588
vn -0.9659 0.0000 -0.2588
vn 0.0000 1.0000 -0.0000
vn 0.0000 1.0000 -0.0000
vn 0.0000 1.0000 -0.0000
vn 0.0000 1.0000 -0.0000
vn 0.0000 1.0000 -0.0000
vn 0.0000 1.0000 -0.0000
vn 0.0000 1.0000 -0.0000
vn 0.0000 1.0000 -0.0000
vn 0.0000 1.0000 -0.0000
vn 0.0000 1.0000 -0.0000
vn 0.0000 1.0000 -0.0000
vn 0.0000 1.0000 -0.0000
vn -0.7071 0.0000 -0.7071
vn -0.7071 0.0000 -0.7071
vn -0.7071 0.0000 -0.7071
vn -0.7071 0.0000 -0.7071
vn -0.2588 0.0000 -0.9659
vn -0.2588 0.0000 -0.9659
vn -0.2588 0.0000 -0.9659
vn -0.2588 0.0000 -0.9659
vn 0.0000 -1.0000 -0.0000
vn 0.0000 -1.0000 -0.0000
vn 0.0000 -1.0000 -0.0000
vn 0.0000 -1.0000 -0.0000
vn 0.0000 -1.0000 -0.0000
vn 0.0000 -1.0000 -0.0000
vn 0.0000 -1.0000 -0.0000
vn 0.0000 -1.0000 -0.0000
vn 0.0000 -1.0000 -0.0000
vn 0.0000 -1.0000 -0.0000
vn 0.0000 -1.0000 -0.0000
vn 0.0000 -1.0000 -0.0000
vn -0.6840 0.6133 -0.3950
vn -0.6840 0.6133 -0.3950
vn -0.6840 0.6133 -0.3950
vn 0.3949 -0.6134 0.6840
vn 0.3949 -0.6134 0.6840
vn -0.2588 0.0000 -0.9659
vn -0.2588 0.0000 -0.9659
vn -0.2588 0.0000 -0.9659
vn -0.2588 0.0000 -0.9659
vn -0.3949 -0.6133 -0.6841
vn -0.3949 -0.6133 -0.6841
vn 0.6840 0.6133 0.3950
vn 0.6840 0.6133 0.3950
vn 0.6840 0.6133 0.3950
vn 0.9659 0.0000 -0.2588
vn 0.9659 0.0000 -0.2588
vn -0.7899 0.6132 -0.0000
vn -0.7899 0.6132 -0.0000
vn -0.7899 0.6132 -0.0000
vn 0.6840 -0.6134 0.3949
vn 0.6840 -0.6134 0.3949
vn 0.6840 -0.6134 0.3949
vn 0.9659 -0.0000 0.2588
vn 0.9659 -0.0000 0.2588
vn 0.9659 -0.0000 0.2588
vn 0.9659 -0.0000 0.2588
vn -0.7899 -0.6133 -0.0001
vn -0.7899 -0.6133 -0.0001
vn -0.7899 -0.6133 -0.0001
vn 0.7899 0.6133 0.0000
vn 0.7899 0.6133 0.0000
vn 0.7899 0.6133 0.0000
vn 0.7071 -0.0000 0.7071
vn 0.7071 -0.0000 0.7071
vn 0.7071 -0.0000 0.7071
vn 0.7071 -0.0000 0.7071
vn -0.6840 0.6133 0.3949
vn -0.6840 0.6133 0.3949
vn -0.6840 0.6133 0.3949
vn 0.7899 -0.6133 -0.0000
vn 0.7899 -0.6133 -0.0000
vn 0.7899 -0.6133 -0.0000
vn 0.2588 -0.0000 0.9659
vn 0.2588 -0.0000 0.9659
vn 0.2588 -0.0000 0.9659
vn 0.2588 -0.0000 0.9659
vn -0.6840 -0.6133 0.3948
vn -0.6840 -0.6133 0.3948
vn -0.6840 -0.6133 0.3948
vn 0.6840 0.6133 -0.3949
vn 0.6840 0.6133 -0.3949
vn 0.6840 0.6133 -0.3949
vn -0.2588 -0.0000 0.9659
vn -0.2588 -0.0000 0.9659
vn -0.2588 -0.0000 0.9659
vn -0.2588 -0.0000 0.9659
vn -0.3950 0.6133 0.6840
vn -0.3950 0.6133 0.6840
vn 0.6840 -0.6133 -0.3950
vn 0.6840 -0.6133 -0.3950
vn 0.6840 -0.6133 -0.3950
vn -0.7071 -0.0000 0.7071
vn -0.7071 -0.0000 0.7071
vn -0.7071 -0.0000 0.7071
vn -0.7071 -0.0000 0.7071
vn -0.3950 -0.6134 0.6840
vn -0.3950 -0.6134 0.6840
vn 0.3949 0.6133 -0.6840
vn 0.3949 0.6133 -0.6840
vn -0.9659 -0.0000 0.2588
vn -0.9659 -0.0000 0.2588
vn -0.9659 -0.0000 0.2588
vn -0.9659 -0.0000 0.2588
vn -0.0000 0.6133 0.7899
vn -0.0000 0.6133 0.7899
vn -0.0000 0.6133 0.7899
vn 0.3949 -0.6133 -0.6840
vn 0.3949 -0.6133 -0.6840
vn -0.9659 0.0000 -0.2588
vn -0.9659 0.0000 -0.2588
vn -0.0000 -0.6133 0.7898
vn -0.0000 -0.6133 0.7898
vn -0.0000 -0.6133 0.7898
vn 0.0000 0.6133 -0.7899
vn 0.0000 0.6133 -0.7899
vn 0.0000 0.6133 -0.7899
vn -0.7071 0.0000 -0.7071
vn -0.7071 0.0000 -0.7071
vn -0.7071 0.0000 -0.7071
vn -0.7071 0.0000 -0.7071
vn 0.7071 0.0000 -0.7071
vn 0.7071 0.0000 -0.7071
vn 0.7071 0.0000 -0.7071
vn 0.7071 0.0000 -0.7071
vn 0.0000 -0.6133 -0.7899
vn 0.0000 -0.6133 -0.7899
vn 0.0000 -0.6133 -0.7899
vn -0.6840 -0.6133 -0.3950
vn -0.6840 -0.6133 -0.3950
vn -0.6840 -0.6133 -0.3950
vn 0.3949 0.6133 0.6840
vn 0.3949 0.6133 0.6840
vn 0.0000 1.0000 -0.0000
vn 0.0000 1.0000 -0.0000
vn 0.2588 0.0000 -0.9659
vn 0.2588 0.0000 -0.9659
vn 0.2588 0.0000 -0.9659
vn 0.2588 0.0000 -0.9659
vn -0.3949 0.6133 -0.6841
vn -0.3949 0.6133 -0.6841
vn 0.1830 -0.7071 -0.6830
vn 0.1830 -0.7071 -0.6830
vn 0.1830 -0.7071 -0.6830
vn 0.1830 0.7071 -0.6830
vn 0.1830 0.7071 -0.6830
vn 0.1830 0.7071 -0.6830
vn 0.0000 0.0000 -1.0000
vn 0.0000 0.0000 -1.0000
vn 0.0000 0.0000 -1.0000
vn 0.0000 0.0000 -1.0000
vn 0.5000 0.0000 -0.8660
vn 0.5000 0.0000 -0.8660
vn 0.5000 -0.7071 -0.5000
vn 0.5000 -0.7071 -0.5000
vn 0.5000 0.7071 -0.5000
vn 0.5000 0.7071 -0.5000
vn 0.8660 0.0000 -0.5000
vn 0.8660 0.0000 -0.5000
vn 1.0000 0.0000 -0.0000
vn 1.0000 0.0000 -0.0000
vn 1.0000 0.0000 -0.0000
vn 1.0000 0.0000 -0.0000
vn 0.6830 -0.7071 0.1830
vn 0.6830 0.7071 0.1830
vn 0.8660 -0.0000 0.5000
vn 0.8660 -0.0000 0.5000
vn 0.5000 -0.7071 0.5000
vn 0.5000 -0.7071 0.5000
vn 0.5000 0.7071 0.5001
vn 0.5000 0.7071 0.5001
vn 0.5000 -0.0000 0.8660
vn 0.5000 -0.0000 0.8660
vn 0.1830 -0.7071 0.6830
vn 0.1830 -0.7071 0.6830
vn 0.1830 -0.7071 0.6830
vn 0.1830 0.7071 0.6830
vn 0.1830 0.7071 0.6830
vn 0.1830 0.7071 0.6830
vn -0.0000 -0.0000 1.0000
vn -0.0000 -0.0000 1.0000
vn -0.0000 -0.0000 1.0000
vn -0.0000 -0.0000 1.0000
vn -0.1830 -0.7072 0.6830
vn -0.1830 -0.7072 0.6830
vn -0.1830 -0.7072 0.6830
vn -0.1830 0.7071 0.6830
vn -0.1830 0.7071 0.6830
vn -0.1830 0.7071 0.6830
vn -0.5000 -0.0000 0.8660
vn -0.5000 -0.0000 0.8660
vn -0.5000 -0.7071 0.5000
vn -0.5000 -0.7071 0.5000
vn -0.5000 0.7071 0.5000
vn -0.5000 0.7071 0.5000
vn -0.8661 -0.0000 0.4999
vn -0.8661 -0.0000 0.4999
vn -0.6830 -0.7071 0.1829
vn -0.6830 0.7071 0.1830
vn -1.0000 0.0000 -0.0000
vn -1.0000 0.0000 -0.0000
vn -1.0000 0.0000 -0.0000
vn -1.0000 0.0000 -0.0000
vn -0.8660 0.0000 -0.5000
vn -0.8660 0.0000 -0.5000
vn -0.5000 -0.7071 -0.5001
vn -0.5000 -0.7071 -0.5001
vn -0.5000 0.7071 -0.5000
vn -0.5000 0.7071 -0.5000
vn -0.5000 0.0000 -0.8660
vn -0.5000 0.0000 -0.8660
vn -0.1830 -0.7071 -0.6831
vn -0.1830 -0.7071 -0.6831
vn -0.1830 -0.7071 -0.6831
vn -0.1830 0.7071 -0.6830
vn -0.1830 0.7071 -0.6830
vn -0.1830 0.7071 -0.6830
vn 0.0000 -1.0000 -0.0000
vn 0.0000 -1.0000 -0.0000
vn 0.2588 0.0000 -0.9659
vn 0.2588 0.0000 -0.9659
vn 0.2588 0.0000 -0.9659
vn 0.2588 0.0000 -0.9659
vn 0.7071 0.0000 -0.7071
vn 0.7071 0.0000 -0.7071
vn 0.7071 0.0000 -0.7071
vn 0.7071 0.0000 -0.7071
vn 0.9659 0.0000 -0.2588
vn 0.9659 0.0000 -0.2588
vn 0.9659 0.0000 -0.2588
vn 0.9659 0.0000 -0.2588
vn 0.9659 -0.0000 0.2588
vn 0.9659 -0.0000 0.2588
vn 0.9659 -0.0000 0.2588
vn 0.9659 -0.0000 0.2588
vn 0.7071 -0.0000 0.7071
vn 0.7071 -0.0000 0.7071
vn 0.7071 -0.0000 0.7071
vn 0.7071 -0.0000 0.7071
vn 0.2588 -0.0000 0.9659
vn 0.2588 -0.0000 0.9659
vn 0.2588 -0.0000 0.9659
vn 0.2588 -0.0000 0.9659
vn -0.2588 -0.0000 0.9659
vn -0.2588 -0.0000 0.9659
vn -0.2588 -0.0000 0.9659
vn -0.2588 -0.0000 0.9659
vn -0.7071 -0.0000 0.7071
vn -0.7071 -0.0000 0.7071
vn -0.7071 -0.0000 0.7071
vn -0.7071 -0.0000 0.7071
vn -0.9659 -0.0000 0.2588
vn -0.9659 -0.0000 0.2588
vn -0.9659 -0.0000 0.2588
vn -0.9659 -0.0000 0.2588
vn -0.9659 0.0000 -0.2588
vn -0.9659 0.0000 -0.2588
vn -0.9659 0.0000 -0.2588
vn -0.9659 0.0000 -0.2588
vn 0.0000 1.0000 -0.0000
vn 0.0000 1.0000 -0.0000
vn 0.0000 1.0000 -0.0000
vn 0.0000 1.0000 -0.0000
vn 0.0000 1.0000 -0.0000
vn 0.0000 1.0000 -0.0000
vn 0.0000 1.0000 -0.0000
vn 0.0000 1.0000 -0.0000
vn 0.0000 1.0000 -0.0000
vn 0.0000 1.0000 -0.0000
vn 0.0000 1.0000 -0.0000
vn 0.0000 1.0000 -0.0000
vn -0.7071 0.0000 -0.7071
vn -0.7071 0.0000 -0.7071
vn -0.7071 0.0000 -0.7071
vn -0.7071 0.0000 -0.7071
vn -0.2588 0.0000 -0.9659
vn -0.2588 0.0000 -0.9659
vn -0.2588 0.0000 -0.9659
vn -0.2588 0.0000 -0.9659
vn 0.0000 -1.0000 -0.0000
vn 0.0000 -1.0000 -0.0000
vn 0.0000 -1.0000 -0.0000
vn 0.0000 -1.0000 -0.0000
vn 0.0000 -1.0000 -0.0000
vn 0.0000 -1.0000 -0.0000
vn 0.0000 -1.0000 -0.0000
vn 0.0000 -1.0000 -0.0000
vn 0.0000 -1.0000 -0.0000
vn 0.0000 -1.0000 -0.0000
vn 0.0000 -1.0000 -0.0000
vn 0.0000 -1.0000 -0.0000
f 97//97 99//99 98//98
f 97//97 98//98 100//100
f 101//101 103//103 102//102
f 101//101 102//102 104//104
f 105//105 107//107 106//106
f 105//105 106//106 108//108
f 109//109 111//111 110//110
f 109//109 110//110 112//112
f 113//113 115//115 114//114
f 113//113 114//114 116//116
f 117//117 119//119 118//118
f 120//120 122//122 121//121
f 123//123 125//125 124//124
f 126//126 128//128 127//127
f 129//129 131//131 130//130
f 132//132 134//134 133//133
f 135//135 137//137 136//136
f 138//138 140//140 139//139
f 141//141 143//143 142//142
f 141//141 142//142 144//144
f 145//145 147//147 146//146
f 145//145 146//146 148//148
f 149//149 151//151 150//150
f 149//149 150//150 152//152
f 153//153 155//155 154//154
f 153//153 154//154 156//156
f 157//157 159//159 158//158
f 157//157 158//158 160//160
f 161//161 163//163 162//162
f 161//161 162//162 164//164
f 165//165 167//167 166//166
f 165//165 166//166 168//168
f 169//169 171//171 170//170
f 169//169 170//170 172//172
f 173//173 175//175 174//174
f 173//173 174//174 176//176
f 177//177 179//179 178//178
f 177//177 178//178 180//180
f 181//181 183//183 182//182
f 181//181 182//182 184//184
f 185//185 187//187 186//186
f 185//185 186//186 188//188
f 189//189 191//191 190//190
f 189//189 190//190 192//192
f 1169//1169 1171//1171 1170//1170
f 1169//1169 1170//1170 1172//1172
f 1173//1173 1175//1175 1174//1174
f 1173//1173 1174//1174 1176//1176
f 1177//1177 1179//1179 1178//1178
f 1177//1177 1178//1178 1180//1180
f 1181//1181 1183//1183 1182//1182
f 1181//1181 1182//1182 1184//1184
f 1185//1185 1187//1187 1186//1186
f 1185//1185 1186//1186 1188//1188
f 1189//1189 1191//1191 1190//1190
f 1189//1189 1190//1190 1192//1192
f 1193//1193 1195//1195 1194//1194
f 1193//1193 1194//1194 1196//1196
f 1197//1197 1199//1199 1198//1198
f 1197//1197 1198//1198 1200//1200
f 1201//1201 1203//1203 1202//1202
f 1201//1201 1202//1202 1204//1204
f 1205//1205 1207//1207 1206//1206
f 1205//1205 1206//1206 1208//1208
f 1209//1209 1211//1211 1210//1210
f 1209//1209 1210//1210 1212//1212
f 1213//1213 1215//1215 1214//1214
f 1213//1213 1214//1214 1216//1216
f 1217//1217 1219//1219 1218//1218
f 1217//1217 1218//1218 1220//1220
f 1221//1221 1223//1223 1222//1222
f 1221//1221 1222//1222 1224//1224
f 1225//1225 1227//1227 1226//1226
f 1225//1225 1226//1226 1228//1228
f 1229//1229 1231//1231 1230//1230
f 1229//1229 1230//1230 1232//1232
f 1233//1233 1235//1235 1234//1234
f 1233//1233 1234//1234 1236//1236
f 1237//1237 1239//1239 1238//1238
f 1237//1237 1238//1238 1240//1240
f 1241//1241 1243//1243 1242//1242
f 1241//1241 1242//1242 1244//1244
f 1245//1245 1247//1247 1246//1246
f 1245//1245 1246//1246 1248//1248
f 1249//1249 1251//1251 1250//1250
f 1249//1249 1250//1250 1252//1252
f 1253//1253 1255//1255 1254//1254
f 1253//1253 1254//1254 1256//1256
f 1257//1257 1259//1259 1258//1258
f 1257//1257 1258//1258 1260//1260
f 1261//1261 1263//1263 1262//1262
f 1261//1261 1262//1262 1264//1264
f 1265//1265 1267//1267 1266//1266
f 1265//1265 1266//1266 1268//1268
f 1269//1269 1271//1271 1270//1270
f 1269//1269 1270//1270 1272//1272
f 1273//1273 1275//1275 1274//1274
f 1273//1273 1274//1274 1276//1276
f 1277//1277 1279//1279 1278//1278
f 1277//1277 1278//1278 1280//1280
f 1281//1281 1283//1283 1282//1282
f 1281//1281 1282//1282 1284//1284
f 1285//1285 1287//1287 1286//1286
f 1285//1285 1286//1286 1288//1288
f 1289//1289 1291//1291 1290//1290
f 1289//1289 1290//1290 1292//1292
f 1293//1293 1295//1295 1294//1294
f 1293//1293 1294//1294 1296//1296
f 1297//1297 1299//1299 1298//1298
f 1297//1297 1298//1298 1300//1300
f 1301//1301 1303//1303 1302//1302
f 1301//1301 1302//1302 1304//1304
f 1305//1305 1307//1307 1306//1306
f 1305//1305 1306//1306 1308//1308
f 1309//1309 1311//1311 1310//1310
f 1309//1309 1310//1310 1312//1312
f 1//1 3//3 2//2
f 1//1 2//2 4//4
f 5//5 7//7 6//6
f 5//5 6//6 8//8
f 9//9 11//11 10//10
f 9//9 10//10 12//12
f 13//13 15//15 14//14
f 13//13 14//14 16//16
f 17//17 19//19 18//18
f 17//17 18//18 20//20
f 21//21 23//23 22//22
f 24//24 26//26 25//25
f 27//27 29//29 28//28
f 30//30 32//32 31//31
f 33//33 35//35 34//34
f 36//36 38//38 37//37
f 39//39 41//41 40//40
f 42//42 44//44 43//43
f 45//45 47//47 46//46
f 45//45 46//46 48//48
f 49//49 51//51 50//50
f 49//49 50//50 52//52
f 53//53 55//55 54//54
f 53//53 54//54 56//56
f 57//57 59//59 58//58
f 57//57 58//58 60//60
f 61//61 63//63 62//62
f 61//61 62//62 64//64
f 65//65 67//67 66//66
f 65//65 66//66 68//68
f 69//69 71//71 70//70
f 69//69 70//70 72//72
f 73//73 75//75 74//74
f 73//73 74//74 76//76
f 77//77 79//79 78//78
f 77//77 78//78 80//80
f 81//81 83//83 82//82
f 81//81 82//82 84//84
f 85//85 87//87 86//86
f 85//85 86//86 88//88
f 89//89 91//91 90//90
f 89//89 90//90 92//92
f 93//93 95//95 94//94
f 93//93 94//94 96//96
f 1313//1313 1315//1315 1314//1314
f 1313//1313 1314//1314 1316//1316
f 1317//1317 1319//1319 1318//1318
f 1317//1317 1318//1318 1320//1320
f 1321//1321 1323//1323 1322//1322
f 1321//1321 1322//1322 1324//1324
f 1325//1325 1327//1327 1326//1326
f 1325//1325 1326//1326 1328//1328
f 1329//1329 1331//1331 1330//1330
f 1329//1329 1330//1330 1332//1332
f 1333//1333 1335//1335 1334//1334
f 1333//1333 1334//1334 1336//1336
f 1337//1337 1339//1339 1338//1338
f 1337//1337 1338//1338 1340//1340
f 1341//1341 1343//1343 1342//1342
f 1341//1341 1342//1342 1344//1344
f 1345//1345 1347//1347 1346//1346
f 1345//1345 1346//1346 1348//1348
f 1349//1349 1351//1351 1350//1350
f 1349//1349 1350//1350 1352//1352
f 1353//1353 1355//1355 1354//1354
f 1353//1353 1354//1354 1356//1356
f 1357//1357 1359//1359 1358//1358
f 1357//1357 1358//1358 1360//1360
f 1361//1361 1363//1363 1362//1362
f 1361//1361 1362//1362 1364//1364
f 1365//1365 1367//1367 1366//1366
f 1365//1365 1366//1366 1368//1368
f 1369//1369 1371//1371 1370//1370
f 1369//1369 1370//1370 1372//1372
f 1373//1373 1375//1375 1374//1374
f 1373//1373 1374//1374 1376//1376
f 1377//1377 1379//1379 1378//1378
f 1377//1377 1378//1378 1380//1380
f 1381//1381 1383//1383 1382//1382
f 1381//1381 1382//1382 1384//1384
f 1385//1385 1387//1387 1386//1386
f 1385//1385 1386//1386 1388//1388
f 1389//1389 1391//1391 1390//1390
f 1389//1389 1390//1390 1392//1392
f 1393//1393 1395//1395 1394//1394
f 1393//1393 1394//1394 1396//1396
f 1397//1397 1399//1399 1398//1398
f 1397//1397 1398//1398 1400//1400
f 1401//1401 1403//1403 1402//1402
f 1401//1401 1402//1402 1404//1404
f 1405//1405 1407//1407 1406//1406
f 1405//1405 1406//1406 1408//1408
f 1409//1409 1411//1411 1410//1410
f 1409//1409 1410//1410 1412//1412
f 1413//1413 1415//1415 1414//1414
f 1413//1413 1414//1414 1416//1416
f 1417//1417 1419//1419 1418//1418
f 1417//1417 1418//1418 1420//1420
f 1421//1421 1423//1423 1422//1422
f 1421//1421 1422//1422 1424//1424
f 1425//1425 1427//1427 1426//1426
f 1425//1425 1426//1426 1428//1428
f 1429//1429 1431//1431 1430//1430
f 1429//1429 1430//1430 1432//1432
f 1433//1433 1435//1435 1434//1434
f 1433//1433 1434//1434 1436//1436
f 1437//1437 1439//1439 1438//1438
f 1437//1437 1438//1438 1440//1440
f 1441//1441 1443//1443 1442//1442
f 1441//1441 1442//1442 1444//1444
f 1445//1445 1447//1447 1446//1446
f 1445//1445 1446//1446 1448//1448
f 1449//1449 1451//1451 1450//1450
f 1449//1449 1450//1450 1452//1452
f 1453//1453 1455//1455 1454//1454
f 1453//1453 1454//1454 1456//1456
f 1457//1457 1459//1459 1458//1458
f 1457//1457 1458//1458 1460//1460
f 1461//1461 1463//1463 1462//1462
f 1461//1461 1462//1462 1464//1464
f 1465//1465 1467//1467 1466//1466
f 1465//1465 1466//1466 1468//1468
f 1469//1469 1471//1471 1470//1470
f 1469//1469 1470//1470 1472//1472
f 1473//1473 1475//1475 1474//1474
f 1473//1473 1474//1474 1476//1476
f 1477//1477 1479//1479 1478//1478
f 1477//1477 1478//1478 1480//1480
f 1481//1481 1483//1483 1482//1482
f 1481//1481 1482//1482 1484//1484
f 1485//1485 1487//1487 1486//1486
f 1485//1485 1486//1486 1488//1488
f 1489//1489 1491//1491 1490//1490
f 1489//1489 1490//1490 1492//1492
f 1493//1493 1495//1495 1494//1494
f 1493//1493 1494//1494 1496//1496
f 1497//1497 1499//1499 1498//1498
f 1497//1497 1498//1498 1500//1500
f 1501//1501 1503//1503 1502//1502
f 1501//1501 1502//1502 1504//1504
f 193//193 195//195 194//194
f 193//193 194//194 196//196
f 197//197 199//199 198//198
f 197//197 198//198 200//200
f 201//201 203//203 202//202
f 201//201 202//202 204//204
f 205//205 207//207 206//206
f 205//205 206//206 208//208
f 209//209 211//211 210//210
f 209//209 210//210 212//212
f 213//213 215//215 214//214
f 216//216 218//218 217//217
f 219//219 221//221 220//220
f 222//222 224//224 223//223
f 225//225 227//227 226//226
f 228//228 230//230 229//229
f 231//231 233//233 232//232
f 234//234 236//236 235//235
f 237//237 239//239 238//238
f 237//237 238//238 240//240
f 241//241 243//243 242//242
f 241//241 242//242 244//244
f 245//245 247//247 246//246
f 245//245 246//246 248//248
f 249//249 251//251 250//250
f 249//249 250//250 252//252
f 253//253 255//255 254//254
f 253//253 254//254 256//256
f 257//257 259//259 258//258
f 257//257 258//258 260//260
f 261//261 263//263 262//262
f 261//261 262//262 264//264
f 265//265 267//267 266//266
f 265//265 266//266 268//268
f 269//269 271//271 270//270
f 269//269 270//270 272//272
f 273//273 275//275 274//274
f 273//273 274//274 276//276
f 277//277 279//279 278//278
f 277//277 278//278 280//280
f 281//281 283//283 282//282
f 281//281 282//282 284//284
f 285//285 287//287 286//286
f 285//285 286//286 288//288
f 1505//1505 1507//1507 1506//1506
f 1505//1505 1506//1506 1508//1508
f 1509//1509 1511//1511 1510//1510
f 1509//1509 1510//1510 1512//1512
f 1513//1513 1515//1515 1514//1514
f 1513//1513 1514//1514 1516//1516
f 1517//1517 1519//1519 1518//1518
f 1517//1517 1518//1518 1520//1520
f 1521//1521 1523//1523 1522//1522
f 1521//1521 1522//1522 1524//1524
f 1525//1525 1527//1527 1526//1526
f 1525//1525 1526//1526 1528//1528
f 1529//1529 1531//1531 1530//1530
f 1529//1529 1530//1530 1532//1532
f 1533//1533 1535//1535 1534//1534
f 1533//1533 1534//1534 1536//1536
f 1537//1537 1539//1539 1538//1538
f 1537//1537 1538//1538 1540//1540
f 1541//1541 1543//1543 1542//1542
f 1541//1541 1542//1542 1544//1544
f 1545//1545 1547//1547 1546//1546
f 1545//1545 1546//1546 1548//1548
f 1549//1549 1551//1551 1550//1550
f 1549//1549 1550//1550 1552//1552
f 1553//1553 1555//1555 1554//1554
f 1553//1553 1554//1554 1556//1556
f 1557//1557 1559//1559 1558//1558
f 1557//1557 1558//1558 1560//1560
f 1561//1561 1563//1563 1562//1562
f 1561//1561 1562//1562 1564//1564
f 1565//1565 1567//1567 1566//1566
f 1565//1565 1566//1566 1568//1568
f 1569//1569 1571//1571 1570//1570
f 1569//1569 1570//1570 1572//1572
f 1573//1573 1575//1575 1574//1574
f 1573//1573 1574//1574 1576//1576
f 1577//1577 1579//1579 1578//1578
f 1577//1577 1578//1578 1580//1580
f 1581//1581 1583//1583 1582//1582
f 1581//1581 1582//1582 1584//1584
f 1585//1585 1587//1587 1586//1586
f 1585//1585 1586//1586 1588//1588
f 1589//1589 1591//1591 1590//1590
f 1589//1589 1590//1590 1592//1592
f 1593//1593 1595//1595 1594//1594
f 1593//1593 1594//1594 1596//1596
f 1597//1597 1599//1599 1598//1598
f 1597//1597 1598//1598 1600//1600
f 1601//1601 1603//1603 1602//1602
f 1601//1601 1602//1602 1604//1604
f 1605//1605 1607//1607 1606//1606
f 1605//1605 1606//1606 1608//1608
f 1609//1609 1611//1611 1610//1610
f 1609//1609 1610//1610 1612//1612
f 1613//1613 1615//1615 1614//1614
f 1613//1613 1614//1614 1616//1616
f 1617//1617 1619//1619 1618//1618
f 1617//1617 1618//1618 1620//1620
f 1621//1621 1623//1623 1622//1622
f 1621//1621 1622//1622 1624//1624
f 1625//1625 1627//1627 1626//1626
f 1625//1625 1626//1626 1628//1628
f 1629//1629 1631//1631 1630//1630
f 1629//1629 1630//1630 1632//1632
f 1633//1633 1635//1635 1634//1634
f 1633//1633 1634//1634 1636//1636
f 1637//1637 1639//1639 1638//1638
f 1637//1637 1638//1638 1640//1640
f 1641//1641 1643//1643 1642//1642
f 1641//1641 1642//1642 1644//1644
f 1645//1645 1647//1647 1646//1646
f 1645//1645 1646//1646 1648//1648
f 289//289 291//291 290//290
f 289//289 290//290 292//292
f 293//293 295//295 294//294
f 293//293 294//294 296//296
f 297//297 299//299 298//298
f 297//297 298//298 300//300
f 301//301 303//303 302//302
f 301//301 302//302 304//304
f 305//305 307//307 306//306
f 305//305 306//306 308//308
f 309//309 311//311 310//310
f 312//312 314//314 313//313
f 315//315 317//317 316//316
f 318//318 320//320 319//319
f 321//321 323//323 322//322
f 324//324 326//326 325//325
f 327//327 329//329 328//328
f 330//330 332//332 331//331
f 333//333 335//335 334//334
f 333//333 334//334 336//336
f 337//337 339//339 338//338
f 337//337 338//338 340//340
f 341//341 343//343 342//342
f 341//341 342//342 344//344
f 345//345 347//347 346//346
f 345//345 346//346 348//348
f 349//349 351//351 350//350
f 349//349 350//350 352//352
f 353//353 355//355 354//354
f 353//353 354//354 356//356
f 357//357 359//359 358//358
f 357//357 358//358 360//360
f 361//361 363//363 362//362
f 361//361 362//362 364//364
f 365//365 367//367 366//366
f 365//365 366//366 368//368
f 369//369 371//371 370//370
f 369//369 370//370 372//372
f 373//373 375//375 374//374
f 373//373 374//374 376//376
f 377//377 379//379 378//378
f 377//377 378//378 380//380
f 381//381 383//383 382//382
f 381//381 382//382 384//384
f 1649//1649 1651//1651 1650//1650
f 1649//1649 1650//1650 1652//1652
f 1653//1653 1655//1655 1654//1654
f 1653//1653 1654//1654 1656//1656
f 1657//1657 1659//1659 1658//1658
f 1657//1657 1658//1658 1660//1660
f 1661//1661 1663//1663 1662//1662
f 1661//1661 1662//1662 1664//1664
f 1665//1665 1667//1667 1666//1666
f 1665//1665 1666//1666 1668//1668
f 1669//1669 1671//1671 1670//1670
f 1669//1669 1670//1670 1672//1672
f 1673//1673 1675//1675 1674//1674
f 1673//1673 1674//1674 1676//1676
f 1677//1677 1679//1679 1678//1678
f 1677//1677 1678//1678 1680//1680
f 1681//1681 1683//1683 1682//1682
f 1681//1681 1682//1682 1684//1684
f 1685//1685 1687//1687 1686//1686
f 1685//1685 1686//1686 1688//1688
f 1689//1689 1691//1691 1690//1690
f 1689//1689 1690//1690 1692//1692
f 1693//1693 1695//1695 1694//1694
f 1693//1693 1694//1694 1696//1696
f 1697//1697 1699//1699 1698//1698
f 1697//1697 1698//1698 1700//1700
f 1701//1701 1703//1703 1702//1702
f 1701//1701 1702//1702 1704//1704
f 1705//1705 1707//1707 1706//1706
f 1705//1705 1706//1706 1708//1708
f 1709//1709 1711//1711 1710//1710
f 1709//1709 1710//1710 1712//1712
f 1713//1713 1715//1715 1714//1714
f 1713//1713 1714//1714 1716//1716
f 1717//1717 1719//1719 1718//1718
f 1717//1717 1718//1718 1720//1720
f 1721//1721 1723//1723 1722//1722
f 1721//1721 1722//1722 1724//1724
f 1725//1725 1727//1727 1726//1726
f 1725//1725 1726//1726 1728//1728
f 1729//1729 1731//1731 1730//1730
f 1729//1729 1730//1730 1732//1732
f 1733//1733 1735//1735 1734//1734
f 1733//1733 1734//1734 1736//1736
f 1737//1737 1739//1739 1738//1738
f 1737//1737 1738//1738 1740//1740
f 1741//1741 1743//1743 1742//1742
f 1741//1741 1742//1742 1744//1744
f 1745//1745 1747//1747 1746//1746
f 1745//1745 1746//1746 1748//1748
f 1749//1749 1751//1751 1750//1750
f 1749//1749 1750//1750 1752//1752
f 1753//1753 1755//1755 1754//1754
f 1753//1753 1754//1754 1756//1756
f 1757//1757 1759//1759 1758//1758
f 1757//1757 1758//1758 1760//1760
f 1761//1761 1763//1763 1762//1762
f 1761//1761 1762//1762 1764//1764
f 1765//1765 1767//1767 1766//1766
f 1765//1765 1766//1766 1768//1768
f 1769//1769 1771//1771 1770//1770
f 1769//1769 1770//1770 1772//1772
f 1773//1773 1775//1775 1774//1774
f 1773//1773 1774//1774 1776//1776
f 1777//1777 1779//1779 1778//1778
f 1777//1777 1778//1778 1780//1780
f 1781//1781 1783//1783 1782//1782
f 1781//1781 1782//1782 1784//1784
f 1785//1785 1787//1787 1786//1786
f 1785//1785 1786//1786 1788//1788
f 1789//1789 1791//1791 1790//1790
f 1789//1789 1790//1790 1792//1792
f 385//385 387//387 386//386
f 385//385 386//386 388//388
f 389//389 391//391 390//390
f 389//389 390//390 392//392
f 393//393 395//395 394//394
f 393//393 394//394 396//396
f 397//397 399//399 398//398
f 397//397 398//398 400//400
f 401//401 403//403 402//402
f 401//401 402//402 404//404
f 405//405 407//407 406//406
f 408//408 410//410 409//409
f 411//411 413//413 412//412
f 414//414 416//416 415//415
f 417//417 419//419 418//418
f 420//420 422//422 421//421
f 423//423 425//425 424//424
f 426//426 428//428 427//427
f 429//429 431//431 430//430
f 429//429 430//430 432//432
f 433//433 435//435 434//434
f 433//433 434//434 436//436
f 437//437 439//439 438//438
f 437//437 438//438 440//440
f 441//441 443//443 442//442
f 441//441 442//442 444//444
f 445//445 447//447 446//446
f 445//445 446//446 448//448
f 449//449 451//451 450//450
f 449//449 450//450 452//452
f 453//453 455//455 454//454
f 453//453 454//454 456//456
f 457//457 459//459 458//458
f 457//457 458//458 460//460
f 461//461 463//463 462//462
f 461//461 462//462 464//464
f 465//465 467//467 466//466
f 465//465 466//466 468//468
f 469//469 471//471 470//470
f 469//469 470//470 472//472
f 473//473 475//475 474//474
f 473//473 474//474 476//476
f 477//477 479//479 478//478
f 477//477 478//478 480//480
f 1793//1793 1795//1795 1794//1794
f 1793//1793 1794//1794 1796//1796
f 1797//1797 1799//1799 1798//1798
f 1797//1797 1798//1798 1800//1800
f 1801//1801 1803//1803 1802//1802
f 1801//1801 1802//1802 1804//1804
f 1805//1805 1807//1807 1806//1806
f 1805//1805 1806//1806 1808//1808
f 1809//1809 1811//1811 1810//1810
f 1809//1809 1810//1810 1812//1812
f 1813//1813 1815//1815 1814//1814
f 1813//1813 1814//1814 1816//1816
f 1817//1817 1819//1819 1818//1818
f 1817//1817 1818//1818 1820//1820
f 1821//1821 1823//1823 1822//1822
f 1821//1821 1822//1822 1824//1824
f 1825//1825 1827//1827 1826//1826
f 1825//1825 1826//1826 1828//1828
f 1829//1829 1831//1831 1830//1830
f 1829//1829 1830//1830 1832//1832
f 1833//1833 1835//1835 1834//1834
f 1833//1833 1834//1834 1836//1836
f 1837//1837 1839//1839 1838//1838
f 1837//1837 1838//1838 1840//1840
f 1841//1841 1843//1843 1842//1842
f 1841//1841 1842//1842 1844//1844
f 1845//1845 1847//1847 1846//1846
f 1845//1845 1846//1846 1848//1848
f 1849//1849 1851//1851 1850//1850
f 1849//1849 1850//1850 1852//1852
f 1853//1853 1855//1855 1854//1854
f 1853//1853 1854//1854 1856//1856
f 1857//1857 1859//1859 1858//1858
f 1857//1857 1858//1858 1860//1860
f 1861//1861 1863//1863 1862//1862
f 1861//1861 1862//1862 1864//1864
f 481//481 483//483 482//482
f 481//481 482//482 484//484
f 485//485 487//487 486//486
f 485//485 486//486 488//488
f 489//489 491//491 490//490
f 489//489 490//490 492//492
f 493//493 495//495 494//494
f 493//493 494//494 496//496
f 497//497 499//499 498//498
f 497//497 498//498 500//500
f 501//501 503//503 502//502
f 504//504 506//506 505//505
f 507//507 509//509 508//508
f 510//510 512//512 511//511
f 513//513 515//515 514//514
f 516//516 518//518 517//517
f 519//519 521//521 520//520
f 522//522 524//524 523//523
f 525//525 527//527 526//526
f 525//525 526//526 528//528
f 529//529 531//531 530//530
f 529//529 530//530 532//532
f 533//533 535//535 534//534
f 533//533 534//534 536//536
f 537//537 539//539 538//538
f 537//537 538//538 540//540
f 541//541 543//543 542//542
f 541//541 542//542 544//544
f 545//545 547//547 546//546
f 545//545 546//546 548//548
f 549//549 551//551 550//550
f 549//549 550//550 552//552
f 553//553 555//555 554//554
f 553//553 554//554 556//556
f 557//557 559//559 558//558
f 557//557 558//558 560//560
f 561//561 563//563 562//562
f 561//561 562//562 564//564
f 565//565 567//567 566//566
f 565//565 566//566 568//568
f 569//569 571//571 570//570
f 569//569 570//570 572//572
f 573//573 575//575 574//574
f 573//573 574//574 576//576
f 1865//1865 1867//1867 1866//1866
f 1865//1865 1866//1866 1868//1868
f 1869//1869 1871//1871 1870//1870
f 1869//1869 1870//1870 1872//1872
f 1873//1873 1875//1875 1874//1874
f 1873//1873 1874//1874 1876//1876
f 1877//1877 1879//1879 1878//1878
f 1877//1877 1878//1878 1880//1880
f 1881//1881 1883//1883 1882//1882
f 1881//1881 1882//1882 1884//1884
f 1885//1885 1887//1887 1886//1886
f 1885//1885 1886//1886 1888//1888
f 1889//1889 1891//1891 1890//1890
f 1889//1889 1890//1890 1892//1892
f 1893//1893 1895//1895 1894//1894
f 1893//1893 1894//1894 1896//1896
f 1897//1897 1899//1899 1898//1898
f 1897//1897 1898//1898 1900//1900
f 1901//1901 1903//1903 1902//1902
f 1901//1901 1902//1902 1904//1904
f 1905//1905 1907//1907 1906//1906
f 1905//1905 1906//1906 1908//1908
f 1909//1909 1911//1911 1910//1910
f 1909//1909 1910//1910 1912//1912
f 1913//1913 1915//1915 1914//1914
f 1913//1913 1914//1914 1916//1916
f 1917//1917 1919//1919 1918//1918
f 1917//1917 1918//1918 1920//1920
f 1921//1921 1923//1923 1922//1922
f 1921//1921 1922//1922 1924//1924
f 1925//1925 1927//1927 1926//1926
f 1925//1925 1926//1926 1928//1928
f 1929//1929 1931//1931 1930//1930
f 1929//1929 1930//1930 1932//1932
f 1933//1933 1935//1935 1934//1934
f 1933//1933 1934//1934 1936//1936
f 577//577 579//579 578//578
f 577//577 578//578 580//580
f 581//581 583//583 582//582
f 581//581 582//582 584//584
f 585//585 587//587 586//586
f 585//585 586//586 588//588
f 589//589 591//591 590//590
f 589//589 590//590 592//592
f 593//593 595//595 594//594
f 593//593 594//594 596//596
f 597//597 599//599 598//598
f 600//600 602//602 601//601
f 603//603 605//605 604//604
f 606//606 608//608 607//607
f 609//609 611//611 610//610
f 612//612 614//614 613//613
f 615//615 617//617 616//616
f 618//618 620//620 619//619
f 621//621 623//623 622//622
f 621//621 622//622 624//624
f 625//625 627//627 626//626
f 625//625 626//626 628//628
f 629//629 631//631 630//630
f 629//629 630//630 632//632
f 633//633 635//635 634//634
f 633//633 634//634 636//636
f 637//637 639//639 638//638
f 637//637 638//638 640//640
f 641//641 643//643 642//642
f 641//641 642//642 644//644
f 645//645 647//647 646//646
f 645//645 646//646 648//648
f 649//649 651//651 650//650
f 649//649 650//650 652//652
f 653//653 655//655 654//654
f 653//653 654//654 656//656
f 657//657 659//659 658//658
f 657//657 658//658 660//660
f 661//661 663//663 662//662
f 661//661 662//662 664//664
f 665//665 667//667 666//666
f 665//665 666//666 668//668
f 669//669 671//671 670//670
f 669//669 670//670 672//672
f 1937//1937 1939//1939 1938//1938
f 1937//1937 1938//1938 1940//1940
f 1941//1941 1943//1943 1942//1942
f 1941//1941 1942//1942 1944//1944
f 1945//1945 1947//1947 1946//1946
f 1945//1945 1946//1946 1948//1948
f 1949//1949 1951//1951 1950//1950
f 1949//1949 1950//1950 1952//1952
f 1953//1953 1955//1955 1954//1954
f 1953//1953 1954//1954 1956//1956
f 1957//1957 1959//1959 1958//1958
f 1957//1957 1958//1958 1960//1960
f 1961//1961 1963//1963 1962//1962
f 1961//1961 1962//1962 1964//1964
f 1965//1965 1967//1967 1966//1966
f 1965//1965 1966//1966 1968//1968
f 1969//1969 1971//1971 1970//1970
f 1969//1969 1970//1970 1972//1972
f 1973//1973 1975//1975 1974//1974
f 1973//1973 1974//1974 1976//1976
f 1977//1977 1979//1979 1978//1978
f 1977//1977 1978//1978 1980//1980
f 1981//1981 1983//1983 1982//1982
f 1981//1981 1982//1982 1984//1984
f 1985//1985 1987//1987 1986//1986
f 1985//1985 1986//1986 1988//1988
f 1989//1989 1991//1991 1990//1990
f 1989//1989 1990//1990 1992//1992
f 1993//1993 1995//1995 1994//1994
f 1993//1993 1994//1994 1996//1996
f 1997//1997 1999//1999 1998//1998
f 1997//1997 1998//1998 2000//2000
f 2001//2001 2003//2003 2002//2002
f 2001//2001 2002//2002 2004//2004
f 2005//2005 2007//2007 2006//2006
f 2005//2005 2006//2006 2008//2008
f 2009//2009 2011//2011 2010//2010
f 2009//2009 2010//2010 2012//2012
f 2013//2013 2015//2015 2014//2014
f 2013//2013 2014//2014 2016//2016
f 2017//2017 2019//2019 2018//2018
f 2017//2017 2018//2018 2020//2020
f 2021//2021 2023//2023 2022//2022
f 2021//2021 2022//2022 2024//2024
f 2025//2025 2027//2027 2026//2026
f 2025//2025 2026//2026 2028//2028
f 2029//2029 2031//2031 2030//2030
f 2029//2029 2030//2030 2032//2032
f 2033//2033 2035//2035 2034//2034
f 2033//2033 2034//2034 2036//2036
f 2037//2037 2039//2039 2038//2038
f 2037//2037 2038//2038 2040//2040
f 2041//2041 2043//2043 2042//2042
f 2041//2041 2042//2042 2044//2044
f 2045//2045 2047//2047 2046//2046
f 2045//2045 2046//2046 2048//2048
f 2049//2049 2051//2051 2050//2050
f 2049//2049 2050//2050 2052//2052
f 2053//2053 2055//2055 2054//2054
f 2053//2053 2054//2054 2056//2056
f 2057//2057 2059//2059 2058//2058
f 2057//2057 2058//2058 2060//2060
f 2061//2061 2063//2063 2062//2062
f 2061//2061 2062//2062 2064//2064
f 2065//2065 2067//2067 2066//2066
f 2065//2065 2066//2066 2068//2068
f 2069//2069 2071//2071 2070//2070
f 2069//2069 2070//2070 2072//2072
f 2073//2073 2075//2075 2074//2074
f 2073//2073 2074//2074 2076//2076
f 2077//2077 2079//2079 2078//2078
f 2077//2077 2078//2078 2080//2080
f 2081//2081 2083//2083 2082//2082
f 2084//2084 718//718 2085//2085
f 2086//2086 2088//2088 2087//2087
f 2086//2086 2087//2087 2089//2089
f 2090//2090 706//706 2091//2091
f 2092//2092 2094//2094 2093//2093
f 2095//2095 2096//2096 683//683
f 2095//2095 683//683 685//685
f 2097//2097 2099//2099 2098//2098
f 2100//2100 2102//2102 2101//2101
f 2103//2103 2105//2105 2104//2104
f 2103//2103 2104//2104 2106//2106
f 2107//2107 2109//2109 2108//2108
f 2110//2110 2112//2112 2111//2111
f 2113//2113 2115//2115 2114//2114
f 2113//2113 2114//2114 2116//2116
f 2117//2117 2119//2119 2118//2118
f 2120//2120 2122//2122 2121//2121
f 2123//2123 2125//2125 2124//2124
f 2123//2123 2124//2124 2126//2126
f 2127//2127 2129//2129 2128//2128
f 2130//2130 2132//2132 2131//2131
f 2133//2133 2135//2135 2134//2134
f 2133//2133 2134//2134 2136//2136
f 2137//2137 748//748 2138//2138
f 2139//2139 2141//2141 2140//2140
f 2142//2142 2144//2144 2143//2143
f 2142//2142 2143//2143 2145//2145
f 2146//2146 2147//2147 720//720
f 2148//2148 733//733 2149//2149
f 2150//2150 2152//2152 2151//2151
f 2150//2150 2151//2151 2153//2153
f 2154//2154 2156//2156 2155//2155
f 2157//2157 2158//2158 703//703
f 680//680 682//682 2159//2159
f 680//680 2159//2159 2160//2160
f 2161//2161 2163//2163 2162//2162
f 2164//2164 2166//2166 2165//2165
f 2167//2167 2169//2169 2168//2168
f 2167//2167 2168//2168 2170//2170
f 2171//2171 2173//2173 2172//2172
f 2171//2171 2172//2172 2174//2174
f 2175//2175 2177//2177 2176//2176
f 2178//2178 2180//2180 2179//2179
f 2181//2181 2182//2182 750//750
f 696//696 693//693 2183//2183
f 696//696 2183//2183 694//694
f 2183//2183 695//695 694//694
f 700//700 701//701 696//696
f 2184//2184 700//700 696//696
f 694//694 2184//2184 696//696
f 2184//2184 702//702 700//700
f 694//694 697//697 2184//2184
f 697//697 699//699 2184//2184
f 694//694 698//698 697//697
f 2185//2185 2187//2187 2186//2186
f 2185//2185 2186//2186 2188//2188
f 2189//2189 2190//2190 735//735
f 2191//2191 2192//2192 705//705
f 2191//2191 705//705 2193//2193
f 2194//2194 2196//2196 2195//2195
f 2194//2194 2195//2195 734//734
f 2197//2197 2199//2199 2198//2198
f 2197//2197 2198//2198 2200//2200
f 677//677 674//674 2201//2201
f 677//677 2201//2201 2202//2202
f 2203//2203 2204//2204 708//708
f 2203//2203 708//708 707//707
f 2205//2205 2206//2206 762//762
f 2205//2205 762//762 761//761
f 679//679 681//681 2207//2207
f 679//679 2207//2207 2208//2208
f 709//709 712//712 711//711
f 709//709 711//711 710//710
f 757//757 760//760 759//759
f 757//757 759//759 758//758
f 2209//2209 2211//2211 2210//2210
f 2209//2209 2210//2210 2212//2212
f 2213//2213 715//715 714//714
f 2213//2213 714//714 713//713
f 754//754 2214//2214 756//756
f 754//754 756//756 755//755
f 2215//2215 2216//2216 689//689
f 2215//2215 689//689 687//687
f 2217//2217 2218//2218 717//717
f 2217//2217 717//717 716//716
f 2219//2219 2220//2220 753//753
f 2219//2219 753//753 752//752
f 2221//2221 2222//2222 692//692
f 2221//2221 692//692 691//691
f 2223//2223 2225//2225 2224//2224
f 2223//2223 2224//2224 719//719
f 2226//2226 2227//2227 751//751
f 2226//2226 751//751 2228//2228
f 2229//2229 2231//2231 2230//2230
f 2229//2229 2230//2230 2232//2232
f 2233//2233 2234//2234 721//721
f 2233//2233 721//721 2235//2235
f 2236//2236 2238//2238 2237//2237
f 2236//2236 2237//2237 749//749
f 690//690 688//688 2239//2239
f 690//690 2239//2239 2240//2240
f 2241//2241 2242//2242 723//723
f 2241//2241 723//723 722//722
f 2243//2243 2244//2244 747//747
f 2243//2243 747//747 746//746
f 686//686 684//684 2245//2245
f 686//686 2245//2245 2246//2246
f 724//724 2247//2247 726//726
f 724//724 726//726 725//725
f 2248//2248 745//745 744//744
f 2248//2248 744//744 743//743
f 2249//2249 2251//2251 2250//2250
f 2249//2249 2250//2250 2252//2252
f 727//727 730//730 729//729
f 727//727 729//729 728//728
f 739//739 742//742 741//741
f 739//739 741//741 740//740
f 2253//2253 2254//2254 676//676
f 2253//2253 676//676 678//678
f 2255//2255 2256//2256 732//732
f 2255//2255 732//732 731//731
f 2257//2257 2258//2258 738//738
f 2257//2257 738//738 737//737
f 2259//2259 2260//2260 673//673
f 2259//2259 673//673 675//675
f 2261//2261 2263//2263 2262//2262
f 2261//2261 2262//2262 704//704
f 2264//2264 2265//2265 736//736
f 2264//2264 736//736 2266//2266
f 766//766 2267//2267 763//763
f 766//766 763//763 764//764
f 763//763 765//765 764//764
f 770//770 771//771 766//766
f 769//769 770//770 766//766
f 764//764 769//769 766//766
f 769//769 772//772 770//770
f 764//764 767//767 769//769
f 767//767 2268//2268 769//769
f 764//764 768//768 767//767
f 2269//2269 2271//2271 2270//2270
f 2269//2269 2270//2270 2272//2272
f 2273//2273 2275//2275 2274//2274
f 2273//2273 2274//2274 2276//2276
f 2277//2277 2279//2279 2278//2278
f 2277//2277 2278//2278 2280//2280
f 2281//2281 2283//2283 2282//2282
f 2281//2281 2282//2282 2284//2284
f 2285//2285 2287//2287 2286//2286
f 2285//2285 2286//2286 2288//2288
f 2289//2289 2291//2291 2290//2290
f 2289//2289 2290//2290 2292//2292
f 2293//2293 2295//2295 2294//2294
f 2293//2293 2294//2294 2296//2296
f 2297//2297 2299//2299 2298//2298
f 2297//2297 2298//2298 2300//2300
f 2301//2301 2303//2303 2302//2302
f 2301//2301 2302//2302 2304//2304
f 2305//2305 2307//2307 2306//2306
f 2305//2305 2306//2306 2308//2308
f 2309//2309 2311//2311 2310//2310
f 2309//2309 2310//2310 2312//2312
f 2310//2310 2313//2313 2312//2312
f 2314//2314 2315//2315 2309//2309
f 2316//2316 2314//2314 2309//2309
f 2312//2312 2316//2316 2309//2309
f 2316//2316 2317//2317 2314//2314
f 2312//2312 2318//2318 2316//2316
f 2318//2318 2319//2319 2316//2316
f 2312//2312 2320//2320 2318//2318
f 2321//2321 2323//2323 2322//2322
f 2321//2321 2322//2322 2324//2324
f 2325//2325 2327//2327 2326//2326
f 2325//2325 2326//2326 2328//2328
f 2329//2329 2331//2331 2330//2330
f 2329//2329 2330//2330 2332//2332
f 2330//2330 2333//2333 2332//2332
f 2334//2334 2335//2335 2329//2329
f 2336//2336 2334//2334 2329//2329
f 2332//2332 2336//2336 2329//2329
f 2336//2336 2337//2337 2334//2334
f 2332//2332 2338//2338 2336//2336
f 2338//2338 2339//2339 2336//2336
f 2332//2332 2340//2340 2338//2338
f 2341//2341 2343//2343 2342//2342
f 2344//2344 818//818 2345//2345
f 2346//2346 2348//2348 2347//2347
f 2346//2346 2347//2347 2349//2349
f 2350//2350 806//806 2351//2351
f 2352//2352 2354//2354 2353//2353
f 2355//2355 2356//2356 783//783
f 2355//2355 783//783 785//785
f 2357//2357 2359//2359 2358//2358
f 2360//2360 2362//2362 2361//2361
f 2363//2363 2365//2365 2364//2364
f 2363//2363 2364//2364 2366//2366
f 2367//2367 2369//2369 2368//2368
f 2370//2370 2372//2372 2371//2371
f 2373//2373 2375//2375 2374//2374
f 2373//2373 2374//2374 2376//2376
f 2377//2377 2379//2379 2378//2378
f 2380//2380 2382//2382 2381//2381
f 2383//2383 2385//2385 2384//2384
f 2383//2383 2384//2384 2386//2386
f 2387//2387 2389//2389 2388//2388
f 2390//2390 2392//2392 2391//2391
f 2393//2393 2395//2395 2394//2394
f 2393//2393 2394//2394 2396//2396
f 2397//2397 848//848 2398//2398
f 2399//2399 2401//2401 2400//2400
f 2402//2402 2404//2404 2403//2403
f 2402//2402 2403//2403 2405//2405
f 2406//2406 2407//2407 820//820
f 2408//2408 833//833 2409//2409
f 2410//2410 2412//2412 2411//2411
f 2410//2410 2411//2411 2413//2413
f 2414//2414 2416//2416 2415//2415
f 2417//2417 2418//2418 803//803
f 780//780 782//782 2419//2419
f 780//780 2419//2419 2420//2420
f 2421//2421 2423//2423 2422//2422
f 2424//2424 2426//2426 2425//2425
f 2427//2427 2429//2429 2428//2428
f 2427//2427 2428//2428 2430//2430
f 2431//2431 2433//2433 2432//2432
f 2431//2431 2432//2432 2434//2434
f 2435//2435 2437//2437 2436//2436
f 2438//2438 2440//2440 2439//2439
f 2441//2441 2442//2442 850//850
f 796//796 793//793 2443//2443
f 796//796 2443//2443 794//794
f 2443//2443 795//795 794//794
f 800//800 801//801 796//796
f 2444//2444 800//800 796//796
f 794//794 2444//2444 796//796
f 2444//2444 802//802 800//800
f 794//794 797//797 2444//2444
f 797//797 799//799 2444//2444
f 794//794 798//798 797//797
f 2445//2445 2447//2447 2446//2446
f 2445//2445 2446//2446 2448//2448
f 2449//2449 2450//2450 835//835
f 2451//2451 2452//2452 805//805
f 2451//2451 805//805 2453//2453
f 2454//2454 2456//2456 2455//2455
f 2454//2454 2455//2455 834//834
f 2457//2457 2459//2459 2458//2458
f 2457//2457 2458//2458 2460//2460
f 777//777 774//774 2461//2461
f 777//777 2461//2461 2462//2462
f 2463//2463 2464//2464 808//808
f 2463//2463 808//808 807//807
f 2465//2465 2466//2466 862//862
f 2465//2465 862//862 861//861
f 779//779 781//781 2467//2467
f 779//779 2467//2467 2468//2468
f 809//809 812//812 811//811
f 809//809 811//811 810//810
f 857//857 860//860 859//859
f 857//857 859//859 858//858
f 2469//2469 2471//2471 2470//2470
f 2469//2469 2470//2470 2472//2472
f 2473//2473 815//815 814//814
f 2473//2473 814//814 813//813
f 854//854 2474//2474 856//856
f 854//854 856//856 855//855
f 2475//2475 2476//2476 789//789
f 2475//2475 789//789 787//787
f 2477//2477 2478//2478 817//817
f 2477//2477 817//817 816//816
f 2479//2479 2480//2480 853//853
f 2479//2479 853//853 852//852
f 2481//2481 2482//2482 792//792
f 2481//2481 792//792 791//791
f 2483//2483 2485//2485 2484//2484
f 2483//2483 2484//2484 819//819
f 2486//2486 2487//2487 851//851
f 2486//2486 851//851 2488//2488
f 2489//2489 2491//2491 2490//2490
f 2489//2489 2490//2490 2492//2492
f 2493//2493 2494//2494 821//821
f 2493//2493 821//821 2495//2495
f 2496//2496 2498//2498 2497//2497
f 2496//2496 2497//2497 849//849
f 790//790 788//788 2499//2499
f 790//790 2499//2499 2500//2500
f 2501//2501 2502//2502 823//823
f 2501//2501 823//823 822//822
f 2503//2503 2504//2504 847//847
f 2503//2503 847//847 846//846
f 786//786 784//784 2505//2505
f 786//786 2505//2505 2506//2506
f 824//824 2507//2507 826//826
f 824//824 826//826 825//825
f 2508//2508 845//845 844//844
f 2508//2508 844//844 843//843
f 2509//2509 2511//2511 2510//2510
f 2509//2509 2510//2510 2512//2512
f 827//827 830//830 829//829
f 827//827 829//829 828//828
f 839//839 842//842 841//841
f 839//839 841//841 840//840
f 2513//2513 2514//2514 776//776
f 2513//2513 776//776 778//778
f 2515//2515 2516//2516 832//832
f 2515//2515 832//832 831//831
f 2517//2517 2518//2518 838//838
f 2517//2517 838//838 837//837
f 2519//2519 2520//2520 773//773
f 2519//2519 773//773 775//775
f 2521//2521 2523//2523 2522//2522
f 2521//2521 2522//2522 804//804
f 2524//2524 2525//2525 836//836
f 2524//2524 836//836 2526//2526
f 866//866 2527//2527 863//863
f 866//866 863//863 864//864
f 863//863 865//865 864//864
f 870//870 871//871 866//866
f 869//869 870//870 866//866
f 864//864 869//869 866//866
f 869//869 872//872 870//870
f 864//864 867//867 869//869
f 867//867 2528//2528 869//869
f 864//864 868//868 867//867
f 2529//2529 2531//2531 2530//2530
f 2529//2529 2530//2530 2532//2532
f 2533//2533 2535//2535 2534//2534
f 2533//2533 2534//2534 2536//2536
f 2537//2537 2539//2539 2538//2538
f 2537//2537 2538//2538 2540//2540
f 2541//2541 2543//2543 2542//2542
f 2541//2541 2542//2542 2544//2544
f 2545//2545 2547//2547 2546//2546
f 2545//2545 2546//2546 2548//2548
f 2549//2549 2551//2551 2550//2550
f 2549//2549 2550//2550 2552//2552
f 2553//2553 2555//2555 2554//2554
f 2553//2553 2554//2554 2556//2556
f 2557//2557 2559//2559 2558//2558
f 2557//2557 2558//2558 2560//2560
f 2561//2561 2563//2563 2562//2562
f 2561//2561 2562//2562 2564//2564
f 2565//2565 2567//2567 2566//2566
f 2565//2565 2566//2566 2568//2568
f 2569//2569 2571//2571 2570//2570
f 2569//2569 2570//2570 2572//2572
f 2570//2570 2573//2573 2572//2572
f 2574//2574 2575//2575 2569//2569
f 2576//2576 2574//2574 2569//2569
f 2572//2572 2576//2576 2569//2569
f 2576//2576 2577//2577 2574//2574
f 2572//2572 2578//2578 2576//2576
f 2578//2578 2579//2579 2576//2576
f 2572//2572 2580//2580 2578//2578
f 2581//2581 2583//2583 2582//2582
f 2581//2581 2582//2582 2584//2584
f 2585//2585 2587//2587 2586//2586
f 2585//2585 2586//2586 2588//2588
f 2589//2589 2591//2591 2590//2590
f 2589//2589 2590//2590 2592//2592
f 2590//2590 2593//2593 2592//2592
f 2594//2594 2595//2595 2589//2589
f 2596//2596 2594//2594 2589//2589
f 2592//2592 2596//2596 2589//2589
f 2596//2596 2597//2597 2594//2594
f 2592//2592 2598//2598 2596//2596
f 2598//2598 2599//2599 2596//2596
f 2592//2592 2600//2600 2598//2598
f 2601//2601 2603//2603 2602//2602
f 2604//2604 918//918 2605//2605
f 2606//2606 2608//2608 2607//2607
f 2606//2606 2607//2607 2609//2609
f 2610//2610 906//906 2611//2611
f 2612//2612 2614//2614 2613//2613
f 2615//2615 2616//2616 883//883
f 2615//2615 883//883 885//885
f 2617//2617 2619//2619 2618//2618
f 2620//2620 2622//2622 2621//2621
f 2623//2623 2625//2625 2624//2624
f 2623//2623 2624//2624 2626//2626
f 2627//2627 2629//2629 2628//2628
f 2630//2630 2632//2632 2631//2631
f 2633//2633 2635//2635 2634//2634
f 2633//2633 2634//2634 2636//2636
f 2637//2637 2639//2639 2638//2638
f 2640//2640 2642//2642 2641//2641
f 2643//2643 2645//2645 2644//2644
f 2643//2643 2644//2644 2646//2646
f 2647//2647 2649//2649 2648//2648
f 2650//2650 2652//2652 2651//2651
f 2653//2653 2655//2655 2654//2654
f 2653//2653 2654//2654 2656//2656
f 2657//2657 948//948 2658//2658
f 2659//2659 2661//2661 2660//2660
f 2662//2662 2664//2664 2663//2663
f 2662//2662 2663//2663 2665//2665
f 2666//2666 2667//2667 920//920
f 2668//2668 933//933 2669//2669
f 2670//2670 2672//2672 2671//2671
f 2670//2670 2671//2671 2673//2673
f 2674//2674 2676//2676 2675//2675
f 2677//2677 2678//2678 903//903
f 880//880 882//882 2679//2679
f 880//880 2679//2679 2680//2680
f 2681//2681 2683//2683 2682//2682
f 2684//2684 2686//2686 2685//2685
f 2687//2687 2689//2689 2688//2688
f 2687//2687 2688//2688 2690//2690
f 2691//2691 2693//2693 2692//2692
f 2691//2691 2692//2692 2694//2694
f 2695//2695 2697//2697 2696//2696
f 2698//2698 2700//2700 2699//2699
f 2701//2701 2702//2702 950//950
f 896//896 893//893 2703//2703
f 896//896 2703//2703 894//894
f 2703//2703 895//895 894//894
f 900//900 901//901 896//896
f 2704//2704 900//900 896//896
f 894//894 2704//2704 896//896
f 2704//2704 902//902 900//900
f 894//894 897//897 2704//2704
f 897//897 899//899 2704//2704
f 894//894 898//898 897//897
f 2705//2705 2707//2707 2706//2706
f 2705//2705 2706//2706 2708//2708
f 2709//2709 2710//2710 935//935
f 2711//2711 2712//2712 905//905
f 2711//2711 905//905 2713//2713
f 2714//2714 2716//2716 2715//2715
f 2714//2714 2715//2715 934//934
f 2717//2717 2719//2719 2718//2718
f 2717//2717 2718//2718 2720//2720
f 877//877 874//874 2721//2721
f 877//877 2721//2721 2722//2722
f 2723//2723 2724//2724 908//908
f 2723//2723 908//908 907//907
f 2725//2725 2726//2726 962//962
f 2725//2725 962//962 961//961
f 879//879 881//881 2727//2727
f 879//879 2727//2727 2728//2728
f 909//909 912//912 911//911
f 909//909 911//911 910//910
f 957//957 960//960 959//959
f 957//957 959//959 958//958
f 2729//2729 2731//2731 2730//2730
f 2729//2729 2730//2730 2732//2732
f 2733//2733 915//915 914//914
f 2733//2733 914//914 913//913
f 954//954 2734//2734 956//956
f 954//954 956//956 955//955
f 2735//2735 2736//2736 889//889
f 2735//2735 889//889 887//887
f 2737//2737 2738//2738 917//917
f 2737//2737 917//917 916//916
f 2739//2739 2740//2740 953//953
f 2739//2739 953//953 952//952
f 2741//2741 2742//2742 892//892
f 2741//2741 892//892 891//891
f 2743//2743 2745//2745 2744//2744
f 2743//2743 2744//2744 919//919
f 2746//2746 2747//2747 951//951
f 2746//2746 951//951 2748//2748
f 2749//2749 2751//2751 2750//2750
f 2749//2749 2750//2750 2752//2752
f 2753//2753 2754//2754 921//921
f 2753//2753 921//921 2755//2755
f 2756//2756 2758//2758 2757//2757
f 2756//2756 2757//2757 949//949
f 890//890 888//888 2759//2759
f 890//890 2759//2759 2760//2760
f 2761//2761 2762//2762 923//923
f 2761//2761 923//923 922//922
f 2763//2763 2764//2764 947//947
f 2763//2763 947//947 946//946
f 886//886 884//884 2765//2765
f 886//886 2765//2765 2766//2766
f 924//924 2767//2767 926//926
f 924//924 926//926 925//925
f 2768//2768 945//945 944//944
f 2768//2768 944//944 943//943
f 2769//2769 2771//2771 2770//2770
f 2769//2769 2770//2770 2772//2772
f 927//927 930//930 929//929
f 927//927 929//929 928//928
f 939//939 942//942 941//941
f 939//939 941//941 940//940
f 2773//2773 2774//2774 876//876
f 2773//2773 876//876 878//878
f 2775//2775 2776//2776 932//932
f 2775//2775 932//932 931//931
f 2777//2777 2778//2778 938//938
f 2777//2777 938//938 937//937
f 2779//2779 2780//2780 873//873
f 2779//2779 873//873 875//875
f 2781//2781 2783//2783 2782//2782
f 2781//2781 2782//2782 904//904
f 2784//2784 2785//2785 936//936
f 2784//2784 936//936 2786//2786
f 966//966 2787//2787 963//963
f 966//966 963//963 964//964
f 963//963 965//965 964//964
f 970//970 971//971 966//966
f 969//969 970//970 966//966
f 964//964 969//969 966//966
f 969//969 972//972 970//970
f 964//964 967//967 969//969
f 967//967 2788//2788 969//969
f 964//964 968//968 967//967
f 2789//2789 2791//2791 2790//2790
f 2789//2789 2790//2790 2792//2792
f 2793//2793 2795//2795 2794//2794
f 2793//2793 2794//2794 2796//2796
f 2797//2797 2799//2799 2798//2798
f 2797//2797 2798//2798 2800//2800
f 2801//2801 2803//2803 2802//2802
f 2801//2801 2802//2802 2804//2804
f 2805//2805 2807//2807 2806//2806
f 2805//2805 2806//2806 2808//2808
f 2809//2809 2811//2811 2810//2810
f 2809//2809 2810//2810 2812//2812
f 2813//2813 2815//2815 2814//2814
f 2813//2813 2814//2814 2816//2816
f 2817//2817 2819//2819 2818//2818
f 2817//2817 2818//2818 2820//2820
f 2821//2821 2823//2823 2822//2822
f 2821//2821 2822//2822 2824//2824
f 2825//2825 2827//2827 2826//2826
f 2825//2825 2826//2826 2828//2828
f 2829//2829 2831//2831 2830//2830
f 2829//2829 2830//2830 2832//2832
f 2830//2830 2833//2833 2832//2832
f 2834//2834 2835//2835 2829//2829
f 2836//2836 2834//2834 2829//2829
f 2832//2832 2836//2836 2829//2829
f 2836//2836 2837//2837 2834//2834
f 2832//2832 2838//2838 2836//2836
f 2838//2838 2839//2839 2836//2836
f 2832//2832 2840//2840 2838//2838
f 2841//2841 2843//2843 2842//2842
f 2841//2841 2842//2842 2844//2844
f 2845//2845 2847//2847 2846//2846
f 2845//2845 2846//2846 2848//2848
f 2849//2849 2851//2851 2850//2850
f 2849//2849 2850//2850 2852//2852
f 2850//2850 2853//2853 2852//2852
f 2854//2854 2855//2855 2849//2849
f 2856//2856 2854//2854 2849//2849
f 2852//2852 2856//2856 2849//2849
f 2856//2856 2857//2857 2854//2854
f 2852//2852 2858//2858 2856//2856
f 2858//2858 2859//2859 2856//2856
f 2852//2852 2860//2860 2858//2858
f 2861//2861 2863//2863 2862//2862
f 2864//2864 1018//1018 2865//2865
f 2866//2866 2868//2868 2867//2867
f 2866//2866 2867//2867 2869//2869
f 2870//2870 1006//1006 2871//2871
f 2872//2872 2874//2874 2873//2873
f 2875//2875 2876//2876 983//983
f 2875//2875 983//983 985//985
f 2877//2877 2879//2879 2878//2878
f 2880//2880 2882//2882 2881//2881
f 2883//2883 2885//2885 2884//2884
f 2883//2883 2884//2884 2886//2886
f 2887//2887 2889//2889 2888//2888
f 2890//2890 2892//2892 2891//2891
f 2893//2893 2895//2895 2894//2894
f 2893//2893 2894//2894 2896//2896
f 2897//2897 2899//2899 2898//2898
f 2900//2900 2902//2902 2901//2901
f 2903//2903 2905//2905 2904//2904
f 2903//2903 2904//2904 2906//2906
f 2907//2907 2909//2909 2908//2908
f 2910//2910 2912//2912 2911//2911
f 2913//2913 2915//2915 2914//2914
f 2913//2913 2914//2914 2916//2916
f 2917//2917 1048//1048 2918//2918
f 2919//2919 2921//2921 2920//2920
f 2922//2922 2924//2924 2923//2923
f 2922//2922 2923//2923 2925//2925
f 2926//2926 2927//2927 1020//1020
f 2928//2928 1033//1033 2929//2929
f 2930//2930 2932//2932 2931//2931
f 2930//2930 2931//2931 2933//2933
f 2934//2934 2936//2936 2935//2935
f 2937//2937 2938//2938 1003//1003
f 980//980 982//982 2939//2939
f 980//980 2939//2939 2940//2940
f 2941//2941 2943//2943 2942//2942
f 2944//2944 2946//2946 2945//2945
f 2947//2947 2949//2949 2948//2948
f 2947//2947 2948//2948 2950//2950
f 2951//2951 2953//2953 2952//2952
f 2951//2951 2952//2952 2954//2954
f 2955//2955 2957//2957 2956//2956
f 2958//2958 2960//2960 2959//2959
f 2961//2961 2962//2962 1050//1050
f 996//996 993//993 2963//2963
f 996//996 2963//2963 994//994
f 2963//2963 995//995 994//994
f 1000//1000 1001//1001 996//996
f 2964//2964 1000//1000 996//996
f 994//994 2964//2964 996//996
f 2964//2964 1002//1002 1000//1000
f 994//994 997//997 2964//2964
f 997//997 999//999 2964//2964
f 994//994 998//998 997//997
f 2965//2965 2967//2967 2966//2966
f 2965//2965 2966//2966 2968//2968
f 2969//2969 2970//2970 1035//1035
f 2971//2971 2972//2972 1005//1005
f 2971//2971 1005//1005 2973//2973
f 2974//2974 2976//2976 2975//2975
f 2974//2974 2975//2975 1034//1034
f 2977//2977 2979//2979 2978//2978
f 2977//2977 2978//2978 2980//2980
f 977//977 974//974 2981//2981
f 977//977 2981//2981 2982//2982
f 2983//2983 2984//2984 1008//1008
f 2983//2983 1008//1008 1007//1007
f 2985//2985 2986//2986 1062//1062
f 2985//2985 1062//1062 1061//1061
f 979//979 981//981 2987//2987
f 979//979 2987//2987 2988//2988
f 1009//1009 1012//1012 1011//1011
f 1009//1009 1011//1011 1010//1010
f 1057//1057 1060//1060 1059//1059
f 1057//1057 1059//1059 1058//1058
f 2989//2989 2991//2991 2990//2990
f 2989//2989 2990//2990 2992//2992
f 2993//2993 1015//1015 1014//1014
f 2993//2993 1014//1014 1013//1013
f 1054//1054 2994//2994 1056//1056
f 1054//1054 1056//1056 1055//1055
f 2995//2995 2996//2996 989//989
f 2995//2995 989//989 987//987
f 2997//2997 2998//2998 1017//1017
f 2997//2997 1017//1017 1016//1016
f 2999//2999 3000//3000 1053//1053
f 2999//2999 1053//1053 1052//1052
f 3001//3001 3002//3002 992//992
f 3001//3001 992//992 991//991
f 3003//3003 3005//3005 3004//3004
f 3003//3003 3004//3004 1019//1019
f 3006//3006 3007//3007 1051//1051
f 3006//3006 1051//1051 3008//3008
f 3009//3009 3011//3011 3010//3010
f 3009//3009 3010//3010 3012//3012
f 3013//3013 3014//3014 1021//1021
f 3013//3013 1021//1021 3015//3015
f 3016//3016 3018//3018 3017//3017
f 3016//3016 3017//3017 1049//1049
f 990//990 988//988 3019//3019
f 990//990 3019//3019 3020//3020
f 3021//3021 3022//3022 1023//1023
f 3021//3021 1023//1023 1022//1022
f 3023//3023 3024//3024 1047//1047
f 3023//3023 1047//1047 1046//1046
f 986//986 984//984 3025//3025
f 986//986 3025//3025 3026//3026
f 1024//1024 3027//3027 1026//1026
f 1024//1024 1026//1026 1025//1025
f 3028//3028 1045//1045 1044//1044
f 3028//3028 1044//1044 1043//1043
f 3029//3029 3031//3031 3030//3030
f 3029//3029 3030//3030 3032//3032
f 1027//1027 1030//1030 1029//1029
f 1027//1027 1029//1029 1028//1028
f 1039//1039 1042//1042 1041//1041
f 1039//1039 1041//1041 1040//1040
f 3033//3033 3034//3034 976//976
f 3033//3033 976//976 978//978
f 3035//3035 3036//3036 1032//1032
f 3035//3035 1032//1032 1031//1031
f 3037//3037 3038//3038 1038//1038
f 3037//3037 1038//1038 1037//1037
f 3039//3039 3040//3040 973//973
f 3039//3039 973//973 975//975
f 3041//3041 3043//3043 3042//3042
f 3041//3041 3042//3042 1004//1004
f 3044//3044 3045//3045 1036//1036
f 3044//3044 1036//1036 3046//3046
f 1066//1066 3047//3047 1063//1063
f 1066//1066 1063//1063 1064//1064
f 1063//1063 1065//1065 1064//1064
f 1070//1070 1071//1071 1066//1066
f 1069//1069 1070//1070 1066//1066
f 1064//1064 1069//1069 1066//1066
f 1069//1069 1072//1072 1070//1070
f 1064//1064 1067//1067 1069//1069
f 1067//1067 3048//3048 1069//1069
f 1064//1064 1068//1068 1067//1067
f 3049//3049 3051//3051 3050//3050
f 3049//3049 3050//3050 3052//3052
f 3053//3053 3055//3055 3054//3054
f 3053//3053 3054//3054 3056//3056
f 3057//3057 3059//3059 3058//3058
f 3057//3057 3058//3058 3060//3060
f 3061//3061 3063//3063 3062//3062
f 3061//3061 3062//3062 3064//3064
f 3065//3065 3067//3067 3066//3066
f 3065//3065 3066//3066 3068//3068
f 3069//3069 3071//3071 3070//3070
f 3069//3069 3070//3070 3072//3072
f 3073//3073 3075//3075 3074//3074
f 3073//3073 3074//3074 3076//3076
f 3077//3077 3079//3079 3078//3078
f 3077//3077 3078//3078 3080//3080
f 3081//3081 3083//3083 3082//3082
f 3081//3081 3082//3082 3084//3084
f 3085//3085 3087//3087 3086//3086
f 3085//3085 3086//3086 3088//3088
f 3089//3089 3091//3091 3090//3090
f 3089//3089 3090//3090 3092//3092
f 3090//3090 3093//3093 3092//3092
f 3094//3094 3095//3095 3089//3089
f 3096//3096 3094//3094 3089//3089
f 3092//3092 3096//3096 3089//3089
f 3096//3096 3097//3097 3094//3094
f 3092//3092 3098//3098 3096//3096
f 3098//3098 3099//3099 3096//3096
f 3092//3092 3100//3100 3098//3098
f 3101//3101 3103//3103 3102//3102
f 3101//3101 3102//3102 3104//3104
f 3105//3105 3107//3107 3106//3106
f 3105//3105 3106//3106 3108//3108
f 3109//3109 3111//3111 3110//3110
f 3109//3109 3110//3110 3112//3112
f 3110//3110 3113//3113 3112//3112
f 3114//3114 3115//3115 3109//3109
f 3116//3116 3114//3114 3109//3109
f 3112//3112 3116//3116 3109//3109
f 3116//3116 3117//3117 3114//3114
f 3112//3112 3118//3118 3116//3116
f 3118//3118 3119//3119 3116//3116
f 3112//3112 3120//3120 3118//3118
f 1073//1073 1075//1075 1074//1074
f 1073//1073 1074//1074 1076//1076
f 1077//1077 1079//1079 1078//1078
f 1077//1077 1078//1078 1080//1080
f 1081//1081 1083//1083 1082//1082
f 1081//1081 1082//1082 1084//1084
f 1085//1085 1087//1087 1086//1086
f 1085//1085 1086//1086 1088//1088
f 1089//1089 1091//1091 1090//1090
f 1089//1089 1090//1090 1092//1092
f 1093//1093 1095//1095 1094//1094
f 1096//1096 1098//1098 1097//1097
f 1099//1099 1101//1101 1100//1100
f 1102//1102 1104//1104 1103//1103
f 1105//1105 1107//1107 1106//1106
f 1108//1108 1110//1110 1109//1109
f 1111//1111 1113//1113 1112//1112
f 1114//1114 1116//1116 1115//1115
f 1117//1117 1119//1119 1118//1118
f 1117//1117 1118//1118 1120//1120
f 1121//1121 1123//1123 1122//1122
f 1121//1121 1122//1122 1124//1124
f 1125//1125 1127//1127 1126//1126
f 1125//1125 1126//1126 1128//1128
f 1129//1129 1131//1131 1130//1130
f 1129//1129 1130//1130 1132//1132
f 1133//1133 1135//1135 1134//1134
f 1133//1133 1134//1134 1136//1136
f 1137//1137 1139//1139 1138//1138
f 1137//1137 1138//1138 1140//1140
f 1141//1141 1143//1143 1142//1142
f 1141//1141 1142//1142 1144//1144
f 1145//1145 1147//1147 1146//1146
f 1145//1145 1146//1146 1148//1148
f 1149//1149 1151//1151 1150//1150
f 1149//1149 1150//1150 1152//1152
f 1153//1153 1155//1155 1154//1154
f 1153//1153 1154//1154 1156//1156
f 1157//1157 1159//1159 1158//1158
f 1157//1157 1158//1158 1160//1160
f 1161//1161 1163//1163 1162//1162
f 1161//1161 1162//1162 1164//1164
f 1165//1165 1167//1167 1166//1166
f 1165//1165 1166//1166 1168//1168
g core_team
usemtl team
v 0.83998 0.48200 -0.00001
v 0.92007 0.48200 -0.13872
v 0.83998 0.48200 -0.16016
v 0.97870 0.48200 -0.08008
v 0.75991 0.48200 -0.13872
v 1.00016 0.48200 -0.00001
v 0.70128 0.48200 -0.08008
v 0.97870 0.48200 0.08007
v 0.67982 0.48200 -0.00001
v 0.92007 0.48200 0.13869
v 0.70128 0.48200 0.08007
v 0.83998 0.48200 0.16015
v 0.75991 0.48200 0.13869
v 0.83998 0.48200 -0.16016
v 0.92007 0.48200 -0.13872
v 0.83998 0.67912 -0.00001
v 0.92007 0.48200 -0.13872
v 0.97870 0.48200 -0.08008
v 0.83998 0.67912 -0.00001
v 0.97870 0.48200 -0.08008
v 1.00016 0.48200 -0.00001
v 0.83998 0.67912 -0.00001
v 1.00016 0.48200 -0.00001
v 0.97870 0.48200 0.08007
v 0.83998 0.67912 -0.00001
v 0.97870 0.48200 0.08007
v 0.92007 0.48200 0.13869
v 0.83998 0.67912 -0.00001
v 0.92007 0.48200 0.13869
v 0.83998 0.48200 0.16015
v 0.83998 0.67912 -0.00001
v 0.83998 0.48200 0.16015
v 0.75991 0.48200 0.13869
v 0.83998 0.67912 -0.00001
v 0.75991 0.48200 0.13869
v 0.70128 0.48200 0.08007
v 0.83998 0.67912 -0.00001
v 0.70128 0.48200 0.08007
v 0.67982 0.48200 -0.00001
v 0.83998 0.67912 -0.00001
v 0.67982 0.48200 -0.00001
v 0.70128 0.48200 -0.08008
v 0.83998 0.67912 -0.00001
v 0.70128 0.48200 -0.08008
v 0.75991 0.48200 -0.13872
v 0.83998 0.67912 -0.00001
v 0.75991 0.48200 -0.13872
v 0.83998 0.48200 -0.16016
v 0.83998 0.67912 -0.00001
v 0.41998 0.55680 -0.49468
v 0.50007 0.55680 -0.63339
v 0.41998 0.55680 -0.65483
v 0.55868 0.55680 -0.57476
v 0.33992 0.55680 -0.63339
v 0.58013 0.55680 -0.49468
v 0.28128 0.55680 -0.57476
v 0.55868 0.55680 -0.41460
v 0.25983 0.55680 -0.49468
v 0.50007 0.55680 -0.35598
v 0.28128 0.55680 -0.41460
v 0.41998 0.55680 -0.33452
v 0.33992 0.55680 -0.35598
v 0.41998 0.55680 -0.65483
v 0.50007 0.55680 -0.63339
v 0.41998 0.75392 -0.49468
v 0.50007 0.55680 -0.63339
v 0.55868 0.55680 -0.57476
v 0.41998 0.75392 -0.49468
v 0.55868 0.55680 -0.57476
v 0.58013 0.55680 -0.49468
v 0.41998 0.75392 -0.49468
v 0.58013 0.55680 -0.49468
v 0.55868 0.55680 -0.41460
v 0.41998 0.75392 -0.49468
v 0.55868 0.55680 -0.41460
v 0.50007 0.55680 -0.35598
v 0.41998 0.75392 -0.49468
v 0.50007 0.55680 -0.35598
v 0.41998 0.55680 -0.33452
v 0.41998 0.75392 -0.49468
v 0.41998 0.55680 -0.33452
v 0.33992 0.55680 -0.35598
v 0.41998 0.75392 -0.49468
v 0.33992 0.55680 -0.35598
v 0.28128 0.55680 -0.41460
v 0.41998 0.75392 -0.49468
v 0.28128 0.55680 -0.41460
v 0.25983 0.55680 -0.49468
v 0.41998 0.75392 -0.49468
v 0.25983 0.55680 -0.49468
v 0.28128 0.55680 -0.57476
v 0.41998 0.75392 -0.49468
v 0.28128 0.55680 -0.57476
v 0.33992 0.55680 -0.63339
v 0.41998 0.75392 -0.49468
v 0.33992 0.55680 -0.63339
v 0.41998 0.55680 -0.65483
v 0.41998 0.75392 -0.49468
v -0.42001 0.55680 -0.49468
v -0.33995 0.55680 -0.63339
v -0.42001 0.55680 -0.65483
v -0.28131 0.55680 -0.57476
v -0.50010 0.55680 -0.63339
v -0.25986 0.55680 -0.49468
v -0.55871 0.55680 -0.57476
v -0.28131 0.55680 -0.41460
v -0.58016 0.55680 -0.49468
v -0.33995 0.55680 -0.35598
v -0.55871 0.55680 -0.41460
v -0.42001 0.55680 -0.33452
v -0.50010 0.55680 -0.35598
v -0.42001 0.55680 -0.65483
v -0.33995 0.55680 -0.63339
v -0.42001 0.75392 -0.49468
v -0.33995 0.55680 -0.63339
v -0.28131 0.55680 -0.57476
v -0.42001 0.75392 -0.49468
v -0.28131 0.55680 -0.57476
v -0.25986 0.55680 -0.49468
v -0.42001 0.75392 -0.49468
v -0.25986 0.55680 -0.49468
v -0.28131 0.55680 -0.41460
v -0.42001 0.75392 -0.49468
v -0.28131 0.55680 -0.41460
v -0.33995 0.55680 -0.35598
v -0.42001 0.75392 -0.49468
v -0.33995 0.55680 -0.35598
v -0.42001 0.55680 -0.33452
v -0.42001 0.75392 -0.49468
v -0.42001 0.55680 -0.33452
v -0.50010 0.55680 -0.35598
v -0.42001 0.75392 -0.49468
v -0.50010 0.55680 -0.35598
v -0.55871 0.55680 -0.41460
v -0.42001 0.75392 -0.49468
v -0.55871 0.55680 -0.41460
v -0.58016 0.55680 -0.49468
v -0.42001 0.75392 -0.49468
v -0.58016 0.55680 -0.49468
v -0.55871 0.55680 -0.57476
v -0.42001 0.75392 -0.49468
v -0.55871 0.55680 -0.57476
v -0.50010 0.55680 -0.63339
v -0.42001 0.75392 -0.49468
v -0.50010 0.55680 -0.63339
v -0.42001 0.55680 -0.65483
v -0.42001 0.75392 -0.49468
v -0.84001 0.48200 -0.00001
v -0.75994 0.48200 -0.13872
v -0.84001 0.48200 -0.16016
v -0.70131 0.48200 -0.08008
v -0.92010 0.48200 -0.13872
v -0.67985 0.48200 -0.00001
v -0.97873 0.48200 -0.08008
v -0.70131 0.48200 0.08007
v -1.00016 0.48200 -0.00001
v -0.75994 0.48200 0.13869
v -0.97873 0.48200 0.08007
v -0.84001 0.48200 0.16015
v -0.92010 0.48200 0.13869
v -0.84001 0.48200 -0.16016
v -0.75994 0.48200 -0.13872
v -0.84001 0.67912 -0.00001
v -0.75994 0.48200 -0.13872
v -0.70131 0.48200 -0.08008
v -0.84001 0.67912 -0.00001
v -0.70131 0.48200 -0.08008
v -0.67985 0.48200 -0.00001
v -0.84001 0.67912 -0.00001
v -0.67985 0.48200 -0.00001
v -0.70131 0.48200 0.08007
v -0.84001 0.67912 -0.00001
v -0.70131 0.48200 0.08007
v -0.75994 0.48200 0.13869
v -0.84001 0.67912 -0.00001
v -0.75994 0.48200 0.13869
v -0.84001 0.48200 0.16015
v -0.84001 0.67912 -0.00001
v -0.84001 0.48200 0.16015
v -0.92010 0.48200 0.13869
v -0.84001 0.67912 -0.00001
v -0.92010 0.48200 0.13869
v -0.97873 0.48200 0.08007
v -0.84001 0.67912 -0.00001
v -0.97873 0.48200 0.08007
v -1.00016 0.48200 -0.00001
v -0.84001 0.67912 -0.00001
v -1.00016 0.48200 -0.00001
v -0.97873 0.48200 -0.08008
v -0.84001 0.67912 -0.00001
v -0.97873 0.48200 -0.08008
v -0.92010 0.48200 -0.13872
v -0.84001 0.67912 -0.00001
v -0.92010 0.48200 -0.13872
v -0.84001 0.48200 -0.16016
v -0.84001 0.67912 -0.00001
v -0.11503 0.42000 0.59766
v -0.00002 0.52000 0.49465
v 0.11500 0.42000 0.59766
v 0.11500 0.42000 0.59766
v -0.00002 0.52000 0.49465
v 0.11500 0.42000 0.39165
v 0.11500 0.42000 0.39165
v -0.00002 0.52000 0.49465
v -0.11503 0.42000 0.39165
v -0.11503 0.42000 0.39165
v -0.00002 0.52000 0.49465
v -0.11503 0.42000 0.59766
v -0.11503 0.42000 0.39165
v 0.11500 0.42000 0.59766
v 0.11500 0.42000 0.39165
v -0.11503 0.42000 0.59766
vn -0.0000 -0.7071 0.7071
vn -0.0000 -0.7071 0.7071
vn -0.0000 -0.7071 0.7071
vn -0.0000 -0.7071 0.7071
vn -0.0000 -0.7071 0.7071
vn -0.0000 -0.7071 0.7071
vn -0.0000 -0.7071 0.7071
vn -0.0000 -0.7071 0.7071
vn -0.0000 -0.7071 0.7071
vn -0.0000 -0.7071 0.7071
vn -0.0000 -0.7071 0.7071
vn -0.0000 -0.7071 0.7071
vn -0.0000 -0.7071 0.7071
vn 0.5259 -0.8198 -0.2268
vn 0.5259 -0.8198 -0.2268
vn 0.5259 -0.8198 -0.2268
vn -0.1096 -0.9099 -0.4002
vn -0.1096 -0.9099 -0.4002
vn -0.1096 -0.9099 -0.4002
vn -0.5727 -0.5240 -0.6304
vn -0.5727 -0.5240 -0.6304
vn -0.5727 -0.5240 -0.6304
vn -0.4760 -0.4145 -0.7756
vn -0.4760 -0.4145 -0.7756
vn -0.4760 -0.4145 -0.7756
vn 0.3567 0.3115 0.8807
vn 0.3567 0.3115 0.8807
vn 0.3567 0.3115 0.8807
vn 0.2477 0.2791 0.9278
vn 0.2477 0.2791 0.9278
vn 0.2477 0.2791 0.9278
vn 0.1576 0.4027 0.9017
vn 0.1576 0.4027 0.9017
vn 0.1576 0.4027 0.9017
vn 0.0890 0.6329 0.7691
vn 0.0890 0.6329 0.7691
vn 0.0890 0.6329 0.7691
vn 0.0153 0.7972 0.6035
vn 0.0153 0.7972 0.6035
vn 0.0153 0.7972 0.6035
vn -0.1392 0.8427 0.5201
vn -0.1392 0.8427 0.5201
vn -0.1392 0.8427 0.5201
vn -0.3383 0.8270 0.4490
vn -0.3383 0.8270 0.4490
vn -0.3383 0.8270 0.4490
vn 0.4724 -0.8132 -0.3399
vn 0.4724 -0.8132 -0.3399
vn 0.4724 -0.8132 -0.3399
vn -0.0000 -0.7071 0.7071
vn -0.0000 -0.7071 0.7071
vn -0.0000 -0.7071 0.7071
vn -0.0000 -0.7071 0.7071
vn -0.0000 -0.7071 0.7071
vn -0.0000 -0.7071 0.7071
vn -0.0000 -0.7071 0.7071
vn -0.0000 -0.7071 0.7071
vn -0.0000 -0.7071 0.7071
vn -0.0000 -0.7071 0.7071
vn -0.0000 -0.7071 0.7071
vn -0.0000 -0.7071 0.7071
vn -0.0000 -0.7071 0.7071
vn 0.5259 -0.8198 -0.2268
vn 0.5259 -0.8198 -0.2268
vn 0.5259 -0.8198 -0.2268
vn -0.1096 -0.9099 -0.4002
vn -0.1096 -0.9099 -0.4002
vn -0.1096 -0.9099 -0.4002
vn -0.5727 -0.5240 -0.6304
vn -0.5727 -0.5240 -0.6304
vn -0.5727 -0.5240 -0.6304
vn -0.4760 -0.4145 -0.7756
vn -0.4760 -0.4145 -0.7756
vn -0.4760 -0.4145 -0.7756
vn 0.3567 0.3115 0.8807
vn 0.3567 0.3115 0.8807
vn 0.3567 0.3115 0.8807
vn 0.2477 0.2791 0.9278
vn 0.2477 0.2791 0.9278
vn 0.2477 0.2791 0.9278
vn 0.1576 0.4027 0.9017
vn 0.1576 0.4027 0.9017
vn 0.1576 0.4027 0.9017
vn 0.0890 0.6329 0.7691
vn 0.0890 0.6329 0.7691
vn 0.0890 0.6329 0.7691
vn 0.0153 0.7972 0.6035
vn 0.0153 0.7972 0.6035
vn 0.0153 0.7972 0.6035
vn -0.1392 0.8427 0.5201
vn -0.1392 0.8427 0.5201
vn -0.1392 0.8427 0.5201
vn -0.3383 0.8270 0.4490
vn -0.3383 0.8270 0.4490
vn -0.3383 0.8270 0.4490
vn 0.4724 -0.8132 -0.3399
vn 0.4724 -0.8132 -0.3399
vn 0.4724 -0.8132 -0.3399
vn -0.0000 -0.7071 0.7071
vn -0.0000 -0.7071 0.7071
vn -0.0000 -0.7071 0.7071
vn -0.0000 -0.7071 0.7071
vn -0.0000 -0.7071 0.7071
vn -0.0000 -0.7071 0.7071
vn -0.0000 -0.7071 0.7071
vn -0.0000 -0.7071 0.7071
vn -0.0000 -0.7071 0.7071
vn -0.0000 -0.7071 0.7071
vn -0.0000 -0.7071 0.7071
vn -0.0000 -0.7071 0.7071
vn -0.0000 -0.7071 0.7071
vn 0.5259 -0.8198 -0.2268
vn 0.5259 -0.8198 -0.2268
vn 0.5259 -0.8198 -0.2268
vn -0.1096 -0.9099 -0.4002
vn -0.1096 -0.9099 -0.4002
vn -0.1096 -0.9099 -0.4002
vn -0.5727 -0.5240 -0.6304
vn -0.5727 -0.5240 -0.6304
vn -0.5727 -0.5240 -0.6304
vn -0.4760 -0.4145 -0.7756
vn -0.4760 -0.4145 -0.7756
vn -0.4760 -0.4145 -0.7756
vn 0.3567 0.3115 0.8807
vn 0.3567 0.3115 0.8807
vn 0.3567 0.3115 0.8807
vn 0.2477 0.2791 0.9278
vn 0.2477 0.2791 0.9278
vn 0.2477 0.2791 0.9278
vn 0.1576 0.4027 0.9017
vn 0.1576 0.4027 0.9017
vn 0.1576 0.4027 0.9017
vn 0.0890 0.6329 0.7691
vn 0.0890 0.6329 0.7691
vn 0.0890 0.6329 0.7691
vn 0.0153 0.7972 0.6035
vn 0.0153 0.7972 0.6035
vn 0.0153 0.7972 0.6035
vn -0.1392 0.8427 0.5201
vn -0.1392 0.8427 0.5201
vn -0.1392 0.8427 0.5201
vn -0.3383 0.8270 0.4490
vn -0.3383 0.8270 0.4490
vn -0.3383 0.8270 0.4490
vn 0.4724 -0.8132 -0.3399
vn 0.4724 -0.8132 -0.3399
vn 0.4724 -0.8132 -0.3399
vn -0.0000 -0.7071 0.7071
vn -0.0000 -0.7071 0.7071
vn -0.0000 -0.7071 0.7071
vn -0.0000 -0.7071 0.7071
vn -0.0000 -0.7071 0.7071
vn -0.0000 -0.7071 0.7071
vn -0.0000 -0.7071 0.7071
vn -0.0000 -0.7071 0.7071
vn -0.0000 -0.7071 0.7071
vn -0.0000 -0.7071 0.7071
vn -0.0000 -0.7071 0.7071
vn -0.0000 -0.7071 0.7071
vn -0.0000 -0.7071 0.7071
vn 0.5259 -0.8198 -0.2268
vn 0.5259 -0.8198 -0.2268
vn 0.5259 -0.8198 -0.2268
vn -0.1096 -0.9099 -0.4002
vn -0.1096 -0.9099 -0.4002
vn -0.1096 -0.9099 -0.4002
vn -0.5727 -0.5240 -0.6304
vn -0.5727 -0.5240 -0.6304
vn -0.5727 -0.5240 -0.6304
vn -0.4760 -0.4145 -0.7756
vn -0.4760 -0.4145 -0.7756
vn -0.4760 -0.4145 -0.7756
vn 0.3567 0.3115 0.8807
vn 0.3567 0.3115 0.8807
vn 0.3567 0.3115 0.8807
vn 0.2477 0.2791 0.9278
vn 0.2477 0.2791 0.9278
vn 0.2477 0.2791 0.9278
vn 0.1576 0.4027 0.9017
vn 0.1576 0.4027 0.9017
vn 0.1576 0.4027 0.9017
vn 0.0890 0.6329 0.7691
vn 0.0890 0.6329 0.7691
vn 0.0890 0.6329 0.7691
vn 0.0153 0.7972 0.6035
vn 0.0153 0.7972 0.6035
vn 0.0153 0.7972 0.6035
vn -0.1392 0.8427 0.5201
vn -0.1392 0.8427 0.5201
vn -0.1392 0.8427 0.5201
vn -0.3383 0.8270 0.4490
vn -0.3383 0.8270 0.4490
vn -0.3383 0.8270 0.4490
vn 0.4724 -0.8132 -0.3399
vn 0.4724 -0.8132 -0.3399
vn 0.4724 -0.8132 -0.3399
vn 0.1928 0.3822 0.9038
vn 0.1928 0.3822 0.9038
vn 0.1928 0.3822 0.9038
vn -0.4102 -0.5780 -0.7054
vn -0.4102 -0.5780 -0.7054
vn -0.4102 -0.5780 -0.7054
vn 0.4213 -0.8353 -0.3532
vn 0.4213 -0.8353 -0.3532
vn 0.4213 -0.8353 -0.3532
vn -0.0763 0.7712 0.6320
vn -0.0763 0.7712 0.6320
vn -0.0763 0.7712 0.6320
vn -0.0000 -0.7071 0.7071
vn -0.0000 -0.7071 0.7071
vn -0.0000 -0.7071 0.7071
vn -0.0000 -0.7071 0.7071
f 3121//3121 3123//3123 3122//3122
f 3121//3121 3122//3122 3124//3124
f 3121//3121 3125//3125 3123//3123
f 3121//3121 3124//3124 3126//3126
f 3121//3121 3127//3127 3125//3125
f 3121//3121 3126//3126 3128//3128
f 3121//3121 3129//3129 3127//3127
f 3121//3121 3128//3128 3130//3130
f 3121//3121 3131//3131 3129//3129
f 3121//3121 3130//3130 3132//3132
f 3121//3121 3133//3133 3131//3131
f 3121//3121 3132//3132 3133//3133
f 3134//3134 3136//3136 3135//3135
f 3137//3137 3139//3139 3138//3138
f 3140//3140 3142//3142 3141//3141
f 3143//3143 3145//3145 3144//3144
f 3146//3146 3148//3148 3147//3147
f 3149//3149 3151//3151 3150//3150
f 3152//3152 3154//3154 3153//3153
f 3155//3155 3157//3157 3156//3156
f 3158//3158 3160//3160 3159//3159
f 3161//3161 3163//3163 3162//3162
f 3164//3164 3166//3166 3165//3165
f 3167//3167 3169//3169 3168//3168
f 3170//3170 3172//3172 3171//3171
f 3170//3170 3171//3171 3173//3173
f 3170//3170 3174//3174 3172//3172
f 3170//3170 3173//3173 3175//3175
f 3170//3170 3176//3176 3174//3174
f 3170//3170 3175//3175 3177//3177
f 3170//3170 3178//3178 3176//3176
f 3170//3170 3177//3177 3179//3179
f 3170//3170 3180//3180 3178//3178
f 3170//3170 3179//3179 3181//3181
f 3170//3170 3182//3182 3180//3180
f 3170//3170 3181//3181 3182//3182
f 3183//3183 3185//3185 3184//3184
f 3186//3186 3188//3188 3187//3187
f 3189//3189 3191//3191 3190//3190
f 3192//3192 3194//3194 3193//3193
f 3195//3195 3197//3197 3196//3196
f 3198//3198 3200//3200 3199//3199
f 3201//3201 3203//3203 3202//3202
f 3204//3204 3206//3206 3205//3205
f 3207//3207 3209//3209 3208//3208
f 3210//3210 3212//3212 3211//3211
f 3213//3213 3215//3215 3214//3214
f 3216//3216 3218//3218 3217//3217
f 3219//3219 3221//3221 3220//3220
f 3219//3219 3220//3220 3222//3222
f 3219//3219 3223//3223 3221//3221
f 3219//3219 3222//3222 3224//3224
f 3219//3219 3225//3225 3223//3223
f 3219//3219 3224//3224 3226//3226
f 3219//3219 3227//3227 3225//3225
f 3219//3219 3226//3226 3228//3228
f 3219//3219 3229//3229 3227//3227
f 3219//3219 3228//3228 3230//3230
f 3219//3219 3231//3231 3229//3229
f 3219//3219 3230//3230 3231//3231
f 3232//3232 3234//3234 3233//3233
f 3235//3235 3237//3237 3236//3236
f 3238//3238 3240//3240 3239//3239
f 3241//3241 3243//3243 3242//3242
f 3244//3244 3246//3246 3245//3245
f 3247//3247 3249//3249 3248//3248
f 3250//3250 3252//3252 3251//3251
f 3253//3253 3255//3255 3254//3254
f 3256//3256 3258//3258 3257//3257
f 3259//3259 3261//3261 3260//3260
f 3262//3262 3264//3264 3263//3263
f 3265//3265 3267//3267 3266//3266
f 3268//3268 3270//3270 3269//3269
f 3268//3268 3269//3269 3271//3271
f 3268//3268 3272//3272 3270//3270
f 3268//3268 3271//3271 3273//3273
f 3268//3268 3274//3274 3272//3272
f 3268//3268 3273//3273 3275//3275
f 3268//3268 3276//3276 3274//3274
f 3268//3268 3275//3275 3277//3277
f 3268//3268 3278//3278 3276//3276
f 3268//3268 3277//3277 3279//3279
f 3268//3268 3280//3280 3278//3278
f 3268//3268 3279//3279 3280//3280
f 3281//3281 3283//3283 3282//3282
f 3284//3284 3286//3286 3285//3285
f 3287//3287 3289//3289 3288//3288
f 3290//3290 3292//3292 3291//3291
f 3293//3293 3295//3295 3294//3294
f 3296//3296 3298//3298 3297//3297
f 3299//3299 3301//3301 3300//3300
f 3302//3302 3304//3304 3303//3303
f 3305//3305 3307//3307 3306//3306
f 3308//3308 3310//3310 3309//3309
f 3311//3311 3313//3313 3312//3312
f 3314//3314 3316//3316 3315//3315
f 3317//3317 3319//3319 3318//3318
f 3320//3320 3322//3322 3321//3321
f 3323//3323 3325//3325 3324//3324
f 3326//3326 3328//3328 3327//3327
f 3329//3329 3331//3331 3330//3330
f 3329//3329 3330//3330 3332//3332
g core_window
usemtl window
v 0.83198 0.23100 0.12920
v 0.83198 0.27100 0.11919
v 0.83198 0.27100 0.12920
v 0.83198 0.23100 0.11919
v 0.83198 0.23100 0.11919
v 0.84800 0.27100 0.11919
v 0.83198 0.27100 0.11919
v 0.84800 0.23100 0.11919
v 0.84800 0.23100 0.11919
v 0.84800 0.27100 0.12920
v 0.84800 0.27100 0.11919
v 0.84800 0.23100 0.12920
v 0.84800 0.23100 0.12920
v 0.83198 0.27100 0.12920
v 0.84800 0.27100 0.12920
v 0.83198 0.23100 0.12920
v 0.83198 0.23100 0.11919
v 0.84800 0.23100 0.12920
v 0.84800 0.23100 0.11919
v 0.83198 0.23100 0.12920
v 0.84800 0.27100 0.11919
v 0.83198 0.27100 0.12920
v 0.83198 0.27100 0.11919
v 0.84800 0.27100 0.12920
v 0.41199 0.26840 -0.36548
v 0.41199 0.30840 -0.37547
v 0.41199 0.30840 -0.36548
v 0.41199 0.26840 -0.37547
v 0.41199 0.26840 -0.37547
v 0.42798 0.30840 -0.37547
v 0.41199 0.30840 -0.37547
v 0.42798 0.26840 -0.37547
v 0.42798 0.26840 -0.37547
v 0.42798 0.30840 -0.36548
v 0.42798 0.30840 -0.37547
v 0.42798 0.26840 -0.36548
v 0.42798 0.26840 -0.36548
v 0.41199 0.30840 -0.36548
v 0.42798 0.30840 -0.36548
v 0.41199 0.26840 -0.36548
v 0.41199 0.26840 -0.37547
v 0.42798 0.26840 -0.36548
v 0.42798 0.26840 -0.37547
v 0.41199 0.26840 -0.36548
v 0.42798 0.30840 -0.37547
v 0.41199 0.30840 -0.36548
v 0.41199 0.30840 -0.37547
v 0.42798 0.30840 -0.36548
v -0.42800 0.26840 -0.36548
v -0.42800 0.30840 -0.37547
v -0.42800 0.30840 -0.36548
v -0.42800 0.26840 -0.37547
v -0.42800 0.26840 -0.37547
v -0.41201 0.30840 -0.37547
v -0.42800 0.30840 -0.37547
v -0.41201 0.26840 -0.37547
v -0.41201 0.26840 -0.37547
v -0.41201 0.30840 -0.36548
v -0.41201 0.30840 -0.37547
v -0.41201 0.26840 -0.36548
v -0.41201 0.26840 -0.36548
v -0.42800 0.30840 -0.36548
v -0.41201 0.30840 -0.36548
v -0.42800 0.26840 -0.36548
v -0.42800 0.26840 -0.37547
v -0.41201 0.26840 -0.36548
v -0.41201 0.26840 -0.37547
v -0.42800 0.26840 -0.36548
v -0.41201 0.30840 -0.37547
v -0.42800 0.30840 -0.36548
v -0.42800 0.30840 -0.37547
v -0.41201 0.30840 -0.36548
v -0.84800 0.23100 0.12920
v -0.84800 0.27100 0.11919
v -0.84800 0.27100 0.12920
v -0.84800 0.23100 0.11919
v -0.84800 0.23100 0.11919
v -0.83201 0.27100 0.11919
v -0.84800 0.27100 0.11919
v -0.83201 0.23100 0.11919
v -0.83201 0.23100 0.11919
v -0.83201 0.27100 0.12920
v -0.83201 0.27100 0.11919
v -0.83201 0.23100 0.12920
v -0.83201 0.23100 0.12920
v -0.84800 0.27100 0.12920
v -0.83201 0.27100 0.12920
v -0.84800 0.23100 0.12920
v -0.84800 0.23100 0.11919
v -0.83201 0.23100 0.12920
v -0.83201 0.23100 0.11919
v -0.84800 0.23100 0.12920
v -0.83201 0.27100 0.11919
v -0.84800 0.27100 0.12920
v -0.84800 0.27100 0.11919
v -0.83201 0.27100 0.12920
v -0.01202 0.30240 0.58866
v -0.01202 0.33240 0.58066
v -0.01202 0.33240 0.58866
v -0.01202 0.30240 0.58066
v -0.01202 0.30240 0.58066
v 0.01200 0.33240 0.58066
v -0.01202 0.33240 0.58066
v 0.01200 0.30240 0.58066
v 0.01200 0.30240 0.58066
v 0.01200 0.33240 0.58866
v 0.01200 0.33240 0.58066
v 0.01200 0.30240 0.58866
v 0.01200 0.30240 0.58866
v -0.01202 0.33240 0.58866
v 0.01200 0.33240 0.58866
v -0.01202 0.30240 0.58866
v -0.01202 0.30240 0.58066
v 0.01200 0.30240 0.58866
v 0.01200 0.30240 0.58066
v -0.01202 0.30240 0.58866
v 0.01200 0.33240 0.58066
v -0.01202 0.33240 0.58866
v -0.01202 0.33240 0.58066
v 0.01200 0.33240 0.58866
vn 0.0000 1.0000 -0.0000
vn 0.0000 1.0000 -0.0000
vn 0.0000 1.0000 -0.0000
vn 0.0000 1.0000 -0.0000
vn -0.7071 0.7071 -0.0000
vn -0.7071 0.7071 -0.0000
vn -0.7071 0.7071 -0.0000
vn -0.7071 0.7071 -0.0000
vn 0.7071 -0.0000 0.7071
vn 0.7071 -0.0000 0.7071
vn 0.7071 -0.0000 0.7071
vn 0.7071 -0.0000 0.7071
vn -0.0000 -0.0000 1.0000
vn -0.0000 -0.0000 1.0000
vn -0.0000 -0.0000 1.0000
vn -0.0000 -0.0000 1.0000
vn -0.0000 -0.7071 0.7071
vn -0.0000 -0.7071 0.7071
vn -0.0000 -0.7071 0.7071
vn -0.0000 -0.7071 0.7071
vn -0.0000 0.7071 0.7071
vn -0.0000 0.7071 0.7071
vn -0.0000 0.7071 0.7071
vn -0.0000 0.7071 0.7071
vn 0.0000 1.0000 -0.0000
vn 0.0000 1.0000 -0.0000
vn 0.0000 1.0000 -0.0000
vn 0.0000 1.0000 -0.0000
vn -0.7071 0.7071 -0.0000
vn -0.7071 0.7071 -0.0000
vn -0.7071 0.7071 -0.0000
vn -0.7071 0.7071 -0.0000
vn 0.7071 -0.0000 0.7071
vn 0.7071 -0.0000 0.7071
vn 0.7071 -0.0000 0.7071
vn 0.7071 -0.0000 0.7071
vn -0.0000 -0.0000 1.0000
vn -0.0000 -0.0000 1.0000
vn -0.0000 -0.0000 1.0000
vn -0.0000 -0.0000 1.0000
vn -0.0000 -0.7071 0.7071
vn -0.0000 -0.7071 0.7071
vn -0.0000 -0.7071 0.7071
vn -0.0000 -0.7071 0.7071
vn -0.0000 0.7071 0.7071
vn -0.0000 0.7071 0.7071
vn -0.0000 0.7071 0.7071
vn -0.0000 0.7071 0.7071
vn 0.0000 1.0000 -0.0000
vn 0.0000 1.0000 -0.0000
vn 0.0000 1.0000 -0.0000
vn 0.0000 1.0000 -0.0000
vn -0.7071 0.7071 -0.0000
vn -0.7071 0.7071 -0.0000
vn -0.7071 0.7071 -0.0000
vn -0.7071 0.7071 -0.0000
vn 0.7071 -0.0000 0.7071
vn 0.7071 -0.0000 0.7071
vn 0.7071 -0.0000 0.7071
vn 0.7071 -0.0000 0.7071
vn -0.0000 -0.0000 1.0000
vn -0.0000 -0.0000 1.0000
vn -0.0000 -0.0000 1.0000
vn -0.0000 -0.0000 1.0000
vn -0.0000 -0.7071 0.7071
vn -0.0000 -0.7071 0.7071
vn -0.0000 -0.7071 0.7071
vn -0.0000 -0.7071 0.7071
vn -0.0000 0.7071 0.7071
vn -0.0000 0.7071 0.7071
vn -0.0000 0.7071 0.7071
vn -0.0000 0.7071 0.7071
vn 0.0000 1.0000 -0.0000
vn 0.0000 1.0000 -0.0000
vn 0.0000 1.0000 -0.0000
vn 0.0000 1.0000 -0.0000
vn -0.7071 0.7071 -0.0000
vn -0.7071 0.7071 -0.0000
vn -0.7071 0.7071 -0.0000
vn -0.7071 0.7071 -0.0000
vn 0.7071 -0.0000 0.7071
vn 0.7071 -0.0000 0.7071
vn 0.7071 -0.0000 0.7071
vn 0.7071 -0.0000 0.7071
vn -0.0000 -0.0000 1.0000
vn -0.0000 -0.0000 1.0000
vn -0.0000 -0.0000 1.0000
vn -0.0000 -0.0000 1.0000
vn -0.0000 -0.7071 0.7071
vn -0.0000 -0.7071 0.7071
vn -0.0000 -0.7071 0.7071
vn -0.0000 -0.7071 0.7071
vn -0.0000 0.7071 0.7071
vn -0.0000 0.7071 0.7071
vn -0.0000 0.7071 0.7071
vn -0.0000 0.7071 0.7071
vn 0.0000 1.0000 -0.0000
vn 0.0000 1.0000 -0.0000
vn 0.0000 1.0000 -0.0000
vn 0.0000 1.0000 -0.0000
vn -0.7071 0.7071 -0.0000
vn -0.7071 0.7071 -0.0000
vn -0.7071 0.7071 -0.0000
vn -0.7071 0.7071 -0.0000
vn 0.7071 -0.0000 0.7071
vn 0.7071 -0.0000 0.7071
vn 0.7071 -0.0000 0.7071
vn 0.7071 -0.0000 0.7071
vn -0.0000 -0.0000 1.0000
vn -0.0000 -0.0000 1.0000
vn -0.0000 -0.0000 1.0000
vn -0.0000 -0.0000 1.0000
vn -0.0000 -0.7071 0.7071
vn -0.0000 -0.7071 0.7071
vn -0.0000 -0.7071 0.7071
vn -0.0000 -0.7071 0.7071
vn -0.0000 0.7071 0.7071
vn -0.0000 0.7071 0.7071
vn -0.0000 0.7071 0.7071
vn -0.0000 0.7071 0.7071
f 3333//3333 3335//3335 3334//3334
f 3333//3333 3334//3334 3336//3336
f 3337//3337 3339//3339 3338//3338
f 3337//3337 3338//3338 3340//3340
f 3341//3341 3343//3343 3342//3342
f 3341//3341 3342//3342 3344//3344
f 3345//3345 3347//3347 3346//3346
f 3345//3345 3346//3346 3348//3348
f 3349//3349 3351//3351 3350//3350
f 3349//3349 3350//3350 3352//3352
f 3353//3353 3355//3355 3354//3354
f 3353//3353 3354//3354 3356//3356
f 3357//3357 3359//3359 3358//3358
f 3357//3357 3358//3358 3360//3360
f 3361//3361 3363//3363 3362//3362
f 3361//3361 3362//3362 3364//3364
f 3365//3365 3367//3367 3366//3366
f 3365//3365 3366//3366 3368//3368
f 3369//3369 3371//3371 3370//3370
f 3369//3369 3370//3370 3372//3372
f 3373//3373 3375//3375 3374//3374
f 3373//3373 3374//3374 3376//3376
f 3377//3377 3379//3379 3378//3378
f 3377//3377 3378//3378 3380//3380
f 3381//3381 3383//3383 3382//3382
f 3381//3381 3382//3382 3384//3384
f 3385//3385 3387//3387 3386//3386
f 3385//3385 3386//3386 3388//3388
f 3389//3389 3391//3391 3390//3390
f 3389//3389 3390//3390 3392//3392
f 3393//3393 3395//3395 3394//3394
f 3393//3393 3394//3394 3396//3396
f 3397//3397 3399//3399 3398//3398
f 3397//3397 3398//3398 3400//3400
f 3401//3401 3403//3403 3402//3402
f 3401//3401 3402//3402 3404//3404
f 3405//3405 3407//3407 3406//3406
f 3405//3405 3406//3406 3408//3408
f 3409//3409 3411//3411 3410//3410
f 3409//3409 3410//3410 3412//3412
f 3413//3413 3415//3415 3414//3414
f 3413//3413 3414//3414 3416//3416
f 3417//3417 3419//3419 3418//3418
f 3417//3417 3418//3418 3420//3420
f 3421//3421 3423//3423 3422//3422
f 3421//3421 3422//3422 3424//3424
f 3425//3425 3427//3427 3426//3426
f 3425//3425 3426//3426 3428//3428
f 3429//3429 3431//3431 3430//3430
f 3429//3429 3430//3430 3432//3432
f 3433//3433 3435//3435 3434//3434
f 3433//3433 3434//3434 3436//3436
f 3437//3437 3439//3439 3438//3438
f 3437//3437 3438//3438 3440//3440
f 3441//3441 3443//3443 3442//3442
f 3441//3441 3442//3442 3444//3444
f 3445//3445 3447//3447 3446//3446
f 3445//3445 3446//3446 3448//3448
f 3449//3449 3451//3451 3450//3450
f 3449//3449 3450//3450 3452//3452
g core_wood_dark
usemtl wood_dark
v -0.04550 0.00000 0.58966
v -0.04550 0.23100 0.57966
v -0.04550 0.23100 0.58966
v -0.04550 0.00000 0.57966
v -0.04550 0.00000 0.57966
v 0.04550 0.23100 0.57966
v -0.04550 0.23100 0.57966
v 0.04550 0.00000 0.57966
v 0.04550 0.00000 0.57966
v 0.04550 0.23100 0.58966
v 0.04550 0.23100 0.57966
v 0.04550 0.00000 0.58966
v 0.04550 0.00000 0.58966
v -0.04550 0.23100 0.58966
v 0.04550 0.23100 0.58966
v -0.04550 0.00000 0.58966
v -0.04550 0.00000 0.57966
v 0.04550 0.00000 0.58966
v 0.04550 0.00000 0.57966
v -0.04550 0.00000 0.58966
v 0.04550 0.23100 0.57966
v -0.04550 0.23100 0.58966
v -0.04550 0.23100 0.57966
v 0.04550 0.23100 0.58966
vn 0.0000 1.0000 -0.0000
vn 0.0000 1.0000 -0.0000
vn 0.0000 1.0000 -0.0000
vn 0.0000 1.0000 -0.0000
vn -0.7071 0.7071 -0.0000
vn -0.7071 0.7071 -0.0000
vn -0.7071 0.7071 -0.0000
vn -0.7071 0.7071 -0.0000
vn 0.7071 -0.0000 0.7071
vn 0.7071 -0.0000 0.7071
vn 0.7071 -0.0000 0.7071
vn 0.7071 -0.0000 0.7071
vn -0.0000 -0.0000 1.0000
vn -0.0000 -0.0000 1.0000
vn -0.0000 -0.0000 1.0000
vn -0.0000 -0.0000 1.0000
vn -0.0000 -0.7071 0.7071
vn -0.0000 -0.7071 0.7071
vn -0.0000 -0.7071 0.7071
vn -0.0000 -0.7071 0.7071
vn -0.0000 0.7071 0.7071
vn -0.0000 0.7071 0.7071
vn -0.0000 0.7071 0.7071
vn -0.0000 0.7071 0.7071
f 3453//3453 3455//3455 3454//3454
f 3453//3453 3454//3454 3456//3456
f 3457//3457 3459//3459 3458//3458
f 3457//3457 3458//3458 3460//3460
f 3461//3461 3463//3463 3462//3462
f 3461//3461 3462//3462 3464//3464
f 3465//3465 3467//3467 3466//3466
f 3465//3465 3466//3466 3468//3468
f 3469//3469 3471//3471 3470//3470
f 3469//3469 3470//3470 3472//3472
f 3473//3473 3475//3475 3474//3474
f 3473//3473 3474//3474 3476//3476
