mtllib walls_2.mtl
o core
g core_stone
usemtl stone
v -0.38700 0.00300 -0.50934
v 0.38700 0.24700 -0.50934
v -0.38700 0.24700 -0.50934
v 0.38700 0.00300 -0.50934
v -0.39000 0.00300 -0.41234
v -0.39000 0.24700 -0.50634
v -0.39000 0.24700 -0.41234
v -0.39000 0.00300 -0.50634
v -0.38700 0.25000 -0.41234
v 0.38700 0.25000 -0.50634
v 0.38700 0.25000 -0.41234
v -0.38700 0.25000 -0.50634
v 0.39000 0.00300 -0.50634
v 0.39000 0.24700 -0.41234
v 0.39000 0.24700 -0.50634
v 0.39000 0.00300 -0.41234
v 0.38700 0.00300 -0.40934
v -0.38700 0.24700 -0.40934
v 0.38700 0.24700 -0.40934
v -0.38700 0.00300 -0.40934
v 0.38700 0.00000 -0.50634
v 0.39000 0.00300 -0.50634
v 0.38700 0.00300 -0.50934
v 0.38700 0.24700 -0.50934
v 0.39000 0.24700 -0.50634
v 0.38700 0.25000 -0.50634
v 0.38700 0.00000 -0.41234
v 0.38700 0.00300 -0.40934
v 0.39000 0.00300 -0.41234
v 0.38700 0.25000 -0.41234
v 0.39000 0.24700 -0.41234
v 0.38700 0.24700 -0.40934
v -0.38700 0.00000 -0.50634
v -0.38700 0.00300 -0.50934
v -0.39000 0.00300 -0.50634
v -0.38700 0.25000 -0.50634
v -0.39000 0.24700 -0.50634
v -0.38700 0.24700 -0.50934
v -0.38700 0.00000 -0.41234
v -0.39000 0.00300 -0.41234
v -0.38700 0.00300 -0.40934
v -0.38700 0.25000 -0.41234
v -0.38700 0.24700 -0.40934
v -0.39000 0.24700 -0.41234
v 0.38700 0.00000 -0.41234
v 0.39000 0.00300 -0.50634
v 0.38700 0.00000 -0.50634
v 0.39000 0.00300 -0.41234
v 0.38700 0.00300 -0.50934
v 0.39000 0.24700 -0.50634
v 0.38700 0.24700 -0.50934
v 0.39000 0.00300 -0.50634
v 0.38700 0.25000 -0.50634
v 0.39000 0.24700 -0.41234
v 0.38700 0.25000 -0.41234
v 0.39000 0.24700 -0.50634
v 0.38700 0.24700 -0.40934
v 0.39000 0.00300 -0.41234
v 0.38700 0.00300 -0.40934
v 0.39000 0.24700 -0.41234
v -0.38700 0.00000 -0.41234
v 0.38700 0.00300 -0.40934
v 0.38700 0.00000 -0.41234
v -0.38700 0.00300 -0.40934
v 0.38700 0.25000 -0.41234
v -0.38700 0.24700 -0.40934
v -0.38700 0.25000 -0.41234
v 0.38700 0.24700 -0.40934
v -0.39000 0.24700 -0.41234
v -0.38700 0.00300 -0.40934
v -0.39000 0.00300 -0.41234
v -0.38700 0.24700 -0.40934
v -0.38700 0.00000 -0.50634
v -0.39000 0.00300 -0.41234
v -0.38700 0.00000 -0.41234
v -0.39000 0.00300 -0.50634
v -0.38700 0.25000 -0.41234
v -0.39000 0.24700 -0.50634
v -0.38700 0.25000 -0.50634
v -0.39000 0.24700 -0.41234
v -0.38700 0.24700 -0.50934
v -0.39000 0.00300 -0.50634
v -0.38700 0.00300 -0.50934
v -0.39000 0.24700 -0.50634
v 0.38700 0.00000 -0.50634
v -0.38700 0.00300 -0.50934
v -0.38700 0.00000 -0.50634
v 0.38700 0.00300 -0.50934
v -0.38700 0.25000 -0.50634
v 0.38700 0.24700 -0.50934
v 0.38700 0.25000 -0.50634
v -0.38700 0.24700 -0.50934
v 0.38700 0.00000 -0.41234
v -0.38700 0.00000 -0.50634
v -0.38700 0.00000 -0.41234
v 0.38700 0.00000 -0.50634
v 0.43006 0.00300 -0.48941
v 0.81617 0.24700 -0.03465
v 0.43006 0.24700 -0.48941
v 0.81617 0.00300 -0.03465
v 0.35417 0.00300 -0.42892
v 0.42583 0.24700 -0.48976
v 0.35417 0.24700 -0.42892
v 0.42583 0.00300 -0.48976
v 0.35611 0.25000 -0.42663
v 0.81389 0.25000 -0.03271
v 0.74223 0.25000 0.02813
v 0.42777 0.25000 -0.48747
v 0.81583 0.00300 -0.03042
v 0.74417 0.24700 0.03042
v 0.81583 0.24700 -0.03042
v 0.74417 0.00300 0.03042
v 0.73994 0.00300 0.03007
v 0.35383 0.24700 -0.42469
v 0.73994 0.24700 0.03007
v 0.35383 0.00300 -0.42469
v 0.81389 0.00000 -0.03271
v 0.81583 0.00300 -0.03042
v 0.81617 0.00300 -0.03465
v 0.81617 0.24700 -0.03465
v 0.81583 0.24700 -0.03042
v 0.81389 0.25000 -0.03271
v 0.74223 0.00000 0.02813
v 0.73994 0.00300 0.03007
v 0.74417 0.00300 0.03042
v 0.74223 0.25000 0.02813
v 0.74417 0.24700 0.03042
v 0.73994 0.24700 0.03007
v 0.42777 0.00000 -0.48747
v 0.43006 0.00300 -0.48941
v 0.42583 0.00300 -0.48976
v 0.42777 0.25000 -0.48747
v 0.42583 0.24700 -0.48976
v 0.43006 0.24700 -0.48941
v 0.35611 0.00000 -0.42663
v 0.35417 0.00300 -0.42892
v 0.35383 0.00300 -0.42469
v 0.35611 0.25000 -0.42663
v 0.35383 0.24700 -0.42469
v 0.35417 0.24700 -0.42892
v 0.74223 0.00000 0.02813
v 0.81583 0.00300 -0.03042
v 0.81389 0.00000 -0.03271
v 0.74417 0.00300 0.03042
v 0.81617 0.00300 -0.03465
v 0.81583 0.24700 -0.03042
v 0.81617 0.24700 -0.03465
v 0.81583 0.00300 -0.03042
v 0.81389 0.25000 -0.03271
v 0.74417 0.24700 0.03042
v 0.74223 0.25000 0.02813
v 0.81583 0.24700 -0.03042
v 0.73994 0.24700 0.03007
v 0.74417 0.00300 0.03042
v 0.73994 0.00300 0.03007
v 0.74417 0.24700 0.03042
v 0.35611 0.00000 -0.42663
v 0.73994 0.00300 0.03007
v 0.74223 0.00000 0.02813
v 0.35383 0.00300 -0.42469
v 0.74223 0.25000 0.02813
v 0.35383 0.24700 -0.42469
v 0.35611 0.25000 -0.42663
v 0.73994 0.24700 0.03007
v 0.35417 0.24700 -0.42892
v 0.35383 0.00300 -0.42469
v 0.35417 0.00300 -0.42892
v 0.35383 0.24700 -0.42469
v 0.42777 0.00000 -0.48747
v 0.35417 0.00300 -0.42892
v 0.35611 0.00000 -0.42663
v 0.42583 0.00300 -0.48976
v 0.35611 0.25000 -0.42663
v 0.42583 0.24700 -0.48976
v 0.42777 0.25000 -0.48747
v 0.35417 0.24700 -0.42892
v 0.43006 0.24700 -0.48941
v 0.42583 0.00300 -0.48976
v 0.43006 0.00300 -0.48941
v 0.42583 0.24700 -0.48976
v 0.81389 0.00000 -0.03271
v 0.43006 0.00300 -0.48941
v 0.42777 0.00000 -0.48747
v 0.81617 0.00300 -0.03465
v 0.42777 0.25000 -0.48747
v 0.81617 0.24700 -0.03465
v 0.81389 0.25000 -0.03271
v 0.43006 0.24700 -0.48941
v 0.74223 0.00000 0.02813
v 0.42777 0.00000 -0.48747
v 0.35611 0.00000 -0.42663
v 0.81389 0.00000 -0.03271
v -0.81617 0.00300 -0.03465
v -0.43006 0.24700 -0.48941
v -0.81617 0.24700 -0.03465
v -0.43006 0.00300 -0.48941
v -0.74417 0.00300 0.03042
v -0.81583 0.24700 -0.03042
v -0.74417 0.24700 0.03042
v -0.81583 0.00300 -0.03042
v -0.74223 0.25000 0.02813
v -0.42777 0.25000 -0.48747
v -0.35611 0.25000 -0.42663
v -0.81389 0.25000 -0.03271
v -0.42583 0.00300 -0.48976
v -0.35417 0.24700 -0.42892
v -0.42583 0.24700 -0.48976
v -0.35417 0.00300 -0.42892
v -0.35383 0.00300 -0.42469
v -0.73994 0.24700 0.03007
v -0.35383 0.24700 -0.42469
v -0.73994 0.00300 0.03007
v -0.42777 0.00000 -0.48747
v -0.42583 0.00300 -0.48976
v -0.43006 0.00300 -0.48941
v -0.43006 0.24700 -0.48941
v -0.42583 0.24700 -0.48976
v -0.42777 0.25000 -0.48747
v -0.35611 0.00000 -0.42663
v -0.35383 0.00300 -0.42469
v -0.35417 0.00300 -0.42892
v -0.35611 0.25000 -0.42663
v -0.35417 0.24700 -0.42892
v -0.35383 0.24700 -0.42469
v -0.81389 0.00000 -0.03271
v -0.81617 0.00300 -0.03465
v -0.81583 0.00300 -0.03042
v -0.81389 0.25000 -0.03271
v -0.81583 0.24700 -0.03042
v -0.81617 0.24700 -0.03465
v -0.74223 0.00000 0.02813
v -0.74417 0.00300 0.03042
v -0.73994 0.00300 0.03007
v -0.74223 0.25000 0.02813
v -0.73994 0.24700 0.03007
v -0.74417 0.24700 0.03042
v -0.35611 0.00000 -0.42663
v -0.42583 0.00300 -0.48976
v -0.42777 0.00000 -0.48747
v -0.35417 0.00300 -0.42892
v -0.43006 0.00300 -0.48941
v -0.42583 0.24700 -0.48976
v -0.43006 0.24700 -0.48941
v -0.42583 0.00300 -0.48976
v -0.42777 0.25000 -0.48747
v -0.35417 0.24700 -0.42892
v -0.35611 0.25000 -0.42663
v -0.42583 0.24700 -0.48976
v -0.35383 0.24700 -0.42469
v -0.35417 0.00300 -0.42892
v -0.35383 0.00300 -0.42469
v -0.35417 0.24700 -0.42892
v -0.74223 0.00000 0.02813
v -0.35383 0.00300 -0.42469
v -0.35611 0.00000 -0.42663
v -0.73994 0.00300 0.03007
v -0.35611 0.25000 -0.42663
v -0.73994 0.24700 0.03007
v -0.74223 0.25000 0.02813
v -0.35383 0.24700 -0.42469
v -0.74417 0.24700 0.03042
v -0.73994 0.00300 0.03007
v -0.74417 0.00300 0.03042
v -0.73994 0.24700 0.03007
v -0.81389 0.00000 -0.03271
v -0.74417 0.00300 0.03042
v -0.74223 0.00000 0.02813
v -0.81583 0.00300 -0.03042
v -0.74223 0.25000 0.02813
v -0.81583 0.24700 -0.03042
v -0.81389 0.25000 -0.03271
v -0.74417 0.24700 0.03042
v -0.81617 0.24700 -0.03465
v -0.81583 0.00300 -0.03042
v -0.81617 0.00300 -0.03465
v -0.81583 0.24700 -0.03042
v -0.42777 0.00000 -0.48747
v -0.81617 0.00300 -0.03465
v -0.81389 0.00000 -0.03271
v -0.43006 0.00300 -0.48941
v -0.81389 0.25000 -0.03271
v -0.43006 0.24700 -0.48941
v -0.42777 0.25000 -0.48747
v -0.81617 0.24700 -0.03465
v -0.35611 0.00000 -0.42663
v -0.81389 0.00000 -0.03271
v -0.74223 0.00000 0.02813
v -0.42777 0.00000 -0.48747
v -0.43006 0.00300 0.48941
v -0.81617 0.24700 0.03465
v -0.43006 0.24700 0.48941
v -0.81617 0.00300 0.03465
v -0.35417 0.00300 0.42892
v -0.42583 0.24700 0.48976
v -0.35417 0.24700 0.42892
v -0.42583 0.00300 0.48976
v -0.35611 0.25000 0.42663
v -0.81389 0.25000 0.03271
v -0.74223 0.25000 -0.02813
v -0.42777 0.25000 0.48747
v -0.81583 0.00300 0.03042
v -0.74417 0.24700 -0.03042
v -0.81583 0.24700 0.03042
v -0.74417 0.00300 -0.03042
v -0.73994 0.00300 -0.03007
v -0.35383 0.24700 0.42469
v -0.73994 0.24700 -0.03007
v -0.35383 0.00300 0.42469
v -0.81389 0.00000 0.03271
v -0.81583 0.00300 0.03042
v -0.81617 0.00300 0.03465
v -0.81617 0.24700 0.03465
v -0.81583 0.24700 0.03042
v -0.81389 0.25000 0.03271
v -0.74223 0.00000 -0.02813
v -0.73994 0.00300 -0.03007
v -0.74417 0.00300 -0.03042
v -0.74223 0.25000 -0.02813
v -0.74417 0.24700 -0.03042
v -0.73994 0.24700 -0.03007
v -0.42777 0.00000 0.48747
v -0.43006 0.00300 0.48941
v -0.42583 0.00300 0.48976
v -0.42777 0.25000 0.48747
v -0.42583 0.24700 0.48976
v -0.43006 0.24700 0.48941
v -0.35611 0.00000 0.42663
v -0.35417 0.00300 0.42892
v -0.35383 0.00300 0.42469
v -0.35611 0.25000 0.42663
v -0.35383 0.24700 0.42469
v -0.35417 0.24700 0.42892
v -0.74223 0.00000 -0.02813
v -0.81583 0.00300 0.03042
v -0.81389 0.00000 0.03271
v -0.74417 0.00300 -0.03042
v -0.81617 0.00300 0.03465
v -0.81583 0.24700 0.03042
v -0.81617 0.24700 0.03465
v -0.81583 0.00300 0.03042
v -0.81389 0.25000 0.03271
v -0.74417 0.24700 -0.03042
v -0.74223 0.25000 -0.02813
v -0.81583 0.24700 0.03042
v -0.73994 0.24700 -0.03007
v -0.74417 0.00300 -0.03042
v -0.73994 0.00300 -0.03007
v -0.74417 0.24700 -0.03042
v -0.35611 0.00000 0.42663
v -0.73994 0.00300 -0.03007
v -0.74223 0.00000 -0.02813
v -0.35383 0.00300 0.42469
v -0.74223 0.25000 -0.02813
v -0.35383 0.24700 0.42469
v -0.35611 0.25000 0.42663
v -0.73994 0.24700 -0.03007
v -0.35417 0.24700 0.42892
v -0.35383 0.00300 0.42469
v -0.35417 0.00300 0.42892
v -0.35383 0.24700 0.42469
v -0.42777 0.00000 0.48747
v -0.35417 0.00300 0.42892
v -0.35611 0.00000 0.42663
v -0.42583 0.00300 0.48976
v -0.35611 0.25000 0.42663
v -0.42583 0.24700 0.48976
v -0.42777 0.25000 0.48747
v -0.35417 0.24700 0.42892
v -0.43006 0.24700 0.48941
v -0.42583 0.00300 0.48976
v -0.43006 0.00300 0.48941
v -0.42583 0.24700 0.48976
v -0.81389 0.00000 0.03271
v -0.43006 0.00300 0.48941
v -0.42777 0.00000 0.48747
v -0.81617 0.00300 0.03465
v -0.42777 0.25000 0.48747
v -0.81617 0.24700 0.03465
v -0.81389 0.25000 0.03271
v -0.43006 0.24700 0.48941
v -0.74223 0.00000 -0.02813
v -0.42777 0.00000 0.48747
v -0.35611 0.00000 0.42663
v -0.81389 0.00000 0.03271
v 0.81617 0.00300 0.03465
v 0.43006 0.24700 0.48941
v 0.81617 0.24700 0.03465
v 0.43006 0.00300 0.48941
v 0.74417 0.00300 -0.03042
v 0.81583 0.24700 0.03042
v 0.74417 0.24700 -0.03042
v 0.81583 0.00300 0.03042
v 0.74223 0.25000 -0.02813
v 0.42777 0.25000 0.48747
v 0.35611 0.25000 0.42663
v 0.81389 0.25000 0.03271
v 0.42583 0.00300 0.48976
v 0.35417 0.24700 0.42892
v 0.42583 0.24700 0.48976
v 0.35417 0.00300 0.42892
v 0.35383 0.00300 0.42469
v 0.73994 0.24700 -0.03007
v 0.35383 0.24700 0.42469
v 0.73994 0.00300 -0.03007
v 0.42777 0.00000 0.48747
v 0.42583 0.00300 0.48976
v 0.43006 0.00300 0.48941
v 0.43006 0.24700 0.48941
v 0.42583 0.24700 0.48976
v 0.42777 0.25000 0.48747
v 0.35611 0.00000 0.42663
v 0.35383 0.00300 0.42469
v 0.35417 0.00300 0.42892
v 0.35611 0.25000 0.42663
v 0.35417 0.24700 0.42892
v 0.35383 0.24700 0.42469
v 0.81389 0.00000 0.03271
v 0.81617 0.00300 0.03465
v 0.81583 0.00300 0.03042
v 0.81389 0.25000 0.03271
v 0.81583 0.24700 0.03042
v 0.81617 0.24700 0.03465
v 0.74223 0.00000 -0.02813
v 0.74417 0.00300 -0.03042
v 0.73994 0.00300 -0.03007
v 0.74223 0.25000 -0.02813
v 0.73994 0.24700 -0.03007
v 0.74417 0.24700 -0.03042
v 0.35611 0.00000 0.42663
v 0.42583 0.00300 0.48976
v 0.42777 0.00000 0.48747
v 0.35417 0.00300 0.42892
v 0.43006 0.00300 0.48941
v 0.42583 0.24700 0.48976
v 0.43006 0.24700 0.48941
v 0.42583 0.00300 0.48976
v 0.42777 0.25000 0.48747
v 0.35417 0.24700 0.42892
v 0.35611 0.25000 0.42663
v 0.42583 0.24700 0.48976
v 0.35383 0.24700 0.42469
v 0.35417 0.00300 0.42892
v 0.35383 0.00300 0.42469
v 0.35417 0.24700 0.42892
v 0.74223 0.00000 -0.02813
v 0.35383 0.00300 0.42469
v 0.35611 0.00000 0.42663
v 0.73994 0.00300 -0.03007
v 0.35611 0.25000 0.42663
v 0.73994 0.24700 -0.03007
v 0.74223 0.25000 -0.02813
v 0.35383 0.24700 0.42469
v 0.74417 0.24700 -0.03042
v 0.73994 0.00300 -0.03007
v 0.74417 0.00300 -0.03042
v 0.73994 0.24700 -0.03007
v 0.81389 0.00000 0.03271
v 0.74417 0.00300 -0.03042
v 0.74223 0.00000 -0.02813
v 0.81583 0.00300 0.03042
v 0.74223 0.25000 -0.02813
v 0.81583 0.24700 0.03042
v 0.81389 0.25000 0.03271
v 0.74417 0.24700 -0.03042
v 0.81617 0.24700 0.03465
v 0.81583 0.00300 0.03042
v 0.81617 0.00300 0.03465
v 0.81583 0.24700 0.03042
v 0.42777 0.00000 0.48747
v 0.81617 0.00300 0.03465
v 0.81389 0.00000 0.03271
v 0.43006 0.00300 0.48941
v 0.81389 0.25000 0.03271
v 0.43006 0.24700 0.48941
v 0.42777 0.25000 0.48747
v 0.81617 0.24700 0.03465
v 0.35611 0.00000 0.42663
v 0.81389 0.00000 0.03271
v 0.74223 0.00000 -0.02813
v 0.42777 0.00000 0.48747
v -0.08300 0.00300 0.50934
v -0.38700 0.24700 0.50934
v -0.08300 0.24700 0.50934
v -0.38700 0.00300 0.50934
v -0.08000 0.00300 0.41234
v -0.08000 0.24700 0.50634
v -0.08000 0.24700 0.41234
v -0.08000 0.00300 0.50634
v -0.08300 0.25000 0.41234
v -0.38700 0.25000 0.50634
v -0.38700 0.25000 0.41234
v -0.08300 0.25000 0.50634
v -0.39000 0.00300 0.50634
v -0.39000 0.24700 0.41234
v -0.39000 0.24700 0.50634
v -0.39000 0.00300 0.41234
v -0.38700 0.00300 0.40934
v -0.08300 0.24700 0.40934
v -0.38700 0.24700 0.40934
v -0.08300 0.00300 0.40934
v -0.38700 0.00000 0.50634
v -0.39000 0.00300 0.50634
v -0.38700 0.00300 0.50934
v -0.38700 0.24700 0.50934
v -0.39000 0.24700 0.50634
v -0.38700 0.25000 0.50634
v -0.38700 0.00000 0.41234
v -0.38700 0.00300 0.40934
v -0.39000 0.00300 0.41234
v -0.38700 0.25000 0.41234
v -0.39000 0.24700 0.41234
v -0.38700 0.24700 0.40934
v -0.08300 0.00000 0.50634
v -0.08300 0.00300 0.50934
v -0.08000 0.00300 0.50634
v -0.08300 0.25000 0.50634
v -0.08000 0.24700 0.50634
v -0.08300 0.24700 0.50934
v -0.08300 0.00000 0.41234
v -0.08000 0.00300 0.41234
v -0.08300 0.00300 0.40934
v -0.08300 0.25000 0.41234
v -0.08300 0.24700 0.40934
v -0.08000 0.24700 0.41234
v -0.38700 0.00000 0.41234
v -0.39000 0.00300 0.50634
v -0.38700 0.00000 0.50634
v -0.39000 0.00300 0.41234
v -0.38700 0.00300 0.50934
v -0.39000 0.24700 0.50634
v -0.38700 0.24700 0.50934
v -0.39000 0.00300 0.50634
v -0.38700 0.25000 0.50634
v -0.39000 0.24700 0.41234
v -0.38700 0.25000 0.41234
v -0.39000 0.24700 0.50634
v -0.38700 0.24700 0.40934
v -0.39000 0.00300 0.41234
v -0.38700 0.00300 0.40934
v -0.39000 0.24700 0.41234
v -0.08300 0.00000 0.41234
v -0.38700 0.00300 0.40934
v -0.38700 0.00000 0.41234
v -0.08300 0.00300 0.40934
v -0.38700 0.25000 0.41234
v -0.08300 0.24700 0.40934
v -0.08300 0.25000 0.41234
v -0.38700 0.24700 0.40934
v -0.08000 0.24700 0.41234
v -0.08300 0.00300 0.40934
v -0.08000 0.00300 0.41234
v -0.08300 0.24700 0.40934
v -0.08300 0.00000 0.50634
v -0.08000 0.00300 0.41234
v -0.08300 0.00000 0.41234
v -0.08000 0.00300 0.50634
v -0.08300 0.25000 0.41234
v -0.08000 0.24700 0.50634
v -0.08300 0.25000 0.50634
v -0.08000 0.24700 0.41234
v -0.08300 0.24700 0.50934
v -0.08000 0.00300 0.50634
v -0.08300 0.00300 0.50934
v -0.08000 0.24700 0.50634
v -0.38700 0.00000 0.50634
v -0.08300 0.00300 0.50934
v -0.08300 0.00000 0.50634
v -0.38700 0.00300 0.50934
v -0.08300 0.25000 0.50634
v -0.38700 0.24700 0.50934
v -0.38700 0.25000 0.50634
v -0.08300 0.24700 0.50934
v -0.38700 0.00000 0.41234
v -0.08300 0.00000 0.50634
v -0.08300 0.00000 0.41234
v -0.38700 0.00000 0.50634
v 0.38700 0.00300 0.50934
v 0.08300 0.24700 0.50934
v 0.38700 0.24700 0.50934
v 0.08300 0.00300 0.50934
v 0.39000 0.00300 0.41234
v 0.39000 0.24700 0.50634
v 0.39000 0.24700 0.41234
v 0.39000 0.00300 0.50634
v 0.38700 0.25000 0.41234
v 0.08300 0.25000 0.50634
v 0.08300 0.25000 0.41234
v 0.38700 0.25000 0.50634
v 0.08000 0.00300 0.50634
v 0.08000 0.24700 0.41234
v 0.08000 0.24700 0.50634
v 0.08000 0.00300 0.41234
v 0.08300 0.00300 0.40934
v 0.38700 0.24700 0.40934
v 0.08300 0.24700 0.40934
v 0.38700 0.00300 0.40934
v 0.08300 0.00000 0.50634
v 0.08000 0.00300 0.50634
v 0.08300 0.00300 0.50934
v 0.08300 0.24700 0.50934
v 0.08000 0.24700 0.50634
v 0.08300 0.25000 0.50634
v 0.08300 0.00000 0.41234
v 0.08300 0.00300 0.40934
v 0.08000 0.00300 0.41234
v 0.08300 0.25000 0.41234
v 0.08000 0.24700 0.41234
v 0.08300 0.24700 0.40934
v 0.38700 0.00000 0.50634
v 0.38700 0.00300 0.50934
v 0.39000 0.00300 0.50634
v 0.38700 0.25000 0.50634
v 0.39000 0.24700 0.50634
v 0.38700 0.24700 0.50934
v 0.38700 0.00000 0.41234
v 0.39000 0.00300 0.41234
v 0.38700 0.00300 0.40934
v 0.38700 0.25000 0.41234
v 0.38700 0.24700 0.40934
v 0.39000 0.24700 0.41234
v 0.08300 0.00000 0.41234
v 0.08000 0.00300 0.50634
v 0.08300 0.00000 0.50634
v 0.08000 0.00300 0.41234
v 0.08300 0.00300 0.50934
v 0.08000 0.24700 0.50634
v 0.08300 0.24700 0.50934
v 0.08000 0.00300 0.50634
v 0.08300 0.25000 0.50634
v 0.08000 0.24700 0.41234
v 0.08300 0.25000 0.41234
v 0.08000 0.24700 0.50634
v 0.08300 0.24700 0.40934
v 0.08000 0.00300 0.41234
v 0.08300 0.00300 0.40934
v 0.08000 0.24700 0.41234
v 0.38700 0.00000 0.41234
v 0.08300 0.00300 0.40934
v 0.08300 0.00000 0.41234
v 0.38700 0.00300 0.40934
v 0.08300 0.25000 0.41234
v 0.38700 0.24700 0.40934
v 0.38700 0.25000 0.41234
v 0.08300 0.24700 0.40934
v 0.39000 0.24700 0.41234
v 0.38700 0.00300 0.40934
v 0.39000 0.00300 0.41234
v 0.38700 0.24700 0.40934
v 0.38700 0.00000 0.50634
v 0.39000 0.00300 0.41234
v 0.38700 0.00000 0.41234
v 0.39000 0.00300 0.50634
v 0.38700 0.25000 0.41234
v 0.39000 0.24700 0.50634
v 0.38700 0.25000 0.50634
v 0.39000 0.24700 0.41234
v 0.38700 0.24700 0.50934
v 0.39000 0.00300 0.50634
v 0.38700 0.00300 0.50934
v 0.39000 0.24700 0.50634
v 0.08300 0.00000 0.50634
v 0.38700 0.00300 0.50934
v 0.38700 0.00000 0.50634
v 0.08300 0.00300 0.50934
v 0.38700 0.25000 0.50634
v 0.08300 0.24700 0.50934
v 0.08300 0.25000 0.50634
v 0.38700 0.24700 0.50934
v 0.08300 0.00000 0.41234
v 0.38700 0.00000 0.50634
v 0.38700 0.00000 0.41234
v 0.08300 0.00000 0.50634
v 0.72328 0.00300 -0.09245
v 0.83672 0.00300 -0.09245
v 0.72328 0.37500 -0.09245
v 0.68465 0.00300 -0.05170
v 0.83672 0.37500 -0.09245
v 0.68465 0.37500 -0.05170
v 0.87535 0.37500 -0.05170
v 0.67158 0.00300 -0.00290
v 0.87535 0.00300 -0.05170
v 0.67158 0.37500 -0.00290
v 0.88842 0.37500 -0.00290
v 0.68465 0.00300 0.05170
v 0.88842 0.00300 -0.00290
v 0.68465 0.37500 0.05170
v 0.87535 0.37500 0.05170
v 0.72328 0.00300 0.09245
v 0.87535 0.00300 0.05170
v 0.72328 0.37500 0.09245
v 0.83672 0.37500 0.09245
v 0.83672 0.00300 0.09245
v 0.83305 0.37800 -0.09188
v 0.68812 0.37800 -0.05305
v 0.72695 0.37800 -0.09188
v 0.87188 0.37800 -0.05305
v 0.68812 0.37800 0.05305
v 0.67391 0.37800 0.00000
v 0.72695 0.37800 0.09188
v 0.87188 0.37800 0.05305
v 0.88609 0.37800 0.00000
v 0.83305 0.37800 0.09188
v 0.83672 0.00300 -0.09245
v 0.72695 0.00000 -0.09188
v 0.83305 0.00000 -0.09188
v 0.72328 0.00300 -0.09245
v 0.83305 0.00000 -0.09188
v 0.87188 0.00000 -0.05305
v 0.87535 0.00300 -0.05170
v 0.87188 0.00000 -0.05305
v 0.88609 0.00000 0.00000
v 0.88842 0.00300 -0.00290
v 0.88609 0.00000 0.00000
v 0.87188 0.00000 0.05305
v 0.87535 0.00300 0.05170
v 0.87188 0.00000 0.05305
v 0.83305 0.00000 0.09188
v 0.83672 0.00300 0.09245
v 0.83305 0.00000 0.09188
v 0.72328 0.00300 0.09245
v 0.72695 0.00000 0.09188
v 0.72695 0.00000 0.09188
v 0.68812 0.00000 0.05305
v 0.68465 0.00300 0.05170
v 0.68812 0.00000 0.05305
v 0.67391 0.00000 0.00000
v 0.67158 0.00300 -0.00290
v 0.67391 0.00000 0.00000
v 0.68812 0.00000 -0.05305
v 0.68465 0.00300 -0.05170
v 0.68812 0.00000 -0.05305
v 0.72695 0.00000 -0.09188
v 0.83672 0.37500 -0.09245
v 0.83305 0.37800 -0.09188
v 0.72328 0.37500 -0.09245
v 0.72695 0.37800 -0.09188
v 0.72695 0.37800 -0.09188
v 0.68812 0.37800 -0.05305
v 0.68465 0.37500 -0.05170
v 0.68812 0.37800 -0.05305
v 0.67391 0.37800 0.00000
v 0.67158 0.37500 -0.00290
v 0.67391 0.37800 0.00000
v 0.68812 0.37800 0.05305
v 0.68465 0.37500 0.05170
v 0.68812 0.37800 0.05305
v 0.72695 0.37800 0.09188
v 0.72328 0.37500 0.09245
v 0.72695 0.37800 0.09188
v 0.83672 0.37500 0.09245
v 0.83305 0.37800 0.09188
v 0.83305 0.37800 0.09188
v 0.87188 0.37800 0.05305
v 0.87535 0.37500 0.05170
v 0.87188 0.37800 0.05305
v 0.88609 0.37800 0.00000
v 0.88842 0.37500 -0.00290
v 0.88609 0.37800 0.00000
v 0.87188 0.37800 -0.05305
v 0.87535 0.37500 -0.05170
v 0.87188 0.37800 -0.05305
v 0.83305 0.37800 -0.09188
v 0.83305 0.00000 -0.09188
v 0.88609 0.00000 0.00000
v 0.87188 0.00000 -0.05305
v 0.72695 0.00000 -0.09188
v 0.83305 0.00000 0.09188
v 0.87188 0.00000 0.05305
v 0.72695 0.00000 0.09188
v 0.67391 0.00000 0.00000
v 0.68812 0.00000 -0.05305
v 0.68812 0.00000 0.05305
v 0.33328 0.00300 -0.55179
v 0.44672 0.00300 -0.55179
v 0.33328 0.43620 -0.55179
v 0.29465 0.00300 -0.51104
v 0.44672 0.43620 -0.55179
v 0.29465 0.43620 -0.51104
v 0.48535 0.43620 -0.51104
v 0.28158 0.00300 -0.46224
v 0.48535 0.00300 -0.51104
v 0.28158 0.43620 -0.46224
v 0.49842 0.43620 -0.46224
v 0.29465 0.00300 -0.40764
v 0.49842 0.00300 -0.46224
v 0.29465 0.43620 -0.40764
v 0.48535 0.43620 -0.40764
v 0.33328 0.00300 -0.36689
v 0.48535 0.00300 -0.40764
v 0.33328 0.43620 -0.36689
v 0.44672 0.43620 -0.36689
v 0.44672 0.00300 -0.36689
v 0.44305 0.43920 -0.55122
v 0.29812 0.43920 -0.51239
v 0.33695 0.43920 -0.55122
v 0.48188 0.43920 -0.51239
v 0.29812 0.43920 -0.40629
v 0.28391 0.43920 -0.45934
v 0.33695 0.43920 -0.36746
v 0.48188 0.43920 -0.40629
v 0.49609 0.43920 -0.45934
v 0.44305 0.43920 -0.36746
v 0.44672 0.00300 -0.55179
v 0.33695 0.00000 -0.55122
v 0.44305 0.00000 -0.55122
v 0.33328 0.00300 -0.55179
v 0.44305 0.00000 -0.55122
v 0.48188 0.00000 -0.51239
v 0.48535 0.00300 -0.51104
v 0.48188 0.00000 -0.51239
v 0.49609 0.00000 -0.45934
v 0.49842 0.00300 -0.46224
v 0.49609 0.00000 -0.45934
v 0.48188 0.00000 -0.40629
v 0.48535 0.00300 -0.40764
v 0.48188 0.00000 -0.40629
v 0.44305 0.00000 -0.36746
v 0.44672 0.00300 -0.36689
v 0.44305 0.00000 -0.36746
v 0.33328 0.00300 -0.36689
v 0.33695 0.00000 -0.36746
v 0.33695 0.00000 -0.36746
v 0.29812 0.00000 -0.40629
v 0.29465 0.00300 -0.40764
v 0.29812 0.00000 -0.40629
v 0.28391 0.00000 -0.45934
v 0.28158 0.00300 -0.46224
v 0.28391 0.00000 -0.45934
v 0.29812 0.00000 -0.51239
v 0.29465 0.00300 -0.51104
v 0.29812 0.00000 -0.51239
v 0.33695 0.00000 -0.55122
v 0.44672 0.43620 -0.55179
v 0.44305 0.43920 -0.55122
v 0.33328 0.43620 -0.55179
v 0.33695 0.43920 -0.55122
v 0.33695 0.43920 -0.55122
v 0.29812 0.43920 -0.51239
v 0.29465 0.43620 -0.51104
v 0.29812 0.43920 -0.51239
v 0.28391 0.43920 -0.45934
v 0.28158 0.43620 -0.46224
v 0.28391 0.43920 -0.45934
v 0.29812 0.43920 -0.40629
v 0.29465 0.43620 -0.40764
v 0.29812 0.43920 -0.40629
v 0.33695 0.43920 -0.36746
v 0.33328 0.43620 -0.36689
v 0.33695 0.43920 -0.36746
v 0.44672 0.43620 -0.36689
v 0.44305 0.43920 -0.36746
v 0.44305 0.43920 -0.36746
v 0.48188 0.43920 -0.40629
v 0.48535 0.43620 -0.40764
v 0.48188 0.43920 -0.40629
v 0.49609 0.43920 -0.45934
v 0.49842 0.43620 -0.46224
v 0.49609 0.43920 -0.45934
v 0.48188 0.43920 -0.51239
v 0.48535 0.43620 -0.51104
v 0.48188 0.43920 -0.51239
v 0.44305 0.43920 -0.55122
v 0.44305 0.00000 -0.55122
v 0.49609 0.00000 -0.45934
v 0.48188 0.00000 -0.51239
v 0.33695 0.00000 -0.55122
v 0.44305 0.00000 -0.36746
v 0.48188 0.00000 -0.40629
v 0.33695 0.00000 -0.36746
v 0.28391 0.00000 -0.45934
v 0.29812 0.00000 -0.51239
v 0.29812 0.00000 -0.40629
v -0.44672 0.00300 -0.55179
v -0.33328 0.00300 -0.55179
v -0.44672 0.43620 -0.55179
v -0.48535 0.00300 -0.51104
v -0.33328 0.43620 -0.55179
v -0.48535 0.43620 -0.51104
v -0.29465 0.43620 -0.51104
v -0.49842 0.00300 -0.46224
v -0.29465 0.00300 -0.51104
v -0.49842 0.43620 -0.46224
v -0.28158 0.43620 -0.46224
v -0.48535 0.00300 -0.40764
v -0.28158 0.00300 -0.46224
v -0.48535 0.43620 -0.40764
v -0.29465 0.43620 -0.40764
v -0.44672 0.00300 -0.36689
v -0.29465 0.00300 -0.40764
v -0.44672 0.43620 -0.36689
v -0.33328 0.43620 -0.36689
v -0.33328 0.00300 -0.36689
v -0.33695 0.43920 -0.55122
v -0.48188 0.43920 -0.51239
v -0.44305 0.43920 -0.55122
v -0.29812 0.43920 -0.51239
v -0.48188 0.43920 -0.40629
v -0.49609 0.43920 -0.45934
v -0.44305 0.43920 -0.36746
v -0.29812 0.43920 -0.40629
v -0.28391 0.43920 -0.45934
v -0.33695 0.43920 -0.36746
v -0.33328 0.00300 -0.55179
v -0.44305 0.00000 -0.55122
v -0.33695 0.00000 -0.55122
v -0.44672 0.00300 -0.55179
v -0.33695 0.00000 -0.55122
v -0.29812 0.00000 -0.51239
v -0.29465 0.00300 -0.51104
v -0.29812 0.00000 -0.51239
v -0.28391 0.00000 -0.45934
v -0.28158 0.00300 -0.46224
v -0.28391 0.00000 -0.45934
v -0.29812 0.00000 -0.40629
v -0.29465 0.00300 -0.40764
v -0.29812 0.00000 -0.40629
v -0.33695 0.00000 -0.36746
v -0.33328 0.00300 -0.36689
v -0.33695 0.00000 -0.36746
v -0.44672 0.00300 -0.36689
v -0.44305 0.00000 -0.36746
v -0.44305 0.00000 -0.36746
v -0.48188 0.00000 -0.40629
v -0.48535 0.00300 -0.40764
v -0.48188 0.00000 -0.40629
v -0.49609 0.00000 -0.45934
v -0.49842 0.00300 -0.46224
v -0.49609 0.00000 -0.45934
v -0.48188 0.00000 -0.51239
v -0.48535 0.00300 -0.51104
v -0.48188 0.00000 -0.51239
v -0.44305 0.00000 -0.55122
v -0.33328 0.43620 -0.55179
v -0.33695 0.43920 -0.55122
v -0.44672 0.43620 -0.55179
v -0.44305 0.43920 -0.55122
v -0.44305 0.43920 -0.55122
v -0.48188 0.43920 -0.51239
v -0.48535 0.43620 -0.51104
v -0.48188 0.43920 -0.51239
v -0.49609 0.43920 -0.45934
v -0.49842 0.43620 -0.46224
v -0.49609 0.43920 -0.45934
v -0.48188 0.43920 -0.40629
v -0.48535 0.43620 -0.40764
v -0.48188 0.43920 -0.40629
v -0.44305 0.43920 -0.36746
v -0.44672 0.43620 -0.36689
v -0.44305 0.43920 -0.36746
v -0.33328 0.43620 -0.36689
v -0.33695 0.43920 -0.36746
v -0.33695 0.43920 -0.36746
v -0.29812 0.43920 -0.40629
v -0.29465 0.43620 -0.40764
v -0.29812 0.43920 -0.40629
v -0.28391 0.43920 -0.45934
v -0.28158 0.43620 -0.46224
v -0.28391 0.43920 -0.45934
v -0.29812 0.43920 -0.51239
v -0.29465 0.43620 -0.51104
v -0.29812 0.43920 -0.51239
v -0.33695 0.43920 -0.55122
v -0.33695 0.00000 -0.55122
v -0.28391 0.00000 -0.45934
v -0.29812 0.00000 -0.51239
v -0.44305 0.00000 -0.55122
v -0.33695 0.00000 -0.36746
v -0.29812 0.00000 -0.40629
v -0.44305 0.00000 -0.36746
v -0.49609 0.00000 -0.45934
v -0.48188 0.00000 -0.51239
v -0.48188 0.00000 -0.40629
v -0.83672 0.00300 -0.09245
v -0.72328 0.00300 -0.09245
v -0.83672 0.37500 -0.09245
v -0.87535 0.00300 -0.05170
v -0.72328 0.37500 -0.09245
v -0.87535 0.37500 -0.05170
v -0.68465 0.37500 -0.05170
v -0.88842 0.00300 -0.00290
v -0.68465 0.00300 -0.05170
v -0.88842 0.37500 -0.00290
v -0.67158 0.37500 -0.00290
v -0.87535 0.00300 0.05170
v -0.67158 0.00300 -0.00290
v -0.87535 0.37500 0.05170
v -0.68465 0.37500 0.05170
v -0.83672 0.00300 0.09245
v -0.68465 0.00300 0.05170
v -0.83672 0.37500 0.09245
v -0.72328 0.37500 0.09245
v -0.72328 0.00300 0.09245
v -0.72695 0.37800 -0.09188
v -0.87188 0.37800 -0.05305
v -0.83305 0.37800 -0.09188
v -0.68812 0.37800 -0.05305
v -0.87188 0.37800 0.05305
v -0.88609 0.37800 -0.00000
v -0.83305 0.37800 0.09188
v -0.68812 0.37800 0.05305
v -0.67391 0.37800 -0.00000
v -0.72695 0.37800 0.09188
v -0.72328 0.00300 -0.09245
v -0.83305 0.00000 -0.09188
v -0.72695 0.00000 -0.09188
v -0.83672 0.00300 -0.09245
v -0.72695 0.00000 -0.09188
v -0.68812 0.00000 -0.05305
v -0.68465 0.00300 -0.05170
v -0.68812 0.00000 -0.05305
v -0.67391 0.00000 -0.00000
v -0.67158 0.00300 -0.00290
v -0.67391 0.00000 -0.00000
v -0.68812 0.00000 0.05305
v -0.68465 0.00300 0.05170
v -0.68812 0.00000 0.05305
v -0.72695 0.00000 0.09188
v -0.72328 0.00300 0.09245
v -0.72695 0.00000 0.09188
v -0.83672 0.00300 0.09245
v -0.83305 0.00000 0.09188
v -0.83305 0.00000 0.09188
v -0.87188 0.00000 0.05305
v -0.87535 0.00300 0.05170
v -0.87188 0.00000 0.05305
v -0.88609 0.00000 -0.00000
v -0.88842 0.00300 -0.00290
v -0.88609 0.00000 -0.00000
v -0.87188 0.00000 -0.05305
v -0.87535 0.00300 -0.05170
v -0.87188 0.00000 -0.05305
v -0.83305 0.00000 -0.09188
v -0.72328 0.37500 -0.09245
v -0.72695 0.37800 -0.09188
v -0.83672 0.37500 -0.09245
v -0.83305 0.37800 -0.09188
v -0.83305 0.37800 -0.09188
v -0.87188 0.37800 -0.05305
v -0.87535 0.37500 -0.05170
v -0.87188 0.37800 -0.05305
v -0.88609 0.37800 -0.00000
v -0.88842 0.37500 -0.00290
v -0.88609 0.37800 -0.00000
v -0.87188 0.37800 0.05305
v -0.87535 0.37500 0.05170
v -0.87188 0.37800 0.05305
v -0.83305 0.37800 0.09188
v -0.83672 0.37500 0.09245
v -0.83305 0.37800 0.09188
v -0.72328 0.37500 0.09245
v -0.72695 0.37800 0.09188
v -0.72695 0.37800 0.09188
v -0.68812 0.37800 0.05305
v -0.68465 0.37500 0.05170
v -0.68812 0.37800 0.05305
v -0.67391 0.37800 -0.00000
v -0.67158 0.37500 -0.00290
v -0.67391 0.37800 -0.00000
v -0.68812 0.37800 -0.05305
v -0.68465 0.37500 -0.05170
v -0.68812 0.37800 -0.05305
v -0.72695 0.37800 -0.09188
v -0.72695 0.00000 -0.09188
v -0.67391 0.00000 -0.00000
v -0.68812 0.00000 -0.05305
v -0.83305 0.00000 -0.09188
v -0.72695 0.00000 0.09188
v -0.68812 0.00000 0.05305
v -0.83305 0.00000 0.09188
v -0.88609 0.00000 -0.00000
v -0.87188 0.00000 -0.05305
v -0.87188 0.00000 0.05305
v 0.09700 0.00300 0.53933
v -0.09700 0.32950 0.53933
v 0.09700 0.32950 0.53933
v -0.09700 0.00300 0.53933
v 0.10000 0.00300 0.38233
v 0.10000 0.32950 0.53633
v 0.10000 0.32950 0.38233
v 0.10000 0.00300 0.53633
v 0.09700 0.33250 0.38233
v -0.09700 0.33250 0.53633
v -0.09700 0.33250 0.38233
v 0.09700 0.33250 0.53633
v -0.10000 0.00300 0.53633
v -0.10000 0.32950 0.38233
v -0.10000 0.32950 0.53633
v -0.10000 0.00300 0.38233
v -0.09700 0.00300 0.37933
v 0.09700 0.32950 0.37933
v -0.09700 0.32950 0.37933
v 0.09700 0.00300 0.37933
v -0.09700 0.00000 0.53633
v -0.10000 0.00300 0.53633
v -0.09700 0.00300 0.53933
v -0.09700 0.32950 0.53933
v -0.10000 0.32950 0.53633
v -0.09700 0.33250 0.53633
v -0.09700 0.00000 0.38233
v -0.09700 0.00300 0.37933
v -0.10000 0.00300 0.38233
v -0.09700 0.33250 0.38233
v -0.10000 0.32950 0.38233
v -0.09700 0.32950 0.37933
v 0.09700 0.00000 0.53633
v 0.09700 0.00300 0.53933
v 0.10000 0.00300 0.53633
v 0.09700 0.33250 0.53633
v 0.10000 0.32950 0.53633
v 0.09700 0.32950 0.53933
v 0.09700 0.00000 0.38233
v 0.10000 0.00300 0.38233
v 0.09700 0.00300 0.37933
v 0.09700 0.33250 0.38233
v 0.09700 0.32950 0.37933
v 0.10000 0.32950 0.38233
v -0.09700 0.00000 0.38233
v -0.10000 0.00300 0.53633
v -0.09700 0.00000 0.53633
v -0.10000 0.00300 0.38233
v -0.09700 0.00300 0.53933
v -0.10000 0.32950 0.53633
v -0.09700 0.32950 0.53933
v -0.10000 0.00300 0.53633
v -0.09700 0.33250 0.53633
v -0.10000 0.32950 0.38233
v -0.09700 0.33250 0.38233
v -0.10000 0.32950 0.53633
v -0.09700 0.32950 0.37933
v -0.10000 0.00300 0.38233
v -0.09700 0.00300 0.37933
v -0.10000 0.32950 0.38233
v 0.09700 0.00000 0.38233
v -0.09700 0.00300 0.37933
v -0.09700 0.00000 0.38233
v 0.09700 0.00300 0.37933
v -0.09700 0.33250 0.38233
v 0.09700 0.32950 0.37933
v 0.09700 0.33250 0.38233
v -0.09700 0.32950 0.37933
v 0.10000 0.32950 0.38233
v 0.09700 0.00300 0.37933
v 0.10000 0.00300 0.38233
v 0.09700 0.32950 0.37933
v 0.09700 0.00000 0.53633
v 0.10000 0.00300 0.38233
v 0.09700 0.00000 0.38233
v 0.10000 0.00300 0.53633
v 0.09700 0.33250 0.38233
v 0.10000 0.32950 0.53633
v 0.09700 0.33250 0.53633
v 0.10000 0.32950 0.38233
v 0.09700 0.32950 0.53933
v 0.10000 0.00300 0.53633
v 0.09700 0.00300 0.53933
v 0.10000 0.32950 0.53633
v -0.09700 0.00000 0.53633
v 0.09700 0.00300 0.53933
v 0.09700 0.00000 0.53633
v -0.09700 0.00300 0.53933
v 0.09700 0.33250 0.53633
v -0.09700 0.32950 0.53933
v -0.09700 0.33250 0.53633
v 0.09700 0.32950 0.53933
v -0.09700 0.00000 0.38233
v 0.09700 0.00000 0.53633
v 0.09700 0.00000 0.38233
v -0.09700 0.00000 0.53633
v 0.79920 0.25000 -0.05927
v 0.71840 0.29125 0.00933
v 0.79920 0.29125 -0.05927
v 0.71840 0.25000 0.00933
v 0.71840 0.25000 0.00933
v 0.68280 0.29125 -0.03259
v 0.71840 0.29125 0.00933
v 0.68280 0.25000 -0.03259
v 0.68280 0.25000 -0.03259
v 0.76360 0.29125 -0.10120
v 0.68280 0.29125 -0.03259
v 0.76360 0.25000 -0.10120
v 0.76360 0.25000 -0.10120
v 0.79920 0.29125 -0.05927
v 0.76360 0.29125 -0.10120
v 0.79920 0.25000 -0.05927
v 0.71840 0.25000 0.00933
v 0.76360 0.25000 -0.10120
v 0.68280 0.25000 -0.03259
v 0.79920 0.25000 -0.05927
v 0.68280 0.29125 -0.03259
v 0.79920 0.29125 -0.05927
v 0.71840 0.29125 0.00933
v 0.76360 0.29125 -0.10120
v 0.72120 0.25000 -0.15114
v 0.64040 0.29125 -0.08254
v 0.72120 0.29125 -0.15114
v 0.64040 0.25000 -0.08254
v 0.64040 0.25000 -0.08254
v 0.60480 0.29125 -0.12446
v 0.64040 0.29125 -0.08254
v 0.60480 0.25000 -0.12446
v 0.60480 0.25000 -0.12446
v 0.68560 0.29125 -0.19307
v 0.60480 0.29125 -0.12446
v 0.68560 0.25000 -0.19307
v 0.68560 0.25000 -0.19307
v 0.72120 0.29125 -0.15114
v 0.68560 0.29125 -0.19307
v 0.72120 0.25000 -0.15114
v 0.64040 0.25000 -0.08254
v 0.68560 0.25000 -0.19307
v 0.60480 0.25000 -0.12446
v 0.72120 0.25000 -0.15114
v 0.60480 0.29125 -0.12446
v 0.72120 0.29125 -0.15114
v 0.64040 0.29125 -0.08254
v 0.68560 0.29125 -0.19307
v 0.64320 0.25000 -0.24301
v 0.56240 0.29125 -0.17440
v 0.64320 0.29125 -0.24301
v 0.56240 0.25000 -0.17440
v 0.56240 0.25000 -0.17440
v 0.52680 0.29125 -0.21633
v 0.56240 0.29125 -0.17440
v 0.52680 0.25000 -0.21633
v 0.52680 0.25000 -0.21633
v 0.60760 0.29125 -0.28494
v 0.52680 0.29125 -0.21633
v 0.60760 0.25000 -0.28494
v 0.60760 0.25000 -0.28494
v 0.64320 0.29125 -0.24301
v 0.60760 0.29125 -0.28494
v 0.64320 0.25000 -0.24301
v 0.56240 0.25000 -0.17440
v 0.60760 0.25000 -0.28494
v 0.52680 0.25000 -0.21633
v 0.64320 0.25000 -0.24301
v 0.52680 0.29125 -0.21633
v 0.64320 0.29125 -0.24301
v 0.56240 0.29125 -0.17440
v 0.60760 0.29125 -0.28494
v 0.56520 0.25000 -0.33488
v 0.48440 0.29125 -0.26627
v 0.56520 0.29125 -0.33488
v 0.48440 0.25000 -0.26627
v 0.48440 0.25000 -0.26627
v 0.44880 0.29125 -0.30820
v 0.48440 0.29125 -0.26627
v 0.44880 0.25000 -0.30820
v 0.44880 0.25000 -0.30820
v 0.52960 0.29125 -0.37680
v 0.44880 0.29125 -0.30820
v 0.52960 0.25000 -0.37680
v 0.52960 0.25000 -0.37680
v 0.56520 0.29125 -0.33488
v 0.52960 0.29125 -0.37680
v 0.56520 0.25000 -0.33488
v 0.48440 0.25000 -0.26627
v 0.52960 0.25000 -0.37680
v 0.44880 0.25000 -0.30820
v 0.56520 0.25000 -0.33488
v 0.44880 0.29125 -0.30820
v 0.56520 0.29125 -0.33488
v 0.48440 0.29125 -0.26627
v 0.52960 0.29125 -0.37680
v 0.48720 0.25000 -0.42675
v 0.40640 0.29125 -0.35814
v 0.48720 0.29125 -0.42675
v 0.40640 0.25000 -0.35814
v 0.40640 0.25000 -0.35814
v 0.37080 0.29125 -0.40007
v 0.40640 0.29125 -0.35814
v 0.37080 0.25000 -0.40007
v 0.37080 0.25000 -0.40007
v 0.45160 0.29125 -0.46867
v 0.37080 0.29125 -0.40007
v 0.45160 0.25000 -0.46867
v 0.45160 0.25000 -0.46867
v 0.48720 0.29125 -0.42675
v 0.45160 0.29125 -0.46867
v 0.48720 0.25000 -0.42675
v 0.40640 0.25000 -0.35814
v 0.45160 0.25000 -0.46867
v 0.37080 0.25000 -0.40007
v 0.48720 0.25000 -0.42675
v 0.37080 0.29125 -0.40007
v 0.48720 0.29125 -0.42675
v 0.40640 0.29125 -0.35814
v 0.45160 0.29125 -0.46867
v 0.36179 0.25000 -0.51234
v 0.36179 0.29125 -0.40634
v 0.36179 0.29125 -0.51234
v 0.36179 0.25000 -0.40634
v 0.36179 0.25000 -0.40634
v 0.30679 0.29125 -0.40634
v 0.36179 0.29125 -0.40634
v 0.30679 0.25000 -0.40634
v 0.30679 0.25000 -0.40634
v 0.30679 0.29125 -0.51234
v 0.30679 0.29125 -0.40634
v 0.30679 0.25000 -0.51234
v 0.30679 0.25000 -0.51234
v 0.36179 0.29125 -0.51234
v 0.30679 0.29125 -0.51234
v 0.36179 0.25000 -0.51234
v 0.36179 0.25000 -0.40634
v 0.30679 0.25000 -0.51234
v 0.30679 0.25000 -0.40634
v 0.36179 0.25000 -0.51234
v 0.30679 0.29125 -0.40634
v 0.36179 0.29125 -0.51234
v 0.36179 0.29125 -0.40634
v 0.30679 0.29125 -0.51234
v 0.25036 0.25000 -0.51234
v 0.25036 0.29125 -0.40634
v 0.25036 0.29125 -0.51234
v 0.25036 0.25000 -0.40634
v 0.25036 0.25000 -0.40634
v 0.19536 0.29125 -0.40634
v 0.25036 0.29125 -0.40634
v 0.19536 0.25000 -0.40634
v 0.19536 0.25000 -0.40634
v 0.19536 0.29125 -0.51234
v 0.19536 0.29125 -0.40634
v 0.19536 0.25000 -0.51234
v 0.19536 0.25000 -0.51234
v 0.25036 0.29125 -0.51234
v 0.19536 0.29125 -0.51234
v 0.25036 0.25000 -0.51234
v 0.25036 0.25000 -0.40634
v 0.19536 0.25000 -0.51234
v 0.19536 0.25000 -0.40634
v 0.25036 0.25000 -0.51234
v 0.19536 0.29125 -0.40634
v 0.25036 0.29125 -0.51234
v 0.25036 0.29125 -0.40634
v 0.19536 0.29125 -0.51234
v 0.13893 0.25000 -0.51234
v 0.13893 0.29125 -0.40634
v 0.13893 0.29125 -0.51234
v 0.13893 0.25000 -0.40634
v 0.13893 0.25000 -0.40634
v 0.08393 0.29125 -0.40634
v 0.13893 0.29125 -0.40634
v 0.08393 0.25000 -0.40634
v 0.08393 0.25000 -0.40634
v 0.08393 0.29125 -0.51234
v 0.08393 0.29125 -0.40634
v 0.08393 0.25000 -0.51234
v 0.08393 0.25000 -0.51234
v 0.13893 0.29125 -0.51234
v 0.08393 0.29125 -0.51234
v 0.13893 0.25000 -0.51234
v 0.13893 0.25000 -0.40634
v 0.08393 0.25000 -0.51234
v 0.08393 0.25000 -0.40634
v 0.13893 0.25000 -0.51234
v 0.08393 0.29125 -0.40634
v 0.13893 0.29125 -0.51234
v 0.13893 0.29125 -0.40634
v 0.08393 0.29125 -0.51234
v 0.02750 0.25000 -0.51234
v 0.02750 0.29125 -0.40634
v 0.02750 0.29125 -0.51234
v 0.02750 0.25000 -0.40634
v 0.02750 0.25000 -0.40634
v -0.02750 0.29125 -0.40634
v 0.02750 0.29125 -0.40634
v -0.02750 0.25000 -0.40634
v -0.02750 0.25000 -0.40634
v -0.02750 0.29125 -0.51234
v -0.02750 0.29125 -0.40634
v -0.02750 0.25000 -0.51234
v -0.02750 0.25000 -0.51234
v 0.02750 0.29125 -0.51234
v -0.02750 0.29125 -0.51234
v 0.02750 0.25000 -0.51234
v 0.02750 0.25000 -0.40634
v -0.02750 0.25000 -0.51234
v -0.02750 0.25000 -0.40634
v 0.02750 0.25000 -0.51234
v -0.02750 0.29125 -0.40634
v 0.02750 0.29125 -0.51234
v 0.02750 0.29125 -0.40634
v -0.02750 0.29125 -0.51234
v -0.08393 0.25000 -0.51234
v -0.08393 0.29125 -0.40634
v -0.08393 0.29125 -0.51234
v -0.08393 0.25000 -0.40634
v -0.08393 0.25000 -0.40634
v -0.13893 0.29125 -0.40634
v -0.08393 0.29125 -0.40634
v -0.13893 0.25000 -0.40634
v -0.13893 0.25000 -0.40634
v -0.13893 0.29125 -0.51234
v -0.13893 0.29125 -0.40634
v -0.13893 0.25000 -0.51234
v -0.13893 0.25000 -0.51234
v -0.08393 0.29125 -0.51234
v -0.13893 0.29125 -0.51234
v -0.08393 0.25000 -0.51234
v -0.08393 0.25000 -0.40634
v -0.13893 0.25000 -0.51234
v -0.13893 0.25000 -0.40634
v -0.08393 0.25000 -0.51234
v -0.13893 0.29125 -0.40634
v -0.08393 0.29125 -0.51234
v -0.08393 0.29125 -0.40634
v -0.13893 0.29125 -0.51234
v -0.19536 0.25000 -0.51234
v -0.19536 0.29125 -0.40634
v -0.19536 0.29125 -0.51234
v -0.19536 0.25000 -0.40634
v -0.19536 0.25000 -0.40634
v -0.25036 0.29125 -0.40634
v -0.19536 0.29125 -0.40634
v -0.25036 0.25000 -0.40634
v -0.25036 0.25000 -0.40634
v -0.25036 0.29125 -0.51234
v -0.25036 0.29125 -0.40634
v -0.25036 0.25000 -0.51234
v -0.25036 0.25000 -0.51234
v -0.19536 0.29125 -0.51234
v -0.25036 0.29125 -0.51234
v -0.19536 0.25000 -0.51234
v -0.19536 0.25000 -0.40634
v -0.25036 0.25000 -0.51234
v -0.25036 0.25000 -0.40634
v -0.19536 0.25000 -0.51234
v -0.25036 0.29125 -0.40634
v -0.19536 0.29125 -0.51234
v -0.19536 0.29125 -0.40634
v -0.25036 0.29125 -0.51234
v -0.30679 0.25000 -0.51234
v -0.30679 0.29125 -0.40634
v -0.30679 0.29125 -0.51234
v -0.30679 0.25000 -0.40634
v -0.30679 0.25000 -0.40634
v -0.36179 0.29125 -0.40634
v -0.30679 0.29125 -0.40634
v -0.36179 0.25000 -0.40634
v -0.36179 0.25000 -0.40634
v -0.36179 0.29125 -0.51234
v -0.36179 0.29125 -0.40634
v -0.36179 0.25000 -0.51234
v -0.36179 0.25000 -0.51234
v -0.30679 0.29125 -0.51234
v -0.36179 0.29125 -0.51234
v -0.30679 0.25000 -0.51234
v -0.30679 0.25000 -0.40634
v -0.36179 0.25000 -0.51234
v -0.36179 0.25000 -0.40634
v -0.30679 0.25000 -0.51234
v -0.36179 0.29125 -0.40634
v -0.30679 0.29125 -0.51234
v -0.30679 0.29125 -0.40634
v -0.36179 0.29125 -0.51234
v -0.45160 0.25000 -0.46867
v -0.37080 0.29125 -0.40007
v -0.45160 0.29125 -0.46867
v -0.37080 0.25000 -0.40007
v -0.37080 0.25000 -0.40007
v -0.40640 0.29125 -0.35814
v -0.37080 0.29125 -0.40007
v -0.40640 0.25000 -0.35814
v -0.40640 0.25000 -0.35814
v -0.48720 0.29125 -0.42675
v -0.40640 0.29125 -0.35814
v -0.48720 0.25000 -0.42675
v -0.48720 0.25000 -0.42675
v -0.45160 0.29125 -0.46867
v -0.48720 0.29125 -0.42675
v -0.45160 0.25000 -0.46867
v -0.37080 0.25000 -0.40007
v -0.48720 0.25000 -0.42675
v -0.40640 0.25000 -0.35814
v -0.45160 0.25000 -0.46867
v -0.40640 0.29125 -0.35814
v -0.45160 0.29125 -0.46867
v -0.37080 0.29125 -0.40007
v -0.48720 0.29125 -0.42675
v -0.52960 0.25000 -0.37680
v -0.44880 0.29125 -0.30820
v -0.52960 0.29125 -0.37680
v -0.44880 0.25000 -0.30820
v -0.44880 0.25000 -0.30820
v -0.48440 0.29125 -0.26627
v -0.44880 0.29125 -0.30820
v -0.48440 0.25000 -0.26627
v -0.48440 0.25000 -0.26627
v -0.56520 0.29125 -0.33488
v -0.48440 0.29125 -0.26627
v -0.56520 0.25000 -0.33488
v -0.56520 0.25000 -0.33488
v -0.52960 0.29125 -0.37680
v -0.56520 0.29125 -0.33488
v -0.52960 0.25000 -0.37680
v -0.44880 0.25000 -0.30820
v -0.56520 0.25000 -0.33488
v -0.48440 0.25000 -0.26627
v -0.52960 0.25000 -0.37680
v -0.48440 0.29125 -0.26627
v -0.52960 0.29125 -0.37680
v -0.44880 0.29125 -0.30820
v -0.56520 0.29125 -0.33488
v -0.60760 0.25000 -0.28494
v -0.52680 0.29125 -0.21633
v -0.60760 0.29125 -0.28494
v -0.52680 0.25000 -0.21633
v -0.52680 0.25000 -0.21633
v -0.56240 0.29125 -0.17440
v -0.52680 0.29125 -0.21633
v -0.56240 0.25000 -0.17440
v -0.56240 0.25000 -0.17440
v -0.64320 0.29125 -0.24301
v -0.56240 0.29125 -0.17440
v -0.64320 0.25000 -0.24301
v -0.64320 0.25000 -0.24301
v -0.60760 0.29125 -0.28494
v -0.64320 0.29125 -0.24301
v -0.60760 0.25000 -0.28494
v -0.52680 0.25000 -0.21633
v -0.64320 0.25000 -0.24301
v -0.56240 0.25000 -0.17440
v -0.60760 0.25000 -0.28494
v -0.56240 0.29125 -0.17440
v -0.60760 0.29125 -0.28494
v -0.52680 0.29125 -0.21633
v -0.64320 0.29125 -0.24301
v -0.68560 0.25000 -0.19307
v -0.60480 0.29125 -0.12446
v -0.68560 0.29125 -0.19307
v -0.60480 0.25000 -0.12446
v -0.60480 0.25000 -0.12446
v -0.64040 0.29125 -0.08254
v -0.60480 0.29125 -0.12446
v -0.64040 0.25000 -0.08254
v -0.64040 0.25000 -0.08254
v -0.72120 0.29125 -0.15114
v -0.64040 0.29125 -0.08254
v -0.72120 0.25000 -0.15114
v -0.72120 0.25000 -0.15114
v -0.68560 0.29125 -0.19307
v -0.72120 0.29125 -0.15114
v -0.68560 0.25000 -0.19307
v -0.60480 0.25000 -0.12446
v -0.72120 0.25000 -0.15114
v -0.64040 0.25000 -0.08254
v -0.68560 0.25000 -0.19307
v -0.64040 0.29125 -0.08254
v -0.68560 0.29125 -0.19307
v -0.60480 0.29125 -0.12446
v -0.72120 0.29125 -0.15114
v -0.76360 0.25000 -0.10120
v -0.68280 0.29125 -0.03259
v -0.76360 0.29125 -0.10120
v -0.68280 0.25000 -0.03259
v -0.68280 0.25000 -0.03259
v -0.71840 0.29125 0.00933
v -0.68280 0.29125 -0.03259
v -0.71840 0.25000 0.00933
v -0.71840 0.25000 0.00933
v -0.79920 0.29125 -0.05927
v -0.71840 0.29125 0.00933
v -0.79920 0.25000 -0.05927
v -0.79920 0.25000 -0.05927
v -0.76360 0.29125 -0.10120
v -0.79920 0.29125 -0.05927
v -0.76360 0.25000 -0.10120
v -0.68280 0.25000 -0.03259
v -0.79920 0.25000 -0.05927
v -0.71840 0.25000 0.00933
v -0.76360 0.25000 -0.10120
v -0.71840 0.29125 0.00933
v -0.76360 0.29125 -0.10120
v -0.68280 0.29125 -0.03259
v -0.79920 0.29125 -0.05927
v -0.79920 0.25000 0.05927
v -0.71840 0.29125 -0.00933
v -0.79920 0.29125 0.05927
v -0.71840 0.25000 -0.00933
v -0.71840 0.25000 -0.00933
v -0.68280 0.29125 0.03259
v -0.71840 0.29125 -0.00933
v -0.68280 0.25000 0.03259
v -0.68280 0.25000 0.03259
v -0.76360 0.29125 0.10120
v -0.68280 0.29125 0.03259
v -0.76360 0.25000 0.10120
v -0.76360 0.25000 0.10120
v -0.79920 0.29125 0.05927
v -0.76360 0.29125 0.10120
v -0.79920 0.25000 0.05927
v -0.71840 0.25000 -0.00933
v -0.76360 0.25000 0.10120
v -0.68280 0.25000 0.03259
v -0.79920 0.25000 0.05927
v -0.68280 0.29125 0.03259
v -0.79920 0.29125 0.05927
v -0.71840 0.29125 -0.00933
v -0.76360 0.29125 0.10120
v -0.72120 0.25000 0.15114
v -0.64040 0.29125 0.08254
v -0.72120 0.29125 0.15114
v -0.64040 0.25000 0.08254
v -0.64040 0.25000 0.08254
v -0.60480 0.29125 0.12446
v -0.64040 0.29125 0.08254
v -0.60480 0.25000 0.12446
v -0.60480 0.25000 0.12446
v -0.68560 0.29125 0.19307
v -0.60480 0.29125 0.12446
v -0.68560 0.25000 0.19307
v -0.68560 0.25000 0.19307
v -0.72120 0.29125 0.15114
v -0.68560 0.29125 0.19307
v -0.72120 0.25000 0.15114
v -0.64040 0.25000 0.08254
v -0.68560 0.25000 0.19307
v -0.60480 0.25000 0.12446
v -0.72120 0.25000 0.15114
v -0.60480 0.29125 0.12446
v -0.72120 0.29125 0.15114
v -0.64040 0.29125 0.08254
v -0.68560 0.29125 0.19307
v -0.64320 0.25000 0.24301
v -0.56240 0.29125 0.17440
v -0.64320 0.29125 0.24301
v -0.56240 0.25000 0.17440
v -0.56240 0.25000 0.17440
v -0.52680 0.29125 0.21633
v -0.56240 0.29125 0.17440
v -0.52680 0.25000 0.21633
v -0.52680 0.25000 0.21633
v -0.60760 0.29125 0.28494
v -0.52680 0.29125 0.21633
v -0.60760 0.25000 0.28494
v -0.60760 0.25000 0.28494
v -0.64320 0.29125 0.24301
v -0.60760 0.29125 0.28494
v -0.64320 0.25000 0.24301
v -0.56240 0.25000 0.17440
v -0.60760 0.25000 0.28494
v -0.52680 0.25000 0.21633
v -0.64320 0.25000 0.24301
v -0.52680 0.29125 0.21633
v -0.64320 0.29125 0.24301
v -0.56240 0.29125 0.17440
v -0.60760 0.29125 0.28494
v -0.56520 0.25000 0.33488
v -0.48440 0.29125 0.26627
v -0.56520 0.29125 0.33488
v -0.48440 0.25000 0.26627
v -0.48440 0.25000 0.26627
v -0.44880 0.29125 0.30820
v -0.48440 0.29125 0.26627
v -0.44880 0.25000 0.30820
v -0.44880 0.25000 0.30820
v -0.52960 0.29125 0.37680
v -0.44880 0.29125 0.30820
v -0.52960 0.25000 0.37680
v -0.52960 0.25000 0.37680
v -0.56520 0.29125 0.33488
v -0.52960 0.29125 0.37680
v -0.56520 0.25000 0.33488
v -0.48440 0.25000 0.26627
v -0.52960 0.25000 0.37680
v -0.44880 0.25000 0.30820
v -0.56520 0.25000 0.33488
v -0.44880 0.29125 0.30820
v -0.56520 0.29125 0.33488
v -0.48440 0.29125 0.26627
v -0.52960 0.29125 0.37680
v -0.48720 0.25000 0.42675
v -0.40640 0.29125 0.35814
v -0.48720 0.29125 0.42675
v -0.40640 0.25000 0.35814
v -0.40640 0.25000 0.35814
v -0.37080 0.29125 0.40007
v -0.40640 0.29125 0.35814
v -0.37080 0.25000 0.40007
v -0.37080 0.25000 0.40007
v -0.45160 0.29125 0.46867
v -0.37080 0.29125 0.40007
v -0.45160 0.25000 0.46867
v -0.45160 0.25000 0.46867
v -0.48720 0.29125 0.42675
v -0.45160 0.29125 0.46867
v -0.48720 0.25000 0.42675
v -0.40640 0.25000 0.35814
v -0.45160 0.25000 0.46867
v -0.37080 0.25000 0.40007
v -0.48720 0.25000 0.42675
v -0.37080 0.29125 0.40007
v -0.48720 0.29125 0.42675
v -0.40640 0.29125 0.35814
v -0.45160 0.29125 0.46867
v -0.36583 0.25000 0.51234
v -0.36583 0.29125 0.40634
v -0.36583 0.29125 0.51234
v -0.36583 0.25000 0.40634
v -0.36583 0.25000 0.40634
v -0.31083 0.29125 0.40634
v -0.36583 0.29125 0.40634
v -0.31083 0.25000 0.40634
v -0.31083 0.25000 0.40634
v -0.31083 0.29125 0.51234
v -0.31083 0.29125 0.40634
v -0.31083 0.25000 0.51234
v -0.31083 0.25000 0.51234
v -0.36583 0.29125 0.51234
v -0.31083 0.29125 0.51234
v -0.36583 0.25000 0.51234
v -0.36583 0.25000 0.40634
v -0.31083 0.25000 0.51234
v -0.31083 0.25000 0.40634
v -0.36583 0.25000 0.51234
v -0.31083 0.29125 0.40634
v -0.36583 0.29125 0.51234
v -0.36583 0.29125 0.40634
v -0.31083 0.29125 0.51234
v -0.26250 0.25000 0.51234
v -0.26250 0.29125 0.40634
v -0.26250 0.29125 0.51234
v -0.26250 0.25000 0.40634
v -0.26250 0.25000 0.40634
v -0.20750 0.29125 0.40634
v -0.26250 0.29125 0.40634
v -0.20750 0.25000 0.40634
v -0.20750 0.25000 0.40634
v -0.20750 0.29125 0.51234
v -0.20750 0.29125 0.40634
v -0.20750 0.25000 0.51234
v -0.20750 0.25000 0.51234
v -0.26250 0.29125 0.51234
v -0.20750 0.29125 0.51234
v -0.26250 0.25000 0.51234
v -0.26250 0.25000 0.40634
v -0.20750 0.25000 0.51234
v -0.20750 0.25000 0.40634
v -0.26250 0.25000 0.51234
v -0.20750 0.29125 0.40634
v -0.26250 0.29125 0.51234
v -0.26250 0.29125 0.40634
v -0.20750 0.29125 0.51234
v -0.15917 0.25000 0.51234
v -0.15917 0.29125 0.40634
v -0.15917 0.29125 0.51234
v -0.15917 0.25000 0.40634
v -0.15917 0.25000 0.40634
v -0.10417 0.29125 0.40634
v -0.15917 0.29125 0.40634
v -0.10417 0.25000 0.40634
v -0.10417 0.25000 0.40634
v -0.10417 0.29125 0.51234
v -0.10417 0.29125 0.40634
v -0.10417 0.25000 0.51234
v -0.10417 0.25000 0.51234
v -0.15917 0.29125 0.51234
v -0.10417 0.29125 0.51234
v -0.15917 0.25000 0.51234
v -0.15917 0.25000 0.40634
v -0.10417 0.25000 0.51234
v -0.10417 0.25000 0.40634
v -0.15917 0.25000 0.51234
v -0.10417 0.29125 0.40634
v -0.15917 0.29125 0.51234
v -0.15917 0.29125 0.40634
v -0.10417 0.29125 0.51234
v 0.10417 0.25000 0.51234
v 0.10417 0.29125 0.40634
v 0.10417 0.29125 0.51234
v 0.10417 0.25000 0.40634
v 0.10417 0.25000 0.40634
v 0.15917 0.29125 0.40634
v 0.10417 0.29125 0.40634
v 0.15917 0.25000 0.40634
v 0.15917 0.25000 0.40634
v 0.15917 0.29125 0.51234
v 0.15917 0.29125 0.40634
v 0.15917 0.25000 0.51234
v 0.15917 0.25000 0.51234
v 0.10417 0.29125 0.51234
v 0.15917 0.29125 0.51234
v 0.10417 0.25000 0.51234
v 0.10417 0.25000 0.40634
v 0.15917 0.25000 0.51234
v 0.15917 0.25000 0.40634
v 0.10417 0.25000 0.51234
v 0.15917 0.29125 0.40634
v 0.10417 0.29125 0.51234
v 0.10417 0.29125 0.40634
v 0.15917 0.29125 0.51234
v 0.20750 0.25000 0.51234
v 0.20750 0.29125 0.40634
v 0.20750 0.29125 0.51234
v 0.20750 0.25000 0.40634
v 0.20750 0.25000 0.40634
v 0.26250 0.29125 0.40634
v 0.20750 0.29125 0.40634
v 0.26250 0.25000 0.40634
v 0.26250 0.25000 0.40634
v 0.26250 0.29125 0.51234
v 0.26250 0.29125 0.40634
v 0.26250 0.25000 0.51234
v 0.26250 0.25000 0.51234
v 0.20750 0.29125 0.51234
v 0.26250 0.29125 0.51234
v 0.20750 0.25000 0.51234
v 0.20750 0.25000 0.40634
v 0.26250 0.25000 0.51234
v 0.26250 0.25000 0.40634
v 0.20750 0.25000 0.51234
v 0.26250 0.29125 0.40634
v 0.20750 0.29125 0.51234
v 0.20750 0.29125 0.40634
v 0.26250 0.29125 0.51234
v 0.31083 0.25000 0.51234
v 0.31083 0.29125 0.40634
v 0.31083 0.29125 0.51234
v 0.31083 0.25000 0.40634
v 0.31083 0.25000 0.40634
v 0.36583 0.29125 0.40634
v 0.31083 0.29125 0.40634
v 0.36583 0.25000 0.40634
v 0.36583 0.25000 0.40634
v 0.36583 0.29125 0.51234
v 0.36583 0.29125 0.40634
v 0.36583 0.25000 0.51234
v 0.36583 0.25000 0.51234
v 0.31083 0.29125 0.51234
v 0.36583 0.29125 0.51234
v 0.31083 0.25000 0.51234
v 0.31083 0.25000 0.40634
v 0.36583 0.25000 0.51234
v 0.36583 0.25000 0.40634
v 0.31083 0.25000 0.51234
v 0.36583 0.29125 0.40634
v 0.31083 0.29125 0.51234
v 0.31083 0.29125 0.40634
v 0.36583 0.29125 0.51234
v 0.45160 0.25000 0.46867
v 0.37080 0.29125 0.40007
v 0.45160 0.29125 0.46867
v 0.37080 0.25000 0.40007
v 0.37080 0.25000 0.40007
v 0.40640 0.29125 0.35814
v 0.37080 0.29125 0.40007
v 0.40640 0.25000 0.35814
v 0.40640 0.25000 0.35814
v 0.48720 0.29125 0.42675
v 0.40640 0.29125 0.35814
v 0.48720 0.25000 0.42675
v 0.48720 0.25000 0.42675
v 0.45160 0.29125 0.46867
v 0.48720 0.29125 0.42675
v 0.45160 0.25000 0.46867
v 0.37080 0.25000 0.40007
v 0.48720 0.25000 0.42675
v 0.40640 0.25000 0.35814
v 0.45160 0.25000 0.46867
v 0.40640 0.29125 0.35814
v 0.45160 0.29125 0.46867
v 0.37080 0.29125 0.40007
v 0.48720 0.29125 0.42675
v 0.52960 0.25000 0.37680
v 0.44880 0.29125 0.30820
v 0.52960 0.29125 0.37680
v 0.44880 0.25000 0.30820
v 0.44880 0.25000 0.30820
v 0.48440 0.29125 0.26627
v 0.44880 0.29125 0.30820
v 0.48440 0.25000 0.26627
v 0.48440 0.25000 0.26627
v 0.56520 0.29125 0.33488
v 0.48440 0.29125 0.26627
v 0.56520 0.25000 0.33488
v 0.56520 0.25000 0.33488
v 0.52960 0.29125 0.37680
v 0.56520 0.29125 0.33488
v 0.52960 0.25000 0.37680
v 0.44880 0.25000 0.30820
v 0.56520 0.25000 0.33488
v 0.48440 0.25000 0.26627
v 0.52960 0.25000 0.37680
v 0.48440 0.29125 0.26627
v 0.52960 0.29125 0.37680
v 0.44880 0.29125 0.30820
v 0.56520 0.29125 0.33488
v 0.60760 0.25000 0.28494
v 0.52680 0.29125 0.21633
v 0.60760 0.29125 0.28494
v 0.52680 0.25000 0.21633
v 0.52680 0.25000 0.21633
v 0.56240 0.29125 0.17440
v 0.52680 0.29125 0.21633
v 0.56240 0.25000 0.17440
v 0.56240 0.25000 0.17440
v 0.64320 0.29125 0.24301
v 0.56240 0.29125 0.17440
v 0.64320 0.25000 0.24301
v 0.64320 0.25000 0.24301
v 0.60760 0.29125 0.28494
v 0.64320 0.29125 0.24301
v 0.60760 0.25000 0.28494
v 0.52680 0.25000 0.21633
v 0.64320 0.25000 0.24301
v 0.56240 0.25000 0.17440
v 0.60760 0.25000 0.28494
v 0.56240 0.29125 0.17440
v 0.60760 0.29125 0.28494
v 0.52680 0.29125 0.21633
v 0.64320 0.29125 0.24301
v 0.68560 0.25000 0.19307
v 0.60480 0.29125 0.12446
v 0.68560 0.29125 0.19307
v 0.60480 0.25000 0.12446
v 0.60480 0.25000 0.12446
v 0.64040 0.29125 0.08254
v 0.60480 0.29125 0.12446
v 0.64040 0.25000 0.08254
v 0.64040 0.25000 0.08254
v 0.72120 0.29125 0.15114
v 0.64040 0.29125 0.08254
v 0.72120 0.25000 0.15114
v 0.72120 0.25000 0.15114
v 0.68560 0.29125 0.19307
v 0.72120 0.29125 0.15114
v 0.68560 0.25000 0.19307
v 0.60480 0.25000 0.12446
v 0.72120 0.25000 0.15114
v 0.64040 0.25000 0.08254
v 0.68560 0.25000 0.19307
v 0.64040 0.29125 0.08254
v 0.68560 0.29125 0.19307
v 0.60480 0.29125 0.12446
v 0.72120 0.29125 0.15114
v 0.76360 0.25000 0.10120
v 0.68280 0.29125 0.03259
v 0.76360 0.29125 0.10120
v 0.68280 0.25000 0.03259
v 0.68280 0.25000 0.03259
v 0.71840 0.29125 -0.00933
v 0.68280 0.29125 0.03259
v 0.71840 0.25000 -0.00933
v 0.71840 0.25000 -0.00933
v 0.79920 0.29125 0.05927
v 0.71840 0.29125 -0.00933
v 0.79920 0.25000 0.05927
v 0.79920 0.25000 0.05927
v 0.76360 0.29125 0.10120
v 0.79920 0.29125 0.05927
v 0.76360 0.25000 0.10120
v 0.68280 0.25000 0.03259
v 0.79920 0.25000 0.05927
v 0.71840 0.25000 -0.00933
v 0.76360 0.25000 0.10120
v 0.71840 0.29125 -0.00933
v 0.76360 0.29125 0.10120
v 0.68280 0.29125 0.03259
v 0.79920 0.29125 0.05927
v 0.68812 0.37800 -0.05305
v 0.68465 0.37500 -0.05170
v 0.68755 0.37500 -0.05672
v 0.83305 0.00000 0.09188
v 0.83170 0.00300 0.09535
v 0.72830 0.00300 -0.09535
v 0.77710 0.37500 -0.10842
v 0.72830 0.37500 -0.09535
v 0.77710 0.00300 -0.10842
v 0.72695 0.00000 -0.09188
v 0.72830 0.00300 -0.09535
v 0.87188 0.37800 0.05305
v 0.87535 0.37500 0.05170
v 0.87245 0.37500 0.05672
v 0.87535 0.00300 -0.05170
v 0.87535 0.37500 -0.05170
v 0.67391 0.37800 0.00000
v 0.67158 0.37500 0.00290
v 0.67158 0.37500 -0.00290
v 0.87188 0.00000 0.05305
v 0.87245 0.00300 0.05672
v 0.87535 0.00300 0.05170
v 0.88842 0.00300 0.00290
v 0.87535 0.37500 0.05170
v 0.88842 0.37500 0.00290
v 0.87535 0.00300 0.05170
v 0.67391 0.00000 0.00000
v 0.67158 0.00300 -0.00290
v 0.67158 0.00300 0.00290
v 0.88609 0.37800 0.00000
v 0.88842 0.37500 -0.00290
v 0.88842 0.37500 0.00290
v 0.87245 0.00300 0.05672
v 0.83672 0.37500 0.09245
v 0.87245 0.37500 0.05672
v 0.83672 0.00300 0.09245
v 0.68812 0.37800 0.05305
v 0.68755 0.37500 0.05672
v 0.68465 0.37500 0.05170
v 0.88609 0.00000 0.00000
v 0.88842 0.00300 0.00290
v 0.88842 0.00300 -0.00290
v 0.83170 0.00300 0.09535
v 0.78290 0.37500 0.10842
v 0.83170 0.37500 0.09535
v 0.78290 0.00300 0.10842
v 0.68812 0.00000 0.05305
v 0.68465 0.00300 0.05170
v 0.68755 0.00300 0.05672
v 0.87188 0.37800 -0.05305
v 0.87245 0.37500 -0.05672
v 0.87535 0.37500 -0.05170
v 0.77710 0.00300 0.10842
v 0.72830 0.37500 0.09535
v 0.77710 0.37500 0.10842
v 0.72830 0.00300 0.09535
v 0.72695 0.37800 0.09188
v 0.72830 0.37500 0.09535
v 0.87188 0.00000 -0.05305
v 0.87535 0.00300 -0.05170
v 0.87245 0.00300 -0.05672
v 0.72328 0.00300 0.09245
v 0.68755 0.37500 0.05672
v 0.72328 0.37500 0.09245
v 0.68755 0.00300 0.05672
v 0.72695 0.00000 0.09188
v 0.72830 0.00300 0.09535
v 0.83305 0.37800 -0.09188
v 0.83170 0.37500 -0.09535
v 0.68465 0.00300 0.05170
v 0.67158 0.37500 0.00290
v 0.68465 0.37500 0.05170
v 0.67158 0.00300 0.00290
v 0.78000 0.37800 0.10609
v 0.78290 0.37500 0.10842
v 0.77710 0.37500 0.10842
v 0.83305 0.00000 -0.09188
v 0.83170 0.00300 -0.09535
v 0.68465 0.37500 -0.05170
v 0.68465 0.00300 -0.05170
v 0.78000 0.00000 0.10609
v 0.77710 0.00300 0.10842
v 0.78290 0.00300 0.10842
v 0.78000 0.37800 -0.10609
v 0.77710 0.37500 -0.10842
v 0.78290 0.37500 -0.10842
v 0.68755 0.00300 -0.05672
v 0.72328 0.37500 -0.09245
v 0.68755 0.37500 -0.05672
v 0.72328 0.00300 -0.09245
v 0.83672 0.00300 -0.09245
v 0.87245 0.37500 -0.05672
v 0.83672 0.37500 -0.09245
v 0.87245 0.00300 -0.05672
v 0.78000 0.00000 -0.10609
v 0.78290 0.00300 -0.10842
v 0.77710 0.00300 -0.10842
v 0.68812 0.00000 -0.05305
v 0.68755 0.00300 -0.05672
v 0.68465 0.00300 -0.05170
v 0.83305 0.37800 0.09188
v 0.83170 0.37500 0.09535
v 0.78000 0.37800 -0.10609
v 0.78000 0.37800 0.10609
v 0.78290 0.00300 -0.10842
v 0.83170 0.37500 -0.09535
v 0.78290 0.37500 -0.10842
v 0.83170 0.00300 -0.09535
v 0.72695 0.37800 -0.09188
v 0.72830 0.37500 -0.09535
v 0.78290 0.00300 -0.10842
v 0.83170 0.00300 -0.09535
v 0.78000 0.00000 -0.10609
v 0.83170 0.37500 -0.09535
v 0.78000 0.37800 -0.10609
v 0.78290 0.37500 -0.10842
v 0.77710 0.00300 -0.10842
v 0.78290 0.37500 -0.10842
v 0.77710 0.37500 -0.10842
v 0.78290 0.00300 -0.10842
v 0.83170 0.00300 -0.09535
v 0.83170 0.37500 -0.09535
v 0.83672 0.00300 -0.09245
v 0.87245 0.00300 -0.05672
v 0.87245 0.37500 -0.05672
v 0.83672 0.37500 -0.09245
v 0.87245 0.00300 -0.05672
v 0.87245 0.37500 -0.05672
v 0.88842 0.37500 0.00290
v 0.88842 0.00300 -0.00290
v 0.88842 0.00300 0.00290
v 0.88842 0.37500 -0.00290
v 0.88842 0.00300 0.00290
v 0.88842 0.37500 0.00290
v 0.87245 0.37500 0.05672
v 0.87245 0.00300 0.05672
v 0.87245 0.00300 0.05672
v 0.83672 0.00300 0.09245
v 0.83672 0.37500 0.09245
v 0.87245 0.37500 0.05672
v 0.83170 0.37500 0.09535
v 0.83170 0.00300 0.09535
v 0.83170 0.00300 0.09535
v 0.78000 0.00000 0.10609
v 0.78290 0.00300 0.10842
v 0.78290 0.37500 0.10842
v 0.83170 0.37500 0.09535
v 0.78000 0.37800 0.10609
v 0.77710 0.37500 0.10842
v 0.78290 0.00300 0.10842
v 0.77710 0.00300 0.10842
v 0.78290 0.37500 0.10842
v 0.77710 0.00300 0.10842
v 0.72830 0.00300 0.09535
v 0.78000 0.00000 0.10609
v 0.72830 0.37500 0.09535
v 0.78000 0.37800 0.10609
v 0.77710 0.37500 0.10842
v 0.72830 0.00300 0.09535
v 0.72830 0.37500 0.09535
v 0.72328 0.00300 0.09245
v 0.68755 0.00300 0.05672
v 0.68755 0.37500 0.05672
v 0.72328 0.37500 0.09245
v 0.68755 0.00300 0.05672
v 0.68755 0.37500 0.05672
v 0.67158 0.00300 0.00290
v 0.67158 0.37500 0.00290
v 0.67158 0.37500 -0.00290
v 0.67158 0.00300 0.00290
v 0.67158 0.00300 -0.00290
v 0.67158 0.37500 0.00290
v 0.68755 0.37500 -0.05672
v 0.68755 0.00300 -0.05672
v 0.68755 0.00300 -0.05672
v 0.72328 0.00300 -0.09245
v 0.72328 0.37500 -0.09245
v 0.68755 0.37500 -0.05672
v 0.72830 0.37500 -0.09535
v 0.72830 0.00300 -0.09535
v 0.72830 0.00300 -0.09535
v 0.78000 0.00000 -0.10609
v 0.77710 0.00300 -0.10842
v 0.77710 0.37500 -0.10842
v 0.72830 0.37500 -0.09535
v 0.78000 0.37800 -0.10609
v 0.78000 0.00000 -0.10609
v 0.78000 0.00000 0.10609
v 0.78000 0.36800 -0.12667
v 0.84334 0.39800 -0.10970
v 0.78000 0.39800 -0.12667
v 0.84334 0.36800 -0.10970
v 0.84334 0.36800 -0.10970
v 0.88970 0.39800 -0.06334
v 0.84334 0.39800 -0.10970
v 0.88970 0.36800 -0.06334
v 0.88970 0.36800 -0.06334
v 0.90667 0.39800 0.00000
v 0.88970 0.39800 -0.06334
v 0.90667 0.36800 0.00000
v 0.90667 0.36800 0.00000
v 0.88970 0.39800 0.06334
v 0.90667 0.39800 0.00000
v 0.88970 0.36800 0.06334
v 0.88970 0.36800 0.06334
v 0.84334 0.39800 0.10970
v 0.88970 0.39800 0.06334
v 0.84334 0.36800 0.10970
v 0.84334 0.36800 0.10970
v 0.78000 0.39800 0.12667
v 0.84334 0.39800 0.10970
v 0.78000 0.36800 0.12667
v 0.78000 0.36800 0.12667
v 0.71666 0.39800 0.10970
v 0.78000 0.39800 0.12667
v 0.71666 0.36800 0.10970
v 0.71666 0.36800 0.10970
v 0.67030 0.39800 0.06334
v 0.71666 0.39800 0.10970
v 0.67030 0.36800 0.06334
v 0.67030 0.36800 0.06334
v 0.65333 0.39800 0.00000
v 0.67030 0.39800 0.06334
v 0.65333 0.36800 0.00000
v 0.65333 0.36800 0.00000
v 0.67030 0.39800 -0.06334
v 0.65333 0.39800 0.00000
v 0.67030 0.36800 -0.06334
v 0.88970 0.39800 -0.06334
v 0.78000 0.39800 -0.12667
v 0.84334 0.39800 -0.10970
v 0.67030 0.39800 -0.06334
v 0.71666 0.39800 -0.10970
v 0.88970 0.39800 0.06334
v 0.90667 0.39800 0.00000
v 0.78000 0.39800 0.12667
v 0.84334 0.39800 0.10970
v 0.67030 0.39800 0.06334
v 0.71666 0.39800 0.10970
v 0.65333 0.39800 0.00000
v 0.67030 0.36800 -0.06334
v 0.71666 0.39800 -0.10970
v 0.67030 0.39800 -0.06334
v 0.71666 0.36800 -0.10970
v 0.71666 0.36800 -0.10970
v 0.78000 0.39800 -0.12667
v 0.71666 0.39800 -0.10970
v 0.78000 0.36800 -0.12667
v 0.71666 0.36800 -0.10970
v 0.84334 0.36800 -0.10970
v 0.78000 0.36800 -0.12667
v 0.90667 0.36800 0.00000
v 0.88970 0.36800 -0.06334
v 0.65333 0.36800 0.00000
v 0.67030 0.36800 -0.06334
v 0.71666 0.36800 0.10970
v 0.67030 0.36800 0.06334
v 0.84334 0.36800 0.10970
v 0.78000 0.36800 0.12667
v 0.88970 0.36800 0.06334
v 0.29812 0.43920 -0.51239
v 0.29465 0.43620 -0.51104
v 0.29755 0.43620 -0.51606
v 0.44305 0.00000 -0.36746
v 0.44170 0.00300 -0.36399
v 0.33830 0.00300 -0.55469
v 0.38710 0.43620 -0.56776
v 0.33830 0.43620 -0.55469
v 0.38710 0.00300 -0.56776
v 0.33695 0.00000 -0.55122
v 0.33830 0.00300 -0.55469
v 0.48188 0.43920 -0.40629
v 0.48535 0.43620 -0.40764
v 0.48245 0.43620 -0.40262
v 0.48535 0.00300 -0.51104
v 0.48535 0.43620 -0.51104
v 0.28391 0.43920 -0.45934
v 0.28158 0.43620 -0.45644
v 0.28158 0.43620 -0.46224
v 0.48188 0.00000 -0.40629
v 0.48245 0.00300 -0.40262
v 0.48535 0.00300 -0.40764
v 0.49842 0.00300 -0.45644
v 0.48535 0.43620 -0.40764
v 0.49842 0.43620 -0.45644
v 0.48535 0.00300 -0.40764
v 0.28391 0.00000 -0.45934
v 0.28158 0.00300 -0.46224
v 0.28158 0.00300 -0.45644
v 0.49609 0.43920 -0.45934
v 0.49842 0.43620 -0.46224
v 0.49842 0.43620 -0.45644
v 0.48245 0.00300 -0.40262
v 0.44672 0.43620 -0.36689
v 0.48245 0.43620 -0.40262
v 0.44672 0.00300 -0.36689
v 0.29812 0.43920 -0.40629
v 0.29755 0.43620 -0.40262
v 0.29465 0.43620 -0.40764
v 0.49609 0.00000 -0.45934
v 0.49842 0.00300 -0.45644
v 0.49842 0.00300 -0.46224
v 0.44170 0.00300 -0.36399
v 0.39290 0.43620 -0.35092
v 0.44170 0.43620 -0.36399
v 0.39290 0.00300 -0.35092
v 0.29812 0.00000 -0.40629
v 0.29465 0.00300 -0.40764
v 0.29755 0.00300 -0.40262
v 0.48188 0.43920 -0.51239
v 0.48245 0.43620 -0.51606
v 0.48535 0.43620 -0.51104
v 0.38710 0.00300 -0.35092
v 0.33830 0.43620 -0.36399
v 0.38710 0.43620 -0.35092
v 0.33830 0.00300 -0.36399
v 0.33695 0.43920 -0.36746
v 0.33830 0.43620 -0.36399
v 0.48188 0.00000 -0.51239
v 0.48535 0.00300 -0.51104
v 0.48245 0.00300 -0.51606
v 0.33328 0.00300 -0.36689
v 0.29755 0.43620 -0.40262
v 0.33328 0.43620 -0.36689
v 0.29755 0.00300 -0.40262
v 0.33695 0.00000 -0.36746
v 0.33830 0.00300 -0.36399
v 0.44305 0.43920 -0.55122
v 0.44170 0.43620 -0.55469
v 0.29465 0.00300 -0.40764
v 0.28158 0.43620 -0.45644
v 0.29465 0.43620 -0.40764
v 0.28158 0.00300 -0.45644
v 0.39000 0.43920 -0.35325
v 0.39290 0.43620 -0.35092
v 0.38710 0.43620 -0.35092
v 0.44305 0.00000 -0.55122
v 0.44170 0.00300 -0.55469
v 0.29465 0.43620 -0.51104
v 0.29465 0.00300 -0.51104
v 0.39000 0.00000 -0.35325
v 0.38710 0.00300 -0.35092
v 0.39290 0.00300 -0.35092
v 0.39000 0.43920 -0.56543
v 0.38710 0.43620 -0.56776
v 0.39290 0.43620 -0.56776
v 0.29755 0.00300 -0.51606
v 0.33328 0.43620 -0.55179
v 0.29755 0.43620 -0.51606
v 0.33328 0.00300 -0.55179
v 0.44672 0.00300 -0.55179
v 0.48245 0.43620 -0.51606
v 0.44672 0.43620 -0.55179
v 0.48245 0.00300 -0.51606
v 0.39000 0.00000 -0.56543
v 0.39290 0.00300 -0.56776
v 0.38710 0.00300 -0.56776
v 0.29812 0.00000 -0.51239
v 0.29755 0.00300 -0.51606
v 0.29465 0.00300 -0.51104
v 0.44305 0.43920 -0.36746
v 0.44170 0.43620 -0.36399
v 0.39000 0.43920 -0.56543
v 0.39000 0.43920 -0.35325
v 0.39290 0.00300 -0.56776
v 0.44170 0.43620 -0.55469
v 0.39290 0.43620 -0.56776
v 0.44170 0.00300 -0.55469
v 0.33695 0.43920 -0.55122
v 0.33830 0.43620 -0.55469
v 0.39290 0.00300 -0.56776
v 0.44170 0.00300 -0.55469
v 0.39000 0.00000 -0.56543
v 0.44170 0.43620 -0.55469
v 0.39000 0.43920 -0.56543
v 0.39290 0.43620 -0.56776
v 0.38710 0.00300 -0.56776
v 0.39290 0.43620 -0.56776
v 0.38710 0.43620 -0.56776
v 0.39290 0.00300 -0.56776
v 0.44170 0.00300 -0.55469
v 0.44170 0.43620 -0.55469
v 0.44672 0.00300 -0.55179
v 0.48245 0.00300 -0.51606
v 0.48245 0.43620 -0.51606
v 0.44672 0.43620 -0.55179
v 0.48245 0.00300 -0.51606
v 0.48245 0.43620 -0.51606
v 0.49842 0.43620 -0.45644
v 0.49842 0.00300 -0.46224
v 0.49842 0.00300 -0.45644
v 0.49842 0.43620 -0.46224
v 0.49842 0.00300 -0.45644
v 0.49842 0.43620 -0.45644
v 0.48245 0.43620 -0.40262
v 0.48245 0.00300 -0.40262
v 0.48245 0.00300 -0.40262
v 0.44672 0.00300 -0.36689
v 0.44672 0.43620 -0.36689
v 0.48245 0.43620 -0.40262
v 0.44170 0.43620 -0.36399
v 0.44170 0.00300 -0.36399
v 0.44170 0.00300 -0.36399
v 0.39000 0.00000 -0.35325
v 0.39290 0.00300 -0.35092
v 0.39290 0.43620 -0.35092
v 0.44170 0.43620 -0.36399
v 0.39000 0.43920 -0.35325
v 0.38710 0.43620 -0.35092
v 0.39290 0.00300 -0.35092
v 0.38710 0.00300 -0.35092
v 0.39290 0.43620 -0.35092
v 0.38710 0.00300 -0.35092
v 0.33830 0.00300 -0.36399
v 0.39000 0.00000 -0.35325
v 0.33830 0.43620 -0.36399
v 0.39000 0.43920 -0.35325
v 0.38710 0.43620 -0.35092
v 0.33830 0.00300 -0.36399
v 0.33830 0.43620 -0.36399
v 0.33328 0.00300 -0.36689
v 0.29755 0.00300 -0.40262
v 0.29755 0.43620 -0.40262
v 0.33328 0.43620 -0.36689
v 0.29755 0.00300 -0.40262
v 0.29755 0.43620 -0.40262
v 0.28158 0.00300 -0.45644
v 0.28158 0.43620 -0.45644
v 0.28158 0.43620 -0.46224
v 0.28158 0.00300 -0.45644
v 0.28158 0.00300 -0.46224
v 0.28158 0.43620 -0.45644
v 0.29755 0.43620 -0.51606
v 0.29755 0.00300 -0.51606
v 0.29755 0.00300 -0.51606
v 0.33328 0.00300 -0.55179
v 0.33328 0.43620 -0.55179
v 0.29755 0.43620 -0.51606
v 0.33830 0.43620 -0.55469
v 0.33830 0.00300 -0.55469
v 0.33830 0.00300 -0.55469
v 0.39000 0.00000 -0.56543
v 0.38710 0.00300 -0.56776
v 0.38710 0.43620 -0.56776
v 0.33830 0.43620 -0.55469
v 0.39000 0.43920 -0.56543
v 0.39000 0.00000 -0.56543
v 0.39000 0.00000 -0.35325
v 0.39000 0.42920 -0.58601
v 0.45334 0.45920 -0.56904
v 0.39000 0.45920 -0.58601
v 0.45334 0.42920 -0.56904
v 0.45334 0.42920 -0.56904
v 0.49970 0.45920 -0.52268
v 0.45334 0.45920 -0.56904
v 0.49970 0.42920 -0.52268
v 0.49970 0.42920 -0.52268
v 0.51667 0.45920 -0.45934
v 0.49970 0.45920 -0.52268
v 0.51667 0.42920 -0.45934
v 0.51667 0.42920 -0.45934
v 0.49970 0.45920 -0.39600
v 0.51667 0.45920 -0.45934
v 0.49970 0.42920 -0.39600
v 0.49970 0.42920 -0.39600
v 0.45334 0.45920 -0.34964
v 0.49970 0.45920 -0.39600
v 0.45334 0.42920 -0.34964
v 0.45334 0.42920 -0.34964
v 0.39000 0.45920 -0.33267
v 0.45334 0.45920 -0.34964
v 0.39000 0.42920 -0.33267
v 0.39000 0.42920 -0.33267
v 0.32666 0.45920 -0.34964
v 0.39000 0.45920 -0.33267
v 0.32666 0.42920 -0.34964
v 0.32666 0.42920 -0.34964
v 0.28030 0.45920 -0.39600
v 0.32666 0.45920 -0.34964
v 0.28030 0.42920 -0.39600
v 0.28030 0.42920 -0.39600
v 0.26333 0.45920 -0.45934
v 0.28030 0.45920 -0.39600
v 0.26333 0.42920 -0.45934
v 0.26333 0.42920 -0.45934
v 0.28030 0.45920 -0.52268
v 0.26333 0.45920 -0.45934
v 0.28030 0.42920 -0.52268
v 0.49970 0.45920 -0.52268
v 0.39000 0.45920 -0.58601
v 0.45334 0.45920 -0.56904
v 0.28030 0.45920 -0.52268
v 0.32666 0.45920 -0.56904
v 0.49970 0.45920 -0.39600
v 0.51667 0.45920 -0.45934
v 0.39000 0.45920 -0.33267
v 0.45334 0.45920 -0.34964
v 0.28030 0.45920 -0.39600
v 0.32666 0.45920 -0.34964
v 0.26333 0.45920 -0.45934
v 0.28030 0.42920 -0.52268
v 0.32666 0.45920 -0.56904
v 0.28030 0.45920 -0.52268
v 0.32666 0.42920 -0.56904
v 0.32666 0.42920 -0.56904
v 0.39000 0.45920 -0.58601
v 0.32666 0.45920 -0.56904
v 0.39000 0.42920 -0.58601
v 0.32666 0.42920 -0.56904
v 0.45334 0.42920 -0.56904
v 0.39000 0.42920 -0.58601
v 0.51667 0.42920 -0.45934
v 0.49970 0.42920 -0.52268
v 0.26333 0.42920 -0.45934
v 0.28030 0.42920 -0.52268
v 0.32666 0.42920 -0.34964
v 0.28030 0.42920 -0.39600
v 0.45334 0.42920 -0.34964
v 0.39000 0.42920 -0.33267
v 0.49970 0.42920 -0.39600
v -0.48188 0.43920 -0.51239
v -0.48535 0.43620 -0.51104
v -0.48245 0.43620 -0.51606
v -0.33695 0.00000 -0.36746
v -0.33830 0.00300 -0.36399
v -0.44170 0.00300 -0.55469
v -0.39290 0.43620 -0.56776
v -0.44170 0.43620 -0.55469
v -0.39290 0.00300 -0.56776
v -0.44305 0.00000 -0.55122
v -0.44170 0.00300 -0.55469
v -0.29812 0.43920 -0.40629
v -0.29465 0.43620 -0.40764
v -0.29755 0.43620 -0.40262
v -0.29465 0.00300 -0.51104
v -0.29465 0.43620 -0.51104
v -0.49609 0.43920 -0.45934
v -0.49842 0.43620 -0.45644
v -0.49842 0.43620 -0.46224
v -0.29812 0.00000 -0.40629
v -0.29755 0.00300 -0.40262
v -0.29465 0.00300 -0.40764
v -0.28158 0.00300 -0.45644
v -0.29465 0.43620 -0.40764
v -0.28158 0.43620 -0.45644
v -0.29465 0.00300 -0.40764
v -0.49609 0.00000 -0.45934
v -0.49842 0.00300 -0.46224
v -0.49842 0.00300 -0.45644
v -0.28391 0.43920 -0.45934
v -0.28158 0.43620 -0.46224
v -0.28158 0.43620 -0.45644
v -0.29755 0.00300 -0.40262
v -0.33328 0.43620 -0.36689
v -0.29755 0.43620 -0.40262
v -0.33328 0.00300 -0.36689
v -0.48188 0.43920 -0.40629
v -0.48245 0.43620 -0.40262
v -0.48535 0.43620 -0.40764
v -0.28391 0.00000 -0.45934
v -0.28158 0.00300 -0.45644
v -0.28158 0.00300 -0.46224
v -0.33830 0.00300 -0.36399
v -0.38710 0.43620 -0.35092
v -0.33830 0.43620 -0.36399
v -0.38710 0.00300 -0.35092
v -0.48188 0.00000 -0.40629
v -0.48535 0.00300 -0.40764
v -0.48245 0.00300 -0.40262
v -0.29812 0.43920 -0.51239
v -0.29755 0.43620 -0.51606
v -0.29465 0.43620 -0.51104
v -0.39290 0.00300 -0.35092
v -0.44170 0.43620 -0.36399
v -0.39290 0.43620 -0.35092
v -0.44170 0.00300 -0.36399
v -0.44305 0.43920 -0.36746
v -0.44170 0.43620 -0.36399
v -0.29812 0.00000 -0.51239
v -0.29465 0.00300 -0.51104
v -0.29755 0.00300 -0.51606
v -0.44672 0.00300 -0.36689
v -0.48245 0.43620 -0.40262
v -0.44672 0.43620 -0.36689
v -0.48245 0.00300 -0.40262
v -0.44305 0.00000 -0.36746
v -0.44170 0.00300 -0.36399
v -0.33695 0.43920 -0.55122
v -0.33830 0.43620 -0.55469
v -0.48535 0.00300 -0.40764
v -0.49842 0.43620 -0.45644
v -0.48535 0.43620 -0.40764
v -0.49842 0.00300 -0.45644
v -0.39000 0.43920 -0.35325
v -0.38710 0.43620 -0.35092
v -0.39290 0.43620 -0.35092
v -0.33695 0.00000 -0.55122
v -0.33830 0.00300 -0.55469
v -0.48535 0.43620 -0.51104
v -0.48535 0.00300 -0.51104
v -0.39000 0.00000 -0.35325
v -0.39290 0.00300 -0.35092
v -0.38710 0.00300 -0.35092
v -0.39000 0.43920 -0.56543
v -0.39290 0.43620 -0.56776
v -0.38710 0.43620 -0.56776
v -0.48245 0.00300 -0.51606
v -0.44672 0.43620 -0.55179
v -0.48245 0.43620 -0.51606
v -0.44672 0.00300 -0.55179
v -0.33328 0.00300 -0.55179
v -0.29755 0.43620 -0.51606
v -0.33328 0.43620 -0.55179
v -0.29755 0.00300 -0.51606
v -0.39000 0.00000 -0.56543
v -0.38710 0.00300 -0.56776
v -0.39290 0.00300 -0.56776
v -0.48188 0.00000 -0.51239
v -0.48245 0.00300 -0.51606
v -0.48535 0.00300 -0.51104
v -0.33695 0.43920 -0.36746
v -0.33830 0.43620 -0.36399
v -0.39000 0.43920 -0.56543
v -0.39000 0.43920 -0.35325
v -0.38710 0.00300 -0.56776
v -0.33830 0.43620 -0.55469
v -0.38710 0.43620 -0.56776
v -0.33830 0.00300 -0.55469
v -0.44305 0.43920 -0.55122
v -0.44170 0.43620 -0.55469
v -0.38710 0.00300 -0.56776
v -0.33830 0.00300 -0.55469
v -0.39000 0.00000 -0.56543
v -0.33830 0.43620 -0.55469
v -0.39000 0.43920 -0.56543
v -0.38710 0.43620 -0.56776
v -0.39290 0.00300 -0.56776
v -0.38710 0.43620 -0.56776
v -0.39290 0.43620 -0.56776
v -0.38710 0.00300 -0.56776
v -0.33830 0.00300 -0.55469
v -0.33830 0.43620 -0.55469
v -0.33328 0.00300 -0.55179
v -0.29755 0.00300 -0.51606
v -0.29755 0.43620 -0.51606
v -0.33328 0.43620 -0.55179
v -0.29755 0.00300 -0.51606
v -0.29755 0.43620 -0.51606
v -0.28158 0.43620 -0.45644
v -0.28158 0.00300 -0.46224
v -0.28158 0.00300 -0.45644
v -0.28158 0.43620 -0.46224
v -0.28158 0.00300 -0.45644
v -0.28158 0.43620 -0.45644
v -0.29755 0.43620 -0.40262
v -0.29755 0.00300 -0.40262
v -0.29755 0.00300 -0.40262
v -0.33328 0.00300 -0.36689
v -0.33328 0.43620 -0.36689
v -0.29755 0.43620 -0.40262
v -0.33830 0.43620 -0.36399
v -0.33830 0.00300 -0.36399
v -0.33830 0.00300 -0.36399
v -0.39000 0.00000 -0.35325
v -0.38710 0.00300 -0.35092
v -0.38710 0.43620 -0.35092
v -0.33830 0.43620 -0.36399
v -0.39000 0.43920 -0.35325
v -0.39290 0.43620 -0.35092
v -0.38710 0.00300 -0.35092
v -0.39290 0.00300 -0.35092
v -0.38710 0.43620 -0.35092
v -0.39290 0.00300 -0.35092
v -0.44170 0.00300 -0.36399
v -0.39000 0.00000 -0.35325
v -0.44170 0.43620 -0.36399
v -0.39000 0.43920 -0.35325
v -0.39290 0.43620 -0.35092
v -0.44170 0.00300 -0.36399
v -0.44170 0.43620 -0.36399
v -0.44672 0.00300 -0.36689
v -0.48245 0.00300 -0.40262
v -0.48245 0.43620 -0.40262
v -0.44672 0.43620 -0.36689
v -0.48245 0.00300 -0.40262
v -0.48245 0.43620 -0.40262
v -0.49842 0.00300 -0.45644
v -0.49842 0.43620 -0.45644
v -0.49842 0.43620 -0.46224
v -0.49842 0.00300 -0.45644
v -0.49842 0.00300 -0.46224
v -0.49842 0.43620 -0.45644
v -0.48245 0.43620 -0.51606
v -0.48245 0.00300 -0.51606
v -0.48245 0.00300 -0.51606
v -0.44672 0.00300 -0.55179
v -0.44672 0.43620 -0.55179
v -0.48245 0.43620 -0.51606
v -0.44170 0.43620 -0.55469
v -0.44170 0.00300 -0.55469
v -0.44170 0.00300 -0.55469
v -0.39000 0.00000 -0.56543
v -0.39290 0.00300 -0.56776
v -0.39290 0.43620 -0.56776
v -0.44170 0.43620 -0.55469
v -0.39000 0.43920 -0.56543
v -0.39000 0.00000 -0.56543
v -0.39000 0.00000 -0.35325
v -0.39000 0.42920 -0.58601
v -0.32666 0.45920 -0.56904
v -0.39000 0.45920 -0.58601
v -0.32666 0.42920 -0.56904
v -0.32666 0.42920 -0.56904
v -0.28030 0.45920 -0.52268
v -0.32666 0.45920 -0.56904
v -0.28030 0.42920 -0.52268
v -0.28030 0.42920 -0.52268
v -0.26333 0.45920 -0.45934
v -0.28030 0.45920 -0.52268
v -0.26333 0.42920 -0.45934
v -0.26333 0.42920 -0.45934
v -0.28030 0.45920 -0.39600
v -0.26333 0.45920 -0.45934
v -0.28030 0.42920 -0.39600
v -0.28030 0.42920 -0.39600
v -0.32666 0.45920 -0.34964
v -0.28030 0.45920 -0.39600
v -0.32666 0.42920 -0.34964
v -0.32666 0.42920 -0.34964
v -0.39000 0.45920 -0.33267
v -0.32666 0.45920 -0.34964
v -0.39000 0.42920 -0.33267
v -0.39000 0.42920 -0.33267
v -0.45334 0.45920 -0.34964
v -0.39000 0.45920 -0.33267
v -0.45334 0.42920 -0.34964
v -0.45334 0.42920 -0.34964
v -0.49970 0.45920 -0.39600
v -0.45334 0.45920 -0.34964
v -0.49970 0.42920 -0.39600
v -0.49970 0.42920 -0.39600
v -0.51667 0.45920 -0.45934
v -0.49970 0.45920 -0.39600
v -0.51667 0.42920 -0.45934
v -0.51667 0.42920 -0.45934
v -0.49970 0.45920 -0.52268
v -0.51667 0.45920 -0.45934
v -0.49970 0.42920 -0.52268
v -0.28030 0.45920 -0.52268
v -0.39000 0.45920 -0.58601
v -0.32666 0.45920 -0.56904
v -0.49970 0.45920 -0.52268
v -0.45334 0.45920 -0.56904
v -0.28030 0.45920 -0.39600
v -0.26333 0.45920 -0.45934
v -0.39000 0.45920 -0.33267
v -0.32666 0.45920 -0.34964
v -0.49970 0.45920 -0.39600
v -0.45334 0.45920 -0.34964
v -0.51667 0.45920 -0.45934
v -0.49970 0.42920 -0.52268
v -0.45334 0.45920 -0.56904
v -0.49970 0.45920 -0.52268
v -0.45334 0.42920 -0.56904
v -0.45334 0.42920 -0.56904
v -0.39000 0.45920 -0.58601
v -0.45334 0.45920 -0.56904
v -0.39000 0.42920 -0.58601
v -0.45334 0.42920 -0.56904
v -0.32666 0.42920 -0.56904
v -0.39000 0.42920 -0.58601
v -0.26333 0.42920 -0.45934
v -0.28030 0.42920 -0.52268
v -0.51667 0.42920 -0.45934
v -0.49970 0.42920 -0.52268
v -0.45334 0.42920 -0.34964
v -0.49970 0.42920 -0.39600
v -0.32666 0.42920 -0.34964
v -0.39000 0.42920 -0.33267
v -0.28030 0.42920 -0.39600
v -0.87188 0.37800 -0.05305
v -0.87535 0.37500 -0.05170
v -0.87245 0.37500 -0.05672
v -0.72695 0.00000 0.09188
v -0.72830 0.00300 0.09535
v -0.83170 0.00300 -0.09535
v -0.78290 0.37500 -0.10842
v -0.83170 0.37500 -0.09535
v -0.78290 0.00300 -0.10842
v -0.83305 0.00000 -0.09188
v -0.83170 0.00300 -0.09535
v -0.68812 0.37800 0.05305
v -0.68465 0.37500 0.05170
v -0.68755 0.37500 0.05672
v -0.68465 0.00300 -0.05170
v -0.68465 0.37500 -0.05170
v -0.88609 0.37800 -0.00000
v -0.88842 0.37500 0.00290
v -0.88842 0.37500 -0.00290
v -0.68812 0.00000 0.05305
v -0.68755 0.00300 0.05672
v -0.68465 0.00300 0.05170
v -0.67158 0.00300 0.00290
v -0.68465 0.37500 0.05170
v -0.67158 0.37500 0.00290
v -0.68465 0.00300 0.05170
v -0.88609 0.00000 -0.00000
v -0.88842 0.00300 -0.00290
v -0.88842 0.00300 0.00290
v -0.67391 0.37800 -0.00000
v -0.67158 0.37500 -0.00290
v -0.67158 0.37500 0.00290
v -0.68755 0.00300 0.05672
v -0.72328 0.37500 0.09245
v -0.68755 0.37500 0.05672
v -0.72328 0.00300 0.09245
v -0.87188 0.37800 0.05305
v -0.87245 0.37500 0.05672
v -0.87535 0.37500 0.05170
v -0.67391 0.00000 -0.00000
v -0.67158 0.00300 0.00290
v -0.67158 0.00300 -0.00290
v -0.72830 0.00300 0.09535
v -0.77710 0.37500 0.10842
v -0.72830 0.37500 0.09535
v -0.77710 0.00300 0.10842
v -0.87188 0.00000 0.05305
v -0.87535 0.00300 0.05170
v -0.87245 0.00300 0.05672
v -0.68812 0.37800 -0.05305
v -0.68755 0.37500 -0.05672
v -0.68465 0.37500 -0.05170
v -0.78290 0.00300 0.10842
v -0.83170 0.37500 0.09535
v -0.78290 0.37500 0.10842
v -0.83170 0.00300 0.09535
v -0.83305 0.37800 0.09188
v -0.83170 0.37500 0.09535
v -0.68812 0.00000 -0.05305
v -0.68465 0.00300 -0.05170
v -0.68755 0.00300 -0.05672
v -0.83672 0.00300 0.09245
v -0.87245 0.37500 0.05672
v -0.83672 0.37500 0.09245
v -0.87245 0.00300 0.05672
v -0.83305 0.00000 0.09188
v -0.83170 0.00300 0.09535
v -0.72695 0.37800 -0.09188
v -0.72830 0.37500 -0.09535
v -0.87535 0.00300 0.05170
v -0.88842 0.37500 0.00290
v -0.87535 0.37500 0.05170
v -0.88842 0.00300 0.00290
v -0.78000 0.37800 0.10609
v -0.77710 0.37500 0.10842
v -0.78290 0.37500 0.10842
v -0.72695 0.00000 -0.09188
v -0.72830 0.00300 -0.09535
v -0.87535 0.37500 -0.05170
v -0.87535 0.00300 -0.05170
v -0.78000 0.00000 0.10609
v -0.78290 0.00300 0.10842
v -0.77710 0.00300 0.10842
v -0.78000 0.37800 -0.10609
v -0.78290 0.37500 -0.10842
v -0.77710 0.37500 -0.10842
v -0.87245 0.00300 -0.05672
v -0.83672 0.37500 -0.09245
v -0.87245 0.37500 -0.05672
v -0.83672 0.00300 -0.09245
v -0.72328 0.00300 -0.09245
v -0.68755 0.37500 -0.05672
v -0.72328 0.37500 -0.09245
v -0.68755 0.00300 -0.05672
v -0.78000 0.00000 -0.10609
v -0.77710 0.00300 -0.10842
v -0.78290 0.00300 -0.10842
v -0.87188 0.00000 -0.05305
v -0.87245 0.00300 -0.05672
v -0.87535 0.00300 -0.05170
v -0.72695 0.37800 0.09188
v -0.72830 0.37500 0.09535
v -0.78000 0.37800 -0.10609
v -0.78000 0.37800 0.10609
v -0.77710 0.00300 -0.10842
v -0.72830 0.37500 -0.09535
v -0.77710 0.37500 -0.10842
v -0.72830 0.00300 -0.09535
v -0.83305 0.37800 -0.09188
v -0.83170 0.37500 -0.09535
v -0.77710 0.00300 -0.10842
v -0.72830 0.00300 -0.09535
v -0.78000 0.00000 -0.10609
v -0.72830 0.37500 -0.09535
v -0.78000 0.37800 -0.10609
v -0.77710 0.37500 -0.10842
v -0.78290 0.00300 -0.10842
v -0.77710 0.37500 -0.10842
v -0.78290 0.37500 -0.10842
v -0.77710 0.00300 -0.10842
v -0.72830 0.00300 -0.09535
v -0.72830 0.37500 -0.09535
v -0.72328 0.00300 -0.09245
v -0.68755 0.00300 -0.05672
v -0.68755 0.37500 -0.05672
v -0.72328 0.37500 -0.09245
v -0.68755 0.00300 -0.05672
v -0.68755 0.37500 -0.05672
v -0.67158 0.37500 0.00290
v -0.67158 0.00300 -0.00290
v -0.67158 0.00300 0.00290
v -0.67158 0.37500 -0.00290
v -0.67158 0.00300 0.00290
v -0.67158 0.37500 0.00290
v -0.68755 0.37500 0.05672
v -0.68755 0.00300 0.05672
v -0.68755 0.00300 0.05672
v -0.72328 0.00300 0.09245
v -0.72328 0.37500 0.09245
v -0.68755 0.37500 0.05672
v -0.72830 0.37500 0.09535
v -0.72830 0.00300 0.09535
v -0.72830 0.00300 0.09535
v -0.78000 0.00000 0.10609
v -0.77710 0.00300 0.10842
v -0.77710 0.37500 0.10842
v -0.72830 0.37500 0.09535
v -0.78000 0.37800 0.10609
v -0.78290 0.37500 0.10842
v -0.77710 0.00300 0.10842
v -0.78290 0.00300 0.10842
v -0.77710 0.37500 0.10842
v -0.78290 0.00300 0.10842
v -0.83170 0.00300 0.09535
v -0.78000 0.00000 0.10609
v -0.83170 0.37500 0.09535
v -0.78000 0.37800 0.10609
v -0.78290 0.37500 0.10842
v -0.83170 0.00300 0.09535
v -0.83170 0.37500 0.09535
v -0.83672 0.00300 0.09245
v -0.87245 0.00300 0.05672
v -0.87245 0.37500 0.05672
v -0.83672 0.37500 0.09245
v -0.87245 0.00300 0.05672
v -0.87245 0.37500 0.05672
v -0.88842 0.00300 0.00290
v -0.88842 0.37500 0.00290
v -0.88842 0.37500 -0.00290
v -0.88842 0.00300 0.00290
v -0.88842 0.00300 -0.00290
v -0.88842 0.37500 0.00290
v -0.87245 0.37500 -0.05672
v -0.87245 0.00300 -0.05672
v -0.87245 0.00300 -0.05672
v -0.83672 0.00300 -0.09245
v -0.83672 0.37500 -0.09245
v -0.87245 0.37500 -0.05672
v -0.83170 0.37500 -0.09535
v -0.83170 0.00300 -0.09535
v -0.83170 0.00300 -0.09535
v -0.78000 0.00000 -0.10609
v -0.78290 0.00300 -0.10842
v -0.78290 0.37500 -0.10842
v -0.83170 0.37500 -0.09535
v -0.78000 0.37800 -0.10609
v -0.78000 0.00000 -0.10609
v -0.78000 0.00000 0.10609
v -0.78000 0.36800 -0.12667
v -0.71666 0.39800 -0.10970
v -0.78000 0.39800 -0.12667
v -0.71666 0.36800 -0.10970
v -0.71666 0.36800 -0.10970
v -0.67030 0.39800 -0.06334
v -0.71666 0.39800 -0.10970
v -0.67030 0.36800 -0.06334
v -0.67030 0.36800 -0.06334
v -0.65333 0.39800 -0.00000
v -0.67030 0.39800 -0.06334
v -0.65333 0.36800 -0.00000
v -0.65333 0.36800 -0.00000
v -0.67030 0.39800 0.06334
v -0.65333 0.39800 -0.00000
v -0.67030 0.36800 0.06334
v -0.67030 0.36800 0.06334
v -0.71666 0.39800 0.10970
v -0.67030 0.39800 0.06334
v -0.71666 0.36800 0.10970
v -0.71666 0.36800 0.10970
v -0.78000 0.39800 0.12667
v -0.71666 0.39800 0.10970
v -0.78000 0.36800 0.12667
v -0.78000 0.36800 0.12667
v -0.84334 0.39800 0.10970
v -0.78000 0.39800 0.12667
v -0.84334 0.36800 0.10970
v -0.84334 0.36800 0.10970
v -0.88970 0.39800 0.06334
v -0.84334 0.39800 0.10970
v -0.88970 0.36800 0.06334
v -0.88970 0.36800 0.06334
v -0.90667 0.39800 -0.00000
v -0.88970 0.39800 0.06334
v -0.90667 0.36800 -0.00000
v -0.90667 0.36800 -0.00000
v -0.88970 0.39800 -0.06334
v -0.90667 0.39800 -0.00000
v -0.88970 0.36800 -0.06334
v -0.67030 0.39800 -0.06334
v -0.78000 0.39800 -0.12667
v -0.71666 0.39800 -0.10970
v -0.88970 0.39800 -0.06334
v -0.84334 0.39800 -0.10970
v -0.67030 0.39800 0.06334
v -0.65333 0.39800 -0.00000
v -0.78000 0.39800 0.12667
v -0.71666 0.39800 0.10970
v -0.88970 0.39800 0.06334
v -0.84334 0.39800 0.10970
v -0.90667 0.39800 -0.00000
v -0.88970 0.36800 -0.06334
v -0.84334 0.39800 -0.10970
v -0.88970 0.39800 -0.06334
v -0.84334 0.36800 -0.10970
v -0.84334 0.36800 -0.10970
v -0.78000 0.39800 -0.12667
v -0.84334 0.39800 -0.10970
v -0.78000 0.36800 -0.12667
v -0.84334 0.36800 -0.10970
v -0.71666 0.36800 -0.10970
v -0.78000 0.36800 -0.12667
v -0.65333 0.36800 -0.00000
v -0.67030 0.36800 -0.06334
v -0.90667 0.36800 -0.00000
v -0.88970 0.36800 -0.06334
v -0.84334 0.36800 0.10970
v -0.88970 0.36800 0.06334
v -0.71666 0.36800 0.10970
v -0.78000 0.36800 0.12667
v -0.67030 0.36800 0.06334
vn 0.0000 0.0000 -1.0000
vn 0.0000 0.0000 -1.0000
vn 0.0000 0.0000 -1.0000
vn 0.0000 0.0000 -1.0000
vn -1.0000 0.0000 -0.0000
vn -1.0000 0.0000 -0.0000
vn -1.0000 0.0000 -0.0000
vn -1.0000 0.0000 -0.0000
vn 0.0000 1.0000 -0.0000
vn 0.0000 1.0000 -0.0000
vn 0.0000 1.0000 -0.0000
vn 0.0000 1.0000 -0.0000
vn 1.0000 0.0000 -0.0000
vn 1.0000 0.0000 -0.0000
vn 1.0000 0.0000 -0.0000
vn 1.0000 0.0000 -0.0000
vn -0.0000 -0.0000 1.0000
vn -0.0000 -0.0000 1.0000
vn -0.0000 -0.0000 1.0000
vn -0.0000 -0.0000 1.0000
vn 0.5774 -0.5774 -0.5772
vn 0.5774 -0.5774 -0.5772
vn 0.5774 -0.5774 -0.5772
vn 0.5774 0.5774 -0.5772
vn 0.5774 0.5774 -0.5772
vn 0.5774 0.5774 -0.5772
vn 0.5774 -0.5774 0.5773
vn 0.5774 -0.5774 0.5773
vn 0.5774 -0.5774 0.5773
vn 0.5774 0.5774 0.5774
vn 0.5774 0.5774 0.5774
vn 0.5774 0.5774 0.5774
vn -0.5774 -0.5774 -0.5773
vn -0.5774 -0.5774 -0.5773
vn -0.5774 -0.5774 -0.5773
vn -0.5774 0.5774 -0.5772
vn -0.5774 0.5774 -0.5772
vn -0.5774 0.5774 -0.5772
vn -0.5774 -0.5774 0.5772
vn -0.5774 -0.5774 0.5772
vn -0.5774 -0.5774 0.5772
vn -0.5774 0.5774 0.5773
vn -0.5774 0.5774 0.5773
vn -0.5774 0.5774 0.5773
vn 0.7071 -0.7071 -0.0000
vn 0.7071 -0.7071 -0.0000
vn 0.7071 -0.7071 -0.0000
vn 0.7071 -0.7071 -0.0000
vn 0.7071 0.0000 -0.7071
vn 0.7071 0.0000 -0.7071
vn 0.7071 0.0000 -0.7071
vn 0.7071 0.0000 -0.7071
vn 0.7071 0.7071 0.0000
vn 0.7071 0.7071 0.0000
vn 0.7071 0.7071 0.0000
vn 0.7071 0.7071 0.0000
vn 0.7071 -0.0000 0.7071
vn 0.7071 -0.0000 0.7071
vn 0.7071 -0.0000 0.7071
vn 0.7071 -0.0000 0.7071
vn -0.0000 -0.7071 0.7071
vn -0.0000 -0.7071 0.7071
vn -0.0000 -0.7071 0.7071
vn -0.0000 -0.7071 0.7071
vn -0.0000 0.7071 0.7071
vn -0.0000 0.7071 0.7071
vn -0.0000 0.7071 0.7071
vn -0.0000 0.7071 0.7071
vn -0.7071 -0.0000 0.7071
vn -0.7071 -0.0000 0.7071
vn -0.7071 -0.0000 0.7071
vn -0.7071 -0.0000 0.7071
vn -0.7071 -0.7071 -0.0001
vn -0.7071 -0.7071 -0.0001
vn -0.7071 -0.7071 -0.0001
vn -0.7071 -0.7071 -0.0001
vn -0.7071 0.7071 -0.0000
vn -0.7071 0.7071 -0.0000
vn -0.7071 0.7071 -0.0000
vn -0.7071 0.7071 -0.0000
vn -0.7071 0.0000 -0.7071
vn -0.7071 0.0000 -0.7071
vn -0.7071 0.0000 -0.7071
vn -0.7071 0.0000 -0.7071
vn 0.0000 -0.7071 -0.7071
vn 0.0000 -0.7071 -0.7071
vn 0.0000 -0.7071 -0.7071
vn 0.0000 -0.7071 -0.7071
vn 0.0000 0.7071 -0.7071
vn 0.0000 0.7071 -0.7071
vn 0.0000 0.7071 -0.7071
vn 0.0000 0.7071 -0.7071
vn 0.0000 -1.0000 -0.0000
vn 0.0000 -1.0000 -0.0000
vn 0.0000 -1.0000 -0.0000
vn 0.0000 -1.0000 -0.0000
vn 0.7623 0.0000 -0.6472
vn 0.7623 0.0000 -0.6472
vn 0.7623 0.0000 -0.6472
vn 0.7623 0.0000 -0.6472
vn -0.6472 0.0000 -0.7623
vn -0.6472 0.0000 -0.7623
vn -0.6472 0.0000 -0.7623
vn -0.6472 0.0000 -0.7623
vn 0.0000 1.0000 -0.0000
vn 0.0000 1.0000 -0.0000
vn 0.0000 1.0000 -0.0000
vn 0.0000 1.0000 -0.0000
vn 0.6472 -0.0000 0.7623
vn 0.6472 -0.0000 0.7623
vn 0.6472 -0.0000 0.7623
vn 0.6472 -0.0000 0.7623
vn -0.7624 -0.0000 0.6472
vn -0.7624 -0.0000 0.6472
vn -0.7624 -0.0000 0.6472
vn -0.7624 -0.0000 0.6472
vn 0.8138 -0.5774 0.0664
vn 0.8138 -0.5774 0.0664
vn 0.8138 -0.5774 0.0664
vn 0.8138 0.5774 0.0664
vn 0.8138 0.5774 0.0664
vn 0.8138 0.5774 0.0664
vn -0.0664 -0.5774 0.8138
vn -0.0664 -0.5774 0.8138
vn -0.0664 -0.5774 0.8138
vn -0.0664 0.5774 0.8138
vn -0.0664 0.5774 0.8138
vn -0.0664 0.5774 0.8138
vn 0.0664 -0.5773 -0.8138
vn 0.0664 -0.5773 -0.8138
vn 0.0664 -0.5773 -0.8138
vn 0.0664 0.5773 -0.8138
vn 0.0664 0.5773 -0.8138
vn 0.0664 0.5773 -0.8138
vn -0.8138 -0.5774 -0.0664
vn -0.8138 -0.5774 -0.0664
vn -0.8138 -0.5774 -0.0664
vn -0.8138 0.5774 -0.0664
vn -0.8138 0.5774 -0.0664
vn -0.8138 0.5774 -0.0664
vn 0.4576 -0.7071 0.5390
vn 0.4576 -0.7071 0.5390
vn 0.4576 -0.7071 0.5390
vn 0.4576 -0.7071 0.5390
vn 0.9967 -0.0000 0.0814
vn 0.9967 -0.0000 0.0814
vn 0.9967 -0.0000 0.0814
vn 0.9967 -0.0000 0.0814
vn 0.4576 0.7071 0.5391
vn 0.4576 0.7071 0.5391
vn 0.4576 0.7071 0.5391
vn 0.4576 0.7071 0.5391
vn -0.0814 -0.0000 0.9967
vn -0.0814 -0.0000 0.9967
vn -0.0814 -0.0000 0.9967
vn -0.0814 -0.0000 0.9967
vn -0.5390 -0.7071 0.4576
vn -0.5390 -0.7071 0.4576
vn -0.5390 -0.7071 0.4576
vn -0.5390 -0.7071 0.4576
vn -0.5390 0.7071 0.4577
vn -0.5390 0.7071 0.4577
vn -0.5390 0.7071 0.4577
vn -0.5390 0.7071 0.4577
vn -0.9967 0.0000 -0.0814
vn -0.9967 0.0000 -0.0814
vn -0.9967 0.0000 -0.0814
vn -0.9967 0.0000 -0.0814
vn -0.4577 -0.7071 -0.5391
vn -0.4577 -0.7071 -0.5391
vn -0.4577 -0.7071 -0.5391
vn -0.4577 -0.7071 -0.5391
vn -0.4577 0.7071 -0.5390
vn -0.4577 0.7071 -0.5390
vn -0.4577 0.7071 -0.5390
vn -0.4577 0.7071 -0.5390
vn 0.0814 0.0000 -0.9967
vn 0.0814 0.0000 -0.9967
vn 0.0814 0.0000 -0.9967
vn 0.0814 0.0000 -0.9967
vn 0.5390 -0.7071 -0.4577
vn 0.5390 -0.7071 -0.4577
vn 0.5390 -0.7071 -0.4577
vn 0.5390 -0.7071 -0.4577
vn 0.5390 0.7071 -0.4576
vn 0.5390 0.7071 -0.4576
vn 0.5390 0.7071 -0.4576
vn 0.5390 0.7071 -0.4576
vn 0.0000 -1.0000 -0.0000
vn 0.0000 -1.0000 -0.0000
vn 0.0000 -1.0000 -0.0000
vn 0.0000 -1.0000 -0.0000
vn -0.7623 0.0000 -0.6472
vn -0.7623 0.0000 -0.6472
vn -0.7623 0.0000 -0.6472
vn -0.7623 0.0000 -0.6472
vn -0.6473 -0.0000 0.7623
vn -0.6473 -0.0000 0.7623
vn -0.6473 -0.0000 0.7623
vn -0.6473 -0.0000 0.7623
vn 0.0000 1.0000 -0.0000
vn 0.0000 1.0000 -0.0000
vn 0.0000 1.0000 -0.0000
vn 0.0000 1.0000 -0.0000
vn 0.6472 0.0000 -0.7623
vn 0.6472 0.0000 -0.7623
vn 0.6472 0.0000 -0.7623
vn 0.6472 0.0000 -0.7623
vn 0.7623 -0.0000 0.6472
vn 0.7623 -0.0000 0.6472
vn 0.7623 -0.0000 0.6472
vn 0.7623 -0.0000 0.6472
vn -0.0664 -0.5773 -0.8139
vn -0.0664 -0.5773 -0.8139
vn -0.0664 -0.5773 -0.8139
vn -0.0664 0.5773 -0.8138
vn -0.0664 0.5773 -0.8138
vn -0.0664 0.5773 -0.8138
vn 0.8137 -0.5774 -0.0665
vn 0.8137 -0.5774 -0.0665
vn 0.8137 -0.5774 -0.0665
vn 0.8138 0.5774 -0.0663
vn 0.8138 0.5774 -0.0663
vn 0.8138 0.5774 -0.0663
vn -0.8138 -0.5774 0.0663
vn -0.8138 -0.5774 0.0663
vn -0.8138 -0.5774 0.0663
vn -0.8138 0.5773 0.0664
vn -0.8138 0.5773 0.0664
vn -0.8138 0.5773 0.0664
vn 0.0664 -0.5773 0.8138
vn 0.0664 -0.5773 0.8138
vn 0.0664 -0.5773 0.8138
vn 0.0664 0.5773 0.8138
vn 0.0664 0.5773 0.8138
vn 0.0664 0.5773 0.8138
vn 0.4577 -0.7071 -0.5390
vn 0.4577 -0.7071 -0.5390
vn 0.4577 -0.7071 -0.5390
vn 0.4577 -0.7071 -0.5390
vn -0.0814 0.0000 -0.9967
vn -0.0814 0.0000 -0.9967
vn -0.0814 0.0000 -0.9967
vn -0.0814 0.0000 -0.9967
vn 0.4577 0.7071 -0.5390
vn 0.4577 0.7071 -0.5390
vn 0.4577 0.7071 -0.5390
vn 0.4577 0.7071 -0.5390
vn 0.9967 0.0000 -0.0814
vn 0.9967 0.0000 -0.0814
vn 0.9967 0.0000 -0.0814
vn 0.9967 0.0000 -0.0814
vn 0.5390 -0.7071 0.4577
vn 0.5390 -0.7071 0.4577
vn 0.5390 -0.7071 0.4577
vn 0.5390 -0.7071 0.4577
vn 0.5390 0.7071 0.4578
vn 0.5390 0.7071 0.4578
vn 0.5390 0.7071 0.4578
vn 0.5390 0.7071 0.4578
vn 0.0814 -0.0000 0.9967
vn 0.0814 -0.0000 0.9967
vn 0.0814 -0.0000 0.9967
vn 0.0814 -0.0000 0.9967
vn -0.4577 -0.7071 0.5390
vn -0.4577 -0.7071 0.5390
vn -0.4577 -0.7071 0.5390
vn -0.4577 -0.7071 0.5390
vn -0.4577 0.7071 0.5390
vn -0.4577 0.7071 0.5390
vn -0.4577 0.7071 0.5390
vn -0.4577 0.7071 0.5390
vn -0.9967 -0.0000 0.0814
vn -0.9967 -0.0000 0.0814
vn -0.9967 -0.0000 0.0814
vn -0.9967 -0.0000 0.0814
vn -0.5390 -0.7071 -0.4578
vn -0.5390 -0.7071 -0.4578
vn -0.5390 -0.7071 -0.4578
vn -0.5390 -0.7071 -0.4578
vn -0.5391 0.7071 -0.4577
vn -0.5391 0.7071 -0.4577
vn -0.5391 0.7071 -0.4577
vn -0.5391 0.7071 -0.4577
vn 0.0000 -1.0000 -0.0000
vn 0.0000 -1.0000 -0.0000
vn 0.0000 -1.0000 -0.0000
vn 0.0000 -1.0000 -0.0000
vn -0.7624 -0.0000 0.6472
vn -0.7624 -0.0000 0.6472
vn -0.7624 -0.0000 0.6472
vn -0.7624 -0.0000 0.6472
vn 0.6472 -0.0000 0.7623
vn 0.6472 -0.0000 0.7623
vn 0.6472 -0.0000 0.7623
vn 0.6472 -0.0000 0.7623
vn 0.0000 1.0000 -0.0000
vn 0.0000 1.0000 -0.0000
vn 0.0000 1.0000 -0.0000
vn 0.0000 1.0000 -0.0000
vn -0.6472 0.0000 -0.7623
vn -0.6472 0.0000 -0.7623
vn -0.6472 0.0000 -0.7623
vn -0.6472 0.0000 -0.7623
vn 0.7623 0.0000 -0.6472
vn 0.7623 0.0000 -0.6472
vn 0.7623 0.0000 -0.6472
vn 0.7623 0.0000 -0.6472
vn -0.8138 -0.5774 -0.0664
vn -0.8138 -0.5774 -0.0664
vn -0.8138 -0.5774 -0.0664
vn -0.8138 0.5774 -0.0664
vn -0.8138 0.5774 -0.0664
vn -0.8138 0.5774 -0.0664
vn 0.0664 -0.5773 -0.8138
vn 0.0664 -0.5773 -0.8138
vn 0.0664 -0.5773 -0.8138
vn 0.0664 0.5774 -0.8137
vn 0.0664 0.5774 -0.8137
vn 0.0664 0.5774 -0.8137
vn -0.0664 -0.5774 0.8138
vn -0.0664 -0.5774 0.8138
vn -0.0664 -0.5774 0.8138
vn -0.0664 0.5774 0.8138
vn -0.0664 0.5774 0.8138
vn -0.0664 0.5774 0.8138
vn 0.8138 -0.5774 0.0664
vn 0.8138 -0.5774 0.0664
vn 0.8138 -0.5774 0.0664
vn 0.8138 0.5774 0.0664
vn 0.8138 0.5774 0.0664
vn 0.8138 0.5774 0.0664
vn -0.4577 -0.7071 -0.5391
vn -0.4577 -0.7071 -0.5391
vn -0.4577 -0.7071 -0.5391
vn -0.4577 -0.7071 -0.5391
vn -0.9967 0.0000 -0.0814
vn -0.9967 0.0000 -0.0814
vn -0.9967 0.0000 -0.0814
vn -0.9967 0.0000 -0.0814
vn -0.4577 0.7071 -0.5390
vn -0.4577 0.7071 -0.5390
vn -0.4577 0.7071 -0.5390
vn -0.4577 0.7071 -0.5390
vn 0.0814 0.0000 -0.9967
vn 0.0814 0.0000 -0.9967
vn 0.0814 0.0000 -0.9967
vn 0.0814 0.0000 -0.9967
vn 0.5390 -0.7071 -0.4577
vn 0.5390 -0.7071 -0.4577
vn 0.5390 -0.7071 -0.4577
vn 0.5390 -0.7071 -0.4577
vn 0.5390 0.7071 -0.4576
vn 0.5390 0.7071 -0.4576
vn 0.5390 0.7071 -0.4576
vn 0.5390 0.7071 -0.4576
vn 0.9967 -0.0000 0.0814
vn 0.9967 -0.0000 0.0814
vn 0.9967 -0.0000 0.0814
vn 0.9967 -0.0000 0.0814
vn 0.4576 -0.7071 0.5390
vn 0.4576 -0.7071 0.5390
vn 0.4576 -0.7071 0.5390
vn 0.4576 -0.7071 0.5390
vn 0.4576 0.7071 0.5391
vn 0.4576 0.7071 0.5391
vn 0.4576 0.7071 0.5391
vn 0.4576 0.7071 0.5391
vn -0.0814 -0.0000 0.9967
vn -0.0814 -0.0000 0.9967
vn -0.0814 -0.0000 0.9967
vn -0.0814 -0.0000 0.9967
vn -0.5390 -0.7071 0.4576
vn -0.5390 -0.7071 0.4576
vn -0.5390 -0.7071 0.4576
vn -0.5390 -0.7071 0.4576
vn -0.5390 0.7071 0.4577
vn -0.5390 0.7071 0.4577
vn -0.5390 0.7071 0.4577
vn -0.5390 0.7071 0.4577
vn 0.0000 -1.0000 -0.0000
vn 0.0000 -1.0000 -0.0000
vn 0.0000 -1.0000 -0.0000
vn 0.0000 -1.0000 -0.0000
vn 0.7623 -0.0000 0.6472
vn 0.7623 -0.0000 0.6472
vn 0.7623 -0.0000 0.6472
vn 0.7623 -0.0000 0.6472
vn 0.6472 0.0000 -0.7623
vn 0.6472 0.0000 -0.7623
vn 0.6472 0.0000 -0.7623
vn 0.6472 0.0000 -0.7623
vn 0.0000 1.0000 -0.0000
vn 0.0000 1.0000 -0.0000
vn 0.0000 1.0000 -0.0000
vn 0.0000 1.0000 -0.0000
vn -0.6473 -0.0000 0.7623
vn -0.6473 -0.0000 0.7623
vn -0.6473 -0.0000 0.7623
vn -0.6473 -0.0000 0.7623
vn -0.7623 0.0000 -0.6472
vn -0.7623 0.0000 -0.6472
vn -0.7623 0.0000 -0.6472
vn -0.7623 0.0000 -0.6472
vn 0.0664 -0.5774 0.8138
vn 0.0664 -0.5774 0.8138
vn 0.0664 -0.5774 0.8138
vn 0.0664 0.5773 0.8138
vn 0.0664 0.5773 0.8138
vn 0.0664 0.5773 0.8138
vn -0.8138 -0.5774 0.0665
vn -0.8138 -0.5774 0.0665
vn -0.8138 -0.5774 0.0665
vn -0.8138 0.5773 0.0664
vn -0.8138 0.5773 0.0664
vn -0.8138 0.5773 0.0664
vn 0.8137 -0.5774 -0.0664
vn 0.8137 -0.5774 -0.0664
vn 0.8137 -0.5774 -0.0664
vn 0.8138 0.5774 -0.0663
vn 0.8138 0.5774 -0.0663
vn 0.8138 0.5774 -0.0663
vn -0.0664 -0.5773 -0.8139
vn -0.0664 -0.5773 -0.8139
vn -0.0664 -0.5773 -0.8139
vn -0.0664 0.5774 -0.8138
vn -0.0664 0.5774 -0.8138
vn -0.0664 0.5774 -0.8138
vn -0.4577 -0.7071 0.5390
vn -0.4577 -0.7071 0.5390
vn -0.4577 -0.7071 0.5390
vn -0.4577 -0.7071 0.5390
vn 0.0814 -0.0000 0.9967
vn 0.0814 -0.0000 0.9967
vn 0.0814 -0.0000 0.9967
vn 0.0814 -0.0000 0.9967
vn -0.4577 0.7071 0.5390
vn -0.4577 0.7071 0.5390
vn -0.4577 0.7071 0.5390
vn -0.4577 0.7071 0.5390
vn -0.9967 -0.0000 0.0814
vn -0.9967 -0.0000 0.0814
vn -0.9967 -0.0000 0.0814
vn -0.9967 -0.0000 0.0814
vn -0.5390 -0.7071 -0.4578
vn -0.5390 -0.7071 -0.4578
vn -0.5390 -0.7071 -0.4578
vn -0.5390 -0.7071 -0.4578
vn -0.5391 0.7071 -0.4577
vn -0.5391 0.7071 -0.4577
vn -0.5391 0.7071 -0.4577
vn -0.5391 0.7071 -0.4577
vn -0.0814 0.0000 -0.9967
vn -0.0814 0.0000 -0.9967
vn -0.0814 0.0000 -0.9967
vn -0.0814 0.0000 -0.9967
vn 0.4577 -0.7071 -0.5390
vn 0.4577 -0.7071 -0.5390
vn 0.4577 -0.7071 -0.5390
vn 0.4577 -0.7071 -0.5390
vn 0.4577 0.7071 -0.5390
vn 0.4577 0.7071 -0.5390
vn 0.4577 0.7071 -0.5390
vn 0.4577 0.7071 -0.5390
vn 0.9967 0.0000 -0.0814
vn 0.9967 0.0000 -0.0814
vn 0.9967 0.0000 -0.0814
vn 0.9967 0.0000 -0.0814
vn 0.5390 -0.7071 0.4577
vn 0.5390 -0.7071 0.4577
vn 0.5390 -0.7071 0.4577
vn 0.5390 -0.7071 0.4577
vn 0.5390 0.7071 0.4578
vn 0.5390 0.7071 0.4578
vn 0.5390 0.7071 0.4578
vn 0.5390 0.7071 0.4578
vn 0.0000 -1.0000 -0.0000
vn 0.0000 -1.0000 -0.0000
vn 0.0000 -1.0000 -0.0000
vn 0.0000 -1.0000 -0.0000
vn -0.0000 -0.0000 1.0000
vn -0.0000 -0.0000 1.0000
vn -0.0000 -0.0000 1.0000
vn -0.0000 -0.0000 1.0000
vn 1.0000 0.0000 -0.0000
vn 1.0000 0.0000 -0.0000
vn 1.0000 0.0000 -0.0000
vn 1.0000 0.0000 -0.0000
vn 0.0000 1.0000 -0.0000
vn 0.0000 1.0000 -0.0000
vn 0.0000 1.0000 -0.0000
vn 0.0000 1.0000 -0.0000
vn -1.0000 0.0000 -0.0000
vn -1.0000 0.0000 -0.0000
vn -1.0000 0.0000 -0.0000
vn -1.0000 0.0000 -0.0000
vn 0.0000 0.0000 -1.0000
vn 0.0000 0.0000 -1.0000
vn 0.0000 0.0000 -1.0000
vn 0.0000 0.0000 -1.0000
vn -0.5774 -0.5775 0.5772
vn -0.5774 -0.5775 0.5772
vn -0.5774 -0.5775 0.5772
vn -0.5774 0.5774 0.5773
vn -0.5774 0.5774 0.5773
vn -0.5774 0.5774 0.5773
vn -0.5774 -0.5774 -0.5773
vn -0.5774 -0.5774 -0.5773
vn -0.5774 -0.5774 -0.5773
vn -0.5774 0.5774 -0.5772
vn -0.5774 0.5774 -0.5772
vn -0.5774 0.5774 -0.5772
vn 0.5772 -0.5774 0.5774
vn 0.5772 -0.5774 0.5774
vn 0.5772 -0.5774 0.5774
vn 0.5772 0.5774 0.5775
vn 0.5772 0.5774 0.5775
vn 0.5772 0.5774 0.5775
vn 0.5774 -0.5774 -0.5772
vn 0.5774 -0.5774 -0.5772
vn 0.5774 -0.5774 -0.5772
vn 0.5774 0.5774 -0.5773
vn 0.5774 0.5774 -0.5773
vn 0.5774 0.5774 -0.5773
vn -0.7071 -0.7071 -0.0001
vn -0.7071 -0.7071 -0.0001
vn -0.7071 -0.7071 -0.0001
vn -0.7071 -0.7071 -0.0001
vn -0.7071 -0.0000 0.7071
vn -0.7071 -0.0000 0.7071
vn -0.7071 -0.0000 0.7071
vn -0.7071 -0.0000 0.7071
vn -0.7071 0.7071 -0.0000
vn -0.7071 0.7071 -0.0000
vn -0.7071 0.7071 -0.0000
vn -0.7071 0.7071 -0.0000
vn -0.7071 0.0000 -0.7071
vn -0.7071 0.0000 -0.7071
vn -0.7071 0.0000 -0.7071
vn -0.7071 0.0000 -0.7071
vn 0.0000 -0.7071 -0.7071
vn 0.0000 -0.7071 -0.7071
vn 0.0000 -0.7071 -0.7071
vn 0.0000 -0.7071 -0.7071
vn 0.0000 0.7071 -0.7071
vn 0.0000 0.7071 -0.7071
vn 0.0000 0.7071 -0.7071
vn 0.0000 0.7071 -0.7071
vn 0.7071 0.0000 -0.7071
vn 0.7071 0.0000 -0.7071
vn 0.7071 0.0000 -0.7071
vn 0.7071 0.0000 -0.7071
vn 0.7071 -0.7071 -0.0000
vn 0.7071 -0.7071 -0.0000
vn 0.7071 -0.7071 -0.0000
vn 0.7071 -0.7071 -0.0000
vn 0.7071 0.7071 0.0000
vn 0.7071 0.7071 0.0000
vn 0.7071 0.7071 0.0000
vn 0.7071 0.7071 0.0000
vn 0.7071 -0.0000 0.7071
vn 0.7071 -0.0000 0.7071
vn 0.7071 -0.0000 0.7071
vn 0.7071 -0.0000 0.7071
vn -0.0000 -0.7071 0.7071
vn -0.0000 -0.7071 0.7071
vn -0.0000 -0.7071 0.7071
vn -0.0000 -0.7071 0.7071
vn -0.0000 0.7071 0.7071
vn -0.0000 0.7071 0.7071
vn -0.0000 0.7071 0.7071
vn -0.0000 0.7071 0.7071
vn 0.0000 -1.0000 -0.0000
vn 0.0000 -1.0000 -0.0000
vn 0.0000 -1.0000 -0.0000
vn 0.0000 -1.0000 -0.0000
vn -0.0000 -0.0000 1.0000
vn -0.0000 -0.0000 1.0000
vn -0.0000 -0.0000 1.0000
vn -0.0000 -0.0000 1.0000
vn 1.0000 0.0000 -0.0000
vn 1.0000 0.0000 -0.0000
vn 1.0000 0.0000 -0.0000
vn 1.0000 0.0000 -0.0000
vn 0.0000 1.0000 -0.0000
vn 0.0000 1.0000 -0.0000
vn 0.0000 1.0000 -0.0000
vn 0.0000 1.0000 -0.0000
vn -1.0000 0.0000 -0.0000
vn -1.0000 0.0000 -0.0000
vn -1.0000 0.0000 -0.0000
vn -1.0000 0.0000 -0.0000
vn 0.0000 0.0000 -1.0000
vn 0.0000 0.0000 -1.0000
vn 0.0000 0.0000 -1.0000
vn 0.0000 0.0000 -1.0000
vn -0.5773 -0.5774 0.5774
vn -0.5773 -0.5774 0.5774
vn -0.5773 -0.5774 0.5774
vn -0.5773 0.5774 0.5774
vn -0.5773 0.5774 0.5774
vn -0.5773 0.5774 0.5774
vn -0.5774 -0.5774 -0.5773
vn -0.5774 -0.5774 -0.5773
vn -0.5774 -0.5774 -0.5773
vn -0.5774 0.5773 -0.5774
vn -0.5774 0.5773 -0.5774
vn -0.5774 0.5773 -0.5774
vn 0.5773 -0.5775 0.5773
vn 0.5773 -0.5775 0.5773
vn 0.5773 -0.5775 0.5773
vn 0.5773 0.5774 0.5774
vn 0.5773 0.5774 0.5774
vn 0.5773 0.5774 0.5774
vn 0.5774 -0.5774 -0.5772
vn 0.5774 -0.5774 -0.5772
vn 0.5774 -0.5774 -0.5772
vn 0.5774 0.5774 -0.5772
vn 0.5774 0.5774 -0.5772
vn 0.5774 0.5774 -0.5772
vn -0.7071 -0.7071 -0.0001
vn -0.7071 -0.7071 -0.0001
vn -0.7071 -0.7071 -0.0001
vn -0.7071 -0.7071 -0.0001
vn -0.7071 -0.0000 0.7071
vn -0.7071 -0.0000 0.7071
vn -0.7071 -0.0000 0.7071
vn -0.7071 -0.0000 0.7071
vn -0.7071 0.7071 -0.0000
vn -0.7071 0.7071 -0.0000
vn -0.7071 0.7071 -0.0000
vn -0.7071 0.7071 -0.0000
vn -0.7071 0.0000 -0.7071
vn -0.7071 0.0000 -0.7071
vn -0.7071 0.0000 -0.7071
vn -0.7071 0.0000 -0.7071
vn 0.0000 -0.7071 -0.7071
vn 0.0000 -0.7071 -0.7071
vn 0.0000 -0.7071 -0.7071
vn 0.0000 -0.7071 -0.7071
vn 0.0000 0.7071 -0.7071
vn 0.0000 0.7071 -0.7071
vn 0.0000 0.7071 -0.7071
vn 0.0000 0.7071 -0.7071
vn 0.7071 0.0000 -0.7071
vn 0.7071 0.0000 -0.7071
vn 0.7071 0.0000 -0.7071
vn 0.7071 0.0000 -0.7071
vn 0.7071 -0.7071 -0.0000
vn 0.7071 -0.7071 -0.0000
vn 0.7071 -0.7071 -0.0000
vn 0.7071 -0.7071 -0.0000
vn 0.7071 0.7071 0.0000
vn 0.7071 0.7071 0.0000
vn 0.7071 0.7071 0.0000
vn 0.7071 0.7071 0.0000
vn 0.7071 -0.0000 0.7071
vn 0.7071 -0.0000 0.7071
vn 0.7071 -0.0000 0.7071
vn 0.7071 -0.0000 0.7071
vn -0.0000 -0.7071 0.7071
vn -0.0000 -0.7071 0.7071
vn -0.0000 -0.7071 0.7071
vn -0.0000 -0.7071 0.7071
vn -0.0000 0.7071 0.7071
vn -0.0000 0.7071 0.7071
vn -0.0000 0.7071 0.7071
vn -0.0000 0.7071 0.7071
vn 0.0000 -1.0000 -0.0000
vn 0.0000 -1.0000 -0.0000
vn 0.0000 -1.0000 -0.0000
vn 0.0000 -1.0000 -0.0000
vn -0.5000 0.0000 -0.8660
vn 0.5000 0.0000 -0.8660
vn -0.5000 0.0000 -0.8660
vn -0.8660 0.0000 -0.5000
vn 0.5000 0.0000 -0.8660
vn -0.8660 0.0000 -0.5000
vn 0.8660 0.0000 -0.5000
vn -0.9659 0.0000 -0.2588
vn 0.8660 0.0000 -0.5000
vn -0.9659 0.0000 -0.2588
vn 0.9659 0.0000 -0.2588
vn -0.8661 -0.0000 0.4999
vn 0.9659 0.0000 -0.2588
vn -0.8661 -0.0000 0.4999
vn 0.8660 -0.0000 0.5000
vn -0.5000 -0.0000 0.8660
vn 0.8660 -0.0000 0.5000
vn -0.5000 -0.0000 0.8660
vn 0.5000 -0.0000 0.8660
vn 0.5000 -0.0000 0.8660
vn 0.0000 1.0000 -0.0000
vn 0.0000 1.0000 -0.0000
vn 0.0000 1.0000 -0.0000
vn 0.0000 1.0000 -0.0000
vn 0.0000 1.0000 -0.0000
vn 0.0000 1.0000 -0.0000
vn 0.0000 1.0000 -0.0000
vn 0.0000 1.0000 -0.0000
vn 0.0000 1.0000 -0.0000
vn 0.0000 1.0000 -0.0000
vn 0.3949 -0.6133 -0.6840
vn -0.1830 -0.7071 -0.6831
vn 0.1830 -0.7071 -0.6830
vn -0.3949 -0.6133 -0.6841
vn 0.5000 -0.7071 -0.5000
vn 0.5000 -0.7071 -0.5000
vn 0.6830 -0.7071 -0.1830
vn 0.6830 -0.7071 -0.1830
vn 0.6830 -0.7071 -0.1830
vn 0.6830 -0.7071 -0.1830
vn 0.6830 -0.7071 0.1830
vn 0.6830 -0.7071 0.1830
vn 0.6830 -0.7071 0.1830
vn 0.5000 -0.7071 0.5000
vn 0.5000 -0.7071 0.5000
vn 0.3949 -0.6134 0.6840
vn 0.1830 -0.7071 0.6830
vn -0.3950 -0.6134 0.6840
vn -0.1830 -0.7072 0.6830
vn -0.5000 -0.7071 0.5000
vn -0.5000 -0.7071 0.5000
vn -0.6830 -0.7071 0.1829
vn -0.6830 -0.7071 0.1829
vn -0.6830 -0.7071 0.1829
vn -0.6830 -0.7071 -0.1831
vn -0.6830 -0.7071 -0.1831
vn -0.6830 -0.7071 -0.1831
vn -0.6830 -0.7071 -0.1831
vn -0.5000 -0.7071 -0.5001
vn -0.5000 -0.7071 -0.5001
vn 0.3949 0.6133 -0.6840
vn 0.1830 0.7071 -0.6830
vn -0.3949 0.6133 -0.6841
vn -0.1830 0.7071 -0.6830
vn -0.5000 0.7071 -0.5000
vn -0.5000 0.7071 -0.5000
vn -0.6830 0.7071 -0.1830
vn -0.6830 0.7071 -0.1830
vn -0.6830 0.7071 -0.1830
vn -0.6830 0.7071 -0.1830
vn -0.6830 0.7071 0.1830
vn -0.6830 0.7071 0.1830
vn -0.6830 0.7071 0.1830
vn -0.5000 0.7071 0.5000
vn -0.5000 0.7071 0.5000
vn -0.3950 0.6133 0.6840
vn -0.1830 0.7071 0.6830
vn 0.3949 0.6133 0.6840
vn 0.1830 0.7071 0.6830
vn 0.5000 0.7071 0.5001
vn 0.5000 0.7071 0.5001
vn 0.6830 0.7071 0.1830
vn 0.6830 0.7071 0.1830
vn 0.6830 0.7071 0.1830
vn 0.6830 0.7071 -0.1830
vn 0.6830 0.7071 -0.1830
vn 0.6830 0.7071 -0.1830
vn 0.6830 0.7071 -0.1830
vn 0.5000 0.7071 -0.5000
vn 0.5000 0.7071 -0.5000
vn 0.0000 -1.0000 -0.0000
vn 0.0000 -1.0000 -0.0000
vn 0.0000 -1.0000 -0.0000
vn 0.0000 -1.0000 -0.0000
vn 0.0000 -1.0000 -0.0000
vn 0.0000 -1.0000 -0.0000
vn 0.0000 -1.0000 -0.0000
vn 0.0000 -1.0000 -0.0000
vn 0.0000 -1.0000 -0.0000
vn 0.0000 -1.0000 -0.0000
vn -0.5000 0.0000 -0.8660
vn 0.5000 0.0000 -0.8660
vn -0.5000 0.0000 -0.8660
vn -0.8660 0.0000 -0.5000
vn 0.5000 0.0000 -0.8660
vn -0.8660 0.0000 -0.5000
vn 0.8660 0.0000 -0.5000
vn -0.9659 0.0000 -0.2588
vn 0.8660 0.0000 -0.5000
vn -0.9659 0.0000 -0.2588
vn 0.9659 0.0000 -0.2588
vn -0.8661 -0.0000 0.4999
vn 0.9659 0.0000 -0.2588
vn -0.8661 -0.0000 0.4999
vn 0.8660 -0.0000 0.5000
vn -0.5000 -0.0000 0.8660
vn 0.8660 -0.0000 0.5000
vn -0.5000 -0.0000 0.8660
vn 0.5000 -0.0000 0.8660
vn 0.5000 -0.0000 0.8660
vn 0.0000 1.0000 -0.0000
vn 0.0000 1.0000 -0.0000
vn 0.0000 1.0000 -0.0000
vn 0.0000 1.0000 -0.0000
vn 0.0000 1.0000 -0.0000
vn 0.0000 1.0000 -0.0000
vn 0.0000 1.0000 -0.0000
vn 0.0000 1.0000 -0.0000
vn 0.0000 1.0000 -0.0000
vn 0.0000 1.0000 -0.0000
vn 0.3949 -0.6133 -0.6840
vn -0.1830 -0.7071 -0.6831
vn 0.1830 -0.7071 -0.6830
vn -0.3949 -0.6133 -0.6841
vn 0.5000 -0.7071 -0.5000
vn 0.5000 -0.7071 -0.5000
vn 0.6830 -0.7071 -0.1830
vn 0.6830 -0.7071 -0.1830
vn 0.6830 -0.7071 -0.1830
vn 0.6830 -0.7071 -0.1830
vn 0.6830 -0.7071 0.1830
vn 0.6830 -0.7071 0.1830
vn 0.6830 -0.7071 0.1830
vn 0.5000 -0.7071 0.5000
vn 0.5000 -0.7071 0.5000
vn 0.3949 -0.6134 0.6840
vn 0.1830 -0.7071 0.6830
vn -0.3950 -0.6134 0.6840
vn -0.1830 -0.7072 0.6830
vn -0.5000 -0.7071 0.5000
vn -0.5000 -0.7071 0.5000
vn -0.6830 -0.7071 0.1829
vn -0.6830 -0.7071 0.1829
vn -0.6830 -0.7071 0.1829
vn -0.6830 -0.7071 -0.1831
vn -0.6830 -0.7071 -0.1831
vn -0.6830 -0.7071 -0.1831
vn -0.6830 -0.7071 -0.1831
vn -0.5000 -0.7071 -0.5001
vn -0.5000 -0.7071 -0.5001
vn 0.3949 0.6133 -0.6840
vn 0.1830 0.7071 -0.6830
vn -0.3949 0.6133 -0.6841
vn -0.1830 0.7071 -0.6830
vn -0.5000 0.7071 -0.5000
vn -0.5000 0.7071 -0.5000
vn -0.6830 0.7071 -0.1830
vn -0.6830 0.7071 -0.1830
vn -0.6830 0.7071 -0.1830
vn -0.6830 0.7071 -0.1830
vn -0.6830 0.7071 0.1830
vn -0.6830 0.7071 0.1830
vn -0.6830 0.7071 0.1830
vn -0.5000 0.7071 0.5000
vn -0.5000 0.7071 0.5000
vn -0.3950 0.6133 0.6840
vn -0.1830 0.7071 0.6830
vn 0.3949 0.6133 0.6840
vn 0.1830 0.7071 0.6830
vn 0.5000 0.7071 0.5001
vn 0.5000 0.7071 0.5001
vn 0.6830 0.7071 0.1830
vn 0.6830 0.7071 0.1830
vn 0.6830 0.7071 0.1830
vn 0.6830 0.7071 -0.1830
vn 0.6830 0.7071 -0.1830
vn 0.6830 0.7071 -0.1830
vn 0.6830 0.7071 -0.1830
vn 0.5000 0.7071 -0.5000
vn 0.5000 0.7071 -0.5000
vn 0.0000 -1.0000 -0.0000
vn 0.0000 -1.0000 -0.0000
vn 0.0000 -1.0000 -0.0000
vn 0.0000 -1.0000 -0.0000
vn 0.0000 -1.0000 -0.0000
vn 0.0000 -1.0000 -0.0000
vn 0.0000 -1.0000 -0.0000
vn 0.0000 -1.0000 -0.0000
vn 0.0000 -1.0000 -0.0000
vn 0.0000 -1.0000 -0.0000
vn -0.5000 0.0000 -0.8660
vn 0.5000 0.0000 -0.8660
vn -0.5000 0.0000 -0.8660
vn -0.8660 0.0000 -0.5000
vn 0.5000 0.0000 -0.8660
vn -0.8660 0.0000 -0.5000
vn 0.8660 0.0000 -0.5000
vn -0.9659 0.0000 -0.2588
vn 0.8660 0.0000 -0.5000
vn -0.9659 0.0000 -0.2588
vn 0.9659 0.0000 -0.2588
vn -0.8661 -0.0000 0.4999
vn 0.9659 0.0000 -0.2588
vn -0.8661 -0.0000 0.4999
vn 0.8660 -0.0000 0.5000
vn -0.5000 -0.0000 0.8660
vn 0.8660 -0.0000 0.5000
vn -0.5000 -0.0000 0.8660
vn 0.5000 -0.0000 0.8660
vn 0.5000 -0.0000 0.8660
vn 0.0000 1.0000 -0.0000
vn 0.0000 1.0000 -0.0000
vn 0.0000 1.0000 -0.0000
vn 0.0000 1.0000 -0.0000
vn 0.0000 1.0000 -0.0000
vn 0.0000 1.0000 -0.0000
vn 0.0000 1.0000 -0.0000
vn 0.0000 1.0000 -0.0000
vn 0.0000 1.0000 -0.0000
vn 0.0000 1.0000 -0.0000
vn 0.3949 -0.6133 -0.6840
vn -0.1830 -0.7071 -0.6831
vn 0.1830 -0.7071 -0.6830
vn -0.3949 -0.6133 -0.6841
vn 0.5000 -0.7071 -0.5000
vn 0.5000 -0.7071 -0.5000
vn 0.6830 -0.7071 -0.1830
vn 0.6830 -0.7071 -0.1830
vn 0.6830 -0.7071 -0.1830
vn 0.6830 -0.7071 -0.1830
vn 0.6830 -0.7071 0.1830
vn 0.6830 -0.7071 0.1830
vn 0.6830 -0.7071 0.1830
vn 0.5000 -0.7071 0.5000
vn 0.5000 -0.7071 0.5000
vn 0.3949 -0.6134 0.6840
vn 0.1830 -0.7071 0.6830
vn -0.3950 -0.6134 0.6840
vn -0.1830 -0.7072 0.6830
vn -0.5000 -0.7071 0.5000
vn -0.5000 -0.7071 0.5000
vn -0.6830 -0.7071 0.1829
vn -0.6830 -0.7071 0.1829
vn -0.6830 -0.7071 0.1829
vn -0.6830 -0.7071 -0.1831
vn -0.6830 -0.7071 -0.1831
vn -0.6830 -0.7071 -0.1831
vn -0.6830 -0.7071 -0.1831
vn -0.5000 -0.7071 -0.5001
vn -0.5000 -0.7071 -0.5001
vn 0.3949 0.6133 -0.6840
vn 0.1830 0.7071 -0.6830
vn -0.3949 0.6133 -0.6841
vn -0.1830 0.7071 -0.6830
vn -0.5000 0.7071 -0.5000
vn -0.5000 0.7071 -0.5000
vn -0.6830 0.7071 -0.1830
vn -0.6830 0.7071 -0.1830
vn -0.6830 0.7071 -0.1830
vn -0.6830 0.7071 -0.1830
vn -0.6830 0.7071 0.1830
vn -0.6830 0.7071 0.1830
vn -0.6830 0.7071 0.1830
vn -0.5000 0.7071 0.5000
vn -0.5000 0.7071 0.5000
vn -0.3950 0.6133 0.6840
vn -0.1830 0.7071 0.6830
vn 0.3949 0.6133 0.6840
vn 0.1830 0.7071 0.6830
vn 0.5000 0.7071 0.5001
vn 0.5000 0.7071 0.5001
vn 0.6830 0.7071 0.1830
vn 0.6830 0.7071 0.1830
vn 0.6830 0.7071 0.1830
vn 0.6830 0.7071 -0.1830
vn 0.6830 0.7071 -0.1830
vn 0.6830 0.7071 -0.1830
vn 0.6830 0.7071 -0.1830
vn 0.5000 0.7071 -0.5000
vn 0.5000 0.7071 -0.5000
vn 0.0000 -1.0000 -0.0000
vn 0.0000 -1.0000 -0.0000
vn 0.0000 -1.0000 -0.0000
vn 0.0000 -1.0000 -0.0000
vn 0.0000 -1.0000 -0.0000
vn 0.0000 -1.0000 -0.0000
vn 0.0000 -1.0000 -0.0000
vn 0.0000 -1.0000 -0.0000
vn 0.0000 -1.0000 -0.0000
vn 0.0000 -1.0000 -0.0000
vn -0.5000 0.0000 -0.8660
vn 0.5000 0.0000 -0.8660
vn -0.5000 0.0000 -0.8660
vn -0.8660 0.0000 -0.5000
vn 0.5000 0.0000 -0.8660
vn -0.8660 0.0000 -0.5000
vn 0.8660 0.0000 -0.5000
vn -0.9659 0.0000 -0.2588
vn 0.8660 0.0000 -0.5000
vn -0.9659 0.0000 -0.2588
vn 0.9659 0.0000 -0.2588
vn -0.8661 -0.0000 0.4999
vn 0.9659 0.0000 -0.2588
vn -0.8661 -0.0000 0.4999
vn 0.8660 -0.0000 0.5000
vn -0.5000 -0.0000 0.8660
vn 0.8660 -0.0000 0.5000
vn -0.5000 -0.0000 0.8660
vn 0.5000 -0.0000 0.8660
vn 0.5000 -0.0000 0.8660
vn 0.0000 1.0000 -0.0000
vn 0.0000 1.0000 -0.0000
vn 0.0000 1.0000 -0.0000
vn 0.0000 1.0000 -0.0000
vn 0.0000 1.0000 -0.0000
vn 0.0000 1.0000 -0.0000
vn 0.0000 1.0000 -0.0000
vn 0.0000 1.0000 -0.0000
vn 0.0000 1.0000 -0.0000
vn 0.0000 1.0000 -0.0000
vn 0.3949 -0.6133 -0.6840
vn -0.1830 -0.7071 -0.6831
vn 0.1830 -0.7071 -0.6830
vn -0.3949 -0.6133 -0.6841
vn 0.5000 -0.7071 -0.5000
vn 0.5000 -0.7071 -0.5000
vn 0.6830 -0.7071 -0.1830
vn 0.6830 -0.7071 -0.1830
vn 0.6830 -0.7071 -0.1830
vn 0.6830 -0.7071 -0.1830
vn 0.6830 -0.7071 0.1830
vn 0.6830 -0.7071 0.1830
vn 0.6830 -0.7071 0.1830
vn 0.5000 -0.7071 0.5000
vn 0.5000 -0.7071 0.5000
vn 0.3949 -0.6134 0.6840
vn 0.1830 -0.7071 0.6830
vn -0.3950 -0.6134 0.6840
vn -0.1830 -0.7072 0.6830
vn -0.5000 -0.7071 0.5000
vn -0.5000 -0.7071 0.5000
vn -0.6830 -0.7071 0.1829
vn -0.6830 -0.7071 0.1829
vn -0.6830 -0.7071 0.1829
vn -0.6830 -0.7071 -0.1831
vn -0.6830 -0.7071 -0.1831
vn -0.6830 -0.7071 -0.1831
vn -0.6830 -0.7071 -0.1831
vn -0.5000 -0.7071 -0.5001
vn -0.5000 -0.7071 -0.5001
vn 0.3949 0.6133 -0.6840
vn 0.1830 0.7071 -0.6830
vn -0.3949 0.6133 -0.6841
vn -0.1830 0.7071 -0.6830
vn -0.5000 0.7071 -0.5000
vn -0.5000 0.7071 -0.5000
vn -0.6830 0.7071 -0.1830
vn -0.6830 0.7071 -0.1830
vn -0.6830 0.7071 -0.1830
vn -0.6830 0.7071 -0.1830
vn -0.6830 0.7071 0.1830
vn -0.6830 0.7071 0.1830
vn -0.6830 0.7071 0.1830
vn -0.5000 0.7071 0.5000
vn -0.5000 0.7071 0.5000
vn -0.3950 0.6133 0.6840
vn -0.1830 0.7071 0.6830
vn 0.3949 0.6133 0.6840
vn 0.1830 0.7071 0.6830
vn 0.5000 0.7071 0.5001
vn 0.5000 0.7071 0.5001
vn 0.6830 0.7071 0.1830
vn 0.6830 0.7071 0.1830
vn 0.6830 0.7071 0.1830
vn 0.6830 0.7071 -0.1830
vn 0.6830 0.7071 -0.1830
vn 0.6830 0.7071 -0.1830
vn 0.6830 0.7071 -0.1830
vn 0.5000 0.7071 -0.5000
vn 0.5000 0.7071 -0.5000
vn 0.0000 -1.0000 -0.0000
vn 0.0000 -1.0000 -0.0000
vn 0.0000 -1.0000 -0.0000
vn 0.0000 -1.0000 -0.0000
vn 0.0000 -1.0000 -0.0000
vn 0.0000 -1.0000 -0.0000
vn 0.0000 -1.0000 -0.0000
vn 0.0000 -1.0000 -0.0000
vn 0.0000 -1.0000 -0.0000
vn 0.0000 -1.0000 -0.0000
vn -0.0000 -0.0000 1.0000
vn -0.0000 -0.0000 1.0000
vn -0.0000 -0.0000 1.0000
vn -0.0000 -0.0000 1.0000
vn 1.0000 0.0000 -0.0000
vn 1.0000 0.0000 -0.0000
vn 1.0000 0.0000 -0.0000
vn 1.0000 0.0000 -0.0000
vn 0.0000 1.0000 -0.0000
vn 0.0000 1.0000 -0.0000
vn 0.0000 1.0000 -0.0000
vn 0.0000 1.0000 -0.0000
vn -1.0000 0.0000 -0.0000
vn -1.0000 0.0000 -0.0000
vn -1.0000 0.0000 -0.0000
vn -1.0000 0.0000 -0.0000
vn 0.0000 0.0000 -1.0000
vn 0.0000 0.0000 -1.0000
vn 0.0000 0.0000 -1.0000
vn 0.0000 0.0000 -1.0000
vn -0.5773 -0.5774 0.5774
vn -0.5773 -0.5774 0.5774
vn -0.5773 -0.5774 0.5774
vn -0.5773 0.5774 0.5774
vn -0.5773 0.5774 0.5774
vn -0.5773 0.5774 0.5774
vn -0.5773 -0.5774 -0.5774
vn -0.5773 -0.5774 -0.5774
vn -0.5773 -0.5774 -0.5774
vn -0.5774 0.5774 -0.5772
vn -0.5774 0.5774 -0.5772
vn -0.5774 0.5774 -0.5772
vn 0.5772 -0.5774 0.5774
vn 0.5772 -0.5774 0.5774
vn 0.5772 -0.5774 0.5774
vn 0.5772 0.5774 0.5775
vn 0.5772 0.5774 0.5775
vn 0.5772 0.5774 0.5775
vn 0.5773 -0.5774 -0.5774
vn 0.5773 -0.5774 -0.5774
vn 0.5773 -0.5774 -0.5774
vn 0.5774 0.5774 -0.5772
vn 0.5774 0.5774 -0.5772
vn 0.5774 0.5774 -0.5772
vn -0.7071 -0.7071 -0.0001
vn -0.7071 -0.7071 -0.0001
vn -0.7071 -0.7071 -0.0001
vn -0.7071 -0.7071 -0.0001
vn -0.7071 -0.0000 0.7071
vn -0.7071 -0.0000 0.7071
vn -0.7071 -0.0000 0.7071
vn -0.7071 -0.0000 0.7071
vn -0.7071 0.7071 -0.0000
vn -0.7071 0.7071 -0.0000
vn -0.7071 0.7071 -0.0000
vn -0.7071 0.7071 -0.0000
vn -0.7071 0.0000 -0.7071
vn -0.7071 0.0000 -0.7071
vn -0.7071 0.0000 -0.7071
vn -0.7071 0.0000 -0.7071
vn 0.0000 -0.7071 -0.7071
vn 0.0000 -0.7071 -0.7071
vn 0.0000 -0.7071 -0.7071
vn 0.0000 -0.7071 -0.7071
vn 0.0000 0.7071 -0.7071
vn 0.0000 0.7071 -0.7071
vn 0.0000 0.7071 -0.7071
vn 0.0000 0.7071 -0.7071
vn 0.7071 0.0000 -0.7071
vn 0.7071 0.0000 -0.7071
vn 0.7071 0.0000 -0.7071
vn 0.7071 0.0000 -0.7071
vn 0.7071 -0.7071 -0.0000
vn 0.7071 -0.7071 -0.0000
vn 0.7071 -0.7071 -0.0000
vn 0.7071 -0.7071 -0.0000
vn 0.7071 0.7071 0.0000
vn 0.7071 0.7071 0.0000
vn 0.7071 0.7071 0.0000
vn 0.7071 0.7071 0.0000
vn 0.7071 -0.0000 0.7071
vn 0.7071 -0.0000 0.7071
vn 0.7071 -0.0000 0.7071
vn 0.7071 -0.0000 0.7071
vn -0.0000 -0.7071 0.7071
vn -0.0000 -0.7071 0.7071
vn -0.0000 -0.7071 0.7071
vn -0.0000 -0.7071 0.7071
vn -0.0000 0.7071 0.7071
vn -0.0000 0.7071 0.7071
vn -0.0000 0.7071 0.7071
vn -0.0000 0.7071 0.7071
vn 0.0000 -1.0000 -0.0000
vn 0.0000 -1.0000 -0.0000
vn 0.0000 -1.0000 -0.0000
vn 0.0000 -1.0000 -0.0000
vn 0.6472 -0.0000 0.7623
vn 0.6472 -0.0000 0.7623
vn 0.6472 -0.0000 0.7623
vn 0.6472 -0.0000 0.7623
vn -0.7624 -0.0000 0.6472
vn -0.7624 -0.0000 0.6472
vn -0.7624 -0.0000 0.6472
vn -0.7624 -0.0000 0.6472
vn -0.6472 0.0000 -0.7623
vn -0.6472 0.0000 -0.7623
vn -0.6472 0.0000 -0.7623
vn -0.6472 0.0000 -0.7623
vn 0.7623 0.0000 -0.6472
vn 0.7623 0.0000 -0.6472
vn 0.7623 0.0000 -0.6472
vn 0.7623 0.0000 -0.6472
vn 0.0000 -1.0000 -0.0000
vn 0.0000 -1.0000 -0.0000
vn 0.0000 -1.0000 -0.0000
vn 0.0000 -1.0000 -0.0000
vn 0.0000 1.0000 -0.0000
vn 0.0000 1.0000 -0.0000
vn 0.0000 1.0000 -0.0000
vn 0.0000 1.0000 -0.0000
vn 0.6472 -0.0000 0.7623
vn 0.6472 -0.0000 0.7623
vn 0.6472 -0.0000 0.7623
vn 0.6472 -0.0000 0.7623
vn -0.7624 -0.0000 0.6472
vn -0.7624 -0.0000 0.6472
vn -0.7624 -0.0000 0.6472
vn -0.7624 -0.0000 0.6472
vn -0.6472 0.0000 -0.7623
vn -0.6472 0.0000 -0.7623
vn -0.6472 0.0000 -0.7623
vn -0.6472 0.0000 -0.7623
vn 0.7623 0.0000 -0.6472
vn 0.7623 0.0000 -0.6472
vn 0.7623 0.0000 -0.6472
vn 0.7623 0.0000 -0.6472
vn 0.0000 -1.0000 -0.0000
vn 0.0000 -1.0000 -0.0000
vn 0.0000 -1.0000 -0.0000
vn 0.0000 -1.0000 -0.0000
vn 0.0000 1.0000 -0.0000
vn 0.0000 1.0000 -0.0000
vn 0.0000 1.0000 -0.0000
vn 0.0000 1.0000 -0.0000
vn 0.6472 -0.0000 0.7623
vn 0.6472 -0.0000 0.7623
vn 0.6472 -0.0000 0.7623
vn 0.6472 -0.0000 0.7623
vn -0.7624 -0.0000 0.6472
vn -0.7624 -0.0000 0.6472
vn -0.7624 -0.0000 0.6472
vn -0.7624 -0.0000 0.6472
vn -0.6472 0.0000 -0.7623
vn -0.6472 0.0000 -0.7623
vn -0.6472 0.0000 -0.7623
vn -0.6472 0.0000 -0.7623
vn 0.7623 0.0000 -0.6472
vn 0.7623 0.0000 -0.6472
vn 0.7623 0.0000 -0.6472
vn 0.7623 0.0000 -0.6472
vn 0.0000 -1.0000 -0.0000
vn 0.0000 -1.0000 -0.0000
vn 0.0000 -1.0000 -0.0000
vn 0.0000 -1.0000 -0.0000
vn 0.0000 1.0000 -0.0000
vn 0.0000 1.0000 -0.0000
vn 0.0000 1.0000 -0.0000
vn 0.0000 1.0000 -0.0000
vn 0.6472 -0.0000 0.7623
vn 0.6472 -0.0000 0.7623
vn 0.6472 -0.0000 0.7623
vn 0.6472 -0.0000 0.7623
vn -0.7624 -0.0000 0.6472
vn -0.7624 -0.0000 0.6472
vn -0.7624 -0.0000 0.6472
vn -0.7624 -0.0000 0.6472
vn -0.6472 0.0000 -0.7623
vn -0.6472 0.0000 -0.7623
vn -0.6472 0.0000 -0.7623
vn -0.6472 0.0000 -0.7623
vn 0.7623 0.0000 -0.6472
vn 0.7623 0.0000 -0.6472
vn 0.7623 0.0000 -0.6472
vn 0.7623 0.0000 -0.6472
vn 0.0000 -1.0000 -0.0000
vn 0.0000 -1.0000 -0.0000
vn 0.0000 -1.0000 -0.0000
vn 0.0000 -1.0000 -0.0000
vn 0.0000 1.0000 -0.0000
vn 0.0000 1.0000 -0.0000
vn 0.0000 1.0000 -0.0000
vn 0.0000 1.0000 -0.0000
vn 0.6472 -0.0000 0.7623
vn 0.6472 -0.0000 0.7623
vn 0.6472 -0.0000 0.7623
vn 0.6472 -0.0000 0.7623
vn -0.7624 -0.0000 0.6472
vn -0.7624 -0.0000 0.6472
vn -0.7624 -0.0000 0.6472
vn -0.7624 -0.0000 0.6472
vn -0.6472 0.0000 -0.7623
vn -0.6472 0.0000 -0.7623
vn -0.6472 0.0000 -0.7623
vn -0.6472 0.0000 -0.7623
vn 0.7623 0.0000 -0.6472
vn 0.7623 0.0000 -0.6472
vn 0.7623 0.0000 -0.6472
vn 0.7623 0.0000 -0.6472
vn 0.0000 -1.0000 -0.0000
vn 0.0000 -1.0000 -0.0000
vn 0.0000 -1.0000 -0.0000
vn 0.0000 -1.0000 -0.0000
vn 0.0000 1.0000 -0.0000
vn 0.0000 1.0000 -0.0000
vn 0.0000 1.0000 -0.0000
vn 0.0000 1.0000 -0.0000
vn 1.0000 0.0000 -0.0000
vn 1.0000 0.0000 -0.0000
vn 1.0000 0.0000 -0.0000
vn 1.0000 0.0000 -0.0000
vn -0.0000 -0.0000 1.0000
vn -0.0000 -0.0000 1.0000
vn -0.0000 -0.0000 1.0000
vn -0.0000 -0.0000 1.0000
vn -1.0000 0.0000 -0.0000
vn -1.0000 0.0000 -0.0000
vn -1.0000 0.0000 -0.0000
vn -1.0000 0.0000 -0.0000
vn 0.0000 0.0000 -1.0000
vn 0.0000 0.0000 -1.0000
vn 0.0000 0.0000 -1.0000
vn 0.0000 0.0000 -1.0000
vn 0.0000 -1.0000 -0.0000
vn 0.0000 -1.0000 -0.0000
vn 0.0000 -1.0000 -0.0000
vn 0.0000 -1.0000 -0.0000
vn 0.0000 1.0000 -0.0000
vn 0.0000 1.0000 -0.0000
vn 0.0000 1.0000 -0.0000
vn 0.0000 1.0000 -0.0000
vn 1.0000 0.0000 -0.0000
vn 1.0000 0.0000 -0.0000
vn 1.0000 0.0000 -0.0000
vn 1.0000 0.0000 -0.0000
vn -0.0000 -0.0000 1.0000
vn -0.0000 -0.0000 1.0000
vn -0.0000 -0.0000 1.0000
vn -0.0000 -0.0000 1.0000
vn -1.0000 0.0000 -0.0000
vn -1.0000 0.0000 -0.0000
vn -1.0000 0.0000 -0.0000
vn -1.0000 0.0000 -0.0000
vn 0.0000 0.0000 -1.0000
vn 0.0000 0.0000 -1.0000
vn 0.0000 0.0000 -1.0000
vn 0.0000 0.0000 -1.0000
vn 0.0000 -1.0000 -0.0000
vn 0.0000 -1.0000 -0.0000
vn 0.0000 -1.0000 -0.0000
vn 0.0000 -1.0000 -0.0000
vn 0.0000 1.0000 -0.0000
vn 0.0000 1.0000 -0.0000
vn 0.0000 1.0000 -0.0000
vn 0.0000 1.0000 -0.0000
vn 1.0000 0.0000 -0.0000
vn 1.0000 0.0000 -0.0000
vn 1.0000 0.0000 -0.0000
vn 1.0000 0.0000 -0.0000
vn -0.0000 -0.0000 1.0000
vn -0.0000 -0.0000 1.0000
vn -0.0000 -0.0000 1.0000
vn -0.0000 -0.0000 1.0000
vn -1.0000 0.0000 -0.0000
vn -1.0000 0.0000 -0.0000
vn -1.0000 0.0000 -0.0000
vn -1.0000 0.0000 -0.0000
vn 0.0000 0.0000 -1.0000
vn 0.0000 0.0000 -1.0000
vn 0.0000 0.0000 -1.0000
vn 0.0000 0.0000 -1.0000
vn 0.0000 -1.0000 -0.0000
vn 0.0000 -1.0000 -0.0000
vn 0.0000 -1.0000 -0.0000
vn 0.0000 -1.0000 -0.0000
vn 0.0000 1.0000 -0.0000
vn 0.0000 1.0000 -0.0000
vn 0.0000 1.0000 -0.0000
vn 0.0000 1.0000 -0.0000
vn 1.0000 0.0000 -0.0000
vn 1.0000 0.0000 -0.0000
vn 1.0000 0.0000 -0.0000
vn 1.0000 0.0000 -0.0000
vn -0.0000 -0.0000 1.0000
vn -0.0000 -0.0000 1.0000
vn -0.0000 -0.0000 1.0000
vn -0.0000 -0.0000 1.0000
vn -1.0000 0.0000 -0.0000
vn -1.0000 0.0000 -0.0000
vn -1.0000 0.0000 -0.0000
vn -1.0000 0.0000 -0.0000
vn 0.0000 0.0000 -1.0000
vn 0.0000 0.0000 -1.0000
vn 0.0000 0.0000 -1.0000
vn 0.0000 0.0000 -1.0000
vn 0.0000 -1.0000 -0.0000
vn 0.0000 -1.0000 -0.0000
vn 0.0000 -1.0000 -0.0000
vn 0.0000 -1.0000 -0.0000
vn 0.0000 1.0000 -0.0000
vn 0.0000 1.0000 -0.0000
vn 0.0000 1.0000 -0.0000
vn 0.0000 1.0000 -0.0000
vn 1.0000 0.0000 -0.0000
vn 1.0000 0.0000 -0.0000
vn 1.0000 0.0000 -0.0000
vn 1.0000 0.0000 -0.0000
vn -0.0000 -0.0000 1.0000
vn -0.0000 -0.0000 1.0000
vn -0.0000 -0.0000 1.0000
vn -0.0000 -0.0000 1.0000
vn -1.0000 0.0000 -0.0000
vn -1.0000 0.0000 -0.0000
vn -1.0000 0.0000 -0.0000
vn -1.0000 0.0000 -0.0000
vn 0.0000 0.0000 -1.0000
vn 0.0000 0.0000 -1.0000
vn 0.0000 0.0000 -1.0000
vn 0.0000 0.0000 -1.0000
vn 0.0000 -1.0000 -0.0000
vn 0.0000 -1.0000 -0.0000
vn 0.0000 -1.0000 -0.0000
vn 0.0000 -1.0000 -0.0000
vn 0.0000 1.0000 -0.0000
vn 0.0000 1.0000 -0.0000
vn 0.0000 1.0000 -0.0000
vn 0.0000 1.0000 -0.0000
vn 1.0000 0.0000 -0.0000
vn 1.0000 0.0000 -0.0000
vn 1.0000 0.0000 -0.0000
vn 1.0000 0.0000 -0.0000
vn -0.0000 -0.0000 1.0000
vn -0.0000 -0.0000 1.0000
vn -0.0000 -0.0000 1.0000
vn -0.0000 -0.0000 1.0000
vn -1.0000 0.0000 -0.0000
vn -1.0000 0.0000 -0.0000
vn -1.0000 0.0000 -0.0000
vn -1.0000 0.0000 -0.0000
vn 0.0000 0.0000 -1.0000
vn 0.0000 0.0000 -1.0000
vn 0.0000 0.0000 -1.0000
vn 0.0000 0.0000 -1.0000
vn 0.0000 -1.0000 -0.0000
vn 0.0000 -1.0000 -0.0000
vn 0.0000 -1.0000 -0.0000
vn 0.0000 -1.0000 -0.0000
vn 0.0000 1.0000 -0.0000
vn 0.0000 1.0000 -0.0000
vn 0.0000 1.0000 -0.0000
vn 0.0000 1.0000 -0.0000
vn 1.0000 0.0000 -0.0000
vn 1.0000 0.0000 -0.0000
vn 1.0000 0.0000 -0.0000
vn 1.0000 0.0000 -0.0000
vn -0.0000 -0.0000 1.0000
vn -0.0000 -0.0000 1.0000
vn -0.0000 -0.0000 1.0000
vn -0.0000 -0.0000 1.0000
vn -1.0000 0.0000 -0.0000
vn -1.0000 0.0000 -0.0000
vn -1.0000 0.0000 -0.0000
vn -1.0000 0.0000 -0.0000
vn 0.0000 0.0000 -1.0000
vn 0.0000 0.0000 -1.0000
vn 0.0000 0.0000 -1.0000
vn 0.0000 0.0000 -1.0000
vn 0.0000 -1.0000 -0.0000
vn 0.0000 -1.0000 -0.0000
vn 0.0000 -1.0000 -0.0000
vn 0.0000 -1.0000 -0.0000
vn 0.0000 1.0000 -0.0000
vn 0.0000 1.0000 -0.0000
vn 0.0000 1.0000 -0.0000
vn 0.0000 1.0000 -0.0000
vn 0.6472 0.0000 -0.7623
vn 0.6472 0.0000 -0.7623
vn 0.6472 0.0000 -0.7623
vn 0.6472 0.0000 -0.7623
vn 0.7623 -0.0000 0.6472
vn 0.7623 -0.0000 0.6472
vn 0.7623 -0.0000 0.6472
vn 0.7623 -0.0000 0.6472
vn -0.6473 -0.0000 0.7623
vn -0.6473 -0.0000 0.7623
vn -0.6473 -0.0000 0.7623
vn -0.6473 -0.0000 0.7623
vn -0.7623 0.0000 -0.6472
vn -0.7623 0.0000 -0.6472
vn -0.7623 0.0000 -0.6472
vn -0.7623 0.0000 -0.6472
vn 0.0000 -1.0000 -0.0000
vn 0.0000 -1.0000 -0.0000
vn 0.0000 -1.0000 -0.0000
vn 0.0000 -1.0000 -0.0000
vn 0.0000 1.0000 -0.0000
vn 0.0000 1.0000 -0.0000
vn 0.0000 1.0000 -0.0000
vn 0.0000 1.0000 -0.0000
vn 0.6472 0.0000 -0.7623
vn 0.6472 0.0000 -0.7623
vn 0.6472 0.0000 -0.7623
vn 0.6472 0.0000 -0.7623
vn 0.7623 -0.0000 0.6472
vn 0.7623 -0.0000 0.6472
vn 0.7623 -0.0000 0.6472
vn 0.7623 -0.0000 0.6472
vn -0.6473 -0.0000 0.7623
vn -0.6473 -0.0000 0.7623
vn -0.6473 -0.0000 0.7623
vn -0.6473 -0.0000 0.7623
vn -0.7623 0.0000 -0.6472
vn -0.7623 0.0000 -0.6472
vn -0.7623 0.0000 -0.6472
vn -0.7623 0.0000 -0.6472
vn 0.0000 -1.0000 -0.0000
vn 0.0000 -1.0000 -0.0000
vn 0.0000 -1.0000 -0.0000
vn 0.0000 -1.0000 -0.0000
vn 0.0000 1.0000 -0.0000
vn 0.0000 1.0000 -0.0000
vn 0.0000 1.0000 -0.0000
vn 0.0000 1.0000 -0.0000
vn 0.6472 0.0000 -0.7623
vn 0.6472 0.0000 -0.7623
vn 0.6472 0.0000 -0.7623
vn 0.6472 0.0000 -0.7623
vn 0.7623 -0.0000 0.6472
vn 0.7623 -0.0000 0.6472
vn 0.7623 -0.0000 0.6472
vn 0.7623 -0.0000 0.6472
vn -0.6473 -0.0000 0.7623
vn -0.6473 -0.0000 0.7623
vn -0.6473 -0.0000 0.7623
vn -0.6473 -0.0000 0.7623
vn -0.7623 0.0000 -0.6472
vn -0.7623 0.0000 -0.6472
vn -0.7623 0.0000 -0.6472
vn -0.7623 0.0000 -0.6472
vn 0.0000 -1.0000 -0.0000
vn 0.0000 -1.0000 -0.0000
vn 0.0000 -1.0000 -0.0000
vn 0.0000 -1.0000 -0.0000
vn 0.0000 1.0000 -0.0000
vn 0.0000 1.0000 -0.0000
vn 0.0000 1.0000 -0.0000
vn 0.0000 1.0000 -0.0000
vn 0.6472 0.0000 -0.7623
vn 0.6472 0.0000 -0.7623
vn 0.6472 0.0000 -0.7623
vn 0.6472 0.0000 -0.7623
vn 0.7623 -0.0000 0.6472
vn 0.7623 -0.0000 0.6472
vn 0.7623 -0.0000 0.6472
vn 0.7623 -0.0000 0.6472
vn -0.6473 -0.0000 0.7623
vn -0.6473 -0.0000 0.7623
vn -0.6473 -0.0000 0.7623
vn -0.6473 -0.0000 0.7623
vn -0.7623 0.0000 -0.6472
vn -0.7623 0.0000 -0.6472
vn -0.7623 0.0000 -0.6472
vn -0.7623 0.0000 -0.6472
vn 0.0000 -1.0000 -0.0000
vn 0.0000 -1.0000 -0.0000
vn 0.0000 -1.0000 -0.0000
vn 0.0000 -1.0000 -0.0000
vn 0.0000 1.0000 -0.0000
vn 0.0000 1.0000 -0.0000
vn 0.0000 1.0000 -0.0000
vn 0.0000 1.0000 -0.0000
vn 0.6472 0.0000 -0.7623
vn 0.6472 0.0000 -0.7623
vn 0.6472 0.0000 -0.7623
vn 0.6472 0.0000 -0.7623
vn 0.7623 -0.0000 0.6472
vn 0.7623 -0.0000 0.6472
vn 0.7623 -0.0000 0.6472
vn 0.7623 -0.0000 0.6472
vn -0.6473 -0.0000 0.7623
vn -0.6473 -0.0000 0.7623
vn -0.6473 -0.0000 0.7623
vn -0.6473 -0.0000 0.7623
vn -0.7623 0.0000 -0.6472
vn -0.7623 0.0000 -0.6472
vn -0.7623 0.0000 -0.6472
vn -0.7623 0.0000 -0.6472
vn 0.0000 -1.0000 -0.0000
vn 0.0000 -1.0000 -0.0000
vn 0.0000 -1.0000 -0.0000
vn 0.0000 -1.0000 -0.0000
vn 0.0000 1.0000 -0.0000
vn 0.0000 1.0000 -0.0000
vn 0.0000 1.0000 -0.0000
vn 0.0000 1.0000 -0.0000
vn -0.6472 0.0000 -0.7623
vn -0.6472 0.0000 -0.7623
vn -0.6472 0.0000 -0.7623
vn -0.6472 0.0000 -0.7623
vn 0.7623 0.0000 -0.6472
vn 0.7623 0.0000 -0.6472
vn 0.7623 0.0000 -0.6472
vn 0.7623 0.0000 -0.6472
vn 0.6472 -0.0000 0.7623
vn 0.6472 -0.0000 0.7623
vn 0.6472 -0.0000 0.7623
vn 0.6472 -0.0000 0.7623
vn -0.7624 -0.0000 0.6472
vn -0.7624 -0.0000 0.6472
vn -0.7624 -0.0000 0.6472
vn -0.7624 -0.0000 0.6472
vn 0.0000 -1.0000 -0.0000
vn 0.0000 -1.0000 -0.0000
vn 0.0000 -1.0000 -0.0000
vn 0.0000 -1.0000 -0.0000
vn 0.0000 1.0000 -0.0000
vn 0.0000 1.0000 -0.0000
vn 0.0000 1.0000 -0.0000
vn 0.0000 1.0000 -0.0000
vn -0.6472 0.0000 -0.7623
vn -0.6472 0.0000 -0.7623
vn -0.6472 0.0000 -0.7623
vn -0.6472 0.0000 -0.7623
vn 0.7623 0.0000 -0.6472
vn 0.7623 0.0000 -0.6472
vn 0.7623 0.0000 -0.6472
vn 0.7623 0.0000 -0.6472
vn 0.6472 -0.0000 0.7623
vn 0.6472 -0.0000 0.7623
vn 0.6472 -0.0000 0.7623
vn 0.6472 -0.0000 0.7623
vn -0.7624 -0.0000 0.6472
vn -0.7624 -0.0000 0.6472
vn -0.7624 -0.0000 0.6472
vn -0.7624 -0.0000 0.6472
vn 0.0000 -1.0000 -0.0000
vn 0.0000 -1.0000 -0.0000
vn 0.0000 -1.0000 -0.0000
vn 0.0000 -1.0000 -0.0000
vn 0.0000 1.0000 -0.0000
vn 0.0000 1.0000 -0.0000
vn 0.0000 1.0000 -0.0000
vn 0.0000 1.0000 -0.0000
vn -0.6472 0.0000 -0.7623
vn -0.6472 0.0000 -0.7623
vn -0.6472 0.0000 -0.7623
vn -0.6472 0.0000 -0.7623
vn 0.7623 0.0000 -0.6472
vn 0.7623 0.0000 -0.6472
vn 0.7623 0.0000 -0.6472
vn 0.7623 0.0000 -0.6472
vn 0.6472 -0.0000 0.7623
vn 0.6472 -0.0000 0.7623
vn 0.6472 -0.0000 0.7623
vn 0.6472 -0.0000 0.7623
vn -0.7624 -0.0000 0.6472
vn -0.7624 -0.0000 0.6472
vn -0.7624 -0.0000 0.6472
vn -0.7624 -0.0000 0.6472
vn 0.0000 -1.0000 -0.0000
vn 0.0000 -1.0000 -0.0000
vn 0.0000 -1.0000 -0.0000
vn 0.0000 -1.0000 -0.0000
vn 0.0000 1.0000 -0.0000
vn 0.0000 1.0000 -0.0000
vn 0.0000 1.0000 -0.0000
vn 0.0000 1.0000 -0.0000
vn -0.6472 0.0000 -0.7623
vn -0.6472 0.0000 -0.7623
vn -0.6472 0.0000 -0.7623
vn -0.6472 0.0000 -0.7623
vn 0.7623 0.0000 -0.6472
vn 0.7623 0.0000 -0.6472
vn 0.7623 0.0000 -0.6472
vn 0.7623 0.0000 -0.6472
vn 0.6472 -0.0000 0.7623
vn 0.6472 -0.0000 0.7623
vn 0.6472 -0.0000 0.7623
vn 0.6472 -0.0000 0.7623
vn -0.7624 -0.0000 0.6472
vn -0.7624 -0.0000 0.6472
vn -0.7624 -0.0000 0.6472
vn -0.7624 -0.0000 0.6472
vn 0.0000 -1.0000 -0.0000
vn 0.0000 -1.0000 -0.0000
vn 0.0000 -1.0000 -0.0000
vn 0.0000 -1.0000 -0.0000
vn 0.0000 1.0000 -0.0000
vn 0.0000 1.0000 -0.0000
vn 0.0000 1.0000 -0.0000
vn 0.0000 1.0000 -0.0000
vn -0.6472 0.0000 -0.7623
vn -0.6472 0.0000 -0.7623
vn -0.6472 0.0000 -0.7623
vn -0.6472 0.0000 -0.7623
vn 0.7623 0.0000 -0.6472
vn 0.7623 0.0000 -0.6472
vn 0.7623 0.0000 -0.6472
vn 0.7623 0.0000 -0.6472
vn 0.6472 -0.0000 0.7623
vn 0.6472 -0.0000 0.7623
vn 0.6472 -0.0000 0.7623
vn 0.6472 -0.0000 0.7623
vn -0.7624 -0.0000 0.6472
vn -0.7624 -0.0000 0.6472
vn -0.7624 -0.0000 0.6472
vn -0.7624 -0.0000 0.6472
vn 0.0000 -1.0000 -0.0000
vn 0.0000 -1.0000 -0.0000
vn 0.0000 -1.0000 -0.0000
vn 0.0000 -1.0000 -0.0000
vn 0.0000 1.0000 -0.0000
vn 0.0000 1.0000 -0.0000
vn 0.0000 1.0000 -0.0000
vn 0.0000 1.0000 -0.0000
vn -1.0000 0.0000 -0.0000
vn -1.0000 0.0000 -0.0000
vn -1.0000 0.0000 -0.0000
vn -1.0000 0.0000 -0.0000
vn 0.0000 0.0000 -1.0000
vn 0.0000 0.0000 -1.0000
vn 0.0000 0.0000 -1.0000
vn 0.0000 0.0000 -1.0000
vn 1.0000 0.0000 -0.0000
vn 1.0000 0.0000 -0.0000
vn 1.0000 0.0000 -0.0000
vn 1.0000 0.0000 -0.0000
vn -0.0000 -0.0000 1.0000
vn -0.0000 -0.0000 1.0000
vn -0.0000 -0.0000 1.0000
vn -0.0000 -0.0000 1.0000
vn 0.0000 -1.0000 -0.0000
vn 0.0000 -1.0000 -0.0000
vn 0.0000 -1.0000 -0.0000
vn 0.0000 -1.0000 -0.0000
vn 0.0000 1.0000 -0.0000
vn 0.0000 1.0000 -0.0000
vn 0.0000 1.0000 -0.0000
vn 0.0000 1.0000 -0.0000
vn -1.0000 0.0000 -0.0000
vn -1.0000 0.0000 -0.0000
vn -1.0000 0.0000 -0.0000
vn -1.0000 0.0000 -0.0000
vn 0.0000 0.0000 -1.0000
vn 0.0000 0.0000 -1.0000
vn 0.0000 0.0000 -1.0000
vn 0.0000 0.0000 -1.0000
vn 1.0000 0.0000 -0.0000
vn 1.0000 0.0000 -0.0000
vn 1.0000 0.0000 -0.0000
vn 1.0000 0.0000 -0.0000
vn -0.0000 -0.0000 1.0000
vn -0.0000 -0.0000 1.0000
vn -0.0000 -0.0000 1.0000
vn -0.0000 -0.0000 1.0000
vn 0.0000 -1.0000 -0.0000
vn 0.0000 -1.0000 -0.0000
vn 0.0000 -1.0000 -0.0000
vn 0.0000 -1.0000 -0.0000
vn 0.0000 1.0000 -0.0000
vn 0.0000 1.0000 -0.0000
vn 0.0000 1.0000 -0.0000
vn 0.0000 1.0000 -0.0000
vn -1.0000 0.0000 -0.0000
vn -1.0000 0.0000 -0.0000
vn -1.0000 0.0000 -0.0000
vn -1.0000 0.0000 -0.0000
vn 0.0000 0.0000 -1.0000
vn 0.0000 0.0000 -1.0000
vn 0.0000 0.0000 -1.0000
vn 0.0000 0.0000 -1.0000
vn 1.0000 0.0000 -0.0000
vn 1.0000 0.0000 -0.0000
vn 1.0000 0.0000 -0.0000
vn 1.0000 0.0000 -0.0000
vn -0.0000 -0.0000 1.0000
vn -0.0000 -0.0000 1.0000
vn -0.0000 -0.0000 1.0000
vn -0.0000 -0.0000 1.0000
vn 0.0000 -1.0000 -0.0000
vn 0.0000 -1.0000 -0.0000
vn 0.0000 -1.0000 -0.0000
vn 0.0000 -1.0000 -0.0000
vn 0.0000 1.0000 -0.0000
vn 0.0000 1.0000 -0.0000
vn 0.0000 1.0000 -0.0000
vn 0.0000 1.0000 -0.0000
vn -1.0000 0.0000 -0.0000
vn -1.0000 0.0000 -0.0000
vn -1.0000 0.0000 -0.0000
vn -1.0000 0.0000 -0.0000
vn 0.0000 0.0000 -1.0000
vn 0.0000 0.0000 -1.0000
vn 0.0000 0.0000 -1.0000
vn 0.0000 0.0000 -1.0000
vn 1.0000 0.0000 -0.0000
vn 1.0000 0.0000 -0.0000
vn 1.0000 0.0000 -0.0000
vn 1.0000 0.0000 -0.0000
vn -0.0000 -0.0000 1.0000
vn -0.0000 -0.0000 1.0000
vn -0.0000 -0.0000 1.0000
vn -0.0000 -0.0000 1.0000
vn 0.0000 -1.0000 -0.0000
vn 0.0000 -1.0000 -0.0000
vn 0.0000 -1.0000 -0.0000
vn 0.0000 -1.0000 -0.0000
vn 0.0000 1.0000 -0.0000
vn 0.0000 1.0000 -0.0000
vn 0.0000 1.0000 -0.0000
vn 0.0000 1.0000 -0.0000
vn -1.0000 0.0000 -0.0000
vn -1.0000 0.0000 -0.0000
vn -1.0000 0.0000 -0.0000
vn -1.0000 0.0000 -0.0000
vn 0.0000 0.0000 -1.0000
vn 0.0000 0.0000 -1.0000
vn 0.0000 0.0000 -1.0000
vn 0.0000 0.0000 -1.0000
vn 1.0000 0.0000 -0.0000
vn 1.0000 0.0000 -0.0000
vn 1.0000 0.0000 -0.0000
vn 1.0000 0.0000 -0.0000
vn -0.0000 -0.0000 1.0000
vn -0.0000 -0.0000 1.0000
vn -0.0000 -0.0000 1.0000
vn -0.0000 -0.0000 1.0000
vn 0.0000 -1.0000 -0.0000
vn 0.0000 -1.0000 -0.0000
vn 0.0000 -1.0000 -0.0000
vn 0.0000 -1.0000 -0.0000
vn 0.0000 1.0000 -0.0000
vn 0.0000 1.0000 -0.0000
vn 0.0000 1.0000 -0.0000
vn 0.0000 1.0000 -0.0000
vn -1.0000 0.0000 -0.0000
vn -1.0000 0.0000 -0.0000
vn -1.0000 0.0000 -0.0000
vn -1.0000 0.0000 -0.0000
vn 0.0000 0.0000 -1.0000
vn 0.0000 0.0000 -1.0000
vn 0.0000 0.0000 -1.0000
vn 0.0000 0.0000 -1.0000
vn 1.0000 0.0000 -0.0000
vn 1.0000 0.0000 -0.0000
vn 1.0000 0.0000 -0.0000
vn 1.0000 0.0000 -0.0000
vn -0.0000 -0.0000 1.0000
vn -0.0000 -0.0000 1.0000
vn -0.0000 -0.0000 1.0000
vn -0.0000 -0.0000 1.0000
vn 0.0000 -1.0000 -0.0000
vn 0.0000 -1.0000 -0.0000
vn 0.0000 -1.0000 -0.0000
vn 0.0000 -1.0000 -0.0000
vn 0.0000 1.0000 -0.0000
vn 0.0000 1.0000 -0.0000
vn 0.0000 1.0000 -0.0000
vn 0.0000 1.0000 -0.0000
vn -0.6473 -0.0000 0.7623
vn -0.6473 -0.0000 0.7623
vn -0.6473 -0.0000 0.7623
vn -0.6473 -0.0000 0.7623
vn -0.7623 0.0000 -0.6472
vn -0.7623 0.0000 -0.6472
vn -0.7623 0.0000 -0.6472
vn -0.7623 0.0000 -0.6472
vn 0.6472 0.0000 -0.7623
vn 0.6472 0.0000 -0.7623
vn 0.6472 0.0000 -0.7623
vn 0.6472 0.0000 -0.7623
vn 0.7623 -0.0000 0.6472
vn 0.7623 -0.0000 0.6472
vn 0.7623 -0.0000 0.6472
vn 0.7623 -0.0000 0.6472
vn 0.0000 -1.0000 -0.0000
vn 0.0000 -1.0000 -0.0000
vn 0.0000 -1.0000 -0.0000
vn 0.0000 -1.0000 -0.0000
vn 0.0000 1.0000 -0.0000
vn 0.0000 1.0000 -0.0000
vn 0.0000 1.0000 -0.0000
vn 0.0000 1.0000 -0.0000
vn -0.6473 -0.0000 0.7623
vn -0.6473 -0.0000 0.7623
vn -0.6473 -0.0000 0.7623
vn -0.6473 -0.0000 0.7623
vn -0.7623 0.0000 -0.6472
vn -0.7623 0.0000 -0.6472
vn -0.7623 0.0000 -0.6472
vn -0.7623 0.0000 -0.6472
vn 0.6472 0.0000 -0.7623
vn 0.6472 0.0000 -0.7623
vn 0.6472 0.0000 -0.7623
vn 0.6472 0.0000 -0.7623
vn 0.7623 -0.0000 0.6472
vn 0.7623 -0.0000 0.6472
vn 0.7623 -0.0000 0.6472
vn 0.7623 -0.0000 0.6472
vn 0.0000 -1.0000 -0.0000
vn 0.0000 -1.0000 -0.0000
vn 0.0000 -1.0000 -0.0000
vn 0.0000 -1.0000 -0.0000
vn 0.0000 1.0000 -0.0000
vn 0.0000 1.0000 -0.0000
vn 0.0000 1.0000 -0.0000
vn 0.0000 1.0000 -0.0000
vn -0.6473 -0.0000 0.7623
vn -0.6473 -0.0000 0.7623
vn -0.6473 -0.0000 0.7623
vn -0.6473 -0.0000 0.7623
vn -0.7623 0.0000 -0.6472
vn -0.7623 0.0000 -0.6472
vn -0.7623 0.0000 -0.6472
vn -0.7623 0.0000 -0.6472
vn 0.6472 0.0000 -0.7623
vn 0.6472 0.0000 -0.7623
vn 0.6472 0.0000 -0.7623
vn 0.6472 0.0000 -0.7623
vn 0.7623 -0.0000 0.6472
vn 0.7623 -0.0000 0.6472
vn 0.7623 -0.0000 0.6472
vn 0.7623 -0.0000 0.6472
vn 0.0000 -1.0000 -0.0000
vn 0.0000 -1.0000 -0.0000
vn 0.0000 -1.0000 -0.0000
vn 0.0000 -1.0000 -0.0000
vn 0.0000 1.0000 -0.0000
vn 0.0000 1.0000 -0.0000
vn 0.0000 1.0000 -0.0000
vn 0.0000 1.0000 -0.0000
vn -0.6473 -0.0000 0.7623
vn -0.6473 -0.0000 0.7623
vn -0.6473 -0.0000 0.7623
vn -0.6473 -0.0000 0.7623
vn -0.7623 0.0000 -0.6472
vn -0.7623 0.0000 -0.6472
vn -0.7623 0.0000 -0.6472
vn -0.7623 0.0000 -0.6472
vn 0.6472 0.0000 -0.7623
vn 0.6472 0.0000 -0.7623
vn 0.6472 0.0000 -0.7623
vn 0.6472 0.0000 -0.7623
vn 0.7623 -0.0000 0.6472
vn 0.7623 -0.0000 0.6472
vn 0.7623 -0.0000 0.6472
vn 0.7623 -0.0000 0.6472
vn 0.0000 -1.0000 -0.0000
vn 0.0000 -1.0000 -0.0000
vn 0.0000 -1.0000 -0.0000
vn 0.0000 -1.0000 -0.0000
vn 0.0000 1.0000 -0.0000
vn 0.0000 1.0000 -0.0000
vn 0.0000 1.0000 -0.0000
vn 0.0000 1.0000 -0.0000
vn -0.6473 -0.0000 0.7623
vn -0.6473 -0.0000 0.7623
vn -0.6473 -0.0000 0.7623
vn -0.6473 -0.0000 0.7623
vn -0.7623 0.0000 -0.6472
vn -0.7623 0.0000 -0.6472
vn -0.7623 0.0000 -0.6472
vn -0.7623 0.0000 -0.6472
vn 0.6472 0.0000 -0.7623
vn 0.6472 0.0000 -0.7623
vn 0.6472 0.0000 -0.7623
vn 0.6472 0.0000 -0.7623
vn 0.7623 -0.0000 0.6472
vn 0.7623 -0.0000 0.6472
vn 0.7623 -0.0000 0.6472
vn 0.7623 -0.0000 0.6472
vn 0.0000 -1.0000 -0.0000
vn 0.0000 -1.0000 -0.0000
vn 0.0000 -1.0000 -0.0000
vn 0.0000 -1.0000 -0.0000
vn 0.0000 1.0000 -0.0000
vn 0.0000 1.0000 -0.0000
vn 0.0000 1.0000 -0.0000
vn 0.0000 1.0000 -0.0000
vn -0.6840 0.6133 -0.3950
vn -0.6840 0.6133 -0.3950
vn -0.6840 0.6133 -0.3950
vn 0.3949 -0.6134 0.6840
vn 0.3949 -0.6134 0.6840
vn -0.2588 0.0000 -0.9659
vn -0.2588 0.0000 -0.9659
vn -0.2588 0.0000 -0.9659
vn -0.2588 0.0000 -0.9659
vn -0.3949 -0.6133 -0.6841
vn -0.3949 -0.6133 -0.6841
vn 0.6840 0.6133 0.3950
vn 0.6840 0.6133 0.3950
vn 0.6840 0.6133 0.3950
vn 0.9659 0.0000 -0.2588
vn 0.9659 0.0000 -0.2588
vn -0.7899 0.6132 -0.0000
vn -0.7899 0.6132 -0.0000
vn -0.7899 0.6132 -0.0000
vn 0.6840 -0.6134 0.3949
vn 0.6840 -0.6134 0.3949
vn 0.6840 -0.6134 0.3949
vn 0.9659 -0.0000 0.2588
vn 0.9659 -0.0000 0.2588
vn 0.9659 -0.0000 0.2588
vn 0.9659 -0.0000 0.2588
vn -0.7899 -0.6133 -0.0001
vn -0.7899 -0.6133 -0.0001
vn -0.7899 -0.6133 -0.0001
vn 0.7899 0.6133 0.0000
vn 0.7899 0.6133 0.0000
vn 0.7899 0.6133 0.0000
vn 0.7071 -0.0000 0.7071
vn 0.7071 -0.0000 0.7071
vn 0.7071 -0.0000 0.7071
vn 0.7071 -0.0000 0.7071
vn -0.6840 0.6133 0.3949
vn -0.6840 0.6133 0.3949
vn -0.6840 0.6133 0.3949
vn 0.7899 -0.6133 -0.0000
vn 0.7899 -0.6133 -0.0000
vn 0.7899 -0.6133 -0.0000
vn 0.2588 -0.0000 0.9659
vn 0.2588 -0.0000 0.9659
vn 0.2588 -0.0000 0.9659
vn 0.2588 -0.0000 0.9659
vn -0.6840 -0.6133 0.3948
vn -0.6840 -0.6133 0.3948
vn -0.6840 -0.6133 0.3948
vn 0.6840 0.6133 -0.3949
vn 0.6840 0.6133 -0.3949
vn 0.6840 0.6133 -0.3949
vn -0.2588 -0.0000 0.9659
vn -0.2588 -0.0000 0.9659
vn -0.2588 -0.0000 0.9659
vn -0.2588 -0.0000 0.9659
vn -0.3950 0.6133 0.6840
vn -0.3950 0.6133 0.6840
vn 0.6840 -0.6133 -0.3950
vn 0.6840 -0.6133 -0.3950
vn 0.6840 -0.6133 -0.3950
vn -0.7071 -0.0000 0.7071
vn -0.7071 -0.0000 0.7071
vn -0.7071 -0.0000 0.7071
vn -0.7071 -0.0000 0.7071
vn -0.3950 -0.6134 0.6840
vn -0.3950 -0.6134 0.6840
vn 0.3949 0.6133 -0.6840
vn 0.3949 0.6133 -0.6840
vn -0.9659 -0.0000 0.2588
vn -0.9659 -0.0000 0.2588
vn -0.9659 -0.0000 0.2588
vn -0.9659 -0.0000 0.2588
vn -0.0000 0.6133 0.7899
vn -0.0000 0.6133 0.7899
vn -0.0000 0.6133 0.7899
vn 0.3949 -0.6133 -0.6840
vn 0.3949 -0.6133 -0.6840
vn -0.9659 0.0000 -0.2588
vn -0.9659 0.0000 -0.2588
vn -0.0000 -0.6133 0.7898
vn -0.0000 -0.6133 0.7898
vn -0.0000 -0.6133 0.7898
vn 0.0000 0.6133 -0.7899
vn 0.0000 0.6133 -0.7899
vn 0.0000 0.6133 -0.7899
vn -0.7071 0.0000 -0.7071
vn -0.7071 0.0000 -0.7071
vn -0.7071 0.0000 -0.7071
vn -0.7071 0.0000 -0.7071
vn 0.7071 0.0000 -0.7071
vn 0.7071 0.0000 -0.7071
vn 0.7071 0.0000 -0.7071
vn 0.7071 0.0000 -0.7071
vn 0.0000 -0.6133 -0.7899
vn 0.0000 -0.6133 -0.7899
vn 0.0000 -0.6133 -0.7899
vn -0.6840 -0.6133 -0.3950
vn -0.6840 -0.6133 -0.3950
vn -0.6840 -0.6133 -0.3950
vn 0.3949 0.6133 0.6840
vn 0.3949 0.6133 0.6840
vn 0.0000 1.0000 -0.0000
vn 0.0000 1.0000 -0.0000
vn 0.2588 0.0000 -0.9659
vn 0.2588 0.0000 -0.9659
vn 0.2588 0.0000 -0.9659
vn 0.2588 0.0000 -0.9659
vn -0.3949 0.6133 -0.6841
vn -0.3949 0.6133 -0.6841
vn 0.1830 -0.7071 -0.6830
vn 0.1830 -0.7071 -0.6830
vn 0.1830 -0.7071 -0.6830
vn 0.1830 0.7071 -0.6830
vn 0.1830 0.7071 -0.6830
vn 0.1830 0.7071 -0.6830
vn 0.0000 0.0000 -1.0000
vn 0.0000 0.0000 -1.0000
vn 0.0000 0.0000 -1.0000
vn 0.0000 0.0000 -1.0000
vn 0.5000 0.0000 -0.8660
vn 0.5000 0.0000 -0.8660
vn 0.5000 -0.7071 -0.5000
vn 0.5000 -0.7071 -0.5000
vn 0.5000 0.7071 -0.5000
vn 0.5000 0.7071 -0.5000
vn 0.8660 0.0000 -0.5000
vn 0.8660 0.0000 -0.5000
vn 1.0000 0.0000 -0.0000
vn 1.0000 0.0000 -0.0000
vn 1.0000 0.0000 -0.0000
vn 1.0000 0.0000 -0.0000
vn 0.6830 -0.7071 0.1830
vn 0.6830 0.7071 0.1830
vn 0.8660 -0.0000 0.5000
vn 0.8660 -0.0000 0.5000
vn 0.5000 -0.7071 0.5000
vn 0.5000 -0.7071 0.5000
vn 0.5000 0.7071 0.5001
vn 0.5000 0.7071 0.5001
vn 0.5000 -0.0000 0.8660
vn 0.5000 -0.0000 0.8660
vn 0.1830 -0.7071 0.6830
vn 0.1830 -0.7071 0.6830
vn 0.1830 -0.7071 0.6830
vn 0.1830 0.7071 0.6830
vn 0.1830 0.7071 0.6830
vn 0.1830 0.7071 0.6830
vn -0.0000 -0.0000 1.0000
vn -0.0000 -0.0000 1.0000
vn -0.0000 -0.0000 1.0000
vn -0.0000 -0.0000 1.0000
vn -0.1830 -0.7072 0.6830
vn -0.1830 -0.7072 0.6830
vn -0.1830 -0.7072 0.6830
vn -0.1830 0.7071 0.6830
vn -0.1830 0.7071 0.6830
vn -0.1830 0.7071 0.6830
vn -0.5000 -0.0000 0.8660
vn -0.5000 -0.0000 0.8660
vn -0.5000 -0.7071 0.5000
vn -0.5000 -0.7071 0.5000
vn -0.5000 0.7071 0.5000
vn -0.5000 0.7071 0.5000
vn -0.8661 -0.0000 0.4999
vn -0.8661 -0.0000 0.4999
vn -0.6830 -0.7071 0.1829
vn -0.6830 0.7071 0.1830
vn -1.0000 0.0000 -0.0000
vn -1.0000 0.0000 -0.0000
vn -1.0000 0.0000 -0.0000
vn -1.0000 0.0000 -0.0000
vn -0.8660 0.0000 -0.5000
vn -0.8660 0.0000 -0.5000
vn -0.5000 -0.7071 -0.5001
vn -0.5000 -0.7071 -0.5001
vn -0.5000 0.7071 -0.5000
vn -0.5000 0.7071 -0.5000
vn -0.5000 0.0000 -0.8660
vn -0.5000 0.0000 -0.8660
vn -0.1830 -0.7071 -0.6831
vn -0.1830 -0.7071 -0.6831
vn -0.1830 -0.7071 -0.6831
vn -0.1830 0.7071 -0.6830
vn -0.1830 0.7071 -0.6830
vn -0.1830 0.7071 -0.6830
vn 0.0000 -1.0000 -0.0000
vn 0.0000 -1.0000 -0.0000
vn 0.2588 0.0000 -0.9659
vn 0.2588 0.0000 -0.9659
vn 0.2588 0.0000 -0.9659
vn 0.2588 0.0000 -0.9659
vn 0.7071 0.0000 -0.7071
vn 0.7071 0.0000 -0.7071
vn 0.7071 0.0000 -0.7071
vn 0.7071 0.0000 -0.7071
vn 0.9659 0.0000 -0.2588
vn 0.9659 0.0000 -0.2588
vn 0.9659 0.0000 -0.2588
vn 0.9659 0.0000 -0.2588
vn 0.9659 -0.0000 0.2588
vn 0.9659 -0.0000 0.2588
vn 0.9659 -0.0000 0.2588
vn 0.9659 -0.0000 0.2588
vn 0.7071 -0.0000 0.7071
vn 0.7071 -0.0000 0.7071
vn 0.7071 -0.0000 0.7071
vn 0.7071 -0.0000 0.7071
vn 0.2588 -0.0000 0.9659
vn 0.2588 -0.0000 0.9659
vn 0.2588 -0.0000 0.9659
vn 0.2588 -0.0000 0.9659
vn -0.2588 -0.0000 0.9659
vn -0.2588 -0.0000 0.9659
vn -0.2588 -0.0000 0.9659
vn -0.2588 -0.0000 0.9659
vn -0.7071 -0.0000 0.7071
vn -0.7071 -0.0000 0.7071
vn -0.7071 -0.0000 0.7071
vn -0.7071 -0.0000 0.7071
vn -0.9659 -0.0000 0.2588
vn -0.9659 -0.0000 0.2588
vn -0.9659 -0.0000 0.2588
vn -0.9659 -0.0000 0.2588
vn -0.9659 0.0000 -0.2588
vn -0.9659 0.0000 -0.2588
vn -0.9659 0.0000 -0.2588
vn -0.9659 0.0000 -0.2588
vn 0.0000 1.0000 -0.0000
vn 0.0000 1.0000 -0.0000
vn 0.0000 1.0000 -0.0000
vn 0.0000 1.0000 -0.0000
vn 0.0000 1.0000 -0.0000
vn 0.0000 1.0000 -0.0000
vn 0.0000 1.0000 -0.0000
vn 0.0000 1.0000 -0.0000
vn 0.0000 1.0000 -0.0000
vn 0.0000 1.0000 -0.0000
vn 0.0000 1.0000 -0.0000
vn 0.0000 1.0000 -0.0000
vn -0.7071 0.0000 -0.7071
vn -0.7071 0.0000 -0.7071
vn -0.7071 0.0000 -0.7071
vn -0.7071 0.0000 -0.7071
vn -0.2588 0.0000 -0.9659
vn -0.2588 0.0000 -0.9659
vn -0.2588 0.0000 -0.9659
vn -0.2588 0.0000 -0.9659
vn 0.0000 -1.0000 -0.0000
vn 0.0000 -1.0000 -0.0000
vn 0.0000 -1.0000 -0.0000
vn 0.0000 -1.0000 -0.0000
vn 0.0000 -1.0000 -0.0000
vn 0.0000 -1.0000 -0.0000
vn 0.0000 -1.0000 -0.0000
vn 0.0000 -1.0000 -0.0000
vn 0.0000 -1.0000 -0.0000
vn 0.0000 -1.0000 -0.0000
vn 0.0000 -1.0000 -0.0000
vn 0.0000 -1.0000 -0.0000
vn -0.6840 0.6133 -0.3950
vn -0.6840 0.6133 -0.3950
vn -0.6840 0.6133 -0.3950
vn 0.3949 -0.6134 0.6840
vn 0.3949 -0.6134 0.6840
vn -0.2588 0.0000 -0.9659
vn -0.2588 0.0000 -0.9659
vn -0.2588 0.0000 -0.9659
vn -0.2588 0.0000 -0.9659
vn -0.3949 -0.6133 -0.6841
vn -0.3949 -0.6133 -0.6841
vn 0.6840 0.6133 0.3950
vn 0.6840 0.6133 0.3950
vn 0.6840 0.6133 0.3950
vn 0.9659 0.0000 -0.2588
vn 0.9659 0.0000 -0.2588
vn -0.7899 0.6132 -0.0000
vn -0.7899 0.6132 -0.0000
vn -0.7899 0.6132 -0.0000
vn 0.6840 -0.6134 0.3949
vn 0.6840 -0.6134 0.3949
vn 0.6840 -0.6134 0.3949
vn 0.9659 -0.0000 0.2588
vn 0.9659 -0.0000 0.2588
vn 0.9659 -0.0000 0.2588
vn 0.9659 -0.0000 0.2588
vn -0.7899 -0.6133 -0.0001
vn -0.7899 -0.6133 -0.0001
vn -0.7899 -0.6133 -0.0001
vn 0.7899 0.6133 0.0000
vn 0.7899 0.6133 0.0000
vn 0.7899 0.6133 0.0000
vn 0.7071 -0.0000 0.7071
vn 0.7071 -0.0000 0.7071
vn 0.7071 -0.0000 0.7071
vn 0.7071 -0.0000 0.7071
vn -0.6840 0.6133 0.3949
vn -0.6840 0.6133 0.3949
vn -0.6840 0.6133 0.3949
vn 0.7899 -0.6133 -0.0000
vn 0.7899 -0.6133 -0.0000
vn 0.7899 -0.6133 -0.0000
vn 0.2588 -0.0000 0.9659
vn 0.2588 -0.0000 0.9659
vn 0.2588 -0.0000 0.9659
vn 0.2588 -0.0000 0.9659
vn -0.6840 -0.6133 0.3948
vn -0.6840 -0.6133 0.3948
vn -0.6840 -0.6133 0.3948
vn 0.6840 0.6133 -0.3949
vn 0.6840 0.6133 -0.3949
vn 0.6840 0.6133 -0.3949
vn -0.2588 -0.0000 0.9659
vn -0.2588 -0.0000 0.9659
vn -0.2588 -0.0000 0.9659
vn -0.2588 -0.0000 0.9659
vn -0.3950 0.6133 0.6840
vn -0.3950 0.6133 0.6840
vn 0.6840 -0.6133 -0.3950
vn 0.6840 -0.6133 -0.3950
vn 0.6840 -0.6133 -0.3950
vn -0.7071 -0.0000 0.7071
vn -0.7071 -0.0000 0.7071
vn -0.7071 -0.0000 0.7071
vn -0.7071 -0.0000 0.7071
vn -0.3950 -0.6134 0.6840
vn -0.3950 -0.6134 0.6840
vn 0.3949 0.6133 -0.6840
vn 0.3949 0.6133 -0.6840
vn -0.9659 -0.0000 0.2588
vn -0.9659 -0.0000 0.2588
vn -0.9659 -0.0000 0.2588
vn -0.9659 -0.0000 0.2588
vn -0.0000 0.6133 0.7899
vn -0.0000 0.6133 0.7899
vn -0.0000 0.6133 0.7899
vn 0.3949 -0.6133 -0.6840
vn 0.3949 -0.6133 -0.6840
vn -0.9659 0.0000 -0.2588
vn -0.9659 0.0000 -0.2588
vn -0.0000 -0.6133 0.7898
vn -0.0000 -0.6133 0.7898
vn -0.0000 -0.6133 0.7898
vn 0.0000 0.6133 -0.7899
vn 0.0000 0.6133 -0.7899
vn 0.0000 0.6133 -0.7899
vn -0.7071 0.0000 -0.7071
vn -0.7071 0.0000 -0.7071
vn -0.7071 0.0000 -0.7071
vn -0.7071 0.0000 -0.7071
vn 0.7071 0.0000 -0.7071
vn 0.7071 0.0000 -0.7071
vn 0.7071 0.0000 -0.7071
vn 0.7071 0.0000 -0.7071
vn 0.0000 -0.6133 -0.7899
vn 0.0000 -0.6133 -0.7899
vn 0.0000 -0.6133 -0.7899
vn -0.6840 -0.6133 -0.3950
vn -0.6840 -0.6133 -0.3950
vn -0.6840 -0.6133 -0.3950
vn 0.3949 0.6133 0.6840
vn 0.3949 0.6133 0.6840
vn 0.0000 1.0000 -0.0000
vn 0.0000 1.0000 -0.0000
vn 0.2588 0.0000 -0.9659
vn 0.2588 0.0000 -0.9659
vn 0.2588 0.0000 -0.9659
vn 0.2588 0.0000 -0.9659
vn -0.3949 0.6133 -0.6841
vn -0.3949 0.6133 -0.6841
vn 0.1830 -0.7071 -0.6830
vn 0.1830 -0.7071 -0.6830
vn 0.1830 -0.7071 -0.6830
vn 0.1830 0.7071 -0.6830
vn 0.1830 0.7071 -0.6830
vn 0.1830 0.7071 -0.6830
vn 0.0000 0.0000 -1.0000
vn 0.0000 0.0000 -1.0000
vn 0.0000 0.0000 -1.0000
vn 0.0000 0.0000 -1.0000
vn 0.5000 0.0000 -0.8660
vn 0.5000 0.0000 -0.8660
vn 0.5000 -0.7071 -0.5000
vn 0.5000 -0.7071 -0.5000
vn 0.5000 0.7071 -0.5000
vn 0.5000 0.7071 -0.5000
vn 0.8660 0.0000 -0.5000
vn 0.8660 0.0000 -0.5000
vn 1.0000 0.0000 -0.0000
vn 1.0000 0.0000 -0.0000
vn 1.0000 0.0000 -0.0000
vn 1.0000 0.0000 -0.0000
vn 0.6830 -0.7071 0.1830
vn 0.6830 0.7071 0.1830
vn 0.8660 -0.0000 0.5000
vn 0.8660 -0.0000 0.5000
vn 0.5000 -0.7071 0.5000
vn 0.5000 -0.7071 0.5000
vn 0.5000 0.7071 0.5001
vn 0.5000 0.7071 0.5001
vn 0.5000 -0.0000 0.8660
vn 0.5000 -0.0000 0.8660
vn 0.1830 -0.7071 0.6830
vn 0.1830 -0.7071 0.6830
vn 0.1830 -0.7071 0.6830
vn 0.1830 0.7071 0.6830
vn 0.1830 0.7071 0.6830
vn 0.1830 0.7071 0.6830
vn -0.0000 -0.0000 1.0000
vn -0.0000 -0.0000 1.0000
vn -0.0000 -0.0000 1.0000
vn -0.0000 -0.0000 1.0000
vn -0.1830 -0.7072 0.6830
vn -0.1830 -0.7072 0.6830
vn -0.1830 -0.7072 0.6830
vn -0.1830 0.7071 0.6830
vn -0.1830 0.7071 0.6830
vn -0.1830 0.7071 0.6830
vn -0.5000 -0.0000 0.8660
vn -0.5000 -0.0000 0.8660
vn -0.5000 -0.7071 0.5000
vn -0.5000 -0.7071 0.5000
vn -0.5000 0.7071 0.5000
vn -0.5000 0.7071 0.5000
vn -0.8661 -0.0000 0.4999
vn -0.8661 -0.0000 0.4999
vn -0.6830 -0.7071 0.1829
vn -0.6830 0.7071 0.1830
vn -1.0000 0.0000 -0.0000
vn -1.0000 0.0000 -0.0000
vn -1.0000 0.0000 -0.0000
vn -1.0000 0.0000 -0.0000
vn -0.8660 0.0000 -0.5000
vn -0.8660 0.0000 -0.5000
vn -0.5000 -0.7071 -0.5001
vn -0.5000 -0.7071 -0.5001
vn -0.5000 0.7071 -0.5000
vn -0.5000 0.7071 -0.5000
vn -0.5000 0.0000 -0.8660
vn -0.5000 0.0000 -0.8660
vn -0.1830 -0.7071 -0.6831
vn -0.1830 -0.7071 -0.6831
vn -0.1830 -0.7071 -0.6831
vn -0.1830 0.7071 -0.6830
vn -0.1830 0.7071 -0.6830
vn -0.1830 0.7071 -0.6830
vn 0.0000 -1.0000 -0.0000
vn 0.0000 -1.0000 -0.0000
vn 0.2588 0.0000 -0.9659
vn 0.2588 0.0000 -0.9659
vn 0.2588 0.0000 -0.9659
vn 0.2588 0.0000 -0.9659
vn 0.7071 0.0000 -0.7071
vn 0.7071 0.0000 -0.7071
vn 0.7071 0.0000 -0.7071
vn 0.7071 0.0000 -0.7071
vn 0.9659 0.0000 -0.2588
vn 0.9659 0.0000 -0.2588
vn 0.9659 0.0000 -0.2588
vn 0.9659 0.0000 -0.2588
vn 0.9659 -0.0000 0.2588
vn 0.9659 -0.0000 0.2588
vn 0.9659 -0.0000 0.2588
vn 0.9659 -0.0000 0.2588
vn 0.7071 -0.0000 0.7071
vn 0.7071 -0.0000 0.7071
vn 0.7071 -0.0000 0.7071
vn 0.7071 -0.0000 0.7071
vn 0.2588 -0.0000 0.9659
vn 0.2588 -0.0000 0.9659
vn 0.2588 -0.0000 0.9659
vn 0.2588 -0.0000 0.9659
vn -0.2588 -0.0000 0.9659
vn -0.2588 -0.0000 0.9659
vn -0.2588 -0.0000 0.9659
vn -0.2588 -0.0000 0.9659
vn -0.7071 -0.0000 0.7071
vn -0.7071 -0.0000 0.7071
vn -0.7071 -0.0000 0.7071
vn -0.7071 -0.0000 0.7071
vn -0.9659 -0.0000 0.2588
vn -0.9659 -0.0000 0.2588
vn -0.9659 -0.0000 0.2588
vn -0.9659 -0.0000 0.2588
vn -0.9659 0.0000 -0.2588
vn -0.9659 0.0000 -0.2588
vn -0.9659 0.0000 -0.2588
vn -0.9659 0.0000 -0.2588
vn 0.0000 1.0000 -0.0000
vn 0.0000 1.0000 -0.0000
vn 0.0000 1.0000 -0.0000
vn 0.0000 1.0000 -0.0000
vn 0.0000 1.0000 -0.0000
vn 0.0000 1.0000 -0.0000
vn 0.0000 1.0000 -0.0000
vn 0.0000 1.0000 -0.0000
vn 0.0000 1.0000 -0.0000
vn 0.0000 1.0000 -0.0000
vn 0.0000 1.0000 -0.0000
vn 0.0000 1.0000 -0.0000
vn -0.7071 0.0000 -0.7071
vn -0.7071 0.0000 -0.7071
vn -0.7071 0.0000 -0.7071
vn -0.7071 0.0000 -0.7071
vn -0.2588 0.0000 -0.9659
vn -0.2588 0.0000 -0.9659
vn -0.2588 0.0000 -0.9659
vn -0.2588 0.0000 -0.9659
vn 0.0000 -1.0000 -0.0000
vn 0.0000 -1.0000 -0.0000
vn 0.0000 -1.0000 -0.0000
vn 0.0000 -1.0000 -0.0000
vn 0.0000 -1.0000 -0.0000
vn 0.0000 -1.0000 -0.0000
vn 0.0000 -1.0000 -0.0000
vn 0.0000 -1.0000 -0.0000
vn 0.0000 -1.0000 -0.0000
vn 0.0000 -1.0000 -0.0000
vn 0.0000 -1.0000 -0.0000
vn 0.0000 -1.0000 -0.0000
vn -0.6840 0.6133 -0.3950
vn -0.6840 0.6133 -0.3950
vn -0.6840 0.6133 -0.3950
vn 0.3949 -0.6134 0.6840
vn 0.3949 -0.6134 0.6840
vn -0.2588 0.0000 -0.9659
vn -0.2588 0.0000 -0.9659
vn -0.2588 0.0000 -0.9659
vn -0.2588 0.0000 -0.9659
vn -0.3949 -0.6133 -0.6841
vn -0.3949 -0.6133 -0.6841
vn 0.6840 0.6133 0.3950
vn 0.6840 0.6133 0.3950
vn 0.6840 0.6133 0.3950
vn 0.9659 0.0000 -0.2588
vn 0.9659 0.0000 -0.2588
vn -0.7899 0.6132 -0.0000
vn -0.7899 0.6132 -0.0000
vn -0.7899 0.6132 -0.0000
vn 0.6840 -0.6134 0.3949
vn 0.6840 -0.6134 0.3949
vn 0.6840 -0.6134 0.3949
vn 0.9659 -0.0000 0.2588
vn 0.9659 -0.0000 0.2588
vn 0.9659 -0.0000 0.2588
vn 0.9659 -0.0000 0.2588
vn -0.7899 -0.6133 -0.0001
vn -0.7899 -0.6133 -0.0001
vn -0.7899 -0.6133 -0.0001
vn 0.7899 0.6133 0.0000
vn 0.7899 0.6133 0.0000
vn 0.7899 0.6133 0.0000
vn 0.7071 -0.0000 0.7071
vn 0.7071 -0.0000 0.7071
vn 0.7071 -0.0000 0.7071
vn 0.7071 -0.0000 0.7071
vn -0.6840 0.6133 0.3949
vn -0.6840 0.6133 0.3949
vn -0.6840 0.6133 0.3949
vn 0.7899 -0.6133 -0.0000
vn 0.7899 -0.6133 -0.0000
vn 0.7899 -0.6133 -0.0000
vn 0.2588 -0.0000 0.9659
vn 0.2588 -0.0000 0.9659
vn 0.2588 -0.0000 0.9659
vn 0.2588 -0.0000 0.9659
vn -0.6840 -0.6133 0.3948
vn -0.6840 -0.6133 0.3948
vn -0.6840 -0.6133 0.3948
vn 0.6840 0.6133 -0.3949
vn 0.6840 0.6133 -0.3949
vn 0.6840 0.6133 -0.3949
vn -0.2588 -0.0000 0.9659
vn -0.2588 -0.0000 0.9659
vn -0.2588 -0.0000 0.9659
vn -0.2588 -0.0000 0.9659
vn -0.3950 0.6133 0.6840
vn -0.3950 0.6133 0.6840
vn 0.6840 -0.6133 -0.3950
vn 0.6840 -0.6133 -0.3950
vn 0.6840 -0.6133 -0.3950
vn -0.7071 -0.0000 0.7071
vn -0.7071 -0.0000 0.7071
vn -0.7071 -0.0000 0.7071
vn -0.7071 -0.0000 0.7071
vn -0.3950 -0.6134 0.6840
vn -0.3950 -0.6134 0.6840
vn 0.3949 0.6133 -0.6840
vn 0.3949 0.6133 -0.6840
vn -0.9659 -0.0000 0.2588
vn -0.9659 -0.0000 0.2588
vn -0.9659 -0.0000 0.2588
vn -0.9659 -0.0000 0.2588
vn -0.0000 0.6133 0.7899
vn -0.0000 0.6133 0.7899
vn -0.0000 0.6133 0.7899
vn 0.3949 -0.6133 -0.6840
vn 0.3949 -0.6133 -0.6840
vn -0.9659 0.0000 -0.2588
vn -0.9659 0.0000 -0.2588
vn -0.0000 -0.6133 0.7898
vn -0.0000 -0.6133 0.7898
vn -0.0000 -0.6133 0.7898
vn 0.0000 0.6133 -0.7899
vn 0.0000 0.6133 -0.7899
vn 0.0000 0.6133 -0.7899
vn -0.7071 0.0000 -0.7071
vn -0.7071 0.0000 -0.7071
vn -0.7071 0.0000 -0.7071
vn -0.7071 0.0000 -0.7071
vn 0.7071 0.0000 -0.7071
vn 0.7071 0.0000 -0.7071
vn 0.7071 0.0000 -0.7071
vn 0.7071 0.0000 -0.7071
vn 0.0000 -0.6133 -0.7899
vn 0.0000 -0.6133 -0.7899
vn 0.0000 -0.6133 -0.7899
vn -0.6840 -0.6133 -0.3950
vn -0.6840 -0.6133 -0.3950
vn -0.6840 -0.6133 -0.3950
vn 0.3949 0.6133 0.6840
vn 0.3949 0.6133 0.6840
vn 0.0000 1.0000 -0.0000
vn 0.0000 1.0000 -0.0000
vn 0.2588 0.0000 -0.9659
vn 0.2588 0.0000 -0.9659
vn 0.2588 0.0000 -0.9659
vn 0.2588 0.0000 -0.9659
vn -0.3949 0.6133 -0.6841
vn -0.3949 0.6133 -0.6841
vn 0.1830 -0.7071 -0.6830
vn 0.1830 -0.7071 -0.6830
vn 0.1830 -0.7071 -0.6830
vn 0.1830 0.7071 -0.6830
vn 0.1830 0.7071 -0.6830
vn 0.1830 0.7071 -0.6830
vn 0.0000 0.0000 -1.0000
vn 0.0000 0.0000 -1.0000
vn 0.0000 0.0000 -1.0000
vn 0.0000 0.0000 -1.0000
vn 0.5000 0.0000 -0.8660
vn 0.5000 0.0000 -0.8660
vn 0.5000 -0.7071 -0.5000
vn 0.5000 -0.7071 -0.5000
vn 0.5000 0.7071 -0.5000
vn 0.5000 0.7071 -0.5000
vn 0.8660 0.0000 -0.5000
vn 0.8660 0.0000 -0.5000
vn 1.0000 0.0000 -0.0000
vn 1.0000 0.0000 -0.0000
vn 1.0000 0.0000 -0.0000
vn 1.0000 0.0000 -0.0000
vn 0.6830 -0.7071 0.1830
vn 0.6830 0.7071 0.1830
vn 0.8660 -0.0000 0.5000
vn 0.8660 -0.0000 0.5000
vn 0.5000 -0.7071 0.5000
vn 0.5000 -0.7071 0.5000
vn 0.5000 0.7071 0.5001
vn 0.5000 0.7071 0.5001
vn 0.5000 -0.0000 0.8660
vn 0.5000 -0.0000 0.8660
vn 0.1830 -0.7071 0.6830
vn 0.1830 -0.7071 0.6830
vn 0.1830 -0.7071 0.6830
vn 0.1830 0.7071 0.6830
vn 0.1830 0.7071 0.6830
vn 0.1830 0.7071 0.6830
vn -0.0000 -0.0000 1.0000
vn -0.0000 -0.0000 1.0000
vn -0.0000 -0.0000 1.0000
vn -0.0000 -0.0000 1.0000
vn -0.1830 -0.7072 0.6830
vn -0.1830 -0.7072 0.6830
vn -0.1830 -0.7072 0.6830
vn -0.1830 0.7071 0.6830
vn -0.1830 0.7071 0.6830
vn -0.1830 0.7071 0.6830
vn -0.5000 -0.0000 0.8660
vn -0.5000 -0.0000 0.8660
vn -0.5000 -0.7071 0.5000
vn -0.5000 -0.7071 0.5000
vn -0.5000 0.7071 0.5000
vn -0.5000 0.7071 0.5000
vn -0.8661 -0.0000 0.4999
vn -0.8661 -0.0000 0.4999
vn -0.6830 -0.7071 0.1829
vn -0.6830 0.7071 0.1830
vn -1.0000 0.0000 -0.0000
vn -1.0000 0.0000 -0.0000
vn -1.0000 0.0000 -0.0000
vn -1.0000 0.0000 -0.0000
vn -0.8660 0.0000 -0.5000
vn -0.8660 0.0000 -0.5000
vn -0.5000 -0.7071 -0.5001
vn -0.5000 -0.7071 -0.5001
vn -0.5000 0.7071 -0.5000
vn -0.5000 0.7071 -0.5000
vn -0.5000 0.0000 -0.8660
vn -0.5000 0.0000 -0.8660
vn -0.1830 -0.7071 -0.6831
vn -0.1830 -0.7071 -0.6831
vn -0.1830 -0.7071 -0.6831
vn -0.1830 0.7071 -0.6830
vn -0.1830 0.7071 -0.6830
vn -0.1830 0.7071 -0.6830
vn 0.0000 -1.0000 -0.0000
vn 0.0000 -1.0000 -0.0000
vn 0.2588 0.0000 -0.9659
vn 0.2588 0.0000 -0.9659
vn 0.2588 0.0000 -0.9659
vn 0.2588 0.0000 -0.9659
vn 0.7071 0.0000 -0.7071
vn 0.7071 0.0000 -0.7071
vn 0.7071 0.0000 -0.7071
vn 0.7071 0.0000 -0.7071
vn 0.9659 0.0000 -0.2588
vn 0.9659 0.0000 -0.2588
vn 0.9659 0.0000 -0.2588
vn 0.9659 0.0000 -0.2588
vn 0.9659 -0.0000 0.2588
vn 0.9659 -0.0000 0.2588
vn 0.9659 -0.0000 0.2588
vn 0.9659 -0.0000 0.2588
vn 0.7071 -0.0000 0.7071
vn 0.7071 -0.0000 0.7071
vn 0.7071 -0.0000 0.7071
vn 0.7071 -0.0000 0.7071
vn 0.2588 -0.0000 0.9659
vn 0.2588 -0.0000 0.9659
vn 0.2588 -0.0000 0.9659
vn 0.2588 -0.0000 0.9659
vn -0.2588 -0.0000 0.9659
vn -0.2588 -0.0000 0.9659
vn -0.2588 -0.0000 0.9659
vn -0.2588 -0.0000 0.9659
vn -0.7071 -0.0000 0.7071
vn -0.7071 -0.0000 0.7071
vn -0.7071 -0.0000 0.7071
vn -0.7071 -0.0000 0.7071
vn -0.9659 -0.0000 0.2588
vn -0.9659 -0.0000 0.2588
vn -0.9659 -0.0000 0.2588
vn -0.9659 -0.0000 0.2588
vn -0.9659 0.0000 -0.2588
vn -0.9659 0.0000 -0.2588
vn -0.9659 0.0000 -0.2588
vn -0.9659 0.0000 -0.2588
vn 0.0000 1.0000 -0.0000
vn 0.0000 1.0000 -0.0000
vn 0.0000 1.0000 -0.0000
vn 0.0000 1.0000 -0.0000
vn 0.0000 1.0000 -0.0000
vn 0.0000 1.0000 -0.0000
vn 0.0000 1.0000 -0.0000
vn 0.0000 1.0000 -0.0000
vn 0.0000 1.0000 -0.0000
vn 0.0000 1.0000 -0.0000
vn 0.0000 1.0000 -0.0000
vn 0.0000 1.0000 -0.0000
vn -0.7071 0.0000 -0.7071
vn -0.7071 0.0000 -0.7071
vn -0.7071 0.0000 -0.7071
vn -0.7071 0.0000 -0.7071
vn -0.2588 0.0000 -0.9659
vn -0.2588 0.0000 -0.9659
vn -0.2588 0.0000 -0.9659
vn -0.2588 0.0000 -0.9659
vn 0.0000 -1.0000 -0.0000
vn 0.0000 -1.0000 -0.0000
vn 0.0000 -1.0000 -0.0000
vn 0.0000 -1.0000 -0.0000
vn 0.0000 -1.0000 -0.0000
vn 0.0000 -1.0000 -0.0000
vn 0.0000 -1.0000 -0.0000
vn 0.0000 -1.0000 -0.0000
vn 0.0000 -1.0000 -0.0000
vn 0.0000 -1.0000 -0.0000
vn 0.0000 -1.0000 -0.0000
vn 0.0000 -1.0000 -0.0000
vn -0.6840 0.6133 -0.3950
vn -0.6840 0.6133 -0.3950
vn -0.6840 0.6133 -0.3950
vn 0.3949 -0.6134 0.6840
vn 0.3949 -0.6134 0.6840
vn -0.2588 0.0000 -0.9659
vn -0.2588 0.0000 -0.9659
vn -0.2588 0.0000 -0.9659
vn -0.2588 0.0000 -0.9659
vn -0.3949 -0.6133 -0.6841
vn -0.3949 -0.6133 -0.6841
vn 0.6840 0.6133 0.3950
vn 0.6840 0.6133 0.3950
vn 0.6840 0.6133 0.3950
vn 0.9659 0.0000 -0.2588
vn 0.9659 0.0000 -0.2588
vn -0.7899 0.6132 -0.0000
vn -0.7899 0.6132 -0.0000
vn -0.7899 0.6132 -0.0000
vn 0.6840 -0.6134 0.3949
vn 0.6840 -0.6134 0.3949
vn 0.6840 -0.6134 0.3949
vn 0.9659 -0.0000 0.2588
vn 0.9659 -0.0000 0.2588
vn 0.9659 -0.0000 0.2588
vn 0.9659 -0.0000 0.2588
vn -0.7899 -0.6133 -0.0001
vn -0.7899 -0.6133 -0.0001
vn -0.7899 -0.6133 -0.0001
vn 0.7899 0.6133 0.0000
vn 0.7899 0.6133 0.0000
vn 0.7899 0.6133 0.0000
vn 0.7071 -0.0000 0.7071
vn 0.7071 -0.0000 0.7071
vn 0.7071 -0.0000 0.7071
vn 0.7071 -0.0000 0.7071
vn -0.6840 0.6133 0.3949
vn -0.6840 0.6133 0.3949
vn -0.6840 0.6133 0.3949
vn 0.7899 -0.6133 -0.0000
vn 0.7899 -0.6133 -0.0000
vn 0.7899 -0.6133 -0.0000
vn 0.2588 -0.0000 0.9659
vn 0.2588 -0.0000 0.9659
vn 0.2588 -0.0000 0.9659
vn 0.2588 -0.0000 0.9659
vn -0.6840 -0.6133 0.3948
vn -0.6840 -0.6133 0.3948
vn -0.6840 -0.6133 0.3948
vn 0.6840 0.6133 -0.3949
vn 0.6840 0.6133 -0.3949
vn 0.6840 0.6133 -0.3949
vn -0.2588 -0.0000 0.9659
vn -0.2588 -0.0000 0.9659
vn -0.2588 -0.0000 0.9659
vn -0.2588 -0.0000 0.9659
vn -0.3950 0.6133 0.6840
vn -0.3950 0.6133 0.6840
vn 0.6840 -0.6133 -0.3950
vn 0.6840 -0.6133 -0.3950
vn 0.6840 -0.6133 -0.3950
vn -0.7071 -0.0000 0.7071
vn -0.7071 -0.0000 0.7071
vn -0.7071 -0.0000 0.7071
vn -0.7071 -0.0000 0.7071
vn -0.3950 -0.6134 0.6840
vn -0.3950 -0.6134 0.6840
vn 0.3949 0.6133 -0.6840
vn 0.3949 0.6133 -0.6840
vn -0.9659 -0.0000 0.2588
vn -0.9659 -0.0000 0.2588
vn -0.9659 -0.0000 0.2588
vn -0.9659 -0.0000 0.2588
vn -0.0000 0.6133 0.7899
vn -0.0000 0.6133 0.7899
vn -0.0000 0.6133 0.7899
vn 0.3949 -0.6133 -0.6840
vn 0.3949 -0.6133 -0.6840
vn -0.9659 0.0000 -0.2588
vn -0.9659 0.0000 -0.2588
vn -0.0000 -0.6133 0.7898
vn -0.0000 -0.6133 0.7898
vn -0.0000 -0.6133 0.7898
vn 0.0000 0.6133 -0.7899
vn 0.0000 0.6133 -0.7899
vn 0.0000 0.6133 -0.7899
vn -0.7071 0.0000 -0.7071
vn -0.7071 0.0000 -0.7071
vn -0.7071 0.0000 -0.7071
vn -0.7071 0.0000 -0.7071
vn 0.7071 0.0000 -0.7071
vn 0.7071 0.0000 -0.7071
vn 0.7071 0.0000 -0.7071
vn 0.7071 0.0000 -0.7071
vn 0.0000 -0.6133 -0.7899
vn 0.0000 -0.6133 -0.7899
vn 0.0000 -0.6133 -0.7899
vn -0.6840 -0.6133 -0.3950
vn -0.6840 -0.6133 -0.3950
vn -0.6840 -0.6133 -0.3950
vn 0.3949 0.6133 0.6840
vn 0.3949 0.6133 0.6840
vn 0.0000 1.0000 -0.0000
vn 0.0000 1.0000 -0.0000
vn 0.2588 0.0000 -0.9659
vn 0.2588 0.0000 -0.9659
vn 0.2588 0.0000 -0.9659
vn 0.2588 0.0000 -0.9659
vn -0.3949 0.6133 -0.6841
vn -0.3949 0.6133 -0.6841
vn 0.1830 -0.7071 -0.6830
vn 0.1830 -0.7071 -0.6830
vn 0.1830 -0.7071 -0.6830
vn 0.1830 0.7071 -0.6830
vn 0.1830 0.7071 -0.6830
vn 0.1830 0.7071 -0.6830
vn 0.0000 0.0000 -1.0000
vn 0.0000 0.0000 -1.0000
vn 0.0000 0.0000 -1.0000
vn 0.0000 0.0000 -1.0000
vn 0.5000 0.0000 -0.8660
vn 0.5000 0.0000 -0.8660
vn 0.5000 -0.7071 -0.5000
vn 0.5000 -0.7071 -0.5000
vn 0.5000 0.7071 -0.5000
vn 0.5000 0.7071 -0.5000
vn 0.8660 0.0000 -0.5000
vn 0.8660 0.0000 -0.5000
vn 1.0000 0.0000 -0.0000
vn 1.0000 0.0000 -0.0000
vn 1.0000 0.0000 -0.0000
vn 1.0000 0.0000 -0.0000
vn 0.6830 -0.7071 0.1830
vn 0.6830 0.7071 0.1830
vn 0.8660 -0.0000 0.5000
vn 0.8660 -0.0000 0.5000
vn 0.5000 -0.7071 0.5000
vn 0.5000 -0.7071 0.5000
vn 0.5000 0.7071 0.5001
vn 0.5000 0.7071 0.5001
vn 0.5000 -0.0000 0.8660
vn 0.5000 -0.0000 0.8660
vn 0.1830 -0.7071 0.6830
vn 0.1830 -0.7071 0.6830
vn 0.1830 -0.7071 0.6830
vn 0.1830 0.7071 0.6830
vn 0.1830 0.7071 0.6830
vn 0.1830 0.7071 0.6830
vn -0.0000 -0.0000 1.0000
vn -0.0000 -0.0000 1.0000
vn -0.0000 -0.0000 1.0000
vn -0.0000 -0.0000 1.0000
vn -0.1830 -0.7072 0.6830
vn -0.1830 -0.7072 0.6830
vn -0.1830 -0.7072 0.6830
vn -0.1830 0.7071 0.6830
vn -0.1830 0.7071 0.6830
vn -0.1830 0.7071 0.6830
vn -0.5000 -0.0000 0.8660
vn -0.5000 -0.0000 0.8660
vn -0.5000 -0.7071 0.5000
vn -0.5000 -0.7071 0.5000
vn -0.5000 0.7071 0.5000
vn -0.5000 0.7071 0.5000
vn -0.8661 -0.0000 0.4999
vn -0.8661 -0.0000 0.4999
vn -0.6830 -0.7071 0.1829
vn -0.6830 0.7071 0.1830
vn -1.0000 0.0000 -0.0000
vn -1.0000 0.0000 -0.0000
vn -1.0000 0.0000 -0.0000
vn -1.0000 0.0000 -0.0000
vn -0.8660 0.0000 -0.5000
vn -0.8660 0.0000 -0.5000
vn -0.5000 -0.7071 -0.5001
vn -0.5000 -0.7071 -0.5001
vn -0.5000 0.7071 -0.5000
vn -0.5000 0.7071 -0.5000
vn -0.5000 0.0000 -0.8660
vn -0.5000 0.0000 -0.8660
vn -0.1830 -0.7071 -0.6831
vn -0.1830 -0.7071 -0.6831
vn -0.1830 -0.7071 -0.6831
vn -0.1830 0.7071 -0.6830
vn -0.1830 0.7071 -0.6830
vn -0.1830 0.7071 -0.6830
vn 0.0000 -1.0000 -0.0000
vn 0.0000 -1.0000 -0.0000
vn 0.2588 0.0000 -0.9659
vn 0.2588 0.0000 -0.9659
vn 0.2588 0.0000 -0.9659
vn 0.2588 0.0000 -0.9659
vn 0.7071 0.0000 -0.7071
vn 0.7071 0.0000 -0.7071
vn 0.7071 0.0000 -0.7071
vn 0.7071 0.0000 -0.7071
vn 0.9659 0.0000 -0.2588
vn 0.9659 0.0000 -0.2588
vn 0.9659 0.0000 -0.2588
vn 0.9659 0.0000 -0.2588
vn 0.9659 -0.0000 0.2588
vn 0.9659 -0.0000 0.2588
vn 0.9659 -0.0000 0.2588
vn 0.9659 -0.0000 0.2588
vn 0.7071 -0.0000 0.7071
vn 0.7071 -0.0000 0.7071
vn 0.7071 -0.0000 0.7071
vn 0.7071 -0.0000 0.7071
vn 0.2588 -0.0000 0.9659
vn 0.2588 -0.0000 0.9659
vn 0.2588 -0.0000 0.9659
vn 0.2588 -0.0000 0.9659
vn -0.2588 -0.0000 0.9659
vn -0.2588 -0.0000 0.9659
vn -0.2588 -0.0000 0.9659
vn -0.2588 -0.0000 0.9659
vn -0.7071 -0.0000 0.7071
vn -0.7071 -0.0000 0.7071
vn -0.7071 -0.0000 0.7071
vn -0.7071 -0.0000 0.7071
vn -0.9659 -0.0000 0.2588
vn -0.9659 -0.0000 0.2588
vn -0.9659 -0.0000 0.2588
vn -0.9659 -0.0000 0.2588
vn -0.9659 0.0000 -0.2588
vn -0.9659 0.0000 -0.2588
vn -0.9659 0.0000 -0.2588
vn -0.9659 0.0000 -0.2588
vn 0.0000 1.0000 -0.0000
vn 0.0000 1.0000 -0.0000
vn 0.0000 1.0000 -0.0000
vn 0.0000 1.0000 -0.0000
vn 0.0000 1.0000 -0.0000
vn 0.0000 1.0000 -0.0000
vn 0.0000 1.0000 -0.0000
vn 0.0000 1.0000 -0.0000
vn 0.0000 1.0000 -0.0000
vn 0.0000 1.0000 -0.0000
vn 0.0000 1.0000 -0.0000
vn 0.0000 1.0000 -0.0000
vn -0.7071 0.0000 -0.7071
vn -0.7071 0.0000 -0.7071
vn -0.7071 0.0000 -0.7071
vn -0.7071 0.0000 -0.7071
vn -0.2588 0.0000 -0.9659
vn -0.2588 0.0000 -0.9659
vn -0.2588 0.0000 -0.9659
vn -0.2588 0.0000 -0.9659
vn 0.0000 -1.0000 -0.0000
vn 0.0000 -1.0000 -0.0000
vn 0.0000 -1.0000 -0.0000
vn 0.0000 -1.0000 -0.0000
vn 0.0000 -1.0000 -0.0000
vn 0.0000 -1.0000 -0.0000
vn 0.0000 -1.0000 -0.0000
vn 0.0000 -1.0000 -0.0000
vn 0.0000 -1.0000 -0.0000
vn 0.0000 -1.0000 -0.0000
vn 0.0000 -1.0000 -0.0000
vn 0.0000 -1.0000 -0.0000
f 97//97 99//99 98//98
f 97//97 98//98 100//100
f 101//101 103//103 102//102
f 101//101 102//102 104//104
f 105//105 107//107 106//106
f 105//105 106//106 108//108
f 109//109 111//111 110//110
f 109//109 110//110 112//112
f 113//113 115//115 114//114
f 113//113 114//114 116//116
f 117//117 119//119 118//118
f 120//120 122//122 121//121
f 123//123 125//125 124//124
f 126//126 128//128 127//127
f 129//129 131//131 130//130
f 132//132 134//134 133//133
f 135//135 137//137 136//136
f 138//138 140//140 139//139
f 141//141 143//143 142//142
f 141//141 142//142 144//144
f 145//145 147//147 146//146
f 145//145 146//146 148//148
f 149//149 151//151 150//150
f 149//149 150//150 152//152
f 153//153 155//155 154//154
f 153//153 154//154 156//156
f 157//157 159//159 158//158
f 157//157 158//158 160//160
f 161//161 163//163 162//162
f 161//161 162//162 164//164
f 165//165 167//167 166//166
f 165//165 166//166 168//168
f 169//169 171//171 170//170
f 169//169 170//170 172//172
f 173//173 175//175 174//174
f 173//173 174//174 176//176
f 177//177 179//179 178//178
f 177//177 178//178 180//180
f 181//181 183//183 182//182
f 181//181 182//182 184//184
f 185//185 187//187 186//186
f 185//185 186//186 188//188
f 189//189 191//191 190//190
f 189//189 190//190 192//192
f 1169//1169 1171//1171 1170//1170
f 1169//1169 1170//1170 1172//1172
f 1173//1173 1175//1175 1174//1174
f 1173//1173 1174//1174 1176//1176
f 1177//1177 1179//1179 1178//1178
f 1177//1177 1178//1178 1180//1180
f 1181//1181 1183//1183 1182//1182
f 1181//1181 1182//1182 1184//1184
f 1185//1185 1187//1187 1186//1186
f 1185//1185 1186//1186 1188//1188
f 1189//1189 1191//1191 1190//1190
f 1189//1189 1190//1190 1192//1192
f 1193//1193 1195//1195 1194//1194
f 1193//1193 1194//1194 1196//1196
f 1197//1197 1199//1199 1198//1198
f 1197//1197 1198//1198 1200//1200
f 1201//1201 1203//1203 1202//1202
f 1201//1201 1202//1202 1204//1204
f 1205//1205 1207//1207 1206//1206
f 1205//1205 1206//1206 1208//1208
f 1209//1209 1211//1211 1210//1210
f 1209//1209 1210//1210 1212//1212
f 1213//1213 1215//1215 1214//1214
f 1213//1213 1214//1214 1216//1216
f 1217//1217 1219//1219 1218//1218
f 1217//1217 1218//1218 1220//1220
f 1221//1221 1223//1223 1222//1222
f 1221//1221 1222//1222 1224//1224
f 1225//1225 1227//1227 1226//1226
f 1225//1225 1226//1226 1228//1228
f 1229//1229 1231//1231 1230//1230
f 1229//1229 1230//1230 1232//1232
f 1233//1233 1235//1235 1234//1234
f 1233//1233 1234//1234 1236//1236
f 1237//1237 1239//1239 1238//1238
f 1237//1237 1238//1238 1240//1240
f 1241//1241 1243//1243 1242//1242
f 1241//1241 1242//1242 1244//1244
f 1245//1245 1247//1247 1246//1246
f 1245//1245 1246//1246 1248//1248
f 1249//1249 1251//1251 1250//1250
f 1249//1249 1250//1250 1252//1252
f 1253//1253 1255//1255 1254//1254
f 1253//1253 1254//1254 1256//1256
f 1257//1257 1259//1259 1258//1258
f 1257//1257 1258//1258 1260//1260
f 1261//1261 1263//1263 1262//1262
f 1261//1261 1262//1262 1264//1264
f 1265//1265 1267//1267 1266//1266
f 1265//1265 1266//1266 1268//1268
f 1269//1269 1271//1271 1270//1270
f 1269//1269 1270//1270 1272//1272
f 1273//1273 1275//1275 1274//1274
f 1273//1273 1274//1274 1276//1276
f 1277//1277 1279//1279 1278//1278
f 1277//1277 1278//1278 1280//1280
f 1281//1281 1283//1283 1282//1282
f 1281//1281 1282//1282 1284//1284
f 1285//1285 1287//1287 1286//1286
f 1285//1285 1286//1286 1288//1288
f 1//1 3//3 2//2
f 1//1 2//2 4//4
f 5//5 7//7 6//6
f 5//5 6//6 8//8
f 9//9 11//11 10//10
f 9//9 10//10 12//12
f 13//13 15//15 14//14
f 13//13 14//14 16//16
f 17//17 19//19 18//18
f 17//17 18//18 20//20
f 21//21 23//23 22//22
f 24//24 26//26 25//25
f 27//27 29//29 28//28
f 30//30 32//32 31//31
f 33//33 35//35 34//34
f 36//36 38//38 37//37
f 39//39 41//41 40//40
f 42//42 44//44 43//43
f 45//45 47//47 46//46
f 45//45 46//46 48//48
f 49//49 51//51 50//50
f 49//49 50//50 52//52
f 53//53 55//55 54//54
f 53//53 54//54 56//56
f 57//57 59//59 58//58
f 57//57 58//58 60//60
f 61//61 63//63 62//62
f 61//61 62//62 64//64
f 65//65 67//67 66//66
f 65//65 66//66 68//68
f 69//69 71//71 70//70
f 69//69 70//70 72//72
f 73//73 75//75 74//74
f 73//73 74//74 76//76
f 77//77 79//79 78//78
f 77//77 78//78 80//80
f 81//81 83//83 82//82
f 81//81 82//82 84//84
f 85//85 87//87 86//86
f 85//85 86//86 88//88
f 89//89 91//91 90//90
f 89//89 90//90 92//92
f 93//93 95//95 94//94
f 93//93 94//94 96//96
f 1289//1289 1291//1291 1290//1290
f 1289//1289 1290//1290 1292//1292
f 1293//1293 1295//1295 1294//1294
f 1293//1293 1294//1294 1296//1296
f 1297//1297 1299//1299 1298//1298
f 1297//1297 1298//1298 1300//1300
f 1301//1301 1303//1303 1302//1302
f 1301//1301 1302//1302 1304//1304
f 1305//1305 1307//1307 1306//1306
f 1305//1305 1306//1306 1308//1308
f 1309//1309 1311//1311 1310//1310
f 1309//1309 1310//1310 1312//1312
f 1313//1313 1315//1315 1314//1314
f 1313//1313 1314//1314 1316//1316
f 1317//1317 1319//1319 1318//1318
f 1317//1317 1318//1318 1320//1320
f 1321//1321 1323//1323 1322//1322
f 1321//1321 1322//1322 1324//1324
f 1325//1325 1327//1327 1326//1326
f 1325//1325 1326//1326 1328//1328
f 1329//1329 1331//1331 1330//1330
f 1329//1329 1330//1330 1332//1332
f 1333//1333 1335//1335 1334//1334
f 1333//1333 1334//1334 1336//1336
f 1337//1337 1339//1339 1338//1338
f 1337//1337 1338//1338 1340//1340
f 1341//1341 1343//1343 1342//1342
f 1341//1341 1342//1342 1344//1344
f 1345//1345 1347//1347 1346//1346
f 1345//1345 1346//1346 1348//1348
f 1349//1349 1351//1351 1350//1350
f 1349//1349 1350//1350 1352//1352
f 1353//1353 1355//1355 1354//1354
f 1353//1353 1354//1354 1356//1356
f 1357//1357 1359//1359 1358//1358
f 1357//1357 1358//1358 1360//1360
f 1361//1361 1363//1363 1362//1362
f 1361//1361 1362//1362 1364//1364
f 1365//1365 1367//1367 1366//1366
f 1365//1365 1366//1366 1368//1368
f 1369//1369 1371//1371 1370//1370
f 1369//1369 1370//1370 1372//1372
f 1373//1373 1375//1375 1374//1374
f 1373//1373 1374//1374 1376//1376
f 1377//1377 1379//1379 1378//1378
f 1377//1377 1378//1378 1380//1380
f 1381//1381 1383//1383 1382//1382
f 1381//1381 1382//1382 1384//1384
f 1385//1385 1387//1387 1386//1386
f 1385//1385 1386//1386 1388//1388
f 1389//1389 1391//1391 1390//1390
f 1389//1389 1390//1390 1392//1392
f 1393//1393 1395//1395 1394//1394
f 1393//1393 1394//1394 1396//1396
f 1397//1397 1399//1399 1398//1398
f 1397//1397 1398//1398 1400//1400
f 1401//1401 1403//1403 1402//1402
f 1401//1401 1402//1402 1404//1404
f 1405//1405 1407//1407 1406//1406
f 1405//1405 1406//1406 1408//1408
f 1409//1409 1411//1411 1410//1410
f 1409//1409 1410//1410 1412//1412
f 1413//1413 1415//1415 1414//1414
f 1413//1413 1414//1414 1416//1416
f 1417//1417 1419//1419 1418//1418
f 1417//1417 1418//1418 1420//1420
f 1421//1421 1423//1423 1422//1422
f 1421//1421 1422//1422 1424//1424
f 1425//1425 1427//1427 1426//1426
f 1425//1425 1426//1426 1428//1428
f 1429//1429 1431//1431 1430//1430
f 1429//1429 1430//1430 1432//1432
f 1433//1433 1435//1435 1434//1434
f 1433//1433 1434//1434 1436//1436
f 1437//1437 1439//1439 1438//1438
f 1437//1437 1438//1438 1440//1440
f 1441//1441 1443//1443 1442//1442
f 1441//1441 1442//1442 1444//1444
f 1445//1445 1447//1447 1446//1446
f 1445//1445 1446//1446 1448//1448
f 1449//1449 1451//1451 1450//1450
f 1449//1449 1450//1450 1452//1452
f 1453//1453 1455//1455 1454//1454
f 1453//1453 1454//1454 1456//1456
f 193//193 195//195 194//194
f 193//193 194//194 196//196
f 197//197 199//199 198//198
f 197//197 198//198 200//200
f 201//201 203//203 202//202
f 201//201 202//202 204//204
f 205//205 207//207 206//206
f 205//205 206//206 208//208
f 209//209 211//211 210//210
f 209//209 210//210 212//212
f 213//213 215//215 214//214
f 216//216 218//218 217//217
f 219//219 221//221 220//220
f 222//222 224//224 223//223
f 225//225 227//227 226//226
f 228//228 230//230 229//229
f 231//231 233//233 232//232
f 234//234 236//236 235//235
f 237//237 239//239 238//238
f 237//237 238//238 240//240
f 241//241 243//243 242//242
f 241//241 242//242 244//244
f 245//245 247//247 246//246
f 245//245 246//246 248//248
f 249//249 251//251 250//250
f 249//249 250//250 252//252
f 253//253 255//255 254//254
f 253//253 254//254 256//256
f 257//257 259//259 258//258
f 257//257 258//258 260//260
f 261//261 263//263 262//262
f 261//261 262//262 264//264
f 265//265 267//267 266//266
f 265//265 266//266 268//268
f 269//269 271//271 270//270
f 269//269 270//270 272//272
f 273//273 275//275 274//274
f 273//273 274//274 276//276
f 277//277 279//279 278//278
f 277//277 278//278 280//280
f 281//281 283//283 282//282
f 281//281 282//282 284//284
f 285//285 287//287 286//286
f 285//285 286//286 288//288
f 1457//1457 1459//1459 1458//1458
f 1457//1457 1458//1458 1460//1460
f 1461//1461 1463//1463 1462//1462
f 1461//1461 1462//1462 1464//1464
f 1465//1465 1467//1467 1466//1466
f 1465//1465 1466//1466 1468//1468
f 1469//1469 1471//1471 1470//1470
f 1469//1469 1470//1470 1472//1472
f 1473//1473 1475//1475 1474//1474
f 1473//1473 1474//1474 1476//1476
f 1477//1477 1479//1479 1478//1478
f 1477//1477 1478//1478 1480//1480
f 1481//1481 1483//1483 1482//1482
f 1481//1481 1482//1482 1484//1484
f 1485//1485 1487//1487 1486//1486
f 1485//1485 1486//1486 1488//1488
f 1489//1489 1491//1491 1490//1490
f 1489//1489 1490//1490 1492//1492
f 1493//1493 1495//1495 1494//1494
f 1493//1493 1494//1494 1496//1496
f 1497//1497 1499//1499 1498//1498
f 1497//1497 1498//1498 1500//1500
f 1501//1501 1503//1503 1502//1502
f 1501//1501 1502//1502 1504//1504
f 1505//1505 1507//1507 1506//1506
f 1505//1505 1506//1506 1508//1508
f 1509//1509 1511//1511 1510//1510
f 1509//1509 1510//1510 1512//1512
f 1513//1513 1515//1515 1514//1514
f 1513//1513 1514//1514 1516//1516
f 1517//1517 1519//1519 1518//1518
f 1517//1517 1518//1518 1520//1520
f 1521//1521 1523//1523 1522//1522
f 1521//1521 1522//1522 1524//1524
f 1525//1525 1527//1527 1526//1526
f 1525//1525 1526//1526 1528//1528
f 1529//1529 1531//1531 1530//1530
f 1529//1529 1530//1530 1532//1532
f 1533//1533 1535//1535 1534//1534
f 1533//1533 1534//1534 1536//1536
f 1537//1537 1539//1539 1538//1538
f 1537//1537 1538//1538 1540//1540
f 1541//1541 1543//1543 1542//1542
f 1541//1541 1542//1542 1544//1544
f 1545//1545 1547//1547 1546//1546
f 1545//1545 1546//1546 1548//1548
f 1549//1549 1551//1551 1550//1550
f 1549//1549 1550//1550 1552//1552
f 1553//1553 1555//1555 1554//1554
f 1553//1553 1554//1554 1556//1556
f 1557//1557 1559//1559 1558//1558
f 1557//1557 1558//1558 1560//1560
f 1561//1561 1563//1563 1562//1562
f 1561//1561 1562//1562 1564//1564
f 1565//1565 1567//1567 1566//1566
f 1565//1565 1566//1566 1568//1568
f 1569//1569 1571//1571 1570//1570
f 1569//1569 1570//1570 1572//1572
f 1573//1573 1575//1575 1574//1574
f 1573//1573 1574//1574 1576//1576
f 289//289 291//291 290//290
f 289//289 290//290 292//292
f 293//293 295//295 294//294
f 293//293 294//294 296//296
f 297//297 299//299 298//298
f 297//297 298//298 300//300
f 301//301 303//303 302//302
f 301//301 302//302 304//304
f 305//305 307//307 306//306
f 305//305 306//306 308//308
f 309//309 311//311 310//310
f 312//312 314//314 313//313
f 315//315 317//317 316//316
f 318//318 320//320 319//319
f 321//321 323//323 322//322
f 324//324 326//326 325//325
f 327//327 329//329 328//328
f 330//330 332//332 331//331
f 333//333 335//335 334//334
f 333//333 334//334 336//336
f 337//337 339//339 338//338
f 337//337 338//338 340//340
f 341//341 343//343 342//342
f 341//341 342//342 344//344
f 345//345 347//347 346//346
f 345//345 346//346 348//348
f 349//349 351//351 350//350
f 349//349 350//350 352//352
f 353//353 355//355 354//354
f 353//353 354//354 356//356
f 357//357 359//359 358//358
f 357//357 358//358 360//360
f 361//361 363//363 362//362
f 361//361 362//362 364//364
f 365//365 367//367 366//366
f 365//365 366//366 368//368
f 369//369 371//371 370//370
f 369//369 370//370 372//372
f 373//373 375//375 374//374
f 373//373 374//374 376//376
f 377//377 379//379 378//378
f 377//377 378//378 380//380
f 381//381 383//383 382//382
f 381//381 382//382 384//384
f 1577//1577 1579//1579 1578//1578
f 1577//1577 1578//1578 1580//1580
f 1581//1581 1583//1583 1582//1582
f 1581//1581 1582//1582 1584//1584
f 1585//1585 1587//1587 1586//1586
f 1585//1585 1586//1586 1588//1588
f 1589//1589 1591//1591 1590//1590
f 1589//1589 1590//1590 1592//1592
f 1593//1593 1595//1595 1594//1594
f 1593//1593 1594//1594 1596//1596
f 1597//1597 1599//1599 1598//1598
f 1597//1597 1598//1598 1600//1600
f 1601//1601 1603//1603 1602//1602
f 1601//1601 1602//1602 1604//1604
f 1605//1605 1607//1607 1606//1606
f 1605//1605 1606//1606 1608//1608
f 1609//1609 1611//1611 1610//1610
f 1609//1609 1610//1610 1612//1612
f 1613//1613 1615//1615 1614//1614
f 1613//1613 1614//1614 1616//1616
f 1617//1617 1619//1619 1618//1618
f 1617//1617 1618//1618 1620//1620
f 1621//1621 1623//1623 1622//1622
f 1621//1621 1622//1622 1624//1624
f 1625//1625 1627//1627 1626//1626
f 1625//1625 1626//1626 1628//1628
f 1629//1629 1631//1631 1630//1630
f 1629//1629 1630//1630 1632//1632
f 1633//1633 1635//1635 1634//1634
f 1633//1633 1634//1634 1636//1636
f 1637//1637 1639//1639 1638//1638
f 1637//1637 1638//1638 1640//1640
f 1641//1641 1643//1643 1642//1642
f 1641//1641 1642//1642 1644//1644
f 1645//1645 1647//1647 1646//1646
f 1645//1645 1646//1646 1648//1648
f 1649//1649 1651//1651 1650//1650
f 1649//1649 1650//1650 1652//1652
f 1653//1653 1655//1655 1654//1654
f 1653//1653 1654//1654 1656//1656
f 1657//1657 1659//1659 1658//1658
f 1657//1657 1658//1658 1660//1660
f 1661//1661 1663//1663 1662//1662
f 1661//1661 1662//1662 1664//1664
f 1665//1665 1667//1667 1666//1666
f 1665//1665 1666//1666 1668//1668
f 1669//1669 1671//1671 1670//1670
f 1669//1669 1670//1670 1672//1672
f 1673//1673 1675//1675 1674//1674
f 1673//1673 1674//1674 1676//1676
f 1677//1677 1679//1679 1678//1678
f 1677//1677 1678//1678 1680//1680
f 1681//1681 1683//1683 1682//1682
f 1681//1681 1682//1682 1684//1684
f 1685//1685 1687//1687 1686//1686
f 1685//1685 1686//1686 1688//1688
f 1689//1689 1691//1691 1690//1690
f 1689//1689 1690//1690 1692//1692
f 1693//1693 1695//1695 1694//1694
f 1693//1693 1694//1694 1696//1696
f 481//481 483//483 482//482
f 481//481 482//482 484//484
f 485//485 487//487 486//486
f 485//485 486//486 488//488
f 489//489 491//491 490//490
f 489//489 490//490 492//492
f 493//493 495//495 494//494
f 493//493 494//494 496//496
f 497//497 499//499 498//498
f 497//497 498//498 500//500
f 501//501 503//503 502//502
f 504//504 506//506 505//505
f 507//507 509//509 508//508
f 510//510 512//512 511//511
f 513//513 515//515 514//514
f 516//516 518//518 517//517
f 519//519 521//521 520//520
f 522//522 524//524 523//523
f 525//525 527//527 526//526
f 525//525 526//526 528//528
f 529//529 531//531 530//530
f 529//529 530//530 532//532
f 533//533 535//535 534//534
f 533//533 534//534 536//536
f 537//537 539//539 538//538
f 537//537 538//538 540//540
f 541//541 543//543 542//542
f 541//541 542//542 544//544
f 545//545 547//547 546//546
f 545//545 546//546 548//548
f 549//549 551//551 550//550
f 549//549 550//550 552//552
f 553//553 555//555 554//554
f 553//553 554//554 556//556
f 557//557 559//559 558//558
f 557//557 558//558 560//560
f 561//561 563//563 562//562
f 561//561 562//562 564//564
f 565//565 567//567 566//566
f 565//565 566//566 568//568
f 569//569 571//571 570//570
f 569//569 570//570 572//572
f 573//573 575//575 574//574
f 573//573 574//574 576//576
f 1697//1697 1699//1699 1698//1698
f 1697//1697 1698//1698 1700//1700
f 1701//1701 1703//1703 1702//1702
f 1701//1701 1702//1702 1704//1704
f 1705//1705 1707//1707 1706//1706
f 1705//1705 1706//1706 1708//1708
f 1709//1709 1711//1711 1710//1710
f 1709//1709 1710//1710 1712//1712
f 1713//1713 1715//1715 1714//1714
f 1713//1713 1714//1714 1716//1716
f 1717//1717 1719//1719 1718//1718
f 1717//1717 1718//1718 1720//1720
f 1721//1721 1723//1723 1722//1722
f 1721//1721 1722//1722 1724//1724
f 1725//1725 1727//1727 1726//1726
f 1725//1725 1726//1726 1728//1728
f 1729//1729 1731//1731 1730//1730
f 1729//1729 1730//1730 1732//1732
f 1733//1733 1735//1735 1734//1734
f 1733//1733 1734//1734 1736//1736
f 1737//1737 1739//1739 1738//1738
f 1737//1737 1738//1738 1740//1740
f 1741//1741 1743//1743 1742//1742
f 1741//1741 1742//1742 1744//1744
f 1745//1745 1747//1747 1746//1746
f 1745//1745 1746//1746 1748//1748
f 1749//1749 1751//1751 1750//1750
f 1749//1749 1750//1750 1752//1752
f 1753//1753 1755//1755 1754//1754
f 1753//1753 1754//1754 1756//1756
f 1757//1757 1759//1759 1758//1758
f 1757//1757 1758//1758 1760//1760
f 1761//1761 1763//1763 1762//1762
f 1761//1761 1762//1762 1764//1764
f 1765//1765 1767//1767 1766//1766
f 1765//1765 1766//1766 1768//1768
f 577//577 579//579 578//578
f 577//577 578//578 580//580
f 581//581 583//583 582//582
f 581//581 582//582 584//584
f 585//585 587//587 586//586
f 585//585 586//586 588//588
f 589//589 591//591 590//590
f 589//589 590//590 592//592
f 593//593 595//595 594//594
f 593//593 594//594 596//596
f 597//597 599//599 598//598
f 600//600 602//602 601//601
f 603//603 605//605 604//604
f 606//606 608//608 607//607
f 609//609 611//611 610//610
f 612//612 614//614 613//613
f 615//615 617//617 616//616
f 618//618 620//620 619//619
f 621//621 623//623 622//622
f 621//621 622//622 624//624
f 625//625 627//627 626//626
f 625//625 626//626 628//628
f 629//629 631//631 630//630
f 629//629 630//630 632//632
f 633//633 635//635 634//634
f 633//633 634//634 636//636
f 637//637 639//639 638//638
f 637//637 638//638 640//640
f 641//641 643//643 642//642
f 641//641 642//642 644//644
f 645//645 647//647 646//646
f 645//645 646//646 648//648
f 649//649 651//651 650//650
f 649//649 650//650 652//652
f 653//653 655//655 654//654
f 653//653 654//654 656//656
f 657//657 659//659 658//658
f 657//657 658//658 660//660
f 661//661 663//663 662//662
f 661//661 662//662 664//664
f 665//665 667//667 666//666
f 665//665 666//666 668//668
f 669//669 671//671 670//670
f 669//669 670//670 672//672
f 1769//1769 1771//1771 1770//1770
f 1769//1769 1770//1770 1772//1772
f 1773//1773 1775//1775 1774//1774
f 1773//1773 1774//1774 1776//1776
f 1777//1777 1779//1779 1778//1778
f 1777//1777 1778//1778 1780//1780
f 1781//1781 1783//1783 1782//1782
f 1781//1781 1782//1782 1784//1784
f 1785//1785 1787//1787 1786//1786
f 1785//1785 1786//1786 1788//1788
f 1789//1789 1791//1791 1790//1790
f 1789//1789 1790//1790 1792//1792
f 1793//1793 1795//1795 1794//1794
f 1793//1793 1794//1794 1796//1796
f 1797//1797 1799//1799 1798//1798
f 1797//1797 1798//1798 1800//1800
f 1801//1801 1803//1803 1802//1802
f 1801//1801 1802//1802 1804//1804
f 1805//1805 1807//1807 1806//1806
f 1805//1805 1806//1806 1808//1808
f 1809//1809 1811//1811 1810//1810
f 1809//1809 1810//1810 1812//1812
f 1813//1813 1815//1815 1814//1814
f 1813//1813 1814//1814 1816//1816
f 1817//1817 1819//1819 1818//1818
f 1817//1817 1818//1818 1820//1820
f 1821//1821 1823//1823 1822//1822
f 1821//1821 1822//1822 1824//1824
f 1825//1825 1827//1827 1826//1826
f 1825//1825 1826//1826 1828//1828
f 1829//1829 1831//1831 1830//1830
f 1829//1829 1830//1830 1832//1832
f 1833//1833 1835//1835 1834//1834
f 1833//1833 1834//1834 1836//1836
f 1837//1837 1839//1839 1838//1838
f 1837//1837 1838//1838 1840//1840
f 385//385 387//387 386//386
f 385//385 386//386 388//388
f 389//389 391//391 390//390
f 389//389 390//390 392//392
f 393//393 395//395 394//394
f 393//393 394//394 396//396
f 397//397 399//399 398//398
f 397//397 398//398 400//400
f 401//401 403//403 402//402
f 401//401 402//402 404//404
f 405//405 407//407 406//406
f 408//408 410//410 409//409
f 411//411 413//413 412//412
f 414//414 416//416 415//415
f 417//417 419//419 418//418
f 420//420 422//422 421//421
f 423//423 425//425 424//424
f 426//426 428//428 427//427
f 429//429 431//431 430//430
f 429//429 430//430 432//432
f 433//433 435//435 434//434
f 433//433 434//434 436//436
f 437//437 439//439 438//438
f 437//437 438//438 440//440
f 441//441 443//443 442//442
f 441//441 442//442 444//444
f 445//445 447//447 446//446
f 445//445 446//446 448//448
f 449//449 451//451 450//450
f 449//449 450//450 452//452
f 453//453 455//455 454//454
f 453//453 454//454 456//456
f 457//457 459//459 458//458
f 457//457 458//458 460//460
f 461//461 463//463 462//462
f 461//461 462//462 464//464
f 465//465 467//467 466//466
f 465//465 466//466 468//468
f 469//469 471//471 470//470
f 469//469 470//470 472//472
f 473//473 475//475 474//474
f 473//473 474//474 476//476
f 477//477 479//479 478//478
f 477//477 478//478 480//480
f 1841//1841 1843//1843 1842//1842
f 1841//1841 1842//1842 1844//1844
f 1845//1845 1847//1847 1846//1846
f 1845//1845 1846//1846 1848//1848
f 1849//1849 1851//1851 1850//1850
f 1849//1849 1850//1850 1852//1852
f 1853//1853 1855//1855 1854//1854
f 1853//1853 1854//1854 1856//1856
f 1857//1857 1859//1859 1858//1858
f 1857//1857 1858//1858 1860//1860
f 1861//1861 1863//1863 1862//1862
f 1861//1861 1862//1862 1864//1864
f 1865//1865 1867//1867 1866//1866
f 1865//1865 1866//1866 1868//1868
f 1869//1869 1871//1871 1870//1870
f 1869//1869 1870//1870 1872//1872
f 1873//1873 1875//1875 1874//1874
f 1873//1873 1874//1874 1876//1876
f 1877//1877 1879//1879 1878//1878
f 1877//1877 1878//1878 1880//1880
f 1881//1881 1883//1883 1882//1882
f 1881//1881 1882//1882 1884//1884
f 1885//1885 1887//1887 1886//1886
f 1885//1885 1886//1886 1888//1888
f 1889//1889 1891//1891 1890//1890
f 1889//1889 1890//1890 1892//1892
f 1893//1893 1895//1895 1894//1894
f 1893//1893 1894//1894 1896//1896
f 1897//1897 1899//1899 1898//1898
f 1897//1897 1898//1898 1900//1900
f 1901//1901 1903//1903 1902//1902
f 1901//1901 1902//1902 1904//1904
f 1905//1905 1907//1907 1906//1906
f 1905//1905 1906//1906 1908//1908
f 1909//1909 1911//1911 1910//1910
f 1909//1909 1910//1910 1912//1912
f 1913//1913 1915//1915 1914//1914
f 1913//1913 1914//1914 1916//1916
f 1917//1917 1919//1919 1918//1918
f 1917//1917 1918//1918 1920//1920
f 1921//1921 1923//1923 1922//1922
f 1921//1921 1922//1922 1924//1924
f 1925//1925 1927//1927 1926//1926
f 1925//1925 1926//1926 1928//1928
f 1929//1929 1931//1931 1930//1930
f 1929//1929 1930//1930 1932//1932
f 1933//1933 1935//1935 1934//1934
f 1933//1933 1934//1934 1936//1936
f 1937//1937 1939//1939 1938//1938
f 1937//1937 1938//1938 1940//1940
f 1941//1941 1943//1943 1942//1942
f 1941//1941 1942//1942 1944//1944
f 1945//1945 1947//1947 1946//1946
f 1945//1945 1946//1946 1948//1948
f 1949//1949 1951//1951 1950//1950
f 1949//1949 1950//1950 1952//1952
f 1953//1953 1955//1955 1954//1954
f 1953//1953 1954//1954 1956//1956
f 1957//1957 1959//1959 1958//1958
f 1957//1957 1958//1958 1960//1960
f 1961//1961 1963//1963 1962//1962
f 1964//1964 718//718 1965//1965
f 1966//1966 1968//1968 1967//1967
f 1966//1966 1967//1967 1969//1969
f 1970//1970 706//706 1971//1971
f 1972//1972 1974//1974 1973//1973
f 1975//1975 1976//1976 683//683
f 1975//1975 683//683 685//685
f 1977//1977 1979//1979 1978//1978
f 1980//1980 1982//1982 1981//1981
f 1983//1983 1985//1985 1984//1984
f 1983//1983 1984//1984 1986//1986
f 1987//1987 1989//1989 1988//1988
f 1990//1990 1992//1992 1991//1991
f 1993//1993 1995//1995 1994//1994
f 1993//1993 1994//1994 1996//1996
f 1997//1997 1999//1999 1998//1998
f 2000//2000 2002//2002 2001//2001
f 2003//2003 2005//2005 2004//2004
f 2003//2003 2004//2004 2006//2006
f 2007//2007 2009//2009 2008//2008
f 2010//2010 2012//2012 2011//2011
f 2013//2013 2015//2015 2014//2014
f 2013//2013 2014//2014 2016//2016
f 2017//2017 748//748 2018//2018
f 2019//2019 2021//2021 2020//2020
f 2022//2022 2024//2024 2023//2023
f 2022//2022 2023//2023 2025//2025
f 2026//2026 2027//2027 720//720
f 2028//2028 733//733 2029//2029
f 2030//2030 2032//2032 2031//2031
f 2030//2030 2031//2031 2033//2033
f 2034//2034 2036//2036 2035//2035
f 2037//2037 2038//2038 703//703
f 680//680 682//682 2039//2039
f 680//680 2039//2039 2040//2040
f 2041//2041 2043//2043 2042//2042
f 2044//2044 2046//2046 2045//2045
f 2047//2047 2049//2049 2048//2048
f 2047//2047 2048//2048 2050//2050
f 2051//2051 2053//2053 2052//2052
f 2051//2051 2052//2052 2054//2054
f 2055//2055 2057//2057 2056//2056
f 2058//2058 2060//2060 2059//2059
f 2061//2061 2062//2062 750//750
f 696//696 693//693 2063//2063
f 696//696 2063//2063 694//694
f 2063//2063 695//695 694//694
f 700//700 701//701 696//696
f 2064//2064 700//700 696//696
f 694//694 2064//2064 696//696
f 2064//2064 702//702 700//700
f 694//694 697//697 2064//2064
f 697//697 699//699 2064//2064
f 694//694 698//698 697//697
f 2065//2065 2067//2067 2066//2066
f 2065//2065 2066//2066 2068//2068
f 2069//2069 2070//2070 735//735
f 2071//2071 2072//2072 705//705
f 2071//2071 705//705 2073//2073
f 2074//2074 2076//2076 2075//2075
f 2074//2074 2075//2075 734//734
f 2077//2077 2079//2079 2078//2078
f 2077//2077 2078//2078 2080//2080
f 677//677 674//674 2081//2081
f 677//677 2081//2081 2082//2082
f 2083//2083 2084//2084 708//708
f 2083//2083 708//708 707//707
f 2085//2085 2086//2086 762//762
f 2085//2085 762//762 761//761
f 679//679 681//681 2087//2087
f 679//679 2087//2087 2088//2088
f 709//709 712//712 711//711
f 709//709 711//711 710//710
f 757//757 760//760 759//759
f 757//757 759//759 758//758
f 2089//2089 2091//2091 2090//2090
f 2089//2089 2090//2090 2092//2092
f 2093//2093 715//715 714//714
f 2093//2093 714//714 713//713
f 754//754 2094//2094 756//756
f 754//754 756//756 755//755
f 2095//2095 2096//2096 689//689
f 2095//2095 689//689 687//687
f 2097//2097 2098//2098 717//717
f 2097//2097 717//717 716//716
f 2099//2099 2100//2100 753//753
f 2099//2099 753//753 752//752
f 2101//2101 2102//2102 692//692
f 2101//2101 692//692 691//691
f 2103//2103 2105//2105 2104//2104
f 2103//2103 2104//2104 719//719
f 2106//2106 2107//2107 751//751
f 2106//2106 751//751 2108//2108
f 2109//2109 2111//2111 2110//2110
f 2109//2109 2110//2110 2112//2112
f 2113//2113 2114//2114 721//721
f 2113//2113 721//721 2115//2115
f 2116//2116 2118//2118 2117//2117
f 2116//2116 2117//2117 749//749
f 690//690 688//688 2119//2119
f 690//690 2119//2119 2120//2120
f 2121//2121 2122//2122 723//723
f 2121//2121 723//723 722//722
f 2123//2123 2124//2124 747//747
f 2123//2123 747//747 746//746
f 686//686 684//684 2125//2125
f 686//686 2125//2125 2126//2126
f 724//724 2127//2127 726//726
f 724//724 726//726 725//725
f 2128//2128 745//745 744//744
f 2128//2128 744//744 743//743
f 2129//2129 2131//2131 2130//2130
f 2129//2129 2130//2130 2132//2132
f 727//727 730//730 729//729
f 727//727 729//729 728//728
f 739//739 742//742 741//741
f 739//739 741//741 740//740
f 2133//2133 2134//2134 676//676
f 2133//2133 676//676 678//678
f 2135//2135 2136//2136 732//732
f 2135//2135 732//732 731//731
f 2137//2137 2138//2138 738//738
f 2137//2137 738//738 737//737
f 2139//2139 2140//2140 673//673
f 2139//2139 673//673 675//675
f 2141//2141 2143//2143 2142//2142
f 2141//2141 2142//2142 704//704
f 2144//2144 2145//2145 736//736
f 2144//2144 736//736 2146//2146
f 766//766 2147//2147 763//763
f 766//766 763//763 764//764
f 763//763 765//765 764//764
f 770//770 771//771 766//766
f 769//769 770//770 766//766
f 764//764 769//769 766//766
f 769//769 772//772 770//770
f 764//764 767//767 769//769
f 767//767 2148//2148 769//769
f 764//764 768//768 767//767
f 2149//2149 2151//2151 2150//2150
f 2149//2149 2150//2150 2152//2152
f 2153//2153 2155//2155 2154//2154
f 2153//2153 2154//2154 2156//2156
f 2157//2157 2159//2159 2158//2158
f 2157//2157 2158//2158 2160//2160
f 2161//2161 2163//2163 2162//2162
f 2161//2161 2162//2162 2164//2164
f 2165//2165 2167//2167 2166//2166
f 2165//2165 2166//2166 2168//2168
f 2169//2169 2171//2171 2170//2170
f 2169//2169 2170//2170 2172//2172
f 2173//2173 2175//2175 2174//2174
f 2173//2173 2174//2174 2176//2176
f 2177//2177 2179//2179 2178//2178
f 2177//2177 2178//2178 2180//2180
f 2181//2181 2183//2183 2182//2182
f 2181//2181 2182//2182 2184//2184
f 2185//2185 2187//2187 2186//2186
f 2185//2185 2186//2186 2188//2188
f 2189//2189 2191//2191 2190//2190
f 2189//2189 2190//2190 2192//2192
f 2190//2190 2193//2193 2192//2192
f 2194//2194 2195//2195 2189//2189
f 2196//2196 2194//2194 2189//2189
f 2192//2192 2196//2196 2189//2189
f 2196//2196 2197//2197 2194//2194
f 2192//2192 2198//2198 2196//2196
f 2198//2198 2199//2199 2196//2196
f 2192//2192 2200//2200 2198//2198
f 2201//2201 2203//2203 2202//2202
f 2201//2201 2202//2202 2204//2204
f 2205//2205 2207//2207 2206//2206
f 2205//2205 2206//2206 2208//2208
f 2209//2209 2211//2211 2210//2210
f 2209//2209 2210//2210 2212//2212
f 2210//2210 2213//2213 2212//2212
f 2214//2214 2215//2215 2209//2209
f 2216//2216 2214//2214 2209//2209
f 2212//2212 2216//2216 2209//2209
f 2216//2216 2217//2217 2214//2214
f 2212//2212 2218//2218 2216//2216
f 2218//2218 2219//2219 2216//2216
f 2212//2212 2220//2220 2218//2218
f 2221//2221 2223//2223 2222//2222
f 2224//2224 818//818 2225//2225
f 2226//2226 2228//2228 2227//2227
f 2226//2226 2227//2227 2229//2229
f 2230//2230 806//806 2231//2231
f 2232//2232 2234//2234 2233//2233
f 2235//2235 2236//2236 783//783
f 2235//2235 783//783 785//785
f 2237//2237 2239//2239 2238//2238
f 2240//2240 2242//2242 2241//2241
f 2243//2243 2245//2245 2244//2244
f 2243//2243 2244//2244 2246//2246
f 2247//2247 2249//2249 2248//2248
f 2250//2250 2252//2252 2251//2251
f 2253//2253 2255//2255 2254//2254
f 2253//2253 2254//2254 2256//2256
f 2257//2257 2259//2259 2258//2258
f 2260//2260 2262//2262 2261//2261
f 2263//2263 2265//2265 2264//2264
f 2263//2263 2264//2264 2266//2266
f 2267//2267 2269//2269 2268//2268
f 2270//2270 2272//2272 2271//2271
f 2273//2273 2275//2275 2274//2274
f 2273//2273 2274//2274 2276//2276
f 2277//2277 848//848 2278//2278
f 2279//2279 2281//2281 2280//2280
f 2282//2282 2284//2284 2283//2283
f 2282//2282 2283//2283 2285//2285
f 2286//2286 2287//2287 820//820
f 2288//2288 833//833 2289//2289
f 2290//2290 2292//2292 2291//2291
f 2290//2290 2291//2291 2293//2293
f 2294//2294 2296//2296 2295//2295
f 2297//2297 2298//2298 803//803
f 780//780 782//782 2299//2299
f 780//780 2299//2299 2300//2300
f 2301//2301 2303//2303 2302//2302
f 2304//2304 2306//2306 2305//2305
f 2307//2307 2309//2309 2308//2308
f 2307//2307 2308//2308 2310//2310
f 2311//2311 2313//2313 2312//2312
f 2311//2311 2312//2312 2314//2314
f 2315//2315 2317//2317 2316//2316
f 2318//2318 2320//2320 2319//2319
f 2321//2321 2322//2322 850//850
f 796//796 793//793 2323//2323
f 796//796 2323//2323 794//794
f 2323//2323 795//795 794//794
f 800//800 801//801 796//796
f 2324//2324 800//800 796//796
f 794//794 2324//2324 796//796
f 2324//2324 802//802 800//800
f 794//794 797//797 2324//2324
f 797//797 799//799 2324//2324
f 794//794 798//798 797//797
f 2325//2325 2327//2327 2326//2326
f 2325//2325 2326//2326 2328//2328
f 2329//2329 2330//2330 835//835
f 2331//2331 2332//2332 805//805
f 2331//2331 805//805 2333//2333
f 2334//2334 2336//2336 2335//2335
f 2334//2334 2335//2335 834//834
f 2337//2337 2339//2339 2338//2338
f 2337//2337 2338//2338 2340//2340
f 777//777 774//774 2341//2341
f 777//777 2341//2341 2342//2342
f 2343//2343 2344//2344 808//808
f 2343//2343 808//808 807//807
f 2345//2345 2346//2346 862//862
f 2345//2345 862//862 861//861
f 779//779 781//781 2347//2347
f 779//779 2347//2347 2348//2348
f 809//809 812//812 811//811
f 809//809 811//811 810//810
f 857//857 860//860 859//859
f 857//857 859//859 858//858
f 2349//2349 2351//2351 2350//2350
f 2349//2349 2350//2350 2352//2352
f 2353//2353 815//815 814//814
f 2353//2353 814//814 813//813
f 854//854 2354//2354 856//856
f 854//854 856//856 855//855
f 2355//2355 2356//2356 789//789
f 2355//2355 789//789 787//787
f 2357//2357 2358//2358 817//817
f 2357//2357 817//817 816//816
f 2359//2359 2360//2360 853//853
f 2359//2359 853//853 852//852
f 2361//2361 2362//2362 792//792
f 2361//2361 792//792 791//791
f 2363//2363 2365//2365 2364//2364
f 2363//2363 2364//2364 819//819
f 2366//2366 2367//2367 851//851
f 2366//2366 851//851 2368//2368
f 2369//2369 2371//2371 2370//2370
f 2369//2369 2370//2370 2372//2372
f 2373//2373 2374//2374 821//821
f 2373//2373 821//821 2375//2375
f 2376//2376 2378//2378 2377//2377
f 2376//2376 2377//2377 849//849
f 790//790 788//788 2379//2379
f 790//790 2379//2379 2380//2380
f 2381//2381 2382//2382 823//823
f 2381//2381 823//823 822//822
f 2383//2383 2384//2384 847//847
f 2383//2383 847//847 846//846
f 786//786 784//784 2385//2385
f 786//786 2385//2385 2386//2386
f 824//824 2387//2387 826//826
f 824//824 826//826 825//825
f 2388//2388 845//845 844//844
f 2388//2388 844//844 843//843
f 2389//2389 2391//2391 2390//2390
f 2389//2389 2390//2390 2392//2392
f 827//827 830//830 829//829
f 827//827 829//829 828//828
f 839//839 842//842 841//841
f 839//839 841//841 840//840
f 2393//2393 2394//2394 776//776
f 2393//2393 776//776 778//778
f 2395//2395 2396//2396 832//832
f 2395//2395 832//832 831//831
f 2397//2397 2398//2398 838//838
f 2397//2397 838//838 837//837
f 2399//2399 2400//2400 773//773
f 2399//2399 773//773 775//775
f 2401//2401 2403//2403 2402//2402
f 2401//2401 2402//2402 804//804
f 2404//2404 2405//2405 836//836
f 2404//2404 836//836 2406//2406
f 866//866 2407//2407 863//863
f 866//866 863//863 864//864
f 863//863 865//865 864//864
f 870//870 871//871 866//866
f 869//869 870//870 866//866
f 864//864 869//869 866//866
f 869//869 872//872 870//870
f 864//864 867//867 869//869
f 867//867 2408//2408 869//869
f 864//864 868//868 867//867
f 2409//2409 2411//2411 2410//2410
f 2409//2409 2410//2410 2412//2412
f 2413//2413 2415//2415 2414//2414
f 2413//2413 2414//2414 2416//2416
f 2417//2417 2419//2419 2418//2418
f 2417//2417 2418//2418 2420//2420
f 2421//2421 2423//2423 2422//2422
f 2421//2421 2422//2422 2424//2424
f 2425//2425 2427//2427 2426//2426
f 2425//2425 2426//2426 2428//2428
f 2429//2429 2431//2431 2430//2430
f 2429//2429 2430//2430 2432//2432
f 2433//2433 2435//2435 2434//2434
f 2433//2433 2434//2434 2436//2436
f 2437//2437 2439//2439 2438//2438
f 2437//2437 2438//2438 2440//2440
f 2441//2441 2443//2443 2442//2442
f 2441//2441 2442//2442 2444//2444
f 2445//2445 2447//2447 2446//2446
f 2445//2445 2446//2446 2448//2448
f 2449//2449 2451//2451 2450//2450
f 2449//2449 2450//2450 2452//2452
f 2450//2450 2453//2453 2452//2452
f 2454//2454 2455//2455 2449//2449
f 2456//2456 2454//2454 2449//2449
f 2452//2452 2456//2456 2449//2449
f 2456//2456 2457//2457 2454//2454
f 2452//2452 2458//2458 2456//2456
f 2458//2458 2459//2459 2456//2456
f 2452//2452 2460//2460 2458//2458
f 2461//2461 2463//2463 2462//2462
f 2461//2461 2462//2462 2464//2464
f 2465//2465 2467//2467 2466//2466
f 2465//2465 2466//2466 2468//2468
f 2469//2469 2471//2471 2470//2470
f 2469//2469 2470//2470 2472//2472
f 2470//2470 2473//2473 2472//2472
f 2474//2474 2475//2475 2469//2469
f 2476//2476 2474//2474 2469//2469
f 2472//2472 2476//2476 2469//2469
f 2476//2476 2477//2477 2474//2474
f 2472//2472 2478//2478 2476//2476
f 2478//2478 2479//2479 2476//2476
f 2472//2472 2480//2480 2478//2478
f 2481//2481 2483//2483 2482//2482
f 2484//2484 918//918 2485//2485
f 2486//2486 2488//2488 2487//2487
f 2486//2486 2487//2487 2489//2489
f 2490//2490 906//906 2491//2491
f 2492//2492 2494//2494 2493//2493
f 2495//2495 2496//2496 883//883
f 2495//2495 883//883 885//885
f 2497//2497 2499//2499 2498//2498
f 2500//2500 2502//2502 2501//2501
f 2503//2503 2505//2505 2504//2504
f 2503//2503 2504//2504 2506//2506
f 2507//2507 2509//2509 2508//2508
f 2510//2510 2512//2512 2511//2511
f 2513//2513 2515//2515 2514//2514
f 2513//2513 2514//2514 2516//2516
f 2517//2517 2519//2519 2518//2518
f 2520//2520 2522//2522 2521//2521
f 2523//2523 2525//2525 2524//2524
f 2523//2523 2524//2524 2526//2526
f 2527//2527 2529//2529 2528//2528
f 2530//2530 2532//2532 2531//2531
f 2533//2533 2535//2535 2534//2534
f 2533//2533 2534//2534 2536//2536
f 2537//2537 948//948 2538//2538
f 2539//2539 2541//2541 2540//2540
f 2542//2542 2544//2544 2543//2543
f 2542//2542 2543//2543 2545//2545
f 2546//2546 2547//2547 920//920
f 2548//2548 933//933 2549//2549
f 2550//2550 2552//2552 2551//2551
f 2550//2550 2551//2551 2553//2553
f 2554//2554 2556//2556 2555//2555
f 2557//2557 2558//2558 903//903
f 880//880 882//882 2559//2559
f 880//880 2559//2559 2560//2560
f 2561//2561 2563//2563 2562//2562
f 2564//2564 2566//2566 2565//2565
f 2567//2567 2569//2569 2568//2568
f 2567//2567 2568//2568 2570//2570
f 2571//2571 2573//2573 2572//2572
f 2571//2571 2572//2572 2574//2574
f 2575//2575 2577//2577 2576//2576
f 2578//2578 2580//2580 2579//2579
f 2581//2581 2582//2582 950//950
f 896//896 893//893 2583//2583
f 896//896 2583//2583 894//894
f 2583//2583 895//895 894//894
f 900//900 901//901 896//896
f 2584//2584 900//900 896//896
f 894//894 2584//2584 896//896
f 2584//2584 902//902 900//900
f 894//894 897//897 2584//2584
f 897//897 899//899 2584//2584
f 894//894 898//898 897//897
f 2585//2585 2587//2587 2586//2586
f 2585//2585 2586//2586 2588//2588
f 2589//2589 2590//2590 935//935
f 2591//2591 2592//2592 905//905
f 2591//2591 905//905 2593//2593
f 2594//2594 2596//2596 2595//2595
f 2594//2594 2595//2595 934//934
f 2597//2597 2599//2599 2598//2598
f 2597//2597 2598//2598 2600//2600
f 877//877 874//874 2601//2601
f 877//877 2601//2601 2602//2602
f 2603//2603 2604//2604 908//908
f 2603//2603 908//908 907//907
f 2605//2605 2606//2606 962//962
f 2605//2605 962//962 961//961
f 879//879 881//881 2607//2607
f 879//879 2607//2607 2608//2608
f 909//909 912//912 911//911
f 909//909 911//911 910//910
f 957//957 960//960 959//959
f 957//957 959//959 958//958
f 2609//2609 2611//2611 2610//2610
f 2609//2609 2610//2610 2612//2612
f 2613//2613 915//915 914//914
f 2613//2613 914//914 913//913
f 954//954 2614//2614 956//956
f 954//954 956//956 955//955
f 2615//2615 2616//2616 889//889
f 2615//2615 889//889 887//887
f 2617//2617 2618//2618 917//917
f 2617//2617 917//917 916//916
f 2619//2619 2620//2620 953//953
f 2619//2619 953//953 952//952
f 2621//2621 2622//2622 892//892
f 2621//2621 892//892 891//891
f 2623//2623 2625//2625 2624//2624
f 2623//2623 2624//2624 919//919
f 2626//2626 2627//2627 951//951
f 2626//2626 951//951 2628//2628
f 2629//2629 2631//2631 2630//2630
f 2629//2629 2630//2630 2632//2632
f 2633//2633 2634//2634 921//921
f 2633//2633 921//921 2635//2635
f 2636//2636 2638//2638 2637//2637
f 2636//2636 2637//2637 949//949
f 890//890 888//888 2639//2639
f 890//890 2639//2639 2640//2640
f 2641//2641 2642//2642 923//923
f 2641//2641 923//923 922//922
f 2643//2643 2644//2644 947//947
f 2643//2643 947//947 946//946
f 886//886 884//884 2645//2645
f 886//886 2645//2645 2646//2646
f 924//924 2647//2647 926//926
f 924//924 926//926 925//925
f 2648//2648 945//945 944//944
f 2648//2648 944//944 943//943
f 2649//2649 2651//2651 2650//2650
f 2649//2649 2650//2650 2652//2652
f 927//927 930//930 929//929
f 927//927 929//929 928//928
f 939//939 942//942 941//941
f 939//939 941//941 940//940
f 2653//2653 2654//2654 876//876
f 2653//2653 876//876 878//878
f 2655//2655 2656//2656 932//932
f 2655//2655 932//932 931//931
f 2657//2657 2658//2658 938//938
f 2657//2657 938//938 937//937
f 2659//2659 2660//2660 873//873
f 2659//2659 873//873 875//875
f 2661//2661 2663//2663 2662//2662
f 2661//2661 2662//2662 904//904
f 2664//2664 2665//2665 936//936
f 2664//2664 936//936 2666//2666
f 966//966 2667//2667 963//963
f 966//966 963//963 964//964
f 963//963 965//965 964//964
f 970//970 971//971 966//966
f 969//969 970//970 966//966
f 964//964 969//969 966//966
f 969//969 972//972 970//970
f 964//964 967//967 969//969
f 967//967 2668//2668 969//969
f 964//964 968//968 967//967
f 2669//2669 2671//2671 2670//2670
f 2669//2669 2670//2670 2672//2672
f 2673//2673 2675//2675 2674//2674
f 2673//2673 2674//2674 2676//2676
f 2677//2677 2679//2679 2678//2678
f 2677//2677 2678//2678 2680//2680
f 2681//2681 2683//2683 2682//2682
f 2681//2681 2682//2682 2684//2684
f 2685//2685 2687//2687 2686//2686
f 2685//2685 2686//2686 2688//2688
f 2689//2689 2691//2691 2690//2690
f 2689//2689 2690//2690 2692//2692
f 2693//2693 2695//2695 2694//2694
f 2693//2693 2694//2694 2696//2696
f 2697//2697 2699//2699 2698//2698
f 2697//2697 2698//2698 2700//2700
f 2701//2701 2703//2703 2702//2702
f 2701//2701 2702//2702 2704//2704
f 2705//2705 2707//2707 2706//2706
f 2705//2705 2706//2706 2708//2708
f 2709//2709 2711//2711 2710//2710
f 2709//2709 2710//2710 2712//2712
f 2710//2710 2713//2713 2712//2712
f 2714//2714 2715//2715 2709//2709
f 2716//2716 2714//2714 2709//2709
f 2712//2712 2716//2716 2709//2709
f 2716//2716 2717//2717 2714//2714
f 2712//2712 2718//2718 2716//2716
f 2718//2718 2719//2719 2716//2716
f 2712//2712 2720//2720 2718//2718
f 2721//2721 2723//2723 2722//2722
f 2721//2721 2722//2722 2724//2724
f 2725//2725 2727//2727 2726//2726
f 2725//2725 2726//2726 2728//2728
f 2729//2729 2731//2731 2730//2730
f 2729//2729 2730//2730 2732//2732
f 2730//2730 2733//2733 2732//2732
f 2734//2734 2735//2735 2729//2729
f 2736//2736 2734//2734 2729//2729
f 2732//2732 2736//2736 2729//2729
f 2736//2736 2737//2737 2734//2734
f 2732//2732 2738//2738 2736//2736
f 2738//2738 2739//2739 2736//2736
f 2732//2732 2740//2740 2738//2738
f 2741//2741 2743//2743 2742//2742
f 2744//2744 1018//1018 2745//2745
f 2746//2746 2748//2748 2747//2747
f 2746//2746 2747//2747 2749//2749
f 2750//2750 1006//1006 2751//2751
f 2752//2752 2754//2754 2753//2753
f 2755//2755 2756//2756 983//983
f 2755//2755 983//983 985//985
f 2757//2757 2759//2759 2758//2758
f 2760//2760 2762//2762 2761//2761
f 2763//2763 2765//2765 2764//2764
f 2763//2763 2764//2764 2766//2766
f 2767//2767 2769//2769 2768//2768
f 2770//2770 2772//2772 2771//2771
f 2773//2773 2775//2775 2774//2774
f 2773//2773 2774//2774 2776//2776
f 2777//2777 2779//2779 2778//2778
f 2780//2780 2782//2782 2781//2781
f 2783//2783 2785//2785 2784//2784
f 2783//2783 2784//2784 2786//2786
f 2787//2787 2789//2789 2788//2788
f 2790//2790 2792//2792 2791//2791
f 2793//2793 2795//2795 2794//2794
f 2793//2793 2794//2794 2796//2796
f 2797//2797 1048//1048 2798//2798
f 2799//2799 2801//2801 2800//2800
f 2802//2802 2804//2804 2803//2803
f 2802//2802 2803//2803 2805//2805
f 2806//2806 2807//2807 1020//1020
f 2808//2808 1033//1033 2809//2809
f 2810//2810 2812//2812 2811//2811
f 2810//2810 2811//2811 2813//2813
f 2814//2814 2816//2816 2815//2815
f 2817//2817 2818//2818 1003//1003
f 980//980 982//982 2819//2819
f 980//980 2819//2819 2820//2820
f 2821//2821 2823//2823 2822//2822
f 2824//2824 2826//2826 2825//2825
f 2827//2827 2829//2829 2828//2828
f 2827//2827 2828//2828 2830//2830
f 2831//2831 2833//2833 2832//2832
f 2831//2831 2832//2832 2834//2834
f 2835//2835 2837//2837 2836//2836
f 2838//2838 2840//2840 2839//2839
f 2841//2841 2842//2842 1050//1050
f 996//996 993//993 2843//2843
f 996//996 2843//2843 994//994
f 2843//2843 995//995 994//994
f 1000//1000 1001//1001 996//996
f 2844//2844 1000//1000 996//996
f 994//994 2844//2844 996//996
f 2844//2844 1002//1002 1000//1000
f 994//994 997//997 2844//2844
f 997//997 999//999 2844//2844
f 994//994 998//998 997//997
f 2845//2845 2847//2847 2846//2846
f 2845//2845 2846//2846 2848//2848
f 2849//2849 2850//2850 1035//1035
f 2851//2851 2852//2852 1005//1005
f 2851//2851 1005//1005 2853//2853
f 2854//2854 2856//2856 2855//2855
f 2854//2854 2855//2855 1034//1034
f 2857//2857 2859//2859 2858//2858
f 2857//2857 2858//2858 2860//2860
f 977//977 974//974 2861//2861
f 977//977 2861//2861 2862//2862
f 2863//2863 2864//2864 1008//1008
f 2863//2863 1008//1008 1007//1007
f 2865//2865 2866//2866 1062//1062
f 2865//2865 1062//1062 1061//1061
f 979//979 981//981 2867//2867
f 979//979 2867//2867 2868//2868
f 1009//1009 1012//1012 1011//1011
f 1009//1009 1011//1011 1010//1010
f 1057//1057 1060//1060 1059//1059
f 1057//1057 1059//1059 1058//1058
f 2869//2869 2871//2871 2870//2870
f 2869//2869 2870//2870 2872//2872
f 2873//2873 1015//1015 1014//1014
f 2873//2873 1014//1014 1013//1013
f 1054//1054 2874//2874 1056//1056
f 1054//1054 1056//1056 1055//1055
f 2875//2875 2876//2876 989//989
f 2875//2875 989//989 987//987
f 2877//2877 2878//2878 1017//1017
f 2877//2877 1017//1017 1016//1016
f 2879//2879 2880//2880 1053//1053
f 2879//2879 1053//1053 1052//1052
f 2881//2881 2882//2882 992//992
f 2881//2881 992//992 991//991
f 2883//2883 2885//2885 2884//2884
f 2883//2883 2884//2884 1019//1019
f 2886//2886 2887//2887 1051//1051
f 2886//2886 1051//1051 2888//2888
f 2889//2889 2891//2891 2890//2890
f 2889//2889 2890//2890 2892//2892
f 2893//2893 2894//2894 1021//1021
f 2893//2893 1021//1021 2895//2895
f 2896//2896 2898//2898 2897//2897
f 2896//2896 2897//2897 1049//1049
f 990//990 988//988 2899//2899
f 990//990 2899//2899 2900//2900
f 2901//2901 2902//2902 1023//1023
f 2901//2901 1023//1023 1022//1022
f 2903//2903 2904//2904 1047//1047
f 2903//2903 1047//1047 1046//1046
f 986//986 984//984 2905//2905
f 986//986 2905//2905 2906//2906
f 1024//1024 2907//2907 1026//1026
f 1024//1024 1026//1026 1025//1025
f 2908//2908 1045//1045 1044//1044
f 2908//2908 1044//1044 1043//1043
f 2909//2909 2911//2911 2910//2910
f 2909//2909 2910//2910 2912//2912
f 1027//1027 1030//1030 1029//1029
f 1027//1027 1029//1029 1028//1028
f 1039//1039 1042//1042 1041//1041
f 1039//1039 1041//1041 1040//1040
f 2913//2913 2914//2914 976//976
f 2913//2913 976//976 978//978
f 2915//2915 2916//2916 1032//1032
f 2915//2915 1032//1032 1031//1031
f 2917//2917 2918//2918 1038//1038
f 2917//2917 1038//1038 1037//1037
f 2919//2919 2920//2920 973//973
f 2919//2919 973//973 975//975
f 2921//2921 2923//2923 2922//2922
f 2921//2921 2922//2922 1004//1004
f 2924//2924 2925//2925 1036//1036
f 2924//2924 1036//1036 2926//2926
f 1066//1066 2927//2927 1063//1063
f 1066//1066 1063//1063 1064//1064
f 1063//1063 1065//1065 1064//1064
f 1070//1070 1071//1071 1066//1066
f 1069//1069 1070//1070 1066//1066
f 1064//1064 1069//1069 1066//1066
f 1069//1069 1072//1072 1070//1070
f 1064//1064 1067//1067 1069//1069
f 1067//1067 2928//2928 1069//1069
f 1064//1064 1068//1068 1067//1067
f 2929//2929 2931//2931 2930//2930
f 2929//2929 2930//2930 2932//2932
f 2933//2933 2935//2935 2934//2934
f 2933//2933 2934//2934 2936//2936
f 2937//2937 2939//2939 2938//2938
f 2937//2937 2938//2938 2940//2940
f 2941//2941 2943//2943 2942//2942
f 2941//2941 2942//2942 2944//2944
f 2945//2945 2947//2947 2946//2946
f 2945//2945 2946//2946 2948//2948
f 2949//2949 2951//2951 2950//2950
f 2949//2949 2950//2950 2952//2952
f 2953//2953 2955//2955 2954//2954
f 2953//2953 2954//2954 2956//2956
f 2957//2957 2959//2959 2958//2958
f 2957//2957 2958//2958 2960//2960
f 2961//2961 2963//2963 2962//2962
f 2961//2961 2962//2962 2964//2964
f 2965//2965 2967//2967 2966//2966
f 2965//2965 2966//2966 2968//2968
f 2969//2969 2971//2971 2970//2970
f 2969//2969 2970//2970 2972//2972
f 2970//2970 2973//2973 2972//2972
f 2974//2974 2975//2975 2969//2969
f 2976//2976 2974//2974 2969//2969
f 2972//2972 2976//2976 2969//2969
f 2976//2976 2977//2977 2974//2974
f 2972//2972 2978//2978 2976//2976
f 2978//2978 2979//2979 2976//2976
f 2972//2972 2980//2980 2978//2978
f 2981//2981 2983//2983 2982//2982
f 2981//2981 2982//2982 2984//2984
f 2985//2985 2987//2987 2986//2986
f 2985//2985 2986//2986 2988//2988
f 2989//2989 2991//2991 2990//2990
f 2989//2989 2990//2990 2992//2992
f 2990//2990 2993//2993 2992//2992
f 2994//2994 2995//2995 2989//2989
f 2996//2996 2994//2994 2989//2989
f 2992//2992 2996//2996 2989//2989
f 2996//2996 2997//2997 2994//2994
f 2992//2992 2998//2998 2996//2996
f 2998//2998 2999//2999 2996//2996
f 2992//2992 3000//3000 2998//2998
f 1073//1073 1075//1075 1074//1074
f 1073//1073 1074//1074 1076//1076
f 1077//1077 1079//1079 1078//1078
f 1077//1077 1078//1078 1080//1080
f 1081//1081 1083//1083 1082//1082
f 1081//1081 1082//1082 1084//1084
f 1085//1085 1087//1087 1086//1086
f 1085//1085 1086//1086 1088//1088
f 1089//1089 1091//1091 1090//1090
f 1089//1089 1090//1090 1092//1092
f 1093//1093 1095//1095 1094//1094
f 1096//1096 1098//1098 1097//1097
f 1099//1099 1101//1101 1100//1100
f 1102//1102 1104//1104 1103//1103
f 1105//1105 1107//1107 1106//1106
f 1108//1108 1110//1110 1109//1109
f 1111//1111 1113//1113 1112//1112
f 1114//1114 1116//1116 1115//1115
f 1117//1117 1119//1119 1118//1118
f 1117//1117 1118//1118 1120//1120
f 1121//1121 1123//1123 1122//1122
f 1121//1121 1122//1122 1124//1124
f 1125//1125 1127//1127 1126//1126
f 1125//1125 1126//1126 1128//1128
f 1129//1129 1131//1131 1130//1130
f 1129//1129 1130//1130 1132//1132
f 1133//1133 1135//1135 1134//1134
f 1133//1133 1134//1134 1136//1136
f 1137//1137 1139//1139 1138//1138
f 1137//1137 1138//1138 1140//1140
f 1141//1141 1143//1143 1142//1142
f 1141//1141 1142//1142 1144//1144
f 1145//1145 1147//1147 1146//1146
f 1145//1145 1146//1146 1148//1148
f 1149//1149 1151//1151 1150//1150
f 1149//1149 1150//1150 1152//1152
f 1153//1153 1155//1155 1154//1154
f 1153//1153 1154//1154 1156//1156
f 1157//1157 1159//1159 1158//1158
f 1157//1157 1158//1158 1160//1160
f 1161//1161 1163//1163 1162//1162
f 1161//1161 1162//1162 1164//1164
f 1165//1165 1167//1167 1166//1166
f 1165//1165 1166//1166 1168//1168
g core_team
usemtl team
v 0.77998 0.39800 -0.00001
v 0.85097 0.39800 -0.12295
v 0.77998 0.39800 -0.14198
v 0.90294 0.39800 -0.07098
v 0.70900 0.39800 -0.12295
v 0.92196 0.39800 -0.00001
v 0.65706 0.39800 -0.07098
v 0.90294 0.39800 0.07097
v 0.63804 0.39800 -0.00001
v 0.85097 0.39800 0.12293
v 0.65706 0.39800 0.07097
v 0.77998 0.39800 0.14194
v 0.70900 0.39800 0.12293
v 0.77998 0.39800 -0.14198
v 0.85097 0.39800 -0.12295
v 0.77998 0.57272 -0.00001
v 0.85097 0.39800 -0.12295
v 0.90294 0.39800 -0.07098
v 0.77998 0.57272 -0.00001
v 0.90294 0.39800 -0.07098
v 0.92196 0.39800 -0.00001
v 0.77998 0.57272 -0.00001
v 0.92196 0.39800 -0.00001
v 0.90294 0.39800 0.07097
v 0.77998 0.57272 -0.00001
v 0.90294 0.39800 0.07097
v 0.85097 0.39800 0.12293
v 0.77998 0.57272 -0.00001
v 0.85097 0.39800 0.12293
v 0.77998 0.39800 0.14194
v 0.77998 0.57272 -0.00001
v 0.77998 0.39800 0.14194
v 0.70900 0.39800 0.12293
v 0.77998 0.57272 -0.00001
v 0.70900 0.39800 0.12293
v 0.65706 0.39800 0.07097
v 0.77998 0.57272 -0.00001
v 0.65706 0.39800 0.07097
v 0.63804 0.39800 -0.00001
v 0.77998 0.57272 -0.00001
v 0.63804 0.39800 -0.00001
v 0.65706 0.39800 -0.07098
v 0.77998 0.57272 -0.00001
v 0.65706 0.39800 -0.07098
v 0.70900 0.39800 -0.12295
v 0.77998 0.57272 -0.00001
v 0.70900 0.39800 -0.12295
v 0.77998 0.39800 -0.14198
v 0.77998 0.57272 -0.00001
v 0.38998 0.45920 -0.45935
v 0.46097 0.45920 -0.58229
v 0.38998 0.45920 -0.60130
v 0.51294 0.45920 -0.53032
v 0.31900 0.45920 -0.58229
v 0.53193 0.45920 -0.45935
v 0.26706 0.45920 -0.53032
v 0.51294 0.45920 -0.38837
v 0.24804 0.45920 -0.45935
v 0.46097 0.45920 -0.33641
v 0.26706 0.45920 -0.38837
v 0.38998 0.45920 -0.31740
v 0.31900 0.45920 -0.33641
v 0.38998 0.45920 -0.60130
v 0.46097 0.45920 -0.58229
v 0.38998 0.63392 -0.45935
v 0.46097 0.45920 -0.58229
v 0.51294 0.45920 -0.53032
v 0.38998 0.63392 -0.45935
v 0.51294 0.45920 -0.53032
v 0.53193 0.45920 -0.45935
v 0.38998 0.63392 -0.45935
v 0.53193 0.45920 -0.45935
v 0.51294 0.45920 -0.38837
v 0.38998 0.63392 -0.45935
v 0.51294 0.45920 -0.38837
v 0.46097 0.45920 -0.33641
v 0.38998 0.63392 -0.45935
v 0.46097 0.45920 -0.33641
v 0.38998 0.45920 -0.31740
v 0.38998 0.63392 -0.45935
v 0.38998 0.45920 -0.31740
v 0.31900 0.45920 -0.33641
v 0.38998 0.63392 -0.45935
v 0.31900 0.45920 -0.33641
v 0.26706 0.45920 -0.38837
v 0.38998 0.63392 -0.45935
v 0.26706 0.45920 -0.38837
v 0.24804 0.45920 -0.45935
v 0.38998 0.63392 -0.45935
v 0.24804 0.45920 -0.45935
v 0.26706 0.45920 -0.53032
v 0.38998 0.63392 -0.45935
v 0.26706 0.45920 -0.53032
v 0.31900 0.45920 -0.58229
v 0.38998 0.63392 -0.45935
v 0.31900 0.45920 -0.58229
v 0.38998 0.45920 -0.60130
v 0.38998 0.63392 -0.45935
v -0.39001 0.45920 -0.45935
v -0.31902 0.45920 -0.58229
v -0.39001 0.45920 -0.60130
v -0.26708 0.45920 -0.53032
v -0.46100 0.45920 -0.58229
v -0.24806 0.45920 -0.45935
v -0.51297 0.45920 -0.53032
v -0.26708 0.45920 -0.38837
v -0.53196 0.45920 -0.45935
v -0.31902 0.45920 -0.33641
v -0.51297 0.45920 -0.38837
v -0.39001 0.45920 -0.31740
v -0.46100 0.45920 -0.33641
v -0.39001 0.45920 -0.60130
v -0.31902 0.45920 -0.58229
v -0.39001 0.63392 -0.45935
v -0.31902 0.45920 -0.58229
v -0.26708 0.45920 -0.53032
v -0.39001 0.63392 -0.45935
v -0.26708 0.45920 -0.53032
v -0.24806 0.45920 -0.45935
v -0.39001 0.63392 -0.45935
v -0.24806 0.45920 -0.45935
v -0.26708 0.45920 -0.38837
v -0.39001 0.63392 -0.45935
v -0.26708 0.45920 -0.38837
v -0.31902 0.45920 -0.33641
v -0.39001 0.63392 -0.45935
v -0.31902 0.45920 -0.33641
v -0.39001 0.45920 -0.31740
v -0.39001 0.63392 -0.45935
v -0.39001 0.45920 -0.31740
v -0.46100 0.45920 -0.33641
v -0.39001 0.63392 -0.45935
v -0.46100 0.45920 -0.33641
v -0.51297 0.45920 -0.38837
v -0.39001 0.63392 -0.45935
v -0.51297 0.45920 -0.38837
v -0.53196 0.45920 -0.45935
v -0.39001 0.63392 -0.45935
v -0.53196 0.45920 -0.45935
v -0.51297 0.45920 -0.53032
v -0.39001 0.63392 -0.45935
v -0.51297 0.45920 -0.53032
v -0.46100 0.45920 -0.58229
v -0.39001 0.63392 -0.45935
v -0.46100 0.45920 -0.58229
v -0.39001 0.45920 -0.60130
v -0.39001 0.63392 -0.45935
v -0.78001 0.39800 -0.00001
v -0.70902 0.39800 -0.12295
v -0.78001 0.39800 -0.14198
v -0.65708 0.39800 -0.07098
v -0.85100 0.39800 -0.12295
v -0.63806 0.39800 -0.00001
v -0.90297 0.39800 -0.07098
v -0.65708 0.39800 0.07097
v -0.92196 0.39800 -0.00001
v -0.70902 0.39800 0.12293
v -0.90297 0.39800 0.07097
v -0.78001 0.39800 0.14194
v -0.85100 0.39800 0.12293
v -0.78001 0.39800 -0.14198
v -0.70902 0.39800 -0.12295
v -0.78001 0.57272 -0.00001
v -0.70902 0.39800 -0.12295
v -0.65708 0.39800 -0.07098
v -0.78001 0.57272 -0.00001
v -0.65708 0.39800 -0.07098
v -0.63806 0.39800 -0.00001
v -0.78001 0.57272 -0.00001
v -0.63806 0.39800 -0.00001
v -0.65708 0.39800 0.07097
v -0.78001 0.57272 -0.00001
v -0.65708 0.39800 0.07097
v -0.70902 0.39800 0.12293
v -0.78001 0.57272 -0.00001
v -0.70902 0.39800 0.12293
v -0.78001 0.39800 0.14194
v -0.78001 0.57272 -0.00001
v -0.78001 0.39800 0.14194
v -0.85100 0.39800 0.12293
v -0.78001 0.57272 -0.00001
v -0.85100 0.39800 0.12293
v -0.90297 0.39800 0.07097
v -0.78001 0.57272 -0.00001
v -0.90297 0.39800 0.07097
v -0.92196 0.39800 -0.00001
v -0.78001 0.57272 -0.00001
v -0.92196 0.39800 -0.00001
v -0.90297 0.39800 -0.07098
v -0.78001 0.57272 -0.00001
v -0.90297 0.39800 -0.07098
v -0.85100 0.39800 -0.12295
v -0.78001 0.57272 -0.00001
v -0.85100 0.39800 -0.12295
v -0.78001 0.39800 -0.14198
v -0.78001 0.57272 -0.00001
v -0.11501 0.33250 0.55433
v -0.00001 0.43250 0.45932
v 0.11498 0.33250 0.55433
v 0.11498 0.33250 0.55433
v -0.00001 0.43250 0.45932
v 0.11498 0.33250 0.36432
v 0.11498 0.33250 0.36432
v -0.00001 0.43250 0.45932
v -0.11501 0.33250 0.36432
v -0.11501 0.33250 0.36432
v -0.00001 0.43250 0.45932
v -0.11501 0.33250 0.55433
v -0.11501 0.33250 0.36432
v 0.11498 0.33250 0.55433
v 0.11498 0.33250 0.36432
v -0.11501 0.33250 0.55433
vn -0.0000 -0.7071 0.7071
vn -0.0000 -0.7071 0.7071
vn -0.0000 -0.7071 0.7071
vn -0.0000 -0.7071 0.7071
vn -0.0000 -0.7071 0.7071
vn -0.0000 -0.7071 0.7071
vn -0.0000 -0.7071 0.7071
vn -0.0000 -0.7071 0.7071
vn -0.0000 -0.7071 0.7071
vn -0.0000 -0.7071 0.7071
vn -0.0000 -0.7071 0.7071
vn -0.0000 -0.7071 0.7071
vn -0.0000 -0.7071 0.7071
vn 0.5259 -0.8198 -0.2268
vn 0.5259 -0.8198 -0.2268
vn 0.5259 -0.8198 -0.2268
vn -0.1096 -0.9099 -0.4002
vn -0.1096 -0.9099 -0.4002
vn -0.1096 -0.9099 -0.4002
vn -0.5727 -0.5240 -0.6304
vn -0.5727 -0.5240 -0.6304
vn -0.5727 -0.5240 -0.6304
vn -0.4760 -0.4145 -0.7756
vn -0.4760 -0.4145 -0.7756
vn -0.4760 -0.4145 -0.7756
vn 0.3567 0.3115 0.8807
vn 0.3567 0.3115 0.8807
vn 0.3567 0.3115 0.8807
vn 0.2477 0.2791 0.9278
vn 0.2477 0.2791 0.9278
vn 0.2477 0.2791 0.9278
vn 0.1576 0.4027 0.9017
vn 0.1576 0.4027 0.9017
vn 0.1576 0.4027 0.9017
vn 0.0890 0.6329 0.7691
vn 0.0890 0.6329 0.7691
vn 0.0890 0.6329 0.7691
vn 0.0153 0.7972 0.6035
vn 0.0153 0.7972 0.6035
vn 0.0153 0.7972 0.6035
vn -0.1392 0.8427 0.5201
vn -0.1392 0.8427 0.5201
vn -0.1392 0.8427 0.5201
vn -0.3383 0.8270 0.4490
vn -0.3383 0.8270 0.4490
vn -0.3383 0.8270 0.4490
vn 0.4724 -0.8132 -0.3399
vn 0.4724 -0.8132 -0.3399
vn 0.4724 -0.8132 -0.3399
vn -0.0000 -0.7071 0.7071
vn -0.0000 -0.7071 0.7071
vn -0.0000 -0.7071 0.7071
vn -0.0000 -0.7071 0.7071
vn -0.0000 -0.7071 0.7071
vn -0.0000 -0.7071 0.7071
vn -0.0000 -0.7071 0.7071
vn -0.0000 -0.7071 0.7071
vn -0.0000 -0.7071 0.7071
vn -0.0000 -0.7071 0.7071
vn -0.0000 -0.7071 0.7071
vn -0.0000 -0.7071 0.7071
vn -0.0000 -0.7071 0.7071
vn 0.5259 -0.8198 -0.2268
vn 0.5259 -0.8198 -0.2268
vn 0.5259 -0.8198 -0.2268
vn -0.1096 -0.9099 -0.4002
vn -0.1096 -0.9099 -0.4002
vn -0.1096 -0.9099 -0.4002
vn -0.5727 -0.5240 -0.6304
vn -0.5727 -0.5240 -0.6304
vn -0.5727 -0.5240 -0.6304
vn -0.4760 -0.4145 -0.7756
vn -0.4760 -0.4145 -0.7756
vn -0.4760 -0.4145 -0.7756
vn 0.3567 0.3115 0.8807
vn 0.3567 0.3115 0.8807
vn 0.3567 0.3115 0.8807
vn 0.2477 0.2791 0.9278
vn 0.2477 0.2791 0.9278
vn 0.2477 0.2791 0.9278
vn 0.1576 0.4027 0.9017
vn 0.1576 0.4027 0.9017
vn 0.1576 0.4027 0.9017
vn 0.0890 0.6329 0.7691
vn 0.0890 0.6329 0.7691
vn 0.0890 0.6329 0.7691
vn 0.0153 0.7972 0.6035
vn 0.0153 0.7972 0.6035
vn 0.0153 0.7972 0.6035
vn -0.1392 0.8427 0.5201
vn -0.1392 0.8427 0.5201
vn -0.1392 0.8427 0.5201
vn -0.3383 0.8270 0.4490
vn -0.3383 0.8270 0.4490
vn -0.3383 0.8270 0.4490
vn 0.4724 -0.8132 -0.3399
vn 0.4724 -0.8132 -0.3399
vn 0.4724 -0.8132 -0.3399
vn -0.0000 -0.7071 0.7071
vn -0.0000 -0.7071 0.7071
vn -0.0000 -0.7071 0.7071
vn -0.0000 -0.7071 0.7071
vn -0.0000 -0.7071 0.7071
vn -0.0000 -0.7071 0.7071
vn -0.0000 -0.7071 0.7071
vn -0.0000 -0.7071 0.7071
vn -0.0000 -0.7071 0.7071
vn -0.0000 -0.7071 0.7071
vn -0.0000 -0.7071 0.7071
vn -0.0000 -0.7071 0.7071
vn -0.0000 -0.7071 0.7071
vn 0.5259 -0.8198 -0.2268
vn 0.5259 -0.8198 -0.2268
vn 0.5259 -0.8198 -0.2268
vn -0.1096 -0.9099 -0.4002
vn -0.1096 -0.9099 -0.4002
vn -0.1096 -0.9099 -0.4002
vn -0.5727 -0.5240 -0.6304
vn -0.5727 -0.5240 -0.6304
vn -0.5727 -0.5240 -0.6304
vn -0.4760 -0.4145 -0.7756
vn -0.4760 -0.4145 -0.7756
vn -0.4760 -0.4145 -0.7756
vn 0.3567 0.3115 0.8807
vn 0.3567 0.3115 0.8807
vn 0.3567 0.3115 0.8807
vn 0.2477 0.2791 0.9278
vn 0.2477 0.2791 0.9278
vn 0.2477 0.2791 0.9278
vn 0.1576 0.4027 0.9017
vn 0.1576 0.4027 0.9017
vn 0.1576 0.4027 0.9017
vn 0.0890 0.6329 0.7691
vn 0.0890 0.6329 0.7691
vn 0.0890 0.6329 0.7691
vn 0.0153 0.7972 0.6035
vn 0.0153 0.7972 0.6035
vn 0.0153 0.7972 0.6035
vn -0.1392 0.8427 0.5201
vn -0.1392 0.8427 0.5201
vn -0.1392 0.8427 0.5201
vn -0.3383 0.8270 0.4490
vn -0.3383 0.8270 0.4490
vn -0.3383 0.8270 0.4490
vn 0.4724 -0.8132 -0.3399
vn 0.4724 -0.8132 -0.3399
vn 0.4724 -0.8132 -0.3399
vn -0.0000 -0.7071 0.7071
vn -0.0000 -0.7071 0.7071
vn -0.0000 -0.7071 0.7071
vn -0.0000 -0.7071 0.7071
vn -0.0000 -0.7071 0.7071
vn -0.0000 -0.7071 0.7071
vn -0.0000 -0.7071 0.7071
vn -0.0000 -0.7071 0.7071
vn -0.0000 -0.7071 0.7071
vn -0.0000 -0.7071 0.7071
vn -0.0000 -0.7071 0.7071
vn -0.0000 -0.7071 0.7071
vn -0.0000 -0.7071 0.7071
vn 0.5259 -0.8198 -0.2268
vn 0.5259 -0.8198 -0.2268
vn 0.5259 -0.8198 -0.2268
vn -0.1096 -0.9099 -0.4002
vn -0.1096 -0.9099 -0.4002
vn -0.1096 -0.9099 -0.4002
vn -0.5727 -0.5240 -0.6304
vn -0.5727 -0.5240 -0.6304
vn -0.5727 -0.5240 -0.6304
vn -0.4760 -0.4145 -0.7756
vn -0.4760 -0.4145 -0.7756
vn -0.4760 -0.4145 -0.7756
vn 0.3567 0.3115 0.8807
vn 0.3567 0.3115 0.8807
vn 0.3567 0.3115 0.8807
vn 0.2477 0.2791 0.9278
vn 0.2477 0.2791 0.9278
vn 0.2477 0.2791 0.9278
vn 0.1576 0.4027 0.9017
vn 0.1576 0.4027 0.9017
vn 0.1576 0.4027 0.9017
vn 0.0890 0.6329 0.7691
vn 0.0890 0.6329 0.7691
vn 0.0890 0.6329 0.7691
vn 0.0153 0.7972 0.6035
vn 0.0153 0.7972 0.6035
vn 0.0153 0.7972 0.6035
vn -0.1392 0.8427 0.5201
vn -0.1392 0.8427 0.5201
vn -0.1392 0.8427 0.5201
vn -0.3383 0.8270 0.4490
vn -0.3383 0.8270 0.4490
vn -0.3383 0.8270 0.4490
vn 0.4724 -0.8132 -0.3399
vn 0.4724 -0.8132 -0.3399
vn 0.4724 -0.8132 -0.3399
vn 0.1966 0.3635 0.9106
vn 0.1966 0.3635 0.9106
vn 0.1966 0.3635 0.9106
vn -0.4102 -0.5780 -0.7054
vn -0.4102 -0.5780 -0.7054
vn -0.4102 -0.5780 -0.7054
vn 0.4488 -0.8300 -0.3313
vn 0.4488 -0.8300 -0.3313
vn 0.4488 -0.8300 -0.3313
vn -0.0763 0.7712 0.6320
vn -0.0763 0.7712 0.6320
vn -0.0763 0.7712 0.6320
vn -0.0000 -0.7071 0.7071
vn -0.0000 -0.7071 0.7071
vn -0.0000 -0.7071 0.7071
vn -0.0000 -0.7071 0.7071
f 3001//3001 3003//3003 3002//3002
f 3001//3001 3002//3002 3004//3004
f 3001//3001 3005//3005 3003//3003
f 3001//3001 3004//3004 3006//3006
f 3001//3001 3007//3007 3005//3005
f 3001//3001 3006//3006 3008//3008
f 3001//3001 3009//3009 3007//3007
f 3001//3001 3008//3008 3010//3010
f 3001//3001 3011//3011 3009//3009
f 3001//3001 3010//3010 3012//3012
f 3001//3001 3013//3013 3011//3011
f 3001//3001 3012//3012 3013//3013
f 3014//3014 3016//3016 3015//3015
f 3017//3017 3019//3019 3018//3018
f 3020//3020 3022//3022 3021//3021
f 3023//3023 3025//3025 3024//3024
f 3026//3026 3028//3028 3027//3027
f 3029//3029 3031//3031 3030//3030
f 3032//3032 3034//3034 3033//3033
f 3035//3035 3037//3037 3036//3036
f 3038//3038 3040//3040 3039//3039
f 3041//3041 3043//3043 3042//3042
f 3044//3044 3046//3046 3045//3045
f 3047//3047 3049//3049 3048//3048
f 3050//3050 3052//3052 3051//3051
f 3050//3050 3051//3051 3053//3053
f 3050//3050 3054//3054 3052//3052
f 3050//3050 3053//3053 3055//3055
f 3050//3050 3056//3056 3054//3054
f 3050//3050 3055//3055 3057//3057
f 3050//3050 3058//3058 3056//3056
f 3050//3050 3057//3057 3059//3059
f 3050//3050 3060//3060 3058//3058
f 3050//3050 3059//3059 3061//3061
f 3050//3050 3062//3062 3060//3060
f 3050//3050 3061//3061 3062//3062
f 3063//3063 3065//3065 3064//3064
f 3066//3066 3068//3068 3067//3067
f 3069//3069 3071//3071 3070//3070
f 3072//3072 3074//3074 3073//3073
f 3075//3075 3077//3077 3076//3076
f 3078//3078 3080//3080 3079//3079
f 3081//3081 3083//3083 3082//3082
f 3084//3084 3086//3086 3085//3085
f 3087//3087 3089//3089 3088//3088
f 3090//3090 3092//3092 3091//3091
f 3093//3093 3095//3095 3094//3094
f 3096//3096 3098//3098 3097//3097
f 3099//3099 3101//3101 3100//3100
f 3099//3099 3100//3100 3102//3102
f 3099//3099 3103//3103 3101//3101
f 3099//3099 3102//3102 3104//3104
f 3099//3099 3105//3105 3103//3103
f 3099//3099 3104//3104 3106//3106
f 3099//3099 3107//3107 3105//3105
f 3099//3099 3106//3106 3108//3108
f 3099//3099 3109//3109 3107//3107
f 3099//3099 3108//3108 3110//3110
f 3099//3099 3111//3111 3109//3109
f 3099//3099 3110//3110 3111//3111
f 3112//3112 3114//3114 3113//3113
f 3115//3115 3117//3117 3116//3116
f 3118//3118 3120//3120 3119//3119
f 3121//3121 3123//3123 3122//3122
f 3124//3124 3126//3126 3125//3125
f 3127//3127 3129//3129 3128//3128
f 3130//3130 3132//3132 3131//3131
f 3133//3133 3135//3135 3134//3134
f 3136//3136 3138//3138 3137//3137
f 3139//3139 3141//3141 3140//3140
f 3142//3142 3144//3144 3143//3143
f 3145//3145 3147//3147 3146//3146
f 3148//3148 3150//3150 3149//3149
f 3148//3148 3149//3149 3151//3151
f 3148//3148 3152//3152 3150//3150
f 3148//3148 3151//3151 3153//3153
f 3148//3148 3154//3154 3152//3152
f 3148//3148 3153//3153 3155//3155
f 3148//3148 3156//3156 3154//3154
f 3148//3148 3155//3155 3157//3157
f 3148//3148 3158//3158 3156//3156
f 3148//3148 3157//3157 3159//3159
f 3148//3148 3160//3160 3158//3158
f 3148//3148 3159//3159 3160//3160
f 3161//3161 3163//3163 3162//3162
f 3164//3164 3166//3166 3165//3165
f 3167//3167 3169//3169 3168//3168
f 3170//3170 3172//3172 3171//3171
f 3173//3173 3175//3175 3174//3174
f 3176//3176 3178//3178 3177//3177
f 3179//3179 3181//3181 3180//3180
f 3182//3182 3184//3184 3183//3183
f 3185//3185 3187//3187 3186//3186
f 3188//3188 3190//3190 3189//3189
f 3191//3191 3193//3193 3192//3192
f 3194//3194 3196//3196 3195//3195
f 3197//3197 3199//3199 3198//3198
f 3200//3200 3202//3202 3201//3201
f 3203//3203 3205//3205 3204//3204
f 3206//3206 3208//3208 3207//3207
f 3209//3209 3211//3211 3210//3210
f 3209//3209 3210//3210 3212//3212
g core_window
usemtl window
v 0.77198 0.18900 0.11520
v 0.77198 0.22900 0.10519
v 0.77198 0.22900 0.11520
v 0.77198 0.18900 0.10519
v 0.77198 0.18900 0.10519
v 0.78800 0.22900 0.10519
v 0.77198 0.22900 0.10519
v 0.78800 0.18900 0.10519
v 0.78800 0.18900 0.10519
v 0.78800 0.22900 0.11520
v 0.78800 0.22900 0.10519
v 0.78800 0.18900 0.11520
v 0.78800 0.18900 0.11520
v 0.77198 0.22900 0.11520
v 0.78800 0.22900 0.11520
v 0.77198 0.18900 0.11520
v 0.77198 0.18900 0.10519
v 0.78800 0.18900 0.11520
v 0.78800 0.18900 0.10519
v 0.77198 0.18900 0.11520
v 0.78800 0.22900 0.10519
v 0.77198 0.22900 0.11520
v 0.77198 0.22900 0.10519
v 0.78800 0.22900 0.11520
v 0.38199 0.21960 -0.34415
v 0.38199 0.25960 -0.35414
v 0.38199 0.25960 -0.34415
v 0.38199 0.21960 -0.35414
v 0.38199 0.21960 -0.35414
v 0.39799 0.25960 -0.35414
v 0.38199 0.25960 -0.35414
v 0.39799 0.21960 -0.35414
v 0.39799 0.21960 -0.35414
v 0.39799 0.25960 -0.34415
v 0.39799 0.25960 -0.35414
v 0.39799 0.21960 -0.34415
v 0.39799 0.21960 -0.34415
v 0.38199 0.25960 -0.34415
v 0.39799 0.25960 -0.34415
v 0.38199 0.21960 -0.34415
v 0.38199 0.21960 -0.35414
v 0.39799 0.21960 -0.34415
v 0.39799 0.21960 -0.35414
v 0.38199 0.21960 -0.34415
v 0.39799 0.25960 -0.35414
v 0.38199 0.25960 -0.34415
v 0.38199 0.25960 -0.35414
v 0.39799 0.25960 -0.34415
v -0.39801 0.21960 -0.34415
v -0.39801 0.25960 -0.35414
v -0.39801 0.25960 -0.34415
v -0.39801 0.21960 -0.35414
v -0.39801 0.21960 -0.35414
v -0.38202 0.25960 -0.35414
v -0.39801 0.25960 -0.35414
v -0.38202 0.21960 -0.35414
v -0.38202 0.21960 -0.35414
v -0.38202 0.25960 -0.34415
v -0.38202 0.25960 -0.35414
v -0.38202 0.21960 -0.34415
v -0.38202 0.21960 -0.34415
v -0.39801 0.25960 -0.34415
v -0.38202 0.25960 -0.34415
v -0.39801 0.21960 -0.34415
v -0.39801 0.21960 -0.35414
v -0.38202 0.21960 -0.34415
v -0.38202 0.21960 -0.35414
v -0.39801 0.21960 -0.34415
v -0.38202 0.25960 -0.35414
v -0.39801 0.25960 -0.34415
v -0.39801 0.25960 -0.35414
v -0.38202 0.25960 -0.34415
v -0.78800 0.18900 0.11520
v -0.78800 0.22900 0.10519
v -0.78800 0.22900 0.11520
v -0.78800 0.18900 0.10519
v -0.78800 0.18900 0.10519
v -0.77201 0.22900 0.10519
v -0.78800 0.22900 0.10519
v -0.77201 0.18900 0.10519
v -0.77201 0.18900 0.10519
v -0.77201 0.22900 0.11520
v -0.77201 0.22900 0.10519
v -0.77201 0.18900 0.11520
v -0.77201 0.18900 0.11520
v -0.78800 0.22900 0.11520
v -0.77201 0.22900 0.11520
v -0.78800 0.18900 0.11520
v -0.78800 0.18900 0.10519
v -0.77201 0.18900 0.11520
v -0.77201 0.18900 0.10519
v -0.78800 0.18900 0.11520
v -0.77201 0.22900 0.10519
v -0.78800 0.22900 0.11520
v -0.78800 0.22900 0.10519
v -0.77201 0.22900 0.11520
v -0.01201 0.23940 0.54533
v -0.01201 0.26940 0.53732
v -0.01201 0.26940 0.54533
v -0.01201 0.23940 0.53732
v -0.01201 0.23940 0.53732
v 0.01199 0.26940 0.53732
v -0.01201 0.26940 0.53732
v 0.01199 0.23940 0.53732
v 0.01199 0.23940 0.53732
v 0.01199 0.26940 0.54533
v 0.01199 0.26940 0.53732
v 0.01199 0.23940 0.54533
v 0.01199 0.23940 0.54533
v -0.01201 0.26940 0.54533
v 0.01199 0.26940 0.54533
v -0.01201 0.23940 0.54533
v -0.01201 0.23940 0.53732
v 0.01199 0.23940 0.54533
v 0.01199 0.23940 0.53732
v -0.01201 0.23940 0.54533
v 0.01199 0.26940 0.53732
v -0.01201 0.26940 0.54533
v -0.01201 0.26940 0.53732
v 0.01199 0.26940 0.54533
vn 0.0000 1.0000 -0.0000
vn 0.0000 1.0000 -0.0000
vn 0.0000 1.0000 -0.0000
vn 0.0000 1.0000 -0.0000
vn -0.7071 0.7071 -0.0000
vn -0.7071 0.7071 -0.0000
vn -0.7071 0.7071 -0.0000
vn -0.7071 0.7071 -0.0000
vn 0.7071 -0.0000 0.7071
vn 0.7071 -0.0000 0.7071
vn 0.7071 -0.0000 0.7071
vn 0.7071 -0.0000 0.7071
vn -0.0000 -0.0000 1.0000
vn -0.0000 -0.0000 1.0000
vn -0.0000 -0.0000 1.0000
vn -0.0000 -0.0000 1.0000
vn -0.0000 -0.7071 0.7071
vn -0.0000 -0.7071 0.7071
vn -0.0000 -0.7071 0.7071
vn -0.0000 -0.7071 0.7071
vn -0.0000 0.7071 0.7071
vn -0.0000 0.7071 0.7071
vn -0.0000 0.7071 0.7071
vn -0.0000 0.7071 0.7071
vn 0.0000 1.0000 -0.0000
vn 0.0000 1.0000 -0.0000
vn 0.0000 1.0000 -0.0000
vn 0.0000 1.0000 -0.0000
vn -0.7071 0.7071 -0.0000
vn -0.7071 0.7071 -0.0000
vn -0.7071 0.7071 -0.0000
vn -0.7071 0.7071 -0.0000
vn 0.7071 -0.0000 0.7071
vn 0.7071 -0.0000 0.7071
vn 0.7071 -0.0000 0.7071
vn 0.7071 -0.0000 0.7071
vn -0.0000 -0.0000 1.0000
vn -0.0000 -0.0000 1.0000
vn -0.0000 -0.0000 1.0000
vn -0.0000 -0.0000 1.0000
vn -0.0000 -0.7071 0.7071
vn -0.0000 -0.7071 0.7071
vn -0.0000 -0.7071 0.7071
vn -0.0000 -0.7071 0.7071
vn -0.0000 0.7071 0.7071
vn -0.0000 0.7071 0.7071
vn -0.0000 0.7071 0.7071
vn -0.0000 0.7071 0.7071
vn 0.0000 1.0000 -0.0000
vn 0.0000 1.0000 -0.0000
vn 0.0000 1.0000 -0.0000
vn 0.0000 1.0000 -0.0000
vn -0.7071 0.7071 -0.0000
vn -0.7071 0.7071 -0.0000
vn -0.7071 0.7071 -0.0000
vn -0.7071 0.7071 -0.0000
vn 0.7071 -0.0000 0.7071
vn 0.7071 -0.0000 0.7071
vn 0.7071 -0.0000 0.7071
vn 0.7071 -0.0000 0.7071
vn -0.0000 -0.0000 1.0000
vn -0.0000 -0.0000 1.0000
vn -0.0000 -0.0000 1.0000
vn -0.0000 -0.0000 1.0000
vn -0.0000 -0.7071 0.7071
vn -0.0000 -0.7071 0.7071
vn -0.0000 -0.7071 0.7071
vn -0.0000 -0.7071 0.7071
vn -0.0000 0.7071 0.7071
vn -0.0000 0.7071 0.7071
vn -0.0000 0.7071 0.7071
vn -0.0000 0.7071 0.7071
vn 0.0000 1.0000 -0.0000
vn 0.0000 1.0000 -0.0000
vn 0.0000 1.0000 -0.0000
vn 0.0000 1.0000 -0.0000
vn -0.7071 0.7071 -0.0000
vn -0.7071 0.7071 -0.0000
vn -0.7071 0.7071 -0.0000
vn -0.7071 0.7071 -0.0000
vn 0.7071 -0.0000 0.7071
vn 0.7071 -0.0000 0.7071
vn 0.7071 -0.0000 0.7071
vn 0.7071 -0.0000 0.7071
vn -0.0000 -0.0000 1.0000
vn -0.0000 -0.0000 1.0000
vn -0.0000 -0.0000 1.0000
vn -0.0000 -0.0000 1.0000
vn -0.0000 -0.7071 0.7071
vn -0.0000 -0.7071 0.7071
vn -0.0000 -0.7071 0.7071
vn -0.0000 -0.7071 0.7071
vn -0.0000 0.7071 0.7071
vn -0.0000 0.7071 0.7071
vn -0.0000 0.7071 0.7071
vn -0.0000 0.7071 0.7071
vn 0.0000 1.0000 -0.0000
vn 0.0000 1.0000 -0.0000
vn 0.0000 1.0000 -0.0000
vn 0.0000 1.0000 -0.0000
vn -0.7071 0.7071 -0.0000
vn -0.7071 0.7071 -0.0000
vn -0.7071 0.7071 -0.0000
vn -0.7071 0.7071 -0.0000
vn 0.7071 -0.0000 0.7071
vn 0.7071 -0.0000 0.7071
vn 0.7071 -0.0000 0.7071
vn 0.7071 -0.0000 0.7071
vn -0.0000 -0.0000 1.0000
vn -0.0000 -0.0000 1.0000
vn -0.0000 -0.0000 1.0000
vn -0.0000 -0.0000 1.0000
vn -0.0000 -0.7071 0.7071
vn -0.0000 -0.7071 0.7071
vn -0.0000 -0.7071 0.7071
vn -0.0000 -0.7071 0.7071
vn -0.0000 0.7071 0.7071
vn -0.0000 0.7071 0.7071
vn -0.0000 0.7071 0.7071
vn -0.0000 0.7071 0.7071
f 3213//3213 3215//3215 3214//3214
f 3213//3213 3214//3214 3216//3216
f 3217//3217 3219//3219 3218//3218
f 3217//3217 3218//3218 3220//3220
f 3221//3221 3223//3223 3222//3222
f 3221//3221 3222//3222 3224//3224
f 3225//3225 3227//3227 3226//3226
f 3225//3225 3226//3226 3228//3228
f 3229//3229 3231//3231 3230//3230
f 3229//3229 3230//3230 3232//3232
f 3233//3233 3235//3235 3234//3234
f 3233//3233 3234//3234 3236//3236
f 3237//3237 3239//3239 3238//3238
f 3237//3237 3238//3238 3240//3240
f 3241//3241 3243//3243 3242//3242
f 3241//3241 3242//3242 3244//3244
f 3245//3245 3247//3247 3246//3246
f 3245//3245 3246//3246 3248//3248
f 3249//3249 3251//3251 3250//3250
f 3249//3249 3250//3250 3252//3252
f 3253//3253 3255//3255 3254//3254
f 3253//3253 3254//3254 3256//3256
f 3257//3257 3259//3259 3258//3258
f 3257//3257 3258//3258 3260//3260
f 3261//3261 3263//3263 3262//3262
f 3261//3261 3262//3262 3264//3264
f 3265//3265 3267//3267 3266//3266
f 3265//3265 3266//3266 3268//3268
f 3269//3269 3271//3271 3270//3270
f 3269//3269 3270//3270 3272//3272
f 3273//3273 3275//3275 3274//3274
f 3273//3273 3274//3274 3276//3276
f 3277//3277 3279//3279 3278//3278
f 3277//3277 3278//3278 3280//3280
f 3281//3281 3283//3283 3282//3282
f 3281//3281 3282//3282 3284//3284
f 3285//3285 3287//3287 3286//3286
f 3285//3285 3286//3286 3288//3288
f 3289//3289 3291//3291 3290//3290
f 3289//3289 3290//3290 3292//3292
f 3293//3293 3295//3295 3294//3294
f 3293//3293 3294//3294 3296//3296
f 3297//3297 3299//3299 3298//3298
f 3297//3297 3298//3298 3300//3300
f 3301//3301 3303//3303 3302//3302
f 3301//3301 3302//3302 3304//3304
f 3305//3305 3307//3307 3306//3306
f 3305//3305 3306//3306 3308//3308
f 3309//3309 3311//3311 3310//3310
f 3309//3309 3310//3310 3312//3312
f 3313//3313 3315//3315 3314//3314
f 3313//3313 3314//3314 3316//3316
f 3317//3317 3319//3319 3318//3318
f 3317//3317 3318//3318 3320//3320
f 3321//3321 3323//3323 3322//3322
f 3321//3321 3322//3322 3324//3324
f 3325//3325 3327//3327 3326//3326
f 3325//3325 3326//3326 3328//3328
f 3329//3329 3331//3331 3330//3330
f 3329//3329 3330//3330 3332//3332
g core_wood_dark
usemtl wood_dark
v -0.04550 0.00000 0.54633
v -0.04550 0.18288 0.53633
v -0.04550 0.18288 0.54633
v -0.04550 0.00000 0.53633
v -0.04550 0.00000 0.53633
v 0.04550 0.18288 0.53633
v -0.04550 0.18288 0.53633
v 0.04550 0.00000 0.53633
v 0.04550 0.00000 0.53633
v 0.04550 0.18288 0.54633
v 0.04550 0.18288 0.53633
v 0.04550 0.00000 0.54633
v 0.04550 0.00000 0.54633
v -0.04550 0.18288 0.54633
v 0.04550 0.18288 0.54633
v -0.04550 0.00000 0.54633
v -0.04550 0.00000 0.53633
v 0.04550 0.00000 0.54633
v 0.04550 0.00000 0.53633
v -0.04550 0.00000 0.54633
v 0.04550 0.18288 0.53633
v -0.04550 0.18288 0.54633
v -0.04550 0.18288 0.53633
v 0.04550 0.18288 0.54633
vn 0.0000 1.0000 -0.0000
vn 0.0000 1.0000 -0.0000
vn 0.0000 1.0000 -0.0000
vn 0.0000 1.0000 -0.0000
vn -0.7071 0.7071 -0.0000
vn -0.7071 0.7071 -0.0000
vn -0.7071 0.7071 -0.0000
vn -0.7071 0.7071 -0.0000
vn 0.7071 -0.0000 0.7071
vn 0.7071 -0.0000 0.7071
vn 0.7071 -0.0000 0.7071
vn 0.7071 -0.0000 0.7071
vn -0.0000 -0.0000 1.0000
vn -0.0000 -0.0000 1.0000
vn -0.0000 -0.0000 1.0000
vn -0.0000 -0.0000 1.0000
vn -0.0000 -0.7071 0.7071
vn -0.0000 -0.7071 0.7071
vn -0.0000 -0.7071 0.7071
vn -0.0000 -0.7071 0.7071
vn -0.0000 0.7071 0.7071
vn -0.0000 0.7071 0.7071
vn -0.0000 0.7071 0.7071
vn -0.0000 0.7071 0.7071
f 3333//3333 3335//3335 3334//3334
f 3333//3333 3334//3334 3336//3336
f 3337//3337 3339//3339 3338//3338
f 3337//3337 3338//3338 3340//3340
f 3341//3341 3343//3343 3342//3342
f 3341//3341 3342//3342 3344//3344
f 3345//3345 3347//3347 3346//3346
f 3345//3345 3346//3346 3348//3348
f 3349//3349 3351//3351 3350//3350
f 3349//3349 3350//3350 3352//3352
f 3353//3353 3355//3355 3354//3354
f 3353//3353 3354//3354 3356//3356
