mtllib wild_horses.mtl
o core
g core_horse
usemtl horse
v -0.13275 0.09000 -0.01630
v -0.14721 0.11250 0.00094
v -0.11552 0.11250 -0.00183
v -0.11552 0.14250 -0.00183
v -0.14721 0.14250 0.00094
v -0.13275 0.16500 -0.01630
v -0.27064 0.09000 -0.13200
v -0.28787 0.11250 -0.14646
v -0.28510 0.11250 -0.11476
v -0.27064 0.16500 -0.13200
v -0.28510 0.14250 -0.11476
v -0.28787 0.14250 -0.14646
v -0.08936 0.09000 -0.06800
v -0.07213 0.11250 -0.05354
v -0.07490 0.11250 -0.08524
v -0.08936 0.16500 -0.06800
v -0.07490 0.14250 -0.08524
v -0.07213 0.14250 -0.05354
v -0.22725 0.09000 -0.18371
v -0.21279 0.11250 -0.20094
v -0.24449 0.11250 -0.19817
v -0.22725 0.16500 -0.18371
v -0.24449 0.14250 -0.19817
v -0.21279 0.14250 -0.20094
v -0.27064 0.09000 -0.13200
v -0.14721 0.11250 0.00094
v -0.13275 0.09000 -0.01630
v -0.28510 0.11250 -0.11476
v -0.11552 0.11250 -0.00183
v -0.14721 0.14250 0.00094
v -0.11552 0.14250 -0.00183
v -0.14721 0.11250 0.00094
v -0.13275 0.16500 -0.01630
v -0.28510 0.14250 -0.11476
v -0.27064 0.16500 -0.13200
v -0.14721 0.14250 0.00094
v -0.28787 0.14250 -0.14646
v -0.28510 0.11250 -0.11476
v -0.28787 0.11250 -0.14646
v -0.28510 0.14250 -0.11476
v -0.22725 0.09000 -0.18371
v -0.28787 0.11250 -0.14646
v -0.27064 0.09000 -0.13200
v -0.24449 0.11250 -0.19817
v -0.27064 0.16500 -0.13200
v -0.24449 0.14250 -0.19817
v -0.22725 0.16500 -0.18371
v -0.28787 0.14250 -0.14646
v -0.21279 0.14250 -0.20094
v -0.24449 0.11250 -0.19817
v -0.21279 0.11250 -0.20094
v -0.24449 0.14250 -0.19817
v -0.08936 0.09000 -0.06800
v -0.21279 0.11250 -0.20094
v -0.22725 0.09000 -0.18371
v -0.07490 0.11250 -0.08524
v -0.22725 0.16500 -0.18371
v -0.07490 0.14250 -0.08524
v -0.08936 0.16500 -0.06800
v -0.21279 0.14250 -0.20094
v -0.07213 0.14250 -0.05354
v -0.07490 0.11250 -0.08524
v -0.07213 0.11250 -0.05354
v -0.07490 0.14250 -0.08524
v -0.13275 0.09000 -0.01630
v -0.07213 0.11250 -0.05354
v -0.08936 0.09000 -0.06800
v -0.11552 0.11250 -0.00183
v -0.08936 0.16500 -0.06800
v -0.11552 0.14250 -0.00183
v -0.13275 0.16500 -0.01630
v -0.07213 0.14250 -0.05354
v -0.27064 0.09000 -0.13200
v -0.08936 0.09000 -0.06800
v -0.22725 0.09000 -0.18371
v -0.13275 0.09000 -0.01630
v -0.14721 0.11250 0.00094
v -0.28510 0.14250 -0.11476
v -0.14721 0.14250 0.00094
v -0.28510 0.11250 -0.11476
v -0.07213 0.11250 -0.05354
v -0.11552 0.14250 -0.00183
v -0.07213 0.14250 -0.05354
v -0.11552 0.11250 -0.00183
v -0.22725 0.16500 -0.18371
v -0.13275 0.16500 -0.01630
v -0.27064 0.16500 -0.13200
v -0.08936 0.16500 -0.06800
v -0.28787 0.11250 -0.14646
v -0.24449 0.14250 -0.19817
v -0.28787 0.14250 -0.14646
v -0.24449 0.11250 -0.19817
v -0.21279 0.11250 -0.20094
v -0.07490 0.14250 -0.08524
v -0.21279 0.14250 -0.20094
v -0.07490 0.11250 -0.08524
v -0.14392 0.00000 -0.00707
v -0.14680 0.00450 -0.00352
v -0.14046 0.00450 -0.00407
v -0.14016 0.09300 -0.00204
v -0.14650 0.09300 -0.00149
v -0.14359 0.09750 -0.00484
v -0.16288 0.00000 -0.02298
v -0.16643 0.00450 -0.02587
v -0.16588 0.00450 -0.01953
v -0.16514 0.09750 -0.02291
v -0.16793 0.09300 -0.01947
v -0.16848 0.09300 -0.02581
v -0.13043 0.00000 -0.02316
v -0.12687 0.00450 -0.02026
v -0.12743 0.00450 -0.02661
v -0.12817 0.09750 -0.02322
v -0.12538 0.09300 -0.02667
v -0.12482 0.09300 -0.02032
v -0.14939 0.00000 -0.03906
v -0.14651 0.00450 -0.04262
v -0.15285 0.00450 -0.04206
v -0.14971 0.09750 -0.04130
v -0.15314 0.09300 -0.04409
v -0.14680 0.09300 -0.04464
v -0.16288 0.00000 -0.02298
v -0.14680 0.00450 -0.00352
v -0.14392 0.00000 -0.00707
v -0.16588 0.00450 -0.01953
v -0.14046 0.00450 -0.00407
v -0.14650 0.09300 -0.00149
v -0.14016 0.09300 -0.00204
v -0.14680 0.00450 -0.00352
v -0.14359 0.09750 -0.00484
v -0.16793 0.09300 -0.01947
v -0.16514 0.09750 -0.02291
v -0.14650 0.09300 -0.00149
v -0.16848 0.09300 -0.02581
v -0.16588 0.00450 -0.01953
v -0.16643 0.00450 -0.02587
v -0.16793 0.09300 -0.01947
v -0.14939 0.00000 -0.03906
v -0.16643 0.00450 -0.02587
v -0.16288 0.00000 -0.02298
v -0.15285 0.00450 -0.04206
v -0.16514 0.09750 -0.02291
v -0.15314 0.09300 -0.04409
v -0.14971 0.09750 -0.04130
v -0.16848 0.09300 -0.02581
v -0.14680 0.09300 -0.04464
v -0.15285 0.00450 -0.04206
v -0.14651 0.00450 -0.04262
v -0.15314 0.09300 -0.04409
v -0.13043 0.00000 -0.02316
v -0.14651 0.00450 -0.04262
v -0.14939 0.00000 -0.03906
v -0.12743 0.00450 -0.02661
v -0.14971 0.09750 -0.04130
v -0.12538 0.09300 -0.02667
v -0.12817 0.09750 -0.02322
v -0.14680 0.09300 -0.04464
v -0.12482 0.09300 -0.02032
v -0.12743 0.00450 -0.02661
v -0.12687 0.00450 -0.02026
v -0.12538 0.09300 -0.02667
v -0.14392 0.00000 -0.00707
v -0.12687 0.00450 -0.02026
v -0.13043 0.00000 -0.02316
v -0.14046 0.00450 -0.00407
v -0.12817 0.09750 -0.02322
v -0.14016 0.09300 -0.00204
v -0.14359 0.09750 -0.00484
v -0.12482 0.09300 -0.02032
v -0.16288 0.00000 -0.02298
v -0.13043 0.00000 -0.02316
v -0.14939 0.00000 -0.03906
v -0.14392 0.00000 -0.00707
v -0.14680 0.00450 -0.00352
v -0.16793 0.09300 -0.01947
v -0.14650 0.09300 -0.00149
v -0.16588 0.00450 -0.01953
v -0.12687 0.00450 -0.02026
v -0.14016 0.09300 -0.00204
v -0.12482 0.09300 -0.02032
v -0.14046 0.00450 -0.00407
v -0.14971 0.09750 -0.04130
v -0.14359 0.09750 -0.00484
v -0.16514 0.09750 -0.02291
v -0.12817 0.09750 -0.02322
v -0.16643 0.00450 -0.02587
v -0.15314 0.09300 -0.04409
v -0.16848 0.09300 -0.02581
v -0.15285 0.00450 -0.04206
v -0.14651 0.00450 -0.04262
v -0.12538 0.09300 -0.02667
v -0.14680 0.09300 -0.04464
v -0.12743 0.00450 -0.02661
v -0.25883 0.00000 -0.10349
v -0.26171 0.00450 -0.09994
v -0.25537 0.00450 -0.10049
v -0.25507 0.09300 -0.09846
v -0.26141 0.09300 -0.09791
v -0.25850 0.09750 -0.10125
v -0.27779 0.00000 -0.11939
v -0.28134 0.00450 -0.12229
v -0.28078 0.00450 -0.11594
v -0.28005 0.09750 -0.11933
v -0.28283 0.09300 -0.11589
v -0.28339 0.09300 -0.12223
v -0.24533 0.00000 -0.11957
v -0.24178 0.00450 -0.11668
v -0.24233 0.00450 -0.12302
v -0.24308 0.09750 -0.11964
v -0.24028 0.09300 -0.12308
v -0.23973 0.09300 -0.11674
v -0.26429 0.00000 -0.13548
v -0.26141 0.00450 -0.13903
v -0.26775 0.00450 -0.13848
v -0.26462 0.09750 -0.13771
v -0.26805 0.09300 -0.14051
v -0.26171 0.09300 -0.14106
v -0.27779 0.00000 -0.11939
v -0.26171 0.00450 -0.09994
v -0.25883 0.00000 -0.10349
v -0.28078 0.00450 -0.11594
v -0.25537 0.00450 -0.10049
v -0.26141 0.09300 -0.09791
v -0.25507 0.09300 -0.09846
v -0.26171 0.00450 -0.09994
v -0.25850 0.09750 -0.10125
v -0.28283 0.09300 -0.11589
v -0.28005 0.09750 -0.11933
v -0.26141 0.09300 -0.09791
v -0.28339 0.09300 -0.12223
v -0.28078 0.00450 -0.11594
v -0.28134 0.00450 -0.12229
v -0.28283 0.09300 -0.11589
v -0.26429 0.00000 -0.13548
v -0.28134 0.00450 -0.12229
v -0.27779 0.00000 -0.11939
v -0.26775 0.00450 -0.13848
v -0.28005 0.09750 -0.11933
v -0.26805 0.09300 -0.14051
v -0.26462 0.09750 -0.13771
v -0.28339 0.09300 -0.12223
v -0.26171 0.09300 -0.14106
v -0.26775 0.00450 -0.13848
v -0.26141 0.00450 -0.13903
v -0.26805 0.09300 -0.14051
v -0.24533 0.00000 -0.11957
v -0.26141 0.00450 -0.13903
v -0.26429 0.00000 -0.13548
v -0.24233 0.00450 -0.12302
v -0.26462 0.09750 -0.13771
v -0.24028 0.09300 -0.12308
v -0.24308 0.09750 -0.11964
v -0.26171 0.09300 -0.14106
v -0.23973 0.09300 -0.11674
v -0.24233 0.00450 -0.12302
v -0.24178 0.00450 -0.11668
v -0.24028 0.09300 -0.12308
v -0.25883 0.00000 -0.10349
v -0.24178 0.00450 -0.11668
v -0.24533 0.00000 -0.11957
v -0.25537 0.00450 -0.10049
v -0.24308 0.09750 -0.11964
v -0.25507 0.09300 -0.09846
v -0.25850 0.09750 -0.10125
v -0.23973 0.09300 -0.11674
v -0.27779 0.00000 -0.11939
v -0.24533 0.00000 -0.11957
v -0.26429 0.00000 -0.13548
v -0.25883 0.00000 -0.10349
v -0.26171 0.00450 -0.09994
v -0.28283 0.09300 -0.11589
v -0.26141 0.09300 -0.09791
v -0.28078 0.00450 -0.11594
v -0.24178 0.00450 -0.11668
v -0.25507 0.09300 -0.09846
v -0.23973 0.09300 -0.11674
v -0.25537 0.00450 -0.10049
v -0.26462 0.09750 -0.13771
v -0.25850 0.09750 -0.10125
v -0.28005 0.09750 -0.11933
v -0.24308 0.09750 -0.11964
v -0.28134 0.00450 -0.12229
v -0.26805 0.09300 -0.14051
v -0.28339 0.09300 -0.12223
v -0.26775 0.00450 -0.13848
v -0.26141 0.00450 -0.13903
v -0.24028 0.09300 -0.12308
v -0.26171 0.09300 -0.14106
v -0.24233 0.00450 -0.12302
v -0.09572 0.00000 -0.06452
v -0.09859 0.00450 -0.06097
v -0.09225 0.00450 -0.06153
v -0.09195 0.09300 -0.05950
v -0.09829 0.09300 -0.05894
v -0.09538 0.09750 -0.06229
v -0.11468 0.00000 -0.08043
v -0.11822 0.00450 -0.08332
v -0.11767 0.00450 -0.07698
v -0.11693 0.09750 -0.08037
v -0.11972 0.09300 -0.07692
v -0.12027 0.09300 -0.08326
v -0.08221 0.00000 -0.08061
v -0.07866 0.00450 -0.07772
v -0.07922 0.00450 -0.08406
v -0.07996 0.09750 -0.08067
v -0.07717 0.09300 -0.08412
v -0.07662 0.09300 -0.07778
v -0.10117 0.00000 -0.09652
v -0.09830 0.00450 -0.10007
v -0.10464 0.00450 -0.09951
v -0.10150 0.09750 -0.09875
v -0.10494 0.09300 -0.10154
v -0.09859 0.09300 -0.10209
v -0.11468 0.00000 -0.08043
v -0.09859 0.00450 -0.06097
v -0.09572 0.00000 -0.06452
v -0.11767 0.00450 -0.07698
v -0.09225 0.00450 -0.06153
v -0.09829 0.09300 -0.05894
v -0.09195 0.09300 -0.05950
v -0.09859 0.00450 -0.06097
v -0.09538 0.09750 -0.06229
v -0.11972 0.09300 -0.07692
v -0.11693 0.09750 -0.08037
v -0.09829 0.09300 -0.05894
v -0.12027 0.09300 -0.08326
v -0.11767 0.00450 -0.07698
v -0.11822 0.00450 -0.08332
v -0.11972 0.09300 -0.07692
v -0.10117 0.00000 -0.09652
v -0.11822 0.00450 -0.08332
v -0.11468 0.00000 -0.08043
v -0.10464 0.00450 -0.09951
v -0.11693 0.09750 -0.08037
v -0.10494 0.09300 -0.10154
v -0.10150 0.09750 -0.09875
v -0.12027 0.09300 -0.08326
v -0.09859 0.09300 -0.10209
v -0.10464 0.00450 -0.09951
v -0.09830 0.00450 -0.10007
v -0.10494 0.09300 -0.10154
v -0.08221 0.00000 -0.08061
v -0.09830 0.00450 -0.10007
v -0.10117 0.00000 -0.09652
v -0.07922 0.00450 -0.08406
v -0.10150 0.09750 -0.09875
v -0.07717 0.09300 -0.08412
v -0.07996 0.09750 -0.08067
v -0.09859 0.09300 -0.10209
v -0.07662 0.09300 -0.07778
v -0.07922 0.00450 -0.08406
v -0.07866 0.00450 -0.07772
v -0.07717 0.09300 -0.08412
v -0.09572 0.00000 -0.06452
v -0.07866 0.00450 -0.07772
v -0.08221 0.00000 -0.08061
v -0.09225 0.00450 -0.06153
v -0.07996 0.09750 -0.08067
v -0.09195 0.09300 -0.05950
v -0.09538 0.09750 -0.06229
v -0.07662 0.09300 -0.07778
v -0.11468 0.00000 -0.08043
v -0.08221 0.00000 -0.08061
v -0.10117 0.00000 -0.09652
v -0.09572 0.00000 -0.06452
v -0.09859 0.00450 -0.06097
v -0.11972 0.09300 -0.07692
v -0.09829 0.09300 -0.05894
v -0.11767 0.00450 -0.07698
v -0.07866 0.00450 -0.07772
v -0.09195 0.09300 -0.05950
v -0.07662 0.09300 -0.07778
v -0.09225 0.00450 -0.06153
v -0.10150 0.09750 -0.09875
v -0.09538 0.09750 -0.06229
v -0.11693 0.09750 -0.08037
v -0.07996 0.09750 -0.08067
v -0.11822 0.00450 -0.08332
v -0.10494 0.09300 -0.10154
v -0.12027 0.09300 -0.08326
v -0.10464 0.00450 -0.09951
v -0.09830 0.00450 -0.10007
v -0.07717 0.09300 -0.08412
v -0.09859 0.09300 -0.10209
v -0.07922 0.00450 -0.08406
v -0.21062 0.00000 -0.16094
v -0.21350 0.00450 -0.15739
v -0.20716 0.00450 -0.15795
v -0.20686 0.09300 -0.15592
v -0.21320 0.09300 -0.15536
v -0.21029 0.09750 -0.15871
v -0.22958 0.00000 -0.17685
v -0.23313 0.00450 -0.17974
v -0.23258 0.00450 -0.17340
v -0.23184 0.09750 -0.17678
v -0.23462 0.09300 -0.17334
v -0.23518 0.09300 -0.17968
v -0.19712 0.00000 -0.17703
v -0.19357 0.00450 -0.17414
v -0.19413 0.00450 -0.18048
v -0.19486 0.09750 -0.17709
v -0.19208 0.09300 -0.18054
v -0.19152 0.09300 -0.17419
v -0.21608 0.00000 -0.19293
v -0.21320 0.00450 -0.19649
v -0.21954 0.00450 -0.19593
v -0.21641 0.09750 -0.19517
v -0.21984 0.09300 -0.19796
v -0.21350 0.09300 -0.19851
v -0.22958 0.00000 -0.17685
v -0.21350 0.00450 -0.15739
v -0.21062 0.00000 -0.16094
v -0.23258 0.00450 -0.17340
v -0.20716 0.00450 -0.15795
v -0.21320 0.09300 -0.15536
v -0.20686 0.09300 -0.15592
v -0.21350 0.00450 -0.15739
v -0.21029 0.09750 -0.15871
v -0.23462 0.09300 -0.17334
v -0.23184 0.09750 -0.17678
v -0.21320 0.09300 -0.15536
v -0.23518 0.09300 -0.17968
v -0.23258 0.00450 -0.17340
v -0.23313 0.00450 -0.17974
v -0.23462 0.09300 -0.17334
v -0.21608 0.00000 -0.19293
v -0.23313 0.00450 -0.17974
v -0.22958 0.00000 -0.17685
v -0.21954 0.00450 -0.19593
v -0.23184 0.09750 -0.17678
v -0.21984 0.09300 -0.19796
v -0.21641 0.09750 -0.19517
v -0.23518 0.09300 -0.17968
v -0.21350 0.09300 -0.19851
v -0.21954 0.00450 -0.19593
v -0.21320 0.00450 -0.19649
v -0.21984 0.09300 -0.19796
v -0.19712 0.00000 -0.17703
v -0.21320 0.00450 -0.19649
v -0.21608 0.00000 -0.19293
v -0.19413 0.00450 -0.18048
v -0.21641 0.09750 -0.19517
v -0.19208 0.09300 -0.18054
v -0.19486 0.09750 -0.17709
v -0.21350 0.09300 -0.19851
v -0.19152 0.09300 -0.17419
v -0.19413 0.00450 -0.18048
v -0.19357 0.00450 -0.17414
v -0.19208 0.09300 -0.18054
v -0.21062 0.00000 -0.16094
v -0.19357 0.00450 -0.17414
v -0.19712 0.00000 -0.17703
v -0.20716 0.00450 -0.15795
v -0.19486 0.09750 -0.17709
v -0.20686 0.09300 -0.15592
v -0.21029 0.09750 -0.15871
v -0.19152 0.09300 -0.17419
v -0.22958 0.00000 -0.17685
v -0.19712 0.00000 -0.17703
v -0.21608 0.00000 -0.19293
v -0.21062 0.00000 -0.16094
v -0.21350 0.00450 -0.15739
v -0.23462 0.09300 -0.17334
v -0.21320 0.09300 -0.15536
v -0.23258 0.00450 -0.17340
v -0.19357 0.00450 -0.17414
v -0.20686 0.09300 -0.15592
v -0.19152 0.09300 -0.17419
v -0.20716 0.00450 -0.15795
v -0.21641 0.09750 -0.19517
v -0.21029 0.09750 -0.15871
v -0.23184 0.09750 -0.17678
v -0.19486 0.09750 -0.17709
v -0.23313 0.00450 -0.17974
v -0.21984 0.09300 -0.19796
v -0.23518 0.09300 -0.17968
v -0.21954 0.00450 -0.19593
v -0.21320 0.00450 -0.19649
v -0.19208 0.09300 -0.18054
v -0.21350 0.09300 -0.19851
v -0.19413 0.00450 -0.18048
v -0.09793 0.13800 -0.00617
v -0.10716 0.14579 -0.00217
v -0.09540 0.15029 -0.00405
v -0.12873 0.22564 -0.03201
v -0.14048 0.22114 -0.03013
v -0.13814 0.22893 -0.03991
v -0.12579 0.11700 -0.02955
v -0.13521 0.12029 -0.03745
v -0.13502 0.12479 -0.02555
v -0.16601 0.20793 -0.06329
v -0.16835 0.20013 -0.05351
v -0.16853 0.19564 -0.06541
v -0.07334 0.13800 -0.03547
v -0.07082 0.15029 -0.03335
v -0.07100 0.14579 -0.04526
v -0.11356 0.22893 -0.06922
v -0.10433 0.22114 -0.07322
v -0.10414 0.22564 -0.06131
v -0.10120 0.11700 -0.05885
v -0.09887 0.12479 -0.06864
v -0.11062 0.12029 -0.06675
v -0.14142 0.20793 -0.09260
v -0.14395 0.19564 -0.09471
v -0.13219 0.20013 -0.09660
v -0.12579 0.11700 -0.02955
v -0.10716 0.14579 -0.00217
v -0.09793 0.13800 -0.00617
v -0.13502 0.12479 -0.02555
v -0.09540 0.15029 -0.00405
v -0.14048 0.22114 -0.03013
v -0.12873 0.22564 -0.03201
v -0.10716 0.14579 -0.00217
v -0.13814 0.22893 -0.03991
v -0.16835 0.20013 -0.05351
v -0.16601 0.20793 -0.06329
v -0.14048 0.22114 -0.03013
v -0.16853 0.19564 -0.06541
v -0.13502 0.12479 -0.02555
v -0.13521 0.12029 -0.03745
v -0.16835 0.20013 -0.05351
v -0.10120 0.11700 -0.05885
v -0.13521 0.12029 -0.03745
v -0.12579 0.11700 -0.02955
v -0.11062 0.12029 -0.06675
v -0.16601 0.20793 -0.06329
v -0.14395 0.19564 -0.09471
v -0.14142 0.20793 -0.09260
v -0.16853 0.19564 -0.06541
v -0.13219 0.20013 -0.09660
v -0.11062 0.12029 -0.06675
v -0.09887 0.12479 -0.06864
v -0.14395 0.19564 -0.09471
v -0.07334 0.13800 -0.03547
v -0.09887 0.12479 -0.06864
v -0.10120 0.11700 -0.05885
v -0.07100 0.14579 -0.04526
v -0.14142 0.20793 -0.09260
v -0.10433 0.22114 -0.07322
v -0.11356 0.22893 -0.06922
v -0.13219 0.20013 -0.09660
v -0.10414 0.22564 -0.06131
v -0.07100 0.14579 -0.04526
v -0.07082 0.15029 -0.03335
v -0.10433 0.22114 -0.07322
v -0.09793 0.13800 -0.00617
v -0.07082 0.15029 -0.03335
v -0.07334 0.13800 -0.03547
v -0.09540 0.15029 -0.00405
v -0.11356 0.22893 -0.06922
v -0.12873 0.22564 -0.03201
v -0.13814 0.22893 -0.03991
v -0.10414 0.22564 -0.06131
v -0.12579 0.11700 -0.02955
v -0.07334 0.13800 -0.03547
v -0.10120 0.11700 -0.05885
v -0.09793 0.13800 -0.00617
v -0.10716 0.14579 -0.00217
v -0.16835 0.20013 -0.05351
v -0.14048 0.22114 -0.03013
v -0.13502 0.12479 -0.02555
v -0.07082 0.15029 -0.03335
v -0.12873 0.22564 -0.03201
v -0.10414 0.22564 -0.06131
v -0.09540 0.15029 -0.00405
v -0.14142 0.20793 -0.09260
v -0.13814 0.22893 -0.03991
v -0.16601 0.20793 -0.06329
v -0.11356 0.22893 -0.06922
v -0.13521 0.12029 -0.03745
v -0.14395 0.19564 -0.09471
v -0.16853 0.19564 -0.06541
v -0.11062 0.12029 -0.06675
v -0.09887 0.12479 -0.06864
v -0.10433 0.22114 -0.07322
v -0.13219 0.20013 -0.09660
v -0.07100 0.14579 -0.04526
v -0.04194 0.18942 0.03641
v -0.04594 0.19928 0.04676
v -0.03163 0.19569 0.04506
v -0.02534 0.21824 0.05033
v -0.03965 0.22184 0.05204
v -0.03015 0.23170 0.04630
v -0.09701 0.21558 -0.00980
v -0.10182 0.22904 -0.01383
v -0.10101 0.22545 0.00055
v -0.08522 0.25787 0.00009
v -0.09472 0.24800 0.00583
v -0.09553 0.25159 -0.00856
v -0.02169 0.18942 0.01228
v -0.01138 0.19569 0.02093
v -0.01219 0.19928 0.00654
v -0.00990 0.23170 0.02217
v -0.00590 0.22184 0.01182
v -0.00509 0.21824 0.02620
v -0.07676 0.21558 -0.03393
v -0.06726 0.22545 -0.03967
v -0.08157 0.22904 -0.03796
v -0.06497 0.25787 -0.02404
v -0.07528 0.25159 -0.03269
v -0.06097 0.24800 -0.03439
v -0.09701 0.21558 -0.00980
v -0.04594 0.19928 0.04676
v -0.04194 0.18942 0.03641
v -0.10101 0.22545 0.00055
v -0.03163 0.19569 0.04506
v -0.03965 0.22184 0.05204
v -0.02534 0.21824 0.05033
v -0.04594 0.19928 0.04676
v -0.03015 0.23170 0.04630
v -0.09472 0.24800 0.00583
v -0.08522 0.25787 0.00009
v -0.03965 0.22184 0.05204
v -0.09553 0.25159 -0.00856
v -0.10101 0.22545 0.00055
v -0.10182 0.22904 -0.01383
v -0.09472 0.24800 0.00583
v -0.07676 0.21558 -0.03393
v -0.10182 0.22904 -0.01383
v -0.09701 0.21558 -0.00980
v -0.08157 0.22904 -0.03796
v -0.08522 0.25787 0.00009
v -0.07528 0.25159 -0.03269
v -0.06497 0.25787 -0.02404
v -0.09553 0.25159 -0.00856
v -0.06097 0.24800 -0.03439
v -0.08157 0.22904 -0.03796
v -0.06726 0.22545 -0.03967
v -0.07528 0.25159 -0.03269
v -0.02169 0.18942 0.01228
v -0.06726 0.22545 -0.03967
v -0.07676 0.21558 -0.03393
v -0.01219 0.19928 0.00654
v -0.06497 0.25787 -0.02404
v -0.00590 0.22184 0.01182
v -0.00990 0.23170 0.02217
v -0.06097 0.24800 -0.03439
v -0.00509 0.21824 0.02620
v -0.01219 0.19928 0.00654
v -0.01138 0.19569 0.02093
v -0.00590 0.22184 0.01182
v -0.04194 0.18942 0.03641
v -0.01138 0.19569 0.02093
v -0.02169 0.18942 0.01228
v -0.03163 0.19569 0.04506
v -0.00990 0.23170 0.02217
v -0.02534 0.21824 0.05033
v -0.03015 0.23170 0.04630
v -0.00509 0.21824 0.02620
v -0.09701 0.21558 -0.00980
v -0.02169 0.18942 0.01228
v -0.07676 0.21558 -0.03393
v -0.04194 0.18942 0.03641
v -0.04594 0.19928 0.04676
v -0.09472 0.24800 0.00583
v -0.03965 0.22184 0.05204
v -0.10101 0.22545 0.00055
v -0.01138 0.19569 0.02093
v -0.02534 0.21824 0.05033
v -0.00509 0.21824 0.02620
v -0.03163 0.19569 0.04506
v -0.06497 0.25787 -0.02404
v -0.03015 0.23170 0.04630
v -0.08522 0.25787 0.00009
v -0.00990 0.23170 0.02217
v -0.10182 0.22904 -0.01383
v -0.07528 0.25159 -0.03269
v -0.09553 0.25159 -0.00856
v -0.08157 0.22904 -0.03796
v -0.06726 0.22545 -0.03967
v -0.00590 0.22184 0.01182
v -0.06097 0.24800 -0.03439
v -0.01219 0.19928 0.00654
v -0.09294 0.23250 -0.00541
v -0.08619 0.23250 -0.01345
v -0.10098 0.23250 -0.01215
v -0.08489 0.23250 0.00134
v -0.09969 0.23250 0.00264
v -0.10098 0.23250 -0.01215
v -0.08619 0.23250 -0.01345
v -0.09294 0.26250 -0.00541
v -0.08619 0.23250 -0.01345
v -0.08489 0.23250 0.00134
v -0.09294 0.26250 -0.00541
v -0.08489 0.23250 0.00134
v -0.09969 0.23250 0.00264
v -0.09294 0.26250 -0.00541
v -0.09969 0.23250 0.00264
v -0.10098 0.23250 -0.01215
v -0.09294 0.26250 -0.00541
v -0.07172 0.23250 -0.03069
v -0.06498 0.23250 -0.03873
v -0.07977 0.23250 -0.03744
v -0.06368 0.23250 -0.02394
v -0.07847 0.23250 -0.02264
v -0.07977 0.23250 -0.03744
v -0.06498 0.23250 -0.03873
v -0.07172 0.26250 -0.03069
v -0.06498 0.23250 -0.03873
v -0.06368 0.23250 -0.02394
v -0.07172 0.26250 -0.03069
v -0.06368 0.23250 -0.02394
v -0.07847 0.23250 -0.02264
v -0.07172 0.26250 -0.03069
v -0.07847 0.23250 -0.02264
v -0.07977 0.23250 -0.03744
v -0.07172 0.26250 -0.03069
vn -0.1576 -0.3213 0.9338
vn -0.1576 -0.3213 0.9338
vn -0.1576 -0.3213 0.9338
vn 0.2160 0.2760 0.9366
vn 0.2160 0.2760 0.9366
vn 0.2160 0.2760 0.9366
vn 0.0400 0.8325 -0.5525
vn 0.0400 0.8325 -0.5525
vn 0.0400 0.8325 -0.5525
vn -0.0179 0.8420 0.5391
vn -0.0179 0.8420 0.5391
vn -0.0179 0.8420 0.5391
vn 0.5877 -0.4363 0.6814
vn 0.5877 -0.4363 0.6814
vn 0.5877 -0.4363 0.6814
vn -0.5760 -0.4520 -0.6811
vn -0.5760 -0.4520 -0.6811
vn -0.5760 -0.4520 -0.6811
vn -0.4995 0.8309 -0.2449
vn -0.4995 0.8309 -0.2449
vn -0.4995 0.8309 -0.2449
vn 0.5256 -0.8045 -0.2768
vn 0.5256 -0.8045 -0.2768
vn 0.5256 -0.8045 -0.2768
vn -0.2933 -0.3802 0.8772
vn -0.2933 -0.3802 0.8772
vn -0.2933 -0.3802 0.8772
vn -0.2933 -0.3802 0.8772
vn 0.0436 -0.0400 0.9982
vn 0.0436 -0.0400 0.9982
vn 0.0436 -0.0400 0.9982
vn 0.0436 -0.0400 0.9982
vn 0.1000 0.5856 0.8044
vn 0.1000 0.5856 0.8044
vn 0.1000 0.5856 0.8044
vn 0.1000 0.5856 0.8044
vn -0.0038 1.0000 0.0042
vn -0.0038 1.0000 0.0042
vn -0.0038 1.0000 0.0042
vn -0.0038 1.0000 0.0042
vn -0.0567 0.9060 -0.4194
vn -0.0567 0.9060 -0.4194
vn -0.0567 0.9060 -0.4194
vn -0.0567 0.9060 -0.4194
vn -0.2908 0.8134 0.5038
vn -0.2908 0.8134 0.5038
vn -0.2908 0.8134 0.5038
vn -0.2908 0.8134 0.5038
vn -0.6752 0.7371 0.0295
vn -0.6752 0.7371 0.0295
vn -0.6752 0.7371 0.0295
vn -0.6752 0.7371 0.0295
vn -0.5942 0.6502 -0.4734
vn -0.5942 0.6502 -0.4734
vn -0.5942 0.6502 -0.4734
vn -0.5942 0.6502 -0.4734
vn 0.0787 -0.9147 -0.3963
vn 0.0787 -0.9147 -0.3963
vn 0.0787 -0.9147 -0.3963
vn 0.0787 -0.9147 -0.3963
vn 0.7373 -0.0028 0.6756
vn 0.7373 -0.0028 0.6756
vn 0.7373 -0.0028 0.6756
vn 0.7373 -0.0028 0.6756
vn 0.1665 -0.5192 0.8383
vn 0.1665 -0.5192 0.8383
vn 0.1665 -0.5192 0.8383
vn 0.1665 -0.5192 0.8383
vn 0.3433 0.3945 0.8524
vn 0.3433 0.3945 0.8524
vn 0.3433 0.3945 0.8524
vn 0.3433 0.3945 0.8524
vn -0.0000 -0.7071 0.7071
vn -0.0000 -0.7071 0.7071
vn -0.0000 -0.7071 0.7071
vn -0.0000 -0.7071 0.7071
vn -0.2566 0.6615 0.7047
vn -0.2566 0.6615 0.7047
vn -0.2566 0.6615 0.7047
vn -0.2566 0.6615 0.7047
vn 0.4202 -0.1061 0.9012
vn 0.4202 -0.1061 0.9012
vn 0.4202 -0.1061 0.9012
vn 0.4202 -0.1061 0.9012
vn -0.0000 0.7071 0.7071
vn -0.0000 0.7071 0.7071
vn -0.0000 0.7071 0.7071
vn -0.0000 0.7071 0.7071
vn -0.2433 0.9633 0.1134
vn -0.2433 0.9633 0.1134
vn -0.2433 0.9633 0.1134
vn -0.2433 0.9633 0.1134
vn 0.8829 -0.3424 0.3214
vn 0.8829 -0.3424 0.3214
vn 0.8829 -0.3424 0.3214
vn 0.8829 -0.3424 0.3214
vn -0.1590 -0.3277 0.9313
vn -0.1590 -0.3277 0.9313
vn -0.1590 -0.3277 0.9313
vn 0.2156 0.2681 0.9390
vn 0.2156 0.2681 0.9390
vn 0.2156 0.2681 0.9390
vn 0.0431 0.8264 -0.5614
vn 0.0431 0.8264 -0.5614
vn 0.0431 0.8264 -0.5614
vn -0.0158 0.8479 0.5299
vn -0.0158 0.8479 0.5299
vn -0.0158 0.8479 0.5299
vn 0.5796 -0.4466 0.6816
vn 0.5796 -0.4466 0.6816
vn 0.5796 -0.4466 0.6816
vn -0.5850 -0.4407 -0.6809
vn -0.5850 -0.4407 -0.6809
vn -0.5850 -0.4407 -0.6809
vn -0.4908 0.8337 -0.2533
vn -0.4908 0.8337 -0.2533
vn -0.4908 0.8337 -0.2533
vn 0.5334 -0.8018 -0.2694
vn 0.5334 -0.8018 -0.2694
vn 0.5334 -0.8018 -0.2694
vn -0.2892 -0.3857 0.8761
vn -0.2892 -0.3857 0.8761
vn -0.2892 -0.3857 0.8761
vn -0.2892 -0.3857 0.8761
vn 0.0330 -0.0515 0.9981
vn 0.0330 -0.0515 0.9981
vn 0.0330 -0.0515 0.9981
vn 0.0330 -0.0515 0.9981
vn 0.1003 0.5859 0.8041
vn 0.1003 0.5859 0.8041
vn 0.1003 0.5859 0.8041
vn 0.1003 0.5859 0.8041
vn -0.0048 0.9998 -0.0200
vn -0.0048 0.9998 -0.0200
vn -0.0048 0.9998 -0.0200
vn -0.0048 0.9998 -0.0200
vn -0.0553 0.9040 -0.4240
vn -0.0553 0.9040 -0.4240
vn -0.0553 0.9040 -0.4240
vn -0.0553 0.9040 -0.4240
vn -0.2923 0.8146 0.5010
vn -0.2923 0.8146 0.5010
vn -0.2923 0.8146 0.5010
vn -0.2923 0.8146 0.5010
vn -0.6747 0.7378 0.0209
vn -0.6747 0.7378 0.0209
vn -0.6747 0.7378 0.0209
vn -0.6747 0.7378 0.0209
vn -0.5884 0.6539 -0.4756
vn -0.5884 0.6539 -0.4756
vn -0.5884 0.6539 -0.4756
vn -0.5884 0.6539 -0.4756
vn 0.0853 -0.9165 -0.3907
vn 0.0853 -0.9165 -0.3907
vn 0.0853 -0.9165 -0.3907
vn 0.0853 -0.9165 -0.3907
vn 0.7370 -0.0191 0.6756
vn 0.7370 -0.0191 0.6756
vn 0.7370 -0.0191 0.6756
vn 0.7370 -0.0191 0.6756
vn 0.1633 -0.5220 0.8372
vn 0.1633 -0.5220 0.8372
vn 0.1633 -0.5220 0.8372
vn 0.1633 -0.5220 0.8372
vn 0.3459 0.3898 0.8535
vn 0.3459 0.3898 0.8535
vn 0.3459 0.3898 0.8535
vn 0.3459 0.3898 0.8535
vn -0.0000 -0.7071 0.7071
vn -0.0000 -0.7071 0.7071
vn -0.0000 -0.7071 0.7071
vn -0.0000 -0.7071 0.7071
vn -0.2711 0.6595 0.7011
vn -0.2711 0.6595 0.7011
vn -0.2711 0.6595 0.7011
vn -0.2711 0.6595 0.7011
vn 0.4176 -0.1178 0.9010
vn 0.4176 -0.1178 0.9010
vn 0.4176 -0.1178 0.9010
vn 0.4176 -0.1178 0.9010
vn -0.0000 0.7071 0.7071
vn -0.0000 0.7071 0.7071
vn -0.0000 0.7071 0.7071
vn -0.0000 0.7071 0.7071
vn -0.2388 0.9658 0.1011
vn -0.2388 0.9658 0.1011
vn -0.2388 0.9658 0.1011
vn -0.2388 0.9658 0.1011
vn 0.8807 -0.3458 0.3236
vn 0.8807 -0.3458 0.3236
vn 0.8807 -0.3458 0.3236
vn 0.8807 -0.3458 0.3236
vn -0.1590 -0.3277 0.9313
vn -0.1590 -0.3277 0.9313
vn -0.1590 -0.3277 0.9313
vn 0.2156 0.2681 0.9390
vn 0.2156 0.2681 0.9390
vn 0.2156 0.2681 0.9390
vn 0.0431 0.8264 -0.5614
vn 0.0431 0.8264 -0.5614
vn 0.0431 0.8264 -0.5614
vn -0.0158 0.8479 0.5299
vn -0.0158 0.8479 0.5299
vn -0.0158 0.8479 0.5299
vn 0.5796 -0.4466 0.6816
vn 0.5796 -0.4466 0.6816
vn 0.5796 -0.4466 0.6816
vn -0.5850 -0.4407 -0.6809
vn -0.5850 -0.4407 -0.6809
vn -0.5850 -0.4407 -0.6809
vn -0.4908 0.8337 -0.2533
vn -0.4908 0.8337 -0.2533
vn -0.4908 0.8337 -0.2533
vn 0.5334 -0.8018 -0.2694
vn 0.5334 -0.8018 -0.2694
vn 0.5334 -0.8018 -0.2694
vn -0.2892 -0.3857 0.8761
vn -0.2892 -0.3857 0.8761
vn -0.2892 -0.3857 0.8761
vn -0.2892 -0.3857 0.8761
vn 0.0330 -0.0515 0.9981
vn 0.0330 -0.0515 0.9981
vn 0.0330 -0.0515 0.9981
vn 0.0330 -0.0515 0.9981
vn 0.1003 0.5859 0.8041
vn 0.1003 0.5859 0.8041
vn 0.1003 0.5859 0.8041
vn 0.1003 0.5859 0.8041
vn -0.0048 0.9998 -0.0200
vn -0.0048 0.9998 -0.0200
vn -0.0048 0.9998 -0.0200
vn -0.0048 0.9998 -0.0200
vn -0.0553 0.9040 -0.4240
vn -0.0553 0.9040 -0.4240
vn -0.0553 0.9040 -0.4240
vn -0.0553 0.9040 -0.4240
vn -0.2923 0.8146 0.5010
vn -0.2923 0.8146 0.5010
vn -0.2923 0.8146 0.5010
vn -0.2923 0.8146 0.5010
vn -0.6747 0.7378 0.0209
vn -0.6747 0.7378 0.0209
vn -0.6747 0.7378 0.0209
vn -0.6747 0.7378 0.0209
vn -0.5884 0.6539 -0.4756
vn -0.5884 0.6539 -0.4756
vn -0.5884 0.6539 -0.4756
vn -0.5884 0.6539 -0.4756
vn 0.0853 -0.9165 -0.3907
vn 0.0853 -0.9165 -0.3907
vn 0.0853 -0.9165 -0.3907
vn 0.0853 -0.9165 -0.3907
vn 0.7370 -0.0191 0.6756
vn 0.7370 -0.0191 0.6756
vn 0.7370 -0.0191 0.6756
vn 0.7370 -0.0191 0.6756
vn 0.1633 -0.5220 0.8372
vn 0.1633 -0.5220 0.8372
vn 0.1633 -0.5220 0.8372
vn 0.1633 -0.5220 0.8372
vn 0.3459 0.3898 0.8535
vn 0.3459 0.3898 0.8535
vn 0.3459 0.3898 0.8535
vn 0.3459 0.3898 0.8535
vn -0.0000 -0.7071 0.7071
vn -0.0000 -0.7071 0.7071
vn -0.0000 -0.7071 0.7071
vn -0.0000 -0.7071 0.7071
vn -0.2711 0.6595 0.7011
vn -0.2711 0.6595 0.7011
vn -0.2711 0.6595 0.7011
vn -0.2711 0.6595 0.7011
vn 0.4176 -0.1178 0.9010
vn 0.4176 -0.1178 0.9010
vn 0.4176 -0.1178 0.9010
vn 0.4176 -0.1178 0.9010
vn -0.0000 0.7071 0.7071
vn -0.0000 0.7071 0.7071
vn -0.0000 0.7071 0.7071
vn -0.0000 0.7071 0.7071
vn -0.2388 0.9658 0.1011
vn -0.2388 0.9658 0.1011
vn -0.2388 0.9658 0.1011
vn -0.2388 0.9658 0.1011
vn 0.8807 -0.3458 0.3236
vn 0.8807 -0.3458 0.3236
vn 0.8807 -0.3458 0.3236
vn 0.8807 -0.3458 0.3236
vn -0.1590 -0.3277 0.9313
vn -0.1590 -0.3277 0.9313
vn -0.1590 -0.3277 0.9313
vn 0.2156 0.2681 0.9390
vn 0.2156 0.2681 0.9390
vn 0.2156 0.2681 0.9390
vn 0.0431 0.8264 -0.5614
vn 0.0431 0.8264 -0.5614
vn 0.0431 0.8264 -0.5614
vn -0.0158 0.8479 0.5299
vn -0.0158 0.8479 0.5299
vn -0.0158 0.8479 0.5299
vn 0.5796 -0.4466 0.6816
vn 0.5796 -0.4466 0.6816
vn 0.5796 -0.4466 0.6816
vn -0.5850 -0.4407 -0.6809
vn -0.5850 -0.4407 -0.6809
vn -0.5850 -0.4407 -0.6809
vn -0.4908 0.8337 -0.2533
vn -0.4908 0.8337 -0.2533
vn -0.4908 0.8337 -0.2533
vn 0.5334 -0.8018 -0.2694
vn 0.5334 -0.8018 -0.2694
vn 0.5334 -0.8018 -0.2694
vn -0.2892 -0.3857 0.8761
vn -0.2892 -0.3857 0.8761
vn -0.2892 -0.3857 0.8761
vn -0.2892 -0.3857 0.8761
vn 0.0330 -0.0515 0.9981
vn 0.0330 -0.0515 0.9981
vn 0.0330 -0.0515 0.9981
vn 0.0330 -0.0515 0.9981
vn 0.1003 0.5859 0.8041
vn 0.1003 0.5859 0.8041
vn 0.1003 0.5859 0.8041
vn 0.1003 0.5859 0.8041
vn -0.0048 0.9998 -0.0200
vn -0.0048 0.9998 -0.0200
vn -0.0048 0.9998 -0.0200
vn -0.0048 0.9998 -0.0200
vn -0.0553 0.9040 -0.4240
vn -0.0553 0.9040 -0.4240
vn -0.0553 0.9040 -0.4240
vn -0.0553 0.9040 -0.4240
vn -0.2923 0.8146 0.5010
vn -0.2923 0.8146 0.5010
vn -0.2923 0.8146 0.5010
vn -0.2923 0.8146 0.5010
vn -0.6747 0.7378 0.0209
vn -0.6747 0.7378 0.0209
vn -0.6747 0.7378 0.0209
vn -0.6747 0.7378 0.0209
vn -0.5884 0.6539 -0.4756
vn -0.5884 0.6539 -0.4756
vn -0.5884 0.6539 -0.4756
vn -0.5884 0.6539 -0.4756
vn 0.0853 -0.9165 -0.3907
vn 0.0853 -0.9165 -0.3907
vn 0.0853 -0.9165 -0.3907
vn 0.0853 -0.9165 -0.3907
vn 0.7370 -0.0191 0.6756
vn 0.7370 -0.0191 0.6756
vn 0.7370 -0.0191 0.6756
vn 0.7370 -0.0191 0.6756
vn 0.1633 -0.5220 0.8372
vn 0.1633 -0.5220 0.8372
vn 0.1633 -0.5220 0.8372
vn 0.1633 -0.5220 0.8372
vn 0.3459 0.3898 0.8535
vn 0.3459 0.3898 0.8535
vn 0.3459 0.3898 0.8535
vn 0.3459 0.3898 0.8535
vn -0.0000 -0.7071 0.7071
vn -0.0000 -0.7071 0.7071
vn -0.0000 -0.7071 0.7071
vn -0.0000 -0.7071 0.7071
vn -0.2711 0.6595 0.7011
vn -0.2711 0.6595 0.7011
vn -0.2711 0.6595 0.7011
vn -0.2711 0.6595 0.7011
vn 0.4176 -0.1178 0.9010
vn 0.4176 -0.1178 0.9010
vn 0.4176 -0.1178 0.9010
vn 0.4176 -0.1178 0.9010
vn -0.0000 0.7071 0.7071
vn -0.0000 0.7071 0.7071
vn -0.0000 0.7071 0.7071
vn -0.0000 0.7071 0.7071
vn -0.2388 0.9658 0.1011
vn -0.2388 0.9658 0.1011
vn -0.2388 0.9658 0.1011
vn -0.2388 0.9658 0.1011
vn 0.8807 -0.3458 0.3236
vn 0.8807 -0.3458 0.3236
vn 0.8807 -0.3458 0.3236
vn 0.8807 -0.3458 0.3236
vn -0.1590 -0.3277 0.9313
vn -0.1590 -0.3277 0.9313
vn -0.1590 -0.3277 0.9313
vn 0.2156 0.2681 0.9390
vn 0.2156 0.2681 0.9390
vn 0.2156 0.2681 0.9390
vn 0.0431 0.8264 -0.5614
vn 0.0431 0.8264 -0.5614
vn 0.0431 0.8264 -0.5614
vn -0.0158 0.8479 0.5299
vn -0.0158 0.8479 0.5299
vn -0.0158 0.8479 0.5299
vn 0.5796 -0.4466 0.6816
vn 0.5796 -0.4466 0.6816
vn 0.5796 -0.4466 0.6816
vn -0.5850 -0.4407 -0.6809
vn -0.5850 -0.4407 -0.6809
vn -0.5850 -0.4407 -0.6809
vn -0.4908 0.8337 -0.2533
vn -0.4908 0.8337 -0.2533
vn -0.4908 0.8337 -0.2533
vn 0.5334 -0.8018 -0.2694
vn 0.5334 -0.8018 -0.2694
vn 0.5334 -0.8018 -0.2694
vn -0.2892 -0.3857 0.8761
vn -0.2892 -0.3857 0.8761
vn -0.2892 -0.3857 0.8761
vn -0.2892 -0.3857 0.8761
vn 0.0330 -0.0515 0.9981
vn 0.0330 -0.0515 0.9981
vn 0.0330 -0.0515 0.9981
vn 0.0330 -0.0515 0.9981
vn 0.1003 0.5859 0.8041
vn 0.1003 0.5859 0.8041
vn 0.1003 0.5859 0.8041
vn 0.1003 0.5859 0.8041
vn -0.0048 0.9998 -0.0200
vn -0.0048 0.9998 -0.0200
vn -0.0048 0.9998 -0.0200
vn -0.0048 0.9998 -0.0200
vn -0.0553 0.9040 -0.4240
vn -0.0553 0.9040 -0.4240
vn -0.0553 0.9040 -0.4240
vn -0.0553 0.9040 -0.4240
vn -0.2923 0.8146 0.5010
vn -0.2923 0.8146 0.5010
vn -0.2923 0.8146 0.5010
vn -0.2923 0.8146 0.5010
vn -0.6747 0.7378 0.0209
vn -0.6747 0.7378 0.0209
vn -0.6747 0.7378 0.0209
vn -0.6747 0.7378 0.0209
vn -0.5884 0.6539 -0.4756
vn -0.5884 0.6539 -0.4756
vn -0.5884 0.6539 -0.4756
vn -0.5884 0.6539 -0.4756
vn 0.0853 -0.9165 -0.3907
vn 0.0853 -0.9165 -0.3907
vn 0.0853 -0.9165 -0.3907
vn 0.0853 -0.9165 -0.3907
vn 0.7370 -0.0191 0.6756
vn 0.7370 -0.0191 0.6756
vn 0.7370 -0.0191 0.6756
vn 0.7370 -0.0191 0.6756
vn 0.1633 -0.5220 0.8372
vn 0.1633 -0.5220 0.8372
vn 0.1633 -0.5220 0.8372
vn 0.1633 -0.5220 0.8372
vn 0.3459 0.3898 0.8535
vn 0.3459 0.3898 0.8535
vn 0.3459 0.3898 0.8535
vn 0.3459 0.3898 0.8535
vn -0.0000 -0.7071 0.7071
vn -0.0000 -0.7071 0.7071
vn -0.0000 -0.7071 0.7071
vn -0.0000 -0.7071 0.7071
vn -0.2711 0.6595 0.7011
vn -0.2711 0.6595 0.7011
vn -0.2711 0.6595 0.7011
vn -0.2711 0.6595 0.7011
vn 0.4176 -0.1178 0.9010
vn 0.4176 -0.1178 0.9010
vn 0.4176 -0.1178 0.9010
vn 0.4176 -0.1178 0.9010
vn -0.0000 0.7071 0.7071
vn -0.0000 0.7071 0.7071
vn -0.0000 0.7071 0.7071
vn -0.0000 0.7071 0.7071
vn -0.2388 0.9658 0.1011
vn -0.2388 0.9658 0.1011
vn -0.2388 0.9658 0.1011
vn -0.2388 0.9658 0.1011
vn 0.8807 -0.3458 0.3236
vn 0.8807 -0.3458 0.3236
vn 0.8807 -0.3458 0.3236
vn 0.8807 -0.3458 0.3236
vn 0.0347 -0.1971 0.9798
vn 0.0347 -0.1971 0.9798
vn 0.0347 -0.1971 0.9798
vn 0.1332 0.4947 0.8588
vn 0.1332 0.4947 0.8588
vn 0.1332 0.4947 0.8588
vn 0.1557 0.5910 -0.7915
vn 0.1557 0.5910 -0.7915
vn 0.1557 0.5910 -0.7915
vn -0.0123 0.9786 0.2054
vn -0.0123 0.9786 0.2054
vn -0.0123 0.9786 0.2054
vn 0.6665 -0.1532 0.7296
vn 0.6665 -0.1532 0.7296
vn 0.6665 -0.1532 0.7296
vn -0.2700 -0.7715 -0.5760
vn -0.2700 -0.7715 -0.5760
vn -0.2700 -0.7715 -0.5760
vn -0.4464 0.7753 -0.4467
vn -0.4464 0.7753 -0.4467
vn -0.4464 0.7753 -0.4467
vn -0.6052 0.7804 0.1569
vn -0.6052 0.7804 0.1569
vn -0.6052 0.7804 0.1569
vn -0.3023 -0.2559 0.9182
vn -0.3023 -0.2559 0.9182
vn -0.3023 -0.2559 0.9182
vn -0.3023 -0.2559 0.9182
vn 0.1600 0.1713 0.9721
vn 0.1600 0.1713 0.9721
vn 0.1600 0.1713 0.9721
vn 0.1600 0.1713 0.9721
vn 0.0416 0.7666 0.6407
vn 0.0416 0.7666 0.6407
vn 0.0416 0.7666 0.6407
vn 0.0416 0.7666 0.6407
vn -0.0150 0.9292 -0.3694
vn -0.0150 0.9292 -0.3694
vn -0.0150 0.9292 -0.3694
vn -0.0150 0.9292 -0.3694
vn -0.0007 0.7702 -0.6378
vn -0.0007 0.7702 -0.6378
vn -0.0007 0.7702 -0.6378
vn -0.0007 0.7702 -0.6378
vn -0.2984 0.9119 0.2819
vn -0.2984 0.9119 0.2819
vn -0.2984 0.9119 0.2819
vn -0.2984 0.9119 0.2819
vn -0.6462 0.7516 -0.1325
vn -0.6462 0.7516 -0.1325
vn -0.6462 0.7516 -0.1325
vn -0.6462 0.7516 -0.1325
vn -0.6473 0.4888 -0.5849
vn -0.6473 0.4888 -0.5849
vn -0.6473 0.4888 -0.5849
vn -0.6473 0.4888 -0.5849
vn 0.5310 -0.8163 -0.2274
vn 0.5310 -0.8163 -0.2274
vn 0.5310 -0.8163 -0.2274
vn 0.5310 -0.8163 -0.2274
vn 0.7119 0.2594 0.6526
vn 0.7119 0.2594 0.6526
vn 0.7119 0.2594 0.6526
vn 0.7119 0.2594 0.6526
vn 0.3602 -0.2755 0.8913
vn 0.3602 -0.2755 0.8913
vn 0.3602 -0.2755 0.8913
vn 0.3602 -0.2755 0.8913
vn 0.1304 0.6323 0.7637
vn 0.1304 0.6323 0.7637
vn 0.1304 0.6323 0.7637
vn 0.1304 0.6323 0.7637
vn 0.0818 -0.5921 0.8017
vn 0.0818 -0.5921 0.8017
vn 0.0818 -0.5921 0.8017
vn 0.0818 -0.5921 0.8017
vn -0.2566 0.6615 0.7047
vn -0.2566 0.6615 0.7047
vn -0.2566 0.6615 0.7047
vn -0.2566 0.6615 0.7047
vn 0.4070 0.2411 0.8810
vn 0.4070 0.2411 0.8810
vn 0.4070 0.2411 0.8810
vn 0.4070 0.2411 0.8810
vn -0.2247 0.7839 0.5788
vn -0.2247 0.7839 0.5788
vn -0.2247 0.7839 0.5788
vn -0.2247 0.7839 0.5788
vn -0.1069 0.9590 -0.2625
vn -0.1069 0.9590 -0.2625
vn -0.1069 0.9590 -0.2625
vn -0.1069 0.9590 -0.2625
vn 0.8829 -0.3424 0.3214
vn 0.8829 -0.3424 0.3214
vn 0.8829 -0.3424 0.3214
vn 0.8829 -0.3424 0.3214
vn -0.2376 -0.3729 0.8969
vn -0.2376 -0.3729 0.8969
vn -0.2376 -0.3729 0.8969
vn 0.2173 0.1075 0.9702
vn 0.2173 0.1075 0.9702
vn 0.2173 0.1075 0.9702
vn 0.0123 0.9451 -0.3267
vn 0.0123 0.9451 -0.3267
vn 0.0123 0.9451 -0.3267
vn 0.0081 0.7285 0.6850
vn 0.0081 0.7285 0.6850
vn 0.0081 0.7285 0.6850
vn -0.5155 0.5869 -0.6243
vn -0.5155 0.5869 -0.6243
vn -0.5155 0.5869 -0.6243
vn -0.6492 -0.2485 -0.7188
vn -0.6492 -0.2485 -0.7188
vn -0.6492 -0.2485 -0.7188
vn -0.5585 0.8245 -0.0914
vn -0.5585 0.8245 -0.0914
vn -0.5585 0.8245 -0.0914
vn 0.3847 -0.8523 -0.3543
vn 0.3847 -0.8523 -0.3543
vn 0.3847 -0.8523 -0.3543
vn 0.0955 0.6244 -0.7753
vn 0.0955 0.6244 -0.7753
vn 0.0955 0.6244 -0.7753
vn 0.0955 0.6244 -0.7753
vn -0.0815 -0.1456 0.9860
vn -0.0815 -0.1456 0.9860
vn -0.0815 -0.1456 0.9860
vn -0.0815 -0.1456 0.9860
vn 0.1442 0.4582 0.8771
vn 0.1442 0.4582 0.8771
vn 0.1442 0.4582 0.8771
vn 0.1442 0.4582 0.8771
vn 0.0073 0.9666 0.2561
vn 0.0073 0.9666 0.2561
vn 0.0073 0.9666 0.2561
vn 0.0073 0.9666 0.2561
vn -0.1271 0.9708 -0.2035
vn -0.1271 0.9708 -0.2035
vn -0.1271 0.9708 -0.2035
vn -0.1271 0.9708 -0.2035
vn -0.1945 0.7747 0.6017
vn -0.1945 0.7747 0.6017
vn -0.1945 0.7747 0.6017
vn -0.1945 0.7747 0.6017
vn 0.6644 -0.7393 -0.1092
vn 0.6644 -0.7393 -0.1092
vn 0.6644 -0.7393 -0.1092
vn 0.6644 -0.7393 -0.1092
vn -0.5905 0.7153 -0.3738
vn -0.5905 0.7153 -0.3738
vn -0.5905 0.7153 -0.3738
vn -0.5905 0.7153 -0.3738
vn -0.4819 -0.6824 -0.5496
vn -0.4819 -0.6824 -0.5496
vn -0.4819 -0.6824 -0.5496
vn -0.4819 -0.6824 -0.5496
vn -0.7254 0.1762 -0.6654
vn -0.7254 0.1762 -0.6654
vn -0.7254 0.1762 -0.6654
vn -0.7254 0.1762 -0.6654
vn 0.0596 -0.6123 0.7884
vn 0.0596 -0.6123 0.7884
vn 0.0596 -0.6123 0.7884
vn 0.0596 -0.6123 0.7884
vn 0.4206 0.1861 0.8880
vn 0.4206 0.1861 0.8880
vn 0.4206 0.1861 0.8880
vn 0.4206 0.1861 0.8880
vn -0.0056 0.7928 -0.6095
vn -0.0056 0.7928 -0.6095
vn -0.0056 0.7928 -0.6095
vn -0.0056 0.7928 -0.6095
vn -0.2566 0.6615 0.7047
vn -0.2566 0.6615 0.7047
vn -0.2566 0.6615 0.7047
vn -0.2566 0.6615 0.7047
vn 0.3318 -0.3264 0.8851
vn 0.3318 -0.3264 0.8851
vn 0.3318 -0.3264 0.8851
vn 0.3318 -0.3264 0.8851
vn 0.1720 0.6004 0.7810
vn 0.1720 0.6004 0.7810
vn 0.1720 0.6004 0.7810
vn 0.1720 0.6004 0.7810
vn -0.3092 0.8923 0.3290
vn -0.3092 0.8923 0.3290
vn -0.3092 0.8923 0.3290
vn -0.3092 0.8923 0.3290
vn 0.8829 -0.3424 0.3214
vn 0.8829 -0.3424 0.3214
vn 0.8829 -0.3424 0.3214
vn 0.8829 -0.3424 0.3214
vn -0.0000 -0.7071 0.7071
vn -0.0000 -0.7071 0.7071
vn -0.0000 -0.7071 0.7071
vn -0.0000 -0.7071 0.7071
vn -0.0000 -0.7071 0.7071
vn 0.6545 -0.7466 -0.1193
vn 0.6545 -0.7466 -0.1193
vn 0.6545 -0.7466 -0.1193
vn 0.7160 0.1719 0.6766
vn 0.7160 0.1719 0.6766
vn 0.7160 0.1719 0.6766
vn 0.1452 0.0842 0.9858
vn 0.1452 0.0842 0.9858
vn 0.1452 0.0842 0.9858
vn 0.0055 0.9687 0.2484
vn 0.0055 0.9687 0.2484
vn 0.0055 0.9687 0.2484
vn -0.0000 -0.7071 0.7071
vn -0.0000 -0.7071 0.7071
vn -0.0000 -0.7071 0.7071
vn -0.0000 -0.7071 0.7071
vn -0.0000 -0.7071 0.7071
vn 0.6545 -0.7466 -0.1193
vn 0.6545 -0.7466 -0.1193
vn 0.6545 -0.7466 -0.1193
vn 0.7160 0.1719 0.6766
vn 0.7160 0.1719 0.6766
vn 0.7160 0.1719 0.6766
vn 0.1452 0.0842 0.9858
vn 0.1452 0.0842 0.9858
vn 0.1452 0.0842 0.9858
vn 0.0055 0.9687 0.2484
vn 0.0055 0.9687 0.2484
vn 0.0055 0.9687 0.2484
f 97//97 99//99 98//98
f 100//100 102//102 101//101
f 103//103 105//105 104//104
f 106//106 108//108 107//107
f 109//109 111//111 110//110
f 112//112 114//114 113//113
f 115//115 117//117 116//116
f 118//118 120//120 119//119
f 121//121 123//123 122//122
f 121//121 122//122 124//124
f 125//125 127//127 126//126
f 125//125 126//126 128//128
f 129//129 131//131 130//130
f 129//129 130//130 132//132
f 133//133 135//135 134//134
f 133//133 134//134 136//136
f 137//137 139//139 138//138
f 137//137 138//138 140//140
f 141//141 143//143 142//142
f 141//141 142//142 144//144
f 145//145 147//147 146//146
f 145//145 146//146 148//148
f 149//149 151//151 150//150
f 149//149 150//150 152//152
f 153//153 155//155 154//154
f 153//153 154//154 156//156
f 157//157 159//159 158//158
f 157//157 158//158 160//160
f 161//161 163//163 162//162
f 161//161 162//162 164//164
f 165//165 167//167 166//166
f 165//165 166//166 168//168
f 169//169 171//171 170//170
f 169//169 170//170 172//172
f 173//173 175//175 174//174
f 173//173 174//174 176//176
f 177//177 179//179 178//178
f 177//177 178//178 180//180
f 181//181 183//183 182//182
f 181//181 182//182 184//184
f 185//185 187//187 186//186
f 185//185 186//186 188//188
f 189//189 191//191 190//190
f 189//189 190//190 192//192
f 193//193 195//195 194//194
f 196//196 198//198 197//197
f 199//199 201//201 200//200
f 202//202 204//204 203//203
f 205//205 207//207 206//206
f 208//208 210//210 209//209
f 211//211 213//213 212//212
f 214//214 216//216 215//215
f 217//217 219//219 218//218
f 217//217 218//218 220//220
f 221//221 223//223 222//222
f 221//221 222//222 224//224
f 225//225 227//227 226//226
f 225//225 226//226 228//228
f 229//229 231//231 230//230
f 229//229 230//230 232//232
f 233//233 235//235 234//234
f 233//233 234//234 236//236
f 237//237 239//239 238//238
f 237//237 238//238 240//240
f 241//241 243//243 242//242
f 241//241 242//242 244//244
f 245//245 247//247 246//246
f 245//245 246//246 248//248
f 249//249 251//251 250//250
f 249//249 250//250 252//252
f 253//253 255//255 254//254
f 253//253 254//254 256//256
f 257//257 259//259 258//258
f 257//257 258//258 260//260
f 261//261 263//263 262//262
f 261//261 262//262 264//264
f 265//265 267//267 266//266
f 265//265 266//266 268//268
f 269//269 271//271 270//270
f 269//269 270//270 272//272
f 273//273 275//275 274//274
f 273//273 274//274 276//276
f 277//277 279//279 278//278
f 277//277 278//278 280//280
f 281//281 283//283 282//282
f 281//281 282//282 284//284
f 285//285 287//287 286//286
f 285//285 286//286 288//288
f 289//289 291//291 290//290
f 292//292 294//294 293//293
f 295//295 297//297 296//296
f 298//298 300//300 299//299
f 301//301 303//303 302//302
f 304//304 306//306 305//305
f 307//307 309//309 308//308
f 310//310 312//312 311//311
f 313//313 315//315 314//314
f 313//313 314//314 316//316
f 317//317 319//319 318//318
f 317//317 318//318 320//320
f 321//321 323//323 322//322
f 321//321 322//322 324//324
f 325//325 327//327 326//326
f 325//325 326//326 328//328
f 329//329 331//331 330//330
f 329//329 330//330 332//332
f 333//333 335//335 334//334
f 333//333 334//334 336//336
f 337//337 339//339 338//338
f 337//337 338//338 340//340
f 341//341 343//343 342//342
f 341//341 342//342 344//344
f 345//345 347//347 346//346
f 345//345 346//346 348//348
f 349//349 351//351 350//350
f 349//349 350//350 352//352
f 353//353 355//355 354//354
f 353//353 354//354 356//356
f 357//357 359//359 358//358
f 357//357 358//358 360//360
f 361//361 363//363 362//362
f 361//361 362//362 364//364
f 365//365 367//367 366//366
f 365//365 366//366 368//368
f 369//369 371//371 370//370
f 369//369 370//370 372//372
f 373//373 375//375 374//374
f 373//373 374//374 376//376
f 377//377 379//379 378//378
f 377//377 378//378 380//380
f 381//381 383//383 382//382
f 381//381 382//382 384//384
f 385//385 387//387 386//386
f 388//388 390//390 389//389
f 391//391 393//393 392//392
f 394//394 396//396 395//395
f 397//397 399//399 398//398
f 400//400 402//402 401//401
f 403//403 405//405 404//404
f 406//406 408//408 407//407
f 409//409 411//411 410//410
f 409//409 410//410 412//412
f 413//413 415//415 414//414
f 413//413 414//414 416//416
f 417//417 419//419 418//418
f 417//417 418//418 420//420
f 421//421 423//423 422//422
f 421//421 422//422 424//424
f 425//425 427//427 426//426
f 425//425 426//426 428//428
f 429//429 431//431 430//430
f 429//429 430//430 432//432
f 433//433 435//435 434//434
f 433//433 434//434 436//436
f 437//437 439//439 438//438
f 437//437 438//438 440//440
f 441//441 443//443 442//442
f 441//441 442//442 444//444
f 445//445 447//447 446//446
f 445//445 446//446 448//448
f 449//449 451//451 450//450
f 449//449 450//450 452//452
f 453//453 455//455 454//454
f 453//453 454//454 456//456
f 457//457 459//459 458//458
f 457//457 458//458 460//460
f 461//461 463//463 462//462
f 461//461 462//462 464//464
f 465//465 467//467 466//466
f 465//465 466//466 468//468
f 469//469 471//471 470//470
f 469//469 470//470 472//472
f 473//473 475//475 474//474
f 473//473 474//474 476//476
f 477//477 479//479 478//478
f 477//477 478//478 480//480
f 1//1 3//3 2//2
f 4//4 6//6 5//5
f 7//7 9//9 8//8
f 10//10 12//12 11//11
f 13//13 15//15 14//14
f 16//16 18//18 17//17
f 19//19 21//21 20//20
f 22//22 24//24 23//23
f 25//25 27//27 26//26
f 25//25 26//26 28//28
f 29//29 31//31 30//30
f 29//29 30//30 32//32
f 33//33 35//35 34//34
f 33//33 34//34 36//36
f 37//37 39//39 38//38
f 37//37 38//38 40//40
f 41//41 43//43 42//42
f 41//41 42//42 44//44
f 45//45 47//47 46//46
f 45//45 46//46 48//48
f 49//49 51//51 50//50
f 49//49 50//50 52//52
f 53//53 55//55 54//54
f 53//53 54//54 56//56
f 57//57 59//59 58//58
f 57//57 58//58 60//60
f 61//61 63//63 62//62
f 61//61 62//62 64//64
f 65//65 67//67 66//66
f 65//65 66//66 68//68
f 69//69 71//71 70//70
f 69//69 70//70 72//72
f 73//73 75//75 74//74
f 73//73 74//74 76//76
f 77//77 79//79 78//78
f 77//77 78//78 80//80
f 81//81 83//83 82//82
f 81//81 82//82 84//84
f 85//85 87//87 86//86
f 85//85 86//86 88//88
f 89//89 91//91 90//90
f 89//89 90//90 92//92
f 93//93 95//95 94//94
f 93//93 94//94 96//96
f 481//481 483//483 482//482
f 484//484 486//486 485//485
f 487//487 489//489 488//488
f 490//490 492//492 491//491
f 493//493 495//495 494//494
f 496//496 498//498 497//497
f 499//499 501//501 500//500
f 502//502 504//504 503//503
f 505//505 507//507 506//506
f 505//505 506//506 508//508
f 509//509 511//511 510//510
f 509//509 510//510 512//512
f 513//513 515//515 514//514
f 513//513 514//514 516//516
f 517//517 519//519 518//518
f 517//517 518//518 520//520
f 521//521 523//523 522//522
f 521//521 522//522 524//524
f 525//525 527//527 526//526
f 525//525 526//526 528//528
f 529//529 531//531 530//530
f 529//529 530//530 532//532
f 533//533 535//535 534//534
f 533//533 534//534 536//536
f 537//537 539//539 538//538
f 537//537 538//538 540//540
f 541//541 543//543 542//542
f 541//541 542//542 544//544
f 545//545 547//547 546//546
f 545//545 546//546 548//548
f 549//549 551//551 550//550
f 549//549 550//550 552//552
f 553//553 555//555 554//554
f 553//553 554//554 556//556
f 557//557 559//559 558//558
f 557//557 558//558 560//560
f 561//561 563//563 562//562
f 561//561 562//562 564//564
f 565//565 567//567 566//566
f 565//565 566//566 568//568
f 569//569 571//571 570//570
f 569//569 570//570 572//572
f 573//573 575//575 574//574
f 573//573 574//574 576//576
f 577//577 579//579 578//578
f 580//580 582//582 581//581
f 583//583 585//585 584//584
f 586//586 588//588 587//587
f 589//589 591//591 590//590
f 592//592 594//594 593//593
f 595//595 597//597 596//596
f 598//598 600//600 599//599
f 601//601 603//603 602//602
f 601//601 602//602 604//604
f 605//605 607//607 606//606
f 605//605 606//606 608//608
f 609//609 611//611 610//610
f 609//609 610//610 612//612
f 613//613 615//615 614//614
f 613//613 614//614 616//616
f 617//617 619//619 618//618
f 617//617 618//618 620//620
f 621//621 623//623 622//622
f 621//621 622//622 624//624
f 625//625 627//627 626//626
f 625//625 626//626 628//628
f 629//629 631//631 630//630
f 629//629 630//630 632//632
f 633//633 635//635 634//634
f 633//633 634//634 636//636
f 637//637 639//639 638//638
f 637//637 638//638 640//640
f 641//641 643//643 642//642
f 641//641 642//642 644//644
f 645//645 647//647 646//646
f 645//645 646//646 648//648
f 649//649 651//651 650//650
f 649//649 650//650 652//652
f 653//653 655//655 654//654
f 653//653 654//654 656//656
f 657//657 659//659 658//658
f 657//657 658//658 660//660
f 661//661 663//663 662//662
f 661//661 662//662 664//664
f 665//665 667//667 666//666
f 665//665 666//666 668//668
f 669//669 671//671 670//670
f 669//669 670//670 672//672
f 673//673 675//675 674//674
f 673//673 674//674 676//676
f 673//673 677//677 675//675
f 673//673 676//676 677//677
f 678//678 680//680 679//679
f 681//681 683//683 682//682
f 684//684 686//686 685//685
f 687//687 689//689 688//688
f 690//690 692//692 691//691
f 690//690 691//691 693//693
f 690//690 694//694 692//692
f 690//690 693//693 694//694
f 695//695 697//697 696//696
f 698//698 700//700 699//699
f 701//701 703//703 702//702
f 704//704 706//706 705//705
g core_horse_dark
usemtl horse_dark
v 0.12577 0.09000 0.10107
v 0.10628 0.11250 0.08982
v 0.11452 0.11250 0.12055
v 0.11452 0.14250 0.12055
v 0.10628 0.14250 0.08982
v 0.12577 0.16500 0.10107
v 0.21576 0.09000 -0.05482
v 0.22702 0.11250 -0.07431
v 0.19628 0.11250 -0.06607
v 0.21576 0.16500 -0.05482
v 0.19628 0.14250 -0.06607
v 0.22702 0.14250 -0.07431
v 0.18423 0.09000 0.13481
v 0.17297 0.11250 0.15430
v 0.20371 0.11250 0.14606
v 0.18423 0.16500 0.13481
v 0.20371 0.14250 0.14606
v 0.17297 0.14250 0.15430
v 0.27422 0.09000 -0.02107
v 0.29371 0.11250 -0.00982
v 0.28547 0.11250 -0.04056
v 0.27422 0.16500 -0.02107
v 0.28547 0.14250 -0.04056
v 0.29371 0.14250 -0.00982
v 0.21576 0.09000 -0.05482
v 0.10628 0.11250 0.08982
v 0.12577 0.09000 0.10107
v 0.19628 0.11250 -0.06607
v 0.11452 0.11250 0.12055
v 0.10628 0.14250 0.08982
v 0.11452 0.14250 0.12055
v 0.10628 0.11250 0.08982
v 0.12577 0.16500 0.10107
v 0.19628 0.14250 -0.06607
v 0.21576 0.16500 -0.05482
v 0.10628 0.14250 0.08982
v 0.22702 0.14250 -0.07431
v 0.19628 0.11250 -0.06607
v 0.22702 0.11250 -0.07431
v 0.19628 0.14250 -0.06607
v 0.27422 0.09000 -0.02107
v 0.22702 0.11250 -0.07431
v 0.21576 0.09000 -0.05482
v 0.28547 0.11250 -0.04056
v 0.21576 0.16500 -0.05482
v 0.28547 0.14250 -0.04056
v 0.27422 0.16500 -0.02107
v 0.22702 0.14250 -0.07431
v 0.29371 0.14250 -0.00982
v 0.28547 0.11250 -0.04056
v 0.29371 0.11250 -0.00982
v 0.28547 0.14250 -0.04056
v 0.18423 0.09000 0.13481
v 0.29371 0.11250 -0.00982
v 0.27422 0.09000 -0.02107
v 0.20371 0.11250 0.14606
v 0.27422 0.16500 -0.02107
v 0.20371 0.14250 0.14606
v 0.18423 0.16500 0.13481
v 0.29371 0.14250 -0.00982
v 0.17297 0.14250 0.15430
v 0.20371 0.11250 0.14606
v 0.17297 0.11250 0.15430
v 0.20371 0.14250 0.14606
v 0.12577 0.09000 0.10107
v 0.17297 0.11250 0.15430
v 0.18423 0.09000 0.13481
v 0.11452 0.11250 0.12055
v 0.18423 0.16500 0.13481
v 0.11452 0.14250 0.12055
v 0.12577 0.16500 0.10107
v 0.17297 0.14250 0.15430
v 0.21576 0.09000 -0.05482
v 0.18423 0.09000 0.13481
v 0.27422 0.09000 -0.02107
v 0.12577 0.09000 0.10107
v 0.10628 0.11250 0.08982
v 0.19628 0.14250 -0.06607
v 0.10628 0.14250 0.08982
v 0.19628 0.11250 -0.06607
v 0.17297 0.11250 0.15430
v 0.11452 0.14250 0.12055
v 0.17297 0.14250 0.15430
v 0.11452 0.11250 0.12055
v 0.27422 0.16500 -0.02107
v 0.12577 0.16500 0.10107
v 0.21576 0.16500 -0.05482
v 0.18423 0.16500 0.13481
v 0.22702 0.11250 -0.07431
v 0.28547 0.14250 -0.04056
v 0.22702 0.14250 -0.07431
v 0.28547 0.11250 -0.04056
v 0.29371 0.11250 -0.00982
v 0.20371 0.14250 0.14606
v 0.29371 0.14250 -0.00982
v 0.20371 0.11250 0.14606
v 0.12184 0.13800 0.13712
v 0.11629 0.14579 0.12872
v 0.12019 0.15029 0.13997
v 0.14194 0.22564 0.10230
v 0.13804 0.22114 0.09105
v 0.14809 0.22893 0.09165
v 0.14002 0.11700 0.10561
v 0.14617 0.12029 0.09497
v 0.13448 0.12479 0.09722
v 0.16628 0.20793 0.06015
v 0.15623 0.20013 0.05955
v 0.16792 0.19564 0.05730
v 0.15497 0.13800 0.15624
v 0.15331 0.15029 0.15910
v 0.16501 0.14579 0.15684
v 0.18121 0.22893 0.11078
v 0.18676 0.22114 0.11917
v 0.17507 0.22564 0.12142
v 0.17315 0.11700 0.12474
v 0.18319 0.12479 0.12534
v 0.17930 0.12029 0.11409
v 0.19940 0.20793 0.07928
v 0.20105 0.19564 0.07643
v 0.20495 0.20013 0.08768
v 0.14002 0.11700 0.10561
v 0.11629 0.14579 0.12872
v 0.12184 0.13800 0.13712
v 0.13448 0.12479 0.09722
v 0.12019 0.15029 0.13997
v 0.13804 0.22114 0.09105
v 0.14194 0.22564 0.10230
v 0.11629 0.14579 0.12872
v 0.14809 0.22893 0.09165
v 0.15623 0.20013 0.05955
v 0.16628 0.20793 0.06015
v 0.13804 0.22114 0.09105
v 0.16792 0.19564 0.05730
v 0.13448 0.12479 0.09722
v 0.14617 0.12029 0.09497
v 0.15623 0.20013 0.05955
v 0.17315 0.11700 0.12474
v 0.14617 0.12029 0.09497
v 0.14002 0.11700 0.10561
v 0.17930 0.12029 0.11409
v 0.16628 0.20793 0.06015
v 0.20105 0.19564 0.07643
v 0.19940 0.20793 0.07928
v 0.16792 0.19564 0.05730
v 0.20495 0.20013 0.08768
v 0.17930 0.12029 0.11409
v 0.18319 0.12479 0.12534
v 0.20105 0.19564 0.07643
v 0.15497 0.13800 0.15624
v 0.18319 0.12479 0.12534
v 0.17315 0.11700 0.12474
v 0.16501 0.14579 0.15684
v 0.19940 0.20793 0.07928
v 0.18676 0.22114 0.11917
v 0.18121 0.22893 0.11078
v 0.20495 0.20013 0.08768
v 0.17507 0.22564 0.12142
v 0.16501 0.14579 0.15684
v 0.15331 0.15029 0.15910
v 0.18676 0.22114 0.11917
v 0.12184 0.13800 0.13712
v 0.15331 0.15029 0.15910
v 0.15497 0.13800 0.15624
v 0.12019 0.15029 0.13997
v 0.18121 0.22893 0.11078
v 0.14194 0.22564 0.10230
v 0.14809 0.22893 0.09165
v 0.17507 0.22564 0.12142
v 0.14002 0.11700 0.10561
v 0.15497 0.13800 0.15624
v 0.17315 0.11700 0.12474
v 0.12184 0.13800 0.13712
v 0.11629 0.14579 0.12872
v 0.15623 0.20013 0.05955
v 0.13804 0.22114 0.09105
v 0.13448 0.12479 0.09722
v 0.15331 0.15029 0.15910
v 0.14194 0.22564 0.10230
v 0.17507 0.22564 0.12142
v 0.12019 0.15029 0.13997
v 0.19940 0.20793 0.07928
v 0.14809 0.22893 0.09165
v 0.16628 0.20793 0.06015
v 0.18121 0.22893 0.11078
v 0.14617 0.12029 0.09497
v 0.20105 0.19564 0.07643
v 0.16792 0.19564 0.05730
v 0.17930 0.12029 0.11409
v 0.18319 0.12479 0.12534
v 0.18676 0.22114 0.11917
v 0.20495 0.20013 0.08768
v 0.16501 0.14579 0.15684
v -0.08192 0.22125 -0.00302
v -0.14604 0.21622 -0.05682
v -0.09628 0.25372 -0.01507
v -0.13168 0.18375 -0.04477
v -0.13168 0.18375 -0.04477
v -0.13158 0.21622 -0.07406
v -0.14604 0.21622 -0.05682
v -0.11721 0.18375 -0.06200
v -0.11721 0.18375 -0.06200
v -0.08182 0.25372 -0.03231
v -0.13158 0.21622 -0.07406
v -0.06746 0.22125 -0.02025
v -0.06746 0.22125 -0.02025
v -0.09628 0.25372 -0.01507
v -0.08182 0.25372 -0.03231
v -0.08192 0.22125 -0.00302
v -0.13168 0.18375 -0.04477
v -0.06746 0.22125 -0.02025
v -0.11721 0.18375 -0.06200
v -0.08192 0.22125 -0.00302
v -0.13158 0.21622 -0.07406
v -0.09628 0.25372 -0.01507
v -0.14604 0.21622 -0.05682
v -0.08182 0.25372 -0.03231
v -0.26595 0.08437 -0.15744
v -0.24053 0.17131 -0.14198
v -0.23157 0.16457 -0.13446
v -0.28088 0.09562 -0.16996
v -0.28088 0.09562 -0.16996
v -0.23185 0.17131 -0.15232
v -0.24053 0.17131 -0.14198
v -0.26642 0.09562 -0.18719
v -0.26642 0.09562 -0.18719
v -0.22290 0.16457 -0.14481
v -0.23185 0.17131 -0.15232
v -0.25149 0.08437 -0.17467
v -0.25149 0.08437 -0.17467
v -0.23157 0.16457 -0.13446
v -0.22290 0.16457 -0.14481
v -0.26595 0.08437 -0.15744
v -0.28088 0.09562 -0.16996
v -0.25149 0.08437 -0.17467
v -0.26642 0.09562 -0.18719
v -0.26595 0.08437 -0.15744
v -0.23185 0.17131 -0.15232
v -0.23157 0.16457 -0.13446
v -0.24053 0.17131 -0.14198
v -0.22290 0.16457 -0.14481
v 0.11474 0.00000 0.09167
v 0.11074 0.00450 0.08945
v 0.11239 0.00450 0.09560
v 0.11044 0.09300 0.09624
v 0.10880 0.09300 0.09009
v 0.11260 0.09750 0.09238
v 0.12711 0.00000 0.07023
v 0.12934 0.00450 0.06623
v 0.12320 0.00450 0.06788
v 0.12666 0.09750 0.06802
v 0.12278 0.09300 0.06587
v 0.12893 0.09300 0.06423
v 0.13292 0.00000 0.10217
v 0.13070 0.00450 0.10616
v 0.13684 0.00450 0.10452
v 0.13338 0.09750 0.10437
v 0.13726 0.09300 0.10652
v 0.13111 0.09300 0.10817
v 0.14530 0.00000 0.08073
v 0.14930 0.00450 0.08295
v 0.14765 0.00450 0.07680
v 0.14744 0.09750 0.08002
v 0.14960 0.09300 0.07615
v 0.15124 0.09300 0.08231
v 0.12711 0.00000 0.07023
v 0.11074 0.00450 0.08945
v 0.11474 0.00000 0.09167
v 0.12320 0.00450 0.06788
v 0.11239 0.00450 0.09560
v 0.10880 0.09300 0.09009
v 0.11044 0.09300 0.09624
v 0.11074 0.00450 0.08945
v 0.11260 0.09750 0.09238
v 0.12278 0.09300 0.06587
v 0.12666 0.09750 0.06802
v 0.10880 0.09300 0.09009
v 0.12893 0.09300 0.06423
v 0.12320 0.00450 0.06788
v 0.12934 0.00450 0.06623
v 0.12278 0.09300 0.06587
v 0.14530 0.00000 0.08073
v 0.12934 0.00450 0.06623
v 0.12711 0.00000 0.07023
v 0.14765 0.00450 0.07680
v 0.12666 0.09750 0.06802
v 0.14960 0.09300 0.07615
v 0.14744 0.09750 0.08002
v 0.12893 0.09300 0.06423
v 0.15124 0.09300 0.08231
v 0.14765 0.00450 0.07680
v 0.14930 0.00450 0.08295
v 0.14960 0.09300 0.07615
v 0.13292 0.00000 0.10217
v 0.14930 0.00450 0.08295
v 0.14530 0.00000 0.08073
v 0.13684 0.00450 0.10452
v 0.14744 0.09750 0.08002
v 0.13726 0.09300 0.10652
v 0.13338 0.09750 0.10437
v 0.15124 0.09300 0.08231
v 0.13111 0.09300 0.10817
v 0.13684 0.00450 0.10452
v 0.13070 0.00450 0.10616
v 0.13726 0.09300 0.10652
v 0.11474 0.00000 0.09167
v 0.13070 0.00450 0.10616
v 0.13292 0.00000 0.10217
v 0.11239 0.00450 0.09560
v 0.13338 0.09750 0.10437
v 0.11044 0.09300 0.09624
v 0.11260 0.09750 0.09238
v 0.13111 0.09300 0.10817
v 0.12711 0.00000 0.07023
v 0.13292 0.00000 0.10217
v 0.14530 0.00000 0.08073
v 0.11474 0.00000 0.09167
v 0.11074 0.00450 0.08945
v 0.12278 0.09300 0.06587
v 0.10880 0.09300 0.09009
v 0.12320 0.00450 0.06788
v 0.13070 0.00450 0.10616
v 0.11044 0.09300 0.09624
v 0.13111 0.09300 0.10817
v 0.11239 0.00450 0.09560
v 0.14744 0.09750 0.08002
v 0.11260 0.09750 0.09238
v 0.12666 0.09750 0.06802
v 0.13338 0.09750 0.10437
v 0.12934 0.00450 0.06623
v 0.14960 0.09300 0.07615
v 0.12893 0.09300 0.06423
v 0.14765 0.00450 0.07680
v 0.14930 0.00450 0.08295
v 0.13726 0.09300 0.10652
v 0.15124 0.09300 0.08231
v 0.13684 0.00450 0.10452
v 0.18974 0.00000 -0.03824
v 0.18574 0.00450 -0.04046
v 0.18739 0.00450 -0.03431
v 0.18544 0.09300 -0.03366
v 0.18380 0.09300 -0.03981
v 0.18760 0.09750 -0.03753
v 0.20211 0.00000 -0.05967
v 0.20434 0.00450 -0.06367
v 0.19820 0.00450 -0.06202
v 0.20166 0.09750 -0.06188
v 0.19778 0.09300 -0.06403
v 0.20393 0.09300 -0.06568
v 0.20792 0.00000 -0.02774
v 0.20570 0.00450 -0.02374
v 0.21184 0.00450 -0.02538
v 0.20838 0.09750 -0.02552
v 0.21226 0.09300 -0.02338
v 0.20611 0.09300 -0.02173
v 0.22030 0.00000 -0.04917
v 0.22430 0.00450 -0.04696
v 0.22265 0.00450 -0.05310
v 0.22244 0.09750 -0.04989
v 0.22460 0.09300 -0.05375
v 0.22624 0.09300 -0.04760
v 0.20211 0.00000 -0.05967
v 0.18574 0.00450 -0.04046
v 0.18974 0.00000 -0.03824
v 0.19820 0.00450 -0.06202
v 0.18739 0.00450 -0.03431
v 0.18380 0.09300 -0.03981
v 0.18544 0.09300 -0.03366
v 0.18574 0.00450 -0.04046
v 0.18760 0.09750 -0.03753
v 0.19778 0.09300 -0.06403
v 0.20166 0.09750 -0.06188
v 0.18380 0.09300 -0.03981
v 0.20393 0.09300 -0.06568
v 0.19820 0.00450 -0.06202
v 0.20434 0.00450 -0.06367
v 0.19778 0.09300 -0.06403
v 0.22030 0.00000 -0.04917
v 0.20434 0.00450 -0.06367
v 0.20211 0.00000 -0.05967
v 0.22265 0.00450 -0.05310
v 0.20166 0.09750 -0.06188
v 0.22460 0.09300 -0.05375
v 0.22244 0.09750 -0.04989
v 0.20393 0.09300 -0.06568
v 0.22624 0.09300 -0.04760
v 0.22265 0.00450 -0.05310
v 0.22430 0.00450 -0.04696
v 0.22460 0.09300 -0.05375
v 0.20792 0.00000 -0.02774
v 0.22430 0.00450 -0.04696
v 0.22030 0.00000 -0.04917
v 0.21184 0.00450 -0.02538
v 0.22244 0.09750 -0.04989
v 0.21226 0.09300 -0.02338
v 0.20838 0.09750 -0.02552
v 0.22624 0.09300 -0.04760
v 0.20611 0.09300 -0.02173
v 0.21184 0.00450 -0.02538
v 0.20570 0.00450 -0.02374
v 0.21226 0.09300 -0.02338
v 0.18974 0.00000 -0.03824
v 0.20570 0.00450 -0.02374
v 0.20792 0.00000 -0.02774
v 0.18739 0.00450 -0.03431
v 0.20838 0.09750 -0.02552
v 0.18544 0.09300 -0.03366
v 0.18760 0.09750 -0.03753
v 0.20611 0.09300 -0.02173
v 0.20211 0.00000 -0.05967
v 0.20792 0.00000 -0.02774
v 0.22030 0.00000 -0.04917
v 0.18974 0.00000 -0.03824
v 0.18574 0.00450 -0.04046
v 0.19778 0.09300 -0.06403
v 0.18380 0.09300 -0.03981
v 0.19820 0.00450 -0.06202
v 0.20570 0.00450 -0.02374
v 0.18544 0.09300 -0.03366
v 0.20611 0.09300 -0.02173
v 0.18739 0.00450 -0.03431
v 0.22244 0.09750 -0.04989
v 0.18760 0.09750 -0.03753
v 0.20166 0.09750 -0.06188
v 0.20838 0.09750 -0.02552
v 0.20434 0.00450 -0.06367
v 0.22460 0.09300 -0.05375
v 0.20393 0.09300 -0.06568
v 0.22265 0.00450 -0.05310
v 0.22430 0.00450 -0.04696
v 0.21226 0.09300 -0.02338
v 0.22624 0.09300 -0.04760
v 0.21184 0.00450 -0.02538
v 0.17969 0.00000 0.12917
v 0.17569 0.00450 0.12695
v 0.17735 0.00450 0.13310
v 0.17539 0.09300 0.13374
v 0.17375 0.09300 0.12760
v 0.17755 0.09750 0.12988
v 0.19207 0.00000 0.10773
v 0.19429 0.00450 0.10373
v 0.18815 0.00450 0.10538
v 0.19161 0.09750 0.10552
v 0.18773 0.09300 0.10337
v 0.19388 0.09300 0.10172
v 0.19788 0.00000 0.13967
v 0.19565 0.00450 0.14366
v 0.20179 0.00450 0.14201
v 0.19833 0.09750 0.14187
v 0.20221 0.09300 0.14402
v 0.19606 0.09300 0.14567
v 0.21025 0.00000 0.11823
v 0.21424 0.00450 0.12045
v 0.21260 0.00450 0.11430
v 0.21240 0.09750 0.11752
v 0.21455 0.09300 0.11365
v 0.21620 0.09300 0.11981
v 0.19207 0.00000 0.10773
v 0.17569 0.00450 0.12695
v 0.17969 0.00000 0.12917
v 0.18815 0.00450 0.10538
v 0.17735 0.00450 0.13310
v 0.17375 0.09300 0.12760
v 0.17539 0.09300 0.13374
v 0.17569 0.00450 0.12695
v 0.17755 0.09750 0.12988
v 0.18773 0.09300 0.10337
v 0.19161 0.09750 0.10552
v 0.17375 0.09300 0.12760
v 0.19388 0.09300 0.10172
v 0.18815 0.00450 0.10538
v 0.19429 0.00450 0.10373
v 0.18773 0.09300 0.10337
v 0.21025 0.00000 0.11823
v 0.19429 0.00450 0.10373
v 0.19207 0.00000 0.10773
v 0.21260 0.00450 0.11430
v 0.19161 0.09750 0.10552
v 0.21455 0.09300 0.11365
v 0.21240 0.09750 0.11752
v 0.19388 0.09300 0.10172
v 0.21620 0.09300 0.11981
v 0.21260 0.00450 0.11430
v 0.21424 0.00450 0.12045
v 0.21455 0.09300 0.11365
v 0.19788 0.00000 0.13967
v 0.21424 0.00450 0.12045
v 0.21025 0.00000 0.11823
v 0.20179 0.00450 0.14201
v 0.21240 0.09750 0.11752
v 0.20221 0.09300 0.14402
v 0.19833 0.09750 0.14187
v 0.21620 0.09300 0.11981
v 0.19606 0.09300 0.14567
v 0.20179 0.00450 0.14201
v 0.19565 0.00450 0.14366
v 0.20221 0.09300 0.14402
v 0.17969 0.00000 0.12917
v 0.19565 0.00450 0.14366
v 0.19788 0.00000 0.13967
v 0.17735 0.00450 0.13310
v 0.19833 0.09750 0.14187
v 0.17539 0.09300 0.13374
v 0.17755 0.09750 0.12988
v 0.19606 0.09300 0.14567
v 0.19207 0.00000 0.10773
v 0.19788 0.00000 0.13967
v 0.21025 0.00000 0.11823
v 0.17969 0.00000 0.12917
v 0.17569 0.00450 0.12695
v 0.18773 0.09300 0.10337
v 0.17375 0.09300 0.12760
v 0.18815 0.00450 0.10538
v 0.19565 0.00450 0.14366
v 0.17539 0.09300 0.13374
v 0.19606 0.09300 0.14567
v 0.17735 0.00450 0.13310
v 0.21240 0.09750 0.11752
v 0.17755 0.09750 0.12988
v 0.19161 0.09750 0.10552
v 0.19833 0.09750 0.14187
v 0.19429 0.00450 0.10373
v 0.21455 0.09300 0.11365
v 0.19388 0.09300 0.10172
v 0.21260 0.00450 0.11430
v 0.21424 0.00450 0.12045
v 0.20221 0.09300 0.14402
v 0.21620 0.09300 0.11981
v 0.20179 0.00450 0.14201
v 0.25469 0.00000 -0.00074
v 0.25069 0.00450 -0.00296
v 0.25235 0.00450 0.00319
v 0.25039 0.09300 0.00384
v 0.24875 0.09300 -0.00231
v 0.25255 0.09750 -0.00003
v 0.26707 0.00000 -0.02217
v 0.26929 0.00450 -0.02617
v 0.26315 0.00450 -0.02452
v 0.26661 0.09750 -0.02438
v 0.26273 0.09300 -0.02653
v 0.26888 0.09300 -0.02818
v 0.27288 0.00000 0.00976
v 0.27065 0.00450 0.01376
v 0.27679 0.00450 0.01212
v 0.27333 0.09750 0.01197
v 0.27721 0.09300 0.01412
v 0.27106 0.09300 0.01577
v 0.28525 0.00000 -0.01168
v 0.28924 0.00450 -0.00945
v 0.28760 0.00450 -0.01560
v 0.28740 0.09750 -0.01238
v 0.28955 0.09300 -0.01625
v 0.29120 0.09300 -0.01010
v 0.26707 0.00000 -0.02217
v 0.25069 0.00450 -0.00296
v 0.25469 0.00000 -0.00074
v 0.26315 0.00450 -0.02452
v 0.25235 0.00450 0.00319
v 0.24875 0.09300 -0.00231
v 0.25039 0.09300 0.00384
v 0.25069 0.00450 -0.00296
v 0.25255 0.09750 -0.00003
v 0.26273 0.09300 -0.02653
v 0.26661 0.09750 -0.02438
v 0.24875 0.09300 -0.00231
v 0.26888 0.09300 -0.02818
v 0.26315 0.00450 -0.02452
v 0.26929 0.00450 -0.02617
v 0.26273 0.09300 -0.02653
v 0.28525 0.00000 -0.01168
v 0.26929 0.00450 -0.02617
v 0.26707 0.00000 -0.02217
v 0.28760 0.00450 -0.01560
v 0.26661 0.09750 -0.02438
v 0.28955 0.09300 -0.01625
v 0.28740 0.09750 -0.01238
v 0.26888 0.09300 -0.02818
v 0.29120 0.09300 -0.01010
v 0.28760 0.00450 -0.01560
v 0.28924 0.00450 -0.00945
v 0.28955 0.09300 -0.01625
v 0.27288 0.00000 0.00976
v 0.28924 0.00450 -0.00945
v 0.28525 0.00000 -0.01168
v 0.27679 0.00450 0.01212
v 0.28740 0.09750 -0.01238
v 0.27721 0.09300 0.01412
v 0.27333 0.09750 0.01197
v 0.29120 0.09300 -0.01010
v 0.27106 0.09300 0.01577
v 0.27679 0.00450 0.01212
v 0.27065 0.00450 0.01376
v 0.27721 0.09300 0.01412
v 0.25469 0.00000 -0.00074
v 0.27065 0.00450 0.01376
v 0.27288 0.00000 0.00976
v 0.25235 0.00450 0.00319
v 0.27333 0.09750 0.01197
v 0.25039 0.09300 0.00384
v 0.25255 0.09750 -0.00003
v 0.27106 0.09300 0.01577
v 0.26707 0.00000 -0.02217
v 0.27288 0.00000 0.00976
v 0.28525 0.00000 -0.01168
v 0.25469 0.00000 -0.00074
v 0.25069 0.00450 -0.00296
v 0.26273 0.09300 -0.02653
v 0.24875 0.09300 -0.00231
v 0.26315 0.00450 -0.02452
v 0.27065 0.00450 0.01376
v 0.25039 0.09300 0.00384
v 0.27106 0.09300 0.01577
v 0.25235 0.00450 0.00319
v 0.28740 0.09750 -0.01238
v 0.25255 0.09750 -0.00003
v 0.26661 0.09750 -0.02438
v 0.27333 0.09750 0.01197
v 0.26929 0.00450 -0.02617
v 0.28955 0.09300 -0.01625
v 0.26888 0.09300 -0.02818
v 0.28760 0.00450 -0.01560
v 0.28924 0.00450 -0.00945
v 0.27721 0.09300 0.01412
v 0.29120 0.09300 -0.01010
v 0.27679 0.00450 0.01212
v 0.08964 0.18942 0.19965
v 0.07875 0.19928 0.19751
v 0.08291 0.19569 0.21130
v 0.07880 0.21824 0.21841
v 0.07464 0.22184 0.20462
v 0.08194 0.23170 0.21298
v 0.12557 0.21558 0.13739
v 0.12872 0.22904 0.13196
v 0.11469 0.22545 0.13525
v 0.11788 0.25787 0.15072
v 0.11059 0.24800 0.14236
v 0.12461 0.25159 0.13906
v 0.11692 0.18942 0.21540
v 0.11019 0.19569 0.22705
v 0.12421 0.19928 0.22376
v 0.10922 0.23170 0.22873
v 0.12011 0.22184 0.23086
v 0.10608 0.21824 0.23417
v 0.15285 0.21558 0.15314
v 0.16016 0.22545 0.16150
v 0.15600 0.22904 0.14771
v 0.14516 0.25787 0.16647
v 0.15189 0.25159 0.15481
v 0.15605 0.24800 0.16861
v 0.12557 0.21558 0.13739
v 0.07875 0.19928 0.19751
v 0.08964 0.18942 0.19965
v 0.11469 0.22545 0.13525
v 0.08291 0.19569 0.21130
v 0.07464 0.22184 0.20462
v 0.07880 0.21824 0.21841
v 0.07875 0.19928 0.19751
v 0.08194 0.23170 0.21298
v 0.11059 0.24800 0.14236
v 0.11788 0.25787 0.15072
v 0.07464 0.22184 0.20462
v 0.12461 0.25159 0.13906
v 0.11469 0.22545 0.13525
v 0.12872 0.22904 0.13196
v 0.11059 0.24800 0.14236
v 0.15285 0.21558 0.15314
v 0.12872 0.22904 0.13196
v 0.12557 0.21558 0.13739
v 0.15600 0.22904 0.14771
v 0.11788 0.25787 0.15072
v 0.15189 0.25159 0.15481
v 0.14516 0.25787 0.16647
v 0.12461 0.25159 0.13906
v 0.15605 0.24800 0.16861
v 0.15600 0.22904 0.14771
v 0.16016 0.22545 0.16150
v 0.15189 0.25159 0.15481
v 0.11692 0.18942 0.21540
v 0.16016 0.22545 0.16150
v 0.15285 0.21558 0.15314
v 0.12421 0.19928 0.22376
v 0.14516 0.25787 0.16647
v 0.12011 0.22184 0.23086
v 0.10922 0.23170 0.22873
v 0.15605 0.24800 0.16861
v 0.10608 0.21824 0.23417
v 0.12421 0.19928 0.22376
v 0.11019 0.19569 0.22705
v 0.12011 0.22184 0.23086
v 0.08964 0.18942 0.19965
v 0.11019 0.19569 0.22705
v 0.11692 0.18942 0.21540
v 0.08291 0.19569 0.21130
v 0.10922 0.23170 0.22873
v 0.07880 0.21824 0.21841
v 0.08194 0.23170 0.21298
v 0.10608 0.21824 0.23417
v 0.12557 0.21558 0.13739
v 0.11692 0.18942 0.21540
v 0.15285 0.21558 0.15314
v 0.08964 0.18942 0.19965
v 0.07875 0.19928 0.19751
v 0.11059 0.24800 0.14236
v 0.07464 0.22184 0.20462
v 0.11469 0.22545 0.13525
v 0.11019 0.19569 0.22705
v 0.07880 0.21824 0.21841
v 0.10608 0.21824 0.23417
v 0.08291 0.19569 0.21130
v 0.14516 0.25787 0.16647
v 0.08194 0.23170 0.21298
v 0.11788 0.25787 0.15072
v 0.10922 0.23170 0.22873
v 0.12872 0.22904 0.13196
v 0.15189 0.25159 0.15481
v 0.12461 0.25159 0.13906
v 0.15600 0.22904 0.14771
v 0.16016 0.22545 0.16150
v 0.12011 0.22184 0.23086
v 0.15605 0.24800 0.16861
v 0.12421 0.19928 0.22376
v 0.12151 0.22125 0.15343
v 0.16336 0.21622 0.08094
v 0.13089 0.25372 0.13719
v 0.15399 0.18375 0.09718
v 0.15399 0.18375 0.09718
v 0.18285 0.21622 0.09219
v 0.16336 0.21622 0.08094
v 0.17348 0.18375 0.10843
v 0.17348 0.18375 0.10843
v 0.15037 0.25372 0.14844
v 0.18285 0.21622 0.09219
v 0.14100 0.22125 0.16468
v 0.14100 0.22125 0.16468
v 0.13089 0.25372 0.13719
v 0.15037 0.25372 0.14844
v 0.12151 0.22125 0.15343
v 0.15399 0.18375 0.09718
v 0.14100 0.22125 0.16468
v 0.17348 0.18375 0.10843
v 0.12151 0.22125 0.15343
v 0.18285 0.21622 0.09219
v 0.13089 0.25372 0.13719
v 0.16336 0.21622 0.08094
v 0.15037 0.25372 0.14844
v 0.24163 0.08437 -0.05462
v 0.23082 0.17131 -0.02690
v 0.22498 0.16457 -0.01677
v 0.25137 0.09562 -0.07150
v 0.25137 0.09562 -0.07150
v 0.24252 0.17131 -0.02015
v 0.23082 0.17131 -0.02690
v 0.27086 0.09562 -0.06024
v 0.27086 0.09562 -0.06024
v 0.23667 0.16457 -0.01002
v 0.24252 0.17131 -0.02015
v 0.26112 0.08437 -0.04337
v 0.26112 0.08437 -0.04337
v 0.22498 0.16457 -0.01677
v 0.23667 0.16457 -0.01002
v 0.24163 0.08437 -0.05462
v 0.25137 0.09562 -0.07150
v 0.26112 0.08437 -0.04337
v 0.27086 0.09562 -0.06024
v 0.24163 0.08437 -0.05462
v 0.24252 0.17131 -0.02015
v 0.22498 0.16457 -0.01677
v 0.23082 0.17131 -0.02690
v 0.23667 0.16457 -0.01002
v -0.14375 0.00000 -0.00203
v -0.14568 0.00300 0.00027
v -0.14145 0.00300 -0.00010
v -0.14145 0.01575 -0.00010
v -0.14568 0.01575 0.00027
v -0.14375 0.01875 -0.00203
v -0.16788 0.00000 -0.02228
v -0.17018 0.00300 -0.02420
v -0.16981 0.00300 -0.01998
v -0.16788 0.01875 -0.02228
v -0.16981 0.01575 -0.01998
v -0.17018 0.01575 -0.02420
v -0.12543 0.00000 -0.02386
v -0.12313 0.00300 -0.02193
v -0.12350 0.00300 -0.02616
v -0.12543 0.01875 -0.02386
v -0.12350 0.01575 -0.02616
v -0.12313 0.01575 -0.02193
v -0.14957 0.00000 -0.04411
v -0.14763 0.00300 -0.04641
v -0.15186 0.00300 -0.04603
v -0.14957 0.01875 -0.04411
v -0.15186 0.01575 -0.04603
v -0.14763 0.01575 -0.04641
v -0.16788 0.00000 -0.02228
v -0.14568 0.00300 0.00027
v -0.14375 0.00000 -0.00203
v -0.16981 0.00300 -0.01998
v -0.14145 0.00300 -0.00010
v -0.14568 0.01575 0.00027
v -0.14145 0.01575 -0.00010
v -0.14568 0.00300 0.00027
v -0.14375 0.01875 -0.00203
v -0.16981 0.01575 -0.01998
v -0.16788 0.01875 -0.02228
v -0.14568 0.01575 0.00027
v -0.17018 0.01575 -0.02420
v -0.16981 0.00300 -0.01998
v -0.17018 0.00300 -0.02420
v -0.16981 0.01575 -0.01998
v -0.14957 0.00000 -0.04411
v -0.17018 0.00300 -0.02420
v -0.16788 0.00000 -0.02228
v -0.15186 0.00300 -0.04603
v -0.16788 0.01875 -0.02228
v -0.15186 0.01575 -0.04603
v -0.14957 0.01875 -0.04411
v -0.17018 0.01575 -0.02420
v -0.14763 0.01575 -0.04641
v -0.15186 0.00300 -0.04603
v -0.14763 0.00300 -0.04641
v -0.15186 0.01575 -0.04603
v -0.12543 0.00000 -0.02386
v -0.14763 0.00300 -0.04641
v -0.14957 0.00000 -0.04411
v -0.12350 0.00300 -0.02616
v -0.14957 0.01875 -0.04411
v -0.12350 0.01575 -0.02616
v -0.12543 0.01875 -0.02386
v -0.14763 0.01575 -0.04641
v -0.12313 0.01575 -0.02193
v -0.12350 0.00300 -0.02616
v -0.12313 0.00300 -0.02193
v -0.12350 0.01575 -0.02616
v -0.14375 0.00000 -0.00203
v -0.12313 0.00300 -0.02193
v -0.12543 0.00000 -0.02386
v -0.14145 0.00300 -0.00010
v -0.12543 0.01875 -0.02386
v -0.14145 0.01575 -0.00010
v -0.14375 0.01875 -0.00203
v -0.12313 0.01575 -0.02193
v -0.16788 0.00000 -0.02228
v -0.12543 0.00000 -0.02386
v -0.14957 0.00000 -0.04411
v -0.14375 0.00000 -0.00203
v -0.14568 0.00300 0.00027
v -0.16981 0.01575 -0.01998
v -0.14568 0.01575 0.00027
v -0.16981 0.00300 -0.01998
v -0.12313 0.00300 -0.02193
v -0.14145 0.01575 -0.00010
v -0.12313 0.01575 -0.02193
v -0.14145 0.00300 -0.00010
v -0.14957 0.01875 -0.04411
v -0.14375 0.01875 -0.00203
v -0.16788 0.01875 -0.02228
v -0.12543 0.01875 -0.02386
v -0.17018 0.00300 -0.02420
v -0.15186 0.01575 -0.04603
v -0.17018 0.01575 -0.02420
v -0.15186 0.00300 -0.04603
v -0.14763 0.00300 -0.04641
v -0.12350 0.01575 -0.02616
v -0.14763 0.01575 -0.04641
v -0.12350 0.00300 -0.02616
v -0.25866 0.00000 -0.09844
v -0.26058 0.00300 -0.09615
v -0.25636 0.00300 -0.09651
v -0.25636 0.01575 -0.09651
v -0.26058 0.01575 -0.09615
v -0.25866 0.01875 -0.09844
v -0.28278 0.00000 -0.11870
v -0.28508 0.00300 -0.12063
v -0.28472 0.00300 -0.11640
v -0.28278 0.01875 -0.11870
v -0.28472 0.01575 -0.11640
v -0.28508 0.01575 -0.12063
v -0.24034 0.00000 -0.12028
v -0.23804 0.00300 -0.11835
v -0.23840 0.00300 -0.12257
v -0.24034 0.01875 -0.12028
v -0.23840 0.01575 -0.12257
v -0.23804 0.01575 -0.11835
v -0.26447 0.00000 -0.14053
v -0.26254 0.00300 -0.14283
v -0.26676 0.00300 -0.14245
v -0.26447 0.01875 -0.14053
v -0.26676 0.01575 -0.14245
v -0.26254 0.01575 -0.14283
v -0.28278 0.00000 -0.11870
v -0.26058 0.00300 -0.09615
v -0.25866 0.00000 -0.09844
v -0.28472 0.00300 -0.11640
v -0.25636 0.00300 -0.09651
v -0.26058 0.01575 -0.09615
v -0.25636 0.01575 -0.09651
v -0.26058 0.00300 -0.09615
v -0.25866 0.01875 -0.09844
v -0.28472 0.01575 -0.11640
v -0.28278 0.01875 -0.11870
v -0.26058 0.01575 -0.09615
v -0.28508 0.01575 -0.12063
v -0.28472 0.00300 -0.11640
v -0.28508 0.00300 -0.12063
v -0.28472 0.01575 -0.11640
v -0.26447 0.00000 -0.14053
v -0.28508 0.00300 -0.12063
v -0.28278 0.00000 -0.11870
v -0.26676 0.00300 -0.14245
v -0.28278 0.01875 -0.11870
v -0.26676 0.01575 -0.14245
v -0.26447 0.01875 -0.14053
v -0.28508 0.01575 -0.12063
v -0.26254 0.01575 -0.14283
v -0.26676 0.00300 -0.14245
v -0.26254 0.00300 -0.14283
v -0.26676 0.01575 -0.14245
v -0.24034 0.00000 -0.12028
v -0.26254 0.00300 -0.14283
v -0.26447 0.00000 -0.14053
v -0.23840 0.00300 -0.12257
v -0.26447 0.01875 -0.14053
v -0.23840 0.01575 -0.12257
v -0.24034 0.01875 -0.12028
v -0.26254 0.01575 -0.14283
v -0.23804 0.01575 -0.11835
v -0.23840 0.00300 -0.12257
v -0.23804 0.00300 -0.11835
v -0.23840 0.01575 -0.12257
v -0.25866 0.00000 -0.09844
v -0.23804 0.00300 -0.11835
v -0.24034 0.00000 -0.12028
v -0.25636 0.00300 -0.09651
v -0.24034 0.01875 -0.12028
v -0.25636 0.01575 -0.09651
v -0.25866 0.01875 -0.09844
v -0.23804 0.01575 -0.11835
v -0.28278 0.00000 -0.11870
v -0.24034 0.00000 -0.12028
v -0.26447 0.00000 -0.14053
v -0.25866 0.00000 -0.09844
v -0.26058 0.00300 -0.09615
v -0.28472 0.01575 -0.11640
v -0.26058 0.01575 -0.09615
v -0.28472 0.00300 -0.11640
v -0.23804 0.00300 -0.11835
v -0.25636 0.01575 -0.09651
v -0.23804 0.01575 -0.11835
v -0.25636 0.00300 -0.09651
v -0.26447 0.01875 -0.14053
v -0.25866 0.01875 -0.09844
v -0.28278 0.01875 -0.11870
v -0.24034 0.01875 -0.12028
v -0.28508 0.00300 -0.12063
v -0.26676 0.01575 -0.14245
v -0.28508 0.01575 -0.12063
v -0.26676 0.00300 -0.14245
v -0.26254 0.00300 -0.14283
v -0.23840 0.01575 -0.12257
v -0.26254 0.01575 -0.14283
v -0.23840 0.00300 -0.12257
v -0.09554 0.00000 -0.05948
v -0.09747 0.00300 -0.05718
v -0.09324 0.00300 -0.05756
v -0.09324 0.01575 -0.05756
v -0.09747 0.01575 -0.05718
v -0.09554 0.01875 -0.05948
v -0.11967 0.00000 -0.07973
v -0.12197 0.00300 -0.08166
v -0.12160 0.00300 -0.07743
v -0.11967 0.01875 -0.07973
v -0.12160 0.01575 -0.07743
v -0.12197 0.01575 -0.08166
v -0.07722 0.00000 -0.08131
v -0.07493 0.00300 -0.07939
v -0.07529 0.00300 -0.08361
v -0.07722 0.01875 -0.08131
v -0.07529 0.01575 -0.08361
v -0.07493 0.01575 -0.07939
v -0.10135 0.00000 -0.10156
v -0.09943 0.00300 -0.10386
v -0.10365 0.00300 -0.10349
v -0.10135 0.01875 -0.10156
v -0.10365 0.01575 -0.10349
v -0.09943 0.01575 -0.10386
v -0.11967 0.00000 -0.07973
v -0.09747 0.00300 -0.05718
v -0.09554 0.00000 -0.05948
v -0.12160 0.00300 -0.07743
v -0.09324 0.00300 -0.05756
v -0.09747 0.01575 -0.05718
v -0.09324 0.01575 -0.05756
v -0.09747 0.00300 -0.05718
v -0.09554 0.01875 -0.05948
v -0.12160 0.01575 -0.07743
v -0.11967 0.01875 -0.07973
v -0.09747 0.01575 -0.05718
v -0.12197 0.01575 -0.08166
v -0.12160 0.00300 -0.07743
v -0.12197 0.00300 -0.08166
v -0.12160 0.01575 -0.07743
v -0.10135 0.00000 -0.10156
v -0.12197 0.00300 -0.08166
v -0.11967 0.00000 -0.07973
v -0.10365 0.00300 -0.10349
v -0.11967 0.01875 -0.07973
v -0.10365 0.01575 -0.10349
v -0.10135 0.01875 -0.10156
v -0.12197 0.01575 -0.08166
v -0.09943 0.01575 -0.10386
v -0.10365 0.00300 -0.10349
v -0.09943 0.00300 -0.10386
v -0.10365 0.01575 -0.10349
v -0.07722 0.00000 -0.08131
v -0.09943 0.00300 -0.10386
v -0.10135 0.00000 -0.10156
v -0.07529 0.00300 -0.08361
v -0.10135 0.01875 -0.10156
v -0.07529 0.01575 -0.08361
v -0.07722 0.01875 -0.08131
v -0.09943 0.01575 -0.10386
v -0.07493 0.01575 -0.07939
v -0.07529 0.00300 -0.08361
v -0.07493 0.00300 -0.07939
v -0.07529 0.01575 -0.08361
v -0.09554 0.00000 -0.05948
v -0.07493 0.00300 -0.07939
v -0.07722 0.00000 -0.08131
v -0.09324 0.00300 -0.05756
v -0.07722 0.01875 -0.08131
v -0.09324 0.01575 -0.05756
v -0.09554 0.01875 -0.05948
v -0.07493 0.01575 -0.07939
v -0.11967 0.00000 -0.07973
v -0.07722 0.00000 -0.08131
v -0.10135 0.00000 -0.10156
v -0.09554 0.00000 -0.05948
v -0.09747 0.00300 -0.05718
v -0.12160 0.01575 -0.07743
v -0.09747 0.01575 -0.05718
v -0.12160 0.00300 -0.07743
v -0.07493 0.00300 -0.07939
v -0.09324 0.01575 -0.05756
v -0.07493 0.01575 -0.07939
v -0.09324 0.00300 -0.05756
v -0.10135 0.01875 -0.10156
v -0.09554 0.01875 -0.05948
v -0.11967 0.01875 -0.07973
v -0.07722 0.01875 -0.08131
v -0.12197 0.00300 -0.08166
v -0.10365 0.01575 -0.10349
v -0.12197 0.01575 -0.08166
v -0.10365 0.00300 -0.10349
v -0.09943 0.00300 -0.10386
v -0.07529 0.01575 -0.08361
v -0.09943 0.01575 -0.10386
v -0.07529 0.00300 -0.08361
v -0.21045 0.00000 -0.15590
v -0.21238 0.00300 -0.15360
v -0.20815 0.00300 -0.15397
v -0.20815 0.01575 -0.15397
v -0.21238 0.01575 -0.15360
v -0.21045 0.01875 -0.15590
v -0.23458 0.00000 -0.17614
v -0.23688 0.00300 -0.17807
v -0.23651 0.00300 -0.17385
v -0.23458 0.01875 -0.17614
v -0.23651 0.01575 -0.17385
v -0.23688 0.01575 -0.17807
v -0.19213 0.00000 -0.17773
v -0.18983 0.00300 -0.17581
v -0.19020 0.00300 -0.18003
v -0.19213 0.01875 -0.17773
v -0.19020 0.01575 -0.18003
v -0.18983 0.01575 -0.17581
v -0.21625 0.00000 -0.19798
v -0.21433 0.00300 -0.20027
v -0.21856 0.00300 -0.19991
v -0.21625 0.01875 -0.19798
v -0.21856 0.01575 -0.19991
v -0.21433 0.01575 -0.20027
v -0.23458 0.00000 -0.17614
v -0.21238 0.00300 -0.15360
v -0.21045 0.00000 -0.15590
v -0.23651 0.00300 -0.17385
v -0.20815 0.00300 -0.15397
v -0.21238 0.01575 -0.15360
v -0.20815 0.01575 -0.15397
v -0.21238 0.00300 -0.15360
v -0.21045 0.01875 -0.15590
v -0.23651 0.01575 -0.17385
v -0.23458 0.01875 -0.17614
v -0.21238 0.01575 -0.15360
v -0.23688 0.01575 -0.17807
v -0.23651 0.00300 -0.17385
v -0.23688 0.00300 -0.17807
v -0.23651 0.01575 -0.17385
v -0.21625 0.00000 -0.19798
v -0.23688 0.00300 -0.17807
v -0.23458 0.00000 -0.17614
v -0.21856 0.00300 -0.19991
v -0.23458 0.01875 -0.17614
v -0.21856 0.01575 -0.19991
v -0.21625 0.01875 -0.19798
v -0.23688 0.01575 -0.17807
v -0.21433 0.01575 -0.20027
v -0.21856 0.00300 -0.19991
v -0.21433 0.00300 -0.20027
v -0.21856 0.01575 -0.19991
v -0.19213 0.00000 -0.17773
v -0.21433 0.00300 -0.20027
v -0.21625 0.00000 -0.19798
v -0.19020 0.00300 -0.18003
v -0.21625 0.01875 -0.19798
v -0.19020 0.01575 -0.18003
v -0.19213 0.01875 -0.17773
v -0.21433 0.01575 -0.20027
v -0.18983 0.01575 -0.17581
v -0.19020 0.00300 -0.18003
v -0.18983 0.00300 -0.17581
v -0.19020 0.01575 -0.18003
v -0.21045 0.00000 -0.15590
v -0.18983 0.00300 -0.17581
v -0.19213 0.00000 -0.17773
v -0.20815 0.00300 -0.15397
v -0.19213 0.01875 -0.17773
v -0.20815 0.01575 -0.15397
v -0.21045 0.01875 -0.15590
v -0.18983 0.01575 -0.17581
v -0.23458 0.00000 -0.17614
v -0.19213 0.00000 -0.17773
v -0.21625 0.00000 -0.19798
v -0.21045 0.00000 -0.15590
v -0.21238 0.00300 -0.15360
v -0.23651 0.01575 -0.17385
v -0.21238 0.01575 -0.15360
v -0.23651 0.00300 -0.17385
v -0.18983 0.00300 -0.17581
v -0.20815 0.01575 -0.15397
v -0.18983 0.01575 -0.17581
v -0.20815 0.00300 -0.15397
v -0.21625 0.01875 -0.19798
v -0.21045 0.01875 -0.15590
v -0.23458 0.01875 -0.17614
v -0.19213 0.01875 -0.17773
v -0.23688 0.00300 -0.17807
v -0.21856 0.01575 -0.19991
v -0.23688 0.01575 -0.17807
v -0.21856 0.00300 -0.19991
v -0.21433 0.00300 -0.20027
v -0.19020 0.01575 -0.18003
v -0.21433 0.01575 -0.20027
v -0.19020 0.00300 -0.18003
v 0.10980 0.00000 0.09271
v 0.10720 0.00300 0.09122
v 0.10831 0.00300 0.09531
v 0.10831 0.01575 0.09531
v 0.10720 0.01575 0.09122
v 0.10980 0.01875 0.09271
v 0.12556 0.00000 0.06543
v 0.12706 0.00300 0.06284
v 0.12296 0.00300 0.06394
v 0.12556 0.01875 0.06543
v 0.12296 0.01575 0.06394
v 0.12706 0.01575 0.06284
v 0.13448 0.00000 0.10697
v 0.13298 0.00300 0.10956
v 0.13708 0.00300 0.10846
v 0.13448 0.01875 0.10697
v 0.13708 0.01575 0.10846
v 0.13298 0.01575 0.10956
v 0.15023 0.00000 0.07968
v 0.15284 0.00300 0.08119
v 0.15173 0.00300 0.07709
v 0.15023 0.01875 0.07968
v 0.15173 0.01575 0.07709
v 0.15284 0.01575 0.08119
v 0.12556 0.00000 0.06543
v 0.10720 0.00300 0.09122
v 0.10980 0.00000 0.09271
v 0.12296 0.00300 0.06394
v 0.10831 0.00300 0.09531
v 0.10720 0.01575 0.09122
v 0.10831 0.01575 0.09531
v 0.10720 0.00300 0.09122
v 0.10980 0.01875 0.09271
v 0.12296 0.01575 0.06394
v 0.12556 0.01875 0.06543
v 0.10720 0.01575 0.09122
v 0.12706 0.01575 0.06284
v 0.12296 0.00300 0.06394
v 0.12706 0.00300 0.06284
v 0.12296 0.01575 0.06394
v 0.15023 0.00000 0.07968
v 0.12706 0.00300 0.06284
v 0.12556 0.00000 0.06543
v 0.15173 0.00300 0.07709
v 0.12556 0.01875 0.06543
v 0.15173 0.01575 0.07709
v 0.15023 0.01875 0.07968
v 0.12706 0.01575 0.06284
v 0.15284 0.01575 0.08119
v 0.15173 0.00300 0.07709
v 0.15284 0.00300 0.08119
v 0.15173 0.01575 0.07709
v 0.13448 0.00000 0.10697
v 0.15284 0.00300 0.08119
v 0.15023 0.00000 0.07968
v 0.13708 0.00300 0.10846
v 0.15023 0.01875 0.07968
v 0.13708 0.01575 0.10846
v 0.13448 0.01875 0.10697
v 0.15284 0.01575 0.08119
v 0.13298 0.01575 0.10956
v 0.13708 0.00300 0.10846
v 0.13298 0.00300 0.10956
v 0.13708 0.01575 0.10846
v 0.10980 0.00000 0.09271
v 0.13298 0.00300 0.10956
v 0.13448 0.00000 0.10697
v 0.10831 0.00300 0.09531
v 0.13448 0.01875 0.10697
v 0.10831 0.01575 0.09531
v 0.10980 0.01875 0.09271
v 0.13298 0.01575 0.10956
v 0.12556 0.00000 0.06543
v 0.13448 0.00000 0.10697
v 0.15023 0.00000 0.07968
v 0.10980 0.00000 0.09271
v 0.10720 0.00300 0.09122
v 0.12296 0.01575 0.06394
v 0.10720 0.01575 0.09122
v 0.12296 0.00300 0.06394
v 0.13298 0.00300 0.10956
v 0.10831 0.01575 0.09531
v 0.13298 0.01575 0.10956
v 0.10831 0.00300 0.09531
v 0.15023 0.01875 0.07968
v 0.10980 0.01875 0.09271
v 0.12556 0.01875 0.06543
v 0.13448 0.01875 0.10697
v 0.12706 0.00300 0.06284
v 0.15173 0.01575 0.07709
v 0.12706 0.01575 0.06284
v 0.15173 0.00300 0.07709
v 0.15284 0.00300 0.08119
v 0.13708 0.01575 0.10846
v 0.15284 0.01575 0.08119
v 0.13708 0.00300 0.10846
v 0.18480 0.00000 -0.03719
v 0.18220 0.00300 -0.03869
v 0.18331 0.00300 -0.03459
v 0.18331 0.01575 -0.03459
v 0.18220 0.01575 -0.03869
v 0.18480 0.01875 -0.03719
v 0.20056 0.00000 -0.06447
v 0.20206 0.00300 -0.06707
v 0.19796 0.00300 -0.06597
v 0.20056 0.01875 -0.06447
v 0.19796 0.01575 -0.06597
v 0.20206 0.01575 -0.06707
v 0.20948 0.00000 -0.02294
v 0.20798 0.00300 -0.02034
v 0.21208 0.00300 -0.02144
v 0.20948 0.01875 -0.02294
v 0.21208 0.01575 -0.02144
v 0.20798 0.01575 -0.02034
v 0.22523 0.00000 -0.05022
v 0.22784 0.00300 -0.04872
v 0.22673 0.00300 -0.05282
v 0.22523 0.01875 -0.05022
v 0.22673 0.01575 -0.05282
v 0.22784 0.01575 -0.04872
v 0.20056 0.00000 -0.06447
v 0.18220 0.00300 -0.03869
v 0.18480 0.00000 -0.03719
v 0.19796 0.00300 -0.06597
v 0.18331 0.00300 -0.03459
v 0.18220 0.01575 -0.03869
v 0.18331 0.01575 -0.03459
v 0.18220 0.00300 -0.03869
v 0.18480 0.01875 -0.03719
v 0.19796 0.01575 -0.06597
v 0.20056 0.01875 -0.06447
v 0.18220 0.01575 -0.03869
v 0.20206 0.01575 -0.06707
v 0.19796 0.00300 -0.06597
v 0.20206 0.00300 -0.06707
v 0.19796 0.01575 -0.06597
v 0.22523 0.00000 -0.05022
v 0.20206 0.00300 -0.06707
v 0.20056 0.00000 -0.06447
v 0.22673 0.00300 -0.05282
v 0.20056 0.01875 -0.06447
v 0.22673 0.01575 -0.05282
v 0.22523 0.01875 -0.05022
v 0.20206 0.01575 -0.06707
v 0.22784 0.01575 -0.04872
v 0.22673 0.00300 -0.05282
v 0.22784 0.00300 -0.04872
v 0.22673 0.01575 -0.05282
v 0.20948 0.00000 -0.02294
v 0.22784 0.00300 -0.04872
v 0.22523 0.00000 -0.05022
v 0.21208 0.00300 -0.02144
v 0.22523 0.01875 -0.05022
v 0.21208 0.01575 -0.02144
v 0.20948 0.01875 -0.02294
v 0.22784 0.01575 -0.04872
v 0.20798 0.01575 -0.02034
v 0.21208 0.00300 -0.02144
v 0.20798 0.00300 -0.02034
v 0.21208 0.01575 -0.02144
v 0.18480 0.00000 -0.03719
v 0.20798 0.00300 -0.02034
v 0.20948 0.00000 -0.02294
v 0.18331 0.00300 -0.03459
v 0.20948 0.01875 -0.02294
v 0.18331 0.01575 -0.03459
v 0.18480 0.01875 -0.03719
v 0.20798 0.01575 -0.02034
v 0.20056 0.00000 -0.06447
v 0.20948 0.00000 -0.02294
v 0.22523 0.00000 -0.05022
v 0.18480 0.00000 -0.03719
v 0.18220 0.00300 -0.03869
v 0.19796 0.01575 -0.06597
v 0.18220 0.01575 -0.03869
v 0.19796 0.00300 -0.06597
v 0.20798 0.00300 -0.02034
v 0.18331 0.01575 -0.03459
v 0.20798 0.01575 -0.02034
v 0.18331 0.00300 -0.03459
v 0.22523 0.01875 -0.05022
v 0.18480 0.01875 -0.03719
v 0.20056 0.01875 -0.06447
v 0.20948 0.01875 -0.02294
v 0.20206 0.00300 -0.06707
v 0.22673 0.01575 -0.05282
v 0.20206 0.01575 -0.06707
v 0.22673 0.00300 -0.05282
v 0.22784 0.00300 -0.04872
v 0.21208 0.01575 -0.02144
v 0.22784 0.01575 -0.04872
v 0.21208 0.00300 -0.02144
v 0.17476 0.00000 0.13021
v 0.17216 0.00300 0.12872
v 0.17326 0.00300 0.13281
v 0.17326 0.01575 0.13281
v 0.17216 0.01575 0.12872
v 0.17476 0.01875 0.13021
v 0.19050 0.00000 0.10294
v 0.19201 0.00300 0.10034
v 0.18791 0.00300 0.10143
v 0.19050 0.01875 0.10294
v 0.18791 0.01575 0.10143
v 0.19201 0.01575 0.10034
v 0.19943 0.00000 0.14446
v 0.19794 0.00300 0.14706
v 0.20204 0.00300 0.14597
v 0.19943 0.01875 0.14446
v 0.20204 0.01575 0.14597
v 0.19794 0.01575 0.14706
v 0.21519 0.00000 0.11718
v 0.21779 0.00300 0.11869
v 0.21669 0.00300 0.11458
v 0.21519 0.01875 0.11718
v 0.21669 0.01575 0.11458
v 0.21779 0.01575 0.11869
v 0.19050 0.00000 0.10294
v 0.17216 0.00300 0.12872
v 0.17476 0.00000 0.13021
v 0.18791 0.00300 0.10143
v 0.17326 0.00300 0.13281
v 0.17216 0.01575 0.12872
v 0.17326 0.01575 0.13281
v 0.17216 0.00300 0.12872
v 0.17476 0.01875 0.13021
v 0.18791 0.01575 0.10143
v 0.19050 0.01875 0.10294
v 0.17216 0.01575 0.12872
v 0.19201 0.01575 0.10034
v 0.18791 0.00300 0.10143
v 0.19201 0.00300 0.10034
v 0.18791 0.01575 0.10143
v 0.21519 0.00000 0.11718
v 0.19201 0.00300 0.10034
v 0.19050 0.00000 0.10294
v 0.21669 0.00300 0.11458
v 0.19050 0.01875 0.10294
v 0.21669 0.01575 0.11458
v 0.21519 0.01875 0.11718
v 0.19201 0.01575 0.10034
v 0.21779 0.01575 0.11869
v 0.21669 0.00300 0.11458
v 0.21779 0.00300 0.11869
v 0.21669 0.01575 0.11458
v 0.19943 0.00000 0.14446
v 0.21779 0.00300 0.11869
v 0.21519 0.00000 0.11718
v 0.20204 0.00300 0.14597
v 0.21519 0.01875 0.11718
v 0.20204 0.01575 0.14597
v 0.19943 0.01875 0.14446
v 0.21779 0.01575 0.11869
v 0.19794 0.01575 0.14706
v 0.20204 0.00300 0.14597
v 0.19794 0.00300 0.14706
v 0.20204 0.01575 0.14597
v 0.17476 0.00000 0.13021
v 0.19794 0.00300 0.14706
v 0.19943 0.00000 0.14446
v 0.17326 0.00300 0.13281
v 0.19943 0.01875 0.14446
v 0.17326 0.01575 0.13281
v 0.17476 0.01875 0.13021
v 0.19794 0.01575 0.14706
v 0.19050 0.00000 0.10294
v 0.19943 0.00000 0.14446
v 0.21519 0.00000 0.11718
v 0.17476 0.00000 0.13021
v 0.17216 0.00300 0.12872
v 0.18791 0.01575 0.10143
v 0.17216 0.01575 0.12872
v 0.18791 0.00300 0.10143
v 0.19794 0.00300 0.14706
v 0.17326 0.01575 0.13281
v 0.19794 0.01575 0.14706
v 0.17326 0.00300 0.13281
v 0.21519 0.01875 0.11718
v 0.17476 0.01875 0.13021
v 0.19050 0.01875 0.10294
v 0.19943 0.01875 0.14446
v 0.19201 0.00300 0.10034
v 0.21669 0.01575 0.11458
v 0.19201 0.01575 0.10034
v 0.21669 0.00300 0.11458
v 0.21779 0.00300 0.11869
v 0.20204 0.01575 0.14597
v 0.21779 0.01575 0.11869
v 0.20204 0.00300 0.14597
v 0.24976 0.00000 0.00031
v 0.24716 0.00300 -0.00119
v 0.24826 0.00300 0.00291
v 0.24826 0.01575 0.00291
v 0.24716 0.01575 -0.00119
v 0.24976 0.01875 0.00031
v 0.26550 0.00000 -0.02697
v 0.26701 0.00300 -0.02957
v 0.26291 0.00300 -0.02847
v 0.26550 0.01875 -0.02697
v 0.26291 0.01575 -0.02847
v 0.26701 0.01575 -0.02957
v 0.27443 0.00000 0.01456
v 0.27294 0.00300 0.01715
v 0.27704 0.00300 0.01606
v 0.27443 0.01875 0.01456
v 0.27704 0.01575 0.01606
v 0.27294 0.01575 0.01715
v 0.29019 0.00000 -0.01272
v 0.29279 0.00300 -0.01122
v 0.29169 0.00300 -0.01532
v 0.29019 0.01875 -0.01272
v 0.29169 0.01575 -0.01532
v 0.29279 0.01575 -0.01122
v 0.26550 0.00000 -0.02697
v 0.24716 0.00300 -0.00119
v 0.24976 0.00000 0.00031
v 0.26291 0.00300 -0.02847
v 0.24826 0.00300 0.00291
v 0.24716 0.01575 -0.00119
v 0.24826 0.01575 0.00291
v 0.24716 0.00300 -0.00119
v 0.24976 0.01875 0.00031
v 0.26291 0.01575 -0.02847
v 0.26550 0.01875 -0.02697
v 0.24716 0.01575 -0.00119
v 0.26701 0.01575 -0.02957
v 0.26291 0.00300 -0.02847
v 0.26701 0.00300 -0.02957
v 0.26291 0.01575 -0.02847
v 0.29019 0.00000 -0.01272
v 0.26701 0.00300 -0.02957
v 0.26550 0.00000 -0.02697
v 0.29169 0.00300 -0.01532
v 0.26550 0.01875 -0.02697
v 0.29169 0.01575 -0.01532
v 0.29019 0.01875 -0.01272
v 0.26701 0.01575 -0.02957
v 0.29279 0.01575 -0.01122
v 0.29169 0.00300 -0.01532
v 0.29279 0.00300 -0.01122
v 0.29169 0.01575 -0.01532
v 0.27443 0.00000 0.01456
v 0.29279 0.00300 -0.01122
v 0.29019 0.00000 -0.01272
v 0.27704 0.00300 0.01606
v 0.29019 0.01875 -0.01272
v 0.27704 0.01575 0.01606
v 0.27443 0.01875 0.01456
v 0.29279 0.01575 -0.01122
v 0.27294 0.01575 0.01715
v 0.27704 0.00300 0.01606
v 0.27294 0.00300 0.01715
v 0.27704 0.01575 0.01606
v 0.24976 0.00000 0.00031
v 0.27294 0.00300 0.01715
v 0.27443 0.00000 0.01456
v 0.24826 0.00300 0.00291
v 0.27443 0.01875 0.01456
v 0.24826 0.01575 0.00291
v 0.24976 0.01875 0.00031
v 0.27294 0.01575 0.01715
v 0.26550 0.00000 -0.02697
v 0.27443 0.00000 0.01456
v 0.29019 0.00000 -0.01272
v 0.24976 0.00000 0.00031
v 0.24716 0.00300 -0.00119
v 0.26291 0.01575 -0.02847
v 0.24716 0.01575 -0.00119
v 0.26291 0.00300 -0.02847
v 0.27294 0.00300 0.01715
v 0.24826 0.01575 0.00291
v 0.27294 0.01575 0.01715
v 0.24826 0.00300 0.00291
v 0.29019 0.01875 -0.01272
v 0.24976 0.01875 0.00031
v 0.26550 0.01875 -0.02697
v 0.27443 0.01875 0.01456
v 0.26701 0.00300 -0.02957
v 0.29169 0.01575 -0.01532
v 0.26701 0.01575 -0.02957
v 0.29169 0.00300 -0.01532
v 0.29279 0.00300 -0.01122
v 0.27704 0.01575 0.01606
v 0.29279 0.01575 -0.01122
v 0.27704 0.00300 0.01606
v 0.12195 0.23250 0.14217
v 0.13105 0.23250 0.14742
v 0.12721 0.23250 0.13307
v 0.11671 0.23250 0.15126
v 0.11286 0.23250 0.13692
v 0.12721 0.23250 0.13307
v 0.13105 0.23250 0.14742
v 0.12195 0.26250 0.14217
v 0.13105 0.23250 0.14742
v 0.11671 0.23250 0.15126
v 0.12195 0.26250 0.14217
v 0.11671 0.23250 0.15126
v 0.11286 0.23250 0.13692
v 0.12195 0.26250 0.14217
v 0.11286 0.23250 0.13692
v 0.12721 0.23250 0.13307
v 0.12195 0.26250 0.14217
v 0.15053 0.23250 0.15867
v 0.15963 0.23250 0.16392
v 0.15579 0.23250 0.14957
v 0.14529 0.23250 0.16775
v 0.14144 0.23250 0.15342
v 0.15579 0.23250 0.14957
v 0.15963 0.23250 0.16392
v 0.15053 0.26250 0.15867
v 0.15963 0.23250 0.16392
v 0.14529 0.23250 0.16775
v 0.15053 0.26250 0.15867
v 0.14529 0.23250 0.16775
v 0.14144 0.23250 0.15342
v 0.15053 0.26250 0.15867
v 0.14144 0.23250 0.15342
v 0.15579 0.23250 0.14957
v 0.15053 0.26250 0.15867
vn 0.0266 0.7938 -0.6076
vn 0.0266 0.7938 -0.6076
vn 0.0266 0.7938 -0.6076
vn 0.0200 0.8161 0.5775
vn 0.0200 0.8161 0.5775
vn 0.0200 0.8161 0.5775
vn -0.4091 0.8814 -0.2362
vn -0.4091 0.8814 -0.2362
vn -0.4091 0.8814 -0.2362
vn 0.4933 -0.8091 -0.3195
vn 0.4933 -0.8091 -0.3195
vn 0.4933 -0.8091 -0.3195
vn -0.0730 -0.3663 0.9276
vn -0.0730 -0.3663 0.9276
vn -0.0730 -0.3663 0.9276
vn 0.2505 0.2506 0.9351
vn 0.2505 0.2506 0.9351
vn 0.2505 0.2506 0.9351
vn -0.6391 0.4442 -0.6279
vn -0.6391 0.4442 -0.6279
vn -0.6391 0.4442 -0.6279
vn -0.6123 -0.4805 -0.6278
vn -0.6123 -0.4805 -0.6278
vn -0.6123 -0.4805 -0.6278
vn -0.0082 0.8878 -0.4601
vn -0.0082 0.8878 -0.4601
vn -0.0082 0.8878 -0.4601
vn -0.0082 0.8878 -0.4601
vn -0.0346 0.9984 0.0451
vn -0.0346 0.9984 0.0451
vn -0.0346 0.9984 0.0451
vn -0.0346 0.9984 0.0451
vn -0.2371 0.8129 0.5319
vn -0.2371 0.8129 0.5319
vn -0.2371 0.8129 0.5319
vn -0.2371 0.8129 0.5319
vn -0.6034 0.7935 0.0795
vn -0.6034 0.7935 0.0795
vn -0.6034 0.7935 0.0795
vn -0.6034 0.7935 0.0795
vn -0.5771 0.6938 -0.4308
vn -0.5771 0.6938 -0.4308
vn -0.5771 0.6938 -0.4308
vn -0.5771 0.6938 -0.4308
vn 0.2960 -0.8969 -0.3284
vn 0.2960 -0.8969 -0.3284
vn 0.2960 -0.8969 -0.3284
vn 0.2960 -0.8969 -0.3284
vn 0.7930 -0.0275 0.6086
vn 0.7930 -0.0275 0.6086
vn 0.7930 -0.0275 0.6086
vn 0.7930 -0.0275 0.6086
vn 0.2435 -0.5310 0.8116
vn 0.2435 -0.5310 0.8116
vn 0.2435 -0.5310 0.8116
vn 0.2435 -0.5310 0.8116
vn 0.3761 0.4262 0.8227
vn 0.3761 0.4262 0.8227
vn 0.3761 0.4262 0.8227
vn 0.3761 0.4262 0.8227
vn 0.1299 -0.0988 0.9866
vn 0.1299 -0.0988 0.9866
vn 0.1299 -0.0988 0.9866
vn 0.1299 -0.0988 0.9866
vn -0.3235 -0.3254 0.8885
vn -0.3235 -0.3254 0.8885
vn -0.3235 -0.3254 0.8885
vn -0.3235 -0.3254 0.8885
vn 0.1226 0.5235 0.8431
vn 0.1226 0.5235 0.8431
vn 0.1226 0.5235 0.8431
vn 0.1226 0.5235 0.8431
vn -0.0000 -0.7071 0.7071
vn -0.0000 -0.7071 0.7071
vn -0.0000 -0.7071 0.7071
vn -0.0000 -0.7071 0.7071
vn -0.1396 0.9869 0.0806
vn -0.1396 0.9869 0.0806
vn -0.1396 0.9869 0.0806
vn -0.1396 0.9869 0.0806
vn -0.2330 0.4353 0.8696
vn -0.2330 0.4353 0.8696
vn -0.2330 0.4353 0.8696
vn -0.2330 0.4353 0.8696
vn -0.0000 0.7071 0.7071
vn -0.0000 0.7071 0.7071
vn -0.0000 0.7071 0.7071
vn -0.0000 0.7071 0.7071
vn 0.8581 -0.4592 0.2299
vn 0.8581 -0.4592 0.2299
vn 0.8581 -0.4592 0.2299
vn 0.8581 -0.4592 0.2299
vn 0.4987 -0.0706 0.8639
vn 0.4987 -0.0706 0.8639
vn 0.4987 -0.0706 0.8639
vn 0.4987 -0.0706 0.8639
vn -0.1387 0.9808 -0.1373
vn -0.1387 0.9808 -0.1373
vn -0.1387 0.9808 -0.1373
vn -0.1281 0.7729 0.6214
vn -0.1281 0.7729 0.6214
vn -0.1281 0.7729 0.6214
vn -0.0899 0.8877 -0.4516
vn -0.0899 0.8877 -0.4516
vn -0.0899 0.8877 -0.4516
vn 0.6523 -0.7491 -0.1153
vn 0.6523 -0.7491 -0.1153
vn 0.6523 -0.7491 -0.1153
vn -0.0392 -0.1520 0.9876
vn -0.0392 -0.1520 0.9876
vn -0.0392 -0.1520 0.9876
vn 0.2760 0.4358 0.8567
vn 0.2760 0.4358 0.8567
vn 0.2760 0.4358 0.8567
vn 0.3174 -0.5942 0.7390
vn 0.3174 -0.5942 0.7390
vn 0.3174 -0.5942 0.7390
vn 0.8339 0.0765 0.5466
vn 0.8339 0.0765 0.5466
vn 0.8339 0.0765 0.5466
vn 0.0467 0.8466 -0.5301
vn 0.0467 0.8466 -0.5301
vn 0.0467 0.8466 -0.5301
vn 0.0467 0.8466 -0.5301
vn 0.0157 0.9250 0.3797
vn 0.0157 0.9250 0.3797
vn 0.0157 0.9250 0.3797
vn 0.0157 0.9250 0.3797
vn -0.4016 0.8199 0.4079
vn -0.4016 0.8199 0.4079
vn -0.4016 0.8199 0.4079
vn -0.4016 0.8199 0.4079
vn -0.4858 0.8700 -0.0843
vn -0.4858 0.8700 -0.0843
vn -0.4858 0.8700 -0.0843
vn -0.4858 0.8700 -0.0843
vn -0.1509 0.7682 -0.6222
vn -0.1509 0.7682 -0.6222
vn -0.1509 0.7682 -0.6222
vn -0.1509 0.7682 -0.6222
vn 0.8588 -0.4877 0.1572
vn 0.8588 -0.4877 0.1572
vn 0.8588 -0.4877 0.1572
vn 0.8588 -0.4877 0.1572
vn -0.7205 0.2633 -0.6415
vn -0.7205 0.2633 -0.6415
vn -0.7205 0.2633 -0.6415
vn -0.7205 0.2633 -0.6415
vn 0.0730 -0.4443 0.8929
vn 0.0730 -0.4443 0.8929
vn 0.0730 -0.4443 0.8929
vn 0.0730 -0.4443 0.8929
vn -0.5215 -0.4528 -0.7232
vn -0.5215 -0.4528 -0.7232
vn -0.5215 -0.4528 -0.7232
vn -0.5215 -0.4528 -0.7232
vn 0.2571 0.0932 0.9619
vn 0.2571 0.0932 0.9619
vn 0.2571 0.0932 0.9619
vn 0.2571 0.0932 0.9619
vn -0.4375 0.2758 0.8559
vn -0.4375 0.2758 0.8559
vn -0.4375 0.2758 0.8559
vn -0.4375 0.2758 0.8559
vn 0.0382 0.6289 0.7766
vn 0.0382 0.6289 0.7766
vn 0.0382 0.6289 0.7766
vn 0.0382 0.6289 0.7766
vn -0.2053 -0.4939 0.8449
vn -0.2053 -0.4939 0.8449
vn -0.2053 -0.4939 0.8449
vn -0.2053 -0.4939 0.8449
vn -0.1396 0.9869 0.0806
vn -0.1396 0.9869 0.0806
vn -0.1396 0.9869 0.0806
vn -0.1396 0.9869 0.0806
vn 0.0946 0.5095 0.8552
vn 0.0946 0.5095 0.8552
vn 0.0946 0.5095 0.8552
vn 0.0946 0.5095 0.8552
vn 0.0973 -0.8592 -0.5022
vn 0.0973 -0.8592 -0.5022
vn 0.0973 -0.8592 -0.5022
vn 0.0973 -0.8592 -0.5022
vn -0.7327 0.5846 -0.3483
vn -0.7327 0.5846 -0.3483
vn -0.7327 0.5846 -0.3483
vn -0.7327 0.5846 -0.3483
vn 0.4987 -0.0706 0.8639
vn 0.4987 -0.0706 0.8639
vn 0.4987 -0.0706 0.8639
vn 0.4987 -0.0706 0.8639
vn -0.2566 0.6615 0.7047
vn -0.2566 0.6615 0.7047
vn -0.2566 0.6615 0.7047
vn -0.2566 0.6615 0.7047
vn -0.1069 0.9590 -0.2625
vn -0.1069 0.9590 -0.2625
vn -0.1069 0.9590 -0.2625
vn -0.1069 0.9590 -0.2625
vn 0.8829 -0.3424 0.3214
vn 0.8829 -0.3424 0.3214
vn 0.8829 -0.3424 0.3214
vn 0.8829 -0.3424 0.3214
vn 0.4070 0.2411 0.8810
vn 0.4070 0.2411 0.8810
vn 0.4070 0.2411 0.8810
vn 0.4070 0.2411 0.8810
vn 0.0818 -0.5921 0.8017
vn 0.0818 -0.5921 0.8017
vn 0.0818 -0.5921 0.8017
vn 0.0818 -0.5921 0.8017
vn -0.2247 0.7839 0.5788
vn -0.2247 0.7839 0.5788
vn -0.2247 0.7839 0.5788
vn -0.2247 0.7839 0.5788
vn -0.2168 0.6342 0.7421
vn -0.2168 0.6342 0.7421
vn -0.2168 0.6342 0.7421
vn -0.2168 0.6342 0.7421
vn -0.3149 0.8463 0.4297
vn -0.3149 0.8463 0.4297
vn -0.3149 0.8463 0.4297
vn -0.3149 0.8463 0.4297
vn 0.8904 -0.3149 0.3288
vn 0.8904 -0.3149 0.3288
vn 0.8904 -0.3149 0.3288
vn 0.8904 -0.3149 0.3288
vn 0.2864 -0.3922 0.8742
vn 0.2864 -0.3922 0.8742
vn 0.2864 -0.3922 0.8742
vn 0.2864 -0.3922 0.8742
vn -0.0211 0.8390 -0.5437
vn -0.0211 0.8390 -0.5437
vn -0.0211 0.8390 -0.5437
vn -0.0211 0.8390 -0.5437
vn 0.2489 0.5267 0.8128
vn 0.2489 0.5267 0.8128
vn 0.2489 0.5267 0.8128
vn 0.2489 0.5267 0.8128
vn 0.0323 0.7858 -0.6176
vn 0.0323 0.7858 -0.6176
vn 0.0323 0.7858 -0.6176
vn 0.0211 0.8222 0.5688
vn 0.0211 0.8222 0.5688
vn 0.0211 0.8222 0.5688
vn -0.4009 0.8827 -0.2454
vn -0.4009 0.8827 -0.2454
vn -0.4009 0.8827 -0.2454
vn 0.4995 -0.8078 -0.3131
vn 0.4995 -0.8078 -0.3131
vn 0.4995 -0.8078 -0.3131
vn -0.0757 -0.3719 0.9252
vn -0.0757 -0.3719 0.9252
vn -0.0757 -0.3719 0.9252
vn 0.2511 0.2416 0.9373
vn 0.2511 0.2416 0.9373
vn 0.2511 0.2416 0.9373
vn -0.6310 0.4544 -0.6288
vn -0.6310 0.4544 -0.6288
vn -0.6310 0.4544 -0.6288
vn -0.6239 -0.4665 -0.6270
vn -0.6239 -0.4665 -0.6270
vn -0.6239 -0.4665 -0.6270
vn -0.0074 0.8858 -0.4640
vn -0.0074 0.8858 -0.4640
vn -0.0074 0.8858 -0.4640
vn -0.0074 0.8858 -0.4640
vn -0.0383 0.9991 0.0187
vn -0.0383 0.9991 0.0187
vn -0.0383 0.9991 0.0187
vn -0.0383 0.9991 0.0187
vn -0.2377 0.8144 0.5294
vn -0.2377 0.8144 0.5294
vn -0.2377 0.8144 0.5294
vn -0.2377 0.8144 0.5294
vn -0.6019 0.7955 0.0699
vn -0.6019 0.7955 0.0699
vn -0.6019 0.7955 0.0699
vn -0.6019 0.7955 0.0699
vn -0.5706 0.6973 -0.4339
vn -0.5706 0.6973 -0.4339
vn -0.5706 0.6973 -0.4339
vn -0.5706 0.6973 -0.4339
vn 0.3079 -0.8959 -0.3204
vn 0.3079 -0.8959 -0.3204
vn 0.3079 -0.8959 -0.3204
vn 0.3079 -0.8959 -0.3204
vn 0.7923 -0.0434 0.6086
vn 0.7923 -0.0434 0.6086
vn 0.7923 -0.0434 0.6086
vn 0.7923 -0.0434 0.6086
vn 0.2401 -0.5339 0.8107
vn 0.2401 -0.5339 0.8107
vn 0.2401 -0.5339 0.8107
vn 0.2401 -0.5339 0.8107
vn 0.3790 0.4222 0.8235
vn 0.3790 0.4222 0.8235
vn 0.3790 0.4222 0.8235
vn 0.3790 0.4222 0.8235
vn 0.1210 -0.1108 0.9865
vn 0.1210 -0.1108 0.9865
vn 0.1210 -0.1108 0.9865
vn 0.1210 -0.1108 0.9865
vn -0.3185 -0.3326 0.8877
vn -0.3185 -0.3326 0.8877
vn -0.3185 -0.3326 0.8877
vn -0.3185 -0.3326 0.8877
vn 0.1230 0.5227 0.8436
vn 0.1230 0.5227 0.8436
vn 0.1230 0.5227 0.8436
vn 0.1230 0.5227 0.8436
vn -0.0000 -0.7071 0.7071
vn -0.0000 -0.7071 0.7071
vn -0.0000 -0.7071 0.7071
vn -0.0000 -0.7071 0.7071
vn -0.1361 0.9883 0.0684
vn -0.1361 0.9883 0.0684
vn -0.1361 0.9883 0.0684
vn -0.1361 0.9883 0.0684
vn -0.2479 0.4283 0.8689
vn -0.2479 0.4283 0.8689
vn -0.2479 0.4283 0.8689
vn -0.2479 0.4283 0.8689
vn -0.0000 0.7071 0.7071
vn -0.0000 0.7071 0.7071
vn -0.0000 0.7071 0.7071
vn -0.0000 0.7071 0.7071
vn 0.8565 -0.4603 0.2337
vn 0.8565 -0.4603 0.2337
vn 0.8565 -0.4603 0.2337
vn 0.8565 -0.4603 0.2337
vn 0.4974 -0.0813 0.8637
vn 0.4974 -0.0813 0.8637
vn 0.4974 -0.0813 0.8637
vn 0.4974 -0.0813 0.8637
vn 0.0323 0.7858 -0.6176
vn 0.0323 0.7858 -0.6176
vn 0.0323 0.7858 -0.6176
vn 0.0211 0.8222 0.5688
vn 0.0211 0.8222 0.5688
vn 0.0211 0.8222 0.5688
vn -0.4009 0.8827 -0.2454
vn -0.4009 0.8827 -0.2454
vn -0.4009 0.8827 -0.2454
vn 0.4995 -0.8078 -0.3131
vn 0.4995 -0.8078 -0.3131
vn 0.4995 -0.8078 -0.3131
vn -0.0757 -0.3719 0.9252
vn -0.0757 -0.3719 0.9252
vn -0.0757 -0.3719 0.9252
vn 0.2511 0.2416 0.9373
vn 0.2511 0.2416 0.9373
vn 0.2511 0.2416 0.9373
vn -0.6310 0.4544 -0.6288
vn -0.6310 0.4544 -0.6288
vn -0.6310 0.4544 -0.6288
vn -0.6239 -0.4665 -0.6270
vn -0.6239 -0.4665 -0.6270
vn -0.6239 -0.4665 -0.6270
vn -0.0074 0.8858 -0.4640
vn -0.0074 0.8858 -0.4640
vn -0.0074 0.8858 -0.4640
vn -0.0074 0.8858 -0.4640
vn -0.0383 0.9991 0.0187
vn -0.0383 0.9991 0.0187
vn -0.0383 0.9991 0.0187
vn -0.0383 0.9991 0.0187
vn -0.2377 0.8144 0.5294
vn -0.2377 0.8144 0.5294
vn -0.2377 0.8144 0.5294
vn -0.2377 0.8144 0.5294
vn -0.6019 0.7955 0.0699
vn -0.6019 0.7955 0.0699
vn -0.6019 0.7955 0.0699
vn -0.6019 0.7955 0.0699
vn -0.5706 0.6973 -0.4339
vn -0.5706 0.6973 -0.4339
vn -0.5706 0.6973 -0.4339
vn -0.5706 0.6973 -0.4339
vn 0.3079 -0.8959 -0.3204
vn 0.3079 -0.8959 -0.3204
vn 0.3079 -0.8959 -0.3204
vn 0.3079 -0.8959 -0.3204
vn 0.7923 -0.0434 0.6086
vn 0.7923 -0.0434 0.6086
vn 0.7923 -0.0434 0.6086
vn 0.7923 -0.0434 0.6086
vn 0.2401 -0.5339 0.8107
vn 0.2401 -0.5339 0.8107
vn 0.2401 -0.5339 0.8107
vn 0.2401 -0.5339 0.8107
vn 0.3790 0.4222 0.8235
vn 0.3790 0.4222 0.8235
vn 0.3790 0.4222 0.8235
vn 0.3790 0.4222 0.8235
vn 0.1210 -0.1108 0.9865
vn 0.1210 -0.1108 0.9865
vn 0.1210 -0.1108 0.9865
vn 0.1210 -0.1108 0.9865
vn -0.3185 -0.3326 0.8877
vn -0.3185 -0.3326 0.8877
vn -0.3185 -0.3326 0.8877
vn -0.3185 -0.3326 0.8877
vn 0.1230 0.5227 0.8436
vn 0.1230 0.5227 0.8436
vn 0.1230 0.5227 0.8436
vn 0.1230 0.5227 0.8436
vn -0.0000 -0.7071 0.7071
vn -0.0000 -0.7071 0.7071
vn -0.0000 -0.7071 0.7071
vn -0.0000 -0.7071 0.7071
vn -0.1361 0.9883 0.0684
vn -0.1361 0.9883 0.0684
vn -0.1361 0.9883 0.0684
vn -0.1361 0.9883 0.0684
vn -0.2479 0.4283 0.8689
vn -0.2479 0.4283 0.8689
vn -0.2479 0.4283 0.8689
vn -0.2479 0.4283 0.8689
vn -0.0000 0.7071 0.7071
vn -0.0000 0.7071 0.7071
vn -0.0000 0.7071 0.7071
vn -0.0000 0.7071 0.7071
vn 0.8565 -0.4603 0.2337
vn 0.8565 -0.4603 0.2337
vn 0.8565 -0.4603 0.2337
vn 0.8565 -0.4603 0.2337
vn 0.4974 -0.0813 0.8637
vn 0.4974 -0.0813 0.8637
vn 0.4974 -0.0813 0.8637
vn 0.4974 -0.0813 0.8637
vn 0.0323 0.7858 -0.6176
vn 0.0323 0.7858 -0.6176
vn 0.0323 0.7858 -0.6176
vn 0.0211 0.8222 0.5688
vn 0.0211 0.8222 0.5688
vn 0.0211 0.8222 0.5688
vn -0.4009 0.8827 -0.2454
vn -0.4009 0.8827 -0.2454
vn -0.4009 0.8827 -0.2454
vn 0.4995 -0.8078 -0.3131
vn 0.4995 -0.8078 -0.3131
vn 0.4995 -0.8078 -0.3131
vn -0.0757 -0.3719 0.9252
vn -0.0757 -0.3719 0.9252
vn -0.0757 -0.3719 0.9252
vn 0.2511 0.2416 0.9373
vn 0.2511 0.2416 0.9373
vn 0.2511 0.2416 0.9373
vn -0.6310 0.4544 -0.6288
vn -0.6310 0.4544 -0.6288
vn -0.6310 0.4544 -0.6288
vn -0.6239 -0.4665 -0.6270
vn -0.6239 -0.4665 -0.6270
vn -0.6239 -0.4665 -0.6270
vn -0.0074 0.8858 -0.4640
vn -0.0074 0.8858 -0.4640
vn -0.0074 0.8858 -0.4640
vn -0.0074 0.8858 -0.4640
vn -0.0383 0.9991 0.0187
vn -0.0383 0.9991 0.0187
vn -0.0383 0.9991 0.0187
vn -0.0383 0.9991 0.0187
vn -0.2377 0.8144 0.5294
vn -0.2377 0.8144 0.5294
vn -0.2377 0.8144 0.5294
vn -0.2377 0.8144 0.5294
vn -0.6019 0.7955 0.0699
vn -0.6019 0.7955 0.0699
vn -0.6019 0.7955 0.0699
vn -0.6019 0.7955 0.0699
vn -0.5706 0.6973 -0.4339
vn -0.5706 0.6973 -0.4339
vn -0.5706 0.6973 -0.4339
vn -0.5706 0.6973 -0.4339
vn 0.3079 -0.8959 -0.3204
vn 0.3079 -0.8959 -0.3204
vn 0.3079 -0.8959 -0.3204
vn 0.3079 -0.8959 -0.3204
vn 0.7923 -0.0434 0.6086
vn 0.7923 -0.0434 0.6086
vn 0.7923 -0.0434 0.6086
vn 0.7923 -0.0434 0.6086
vn 0.2401 -0.5339 0.8107
vn 0.2401 -0.5339 0.8107
vn 0.2401 -0.5339 0.8107
vn 0.2401 -0.5339 0.8107
vn 0.3790 0.4222 0.8235
vn 0.3790 0.4222 0.8235
vn 0.3790 0.4222 0.8235
vn 0.3790 0.4222 0.8235
vn 0.1210 -0.1108 0.9865
vn 0.1210 -0.1108 0.9865
vn 0.1210 -0.1108 0.9865
vn 0.1210 -0.1108 0.9865
vn -0.3185 -0.3326 0.8877
vn -0.3185 -0.3326 0.8877
vn -0.3185 -0.3326 0.8877
vn -0.3185 -0.3326 0.8877
vn 0.1230 0.5227 0.8436
vn 0.1230 0.5227 0.8436
vn 0.1230 0.5227 0.8436
vn 0.1230 0.5227 0.8436
vn -0.0000 -0.7071 0.7071
vn -0.0000 -0.7071 0.7071
vn -0.0000 -0.7071 0.7071
vn -0.0000 -0.7071 0.7071
vn -0.1361 0.9883 0.0684
vn -0.1361 0.9883 0.0684
vn -0.1361 0.9883 0.0684
vn -0.1361 0.9883 0.0684
vn -0.2479 0.4283 0.8689
vn -0.2479 0.4283 0.8689
vn -0.2479 0.4283 0.8689
vn -0.2479 0.4283 0.8689
vn -0.0000 0.7071 0.7071
vn -0.0000 0.7071 0.7071
vn -0.0000 0.7071 0.7071
vn -0.0000 0.7071 0.7071
vn 0.8565 -0.4603 0.2337
vn 0.8565 -0.4603 0.2337
vn 0.8565 -0.4603 0.2337
vn 0.8565 -0.4603 0.2337
vn 0.4974 -0.0813 0.8637
vn 0.4974 -0.0813 0.8637
vn 0.4974 -0.0813 0.8637
vn 0.4974 -0.0813 0.8637
vn 0.0323 0.7858 -0.6176
vn 0.0323 0.7858 -0.6176
vn 0.0323 0.7858 -0.6176
vn 0.0211 0.8222 0.5688
vn 0.0211 0.8222 0.5688
vn 0.0211 0.8222 0.5688
vn -0.4009 0.8827 -0.2454
vn -0.4009 0.8827 -0.2454
vn -0.4009 0.8827 -0.2454
vn 0.4995 -0.8078 -0.3131
vn 0.4995 -0.8078 -0.3131
vn 0.4995 -0.8078 -0.3131
vn -0.0757 -0.3719 0.9252
vn -0.0757 -0.3719 0.9252
vn -0.0757 -0.3719 0.9252
vn 0.2511 0.2416 0.9373
vn 0.2511 0.2416 0.9373
vn 0.2511 0.2416 0.9373
vn -0.6310 0.4544 -0.6288
vn -0.6310 0.4544 -0.6288
vn -0.6310 0.4544 -0.6288
vn -0.6239 -0.4665 -0.6270
vn -0.6239 -0.4665 -0.6270
vn -0.6239 -0.4665 -0.6270
vn -0.0074 0.8858 -0.4640
vn -0.0074 0.8858 -0.4640
vn -0.0074 0.8858 -0.4640
vn -0.0074 0.8858 -0.4640
vn -0.0383 0.9991 0.0187
vn -0.0383 0.9991 0.0187
vn -0.0383 0.9991 0.0187
vn -0.0383 0.9991 0.0187
vn -0.2377 0.8144 0.5294
vn -0.2377 0.8144 0.5294
vn -0.2377 0.8144 0.5294
vn -0.2377 0.8144 0.5294
vn -0.6019 0.7955 0.0699
vn -0.6019 0.7955 0.0699
vn -0.6019 0.7955 0.0699
vn -0.6019 0.7955 0.0699
vn -0.5706 0.6973 -0.4339
vn -0.5706 0.6973 -0.4339
vn -0.5706 0.6973 -0.4339
vn -0.5706 0.6973 -0.4339
vn 0.3079 -0.8959 -0.3204
vn 0.3079 -0.8959 -0.3204
vn 0.3079 -0.8959 -0.3204
vn 0.3079 -0.8959 -0.3204
vn 0.7923 -0.0434 0.6086
vn 0.7923 -0.0434 0.6086
vn 0.7923 -0.0434 0.6086
vn 0.7923 -0.0434 0.6086
vn 0.2401 -0.5339 0.8107
vn 0.2401 -0.5339 0.8107
vn 0.2401 -0.5339 0.8107
vn 0.2401 -0.5339 0.8107
vn 0.3790 0.4222 0.8235
vn 0.3790 0.4222 0.8235
vn 0.3790 0.4222 0.8235
vn 0.3790 0.4222 0.8235
vn 0.1210 -0.1108 0.9865
vn 0.1210 -0.1108 0.9865
vn 0.1210 -0.1108 0.9865
vn 0.1210 -0.1108 0.9865
vn -0.3185 -0.3326 0.8877
vn -0.3185 -0.3326 0.8877
vn -0.3185 -0.3326 0.8877
vn -0.3185 -0.3326 0.8877
vn 0.1230 0.5227 0.8436
vn 0.1230 0.5227 0.8436
vn 0.1230 0.5227 0.8436
vn 0.1230 0.5227 0.8436
vn -0.0000 -0.7071 0.7071
vn -0.0000 -0.7071 0.7071
vn -0.0000 -0.7071 0.7071
vn -0.0000 -0.7071 0.7071
vn -0.1361 0.9883 0.0684
vn -0.1361 0.9883 0.0684
vn -0.1361 0.9883 0.0684
vn -0.1361 0.9883 0.0684
vn -0.2479 0.4283 0.8689
vn -0.2479 0.4283 0.8689
vn -0.2479 0.4283 0.8689
vn -0.2479 0.4283 0.8689
vn -0.0000 0.7071 0.7071
vn -0.0000 0.7071 0.7071
vn -0.0000 0.7071 0.7071
vn -0.0000 0.7071 0.7071
vn 0.8565 -0.4603 0.2337
vn 0.8565 -0.4603 0.2337
vn 0.8565 -0.4603 0.2337
vn 0.8565 -0.4603 0.2337
vn 0.4974 -0.0813 0.8637
vn 0.4974 -0.0813 0.8637
vn 0.4974 -0.0813 0.8637
vn 0.4974 -0.0813 0.8637
vn 0.0750 0.7735 -0.6293
vn 0.0750 0.7735 -0.6293
vn 0.0750 0.7735 -0.6293
vn 0.0196 0.8931 0.4494
vn 0.0196 0.8931 0.4494
vn 0.0196 0.8931 0.4494
vn -0.5943 0.7977 -0.1027
vn -0.5943 0.7977 -0.1027
vn -0.5943 0.7977 -0.1027
vn -0.3606 0.8147 0.4541
vn -0.3606 0.8147 0.4541
vn -0.3606 0.8147 0.4541
vn -0.0000 -0.4869 0.8734
vn -0.0000 -0.4869 0.8734
vn -0.0000 -0.4869 0.8734
vn 0.1951 0.1251 0.9728
vn 0.1951 0.1251 0.9728
vn 0.1951 0.1251 0.9728
vn -0.7709 0.2863 -0.5690
vn -0.7709 0.2863 -0.5690
vn -0.7709 0.2863 -0.5690
vn -0.4259 -0.5709 -0.7019
vn -0.4259 -0.5709 -0.7019
vn -0.4259 -0.5709 -0.7019
vn -0.1258 0.9266 -0.3544
vn -0.1258 0.9266 -0.3544
vn -0.1258 0.9266 -0.3544
vn -0.1258 0.9266 -0.3544
vn -0.0454 0.9683 -0.2458
vn -0.0454 0.9683 -0.2458
vn -0.0454 0.9683 -0.2458
vn -0.0454 0.9683 -0.2458
vn -0.1217 0.8224 0.5557
vn -0.1217 0.8224 0.5557
vn -0.1217 0.8224 0.5557
vn -0.1217 0.8224 0.5557
vn -0.5819 0.7922 0.1838
vn -0.5819 0.7922 0.1838
vn -0.5819 0.7922 0.1838
vn -0.5819 0.7922 0.1838
vn -0.7676 0.5521 -0.3256
vn -0.7676 0.5521 -0.3256
vn -0.7676 0.5521 -0.3256
vn -0.7676 0.5521 -0.3256
vn 0.0700 -0.8362 -0.5440
vn 0.0700 -0.8362 -0.5440
vn 0.0700 -0.8362 -0.5440
vn 0.0700 -0.8362 -0.5440
vn 0.7658 0.1582 0.6233
vn 0.7658 0.1582 0.6233
vn 0.7658 0.1582 0.6233
vn 0.7658 0.1582 0.6233
vn 0.4177 -0.5087 0.7528
vn 0.4177 -0.5087 0.7528
vn 0.4177 -0.5087 0.7528
vn 0.4177 -0.5087 0.7528
vn 0.3282 0.3374 0.8823
vn 0.3282 0.3374 0.8823
vn 0.3282 0.3374 0.8823
vn 0.3282 0.3374 0.8823
vn 0.0517 -0.2257 0.9728
vn 0.0517 -0.2257 0.9728
vn 0.0517 -0.2257 0.9728
vn 0.0517 -0.2257 0.9728
vn -0.1736 -0.5371 0.8255
vn -0.1736 -0.5371 0.8255
vn -0.1736 -0.5371 0.8255
vn -0.1736 -0.5371 0.8255
vn 0.0646 0.5069 0.8596
vn 0.0646 0.5069 0.8596
vn 0.0646 0.5069 0.8596
vn 0.0646 0.5069 0.8596
vn -0.2139 0.7772 -0.5917
vn -0.2139 0.7772 -0.5917
vn -0.2139 0.7772 -0.5917
vn -0.2139 0.7772 -0.5917
vn -0.1396 0.9869 0.0806
vn -0.1396 0.9869 0.0806
vn -0.1396 0.9869 0.0806
vn -0.1396 0.9869 0.0806
vn -0.4800 0.1936 0.8556
vn -0.4800 0.1936 0.8556
vn -0.4800 0.1936 0.8556
vn -0.4800 0.1936 0.8556
vn 0.0536 0.6048 0.7946
vn 0.0536 0.6048 0.7946
vn 0.0536 0.6048 0.7946
vn 0.0536 0.6048 0.7946
vn 0.8422 -0.5259 0.1190
vn 0.8422 -0.5259 0.1190
vn 0.8422 -0.5259 0.1190
vn 0.8422 -0.5259 0.1190
vn 0.4987 -0.0706 0.8639
vn 0.4987 -0.0706 0.8639
vn 0.4987 -0.0706 0.8639
vn 0.4987 -0.0706 0.8639
vn -0.1396 0.9869 0.0806
vn -0.1396 0.9869 0.0806
vn -0.1396 0.9869 0.0806
vn -0.1396 0.9869 0.0806
vn -0.7327 0.5846 -0.3483
vn -0.7327 0.5846 -0.3483
vn -0.7327 0.5846 -0.3483
vn -0.7327 0.5846 -0.3483
vn 0.4987 -0.0706 0.8639
vn 0.4987 -0.0706 0.8639
vn 0.4987 -0.0706 0.8639
vn 0.4987 -0.0706 0.8639
vn 0.0946 0.5095 0.8552
vn 0.0946 0.5095 0.8552
vn 0.0946 0.5095 0.8552
vn 0.0946 0.5095 0.8552
vn -0.2053 -0.4939 0.8449
vn -0.2053 -0.4939 0.8449
vn -0.2053 -0.4939 0.8449
vn -0.2053 -0.4939 0.8449
vn 0.0973 -0.8592 -0.5022
vn 0.0973 -0.8592 -0.5022
vn 0.0973 -0.8592 -0.5022
vn 0.0973 -0.8592 -0.5022
vn -0.1363 0.9846 0.1097
vn -0.1363 0.9846 0.1097
vn -0.1363 0.9846 0.1097
vn -0.1363 0.9846 0.1097
vn 0.6643 -0.7440 -0.0722
vn 0.6643 -0.7440 -0.0722
vn 0.6643 -0.7440 -0.0722
vn 0.6643 -0.7440 -0.0722
vn 0.4911 -0.0458 0.8699
vn 0.4911 -0.0458 0.8699
vn 0.4911 -0.0458 0.8699
vn 0.4911 -0.0458 0.8699
vn -0.4965 0.0487 0.8667
vn -0.4965 0.0487 0.8667
vn -0.4965 0.0487 0.8667
vn -0.4965 0.0487 0.8667
vn -0.3574 0.7704 -0.5280
vn -0.3574 0.7704 -0.5280
vn -0.3574 0.7704 -0.5280
vn -0.3574 0.7704 -0.5280
vn 0.0870 0.5631 0.8218
vn 0.0870 0.5631 0.8218
vn 0.0870 0.5631 0.8218
vn 0.0870 0.5631 0.8218
vn -0.1576 -0.3212 0.9338
vn -0.1576 -0.3212 0.9338
vn -0.1576 -0.3212 0.9338
vn 0.2160 0.2760 0.9366
vn 0.2160 0.2760 0.9366
vn 0.2160 0.2760 0.9366
vn 0.0400 0.8325 -0.5525
vn 0.0400 0.8325 -0.5525
vn 0.0400 0.8325 -0.5525
vn -0.0179 0.8420 0.5391
vn -0.0179 0.8420 0.5391
vn -0.0179 0.8420 0.5391
vn 0.5877 -0.4362 0.6814
vn 0.5877 -0.4362 0.6814
vn 0.5877 -0.4362 0.6814
vn -0.5761 -0.4519 -0.6811
vn -0.5761 -0.4519 -0.6811
vn -0.5761 -0.4519 -0.6811
vn -0.4995 0.8309 -0.2449
vn -0.4995 0.8309 -0.2449
vn -0.4995 0.8309 -0.2449
vn 0.5256 -0.8045 -0.2768
vn 0.5256 -0.8045 -0.2768
vn 0.5256 -0.8045 -0.2768
vn -0.2933 -0.3802 0.8772
vn -0.2933 -0.3802 0.8772
vn -0.2933 -0.3802 0.8772
vn -0.2933 -0.3802 0.8772
vn 0.0436 -0.0400 0.9982
vn 0.0436 -0.0400 0.9982
vn 0.0436 -0.0400 0.9982
vn 0.0436 -0.0400 0.9982
vn 0.1000 0.5856 0.8044
vn 0.1000 0.5856 0.8044
vn 0.1000 0.5856 0.8044
vn 0.1000 0.5856 0.8044
vn -0.0038 1.0000 0.0042
vn -0.0038 1.0000 0.0042
vn -0.0038 1.0000 0.0042
vn -0.0038 1.0000 0.0042
vn -0.0567 0.9060 -0.4194
vn -0.0567 0.9060 -0.4194
vn -0.0567 0.9060 -0.4194
vn -0.0567 0.9060 -0.4194
vn -0.2908 0.8134 0.5038
vn -0.2908 0.8134 0.5038
vn -0.2908 0.8134 0.5038
vn -0.2908 0.8134 0.5038
vn -0.6752 0.7371 0.0295
vn -0.6752 0.7371 0.0295
vn -0.6752 0.7371 0.0295
vn -0.6752 0.7371 0.0295
vn -0.5942 0.6502 -0.4734
vn -0.5942 0.6502 -0.4734
vn -0.5942 0.6502 -0.4734
vn -0.5942 0.6502 -0.4734
vn 0.0787 -0.9147 -0.3963
vn 0.0787 -0.9147 -0.3963
vn 0.0787 -0.9147 -0.3963
vn 0.0787 -0.9147 -0.3963
vn 0.7373 -0.0028 0.6756
vn 0.7373 -0.0028 0.6756
vn 0.7373 -0.0028 0.6756
vn 0.7373 -0.0028 0.6756
vn 0.1665 -0.5192 0.8383
vn 0.1665 -0.5192 0.8383
vn 0.1665 -0.5192 0.8383
vn 0.1665 -0.5192 0.8383
vn 0.3433 0.3945 0.8524
vn 0.3433 0.3945 0.8524
vn 0.3433 0.3945 0.8524
vn 0.3433 0.3945 0.8524
vn -0.0000 -0.7071 0.7071
vn -0.0000 -0.7071 0.7071
vn -0.0000 -0.7071 0.7071
vn -0.0000 -0.7071 0.7071
vn -0.2566 0.6615 0.7047
vn -0.2566 0.6615 0.7047
vn -0.2566 0.6615 0.7047
vn -0.2566 0.6615 0.7047
vn 0.4202 -0.1061 0.9012
vn 0.4202 -0.1061 0.9012
vn 0.4202 -0.1061 0.9012
vn 0.4202 -0.1061 0.9012
vn -0.0000 0.7071 0.7071
vn -0.0000 0.7071 0.7071
vn -0.0000 0.7071 0.7071
vn -0.0000 0.7071 0.7071
vn -0.2433 0.9633 0.1134
vn -0.2433 0.9633 0.1134
vn -0.2433 0.9633 0.1134
vn -0.2433 0.9633 0.1134
vn 0.8829 -0.3424 0.3214
vn 0.8829 -0.3424 0.3214
vn 0.8829 -0.3424 0.3214
vn 0.8829 -0.3424 0.3214
vn -0.1576 -0.3213 0.9338
vn -0.1576 -0.3213 0.9338
vn -0.1576 -0.3213 0.9338
vn 0.2160 0.2760 0.9366
vn 0.2160 0.2760 0.9366
vn 0.2160 0.2760 0.9366
vn 0.0400 0.8326 -0.5525
vn 0.0400 0.8326 -0.5525
vn 0.0400 0.8326 -0.5525
vn -0.0179 0.8420 0.5391
vn -0.0179 0.8420 0.5391
vn -0.0179 0.8420 0.5391
vn 0.5877 -0.4363 0.6814
vn 0.5877 -0.4363 0.6814
vn 0.5877 -0.4363 0.6814
vn -0.5760 -0.4520 -0.6811
vn -0.5760 -0.4520 -0.6811
vn -0.5760 -0.4520 -0.6811
vn -0.4995 0.8309 -0.2449
vn -0.4995 0.8309 -0.2449
vn -0.4995 0.8309 -0.2449
vn 0.5256 -0.8045 -0.2768
vn 0.5256 -0.8045 -0.2768
vn 0.5256 -0.8045 -0.2768
vn -0.2933 -0.3802 0.8772
vn -0.2933 -0.3802 0.8772
vn -0.2933 -0.3802 0.8772
vn -0.2933 -0.3802 0.8772
vn 0.0436 -0.0400 0.9982
vn 0.0436 -0.0400 0.9982
vn 0.0436 -0.0400 0.9982
vn 0.0436 -0.0400 0.9982
vn 0.1000 0.5856 0.8044
vn 0.1000 0.5856 0.8044
vn 0.1000 0.5856 0.8044
vn 0.1000 0.5856 0.8044
vn -0.0038 1.0000 0.0042
vn -0.0038 1.0000 0.0042
vn -0.0038 1.0000 0.0042
vn -0.0038 1.0000 0.0042
vn -0.0567 0.9060 -0.4194
vn -0.0567 0.9060 -0.4194
vn -0.0567 0.9060 -0.4194
vn -0.0567 0.9060 -0.4194
vn -0.2908 0.8134 0.5038
vn -0.2908 0.8134 0.5038
vn -0.2908 0.8134 0.5038
vn -0.2908 0.8134 0.5038
vn -0.6752 0.7371 0.0295
vn -0.6752 0.7371 0.0295
vn -0.6752 0.7371 0.0295
vn -0.6752 0.7371 0.0295
vn -0.5942 0.6502 -0.4734
vn -0.5942 0.6502 -0.4734
vn -0.5942 0.6502 -0.4734
vn -0.5942 0.6502 -0.4734
vn 0.0787 -0.9147 -0.3963
vn 0.0787 -0.9147 -0.3963
vn 0.0787 -0.9147 -0.3963
vn 0.0787 -0.9147 -0.3963
vn 0.7373 -0.0028 0.6756
vn 0.7373 -0.0028 0.6756
vn 0.7373 -0.0028 0.6756
vn 0.7373 -0.0028 0.6756
vn 0.1665 -0.5192 0.8383
vn 0.1665 -0.5192 0.8383
vn 0.1665 -0.5192 0.8383
vn 0.1665 -0.5192 0.8383
vn 0.3433 0.3945 0.8524
vn 0.3433 0.3945 0.8524
vn 0.3433 0.3945 0.8524
vn 0.3433 0.3945 0.8524
vn -0.0000 -0.7071 0.7071
vn -0.0000 -0.7071 0.7071
vn -0.0000 -0.7071 0.7071
vn -0.0000 -0.7071 0.7071
vn -0.2566 0.6615 0.7047
vn -0.2566 0.6615 0.7047
vn -0.2566 0.6615 0.7047
vn -0.2566 0.6615 0.7047
vn 0.4202 -0.1061 0.9012
vn 0.4202 -0.1061 0.9012
vn 0.4202 -0.1061 0.9012
vn 0.4202 -0.1061 0.9012
vn -0.0000 0.7071 0.7071
vn -0.0000 0.7071 0.7071
vn -0.0000 0.7071 0.7071
vn -0.0000 0.7071 0.7071
vn -0.2433 0.9633 0.1134
vn -0.2433 0.9633 0.1134
vn -0.2433 0.9633 0.1134
vn -0.2433 0.9633 0.1134
vn 0.8829 -0.3424 0.3214
vn 0.8829 -0.3424 0.3214
vn 0.8829 -0.3424 0.3214
vn 0.8829 -0.3424 0.3214
vn -0.1576 -0.3213 0.9338
vn -0.1576 -0.3213 0.9338
vn -0.1576 -0.3213 0.9338
vn 0.2160 0.2760 0.9366
vn 0.2160 0.2760 0.9366
vn 0.2160 0.2760 0.9366
vn 0.0400 0.8325 -0.5525
vn 0.0400 0.8325 -0.5525
vn 0.0400 0.8325 -0.5525
vn -0.0179 0.8420 0.5391
vn -0.0179 0.8420 0.5391
vn -0.0179 0.8420 0.5391
vn 0.5877 -0.4363 0.6814
vn 0.5877 -0.4363 0.6814
vn 0.5877 -0.4363 0.6814
vn -0.5761 -0.4519 -0.6811
vn -0.5761 -0.4519 -0.6811
vn -0.5761 -0.4519 -0.6811
vn -0.4996 0.8309 -0.2449
vn -0.4996 0.8309 -0.2449
vn -0.4996 0.8309 -0.2449
vn 0.5256 -0.8045 -0.2768
vn 0.5256 -0.8045 -0.2768
vn 0.5256 -0.8045 -0.2768
vn -0.2933 -0.3802 0.8772
vn -0.2933 -0.3802 0.8772
vn -0.2933 -0.3802 0.8772
vn -0.2933 -0.3802 0.8772
vn 0.0436 -0.0400 0.9982
vn 0.0436 -0.0400 0.9982
vn 0.0436 -0.0400 0.9982
vn 0.0436 -0.0400 0.9982
vn 0.1000 0.5856 0.8044
vn 0.1000 0.5856 0.8044
vn 0.1000 0.5856 0.8044
vn 0.1000 0.5856 0.8044
vn -0.0038 1.0000 0.0042
vn -0.0038 1.0000 0.0042
vn -0.0038 1.0000 0.0042
vn -0.0038 1.0000 0.0042
vn -0.0567 0.9060 -0.4194
vn -0.0567 0.9060 -0.4194
vn -0.0567 0.9060 -0.4194
vn -0.0567 0.9060 -0.4194
vn -0.2908 0.8134 0.5038
vn -0.2908 0.8134 0.5038
vn -0.2908 0.8134 0.5038
vn -0.2908 0.8134 0.5038
vn -0.6752 0.7371 0.0295
vn -0.6752 0.7371 0.0295
vn -0.6752 0.7371 0.0295
vn -0.6752 0.7371 0.0295
vn -0.5942 0.6502 -0.4734
vn -0.5942 0.6502 -0.4734
vn -0.5942 0.6502 -0.4734
vn -0.5942 0.6502 -0.4734
vn 0.0787 -0.9147 -0.3963
vn 0.0787 -0.9147 -0.3963
vn 0.0787 -0.9147 -0.3963
vn 0.0787 -0.9147 -0.3963
vn 0.7373 -0.0028 0.6756
vn 0.7373 -0.0028 0.6756
vn 0.7373 -0.0028 0.6756
vn 0.7373 -0.0028 0.6756
vn 0.1665 -0.5192 0.8383
vn 0.1665 -0.5192 0.8383
vn 0.1665 -0.5192 0.8383
vn 0.1665 -0.5192 0.8383
vn 0.3433 0.3945 0.8524
vn 0.3433 0.3945 0.8524
vn 0.3433 0.3945 0.8524
vn 0.3433 0.3945 0.8524
vn -0.0000 -0.7071 0.7071
vn -0.0000 -0.7071 0.7071
vn -0.0000 -0.7071 0.7071
vn -0.0000 -0.7071 0.7071
vn -0.2566 0.6615 0.7047
vn -0.2566 0.6615 0.7047
vn -0.2566 0.6615 0.7047
vn -0.2566 0.6615 0.7047
vn 0.4202 -0.1061 0.9012
vn 0.4202 -0.1061 0.9012
vn 0.4202 -0.1061 0.9012
vn 0.4202 -0.1061 0.9012
vn -0.0000 0.7071 0.7071
vn -0.0000 0.7071 0.7071
vn -0.0000 0.7071 0.7071
vn -0.0000 0.7071 0.7071
vn -0.2433 0.9633 0.1134
vn -0.2433 0.9633 0.1134
vn -0.2433 0.9633 0.1134
vn -0.2433 0.9633 0.1134
vn 0.8829 -0.3424 0.3214
vn 0.8829 -0.3424 0.3214
vn 0.8829 -0.3424 0.3214
vn 0.8829 -0.3424 0.3214
vn -0.1576 -0.3212 0.9338
vn -0.1576 -0.3212 0.9338
vn -0.1576 -0.3212 0.9338
vn 0.2160 0.2760 0.9366
vn 0.2160 0.2760 0.9366
vn 0.2160 0.2760 0.9366
vn 0.0400 0.8326 -0.5525
vn 0.0400 0.8326 -0.5525
vn 0.0400 0.8326 -0.5525
vn -0.0179 0.8421 0.5391
vn -0.0179 0.8421 0.5391
vn -0.0179 0.8421 0.5391
vn 0.5877 -0.4363 0.6814
vn 0.5877 -0.4363 0.6814
vn 0.5877 -0.4363 0.6814
vn -0.5760 -0.4520 -0.6811
vn -0.5760 -0.4520 -0.6811
vn -0.5760 -0.4520 -0.6811
vn -0.4996 0.8309 -0.2449
vn -0.4996 0.8309 -0.2449
vn -0.4996 0.8309 -0.2449
vn 0.5256 -0.8044 -0.2767
vn 0.5256 -0.8044 -0.2767
vn 0.5256 -0.8044 -0.2767
vn -0.2933 -0.3802 0.8772
vn -0.2933 -0.3802 0.8772
vn -0.2933 -0.3802 0.8772
vn -0.2933 -0.3802 0.8772
vn 0.0436 -0.0400 0.9982
vn 0.0436 -0.0400 0.9982
vn 0.0436 -0.0400 0.9982
vn 0.0436 -0.0400 0.9982
vn 0.1000 0.5856 0.8044
vn 0.1000 0.5856 0.8044
vn 0.1000 0.5856 0.8044
vn 0.1000 0.5856 0.8044
vn -0.0038 1.0000 0.0042
vn -0.0038 1.0000 0.0042
vn -0.0038 1.0000 0.0042
vn -0.0038 1.0000 0.0042
vn -0.0567 0.9060 -0.4194
vn -0.0567 0.9060 -0.4194
vn -0.0567 0.9060 -0.4194
vn -0.0567 0.9060 -0.4194
vn -0.2908 0.8134 0.5038
vn -0.2908 0.8134 0.5038
vn -0.2908 0.8134 0.5038
vn -0.2908 0.8134 0.5038
vn -0.6752 0.7371 0.0295
vn -0.6752 0.7371 0.0295
vn -0.6752 0.7371 0.0295
vn -0.6752 0.7371 0.0295
vn -0.5942 0.6502 -0.4734
vn -0.5942 0.6502 -0.4734
vn -0.5942 0.6502 -0.4734
vn -0.5942 0.6502 -0.4734
vn 0.0787 -0.9147 -0.3963
vn 0.0787 -0.9147 -0.3963
vn 0.0787 -0.9147 -0.3963
vn 0.0787 -0.9147 -0.3963
vn 0.7373 -0.0028 0.6756
vn 0.7373 -0.0028 0.6756
vn 0.7373 -0.0028 0.6756
vn 0.7373 -0.0028 0.6756
vn 0.1665 -0.5192 0.8383
vn 0.1665 -0.5192 0.8383
vn 0.1665 -0.5192 0.8383
vn 0.1665 -0.5192 0.8383
vn 0.3433 0.3945 0.8524
vn 0.3433 0.3945 0.8524
vn 0.3433 0.3945 0.8524
vn 0.3433 0.3945 0.8524
vn -0.0000 -0.7071 0.7071
vn -0.0000 -0.7071 0.7071
vn -0.0000 -0.7071 0.7071
vn -0.0000 -0.7071 0.7071
vn -0.2566 0.6615 0.7047
vn -0.2566 0.6615 0.7047
vn -0.2566 0.6615 0.7047
vn -0.2566 0.6615 0.7047
vn 0.4202 -0.1061 0.9012
vn 0.4202 -0.1061 0.9012
vn 0.4202 -0.1061 0.9012
vn 0.4202 -0.1061 0.9012
vn -0.0000 0.7071 0.7071
vn -0.0000 0.7071 0.7071
vn -0.0000 0.7071 0.7071
vn -0.0000 0.7071 0.7071
vn -0.2433 0.9633 0.1134
vn -0.2433 0.9633 0.1134
vn -0.2433 0.9633 0.1134
vn -0.2433 0.9633 0.1134
vn 0.8829 -0.3424 0.3214
vn 0.8829 -0.3424 0.3214
vn 0.8829 -0.3424 0.3214
vn 0.8829 -0.3424 0.3214
vn 0.0266 0.7938 -0.6076
vn 0.0266 0.7938 -0.6076
vn 0.0266 0.7938 -0.6076
vn 0.0200 0.8161 0.5775
vn 0.0200 0.8161 0.5775
vn 0.0200 0.8161 0.5775
vn -0.4091 0.8814 -0.2362
vn -0.4091 0.8814 -0.2362
vn -0.4091 0.8814 -0.2362
vn 0.4933 -0.8091 -0.3195
vn 0.4933 -0.8091 -0.3195
vn 0.4933 -0.8091 -0.3195
vn -0.0730 -0.3662 0.9276
vn -0.0730 -0.3662 0.9276
vn -0.0730 -0.3662 0.9276
vn 0.2506 0.2505 0.9351
vn 0.2506 0.2505 0.9351
vn 0.2506 0.2505 0.9351
vn -0.6391 0.4441 -0.6279
vn -0.6391 0.4441 -0.6279
vn -0.6391 0.4441 -0.6279
vn -0.6124 -0.4805 -0.6278
vn -0.6124 -0.4805 -0.6278
vn -0.6124 -0.4805 -0.6278
vn -0.0082 0.8878 -0.4601
vn -0.0082 0.8878 -0.4601
vn -0.0082 0.8878 -0.4601
vn -0.0082 0.8878 -0.4601
vn -0.0346 0.9984 0.0451
vn -0.0346 0.9984 0.0451
vn -0.0346 0.9984 0.0451
vn -0.0346 0.9984 0.0451
vn -0.2371 0.8129 0.5319
vn -0.2371 0.8129 0.5319
vn -0.2371 0.8129 0.5319
vn -0.2371 0.8129 0.5319
vn -0.6034 0.7935 0.0795
vn -0.6034 0.7935 0.0795
vn -0.6034 0.7935 0.0795
vn -0.6034 0.7935 0.0795
vn -0.5771 0.6938 -0.4308
vn -0.5771 0.6938 -0.4308
vn -0.5771 0.6938 -0.4308
vn -0.5771 0.6938 -0.4308
vn 0.2960 -0.8969 -0.3284
vn 0.2960 -0.8969 -0.3284
vn 0.2960 -0.8969 -0.3284
vn 0.2960 -0.8969 -0.3284
vn 0.7930 -0.0275 0.6086
vn 0.7930 -0.0275 0.6086
vn 0.7930 -0.0275 0.6086
vn 0.7930 -0.0275 0.6086
vn 0.2435 -0.5310 0.8116
vn 0.2435 -0.5310 0.8116
vn 0.2435 -0.5310 0.8116
vn 0.2435 -0.5310 0.8116
vn 0.3761 0.4262 0.8227
vn 0.3761 0.4262 0.8227
vn 0.3761 0.4262 0.8227
vn 0.3761 0.4262 0.8227
vn 0.1299 -0.0988 0.9866
vn 0.1299 -0.0988 0.9866
vn 0.1299 -0.0988 0.9866
vn 0.1299 -0.0988 0.9866
vn -0.3235 -0.3254 0.8885
vn -0.3235 -0.3254 0.8885
vn -0.3235 -0.3254 0.8885
vn -0.3235 -0.3254 0.8885
vn 0.1226 0.5235 0.8431
vn 0.1226 0.5235 0.8431
vn 0.1226 0.5235 0.8431
vn 0.1226 0.5235 0.8431
vn -0.0000 -0.7071 0.7071
vn -0.0000 -0.7071 0.7071
vn -0.0000 -0.7071 0.7071
vn -0.0000 -0.7071 0.7071
vn -0.1396 0.9869 0.0806
vn -0.1396 0.9869 0.0806
vn -0.1396 0.9869 0.0806
vn -0.1396 0.9869 0.0806
vn -0.2330 0.4353 0.8696
vn -0.2330 0.4353 0.8696
vn -0.2330 0.4353 0.8696
vn -0.2330 0.4353 0.8696
vn -0.0000 0.7071 0.7071
vn -0.0000 0.7071 0.7071
vn -0.0000 0.7071 0.7071
vn -0.0000 0.7071 0.7071
vn 0.8581 -0.4592 0.2299
vn 0.8581 -0.4592 0.2299
vn 0.8581 -0.4592 0.2299
vn 0.8581 -0.4592 0.2299
vn 0.4987 -0.0706 0.8639
vn 0.4987 -0.0706 0.8639
vn 0.4987 -0.0706 0.8639
vn 0.4987 -0.0706 0.8639
vn 0.0266 0.7938 -0.6076
vn 0.0266 0.7938 -0.6076
vn 0.0266 0.7938 -0.6076
vn 0.0200 0.8161 0.5775
vn 0.0200 0.8161 0.5775
vn 0.0200 0.8161 0.5775
vn -0.4092 0.8814 -0.2361
vn -0.4092 0.8814 -0.2361
vn -0.4092 0.8814 -0.2361
vn 0.4934 -0.8090 -0.3194
vn 0.4934 -0.8090 -0.3194
vn 0.4934 -0.8090 -0.3194
vn -0.0730 -0.3663 0.9276
vn -0.0730 -0.3663 0.9276
vn -0.0730 -0.3663 0.9276
vn 0.2505 0.2506 0.9351
vn 0.2505 0.2506 0.9351
vn 0.2505 0.2506 0.9351
vn -0.6391 0.4441 -0.6279
vn -0.6391 0.4441 -0.6279
vn -0.6391 0.4441 -0.6279
vn -0.6124 -0.4805 -0.6278
vn -0.6124 -0.4805 -0.6278
vn -0.6124 -0.4805 -0.6278
vn -0.0082 0.8878 -0.4601
vn -0.0082 0.8878 -0.4601
vn -0.0082 0.8878 -0.4601
vn -0.0082 0.8878 -0.4601
vn -0.0346 0.9984 0.0451
vn -0.0346 0.9984 0.0451
vn -0.0346 0.9984 0.0451
vn -0.0346 0.9984 0.0451
vn -0.2371 0.8129 0.5319
vn -0.2371 0.8129 0.5319
vn -0.2371 0.8129 0.5319
vn -0.2371 0.8129 0.5319
vn -0.6034 0.7935 0.0795
vn -0.6034 0.7935 0.0795
vn -0.6034 0.7935 0.0795
vn -0.6034 0.7935 0.0795
vn -0.5771 0.6938 -0.4308
vn -0.5771 0.6938 -0.4308
vn -0.5771 0.6938 -0.4308
vn -0.5771 0.6938 -0.4308
vn 0.2960 -0.8969 -0.3284
vn 0.2960 -0.8969 -0.3284
vn 0.2960 -0.8969 -0.3284
vn 0.2960 -0.8969 -0.3284
vn 0.7930 -0.0275 0.6086
vn 0.7930 -0.0275 0.6086
vn 0.7930 -0.0275 0.6086
vn 0.7930 -0.0275 0.6086
vn 0.2435 -0.5310 0.8116
vn 0.2435 -0.5310 0.8116
vn 0.2435 -0.5310 0.8116
vn 0.2435 -0.5310 0.8116
vn 0.3761 0.4262 0.8227
vn 0.3761 0.4262 0.8227
vn 0.3761 0.4262 0.8227
vn 0.3761 0.4262 0.8227
vn 0.1299 -0.0988 0.9866
vn 0.1299 -0.0988 0.9866
vn 0.1299 -0.0988 0.9866
vn 0.1299 -0.0988 0.9866
vn -0.3235 -0.3254 0.8885
vn -0.3235 -0.3254 0.8885
vn -0.3235 -0.3254 0.8885
vn -0.3235 -0.3254 0.8885
vn 0.1226 0.5235 0.8431
vn 0.1226 0.5235 0.8431
vn 0.1226 0.5235 0.8431
vn 0.1226 0.5235 0.8431
vn -0.0000 -0.7071 0.7071
vn -0.0000 -0.7071 0.7071
vn -0.0000 -0.7071 0.7071
vn -0.0000 -0.7071 0.7071
vn -0.1396 0.9869 0.0806
vn -0.1396 0.9869 0.0806
vn -0.1396 0.9869 0.0806
vn -0.1396 0.9869 0.0806
vn -0.2330 0.4353 0.8696
vn -0.2330 0.4353 0.8696
vn -0.2330 0.4353 0.8696
vn -0.2330 0.4353 0.8696
vn -0.0000 0.7071 0.7071
vn -0.0000 0.7071 0.7071
vn -0.0000 0.7071 0.7071
vn -0.0000 0.7071 0.7071
vn 0.8581 -0.4592 0.2299
vn 0.8581 -0.4592 0.2299
vn 0.8581 -0.4592 0.2299
vn 0.8581 -0.4592 0.2299
vn 0.4987 -0.0706 0.8639
vn 0.4987 -0.0706 0.8639
vn 0.4987 -0.0706 0.8639
vn 0.4987 -0.0706 0.8639
vn 0.0266 0.7938 -0.6076
vn 0.0266 0.7938 -0.6076
vn 0.0266 0.7938 -0.6076
vn 0.0200 0.8162 0.5775
vn 0.0200 0.8162 0.5775
vn 0.0200 0.8162 0.5775
vn -0.4092 0.8814 -0.2361
vn -0.4092 0.8814 -0.2361
vn -0.4092 0.8814 -0.2361
vn 0.4934 -0.8090 -0.3194
vn 0.4934 -0.8090 -0.3194
vn 0.4934 -0.8090 -0.3194
vn -0.0730 -0.3662 0.9276
vn -0.0730 -0.3662 0.9276
vn -0.0730 -0.3662 0.9276
vn 0.2506 0.2505 0.9351
vn 0.2506 0.2505 0.9351
vn 0.2506 0.2505 0.9351
vn -0.6391 0.4441 -0.6279
vn -0.6391 0.4441 -0.6279
vn -0.6391 0.4441 -0.6279
vn -0.6124 -0.4805 -0.6278
vn -0.6124 -0.4805 -0.6278
vn -0.6124 -0.4805 -0.6278
vn -0.0082 0.8878 -0.4601
vn -0.0082 0.8878 -0.4601
vn -0.0082 0.8878 -0.4601
vn -0.0082 0.8878 -0.4601
vn -0.0346 0.9984 0.0451
vn -0.0346 0.9984 0.0451
vn -0.0346 0.9984 0.0451
vn -0.0346 0.9984 0.0451
vn -0.2371 0.8129 0.5319
vn -0.2371 0.8129 0.5319
vn -0.2371 0.8129 0.5319
vn -0.2371 0.8129 0.5319
vn -0.6034 0.7935 0.0795
vn -0.6034 0.7935 0.0795
vn -0.6034 0.7935 0.0795
vn -0.6034 0.7935 0.0795
vn -0.5771 0.6938 -0.4308
vn -0.5771 0.6938 -0.4308
vn -0.5771 0.6938 -0.4308
vn -0.5771 0.6938 -0.4308
vn 0.2960 -0.8969 -0.3284
vn 0.2960 -0.8969 -0.3284
vn 0.2960 -0.8969 -0.3284
vn 0.2960 -0.8969 -0.3284
vn 0.7930 -0.0275 0.6086
vn 0.7930 -0.0275 0.6086
vn 0.7930 -0.0275 0.6086
vn 0.7930 -0.0275 0.6086
vn 0.2435 -0.5310 0.8116
vn 0.2435 -0.5310 0.8116
vn 0.2435 -0.5310 0.8116
vn 0.2435 -0.5310 0.8116
vn 0.3761 0.4262 0.8227
vn 0.3761 0.4262 0.8227
vn 0.3761 0.4262 0.8227
vn 0.3761 0.4262 0.8227
vn 0.1299 -0.0988 0.9866
vn 0.1299 -0.0988 0.9866
vn 0.1299 -0.0988 0.9866
vn 0.1299 -0.0988 0.9866
vn -0.3235 -0.3254 0.8885
vn -0.3235 -0.3254 0.8885
vn -0.3235 -0.3254 0.8885
vn -0.3235 -0.3254 0.8885
vn 0.1226 0.5235 0.8431
vn 0.1226 0.5235 0.8431
vn 0.1226 0.5235 0.8431
vn 0.1226 0.5235 0.8431
vn -0.0000 -0.7071 0.7071
vn -0.0000 -0.7071 0.7071
vn -0.0000 -0.7071 0.7071
vn -0.0000 -0.7071 0.7071
vn -0.1396 0.9869 0.0806
vn -0.1396 0.9869 0.0806
vn -0.1396 0.9869 0.0806
vn -0.1396 0.9869 0.0806
vn -0.2330 0.4353 0.8696
vn -0.2330 0.4353 0.8696
vn -0.2330 0.4353 0.8696
vn -0.2330 0.4353 0.8696
vn -0.0000 0.7071 0.7071
vn -0.0000 0.7071 0.7071
vn -0.0000 0.7071 0.7071
vn -0.0000 0.7071 0.7071
vn 0.8581 -0.4592 0.2299
vn 0.8581 -0.4592 0.2299
vn 0.8581 -0.4592 0.2299
vn 0.8581 -0.4592 0.2299
vn 0.4987 -0.0706 0.8639
vn 0.4987 -0.0706 0.8639
vn 0.4987 -0.0706 0.8639
vn 0.4987 -0.0706 0.8639
vn 0.0266 0.7938 -0.6076
vn 0.0266 0.7938 -0.6076
vn 0.0266 0.7938 -0.6076
vn 0.0200 0.8162 0.5775
vn 0.0200 0.8162 0.5775
vn 0.0200 0.8162 0.5775
vn -0.4092 0.8814 -0.2361
vn -0.4092 0.8814 -0.2361
vn -0.4092 0.8814 -0.2361
vn 0.4933 -0.8091 -0.3195
vn 0.4933 -0.8091 -0.3195
vn 0.4933 -0.8091 -0.3195
vn -0.0730 -0.3663 0.9276
vn -0.0730 -0.3663 0.9276
vn -0.0730 -0.3663 0.9276
vn 0.2505 0.2506 0.9351
vn 0.2505 0.2506 0.9351
vn 0.2505 0.2506 0.9351
vn -0.6391 0.4442 -0.6279
vn -0.6391 0.4442 -0.6279
vn -0.6391 0.4442 -0.6279
vn -0.6123 -0.4805 -0.6278
vn -0.6123 -0.4805 -0.6278
vn -0.6123 -0.4805 -0.6278
vn -0.0082 0.8878 -0.4601
vn -0.0082 0.8878 -0.4601
vn -0.0082 0.8878 -0.4601
vn -0.0082 0.8878 -0.4601
vn -0.0346 0.9984 0.0451
vn -0.0346 0.9984 0.0451
vn -0.0346 0.9984 0.0451
vn -0.0346 0.9984 0.0451
vn -0.2371 0.8129 0.5319
vn -0.2371 0.8129 0.5319
vn -0.2371 0.8129 0.5319
vn -0.2371 0.8129 0.5319
vn -0.6034 0.7935 0.0795
vn -0.6034 0.7935 0.0795
vn -0.6034 0.7935 0.0795
vn -0.6034 0.7935 0.0795
vn -0.5771 0.6938 -0.4308
vn -0.5771 0.6938 -0.4308
vn -0.5771 0.6938 -0.4308
vn -0.5771 0.6938 -0.4308
vn 0.2960 -0.8969 -0.3284
vn 0.2960 -0.8969 -0.3284
vn 0.2960 -0.8969 -0.3284
vn 0.2960 -0.8969 -0.3284
vn 0.7930 -0.0275 0.6086
vn 0.7930 -0.0275 0.6086
vn 0.7930 -0.0275 0.6086
vn 0.7930 -0.0275 0.6086
vn 0.2435 -0.5310 0.8116
vn 0.2435 -0.5310 0.8116
vn 0.2435 -0.5310 0.8116
vn 0.2435 -0.5310 0.8116
vn 0.3761 0.4262 0.8227
vn 0.3761 0.4262 0.8227
vn 0.3761 0.4262 0.8227
vn 0.3761 0.4262 0.8227
vn 0.1299 -0.0988 0.9866
vn 0.1299 -0.0988 0.9866
vn 0.1299 -0.0988 0.9866
vn 0.1299 -0.0988 0.9866
vn -0.3235 -0.3254 0.8885
vn -0.3235 -0.3254 0.8885
vn -0.3235 -0.3254 0.8885
vn -0.3235 -0.3254 0.8885
vn 0.1226 0.5235 0.8431
vn 0.1226 0.5235 0.8431
vn 0.1226 0.5235 0.8431
vn 0.1226 0.5235 0.8431
vn -0.0000 -0.7071 0.7071
vn -0.0000 -0.7071 0.7071
vn -0.0000 -0.7071 0.7071
vn -0.0000 -0.7071 0.7071
vn -0.1396 0.9869 0.0806
vn -0.1396 0.9869 0.0806
vn -0.1396 0.9869 0.0806
vn -0.1396 0.9869 0.0806
vn -0.2330 0.4353 0.8696
vn -0.2330 0.4353 0.8696
vn -0.2330 0.4353 0.8696
vn -0.2330 0.4353 0.8696
vn -0.0000 0.7071 0.7071
vn -0.0000 0.7071 0.7071
vn -0.0000 0.7071 0.7071
vn -0.0000 0.7071 0.7071
vn 0.8581 -0.4592 0.2299
vn 0.8581 -0.4592 0.2299
vn 0.8581 -0.4592 0.2299
vn 0.8581 -0.4592 0.2299
vn 0.4987 -0.0706 0.8639
vn 0.4987 -0.0706 0.8639
vn 0.4987 -0.0706 0.8639
vn 0.4987 -0.0706 0.8639
vn -0.0000 -0.7071 0.7071
vn -0.0000 -0.7071 0.7071
vn -0.0000 -0.7071 0.7071
vn -0.0000 -0.7071 0.7071
vn -0.0000 -0.7071 0.7071
vn 0.7769 0.1508 0.6112
vn 0.7769 0.1508 0.6112
vn 0.7769 0.1508 0.6112
vn 0.2097 0.0343 0.9772
vn 0.2097 0.0343 0.9772
vn 0.2097 0.0343 0.9772
vn 0.0062 0.9544 0.2984
vn 0.0062 0.9544 0.2984
vn 0.0062 0.9544 0.2984
vn -0.5937 0.7855 0.1744
vn -0.5937 0.7855 0.1744
vn -0.5937 0.7855 0.1744
vn -0.0000 -0.7071 0.7071
vn -0.0000 -0.7071 0.7071
vn -0.0000 -0.7071 0.7071
vn -0.0000 -0.7071 0.7071
vn -0.0000 -0.7071 0.7071
vn 0.7769 0.1508 0.6112
vn 0.7769 0.1508 0.6112
vn 0.7769 0.1508 0.6112
vn 0.2097 0.0343 0.9772
vn 0.2097 0.0343 0.9772
vn 0.2097 0.0343 0.9772
vn 0.0062 0.9544 0.2984
vn 0.0062 0.9544 0.2984
vn 0.0062 0.9544 0.2984
vn -0.5937 0.7855 0.1744
vn -0.5937 0.7855 0.1744
vn -0.5937 0.7855 0.1744
f 1475//1475 1477//1477 1476//1476
f 1478//1478 1480//1480 1479//1479
f 1481//1481 1483//1483 1482//1482
f 1484//1484 1486//1486 1485//1485
f 1487//1487 1489//1489 1488//1488
f 1490//1490 1492//1492 1491//1491
f 1493//1493 1495//1495 1494//1494
f 1496//1496 1498//1498 1497//1497
f 1499//1499 1501//1501 1500//1500
f 1499//1499 1500//1500 1502//1502
f 1503//1503 1505//1505 1504//1504
f 1503//1503 1504//1504 1506//1506
f 1507//1507 1509//1509 1508//1508
f 1507//1507 1508//1508 1510//1510
f 1511//1511 1513//1513 1512//1512
f 1511//1511 1512//1512 1514//1514
f 1515//1515 1517//1517 1516//1516
f 1515//1515 1516//1516 1518//1518
f 1519//1519 1521//1521 1520//1520
f 1519//1519 1520//1520 1522//1522
f 1523//1523 1525//1525 1524//1524
f 1523//1523 1524//1524 1526//1526
f 1527//1527 1529//1529 1528//1528
f 1527//1527 1528//1528 1530//1530
f 1531//1531 1533//1533 1532//1532
f 1531//1531 1532//1532 1534//1534
f 1535//1535 1537//1537 1536//1536
f 1535//1535 1536//1536 1538//1538
f 1539//1539 1541//1541 1540//1540
f 1539//1539 1540//1540 1542//1542
f 1543//1543 1545//1545 1544//1544
f 1543//1543 1544//1544 1546//1546
f 1547//1547 1549//1549 1548//1548
f 1547//1547 1548//1548 1550//1550
f 1551//1551 1553//1553 1552//1552
f 1551//1551 1552//1552 1554//1554
f 1555//1555 1557//1557 1556//1556
f 1555//1555 1556//1556 1558//1558
f 1559//1559 1561//1561 1560//1560
f 1559//1559 1560//1560 1562//1562
f 1563//1563 1565//1565 1564//1564
f 1563//1563 1564//1564 1566//1566
f 1567//1567 1569//1569 1568//1568
f 1567//1567 1568//1568 1570//1570
f 1571//1571 1573//1573 1572//1572
f 1574//1574 1576//1576 1575//1575
f 1577//1577 1579//1579 1578//1578
f 1580//1580 1582//1582 1581//1581
f 1583//1583 1585//1585 1584//1584
f 1586//1586 1588//1588 1587//1587
f 1589//1589 1591//1591 1590//1590
f 1592//1592 1594//1594 1593//1593
f 1595//1595 1597//1597 1596//1596
f 1595//1595 1596//1596 1598//1598
f 1599//1599 1601//1601 1600//1600
f 1599//1599 1600//1600 1602//1602
f 1603//1603 1605//1605 1604//1604
f 1603//1603 1604//1604 1606//1606
f 1607//1607 1609//1609 1608//1608
f 1607//1607 1608//1608 1610//1610
f 1611//1611 1613//1613 1612//1612
f 1611//1611 1612//1612 1614//1614
f 1615//1615 1617//1617 1616//1616
f 1615//1615 1616//1616 1618//1618
f 1619//1619 1621//1621 1620//1620
f 1619//1619 1620//1620 1622//1622
f 1623//1623 1625//1625 1624//1624
f 1623//1623 1624//1624 1626//1626
f 1627//1627 1629//1629 1628//1628
f 1627//1627 1628//1628 1630//1630
f 1631//1631 1633//1633 1632//1632
f 1631//1631 1632//1632 1634//1634
f 1635//1635 1637//1637 1636//1636
f 1635//1635 1636//1636 1638//1638
f 1639//1639 1641//1641 1640//1640
f 1639//1639 1640//1640 1642//1642
f 1643//1643 1645//1645 1644//1644
f 1643//1643 1644//1644 1646//1646
f 1647//1647 1649//1649 1648//1648
f 1647//1647 1648//1648 1650//1650
f 1651//1651 1653//1653 1652//1652
f 1651//1651 1652//1652 1654//1654
f 1655//1655 1657//1657 1656//1656
f 1655//1655 1656//1656 1658//1658
f 1659//1659 1661//1661 1660//1660
f 1659//1659 1660//1660 1662//1662
f 1663//1663 1665//1665 1664//1664
f 1663//1663 1664//1664 1666//1666
f 1667//1667 1669//1669 1668//1668
f 1670//1670 1672//1672 1671//1671
f 1673//1673 1675//1675 1674//1674
f 1676//1676 1678//1678 1677//1677
f 1679//1679 1681//1681 1680//1680
f 1682//1682 1684//1684 1683//1683
f 1685//1685 1687//1687 1686//1686
f 1688//1688 1690//1690 1689//1689
f 1691//1691 1693//1693 1692//1692
f 1691//1691 1692//1692 1694//1694
f 1695//1695 1697//1697 1696//1696
f 1695//1695 1696//1696 1698//1698
f 1699//1699 1701//1701 1700//1700
f 1699//1699 1700//1700 1702//1702
f 1703//1703 1705//1705 1704//1704
f 1703//1703 1704//1704 1706//1706
f 1707//1707 1709//1709 1708//1708
f 1707//1707 1708//1708 1710//1710
f 1711//1711 1713//1713 1712//1712
f 1711//1711 1712//1712 1714//1714
f 1715//1715 1717//1717 1716//1716
f 1715//1715 1716//1716 1718//1718
f 1719//1719 1721//1721 1720//1720
f 1719//1719 1720//1720 1722//1722
f 1723//1723 1725//1725 1724//1724
f 1723//1723 1724//1724 1726//1726
f 1727//1727 1729//1729 1728//1728
f 1727//1727 1728//1728 1730//1730
f 1731//1731 1733//1733 1732//1732
f 1731//1731 1732//1732 1734//1734
f 1735//1735 1737//1737 1736//1736
f 1735//1735 1736//1736 1738//1738
f 1739//1739 1741//1741 1740//1740
f 1739//1739 1740//1740 1742//1742
f 1743//1743 1745//1745 1744//1744
f 1743//1743 1744//1744 1746//1746
f 1747//1747 1749//1749 1748//1748
f 1747//1747 1748//1748 1750//1750
f 1751//1751 1753//1753 1752//1752
f 1751//1751 1752//1752 1754//1754
f 1755//1755 1757//1757 1756//1756
f 1755//1755 1756//1756 1758//1758
f 1759//1759 1761//1761 1760//1760
f 1759//1759 1760//1760 1762//1762
f 1763//1763 1765//1765 1764//1764
f 1766//1766 1768//1768 1767//1767
f 1769//1769 1771//1771 1770//1770
f 1772//1772 1774//1774 1773//1773
f 1775//1775 1777//1777 1776//1776
f 1778//1778 1780//1780 1779//1779
f 1781//1781 1783//1783 1782//1782
f 1784//1784 1786//1786 1785//1785
f 1787//1787 1789//1789 1788//1788
f 1787//1787 1788//1788 1790//1790
f 1791//1791 1793//1793 1792//1792
f 1791//1791 1792//1792 1794//1794
f 1795//1795 1797//1797 1796//1796
f 1795//1795 1796//1796 1798//1798
f 1799//1799 1801//1801 1800//1800
f 1799//1799 1800//1800 1802//1802
f 1803//1803 1805//1805 1804//1804
f 1803//1803 1804//1804 1806//1806
f 1807//1807 1809//1809 1808//1808
f 1807//1807 1808//1808 1810//1810
f 1811//1811 1813//1813 1812//1812
f 1811//1811 1812//1812 1814//1814
f 1815//1815 1817//1817 1816//1816
f 1815//1815 1816//1816 1818//1818
f 1819//1819 1821//1821 1820//1820
f 1819//1819 1820//1820 1822//1822
f 1823//1823 1825//1825 1824//1824
f 1823//1823 1824//1824 1826//1826
f 1827//1827 1829//1829 1828//1828
f 1827//1827 1828//1828 1830//1830
f 1831//1831 1833//1833 1832//1832
f 1831//1831 1832//1832 1834//1834
f 1835//1835 1837//1837 1836//1836
f 1835//1835 1836//1836 1838//1838
f 1839//1839 1841//1841 1840//1840
f 1839//1839 1840//1840 1842//1842
f 1843//1843 1845//1845 1844//1844
f 1843//1843 1844//1844 1846//1846
f 1847//1847 1849//1849 1848//1848
f 1847//1847 1848//1848 1850//1850
f 1851//1851 1853//1853 1852//1852
f 1851//1851 1852//1852 1854//1854
f 1855//1855 1857//1857 1856//1856
f 1855//1855 1856//1856 1858//1858
f 899//899 901//901 900//900
f 899//899 900//900 902//902
f 903//903 905//905 904//904
f 903//903 904//904 906//906
f 907//907 909//909 908//908
f 907//907 908//908 910//910
f 911//911 913//913 912//912
f 911//911 912//912 914//914
f 915//915 917//917 916//916
f 915//915 916//916 918//918
f 919//919 921//921 920//920
f 919//919 920//920 922//922
f 923//923 925//925 924//924
f 923//923 924//924 926//926
f 927//927 929//929 928//928
f 927//927 928//928 930//930
f 931//931 933//933 932//932
f 931//931 932//932 934//934
f 935//935 937//937 936//936
f 935//935 936//936 938//938
f 939//939 941//941 940//940
f 939//939 940//940 942//942
f 943//943 945//945 944//944
f 943//943 944//944 946//946
f 947//947 949//949 948//948
f 950//950 952//952 951//951
f 953//953 955//955 954//954
f 956//956 958//958 957//957
f 959//959 961//961 960//960
f 962//962 964//964 963//963
f 965//965 967//967 966//966
f 968//968 970//970 969//969
f 971//971 973//973 972//972
f 971//971 972//972 974//974
f 975//975 977//977 976//976
f 975//975 976//976 978//978
f 979//979 981//981 980//980
f 979//979 980//980 982//982
f 983//983 985//985 984//984
f 983//983 984//984 986//986
f 987//987 989//989 988//988
f 987//987 988//988 990//990
f 991//991 993//993 992//992
f 991//991 992//992 994//994
f 995//995 997//997 996//996
f 995//995 996//996 998//998
f 999//999 1001//1001 1000//1000
f 999//999 1000//1000 1002//1002
f 1003//1003 1005//1005 1004//1004
f 1003//1003 1004//1004 1006//1006
f 1007//1007 1009//1009 1008//1008
f 1007//1007 1008//1008 1010//1010
f 1011//1011 1013//1013 1012//1012
f 1011//1011 1012//1012 1014//1014
f 1015//1015 1017//1017 1016//1016
f 1015//1015 1016//1016 1018//1018
f 1019//1019 1021//1021 1020//1020
f 1019//1019 1020//1020 1022//1022
f 1023//1023 1025//1025 1024//1024
f 1023//1023 1024//1024 1026//1026
f 1027//1027 1029//1029 1028//1028
f 1027//1027 1028//1028 1030//1030
f 1031//1031 1033//1033 1032//1032
f 1031//1031 1032//1032 1034//1034
f 1035//1035 1037//1037 1036//1036
f 1035//1035 1036//1036 1038//1038
f 1039//1039 1041//1041 1040//1040
f 1039//1039 1040//1040 1042//1042
f 1859//1859 1861//1861 1860//1860
f 1862//1862 1864//1864 1863//1863
f 1865//1865 1867//1867 1866//1866
f 1868//1868 1870//1870 1869//1869
f 1871//1871 1873//1873 1872//1872
f 1874//1874 1876//1876 1875//1875
f 1877//1877 1879//1879 1878//1878
f 1880//1880 1882//1882 1881//1881
f 1883//1883 1885//1885 1884//1884
f 1883//1883 1884//1884 1886//1886
f 1887//1887 1889//1889 1888//1888
f 1887//1887 1888//1888 1890//1890
f 1891//1891 1893//1893 1892//1892
f 1891//1891 1892//1892 1894//1894
f 1895//1895 1897//1897 1896//1896
f 1895//1895 1896//1896 1898//1898
f 1899//1899 1901//1901 1900//1900
f 1899//1899 1900//1900 1902//1902
f 1903//1903 1905//1905 1904//1904
f 1903//1903 1904//1904 1906//1906
f 1907//1907 1909//1909 1908//1908
f 1907//1907 1908//1908 1910//1910
f 1911//1911 1913//1913 1912//1912
f 1911//1911 1912//1912 1914//1914
f 1915//1915 1917//1917 1916//1916
f 1915//1915 1916//1916 1918//1918
f 1919//1919 1921//1921 1920//1920
f 1919//1919 1920//1920 1922//1922
f 1923//1923 1925//1925 1924//1924
f 1923//1923 1924//1924 1926//1926
f 1927//1927 1929//1929 1928//1928
f 1927//1927 1928//1928 1930//1930
f 1931//1931 1933//1933 1932//1932
f 1931//1931 1932//1932 1934//1934
f 1935//1935 1937//1937 1936//1936
f 1935//1935 1936//1936 1938//1938
f 1939//1939 1941//1941 1940//1940
f 1939//1939 1940//1940 1942//1942
f 1943//1943 1945//1945 1944//1944
f 1943//1943 1944//1944 1946//1946
f 1947//1947 1949//1949 1948//1948
f 1947//1947 1948//1948 1950//1950
f 1951//1951 1953//1953 1952//1952
f 1951//1951 1952//1952 1954//1954
f 1043//1043 1045//1045 1044//1044
f 1046//1046 1048//1048 1047//1047
f 1049//1049 1051//1051 1050//1050
f 1052//1052 1054//1054 1053//1053
f 1055//1055 1057//1057 1056//1056
f 1058//1058 1060//1060 1059//1059
f 1061//1061 1063//1063 1062//1062
f 1064//1064 1066//1066 1065//1065
f 1067//1067 1069//1069 1068//1068
f 1067//1067 1068//1068 1070//1070
f 1071//1071 1073//1073 1072//1072
f 1071//1071 1072//1072 1074//1074
f 1075//1075 1077//1077 1076//1076
f 1075//1075 1076//1076 1078//1078
f 1079//1079 1081//1081 1080//1080
f 1079//1079 1080//1080 1082//1082
f 1083//1083 1085//1085 1084//1084
f 1083//1083 1084//1084 1086//1086
f 1087//1087 1089//1089 1088//1088
f 1087//1087 1088//1088 1090//1090
f 1091//1091 1093//1093 1092//1092
f 1091//1091 1092//1092 1094//1094
f 1095//1095 1097//1097 1096//1096
f 1095//1095 1096//1096 1098//1098
f 1099//1099 1101//1101 1100//1100
f 1099//1099 1100//1100 1102//1102
f 1103//1103 1105//1105 1104//1104
f 1103//1103 1104//1104 1106//1106
f 1107//1107 1109//1109 1108//1108
f 1107//1107 1108//1108 1110//1110
f 1111//1111 1113//1113 1112//1112
f 1111//1111 1112//1112 1114//1114
f 1115//1115 1117//1117 1116//1116
f 1115//1115 1116//1116 1118//1118
f 1119//1119 1121//1121 1120//1120
f 1119//1119 1120//1120 1122//1122
f 1123//1123 1125//1125 1124//1124
f 1123//1123 1124//1124 1126//1126
f 1127//1127 1129//1129 1128//1128
f 1127//1127 1128//1128 1130//1130
f 1131//1131 1133//1133 1132//1132
f 1131//1131 1132//1132 1134//1134
f 1135//1135 1137//1137 1136//1136
f 1135//1135 1136//1136 1138//1138
f 1955//1955 1957//1957 1956//1956
f 1958//1958 1960//1960 1959//1959
f 1961//1961 1963//1963 1962//1962
f 1964//1964 1966//1966 1965//1965
f 1967//1967 1969//1969 1968//1968
f 1970//1970 1972//1972 1971//1971
f 1973//1973 1975//1975 1974//1974
f 1976//1976 1978//1978 1977//1977
f 1979//1979 1981//1981 1980//1980
f 1979//1979 1980//1980 1982//1982
f 1983//1983 1985//1985 1984//1984
f 1983//1983 1984//1984 1986//1986
f 1987//1987 1989//1989 1988//1988
f 1987//1987 1988//1988 1990//1990
f 1991//1991 1993//1993 1992//1992
f 1991//1991 1992//1992 1994//1994
f 1995//1995 1997//1997 1996//1996
f 1995//1995 1996//1996 1998//1998
f 1999//1999 2001//2001 2000//2000
f 1999//1999 2000//2000 2002//2002
f 2003//2003 2005//2005 2004//2004
f 2003//2003 2004//2004 2006//2006
f 2007//2007 2009//2009 2008//2008
f 2007//2007 2008//2008 2010//2010
f 2011//2011 2013//2013 2012//2012
f 2011//2011 2012//2012 2014//2014
f 2015//2015 2017//2017 2016//2016
f 2015//2015 2016//2016 2018//2018
f 2019//2019 2021//2021 2020//2020
f 2019//2019 2020//2020 2022//2022
f 2023//2023 2025//2025 2024//2024
f 2023//2023 2024//2024 2026//2026
f 2027//2027 2029//2029 2028//2028
f 2027//2027 2028//2028 2030//2030
f 2031//2031 2033//2033 2032//2032
f 2031//2031 2032//2032 2034//2034
f 2035//2035 2037//2037 2036//2036
f 2035//2035 2036//2036 2038//2038
f 2039//2039 2041//2041 2040//2040
f 2039//2039 2040//2040 2042//2042
f 2043//2043 2045//2045 2044//2044
f 2043//2043 2044//2044 2046//2046
f 2047//2047 2049//2049 2048//2048
f 2047//2047 2048//2048 2050//2050
f 1139//1139 1141//1141 1140//1140
f 1142//1142 1144//1144 1143//1143
f 1145//1145 1147//1147 1146//1146
f 1148//1148 1150//1150 1149//1149
f 1151//1151 1153//1153 1152//1152
f 1154//1154 1156//1156 1155//1155
f 1157//1157 1159//1159 1158//1158
f 1160//1160 1162//1162 1161//1161
f 1163//1163 1165//1165 1164//1164
f 1163//1163 1164//1164 1166//1166
f 1167//1167 1169//1169 1168//1168
f 1167//1167 1168//1168 1170//1170
f 1171//1171 1173//1173 1172//1172
f 1171//1171 1172//1172 1174//1174
f 1175//1175 1177//1177 1176//1176
f 1175//1175 1176//1176 1178//1178
f 1179//1179 1181//1181 1180//1180
f 1179//1179 1180//1180 1182//1182
f 1183//1183 1185//1185 1184//1184
f 1183//1183 1184//1184 1186//1186
f 1187//1187 1189//1189 1188//1188
f 1187//1187 1188//1188 1190//1190
f 1191//1191 1193//1193 1192//1192
f 1191//1191 1192//1192 1194//1194
f 1195//1195 1197//1197 1196//1196
f 1195//1195 1196//1196 1198//1198
f 1199//1199 1201//1201 1200//1200
f 1199//1199 1200//1200 1202//1202
f 1203//1203 1205//1205 1204//1204
f 1203//1203 1204//1204 1206//1206
f 1207//1207 1209//1209 1208//1208
f 1207//1207 1208//1208 1210//1210
f 1211//1211 1213//1213 1212//1212
f 1211//1211 1212//1212 1214//1214
f 1215//1215 1217//1217 1216//1216
f 1215//1215 1216//1216 1218//1218
f 1219//1219 1221//1221 1220//1220
f 1219//1219 1220//1220 1222//1222
f 1223//1223 1225//1225 1224//1224
f 1223//1223 1224//1224 1226//1226
f 1227//1227 1229//1229 1228//1228
f 1227//1227 1228//1228 1230//1230
f 1231//1231 1233//1233 1232//1232
f 1231//1231 1232//1232 1234//1234
f 2051//2051 2053//2053 2052//2052
f 2054//2054 2056//2056 2055//2055
f 2057//2057 2059//2059 2058//2058
f 2060//2060 2062//2062 2061//2061
f 2063//2063 2065//2065 2064//2064
f 2066//2066 2068//2068 2067//2067
f 2069//2069 2071//2071 2070//2070
f 2072//2072 2074//2074 2073//2073
f 2075//2075 2077//2077 2076//2076
f 2075//2075 2076//2076 2078//2078
f 2079//2079 2081//2081 2080//2080
f 2079//2079 2080//2080 2082//2082
f 2083//2083 2085//2085 2084//2084
f 2083//2083 2084//2084 2086//2086
f 2087//2087 2089//2089 2088//2088
f 2087//2087 2088//2088 2090//2090
f 2091//2091 2093//2093 2092//2092
f 2091//2091 2092//2092 2094//2094
f 2095//2095 2097//2097 2096//2096
f 2095//2095 2096//2096 2098//2098
f 2099//2099 2101//2101 2100//2100
f 2099//2099 2100//2100 2102//2102
f 2103//2103 2105//2105 2104//2104
f 2103//2103 2104//2104 2106//2106
f 2107//2107 2109//2109 2108//2108
f 2107//2107 2108//2108 2110//2110
f 2111//2111 2113//2113 2112//2112
f 2111//2111 2112//2112 2114//2114
f 2115//2115 2117//2117 2116//2116
f 2115//2115 2116//2116 2118//2118
f 2119//2119 2121//2121 2120//2120
f 2119//2119 2120//2120 2122//2122
f 2123//2123 2125//2125 2124//2124
f 2123//2123 2124//2124 2126//2126
f 2127//2127 2129//2129 2128//2128
f 2127//2127 2128//2128 2130//2130
f 2131//2131 2133//2133 2132//2132
f 2131//2131 2132//2132 2134//2134
f 2135//2135 2137//2137 2136//2136
f 2135//2135 2136//2136 2138//2138
f 2139//2139 2141//2141 2140//2140
f 2139//2139 2140//2140 2142//2142
f 2143//2143 2145//2145 2144//2144
f 2143//2143 2144//2144 2146//2146
f 1235//1235 1237//1237 1236//1236
f 1238//1238 1240//1240 1239//1239
f 1241//1241 1243//1243 1242//1242
f 1244//1244 1246//1246 1245//1245
f 1247//1247 1249//1249 1248//1248
f 1250//1250 1252//1252 1251//1251
f 1253//1253 1255//1255 1254//1254
f 1256//1256 1258//1258 1257//1257
f 1259//1259 1261//1261 1260//1260
f 1259//1259 1260//1260 1262//1262
f 1263//1263 1265//1265 1264//1264
f 1263//1263 1264//1264 1266//1266
f 1267//1267 1269//1269 1268//1268
f 1267//1267 1268//1268 1270//1270
f 1271//1271 1273//1273 1272//1272
f 1271//1271 1272//1272 1274//1274
f 1275//1275 1277//1277 1276//1276
f 1275//1275 1276//1276 1278//1278
f 1279//1279 1281//1281 1280//1280
f 1279//1279 1280//1280 1282//1282
f 1283//1283 1285//1285 1284//1284
f 1283//1283 1284//1284 1286//1286
f 1287//1287 1289//1289 1288//1288
f 1287//1287 1288//1288 1290//1290
f 1291//1291 1293//1293 1292//1292
f 1291//1291 1292//1292 1294//1294
f 1295//1295 1297//1297 1296//1296
f 1295//1295 1296//1296 1298//1298
f 1299//1299 1301//1301 1300//1300
f 1299//1299 1300//1300 1302//1302
f 1303//1303 1305//1305 1304//1304
f 1303//1303 1304//1304 1306//1306
f 1307//1307 1309//1309 1308//1308
f 1307//1307 1308//1308 1310//1310
f 1311//1311 1313//1313 1312//1312
f 1311//1311 1312//1312 1314//1314
f 1315//1315 1317//1317 1316//1316
f 1315//1315 1316//1316 1318//1318
f 1319//1319 1321//1321 1320//1320
f 1319//1319 1320//1320 1322//1322
f 1323//1323 1325//1325 1324//1324
f 1323//1323 1324//1324 1326//1326
f 1327//1327 1329//1329 1328//1328
f 1327//1327 1328//1328 1330//1330
f 2147//2147 2149//2149 2148//2148
f 2150//2150 2152//2152 2151//2151
f 2153//2153 2155//2155 2154//2154
f 2156//2156 2158//2158 2157//2157
f 2159//2159 2161//2161 2160//2160
f 2162//2162 2164//2164 2163//2163
f 2165//2165 2167//2167 2166//2166
f 2168//2168 2170//2170 2169//2169
f 2171//2171 2173//2173 2172//2172
f 2171//2171 2172//2172 2174//2174
f 2175//2175 2177//2177 2176//2176
f 2175//2175 2176//2176 2178//2178
f 2179//2179 2181//2181 2180//2180
f 2179//2179 2180//2180 2182//2182
f 2183//2183 2185//2185 2184//2184
f 2183//2183 2184//2184 2186//2186
f 2187//2187 2189//2189 2188//2188
f 2187//2187 2188//2188 2190//2190
f 2191//2191 2193//2193 2192//2192
f 2191//2191 2192//2192 2194//2194
f 2195//2195 2197//2197 2196//2196
f 2195//2195 2196//2196 2198//2198
f 2199//2199 2201//2201 2200//2200
f 2199//2199 2200//2200 2202//2202
f 2203//2203 2205//2205 2204//2204
f 2203//2203 2204//2204 2206//2206
f 2207//2207 2209//2209 2208//2208
f 2207//2207 2208//2208 2210//2210
f 2211//2211 2213//2213 2212//2212
f 2211//2211 2212//2212 2214//2214
f 2215//2215 2217//2217 2216//2216
f 2215//2215 2216//2216 2218//2218
f 2219//2219 2221//2221 2220//2220
f 2219//2219 2220//2220 2222//2222
f 2223//2223 2225//2225 2224//2224
f 2223//2223 2224//2224 2226//2226
f 2227//2227 2229//2229 2228//2228
f 2227//2227 2228//2228 2230//2230
f 2231//2231 2233//2233 2232//2232
f 2231//2231 2232//2232 2234//2234
f 2235//2235 2237//2237 2236//2236
f 2235//2235 2236//2236 2238//2238
f 2239//2239 2241//2241 2240//2240
f 2239//2239 2240//2240 2242//2242
f 707//707 709//709 708//708
f 710//710 712//712 711//711
f 713//713 715//715 714//714
f 716//716 718//718 717//717
f 719//719 721//721 720//720
f 722//722 724//724 723//723
f 725//725 727//727 726//726
f 728//728 730//730 729//729
f 731//731 733//733 732//732
f 731//731 732//732 734//734
f 735//735 737//737 736//736
f 735//735 736//736 738//738
f 739//739 741//741 740//740
f 739//739 740//740 742//742
f 743//743 745//745 744//744
f 743//743 744//744 746//746
f 747//747 749//749 748//748
f 747//747 748//748 750//750
f 751//751 753//753 752//752
f 751//751 752//752 754//754
f 755//755 757//757 756//756
f 755//755 756//756 758//758
f 759//759 761//761 760//760
f 759//759 760//760 762//762
f 763//763 765//765 764//764
f 763//763 764//764 766//766
f 767//767 769//769 768//768
f 767//767 768//768 770//770
f 771//771 773//773 772//772
f 771//771 772//772 774//774
f 775//775 777//777 776//776
f 775//775 776//776 778//778
f 779//779 781//781 780//780
f 779//779 780//780 782//782
f 783//783 785//785 784//784
f 783//783 784//784 786//786
f 787//787 789//789 788//788
f 787//787 788//788 790//790
f 791//791 793//793 792//792
f 791//791 792//792 794//794
f 795//795 797//797 796//796
f 795//795 796//796 798//798
f 799//799 801//801 800//800
f 799//799 800//800 802//802
f 803//803 805//805 804//804
f 806//806 808//808 807//807
f 809//809 811//811 810//810
f 812//812 814//814 813//813
f 815//815 817//817 816//816
f 818//818 820//820 819//819
f 821//821 823//823 822//822
f 824//824 826//826 825//825
f 827//827 829//829 828//828
f 827//827 828//828 830//830
f 831//831 833//833 832//832
f 831//831 832//832 834//834
f 835//835 837//837 836//836
f 835//835 836//836 838//838
f 839//839 841//841 840//840
f 839//839 840//840 842//842
f 843//843 845//845 844//844
f 843//843 844//844 846//846
f 847//847 849//849 848//848
f 847//847 848//848 850//850
f 851//851 853//853 852//852
f 851//851 852//852 854//854
f 855//855 857//857 856//856
f 855//855 856//856 858//858
f 859//859 861//861 860//860
f 859//859 860//860 862//862
f 863//863 865//865 864//864
f 863//863 864//864 866//866
f 867//867 869//869 868//868
f 867//867 868//868 870//870
f 871//871 873//873 872//872
f 871//871 872//872 874//874
f 875//875 877//877 876//876
f 875//875 876//876 878//878
f 879//879 881//881 880//880
f 879//879 880//880 882//882
f 883//883 885//885 884//884
f 883//883 884//884 886//886
f 887//887 889//889 888//888
f 887//887 888//888 890//890
f 891//891 893//893 892//892
f 891//891 892//892 894//894
f 895//895 897//897 896//896
f 895//895 896//896 898//898
f 1331//1331 1333//1333 1332//1332
f 1334//1334 1336//1336 1335//1335
f 1337//1337 1339//1339 1338//1338
f 1340//1340 1342//1342 1341//1341
f 1343//1343 1345//1345 1344//1344
f 1346//1346 1348//1348 1347//1347
f 1349//1349 1351//1351 1350//1350
f 1352//1352 1354//1354 1353//1353
f 1355//1355 1357//1357 1356//1356
f 1355//1355 1356//1356 1358//1358
f 1359//1359 1361//1361 1360//1360
f 1359//1359 1360//1360 1362//1362
f 1363//1363 1365//1365 1364//1364
f 1363//1363 1364//1364 1366//1366
f 1367//1367 1369//1369 1368//1368
f 1367//1367 1368//1368 1370//1370
f 1371//1371 1373//1373 1372//1372
f 1371//1371 1372//1372 1374//1374
f 1375//1375 1377//1377 1376//1376
f 1375//1375 1376//1376 1378//1378
f 1379//1379 1381//1381 1380//1380
f 1379//1379 1380//1380 1382//1382
f 1383//1383 1385//1385 1384//1384
f 1383//1383 1384//1384 1386//1386
f 1387//1387 1389//1389 1388//1388
f 1387//1387 1388//1388 1390//1390
f 1391//1391 1393//1393 1392//1392
f 1391//1391 1392//1392 1394//1394
f 1395//1395 1397//1397 1396//1396
f 1395//1395 1396//1396 1398//1398
f 1399//1399 1401//1401 1400//1400
f 1399//1399 1400//1400 1402//1402
f 1403//1403 1405//1405 1404//1404
f 1403//1403 1404//1404 1406//1406
f 1407//1407 1409//1409 1408//1408
f 1407//1407 1408//1408 1410//1410
f 1411//1411 1413//1413 1412//1412
f 1411//1411 1412//1412 1414//1414
f 1415//1415 1417//1417 1416//1416
f 1415//1415 1416//1416 1418//1418
f 1419//1419 1421//1421 1420//1420
f 1419//1419 1420//1420 1422//1422
f 1423//1423 1425//1425 1424//1424
f 1423//1423 1424//1424 1426//1426
f 1427//1427 1429//1429 1428//1428
f 1427//1427 1428//1428 1430//1430
f 1431//1431 1433//1433 1432//1432
f 1431//1431 1432//1432 1434//1434
f 1435//1435 1437//1437 1436//1436
f 1435//1435 1436//1436 1438//1438
f 1439//1439 1441//1441 1440//1440
f 1439//1439 1440//1440 1442//1442
f 1443//1443 1445//1445 1444//1444
f 1443//1443 1444//1444 1446//1446
f 1447//1447 1449//1449 1448//1448
f 1447//1447 1448//1448 1450//1450
f 2243//2243 2245//2245 2244//2244
f 2243//2243 2244//2244 2246//2246
f 2243//2243 2247//2247 2245//2245
f 2243//2243 2246//2246 2247//2247
f 2248//2248 2250//2250 2249//2249
f 2251//2251 2253//2253 2252//2252
f 2254//2254 2256//2256 2255//2255
f 2257//2257 2259//2259 2258//2258
f 2260//2260 2262//2262 2261//2261
f 2260//2260 2261//2261 2263//2263
f 2260//2260 2264//2264 2262//2262
f 2260//2260 2263//2263 2264//2264
f 2265//2265 2267//2267 2266//2266
f 2268//2268 2270//2270 2269//2269
f 2271//2271 2273//2273 2272//2272
f 2274//2274 2276//2276 2275//2275
f 1451//1451 1453//1453 1452//1452
f 1451//1451 1452//1452 1454//1454
f 1455//1455 1457//1457 1456//1456
f 1455//1455 1456//1456 1458//1458
f 1459//1459 1461//1461 1460//1460
f 1459//1459 1460//1460 1462//1462
f 1463//1463 1465//1465 1464//1464
f 1463//1463 1464//1464 1466//1466
f 1467//1467 1469//1469 1468//1468
f 1467//1467 1468//1468 1470//1470
f 1471//1471 1473//1473 1472//1472
f 1471//1471 1472//1472 1474//1474
g core_black
usemtl black
v -0.05958 0.21375 0.04118
v -0.06418 0.22125 0.03733
v -0.05958 0.22125 0.04118
v -0.06418 0.21375 0.03733
v -0.06418 0.21375 0.03733
v -0.05936 0.22125 0.03158
v -0.06418 0.22125 0.03733
v -0.05936 0.21375 0.03158
v -0.05936 0.21375 0.03158
v -0.05476 0.22125 0.03544
v -0.05936 0.22125 0.03158
v -0.05476 0.21375 0.03544
v -0.05476 0.21375 0.03544
v -0.05958 0.22125 0.04118
v -0.05476 0.22125 0.03544
v -0.05958 0.21375 0.04118
v -0.06418 0.21375 0.03733
v -0.05476 0.21375 0.03544
v -0.05936 0.21375 0.03158
v -0.05958 0.21375 0.04118
v -0.05936 0.22125 0.03158
v -0.05958 0.22125 0.04118
v -0.06418 0.22125 0.03733
v -0.05476 0.22125 0.03544
v -0.02487 0.21375 -0.00018
v -0.02947 0.22125 -0.00404
v -0.02487 0.22125 -0.00018
v -0.02947 0.21375 -0.00404
v -0.02947 0.21375 -0.00404
v -0.02465 0.22125 -0.00978
v -0.02947 0.22125 -0.00404
v -0.02465 0.21375 -0.00978
v -0.02465 0.21375 -0.00978
v -0.02005 0.22125 -0.00593
v -0.02465 0.22125 -0.00978
v -0.02005 0.21375 -0.00593
v -0.02005 0.21375 -0.00593
v -0.02487 0.22125 -0.00018
v -0.02005 0.22125 -0.00593
v -0.02487 0.21375 -0.00018
v -0.02947 0.21375 -0.00404
v -0.02005 0.21375 -0.00593
v -0.02465 0.21375 -0.00978
v -0.02487 0.21375 -0.00018
v -0.02465 0.22125 -0.00978
v -0.02487 0.22125 -0.00018
v -0.02947 0.22125 -0.00404
v -0.02005 0.22125 -0.00593
v 0.08187 0.21375 0.18311
v 0.08487 0.22125 0.17791
v 0.08187 0.22125 0.18311
v 0.08487 0.21375 0.17791
v 0.08487 0.21375 0.17791
v 0.09136 0.22125 0.18166
v 0.08487 0.22125 0.17791
v 0.09136 0.21375 0.18166
v 0.09136 0.21375 0.18166
v 0.08836 0.22125 0.18685
v 0.09136 0.22125 0.18166
v 0.08836 0.21375 0.18685
v 0.08836 0.21375 0.18685
v 0.08187 0.22125 0.18311
v 0.08836 0.22125 0.18685
v 0.08187 0.21375 0.18311
v 0.08487 0.21375 0.17791
v 0.08836 0.21375 0.18685
v 0.09136 0.21375 0.18166
v 0.08187 0.21375 0.18311
v 0.09136 0.22125 0.18166
v 0.08187 0.22125 0.18311
v 0.08487 0.22125 0.17791
v 0.08836 0.22125 0.18685
v 0.12863 0.21375 0.21011
v 0.13163 0.22125 0.20491
v 0.12863 0.22125 0.21011
v 0.13163 0.21375 0.20491
v 0.13163 0.21375 0.20491
v 0.13813 0.22125 0.20866
v 0.13163 0.22125 0.20491
v 0.13813 0.21375 0.20866
v 0.13813 0.21375 0.20866
v 0.13513 0.22125 0.21386
v 0.13813 0.22125 0.20866
v 0.13513 0.21375 0.21386
v 0.13513 0.21375 0.21386
v 0.12863 0.22125 0.21011
v 0.13513 0.22125 0.21386
v 0.12863 0.21375 0.21011
v 0.13163 0.21375 0.20491
v 0.13513 0.21375 0.21386
v 0.13813 0.21375 0.20866
v 0.12863 0.21375 0.21011
v 0.13813 0.22125 0.20866
v 0.12863 0.22125 0.21011
v 0.13163 0.22125 0.20491
v 0.13513 0.22125 0.21386
vn -0.2566 0.6615 0.7047
vn -0.2566 0.6615 0.7047
vn -0.2566 0.6615 0.7047
vn -0.2566 0.6615 0.7047
vn -0.2433 0.9633 0.1134
vn -0.2433 0.9633 0.1134
vn -0.2433 0.9633 0.1134
vn -0.2433 0.9633 0.1134
vn 0.8829 -0.3424 0.3214
vn 0.8829 -0.3424 0.3214
vn 0.8829 -0.3424 0.3214
vn 0.8829 -0.3424 0.3214
vn 0.4202 -0.1061 0.9012
vn 0.4202 -0.1061 0.9012
vn 0.4202 -0.1061 0.9012
vn 0.4202 -0.1061 0.9012
vn -0.0000 -0.7071 0.7071
vn -0.0000 -0.7071 0.7071
vn -0.0000 -0.7071 0.7071
vn -0.0000 -0.7071 0.7071
vn -0.0000 0.7071 0.7071
vn -0.0000 0.7071 0.7071
vn -0.0000 0.7071 0.7071
vn -0.0000 0.7071 0.7071
vn -0.2566 0.6615 0.7047
vn -0.2566 0.6615 0.7047
vn -0.2566 0.6615 0.7047
vn -0.2566 0.6615 0.7047
vn -0.2433 0.9633 0.1134
vn -0.2433 0.9633 0.1134
vn -0.2433 0.9633 0.1134
vn -0.2433 0.9633 0.1134
vn 0.8829 -0.3424 0.3214
vn 0.8829 -0.3424 0.3214
vn 0.8829 -0.3424 0.3214
vn 0.8829 -0.3424 0.3214
vn 0.4202 -0.1061 0.9012
vn 0.4202 -0.1061 0.9012
vn 0.4202 -0.1061 0.9012
vn 0.4202 -0.1061 0.9012
vn -0.0000 -0.7071 0.7071
vn -0.0000 -0.7071 0.7071
vn -0.0000 -0.7071 0.7071
vn -0.0000 -0.7071 0.7071
vn -0.0000 0.7071 0.7071
vn -0.0000 0.7071 0.7071
vn -0.0000 0.7071 0.7071
vn -0.0000 0.7071 0.7071
vn -0.1396 0.9869 0.0806
vn -0.1396 0.9869 0.0806
vn -0.1396 0.9869 0.0806
vn -0.1396 0.9869 0.0806
vn 0.8581 -0.4592 0.2299
vn 0.8581 -0.4592 0.2299
vn 0.8581 -0.4592 0.2299
vn 0.8581 -0.4592 0.2299
vn 0.4987 -0.0706 0.8639
vn 0.4987 -0.0706 0.8639
vn 0.4987 -0.0706 0.8639
vn 0.4987 -0.0706 0.8639
vn -0.2330 0.4353 0.8696
vn -0.2330 0.4353 0.8696
vn -0.2330 0.4353 0.8696
vn -0.2330 0.4353 0.8696
vn -0.0000 -0.7071 0.7071
vn -0.0000 -0.7071 0.7071
vn -0.0000 -0.7071 0.7071
vn -0.0000 -0.7071 0.7071
vn -0.0000 0.7071 0.7071
vn -0.0000 0.7071 0.7071
vn -0.0000 0.7071 0.7071
vn -0.0000 0.7071 0.7071
vn -0.1396 0.9869 0.0806
vn -0.1396 0.9869 0.0806
vn -0.1396 0.9869 0.0806
vn -0.1396 0.9869 0.0806
vn 0.8581 -0.4592 0.2299
vn 0.8581 -0.4592 0.2299
vn 0.8581 -0.4592 0.2299
vn 0.8581 -0.4592 0.2299
vn 0.4987 -0.0706 0.8639
vn 0.4987 -0.0706 0.8639
vn 0.4987 -0.0706 0.8639
vn 0.4987 -0.0706 0.8639
vn -0.2330 0.4353 0.8696
vn -0.2330 0.4353 0.8696
vn -0.2330 0.4353 0.8696
vn -0.2330 0.4353 0.8696
vn -0.0000 -0.7071 0.7071
vn -0.0000 -0.7071 0.7071
vn -0.0000 -0.7071 0.7071
vn -0.0000 -0.7071 0.7071
vn -0.0000 0.7071 0.7071
vn -0.0000 0.7071 0.7071
vn -0.0000 0.7071 0.7071
vn -0.0000 0.7071 0.7071
f 2277//2277 2279//2279 2278//2278
f 2277//2277 2278//2278 2280//2280
f 2281//2281 2283//2283 2282//2282
f 2281//2281 2282//2282 2284//2284
f 2285//2285 2287//2287 2286//2286
f 2285//2285 2286//2286 2288//2288
f 2289//2289 2291//2291 2290//2290
f 2289//2289 2290//2290 2292//2292
f 2293//2293 2295//2295 2294//2294
f 2293//2293 2294//2294 2296//2296
f 2297//2297 2299//2299 2298//2298
f 2297//2297 2298//2298 2300//2300
f 2301//2301 2303//2303 2302//2302
f 2301//2301 2302//2302 2304//2304
f 2305//2305 2307//2307 2306//2306
f 2305//2305 2306//2306 2308//2308
f 2309//2309 2311//2311 2310//2310
f 2309//2309 2310//2310 2312//2312
f 2313//2313 2315//2315 2314//2314
f 2313//2313 2314//2314 2316//2316
f 2317//2317 2319//2319 2318//2318
f 2317//2317 2318//2318 2320//2320
f 2321//2321 2323//2323 2322//2322
f 2321//2321 2322//2322 2324//2324
f 2325//2325 2327//2327 2326//2326
f 2325//2325 2326//2326 2328//2328
f 2329//2329 2331//2331 2330//2330
f 2329//2329 2330//2330 2332//2332
f 2333//2333 2335//2335 2334//2334
f 2333//2333 2334//2334 2336//2336
f 2337//2337 2339//2339 2338//2338
f 2337//2337 2338//2338 2340//2340
f 2341//2341 2343//2343 2342//2342
f 2341//2341 2342//2342 2344//2344
f 2345//2345 2347//2347 2346//2346
f 2345//2345 2346//2346 2348//2348
f 2349//2349 2351//2351 2350//2350
f 2349//2349 2350//2350 2352//2352
f 2353//2353 2355//2355 2354//2354
f 2353//2353 2354//2354 2356//2356
f 2357//2357 2359//2359 2358//2358
f 2357//2357 2358//2358 2360//2360
f 2361//2361 2363//2363 2362//2362
f 2361//2361 2362//2362 2364//2364
f 2365//2365 2367//2367 2366//2366
f 2365//2365 2366//2366 2368//2368
f 2369//2369 2371//2371 2370//2370
f 2369//2369 2370//2370 2372//2372
g core_leather
usemtl leather
v -0.18456 0.16125 -0.03040
v -0.18697 0.16500 -0.02752
v -0.18169 0.16500 -0.02799
v -0.18169 0.17250 -0.02799
v -0.18697 0.17250 -0.02752
v -0.18456 0.17625 -0.03040
v -0.24776 0.16125 -0.08343
v -0.25063 0.16500 -0.08584
v -0.25017 0.16500 -0.08055
v -0.24776 0.17625 -0.08343
v -0.25017 0.17250 -0.08055
v -0.25063 0.17250 -0.08584
v -0.11225 0.16125 -0.11658
v -0.10937 0.16500 -0.11417
v -0.10984 0.16500 -0.11945
v -0.11225 0.17625 -0.11658
v -0.10984 0.17250 -0.11945
v -0.10937 0.17250 -0.11417
v -0.17545 0.16125 -0.16961
v -0.17303 0.16500 -0.17248
v -0.17832 0.16500 -0.17202
v -0.17545 0.17625 -0.16961
v -0.17832 0.17250 -0.17202
v -0.17303 0.17250 -0.17248
v -0.24776 0.16125 -0.08343
v -0.18697 0.16500 -0.02752
v -0.18456 0.16125 -0.03040
v -0.25017 0.16500 -0.08055
v -0.18169 0.16500 -0.02799
v -0.18697 0.17250 -0.02752
v -0.18169 0.17250 -0.02799
v -0.18697 0.16500 -0.02752
v -0.18456 0.17625 -0.03040
v -0.25017 0.17250 -0.08055
v -0.24776 0.17625 -0.08343
v -0.18697 0.17250 -0.02752
v -0.25063 0.17250 -0.08584
v -0.25017 0.16500 -0.08055
v -0.25063 0.16500 -0.08584
v -0.25017 0.17250 -0.08055
v -0.17545 0.16125 -0.16961
v -0.25063 0.16500 -0.08584
v -0.24776 0.16125 -0.08343
v -0.17832 0.16500 -0.17202
v -0.24776 0.17625 -0.08343
v -0.17832 0.17250 -0.17202
v -0.17545 0.17625 -0.16961
v -0.25063 0.17250 -0.08584
v -0.17303 0.17250 -0.17248
v -0.17832 0.16500 -0.17202
v -0.17303 0.16500 -0.17248
v -0.17832 0.17250 -0.17202
v -0.11225 0.16125 -0.11658
v -0.17303 0.16500 -0.17248
v -0.17545 0.16125 -0.16961
v -0.10984 0.16500 -0.11945
v -0.17545 0.17625 -0.16961
v -0.10984 0.17250 -0.11945
v -0.11225 0.17625 -0.11658
v -0.17303 0.17250 -0.17248
v -0.10937 0.17250 -0.11417
v -0.10984 0.16500 -0.11945
v -0.10937 0.16500 -0.11417
v -0.10984 0.17250 -0.11945
v -0.18456 0.16125 -0.03040
v -0.10937 0.16500 -0.11417
v -0.11225 0.16125 -0.11658
v -0.18169 0.16500 -0.02799
v -0.11225 0.17625 -0.11658
v -0.18169 0.17250 -0.02799
v -0.18456 0.17625 -0.03040
v -0.10937 0.17250 -0.11417
v -0.24776 0.16125 -0.08343
v -0.11225 0.16125 -0.11658
v -0.17545 0.16125 -0.16961
v -0.18456 0.16125 -0.03040
v -0.18697 0.16500 -0.02752
v -0.25017 0.17250 -0.08055
v -0.18697 0.17250 -0.02752
v -0.25017 0.16500 -0.08055
v -0.10937 0.16500 -0.11417
v -0.18169 0.17250 -0.02799
v -0.10937 0.17250 -0.11417
v -0.18169 0.16500 -0.02799
v -0.17545 0.17625 -0.16961
v -0.18456 0.17625 -0.03040
v -0.24776 0.17625 -0.08343
v -0.11225 0.17625 -0.11658
v -0.25063 0.16500 -0.08584
v -0.17832 0.17250 -0.17202
v -0.25063 0.17250 -0.08584
v -0.17832 0.16500 -0.17202
v -0.17303 0.16500 -0.17248
v -0.10984 0.17250 -0.11945
v -0.17303 0.17250 -0.17248
v -0.10984 0.16500 -0.11945
v 0.13066 0.16125 0.04760
v 0.12741 0.16500 0.04572
v 0.12878 0.16500 0.05084
v 0.12878 0.17250 0.05084
v 0.12741 0.17250 0.04572
v 0.13066 0.17625 0.04760
v 0.17190 0.16125 -0.02385
v 0.17378 0.16500 -0.02710
v 0.16866 0.16500 -0.02573
v 0.17190 0.17625 -0.02385
v 0.16866 0.17250 -0.02573
v 0.17378 0.17250 -0.02710
v 0.22809 0.16125 0.10385
v 0.22621 0.16500 0.10710
v 0.23133 0.16500 0.10572
v 0.22809 0.17625 0.10385
v 0.23133 0.17250 0.10572
v 0.22621 0.17250 0.10710
v 0.26934 0.16125 0.03240
v 0.27259 0.16500 0.03428
v 0.27121 0.16500 0.02915
v 0.26934 0.17625 0.03240
v 0.27121 0.17250 0.02915
v 0.27259 0.17250 0.03428
v 0.17190 0.16125 -0.02385
v 0.12741 0.16500 0.04572
v 0.13066 0.16125 0.04760
v 0.16866 0.16500 -0.02573
v 0.12878 0.16500 0.05084
v 0.12741 0.17250 0.04572
v 0.12878 0.17250 0.05084
v 0.12741 0.16500 0.04572
v 0.13066 0.17625 0.04760
v 0.16866 0.17250 -0.02573
v 0.17190 0.17625 -0.02385
v 0.12741 0.17250 0.04572
v 0.17378 0.17250 -0.02710
v 0.16866 0.16500 -0.02573
v 0.17378 0.16500 -0.02710
v 0.16866 0.17250 -0.02573
v 0.26934 0.16125 0.03240
v 0.17378 0.16500 -0.02710
v 0.17190 0.16125 -0.02385
v 0.27121 0.16500 0.02915
v 0.17190 0.17625 -0.02385
v 0.27121 0.17250 0.02915
v 0.26934 0.17625 0.03240
v 0.17378 0.17250 -0.02710
v 0.27259 0.17250 0.03428
v 0.27121 0.16500 0.02915
v 0.27259 0.16500 0.03428
v 0.27121 0.17250 0.02915
v 0.22809 0.16125 0.10385
v 0.27259 0.16500 0.03428
v 0.26934 0.16125 0.03240
v 0.23133 0.16500 0.10572
v 0.26934 0.17625 0.03240
v 0.23133 0.17250 0.10572
v 0.22809 0.17625 0.10385
v 0.27259 0.17250 0.03428
v 0.22621 0.17250 0.10710
v 0.23133 0.16500 0.10572
v 0.22621 0.16500 0.10710
v 0.23133 0.17250 0.10572
v 0.13066 0.16125 0.04760
v 0.22621 0.16500 0.10710
v 0.22809 0.16125 0.10385
v 0.12878 0.16500 0.05084
v 0.22809 0.17625 0.10385
v 0.12878 0.17250 0.05084
v 0.13066 0.17625 0.04760
v 0.22621 0.17250 0.10710
v 0.17190 0.16125 -0.02385
v 0.22809 0.16125 0.10385
v 0.26934 0.16125 0.03240
v 0.13066 0.16125 0.04760
v 0.12741 0.16500 0.04572
v 0.16866 0.17250 -0.02573
v 0.12741 0.17250 0.04572
v 0.16866 0.16500 -0.02573
v 0.22621 0.16500 0.10710
v 0.12878 0.17250 0.05084
v 0.22621 0.17250 0.10710
v 0.12878 0.16500 0.05084
v 0.26934 0.17625 0.03240
v 0.13066 0.17625 0.04760
v 0.17190 0.17625 -0.02385
v 0.22809 0.17625 0.10385
v 0.17378 0.16500 -0.02710
v 0.27121 0.17250 0.02915
v 0.17378 0.17250 -0.02710
v 0.27121 0.16500 0.02915
v 0.27259 0.16500 0.03428
v 0.23133 0.17250 0.10572
v 0.27259 0.17250 0.03428
v 0.23133 0.16500 0.10572
vn -0.1576 -0.3213 0.9338
vn -0.1576 -0.3213 0.9338
vn -0.1576 -0.3213 0.9338
vn 0.2160 0.2760 0.9366
vn 0.2160 0.2760 0.9366
vn 0.2160 0.2760 0.9366
vn 0.0400 0.8326 -0.5525
vn 0.0400 0.8326 -0.5525
vn 0.0400 0.8326 -0.5525
vn -0.0179 0.8421 0.5391
vn -0.0179 0.8421 0.5391
vn -0.0179 0.8421 0.5391
vn 0.5877 -0.4362 0.6814
vn 0.5877 -0.4362 0.6814
vn 0.5877 -0.4362 0.6814
vn -0.5760 -0.4520 -0.6811
vn -0.5760 -0.4520 -0.6811
vn -0.5760 -0.4520 -0.6811
vn -0.4995 0.8309 -0.2449
vn -0.4995 0.8309 -0.2449
vn -0.4995 0.8309 -0.2449
vn 0.5256 -0.8045 -0.2768
vn 0.5256 -0.8045 -0.2768
vn 0.5256 -0.8045 -0.2768
vn -0.2933 -0.3802 0.8772
vn -0.2933 -0.3802 0.8772
vn -0.2933 -0.3802 0.8772
vn -0.2933 -0.3802 0.8772
vn 0.0436 -0.0400 0.9982
vn 0.0436 -0.0400 0.9982
vn 0.0436 -0.0400 0.9982
vn 0.0436 -0.0400 0.9982
vn 0.1000 0.5856 0.8044
vn 0.1000 0.5856 0.8044
vn 0.1000 0.5856 0.8044
vn 0.1000 0.5856 0.8044
vn -0.0038 1.0000 0.0042
vn -0.0038 1.0000 0.0042
vn -0.0038 1.0000 0.0042
vn -0.0038 1.0000 0.0042
vn -0.0567 0.9060 -0.4194
vn -0.0567 0.9060 -0.4194
vn -0.0567 0.9060 -0.4194
vn -0.0567 0.9060 -0.4194
vn -0.2908 0.8134 0.5038
vn -0.2908 0.8134 0.5038
vn -0.2908 0.8134 0.5038
vn -0.2908 0.8134 0.5038
vn -0.6752 0.7371 0.0295
vn -0.6752 0.7371 0.0295
vn -0.6752 0.7371 0.0295
vn -0.6752 0.7371 0.0295
vn -0.5942 0.6502 -0.4734
vn -0.5942 0.6502 -0.4734
vn -0.5942 0.6502 -0.4734
vn -0.5942 0.6502 -0.4734
vn 0.0787 -0.9147 -0.3963
vn 0.0787 -0.9147 -0.3963
vn 0.0787 -0.9147 -0.3963
vn 0.0787 -0.9147 -0.3963
vn 0.7373 -0.0028 0.6756
vn 0.7373 -0.0028 0.6756
vn 0.7373 -0.0028 0.6756
vn 0.7373 -0.0028 0.6756
vn 0.1665 -0.5192 0.8383
vn 0.1665 -0.5192 0.8383
vn 0.1665 -0.5192 0.8383
vn 0.1665 -0.5192 0.8383
vn 0.3433 0.3945 0.8524
vn 0.3433 0.3945 0.8524
vn 0.3433 0.3945 0.8524
vn 0.3433 0.3945 0.8524
vn -0.0000 -0.7071 0.7071
vn -0.0000 -0.7071 0.7071
vn -0.0000 -0.7071 0.7071
vn -0.0000 -0.7071 0.7071
vn -0.2566 0.6615 0.7047
vn -0.2566 0.6615 0.7047
vn -0.2566 0.6615 0.7047
vn -0.2566 0.6615 0.7047
vn 0.4202 -0.1061 0.9012
vn 0.4202 -0.1061 0.9012
vn 0.4202 -0.1061 0.9012
vn 0.4202 -0.1061 0.9012
vn -0.0000 0.7071 0.7071
vn -0.0000 0.7071 0.7071
vn -0.0000 0.7071 0.7071
vn -0.0000 0.7071 0.7071
vn -0.2433 0.9633 0.1134
vn -0.2433 0.9633 0.1134
vn -0.2433 0.9633 0.1134
vn -0.2433 0.9633 0.1134
vn 0.8829 -0.3424 0.3214
vn 0.8829 -0.3424 0.3214
vn 0.8829 -0.3424 0.3214
vn 0.8829 -0.3424 0.3214
vn 0.0266 0.7938 -0.6076
vn 0.0266 0.7938 -0.6076
vn 0.0266 0.7938 -0.6076
vn 0.0200 0.8162 0.5775
vn 0.0200 0.8162 0.5775
vn 0.0200 0.8162 0.5775
vn -0.4091 0.8814 -0.2362
vn -0.4091 0.8814 -0.2362
vn -0.4091 0.8814 -0.2362
vn 0.4933 -0.8091 -0.3195
vn 0.4933 -0.8091 -0.3195
vn 0.4933 -0.8091 -0.3195
vn -0.0730 -0.3663 0.9276
vn -0.0730 -0.3663 0.9276
vn -0.0730 -0.3663 0.9276
vn 0.2505 0.2506 0.9351
vn 0.2505 0.2506 0.9351
vn 0.2505 0.2506 0.9351
vn -0.6391 0.4441 -0.6279
vn -0.6391 0.4441 -0.6279
vn -0.6391 0.4441 -0.6279
vn -0.6124 -0.4805 -0.6278
vn -0.6124 -0.4805 -0.6278
vn -0.6124 -0.4805 -0.6278
vn -0.0082 0.8878 -0.4601
vn -0.0082 0.8878 -0.4601
vn -0.0082 0.8878 -0.4601
vn -0.0082 0.8878 -0.4601
vn -0.0346 0.9984 0.0451
vn -0.0346 0.9984 0.0451
vn -0.0346 0.9984 0.0451
vn -0.0346 0.9984 0.0451
vn -0.2371 0.8129 0.5319
vn -0.2371 0.8129 0.5319
vn -0.2371 0.8129 0.5319
vn -0.2371 0.8129 0.5319
vn -0.6034 0.7935 0.0795
vn -0.6034 0.7935 0.0795
vn -0.6034 0.7935 0.0795
vn -0.6034 0.7935 0.0795
vn -0.5771 0.6938 -0.4308
vn -0.5771 0.6938 -0.4308
vn -0.5771 0.6938 -0.4308
vn -0.5771 0.6938 -0.4308
vn 0.2960 -0.8969 -0.3284
vn 0.2960 -0.8969 -0.3284
vn 0.2960 -0.8969 -0.3284
vn 0.2960 -0.8969 -0.3284
vn 0.7930 -0.0275 0.6086
vn 0.7930 -0.0275 0.6086
vn 0.7930 -0.0275 0.6086
vn 0.7930 -0.0275 0.6086
vn 0.2435 -0.5310 0.8116
vn 0.2435 -0.5310 0.8116
vn 0.2435 -0.5310 0.8116
vn 0.2435 -0.5310 0.8116
vn 0.3761 0.4262 0.8227
vn 0.3761 0.4262 0.8227
vn 0.3761 0.4262 0.8227
vn 0.3761 0.4262 0.8227
vn 0.1299 -0.0988 0.9866
vn 0.1299 -0.0988 0.9866
vn 0.1299 -0.0988 0.9866
vn 0.1299 -0.0988 0.9866
vn -0.3235 -0.3254 0.8885
vn -0.3235 -0.3254 0.8885
vn -0.3235 -0.3254 0.8885
vn -0.3235 -0.3254 0.8885
vn 0.1226 0.5235 0.8431
vn 0.1226 0.5235 0.8431
vn 0.1226 0.5235 0.8431
vn 0.1226 0.5235 0.8431
vn -0.0000 -0.7071 0.7071
vn -0.0000 -0.7071 0.7071
vn -0.0000 -0.7071 0.7071
vn -0.0000 -0.7071 0.7071
vn -0.1396 0.9869 0.0806
vn -0.1396 0.9869 0.0806
vn -0.1396 0.9869 0.0806
vn -0.1396 0.9869 0.0806
vn -0.2330 0.4353 0.8696
vn -0.2330 0.4353 0.8696
vn -0.2330 0.4353 0.8696
vn -0.2330 0.4353 0.8696
vn -0.0000 0.7071 0.7071
vn -0.0000 0.7071 0.7071
vn -0.0000 0.7071 0.7071
vn -0.0000 0.7071 0.7071
vn 0.8581 -0.4592 0.2299
vn 0.8581 -0.4592 0.2299
vn 0.8581 -0.4592 0.2299
vn 0.8581 -0.4592 0.2299
vn 0.4987 -0.0706 0.8639
vn 0.4987 -0.0706 0.8639
vn 0.4987 -0.0706 0.8639
vn 0.4987 -0.0706 0.8639
f 2373//2373 2375//2375 2374//2374
f 2376//2376 2378//2378 2377//2377
f 2379//2379 2381//2381 2380//2380
f 2382//2382 2384//2384 2383//2383
f 2385//2385 2387//2387 2386//2386
f 2388//2388 2390//2390 2389//2389
f 2391//2391 2393//2393 2392//2392
f 2394//2394 2396//2396 2395//2395
f 2397//2397 2399//2399 2398//2398
f 2397//2397 2398//2398 2400//2400
f 2401//2401 2403//2403 2402//2402
f 2401//2401 2402//2402 2404//2404
f 2405//2405 2407//2407 2406//2406
f 2405//2405 2406//2406 2408//2408
f 2409//2409 2411//2411 2410//2410
f 2409//2409 2410//2410 2412//2412
f 2413//2413 2415//2415 2414//2414
f 2413//2413 2414//2414 2416//2416
f 2417//2417 2419//2419 2418//2418
f 2417//2417 2418//2418 2420//2420
f 2421//2421 2423//2423 2422//2422
f 2421//2421 2422//2422 2424//2424
f 2425//2425 2427//2427 2426//2426
f 2425//2425 2426//2426 2428//2428
f 2429//2429 2431//2431 2430//2430
f 2429//2429 2430//2430 2432//2432
f 2433//2433 2435//2435 2434//2434
f 2433//2433 2434//2434 2436//2436
f 2437//2437 2439//2439 2438//2438
f 2437//2437 2438//2438 2440//2440
f 2441//2441 2443//2443 2442//2442
f 2441//2441 2442//2442 2444//2444
f 2445//2445 2447//2447 2446//2446
f 2445//2445 2446//2446 2448//2448
f 2449//2449 2451//2451 2450//2450
f 2449//2449 2450//2450 2452//2452
f 2453//2453 2455//2455 2454//2454
f 2453//2453 2454//2454 2456//2456
f 2457//2457 2459//2459 2458//2458
f 2457//2457 2458//2458 2460//2460
f 2461//2461 2463//2463 2462//2462
f 2461//2461 2462//2462 2464//2464
f 2465//2465 2467//2467 2466//2466
f 2465//2465 2466//2466 2468//2468
f 2469//2469 2471//2471 2470//2470
f 2472//2472 2474//2474 2473//2473
f 2475//2475 2477//2477 2476//2476
f 2478//2478 2480//2480 2479//2479
f 2481//2481 2483//2483 2482//2482
f 2484//2484 2486//2486 2485//2485
f 2487//2487 2489//2489 2488//2488
f 2490//2490 2492//2492 2491//2491
f 2493//2493 2495//2495 2494//2494
f 2493//2493 2494//2494 2496//2496
f 2497//2497 2499//2499 2498//2498
f 2497//2497 2498//2498 2500//2500
f 2501//2501 2503//2503 2502//2502
f 2501//2501 2502//2502 2504//2504
f 2505//2505 2507//2507 2506//2506
f 2505//2505 2506//2506 2508//2508
f 2509//2509 2511//2511 2510//2510
f 2509//2509 2510//2510 2512//2512
f 2513//2513 2515//2515 2514//2514
f 2513//2513 2514//2514 2516//2516
f 2517//2517 2519//2519 2518//2518
f 2517//2517 2518//2518 2520//2520
f 2521//2521 2523//2523 2522//2522
f 2521//2521 2522//2522 2524//2524
f 2525//2525 2527//2527 2526//2526
f 2525//2525 2526//2526 2528//2528
f 2529//2529 2531//2531 2530//2530
f 2529//2529 2530//2530 2532//2532
f 2533//2533 2535//2535 2534//2534
f 2533//2533 2534//2534 2536//2536
f 2537//2537 2539//2539 2538//2538
f 2537//2537 2538//2538 2540//2540
f 2541//2541 2543//2543 2542//2542
f 2541//2541 2542//2542 2544//2544
f 2545//2545 2547//2547 2546//2546
f 2545//2545 2546//2546 2548//2548
f 2549//2549 2551//2551 2550//2550
f 2549//2549 2550//2550 2552//2552
f 2553//2553 2555//2555 2554//2554
f 2553//2553 2554//2554 2556//2556
f 2557//2557 2559//2559 2558//2558
f 2557//2557 2558//2558 2560//2560
f 2561//2561 2563//2563 2562//2562
f 2561//2561 2562//2562 2564//2564
